date,open,high,low,close,volume
2005-01-03,22.8316,23.0475,22.4431,22.4431,3211000
2005-01-04,22.5973,22.6343,21.2774,21.8325,5831700
2005-01-05,21.6537,22.1471,21.5118,21.9312,6026900
2005-01-06,21.9312,22.1409,21.7523,21.8942,4049400
2005-01-07,21.8942,22.3321,21.7277,21.925,3925700
2005-01-10,21.6845,22.1594,21.629,21.8387,2809900
2005-01-11,21.6475,21.8078,21.444,21.6352,3394500
2005-01-12,21.8017,22.0484,21.4748,21.9312,3263600
2005-01-13,21.9312,22.0052,21.555,21.6475,3907900
2005-01-14,21.7092,22.2026,21.7092,21.9805,2530200
2005-01-18,21.8942,22.4739,21.7647,22.2457,3791200
2005-01-19,22.2519,22.4431,21.6413,21.6722,3614600
2005-01-20,21.555,21.9065,21.296,21.37,4633600
2005-01-21,21.3761,21.6722,21.2343,21.2589,3580200
2005-01-24,21.5118,21.5118,20.9382,20.9999,3899300
2005-01-25,21.0924,21.3761,21.0061,21.1541,2803200
2005-01-26,21.37,21.5797,21.1788,21.5118,3364400
2005-01-27,21.5118,21.6537,21.2589,21.481,2652100
2005-01-28,21.4625,21.7955,21.2343,21.4255,2777900
2005-01-31,21.6475,22.1532,21.6475,22.1347,3617300
2005-02-01,22.1347,22.6466,22.1101,22.1964,3079500
2005-02-02,22.11,22.3691,21.9867,22.2087,2316300
2005-02-03,22.2087,22.2087,21.555,21.7338,2919800
2005-02-04,21.9559,23.1893,21.925,23.14,5226100
2005-02-07,23.0351,23.473,22.9056,23.14,3296900
2005-02-08,23.0968,23.9048,23.0598,23.4484,3350400
2005-02-09,23.4052,23.4052,22.7946,22.9303,3771500
2005-02-10,23.5471,23.6704,22.4678,22.7145,7508600
2005-02-11,22.6343,23.9726,22.5911,23.4669,9298400
2005-02-14,23.4422,23.4977,23.0352,23.1893,3323300
2005-02-15,23.1955,23.4915,22.8316,23.0166,3464100
2005-02-16,22.9426,23.1523,22.6404,22.8995,2475400
2005-02-17,22.8316,23.066,22.5726,22.6343,3180300
2005-02-18,22.6343,22.6651,22.3506,22.3876,2131500
2005-02-22,22.1779,23.1277,22.1656,22.5109,4146100
2005-02-23,22.721,22.9186,22.27,22.6036,3333200
2005-02-24,22.5295,23.0731,22.4368,23.0545,3340200
2005-02-25,22.9495,23.4561,22.8013,23.1657,3363400
2005-02-28,23.2028,23.5117,22.5912,22.6839,3373900
2005-03-01,22.9619,23.5179,22.9619,23.4746,3731300
2005-03-02,23.1657,23.6599,23.0237,23.2955,4101600
2005-03-03,23.3449,23.4128,22.6468,22.8136,3313400
2005-03-04,23.104,23.2893,22.6098,22.931,2799400
2005-03-07,22.931,23.1843,22.7951,22.8878,3700200
2005-03-08,22.7642,23.1225,22.7024,22.826,2862200
2005-03-09,22.9804,23.2893,22.7704,22.8074,3548800
2005-03-10,22.8383,23.4746,22.6221,23.382,4794000
2005-03-11,23.6599,23.6599,22.8569,22.9372,5608000
2005-03-14,22.9372,23.1719,22.8445,22.9866,2840500
2005-03-15,23.1472,23.1472,22.5542,22.5912,3241600
2005-03-16,22.5171,22.7704,22.1156,22.1897,3334100
2005-03-17,22.2021,22.4677,22.0661,22.2515,2211300
2005-03-18,22.2576,22.3256,21.9549,22.1341,2694300
2005-03-21,22.0662,22.2329,21.7758,22.06,3221000
2005-03-22,22.2638,22.6715,22.1341,22.1341,3548900
2005-03-23,22.0353,22.7457,22.0353,22.3812,2670600
2005-03-24,22.3812,22.5109,22.1156,22.1156,2507400
2005-03-28,22.165,22.4553,22.0291,22.0291,1731800
2005-03-29,21.887,22.2144,21.6646,21.6955,3268900
2005-03-30,21.7634,22.443,21.7634,22.443,3461800
2005-03-31,22.443,22.4924,22.2082,22.3256,2422900
2005-04-01,22.4862,22.548,21.9611,22.06,2696500
2005-04-04,22.1712,22.2021,21.7449,21.992,2406300
2005-04-05,21.992,22.27,21.7573,21.8129,2749000
2005-04-06,21.9673,22.1156,21.8129,21.8746,2844200
2005-04-07,21.8746,22.3009,21.8252,22.2947,2378800
2005-04-08,22.27,22.3874,22.0291,22.0353,1735900
2005-04-11,22.0847,22.1773,21.7943,21.8314,1138800
2005-04-12,21.8314,21.8376,21.0592,21.5781,3859100
2005-04-13,21.4978,21.504,20.9418,21.0654,2250100
2005-04-14,21.121,21.4608,20.633,20.7874,2840200
2005-04-15,20.6021,20.6082,20.1696,20.287,4469300
2005-04-18,20.4476,20.8121,20.3611,20.6082,2893500
2005-04-19,20.9171,21.1333,20.8492,20.9109,3637000
2005-04-20,21.016,21.158,20.5465,20.6453,4812100
2005-04-21,20.9109,21.2692,20.7318,21.2198,2769800
2005-04-22,21.0963,21.121,20.6453,20.8801,1997500
2005-04-25,20.9295,21.0839,20.7874,20.8183,2209300
2005-04-26,20.7936,21.3866,20.6947,20.7071,2597500
2005-04-27,20.5403,20.8924,20.3303,20.6082,2368600
2005-04-28,20.6515,21.0963,20.6515,20.7071,3089600
2005-04-29,20.9233,21.1766,20.5403,21.0716,2465400
2005-05-02,21.0716,21.2384,20.8306,20.9109,1902800
2005-05-03,20.9109,21.158,20.7256,20.7997,2458800
2005-05-04,20.9974,21.4113,20.9109,21.3496,2862000
2005-05-05,21.2569,21.7202,21.2569,21.3866,1934000
2005-05-06,21.5287,21.5596,21.3001,21.3866,1869800
2005-05-09,21.3125,21.5287,21.1889,21.3434,2243000
2005-05-10,21.2569,21.3619,21.0036,21.0839,1872300
2005-05-11,21.2692,21.3063,20.6947,21.0407,2405600
2005-05-12,21.1519,21.4731,21.016,21.1951,4304000
2005-05-13,21.5472,22.3627,21.3434,21.9241,6184600
2005-05-16,22.0291,22.5171,21.8561,22.4986,4115000
2005-05-17,22.443,22.7519,22.3688,22.6715,2487200
2005-05-18,22.6901,22.8816,22.3936,22.7704,2554600
2005-05-19,22.8569,23.0113,22.6777,22.7889,2239800
2005-05-20,22.8383,22.9804,22.548,22.9063,1534000
2005-05-23,22.9125,22.9681,22.5109,22.5665,2307700
2005-05-24,22.4924,22.7951,22.3441,22.7642,2341300
2005-05-25,22.82,22.82,22.312,22.4793,1718700
2005-05-26,22.6899,22.9934,22.6093,22.9129,1772500
2005-05-27,22.8571,22.8571,22.4855,22.727,1576000
2005-05-31,22.8076,23.043,22.6217,22.9686,2420500
2005-06-01,22.9686,23.3093,22.7952,22.9438,2239000
2005-06-02,22.9624,23.4951,22.8881,23.4827,2392900
2005-06-03,23.4022,23.8172,23.2969,23.4642,3243600
2005-06-06,23.5447,23.5447,23.204,23.4084,2739500
2005-06-07,23.5323,23.8296,23.1854,23.2102,2139200
2005-06-08,23.6314,23.6624,23.2969,23.3775,2722400
2005-06-09,23.3774,23.9721,23.0925,23.9287,2672700
2005-06-10,24.0031,24.0093,23.5385,23.5881,3327700
2005-06-13,23.5385,23.7119,23.3465,23.5075,3182900
2005-06-14,23.5075,23.6314,23.204,23.2597,2019000
2005-06-15,23.3712,23.5385,23.1792,23.4518,3345000
2005-06-16,23.5013,24.0464,23.4146,23.8234,3243100
2005-06-17,24.0464,24.0464,23.5571,23.6934,2274900
2005-06-20,23.5385,23.6933,23.4146,23.4827,1557300
2005-06-21,23.4332,23.7243,23.396,23.458,2666300
2005-06-22,23.6314,23.7987,23.4889,23.6376,1427500
2005-06-23,23.6686,24.6287,23.6376,23.9349,3530200
2005-06-24,23.8482,23.8854,23.5075,23.5137,3055000
2005-06-27,23.5137,23.5385,23.0925,23.0925,2668900
2005-06-28,23.2412,23.4084,23.1421,23.3403,2061900
2005-06-29,23.3589,23.3589,23.0429,23.173,1956700
2005-06-30,23.1978,23.4022,23.0182,23.1111,2319500
2005-07-01,23.1978,23.3465,22.9748,23.1235,1149200
2005-07-05,23.0182,23.4518,22.981,23.2721,2489700
2005-07-06,23.3217,23.9659,23.2783,23.8234,3447500
2005-07-07,23.8668,24.3438,23.7243,24.3314,3986500
2005-07-08,24.2942,24.4677,24.1579,24.4615,4019700
2005-07-11,24.6473,25.019,24.5977,25.0066,3068300
2005-07-12,24.8827,25.2915,24.8827,25.149,3320800
2005-07-13,25.0561,25.18,24.9508,25.0871,3273500
2005-07-14,25.2419,25.6446,24.9322,25.3348,3451300
2005-07-15,25.2729,25.3225,24.9013,25.0561,3208200
2005-07-18,24.9198,24.9446,24.6844,24.926,2097800
2005-07-19,25.1181,25.3844,24.8703,25.3658,1356200
2005-07-20,25.211,25.6322,24.9384,25.595,2695800
2005-07-21,25.595,25.595,25.18,25.3101,3052900
2005-07-22,25.3225,25.595,24.988,25.2172,2358500
2005-07-25,25.2296,25.4464,25.0004,25.0933,1466900
2005-07-26,25.2853,25.2853,24.9756,25.149,2385800
2005-07-27,25.0004,25.1119,24.1022,24.7588,3987400
2005-07-28,24.765,24.8889,24.4677,24.7278,2031600
2005-07-29,24.6287,24.6535,24.1765,24.2818,3310100
2005-08-01,24.3128,24.4553,24.0526,24.1951,2492300
2005-08-02,24.6535,25.5269,24.511,25.2234,5260400
2005-08-03,24.3128,24.6968,23.8482,23.8978,7304800
2005-08-04,23.6314,23.7739,23.3093,23.3155,3454100
2005-08-05,23.2907,23.3836,22.9438,23.012,3365900
2005-08-08,23.1049,23.3403,22.95,23.1606,2958300
2005-08-09,23.2226,23.4642,23.1173,23.2288,2525500
2005-08-10,23.3279,23.5323,22.9191,22.9872,2697300
2005-08-11,23.5695,23.8049,23.2783,23.7987,3232300
2005-08-12,23.5695,23.5881,22.7456,23.0739,3921100
2005-08-15,23.0306,23.4394,22.9191,23.2721,2457700
2005-08-16,23.2288,23.2288,22.82,22.9315,1843600
2005-08-17,22.9748,23.0987,22.8138,22.9438,1919200
2005-08-18,22.8881,22.9067,22.597,22.6093,2300900
2005-08-19,22.6899,22.7828,22.4421,22.4483,2150700
2005-08-22,22.504,22.82,22.4235,22.7766,2217000
2005-08-23,22.7642,22.9624,22.4979,22.6589,1585200
2005-08-24,22.6154,23.0316,22.3918,22.4663,2604100
2005-08-25,22.5471,22.7521,22.3608,22.4601,1922400
2005-08-26,22.5098,22.5098,22.0626,22.075,2902600
2005-08-29,21.8949,22.5347,21.8639,22.4539,2290600
2005-08-30,22.3297,22.3545,21.8701,22.1247,3176000
2005-08-31,22.1434,22.6527,22.0253,22.6403,3329400
2005-09-01,22.6403,22.7956,22.1744,22.485,3715100
2005-09-02,22.5533,22.7583,22.3359,22.7148,2573400
2005-09-06,22.7521,23.1434,22.721,23.1123,2199900
2005-09-07,22.5471,23.1434,22.5471,22.9074,1831900
2005-09-08,23.0626,23.5782,22.9074,23.2614,3089900
2005-09-09,23.5409,23.926,23.3049,23.8266,4310500
2005-09-12,23.7645,23.9943,23.7272,23.7956,1703700
2005-09-13,23.6403,23.9943,23.6403,23.8204,3660600
2005-09-14,23.7894,23.9074,23.6217,23.6962,2120800
2005-09-15,23.6962,23.7769,23.3484,23.572,3329500
2005-09-16,23.6651,23.7521,23.4291,23.5098,3065700
2005-09-19,23.4167,23.5409,22.8515,23.0254,4234400
2005-09-20,23.1434,23.3732,22.7521,22.8142,2902100
2005-09-21,22.6589,22.7396,22.2862,22.4663,2231900
2005-09-22,22.3608,22.6651,22.1806,22.4539,2127800
2005-09-23,22.3856,22.4601,22.1434,22.4539,2829900
2005-09-26,22.6465,22.7148,22.1993,22.4167,2920400
2005-09-27,22.3918,22.4291,21.926,22.1744,3144700
2005-09-28,22.2552,22.5844,22.0316,22.3049,2230100
2005-09-29,22.2427,22.721,22.0564,22.6341,3276500
2005-09-30,22.6589,23.3235,22.6589,23.0688,3248600
2005-10-03,23.1806,23.5409,23.1558,23.2055,2235900
2005-10-04,23.2428,23.3732,22.7956,22.839,2481200
2005-10-05,22.7645,22.8825,22.0191,22.0564,3974600
2005-10-06,22.075,22.075,21.0936,21.3856,6479100
2005-10-07,21.5781,21.7893,21.28,21.4104,3066800
2005-10-10,21.4104,21.4166,20.4974,20.5098,5027900
2005-10-11,20.6092,20.6527,20.0067,20.1744,6346900
2005-10-12,20.0626,20.5036,19.6961,20.4725,6857200
2005-10-13,20.4042,20.5967,20.0688,20.5036,4658800
2005-10-14,20.7023,20.87,20.4974,20.7334,4721200
2005-10-17,20.721,20.7769,20.4104,20.4974,2800200
2005-10-18,20.311,20.6092,20.2613,20.5036,2353800
2005-10-19,20.4974,20.7147,20.0936,20.6154,3569400
2005-10-20,22.1123,22.2986,21.7893,21.9135,8541600
2005-10-21,22.1744,22.249,21.8949,21.9073,4391900
2005-10-24,22.0316,22.1123,21.4912,21.7086,3603200
2005-10-25,21.7086,21.957,21.4725,21.485,2692400
2005-10-26,21.9943,21.9943,21.2551,21.4477,2670400
2005-10-27,21.4663,21.4912,20.9384,21.0005,2382600
2005-10-28,20.9321,21.5471,20.8079,21.4974,3949800
2005-10-31,21.5471,21.9135,21.5471,21.603,3255500
2005-11-01,21.603,21.603,21.2303,21.4291,3134000
2005-11-02,21.5222,22.0937,21.4974,22.0067,3330400
2005-11-03,22.0502,22.6216,22.0316,22.4415,4506800
2005-11-04,22.4539,22.6589,22.0626,22.485,2061400
2005-11-07,22.6775,22.9446,22.516,22.7521,2807800
2005-11-08,22.5781,22.7521,22.3608,22.4229,2124200
2005-11-09,22.4229,22.7397,22.1931,22.516,2295400
2005-11-10,22.5471,22.9943,22.2427,22.9757,2519300
2005-11-11,23.0751,23.3546,23.0254,23.2303,3407700
2005-11-14,23.2055,23.4726,23.044,23.4291,2059300
2005-11-15,23.4043,23.4602,22.9508,23.0378,2349100
2005-11-16,22.9819,22.9819,22.398,22.6154,3326600
2005-11-17,22.6341,22.9819,22.4291,22.957,2522500
2005-11-18,23.2365,23.4974,22.8949,23.1496,2682200
2005-11-21,23.2925,23.6217,23.013,23.4105,2503100
2005-11-22,23.2485,23.8838,23.2299,23.6658,2937100
2005-11-23,23.6658,23.9772,23.4977,23.5039,2139800
2005-11-25,23.5911,23.8962,23.5413,23.6783,811000
2005-11-28,23.6284,23.6596,23.1551,23.1614,3107800
2005-11-29,23.3295,23.4105,23.124,23.205,2853100
2005-11-30,23.2112,23.7592,23.1987,23.616,3083000
2005-12-01,23.8153,24.5502,23.753,24.4443,4150900
2005-12-02,24.3197,25.0048,24.2575,24.7495,8030000
2005-12-05,24.7183,24.7993,24.2575,24.3882,4127400
2005-12-06,24.681,25.1605,24.5564,24.5626,2972800
2005-12-07,24.5066,24.7931,24.3135,24.382,2709400
2005-12-08,24.5066,24.5253,23.6035,23.8651,4353000
2005-12-09,23.9274,24.1765,23.6409,23.9398,3100800
2005-12-12,23.9461,24.1391,23.8215,23.9336,1652900
2005-12-13,23.8838,24.4132,23.7655,24.1578,1882200
2005-12-14,24.0893,24.4007,23.7032,23.8277,2848700
2005-12-15,23.8526,23.9647,23.5911,23.6409,2078700
2005-12-16,23.7281,23.7281,23.4167,23.479,2465400
2005-12-19,23.4603,23.535,22.8998,22.906,2265400
2005-12-20,22.9745,23.2236,22.6818,22.7316,3288100
2005-12-21,22.8002,23.043,22.6258,22.7939,2674400
2005-12-22,22.8375,22.987,22.7441,22.9309,2077600
2005-12-23,22.8873,23.1863,22.8873,23.0493,1489700
2005-12-27,23.1053,23.2236,22.5822,22.5946,1576100
2005-12-28,22.5822,22.8562,22.5697,22.7379,1146500
2005-12-29,22.6694,22.8064,22.4825,22.5573,1304500
2005-12-30,22.4016,22.4576,22.1774,22.3393,1683300
2006-01-03,22.5012,22.906,22.0092,22.8562,3575900
2006-01-04,22.7628,23.1178,22.7628,23.0679,3351800
2006-01-05,23.1427,23.9523,23.1427,23.8028,4014300
2006-01-06,24.0519,24.2637,23.616,23.8962,3247000
2006-01-09,23.9087,24.3073,23.8589,24.2325,3102200
2006-01-10,24.164,24.2824,23.971,24.2325,2252200
2006-01-11,24.3446,24.5315,24.1142,24.3509,2309300
2006-01-12,24.3882,24.4568,24.0955,24.1454,3137600
2006-01-13,24.1454,24.3882,23.9959,24.3011,2006900
2006-01-17,24.2886,24.2948,23.3918,23.5537,3658400
2006-01-18,23.3482,23.5662,23.0368,23.4478,4967100
2006-01-19,23.6969,24.2512,23.6658,24.1142,4092000
2006-01-20,24.1142,24.1142,23.342,23.5226,4207800
2006-01-23,23.5786,23.7406,23.261,23.5849,3198600
2006-01-24,23.7343,24.3197,23.6783,24.0332,4849100
2006-01-25,24.2512,24.3197,23.753,24.245,3458400
2006-01-26,24.3384,24.7806,24.0582,24.7619,3617700
2006-01-27,24.8491,25.0546,24.5689,24.7059,3545500
2006-01-30,24.7059,25.0359,24.6623,24.9114,4436900
2006-01-31,25.0609,25.0795,24.7121,24.7681,3482800
2006-02-01,24.6623,25.1667,24.5689,25.1169,3585000
2006-02-02,25.1543,25.366,24.6872,24.9114,2647900
2006-02-03,24.9176,25.0858,24.6996,24.7681,3527900
2006-02-06,24.6934,25.3473,24.6311,25.0235,3080100
2006-02-07,25.011,25.1854,24.8055,25.148,2405700
2006-02-08,25.1481,25.5342,24.9861,25.4719,3385600
2006-02-09,25.5342,25.8331,25.1854,25.4781,5570500
2006-02-10,24.9114,24.9114,24.2263,24.4505,8114700
2006-02-13,24.3571,24.5502,24.1827,24.5066,2595100
2006-02-14,24.5128,24.818,24.1703,24.7993,2611200
2006-02-15,24.7183,24.7619,24.1018,24.1827,4290300
2006-02-16,24.3696,24.6623,24.108,24.6498,2497200
2006-02-17,24.5813,24.6311,24.1516,24.1578,2350900
2006-02-21,24.1578,24.2886,23.4167,23.5911,3446300
2006-02-22,23.6098,24.0284,23.4162,23.791,3270400
2006-02-23,23.816,24.2908,23.6098,23.8722,2754300
2006-02-24,23.8097,24.2408,23.691,23.9659,2148400
2006-02-27,23.9472,24.1784,23.8347,24.0347,2441700
2006-02-28,24.0034,24.1909,23.5599,23.8285,3430400
2006-03-01,23.9847,24.6219,23.9534,24.4907,3353400
2006-03-02,24.422,24.6969,24.0284,24.3096,3661400
2006-03-03,24.2658,24.3345,23.9909,24.0659,3060800
2006-03-06,24.1909,24.3345,23.9597,24.1846,2872200
2006-03-07,23.7785,24.0284,23.3599,23.5911,2937300
2006-03-08,23.4911,23.891,23.4286,23.6661,3073500
2006-03-09,23.666,23.9222,23.1912,23.2287,3207600
2006-03-10,23.1163,23.2849,22.8726,23.0225,3894000
2006-03-13,23.185,23.3599,23.0413,23.0788,2284400
2006-03-14,23.0225,23.6161,23.01,23.4974,3419200
2006-03-15,23.6161,23.9784,23.5348,23.7348,3117400
2006-03-16,23.7535,23.7598,23.2599,23.2599,3665700
2006-03-17,23.2974,23.3974,22.8788,23.2599,3149600
2006-03-20,23.3537,23.5911,23.3162,23.4349,2409000
2006-03-21,23.4661,23.916,23.16,23.1787,3009800
2006-03-22,23.1787,23.5536,22.9976,23.5286,2880000
2006-03-23,23.4599,23.8535,23.4224,23.6348,2678800
2006-03-24,23.5911,23.8972,23.4099,23.791,2693500
2006-03-27,23.6348,23.8972,23.5848,23.5973,2441800
2006-03-28,23.4849,23.7098,23.1038,23.1538,2381800
2006-03-29,23.2724,23.766,23.1412,23.5473,3004200
2006-03-30,23.7098,24.2721,23.6785,23.9285,3805000
2006-03-31,24.0472,24.2408,23.7285,23.9222,2370700
2006-04-03,24.1409,24.2721,23.8535,23.9659,2078200
2006-04-04,23.9035,24.1096,23.6973,23.866,2468800
2006-04-05,23.8347,24.4345,23.8285,24.3096,2290600
2006-04-06,24.2283,24.6719,24.2158,24.5095,2047700
2006-04-07,24.5782,24.7531,23.8972,24.0347,2155100
2006-04-10,24.0347,24.0409,23.6161,23.7973,1579100
2006-04-11,23.8972,24.1159,23.4661,23.5723,2094700
2006-04-12,23.5723,23.7598,23.4286,23.7223,2021300
2006-04-13,23.6786,23.9972,23.6223,23.8285,1103300
2006-04-17,23.7848,24.0534,23.2787,23.4349,2031500
2006-04-18,23.5536,24.3658,23.5161,24.2034,3051100
2006-04-19,24.2096,24.572,24.0097,24.3658,2841500
2006-04-20,24.2721,24.8719,24.0534,24.4158,2083800
2006-04-21,24.5532,24.5532,23.8223,24.0222,3026600
2006-04-24,23.9659,24.0347,23.6098,23.9847,2525200
2006-04-25,23.9472,24.0784,23.5723,23.6785,3022900
2006-04-26,23.7598,23.9222,23.4099,23.5536,2529700
2006-04-27,23.4911,23.8222,23.2162,23.6286,3426600
2006-04-28,23.4911,23.9534,23.4911,23.691,2433900
2006-05-01,23.6973,23.716,23.085,23.2037,2602400
2006-05-02,23.235,23.4849,22.6789,22.8726,4539100
2006-05-03,22.8726,22.9538,22.5977,22.8664,3425000
2006-05-04,22.8976,23.2162,22.8601,22.9976,2785900
2006-05-05,22.4977,22.9788,21.9729,22.379,7428400
2006-05-08,22.2603,22.604,22.2291,22.5415,3852100
2006-05-09,22.4228,22.4415,22.1479,22.2853,3085600
2006-05-10,22.1854,22.2228,21.698,22.0417,4474400
2006-05-11,22.0479,22.1979,21.4669,21.6668,5616000
2006-05-12,22.1854,22.7414,21.9792,22.5102,8899900
2006-05-15,22.479,22.8976,22.2104,22.6414,4136000
2006-05-16,22.5852,22.6602,21.9792,22.2166,3522800
2006-05-17,22.2166,22.604,22.0792,22.3665,4293100
2006-05-18,22.429,22.5227,21.8043,21.8105,3339000
2006-05-19,21.7355,22.1666,21.6793,22.0729,3898900
2006-05-22,22.0729,22.0729,21.3107,21.6731,3516100
2006-05-23,21.7668,22.0354,20.9733,21.0171,4200800
2006-05-24,20.9857,21.2179,20.5588,20.9606,6732500
2006-05-25,21.1866,21.2807,20.879,21.0484,4327900
2006-05-26,21.1866,21.4314,21.0798,21.2179,3094500
2006-05-30,21.2179,21.3246,20.9668,21.1049,2963900
2006-05-31,21.1175,21.2368,20.9417,21.174,2991500
2006-06-01,21.174,21.5004,21.0987,21.4376,2838700
2006-06-02,21.6071,21.6887,21.3121,21.6197,4249500
2006-06-05,21.4628,21.5004,20.5965,20.6279,3541700
2006-06-06,20.653,20.8036,20.3391,20.5023,4238900
2006-06-07,20.5902,20.8224,20.2198,20.2386,3259100
2006-06-08,20.2386,20.5902,19.8557,20.3328,3712500
2006-06-09,20.7157,20.9794,20.2324,20.3705,3338500
2006-06-12,20.3579,20.5839,20.0817,20.088,2334300
2006-06-13,20.0566,20.5149,20.0503,20.1382,3143800
2006-06-14,20.2449,20.5274,20.1445,20.3391,3701100
2006-06-15,20.4646,20.9982,20.4019,20.9543,2486600
2006-06-16,20.8036,20.9982,20.5462,20.7095,2696100
2006-06-19,20.7848,20.8476,20.2638,20.3705,1950900
2006-06-20,20.3328,20.4332,20.1068,20.2889,2096400
2006-06-21,20.2763,20.835,20.2763,20.7283,1867300
2006-06-22,20.6027,20.6467,20.0503,20.1508,2893000
2006-06-23,20.1131,20.1759,19.7741,19.8683,2071200
2006-06-26,19.8369,20.0817,19.7364,19.7616,2312600
2006-06-27,19.8055,19.8369,19.4916,19.6234,2116200
2006-06-28,19.636,19.7929,19.3912,19.7867,2156000
2006-06-29,19.9059,20.3516,19.7176,20.314,2782800
2006-06-30,20.3202,20.4207,19.9875,20.1759,1868400
2006-07-03,20.1759,20.4584,20.157,20.4019,801000
2006-07-05,20.2575,20.2575,19.8683,19.9813,2183500
2006-07-06,19.7741,19.9875,19.5293,19.6674,2435200
2006-07-07,19.6674,19.6674,19.0836,19.3912,8758100
2006-07-10,19.4414,19.6486,19.1024,19.2091,2968700
2006-07-11,19.0836,19.931,19.0208,19.8871,8022600
2006-07-12,19.7741,19.9373,19.3723,19.5544,4161900
2006-07-13,19.5293,20.1005,19.3472,19.5732,5050500
2006-07-14,19.5607,19.9373,19.4728,19.6862,2732300
2006-07-17,19.6297,19.9562,19.6297,19.7992,2381300
2006-07-18,19.7992,19.931,19.3284,19.7804,3585900
2006-07-19,19.7992,20.2135,19.6988,20.0754,3636400
2006-07-20,20.0315,20.2951,19.4728,19.4979,3767500
2006-07-21,19.5042,19.5042,18.7634,18.9392,4508200
2006-07-24,18.9831,19.4853,18.9706,19.3975,2375100
2006-07-25,19.4602,19.6799,19.0271,19.4916,3913000
2006-07-26,19.4288,19.7176,18.9266,19.4351,3630600
2006-07-27,19.523,20.0001,19.523,19.5921,2585800
2006-07-28,19.7051,20.3516,19.6988,20.2449,3443600
2006-07-31,20.2763,20.4584,20.0943,20.2951,2065400
2006-08-01,20.2073,20.2073,19.6234,19.8432,2108500
2006-08-02,19.8997,20.0503,19.68,19.7992,2481600
2006-08-03,19.5858,20.4019,19.4916,20.2889,2440100
2006-08-04,20.5086,20.7911,20.2324,20.3014,4535200
2006-08-07,20.3077,20.4081,20.0943,20.2386,2113200
2006-08-08,20.3077,20.5462,20.1256,20.2512,2403300
2006-08-09,20.5023,20.8664,20.201,20.2449,3188300
2006-08-10,20.2449,20.4332,20.0189,20.0252,5586900
2006-08-11,18.0164,18.1671,16.3654,16.7797,27748000
2006-08-14,16.9241,17.4514,16.8865,17.3196,9650300
2006-08-15,17.5707,17.7653,17.3887,17.4765,6039800
2006-08-16,17.5707,17.69,17.2757,17.5456,7359300
2006-08-17,17.3761,17.759,17.3447,17.6398,6206500
2006-08-18,17.646,17.7716,17.2945,17.7214,3416700
2006-08-21,17.5644,17.577,17.1627,17.2129,3575700
2006-08-22,17.2192,17.5519,17.2066,17.3447,3686600
2006-08-23,17.3321,17.8751,17.3321,17.812,4694300
2006-08-24,17.8309,18.3423,17.812,18.2855,5390000
2006-08-25,18.1087,18.3676,18.0266,18.0772,4032300
2006-08-28,18.1908,19.0306,18.134,18.9485,9443700
2006-08-29,18.9548,19.2579,18.778,19.2389,5389200
2006-08-30,19.2389,19.4157,18.9548,19.3021,3933300
2006-08-31,19.4031,19.4157,19.1316,19.3463,2677300
2006-09-01,19.4157,19.4473,18.999,19.1127,2481000
2006-09-05,19.0306,19.2642,18.7843,19.2074,3517200
2006-09-06,19.0685,19.0811,18.8159,19.0432,2760900
2006-09-07,18.8854,18.9738,18.4876,18.5002,6067200
2006-09-08,18.5633,18.8411,18.437,18.7086,3535900
2006-09-11,18.7086,19.4284,18.6202,19.2389,4962900
2006-09-12,19.2389,19.8767,19.2389,19.6936,3645200
2006-09-13,19.6367,19.9019,19.3715,19.662,3437800
2006-09-14,19.5862,19.8703,19.4094,19.6999,3417900
2006-09-15,19.9903,20.2429,19.6809,19.7314,3846900
2006-09-18,19.7378,19.9461,19.5231,19.7062,2693100
2006-09-19,19.6683,19.6683,19.0811,19.3273,5593400
2006-09-20,19.3778,19.6051,19.2579,19.5294,3721100
2006-09-21,19.5104,19.6052,18.9611,19.0179,4049600
2006-09-22,18.9737,19.0685,18.6391,18.7654,3440700
2006-09-25,18.9422,19.1569,18.5002,19.0432,7049100
2006-09-26,18.9422,19.0053,18.6833,18.9548,3246300
2006-09-27,18.9422,19.1947,18.6454,18.7338,4959600
2006-09-28,18.7338,18.8222,18.5696,18.7528,4008700
2006-09-29,18.6833,18.7906,18.5254,18.557,2853100
2006-10-02,18.6202,18.7086,18.336,18.5128,3253800
2006-10-03,18.3234,18.5823,18.1971,18.3992,3615400
2006-10-04,18.4055,18.7149,18.3739,18.7086,4085200
2006-10-05,18.6265,18.7906,18.5318,18.6391,2446300
2006-10-06,18.4939,19.0937,18.4623,18.9864,3292700
2006-10-09,18.9422,19.4094,18.898,19.2452,3446800
2006-10-10,19.2516,19.34,18.8538,18.9737,3892300
2006-10-11,18.8159,18.9674,18.6454,18.8412,6487100
2006-10-12,19.0243,19.1947,18.8854,19.1127,4489400
2006-10-13,18.9927,19.4347,18.9801,19.2958,4269500
2006-10-16,19.4031,19.7188,19.3463,19.6304,2985100
2006-10-17,19.5673,19.5673,19.1505,19.441,3181700
2006-10-18,19.4284,19.4284,18.3929,18.7401,6751100
2006-10-19,18.6391,19.0179,18.5507,18.7086,3283600
2006-10-20,18.8033,18.8664,18.5507,18.7906,3837800
2006-10-23,18.6833,19.1569,18.6644,18.9485,3906800
2006-10-24,18.9485,19.1758,18.5886,18.7275,5907600
2006-10-25,18.5697,20.0219,18.5697,19.9146,8306800
2006-10-26,19.9966,19.9966,19.5231,19.9019,4446600
2006-10-27,19.9019,19.9019,19.5736,19.6557,4570800
2006-10-30,19.6809,19.9398,19.6052,19.8956,3181500
2006-10-31,19.9966,20.1545,19.7819,20.0913,2987600
2006-11-01,20.1355,20.1924,19.9587,19.9966,3776800
2006-11-02,19.9082,20.1987,19.8514,19.9461,2932200
2006-11-03,20.6217,20.6217,19.5736,19.7125,4074300
2006-11-06,19.8703,20.205,19.5736,20.0976,2863100
2006-11-07,20.2618,20.7164,20.1924,20.4765,3830200
2006-11-08,20.426,20.5396,20.0787,20.426,2884200
2006-11-09,20.5333,20.5459,20.0661,20.0724,3623400
2006-11-10,20.0534,20.306,19.9966,20.2808,2006700
2006-11-13,20.2871,20.5459,20.0976,20.3313,3928200
2006-11-14,20.4828,20.8616,20.2176,20.8553,5779400
2006-11-15,21.5309,21.6572,21.0384,21.19,9153100
2006-11-16,21.19,21.4678,21.0195,21.3478,3744100
2006-11-17,21.2216,21.4678,21.0384,21.2594,2125200
2006-11-20,21.2152,21.4047,21.0384,21.2847,3311600
2006-11-21,21.291,21.3799,20.8914,20.9929,3100700
2006-11-22,21.0119,21.4116,21.0119,21.3354,4172800
2006-11-24,21.1959,21.3672,21.1261,21.3101,1482400
2006-11-27,21.0817,21.3291,20.6439,20.7708,5991200
2006-11-28,20.7708,20.7708,20.2316,20.6059,4949200
2006-11-29,20.7581,20.8216,20.2823,20.4599,3518600
2006-11-30,20.4599,20.8279,20.4155,20.6312,3088600
2006-12-01,20.9421,20.9421,20.3458,20.6947,3833200
2006-12-04,20.7518,21.253,20.6186,21.0817,3358900
2006-12-05,21.2086,21.4052,21.1197,21.3164,2912400
2006-12-06,21.3164,21.456,21.0436,21.2974,2359100
2006-12-07,21.4116,21.4116,20.904,20.9738,3887000
2006-12-08,20.9738,21.069,20.6249,21.0119,3455100
2006-12-11,20.9485,21.0246,20.7201,20.8533,3320500
2006-12-12,20.7645,20.9992,20.5868,20.7581,4157700
2006-12-13,20.8025,20.8596,20.4726,20.6122,2972500
2006-12-14,20.5678,20.9167,20.5678,20.701,3809700
2006-12-15,20.6883,20.8343,20.5678,20.6757,3653900
2006-12-18,20.6693,21.0055,20.6312,20.8469,3105000
2006-12-19,20.6249,20.885,20.498,20.6757,3482500
2006-12-20,21.0626,21.2212,20.8533,20.9865,2947500
2006-12-21,20.9611,21.069,20.6059,20.8025,2647800
2006-12-22,20.7454,20.7772,20.4282,20.4282,2946900
2006-12-26,20.3521,20.6503,20.3458,20.5424,1480700
2006-12-27,20.6186,20.9675,20.6186,20.7708,2355100
2006-12-28,20.6693,20.9231,20.6693,20.7962,1876800
2006-12-29,20.7391,21.0753,20.7201,20.8533,1619300
2007-01-03,20.8914,21.1895,20.6186,20.8343,3073800
2007-01-04,20.8343,21.272,20.8089,21.1959,3483600
2007-01-05,21.1071,21.1261,20.7137,20.9548,2627900
2007-01-08,21.05,21.3291,20.904,21.1197,2879100
2007-01-09,21.1134,21.3037,20.8279,21.088,3316300
2007-01-10,20.9738,21.5575,20.8533,21.456,4148000
2007-01-11,21.456,21.9064,21.253,21.5004,4466700
2007-01-12,21.2847,21.5956,21.2086,21.5321,3561300
2007-01-16,21.4941,21.5194,21.2339,21.4243,2961900
2007-01-17,21.2276,21.4433,20.9992,21.0817,4137800
2007-01-18,21.0626,21.0626,20.6756,20.7391,3208200
2007-01-19,20.7454,21.1071,20.6312,20.8025,3245500
2007-01-22,20.5614,20.8596,20.479,20.5361,4154700
2007-01-23,20.6186,20.9992,20.5868,20.6947,2488200
2007-01-24,20.6947,21.0817,20.682,20.9358,2091600
2007-01-25,21.0373,21.3798,20.8469,20.9611,2488100
2007-01-26,21.0246,21.4687,20.8977,21.1388,3585100
2007-01-29,21.2149,21.2149,20.7581,20.866,3447000
2007-01-30,20.9358,21.0119,20.7518,20.8279,1936100
2007-01-31,20.7328,20.8977,20.498,20.7772,4332500
2007-02-01,20.7772,21.1515,20.7645,20.9992,3737000
2007-02-02,21.0626,21.291,21.0182,21.1515,3268200
2007-02-05,21.1705,21.3735,21.0246,21.0563,2989200
2007-02-06,21.0246,21.0944,20.7581,20.904,2692600
2007-02-07,20.9358,21.253,20.9358,21.088,3109900
2007-02-08,21.0627,21.2466,20.9611,21.1261,2378800
2007-02-09,21.2149,21.5702,20.9929,20.9992,4328100
2007-02-12,20.9992,21.1197,20.7645,20.8787,2068100
2007-02-13,20.9358,20.9802,20.7328,20.9485,2266800
2007-02-14,20.9865,21.3545,20.9865,21.2086,2540600
2007-02-15,21.1007,21.3418,21.0373,21.1197,2582800
2007-02-16,21.069,21.069,20.8089,20.9231,5311800
2007-02-20,20.9358,20.9992,20.7835,20.9167,4157900
2007-02-21,20.8723,21.1451,20.6376,21.1388,6576600
2007-02-22,22.4647,23.4544,22.3632,23.3466,13706000
2007-02-23,23.1118,23.5813,23.0928,23.4417,5841700
2007-02-26,23.1499,23.4036,22.9532,23.207,3722100
2007-02-27,23.2133,23.3085,22.5662,22.7502,6614900
2007-02-28,22.7565,23.1372,22.7502,23.0357,5157200
2007-03-01,22.6804,23.0738,22.3695,22.9342,5788200
2007-03-02,22.9342,23.0737,22.3188,22.4266,5141000
2007-03-05,22.2046,22.8327,22.1475,22.268,4204300
2007-03-06,22.5852,22.8073,22.4393,22.7629,3765700
2007-03-07,22.7629,22.8585,22.476,22.6162,2793200
2007-03-08,22.8777,22.9861,22.6226,22.7246,3821800
2007-03-09,23.1263,23.7321,22.8394,23.1391,3551200
2007-03-12,23.1773,23.4133,23.1391,23.2475,2666500
2007-03-13,23.1773,23.2538,22.8521,22.8521,2655500
2007-03-14,22.7756,22.9478,22.2974,22.5716,3997000
2007-03-15,22.578,22.6609,22.4441,22.5652,2015200
2007-03-16,22.578,22.7119,22.3484,22.527,3907800
2007-03-19,22.6991,22.8522,22.5461,22.6545,2525400
2007-03-20,22.6736,23.0052,22.5078,22.8776,2908800
2007-03-21,22.9032,23.2921,22.7119,23.0371,3105300
2007-03-22,22.9542,23.0753,22.5142,22.5461,4790700
2007-03-23,22.5461,22.9287,22.4951,22.68,3077400
2007-03-26,22.7374,22.8075,22.3548,22.578,2592000
2007-03-27,22.5397,22.8139,22.476,22.5525,3025400
2007-03-28,22.4632,22.4632,22.0679,22.1189,2966100
2007-03-29,22.2082,22.3102,21.7427,21.9085,3531900
2007-03-30,21.9722,22.189,21.7873,21.9914,3033000
2007-04-02,22.0551,22.3166,21.781,21.9085,3112200
2007-04-03,21.9977,22.3484,21.9404,22.2082,3360400
2007-04-04,22.2783,22.5971,22.2209,22.5525,2679600
2007-04-05,22.5652,23.0626,22.5652,23.0371,3554300
2007-04-09,23.5854,23.5918,22.6672,23.0562,2634300
2007-04-10,22.9924,23.3367,22.9223,23.3304,3705300
2007-04-11,23.3304,23.4005,22.8713,22.9287,2579900
2007-04-12,22.9287,23.1136,22.7756,23.1072,2660300
2007-04-13,23.5918,23.5918,22.7055,23.0116,1893200
2007-04-16,23.1518,23.4706,22.9988,23.4515,2669000
2007-04-17,23.3814,23.4388,23.0371,23.1008,2227900
2007-04-18,23.6237,24.4717,23.5918,24.121,8281100
2007-04-19,23.9489,24.7076,23.9106,24.5163,4251000
2007-04-20,24.7969,24.816,24.3761,24.612,3817100
2007-04-23,24.4972,24.6311,24.3059,24.3569,2293100
2007-04-24,25.1539,25.8681,24.9308,25.4855,7013600
2007-04-25,25.5365,25.6194,25.1348,25.5684,3850900
2007-04-26,25.5174,25.5939,25.1795,25.409,3004900
2007-04-27,25.3325,25.4409,24.2932,24.969,3618700
2007-04-30,24.867,25.0009,24.6183,24.6247,3639500
2007-05-01,24.6821,24.9435,24.5355,24.8033,3966600
2007-05-02,24.4271,25.1794,24.2358,25.0264,2737500
2007-05-03,25.2432,25.6003,25.0647,25.358,2620700
2007-05-04,25.4409,25.6003,25.2496,25.3707,2117800
2007-05-07,25.5237,25.6003,25.3771,25.5556,2153400
2007-05-08,25.5556,25.5556,25.0902,25.3388,1991900
2007-05-09,25.3389,25.8872,25.1922,25.8617,3085500
2007-05-10,25.9191,25.9828,25.2687,25.3133,2816300
2007-05-11,25.3197,25.8553,25.1667,25.8553,2757100
2007-05-14,26.0785,26.1423,25.3325,25.409,3449600
2007-05-15,25.4281,25.5046,24.9116,24.9499,3521900
2007-05-16,24.9882,25.409,24.9882,25.3325,3608500
2007-05-17,25.409,25.951,25.2177,25.6322,5228300
2007-05-18,25.7278,25.8745,25.3644,25.6003,4362000
2007-05-21,25.7278,26.206,25.4728,25.5939,5533300
2007-05-22,25.7661,26.1359,25.1221,25.7724,6890000
2007-05-23,23.4961,23.6747,23.0243,23.2028,17552400
2007-05-24,23.1136,23.2857,22.4568,22.5652,8162400
2007-05-25,22.5652,22.8713,22.5078,22.7438,5753900
2007-05-29,22.884,23.2411,22.7756,23.2092,6451900
2007-05-30,23.1195,23.1195,22.5492,22.876,6713800
2007-05-31,23.2605,23.4527,23.0682,23.2028,5893200
2007-06-01,23.2284,23.6257,23.2284,23.4847,4274200
2007-06-04,23.2284,23.7282,23.1323,23.536,3442600
2007-06-05,23.1964,23.8051,23.1964,23.6385,4657600
2007-06-06,23.5104,23.7987,23.4207,23.4463,4924600
2007-06-07,23.4463,24.2921,22.7927,22.7927,8511800
2007-06-08,23.0682,23.4335,22.8247,23.3053,7194700
2007-06-11,23.3117,23.6449,23.0811,23.1323,4928200
2007-06-12,22.9721,23.2797,22.8183,22.9529,3286200
2007-06-13,23.017,23.5809,23.017,23.5168,5201200
2007-06-14,23.4655,24.0615,23.4655,24.0038,4154000
2007-06-15,24.0486,24.3114,23.9974,24.1255,3981300
2007-06-18,24.2088,24.2601,24.0679,24.1448,2506900
2007-06-19,23.8884,24.1576,23.7475,24.0486,4027900
2007-06-20,24.0743,24.1448,23.7283,23.7667,2793200
2007-06-21,23.7667,24.7151,23.7475,24.683,4995800
2007-06-22,24.5356,24.5356,23.6962,23.7667,6518400
2007-06-25,23.7859,24.3626,23.7218,23.8756,4027300
2007-06-26,23.8756,24.0679,23.6001,23.8628,4543500
2007-06-27,23.6257,24.5292,23.6065,24.4075,4126000
2007-06-28,24.4075,24.4587,24.1832,24.1832,2982100
2007-06-29,24.2601,24.5164,24.0615,24.1191,2655100
2007-07-02,24.1512,24.6125,24.1063,24.6125,2660500
2007-07-03,24.6254,24.7087,24.3434,24.4395,1651500
2007-07-05,24.4331,24.8689,24.3626,24.7343,3273200
2007-07-06,24.9265,25.0867,24.6894,25.0355,3172600
2007-07-09,24.9586,25.17,24.856,25.029,4091600
2007-07-10,24.8112,25.2469,24.7087,24.9906,3035700
2007-07-11,24.8881,25.0803,24.5741,25.0098,2287700
2007-07-12,25.4199,25.5737,24.965,25.516,2446600
2007-07-13,25.516,25.5353,25.2341,25.3943,2177600
2007-07-16,25.3943,25.4071,25.0803,25.1572,2364600
2007-07-17,25.1892,25.3751,24.9521,24.9906,4561500
2007-07-18,24.8432,24.8688,24.2537,24.6958,4964900
2007-07-19,24.7599,24.8689,24.3754,24.6125,3180700
2007-07-20,24.2665,24.6318,24.1576,24.3947,3483700
2007-07-23,24.51,24.5933,24.1768,24.2409,2064100
2007-07-24,23.85,23.9974,23.049,23.5809,4443300
2007-07-25,23.7218,24.0486,23.5168,23.6257,3004900
2007-07-26,23.4912,23.6257,22.8119,23.1003,4297800
2007-07-27,22.9401,23.4015,22.7991,22.7991,2668900
2007-07-30,23.049,23.3502,22.7479,23.1067,2860600
2007-07-31,23.1708,23.2669,22.6453,22.7158,3598900
2007-08-01,22.6966,23.3181,22.4979,23.2413,4161000
2007-08-02,23.1195,23.5168,23.017,23.4527,2496900
2007-08-03,23.3822,23.4335,22.7158,22.7222,2870100
2007-08-06,22.9401,23.5232,22.5428,23.4847,4475500
2007-08-07,23.3181,23.9269,22.9785,23.536,4591200
2007-08-08,23.9653,24.965,23.1323,24.369,4091600
2007-08-09,23.7731,24.7984,23.6642,24.2281,3197200
2007-08-10,23.7475,24.9201,23.7475,24.1704,3582200
2007-08-13,24.2665,24.4331,24.0166,24.2088,2454800
2007-08-14,24.369,24.6446,23.9077,23.9653,2478000
2007-08-15,23.9205,24.3434,23.4912,23.6001,3035800
2007-08-16,23.4207,24.164,23.19,24.0679,3813300
2007-08-17,24.8176,24.8368,23.8244,24.196,3866700
2007-08-20,24.196,24.7407,24.1832,24.4523,3007200
2007-08-21,24.3434,24.7855,23.5424,24.1704,5363100
2007-08-22,24.0294,24.3178,23.4912,23.6257,6486800
2007-08-23,23.677,23.7026,22.9657,23.3246,3865200
2007-08-24,23.2733,23.4719,23.049,23.2028,4178700
2007-08-27,23.1003,23.5552,23.1003,23.3566,2586400
2007-08-28,23.3053,23.4207,22.7863,22.8824,3314300
2007-08-29,23.0756,23.6295,22.9855,23.5844,2675300
2007-08-30,23.4298,23.8742,23.359,23.52,3043400
2007-08-31,23.7969,23.9386,23.5136,23.7519,2561400
2007-09-04,23.8163,24.5118,23.7712,24.3701,3086800
2007-09-05,24.1834,24.2349,23.7197,24.003,3045700
2007-09-06,24.003,24.3766,24.003,24.2864,2088800
2007-09-07,24.0224,24.1769,23.3204,23.5522,3464800
2007-09-10,23.5522,23.8742,23.3268,23.6488,3493800
2007-09-11,23.6874,23.9451,23.5651,23.8034,3725900
2007-09-12,23.7841,23.8034,23.198,23.2431,2765800
2007-09-13,23.4041,23.4878,22.9404,23.0756,3263500
2007-09-14,22.8631,22.9339,22.5668,22.6506,3485000
2007-09-17,22.6377,22.8438,22.496,22.6763,1930200
2007-09-18,22.8309,23.4814,22.7922,23.301,3028400
2007-09-19,23.4298,23.5651,23.2495,23.3332,2543600
2007-09-20,23.3461,23.8356,23.2431,23.6488,2629600
2007-09-21,23.6488,23.7712,23.5136,23.5715,4241600
2007-09-24,23.4749,23.8163,23.4556,23.6231,2537100
2007-09-25,23.5715,23.9451,23.4492,23.8742,3058400
2007-09-26,24.0868,24.1061,23.2882,23.3719,4074900
2007-09-27,23.4942,23.8613,23.4685,23.4814,2334200
2007-09-28,23.5264,23.7261,23.2624,23.2882,3225300
2007-10-01,23.3461,23.8807,23.2882,23.7905,3550600
2007-10-02,23.8227,23.8291,23.3332,23.4234,2725200
2007-10-03,23.2366,23.3268,23.0949,23.2366,2435400
2007-10-04,23.4685,23.4685,22.9919,23.301,2376400
2007-10-05,23.4427,23.7261,23.3332,23.5458,2191800
2007-10-08,23.5651,23.8034,23.4814,23.6874,1533600
2007-10-09,23.6424,23.7197,23.3976,23.6553,3565500
2007-10-10,23.6295,23.7841,23.3976,23.5071,2885300
2007-10-11,23.5587,23.9644,22.9275,23.095,3745500
2007-10-12,23.2753,23.7003,23.2238,23.4234,2137700
2007-10-15,23.3461,23.5908,23.2044,23.2431,1761200
2007-10-16,22.9983,23.5586,22.8631,23.0499,2765800
2007-10-17,23.2495,23.4427,22.7858,22.9211,2809900
2007-10-18,22.8631,23.0692,22.6184,22.8953,1701900
2007-10-19,22.7922,22.8567,22.2319,22.3028,3079900
2007-10-22,22.2191,22.3801,21.9743,22.1933,2575700
2007-10-23,22.1611,22.2964,21.53,21.9293,4361300
2007-10-24,21.8327,21.8327,21.2079,21.7682,2975900
2007-10-25,21.7232,21.9486,21.1757,21.2917,3226700
2007-10-26,21.4205,21.5493,21.1242,21.2723,2058500
2007-10-29,21.3818,21.6588,21.3045,21.3625,1529700
2007-10-30,21.3625,21.7811,21.3625,21.5622,2490600
2007-10-31,21.5943,21.736,21.2079,21.5493,3616500
2007-11-01,21.5364,21.575,21.0534,21.0856,3089400
2007-11-02,21.1178,21.2273,20.7571,21.1886,3605700
2007-11-05,21.1564,21.7876,21.0212,21.5428,3299300
2007-11-06,21.4977,21.7682,21.4462,21.7038,2709000
2007-11-07,21.4849,21.6716,21.1178,21.1371,2697900
2007-11-08,21.2595,21.2788,20.5639,21.0662,4467600
2007-11-09,20.7442,21.15,20.712,20.8666,3987500
2007-11-12,20.7893,20.989,20.5961,20.6605,4067200
2007-11-13,20.7957,21.253,20.7957,21.2401,3085600
2007-11-14,21.3239,21.5235,21.0598,21.1564,2999700
2007-11-15,21.1242,21.3818,20.8924,21.0147,2474300
2007-11-16,21.1242,21.2466,20.7442,21.0019,3197300
2007-11-19,20.9117,21.2466,20.5381,20.5961,2980800
2007-11-20,20.5897,20.9696,20.0616,20.2741,6289700
2007-11-21,20.1582,20.3127,19.8684,19.9907,4979600
2007-11-23,20.0487,20.2161,19.9199,20.068,1516000
2007-11-26,20.0294,20.1131,19.6107,19.6172,3312800
2007-11-27,19.9328,20.1324,19.4433,20.1066,4512700
2007-11-28,21.1435,21.6266,20.5639,20.7571,7327800
2007-11-29,20.6476,20.6669,20.0744,20.2161,4178900
2007-11-30,20.287,20.4866,19.7589,19.8233,4081900
2007-12-03,19.9907,20.0873,19.746,19.7653,3211600
2007-12-04,19.688,19.9456,19.5077,19.5528,3612800
2007-12-05,19.8573,20.382,19.7407,20.2849,3760600
2007-12-06,20.2784,20.4663,20.1359,20.4404,3532500
2007-12-07,20.4857,20.5051,20.2395,20.2849,3228900
2007-12-10,20.2978,20.6736,20.259,20.5829,4821900
2007-12-11,20.7902,21.0882,20.4857,20.5311,6046000
2007-12-12,21.0299,21.1465,20.3885,20.5959,4040000
2007-12-13,20.5635,20.8096,20.395,20.7449,2221300
2007-12-14,20.557,20.9651,20.5116,20.8161,2901300
2007-12-17,20.6866,20.7643,20.2914,20.3432,2200400
2007-12-18,20.3821,20.4857,20.1812,20.3432,2010500
2007-12-19,20.3043,20.4274,20.1035,20.3302,1873100
2007-12-20,20.3691,20.544,20.2978,20.4922,1814400
2007-12-21,20.7319,20.8809,20.5505,20.6412,2426400
2007-12-24,20.5829,20.8161,20.4857,20.7189,707900
2007-12-26,20.6736,20.7837,20.5699,20.6995,1084100
2007-12-27,20.6023,20.7319,20.2266,20.2719,1561100
2007-12-28,20.1877,20.4533,20.1877,20.4468,2054300
2007-12-31,20.3432,20.6736,20.2849,20.5375,2506600
2008-01-02,20.2071,20.4144,19.6435,19.6759,3838200
2008-01-03,19.6824,19.7407,19.3455,19.3779,3744800
2008-01-04,19.3325,19.339,18.6976,18.8725,4037400
2008-01-07,18.8142,18.9308,18.4255,18.6328,3305000
2008-01-08,18.6328,18.8725,17.9849,18.0173,4130800
2008-01-09,18.121,18.1275,17.4278,17.7647,6033200
2008-01-10,17.6027,17.9914,17.4278,17.9201,3643900
2008-01-11,17.8035,17.8035,17.1168,17.1816,3810300
2008-01-14,17.2852,17.797,17.2334,17.6221,5746800
2008-01-15,17.4861,17.8035,17.0779,17.1427,5396300
2008-01-16,16.9483,18.1339,16.9483,17.81,6775700
2008-01-17,17.8294,18.121,17.4278,17.4731,4002300
2008-01-18,17.6221,18.0108,17.4925,17.8424,4839200
2008-01-22,17.4861,17.8424,17.2334,17.6092,4406000
2008-01-23,17.188,18.1404,16.9418,18.1339,5398900
2008-01-24,18.1404,18.8272,18.0821,18.7365,5599800
2008-01-25,18.9049,19.1122,17.9201,17.959,5718500
2008-01-28,18.1015,18.2052,17.674,18.1793,3114200
2008-01-29,18.3348,18.3607,17.9849,18.27,3027700
2008-01-30,18.1404,18.432,17.9007,18.1404,4542000
2008-01-31,17.9331,18.5291,17.9072,18.3737,4778200
2008-02-01,18.0756,18.9243,18.0756,18.8531,4580500
2008-02-04,18.7883,18.8531,18.5291,18.5939,2636000
2008-02-05,18.2959,18.3866,17.8683,17.9137,3739200
2008-02-06,17.9979,18.1793,17.6351,17.7323,3172400
2008-02-07,17.661,18.121,17.4537,17.9655,3685100
2008-02-08,17.8813,18.1793,17.7906,17.9914,3494600
2008-02-11,17.9201,18.5032,17.9201,18.3024,2893200
2008-02-12,18.3672,18.6263,18.2635,18.3153,2971100
2008-02-13,18.4838,18.6782,18.3477,18.4967,3274600
2008-02-14,18.5421,18.568,18.2182,18.3542,7023000
2008-02-15,18.3348,18.3413,17.9849,18.0951,4055100
2008-02-19,17.8942,18.3089,17.7452,17.7711,4237700
2008-02-20,18.0821,18.0821,17.6092,17.959,7582900
2008-02-21,18.4644,19.1057,18.3348,18.5486,9493300
2008-02-22,18.5939,18.6522,17.9979,18.2635,5373500
2008-02-25,18.2311,18.5615,18.0044,18.3931,4819100
2008-02-26,18.3283,18.5551,18.2182,18.4514,5808000
2008-02-27,18.4514,18.5874,18.1793,18.3931,5025000
2008-02-28,18.3024,18.3931,18.0432,18.108,3011800
2008-02-29,17.9525,17.9525,17.3954,17.4407,3466100
2008-03-03,17.3889,17.5833,17.2204,17.4342,4627400
2008-03-04,17.2982,17.7711,17.1945,17.6999,5008000
2008-03-05,17.8107,18.1955,17.7586,17.9803,4740800
2008-03-06,17.9346,18.0259,17.3803,17.4259,4046700
2008-03-07,17.3151,18.1107,17.3151,17.8499,5371800
2008-03-10,17.8303,18.1107,17.6738,17.739,3589800
2008-03-11,18.1042,18.1955,17.739,18.1303,4114200
2008-03-12,18.0846,18.4303,17.9999,18.1564,3269500
2008-03-13,18.1042,18.5933,17.8694,18.4433,4071900
2008-03-14,18.5868,18.5868,17.7586,18.0194,5104800
2008-03-17,17.6281,18.3651,17.6281,18.2151,4720200
2008-03-18,18.5216,18.5868,18.1042,18.5868,4446800
2008-03-19,18.7955,18.7955,17.8759,17.8759,5016200
2008-03-20,17.9868,18.5346,17.889,18.489,6390200
2008-03-24,19.3955,19.6955,18.9585,19.2194,6984300
2008-03-25,19.2846,19.5977,19.1542,19.2455,7171800
2008-03-26,19.1803,19.2064,18.8803,19.0498,2825200
2008-03-27,19.0825,19.3499,18.9455,19.0172,4262300
2008-03-28,19.2129,19.552,18.8868,18.8868,5619100
2008-03-31,18.939,19.402,18.8738,19.252,4900500
2008-04-01,19.3107,20.0933,19.3107,19.9694,6209600
2008-04-02,20.0998,20.2694,19.6499,19.7999,4081400
2008-04-03,19.6498,20.1585,19.5455,20.0281,3224100
2008-04-04,20.0085,20.2564,19.7933,20.002,3665000
2008-04-07,20.0542,20.1716,19.7607,19.9759,4062700
2008-04-08,19.8259,19.839,19.3825,19.4998,2999100
2008-04-09,19.5455,19.6433,19.0825,19.5781,3281000
2008-04-10,20.0281,20.7064,19.9564,20.5824,6179500
2008-04-11,20.2955,20.4129,19.7411,19.7868,3163600
2008-04-14,19.8194,19.8846,19.4477,19.4672,2210800
2008-04-15,19.4085,19.7738,19.239,19.7085,3347100
2008-04-16,19.9238,20.5759,19.9172,20.5042,4672300
2008-04-17,20.5303,20.5564,20.0868,20.302,3420800
2008-04-18,20.602,20.9216,20.5042,20.6477,3257200
2008-04-21,20.739,21.3455,20.4911,21.2803,5122500
2008-04-22,21.1237,21.1303,20.2629,20.439,4344000
2008-04-23,20.4781,21.3781,20.4781,20.9411,4260800
2008-04-24,20.8759,21.2998,20.5629,21.1042,3440600
2008-04-25,21.1042,21.1955,20.6346,20.9998,3160300
2008-04-28,21.0977,21.1498,20.8303,21.052,3113300
2008-04-29,21.2281,21.365,21.0585,21.1498,3472000
2008-04-30,21.1955,21.3781,20.8498,21.0063,4677400
2008-05-01,21.0324,22.1216,21.0194,21.9129,5805200
2008-05-02,22.0433,22.1281,21.339,21.7303,5178800
2008-05-05,21.6977,22.1542,21.6064,21.939,5640100
2008-05-06,22.0433,22.4607,21.7824,22.3694,4888200
2008-05-07,22.3694,22.5846,22.1477,22.2455,4991800
2008-05-08,22.2455,22.2977,21.8216,21.9977,4115600
2008-05-09,21.6585,22.389,21.6585,22.2651,3608900
2008-05-12,22.3042,22.3759,22.0759,22.3042,3646100
2008-05-13,22.4803,22.565,22.3303,22.4737,3443500
2008-05-14,22.5194,23.0998,22.4737,22.5977,3598200
2008-05-15,22.6498,23.139,22.4998,23.0868,4130900
2008-05-16,23.0803,23.152,22.6368,23.1259,4279400
2008-05-19,23.2563,23.7063,23.1389,23.2824,4961300
2008-05-20,23.1259,23.165,22.3563,22.6629,6376600
2008-05-21,21.3585,22.0107,21.1694,21.7498,11840800
2008-05-22,21.7172,22.3498,21.7042,22.0498,5757700
2008-05-23,22.0303,22.0955,21.6064,22.0498,3669800
2008-05-27,22.0433,22.702,22.0433,22.565,4649000
2008-05-28,22.7159,22.834,22.3617,22.5126,3450400
2008-05-29,22.3814,22.7815,22.3223,22.5716,4343800
2008-05-30,22.5716,23.221,22.5716,23.0308,4810200
2008-06-02,22.9783,23.1685,22.5454,22.8733,4467800
2008-06-03,23.0373,23.3128,22.7356,23.0832,6694100
2008-06-04,23.057,23.7261,23.0242,23.5293,6032500
2008-06-05,23.6211,23.7982,23.3456,23.6343,4799900
2008-06-06,23.6671,23.6671,22.8274,22.8274,5389800
2008-06-09,22.8799,23.0045,22.3355,22.7356,5401400
2008-06-10,22.4732,22.5257,21.9944,22.2764,5749000
2008-06-11,22.2567,22.2567,21.5417,21.5417,6234700
2008-06-12,21.6139,21.955,21.4761,21.6926,5208400
2008-06-13,21.7254,22.2699,21.7254,22.2567,4166300
2008-06-16,22.1715,22.6306,22.1715,22.4666,4689500
2008-06-17,22.5126,22.6897,22.1387,22.1387,4707000
2008-06-18,21.8697,22.1124,21.3974,21.5089,4603100
2008-06-19,21.4433,22.342,21.4433,22.1583,5222900
2008-06-20,21.9484,22.1387,21.5942,21.8107,4902700
2008-06-23,21.8763,22.1977,21.5089,21.5352,2740000
2008-06-24,21.4499,22.0731,21.4237,21.7123,3429300
2008-06-25,21.7582,22.5716,21.7385,21.9288,4185100
2008-06-26,21.6467,21.7057,20.9186,20.9907,5926200
2008-06-27,21.0432,21.1023,20.5644,20.794,3941800
2008-06-30,20.8005,21.2531,20.7349,20.8399,4834000
2008-07-01,20.6562,20.8399,20.3479,20.8071,4536600
2008-07-02,20.8595,21.7123,20.3282,20.4922,4958000
2008-07-03,20.63,20.6562,19.9543,20.1445,3002300
2008-07-07,20.3348,21.0301,20.079,20.2823,7097100
2008-07-08,20.3217,20.466,19.8494,20.3741,7270600
2008-07-09,20.1117,20.2495,19.5083,19.5083,6617300
2008-07-10,19.5476,19.8756,19.2524,19.7444,5995500
2008-07-11,19.482,20.1642,19.3312,19.9018,5742600
2008-07-14,20.1446,20.1839,19.4492,19.6788,4506300
2008-07-15,19.5935,20.2298,19.3836,19.8887,6427400
2008-07-16,19.9871,20.7939,19.751,20.63,5592300
2008-07-17,20.7021,21.0563,20.3807,20.8792,3922300
2008-07-18,20.8792,20.8792,20.2823,20.7611,3310800
2008-07-21,20.8727,21.0301,20.2692,20.5053,3237200
2008-07-22,19.9674,20.1249,19.5804,19.8297,5957400
2008-07-23,19.8231,20.4856,19.6788,20.2626,4462100
2008-07-24,20.1445,20.1708,19.6198,19.6723,3215700
2008-07-25,19.7444,19.81,19.3771,19.751,4163500
2008-07-28,19.6526,19.8034,19.2721,19.3246,3565700
2008-07-29,19.3508,19.9215,19.318,19.6526,3280900
2008-07-30,19.751,20.2036,19.6985,20.1183,3838000
2008-07-31,19.8822,20.4332,19.8822,20.0134,4134300
2008-08-01,20.0396,20.1708,19.5411,19.81,2814500
2008-08-04,19.8428,20.0134,19.7182,19.7772,2326800
2008-08-05,19.974,20.4332,19.8559,20.4004,3465800
2008-08-06,20.3676,20.7546,20.079,20.6562,2930400
2008-08-07,20.5906,21.0498,20.3741,20.6693,3813000
2008-08-08,20.6562,21.2138,20.4988,21.1613,3432400
2008-08-11,21.0301,21.8238,21.0301,21.4499,3230100
2008-08-12,21.2859,21.4565,21.1022,21.2466,3117700
2008-08-13,21.3187,21.5155,21.1154,21.2597,2705800
2008-08-14,21.0826,21.6664,21.0498,21.5549,2947700
2008-08-15,21.9943,21.9943,21.2859,21.3646,2966600
2008-08-18,21.3778,21.5024,20.8727,21.1088,2681200
2008-08-19,21.0301,21.3646,20.8399,21.0826,5789200
2008-08-20,20.4266,20.5972,19.0425,19.2131,11062800
2008-08-21,19.1147,19.2,18.7277,18.8261,6948600
2008-08-22,19.0032,19.1081,18.7933,18.9179,5552000
2008-08-25,18.8851,18.9507,18.5899,18.603,4161100
2008-08-26,18.6293,18.6752,18.3472,18.4522,4714000
2008-08-27,18.4654,18.6834,18.3068,18.6239,3863200
2008-08-28,18.6768,18.7957,18.5447,18.6173,3913000
2008-08-29,18.505,18.5975,18.3332,18.472,3141000
2008-09-02,18.7363,18.9014,18.069,18.2275,4761100
2008-09-03,18.1218,18.3002,17.2432,17.3357,12779300
2008-09-04,17.2498,17.5669,17.1771,17.3026,7300300
2008-09-05,17.1705,18.2804,17.1705,18.1681,8013500
2008-09-08,18.505,18.5975,17.8576,18.102,8123100
2008-09-09,17.9567,18.0095,17.3224,17.3291,5959200
2008-09-10,17.5603,17.7254,17.3489,17.4414,4267700
2008-09-11,17.2432,17.7849,17.1639,17.6462,4968300
2008-09-12,17.3753,17.7254,17.0648,17.6726,5839800
2008-09-15,17.2762,17.7915,17.1507,17.3291,7361700
2008-09-16,17.1375,17.6263,16.9327,17.4281,7162500
2008-09-17,17.2432,17.2432,16.5957,16.7609,9216500
2008-09-18,17.078,20.269,16.5495,18.4191,9333600
2008-09-19,19.3639,19.5158,17.9501,18.2804,8962400
2008-09-22,18.2804,18.4125,17.7254,17.8179,4775900
2008-09-23,17.8245,18.2011,17.2894,17.5735,4312100
2008-09-24,17.4546,17.8576,17.296,17.5801,3635000
2008-09-25,17.6924,17.9567,17.4017,17.5471,4522800
2008-09-26,17.5471,17.7915,17.1771,17.7519,4222600
2008-09-29,17.5339,17.6065,16.4834,16.6882,5998000
2008-09-30,16.9525,17.4744,16.7741,17.4083,4586100
2008-10-01,17.2299,17.3753,16.9525,17.2894,3845600
2008-10-02,17.0582,17.0648,16.4173,16.5164,4354300
2008-10-03,16.5825,16.9723,16.1993,16.2786,5423300
2008-10-06,16.0342,16.0342,14.9044,15.6444,9524500
2008-10-07,15.5453,15.9152,14.7591,14.8053,6008900
2008-10-08,14.475,15.7765,14.475,15.0035,8642400
2008-10-09,14.9771,15.4858,14.5741,14.6137,6813200
2008-10-10,14.0984,15.1092,13.4576,14.1381,10232200
2008-10-13,14.508,15.8822,14.2702,15.869,6865700
2008-10-14,16.1399,16.3843,14.6996,15.0432,5473900
2008-10-15,14.2041,15.0432,12.9885,13.048,8983900
2008-10-16,13.2264,13.3717,12.2816,13.3651,11215100
2008-10-17,13.1999,13.821,12.6516,13.2792,6586300
2008-10-20,13.484,13.7153,13.1074,13.4312,7120200
2008-10-21,13.048,13.5237,12.9819,13.1735,5031500
2008-10-22,13.1074,13.4378,12.6186,12.9026,5444900
2008-10-23,12.9555,13.0612,12.4005,12.9225,7190500
2008-10-24,12.1957,13.1669,11.9051,12.7309,6166100
2008-10-27,12.4996,13.3585,12.4732,12.7771,5914900
2008-10-28,13.1207,14.1381,12.8894,14.1183,6288200
2008-10-29,14.039,14.3032,13.6228,13.8408,6275500
2008-10-30,14.2041,14.5213,13.7152,14.1711,7926400
2008-10-31,14.0059,14.442,13.8804,14.1117,5740600
2008-11-03,14.1579,14.2768,13.9201,13.9663,3123500
2008-11-04,14.3495,14.7987,14.1315,14.6666,6337000
2008-11-05,14.5014,14.5939,13.8011,13.821,5245300
2008-11-06,13.5699,13.9267,13.0348,13.1207,4843100
2008-11-07,13.1074,13.5567,12.896,13.5435,3783600
2008-11-10,13.7549,13.8474,12.9092,13.0744,3847000
2008-11-11,12.8828,13.2594,12.8498,12.9753,5113300
2008-11-12,12.7639,13.266,12.6846,12.7044,6218900
2008-11-13,12.7903,13.4048,12.1957,13.3651,9382600
2008-11-14,13.1537,13.4246,12.6648,12.7441,5988500
2008-11-17,12.3213,12.8894,12.3213,12.4204,4378400
2008-11-18,12.493,12.7573,12.0042,12.3873,5862000
2008-11-19,12.2552,12.4666,11.5813,11.5813,4490400
2008-11-20,11.5417,12.1561,10.9801,11.1915,6036200
2008-11-21,11.3897,11.4756,10.7225,11.1783,9731600
2008-11-24,11.2972,12.2552,11.1982,12.0042,6792400
2008-11-25,12.1231,13.081,10.7753,11.1981,12015200
2008-11-26,11.1982,11.8456,11.0132,11.7267,5794100
2008-11-28,11.6474,11.7069,11.1981,11.2972,2172600
2008-12-01,11.0462,11.0528,10.63,10.6366,7295100
2008-12-02,10.6762,10.9009,10.3657,10.8018,6109900
2008-12-03,10.7014,11.6044,10.6145,11.5709,8417900
2008-12-04,11.3703,11.4372,10.6546,10.8285,6056000
2008-12-05,10.4205,11.1562,10.2265,11.1429,8356400
2008-12-08,11.4171,11.5509,11.0091,11.1763,7111700
2008-12-09,11.0358,12.4471,10.9623,12.0792,11045400
2008-12-10,12.32,12.3802,11.9053,12.1595,5364900
2008-12-11,12.1394,12.6879,11.9722,12.3468,8383800
2008-12-12,12.0592,13.1092,11.9254,12.9621,6481200
2008-12-15,12.9621,12.9755,12.3066,12.621,4629600
2008-12-16,12.5474,13.4704,12.4538,13.3634,6552300
2008-12-17,13.2698,13.3835,12.8216,13.1628,4899000
2008-12-18,12.9822,13.1628,12.0123,12.1996,5280600
2008-12-19,12.3468,12.8016,12.3267,12.6879,6016200
2008-12-22,12.7013,12.7079,12.0324,12.2732,4945200
2008-12-23,12.3601,12.5742,11.9856,12.0592,2453400
2008-12-24,12.1729,12.2665,12.0391,12.1662,607000
2008-12-26,12.2197,12.2665,12.0993,12.1327,872200
2008-12-29,12.2063,12.213,11.9856,12.1127,3589100
2008-12-30,12.1461,12.6678,12.1461,12.6009,2498200
2008-12-31,12.5876,12.9354,12.534,12.7213,2585200
2009-01-02,12.7079,13.2296,12.5474,13.1561,3264900
2009-01-05,13.0557,13.3567,12.9822,13.0892,4380100
2009-01-06,13.0892,13.7781,13.0825,13.7246,5710900
2009-01-07,13.243,13.3902,12.9889,13.2096,4462900
2009-01-08,13.1761,13.2631,12.8216,13.223,3763200
2009-01-09,13.2029,13.2698,12.8216,12.9554,3264700
2009-01-12,12.922,12.9287,12.5876,12.7414,3393500
2009-01-13,12.7615,13.2765,12.6544,12.942,4729000
2009-01-14,12.7079,12.815,12.3334,12.4404,5254700
2009-01-15,12.4337,12.9019,12.2866,12.7748,6168900
2009-01-16,13.0022,13.3902,12.7146,13.2631,6052900
2009-01-20,13.136,13.223,12.5474,12.5541,5205000
2009-01-21,12.0792,12.7548,12.0792,12.6411,6770100
2009-01-22,12.4739,12.8083,12.3,12.6611,6430400
2009-01-23,12.32,13.3968,12.32,13.1494,6308800
2009-01-26,13.1828,13.6243,12.9688,13.1694,5753700
2009-01-27,13.2631,13.8249,13.0825,13.738,5448100
2009-01-28,13.9988,14.5138,13.9052,14.2396,8227500
2009-01-29,14.0523,14.3399,13.5373,13.6711,5654300
2009-01-30,13.8851,13.9185,13.2698,13.3634,6515400
2009-02-02,13.3634,13.7246,12.9822,13.5908,5056600
2009-02-03,13.5908,14.0189,13.2765,13.9252,6039800
2009-02-04,13.9252,14.6208,13.7714,14.0724,5860000
2009-02-05,13.9185,14.9753,13.8517,14.7011,9566400
2009-02-06,14.6141,15.069,14.5673,14.9686,5539600
2009-02-09,14.9419,15.0355,14.7145,14.9218,3796000
2009-02-10,14.8081,15.0355,13.952,14.059,7781500
2009-02-11,14.0924,14.2195,13.6711,13.9787,6279800
2009-02-12,13.758,14.2797,13.6911,14.1326,7062800
2009-02-13,14.0657,14.6275,14.0523,14.2998,6320200
2009-02-17,14.0256,14.0456,13.2898,13.3768,7753900
2009-02-18,13.6443,13.7112,13.2363,13.3902,9218300
2009-02-19,13.4771,13.8717,12.9487,12.9755,7847000
2009-02-20,12.7615,13.243,12.7481,12.9086,9542600
2009-02-23,13.0089,13.1159,12.1796,12.2665,8867900
2009-02-24,12.3401,12.6009,12.2197,12.5608,6642300
2009-02-25,12.4805,13.1828,12.4137,12.8818,8259900
2009-02-26,13.0424,13.35,12.5474,12.5541,7597500
2009-02-27,12.3668,12.7414,12.3267,12.4672,7272600
2009-03-02,12.2331,12.4605,11.9187,11.9923,6576000
2009-03-03,12.1662,12.4337,11.9789,12.1996,8783100
2009-03-04,12.3619,12.9976,12.3552,12.7947,9190500
2009-03-05,12.5513,12.9706,12.5445,12.7001,7292400
2009-03-06,12.8015,13.1058,12.247,12.4972,8557800
2009-03-09,12.5445,12.7812,12.1793,12.2064,7075500
2009-03-10,12.4431,12.9908,12.3078,12.9638,6567400
2009-03-11,13.072,13.3493,12.8962,13.1396,6022900
2009-03-12,13.1396,13.5454,13.0517,13.4913,7107600
2009-03-13,13.5048,13.6739,13.2681,13.6333,7264400
2009-03-16,13.7077,13.7618,13.2275,13.2478,7824900
2009-03-17,13.329,13.6874,13.2005,13.6874,5394800
2009-03-18,13.6333,14.0323,13.5048,13.9376,6603900
2009-03-19,14.1202,14.1405,13.5657,13.7144,5734500
2009-03-20,13.7212,13.8429,13.1734,13.2478,6233500
2009-03-23,13.5251,14.0052,13.3493,13.7415,7027400
2009-03-24,13.5724,13.728,13.4101,13.5521,4579200
2009-03-25,13.7618,13.9511,13.1329,13.4101,7193100
2009-03-26,13.5927,13.8024,13.4372,13.6603,6851200
2009-03-27,13.4642,13.6198,13.3898,13.5116,4045100
2009-03-30,13.4169,13.4845,12.9706,13.0652,3602000
2009-03-31,13.3087,13.3087,12.9706,13.0314,4449100
2009-04-01,12.7812,12.9773,12.5716,12.8488,9714700
2009-04-02,13.1464,13.5521,13.0247,13.2478,4629700
2009-04-03,13.1261,13.9985,13.0923,13.9511,8555100
2009-04-06,13.8565,13.8565,13.3763,13.755,5794700
2009-04-07,13.5319,13.8159,13.3696,13.4372,3924400
2009-04-08,13.6265,13.7009,13.3493,13.613,4006800
2009-04-09,13.8497,14.1675,13.7144,14.039,4836200
2009-04-13,13.8632,13.9782,13.6603,13.897,7503700
2009-04-14,13.7347,14.1608,13.6806,14.0999,4723100
2009-04-15,13.8497,13.8497,13.5792,13.8091,5555100
2009-04-16,13.8294,14.4651,13.8294,14.3975,5849800
2009-04-17,14.2487,14.5462,14.0255,14.4786,5064400
2009-04-20,14.2419,14.3839,13.7753,13.9849,4485400
2009-04-21,14.0661,14.269,13.6333,14.0323,6539100
2009-04-22,13.9511,14.438,13.6874,14.154,5674900
2009-04-23,14.1134,14.1675,13.7415,14.1405,5884000
2009-04-24,14.2149,14.4042,13.8835,14.3095,4387900
2009-04-27,14.0729,14.4516,14.039,14.0931,4282400
2009-04-28,13.9714,14.1472,13.755,13.897,3181800
2009-04-29,14.0661,14.2216,13.8632,14.0526,3388500
2009-04-30,14.0323,14.7491,14.0323,14.3907,4857000
2009-05-01,14.2284,14.6139,14.0999,14.3028,4972200
2009-05-04,14.4786,14.9587,14.3028,14.9182,5724700
2009-05-05,14.9114,14.979,14.6274,14.8776,4190600
2009-05-06,15.0128,15.4456,14.7964,15.2969,7191400
2009-05-07,15.4862,15.4862,14.3231,14.58,5504000
2009-05-08,14.7964,14.7964,13.8835,13.9782,7735600
2009-05-11,13.8226,14.4245,13.5927,14.0728,6008300
2009-05-12,14.1405,14.1811,13.6739,13.9376,5658200
2009-05-13,13.7347,13.9985,13.5318,13.6062,4437800
2009-05-14,13.6333,13.8362,13.5318,13.5859,7099500
2009-05-15,13.613,13.613,12.9435,13.1599,10767400
2009-05-18,13.2816,13.5318,13.1937,13.4575,7538900
2009-05-19,13.4777,14.0593,13.3425,13.9173,7499800
2009-05-20,15.8446,16.4465,15.7567,16.0948,27693900
2009-05-21,15.9528,16.0881,15.5538,15.9393,9536500
2009-05-22,16.034,16.0949,15.6891,15.9528,5595900
2009-05-26,15.892,16.1422,15.7973,16.0002,6963400
2009-05-27,16.0957,16.7026,15.9797,16.3275,8399000
2009-05-28,16.423,16.4981,15.9456,16.4708,6439400
2009-05-29,16.4708,16.6822,16.1093,16.6481,7810000
2009-06-01,16.9414,17.2687,16.9004,17.0709,6267500
2009-06-02,17.03,17.03,16.5253,16.6958,4862800
2009-06-03,16.4571,16.614,16.2252,16.6072,4741500
2009-06-04,16.6208,16.9618,16.3548,16.7504,4576300
2009-06-05,16.955,16.9686,16.4367,16.6617,3396900
2009-06-08,16.5935,16.805,16.3548,16.6617,3098100
2009-06-09,17.0096,17.7666,16.9004,17.5484,8904200
2009-06-10,17.6302,17.6302,17.221,17.5347,5917300
2009-06-11,17.5688,17.6916,17.4529,17.5552,5723800
2009-06-12,17.5756,17.6097,17.1869,17.3233,4751700
2009-06-15,17.1323,17.2551,16.6481,17.0505,4724000
2009-06-16,17.0982,17.1391,16.4844,16.6481,4609300
2009-06-17,16.6754,17.03,16.464,16.805,4625100
2009-06-18,16.7913,16.8936,16.5322,16.6481,2989400
2009-06-19,16.5867,16.88,16.5799,16.7368,3000000
2009-06-22,16.6617,16.8595,16.1093,16.1298,4152400
2009-06-23,16.1298,16.3003,15.8433,15.9183,4682500
2009-06-24,16.0206,16.3753,15.9593,16.1843,4573800
2009-06-25,16.614,16.9209,16.3344,16.9073,7470900
2009-06-26,16.8527,17.1528,16.7095,16.9004,3994400
2009-06-29,16.9618,17.1255,16.764,16.8322,3125000
2009-06-30,16.8391,17.0982,16.6413,16.9004,3876300
2009-07-01,16.9686,17.2892,16.8936,16.955,2762700
2009-07-02,16.7163,16.8936,16.539,16.8459,3727600
2009-07-06,16.7572,16.8391,16.1911,16.423,3511800
2009-07-07,16.4026,16.6958,16.2184,16.2321,4022500
2009-07-08,16.2866,16.4162,15.8297,16.0002,4248600
2009-07-09,16.0479,16.5253,15.9865,16.3889,4197700
2009-07-10,16.2934,16.5049,15.9047,16.3344,4647500
2009-07-13,16.3412,16.5731,15.9729,16.5526,3478100
2009-07-14,16.4162,16.5799,16.3139,16.4912,4552800
2009-07-15,16.7436,17.1596,16.7231,17.0096,4831700
2009-07-16,16.8186,17.371,16.7845,17.2756,4477500
2009-07-17,17.3233,17.5143,17.146,17.4665,3731800
2009-07-20,17.6029,17.7325,17.4051,17.6097,4795300
2009-07-21,17.5552,17.6643,17.1187,17.5143,3939000
2009-07-22,17.3983,18.3054,17.3915,18.2099,7585100
2009-07-23,18.2372,18.8306,18.0735,18.6805,5782700
2009-07-24,18.4486,18.6669,18.2372,18.6669,3333600
2009-07-27,18.6532,18.8033,18.3941,18.7692,3027300
2009-07-28,18.6532,18.9874,18.5168,18.7896,3074300
2009-07-29,18.6328,18.7692,18.4827,18.7555,2828400
2009-07-30,18.9397,19.2398,18.6259,18.7351,5026000
2009-07-31,18.776,18.967,18.585,18.6669,3103700
2009-08-03,18.7487,18.9806,18.6464,18.8237,3381500
2009-08-04,18.7623,19.0147,18.6532,18.9601,2894900
2009-08-05,19.0215,19.1511,18.6055,18.8033,1796500
2009-08-06,18.9601,19.0215,18.4282,18.6055,2546100
2009-08-07,18.6669,18.9465,18.3122,18.4486,4519900
2009-08-10,18.4214,18.701,18.2849,18.5237,3136700
2009-08-11,18.3804,18.7419,18.3531,18.4827,2490200
2009-08-12,18.5168,18.7896,18.4623,18.5509,3295300
2009-08-13,19.0761,19.0966,18.6328,18.967,4374100
2009-08-14,18.8783,18.8919,18.4282,18.6805,4344000
2009-08-17,18.4895,18.5168,18.1144,18.2508,4428500
2009-08-18,18.2918,18.6191,18.2508,18.5646,4816200
2009-08-19,17.7189,19.0283,17.5961,18.9601,11696100
2009-08-20,18.8647,19.1238,18.6873,19.0761,6342800
2009-08-21,19.2398,19.3966,18.851,19.383,6469700
2009-08-24,19.4307,19.5194,19.1511,19.2602,5868700
2009-08-25,19.2877,19.5693,19.2808,19.4869,5187400
2009-08-26,19.5075,19.7685,19.4663,19.6724,4009700
2009-08-27,19.5762,19.6655,19.3358,19.638,4668800
2009-08-28,19.8166,20.0708,19.5693,19.6998,3937300
2009-08-31,19.535,19.6311,19.2946,19.4045,2865000
2009-09-01,19.2877,19.8784,19.0129,19.0679,4116300
2009-09-02,18.9374,19.3358,18.8687,18.9305,2801200
2009-09-03,19.116,19.3427,18.9099,19.3358,3980400
2009-09-04,19.2534,19.8166,19.2053,19.7823,2990500
2009-09-08,19.899,20.1463,19.7479,20.1257,4383800
2009-09-09,20.1257,20.2081,19.851,20.112,2928900
2009-09-10,20.0021,20.4073,19.9815,20.1944,5288400
2009-09-11,20.1807,20.1807,19.4045,19.5006,7519700
2009-09-14,19.4869,19.7067,19.4251,19.6998,3756900
2009-09-15,19.7754,19.9059,19.5762,19.6105,3042000
2009-09-16,19.2671,19.4732,18.9099,18.9992,7857400
2009-09-17,18.855,19.1229,18.8,18.8687,4373900
2009-09-18,18.9923,19.0954,18.6764,18.7382,5134700
2009-09-21,18.6626,18.8481,18.4978,18.6832,3976300
2009-09-22,18.7451,18.8344,18.4909,18.7382,4367500
2009-09-23,18.8,19.48,18.7932,19.0267,5829600
2009-09-24,19.1503,19.1572,18.6695,18.8069,4114400
2009-09-25,18.7519,19.0542,18.6352,18.9443,4194600
2009-09-28,19.0748,19.4045,19.0061,19.2465,2331600
2009-09-29,19.2671,19.3289,18.7176,18.7382,4968300
2009-09-30,18.6077,19.1641,18.6077,18.9443,6399000
2009-10-01,18.9374,19.0267,18.2505,18.2505,5957300
2009-10-02,18.1543,18.4566,18.0101,18.0376,4945400
2009-10-05,18.0376,18.2162,17.8933,18.1063,4871100
2009-10-06,18.2368,18.5802,18.1543,18.5321,4348000
2009-10-07,18.5184,18.5802,18.3055,18.3879,2599800
2009-10-08,18.4497,18.4978,17.9964,18.1131,4559700
2009-10-09,18.0513,18.855,18.0376,18.8275,4082200
2009-10-12,18.8756,19.5075,18.8481,19.3014,5440000
2009-10-13,19.2396,19.4457,19.061,19.2465,5956800
2009-10-14,19.6586,19.9128,19.3289,19.6792,6003700
2009-10-15,19.638,19.6586,19.2534,19.3427,3888000
2009-10-16,19.1366,19.1709,18.8344,18.9992,4164700
2009-10-19,19.013,19.3495,18.9237,19.1023,4393600
2009-10-20,19.1709,19.2671,18.9099,19.0061,3124700
2009-10-21,18.9305,19.1847,18.6558,18.7176,3117900
2009-10-22,18.697,18.9649,18.3261,18.9374,3799200
2009-10-23,19.3152,19.3152,18.5459,18.6283,3171000
2009-10-26,18.5802,19.0061,18.4909,18.6832,2989000
2009-10-27,18.6901,18.958,18.2093,18.2642,3648600
2009-10-28,18.1131,18.3604,17.7147,17.7147,5547000
2009-10-29,17.8109,18.1543,17.804,18.1063,2841400
2009-10-30,18.0582,18.1612,17.543,17.6048,4343700
2009-11-02,17.6254,17.8384,17.3507,17.7216,3824100
2009-11-03,17.6117,17.859,17.3782,17.7422,4836300
2009-11-04,17.9345,18.1956,17.8452,17.9483,2965800
2009-11-05,18.2024,18.5596,18.0307,18.4566,3295100
2009-11-06,18.3467,18.5665,18.12,18.2162,3521800
2009-11-09,18.3261,18.7176,18.2574,18.6352,3382500
2009-11-10,18.7519,19.0542,18.697,19.0336,4434700
2009-11-11,19.0885,19.4663,18.9649,19.0404,3771500
2009-11-12,18.9855,19.3014,18.8,18.8206,2679600
2009-11-13,18.7931,18.9305,18.6558,18.7931,4294300
2009-11-16,18.9168,19.4663,18.9031,19.3564,3369900
2009-11-17,19.3495,19.3701,19.0816,19.3633,1568300
2009-11-18,19.851,19.851,19.3495,19.4388,3752400
2009-11-19,19.1503,19.2328,18.6695,19.1229,4149700
2009-11-20,18.9923,19.061,18.7107,18.8756,3589100
2009-11-23,19.2259,19.2259,18.9923,19.1915,4719000
2009-11-24,20.0227,20.6477,19.1915,20.4279,14627100
2009-11-25,20.2562,20.7096,20.2562,20.4966,4187900
2009-11-27,20.2493,20.5722,19.9196,20.4348,2813000
2009-11-30,20.3867,20.5997,20.2081,20.5997,4378500
2009-12-01,20.6752,20.9362,20.5859,20.8607,5497900
2009-12-02,20.8538,21.158,20.7846,21.0128,5137300
2009-12-03,21.2133,21.2479,21.0128,21.1995,4638100
2009-12-04,21.2617,21.4207,20.7984,21.158,6824700
2009-12-07,21.0681,21.2617,20.9851,21.0474,3956100
2009-12-08,21.0059,21.158,20.7639,20.8952,3829200
2009-12-09,20.833,21.0819,20.6394,21.0819,4327800
2009-12-10,21.1511,21.1926,20.8952,21.0543,2997400
2009-12-11,21.1718,21.1926,20.916,21.0819,3209300
2009-12-14,21.1372,21.2202,20.9713,21.158,2601500
2009-12-15,21.2202,21.2617,20.9921,21.0543,2282700
2009-12-16,21.1718,21.4553,21.0543,21.2202,3635300
2009-12-17,21.2064,21.2963,21.0474,21.0681,2885500
2009-12-18,21.3585,21.4346,21.1303,21.3516,3975200
2009-12-21,21.4415,21.6351,21.3792,21.5175,3593500
2009-12-22,21.6143,21.7042,21.4691,21.6558,2045000
2009-12-23,21.642,21.6973,21.4691,21.6973,1443800
2009-12-24,21.7111,21.9393,21.6835,21.9116,862500
2009-12-28,21.9393,21.9393,21.6351,21.6973,2259700
2009-12-29,21.6973,21.725,21.5383,21.6489,1798700
2009-12-30,21.5729,21.9601,21.5175,21.9601,1849500
2009-12-31,21.9324,22.0638,21.8149,21.8356,1445100
2010-01-04,21.9808,22.2574,21.8563,21.8978,2102700
2010-01-05,21.8978,21.9946,21.718,21.8633,2040100
2010-01-06,21.9255,22.0223,21.6697,21.8218,2105000
2010-01-07,21.7526,21.884,21.483,21.6489,2033400
2010-01-08,21.5729,21.7872,21.4346,21.7734,2393100
2010-01-11,21.8356,21.8425,21.3239,21.6489,2963900
2010-01-12,21.1234,21.2617,20.5357,20.75,6868800
2010-01-13,20.8814,20.8814,20.3213,20.7431,5327100
2010-01-14,20.7431,20.7777,20.3144,20.7224,5073700
2010-01-15,20.6394,20.6394,20.0033,20.024,5807800
2010-01-19,20.0724,20.432,20.0655,20.3767,3906700
2010-01-20,20.4112,20.4112,19.7405,20.0033,4657200
2010-01-21,20.1416,20.4112,19.8996,20.0932,4415200
2010-01-22,20.1208,20.1208,19.1252,19.1943,4761400
2010-01-25,19.2704,19.5815,19.2081,19.3672,2937000
2010-01-26,19.1805,19.3533,19.0491,19.0837,3203300
2010-01-27,18.9661,19.3603,18.9246,19.1528,4760700
2010-01-28,19.1252,19.1528,18.4061,18.7725,7521600
2010-01-29,19.0837,19.3257,18.5029,18.6412,7080100
2010-02-01,18.7034,19.0906,18.6135,19.0284,4133900
2010-02-02,19.0491,19.3119,18.9108,19.2081,2902000
2010-02-03,19.0975,19.2704,18.9938,19.1182,2201000
2010-02-04,18.973,18.973,18.3231,18.3231,5900100
2010-02-05,18.3231,18.6342,18.2401,18.5997,5844800
2010-02-08,18.655,18.7725,18.3093,18.5305,5526400
2010-02-09,18.814,19.056,18.6135,18.7518,4841300
2010-02-10,18.6896,18.9592,18.5444,18.7034,4745300
2010-02-11,18.7933,19.3464,18.6204,19.1321,8066300
2010-02-12,19.0214,19.4985,18.8002,19.3533,7836200
2010-02-16,19.7751,19.8373,19.457,19.7751,6318100
2010-02-17,19.8235,19.948,19.3672,19.623,6629000
2010-02-18,20.024,20.6048,19.7267,20.4458,10230000
2010-02-19,20.3006,20.7431,20.2453,20.5703,3853400
2010-02-22,20.7086,20.7708,20.4596,20.6671,4298200
2010-02-23,20.5841,20.6602,19.9964,20.1554,6081200
2010-02-24,20.2591,20.508,20.1969,20.3905,3698100
2010-02-25,20.19,20.4873,19.8788,20.4873,4270500
2010-02-26,20.5979,20.5979,20.0379,20.2176,3606800
2010-03-01,20.266,20.6394,20.2591,20.6187,3629400
2010-03-02,20.6809,20.8399,20.3628,20.4804,4293600
2010-03-03,20.6196,20.7171,20.2994,20.3203,2398800
2010-03-04,20.3968,20.4664,20.1114,20.2367,2814600
2010-03-05,20.3968,20.7379,20.2715,20.5361,3195700
2010-03-08,20.4873,20.6057,20.4177,20.55,2995700
2010-03-09,20.376,20.4943,20.1254,20.362,4010700
2010-03-10,20.7171,21.1765,20.6614,20.9398,5723100
2010-03-11,20.8841,20.8841,20.1741,20.3063,5894800
2010-03-12,20.4038,20.543,20.1532,20.1741,3475400
2010-03-15,20.2019,20.2228,20.014,20.1323,2589200
2010-03-16,20.2298,20.9189,20.1602,20.8911,5235400
2010-03-17,20.9607,21.2879,20.905,21.1835,3439300
2010-03-18,21.26,21.26,20.8841,20.9955,2673600
2010-03-19,20.7101,21.1487,20.6335,20.7101,4870300
2010-03-22,20.6057,21.0373,20.5987,20.9329,2386500
2010-03-23,20.9607,21.1904,20.8911,21.1835,1911000
2010-03-24,21.1069,21.1069,20.2089,20.2298,7601100
2010-03-25,20.3968,20.55,20.0975,20.1462,5233800
2010-03-26,20.1462,20.3133,19.6381,19.833,5712500
2010-03-29,19.8608,20.2437,19.8608,20.0627,4141500
2010-03-30,20.1114,20.2785,19.9304,20.195,2870600
2010-03-31,20.0557,20.2715,19.9931,20.0627,2956500
2010-04-01,20.188,20.4316,19.8608,20.0627,2076900
2010-04-05,20.1114,20.5848,20.1114,20.5013,2608700
2010-04-06,20.4247,20.5013,20.1741,20.3899,2424000
2010-04-07,20.2994,20.6405,20.2158,20.5082,3822900
2010-04-08,20.3968,20.4665,20.014,20.181,4642300
2010-04-09,20.2228,20.2715,20.0557,20.2646,3324000
2010-04-12,20.3203,20.7101,20.2646,20.5709,3073900
2010-04-13,20.5778,20.7449,20.4317,20.731,2674100
2010-04-14,21.0512,21.8378,21.0442,21.8239,7090600
2010-04-15,21.7125,21.9283,21.5733,21.8239,4419200
2010-04-16,21.7056,21.7056,21.1139,21.2879,7443100
2010-04-19,21.2044,21.3436,20.6962,21.1696,3712800
2010-04-20,21.2461,21.5385,21.1626,21.4062,3036800
2010-04-21,21.5107,21.622,20.8354,21.086,4365200
2010-04-22,20.8493,21.2183,20.3551,21.1765,3105000
2010-04-23,21.1417,21.3575,20.731,21.3506,3670800
2010-04-26,21.4132,21.7961,21.3645,21.6708,4520200
2010-04-27,21.5594,21.5733,20.905,20.912,6192100
2010-04-28,21.0512,21.1835,20.557,21.0582,7435300
2010-04-29,21.1139,21.5385,20.9329,21.4758,4682900
2010-04-30,21.5524,21.5524,20.6683,20.8354,6010000
2010-05-03,21.0442,21.1835,20.7936,20.9468,3746900
2010-05-04,20.6475,20.6475,20.1184,20.4665,4985100
2010-05-05,20.2158,20.6683,19.819,20.3551,3901900
2010-05-06,20.2158,20.5152,18.2945,19.5476,6378100
2010-05-07,19.4292,19.8747,18.8375,19.3109,10258200
2010-05-10,20.1323,20.3203,19.9235,20.3133,4676900
2010-05-11,20.1045,20.3551,19.638,20.0905,4861500
2010-05-12,20.2019,20.4665,20.0697,20.4386,2668600
2010-05-13,20.2785,20.4873,19.8121,19.8956,3480500
2010-05-14,19.7773,19.7773,18.9698,19.3387,5488900
2010-05-17,19.3666,19.7634,19.0533,19.7355,4415500
2010-05-18,19.9583,20.0905,19.109,19.2134,6255600
2010-05-19,19.5406,20.3133,19.1925,20.0279,12425800
2010-05-20,19.5684,19.9583,19.3178,19.5754,9662300
2010-05-21,19.3248,20.2158,19.1508,19.9374,8347300
2010-05-24,19.8747,20.1184,19.6172,19.819,7039800
2010-05-25,19.3039,19.9583,19.0672,19.9583,6176600
2010-05-26,20.2389,20.3301,19.9442,19.9793,6733400
2010-05-27,20.3581,20.8492,20.309,20.8492,5626100
2010-05-28,20.8071,20.8632,20.2459,20.4634,4655000
2010-06-01,20.3301,20.6879,20.1687,20.2529,4551400
2010-06-02,20.302,20.9123,20.1266,20.9123,4572500
2010-06-03,20.8282,21.3262,20.8282,21.3052,6176800
2010-06-04,20.765,21.1368,20.2108,20.3441,5744000
2010-06-07,20.4353,20.5546,19.5935,19.6145,6785900
2010-06-08,19.7198,19.7408,19.1375,19.7057,7374000
2010-06-09,19.8601,20.0775,19.4462,19.5514,5059700
2010-06-10,19.811,20.1828,19.7548,20.0775,3913500
2010-06-11,19.7198,20.4213,19.7198,20.3722,3395000
2010-06-14,20.6037,20.6598,20.2389,20.2599,3706100
2010-06-15,20.4002,21.3403,20.2529,21.2982,4369300
2010-06-16,21.1649,21.6279,21.0246,21.4665,4786500
2010-06-17,21.6068,21.6489,21.2701,21.5016,4123500
2010-06-18,21.4946,21.6209,21.3403,21.4104,2752000
2010-06-21,21.684,21.7331,21.0947,21.2421,3379100
2010-06-22,21.2841,21.5086,20.6878,20.751,3194100
2010-06-23,20.772,21.1579,20.4984,20.9053,3745900
2010-06-24,20.8843,20.8913,20.4283,20.5335,2590900
2010-06-25,20.6037,20.6037,20.0986,20.4283,4210000
2010-06-28,20.4774,20.6598,20.3231,20.4984,3596500
2010-06-29,20.1617,20.1757,19.6075,19.8109,4053200
2010-06-30,19.8039,20.0074,19.4672,19.5444,4373200
2010-07-01,19.5444,19.825,19.1164,19.5865,4596700
2010-07-02,19.6566,19.7268,19.2427,19.5514,3150900
2010-07-06,19.825,20.0425,19.369,19.5654,2926500
2010-07-07,19.5584,20.6598,19.5584,20.6528,4017000
2010-07-08,20.8773,20.8773,20.1126,20.4002,4818200
2010-07-09,20.4283,20.5756,20.274,20.5546,2078200
2010-07-12,20.4493,20.7931,20.4143,20.5967,3672400
2010-07-13,20.8001,21.1789,20.7229,21.0807,3992100
2010-07-14,21.3262,21.3964,20.6317,20.765,4864400
2010-07-15,20.744,20.9194,20.4985,20.8562,3511400
2010-07-16,20.7229,20.8352,20.4704,20.4914,4451100
2010-07-19,20.5546,21.0807,20.5195,21.0526,2949300
2010-07-20,20.6107,21.0807,20.309,21.0807,3493800
2010-07-21,21.0947,21.1438,20.5967,20.744,4005400
2010-07-22,20.9965,21.5086,20.8562,21.4736,5531400
2010-07-23,21.4455,21.6489,21.1649,21.6489,3570200
2010-07-26,21.5156,21.8945,21.3052,21.8875,2629700
2010-07-27,21.9787,22.0067,21.6419,21.7752,3254100
2010-07-28,21.663,21.7752,21.1789,21.2631,4314400
2010-07-29,21.4034,21.4595,20.6247,20.8632,4572800
2010-07-30,20.6949,20.9614,20.3932,20.8422,3133000
2010-08-02,21.1579,21.228,20.7931,21.1088,2730700
2010-08-03,21.0947,21.0947,20.8352,20.9544,2032800
2010-08-04,21.0597,21.228,20.8562,21.214,2366900
2010-08-05,21.1088,21.4736,21.0807,21.207,1918900
2010-08-06,20.9825,21.3192,20.8913,21.1649,3333300
2010-08-09,21.3122,21.4595,21.0597,21.3894,1727500
2010-08-10,21.1298,21.1298,20.6668,20.9685,4049800
2010-08-11,20.5686,20.5686,20.1758,20.4073,4872500
2010-08-12,20.0635,20.4072,19.6636,19.8039,6619800
2010-08-13,19.7548,19.9372,19.6566,19.6917,2710100
2010-08-16,19.6075,19.9513,19.4462,19.8951,3273200
2010-08-17,20.0775,20.3932,19.9232,20.2108,4393000
2010-08-18,20.6037,21.221,20.3792,21.1017,11079100
2010-08-19,21.0597,21.2,20.7159,20.8141,6124600
2010-08-20,20.751,21.0106,20.5335,20.7791,5005500
2010-08-23,20.8703,20.9965,20.5756,20.9825,6099500
2010-08-24,20.6738,20.6949,20.1196,20.5686,7688100
2010-08-25,20.4979,20.5403,20.1516,20.505,6037600
2010-08-26,20.5686,20.6676,20.2859,20.4696,5504600
2010-08-27,20.6463,20.7241,19.9466,20.6534,6747600
2010-08-30,20.5827,20.5827,20.0597,20.0597,4537300
2010-08-31,20.0597,20.1162,19.5437,19.7063,7700400
2010-09-01,19.9254,20.3212,19.7204,20.1445,5865200
2010-09-02,20.2435,20.6393,20.201,20.6322,2942400
2010-09-03,20.8301,21.0351,20.5545,20.915,2831300
2010-09-07,20.816,20.816,20.2152,20.2647,4545600
2010-09-08,20.3212,20.4838,20.0173,20.3707,4812500
2010-09-09,20.6251,20.6322,20.2717,20.3636,2868900
2010-09-10,20.0809,20.1586,19.4023,19.7416,12363500
2010-09-13,19.9678,20.3778,19.8618,20.3071,4427300
2010-09-14,20.3,20.816,20.1445,20.6039,4335000
2010-09-15,20.4626,20.4979,20.1162,20.4272,4830700
2010-09-16,20.3778,20.8443,20.2717,20.8372,4112100
2010-09-17,20.9432,21.1765,20.7524,21.1411,6120500
2010-09-20,21.2047,21.2542,20.8301,21.2189,5350800
2010-09-21,21.2189,21.339,21.021,21.2189,4532200
2010-09-22,21.0634,21.2613,20.6322,20.717,6592500
2010-09-23,20.505,21.1835,20.3283,20.816,3886400
2010-09-24,21.0775,21.8197,21.0351,21.8197,5116800
2010-09-27,21.7914,22.0812,21.6783,21.9186,3983500
2010-09-28,21.8974,22.4275,21.6783,22.3851,7174000
2010-09-29,22.1519,22.5901,22.0671,22.3145,5407400
2010-09-30,22.3569,22.583,21.9398,22.1802,4083000
2010-10-01,22.2862,22.6113,21.9681,22.1872,4713500
2010-10-04,22.0671,22.2296,21.6924,21.9328,4134400
2010-10-05,22.159,22.6255,22.0035,22.6255,4238600
2010-10-06,22.4488,22.6043,22.0883,22.3357,3944600
2010-10-07,22.4134,22.6184,22.1024,22.5548,3600000
2010-10-08,22.5124,22.9223,22.2508,22.8587,4984600
2010-10-11,22.8587,23.2051,22.7598,22.9647,2852400
2010-10-12,22.9718,23.1414,22.8163,23.0142,5494600
2010-10-13,22.3993,22.6254,22.1731,22.2084,8798300
2010-10-14,22.3286,22.4699,22.0883,22.2084,7141900
2010-10-15,22.4275,22.5053,22.1095,22.3851,4622800
2010-10-18,22.3286,22.371,21.855,22.3003,3672700
2010-10-19,22.0247,22.477,21.8126,22.1024,5103900
2010-10-20,22.0883,22.4417,22.0671,22.2933,4160400
2010-10-21,22.3781,22.477,22.0176,22.1943,3905800
2010-10-22,22.166,22.6396,22.166,22.6255,2729900
2010-10-25,22.7244,23.0354,22.7244,22.8092,3172400
2010-10-26,22.6184,22.6961,22.4134,22.6113,3073500
2010-10-27,22.4346,23.2333,22.4346,23.1768,4811800
2010-10-28,23.2192,23.2899,22.7456,23.2757,4292700
2010-10-29,23.2616,24.0957,23.1697,23.7988,7019000
2010-11-01,23.9826,24.0745,23.7069,23.8907,3508500
2010-11-02,24.0532,24.3289,23.9472,24.2794,3313800
2010-11-03,24.2724,24.4985,23.9755,24.4985,4040200
2010-11-04,24.7177,25.1842,24.5551,25.1842,6189300
2010-11-05,25.0923,25.2054,24.8732,25.1135,4794100
2010-11-08,25.0145,25.2336,24.7813,25.0357,4130900
2010-11-09,25.1276,25.163,24.6894,24.7883,3049200
2010-11-10,24.7459,24.7459,24.237,24.5339,4929300
2010-11-11,23.7988,24.1593,23.4524,24.0815,6462000
2010-11-12,23.9967,24.343,23.8412,24.1805,4014600
2010-11-15,24.2582,24.343,24.032,24.0674,2761300
2010-11-16,23.9189,24.1663,23.6928,23.8624,3922900
2010-11-17,23.9189,24.1451,23.7422,23.9755,1881600
2010-11-18,24.0815,24.5127,24.0603,24.4208,2989300
2010-11-19,24.442,24.8944,24.4279,24.8661,3780500
2010-11-22,24.9226,25.4457,24.753,25.4174,6321800
2010-11-23,25.1064,25.4952,24.9509,25.2407,4943800
2010-11-24,25.4528,25.792,25.3467,25.7072,2863800
2010-11-26,25.4386,25.5658,25.2902,25.3467,1468500
2010-11-29,25.2831,25.6012,24.965,25.2902,4080000
2010-11-30,25.1064,25.2336,24.6894,25.1347,4288800
2010-12-01,25.6183,26.1731,25.5472,26.0735,5062300
2010-12-02,26.045,26.5927,25.9455,26.5002,4077700
2010-12-03,26.4291,26.8061,26.3793,26.7634,2942000
2010-12-06,26.9981,27.0052,26.3438,26.4433,4624000
2010-12-07,26.7278,27.1119,26.6923,26.927,6648500
2010-12-08,26.9412,27.2541,26.8701,27.1901,4369900
2010-12-09,27.3466,27.4533,27.0621,27.119,4132800
2010-12-10,27.0123,27.0834,26.7349,26.8416,2795100
2010-12-13,26.9696,26.9768,26.6211,26.7136,3774300
2010-12-14,26.7989,26.9127,26.5429,26.6638,3278800
2010-12-15,26.5927,26.7207,26.2869,26.4149,2885400
2010-12-16,26.5145,26.5642,26.2869,26.5145,2311900
2010-12-17,26.5856,26.7492,26.5144,26.6638,2895100
2010-12-20,26.7349,26.7989,26.5216,26.6852,2282000
2010-12-21,26.8487,27.1901,26.8487,27.0123,4328300
2010-12-22,26.7492,26.8985,26.6069,26.7278,3574700
2010-12-23,26.6354,26.8487,26.6354,26.7918,1568200
2010-12-27,26.6567,27.1475,26.6283,27.1119,1689100
2010-12-28,27.0408,27.1475,26.6852,26.7065,1888000
2010-12-29,26.8132,26.9483,26.7065,26.7705,1648700
2010-12-30,26.7989,27.1332,26.6851,26.9981,1647700
2010-12-31,26.9625,27.0408,26.7492,26.7918,826800
2011-01-03,26.799,27.3324,26.4078,26.991,3606200
2011-01-04,27.1688,27.1688,26.614,26.6852,2907600
2011-01-05,26.6211,26.7421,26.2442,26.7421,3651300
2011-01-06,26.8487,27.119,26.7136,26.8914,2987200
2011-01-07,26.9839,27.0977,26.6709,26.7349,3963300
2011-01-10,26.6354,26.9483,26.5002,26.8132,3407400
2011-01-11,26.8416,27.1048,26.7563,27.0479,2362200
2011-01-12,26.8559,27.1119,26.8487,27.055,2618600
2011-01-13,26.9839,27.0621,26.8345,26.9199,2124100
2011-01-14,26.8843,27.5244,26.8203,27.4533,3651100
2011-01-18,27.56,28.3494,27.5315,28.3494,5599600
2011-01-19,27.6666,28.0863,27.6666,27.7662,3999700
2011-01-20,27.8729,27.9227,27.3181,27.688,4843600
2011-01-21,27.9227,28.0507,27.4675,27.5742,3637600
2011-01-24,27.5671,28.0934,27.4462,27.9867,3161600
2011-01-25,27.9227,27.9654,27.4319,27.5813,2937700
2011-01-26,27.752,27.752,27.3608,27.6595,3254700
2011-01-27,27.7591,28.2143,27.7235,27.8658,3211700
2011-01-28,27.9511,28.0863,27.2115,27.2399,4059500
2011-01-31,27.3395,27.752,27.1474,27.6169,3630300
2011-02-01,27.8018,28.2356,27.7804,28.2143,2860600
2011-02-02,28.1574,28.4205,28.1218,28.2783,2779200
2011-02-03,28.2641,28.3067,27.8302,27.9013,2370900
2011-02-04,28.0294,28.449,27.9298,28.449,3040800
2011-02-07,28.513,28.7904,28.257,28.3494,3113400
2011-02-08,28.321,28.321,27.8587,28.1787,2760200
2011-02-09,28.1005,28.4134,27.9867,28.3139,2338000
2011-02-10,28.1076,28.449,27.9369,28.4419,1919200
2011-02-11,28.2783,28.9824,28.2285,28.8686,2840300
2011-02-14,28.9469,29.2456,28.9469,29.1531,2524600
2011-02-15,29.5301,29.6296,29.0749,29.1602,3731500
2011-02-16,28.5912,29.2384,28.5557,29.0464,5198400
2011-02-17,28.9966,29.4163,28.8331,29.2954,2863700
2011-02-18,29.3594,29.4305,29.0677,29.2456,2490300
2011-02-22,28.8544,29.0251,28.3779,28.4917,2915800
2011-02-23,28.4206,28.5343,27.5884,27.8871,3064800
2011-02-24,27.8302,28.2072,27.6453,27.9298,3035200
2011-02-25,28.0578,28.5059,28.0436,28.4419,1597200
2011-02-28,28.6126,28.6766,27.9796,28.3636,2184800
2011-03-01,28.2996,28.5557,27.7591,27.8587,3113600
2011-03-02,27.9087,28.6597,27.8372,28.4237,2661800
2011-03-03,28.6955,29.3178,28.6669,29.2963,3159600
2011-03-04,29.2105,29.3178,28.8457,29.0603,2456500
2011-03-07,29.0674,29.1389,27.9373,28.3379,3370800
2011-03-08,28.4166,28.6883,28.0732,28.4809,2225400
2011-03-09,28.3593,28.3665,27.3294,27.544,3074700
2011-03-10,27.2722,27.5154,26.9146,27.122,2794700
2011-03-11,27.1148,27.6441,27.029,27.2865,3498200
2011-03-14,27.1506,27.5011,26.9932,27.3008,2190000
2011-03-15,26.5069,27.0433,26.0062,26.8931,4167200
2011-03-16,26.7858,27.0791,25.9561,26.1349,4665600
2011-03-17,26.5355,27.0004,26.3495,26.7214,4271000
2011-03-18,27.0934,27.1363,26.6857,27.0504,4827000
2011-03-21,27.1721,27.5726,27.1721,27.265,2204300
2011-03-22,27.2793,27.5011,27.0505,27.1577,1936800
2011-03-23,27.0862,27.5011,26.9074,27.451,1786300
2011-03-24,27.6584,27.9874,27.4796,27.966,3714100
2011-03-25,28.0375,28.2235,27.8873,27.9087,1726300
2011-03-28,27.9874,28.2521,27.8372,27.8658,1713100
2011-03-29,27.8372,28.2592,27.5368,28.2521,1543300
2011-03-30,28.4666,28.4952,27.9731,28.2521,1382600
2011-03-31,28.1448,28.3665,28.0303,28.1662,1724100
2011-04-01,28.4809,28.5167,27.9159,28.0089,2003900
2011-04-04,27.9803,28.0375,27.3866,27.5368,2569600
2011-04-05,27.8658,27.8873,27.2507,27.451,4831600
2011-04-06,27.5583,28.1519,27.451,28.0947,3163300
2011-04-07,28.0947,28.3093,27.8229,28.1305,3115600
2011-04-08,28.2449,28.3236,27.7943,27.9374,2068600
2011-04-11,27.9445,27.966,27.358,27.4939,2796300
2011-04-12,27.3079,27.3652,26.8216,27.0004,2757000
2011-04-13,27.1434,27.2436,26.9074,27.0719,2838800
2011-04-14,26.9289,26.9789,26.6857,26.9432,2999700
2011-04-15,26.9646,27.3008,26.6285,27.2936,2757300
2011-04-18,26.9003,26.9861,26.4282,26.4783,3819200
2011-04-19,26.5641,26.7644,26.3924,26.7071,3026500
2011-04-20,27.2436,27.9302,27.1434,27.8801,2778900
2011-04-21,28.0375,28.1662,27.8944,27.966,1610300
2011-04-25,28.0446,28.2234,27.966,28.0089,1482100
2011-04-26,28.1591,28.6669,27.9803,28.5954,2600000
2011-04-27,28.6884,29.0174,28.5238,29.0031,2167500
2011-04-28,28.9029,29.1461,28.767,28.9959,1514000
2011-04-29,28.9673,29.1247,28.7956,28.8314,1933500
2011-05-02,28.9816,29.1676,28.7956,28.8886,2576700
2011-05-03,28.8672,28.9101,28.4595,28.7384,1391600
2011-05-04,28.6812,29.0603,28.4523,28.8958,2228900
2011-05-05,28.767,29.3249,28.7599,28.8529,2047700
2011-05-06,29.1318,29.4608,28.9101,28.9888,2114900
2011-05-09,28.9673,29.3178,28.9101,29.1962,2125800
2011-05-10,29.3964,29.7326,29.2033,29.5896,2843100
2011-05-11,29.5466,29.6754,29.046,29.1461,1992200
2011-05-12,29.0031,29.8256,28.9602,29.6611,2073200
2011-05-13,29.611,29.6825,29.1604,29.1747,2392400
2011-05-16,29.1604,29.518,28.9673,29.0031,1897200
2011-05-17,28.9458,28.9458,28.4809,28.7742,2914000
2011-05-18,30.0402,30.9557,29.468,30.4693,10044200
2011-05-19,30.5194,30.6696,30.0473,30.2619,6321200
2011-05-20,30.1832,30.1832,29.8613,29.8971,4045000
2011-05-23,29.6396,29.6396,29.1747,29.3464,4174600
2011-05-24,29.4823,29.4823,28.8672,28.9315,3647200
2011-05-25,28.9171,28.9459,28.694,28.7588,5421500
2011-05-26,28.7156,29.1762,28.6725,29.0611,2800400
2011-05-27,29.1834,29.2698,29.0755,29.1834,1895400
2011-05-31,29.6656,29.6656,29.2338,29.6296,3553400
2011-06-01,29.4569,29.5577,28.5573,28.6869,3208700
2011-06-02,28.7804,28.9243,28.4853,28.6725,2371900
2011-06-03,28.291,28.5573,28.0391,28.1255,2346600
2011-06-06,28.1255,28.3198,28.0463,28.0679,2503300
2011-06-07,28.1471,28.6077,28.0967,28.3846,2946000
2011-06-08,28.2622,28.2622,27.6649,27.7369,2722400
2011-06-09,27.996,27.996,27.6289,27.6649,3149500
2011-06-10,27.5713,27.6289,27.0028,27.2547,2875100
2011-06-13,27.2834,27.4058,26.83,26.974,2406900
2011-06-14,27.2834,27.4346,27.2043,27.269,3286500
2011-06-15,27.01,27.2906,26.5062,26.5997,4330200
2011-06-16,26.6285,26.7725,26.3047,26.4342,4749100
2011-06-17,26.7581,26.8156,26.2183,26.3263,3376500
2011-06-20,26.2255,26.5278,26.1823,26.4414,2569400
2011-06-21,26.5062,27.2115,26.3335,27.0244,3429600
2011-06-22,26.8444,27.1035,26.7869,26.8588,1866700
2011-06-23,26.5422,27.377,26.4054,27.3338,3872800
2011-06-24,27.2691,27.3914,26.7725,26.8588,3222400
2011-06-27,26.9092,27.4202,26.5638,27.2331,2400100
2011-06-28,27.2763,27.5569,27.1179,27.5497,2628800
2011-06-29,27.8376,27.9024,27.4346,27.5641,2900100
2011-06-30,27.6433,28.291,27.6433,28.1687,3196100
2011-07-01,28.1399,28.9243,27.9599,28.766,3090000
2011-07-05,28.7012,28.7804,28.2622,28.399,2068100
2011-07-06,28.3918,28.5429,27.9887,28.5213,2666000
2011-07-07,28.7372,29.1402,28.5645,28.9243,2435200
2011-07-08,28.4997,28.6149,28.2118,28.5141,2172600
2011-07-11,28.1975,28.4925,27.6289,27.7369,3429700
2011-07-12,27.2691,27.2691,26.0744,26.3119,8342400
2011-07-13,26.535,26.5997,25.9736,26.096,4021700
2011-07-14,26.2183,26.4414,25.6426,25.8297,4670400
2011-07-15,26.0456,26.0456,25.5922,25.7433,3904500
2011-07-18,25.6929,25.6929,25.2179,25.5202,3606900
2011-07-19,25.7073,26.06,25.7073,25.9736,3005100
2011-07-20,26.3694,26.4702,25.8801,25.988,3820200
2011-07-21,26.1104,26.3119,25.621,26.2615,3105900
2011-07-22,26.1895,26.7509,26.1607,26.6717,3135000
2011-07-25,26.2975,26.4774,26.0888,26.1967,3678400
2011-07-26,26.2543,26.6717,26.2543,26.4774,3002400
2011-07-27,25.8081,26.0744,25.0164,25.0812,6495400
2011-07-28,25.0452,25.3331,24.7789,24.966,4097300
2011-07-29,24.7286,25.1316,24.4839,24.7573,3756700
2011-08-01,25.1244,25.146,24.2751,24.527,4379000
2011-08-02,24.2248,24.5054,23.7354,23.7354,4854100
2011-08-03,23.5195,24.1528,23.4403,24.1096,5070100
2011-08-04,23.8361,23.8937,22.7638,22.7638,6785200
2011-08-05,23.0877,23.21,22.0873,22.6702,9427700
2011-08-08,22.0873,22.5767,21.6483,21.7202,8762000
2011-08-09,22.26,22.368,21.0365,22.3104,11665300
2011-08-10,21.9146,22.5551,21.4036,22.0729,12990200
2011-08-11,22.0873,22.9005,21.9865,22.6702,9291000
2011-08-12,22.771,22.8718,22.26,22.663,5900500
2011-08-15,22.8214,23.0877,22.5551,23.0877,5220000
2011-08-16,22.8933,22.9293,22.3608,22.5623,6122200
2011-08-17,22.6558,23.2748,22.3896,22.807,8532100
2011-08-18,22.1521,22.296,21.4468,22.2312,9435500
2011-08-19,21.9505,23.0445,21.9505,22.1665,8084300
2011-08-22,22.6414,22.735,22.2096,22.4543,4903900
2011-08-23,22.5911,23.577,22.4039,23.577,6208300
2011-08-24,23.6133,23.6133,23.0549,23.461,5743600
2011-08-25,23.4393,23.6858,23.0259,23.0549,7150500
2011-08-26,22.9388,23.5408,22.6052,23.4828,4168000
2011-08-29,23.7801,24.0412,23.6568,24.0194,3723600
2011-08-30,23.9469,24.1572,23.6278,24.0194,4168600
2011-08-31,24.1427,24.266,23.7656,23.9469,4942000
2011-09-01,24.0049,24.353,23.7729,23.8164,4369900
2011-09-02,23.3885,23.4538,23.0621,23.2144,3540700
2011-09-06,22.4167,22.9679,22.4167,22.9243,3767300
2011-09-07,23.3522,23.7366,23.3305,23.7366,3313600
2011-09-08,23.6423,24.2878,23.5045,23.6858,4992700
2011-09-09,23.432,23.9251,23.1637,23.2869,6544500
2011-09-12,22.9824,23.8091,22.9824,23.8091,3765200
2011-09-13,23.8816,24.2007,23.7003,24.1355,3525900
2011-09-14,24.3603,25.2088,24.0702,24.9477,6232900
2011-09-15,25.1363,25.3248,24.7302,24.9187,4524900
2011-09-16,25.2233,25.4771,24.955,25.0928,3966400
2011-09-19,25.0493,25.2016,24.5706,25.0855,3553800
2011-09-20,25.2015,25.2668,24.7447,24.7809,2810700
2011-09-21,24.8969,25.129,24.0919,24.1064,4242200
2011-09-22,23.4175,23.6641,22.8881,23.2652,6891300
2011-09-23,23.2144,23.9759,23.0839,23.8236,4614800
2011-09-26,23.9542,23.9687,23.0259,23.6641,5029100
2011-09-27,24.0194,24.8027,23.9542,24.3675,4215900
2011-09-28,24.3675,24.4836,23.5263,23.6061,3203200
2011-09-29,23.9469,24.0847,23.0041,23.5045,5280400
2011-09-30,23.1201,23.403,22.6633,22.6633,5667500
2011-10-03,23.0476,23.3232,22.4965,22.5327,6494200
2011-10-04,22.2499,23.432,22.2281,23.432,5500000
2011-10-05,23.4465,24.2878,23.1637,24.2588,3875700
2011-10-06,24.121,24.6359,24.0194,24.6069,4405400
2011-10-07,24.7011,25.1943,24.4618,24.8389,4439500
2011-10-10,25.3103,25.4699,25.0855,25.3611,2406300
2011-10-11,25.158,25.3103,24.984,25.1363,2619100
2011-10-12,25.4626,25.6947,25.2523,25.3031,3563300
2011-10-13,25.1435,26.0065,25.0928,25.8833,5019100
2011-10-14,26.1153,26.1153,25.5279,25.9775,2458400
2011-10-17,25.7817,25.9123,25.1145,25.2161,3210700
2011-10-18,25.2088,25.9703,25.013,25.876,4063300
2011-10-19,25.7962,25.9413,25.187,25.2523,3818000
2011-10-20,25.1943,25.2813,24.6069,24.7519,6011100
2011-10-21,25.2233,25.7455,25.0638,25.4771,4598100
2011-10-24,25.6004,26.4707,25.5859,26.1588,3151500
2011-10-25,25.876,26.3692,25.6367,26.0646,4142400
2011-10-26,26.2894,26.4924,25.818,26.2386,3788800
2011-10-27,26.8986,27.1814,26.6157,27.0146,3101000
2011-10-28,26.8188,27.3772,26.6737,27.341,4155000
2011-10-31,26.9856,27.0799,26.5142,26.5215,3337200
2011-11-01,25.731,26.0428,25.5424,25.6947,4180900
2011-11-02,26.0356,26.0573,25.5424,25.7455,2348100
2011-11-03,25.9848,26.5795,25.6294,26.536,3243200
2011-11-04,26.3329,27.1161,26.3039,27.0146,2961200
2011-11-07,26.9203,27.0364,26.4562,26.6447,2755500
2011-11-08,26.768,26.9783,26.4489,26.9276,2512300
2011-11-09,26.2676,26.3546,25.5061,25.5642,4614900
2011-11-10,25.8978,26.1153,25.5932,26.0283,3257300
2011-11-11,26.3184,26.8188,26.2966,26.7318,1835200
2011-11-14,26.7463,26.9276,26.2169,26.3764,1846500
2011-11-15,26.1878,26.8115,26.1878,26.5867,1986800
2011-11-16,26.2749,27.2104,26.1371,26.507,4165600
2011-11-17,26.4127,26.5287,25.4264,25.7455,4777200
2011-11-18,26.0283,26.0646,25.5351,25.6004,2926500
2011-11-21,25.2378,25.3611,24.6431,24.9042,4364300
2011-11-22,24.6794,24.8389,23.8816,24.1645,5792500
2011-11-23,23.8816,23.9687,23.4175,23.577,4282800
2011-11-25,23.4102,23.8164,23.3377,23.4102,1677600
2011-11-28,24.1065,24.237,23.6786,23.8599,3551500
2011-11-29,23.9106,24.4401,23.8236,24.0992,4504900
2011-11-30,24.6692,25.5095,24.5888,25.473,4086700
2011-12-01,25.3341,25.8164,25.2684,25.7287,3218600
2011-12-02,26.6494,26.8906,25.7068,25.7653,3790600
2011-12-05,26.1818,26.569,25.9333,26.2694,4112400
2011-12-06,26.2987,26.4448,26.0575,26.211,2417900
2011-12-07,26.0502,26.2841,25.7652,26.1598,2694500
2011-12-08,25.9991,26.2475,25.3341,25.3853,4334700
2011-12-09,25.0491,25.8676,24.7788,25.7214,3950500
2011-12-12,25.3999,25.4145,24.8665,25.1076,3691100
2011-12-13,25.1441,25.378,24.6473,24.7788,4092400
2011-12-14,24.7788,24.9103,24.5888,24.618,4241500
2011-12-15,24.903,25.1734,24.7715,24.8811,3122200
2011-12-16,25.0638,25.4218,24.8811,24.9615,4078300
2011-12-19,24.9761,25.1149,24.3915,24.4499,2761300
2011-12-20,24.7934,25.8895,24.7861,25.7799,4406700
2011-12-21,25.6995,25.8749,25.1661,25.6629,3249600
2011-12-22,25.6703,26.3498,25.6703,26.2621,2493100
2011-12-23,26.3425,26.5471,26.1452,26.4594,1334000
2011-12-27,26.306,26.759,26.306,26.5837,1553000
2011-12-28,26.5544,26.5544,25.9991,26.0137,1993900
2011-12-29,26.1598,26.306,26.0795,26.1964,1658500
2011-12-30,26.2548,26.3864,26.1087,26.1452,1030900
2012-01-03,26.6421,26.8248,26.2402,26.3279,3021500
2012-01-04,26.3133,26.3644,26.0502,26.2914,1428000
2012-01-05,26.1087,26.4667,26.1087,26.4083,2124300
2012-01-06,26.3864,26.4667,26.1452,26.2329,3533000
2012-01-09,26.2402,26.8102,26.2402,26.7444,2593900
2012-01-10,26.9344,27.0221,26.7298,26.8613,1953500
2012-01-11,26.7152,27.0367,26.7152,26.9709,1526100
2012-01-12,27.0367,27.3948,26.9344,27.2632,2653300
2012-01-13,27.0733,27.1171,26.6202,26.759,3376600
2012-01-17,26.9855,27.2413,26.9271,27.0659,2580800
2012-01-18,27.9793,28.827,27.8843,28.6077,7307100
2012-01-19,28.6224,29.0462,28.5493,28.9877,3599800
2012-01-20,29.0024,29.112,28.7831,29.0681,3180500
2012-01-23,29.0973,29.1996,28.7466,28.8635,2800700
2012-01-24,28.7101,29.207,28.6881,29.1193,2977600
2012-01-25,29.0243,29.1193,28.5566,29.0681,2866300
2012-01-26,29.1485,29.5066,28.6151,28.7028,3810200
2012-01-27,28.4762,28.922,28.4105,28.7612,3069400
2012-01-30,28.4397,28.6443,28.3009,28.5566,2322400
2012-01-31,28.7539,28.8927,28.4835,28.5931,2492700
2012-02-01,28.8343,29.1266,28.6443,28.7539,3186300
2012-02-02,28.8123,29.0973,28.6954,28.7466,2300900
2012-02-03,29.0681,29.3458,28.9512,29.2873,3688000
2012-02-06,29.1193,29.1266,28.827,28.9147,3152900
2012-02-07,28.7539,29.0754,28.6735,28.9877,2013400
2012-02-08,28.9877,29.4335,28.9366,29.1485,2361900
2012-02-09,29.2143,29.3458,29.0462,29.3019,2520400
2012-02-10,29.0389,29.0389,28.7247,28.8343,2381100
2012-02-13,29.0389,29.0827,28.4835,28.8635,2056500
2012-02-14,28.6662,28.8781,28.5493,28.8124,2109800
2012-02-15,28.9658,29.2581,28.8416,28.9512,2222300
2012-02-16,29.0023,29.6015,28.9731,29.4919,3169300
2012-02-17,29.828,29.8354,29.4042,29.5358,2035100
2012-02-21,29.7404,29.7404,29.2873,29.3677,2088000
2012-02-22,29.0389,29.4992,28.9439,29.0973,3278600
2012-02-23,29.1266,29.3531,28.542,28.7393,6144100
2012-02-24,28.8343,28.8343,28.2424,28.3885,4719500
2012-02-27,28.2278,28.6662,28.067,28.3666,3258500
2012-02-28,28.4616,29.0097,28.3666,28.9147,2687400
2012-02-29,29.0243,29.0608,28.6078,28.6516,2958500
2012-03-01,28.732,28.8343,28.3812,28.6077,2693700
2012-03-02,28.4908,28.6954,28.1986,28.2497,2334100
2012-03-05,28.1693,28.2278,27.5409,27.7382,2673600
2012-03-06,27.4313,28.0013,27.4094,27.8259,3586300
2012-03-07,27.8627,28.1941,27.8627,28.1352,2091800
2012-03-08,28.2973,28.4667,28.1279,28.4151,1872100
2012-03-09,28.4151,28.7318,28.3856,28.6434,2667700
2012-03-12,28.5771,28.7539,28.393,28.4593,1484500
2012-03-13,28.5698,29.0411,28.5256,29.0338,2042100
2012-03-14,28.997,29.4315,28.7244,28.7613,2876300
2012-03-15,28.857,29.3652,28.7465,29.3063,2263000
2012-03-16,29.4094,29.4389,29.1958,29.24,2274100
2012-03-19,29.1074,29.7703,29.0485,29.6746,3344600
2012-03-20,29.4315,29.5125,29.1664,29.4978,2938500
2012-03-21,29.4757,29.6746,29.461,29.5641,2211900
2012-03-22,29.321,29.5862,29.2253,29.3284,2231400
2012-03-23,29.3284,29.4536,29.2179,29.4021,1558000
2012-03-26,29.6083,29.785,29.5272,29.785,1312500
2012-03-27,29.7777,29.9029,29.704,29.7409,1675600
2012-03-28,29.704,29.8513,29.3579,29.5494,2422000
2012-03-29,29.3726,29.5272,29.2179,29.4683,2356900
2012-03-30,29.6377,29.8734,29.4315,29.7556,2125800
2012-04-02,29.7482,29.7998,29.3358,29.3873,2424800
2012-04-03,29.321,29.461,28.7024,28.7834,3624000
2012-04-04,28.5624,28.5698,28.1941,28.4961,2598600
2012-04-05,28.3415,28.5992,28.2973,28.5698,1575200
2012-04-09,28.2015,28.2089,27.8995,28.0174,2326300
2012-04-10,27.9511,28.1573,27.6344,27.7007,2018600
2012-04-11,27.9658,28.2015,27.8922,27.9437,1845400
2012-04-12,28.0395,28.7024,27.8922,28.5992,2496200
2012-04-13,28.5403,28.6361,28.0174,28.0174,1868200
2012-04-16,28.15,28.3709,27.8774,27.9364,1833900
2012-04-17,28.1426,28.5403,28.0689,28.4593,2518200
2012-04-18,28.1868,28.3709,28.0395,28.2752,1870000
2012-04-19,28.2825,28.614,28.0027,28.1942,2874500
2012-04-20,28.2236,28.3194,27.8038,27.848,3630100
2012-04-23,27.5755,27.5902,27.2146,27.4134,2703900
2012-04-24,27.6123,27.8259,27.4576,27.5902,2897600
2012-04-25,27.9143,27.9511,27.5165,27.8627,2506200
2012-04-26,27.8259,28.4077,27.8259,28.2678,1651500
2012-04-27,28.3856,28.8055,28.2383,28.7023,2451200
2012-04-30,28.6582,28.7539,28.5698,28.7097,2040800
2012-05-01,28.8349,28.9528,28.6213,28.7539,1422500
2012-05-02,28.5771,28.7834,28.4667,28.7171,1864000
2012-05-03,28.5477,28.8055,28.0763,28.1352,2177500
2012-05-04,27.9879,28.0763,27.5386,27.6197,1740000
2012-05-07,27.6418,27.7375,27.3987,27.5755,1232500
2012-05-08,27.3398,27.6712,27.0231,27.5828,1946400
2012-05-09,26.9715,27.4503,26.7285,27.3177,3785700
2012-05-10,27.5239,27.5239,26.9199,27.3471,3186800
2012-05-11,27.2735,27.7817,27.163,27.4944,1250000
2012-05-14,27.2514,27.4797,27.0746,27.3913,1196700
2012-05-15,27.3913,27.5166,26.9421,27.1778,2065200
2012-05-16,27.3251,27.3471,26.6916,26.7727,3452600
2012-05-17,26.8905,26.8905,26.2644,26.2792,2689500
2012-05-18,26.3823,26.3823,25.7783,25.8446,3300400
2012-05-21,25.8225,26.478,25.8225,26.4191,1629700
2012-05-22,26.4854,26.5517,26.154,26.3676,2625300
2012-05-23,25.2259,26.3381,25.2259,26.2792,3874800
2012-05-24,26.3602,26.6401,25.9993,26.5149,3225000
2012-05-25,26.4486,26.7947,26.3528,26.6548,1825800
2012-05-29,26.9273,27.1925,26.78,27.1778,2553300
2012-05-30,27.007,27.0292,26.658,26.8436,2265900
2012-05-31,26.8659,27.2074,26.6505,27.007,2957800
2012-06-01,26.4203,26.9401,26.4203,26.5391,3471700
2012-06-04,26.5317,26.8807,26.1233,26.4946,2661500
2012-06-05,26.45,26.9847,26.4278,26.8807,1830200
2012-06-06,27.0589,27.7272,27.007,27.7124,1923200
2012-06-07,28.0688,28.1282,27.3188,27.356,2257700
2012-06-08,27.3485,27.6233,27.2372,27.549,1886500
2012-06-11,27.9352,27.9426,26.9476,26.9773,1829300
2012-06-12,27.148,27.705,27.0515,27.6975,2034100
2012-06-13,27.5936,27.601,27.0961,27.1926,1921800
2012-06-14,27.3263,27.3263,26.799,27.0589,2253500
2012-06-15,27.1852,27.4376,26.9847,27.4079,2957800
2012-06-18,27.2966,27.9203,27.2223,27.8906,1881000
2012-06-19,28.0688,28.3436,27.9277,28.2173,2606300
2012-06-20,28.3361,28.5738,28.1802,28.4178,2218100
2012-06-21,28.3213,28.3807,27.6678,27.7124,2123200
2012-06-22,27.898,28.1579,27.8089,28.0168,7928300
2012-06-25,27.6901,27.705,27.3262,27.4451,2295700
2012-06-26,27.4748,27.5267,26.903,27.2,2434700
2012-06-27,27.304,27.6901,27.1926,27.5342,2328300
2012-06-28,27.2074,27.3782,26.8065,27.1183,3074600
2012-06-29,27.5268,27.9723,27.4896,27.9723,2371900
2012-07-02,27.9946,27.9946,27.4302,27.653,2138400
2012-07-03,27.6678,27.7124,27.2891,27.6827,1691000
2012-07-05,27.6159,27.9055,27.3263,27.7941,1593700
2012-07-06,27.5565,27.6233,26.8733,27.1926,2143900
2012-07-09,27.1777,27.1926,26.7174,26.9624,2122100
2012-07-10,26.8659,27.2149,26.6431,26.8213,2177900
2012-07-11,26.9178,27.2594,26.799,27.0589,2881900
2012-07-12,26.8287,26.8881,26.4426,26.606,1970300
2012-07-13,26.7025,27.1555,26.6802,27.0812,1431400
2012-07-16,26.9921,27.1555,26.7842,26.8659,2102700
2012-07-17,26.9698,27.2891,26.5763,27.1555,2828400
2012-07-18,27.1406,28.1356,27.0515,27.9129,2294000
2012-07-19,28.1357,28.4624,27.9426,28.2099,2894300
2012-07-20,28.1579,28.1653,27.6901,27.8386,1697200
2012-07-23,27.5862,27.5862,26.9995,27.4673,2215900
2012-07-24,27.4079,27.4822,27.0144,27.252,1662000
2012-07-25,27.3559,28.3287,27.3188,28.1802,3353500
2012-07-26,28.5218,28.8262,28.3139,28.4698,2500300
2012-07-27,28.7,29.3386,28.5812,29.2346,2492700
2012-07-30,29.2569,29.4054,28.8485,29.1233,1771700
2012-07-31,29.1827,29.4797,29.0119,29.0193,2609500
2012-08-01,29.2792,29.3906,28.8782,29.2198,3029800
2012-08-02,28.8856,29.3534,28.752,29.0193,2250500
2012-08-03,29.3312,29.6579,29.1827,29.5539,2329200
2012-08-06,29.6727,29.7322,29.5465,29.5836,1805900
2012-08-07,29.5985,30.0737,29.5985,29.7099,2491100
2012-08-08,29.747,29.9252,29.5614,29.8361,1672200
2012-08-09,29.7322,30.0663,29.7099,29.9698,1520800
2012-08-10,29.9252,30.0737,29.747,30.0218,2020500
2012-08-13,29.9624,30.096,29.7322,30.096,1654200
2012-08-14,30.1406,30.2371,29.799,29.9104,1676100
2012-08-15,29.8955,30.2371,29.8584,30.0218,1338800
2012-08-16,30.0218,30.3782,29.9995,30.3336,1011600
2012-08-17,30.3485,30.3633,30.0366,30.3114,1275000
2012-08-20,30.1331,30.2594,29.8807,30.1034,2074600
2012-08-21,30.148,30.2965,29.851,29.9549,3239900
2012-08-22,29.7025,29.851,29.2718,29.4797,3983200
2012-08-23,29.4648,29.5168,29.1455,29.3831,1820000
2012-08-24,29.3238,29.6431,29.2049,29.5094,1920100
2012-08-27,29.5762,29.5836,29.2198,29.4054,1349400
2012-08-28,29.3609,29.5242,29.2718,29.3683,1384900
2012-08-29,29.1887,29.6302,29.1887,29.5703,1357800
2012-08-30,29.5254,29.6975,29.286,29.473,1557600
2012-08-31,29.5554,29.7649,29.3084,29.7349,1693300
2012-09-04,29.6302,29.8621,29.2336,29.4506,1618400
2012-09-05,29.4356,29.5404,29.1887,29.4057,1697800
2012-09-06,29.6003,30.3335,29.1812,30.1839,1918600
2012-09-07,30.0791,30.2886,29.9669,30.2662,1741300
2012-09-10,30.1465,30.3036,29.9669,29.9819,2388800
2012-09-11,30.1165,30.3036,29.9295,30.1016,1991400
2012-09-12,30.2437,30.2811,29.9519,30.124,1513200
2012-09-13,29.7499,30.6927,29.7499,30.5954,2342900
2012-09-14,30.6927,31.2688,30.5131,31.1865,3316400
2012-09-17,31.0219,31.0518,30.558,30.7974,3857600
2012-09-18,30.2587,30.6702,30.2363,30.5056,2699200
2012-09-19,30.7301,30.7301,30.3186,30.6179,1875900
2012-09-20,30.5505,30.6253,30.1914,30.3111,2116900
2012-09-21,30.4757,30.6478,30.139,30.1689,2422600
2012-09-24,30.3784,30.5056,29.7499,29.8023,1994500
2012-09-25,30.0342,30.0567,29.1738,29.1887,3840500
2012-09-26,29.1887,29.2561,28.7622,29.0017,3103200
2012-09-27,29.1812,29.7275,29.1139,29.6227,1946200
2012-09-28,29.3683,29.5479,29.1962,29.3159,2264200
2012-10-01,29.4431,29.922,29.4057,29.5554,3046100
2012-10-02,29.6601,29.7724,29.4282,29.6601,1434400
2012-10-03,29.6601,29.7574,29.4431,29.5928,1269200
2012-10-04,29.6302,29.69,29.3608,29.6152,1429000
2012-10-05,29.7798,30.0268,29.6302,29.72,1220900
2012-10-08,29.3384,29.5553,29.1812,29.3982,1272400
2012-10-09,29.3159,29.3384,28.867,28.9343,1778600
2012-10-10,28.9568,28.9568,28.5003,28.5677,2112600
2012-10-11,28.2983,28.6649,28.2983,28.4031,3522000
2012-10-12,28.5153,28.6874,28.4181,28.5153,1852300
2012-10-15,28.6799,28.8819,28.5527,28.852,1391200
2012-10-16,28.9268,29.5479,28.8969,29.518,2219500
2012-10-17,29.3458,29.6825,29.1064,29.5778,2178800
2012-10-18,29.6377,29.6377,29.1738,29.3533,1365800
2012-10-19,29.3309,29.3608,28.6724,28.7697,1926000
2012-10-22,28.8745,29.0017,28.5677,28.7622,1448600
2012-10-23,28.5378,28.9568,28.433,28.8445,1976300
2012-10-24,29.0989,29.1064,28.4854,28.5602,1543100
2012-10-25,28.7697,28.9568,28.6126,28.9493,1693200
2012-10-26,29.0166,29.2785,28.8969,29.2112,1645700
2012-10-31,29.3683,29.4805,29.1214,29.271,2032200
2012-11-01,29.2411,30.2961,29.1962,30.1764,2461400
2012-11-02,30.1764,30.2811,29.7574,29.7948,1936000
2012-11-05,29.6601,30.5879,29.6601,30.5056,1682400
2012-11-06,30.573,31.0443,30.4906,30.9246,2733700
2012-11-07,30.2512,30.6029,30.0642,30.2662,3484600
2012-11-08,30.2662,30.4158,29.9145,29.9295,2488600
2012-11-09,30.0118,30.5281,29.8995,30.139,2242700
2012-11-12,30.1839,30.2063,29.8921,30.1165,1119300
2012-11-13,29.8771,30.4607,29.8172,30.2662,1974300
2012-11-14,30.3036,30.4682,29.6751,29.7349,1663600
2012-11-15,29.705,29.922,29.3608,29.473,2632600
2012-11-16,29.488,29.5778,28.9867,29.4282,2004000
2012-11-19,29.9145,30.1016,29.4356,30.0866,1497400
2012-11-20,29.9295,30.2512,29.7125,29.9594,2350700
2012-11-21,29.1513,30.124,29.1513,30.0118,1187700
2012-11-23,30.0417,30.5356,29.9295,30.4832,741500
2012-11-26,30.341,30.5954,30.0941,30.2138,2377300
2012-11-27,30.0941,30.4757,29.907,30.0118,2981000
2012-11-28,29.0989,30.2961,29.0466,30.2288,4887200
2012-11-29,30.3111,30.573,29.8547,30.3784,2170400
2012-11-30,30.139,30.5206,30.0492,30.3784,2547600
2012-12-03,30.558,30.6627,30.2063,30.2587,2223200
2012-12-04,30.3186,30.5356,30.1165,30.4158,1368500
2012-12-05,30.5591,30.7324,30.3178,30.5817,1572200
2012-12-06,30.5817,30.936,30.5515,30.7023,1877800
2012-12-07,30.8455,31.1696,30.7023,31.1169,2193600
2012-12-10,30.9586,31.3505,30.9586,31.2299,2282300
2012-12-11,31.3807,31.931,31.2149,31.8481,2715300
2012-12-12,31.8556,31.9988,31.6219,31.6747,1742500
2012-12-13,31.4335,31.6521,31.1772,31.2978,1539900
2012-12-14,31.1847,31.3581,30.9887,31.1696,2243900
2012-12-17,31.2224,31.4938,31.1244,31.3204,2518200
2012-12-18,31.4712,31.8933,31.4712,31.7802,2128500
2012-12-19,31.9536,32.2099,31.7727,31.8933,2965200
2012-12-20,31.9536,32.0063,31.6445,31.9234,2324000
2012-12-21,31.6144,31.8405,31.1621,31.8028,11347400
2012-12-24,31.6822,31.8707,31.4335,31.7425,945400
2012-12-26,31.7953,31.9687,31.4561,31.5013,1419300
2012-12-27,31.5616,31.6747,31.2149,31.5767,2134700
2012-12-28,31.3882,31.6521,31.2375,31.2601,1439700
2012-12-31,31.2601,31.7274,31.049,31.7048,2366100
2013-01-02,32.2626,33.1747,32.2626,33.1672,3761100
2013-01-03,32.8657,32.9486,32.142,32.632,2953000
2013-01-04,32.5868,32.632,31.9837,32.0516,3502800
2013-01-07,31.6671,32.2702,31.6596,32.1496,2377000
2013-01-08,32.1194,32.225,31.7651,31.8179,1797800
2013-01-09,31.8028,31.9687,31.5164,31.735,3117500
2013-01-10,31.8481,32.1345,31.8028,32.1194,2275800
2013-01-11,31.9611,32.1119,31.7878,31.8556,1952700
2013-01-14,32.2702,32.3832,31.7274,31.8405,2768400
2013-01-15,31.6671,31.8782,31.5239,31.6747,2272600
2013-01-16,31.5993,31.8857,31.441,31.7199,2620700
2013-01-17,31.8481,32.5566,31.8179,32.4586,2567800
2013-01-18,32.3003,32.4812,32.1345,32.4586,1916700
2013-01-22,32.3682,32.534,32.2174,32.5265,1852900
2013-01-23,32.6471,32.7526,32.436,32.6772,2265300
2013-01-24,32.6998,32.9863,32.5189,32.7375,2379700
2013-01-25,32.8958,33.1521,32.828,33.0164,2142400
2013-01-28,33.0918,33.2953,33.0315,33.1898,1842500
2013-01-29,33.1597,33.4009,32.8657,33.2803,1781200
2013-01-30,33.1823,33.416,33.0692,33.2954,1894800
2013-01-31,33.3557,33.3557,32.8129,32.8958,2649300
2013-02-01,33.2124,33.725,33.1672,33.6723,2684600
2013-02-04,33.5969,33.7853,33.2049,33.2049,2324200
2013-02-05,33.4084,33.8155,33.2727,33.6798,2057700
2013-02-06,33.4386,33.8607,33.431,33.725,1962700
2013-02-07,33.6345,33.6722,33.2124,33.4612,1817600
2013-02-08,33.7099,34.5994,33.5064,34.4487,2962900
2013-02-11,34.6673,34.7803,34.5014,34.7351,2383000
2013-02-12,34.7879,34.9386,34.6447,34.8783,2313600
2013-02-13,34.8934,35.1497,34.72,34.8708,2376100
2013-02-14,34.6899,35.2025,34.6597,35.0819,1991400
2013-02-15,34.9688,35.1497,34.5693,34.8105,3187400
2013-02-19,34.9763,35.4588,34.8256,35.4361,2734400
2013-02-20,35.3532,35.6321,34.4939,34.5165,3472900
2013-02-21,34.4487,34.5014,33.8004,34.0115,2923100
2013-02-22,34.0642,34.5919,34.0642,34.313,2320100
2013-02-25,34.7577,34.8783,33.7326,33.7476,2626700
2013-02-26,33.9813,34.1547,33.6572,33.921,4383900
2013-02-27,33.8603,34.6502,33.6552,34.4679,2095000
2013-02-28,34.3919,34.8021,33.1766,34.3463,2627200
2013-03-01,34.1792,34.5134,33.7311,34.3539,2392800
2013-03-04,34.3995,34.4451,34.0957,34.4071,1971700
2013-03-05,34.559,34.8856,34.559,34.7641,1425100
2013-03-06,34.8097,35.0831,34.7869,35.0299,1908600
2013-03-07,35.1287,35.1363,34.6274,34.7185,1975200
2013-03-08,34.9084,35.1438,34.5818,34.9767,1663200
2013-03-11,34.9084,35.2806,34.7793,35.273,1731700
2013-03-12,35.2426,35.4249,35.0527,35.3034,1967400
2013-03-13,35.2502,35.4173,35.0983,35.3034,1864300
2013-03-14,35.4325,35.6907,35.2958,35.3261,1902600
2013-03-15,35.1894,35.3414,34.4755,34.5818,4695300
2013-03-18,34.3691,34.4451,33.9742,34.0653,2326900
2013-03-19,34.164,34.3008,33.6703,34.1109,1778100
2013-03-20,34.3995,34.7489,34.278,34.6805,1811300
2013-03-21,34.3463,34.4831,33.8147,33.8375,1645400
2013-03-22,34.0425,34.3008,33.9514,34.1033,2071600
2013-03-25,34.2096,34.2248,33.7007,33.9058,1900100
2013-03-26,34.1033,34.7717,34.0046,34.7489,1623400
2013-03-27,34.4071,34.84,34.1944,34.7489,1471200
2013-03-28,34.6578,35.3413,34.6426,35.311,2095900
2013-04-01,35.1515,35.2122,34.4147,34.4907,2542600
2013-04-02,34.7261,34.7413,34.1337,34.3312,2177100
2013-04-03,34.2476,34.3236,33.3362,33.4653,2431100
2013-04-04,33.5184,33.564,33.1311,33.2222,3513900
2013-04-05,32.6678,33.1767,32.2424,33.1235,3381400
2013-04-08,33.1463,33.4197,32.926,33.4197,2301900
2013-04-09,33.4425,33.6248,33.0627,33.4729,2574900
2013-04-10,33.6324,34.2704,33.4501,34.2552,2386200
2013-04-11,34.2856,34.4831,33.9818,34.1033,2459300
2013-04-12,33.959,34.0501,33.4805,33.8678,2311900
2013-04-15,33.7311,33.9514,33.2982,33.2982,2781000
2013-04-16,33.488,34.0121,33.3437,33.9818,2382100
2013-04-17,33.0931,33.3134,32.0829,32.5462,4737000
2013-04-18,32.926,32.926,32.0222,32.1589,2803000
2013-04-19,32.0525,32.4247,31.7563,32.1741,2746300
2013-04-22,32.3715,32.5994,31.8095,32.4019,2253700
2013-04-23,32.645,33.1387,32.5462,32.9868,2371400
2013-04-24,33.1615,33.2754,32.9944,33.0096,2926900
2013-04-25,33.3969,33.3969,33.0931,33.1539,6025300
2013-04-26,33.0475,33.1918,32.8196,32.888,2081200
2013-04-29,33.1159,33.245,32.9564,33.1615,1548100
2013-04-30,33.0855,33.4501,32.9336,33.4121,2572500
2013-05-01,33.5108,33.6855,33.2374,33.3286,1876200
2013-05-02,33.3893,33.7615,33.1007,33.5792,2883700
2013-05-03,33.959,34.2628,33.7995,34.1793,2395300
2013-05-06,34.3919,34.9084,34.1944,34.8021,3211200
2013-05-07,34.7945,34.8704,34.597,34.7717,1658400
2013-05-08,34.7945,35.0375,34.559,34.9995,1441000
2013-05-09,34.9008,35.4021,34.9008,35.2274,2240500
2013-05-10,35.3641,35.5692,35.2122,35.5388,1671000
2013-05-13,35.3413,35.4401,35.0527,35.1287,1373800
2013-05-14,35.1059,35.3413,35.0831,35.197,1844600
2013-05-15,35.1591,35.4932,35.0907,35.4629,1443600
2013-05-16,35.4629,35.7439,35.2958,35.3186,1745200
2013-05-17,35.5768,35.7135,35.3337,35.7135,1816100
2013-05-20,35.5616,35.8502,35.5008,35.5996,1720300
2013-05-21,35.4553,35.6072,35.0223,35.3641,2491000
2013-05-22,34.6729,35.3034,34.3843,34.597,4085600
2013-05-23,34.3464,34.5818,33.7919,34.5514,2427300
2013-05-24,34.3312,34.4907,34.0957,34.4603,1113100
2013-05-28,34.6502,34.9692,34.4679,34.5438,1664400
2013-05-29,34.9724,35.1484,34.6357,34.9111,2322200
2013-05-30,34.9418,35.6994,34.9341,35.3856,2269800
2013-05-31,35.1407,35.3473,34.9877,35.1484,3349100
2013-06-03,35.156,35.3473,34.7198,35.0642,2991400
2013-06-04,35.3703,35.8295,35.1407,35.3014,2243100
2013-06-05,35.1407,35.2326,34.7045,34.7351,1871900
2013-06-06,34.8805,35.0183,34.4367,34.7964,1837700
2013-06-07,34.9953,35.4009,34.6586,35.3627,2423500
2013-06-10,35.3627,35.3627,35.003,35.1637,1804800
2013-06-11,34.7964,34.9571,34.429,34.452,1300800
2013-06-12,34.7657,34.8346,33.7862,33.7862,2172500
2013-06-13,33.7633,34.605,33.5643,34.5132,1527400
2013-06-14,34.5438,34.7581,34.2989,34.3984,1413100
2013-06-17,34.5209,35.2326,34.4673,35.1637,2558600
2013-06-18,35.2172,35.7682,35.1407,35.707,2244100
2013-06-19,35.5387,35.7376,35.1943,35.2326,1683200
2013-06-20,34.8958,34.9111,34.1229,34.1841,2047700
2013-06-21,34.3678,34.6357,34.1153,34.5591,3840000
2013-06-24,34.1918,34.4596,33.6332,33.6944,2495900
2013-06-25,34.1459,34.1459,33.6026,34.0694,2382500
2013-06-26,34.4443,34.5744,33.9622,34.4902,1725300
2013-06-27,34.7581,34.827,34.5285,34.7198,1627800
2013-06-28,34.5438,34.6739,34.1459,34.4826,3925900
2013-07-01,34.4367,34.8958,34.4367,34.7198,1489400
2013-07-02,34.651,35.003,34.429,34.6739,1680700
2013-07-03,34.5668,35.1637,34.3602,34.9571,666700
2013-07-05,35.1943,35.4009,34.9571,35.3627,936200
2013-07-08,35.4086,35.6075,34.8499,35.0183,1588800
2013-07-09,35.2861,35.5234,35.1178,35.4009,1318400
2013-07-10,35.4162,35.7835,35.3091,35.7606,1358500
2013-07-11,36.1662,36.7707,36.1203,36.7325,3064600
2013-07-12,36.7937,37.0615,36.434,37.0003,1969300
2013-07-15,36.9391,37.138,36.8243,37.0386,1594900
2013-07-16,37.0922,37.2222,36.9467,37.1304,1201100
2013-07-17,37.1687,37.4442,37.0998,37.2375,2189600
2013-07-18,37.337,37.3676,36.6942,36.9926,3021700
2013-07-19,37.0386,37.0386,36.61,36.7172,2554400
2013-07-22,37.1074,37.1074,36.5488,36.6865,2275600
2013-07-23,37.1304,37.3676,36.8702,37.0233,3267200
2013-07-24,37.2911,37.3294,36.7018,36.9085,2520900
2013-07-25,36.8166,37.337,36.7631,37.3064,1601500
2013-07-26,36.9927,37.161,36.7707,37.161,1439300
2013-07-29,37.1304,37.2758,36.8932,37.1151,1132100
2013-07-30,37.3676,37.513,37.2222,37.4442,1250700
2013-07-31,37.6049,38.0104,37.4824,37.7885,2615800
2013-08-01,37.9339,38.263,37.9339,38.2171,1448500
2013-08-02,38.0564,38.1711,37.6967,38.1635,1384100
2013-08-05,38.064,38.1023,37.8574,37.9416,801400
2013-08-06,37.911,37.9951,37.689,37.8191,1087200
2013-08-07,37.8421,37.8421,37.36,37.6125,1114500
2013-08-08,37.8957,37.9645,37.337,37.5743,836500
2013-08-09,37.5513,37.6737,37.314,37.4977,1187900
2013-08-12,37.4365,37.9186,37.4135,37.8115,1374000
2013-08-13,37.8038,38.0258,37.3676,37.9416,1000600
2013-08-14,37.8038,37.8038,37.3982,37.4059,914300
2013-08-15,37.0845,37.0998,36.5794,36.6024,1385400
2013-08-16,36.5565,37.1228,36.5565,36.962,1333700
2013-08-19,37.0003,37.1687,36.5641,36.5641,1424800
2013-08-20,36.61,36.9085,36.5105,36.6177,2313400
2013-08-21,35.6994,36.1891,35.5234,35.9289,4024900
2013-08-22,35.9672,36.4187,35.8448,36.1509,1154300
2013-08-23,36.2274,36.3957,35.8983,36.2197,1770100
2013-08-26,36.1662,36.4493,36.0743,36.1356,1302200
2013-08-27,35.8218,35.8983,35.2326,35.3244,2064300
2013-08-28,35.4709,35.7484,35.2704,35.5942,1825700
2013-08-29,35.5017,36.0568,35.4092,35.8409,1064400
2013-08-30,35.8409,36.3035,35.4555,35.679,1441000
2013-09-03,36.211,36.527,35.8872,35.972,1808700
2013-09-04,35.9257,36.7429,35.9026,36.581,1555900
2013-09-05,36.6273,36.7583,36.396,36.4577,1705300
2013-09-06,36.5656,36.6581,36.0028,36.2649,1253200
2013-09-09,36.4191,36.5887,36.2341,36.4654,1011700
2013-09-10,36.7969,36.9665,36.635,36.9125,1686200
2013-09-11,36.7121,37.2286,36.6967,37.1901,1710400
2013-09-12,37.2132,37.298,36.8971,36.9742,1276700
2013-09-13,37.0127,37.113,36.6967,36.9665,754300
2013-09-16,37.4445,37.483,37.0436,37.2363,950500
2013-09-17,37.2749,37.429,37.1978,37.3828,1089200
2013-09-18,37.3366,37.4214,36.9742,37.3905,1842300
2013-09-19,37.5678,37.5832,37.1901,37.298,1683800
2013-09-20,37.3057,37.4984,36.9511,36.9973,3518300
2013-09-23,37.0744,37.1823,36.5733,36.6658,1543000
2013-09-24,36.7352,37.0436,36.5116,36.8046,1531400
2013-09-25,36.8277,36.9434,36.4423,36.6812,1031700
2013-09-26,36.9125,36.9125,36.4962,36.581,968200
2013-09-27,36.3883,36.3883,36.1107,36.1493,1957900
2013-09-30,35.8949,36.6119,35.7407,36.2726,2440000
2013-10-01,36.2881,36.4731,36.0414,36.3189,1722600
2013-10-02,35.8949,36.1878,35.8563,36.0799,1436800
2013-10-03,36.0722,36.103,35.4169,35.7099,2677800
2013-10-04,35.7561,36.2418,35.6328,36.2264,1865200
2013-10-07,35.7792,36.2341,35.6713,35.9566,1474300
2013-10-08,35.9412,36.1493,35.0546,35.2319,2388200
2013-10-09,35.3321,35.4555,34.9081,35.2242,1726300
2013-10-10,35.5865,36.0105,35.44,35.9643,1437500
2013-10-11,36.0799,36.2726,35.733,36.2187,1428300
2013-10-14,35.918,36.4808,35.7022,36.4423,1040000
2013-10-15,36.2495,36.396,35.9257,36.0259,1659300
2013-10-16,35.9257,36.4577,35.8332,36.4191,1607300
2013-10-17,36.1801,36.7121,36.0028,36.635,1613500
2013-10-18,36.6967,36.7506,36.3806,36.7429,1462000
2013-10-21,36.8277,36.9819,36.5656,36.8123,1294200
2013-10-22,37.005,37.005,36.3883,36.7275,2200200
2013-10-23,36.4654,36.4654,35.5865,35.8332,1659300
2013-10-24,35.9797,36.1955,35.8101,36.1955,1617500
2013-10-25,36.3651,36.5502,35.918,36.0414,1976500
2013-10-28,36.0336,36.6196,35.8872,36.6041,1599700
2013-10-29,36.9896,37.9148,36.6119,37.907,2618500
2013-10-30,37.8608,38.1075,37.3443,37.6064,1939900
2013-10-31,37.6372,38.1923,37.6372,38.0072,2107800
2013-11-01,38.3002,38.3542,37.8145,38.3002,4688500
2013-11-04,38.2077,38.3002,37.7837,37.8993,1763000
2013-11-05,37.6449,38.5777,37.4445,38.385,6844300
2013-11-06,38.5392,38.5855,38.2,38.4929,1085500
2013-11-07,38.5084,38.5778,37.8377,37.8839,1497800
2013-11-08,38.0073,38.4004,37.6912,38.3927,1240200
2013-11-11,38.2925,38.4159,38.0381,38.2848,1088900
2013-11-12,38.1075,38.493,38.0612,38.4313,1344600
2013-11-13,38.2308,38.8399,38.1769,38.8167,1514000
2013-11-14,38.8322,38.863,38.5161,38.8244,1070800
2013-11-15,38.7859,39.1559,38.5855,39.0789,1796000
2013-11-18,39.0789,39.0866,38.5623,38.6317,1780900
2013-11-19,38.6934,38.7396,38.0766,38.1229,1500900
2013-11-20,38.1306,38.1923,37.6218,37.8376,2245800
2013-11-21,38.0998,38.4698,37.776,38.3696,1197000
2013-11-22,38.3696,38.4313,38.1383,38.3619,1459500
2013-11-25,38.4621,38.4698,37.961,38.2848,1902300
2013-11-26,37.8762,38.5777,37.8762,38.4852,1918100
2013-11-27,36.3883,37.4445,35.5557,37.4213,7832300
2013-11-29,37.5139,37.6295,37.1515,37.1746,1909500
2013-12-02,36.8508,37.3442,36.8508,37.3134,2629500
2013-12-03,37.3134,38.4081,37.3134,38.2077,5500700
2013-12-04,38.1611,38.3164,37.6255,37.8584,2455100
2013-12-05,37.8661,38.0136,37.7109,37.8972,2226300
2013-12-06,38.3397,38.4251,37.9748,38.2465,2217900
2013-12-09,38.4251,38.4949,37.9593,38.0447,1563300
2013-12-10,37.9205,38.2077,37.8196,37.9671,1485100
2013-12-11,38.0447,38.1999,37.7342,37.7808,1376900
2013-12-12,37.8273,37.936,37.2684,37.346,2107200
2013-12-13,37.5789,37.5945,37.2762,37.5789,1831800
2013-12-16,37.6488,37.9127,37.5634,37.8351,1536300
2013-12-17,37.7575,38.0369,37.6798,37.9903,1419600
2013-12-18,37.9593,38.6424,37.7497,38.6424,1771600
2013-12-19,38.6346,38.6346,38.1068,38.5493,1589500
2013-12-20,38.526,39.015,38.3862,38.8209,2828400
2013-12-23,38.9917,39.3022,38.852,39.2945,1873100
2013-12-24,39.1004,39.4652,39.0849,39.3022,710000
2013-12-26,39.4652,39.5196,39.2479,39.3876,688700
2013-12-27,39.4109,39.5351,39.3022,39.3566,631000
2013-12-30,39.2091,39.5118,39.2091,39.473,918400
2013-12-31,39.5894,39.7447,39.3566,39.5351,857000
2014-01-02,38.4406,38.6191,38.068,38.2543,2799000
2014-01-03,38.2465,38.6502,38.1456,38.5104,1644700
2014-01-06,38.3086,38.4251,38.1534,38.2931,2165000
2014-01-07,38.4173,38.6424,38.3009,38.4949,1338500
2014-01-08,38.5881,38.7356,38.3319,38.5881,1201600
2014-01-09,38.3862,38.526,38.1844,38.4406,2470900
2014-01-10,38.3707,38.4949,38.1456,38.4483,2072200
2014-01-13,38.1999,38.4639,37.773,37.936,2989700
2014-01-14,37.9826,38.8287,37.9515,38.5881,2879900
2014-01-15,38.6191,39.0694,38.6036,38.8287,2120700
2014-01-16,39.1858,39.2013,38.6036,38.6735,2885000
2014-01-17,38.4794,38.7666,38.1999,38.3319,3104300
2014-01-21,38.7744,38.9063,38.394,38.7976,2228500
2014-01-22,38.7045,39.2324,38.6269,39.1004,1659900
2014-01-23,38.984,39.0538,38.2931,38.3552,2236500
2014-01-24,38.3397,38.3397,37.4237,37.4547,2628300
2014-01-27,37.5091,37.8196,37.346,37.4314,1888300
2014-01-28,37.3926,37.8429,37.346,37.6565,1777400
2014-01-29,37.5091,37.9671,37.3383,37.4702,1994100
2014-01-30,37.936,38.1301,37.5867,37.9515,1385400
2014-01-31,37.5246,37.8273,37.315,37.4702,1927500
2014-02-03,37.4392,37.5323,36.5931,36.6862,2892200
2014-02-04,37.0278,37.0666,36.6629,37.02,2333300
2014-02-05,36.8182,37.2684,36.694,37.1442,2589400
2014-02-06,37.2684,37.7885,37.152,37.5323,1797900
2014-02-07,37.7109,38.0136,37.4625,38.0136,1822100
2014-02-10,37.8661,38.2853,37.8429,38.2077,1458700
2014-02-11,38.2776,38.7278,38.1844,38.6191,1230800
2014-02-12,38.7821,38.9607,38.5958,38.7278,1802500
2014-02-13,38.5725,39.3566,38.526,39.3488,2124700
2014-02-14,39.1392,39.5817,39.0228,39.4109,2168200
2014-02-18,39.1547,39.8534,39.1547,39.768,3936600
2014-02-19,40.2881,40.6607,39.9077,40.0319,4079500
2014-02-20,40.1484,40.2648,39.5972,39.9,3741300
2014-02-21,39.8767,40.0552,39.6593,39.6826,1969500
2014-02-24,39.8146,40.063,39.5506,39.5584,2096300
2014-02-25,39.5817,39.6205,39.1936,39.4342,2206400
2014-02-26,39.6219,40.1614,39.5358,39.7548,1579000
2014-02-27,39.7313,40.0363,39.6844,39.9034,1395200
2014-02-28,39.9972,39.9972,39.4733,39.7392,2141400
2014-03-03,39.5515,39.7079,39.2778,39.5515,1309800
2014-03-04,39.833,40.2083,39.7704,40.0363,1646600
2014-03-05,40.0832,40.0989,39.7704,40.0676,1057400
2014-03-06,40.1067,40.3647,39.9425,40.3256,1248900
2014-03-07,40.482,40.5289,40.0832,40.5289,2847300
2014-03-10,40.5446,40.5837,40.31,40.5055,1822800
2014-03-11,40.5446,40.6071,40.1692,40.2865,1464900
2014-03-12,40.0206,40.4507,39.9816,40.4507,1490500
2014-03-13,40.615,40.615,39.2465,39.4498,2162100
2014-03-14,39.2934,39.7626,39.1214,39.1683,1724100
2014-03-17,39.3013,39.8252,39.3013,39.6297,2297000
2014-03-18,39.7782,40.31,39.6531,40.224,1744500
2014-03-19,40.224,40.4116,40.0207,40.3491,2126100
2014-03-20,40.224,41.6471,40.0363,41.6237,4521800
2014-03-21,42.0225,42.4682,41.4438,41.6315,6903900
2014-03-24,41.5768,42.0459,41.2405,41.9208,3019300
2014-03-25,42.1241,42.4838,41.6628,41.6706,3611000
2014-03-26,41.8426,42.0147,41.2483,41.2483,2616000
2014-03-27,41.2718,41.5689,40.959,41.1154,1197500
2014-03-28,41.3265,41.6706,41.1467,41.3187,1242400
2014-03-31,41.4673,41.741,41.3422,41.5533,1732000
2014-04-01,41.8348,42.304,41.6159,42.2883,2045600
2014-04-02,42.2805,42.4447,42.0303,42.2727,1945800
2014-04-03,42.3509,42.5386,42.0616,42.2102,1603300
2014-04-04,42.4135,42.5151,41.2953,41.3813,2272600
2014-04-07,41.4204,42.1085,41.3187,41.5377,2231100
2014-04-08,41.436,42.2336,41.436,42.1945,2136000
2014-04-09,42.3509,42.4838,41.9912,42.4604,1417500
2014-04-10,42.3431,42.5073,41.0372,41.045,1905700
2014-04-11,40.9981,41.3891,40.7166,40.7323,2104100
2014-04-14,41.1701,41.2483,40.7088,41.0216,1486300
2014-04-15,40.9747,41.6706,40.8417,41.5846,2280600
2014-04-16,41.5611,41.5611,40.1458,40.7792,3049900
2014-04-17,40.7322,41.5924,40.7166,41.3265,2051900
2014-04-21,41.4986,41.5846,41.0998,41.3656,786800
2014-04-22,41.3343,41.7722,41.1232,41.6784,1113200
2014-04-23,41.6628,41.8896,41.5142,41.6706,956500
2014-04-24,42.1476,42.5151,41.8817,41.9912,2437300
2014-04-25,41.4595,41.5611,39.8955,40.2083,3307000
2014-04-28,40.0441,40.5915,39.1527,39.8721,2243800
2014-04-29,39.6219,40.2083,39.6219,40.0285,1350600
2014-04-30,39.8643,40.1536,39.5358,40.1067,1762500
2014-05-01,40.1771,40.2944,39.7001,39.7392,1529100
2014-05-02,39.833,40.5289,39.7157,40.2005,2033200
2014-05-05,39.8721,40.2709,39.7783,40.0207,674100
2014-05-06,40.0754,40.1223,39.6766,39.6766,1731600
2014-05-07,39.661,39.8252,39.1605,39.7235,1788200
2014-05-08,39.661,40.5993,39.4968,40.1223,1967000
2014-05-09,40.1067,40.1927,39.747,40.0754,1039200
2014-05-12,40.5133,40.9355,40.224,40.8417,1496000
2014-05-13,40.9512,41.0216,40.1458,40.2474,2074500
2014-05-14,40.0989,40.1692,39.8956,39.9268,1816200
2014-05-15,39.8173,40.0519,39.4185,39.7079,2559100
2014-05-16,39.8721,40.396,39.661,40.3491,3128200
2014-05-19,40.3491,40.8104,40.3178,40.6462,1700900
2014-05-20,40.7166,40.8417,40.4195,40.6462,4419000
2014-05-21,41.2405,41.2483,39.7861,40.138,4534700
2014-05-22,40.1536,40.6853,40.1536,40.4586,2021300
2014-05-23,40.5759,41.0216,40.3569,40.9668,1578600
2014-05-27,41.0998,41.5455,40.9434,41.4595,1920900
2014-05-28,41.4043,41.4122,41.0185,41.302,1659700
2014-05-29,41.4595,41.5146,41.1051,41.1524,1683400
2014-05-30,41.2941,41.3571,41.0894,41.2469,1265300
2014-06-02,41.2705,41.3886,40.8846,41.239,1401500
2014-06-03,41.1445,41.4358,41.0657,41.3177,1145700
2014-06-04,41.113,41.4358,41.113,41.3335,1079600
2014-06-05,41.1917,41.4752,40.9791,41.3965,1353100
2014-06-06,41.6248,41.9556,41.4201,41.491,1201200
2014-06-09,42.743,44.2392,42.743,43.5541,6815600
2014-06-10,43.4596,44.1289,43.4202,43.9321,2720900
2014-06-11,43.4202,44.1132,43.4202,43.8061,2147200
2014-06-12,43.7982,44.0187,43.5226,43.6565,1534200
2014-06-13,43.7352,44.0817,43.5383,43.7982,1649700
2014-06-16,43.6958,43.9557,43.436,43.7037,1882700
2014-06-17,43.5699,44.0344,43.5462,43.8612,1251900
2014-06-18,43.814,43.8612,43.1525,43.4123,1751800
2014-06-19,43.5226,43.5226,42.9005,43.2549,1853500
2014-06-20,43.31,43.31,42.9005,43.0659,3092400
2014-06-23,43.1289,43.2785,42.8769,42.932,894000
2014-06-24,42.932,43.0659,42.3493,42.4202,1113900
2014-06-25,42.3808,42.5619,42.0894,42.3257,1757900
2014-06-26,42.2548,42.3335,41.7902,42.1682,1481600
2014-06-27,42.3808,42.428,41.9556,42.1288,1485500
2014-06-30,42.2469,42.6328,42.1209,42.5777,2167000
2014-07-01,42.3414,43.0423,42.3099,42.932,2201400
2014-07-02,42.8296,43.0895,42.6643,42.8454,1740400
2014-07-03,42.8533,43.184,42.7273,43.1761,711200
2014-07-07,42.9871,43.2549,42.9163,43.0423,1197900
2014-07-08,43.058,43.2391,42.7194,42.8769,1645600
2014-07-09,42.9005,43.2076,42.1209,43.1052,1200300
2014-07-10,42.6091,43.0501,42.3887,42.8375,982600
2014-07-11,42.8848,42.8848,42.5304,42.7509,933900
2014-07-14,43.121,43.2549,42.3335,42.4044,2179400
2014-07-15,42.3414,42.68,42.0894,42.3099,1900200
2014-07-16,42.3887,42.5698,42.1367,42.2627,1787400
2014-07-17,42.0422,42.1603,41.68,41.6878,1369700
2014-07-18,41.7666,42.2784,41.6878,42.1131,1173100
2014-07-21,42.0107,42.3257,41.8217,42.0973,977900
2014-07-22,42.2075,42.4202,42.1761,42.3257,1165800
2014-07-23,42.0501,42.0501,40.3255,40.3807,3931100
2014-07-24,40.4436,40.6641,40.0105,40.3964,2517500
2014-07-25,40.168,40.1995,39.3727,39.4987,3059800
2014-07-28,39.4987,39.9397,39.105,39.8058,2407900
2014-07-29,39.7664,40.3019,39.7349,39.7822,1508500
2014-07-30,40.0184,40.2625,39.8216,40.0499,1887200
2014-07-31,39.6877,40.0263,39.0735,39.0814,1888300
2014-08-01,39.0656,39.5145,38.9554,39.3806,1698900
2014-08-04,39.3727,39.4593,38.8845,39.1286,1851700
2014-08-05,39.0656,39.3491,38.8057,39.0971,1752800
2014-08-06,39.042,39.5223,38.8687,39.4121,2074300
2014-08-07,39.5145,39.6089,38.475,38.5301,2243300
2014-08-08,38.6325,39.0735,38.4357,39.0105,2026000
2014-08-11,39.2231,39.6089,39.0341,39.3176,1137800
2014-08-12,39.1759,39.546,39.0892,39.5145,1192700
2014-08-13,39.4987,39.8924,39.4357,39.7901,1754000
2014-08-14,39.7034,40.0814,39.6877,39.9554,1566900
2014-08-15,40.3098,40.6484,39.9633,40.3019,1930700
2014-08-18,40.3334,40.5618,40.2232,40.4279,1016600
2014-08-19,40.5145,40.8846,40.3885,40.7271,1105700
2014-08-20,40.5696,41.176,40.5696,41.0815,1357400
2014-08-21,40.9712,41.4043,40.7586,41.3728,1181600
2014-08-22,41.4752,41.5697,41.2154,41.3414,900100
2014-08-25,41.5382,41.6957,40.8295,40.8925,1902700
2014-08-26,40.9476,41.2154,40.7586,41.113,2658900
2014-08-27,40.672,41.0342,39.3648,40.1838,4754300
2014-08-28,40.1208,40.483,39.9318,40.3885,2094900
2014-08-29,40.6878,40.7114,40.0893,40.2547,1631500
2014-09-02,40.2389,40.4358,39.6877,39.8609,2045500
2014-09-03,39.972,40.2972,39.734,39.8609,1931600
2014-09-04,39.8609,40.1941,39.8609,39.9878,1435400
2014-09-05,39.9799,40.2814,39.7657,39.8371,1893500
2014-09-08,39.7182,39.9958,39.5516,39.7182,2252700
2014-09-09,39.6071,39.8609,39.4643,39.504,1918400
2014-09-10,39.4167,39.5991,39.2422,39.377,2327000
2014-09-11,39.1232,39.5912,39.0756,39.4722,2132400
2014-09-12,39.4088,39.4722,38.79,38.9646,2238000
2014-09-15,39.0518,39.147,38.5917,38.7662,1777300
2014-09-16,38.5917,39.1311,38.5838,39.028,2001400
2014-09-17,38.8694,39.6785,38.8694,39.3691,1814300
2014-09-18,39.496,39.9561,39.3215,39.8927,1594600
2014-09-19,40.1703,40.1703,39.5119,39.6547,2917300
2014-09-22,39.4643,39.7261,39.1629,39.5992,3344700
2014-09-23,39.2343,39.742,39.0677,39.4009,3190000
2014-09-24,39.4405,39.8133,39.3453,39.6626,2203700
2014-09-25,39.615,39.7023,39.3056,39.377,3193900
2014-09-26,39.4485,39.7499,39.3612,39.6864,1613600
2014-09-29,39.4167,39.6626,39.2819,39.5119,1632900
2014-09-30,39.5198,39.6706,39.2263,39.2581,3185500
2014-10-01,39.147,39.2025,38.211,38.2744,2480500
2014-10-02,38.2665,38.3538,37.4733,37.9175,3576600
2014-10-03,38.0523,38.1792,37.6795,37.743,1821800
2014-10-06,37.9175,38.1158,37.3067,37.4019,2351400
2014-10-07,37.1163,37.267,36.5848,36.6562,3086700
2014-10-08,36.5689,37.9254,36.4896,37.8778,3219000
2014-10-09,37.8778,38.0285,36.7593,36.7593,6539900
2014-10-10,35.1411,35.2759,33.7688,34.4668,10052700
2014-10-13,34.451,35.2046,33.9988,34.1892,4187800
2014-10-14,34.8476,35.4267,34.4113,34.4748,4012100
2014-10-15,33.9195,35.2521,33.7846,34.9983,4467400
2014-10-16,34.4589,35.625,34.2685,35.3791,3386200
2014-10-17,35.6884,36.4103,35.5853,35.6488,3334900
2014-10-20,35.4981,36.0137,35.387,35.9502,1884400
2014-10-21,36.4023,37.1401,36.1009,37.0607,2765700
2014-10-22,37.2035,37.4019,36.4896,36.5055,2549900
2014-10-23,36.9418,37.0607,36.6562,36.8228,2234000
2014-10-24,37.0449,37.3701,36.6879,37.1639,1862800
2014-10-27,37.029,37.0925,36.6641,36.9814,1817800
2014-10-28,37.1004,37.3781,36.7514,37.2749,1791000
2014-10-29,37.2273,37.5446,36.8069,37.5288,2415400
2014-10-30,37.5129,37.5208,36.7911,37.2829,3025800
2014-10-31,38.6393,40.091,38.4569,39.3612,6689200
2014-11-03,39.4405,39.8292,39.2501,39.4405,3318900
2014-11-04,39.3453,39.5992,39.1311,39.2263,1684500
2014-11-05,39.4881,39.7023,39.0122,39.6864,1493500
2014-11-06,39.6626,39.9561,39.2025,39.8371,2017900
2014-11-07,39.9799,39.9879,39.4246,39.853,1962600
2014-11-10,39.7895,40.0989,39.6467,39.9958,1771600
2014-11-11,39.972,40.0751,39.5674,39.7737,1211800
2014-11-12,39.6785,39.9482,39.5119,39.8689,1226400
2014-11-13,40.0037,40.1703,39.623,39.8292,1113400
2014-11-14,39.9323,40.21,39.5357,40.1544,1509900
2014-11-17,39.9323,40.0513,39.5119,39.9403,1662900
2014-11-18,39.9085,40.6701,39.8451,40.6621,2333300
2014-11-19,40.789,40.8049,40.0593,40.2576,1795000
2014-11-20,39.9403,40.6145,39.9403,40.5907,1762700
2014-11-21,41.2095,41.2095,40.5749,40.9715,1638800
2014-11-24,41.2174,41.2174,40.6701,41.0905,1615600
2014-11-25,41.0429,41.2333,40.8525,41.0191,2500300
2014-11-26,41.6695,43.383,41.6537,43.2799,5683400
2014-11-28,43.5892,43.5892,43.0895,43.3433,1336800
2014-12-01,43.2164,43.5813,42.9864,43.3512,2463400
2014-12-02,43.264,43.8272,43.0577,43.7955,2182200
2014-12-03,43.8833,45.4246,43.8833,45.1291,6303000
2014-12-04,45.0892,45.2809,44.7139,45.217,3137500
2014-12-05,45.3208,45.8239,44.9694,45.792,2266400
2014-12-08,45.4805,45.792,44.5781,44.8656,2124000
2014-12-09,44.5861,45.0333,44.2667,45.0173,2445900
2014-12-10,45.0093,45.2409,44.2587,44.4343,2177800
2014-12-11,46.3111,46.3111,44.4184,44.9215,2559400
2014-12-12,44.3385,45.0333,44.2666,44.658,3175800
2014-12-15,44.7298,45.3687,44.1708,44.2587,2000700
2014-12-16,44.2666,44.7458,43.7076,43.7476,2362100
2014-12-17,43.8034,44.7937,43.3003,44.7139,2358300
2014-12-18,45.3767,45.5684,44.7378,45.5684,2337600
2014-12-19,45.5444,45.8079,45.0573,45.3208,3194100
2014-12-22,45.4246,45.9198,45.3368,45.9118,1008600
2014-12-23,45.9197,46.2312,45.1291,45.2489,3065300
2014-12-24,45.4406,45.5045,45.1691,45.2889,1262100
2014-12-26,45.3607,45.5045,44.8736,44.9454,1555500
2014-12-29,44.8816,45.0253,44.5142,44.7857,1777400
2014-12-30,44.5941,44.7937,44.1788,44.3705,1677700
2014-12-31,44.6739,45.0493,44.3146,44.3385,1746800
2015-01-02,44.4663,44.9215,43.8993,44.3545,1323200
2015-01-05,44.2427,44.2826,43.5239,43.5479,1445200
2015-01-06,43.7076,43.7635,42.4937,42.5257,1707500
2015-01-07,42.7174,43.2285,42.35,42.9729,1723000
2015-01-08,43.4361,44.067,43.1885,43.7316,1874900
2015-01-09,43.9153,43.9552,43.2205,43.6996,1720300
2015-01-12,43.6198,43.7236,43.0128,43.2604,1250500
2015-01-13,43.6757,44.3385,42.5417,42.7653,2340100
2015-01-14,42.6615,43.492,42.2701,42.7333,2523800
2015-01-15,42.885,43.2844,42.0625,42.1104,1990300
2015-01-16,41.8948,42.933,41.6952,42.8771,1998000
2015-01-20,43.2764,43.6757,42.8611,43.4361,1786400
2015-01-21,43.3163,43.8194,42.9809,43.5878,1585100
2015-01-22,43.6916,43.7316,42.5017,43.7236,2555700
2015-01-23,43.8114,43.8913,43.3323,43.5319,1935300
2015-01-26,43.6437,43.8673,43.1406,43.6517,1341100
2015-01-27,43.0607,43.2125,42.4139,42.6215,1963300
2015-01-28,43.0208,43.3802,42.1903,42.2701,1687800
2015-01-29,42.3181,42.8132,41.8708,42.5097,1568500
2015-01-30,42.1823,42.6135,41.5674,41.6153,1928800
2015-02-02,41.6073,41.9028,40.9604,41.767,2536000
2015-02-03,41.9986,43.1566,41.9826,43.1007,2214500
2015-02-04,42.8371,43.2444,42.6854,42.949,1466500
2015-02-05,42.9649,43.9312,42.7253,43.8833,2207600
2015-02-06,43.8194,44.634,43.7715,43.9312,1917800
2015-02-09,43.6916,44.0111,43.4441,43.5718,1436600
2015-02-10,43.7236,44.4024,43.4361,44.3545,1253500
2015-02-11,44.3465,44.7218,44.1149,44.4184,909100
2015-02-12,45.0093,45.3048,44.6899,45.2968,1687400
2015-02-13,45.3927,45.7121,45.1212,45.5604,1404300
2015-02-17,45.1211,47.0059,45.0493,46.9659,5685100
2015-02-18,46.6385,46.902,45.6003,46.6225,4095300
2015-02-19,46.6465,46.8541,46.4548,46.8381,1837900
2015-02-20,46.8142,47.2295,46.4628,47.2215,1420200
2015-02-23,47.0777,47.1097,46.6305,47.1017,1029500
2015-02-24,47.0378,47.6368,46.1753,47.6048,1863100
2015-02-25,47.6852,47.7495,47.2752,47.4279,1344400
2015-02-26,47.4842,47.6128,47.1063,47.3395,1671600
2015-02-27,47.436,47.4681,47.042,47.0661,1198200
2015-03-02,47.2832,48.0631,47.0661,48.0631,1854000
2015-03-03,47.8701,47.9184,46.9857,47.2269,1499300
2015-03-04,46.8973,47.2109,46.5918,46.9536,1037700
2015-03-05,47.0822,47.3315,46.7767,46.9938,985000
2015-03-06,46.8651,47.0902,46.1898,46.5757,1584100
2015-03-09,46.6079,47.1063,46.6079,47.0018,1313300
2015-03-10,46.4872,46.7204,45.9888,45.9888,1381700
2015-03-11,46.1656,46.5435,45.9084,46.0611,1412900
2015-03-12,45.6752,46.2702,45.5707,46.238,1010000
2015-03-13,46.0772,46.3908,45.6672,46.2541,1276300
2015-03-16,46.4792,47.2993,46.3506,47.2752,1367500
2015-03-17,46.9697,47.2752,46.6963,47.243,1845200
2015-03-18,47.0742,48.1515,46.9053,47.9747,3023200
2015-03-19,47.7817,48.3365,47.5244,48.24,2724600
2015-03-20,48.5455,49.3013,48.1998,49.1003,4481000
2015-03-23,48.7867,49.1163,48.4812,48.5616,2177600
2015-03-24,48.4571,48.65,48.24,48.5294,2737800
2015-03-25,48.5133,48.5133,46.2621,46.2782,3767300
2015-03-26,45.7636,46.5435,45.241,46.1656,2847200
2015-03-27,46.1978,47.3314,45.836,47.3073,2521400
2015-03-30,49.9284,52.2117,49.7274,52.1072,10493700
2015-03-31,51.6007,51.8741,50.5394,50.652,3694200
2015-04-01,50.5153,50.8288,49.856,50.3062,2374700
2015-04-02,50.0892,50.9173,49.8078,50.0409,2200500
2015-04-06,49.5183,50.6037,49.3093,50.4751,2329800
2015-04-07,50.4188,51.1826,50.0731,50.8449,2118300
2015-04-08,50.7565,51.3675,50.668,51.1906,2266200
2015-04-09,50.9093,51.5364,50.8369,51.4801,1574600
2015-04-10,51.6811,51.7695,51.3354,51.6489,1274000
2015-04-13,51.657,51.9786,51.1424,51.255,1475200
2015-04-14,51.1585,51.3434,50.2178,50.3062,2292600
2015-04-15,50.5957,51.5042,50.5394,51.3997,1557000
2015-04-16,51.0701,51.6409,51.0459,51.5444,1453700
2015-04-17,50.9414,51.263,50.7082,50.9896,2449500
2015-04-20,51.1906,51.7856,51.1504,51.2309,1508900
2015-04-21,51.5766,51.8901,51.2871,51.7535,1435900
2015-04-22,52.0509,52.0509,51.1907,51.8499,1021800
2015-04-23,50.6841,51.3113,50.4912,51.1263,2707700
2015-04-24,51.1183,51.1344,49.7274,50.2741,3916500
2015-04-27,49.8641,50.8691,49.8641,50.3867,1689400
2015-04-28,50.3947,51.0218,50.25,50.8289,1912300
2015-04-29,50.6922,51.1746,50.0972,50.5073,1547500
2015-04-30,50.2902,50.3867,49.2771,49.7193,2985900
2015-05-01,50.1294,51.1103,50.1213,50.8691,3636800
2015-05-04,51.1585,51.3756,50.7726,50.853,1436400
2015-05-05,50.6841,50.6841,49.6228,49.663,1630200
2015-05-06,49.9042,50.065,49.253,49.5585,1673100
2015-05-07,49.7113,50.3464,49.5022,49.8801,1760100
2015-05-08,50.451,51.0057,50.1696,50.4269,2026900
2015-05-11,50.451,50.652,50.3545,50.3625,1396700
2015-05-12,50.0409,50.2419,49.5183,49.9123,1614400
2015-05-13,50.049,50.5474,49.8721,50.0409,1659000
2015-05-14,50.6279,51.3193,50.4188,50.9736,1918800
2015-05-15,51.3675,51.3997,50.6198,50.7967,2333200
2015-05-18,50.8369,51.2228,50.6761,50.9414,3453600
2015-05-19,51.2952,51.7293,50.8932,51.0138,4538900
2015-05-20,51.6168,53.7474,51.456,53.2087,7012400
2015-05-21,53.064,53.08,52.3002,52.6539,3560700
2015-05-22,52.6941,54.2459,52.6379,53.9484,3560300
2015-05-26,53.8278,53.9886,53.0157,53.7474,2970000
2015-05-27,53.8444,55.357,53.7716,55.2356,2995700
2015-05-28,55.2842,55.6077,54.7422,55.2518,1722500
2015-05-29,55.4055,55.4136,54.6694,54.9687,2371200
2015-06-01,55.3327,55.7856,54.8393,55.6077,2453000
2015-06-02,55.5592,55.5673,54.6047,54.7665,1853100
2015-06-03,55.0658,55.0658,54.3459,54.4268,1227200
2015-06-04,54.1275,54.54,53.8849,54.1437,2167500
2015-06-05,54.1518,54.6856,53.715,54.4915,1769500
2015-06-08,54.54,54.6128,53.1569,53.343,2311900
2015-06-09,53.44,53.6988,52.7929,53.1326,2278400
2015-06-10,53.4481,54.904,53.1731,54.7746,2998100
2015-06-11,54.7908,54.8797,54.2974,54.3702,1384200
2015-06-12,53.99,54.1275,53.44,53.5937,1241500
2015-06-15,53.1812,54.0062,52.8738,53.9496,1701900
2015-06-16,53.8282,54.1437,53.6584,53.8929,1384800
2015-06-17,54.0466,54.6856,54.0466,54.3783,2190600
2015-06-18,54.6775,55.5106,54.6047,55.2437,1988400
2015-06-19,55.2761,55.4459,54.4268,54.9283,3150800
2015-06-22,55.2761,55.4864,54.5238,55.0172,1999900
2015-06-23,55.0334,55.2114,54.5077,54.6209,1391800
2015-06-24,54.5643,54.718,53.99,54.0628,1361900
2015-06-25,54.2407,54.4591,53.626,53.8606,1589300
2015-06-26,53.6827,54.3297,52.7849,53.2216,5640200
2015-06-29,52.9062,53.0599,51.6282,51.7576,2736500
2015-06-30,52.0407,52.3157,51.6201,51.9194,1927600
2015-07-01,52.6393,53.6099,52.0731,52.2267,2100300
2015-07-02,52.2348,52.4937,51.6848,52.0731,1860000
2015-07-06,51.6444,52.0164,51.2561,51.4341,2055500
2015-07-07,51.337,51.4907,49.8973,51.2642,2417800
2015-07-08,50.7951,50.9407,49.6546,50.0995,2945200
2015-07-09,50.8113,51.1348,49.2421,49.2502,3328900
2015-07-10,49.6627,50.1885,49.412,49.7517,1777300
2015-07-13,50.1966,50.2694,49.8649,50.0429,1589200
2015-07-14,50.148,50.7708,50.0672,50.6495,1968300
2015-07-15,50.3422,51.0782,50.2613,50.8922,2252400
2015-07-16,50.5606,51.1591,50.3422,50.8194,1782600
2015-07-17,50.8113,50.8194,50.1966,50.5201,1574400
2015-07-20,50.6414,50.7385,50.1076,50.14,1395300
2015-07-21,50.0671,50.5282,49.0156,50.2127,1655900
2015-07-22,47.5031,47.6811,46.2332,47.4384,5695500
2015-07-23,47.7134,49.5171,47.5193,48.5708,3235500
2015-07-24,48.8296,49.0076,47.2039,47.309,2506600
2015-07-27,47.0906,47.2362,46.5325,46.8237,2084700
2015-07-28,47.1311,48.1745,46.6053,47.7134,2581500
2015-07-29,47.6164,47.7296,47.1149,47.5516,2355100
2015-07-30,47.4465,47.7701,46.8965,47.5759,2131900
2015-07-31,47.762,47.762,47.0825,47.1796,1930700
2015-08-03,47.2605,47.7539,47.1958,47.4546,2262300
2015-08-04,47.3414,47.8833,46.9531,47.3009,1620800
2015-08-05,47.8347,49.2098,47.6164,49.0965,3227900
2015-08-06,48.7892,49.1693,47.5031,47.6164,2922600
2015-08-07,47.5678,48.3281,46.9127,48.2149,2469300
2015-08-10,48.4899,49.5252,48.4899,49.412,1957500
2015-08-11,49.0237,49.2179,47.8509,48.0289,2065800
2015-08-12,47.5436,48.5384,47.1311,48.3201,2127000
2015-08-13,48.2553,48.4414,47.6164,47.7215,1895700
2015-08-14,47.6002,47.9399,47.3414,47.5921,1612100
2015-08-17,47.2928,48.1421,47.1553,48.1259,1408700
2015-08-18,47.7134,48.0612,46.3707,46.8318,4584900
2015-08-19,49.1208,49.1936,46.7105,47.22,9485000
2015-08-20,46.3141,46.4274,43.5155,43.5317,5913900
2015-08-21,43.1516,44.6884,42.8928,43.4994,5870900
2015-08-24,41.6471,43.6773,41.1376,41.7927,6843300
2015-08-25,43.1111,43.3861,40.8949,40.9354,3945500
2015-08-26,42.305,44.2617,41.5468,44.2046,5216300
2015-08-27,44.6367,46.0716,44.5307,46.0472,5323200
2015-08-28,45.7374,46.463,45.4031,46.0227,3329700
2015-08-31,45.9167,45.9901,45.2564,45.5417,2647000
2015-09-01,44.2291,44.7427,43.3975,43.6584,3574400
2015-09-02,44.5797,44.5797,43.691,44.5063,2095700
2015-09-03,45.0444,45.558,44.596,44.9791,2318700
2015-09-04,44.0905,44.5634,43.7807,43.9927,1693700
2015-09-08,45.6477,47.1397,45.2156,47.0989,4119600
2015-09-09,47.2375,47.8163,45.7537,45.876,2814600
2015-09-10,45.6477,46.1042,45.0933,45.664,3366000
2015-09-11,45.3297,46.0309,45.1096,45.9412,1762800
2015-09-14,46.6994,46.9603,46.3325,46.9277,3124700
2015-09-15,46.9277,47.7756,46.9277,47.531,2950300
2015-09-16,47.7266,47.7348,47.0826,47.6533,2085300
2015-09-17,47.5962,48.0691,47.1723,47.2293,2521100
2015-09-18,46.569,46.7402,45.8271,46.2021,3925900
2015-09-21,46.3733,46.7809,45.7863,46.1695,2856500
2015-09-22,45.5743,45.9657,44.865,44.9873,2912200
2015-09-23,45.3134,45.6558,44.865,45.0036,1800100
2015-09-24,44.4574,44.596,42.786,44.0253,3544000
2015-09-25,44.4574,45.077,43.9275,44.384,2143100
2015-09-28,44.2454,44.7917,43.585,43.5932,2287600
2015-09-29,43.6013,44.278,43.316,44.066,2368500
2015-09-30,44.8569,46.0961,44.702,45.9901,3340700
2015-10-01,45.9412,46.0961,43.7888,44.7916,4106800
2015-10-02,44.0253,45.4031,43.7807,45.4031,3297000
2015-10-05,45.8026,47.1315,45.5906,46.8217,2778600
2015-10-06,46.7809,47.0581,45.9167,46.3814,2504700
2015-10-07,46.9603,47.3353,46.1776,47.1804,3340300
2015-10-08,47.2456,47.2783,46.1369,47.0581,2303000
2015-10-09,46.9358,47.262,46.0635,46.2184,3683400
2015-10-12,46.2918,46.3896,45.9249,46.1287,1717200
2015-10-13,45.7129,46.1776,45.6232,45.6966,2100300
2015-10-14,46.3978,52.3086,46.2673,49.7241,11994700
2015-10-15,50.1399,50.3519,49.2349,49.9605,4908100
2015-10-16,49.985,50.1725,48.8191,49.0719,3067800
2015-10-19,48.8681,49.2349,48.5338,49.0963,2107900
2015-10-20,49.1697,49.7078,48.7865,49.2431,1730700
2015-10-21,49.7486,50.9552,49.7486,50.3437,4551000
2015-10-22,51.5911,52.1374,50.89,51.6889,3499200
2015-10-23,52.2107,52.2678,51.4444,51.8683,2277000
2015-10-26,51.5666,51.6808,50.091,50.1644,2608600
2015-10-27,49.5937,50.3682,49.5937,50.0502,1608900
2015-10-28,50.9552,51.5259,49.0882,50.4334,4532600
2015-10-29,48.8844,49.6915,48.3218,48.9007,2390700
2015-10-30,49.0882,49.4143,48.8762,49.0148,2097600
2015-11-02,49.0719,49.5611,48.7784,49.1942,1778900
2015-11-03,49.0963,49.6833,49.0963,49.4551,1140500
2015-11-04,49.4143,49.4877,48.9903,49.3165,1444900
2015-11-05,49.5937,49.667,48.9577,49.2105,1202300
2015-11-06,49.2594,50.5312,49.1534,50.303,1866500
2015-11-09,50.1644,50.1807,49.3735,49.6996,1519600
2015-11-10,48.5664,49.1452,48.5419,48.8925,1850400
2015-11-11,49.1942,49.5692,48.7539,48.8354,1268900
2015-11-12,48.6887,49.5366,48.3707,48.4767,2120800
2015-11-13,48.4767,48.6316,47.1233,47.3924,2230200
2015-11-16,47.3516,47.7267,47.1071,47.6777,2617600
2015-11-17,47.6859,48.6805,47.5065,48.3463,2341500
2015-11-18,48.3707,49.5937,48.3463,49.5203,1797300
2015-11-19,49.2349,49.2512,48.4523,48.7295,2755000
2015-11-20,49.0882,49.0882,48.2811,48.4441,3044000
2015-11-23,48.0202,48.1017,46.0635,46.3081,7029300
2015-11-24,48.4115,49.7486,46.8135,49.2594,7189300
2015-11-25,49.292,50.0258,48.7784,49.1208,3348400
2015-11-27,49.1045,49.5121,48.917,49.2839,915700
2015-11-30,49.2349,50.6128,49.2349,50.2459,3358100
2015-12-01,50.6209,50.8737,49.9605,50.197,3044400
2015-12-02,50.3283,50.8535,49.7456,49.8441,2031100
2015-12-03,50.3857,50.4349,48.2603,48.4573,3560400
2015-12-04,47.3987,48.9989,46.5863,48.5886,5550200
2015-12-07,48.5968,48.8183,47.8746,48.0059,2590700
2015-12-08,47.6613,47.8664,47.1935,47.612,2178100
2015-12-09,47.5956,47.6449,46.3155,46.4878,2479200
2015-12-10,46.5042,47.1935,46.3155,46.8981,3175600
2015-12-11,46.1924,46.8653,46.1924,46.7176,3886300
2015-12-14,46.6765,46.9966,46.2826,46.6273,2896200
2015-12-15,45.8313,47.4725,45.7082,46.4057,4702100
2015-12-16,46.7258,47.3823,46.2088,47.2099,1960100
2015-12-17,47.1361,47.489,46.0447,46.0529,2249600
2015-12-18,45.7492,46.258,45.2322,45.2733,4719900
2015-12-21,45.8149,45.8395,45.421,45.8149,1763500
2015-12-22,46.4057,46.7586,45.8313,45.9708,1136200
2015-12-23,46.2498,46.6437,46.1431,46.3483,1153100
2015-12-24,46.3483,46.775,46.3483,46.6109,536300
2015-12-28,46.5042,46.6437,45.8477,46.3237,1205500
2015-12-29,46.6109,47.3905,46.5206,47.0294,1347700
2015-12-30,46.9145,47.1689,46.3729,46.4057,1459900
2015-12-31,46.3237,46.4057,45.3964,45.3964,1409400
2016-01-04,44.5101,44.6989,44.0095,44.6742,2648900
2016-01-05,44.9122,45.0025,44.1983,44.346,2689500
2016-01-06,43.55,43.9357,42.2042,42.4586,3779700
2016-01-07,41.4,42.2288,41.0553,41.3754,5163000
2016-01-08,41.638,42.3027,41.0143,41.0143,3805200
2016-01-11,41.8842,42.475,41.3754,41.9908,3437900
2016-01-12,42.3026,42.8525,41.8267,42.3847,2445900
2016-01-13,42.4422,42.9591,41.0553,41.1128,2659500
2016-01-14,41.4738,41.9006,40.9569,41.441,3377000
2016-01-15,39.5208,40.9897,38.7658,40.883,8245400
2016-01-19,41.3015,41.8349,39.7916,40.5301,3707100
2016-01-20,40.4973,41.958,40.2101,41.5067,5069700
2016-01-21,42.2698,42.4093,41.121,41.4656,3972000
2016-01-22,42.2616,42.475,41.6954,42.1632,1767600
2016-01-25,42.0729,42.278,41.6626,41.8924,2642200
2016-01-26,42.1303,42.6391,41.7693,42.0893,2362700
2016-01-27,41.8759,42.8443,41.7036,42.0811,2747900
2016-01-28,42.4011,42.6473,41.9662,42.475,2693200
2016-01-29,42.7294,44.2639,42.1221,44.1983,3378100
2016-02-01,43.8044,44.067,43.4597,43.632,2295700
2016-02-02,42.7048,43.2135,42.0729,42.1303,3151700
2016-02-03,42.6227,42.6473,41.4082,42.1632,2425600
2016-02-04,42.0236,42.795,41.761,42.4011,1772300
2016-02-05,42.1796,42.516,40.6696,40.883,2506000
2016-02-08,40.4152,40.7681,39.6275,40.3414,2994100
2016-02-09,40.0788,41.1374,39.8983,40.4645,3112100
2016-02-10,40.7927,41.08,40.1444,40.1773,1897500
2016-02-11,39.6931,40.4891,39.529,40.0788,2416700
2016-02-12,40.7025,40.8666,39.9475,40.7353,3741500
2016-02-16,40.8584,42.9591,40.8584,42.7294,4819000
2016-02-17,41.9498,44.2967,41.9498,43.271,3909900
2016-02-18,43.5008,44.0095,42.6145,42.7048,2184100
2016-02-19,42.5735,43.0084,42.4011,42.754,2276700
2016-02-22,43.2217,43.591,42.754,43.1725,1776700
2016-02-23,43.0494,43.271,42.1714,42.2288,1781400
2016-02-24,41.8648,42.899,41.4511,42.8659,2690900
2016-02-25,43.9001,43.9497,42.5515,43.8422,2430200
2016-02-26,44.0987,44.3634,43.7512,44.2145,1758200
2016-02-29,44.231,44.6364,43.8422,43.8422,2159600
2016-03-01,44.6364,45.2735,43.8587,45.257,2188600
2016-03-02,45.2735,46.0926,45.1742,45.8444,2411300
2016-03-03,46.0099,46.1505,45.2239,45.894,2071100
2016-03-04,46.0595,46.5063,45.5962,46.1505,2312000
2016-03-07,45.6376,46.738,45.6376,46.738,2180100
2016-03-08,46.316,46.5063,45.5548,45.7865,2726400
2016-03-09,46.0926,46.2581,45.3728,45.4473,2212700
2016-03-10,45.8858,46.1753,45.0253,45.6045,1749700
2016-03-11,46.1919,46.3574,45.5052,46.2829,1760300
2016-03-14,45.9768,46.5146,45.7203,46.0595,1403000
2016-03-15,45.7865,46.4484,45.6376,46.4236,1986300
2016-03-16,46.1009,47.0689,46.0595,47.0441,1721500
2016-03-17,46.7462,47.9459,46.7462,47.8797,2495700
2016-03-18,47.8797,48.8643,47.7639,48.8229,4820100
2016-03-21,48.6161,48.7981,48.1114,48.6905,2575100
2016-03-22,48.5499,48.6657,47.9707,48.4175,1828500
2016-03-23,48.4672,48.4672,48.1114,48.2603,1711700
2016-03-24,48.0287,48.5251,47.7143,48.5168,1947800
2016-03-28,48.5085,48.5085,48.1031,48.252,1455700
2016-03-29,48.0286,48.8146,47.8963,48.6492,1338500
2016-03-30,48.8146,49.1704,48.3596,48.9057,1305500
2016-03-31,48.7402,49.187,48.5582,48.9718,1775900
2016-04-01,48.5582,48.8643,48.4423,48.7981,1393600
2016-04-04,48.7898,48.856,48.4837,48.6161,938800
2016-04-05,48.343,48.6988,48.2272,48.3844,1689400
2016-04-06,48.2438,49.0215,47.8466,48.947,1401800
2016-04-07,48.6409,48.8726,47.979,48.2851,1484800
2016-04-08,48.5664,48.8229,48.2272,48.6492,1824600
2016-04-11,48.8891,49.3442,48.4589,48.4837,1505800
2016-04-12,48.5913,48.8064,48.0452,48.6492,1456200
2016-04-13,48.9636,49.5179,48.6574,49.4765,1354200
2016-04-14,49.0049,49.3276,48.5499,49.1787,1558000
2016-04-15,49.1373,49.1373,48.5168,48.5333,2076600
2016-04-18,48.5499,48.7071,48.2934,48.5664,1666700
2016-04-19,48.492,48.6326,47.7887,48.1776,1674800
2016-04-20,48.4175,49.1208,48.3513,48.9636,1812300
2016-04-21,48.856,48.9305,48.3844,48.6574,1464600
2016-04-22,48.7402,49.1208,48.1527,48.3844,1944800
2016-04-25,48.3596,48.7236,47.7804,48.343,1282400
2016-04-26,48.6244,49.5345,48.4175,49.0877,1776000
2016-04-27,48.401,49.4434,48.161,49.3442,1775700
2016-04-28,48.9801,49.278,47.6232,47.8715,2470400
2016-04-29,47.6563,47.6812,46.2333,46.5973,2612100
2016-05-02,46.589,47.193,46.2995,47.1682,1704000
2016-05-03,46.6056,46.9282,46.3987,46.5228,1653800
2016-05-04,46.1588,46.4401,45.9106,46.1919,2345000
2016-05-05,46.316,46.5063,45.8527,46.076,1523300
2016-05-06,45.894,46.0678,45.3728,45.894,2666900
2016-05-09,46.076,46.407,45.6541,45.6955,2125700
2016-05-10,45.9602,46.4732,45.6458,46.4153,2622800
2016-05-11,46.3739,46.7628,46.0678,46.1257,1591700
2016-05-12,46.2994,46.5146,45.0749,45.4224,2279000
2016-05-13,45.3066,45.7699,44.9508,45.2735,1882100
2016-05-16,45.3976,46.1753,45.1246,45.8609,1897100
2016-05-17,45.7617,46.3491,45.712,45.8113,2907300
2016-05-18,43.9001,46.4484,43.8504,46.1836,3217600
2016-05-19,46.0595,46.3574,45.53,46.0843,1779100
2016-05-20,46.3408,47.2426,46.316,46.7793,1928900
2016-05-23,46.9696,47.5239,46.8372,46.9613,1515300
2016-05-24,47.2427,48.2769,47.1268,48.1693,1649100
2016-05-25,48.2943,48.661,48.1776,48.561,1445400
2016-05-26,48.511,48.7443,48.3276,48.5777,1034300
2016-05-27,48.6277,48.936,48.4443,48.7027,1000800
2016-05-31,48.6943,48.8443,48.3693,48.7527,1348300
2016-06-01,48.4276,48.9777,48.4276,48.8777,1077100
2016-06-02,47.6693,48.6193,47.6693,48.5693,1708200
2016-06-03,48.8027,48.8027,48.1526,48.4277,1462900
2016-06-06,48.3776,48.6693,47.5359,47.5776,4243500
2016-06-07,47.9026,48.2943,47.4026,48.161,3267900
2016-06-08,48.236,48.436,47.9193,48.1526,1241200
2016-06-09,47.9776,48.011,47.6693,47.9693,1052700
2016-06-10,47.4109,47.7359,47.1776,47.4693,1364100
2016-06-13,47.3859,47.961,47.2526,47.3943,1103200
2016-06-14,47.3526,47.7109,47.1442,47.5609,2202500
2016-06-15,47.7193,47.7443,47.2776,47.3943,2391100
2016-06-16,47.0942,47.5026,46.5859,47.4193,1088000
2016-06-17,47.3776,47.3776,46.3442,46.6609,2659100
2016-06-20,47.3192,47.8109,47.2776,47.3276,1850700
2016-06-21,47.4943,47.6359,47.2109,47.5526,1243600
2016-06-22,47.6193,47.9693,47.3193,47.3776,1718400
2016-06-23,47.936,48.436,47.7693,48.4277,1608900
2016-06-24,45.7608,46.9776,45.6275,45.8692,8490000
2016-06-27,44.8858,45.1525,43.4774,43.7941,3599600
2016-06-28,44.6108,45.2691,44.2608,45.2608,3244200
2016-06-29,45.5775,46.3775,45.5108,46.3525,2484700
2016-06-30,46.4609,47.2442,46.1692,47.2026,2573300
2016-07-01,46.7942,47.4359,46.5442,47.1943,1910900
2016-07-05,46.6609,47.0026,45.8692,46.1359,1711600
2016-07-06,45.9609,46.3359,45.4608,46.2192,1434000
2016-07-07,46.2442,46.9692,46.0775,46.6275,1382000
2016-07-08,47.0942,48.161,47.0276,48.1193,2287100
2016-07-11,48.3276,48.7943,48.2026,48.5443,1788500
2016-07-12,48.9027,49.1944,48.5527,49.161,1309500
2016-07-13,49.3944,49.686,49.161,49.6027,2477700
2016-07-14,50.0027,50.1527,49.7277,50.0194,1721700
2016-07-15,50.2111,50.2111,49.9777,50.1277,1984700
2016-07-18,50.4194,50.6944,50.2194,50.3611,1836800
2016-07-19,50.0777,50.4028,49.9111,50.2277,1366100
2016-07-20,50.3611,50.7694,50.1277,50.5778,1397800
2016-07-21,50.5444,50.5444,49.7694,49.9611,1379500
2016-07-22,50.0444,50.3694,49.7194,50.3361,823700
2016-07-25,50.4111,50.4944,50.1694,50.4444,1195600
2016-07-26,50.9611,53.5196,50.9028,52.3945,5046000
2016-07-27,55.653,55.7614,52.4612,52.7779,14963000
2016-07-28,52.8862,53.6613,52.2945,53.5196,4724100
2016-07-29,53.5029,53.7029,52.9196,53.1946,3241900
2016-08-01,53.4946,53.6029,52.9529,53.3196,2669100
2016-08-02,53.1529,53.2029,52.0778,52.3695,2740500
2016-08-03,52.2112,52.9862,51.8695,52.3945,1899900
2016-08-04,52.5612,52.8279,52.2529,52.7862,1783800
2016-08-05,52.9196,53.1112,52.5612,53.0779,1843000
2016-08-08,53.1946,53.2862,52.7446,52.8696,1839200
2016-08-09,53.2362,53.4613,53.0279,53.1862,1933800
2016-08-10,53.3363,53.3363,52.6362,53.1612,2054900
2016-08-11,53.3279,53.4529,52.3945,53.4529,1324900
2016-08-12,53.3863,53.6363,53.1446,53.5363,1357800
2016-08-15,53.5363,54.578,53.5363,54.3946,2534100
2016-08-16,54.2946,54.2946,53.8279,54.0696,2475600
2016-08-17,53.5529,54.0363,52.6362,53.5029,3247300
2016-08-18,53.5863,54.0446,53.1279,53.4446,2130600
2016-08-19,53.2696,53.8196,53.1946,53.4529,1964600
2016-08-22,53.6696,53.6779,53.1279,53.2029,1942000
2016-08-23,53.6529,53.9529,53.1612,53.1696,1936000
2016-08-24,53.3457,53.5555,52.5991,52.5991,2613100
2016-08-25,52.6998,52.8843,52.4817,52.6159,2336700
2016-08-26,52.8508,53.2954,52.4901,52.8172,2144400
2016-08-29,52.9263,53.2283,52.6914,52.7585,1512900
2016-08-30,52.9011,53.1444,52.5572,52.7669,1432500
2016-08-31,52.7669,52.8256,52.3139,52.4817,1860600
2016-09-01,52.0958,52.9095,51.6763,52.9011,1814000
2016-09-02,53.0941,53.2954,52.7753,52.9766,1989300
2016-09-06,53.0521,53.2115,52.4397,52.6243,1779400
2016-09-07,52.4649,52.7333,51.5421,51.7183,2215400
2016-09-08,51.7267,51.8441,51.2737,51.5169,2025800
2016-09-09,51.0304,51.2737,49.8056,50.0153,3609600
2016-09-12,49.6042,50.8962,49.5036,50.8542,2520700
2016-09-13,50.6612,51.0639,50.2837,50.7116,3161700
2016-09-14,50.7619,51.324,50.4347,51.1059,1906400
2016-09-15,51.0723,52.6159,51.0639,52.5572,3235500
2016-09-16,52.6578,52.725,51.5589,52.0538,2947800
2016-09-19,52.3642,52.8927,52.1881,52.3978,2167200
2016-09-20,52.5907,52.7753,52.2216,52.2971,2304200
2016-09-21,52.5152,53.1863,52.4481,53.1025,2042300
2016-09-22,53.5974,53.7065,53.1612,53.4212,2323900
2016-09-23,53.438,53.5387,53.0437,53.0437,3185500
2016-09-26,52.6746,52.834,52.1964,52.2468,3196400
2016-09-27,52.2468,53.631,51.8525,53.5303,2551000
2016-09-28,53.7065,53.7987,53.0773,53.631,2313200
2016-09-29,53.6813,53.9162,52.7921,53.4716,1820100
2016-09-30,53.8071,54.5034,53.1947,54.0672,3104700
2016-10-03,53.933,54.3105,53.74,53.8994,1921100
2016-10-04,53.8659,54.4699,53.6729,53.891,1571300
2016-10-05,54.0924,54.6796,53.5219,54.2601,2089100
2016-10-06,54.193,54.386,53.7232,54.3105,1355300
2016-10-07,54.2098,54.2098,53.4716,54.042,1851900
2016-10-10,54.344,54.4279,53.136,53.1444,2117300
2016-10-11,53.1109,53.3961,51.7099,52.0958,3533100
2016-10-12,52.1377,52.1461,50.9213,51.3324,3305100
2016-10-13,51.0052,51.0555,49.9482,50.9297,3570700
2016-10-14,51.2653,52.6075,51.1478,52.0622,3834700
2016-10-17,51.7183,52.2552,51.4498,51.7602,2475900
2016-10-18,52.2887,52.7166,52.0287,52.1293,2759200
2016-10-19,51.8777,52.0706,51.3995,51.9364,1380400
2016-10-20,52.2468,53.4212,51.7351,53.2451,4556300
2016-10-21,52.9598,53.1276,52.1964,52.7753,1827100
2016-10-24,53.2954,53.7316,53.2199,53.7065,1316300
2016-10-25,53.7065,53.9078,53.4716,53.74,3078000
2016-10-26,53.329,53.48,52.9347,53.2199,2576100
2016-10-27,53.5806,53.8239,52.9011,53.0773,2067200
2016-10-28,53.2283,53.933,53.1444,53.2954,2412200
2016-10-31,53.7232,54.0588,53.4716,53.7736,2175500
2016-11-01,54.0253,54.0253,52.7166,53.3541,3643400
2016-11-02,53.5135,53.8407,53.1864,53.4045,2359000
2016-11-03,53.48,53.7149,53.136,53.5639,2329000
2016-11-04,52.7585,53.7065,52.7585,53.2115,2136500
2016-11-07,54.1343,54.1511,53.6561,53.9917,2982700
2016-11-08,53.7568,54.8642,53.4464,54.4028,2224500
2016-11-09,52.9179,54.7719,52.4313,54.5034,2448800
2016-11-10,54.7048,55.3423,53.2283,53.8994,2189000
2016-11-11,53.933,54.8977,53.782,54.797,2172200
2016-11-14,54.8809,56.0638,54.8054,55.7534,4326300
2016-11-15,55.9799,57.4563,55.7618,57.2215,3345000
2016-11-16,57.1627,57.4647,56.7768,56.9446,3532300
2016-11-17,56.953,57.3137,56.5252,57.2215,1610800
2016-11-18,56.9782,57.5319,56.7265,57.4396,1580100
2016-11-21,57.6745,58.6476,57.6409,58.5721,3583500
2016-11-22,61.2818,62.8086,60.8371,61.1475,7844300
2016-11-23,61.8019,62.171,60.9126,61.7347,5922900
2016-11-25,61.6173,62.3471,61.1643,62.2465,1998300
2016-11-28,62.0871,62.4646,61.6844,62.2129,3126700
2016-11-29,62.2213,62.8001,61.6173,62.5233,2918000
2016-11-30,62.7342,63.0633,62.1099,62.633,3803300
2016-12-01,62.0593,62.5824,57.9338,58.2207,5518200
2016-12-02,57.9254,59.2753,57.7229,59.1487,3248100
2016-12-05,59.7646,60.0936,59.1824,59.5621,2445000
2016-12-06,59.9164,60.3214,59.2753,59.8996,2196800
2016-12-07,59.8827,61.5531,59.4946,61.5362,2648400
2016-12-08,61.5784,62.6414,61.376,62.3293,2153600
2016-12-09,62.8861,63.1223,61.1566,61.705,2106700
2016-12-12,61.4603,61.8062,60.9119,61.5025,2194600
2016-12-13,61.6797,62.2027,61.4097,61.6712,2171900
2016-12-14,61.7809,61.9496,60.9879,61.1988,2482200
2016-12-15,61.4266,62.3799,61.1988,62.1015,2165700
2016-12-16,62.2365,62.4305,60.7179,60.8191,5131300
2016-12-19,61.0891,61.5869,60.8698,61.4266,1947700
2016-12-20,61.5194,62.0846,61.4266,61.9243,1729600
2016-12-21,62.169,62.6752,61.8147,62.0931,1868000
2016-12-22,62.3377,62.3883,61.5953,61.9665,1680600
2016-12-23,61.899,62.3208,61.8737,62.2955,1229100
2016-12-27,62.2702,62.9536,62.2702,62.6921,897000
2016-12-28,62.8861,62.9367,62.034,62.0593,1851000
2016-12-29,61.9074,62.3293,61.7809,62.0762,1331000
2016-12-30,62.2618,62.4474,61.0722,61.2663,1758500
2017-01-03,61.2494,62.5402,60.8191,61.1735,2687200
2017-01-04,61.3928,61.6122,60.9541,61.0469,1971000
2017-01-05,61.0891,61.2579,60.1358,60.1695,2067300
2017-01-06,60.3889,60.701,59.8996,60.4057,2069700
2017-01-09,60.4395,61.1735,60.3382,60.6926,2399500
2017-01-10,60.6335,61.1735,60.6167,61.0385,2403200
2017-01-11,60.971,61.3,60.8023,61.2663,1580900
2017-01-12,61.0976,61.0976,59.8996,60.9288,2099200
2017-01-13,61.0469,61.4856,60.836,61.3085,1509100
2017-01-17,60.9373,61.9328,60.6167,60.9795,2374600
2017-01-18,61.2832,62.1184,60.9288,61.5953,2107100
2017-01-19,61.4856,61.9159,60.9879,61.1144,1988200
2017-01-20,60.8191,62.1352,60.8191,61.4856,1811600
2017-01-23,61.3675,61.7893,61.0891,61.4013,2205600
2017-01-24,61.5953,62.1606,61.2157,62.0171,3312900
2017-01-25,63.0126,63.7719,62.8608,62.8861,3944300
2017-01-26,62.7427,62.8861,62.2365,62.5992,4172100
2017-01-27,62.8945,64.9109,62.6414,64.9024,3820600
2017-01-30,64.759,64.759,63.4682,64.3541,2476300
2017-01-31,64.2359,64.2781,62.9367,63.2235,2609900
2017-02-01,63.9154,64.7337,63.6285,64.2613,2588600
2017-02-02,63.831,64.1431,63.3923,63.4682,2490000
2017-02-03,63.7129,63.89,63.4935,63.7129,2143100
2017-02-06,63.8226,63.8226,63.2236,63.7213,1789200
2017-02-07,63.8563,64.6072,63.6032,64.3794,2136100
2017-02-08,64.9615,65.5942,64.7759,65.3664,3397800
2017-02-09,65.6111,65.6111,64.5228,64.5481,2192300
2017-02-10,64.7759,64.7759,63.7297,64.565,1667900
2017-02-13,64.9699,65.8304,64.8012,65.7376,2637600
2017-02-14,65.6701,65.7798,65.0205,65.6701,2589600
2017-02-15,68.1674,68.8676,65.7714,68.8423,7032700
2017-02-16,68.3361,69.6606,68.1252,69.1544,3465000
2017-02-17,69.011,69.6016,68.7411,69.5847,2933200
2017-02-21,69.6016,69.9138,69.1714,69.8716,2375600
2017-02-22,69.8207,69.8885,69.1505,69.6086,3679500
2017-02-23,69.6849,69.6934,68.7349,69.2269,2277500
2017-02-24,68.684,69.3032,68.5568,69.2863,2841100
2017-02-27,69.2608,69.9225,68.913,69.7952,1793100
2017-02-28,69.7104,69.7613,69.2014,69.4983,2045400
2017-03-01,69.9394,71.0761,69.6849,71.0506,2265100
2017-03-02,70.7368,71.3221,70.4399,70.9574,2714300
2017-03-03,70.9319,70.9573,70.4399,70.5587,2357200
2017-03-06,70.406,71.4578,69.8546,71.127,3717400
2017-03-07,70.9998,71.3984,70.5841,70.7538,2892700
2017-03-08,71.0591,71.127,70.5587,70.8131,2381400
2017-03-09,70.7283,70.9658,70.2363,70.5502,2005300
2017-03-10,71.144,71.144,69.5832,69.7274,7495200
2017-03-13,69.6849,70.3975,69.6001,70.2024,4873800
2017-03-14,69.9988,71.0252,69.897,70.9828,4881100
2017-03-15,70.7877,70.9743,70.0327,70.8386,4499200
2017-03-16,70.652,70.8301,69.9055,70.1685,4107700
2017-03-17,70.6689,70.6944,70.1769,70.6265,4184000
2017-03-20,70.6265,70.9998,70.3042,70.3211,2714000
2017-03-21,70.618,70.7962,69.2947,69.388,3316600
2017-03-22,69.422,69.7782,69.2608,69.6595,2604300
2017-03-23,69.7613,69.8376,68.9724,69.1675,3395000
2017-03-24,69.439,70.3636,69.0488,69.2523,2223500
2017-03-27,68.7095,69.1675,68.192,69.0488,2450700
2017-03-28,68.9724,69.9903,68.7688,69.7274,2916400
2017-03-29,69.4644,69.7443,69.1081,69.4814,2040500
2017-03-30,69.4474,70.0751,69.2438,69.7274,1337700
2017-03-31,69.6001,69.9649,69.3626,69.5153,2337300
2017-04-03,69.5747,69.7867,68.5907,68.913,3084400
2017-04-04,68.5483,69.0403,68.2853,68.913,5040800
2017-04-05,69.2099,69.2608,67.8612,67.8951,3513800
2017-04-06,67.9545,68.421,67.5134,68.1326,3970800
2017-04-07,68.1157,68.3616,67.5643,67.8697,3308900
2017-04-10,67.8612,67.963,67.1741,67.2928,2907000
2017-04-11,66.962,66.9705,65.2655,66.2325,6040200
2017-04-12,66.3937,66.5463,65.0025,65.2061,2904100
2017-04-13,65.2061,66.0374,64.8668,64.9008,2223200
2017-04-17,65.1297,65.486,64.5953,64.7989,2462200
2017-04-18,64.3239,65.7659,64.3154,65.6642,3342500
2017-04-19,65.9017,66.3343,65.257,65.3079,2625500
2017-04-20,65.7575,66.9196,65.486,66.7245,2898900
2017-04-21,65.486,66.3173,64.8159,65.8508,4476600
2017-04-24,67.4116,67.9206,67.0044,67.1995,2993600
2017-04-25,67.3522,67.6322,66.9705,67.3098,2570300
2017-04-26,67.3607,67.4031,65.8084,66.1477,2998700
2017-04-27,66.716,66.9111,65.7914,66.0374,2375300
2017-04-28,66.0459,66.1477,64.4342,64.6378,4316400
2017-05-01,63.6623,64.8244,63.323,64.6547,4571800
2017-05-02,64.8753,64.8838,63.8743,64.0525,5528100
2017-05-03,63.8828,64.3494,63.7556,64.1288,3132000
2017-05-04,64.2476,64.6123,63.798,64.1797,2300600
2017-05-05,64.2815,64.3578,63.8489,64.29,3283400
2017-05-08,64.1797,64.9686,63.9252,64.7905,5040200
2017-05-09,65.1722,67.1741,65.1213,66.5888,5265300
2017-05-10,67.4455,67.8697,66.6906,67.0384,3944400
2017-05-11,66.7839,67.225,66.0035,66.5379,2288800
2017-05-12,66.6906,67.0469,66.5549,66.6991,1975300
2017-05-15,67.1571,68.175,66.8517,68.0393,4034200
2017-05-16,68.2429,68.9724,67.9291,68.7519,3011900
2017-05-17,67.8781,68.0902,66.4785,66.5209,3592000
2017-05-18,67.454,68.9809,67.0384,68.2683,5026600
2017-05-19,68.4125,69.7867,68.4125,68.913,4024400
2017-05-22,69.193,69.8631,69.0742,69.6341,2009500
2017-05-23,69.6341,69.8292,68.6246,69.5238,2146500
2017-05-24,69.9479,70.0497,69.2778,69.6595,1749100
2017-05-25,69.8291,70.3635,69.3371,69.8461,4015000
2017-05-26,69.9818,70.3127,69.5068,70.2448,1910600
2017-05-30,70.406,72.2467,70.406,71.9329,6744900
2017-05-31,75.4871,76.7595,72.7472,72.7472,14864300
2017-06-01,73.1883,73.2222,69.4729,69.7358,11366000
2017-06-02,69.2269,69.6764,67.7933,68.6331,8927600
2017-06-05,68.7179,68.9639,66.3852,66.8008,8580200
2017-06-06,66.6821,68.2344,66.6821,67.946,5486300
2017-06-07,68.3725,69.1829,68.3555,68.9526,3913700
2017-06-08,69.3535,70.3857,68.5346,70.326,3754700
2017-06-09,70.744,70.7867,66.1802,67.0503,4941900
2017-06-12,66.547,68.6455,66.4787,68.0228,5528600
2017-06-13,68.3726,69.7204,68.3726,69.2939,4063400
2017-06-14,69.6862,69.8313,68.2275,69.0465,3173900
2017-06-15,68.0569,68.8844,67.8522,68.0313,2986100
2017-06-16,68.3981,68.4408,67.3659,68.2787,5700600
2017-06-19,69.0976,69.3109,68.1081,68.5602,3118000
2017-06-20,68.4834,69.6521,67.5451,67.5621,3918100
2017-06-21,67.8181,68.4237,67.3915,68.2275,3525100
2017-06-22,68.927,69.6692,68.2446,69.3706,4364500
2017-06-23,69.2341,70.0701,69.0123,69.5668,10736900
2017-06-26,69.908,70.036,68.1678,68.7308,2536500
2017-06-27,68.364,68.7138,66.3849,66.6579,4009800
2017-06-28,67.0076,67.7242,66.419,67.5621,2721300
2017-06-29,67.3403,67.4939,64.9859,66.3167,3580600
2017-06-30,66.7944,66.82,65.8731,66.3679,2193600
2017-07-03,66.7688,67.0076,64.8921,64.9262,1368100
2017-07-05,65.2503,66.6323,65.1565,66.3167,2767400
2017-07-06,65.6086,66.3081,65.2674,65.9669,2898000
2017-07-07,66.2313,67.2635,66.1119,66.9394,2803700
2017-07-10,66.9735,67.2721,66.3337,67.1612,2167800
2017-07-11,67.3489,68.5517,66.7688,68.1252,2763000
2017-07-12,68.5858,69.2426,68.2701,68.5602,2590800
2017-07-13,68.5175,68.8844,68.1251,68.4749,1709300
2017-07-14,68.8588,69.6862,68.6796,69.5668,2153600
2017-07-17,69.618,69.8227,69.0465,69.1744,1483000
2017-07-18,69.0635,69.2597,68.3725,69.217,1686000
2017-07-19,69.3962,69.4218,68.3469,68.5602,2810300
2017-07-20,68.5431,69.0038,68.236,68.9697,1804800
2017-07-21,68.3043,68.4322,66.9053,67.3574,3122500
2017-07-24,67.3574,67.7839,66.8967,67.1782,1924700
2017-07-25,67.2124,68.3299,66.9223,67.8351,1865700
2017-07-26,68.364,69.3536,68.074,68.8588,2298100
2017-07-27,68.9526,69.3365,67.3574,67.8607,2683400
2017-07-28,67.5962,67.7071,66.9564,67.5962,1677700
2017-07-31,67.7839,68.1849,67.3403,67.4,2199700
2017-08-01,67.5877,67.7924,67.0844,67.3488,1728100
2017-08-02,67.8095,67.946,66.8455,67.2379,2250800
2017-08-03,67.11,67.383,66.3081,66.4873,2162900
2017-08-04,66.6152,66.8797,66.1375,66.3508,2382200
2017-08-07,67.946,67.946,66.3337,67.2806,2047900
2017-08-08,67.1015,68.1422,66.8882,67.3659,1894200
2017-08-09,66.982,67.0929,66.0437,66.5214,1979000
2017-08-10,66.0863,66.4958,65.3868,65.5404,2355400
2017-08-11,65.4807,66.7859,65.1821,66.5726,1919400
2017-08-14,67.1015,68.3811,67.0247,68.1593,2230200
2017-08-15,68.1849,68.5602,67.6304,68.2104,1784200
2017-08-16,68.2531,69.0123,68.0654,68.2957,2147200
2017-08-17,68.074,68.1507,66.1546,66.1631,2064500
2017-08-18,66.1972,66.5982,65.711,66.3167,1884400
2017-08-21,66.3764,66.5299,65.6427,66.2825,1461300
2017-08-22,66.6408,67.6474,66.6152,67.5365,1735400
2017-08-23,66.965,67.6474,66.6408,67.4512,1597900
2017-08-24,67.6901,67.7669,67.2465,67.6218,1316900
2017-08-25,67.8778,68.1081,67.2294,67.3659,1006600
2017-08-28,67.5707,67.9972,67.5621,67.7669,1888500
2017-08-29,67.1271,68.091,66.9991,67.8607,2737200
2017-08-30,70.0616,71.563,69.3024,71.4179,6868400
2017-08-31,71.9468,72.5099,71.145,71.3753,5136800
2017-09-01,71.6312,72.6634,71.3156,71.981,2647300
2017-09-05,71.435,71.7421,69.9592,70.8037,2890500
2017-09-06,70.9829,71.2814,70.1384,70.3857,3021700
2017-09-07,70.8918,70.9176,69.305,69.5623,3993100
2017-09-08,69.6567,69.9826,68.7046,68.9962,2695200
2017-09-11,69.3136,70.9261,69.3136,70.523,4105000
2017-09-12,70.8746,71.0205,69.8968,70.4629,2657200
2017-09-13,70.1885,70.6688,70.0769,70.3857,1964200
2017-09-14,70.1198,71.3121,70.0855,70.6259,2226100
2017-09-15,70.6516,72.1012,70.4973,71.9125,2923800
2017-09-18,72.9075,73.3707,72.1098,73.0533,3348500
2017-09-19,73.0876,73.5165,72.3328,73.1133,1790900
2017-09-20,73.0876,73.1562,71.1148,71.7839,2171800
2017-09-21,71.638,72.3757,71.2692,72.2556,2885200
2017-09-22,71.8868,73.1133,71.8353,72.8389,2097700
2017-09-25,72.4529,72.9075,71.7238,71.9468,1923100
2017-09-26,72.5472,72.6158,71.7066,71.9725,1281400
2017-09-27,72.5387,73.1048,71.8868,72.8389,1513000
2017-09-28,72.5558,73.5765,72.4357,73.4564,1570100
2017-09-29,73.4908,74.1169,73.405,73.911,1712500
2017-10-02,74.2713,74.4257,73.4907,73.6108,1688500
2017-10-03,73.7309,74.2198,73.628,73.6794,2215100
2017-10-04,73.5508,74.6916,73.405,74.623,2533900
2017-10-05,74.7087,75.7809,74.3656,75.3863,2683500
2017-10-06,75.0432,75.4721,74.966,75.3692,1118500
2017-10-09,75.4464,75.7123,74.8631,75.2319,1748400
2017-10-10,75.5493,75.6008,74.9403,75.4721,1294000
2017-10-11,75.2319,75.9867,75.2148,75.9696,1761900
2017-10-12,75.8924,76.3899,75.738,76.1926,2309600
2017-10-13,76.2955,76.9131,75.9181,76.3899,2230900
2017-10-16,76.7501,76.8788,75.6608,76.1926,2007700
2017-10-17,76.0554,76.3899,75.7981,76.287,1247300
2017-10-18,76.5186,76.5615,75.7209,76.3384,1129500
2017-10-19,75.7552,76.1926,74.9489,76.1669,1577500
2017-10-20,76.8616,77.1361,76.1326,76.2784,1778500
2017-10-23,76.7073,76.9131,75.961,76.1412,2031000
2017-10-24,76.1411,77.8738,75.8066,77.4449,2671600
2017-10-25,76.9045,77.5821,76.5357,77.0761,2039600
2017-10-26,77.4192,78.0196,77.0761,77.6765,1239700
2017-10-27,77.8566,78.3798,77.1618,78.234,1625000
2017-10-30,78.3541,78.8773,77.9595,78.3284,1248000
2017-10-31,78.457,78.6886,77.8395,78.3112,1530500
2017-11-01,78.783,79.006,77.7022,78.0453,2374000
2017-11-02,77.9252,78.457,77.4192,77.8738,1448200
2017-11-03,78.0281,78.7658,77.3591,78.7486,1367400
2017-11-06,79.2719,79.7351,78.6114,79.1518,1531300
2017-11-07,78.9803,79.4005,78.6543,78.8259,1416500
2017-11-08,78.8259,79.2976,78.0882,78.9116,1617600
2017-11-09,78.6286,78.6457,75.4635,76.9388,3143600
2017-11-10,76.8016,77.2219,76.2355,76.8445,2736400
2017-11-13,76.6472,77.3763,76.3384,77.2219,2428800
2017-11-14,77.0161,77.6165,76.6815,77.5736,2172600
2017-11-15,76.8359,77.1533,76.0554,76.4757,2250500
2017-11-16,77.016,77.8395,76.6901,77.6079,2297900
2017-11-17,78.0539,78.0968,77.402,77.5564,2342900
2017-11-20,78.0281,80.6185,77.8223,79.8294,6529600
2017-11-21,79.4434,79.6236,76.2355,77.3591,6028700
2017-11-22,76.8617,77.8309,75.8495,76.0382,4028200
2017-11-24,76.0554,76.5529,75.4893,76.4671,1623800
2017-11-27,75.901,76.1926,74.966,75.0089,2890700
2017-11-28,74.6916,75.0004,74.0997,74.683,3843100
2017-11-29,74.6916,74.8717,71.964,73.4736,6130300
2017-11-30,73.9996,74.3876,73.2839,74.2496,3866600
2017-12-01,73.7323,73.9565,72.0767,73.6374,3545000
2017-12-04,73.7754,73.8444,72.3009,73.1115,3723600
2017-12-05,72.8872,73.8961,72.5682,73.1459,2340800
2017-12-06,72.6544,73.7064,72.4561,73.646,2805100
2017-12-07,73.8185,74.5945,73.4391,74.2496,3914200
2017-12-08,74.5428,74.9481,73.2149,73.7409,3411400
2017-12-11,73.715,74.4652,73.5426,73.9823,2322700
2017-12-12,73.9392,74.1375,73.2149,73.7064,2248900
2017-12-13,73.9996,74.0944,73.4046,73.4477,2068000
2017-12-14,73.4391,74.1289,73.1373,73.6719,2288000
2017-12-15,74.2151,75.1981,73.5426,74.7497,3766000
2017-12-18,75.1981,76.1811,75.1895,75.9569,2743100
2017-12-19,75.6896,76.2846,75.3706,75.8362,2098600
2017-12-20,75.9828,76.6812,75.7413,76.4398,2093000
2017-12-21,76.7416,76.8623,76.2415,76.4398,1917100
2017-12-22,76.3105,76.6295,76.1035,76.6122,1680400
2017-12-26,76.1207,76.6122,75.6034,76.4225,1378700
2017-12-27,76.6467,77.2417,76.3708,76.8278,1827400
2017-12-28,77.0003,77.4831,76.4829,77.0692,1973000
2017-12-29,77.052,77.3279,76.5432,76.7674,3414800
2018-01-02,76.9485,78.1643,76.6812,77.8453,2343200
2018-01-03,77.8453,78.9921,77.647,78.811,2009600
2018-01-04,79.2163,79.5698,78.6817,78.7248,1879600
2018-01-05,78.9145,79.5612,78.3195,79.0438,1799100
2018-01-08,79.1645,79.5095,78.7765,79.1818,1907400
2018-01-09,79.1559,79.6129,78.8283,79.018,2779700
2018-01-10,78.5351,78.5955,77.4228,77.6987,2654400
2018-01-11,77.9487,78.6903,77.5521,78.6299,1924200
2018-01-12,78.5178,79.8371,78.0953,79.3456,3175700
2018-01-16,79.656,80.7942,79.6302,80.2769,3373700
2018-01-17,81.0529,82.743,80.7166,82.4067,4011300
2018-01-18,82.4153,84.8296,82.1997,83.8466,5285100
2018-01-19,84.1915,84.4502,82.8981,82.8981,2762400
2018-01-22,83.1137,83.6397,82.5791,83.3379,4442400
2018-01-23,83.3724,83.7432,82.6826,83.1827,3247100
2018-01-24,81.3806,83.3293,80.3717,82.2083,6258400
2018-01-25,82.9413,83.6311,79.268,79.3111,3655900
2018-01-26,80.2682,81.1995,79.8285,80.9149,4752300
2018-01-29,80.3631,81.4323,79.6819,80.8632,3078100
2018-01-30,79.9923,80.5269,78.7852,78.9404,3684900
2018-01-31,79.2335,79.8026,78.8282,79.2249,3462000
2018-02-01,78.6817,79.8285,78.6817,79.0266,2312200
2018-02-02,78.2419,78.7161,76.7933,76.8364,2922600
2018-02-05,76.526,77.2676,73.5771,73.6374,3817400
2018-02-06,72.6027,76.4915,71.361,76.3449,5440800
2018-02-07,74.8015,75.8362,73.5426,73.5943,4555800
2018-02-08,73.7582,73.8099,71.1972,71.2921,5279100
2018-02-09,72.3526,72.9304,69.8003,72.3699,5649700
2018-02-12,72.6889,74.0686,72.4561,73.3356,3287700
2018-02-13,74.1634,74.5256,72.2319,72.7234,2688900
2018-02-14,72.0163,73.6805,71.9043,73.4046,2819600
2018-02-15,74.103,74.103,72.6113,73.6374,2214400
2018-02-16,73.5339,74.836,73.4391,74.2324,2570000
2018-02-20,75.2585,77.1641,74.9481,76.2328,3961000
2018-02-21,76.4915,77.6383,75.75,76.2328,2604400
2018-02-22,76.276,77.052,75.9397,76.3622,2430000
2018-02-23,77.0434,77.9746,76.8882,77.9229,2114900
2018-02-26,78.0953,79.6905,78.0953,79.6388,2683600
2018-02-27,79.5094,80.7511,79.0093,79.5526,3256300
2018-02-28,81.484,81.8462,77.2589,77.7332,4248500
2018-03-01,77.509,78.0608,74.836,76.1466,4136100
2018-03-02,75.3964,77.3193,74.9998,77.1986,2298700
2018-03-05,76.595,79.0697,76.5432,78.5868,2972200
2018-03-06,79.0956,79.8199,78.6213,79.268,1958600
2018-03-07,78.7506,80.0182,78.0781,79.9664,2981100
2018-03-08,80.5212,80.8679,79.8018,80.3652,2175600
2018-03-09,80.8679,82.2113,80.8679,82.1073,2768700
2018-03-12,82.116,82.9741,82.0553,82.8007,2766100
2018-03-13,83.2081,83.9448,81.6653,82.0467,3521800
2018-03-14,82.2893,82.6274,80.8419,81.5526,1549700
2018-03-15,81.4052,81.7866,80.7465,81.4226,1274000
2018-03-16,81.5613,82.35,81.2666,81.6046,4067800
2018-03-19,81.2406,81.3186,79.6024,81.0412,2900300
2018-03-20,81.0499,81.1539,80.0618,80.3565,1764000
2018-03-21,80.1745,81.3793,80.0185,80.4345,1612700
2018-03-22,79.3337,80.1138,78.4237,78.4757,2842400
2018-03-23,78.3196,78.7443,75.9707,76.0141,2613300
2018-03-26,77.4269,80.7725,77.0888,80.7032,3669400
2018-03-27,81.2839,81.752,78.2416,78.9177,4507500
2018-03-28,78.623,79.4117,77.4962,77.9296,2602000
2018-03-29,78.6143,79.7584,77.8776,78.987,2663500
2018-04-02,78.415,78.7703,76.2047,76.9241,3308600
2018-04-03,77.6696,77.9382,76.1874,77.5915,2721600
2018-04-04,76.1094,79.3337,75.8754,79.0823,2069900
2018-04-05,79.8278,80.1311,78.233,78.8223,1769400
2018-04-06,77.8776,78.4236,76.3868,76.5428,2294300
2018-04-09,77.2448,78.3889,76.1874,76.2654,2513900
2018-04-10,77.5742,78.7097,76.9328,78.0336,2210200
2018-04-11,77.3575,79.0043,77.2968,78.701,1785200
2018-04-12,79.4724,80.8159,79.0477,80.6252,2984200
2018-04-13,81.0412,81.1279,79.9144,80.4172,1869700
2018-04-16,80.7639,81.1106,80.1571,80.7292,2125300
2018-04-17,81.1712,82.8094,81.1712,82.4887,1920000
2018-04-18,82.1506,82.7314,81.5006,81.9686,1909600
2018-04-19,80.5905,80.5905,77.7996,77.8776,3774200
2018-04-20,77.4789,78.0076,76.8461,77.7996,4413800
2018-04-23,78.155,78.1723,75.8581,76.2741,2790300
2018-04-24,77.3749,77.5482,75.6847,75.9707,3137000
2018-04-25,76.3261,77.0715,75.6933,76.0747,2652400
2018-04-26,76.6641,77.1669,76.0314,76.8808,1981400
2018-04-27,77.3749,77.4702,75.5894,75.9967,2738600
2018-04-30,76.0747,76.4561,74.5666,75.7107,3756200
2018-05-01,75.5287,77.1408,75.182,77.0195,2094300
2018-05-02,77.1495,77.3228,75.8233,76.5341,1586700
2018-05-03,75.858,76.5081,74.7399,76.1961,2261100
2018-05-04,75.8841,78.2849,75.5113,78.2416,2404800
2018-05-07,77.8862,79.0217,77.8862,78.4409,1867000
2018-05-08,78.8137,79.2644,78.103,79.2384,1575000
2018-05-09,79.6197,80.3825,79.2384,80.2785,1939400
2018-05-10,80.6772,80.9545,80.0791,80.9025,1914400
2018-05-11,80.6772,81.1626,80.1051,80.2611,1359000
2018-05-14,80.7725,82.272,80.7725,81.3619,2173500
2018-05-15,80.6685,81.3446,80.4258,81.0932,2074900
2018-05-16,81.4313,82.168,81.1106,82.142,1472800
2018-05-17,81.6566,82.4973,81.6133,82.376,3344100
2018-05-18,82.0813,82.8354,81.5439,82.2373,3222000
2018-05-21,82.8354,83.2688,81.908,82.6014,1694200
2018-05-22,83.0174,83.5288,82.6361,82.9568,1336100
2018-05-23,82.0033,82.402,81.5179,81.8126,3026100
2018-05-24,81.9166,82.5753,81.4659,82.376,1920700
2018-05-25,82.2807,82.7747,81.9426,82.7314,1467900
2018-05-29,82.064,82.6187,81.3706,81.8126,3474600
2018-05-30,80.6685,84.0575,80.6078,82.324,3232400
2018-05-31,83.1301,85.2796,82.8181,84.2309,5076800
2018-06-01,84.6643,85.3143,83.6068,85.2883,2301700
2018-06-04,85.375,86.9265,84.4475,86.6578,2619700
2018-06-05,86.6838,87.4725,86.3718,87.2298,1869400
2018-06-06,87.4205,88.5386,86.7705,88.4953,2183500
2018-06-07,89.0962,90.2108,88.4343,88.7914,3660600
2018-06-08,88.1295,88.2253,87.0845,88.0076,2304800
2018-06-11,87.8334,88.6956,87.6941,88.295,1635500
2018-06-12,88.4604,88.8871,87.9118,88.8436,1998400
2018-06-13,88.9481,89.0178,87.7202,87.9989,2064300
2018-06-14,88.5911,89.6796,88.2253,88.5649,1855700
2018-06-15,88.7914,88.7914,87.1716,88.3908,3118200
2018-06-18,87.4764,88.1818,86.9365,88.0337,1859100
2018-06-19,86.6491,87.1977,86.1266,87.1368,1759000
2018-06-20,87.3893,88.0163,86.8929,87.9553,1419200
2018-06-21,88.2514,88.2514,86.1962,86.353,1691500
2018-06-22,86.9365,86.98,85.935,86.292,6226500
2018-06-25,85.4647,85.7782,84.3762,85.4734,4653500
2018-06-26,85.7347,86.5707,85.3864,85.9611,2365600
2018-06-27,85.935,86.5185,83.9843,84.0365,4415200
2018-06-28,83.7666,84.202,82.7738,83.5576,2349500
2018-06-29,83.9756,85.1948,83.3834,83.5314,3116700
2018-07-02,82.7651,83.9233,82.3994,83.8711,2058400
2018-07-03,84.2455,84.3326,82.1816,82.3036,876000
2018-07-05,83.0177,84.0714,82.6693,83.9495,1977700
2018-07-06,83.9408,84.829,83.5315,84.6461,1551000
2018-07-09,84.8377,85.2209,83.7492,84.6287,1861300
2018-07-10,84.829,85.9263,84.4894,85.8131,2229000
2018-07-11,84.8203,85.2645,83.575,83.7927,1509700
2018-07-12,83.7579,85.8479,83.514,85.6912,2328900
2018-07-13,85.8827,85.9872,85.247,85.4473,1130200
2018-07-16,85.6476,85.6824,84.7506,85.0293,1380000
2018-07-17,84.4459,85.6389,84.0017,85.5692,1928500
2018-07-18,85.8044,86.562,85.7521,86.292,1635200
2018-07-19,86.0308,86.1788,84.8203,85.5692,1389500
2018-07-20,85.3602,85.9437,84.7332,85.1774,1387500
2018-07-23,84.8116,85.308,83.8885,85.1599,1403700
2018-07-24,85.3777,86.3704,84.7419,84.8639,2964600
2018-07-25,84.89,85.4734,82.8086,84.0801,2612700
2018-07-26,84.9684,85.8305,84.2369,85.0816,2546000
2018-07-27,85.4212,86.292,84.2194,84.4546,2147600
2018-07-30,84.9683,84.9683,82.739,83.0002,2545000
2018-07-31,83.3224,84.35,83.2354,83.723,2500900
2018-08-01,83.1048,84.2456,83.1048,83.636,1717700
2018-08-02,82.7303,84.0801,82.5126,83.7666,1711800
2018-08-03,83.6708,84.2107,83.4879,84.0888,1017800
2018-08-06,83.7666,84.8377,83.6534,84.8029,1322200
2018-08-07,85.0903,85.9437,84.8639,85.8566,1128800
2018-08-08,85.7782,85.9611,85.2906,85.7695,1256600
2018-08-09,85.8131,85.9263,85.1164,85.1164,1451100
2018-08-10,83.0177,84.2194,81.9291,82.678,2817400
2018-08-13,82.8957,83.7143,82.5909,82.8435,1939300
2018-08-14,83.2354,83.8101,82.5735,82.5997,1761600
2018-08-15,81.8072,82.3123,80.8231,81.6505,2022300
2018-08-16,82.1991,82.7912,81.8246,82.0859,1828700
2018-08-17,81.3892,82.5822,80.7012,82.3645,2869400
2018-08-20,82.5474,82.6519,81.1976,81.633,2161000
2018-08-21,81.9117,84.0017,81.3543,83.5314,4051300
2018-08-22,80.5967,85.4473,80.1613,85.2731,7540400
2018-08-23,85.5954,86.1962,84.681,84.8116,2666100
2018-08-24,85.395,86.1179,84.8551,86.0221,2674800
2018-08-27,86.4662,87.7115,86.2136,87.1454,2907200
2018-08-28,87.6157,87.8421,86.6142,87.4503,3673300
2018-08-29,87.4503,87.4503,86.8668,87.2326,2370100
2018-08-30,87.0488,87.6526,85.9987,86.2525,1891700
2018-08-31,85.9375,86.8388,85.9287,86.4975,1710000
2018-09-04,85.3074,86.5325,84.9749,85.85,4053200
2018-09-05,85.8588,86.4888,85.3075,85.64,2689000
2018-09-06,85.2724,85.8325,84.0999,84.9574,2809800
2018-09-07,83.0061,83.9337,81.8948,82.2186,5451300
2018-09-10,82.7436,83.2861,81.4223,82.7698,3120100
2018-09-11,82.3586,82.5949,81.4661,81.5973,3229900
2018-09-12,80.591,80.9935,78.1846,79.646,5793600
2018-09-13,80.6698,81.4398,79.5235,80.8535,3516800
2018-09-14,80.9848,81.7548,80.5823,80.9673,2843300
2018-09-17,80.5998,81.221,79.7685,79.8997,1976300
2018-09-18,80.2148,80.9148,79.9347,80.381,2354900
2018-09-19,80.521,81.2123,80.3285,81.011,1843200
2018-09-20,81.8598,83.7062,81.7723,83.2161,3494900
2018-09-21,83.6187,83.7412,82.4199,82.7436,4416500
2018-09-24,82.3761,83.4524,81.6673,83.1286,2558800
2018-09-25,80.8535,81.8073,79.2347,80.9935,6037200
2018-09-26,80.8535,82.0348,80.6698,80.7835,3802500
2018-09-27,80.7747,80.976,80.1622,80.661,1963500
2018-09-28,80.4685,80.9585,80.1535,80.906,1650200
2018-10-01,81.2123,81.7198,80.7223,80.8448,1728800
2018-10-02,80.6785,82.1836,80.5998,80.7573,1737100
2018-10-03,80.2497,81.4135,79.506,80.3547,2915000
2018-10-04,79.7509,80.1535,78.3771,78.7447,4047400
2018-10-05,77.8784,78.2984,75.4808,76.2596,5815600
2018-10-08,75.9445,76.3296,74.8332,75.6733,2879400
2018-10-09,75.7958,76.0846,74.8945,75.9183,3950200
2018-10-10,74.7807,75.2883,72.7857,73.4157,8523800
2018-10-11,74.8682,75.7695,72.8469,73.2144,4849900
2018-10-12,74.5795,75.052,72.6894,73.6519,3600600
2018-10-15,73.2494,74.0895,72.7156,73.4157,3153700
2018-10-16,74.1945,75.1133,73.6257,75.0433,3397300
2018-10-17,75.5595,75.6208,74.0282,74.597,3529100
2018-10-18,72.6281,73.7569,71.3593,72.7769,4923200
2018-10-19,72.5669,73.6957,71.6394,72.0506,2564400
2018-10-22,72.6369,72.9694,72.0681,72.2344,2337000
2018-10-23,70.6506,72.6369,69.7405,72.3219,4656400
2018-10-24,70.2831,70.6506,68.043,68.0955,7790900
2018-10-25,69.0755,69.9155,68.918,69.198,4192500
2018-10-26,67.868,70.0905,67.0454,69.1543,4536600
2018-10-29,71.1581,71.7094,69.1105,70.3618,5055500
2018-10-30,70.5456,72.5056,70.3706,72.4531,4698800
2018-10-31,73.442,73.7657,72.5232,73.2494,3498700
2018-11-01,73.6432,77.4409,73.2582,77.0034,3669500
2018-11-02,77.2834,77.8871,75.472,76.2858,3754900
2018-11-05,76.2071,76.4958,74.8945,75.5858,2143600
2018-11-06,75.7433,77.0033,75.577,76.9683,1751300
2018-11-07,77.8871,77.8959,76.4696,77.2746,2253800
2018-11-08,76.6446,78.8235,76.6446,78.6922,2551100
2018-11-09,78.2809,78.5172,76.1371,76.6446,3043200
2018-11-12,75.6033,75.7958,73.5907,73.6782,3334300
2018-11-13,74.2382,75.962,74.0545,74.6407,3042500
2018-11-14,75.5333,76.2246,74.7895,75.367,2395700
2018-11-15,75.2795,78.6397,75.2795,78.5959,4772900
2018-11-16,77.0909,78.7184,76.6883,78.2984,3167900
2018-11-19,78.4209,78.7272,74.772,74.8332,6808500
2018-11-20,74.1682,78.6397,73.3632,77.8959,6660100
2018-11-21,78.3597,79.4797,77.1871,78.4734,3561100
2018-11-23,77.5721,78.2284,76.8896,77.5634,1163000
2018-11-26,79.0247,79.3047,77.8959,78.8147,2474600
2018-11-27,78.2809,78.8759,77.3184,78.3859,2614600
2018-11-28,78.6762,79.8727,77.4182,79.8111,3864600
2018-11-29,79.1601,79.6968,78.6059,78.7554,2831700
2018-11-30,78.9138,80.9108,78.1132,80.8668,3335800
2018-12-03,82.1161,83.2422,81.6498,82.2656,3563800
2018-12-04,81.9401,82.1512,79.4768,79.5648,3858000
2018-12-06,76.8287,78.7818,75.8082,78.7642,2957300
2018-12-07,78.3595,79.1601,75.8258,76.0282,2961000
2018-12-10,75.9754,77.9812,75.6587,77.8405,2600600
2018-12-11,79.0985,80.0926,77.6645,77.9812,2094300
2018-12-12,79.6352,79.6352,78.2979,78.3683,2301000
2018-12-13,78.8874,79.1689,77.4886,77.8229,1668400
2018-12-14,76.9607,77.7613,76.512,76.776,2947800
2018-12-17,76.7584,78.2627,76.3185,76.8111,2933800
2018-12-18,77.6205,78.6147,76.9783,77.4622,2873900
2018-12-19,76.3009,77.3478,73.2306,73.6265,4216200
2018-12-20,73.2306,74.3831,71.7262,72.7907,3555400
2018-12-21,73.3801,74.8757,72.0869,72.4212,5189000
2018-12-24,72.2364,72.9403,70.6969,70.7497,1353300
2018-12-26,71.4271,74.2775,70.4506,74.1983,2519000
2018-12-27,73.2482,75.1572,72.0165,75.0956,2070300
2018-12-28,75.21,76.4504,74.2775,75.1836,2070700
2018-12-31,75.7379,76.1337,74.7525,75.5091,1748400
2019-01-02,73.9256,76.037,73.864,75.5883,2523900
2019-01-03,73.0106,74.2071,70.864,71.0224,4376600
2019-01-04,71.6646,73.0282,70.7849,72.7467,3470000
2019-01-07,72.6147,74.0663,72.2101,73.2042,2656300
2019-01-08,74.1367,75.0253,72.7291,74.9901,3993500
2019-01-09,75.5003,77.8581,75.5003,76.8903,3321600
2019-01-10,76.4417,77.9988,76.1601,77.9548,2042400
2019-01-11,77.4797,80.1542,77.4797,79.2305,3029800
2019-01-14,78.0164,78.2892,76.8552,76.9783,2239300
2019-01-15,77.1191,77.8932,76.5472,77.0751,1960500
2019-01-16,77.0663,77.8756,76.4417,76.5384,1667100
2019-01-17,76.1074,78.166,75.166,78.1308,2563000
2019-01-18,78.8346,80.5237,77.7965,80.3741,3471600
2019-01-22,79.6791,79.8375,77.6029,78.4123,2749500
2019-01-23,78.6498,78.9226,77.2158,78.1748,1590400
2019-01-24,79.644,84.0163,79.644,83.3565,6478700
2019-01-25,84.2802,86.3477,84.0603,85.9254,4301100
2019-01-28,83.5325,85.9518,83.4533,85.6351,2260100
2019-01-29,86.4796,86.4796,84.9577,85.3448,2171800
2019-01-30,85.8374,87.4826,85.4327,87.1043,2653700
2019-01-31,86.8667,87.0603,86.2421,86.9723,2588200
2019-02-01,87.245,88.5294,86.9547,88.4503,3074200
2019-02-04,88.3887,88.6702,86.8579,87.7113,2541900
2019-02-05,87.5706,88.4239,87.1395,88.3271,2472600
2019-02-06,88.8989,91.0367,88.855,90.0954,3279400
2019-02-07,89.1365,89.8227,87.5705,88.5294,3471800
2019-02-08,87.4914,88.7846,87.157,88.6174,2407700
2019-02-11,90.0866,90.3066,88.8726,89.5148,2232300
2019-02-12,90.7289,92.2684,90.5089,91.547,3693600
2019-02-13,91.8725,92.4531,91.0279,91.8637,2417100
2019-02-14,91.6966,92.4092,91.1511,91.9253,2971500
2019-02-15,92.6995,93.1041,91.7493,93.025,2289400
2019-02-19,92.7611,92.9898,91.6262,91.6878,3722200
2019-02-20,92.4619,95.2596,92.1188,93.9751,4811700
2019-02-21,93.5441,93.9575,92.3036,92.6203,3518500
2019-02-22,93.3241,93.544,92.5411,93.1746,2248000
2019-02-25,93.9575,95.2068,93.7904,94.9253,3987500
2019-02-26,94.4502,94.8901,93.9575,94.2918,2083400
2019-02-27,93.5441,93.7992,92.3476,93.1922,2617100
2019-02-28,92.8031,94.8103,92.8031,94.5804,3212300
2019-03-01,95.3586,96.1986,94.3947,95.8891,2821400
2019-03-04,96.3843,96.8088,94.4036,96.0837,2518100
2019-03-05,96.0395,96.4197,95.4647,95.7034,2843100
2019-03-06,95.783,96.0837,94.2267,94.4301,2028000
2019-03-07,94.4036,94.4036,93.0418,93.4486,2507000
2019-03-08,92.6262,93.4486,92.0691,93.2098,4791700
2019-03-11,93.2452,95.2701,93.2275,95.2171,2884100
2019-03-12,95.2082,95.9864,94.3151,95.4205,2392000
2019-03-13,95.8715,96.4374,95.2259,95.5708,1814100
2019-03-14,95.8449,95.8449,94.7219,95.7211,1961300
2019-03-15,96.3666,97.8434,95.8096,96.7292,4574400
2019-03-18,96.4109,97.5958,95.8803,96.517,2745900
2019-03-19,97.189,97.6046,96.6407,97.2244,1944900
2019-03-20,97.2421,97.5073,95.6062,96.0395,2640800
2019-03-21,96.3843,98.2589,95.9422,97.4277,3724900
2019-03-22,97.0829,97.2597,94.8988,94.9695,2300200
2019-03-25,92.7058,93.8111,91.963,93.0684,2690800
2019-03-26,93.7581,94.7396,93.484,94.7042,3310000
2019-03-27,94.5804,95.0314,91.7685,92.8119,2621100
2019-03-28,92.9003,93.4132,91.3441,92.0249,2615200
2019-03-29,92.9976,93.5193,92.4936,93.086,2777700
2019-04-01,94.1914,96.0483,93.9615,95.7477,3445800
2019-04-02,95.615,95.9334,94.9784,95.5973,1684200
2019-04-03,96.9326,98.2059,96.5258,97.1271,2739500
2019-04-04,97.0564,98.1175,96.5081,97.7461,2435700
2019-04-05,98.2324,98.8602,97.7549,98.5596,2529000
2019-04-08,97.9318,98.8868,97.5869,98.8072,2237900
2019-04-09,98.595,98.7984,97.3393,97.7019,1856900
2019-04-10,97.6223,99.1432,97.2244,99.099,1966700
2019-04-11,99.3643,99.6384,98.3032,98.8779,1784900
2019-04-12,99.7622,101.062,99.1609,100.9913,1984200
2019-04-15,101.1947,101.3273,99.5853,99.8683,1420500
2019-04-16,100.2132,101.681,100.1424,101.3362,2298600
2019-04-17,101.7606,102.5122,100.673,101.1593,2505900
2019-04-18,101.7694,101.7694,100.5934,101.5042,2052800
2019-04-22,101.1682,101.3362,100.3193,100.4608,2295900
2019-04-23,100.4254,101.1593,100.1159,100.9029,3437900
2019-04-24,101.4953,104.8202,100.9383,103.7148,5727100
2019-04-25,102.9102,102.9279,100.3723,101.7076,2952900
2019-04-26,100.1424,101.3273,99.1786,101.1947,2244900
2019-04-29,101.0267,101.5042,100.2751,100.6995,1877100
2019-04-30,101.2124,103.3081,100.7437,102.7864,2624800
2019-05-01,103.0693,103.423,101.3715,101.4246,1601800
2019-05-02,101.5396,103.8298,101.292,103.423,2223200
2019-05-03,103.9713,104.3073,102.5122,103.4142,2476300
2019-05-06,100.8675,102.0347,100.2751,101.628,2247800
2019-05-07,100.2751,101.062,98.8514,100.5226,2965400
2019-05-08,99.4439,99.8948,97.6842,97.7549,3819500
2019-05-09,96.5081,98.2324,95.3674,97.7549,3408800
2019-05-10,97.4543,98.2855,95.2171,97.7991,2422000
2019-05-13,94.7396,95.2171,91.6624,92.1664,4900300
2019-05-14,92.9976,94.8015,92.8296,94.3947,2271900
2019-05-15,93.369,96.234,93.3159,95.4028,2305600
2019-05-16,93.4309,93.8907,92.0161,92.582,4409800
2019-05-17,91.2733,91.8392,88.594,89.1599,5468000
2019-05-20,86.5513,87.7539,85.5256,86.2153,4506000
2019-05-21,89.6816,89.9734,87.6301,88.3199,4636600
2019-05-22,87.4002,91.1672,87.1792,89.6993,5187100
2019-05-23,87.9662,88.9212,86.3037,87.303,3387300
2019-05-24,88.0457,88.7974,86.9493,87.0288,2283100
2019-05-28,87.2411,87.6655,85.561,85.8705,3602400
2019-05-29,84.9951,87.3914,84.8359,86.7547,3051200
2019-05-30,86.977,88.533,86.5769,87.1904,2099600
2019-05-31,86.239,87.6617,85.7855,85.91,2156800
2019-06-03,86.5235,87.4216,84.9231,85.421,2900000
2019-06-04,86.7014,89.8757,86.1679,89.7778,3588600
2019-06-05,90.3736,91.076,87.5194,88.7998,1785600
2019-06-06,88.6575,89.191,87.6972,88.8887,1881100
2019-06-07,89.5111,89.7956,88.6753,89.5289,3046400
2019-06-10,92.7298,95.6107,91.6984,94.7393,4179100
2019-06-11,95.7352,96.5265,93.0677,93.5123,2325100
2019-06-12,93.2634,93.2634,92.1697,92.801,1506600
2019-06-13,93.1655,94.1347,92.9077,94.0547,1696200
2019-06-14,91.974,92.8365,91.3872,92.4897,2327200
2019-06-17,92.6498,94.0547,92.0007,93.4501,1859200
2019-06-18,94.8638,98.3315,94.2947,97.7536,3190000
2019-06-19,98.2426,99.1673,97.3623,98.7316,2474500
2019-06-20,100.9634,101.3102,99.1495,100.0831,2437100
2019-06-21,99.6919,101.6836,99.1673,101.0701,4351300
2019-06-24,101.1057,101.6481,100.1721,100.3855,2052100
2019-06-25,100.4832,100.9545,97.6735,98.0559,2516200
2019-06-26,99.1318,100.2432,98.1537,98.5805,3823400
2019-06-27,99.3096,101.1146,98.945,100.3321,2054000
2019-06-28,100.7945,101.737,100.1276,100.3588,6136800
2019-07-01,104.1821,105.0446,101.7281,102.2527,2586300
2019-07-02,101.7992,101.8081,100.1543,100.9278,1357300
2019-07-03,101.0256,101.0701,99.4607,100.6255,1444500
2019-07-05,99.6475,100.4566,98.9717,100.3499,1022100
2019-07-08,99.7542,100.1365,99.0784,99.4341,1790500
2019-07-09,99.3718,101.2924,99.0517,100.7322,1952600
2019-07-10,101.9681,102.9018,100.421,101.3724,1762000
2019-07-11,101.6036,101.6036,100.501,101.2924,1414200
2019-07-12,101.5591,103.373,101.5591,103.3196,2139300
2019-07-15,103.9421,104.6445,103.3374,104.0488,1228300
2019-07-16,103.1418,103.2218,101.5058,102.6617,2007400
2019-07-17,103.0885,103.1507,101.3013,101.3102,1545000
2019-07-18,101.3635,103.3641,100.6967,103.1507,2245000
2019-07-19,103.3997,104.0932,102.715,102.9462,1558600
2019-07-22,103.1863,104.9913,102.7417,104.6623,1667000
2019-07-23,105.3647,106.6362,104.6445,106.6273,2307800
2019-07-24,107.6054,110.9575,107.1519,110.8241,4240300
2019-07-25,109.5348,110.344,107.2142,108.6368,2675400
2019-07-26,109.1703,109.4015,108.2189,108.2989,1372900
2019-07-29,108.5479,108.9213,107.4275,107.7743,1694700
2019-07-30,106.9652,107.9255,106.3161,107.5521,1163000
2019-07-31,107.5609,107.5609,103.1952,104.44,2460100
2019-08-01,104.7245,106.8318,100.5722,101.7725,2978600
2019-08-02,101.5502,102.1993,99.7986,100.1898,2717700
2019-08-05,97.309,97.6735,94.3748,95.6996,3642300
2019-08-06,96.7933,98.1537,96.1442,97.1667,2868500
2019-08-07,95.8952,98.0381,95.2817,97.6468,2048700
2019-08-08,98.0025,99.9942,97.2734,99.8786,1837600
2019-08-09,98.9006,99.4518,97.6113,98.3937,1713700
2019-08-12,98.0025,98.3582,96.2776,96.8822,1395200
2019-08-13,97.0156,100.9901,96.1531,100.4921,3047900
2019-08-14,98.3226,99.3274,97.4068,98.0825,1840600
2019-08-15,98.3493,98.6516,95.8597,96.4287,2161500
2019-08-16,97.638,98.9183,97.0956,98.2693,2576200
2019-08-19,100.5277,101.1146,98.5271,98.8472,2784500
2019-08-20,98.1359,99.1051,97.7447,98.0648,2254700
2019-08-21,96.9178,99.3185,95.833,96.5532,3236500
2019-08-22,96.5176,97.2734,95.335,96.5888,2761400
2019-08-23,95.1217,95.5929,92.223,92.6231,4382700
2019-08-26,93.868,94.3303,93.3611,94.277,2510400
2019-08-27,95.3973,95.8419,94.5348,95.1839,2222700
2019-08-28,94.6415,96.0819,94.0991,96.0553,1553300
2019-08-29,97.637,98.6289,97.2617,97.4225,1949100
2019-08-30,98.2625,99.1561,97.5566,98.1463,1881700
2019-09-03,97.1455,97.36,94.5719,95.0634,2607300
2019-09-04,96.6987,97.6102,96.6361,97.5744,1181100
2019-09-05,99.4332,101.7834,99.2813,100.997,2294800
2019-09-06,101.1847,101.4706,100.4698,100.6842,1217100
2019-09-09,101.1489,101.6672,100.3357,100.8629,1208600
2019-09-10,100.4072,101.8549,99.4153,101.8549,1459700
2019-09-11,101.8995,103.9995,101.1668,102.8021,2387300
2019-09-12,105.4472,105.8583,103.24,103.8476,2053700
2019-09-13,103.6868,104.5447,103.1417,104.1247,1646300
2019-09-16,102.9272,103.4902,102.3821,102.9987,1192000
2019-09-17,102.7485,103.5438,102.2659,103.0166,1426800
2019-09-18,102.954,104.214,102.6055,104.1604,1350500
2019-09-19,103.7494,104.4106,102.8289,103.5528,1636000
2019-09-20,103.4455,104.214,102.4268,103.0613,3204100
2019-09-23,102.7217,102.8915,101.3366,102.1319,1593900
2019-09-24,102.8021,102.82,98.8434,99.1561,2916400
2019-09-25,99.317,101.0327,98.0838,100.6932,2349700
2019-09-26,100.8451,101.3723,99.7906,101.1042,1020500
2019-09-27,100.9434,101.7476,98.6289,99.2276,1517800
2019-09-30,100.2196,100.3,98.7808,99.8442,2276600
2019-10-01,102.5966,103.8298,97.9051,98.1017,2901800
2019-10-02,97.5208,98.1285,96.6093,97.3778,1545800
2019-10-03,97.2885,99.46,96.511,99.0757,1816100
2019-10-04,99.9515,101.1757,99.3617,101.006,1437500
2019-10-07,100.9076,101.2383,98.9953,99.0489,1658300
2019-10-08,98.2893,98.62,94.8042,94.8399,3196500
2019-10-09,96.3055,97.2885,95.4208,96.5736,1869200
2019-10-10,96.3323,98.0927,96.0821,96.9042,1883200
2019-10-11,98.057,100.7289,98.057,99.3885,2613900
2019-10-14,98.8076,99.1919,98.2893,98.6021,1755600
2019-10-15,98.9685,101.3455,98.7451,101.2383,2615400
2019-10-16,100.72,101.2025,98.6468,98.8255,1928100
2019-10-17,99.8799,100.3178,97.9676,98.2982,1494100
2019-10-18,98.4502,98.6825,96.8863,97.8336,1444800
2019-10-21,98.4681,99.6208,98.2893,99.2902,1327300
2019-10-22,99.4153,100.2999,98.9506,99.0846,1641100
2019-10-23,96.0642,96.2876,93.4548,94.3395,4584000
2019-10-24,95.0544,95.3314,93.7587,94.1161,3038400
2019-10-25,94.3216,95.6442,93.9374,95.4655,1867700
2019-10-28,96.2429,97.4761,95.9927,97.2527,2085000
2019-10-29,97.6191,98.4055,96.368,96.5557,2765800
2019-10-30,98.754,99.1829,96.3055,96.7344,2543700
2019-10-31,96.2429,96.2429,93.7855,95.2868,3847400
2019-11-01,96.1715,98.2268,96.1178,97.7353,1991800
2019-11-04,99.2544,100.3178,98.611,99.5404,1681300
2019-11-05,99.6119,102.257,99.4957,101.3812,3043500
2019-11-06,100.9791,101.1757,98.8791,100.1123,1676800
2019-11-07,101.6672,101.7119,99.6655,100.3447,1139200
2019-11-08,100.0676,101.0149,99.3438,100.997,1123900
2019-11-11,100.577,100.7468,99.5672,100.577,1263500
2019-11-12,101.006,101.8817,100.7468,101.2115,2277100
2019-11-13,100.3178,102.2213,100.0051,102.0247,1683600
2019-11-14,101.6047,101.6047,100.5681,101.2651,1102200
2019-11-15,102.4983,102.7217,100.6127,101.3366,1767400
2019-11-18,101.0059,101.0059,99.8174,100.0587,1845200
2019-11-19,100.7379,101.0059,99.7012,99.8264,1876200
2019-11-20,99.0132,99.04,96.7076,97.0293,2987600
2019-11-21,97.4583,97.6191,96.377,97.2081,2903000
2019-11-22,99.2634,99.2634,97.5298,98.8791,1783600
2019-11-25,99.7459,101.3991,99.4778,100.9166,3030500
2019-11-26,97.0651,103.1685,96.0732,102.6681,7432900
2019-11-27,103.7583,103.937,101.006,101.6047,3948800
2019-11-29,101.0059,102.2212,100.4787,100.9344,1036700
2019-12-02,101.0327,101.3008,99.1293,99.4242,1715800
2019-12-03,97.8872,98.6825,97.1097,98.5217,2108500
2019-12-04,99.9068,102.3285,99.9068,102.2213,2890100
2019-12-05,102.311,103.4603,101.6017,101.8442,2443400
2019-12-06,103.0203,104.2414,102.7151,104.0529,2150300
2019-12-09,103.9541,103.9541,102.8138,102.9126,1551800
2019-12-10,102.8767,103.6489,102.3829,102.7241,2815900
2019-12-11,103.2089,104.5916,103.0652,104.017,2203200
2019-12-12,104.0349,106.54,103.8015,105.7768,2424000
2019-12-13,105.5703,107.2672,104.9597,106.6387,1644300
2019-12-16,107.3121,108.192,106.3873,106.7195,2062500
2019-12-17,106.7645,107.2134,106.0103,106.6836,1467400
2019-12-18,106.7465,107.3211,104.9238,105.0495,2708400
2019-12-19,105.3907,106.6836,105.1663,106.5759,1591000
2019-12-20,107.9047,107.9406,105.8576,107.5815,4449000
2019-12-23,107.7431,108.2369,106.8722,106.9979,1565700
2019-12-24,107.0787,107.6353,106.944,107.4917,487800
2019-12-26,107.4468,107.8598,107.0787,107.5007,912600
2019-12-27,107.4917,107.7431,106.8363,107.2493,1360900
2019-12-30,107.0966,107.2493,105.8935,106.7195,1107300
2019-12-31,106.6836,106.9709,106.0731,106.7016,963500
2020-01-02,107.8419,108.3267,106.6118,108.1292,1279300
2020-01-03,105.9474,107.4468,105.705,106.2257,1374400
2020-01-06,104.3761,105.3368,103.8015,104.9777,1979400
2020-01-07,106.7554,108.5332,106.3065,107.366,2214700
2020-01-08,108.0214,109.054,107.4648,108.3357,2036500
2020-01-09,109.2066,109.2605,107.5097,108.3357,1418500
2020-01-10,108.4614,108.4704,106.2796,106.4592,1610500
2020-01-13,106.6477,107.4199,106.1449,106.8991,1357600
2020-01-14,106.8273,108.2728,106.5759,107.3211,1326800
2020-01-15,107.2134,107.2134,105.256,105.5074,1729200
2020-01-16,106.3784,107.0428,105.9564,106.962,1413600
2020-01-17,107.5186,107.6712,106.8632,107.2672,2303300
2020-01-21,106.118,107.4468,105.9474,107.1236,2548400
2020-01-22,107.4199,108.6858,107.0966,108.1202,1654700
2020-01-23,108.1202,108.7038,106.7106,108.5153,2170200
2020-01-24,109.3413,109.7184,104.9597,105.5613,1972200
2020-01-27,102.9395,103.2358,100.7398,100.7488,2737800
2020-01-28,102.3829,102.8857,101.503,102.6343,2670500
2020-01-29,102.6343,102.7779,101.0989,101.6646,3500900
2020-01-30,100.7667,101.907,99.6264,100.8924,2761000
2020-01-31,100.2549,100.3088,98.0462,98.54,3245400
2020-02-03,99.393,100.21,98.3604,98.7645,2134800
2020-02-04,100.7937,101.7993,100.219,100.9732,2249800
2020-02-05,103.3256,105.1034,102.4547,104.7622,2192400
2020-02-06,104.9957,105.2201,103.5681,103.9631,1398100
2020-02-07,103.2538,103.3795,100.659,100.8026,1663800
2020-02-10,99.5816,101.3683,99.1685,101.3683,1813900
2020-02-11,101.8621,105.7409,101.8621,104.9418,2765500
2020-02-12,105.4176,106.8901,105.3099,106.6746,1856000
2020-02-13,106.1539,106.8811,105.0046,106.7375,2391100
2020-02-14,106.8901,107.1774,104.7801,105.6331,1869000
2020-02-18,104.3582,106.7465,104.2145,106.4592,3074300
2020-02-19,112.2862,114.2975,109.889,111.2357,4598900
2020-02-20,111.6937,112.7442,109.871,111.8283,3062400
2020-02-21,110.3648,111.3076,108.4703,110.2212,2813700
2020-02-24,107.1505,107.4648,105.0226,105.3727,3041400
2020-02-25,106.4322,106.6477,101.7993,102.9485,3251400
2020-02-26,104.1337,105.3997,102.6163,103.1101,2896600
2020-02-27,100.9436,102.6497,97.107,97.2424,3541300
2020-02-28,93.8481,99.3548,93.4328,98.443,6033200
2020-03-02,99.3819,100.6006,96.8091,100.4471,3979400
2020-03-03,99.418,102.1803,96.2042,96.7729,3416000
2020-03-04,98.3979,101.5936,96.3035,101.5213,2181000
2020-03-05,98.425,101.1693,97.4229,98.2805,2197200
2020-03-06,94.7869,97.0077,94.3446,96.5924,3801200
2020-03-09,89.9212,93.5322,87.6644,88.0255,4936400
2020-03-10,90.3906,92.5662,86.7707,92.4759,4355300
2020-03-11,89.8039,90.8601,84.8208,85.227,4167900
2020-03-12,81.0564,86.0846,78.7634,81.255,8483800
2020-03-13,85.6513,90.6885,80.6682,90.0837,6399300
2020-03-16,81.1015,83.8278,74.9449,75.1164,7287000
2020-03-17,77.7614,87.4748,74.313,86.1568,5555700
2020-03-18,78.935,83.4938,71.3881,74.2317,5725800
2020-03-19,74.4213,82.7806,71.7131,81.5348,4465000
2020-03-20,83.4215,84.2882,76.6239,76.8045,4567500
2020-03-23,77.4364,78.9981,72.679,76.8767,4063700
2020-03-24,81.0474,84.8569,78.935,84.6132,3651400
2020-03-25,83.6472,87.9623,81.0112,85.1819,3859600
2020-03-26,85.3353,87.1137,82.0223,83.6111,5063600
2020-03-27,80.5779,83.6201,79.6752,80.0453,3009900
2020-03-30,80.8307,82.573,79.0794,82.1216,3268200
2020-03-31,81.7515,83.2952,80.5057,80.93,3432100
2020-04-01,77.6711,79.5398,75.5316,75.9108,3231900
2020-04-02,75.0442,79.6842,74.8365,79.1697,3638200
2020-04-03,78.8898,80.1627,77.0392,78.1405,2253800
2020-04-06,81.3723,86.9332,81.1737,86.4818,3673600
2020-04-07,89.3886,91.1038,86.5269,86.888,3814800
2020-04-08,87.7637,91.6815,86.4367,91.5371,3001300
2020-04-09,91.4829,93.496,88.3505,89.181,2806200
2020-04-13,88.0345,90.4719,87.863,89.9754,2348300
2020-04-14,91.8982,93.2523,90.3365,92.9995,3177900
2020-04-15,90.9323,91.3204,88.7115,90.6795,1884100
2020-04-16,91.6454,92.3857,89.4698,91.9253,2621700
2020-04-17,93.8481,94.5432,91.5281,92.801,1917000
2020-04-20,92.2232,93.0085,90.2733,91.0948,1498300
2020-04-21,88.522,89.4337,86.7075,87.0866,4028000
2020-04-22,90.2101,92.7287,89.6053,92.1871,3170600
2020-04-23,92.151,93.83,91.2843,91.9072,2585200
2020-04-24,91.7267,96.0779,91.7267,95.6175,2899900
2020-04-27,96.2403,98.0006,95.8883,97.5222,1848900
2020-04-28,100.1401,100.9255,97.0347,97.1431,1648700
2020-04-29,98.7048,102.9657,98.5784,102.3157,2544300
2020-04-30,100.6095,102.0088,98.7138,98.9395,2455900
2020-05-01,96.0237,96.8542,93.1891,93.5592,2782100
2020-05-04,93.0988,93.7398,91.167,93.3426,2550500
2020-05-05,95.455,96.8632,94.9133,95.6355,1818400
2020-05-06,96.4389,97.2243,94.6064,95.0126,1328700
2020-05-07,96.5563,97.2604,95.5362,96.0056,1159000
2020-05-08,96.7007,99.1833,96.141,99.1471,1286200
2020-05-11,97.5312,98.7951,96.8181,97.8743,1436600
2020-05-12,98.7409,99.8964,96.0959,96.2313,2018400
2020-05-13,96.1501,96.9354,92.4037,93.7037,2470100
2020-05-14,93.4419,95.3015,90.6885,95.2293,2053000
2020-05-15,93.0266,93.487,90.3545,91.8982,4237500
2020-05-18,94.8592,98.5423,94.3988,97.8021,2536200
2020-05-19,97.3237,99.6437,95.789,95.9876,3591500
2020-05-20,100.8262,104.3288,100.0769,103.4261,4753400
2020-05-21,102.388,103.1282,99.3909,100.2124,3021000
2020-05-22,99.9867,100.9255,98.8673,100.2575,1764900
2020-05-26,102.7942,104.0309,101.6026,101.738,2112200
2020-05-27,102.749,104.1663,100.7721,103.5254,1825600
2020-05-28,103.6252,103.7977,100.2579,100.7117,2274200
2020-05-29,101.0294,102.8447,100.2125,102.5179,2913300
2020-06-01,101.9915,102.9627,101.0475,102.3636,1209500
2020-06-02,102.5633,106.0759,102.055,106.0123,3112600
2020-06-03,107.873,111.5217,107.4555,110.3872,3762300
2020-06-04,108.7988,111.5126,108.7988,111.077,1653200
2020-06-05,113.3188,115.6242,112.511,113.0828,3549800
2020-06-08,113.455,113.7726,111.4854,112.2841,1809800
2020-06-09,110.7774,112.8741,110.3418,111.9937,2471500
2020-06-10,112.7198,113.0738,110.723,111.5308,1892700
2020-06-11,109.7881,109.9878,104.7688,104.9685,3210500
2020-06-12,108.472,108.6445,104.8324,107.4736,3138700
2020-06-15,105.4224,107.7096,104.4421,107.5553,1695500
2020-06-16,112.2115,112.865,109.0983,111.3583,2706300
2020-06-17,111.2676,112.3113,110.5959,111.2131,1478900
2020-06-18,111.0588,112.0663,110.723,111.4672,1248700
2020-06-19,112.9013,112.9013,108.8623,109.0801,4495800
2020-06-22,108.9349,109.5794,107.4192,109.3706,2034600
2020-06-23,111.1859,113.0102,109.7972,111.8666,2693900
2020-06-24,111.0769,111.2857,107.6733,108.4357,2102900
2020-06-25,108.7534,109.1891,106.7475,109.0075,1809100
2020-06-26,108.7988,108.9349,106.3209,106.9835,2264100
2020-06-29,107.9274,108.2905,106.2937,108.0091,1406200
2020-06-30,108.4811,111.8212,108.0182,111.3129,2400500
2020-07-01,110.9952,111.1132,109.189,109.2526,1587300
2020-07-02,111.1042,111.4672,109.5884,110.0422,1624100
2020-07-06,111.6034,113.0102,111.5308,112.2024,1273300
2020-07-07,110.4507,112.8741,110.3145,111.2948,1920300
2020-07-08,111.7032,112.1843,109.8153,111.5126,1818900
2020-07-09,111.1586,113.4913,109.8607,112.7198,1840900
2020-07-10,112.9195,113.5276,111.4672,113.0012,1769000
2020-07-13,110.487,111.5762,105.7037,106.4208,14320000
2020-07-14,105.4587,107.3556,103.2985,107.1106,6274100
2020-07-15,108.2451,108.3359,106.1575,107.0107,4159200
2020-07-16,105.9397,106.1031,104.2969,105.2681,4183100
2020-07-17,105.7037,106.3481,105.0684,105.9669,2709200
2020-07-20,106.2302,106.9654,104.8687,106.2483,3532200
2020-07-21,106.4571,106.6386,103.3711,103.9974,5033300
2020-07-22,104.0518,104.3877,102.6087,103.362,4271300
2020-07-23,103.0716,103.4618,100.267,101.6012,4216300
2020-07-24,100.7389,103.4437,100.6028,101.8463,3736100
2020-07-27,102.6722,105.3589,102.4816,105.1047,3977500
2020-07-28,104.1698,105.2771,103.2622,104.7689,4393700
2020-07-29,105.2499,106.8837,104.9322,106.6749,3944200
2020-07-30,104.1426,105.7945,103.6252,105.5585,3164100
2020-07-31,105.7672,105.7672,102.8991,104.2424,3293300
2020-08-03,105.1682,106.0214,104.4784,105.8036,3068200
2020-08-04,105.622,107.1378,105.3951,106.3572,3310000
2020-08-05,105.8126,105.9579,104.315,105.4405,3115000
2020-08-06,105.3861,106.33,104.4421,105.9579,2299200
2020-08-07,106.0759,106.4662,104.8506,105.5767,2110800
2020-08-10,105.504,106.4752,104.7961,105.976,3412000
2020-08-11,106.4843,108.3994,105.5858,105.7945,4316100
2020-08-12,106.3754,108.5265,105.9669,108.2088,3601900
2020-08-13,107.3284,108.1362,106.6931,107.2013,2894300
2020-08-14,107.6188,108.0636,106.2574,106.3572,2079800
2020-08-17,107.4918,107.5553,106.4207,106.5932,2592400
2020-08-18,107.1106,107.7278,106.3663,106.9926,5718000
2020-08-19,107.5553,108.4357,106.6568,107.2376,4722400
2020-08-20,106.8474,107.5553,105.8671,106.6023,2866800
2020-08-21,106.2574,106.4026,105.0502,105.3044,3055900
2020-08-24,106.3845,106.684,105.4859,106.4026,2292200
2020-08-25,106.5569,108.9168,106.5569,108.826,3007000
2020-08-26,108.8351,110.0513,107.991,109.3797,3462600
2020-08-27,110.3467,110.365,107.6097,108.6042,3055400
2020-08-28,108.6863,109.1333,107.9199,109.0968,2123100
2020-08-31,108.3396,108.5495,106.5606,106.6335,2948000
2020-09-01,107.4638,108.4491,106.6153,108.3487,2787000
2020-09-02,108.6863,111.7791,108.3396,111.1496,5158000
2020-09-03,110.7117,110.7208,106.5241,106.8525,5880300
2020-09-04,106.8434,108.0111,104.2341,107.1444,3766400
2020-09-08,104.3618,106.0496,102.9112,103.0298,5379100
2020-09-09,104.8819,106.0588,104.1976,105.338,3698400
2020-09-10,105.6574,106.6062,103.705,104.2524,2403800
2020-09-11,105.0278,105.6391,102.6375,103.8235,2361900
2020-09-14,105.63,105.63,103.7232,104.5717,2350500
2020-09-15,105.3928,106.7248,105.0552,105.8854,2237300
2020-09-16,106.7521,107.409,105.3198,105.4293,2476800
2020-09-17,102.9203,105.4931,102.7287,105.3654,2537800
2020-09-18,105.8672,106.1044,104.0881,104.8363,5849900
2020-09-21,103.0663,104.0425,102.0719,103.9422,3282100
2020-09-22,104.1337,104.6903,103.0116,104.6446,2220100
2020-09-23,104.818,105.4931,102.3456,102.6375,3149800
2020-09-24,102.1722,104.298,101.6887,102.8017,2255500
2020-09-25,101.9715,103.6958,100.9588,103.5316,2293600
2020-09-28,105.2103,106.8069,104.7085,106.7978,2071500
2020-09-29,105.8216,107.6006,105.6847,106.4237,2293900
2020-09-30,106.4785,107.8835,106.0223,106.5058,3185100
2020-10-01,108.5494,109.1516,107.0806,108.5586,3092800
2020-10-02,106.2868,107.6097,104.006,104.0151,3172700
2020-10-05,105.2468,106.4602,104.891,106.3781,4414000
2020-10-06,105.7942,108.5038,104.9457,105.411,3773000
2020-10-07,106.8343,108.5494,105.6391,108.2666,4256000
2020-10-08,109.4161,110.4836,108.8323,109.7902,3992900
2020-10-09,111.6058,113.5034,111.0857,112.5181,3984700
2020-10-12,113.7862,115.246,113.1385,115.0544,3053000
2020-10-13,115.2734,115.4011,112.509,112.7553,2439600
2020-10-14,112.8648,113.3027,111.7517,112.2535,1494900
2020-10-15,110.7938,113.6403,110.3011,113.1111,2033100
2020-10-16,113.8136,114.7898,112.7097,112.8009,2232500
2020-10-19,113.695,114.2789,111.6058,111.8612,2390800
2020-10-20,112.1805,113.6038,111.7517,112.7827,2898400
2020-10-21,113.2023,114.7807,112.217,113.8227,3992800
2020-10-22,113.6403,114.1694,112.144,113.8136,2070400
2020-10-23,114.2424,114.6347,112.6276,113.3118,2304100
2020-10-26,112.5637,112.81,109.3067,110.511,2186200
2020-10-27,110.9306,111.4872,109.6899,109.7446,2475100
2020-10-28,108.4764,109.0603,106.0131,106.2595,3387200
2020-10-29,106.0405,108.9782,105.5022,108.0933,2680200
2020-10-30,107.0258,108.2575,106.1317,108.1389,3099200
2020-11-02,109.6077,109.6077,107.3087,108.0933,2445300
2020-11-03,109.0239,110.6752,108.814,109.2519,2549900
2020-11-04,111.6605,115.3007,110.4106,114.8993,3765300
2020-11-05,116.2769,119.4701,115.7386,118.9683,3752900
2020-11-06,119.4974,122.052,118.6034,121.7965,3814600
2020-11-09,126.4129,128.0734,123.8037,123.9132,5150800
2020-11-10,123.165,124.8619,122.1614,122.9643,4742600
2020-11-11,123.6759,126.4859,123.6759,125.3364,2515200
2020-11-12,125.309,125.6192,122.6085,123.6029,2013500
2020-11-13,125.382,125.8382,123.7854,124.3237,2220300
2020-11-16,125.7013,127.8818,124.8163,125.9111,3433200
2020-11-17,124.9806,125.4094,123.3019,123.9587,2978000
2020-11-18,124.0317,124.5426,121.313,121.5502,2359100
2020-11-19,120.1179,124.2872,119.9719,124.2325,2473900
2020-11-20,124.643,124.9076,122.8731,123.0555,2295000
2020-11-23,123.4205,125.2999,123.3292,125.0536,2881900
2020-11-24,125.6192,125.8291,121.1944,124.8894,4677800
2020-11-25,124.6339,125.8564,123.1285,124.0317,2040200
2020-11-27,126.0115,126.4038,125.2087,125.6739,1305700
2020-11-30,125.5827,127.1063,125.0809,126.8873,3010400
2020-12-01,127.7267,129.4693,126.641,128.3927,3161000
2020-12-02,128.3744,129.2229,127.7905,128.3288,2193000
2020-12-03,128.8236,129.5934,127.6782,128.063,1734100
2020-12-04,128.0631,132.0859,127.5682,131.9302,3349100
2020-12-07,132.5808,132.5808,130.5831,131.6919,1734400
2020-12-08,131.2704,134.0745,131.2337,133.9095,2837400
2020-12-09,133.2406,134.0745,129.1261,129.9233,3019500
2020-12-10,128.8145,130.7389,128.4205,129.4651,2704300
2020-12-11,128.3288,130.1799,127.8248,129.346,3216000
2020-12-14,130.1799,131.8935,129.8133,130.4273,2214400
2020-12-15,133.1123,133.1123,131.4903,132.0126,2554500
2020-12-16,132.6541,132.6541,129.7309,130.858,1583100
2020-12-17,131.5453,131.8385,130.6839,131.756,2354200
2020-12-18,132.3059,132.874,131.4445,132.4708,4230700
2020-12-21,129.8775,131.3987,129.4926,130.6656,1827200
2020-12-22,130.7939,132.5808,130.7389,132.2142,2161600
2020-12-23,132.6908,133.4422,131.1146,131.2429,2200900
2020-12-24,132.0585,132.3975,131.0505,132.3884,466400
2020-12-28,134.1661,135.1466,132.3609,132.5808,1630800
2020-12-29,133.0389,133.0939,130.803,131.6461,1130900
2020-12-30,132.5533,134.3494,132.4159,133.9554,1138800
2020-12-31,134.2486,135.4674,133.5155,135.3757,1626800
2021-01-04,136.0355,137.9507,132.5258,133.8087,2496600
2021-01-05,133.5796,136.2371,133.0023,136.2004,1513700
2021-01-06,135.3757,139.5544,134.8076,136.8145,2498200
2021-01-07,139.1329,143.1466,138.5006,142.5968,2661100
2021-01-08,142.9725,146.4455,142.7892,143.6323,4204900
2021-01-11,143.0733,145.8865,142.0469,145.0618,2609400
2021-01-12,143.8797,146.0148,143.4307,145.7857,2573800
2021-01-13,146.6196,148.2507,144.9243,145.2267,2622900
2021-01-14,145.8682,147.3711,145.8682,146.1248,2028100
2021-01-15,144.8144,145.7582,142.5235,144.5578,2338000
2021-01-19,145.2084,147.5085,145.0618,147.1145,2992100
2021-01-20,147.93,149.3504,146.2347,146.4638,2296100
2021-01-21,147.1786,147.4719,144.3837,145.969,2469500
2021-01-22,144.5395,145.6483,142.4226,142.5693,3147200
2021-01-25,143.8705,144.1363,139.7377,140.8648,3697100
2021-01-26,141.0573,142.5235,139.3162,141.9828,2329100
2021-01-27,138.4547,140.0401,134.4777,135.1466,5644400
2021-01-28,137.7949,139.1603,136.0355,136.732,4352000
2021-01-29,136.1546,137.0252,134.386,135.0092,3512700
2021-02-01,135.9347,139.5269,135.0,139.1787,2958500
2021-02-02,140.2233,141.3505,138.3631,139.1695,2536500
2021-02-03,139.2886,139.6643,135.1283,135.2383,2703600
2021-02-04,135.4674,138.0515,134.7068,137.9324,2027600
2021-02-05,139.0321,139.2245,136.1822,136.3196,2169300
2021-02-08,137.6025,140.4799,136.3196,140.3883,2295700
2021-02-09,139.9301,140.6723,139.0412,140.0676,1689300
2021-02-10,141.7629,141.8453,138.9221,140.4158,1761800
2021-02-11,141.6804,145.7124,141.6804,145.52,2981500
2021-02-12,145.6941,147.9025,144.7044,147.3344,2387900
2021-02-16,149.2313,150.2393,146.9495,147.0687,3172400
2021-02-17,144.0079,148.5532,142.0377,146.3905,3815900
2021-02-18,144.7319,145.4925,142.6426,144.8694,3807700
2021-02-19,147.197,150.6517,146.6196,150.1019,2944000
2021-02-22,148.7365,149.7445,145.2176,145.9232,3510200
2021-02-23,144.2004,145.4008,140.4891,144.512,3022200
2021-02-24,143.4307,148.3791,142.1844,148.2325,2748700
2021-02-25,146.0513,147.3858,141.0725,141.4314,3282600
2021-02-26,144.0819,145.177,140.1246,143.4009,5574200
2021-03-01,144.5605,146.125,142.6739,145.9501,3385500
2021-03-02,146.7047,146.7047,141.7535,141.9928,3016500
2021-03-03,140.9621,142.6463,137.603,137.9895,2665700
2021-03-04,137.2993,137.6674,130.9124,133.0015,4870000
2021-03-05,137.1244,137.695,131.9616,137.014,4040100
2021-03-08,135.9925,137.6398,132.3113,132.5782,3996300
2021-03-09,136.876,139.0663,136.3606,137.5202,5203400
2021-03-10,139.2687,139.4436,135.3667,135.3851,3137300
2021-03-11,138.3668,139.9958,138.0355,138.9926,4462100
2021-03-12,136.7563,137.8883,135.79,137.6214,3658500
2021-03-15,137.695,139.0663,136.1673,138.965,2113200
2021-03-16,140.1982,142.1953,139.8301,140.8793,2324600
2021-03-17,138.4313,142.5266,138.1092,141.8732,2852800
2021-03-18,139.2872,141.0633,137.3821,137.5386,3853400
2021-03-19,137.4926,140.9989,135.9649,139.8025,4624900
2021-03-22,141.0081,143.8611,141.0081,142.1861,3321600
2021-03-23,142.2688,142.6186,137.7042,138.4956,2505200
2021-03-24,140.1982,141.6983,138.2288,138.4497,2792800
2021-03-25,136.6091,138.8822,134.8329,137.9527,2725300
2021-03-26,136.5907,144.8273,136.2042,144.5881,3686200
2021-03-29,142.6738,143.7598,139.9037,141.5879,2779000
2021-03-30,140.0234,141.2013,139.4252,140.4467,2114000
2021-03-31,141.9284,143.6678,141.3671,142.7199,3457000
2021-04-01,144.8365,147.6986,144.3764,147.5974,3345800
2021-04-05,149.2356,150.8369,147.7999,150.4596,2628400
2021-04-06,149.3644,150.0915,147.0269,148.8215,2422100
2021-04-07,148.7938,149.0699,145.9869,146.7416,2062700
2021-04-08,148.7386,149.3,146.7876,149.1988,2599500
2021-04-09,147.9839,149.0607,147.4041,148.3889,2250400
2021-04-12,147.8367,148.0668,146.2906,146.9992,2026700
2021-04-13,147.7539,148.122,144.8181,146.4747,1704600
2021-04-14,145.1403,147.8275,145.085,145.8305,1596400
2021-04-15,147.2477,148.4625,146.0421,147.9012,1816000
2021-04-16,148.1588,148.4717,146.4563,146.7968,1861900
2021-04-19,145.8489,146.3275,143.2905,144.404,3405000
2021-04-20,142.5542,143.8058,141.3302,142.1585,2339700
2021-04-21,143.0972,145.72,141.8364,145.674,2713100
2021-04-22,144.7353,145.5268,142.5634,142.9867,2487900
2021-04-23,144.2108,147.2201,143.6678,146.3459,3415500
2021-04-26,145.9869,148.9963,145.6556,147.8367,2705500
2021-04-27,148.4809,149.0147,146.76,146.8336,3232400
2021-04-28,145.8673,146.1066,142.683,143.6217,3304600
2021-04-29,144.0635,145.5084,141.7351,145.4163,5833000
2021-04-30,143.1432,143.8518,140.4099,140.9529,4035000
2021-05-03,141.726,141.8916,138.689,139.2596,3265500
2021-05-04,138.0447,139.8853,136.7103,139.8025,3849600
2021-05-05,141.0633,142.8487,140.1615,141.6615,4415400
2021-05-06,141.7168,144.0083,140.6768,143.0328,4775100
2021-05-07,144.1831,145.7292,143.5849,144.7261,2706500
2021-05-10,144.3304,144.6433,138.7442,138.7718,4132300
2021-05-11,136.5171,139.9682,136.0661,138.8178,4643100
2021-05-12,135.6519,137.1336,134.0414,134.4095,4733000
2021-05-13,135.8452,137.4281,134.0138,134.9433,4053200
2021-05-14,136.1949,138.7534,134.9433,137.6858,4852100
2021-05-17,136.5446,136.9588,134.2071,136.2962,5079800
2021-05-18,137.6858,137.8515,134.1887,134.2623,4223000
2021-05-19,134.1703,141.1093,132.5874,140.9161,7065800
2021-05-20,142.9868,148.3521,142.5266,146.76,5986500
2021-05-21,146.9624,147.9563,146.309,146.6587,3526700
2021-05-24,148.1588,149.9994,147.9195,149.5577,3434600
2021-05-25,151.2142,152.0056,149.7233,150.6712,3327300
2021-05-26,150.6712,151.9964,149.7049,150.8185,4016300
2021-05-27,150.8185,152.8148,150.5875,150.837,3469200
2021-05-28,151.3176,153.0643,150.7168,152.1216,2750200
2021-06-01,151.3453,153.7112,149.8758,151.2806,2981800
2021-06-02,151.4377,152.787,150.9756,152.0292,2071800
2021-06-03,149.386,151.3176,148.813,149.7834,2553700
2021-06-04,150.0791,153.5541,150.0791,153.0273,2443000
2021-06-07,152.177,153.018,151.5763,152.0107,1999200
2021-06-08,153.8868,153.8868,150.8647,152.4081,2437100
2021-06-09,152.8794,154.2565,152.4358,153.7574,3245400
2021-06-10,154.5152,155.1437,152.2048,154.6539,2905800
2021-06-11,154.9774,155.0236,153.8221,154.8942,2383300
2021-06-14,155.0513,155.6705,153.2122,155.6705,2755500
2021-06-15,155.6612,156.1233,154.4228,154.9126,2377800
2021-06-16,155.3193,155.8461,151.983,153.434,2360900
2021-06-17,153.4339,155.4671,152.5744,153.6187,2391500
2021-06-18,152.8055,152.8055,149.2289,149.8943,3936500
2021-06-21,150.2455,151.8535,149.885,151.7057,2973200
2021-06-22,151.142,151.7519,150.1161,151.2621,2983800
2021-06-23,151.2251,152.4266,150.6429,151.2251,2257000
2021-06-24,153.6003,154.5892,152.7131,154.3766,2059900
2021-06-25,154.8294,156.6224,154.4043,154.9496,2959500
2021-06-28,156.1326,158.1843,155.6705,157.639,2265900
2021-06-29,157.371,158.8127,157.0198,158.4061,2121400
2021-06-30,158.175,159.3765,157.2971,159.1085,2954400
2021-07-01,158.9883,159.0437,156.0863,156.3451,2865100
2021-07-02,157.3802,158.249,156.7703,157.7314,1563500
2021-07-06,158.5262,158.5262,154.1086,155.5596,2293400
2021-07-07,156.4376,156.5854,152.1586,152.8887,4204600
2021-07-08,150.0052,151.8443,148.0367,151.4839,3152500
2021-07-09,151.5301,153.9792,150.4026,153.665,2346200
2021-07-12,153.896,154.9126,153.1105,154.848,2074000
2021-07-13,154.3581,155.5965,153.3969,154.5799,2127100
2021-07-14,155.883,157.1122,153.2953,153.5633,2012800
2021-07-15,153.3323,153.3323,150.0145,151.2529,3505900
2021-07-16,151.5578,152.2602,148.1106,148.2769,2284100
2021-07-19,146.6874,147.5099,144.6819,146.9277,2772000
2021-07-20,147.2603,149.5431,145.948,148.7113,2831100
2021-07-21,149.0625,152.3434,148.5912,152.3434,2076000
2021-07-22,149.959,150.6706,148.6374,149.7372,3250900
2021-07-23,150.8554,151.4192,149.4137,151.1512,2178700
2021-07-26,149.0441,151.8813,149.0441,151.4747,1733600
2021-07-27,151.1142,151.3361,147.4452,150.264,4077700
2021-07-28,150.9386,152.1678,150.495,151.604,3632400
2021-07-29,152.288,154.4875,152.0662,153.9145,3164400
2021-07-30,153.0273,155.4487,152.6207,154.7278,2678800
2021-08-02,155.8553,158.3414,154.6816,154.9126,2822000
2021-08-03,155.6058,156.2065,153.0365,155.8923,3271200
2021-08-04,155.9478,161.9642,155.8184,159.4966,10201100
2021-08-05,160.4024,160.5964,156.0309,157.0475,3468300
2021-08-06,156.0309,158.8589,155.6058,158.1566,3164200
2021-08-09,158.0919,159.4504,156.5485,158.3229,2580800
2021-08-10,158.3229,158.6279,156.188,158.0364,1943800
2021-08-11,158.9976,159.0438,155.8923,157.5374,1946400
2021-08-12,156.6501,156.8442,153.933,155.7999,2562100
2021-08-13,156.5115,157.8239,155.6243,157.1862,2040700
2021-08-16,156.7703,158.554,156.6224,158.1011,2163200
2021-08-17,157.2416,157.2416,153.1012,153.6927,4593000
2021-08-18,152.3989,155.3008,149.0625,153.2121,5452700
2021-08-19,152.6022,154.3119,151.1512,154.1456,3451100
2021-08-20,154.2195,155.4302,152.5559,154.0069,2913000
2021-08-23,157.3341,159.7,153.4709,156.7703,13465500
2021-08-24,156.9644,157.4449,152.2602,153.2769,8137000
2021-08-25,153.5171,155.1992,150.7168,151.5671,19156400
2021-08-26,153.1355,156.3653,151.9197,155.3259,7306300
2021-08-27,155.2702,157.5997,154.2214,154.5091,9136200
2021-08-30,154.9639,156.1704,154.6669,154.9732,4901600
2021-08-31,154.2029,154.5463,149.7387,151.233,9136300
2021-09-01,151.994,152.3931,149.4603,149.5253,6513600
2021-09-02,150.4719,151.2237,149.6274,150.9267,4514700
2021-09-03,150.8339,151.7434,150.11,150.7597,2385600
2021-09-07,150.9638,151.9662,150.4905,151.53,5132100
2021-09-08,151.9383,153.7574,150.7225,151.9012,4620100
2021-09-09,151.5299,157.8967,151.5299,156.6716,7601800
2021-09-10,157.4048,159.7157,157.3584,157.7204,4280800
2021-09-13,159.2517,160.6902,158.0544,160.3839,7431700
2021-09-14,161.0615,161.5812,159.2053,160.9965,5335200
2021-09-15,161.4327,161.9153,159.7065,161.5627,4498500
2021-09-16,160.0313,161.9154,160.0313,160.7552,4582700
2021-09-17,159.0754,160.5789,158.0452,159.1867,13056400
2021-09-20,157.8689,158.4814,155.0196,157.2934,10189700
2021-09-21,158.5371,159.2981,156.1426,158.3051,4011300
2021-09-22,159.6322,161.7297,158.9176,161.3492,3484500
2021-09-23,161.9524,165.0059,161.6276,164.4861,3391900
2021-09-24,163.8551,165.9804,163.1961,165.6927,2393300
2021-09-27,164.5233,165.3215,162.9734,164.1892,4497200
2021-09-28,159.8921,162.3051,158.8712,158.9733,5494000
2021-09-29,158.2772,159.4744,156.0312,156.6994,3498400
2021-09-30,158.1101,158.9454,155.3258,155.4372,4820600
2021-10-01,155.7621,156.7366,152.9128,155.3352,3549200
2021-10-04,154.7505,155.6414,151.8826,152.4488,5377500
2021-10-05,153.3583,154.7412,152.1704,153.479,2899100
2021-10-06,152.0033,154.3142,151.4093,154.1101,2754000
2021-10-07,155.3908,157.1171,154.7504,154.9732,2174100
2021-10-08,156.3653,156.8015,154.6948,156.4953,3145900
2021-10-11,156.0312,159.2053,155.7342,155.827,1964800
2021-10-12,156.3932,157.377,152.0404,152.226,3018000
2021-10-13,154.0265,154.7226,151.8084,152.5323,3416600
2021-10-14,154.5463,156.4767,154.1843,156.1055,5043100
2021-10-15,157.8039,159.725,157.5162,159.6693,2887000
2021-10-18,158.1287,161.1729,157.5162,160.8666,2541500
2021-10-19,161.2471,164.0407,160.1427,163.9293,3336700
2021-10-20,164.1891,165.0708,163.2703,164.1984,3025800
2021-10-21,163.9571,166.1753,163.4745,165.9525,2744000
2021-10-22,166.3516,167.7716,164.9038,165.5906,3074300
2021-10-25,165.7391,168.0779,165.5906,167.5396,2498200
2021-10-26,168.8853,169.2751,166.7229,166.9456,2209200
2021-10-27,161.5905,162.4165,157.776,158.203,6263900
2021-10-28,159.8735,161.8133,159.196,160.0592,2781100
2021-10-29,159.0754,161.3585,158.3236,161.0151,3137400
2021-11-01,160.7274,162.6485,160.4768,162.4072,2180700
2021-11-02,162.4072,165.4328,162.138,165.1451,2405800
2021-11-03,164.6625,166.3795,163.2239,165.9433,1997700
2021-11-04,166.1289,167.948,163.5766,167.7345,5252700
2021-11-05,170.5373,172.7184,169.0988,170.9364,3415700
2021-11-08,170.2775,172.5698,170.1754,171.1963,2582300
2021-11-09,171.0664,172.5235,169.6742,171.6975,2508500
2021-11-10,169.8412,172.1615,167.0941,167.8551,2735500
2021-11-11,170.0547,170.1846,167.456,169.9341,1703300
2021-11-12,170.3703,172.3471,168.4955,171.5025,1847600
2021-11-15,172.3657,172.3657,170.5281,171.7531,1337200
2021-11-16,171.3076,174.3425,171.2334,174.1754,2126300
2021-11-17,174.5095,174.5745,172.1986,173.5907,2242300
2021-11-18,174.5746,175.1222,172.6163,174.5653,2091800
2021-11-19,174.5652,176.3379,174.2219,175.2242,3299800
2021-11-22,176.3379,178.1477,172.0315,172.1615,5228600
2021-11-23,172.8575,174.4817,167.2704,169.3308,4976400
2021-11-24,168.4027,169.3865,166.7507,169.3494,2914800
2021-11-26,166.1289,167.4375,164.0685,165.2008,2539100
2021-11-29,167.5581,170.4816,165.6184,170.0268,4374800
2021-11-30,169.4793,171.0107,166.0454,167.289,4561800
2021-12-01,169.173,174.6674,167.6602,167.8366,4831300
2021-12-02,167.6968,170.0539,165.8335,168.2838,3795600
2021-12-03,170.4638,171.3768,166.495,168.4328,2958600
2021-12-06,169.8583,170.1843,164.1473,168.6844,3938200
2021-12-07,171.116,174.8612,171.0414,173.883,4850000
2021-12-08,173.0631,173.7712,171.7309,173.5289,3167800
2021-12-09,172.2899,174.8333,170.939,171.1253,3457800
2021-12-10,173.6687,173.7525,168.7496,170.8924,2570800
2021-12-13,170.911,172.0383,166.0385,166.2714,4457700
2021-12-14,164.8553,166.0571,161.725,164.2311,3770900
2021-12-15,165.4702,167.3987,162.2374,167.259,3598700
2021-12-16,167.8366,168.4422,160.3927,160.8026,4817300
2021-12-17,159.4238,160.6349,157.486,158.4828,7659800
2021-12-20,155.4363,157.5605,154.9798,156.8152,4087400
2021-12-21,158.4921,160.5604,157.3835,160.3182,3018100
2021-12-22,159.9176,160.8213,159.2934,160.5138,2025500
2021-12-23,160.9889,162.5168,160.7747,160.8585,2026200
2021-12-27,161.1846,163.5324,161.1846,163.4765,2134900
2021-12-28,164.3615,164.7062,162.1349,162.461,1634800
2021-12-29,162.6007,164.4827,162.6007,163.5231,1685500
2021-12-30,163.9702,164.8646,162.5448,162.8336,1638600
2021-12-31,162.8057,164.5851,162.6473,163.756,1917200
2022-01-03,163.1969,165.4609,162.8057,165.0416,2667500
2022-01-04,165.5354,167.2496,162.2187,163.551,3889300
2022-01-05,163.3367,165.0695,160.9237,161.0262,3655200
2022-01-06,161.2685,163.0013,160.2809,161.5386,3584400
2022-01-07,161.2684,161.8833,154.6537,157.2996,6747500
2022-01-10,156.6195,159.0604,154.0761,158.753,6017100
2022-01-11,157.2344,162.1349,156.9456,161.7622,3789300
2022-01-12,163.4019,163.4019,160.2157,161.874,1993400
2022-01-13,163.6069,164.2218,157.6723,158.1754,3954000
2022-01-14,156.899,160.3554,156.6009,160.2436,2869600
2022-01-18,157.1599,158.4921,154.8121,155.1195,4160300
2022-01-19,155.6786,157.253,151.8308,151.9147,3736600
2022-01-20,152.6228,153.4985,147.7596,147.7875,4021300
2022-01-21,147.9645,151.5606,146.2316,148.6166,5547500
2022-01-24,148.1415,150.6663,141.1169,150.4054,6665200
2022-01-25,146.6323,148.6819,144.7969,145.123,4064200
2022-01-26,148.1322,153.8153,146.5857,148.8496,5850000
2022-01-27,151.4861,152.5575,143.5112,144.0236,4691100
2022-01-28,143.5858,147.862,140.8467,147.7875,3839700
2022-01-31,147.4987,153.0047,146.4645,152.7625,4504800
2022-02-01,152.8836,154.1879,150.0421,154.0668,3038000
2022-02-02,154.1227,157.8493,153.6289,157.3648,2824500
2022-02-03,154.3183,156.163,150.5265,150.9458,4452100
2022-02-04,149.2036,151.2812,146.0546,150.0234,5174400
2022-02-07,150.07,152.0917,149.3433,149.8278,2443300
2022-02-08,149.9303,152.4923,149.4365,151.9799,3173200
2022-02-09,154.0761,156.8338,152.306,156.7127,3207900
2022-02-10,152.6227,156.8245,150.0234,150.6197,3462600
2022-02-11,150.8899,152.1197,142.6169,143.3808,5455500
2022-02-14,144.3311,146.3527,141.1635,143.4553,4501500
2022-02-15,146.5204,151.2439,146.3621,150.9644,4909600
2022-02-16,150.8247,157.3462,150.5265,156.8338,5825200
2022-02-17,154.7748,154.9053,149.3713,149.4644,4702700
2022-02-18,150.098,151.5793,147.7316,149.3992,3921600
2022-02-22,148.039,151.747,147.4707,149.8837,4269500
2022-02-23,150.9923,152.3246,145.4956,145.7937,5087000
2022-02-24,144.4831,149.7913,142.3298,149.5947,4152200
2022-02-25,149.679,151.8322,147.61,151.776,2741600
2022-02-28,151.0365,151.0365,147.2074,150.0628,3606900
2022-03-01,149.3513,150.4934,145.6252,146.9359,3761800
2022-03-02,147.4227,151.2237,147.0857,149.6228,2578700
2022-03-03,151.1581,151.3828,146.9546,149.1172,2656100
2022-03-04,147.6193,149.1079,145.8125,146.8423,2778600
2022-03-07,147.0015,147.301,136.8812,136.9467,5701300
2022-03-08,136.7033,143.032,134.6718,139.0438,4745200
2022-03-09,143.3222,145.1665,141.6464,143.8184,3046300
2022-03-10,141.2251,142.1051,138.4165,140.9536,4035700
2022-03-11,143.4252,143.9682,137.8923,138.1825,3964300
2022-03-14,138.1076,139.3434,134.6343,136.3382,3910500
2022-03-15,137.9203,141.7962,137.0684,141.2906,3309900
2022-03-16,143.3222,148.6211,142.7979,148.4526,4376200
2022-03-17,146.861,149.8381,145.8218,149.7726,4272400
2022-03-18,148.4432,153.4799,147.067,153.0212,9901900
2022-03-21,151.4765,154.2289,151.1675,153.7421,3258900
2022-03-22,153.3395,155.8672,152.9931,154.257,2568300
2022-03-23,152.9557,153.8263,148.6585,148.9862,3409900
2022-03-24,150.559,154.5285,149.6603,154.4349,3152200
2022-03-25,154.5284,155.3336,152.4688,155.0621,2236300
2022-03-28,153.7046,156.766,152.9276,156.5881,2745200
2022-03-29,158.2639,160.6137,157.0281,159.3218,3127700
2022-03-30,158.0111,159.1533,155.2025,155.8578,2689100
2022-03-31,156.3072,157.2247,154.5472,154.6408,3881500
2022-04-01,155.8766,156.4757,152.4595,154.8093,2941000
2022-04-04,154.6314,155.3617,151.4016,154.0042,4159600
2022-04-05,152.1411,153.0773,145.9248,149.7726,7223600
2022-04-06,147.3759,153.7983,147.2355,150.0535,6036000
2022-04-07,149.1079,152.5156,148.9862,150.9615,3161800
2022-04-08,150.222,150.7369,148.2934,148.6117,3025000
2022-04-11,147.61,148.0032,144.8201,145.0074,3693700
2022-04-12,147.2917,149.3794,145.101,145.5784,2580000
2022-04-13,146.7206,148.8177,145.3069,148.0313,2335200
2022-04-14,148.2653,149.6602,146.318,146.5146,5228700
2022-04-18,146.3087,150.9615,146.2057,150.1096,2728500
2022-04-19,150.1096,152.4127,148.49,151.9633,2674700
2022-04-20,153.9668,154.9966,150.2969,151.0833,2582400
2022-04-21,152.1318,154.1727,147.8908,148.5836,3555000
2022-04-22,147.9002,149.4449,145.2695,145.3444,2640400
2022-04-25,144.352,148.9955,143.9494,148.7802,4487500
2022-04-26,146.9172,147.2823,142.9945,143.0601,3661200
2022-04-27,140.4294,145.7938,140.1298,142.0396,3077300
2022-04-28,144.2959,151.9165,143.9214,150.2126,4156000
2022-04-29,147.9563,149.5292,144.3988,144.5299,4835800
2022-05-02,145.4286,148.4244,143.0413,148.0593,2865900
2022-05-03,147.8066,149.5198,146.524,148.7334,2441900
2022-05-04,148.5555,154.3974,144.4175,154.257,3940400
2022-05-05,151.6825,152.9463,146.524,148.1436,3961500
2022-05-06,146.5614,148.6398,144.5018,146.1682,2710400
2022-05-09,144.3614,146.0746,142.0958,142.5358,4123100
2022-05-10,145.9903,148.3964,142.9103,145.3163,3157800
2022-05-11,143.6405,147.2729,142.0677,142.2924,3861700
2022-05-12,141.403,143.8746,140.4013,143.135,3117700
2022-05-13,145.1478,149.5104,144.0618,148.6117,4783200
2022-05-16,147.198,149.0236,145.6533,147.3946,2328400
2022-05-17,150.7182,153.8919,150.3718,153.3863,4952200
2022-05-18,155.7174,155.7174,149.0798,149.7164,5684400
2022-05-19,150.5871,153.6953,148.93,150.6714,3812600
2022-05-20,153.1616,154.6221,146.7206,152.0756,3977400
2022-05-23,151.308,153.068,149.679,151.2424,2291100
2022-05-24,149.679,152.834,148.6772,151.5233,3172000
2022-05-25,150.2313,152.8246,149.1734,151.9633,2500300
2022-05-26,152.0007,155.3055,151.1113,153.5361,3820100
2022-05-27,155.6523,158.1636,154.4108,157.5899,4942300
2022-05-31,156.9785,159.5086,153.8653,158.3893,5102500
2022-06-01,159.123,159.2453,153.6114,154.9752,3283600
2022-06-02,154.7306,159.3393,153.9499,159.1794,2637700
2022-06-03,156.6869,157.0538,155.0128,155.4172,2539100
2022-06-06,157.4018,158.7938,154.7776,155.4454,2273800
2022-06-07,154.0064,157.3924,153.1599,157.0256,2108000
2022-06-08,156.0003,157.9755,154.1851,155.2009,2928800
2022-06-09,154.2415,157.1008,151.9089,152.003,3144800
2022-06-10,148.9368,150.658,147.4883,147.5918,3369800
2022-06-13,144.1212,145.2498,138.5719,138.9857,5861600
2022-06-14,140.3401,141.2148,137.368,138.4214,2765000
2022-06-15,140.3025,143.4063,138.0075,141.1584,3263200
2022-06-16,137.6595,137.6595,133.2671,134.9319,4722800
2022-06-17,135.4586,136.8506,133.3612,136.0324,6723900
2022-06-21,138.5719,141.3559,138.5343,139.5312,3085600
2022-06-22,138.2144,140.1238,137.1892,138.8728,3720400
2022-06-23,140.1614,140.3401,135.3834,136.8883,2946000
2022-06-24,138.8164,141.1302,138.4496,140.7916,5108900
2022-06-27,142.1178,143.2747,140.6505,141.6381,2048300
2022-06-28,142.4093,144.0553,139.55,139.6629,2786500
2022-06-29,138.1768,138.7412,136.1452,138.5154,2586600
2022-06-30,136.8036,140.3495,134.7815,137.4056,4158000
2022-07-01,135.3834,136.4744,132.1667,134.4146,3175000
2022-07-05,131.5836,134.6592,130.2668,134.5651,3792500
2022-07-06,135.1012,137.2363,133.5869,136.0982,2708600
2022-07-07,138.9293,140.7822,138.4872,139.7382,2742600
2022-07-08,138.6377,141.5911,137.0576,141.0267,1997900
2022-07-11,139.3713,140.3871,137.5655,138.7882,2684900
2022-07-12,139.6347,141.2524,138.6377,139.2491,2305800
2022-07-13,136.8413,141.0549,136.5591,140.3213,2306900
2022-07-14,139.9075,144.9959,138.4684,144.1964,3794000
2022-07-15,144.6949,148.8709,144.2152,148.5794,3736600
2022-07-18,149.3977,149.915,145.1934,146.0211,2930000
2022-07-19,147.6012,152.3698,147.5072,151.8525,3582000
2022-07-20,150.1595,153.9876,149.3224,153.4232,3126000
2022-07-21,154.6083,155.4172,152.6331,155.3702,2990800
2022-07-22,155.8123,155.8123,152.6614,153.5643,2944900
2022-07-25,153.2633,153.4514,150.7426,153.348,3085800
2022-07-26,153.8277,154.5049,151.6738,152.1629,3151300
2022-07-27,153.5549,159.5462,153.5549,158.3235,4672500
2022-07-28,158.6809,160.7878,157.3548,159.5839,3880200
2022-07-29,158.3894,162.4526,157.7404,161.7378,4744400
2022-08-01,160.562,162.1233,159.3675,161.2675,2277100
2022-08-02,160.1576,162.2738,159.5274,160.6185,2179600
2022-08-03,160.8348,166.4593,160.8348,165.8762,2766400
2022-08-04,165.8856,167.3716,164.7287,166.4405,2395100
2022-08-05,164.3619,166.9672,163.7505,166.7133,2495300
2022-08-08,165.7445,167.1835,163.4495,165.4059,2308600
2022-08-09,163.1015,163.553,158.9913,160.2422,3717700
2022-08-10,163.3931,164.8792,161.0417,164.6723,3213500
2022-08-11,165.6881,167.682,163.8728,164.1738,2709900
2022-08-12,164.8133,169.0741,164.8133,168.6038,3198300
2022-08-15,167.8043,169.3092,166.8826,169.1964,2798500
2022-08-16,168.6602,169.0458,166.2994,168.3968,3138200
2022-08-17,163.6565,163.6753,157.1666,160.0165,6158600
2022-08-18,157.7592,162.2268,156.0756,160.0165,4513300
2022-08-19,158.4176,158.8596,157.0914,158.0131,3396500
2022-08-22,155.342,156.3954,153.2445,154.1004,3731100
2022-08-23,153.7618,156.4048,153.7618,154.6366,2128300
2022-08-24,154.0722,155.0504,152.5956,153.9217,3253100
2022-08-25,154.5237,157.3077,154.4202,157.1384,2981700
2022-08-26,156.9221,157.524,149.0873,149.2378,4238300
2022-08-29,148.2076,149.1811,145.7032,146.6671,3353300
2022-08-30,147.5555,147.6784,143.1987,144.3422,3670100
2022-08-31,145.0322,145.0322,142.0835,143.2081,3535300
2022-09-01,140.8076,142.745,138.4922,142.4143,3783900
2022-09-02,143.331,144.8337,139.7302,140.4674,2787500
2022-09-06,140.4485,141.8283,138.4828,140.0894,2480300
2022-09-07,141.3652,143.4728,140.0799,142.4237,2496600
2022-09-08,141.3652,144.4462,140.6753,143.7752,2457600
2022-09-09,144.1154,146.6766,144.1154,145.7126,2620300
2022-09-12,146.9034,147.2909,145.2495,147.1019,3866800
2022-09-13,142.7073,143.8414,139.683,140.1083,4202100
2022-09-14,141.3086,142.9814,139.8626,141.9985,2272900
2022-09-15,141.4786,142.4804,138.9175,139.7491,3142400
2022-09-16,138.6718,141.2707,137.1974,141.1101,4592400
2022-09-19,139.9382,142.1308,139.7492,141.3936,2398200
2022-09-20,140.5336,142.2442,140.1177,141.5542,2574300
2022-09-21,141.7244,145.5425,140.1934,140.2879,3315600
2022-09-22,139.8626,140.1839,136.2807,137.3581,3355700
2022-09-23,135.9121,136.4508,132.3964,134.1259,4839300
2022-09-26,134.8347,135.846,132.8973,133.0863,4502400
2022-09-27,134.8536,136.0255,132.1885,134.0219,2964300
2022-09-28,133.1147,137.3676,132.2358,136.6398,3307000
2022-09-29,135.0521,135.0521,132.2357,134.192,3453500
2022-09-30,133.1241,134.7969,131.5931,131.6876,3525900
2022-10-03,133.5211,138.5584,132.1696,137.1596,4708300
2022-10-04,140.1083,143.416,139.8814,142.5655,4181800
2022-10-05,140.9116,144.5596,140.6659,143.5484,3052000
2022-10-06,143.0192,145.1834,142.4427,142.6789,2286500
2022-10-07,139.5601,140.4674,136.2145,136.9612,4351100
2022-10-10,137.1691,137.4904,131.2812,133.1619,3828700
2022-10-11,131.99,133.3226,129.4383,131.1773,4735300
2022-10-12,131.3947,132.6327,130.7993,130.9788,2541100
2022-10-13,127.3024,136.035,126.1494,134.9103,5040500
2022-10-14,136.6776,136.9895,129.0036,129.2209,4970400
2022-10-17,132.3586,133.5211,130.1849,131.4797,5039800
2022-10-18,136.6965,137.2352,131.6876,133.351,3280300
2022-10-19,133.0296,135.1182,131.612,133.5683,2465400
2022-10-20,134.6174,138.6907,133.4927,134.2771,3341100
2022-10-21,134.1354,139.3239,133.2092,138.5395,3612400
2022-10-24,137.0179,138.8135,134.5607,136.5926,3334500
2022-10-25,137.0935,139.4089,136.4792,138.3315,3644800
2022-10-26,134.9292,137.651,132.8217,133.6156,6726400
2022-10-27,134.6646,135.4774,132.3491,132.954,4666400
2022-10-28,133.729,137.9724,133.3982,136.9234,3482000
2022-10-31,135.9121,135.9783,132.8784,134.7875,3078300
2022-11-01,137.1407,137.8968,135.449,136.7532,2322800
2022-11-02,137.4526,139.6925,133.2754,133.4833,3327700
2022-11-03,131.7443,133.2659,130.2227,130.4401,3706400
2022-11-04,134.504,137.4148,133.3604,136.3658,5004300
2022-11-07,137.8023,140.9966,135.9783,140.7509,3981600
2022-11-08,142.8395,147.0546,141.7905,142.745,4968300
2022-11-09,140.9494,142.556,139.4845,140.0894,3696300
2022-11-10,147.3476,151.9312,146.015,151.5627,5617300
2022-11-11,150.6459,155.8344,150.5609,155.05,3211500
2022-11-14,154.1616,157.649,152.0163,152.4038,4269700
2022-11-15,158.2633,158.6413,153.6324,156.099,4158100
2022-11-16,152.9992,153.2071,151.4304,152.4133,3859000
2022-11-17,149.7481,152.8102,149.4079,152.6022,2835400
2022-11-18,154.5775,154.8799,152.1297,152.9614,4016500
2022-11-21,152.3093,153.1126,150.4097,150.4947,6276300
2022-11-22,156.1085,159.577,153.7742,159.18,5739900
2022-11-23,160.0495,163.7826,158.4901,159.9077,3851800
2022-11-25,159.7565,160.1913,157.8096,157.9136,1698600
2022-11-28,155.8344,158.1121,153.6135,155.0027,3910900
2022-11-29,155.7116,155.9478,153.4906,154.8894,2685800
2022-11-30,155.5225,162.7335,153.7647,162.4689,5396300
2022-12-01,163.6975,163.6975,160.437,162.0625,3222200
2022-12-02,158.721,160.2304,156.8604,160.0785,3055200
2022-12-05,159.3475,160.3348,158.3223,159.3286,2615800
2022-12-06,159.2431,159.9076,156.9174,158.066,3572100
2022-12-07,157.8572,159.9361,156.6421,157.5914,1881600
2022-12-08,158.5976,161.1892,157.5059,161.0468,2836300
2022-12-09,159.9266,161.7208,159.3855,160.126,2514900
2022-12-12,160.5911,163.6003,159.2336,163.5244,2966800
2022-12-13,168.9828,170.8245,164.8724,166.5907,4778100
2022-12-14,166.9513,167.8816,161.4834,162.9738,3202500
2022-12-15,160.6386,161.1607,157.0978,157.6673,3985000
2022-12-16,156.8984,158.7685,155.7498,158.3603,7411900
2022-12-19,158.9488,158.9963,155.446,156.7655,2621800
2022-12-20,155.4175,157.4015,155.2656,155.9966,2102300
2022-12-21,156.9933,159.3286,156.8414,158.9204,2181400
2022-12-22,156.4712,156.4712,152.8924,155.446,2972000
2022-12-23,154.4492,155.7972,153.0728,155.5314,1498300
2022-12-27,155.2751,155.3985,152.9778,153.9746,1932000
2022-12-28,153.3101,155.2751,151.9431,152.1519,1499900
2022-12-29,154.3353,156.4237,153.31,155.6643,2148900
2022-12-30,154.1265,155.8352,152.6076,155.7118,1619400
2023-01-03,157.1737,157.7717,153.2531,154.2119,4475700
2023-01-04,156.9933,159.0912,155.4555,157.4964,3477900
2023-01-05,156.1294,157.2306,151.4874,151.5918,4750300
2023-01-06,153.5569,158.2938,151.8197,157.1262,3483400
2023-01-09,158.9014,161.2936,157.2781,158.6261,3734100
2023-01-10,158.0565,161.1417,158.0565,160.6386,2351900
2023-01-11,159.2147,161.5024,158.8254,161.1797,3068900
2023-01-12,161.398,161.9865,158.683,160.1164,2478100
2023-01-13,159.0058,160.8379,157.9806,160.4108,1891200
2023-01-17,159.395,160.5911,157.6293,158.4457,3320200
2023-01-18,159.9836,160.7905,157.4869,157.5819,2627700
2023-01-19,157.1642,157.2401,153.8797,154.8574,3082500
2023-01-20,155.5124,156.8604,152.8734,156.794,3841900
2023-01-23,158.0945,161.6164,157.2212,161.0563,3521900
2023-01-24,159.395,161.4075,158.8729,160.2969,2407100
2023-01-25,158.1704,160.1734,155.8826,159.9076,2739800
2023-01-26,161.3221,162.2809,158.3983,162.0815,3539900
2023-01-27,160.4962,163.3061,159.8601,162.1669,2453400
2023-01-30,160.5247,162.4707,159.8032,160.3633,3135600
2023-01-31,160.3633,162.822,160.3348,162.7745,2549400
2023-02-01,162.6416,169.4575,162.5467,167.6348,4200300
2023-02-02,168.8404,170.9194,167.2551,170.2074,4206200
2023-02-03,167.9576,172.144,167.2836,169.7518,4005700
2023-02-06,168.0146,170.2264,167.426,168.5462,2916600
2023-02-07,169.3436,172.6376,168.0336,171.8402,3531600
2023-02-08,169.5904,170.7485,168.4038,168.7455,3520600
2023-02-09,171.5839,172.9888,168.3278,169.467,2983300
2023-02-10,168.157,169.9416,167.1412,169.41,4003300
2023-02-13,170.2834,172.4193,169.8752,171.2991,3975500
2023-02-14,169.9891,173.8432,169.4765,173.2831,3784200
2023-02-15,184.4847,186.4497,181.409,186.2314,7456000
2023-02-16,184.6935,186.3453,183.1747,184.0006,4481700
2023-02-17,183.2981,184.5417,181.6558,182.9374,3774900
2023-02-21,180.9629,181.485,176.074,176.5392,5117800
2023-02-22,177.2131,177.2131,173.5679,174.4412,3512600
2023-02-23,177.4979,177.9631,173.8526,176.2354,4501800
2023-02-24,174.7953,175.3579,173.2026,174.471,3177900
2023-02-27,176.9889,177.294,174.4711,174.6904,2769500
2023-02-28,174.5282,176.9411,174.0895,174.9765,2644400
2023-03-01,175.3484,176.9411,174.2421,174.6331,2600300
2023-03-02,172.7448,176.7313,170.9232,176.0446,2906400
2023-03-03,176.7313,178.1524,174.4711,177.6278,3112400
2023-03-06,178.6483,179.8309,176.5215,176.9316,2664100
2023-03-07,177.418,178.2859,175.0146,176.3784,2415100
2023-03-08,177.7423,178.7723,176.6264,177.933,3182000
2023-03-09,178.4575,180.0502,174.8907,175.0623,3627300
2023-03-10,176.1782,176.9888,172.9356,173.3457,3166800
2023-03-13,171.4859,175.7681,170.7897,174.0991,3310200
2023-03-14,176.3976,179.3254,175.4725,177.9426,4147400
2023-03-15,175.7013,176.9221,171.9914,174.4615,3972700
2023-03-16,172.926,178.6387,171.8579,177.9902,3753500
2023-03-17,178.715,180.0598,175.9302,177.2463,6216500
2023-03-20,177.4847,178.839,176.5501,178.4003,3033500
2023-03-21,180.1361,181.1279,177.3894,179.6783,3232700
2023-03-22,180.117,182.6348,177.7232,177.9711,3481000
2023-03-23,180.2219,183.6266,178.4003,180.6796,2658300
2023-03-24,180.3459,180.6511,177.0651,179.0011,3401800
2023-03-27,179.5352,179.6401,175.9397,176.2163,3616900
2023-03-28,175.2149,175.482,172.5064,175.1005,3319900
2023-03-29,177.4275,181.4903,177.4275,180.4126,3577800
2023-03-30,182.3964,186.0967,182.053,185.2193,4367100
2023-03-31,184.5612,188.4142,184.3037,188.0899,3873000
2023-04-03,187.3747,188.5954,185.267,187.1935,3120700
2023-04-04,188.4142,189.0723,184.8187,186.0872,3633600
2023-04-05,185.3624,185.5054,180.2982,181.5571,3368300
2023-04-06,180.0025,181.0135,178.1714,178.5052,3010100
2023-04-10,177.0365,182.3582,176.4452,182.1102,2573500
2023-04-11,183.3215,183.4168,180.3173,180.6415,2336400
2023-04-12,181.9672,181.9672,178.3622,178.6197,2085400
2023-04-13,178.6292,181.2996,177.542,180.3459,2020200
2023-04-14,179.4207,182.2342,178.3812,179.7831,1988100
2023-04-17,178.9725,181.1565,178.7245,180.7941,2095000
2023-04-18,182.0816,183.0735,179.7164,180.8036,1745500
2023-04-19,179.1919,180.2791,178.8771,179.8213,1556000
2023-04-20,176.9793,180.4603,174.6236,178.324,2807800
2023-04-21,177.6278,178.5338,176.0923,177.7136,1975300
2023-04-24,177.7137,178.715,177.1128,178.305,1782000
2023-04-25,177.5134,177.5229,172.6876,172.7544,3474800
2023-04-26,172.8402,174.0323,171.3333,172.2966,3603100
2023-04-27,170.2652,170.6562,163.3127,169.3973,4621700
2023-04-28,169.4164,171.8197,168.1098,171.5527,3167800
2023-05-01,172.3824,174.4615,172.2966,174.0895,2572800
2023-05-02,175.9016,177.9521,173.689,175.1577,2710800
2023-05-03,174.9288,176.6073,173.6031,173.9465,1788500
2023-05-04,173.5746,174.4997,172.1249,172.9356,2308200
2023-05-05,172.2775,175.9111,171.2571,174.9002,3672100
2023-05-08,175.2817,176.0256,173.3171,175.9779,1936900
2023-05-09,174.08,174.2612,169.7883,171.3047,3353300
2023-05-10,173.2694,173.8511,171.2475,173.0309,3364700
2023-05-11,172.0486,172.7067,170.4655,172.2298,2252600
2023-05-12,173.0404,174.0991,170.5894,172.2107,1376800
2023-05-15,172.3157,176.1686,171.9342,175.8348,2435800
2023-05-16,175.1291,176.6836,174.1372,174.328,2178800
2023-05-17,175.482,179.869,174.6713,179.2587,3002200
2023-05-18,180.2028,184.1034,179.6496,183.3596,2959000
2023-05-19,183.3596,183.7315,180.9753,181.7097,3598300
2023-05-22,181.1184,184.1988,180.6892,182.4536,2494400
2023-05-23,181.0039,181.5475,178.7246,179.2205,3864700
2023-05-24,163.5606,168.4532,161.8821,165.1819,10367100
2023-05-25,158.8016,165.8877,154.4337,164.4094,9915900
2023-05-26,164.4952,169.5117,163.5511,168.3577,6794800
2023-05-30,169.8742,170.5608,166.7174,169.2161,5233100
2023-05-31,167.2801,171.6671,167.1275,169.4641,7035300
2023-06-01,170.9232,173.7653,168.5199,172.0582,4361700
2023-06-02,173.7447,174.4059,171.4545,172.2977,3697400
2023-06-05,171.694,171.8569,166.4139,167.6788,3311400
2023-06-06,166.366,171.2628,166.1744,170.5441,3487400
2023-06-07,170.8316,175.7092,170.8316,172.8439,4060900
2023-06-08,173.8693,174.9234,172.5373,174.0993,2995000
2023-06-09,175.6229,178.1336,173.5243,174.8467,3164500
2023-06-12,177.2807,180.1172,177.0029,179.8298,3845700
2023-06-13,182.398,184.5062,181.5163,184.3432,3827900
2023-06-14,184.5828,185.8765,181.9379,183.8832,4061300
2023-06-15,182.8196,183.8833,181.5451,181.7463,3414400
2023-06-16,182.5417,183.7779,179.916,180.5006,6889200
2023-06-20,179.1973,181.1138,177.664,180.1364,2663500
2023-06-21,178.2582,180.4047,177.6065,177.7024,2941300
2023-06-22,176.2075,178.5936,175.5846,178.3445,2973200
2023-06-23,176.4183,179.2835,175.8625,178.1815,5021500
2023-06-26,180.0118,183.6341,178.469,178.5648,3365800
2023-06-27,179.0057,184.5732,177.2904,184.3528,3631900
2023-06-28,182.0913,183.1837,180.7018,181.9763,3836400
2023-06-29,181.8805,182.7046,179.7723,181.5738,2623200
2023-06-30,183.0112,187.2085,182.8387,186.6814,3376000
2023-07-03,185.886,188.3488,184.2474,186.2214,1367600
2023-07-05,184.4007,185.2824,181.9475,182.0721,2693700
2023-07-06,179.1015,180.1172,176.8687,178.4211,4203800
2023-07-07,178.6127,180.788,177.4532,177.5778,3038000
2023-07-10,178.1528,183.1166,178.0186,183.0783,3367200
2023-07-11,183.6628,184.0557,179.7723,182.9825,2039700
2023-07-12,185.3398,187.8697,184.5445,187.2468,3117600
2023-07-13,188.4734,191.1182,187.7355,189.9971,3364400
2023-07-14,189.1442,189.1538,183.5,183.9599,2922100
2023-07-17,182.6279,189.2975,182.6279,188.1667,3249100
2023-07-18,186.7868,188.598,185.7327,188.3009,3022900
2023-07-19,188.943,189.1634,187.1606,187.6205,2040800
2023-07-20,183.8737,185.8573,180.8839,181.7367,3991000
2023-07-21,183.6533,185.5698,182.7621,183.9504,8748400
2023-07-24,183.4521,185.5315,182.695,184.3432,2663500
2023-07-25,184.947,188.7321,184.947,187.496,2958700
2023-07-26,183.9216,184.7745,181.9763,183.5287,2793200
2023-07-27,187.3426,189.8342,185.6082,187.2947,3474600
2023-07-28,190.0162,190.7157,188.0038,190.1408,2883900
2023-07-31,190.4475,191.7507,190.1504,191.2045,2091300
2023-08-01,189.3933,191.722,188.6076,191.1566,1900300
2023-08-02,189.8246,189.8917,183.8641,184.4295,3739700
2023-08-03,182.7237,185.1769,181.0564,183.5,3040100
2023-08-04,181.1138,182.3213,177.0316,180.491,3632900
2023-08-07,182.7429,183.385,180.9893,182.168,2035200
2023-08-08,179.1973,179.5423,176.0829,178.8236,2939500
2023-08-09,178.6319,179.6764,176.6962,177.0986,2341900
2023-08-10,179.2452,181.0659,176.4566,177.0029,2268000
2023-08-11,175.3642,176.7537,174.4251,175.5654,2859400
2023-08-14,175.7284,177.8749,174.933,177.6545,2057000
2023-08-15,175.3259,176.4183,173.486,173.7543,1959500
2023-08-16,172.8631,173.1027,168.4359,169.7775,4869000
2023-08-17,170.3237,170.8316,167.3435,168.1676,2804100
2023-08-18,166.6439,169.1354,166.184,168.4167,2834600
2023-08-21,168.7713,170.247,166.9506,169.8254,3345900
2023-08-22,171.5215,171.8952,168.043,169.2887,4234700
2023-08-23,161.5746,171.3299,161.5075,170.0745,7413500
2023-08-24,169.3941,170.8124,165.7335,166.4427,6811300
2023-08-25,166.1456,171.5311,166.1456,170.7262,4538700
2023-08-28,172.5756,173.5626,171.7611,172.8056,2851700
2023-08-29,171.2628,175.7859,170.6782,174.9426,3574800
2023-08-30,174.0993,175.2684,172.8727,173.9939,3080900
2023-08-31,173.9939,176.2842,173.2752,174.1951,3362800
2023-09-01,175.8127,175.8512,173.9448,175.649,1879000
2023-09-05,174.6765,176.6118,173.5115,174.7921,2488000
2023-09-06,174.7921,175.6875,172.1058,175.4083,3382500
2023-09-07,173.2515,174.6669,171.0466,171.8266,5562200
2023-09-08,171.7688,172.2213,170.1416,170.8734,3182200
2023-09-11,172.8664,173.2227,168.7744,171.0466,2768100
2023-09-12,169.9394,172.3561,168.5144,168.5433,2862900
2023-09-13,169.3713,171.0178,168.784,169.6217,2269400
2023-09-14,171.6244,173.4152,168.707,172.9916,4135400
2023-09-15,172.7412,172.9049,170.623,171.5184,6062500
2023-09-18,171.48,173.6559,170.806,173.0397,2733700
2023-09-19,171.5762,172.3658,169.6121,172.1058,2852700
2023-09-20,172.3658,172.4235,169.3906,169.535,2606500
2023-09-21,168.8803,170.0935,166.9546,167.3783,3780800
2023-09-22,168.4855,170.3053,167.7826,168.9573,2839700
2023-09-25,168.0138,169.0536,166.6273,168.9092,2300400
2023-09-26,166.9161,167.359,165.0482,165.934,3492500
2023-09-27,166.5599,167.5323,164.3069,166.3866,2558400
2023-09-28,166.3866,171.0178,165.857,169.8528,2781800
2023-09-29,171.3451,171.971,167.6575,168.5818,2703800
2023-10-02,168.4952,170.3245,167.2339,168.9092,1727200
2023-10-03,167.3205,169.8431,164.1528,165.1349,3226100
2023-10-04,166.1747,167.85,165.3371,167.3301,3601000
2023-10-05,167.7442,168.1389,163.5751,165.703,2874600
2023-10-06,164.3646,168.7744,163.8062,167.5034,3259900
2023-10-09,166.4251,167.436,165.0578,166.8776,2571900
2023-10-10,167.1953,170.9696,167.022,169.4291,2924500
2023-10-11,169.8142,170.5171,166.8006,168.4181,2466900
2023-10-12,169.3521,169.6313,165.8185,167.1472,3569000
2023-10-13,167.5131,167.7827,163.7099,164.7112,2699900
2023-10-16,165.3467,167.2916,165.1252,166.3288,3258900
2023-10-17,163.19,167.5997,162.4582,166.194,2283600
2023-10-18,164.355,166.531,163.4114,164.9038,3827200
2023-10-19,166.5021,166.5984,161.9768,162.4486,3692800
2023-10-20,162.7374,163.4307,159.8393,160.3304,3399600
2023-10-23,159.3964,161.091,157.567,157.7789,2757500
2023-10-24,158.501,159.175,156.7968,158.7995,3206300
2023-10-25,155.988,156.4502,153.0899,153.8505,5142300
2023-10-26,154.8904,157.8366,154.7074,154.8808,3528300
2023-10-27,155.4777,156.4502,153.8602,154.6015,2168900
2023-10-30,151.7612,152.1463,149.229,150.0859,4421400
2023-10-31,150.6828,151.7804,149.3926,151.4819,3151800
2023-11-01,151.6071,153.5521,149.6911,153.321,4324600
2023-11-02,155.9591,159.1268,155.6317,158.2314,4105900
2023-11-03,159.7719,163.1611,159.7719,161.6783,3536600
2023-11-06,161.2162,162.6411,159.4349,161.3413,2132900
2023-11-07,161.3413,162.8337,160.7348,161.8613,2537400
2023-11-08,162.2368,164.1624,161.2739,162.6315,3452000
2023-11-09,163.1803,164.278,160.5807,160.9177,4211500
2023-11-10,162.9878,166.5599,161.6013,165.9148,3671000
2023-11-13,164.4031,165.2408,163.7773,164.3165,3243700
2023-11-14,168.6877,171.6725,168.4952,170.9793,3448600
2023-11-15,172.3657,176.0149,172.3657,174.0603,3293200
2023-11-16,174.5899,174.9076,172.0191,173.1553,3286900
2023-11-17,176.1208,176.7466,174.3877,176.2459,3279000
2023-11-20,175.3216,177.8346,175.3216,176.9873,3811100
2023-11-21,176.2556,177.6709,172.7701,174.5128,4965900
2023-11-22,175.389,177.3628,174.6958,175.8801,2926300
2023-11-24,176.0052,176.5733,175.4372,176.2459,1127100
2023-11-27,175.8704,177.5265,174.6861,176.9392,3520200
2023-11-28,176.4481,177.6902,175.5623,176.3904,2797900
2023-11-29,178.4027,179.9817,175.7453,175.9186,2986600
2023-11-30,176.3711,176.6792,174.0411,176.5637,4356200
2023-12-01,176.8055,177.8793,175.248,177.0957,2332900
2023-12-04,175.7317,177.4633,174.3,177.2795,3316000
2023-12-05,176.2734,176.554,173.768,174.7353,2620000
2023-12-06,177.028,177.028,174.2903,174.6773,2763400
2023-12-07,176.3895,179.6592,174.4838,178.363,3717600
2023-12-08,178.2372,180.2203,177.8116,178.8466,2404200
2023-12-11,179.5915,184.8734,179.5045,183.9253,3499500
2023-12-12,184.0124,184.8153,182.9483,184.7379,2841100
2023-12-13,185.1635,186.7887,183.4707,185.9955,3701800
2023-12-14,186.8855,193.7247,186.8855,193.6377,5610000
2023-12-15,195.3499,196.1528,193.4926,194.3245,7057400
2023-12-18,194.3245,194.6244,189.7586,190.1745,3421000
2023-12-19,191.2483,191.6352,190.2713,191.3741,1981800
2023-12-20,189.8553,190.9968,185.7923,185.9181,3629500
2023-12-21,188.7525,191.2483,188.4139,189.8746,2636800
2023-12-22,191.1709,192.9508,189.3426,190.6679,1754600
2023-12-26,191.4418,193.3088,191.0935,192.3801,1606900
2023-12-27,192.3801,192.9315,191.6159,192.8444,1646100
2023-12-28,194.3052,194.8953,193.1927,193.7054,2215500
2023-12-29,193.3474,194.1504,191.6255,192.0802,1542400
2024-01-02,190.6388,190.6388,185.2603,187.2627,3279200
2024-01-03,184.5444,184.8637,182.5033,182.7935,3297400
2024-01-04,175.9639,180.791,175.8768,179.9978,3923500
2024-01-05,179.9398,181.6714,178.9434,180.4621,2492200
2024-01-08,181.0716,183.2772,180.9071,182.8128,2587200
2024-01-09,180.4138,184.1091,179.8237,183.5674,3151700
2024-01-10,183.4319,183.4319,180.2687,182.2227,3080400
2024-01-11,182.2324,183.5674,179.6689,182.7935,2918700
2024-01-12,183.4997,184.0994,181.3037,182.2131,1597100
2024-01-16,181.7198,183.1901,179.3981,181.6617,2373300
2024-01-17,178.6532,179.6399,176.9119,179.3787,2925900
2024-01-18,184.1478,184.496,181.5843,183.7705,3585500
2024-01-19,185.1152,189.1975,184.8056,188.4139,4408400
2024-01-22,189.6038,191.3934,189.0911,190.871,2861800
2024-01-23,190.7066,194.992,190.4647,194.7985,3801100
2024-01-24,194.3051,195.8336,191.403,191.8287,4255300
2024-01-25,195.4079,195.4563,190.5324,190.8613,2957300
2024-01-26,188.946,190.0584,187.1563,187.6013,2379100
2024-01-29,187.611,190.8807,186.6243,190.7646,2766500
2024-01-30,189.4393,190.1455,187.0403,188.3849,2479800
2024-01-31,187.195,189.6908,185.3667,186.0826,4125600
2024-02-01,185.8407,186.3437,182.5807,185.744,2628000
2024-02-02,184.1188,186.5856,183.5481,185.831,2948400
2024-02-05,186.4985,187.6593,184.2058,186.276,3193700
2024-02-06,186.9048,186.9048,182.8515,183.519,3991700
2024-02-07,185.5699,186.5276,182.7161,185.7053,3500400
2024-02-08,186.6726,188.8008,185.6472,187.7271,2594500
2024-02-09,189.1491,189.1491,187.137,188.6558,3183900
2024-02-12,188.3268,189.2942,186.3244,187.7174,6264900
2024-02-13,182.0196,182.7838,177.0377,178.6629,6800200
2024-02-14,179.843,180.9748,178.7209,180.2397,3780800
2024-02-15,181.652,183.1514,180.5976,181.4198,2811200
2024-02-16,181.4682,184.3026,179.9881,182.097,4353300
2024-02-20,181.1393,183.3256,179.9495,183.2191,4600500
2024-02-21,184.0511,187.9496,183.964,187.3982,5555900
2024-02-22,190.7066,190.9,182.8709,185.6472,5780400
2024-02-23,186.7597,186.7597,183.6738,183.906,3720400
2024-02-26,185.0378,185.241,182.7161,182.8419,2827100
2024-02-27,183.6061,184.1575,181.8552,182.8999,1886100
2024-02-28,181.091,182.4936,180.1429,181.6327,1774800
2024-02-29,183.9253,186.0148,182.6,185.5602,3119300
2024-03-01,186.2664,190.784,185.3667,189.7585,2934700
2024-03-04,190.332,190.7208,188.2618,189.1948,3150700
2024-03-05,187.8633,189.5739,183.5868,184.4713,3328500
2024-03-06,185.9972,188.5534,185.0447,186.3179,3905300
2024-03-07,188.2423,193.792,188.2423,192.6743,4275300
2024-03-08,193.413,194.0642,190.089,190.4389,3752600
2024-03-11,189.1365,192.9173,189.1365,192.6452,3110900
2024-03-12,193.7045,193.9961,191.0123,193.6073,3864600
2024-03-13,192.8784,194.2197,191.8773,193.0242,3647400
2024-03-14,193.4713,194.2877,188.1063,188.9713,4361800
2024-03-15,183.4508,190.4195,183.4508,189.7197,10198200
2024-03-18,191.6732,192.7229,185.7542,185.8514,2846500
2024-03-19,184.9864,185.7153,182.819,185.1905,2226700
2024-03-20,185.1128,189.2823,184.6171,188.8644,2594300
2024-03-21,191.1095,193.0923,188.845,189.6711,3109000
2024-03-22,189.8071,190.1279,187.1441,188.0771,2104300
2024-03-25,185.4529,186.7164,185.0836,185.278,1768700
2024-03-26,185.278,186.5415,183.4605,183.6549,2711500
2024-03-27,185.3266,187.9702,184.0631,187.9022,2410300
2024-03-28,188.5922,192.9951,188.4853,192.2369,3119700
2024-04-01,191.8579,194.0836,190.6721,191.0998,2032300
2024-04-02,189.7391,190.089,187.3287,189.4087,2495800
2024-04-03,187.5814,191.1484,187.2413,189.8752,1928300
2024-04-04,192.7812,193.1214,185.9583,186.5609,2931000
2024-04-05,187.2218,190.1667,185.8028,189.292,2087400
2024-04-08,189.1657,191.4497,188.5825,191.1678,2456700
2024-04-09,192.9367,198.467,192.3633,198.3892,4598000
2024-04-10,194.7542,195.1138,189.914,190.8179,4517700
2024-04-11,192.4022,193.5004,188.7866,193.0631,3427100
2024-04-12,189.5544,191.1387,186.6872,186.8719,3337200
2024-04-15,189.4767,190.3806,183.9173,184.9475,2561500
2024-04-16,187.3384,188.5922,185.1224,185.8611,2268000
2024-04-17,187.0177,187.4162,183.8881,184.1117,2763200
2024-04-18,183.0328,184.86,181.3611,182.3136,2748900
2024-04-19,181.8374,182.6538,177.4443,178.2121,4121300
2024-04-22,179.2618,183.0231,178.0469,181.0793,3557800
2024-04-23,181.7499,185.5015,181.1959,184.5976,4177800
2024-04-24,194.414,196.0177,189.5544,190.9832,6527500
2024-04-25,192.305,193.5102,189.6225,192.3827,3301500
2024-04-26,191.5275,196.9119,191.44,196.2996,3136300
2024-04-29,195.1721,198.2531,195.0069,198.1754,2289200
2024-04-30,197.913,198.467,194.8709,194.9778,2668400
2024-05-01,191.5274,193.9184,188.4076,188.4464,3554600
2024-05-02,190.5944,191.7802,186.211,190.9735,2728100
2024-05-03,193.4519,196.1635,193.4519,194.0253,2372800
2024-05-06,194.5501,197.7186,194.3849,197.6117,2168900
2024-05-07,198.7586,199.9929,197.8158,197.8547,3276700
2024-05-08,196.7078,199.2445,196.1441,199.1085,2464300
2024-05-09,198.7391,199.6916,197.981,199.0404,2941800
2024-05-10,200.1679,201.9271,199.4778,201.3731,2617000
2024-05-13,202.967,203.8612,202.2089,202.5296,2314800
2024-05-14,203.1322,206.4562,200.9065,205.9897,2683400
2024-05-15,208.4098,209.8385,206.7381,209.6927,3802700
2024-05-16,209.9357,209.9357,207.6614,208.1085,2820000
2024-05-17,208.4875,209.5761,206.9908,208.0696,2373800
2024-05-20,208.9249,212.5599,207.9335,211.3741,2647900
2024-05-21,209.1582,210.9854,208.5264,210.5577,3428800
2024-05-22,221.3947,233.6215,218.44,233.4174,9445800
2024-05-23,234.1172,235.0891,225.4865,227.9746,5578400
2024-05-24,229.6949,231.6291,225.6809,225.9822,4544300
2024-05-28,223.9703,227.7122,223.9703,226.8861,2673800
2024-05-29,223.29,225.1269,221.4336,221.7446,3002100
2024-05-30,222.2597,224.2133,221.6085,223.5426,2884600
2024-05-31,223.6398,228.1398,221.2586,227.9066,6460100
2024-06-03,228.4897,229.656,222.0945,225.6906,3087800
2024-06-04,226.2468,226.559,223.4072,225.0466,2616000
2024-06-05,226.3834,230.2573,225.6223,229.9743,4016700
2024-06-06,228.8424,232.609,227.6422,231.6624,2757000
2024-06-07,230.3353,231.8576,227.6226,229.0863,2208200
2024-06-10,226.6664,230.267,225.593,229.6718,2765600
2024-06-11,227.9934,230.7842,227.486,230.5793,3098600
2024-06-12,233.2432,234.7557,230.7159,232.6675,2515000
2024-06-13,226.9201,230.5305,226.8616,228.3643,2673800
2024-06-14,224.5294,226.9396,223.8951,225.593,2252400
2024-06-17,224.9587,226.8713,222.4217,226.764,2415000
2024-06-18,226.1297,230.7061,225.6808,229.6816,2457400
2024-06-20,226.803,227.0372,223.2706,223.9537,4562300
2024-06-21,225.9345,226.2663,223.5243,225.4564,7167000
2024-06-24,225.4564,226.3249,222.5778,222.9291,2413600
2024-06-25,225.4857,225.4857,220.3725,224.7636,2001300
2024-06-26,223.7683,224.4221,221.0849,222.3241,2510600
2024-06-27,221.5045,222.9096,220.5091,221.1922,2159000
2024-06-28,222.6266,226.4517,221.3678,222.7339,3634000
2024-07-01,221.2117,221.4557,218.499,219.7285,2307800
2024-07-02,219.1235,222.8413,219.1235,222.7144,2417900
2024-07-03,223.134,225.3979,221.5435,224.4514,1425700
2024-07-05,225.8174,225.9052,222.8413,225.3003,2251800
2024-07-08,226.559,228.091,226.0614,227.6909,1729500
2024-07-09,228.1008,228.5887,225.3198,226.3932,1315500
2024-07-10,228.7839,233.3018,227.4568,232.5602,4037600
2024-07-11,232.9797,233.4091,228.013,228.0813,3103700
2024-07-12,232.5797,236.2974,230.4329,232.7846,3105700
2024-07-15,231.399,233.9653,230.3841,231.9649,2057200
2024-07-16,233.2237,237.927,231.8966,237.4391,1964600
2024-07-17,234.6581,238.2295,229.7109,229.906,4448200
2024-07-18,230.7549,235.2631,230.5695,233.2042,3688500
2024-07-19,234.4824,234.4824,225.1539,225.6223,2894900
2024-07-22,231.3794,234.4434,227.6714,234.2287,2827300
2024-07-23,228.4326,231.1843,223.4853,224.7441,3876200
2024-07-24,225.0466,225.3686,218.3234,219.1821,4589600
2024-07-25,216.1474,222.0997,211.9905,215.5716,5114600
2024-07-26,219.8456,221.7484,217.572,220.9483,4296200
2024-07-29,223.2023,224.6953,219.8749,221.8948,2672200
2024-07-30,223.3097,224.6075,217.5037,219.1431,3955600
2024-07-31,224.1976,226.5395,221.4459,225.7784,4308100
2024-08-01,222.5583,225.6027,211.5221,213.62,5404600
2024-08-02,207.336,207.9117,201.7057,202.9254,6796700
2024-08-05,201.0421,204.0281,193.9189,195.7046,4879700
2024-08-06,196.4852,203.6475,196.3095,199.92,4671100
2024-08-07,205.3746,206.3016,195.9973,196.4364,4178200
2024-08-08,201.1982,208.9558,199.3247,208.4679,4510100
2024-08-09,204.8672,208.5557,204.0964,206.1943,2482100
2024-08-12,207.0139,208.2337,204.916,206.9456,1712100
2024-08-13,208.0873,213.3078,208.0385,212.7321,4011000
2024-08-14,211.6685,212.8297,207.6482,210.1072,2409500
2024-08-15,215.113,218.8113,214.108,218.2551,5197400
2024-08-16,217.6501,218.3819,216.0595,217.7867,2573600
2024-08-19,217.0451,220.6067,216.1278,220.4799,2803100
2024-08-20,218.5381,220.5482,216.0303,218.0794,3994200
2024-08-21,223.9635,231.1258,219.3675,221.9924,5595100
2024-08-22,220.2164,222.7339,215.9034,216.5377,3708100
2024-08-23,220.3823,223.661,219.3187,222.8608,3208000
2024-08-26,222.3241,222.6656,218.3721,220.1481,2532300
2024-08-27,219.6602,226.7249,218.8796,226.2273,3707500
2024-08-28,225.4857,227.6031,219.6895,221.6703,3211800
2024-08-29,223.9342,229.4181,223.9244,225.3003,2711500
2024-08-30,229.2522,230.4232,226.2078,229.1546,2770900
2024-09-03,224.0312,225.3341,213.2161,214.2545,4868600
2024-09-04,215.528,219.4171,213.6765,217.2816,2736400
2024-09-05,215.0088,217.1052,213.2847,214.5974,2730000
2024-09-06,214.1174,214.9403,208.3669,209.2878,3437000
2024-09-09,212.5891,214.8423,211.6487,214.1076,2450800
2024-09-10,213.0691,214.568,209.758,214.2643,2048900
2024-09-11,215.4105,221.1217,210.336,220.485,3431800
2024-09-12,218.8882,218.8979,214.47,217.0171,2157800
2024-09-13,219.28,221.9348,218.4669,220.8278,2032300
2024-09-16,217.8595,219.8874,216.1942,218.7314,2124000
2024-09-17,222.8067,224.3741,218.1142,220.7592,2524500
2024-09-18,224.2075,224.2075,217.4383,218.1044,2527300
2024-09-19,225.3145,230.9572,223.2279,228.6942,7157700
2024-09-20,227.2444,227.744,219.7796,222.1601,5009500
2024-09-23,220.2008,222.2189,219.6327,221.4058,1357900
2024-09-24,223.9822,226.0982,222.1993,222.6989,1984800
2024-09-25,219.5347,222.9438,219.5347,222.0229,2042600
2024-09-26,227.8811,229.2134,220.2302,227.7244,3883000
2024-09-27,229.9286,230.4673,226.3823,227.3227,2277800
2024-09-30,224.2369,225.8631,222.0426,225.481,2711400
2024-10-01,224.2663,224.7659,217.8693,219.1135,3124400
2024-10-02,220.3968,225.2851,218.9861,223.0907,1858000
2024-10-03,220.0539,224.1781,219.8874,221.9446,2087700
2024-10-04,227.1758,227.6264,221.5037,223.5806,1895200
2024-10-07,221.0531,222.6793,219.5249,221.8956,1564700
2024-10-08,222.1209,225.8141,219.7404,224.7267,2447400
2024-10-09,225.7064,228.8216,224.619,228.4885,2410700
2024-10-10,225.0206,227.1072,224.0116,226.0002,1793700
2024-10-11,224.6484,229.233,224.6484,228.1162,1428900
2024-10-14,229.0371,232.2013,227.9595,231.6135,1770300
2024-10-15,231.2021,231.9368,219.5151,221.2686,4112200
2024-10-16,224.1879,225.6476,221.3568,222.8556,1585700
2024-10-17,227.7832,228.802,222.5421,222.7087,3637700
2024-10-18,224.5014,225.099,222.3462,223.6785,1763100
2024-10-21,221.6899,221.7976,217.8791,221.0727,2212200
2024-10-22,219.8678,221.0139,218.173,220.0441,1833700
2024-10-23,223.4336,224.8345,219.4465,222.2287,2492000
2024-10-24,224.0802,225.6476,222.7871,225.001,2376100
2024-10-25,227.117,230.4086,225.3537,225.481,1733500
2024-10-28,224.4622,227.2248,223.943,225.4517,3403700
2024-10-29,225.0206,231.0551,224.3447,230.438,2055900
2024-10-30,226.0786,228.2436,225.1969,225.432,2084400
2024-10-31,225.4712,225.5104,216.3313,218.5649,4258100
2024-11-01,219.3094,221.9838,218.4571,220.8866,2922800
2024-11-04,220.4164,222.1601,218.8881,219.6229,1599600
2024-11-05,214.8423,214.8423,210.9335,213.1671,3753400
2024-11-06,219.1232,223.4434,217.4187,221.6409,3615300
2024-11-07,224.952,225.579,221.1217,223.1299,2500600
2024-11-08,221.9446,223.4728,220.1812,221.2001,3426900
2024-11-11,219.2898,220.4262,213.9704,215.9787,3271700
2024-11-12,215.9982,216.3509,211.5017,215.0774,2593900
2024-11-13,212.354,213.2455,208.1122,208.5041,4609800
2024-11-14,209.0919,210.6593,207.1522,207.9163,3214100
2024-11-15,204.517,206.0942,201.2157,202.1463,3881000
2024-11-18,202.3128,205.6142,201.9112,205.3791,3774000
2024-11-19,203.4688,206.5253,202.5871,206.1432,2958600
2024-11-20,203.028,206.8583,203.028,206.7114,3072400
2024-11-21,207.9653,210.6299,205.7709,209.6013,2540600
2024-11-22,207.2306,210.3752,207.2306,210.2184,2695200
2024-11-25,213.3043,220.4164,211.5997,219.0253,7303600
2024-11-26,227.4207,228.7922,211.6095,214.5876,6568700
2024-11-27,214.8521,214.9304,209.5425,212.7459,2943400
2024-11-29,214.7247,217.1836,213.0691,213.6079,1992600
2024-12-02,213.6863,220.2107,212.5891,218.5747,3240200
2024-12-03,217.066,218.7804,215.4692,217.0268,2340500
2024-12-04,218.5649,218.6628,213.4218,213.8529,2635200
2024-12-05,212.8047,214.9207,209.5033,210.1793,2474800
2024-12-06,210.3556,214.137,209.376,213.7549,3189400
2024-12-09,212.4661,219.9232,211.6693,215.4863,2467200
2024-12-10,215.4863,216.1061,211.02,212.112,2679400
2024-12-11,212.5252,215.4863,212.0628,213.5975,3839200
2024-12-12,211.6594,215.1814,211.1577,214.1877,2995000
2024-12-13,211.9152,214.4337,210.2821,213.0957,3067300
2024-12-16,211.4332,214.2566,210.1936,212.8006,3409800
2024-12-17,212.3874,214.3943,208.9147,210.351,3240500
2024-12-18,211.6693,215.3978,203.8974,204.3992,4077400
2024-12-19,206.1995,207.1931,203.8679,204.409,3941900
2024-12-20,202.9333,209.8985,202.4907,208.3441,6604100
2024-12-23,208.4917,212.0825,208.1178,211.4037,2478500
2024-12-24,212.4366,214.6698,210.2035,214.5518,1063500
2024-12-26,211.8956,215.5159,211.8956,214.5222,1189000
2024-12-27,213.9025,214.7092,211.748,213.4696,1926700
2024-12-30,210.7741,211.1479,207.6063,209.1115,2578300
2024-12-31,210.5281,211.0692,207.6456,209.0131,1608800
2025-01-02,211.9939,213.7254,206.347,207.9211,2378700
2025-01-03,209.3082,212.6039,206.9865,211.8759,2547200
2025-01-06,211.8365,217.9359,211.2955,214.4632,2490700
2025-01-07,216.2242,216.7062,210.8232,212.3678,3573100
2025-01-08,211.9054,217.572,209.1803,216.8636,3096400
2025-01-10,214.0107,215.811,208.354,208.9245,4108500
2025-01-13,205.9437,209.9083,204.714,209.4951,3960600
2025-01-14,209.7017,211.3446,208.108,211.1676,1634600
2025-01-15,213.9713,216.0274,212.2005,214.6796,3302500
2025-01-16,214.7583,214.7583,209.259,211.5316,3116000
2025-01-17,216.9817,217.0604,214.3058,215.6044,2871100
2025-01-21,215.6733,220.0215,215.6044,217.8572,4090900
2025-01-22,217.8572,222.5498,217.5129,220.4446,2883300
2025-01-23,218.2803,224.724,217.9359,224.6453,2608000
2025-01-24,220.9758,222.3728,213.6073,213.8434,3929200
2025-01-27,213.8729,217.2375,210.1739,211.9251,7088000
2025-01-28,209.3574,210.4396,204.5271,206.1208,3748600
2025-01-29,206.1405,208.4327,205.6191,206.5045,2258500
2025-01-30,206.8192,209.6132,205.7076,208.954,2976400
2025-01-31,208.2753,214.0894,207.2718,208.4523,3486400
2025-02-03,205.8945,206.2487,199.4803,201.9102,4483500
2025-02-04,201.2806,204.9698,200.7592,202.6677,4651500
2025-02-05,202.0971,207.1341,200.8477,206.3962,4515700
2025-02-06,205.3436,207.0947,202.412,204.4582,2715100
2025-02-07,204.3106,206.1503,200.4346,201.8807,3194700
2025-02-10,203.2285,203.8483,199.6771,201.5364,2820500
2025-02-11,199.6377,203.2678,199.3524,200.1591,2335700
2025-02-12,197.7488,202.0676,197.5422,201.802,2411500
2025-02-13,201.6643,206.2487,201.6643,205.9437,3134900
2025-02-14,207.8129,211.6595,207.2128,211.1282,3938600
2025-02-18,213.745,216.9325,212.2694,216.6472,7400200
2025-02-19,226.2882,238.5756,220.4643,237.7394,9789600
2025-02-20,239.5888,243.0911,238.6149,239.8643,5889800
2025-02-21,240.9563,242.0877,233.9026,235.034,6176500
2025-02-24,236.3817,236.7359,232.3483,233.1451,4778300
2025-02-25,234.4634,234.4634,230.5775,231.4825,4136800
2025-02-26,231.2268,232.545,228.0688,229.938,2908200
2025-02-27,230.4299,230.4299,219.874,220.2183,4480000
2025-02-28,222.3236,226.3866,219.4313,226.3275,4631200
2025-03-03,228.0787,230.0364,222.0088,224.8224,5000100
2025-03-04,227.7075,228.6758,221.2258,223.4786,4742400
2025-03-05,224.4667,227.1147,220.0402,226.7293,3927300
2025-03-06,222.9846,226.1365,219.3979,220.1093,4818700
2025-03-07,220.9196,223.9529,217.1155,223.1624,4062900
2025-03-10,217.5898,218.5087,210.6042,213.6771,4946600
2025-03-11,214.7343,214.7936,204.0139,206.5828,4225500
2025-03-12,206.5828,210.4462,203.1642,204.1522,3917700
2025-03-13,203.5396,205.6738,200.1704,201.3659,2625200
2025-03-14,204.8834,207.3437,203.7669,206.2568,2614100
2025-03-17,205.2687,210.8216,204.8933,209.1518,2514500
2025-03-18,208.0649,208.2329,205.2095,206.6619,2657000
2025-03-19,206.6915,210.4857,205.6047,207.4622,2571900
2025-03-20,205.6837,205.6837,202.3638,203.4408,2775400
2025-03-21,200.6347,202.8184,198.876,201.9587,5070200
2025-03-24,207.4918,211.5231,207.235,209.8039,3458300
2025-03-25,208.4601,212.0666,208.4601,211.0291,2549800
2025-03-26,210.6042,212.3333,207.1856,208.0155,2453300
2025-03-27,206.1876,208.4799,203.4211,206.4445,2884800
2025-03-28,205.3379,205.575,198.3721,199.1527,3521400
2025-03-31,197.8385,200.1012,194.4495,199.2614,3803700
2025-04-01,197.8682,198.4413,192.7896,196.8011,3383000
2025-04-02,193.4219,199.8838,193.4219,197.2062,2437500
2025-04-03,189.529,190.8925,178.2454,178.7197,6970800
2025-04-04,172.5245,174.3031,162.1796,162.6341,9633900
2025-04-07,161.2508,181.1206,156.7552,169.2936,10236500
2025-04-08,173.2853,177.0992,159.8972,164.1063,7640300
2025-04-09,164.0668,196.0897,162.6143,194.2815,10941600
2025-04-10,187.3652,187.3652,168.8885,176.2298,8547900
2025-04-11,170.0742,178.8184,165.203,177.0202,6528800
2025-04-14,181.0712,182.7904,173.483,176.4669,3912100
2025-04-15,176.4669,180.2907,175.9432,177.3957,3035900
2025-04-16,171.5957,175.2417,168.3549,173.8288,4392800
2025-04-17,175.7654,176.21,171.5068,174.1647,3341200
2025-04-21,170.5879,173.3743,168.9576,172.9,3650100
2025-04-22,174.6686,177.0498,173.1174,176.3681,3735000
2025-04-23,183.7686,185.5965,180.3005,180.923,4323300
2025-04-24,190.4281,195.1609,188.7682,192.8983,5606700
2025-04-25,190.6455,194.0246,189.4005,192.2659,3206800
2025-04-28,191.0506,194.0247,187.6813,191.4063,3401400
2025-04-29,189.2128,192.4932,188.0864,190.3688,3939800
2025-04-30,185.31,193.0069,184.4998,192.5919,4415400
2025-05-01,194.489,194.8151,191.1296,191.4261,3439500
2025-05-02,195.4968,197.3248,194.7953,196.2181,3795900
2025-05-05,193.8172,197.3346,193.254,195.3585,2022700
2025-05-06,192.5623,195.0423,191.9398,193.2638,2535500
2025-05-07,194.2815,198.3227,193.3528,197.473,2965700
2025-05-08,199.8443,203.5791,198.5598,200.3581,3422400
2025-05-09,204.7648,207.6302,203.8262,205.0316,3537500
2025-05-12,220.2081,222.7969,216.4832,220.4848,6358100
2025-05-13,219.3189,224.358,217.6194,223.9726,4373500
2025-05-14,224.9212,225.6128,221.3345,224.111,4648400
2025-05-15,221.7495,226.0673,221.3345,224.4074,3044800
2025-05-16,224.4469,225.0793,222.8364,224.3975,3617900
2025-05-19,220.9689,224.1011,220.4058,221.8582,3974200
2025-05-20,219.6647,221.9175,219.2794,221.8088,2619200
2025-05-21,219.9414,224.6742,218.6865,219.5659,5091100
2025-05-22,218.815,221.7199,208.8455,209.3988,8968300
2025-05-23,206.484,208.5194,203.5396,207.9563,4848100
2025-05-27,212.5804,215.2679,210.1893,214.2996,5542200
2025-05-28,215.011,215.5841,212.8867,213.0447,3853900
2025-05-29,215.4556,215.8903,211.4441,213.1732,3800200
2025-05-30,212.7088,213.2621,208.2823,211.4243,10923400
2025-06-02,209.8632,213.6178,209.6854,212.8768,2233700
2025-06-03,211.4737,216.2757,210.5054,215.8212,3515800
2025-06-04,218.1934,219.5433,215.712,216.8733,4199200
2025-06-05,218.1636,220.9328,215.4043,216.4167,3496200
2025-06-06,219.037,223.6723,218.9874,220.6053,3246000
2025-06-09,222.1537,227.4738,221.7467,225.9651,4110600
2025-06-10,226.5706,233.0122,226.3125,231.6028,4164800
2025-06-11,232.3472,234.3621,228.5557,230.8087,3311800
2025-06-12,229.8063,231.9998,229.1313,230.3919,2144000
2025-06-13,225.8658,227.2356,222.7095,223.3547,3349600
2025-06-16,226.4316,230.1934,225.8063,230.0743,3344900
2025-06-17,227.4936,229.9651,225.6177,225.7467,2726500
2025-06-18,228.7045,231.3447,227.1363,227.9403,2551500
2025-06-20,230.0246,230.2926,223.8907,226.65,5316100
2025-06-23,226.4911,229.5879,225.0122,229.2604,3573500
2025-06-24,232.1685,233.8559,231.4738,233.2306,3636100
2025-06-25,233.846,234.6896,229.8956,232.9328,3548600
2025-06-26,234.2728,236.4465,233.3497,235.5333,3057800
2025-06-27,235.2356,237.2902,233.1909,235.1959,3617800
2025-06-30,235.7715,236.8931,233.9055,236.248,3258700
2025-07-01,234.779,240.0097,234.0643,238.8484,3500600
2025-07-02,238.6797,243.6127,238.243,243.3249,3538300
2025-07-03,244.0097,244.7145,242.3621,243.8509,1837400
2025-07-07,242.9874,243.4837,238.5705,240.0097,2783400
2025-07-08,241.7864,245.8857,240.8534,243.3249,3964200
2025-07-09,243.7616,245.0817,239.2058,240.913,3339000
2025-07-10,242.9576,243.9105,240.4167,243.305,2428200
2025-07-11,241.5482,243.9502,240.2082,242.8584,2037700
2025-07-14,241.3199,242.3125,239.6326,241.6475,2045400
2025-07-15,243.1661,243.9303,238.4812,238.6301,3001700
2025-07-16,237.9651,239.2157,234.5209,238.8187,2842100
2025-07-17,238.1537,240.0891,237.3001,239.176,2830800
2025-07-18,241.2306,241.7864,239.037,240.0495,2761600
2025-07-21,241.5184,243.8906,238.5606,238.6896,2997800
2025-07-22,237.0122,239.6028,232.2579,233.7467,6027500
2025-07-23,229.0519,230.769,220.3472,226.382,7845200
2025-07-24,226.769,226.769,222.0941,224.6847,4771000
2025-07-25,224.9527,226.9477,223.5035,226.1239,2695600
2025-07-28,227.2058,229.3199,227.1561,229.0519,3136200
2025-07-29,230.2529,230.908,227.4341,229.0321,2174200
2025-07-30,230.104,230.4713,227.3944,229.3894,2324100
2025-07-31,226.5805,228.0693,220.7145,222.9577,5339800
2025-08-01,220.7045,221.4986,217.2207,220.0594,3740500
2025-08-04,219.7715,221.8658,218.9577,220.7442,2848100
2025-08-05,221.3199,223.4043,217.7567,219.037,3099000
2025-08-06,219.037,219.5234,216.7442,219.047,2547300
2025-08-07,221.439,223.9601,220.5358,221.4589,2522000
2025-08-08,221.3993,223.2653,219.5035,222.2827,3078200
2025-08-11,223.3249,226.6202,221.7765,222.4018,3479200
2025-08-12,224.7939,232.5457,223.7517,230.3125,4979300
2025-08-13,231.2355,236.4961,230.3919,235.8609,3804700
2025-08-14,233.1115,235.1065,231.2356,234.4514,2182100
2025-08-15,235.444,235.444,229.3199,229.9055,3826400
2025-08-18,228.7839,232.2976,228.7839,229.8261,2260100
2025-08-19,229.9154,232.4762,228.0991,228.7244,4569000
2025-08-20,237.9055,243.573,226.4117,243.047,8529000
2025-08-21,242.1834,248.3174,241.6772,245.1115,5991800
2025-08-22,247.3249,255.2951,246.372,250.3224,4990800
2025-08-25,250.7591,253.3695,249.3894,252.5953,3419100
2025-08-26,252.109,255.8013,251.8013,253.7269,5735100
2025-08-27,252.6946,254.3422,250.9874,253.5978,3347400
2025-08-28,254.9676,256.2083,252.2777,252.3571,4038100
2025-08-29,251.176,252.3571,248.6549,249.439,3599000
2025-09-02,245.6324,247.6453,242.9718,247.446,3115700
2025-09-03,247.4461,247.9941,241.0785,243.6893,3024500
2025-09-04,242.1547,245.4531,238.7368,245.2438,3574700
2025-09-05,245.3534,248.8511,244.5164,246.2005,2166100
2025-09-08,247.177,248.5521,245.772,248.1037,2417900
2025-09-09,247.2368,248.4425,245.6524,247.3065,2154600
2025-09-10,247.4261,248.1735,245.0047,246.34,2474500
2025-09-11,246.888,249.1201,245.6225,247.3663,2244700
2025-09-12,246.7485,247.3564,244.1178,244.347,2110000
2025-09-15,238.5774,246.1008,237.9396,244.048,2333100
2025-09-16,242.0949,246.4496,241.3675,243.2409,2913800
2025-09-17,243.2509,249.3194,243.2509,245.4531,2617600
2025-09-18,250.2063,251.1131,247.4062,248.1735,3129900
2025-09-19,249.0703,249.0703,242.7227,244.4666,5182600
2025-09-22,244.7456,248.1635,244.7157,246.4695,2167300
2025-09-23,247.4959,249.4789,245.4631,245.9115,2085700
2025-09-24,246.1805,248.9408,245.8317,247.735,2479000
2025-09-25,246.6987,247.456,242.6629,246.6588,2410900
2025-09-26,247.8347,248.5322,244.8951,246.6887,2648500
2025-09-29,248.4525,248.6219,242.9918,243.9285,3296300
2025-09-30,244.9449,246.33,242.2145,244.8353,2507800
2025-10-01,242.8523,244.7257,235.3886,238.4379,4916300
2025-10-02,241.2778,243.1114,239.5938,240.8194,2774100
2025-10-03,241.1981,245.3335,240.7397,241.1383,2118500
2025-10-06,244.1477,244.1477,238.0791,241.6465,4021200
2025-10-07,242.5334,242.5334,232.2099,232.9273,3397800
2025-10-08,232.9772,238.5176,232.9772,237.0926,4017900
2025-10-09,236.0064,237.551,234.2726,237.0428,3069200
2025-10-10,236.9033,238.1987,223.9191,224.527,4425100
2025-10-13,227.5164,234.99,226.1612,233.8441,4609900
2025-10-14,230.3365,237.9396,228.3236,234.5715,3431200
2025-10-15,237.3517,237.9596,234.1331,237.3118,2773700
2025-10-16,239.4842,243.3704,237.6805,240.7597,2898700
2025-10-17,240.9191,242.6829,237.7503,242.0152,2401200
2025-10-20,242.0152,245.9713,242.0152,245.3534,2759700
2025-10-21,246.9677,247.9542,244.7456,245.5029,2361300
2025-10-22,239.6934,240.7895,236.0762,239.5141,5270800
2025-10-23,236.4648,244.0879,236.425,242.4337,2774900
2025-10-24,244.5861,244.6459,235.7972,237.1723,3489000
2025-10-27,238.8564,243.2509,237.5111,242.1547,3506200
2025-10-28,240.66,242.8224,237.9994,238.5076,2421000
2025-10-29,238.9162,241.0586,233.6946,234.2128,3438500
2025-10-30,234.2128,235.7972,232.0006,232.0803,2940400
2025-10-31,232.0803,234.8007,230.7251,233.306,2698100
2025-11-03,234.1231,236.1659,231.7913,232.7878,2266900
2025-11-04,232.1899,232.9572,227.9549,228.5727,3956600
2025-11-05,229.2802,237.6407,229.2802,235.1694,2971900
2025-11-06,234.3623,236.2057,230.3863,232.0604,3126800
2025-11-07,228.5926,229.9977,222.6835,227.6759,4583600
2025-11-10,231.044,232.4092,227.5264,231.1835,3264100
2025-11-11,230.6952,234.1729,230.6254,232.5885,3159900
2025-11-12,236.0862,241.1483,235.01,240.5903,4677300
2025-11-13,238.7966,240.4707,234.6114,236.694,4897200
2025-11-14,233.3658,236.2157,229.619,234.0633,3319600
2025-11-17,232.2099,233.3957,226.9783,229.1307,3885000
2025-11-18,229.0411,231.5323,226.9185,229.3201,3953400
2025-11-19,228.7321,233.575,228.5229,231.3828,2790300
2025-11-20,233.4654,234.4519,223.4608,224.4074,4316600
2025-11-21,224.8359,233.7046,224.2081,231.5024,4467200
2025-11-24,232.8277,239.9126,232.4291,238.5574,8219900
2025-11-25,229.7884,251.5914,228.483,251.133,7515100
2025-11-26,254.3218,259.8223,252.0299,257.0123,5253100
2025-11-28,258.4472,264.8147,257.1318,264.4061,2589700
2025-12-01,262.0246,267.5251,261.0779,265.572,7333500
2025-12-02,267.2461,273.1652,265.1037,272.0093,5266400
2025-12-03,273.5239,277.7989,270.6242,277.2607,4203100
2025-12-04,276.3838,278.5661,274.5703,276.2842,3253800
2025-12-05,279.1341,282.2431,278.1576,280.3,3834100
2025-12-08,281.78,282.54,276.97,279.13,3190800
2025-12-09,277.58,279.79,275.25,276.24,2584600
2025-12-10,275.65,282.4,274.26,281.57,5176700
2025-12-11,281.57,283.81,278.49,283.39,2840000
2025-12-12,282.42,284.23,278.07,279.32,4182300
2025-12-15,281.63,282.72,278.9,280.44,3594500
2025-12-16,280.96,282.0,277.72,278.4,3625300
2025-12-17,279.38,280.43,270.14,271.04,4006000
2025-12-18,275.69,277.1,272.8,274.92,4104700
2025-12-19,275.09,278.41,274.0,274.44,9419900
2025-12-22,277.44,278.41,275.4,275.82,3369600
2025-12-23,275.63,277.47,274.58,276.73,1763400
