date,open,high,low,close,volume
2005-01-03,36.5991,36.7083,36.1626,36.5799,834900
2005-01-04,36.5799,36.689,35.052,35.5206,1163600
2005-01-05,35.4371,35.4435,34.3458,34.6282,1650900
2005-01-06,34.41,35.1161,34.2944,34.6988,789200
2005-01-07,34.9877,36.0663,34.7374,35.7902,981500
2005-01-10,35.7966,36.1369,35.5527,35.9828,485600
2005-01-11,35.8223,35.9507,35.2124,35.3858,612900
2005-01-12,35.3537,35.5013,35.0584,35.2895,734500
2005-01-13,35.6105,35.8801,35.45,35.6297,398600
2005-01-14,35.6297,36.1433,35.4692,35.9122,431200
2005-01-18,35.7838,37.2989,35.6939,37.0742,1044800
2005-01-19,37.1705,37.1897,36.1112,36.3744,893100
2005-01-20,36.3744,36.6055,35.9957,36.2075,457600
2005-01-21,36.3038,36.3231,35.848,35.9314,259400
2005-01-24,35.726,35.7453,35.2445,35.3793,931800
2005-01-25,35.405,35.5976,34.9942,35.0198,519300
2005-01-26,35.0134,35.7132,34.8915,35.5784,471500
2005-01-27,35.5334,36.0277,35.3408,35.8159,200900
2005-01-28,35.8352,35.9379,35.4435,35.6618,215100
2005-01-31,35.9828,36.5221,35.7709,36.2974,507800
2005-02-01,36.5477,36.8752,36.2717,36.7403,460200
2005-02-02,36.9522,36.9779,36.5863,36.689,457100
2005-02-03,36.5927,36.7532,35.9828,36.2011,468500
2005-02-04,36.2974,36.4258,36.0791,36.2974,599000
2005-02-07,36.2845,36.9715,36.1497,36.8174,497600
2005-02-08,36.5927,36.5927,34.2174,35.9636,2521900
2005-02-09,35.9507,36.3488,35.3858,35.5976,735300
2005-02-10,35.855,35.9644,35.4625,35.7263,387900
2005-02-11,35.7135,35.7135,34.5681,34.9348,1429400
2005-02-14,34.7353,34.8769,34.33,34.375,914500
2005-02-15,34.1369,34.1369,32.3351,32.8113,4188400
2005-02-16,32.8178,34.6839,31.7882,34.5616,2872200
2005-02-17,34.5616,34.626,34.1176,34.3299,1181600
2005-02-18,34.0404,34.1498,33.7122,33.7766,824500
2005-02-22,33.5899,33.6221,32.5604,32.7148,887900
2005-02-23,32.7856,33.0687,32.3866,32.94,830300
2005-02-24,32.9465,33.5835,32.6955,33.4612,871700
2005-02-25,33.3132,34.5101,33.2618,34.4329,630500
2005-02-28,34.5938,35.3853,34.2334,35.2051,1080100
2005-03-01,35.0442,35.3209,34.7933,34.8898,762600
2005-03-02,34.8898,34.8898,34.5101,34.6774,974800
2005-03-03,34.7482,34.9348,34.4072,34.6839,309500
2005-03-04,34.7161,35.0185,34.6517,34.9284,588500
2005-03-07,35.0507,35.0635,34.7868,34.8383,552300
2005-03-08,34.523,34.7482,34.2077,34.6581,709000
2005-03-09,34.6581,34.7675,34.4265,34.626,250900
2005-03-10,34.8898,35.4882,34.671,35.3724,658500
2005-03-11,35.3917,35.855,35.3853,35.662,823800
2005-03-14,35.81,35.81,35.2437,35.5847,374100
2005-03-15,35.81,35.81,35.0828,35.1086,281300
2005-03-16,35.0635,35.1021,34.272,34.4522,443500
2005-03-17,34.2914,34.3879,33.4613,34.0082,700200
2005-03-18,34.0018,34.0018,32.6569,33.0752,1139200
2005-03-21,33.0816,33.1202,32.6505,32.9915,776900
2005-03-22,33.0816,33.5385,32.6698,33.1781,647200
2005-03-23,33.0108,33.1717,32.7212,32.9529,533700
2005-03-24,33.2039,33.2039,32.8564,33.0301,339600
2005-03-28,32.9336,33.3905,32.9336,33.2039,561200
2005-03-29,33.2167,33.59,33.1266,33.1974,561400
2005-03-30,33.2811,33.9117,33.2425,33.7959,668200
2005-03-31,34.0404,34.7482,33.9117,34.671,641600
2005-04-01,34.8126,35.3402,34.5552,35.2759,814900
2005-04-04,35.2759,35.2759,34.8769,35.0378,469900
2005-04-05,35.0378,35.0635,34.2978,34.9348,468200
2005-04-06,34.9284,34.9348,33.1588,33.1846,1421100
2005-04-07,33.2682,33.9181,33.2682,33.783,593700
2005-04-08,33.8666,34.1047,33.4934,33.8538,746500
2005-04-11,33.9117,33.9117,33.4934,33.5706,594300
2005-04-12,33.7959,33.8474,33.3454,33.7444,452600
2005-04-13,33.8474,34.0919,33.2682,33.3326,343900
2005-04-14,33.3004,33.3326,32.4252,32.6183,579700
2005-04-15,32.4832,32.7534,31.1061,31.5244,1149100
2005-04-18,32.1743,32.6376,31.3184,32.3094,1027000
2005-04-19,32.2837,32.9593,32.2386,32.8757,672800
2005-04-20,32.9593,32.9786,32.3416,32.4703,371700
2005-04-21,32.8371,33.4548,32.8177,33.3711,726300
2005-04-22,33.3712,33.7894,33.2425,33.6157,730200
2005-04-25,33.8409,34.4458,33.8409,34.2463,659600
2005-04-26,34.3943,34.3943,34.0275,34.1305,446900
2005-04-27,34.1112,34.6839,33.635,34.5294,1163100
2005-04-28,35.3917,37.3157,35.3595,36.2411,2208600
2005-04-29,36.5242,36.6787,36.0995,36.55,1434400
2005-05-02,36.6787,36.7044,36.0674,36.2347,933500
2005-05-03,36.2411,36.3762,35.7585,35.9129,1002600
2005-05-04,36.0094,36.4856,35.9708,36.1961,1395500
2005-05-05,36.1961,36.1961,35.6877,35.9387,827800
2005-05-06,36.0995,36.2218,35.7134,35.7392,616900
2005-05-09,35.5268,35.9902,35.4239,35.9065,943700
2005-05-10,35.9065,36.2218,35.7456,35.8614,531500
2005-05-11,36.0352,36.2604,35.7456,36.2025,2402800
2005-05-12,36.2282,36.3054,35.9194,36.2218,549000
2005-05-13,36.1251,36.6797,36.0541,36.267,1198500
2005-05-16,36.4282,36.7055,36.2412,36.7055,1154300
2005-05-17,36.7056,36.8926,36.3766,36.7507,1045000
2005-05-18,36.8797,37.4666,36.7829,37.1893,755900
2005-05-19,37.3376,37.357,37.0474,37.2344,438200
2005-05-20,37.0861,37.7246,36.8797,37.5311,547300
2005-05-23,37.6794,38.9759,37.6408,38.6276,1142700
2005-05-24,38.763,38.9887,38.4728,38.7243,793700
2005-05-25,38.7243,38.7307,38.2599,38.4857,358500
2005-05-26,38.4857,39.021,38.4663,38.8275,570300
2005-05-27,39.1113,39.4789,38.9694,39.4144,653800
2005-05-31,39.5757,40.0143,39.021,40.0143,1540100
2005-06-01,40.0143,40.0143,39.3306,39.4789,807600
2005-06-02,39.4725,39.595,38.9887,39.408,860800
2005-06-03,39.4273,39.9627,39.4273,39.9562,732300
2005-06-06,39.982,40.2981,39.8595,39.9756,505300
2005-06-07,39.9885,41.0591,39.982,40.6657,991400
2005-06-08,40.6205,40.6205,39.3693,39.4983,590400
2005-06-09,38.892,39.9175,38.8597,39.9046,395700
2005-06-10,39.8401,40.111,39.595,39.666,476200
2005-06-13,39.666,40.111,39.666,39.795,379300
2005-06-14,39.853,40.1691,39.8466,39.9949,325700
2005-06-15,39.8853,40.1497,39.8595,40.0852,427900
2005-06-16,40.1175,40.1497,39.9046,39.9562,305100
2005-06-17,39.9304,40.9043,39.8143,40.5044,770100
2005-06-20,40.3109,40.5367,40.0336,40.1045,350900
2005-06-21,40.5367,42.0072,40.4206,41.0204,1144500
2005-06-22,41.1172,42.0524,41.0785,41.9879,979000
2005-06-23,41.846,41.9427,41.0011,41.1559,514500
2005-06-24,41.1107,41.1107,40.2271,40.4658,386300
2005-06-27,40.4658,40.6786,40.1304,40.6786,630200
2005-06-28,40.6334,40.9172,40.5109,40.8011,426900
2005-06-29,41.2461,41.4332,40.9882,41.1816,458400
2005-06-30,41.3429,41.4397,40.6334,40.8914,361900
2005-07-01,40.8463,41.5429,40.6979,41.1107,453600
2005-07-05,41.2462,41.975,41.2139,41.8782,500600
2005-07-06,41.8782,42.2136,41.6138,41.6783,518200
2005-07-07,41.6654,42.1362,41.4848,42.1362,218700
2005-07-08,41.975,42.2459,41.9298,42.0008,290800
2005-07-11,41.7492,41.9943,41.3494,41.6396,569700
2005-07-12,41.6718,42.1491,41.6718,42.0524,373500
2005-07-13,41.8911,42.1169,41.8266,41.9298,298100
2005-07-14,41.9879,42.3362,41.7105,41.8653,725200
2005-07-15,41.6718,42.1491,41.6718,41.9556,454900
2005-07-18,41.9363,42.4006,41.9234,42.2329,783800
2005-07-19,42.1814,43.8519,42.1491,43.3746,945100
2005-07-20,43.2133,43.5036,42.7296,43.4133,513300
2005-07-21,43.252,43.2585,42.0846,42.2523,694300
2005-07-22,42.1556,42.5619,41.4139,42.3426,519800
2005-07-25,42.4523,42.4523,41.4719,41.7041,312300
2005-07-26,41.8008,41.8266,41.2139,41.2784,681500
2005-07-27,40.6334,40.6399,39.666,39.9885,1482500
2005-07-28,39.279,39.3112,37.5698,38.376,3333100
2005-07-29,38.6985,39.6531,38.634,39.595,1242700
2005-08-01,39.6015,39.8853,38.3115,38.5631,1306900
2005-08-02,38.4405,38.7695,37.7633,37.7633,2717800
2005-08-03,37.7697,38.0213,37.6859,37.8149,886500
2005-08-04,37.7698,38.0664,37.4795,37.9826,670000
2005-08-05,38.118,38.6856,37.5763,37.6408,812600
2005-08-08,37.5311,37.8278,37.3892,37.4731,857600
2005-08-09,37.5182,37.8729,37.4473,37.6214,417400
2005-08-10,37.6278,38.1309,37.6085,37.7633,536000
2005-08-11,37.7633,38.5134,37.7633,38.4423,712800
2005-08-12,38.5069,38.772,38.0931,38.4099,465000
2005-08-15,38.4358,38.675,38.2224,38.5975,575700
2005-08-16,38.6427,38.6427,37.7633,37.828,307000
2005-08-17,37.7633,37.8926,37.5823,37.634,381600
2005-08-18,37.524,37.6986,37.0132,37.0714,594800
2005-08-19,36.8903,36.9227,36.5994,36.6705,877100
2005-08-22,36.6705,37.8797,36.5929,37.8797,1131600
2005-08-23,37.5693,38.106,37.5693,38.0801,973500
2005-08-24,38.022,38.4746,37.8344,38.1642,739700
2005-08-25,38.1642,38.5457,38.1642,38.4035,530000
2005-08-26,38.4552,38.4746,37.925,37.9767,336400
2005-08-29,37.6663,37.6663,36.6252,37.3947,689300
2005-08-30,37.3947,37.9185,37.3947,37.815,651900
2005-08-31,37.815,38.0155,37.3171,37.9702,691600
2005-09-01,37.9573,38.009,37.1619,37.343,1253500
2005-09-02,37.5693,37.5693,36.9227,37.3624,584100
2005-09-06,37.6534,37.6728,37.0197,37.1231,444900
2005-09-07,37.1296,37.1296,35.2091,35.9527,3341800
2005-09-08,36.2049,37.2137,36.0433,37.0649,1090400
2005-09-09,37.1555,37.2718,36.6834,36.8321,577300
2005-09-12,36.9227,37.1425,36.858,36.8903,509200
2005-09-13,36.7287,36.858,36.3213,36.3342,477800
2005-09-14,36.2308,36.3278,35.513,35.6618,907800
2005-09-15,35.7523,36.1467,35.7523,35.8363,416400
2005-09-16,35.9204,36.2308,35.8234,36.0368,586900
2005-09-19,36.0045,36.2049,35.319,35.4613,355900
2005-09-20,35.416,35.6294,35.2738,35.3384,640100
2005-09-21,35.3708,35.3708,34.5237,34.556,1295400
2005-09-22,34.556,35.138,34.556,35.0151,1021900
2005-09-23,35.1768,35.6488,34.7888,35.235,1216000
2005-09-26,35.2415,35.2738,34.6918,34.7112,702900
2005-09-27,34.2262,34.2327,33.2369,34.0452,2292200
2005-09-28,34.0516,34.2715,33.8382,34.265,785500
2005-09-29,33.9158,33.9223,33.0429,33.5925,815800
2005-09-30,33.3856,34.0387,33.3468,34.0258,471500
2005-10-03,34.0258,34.1422,33.308,33.4115,1082600
2005-10-04,33.7477,33.9611,33.3856,33.8576,766000
2005-10-05,33.9417,34.1486,33.8318,34.0193,992100
2005-10-06,34.1809,34.3361,33.8576,34.1486,848900
2005-10-07,34.0775,34.5237,34.0646,34.4138,913500
2005-10-10,34.4978,34.6595,34.1939,34.2004,462000
2005-10-11,34.2068,35.4548,34.2068,35.2738,1132200
2005-10-12,35.0151,36.0174,34.9569,35.901,1433900
2005-10-13,35.901,35.9139,35.0798,35.2544,693300
2005-10-14,35.416,35.429,34.7177,35.0474,665400
2005-10-17,35.1315,35.5971,35.0927,35.125,481300
2005-10-18,34.9892,35.0345,34.653,34.7759,409400
2005-10-19,34.6077,34.6142,33.9158,34.1939,981600
2005-10-20,34.2262,34.4137,33.9417,34.0581,456700
2005-10-21,34.0775,34.0775,33.1334,33.3532,1097800
2005-10-24,32.8166,33.3597,32.7325,32.8424,1261400
2005-10-25,32.8618,33.0623,32.7131,32.9653,615000
2005-10-26,32.9136,33.2757,32.545,32.6096,649600
2005-10-27,32.6032,32.6096,30.1654,31.2323,4045000
2005-10-28,32.3316,34.1486,32.2411,33.6766,2354300
2005-10-31,33.5925,33.9934,33.4503,33.5861,1190600
2005-11-01,33.4761,33.7477,32.4932,32.8748,854500
2005-11-02,32.7907,33.2304,32.545,33.0429,839000
2005-11-03,33.0429,33.6055,33.0429,33.4955,1016200
2005-11-04,33.4179,33.8318,33.2175,33.6701,765300
2005-11-07,33.6701,34.0128,33.4697,33.6055,828000
2005-11-08,33.6055,33.6701,33.2369,33.3015,791300
2005-11-09,33.1399,33.2886,32.823,32.8489,794200
2005-11-10,32.8554,33.0752,32.2799,32.5191,1025900
2005-11-11,32.2993,33.3145,32.0083,33.2821,548900
2005-11-14,33.2821,33.2821,32.2121,32.3937,421700
2005-11-15,32.2704,32.465,32.011,32.0889,445300
2005-11-16,32.3612,32.3807,31.6933,31.8813,865100
2005-11-17,31.8813,32.0175,31.6154,31.9267,523900
2005-11-18,31.9397,32.1991,31.8489,32.0889,495600
2005-11-21,31.7841,32.5169,31.7841,32.5169,988800
2005-11-22,32.679,33.3859,32.5169,33.2951,890800
2005-11-23,34.0474,35.6687,33.7555,34.002,1360300
2005-11-25,34.0993,34.6894,34.0993,34.443,335700
2005-11-28,34.3717,34.4689,34.0993,34.4041,548800
2005-11-29,34.4365,34.6959,34.3717,34.6505,793800
2005-11-30,34.884,35.4287,34.5662,34.6959,1101700
2005-12-01,34.7608,34.9294,34.5143,34.6959,843600
2005-12-02,34.7932,34.9229,34.6894,34.7543,633300
2005-12-05,34.7543,35.0267,34.6505,34.9618,788200
2005-12-06,34.9359,35.1434,34.6246,35.0915,730300
2005-12-07,34.5338,34.9748,34.3781,34.5921,1053300
2005-12-08,34.5986,34.8386,34.417,34.5014,731800
2005-12-09,34.3781,34.4171,33.9242,34.1641,798400
2005-12-12,34.002,34.8386,33.9177,34.6635,661500
2005-12-13,34.6635,35.2018,34.6505,34.7608,739500
2005-12-14,35.0526,35.111,34.6959,34.8905,655700
2005-12-15,34.8905,35.2472,34.7608,34.9229,775500
2005-12-16,35.0526,35.085,34.9748,35.0007,625100
2005-12-19,35.0267,35.2472,34.9878,35.1823,814200
2005-12-20,35.2991,35.8244,34.9294,34.9294,832900
2005-12-21,35.0915,35.6492,35.0915,35.6233,1428500
2005-12-22,35.6687,37.1603,35.6557,36.622,1521400
2005-12-23,36.9203,36.9398,36.2588,36.5053,479900
2005-12-27,36.6285,36.7971,36.2459,36.2459,313100
2005-12-28,36.2718,36.7971,36.2524,36.5247,315500
2005-12-29,36.6415,37.504,36.5766,36.9722,811600
2005-12-30,36.9074,36.9138,36.4923,36.7128,235800
2006-01-03,37.53,37.5429,36.8749,37.29,824100
2006-01-04,38.2433,38.8724,37.7051,38.1331,1387100
2006-01-05,37.9709,38.2563,37.731,37.9126,782700
2006-01-06,38.0812,38.2563,37.05,37.5689,814700
2006-01-09,37.4521,37.4845,36.8166,36.8879,710000
2006-01-10,36.8685,38.0942,36.8036,37.8737,1149500
2006-01-11,37.8023,38.0877,37.6856,37.8672,1126600
2006-01-12,37.8672,38.2628,37.6986,38.0553,821000
2006-01-13,37.9904,38.2693,37.8088,38.2239,752400
2006-01-17,37.945,38.0682,37.1279,37.504,857500
2006-01-18,37.504,37.7764,37.1992,37.6921,638400
2006-01-19,37.8542,38.1655,37.5624,37.718,531700
2006-01-20,37.7764,37.7764,36.7712,36.9009,725900
2006-01-23,36.9009,37.0241,36.0189,36.4794,1280200
2006-01-24,36.6091,37.303,36.5766,37.2252,902000
2006-01-25,37.3873,37.8996,37.0306,37.6726,653200
2006-01-26,37.8348,38.827,37.7375,38.2369,1278500
2006-01-27,38.2369,38.2628,37.1992,37.8996,783400
2006-01-30,38.0228,38.1266,37.491,37.5948,766400
2006-01-31,37.6791,38.4768,37.3873,38.2369,1260300
2006-02-01,38.2628,39.8192,38.2628,38.7686,3733700
2006-02-02,38.9113,39.2485,38.172,38.4444,1535300
2006-02-03,38.4444,39.054,38.4249,38.7686,652100
2006-02-06,38.9308,39.1188,37.9061,38.0099,1048600
2006-02-07,38.1331,39.5598,38.1331,39.0994,1150600
2006-02-08,38.9113,39.0021,38.3276,38.5416,2263200
2006-02-09,38.5416,38.5416,35.8568,36.622,4812000
2006-02-10,37.2463,37.4608,36.0368,36.1083,1519300
2006-02-13,36.1538,36.3424,36.1213,36.1213,1272400
2006-02-14,36.0888,37.0642,36.0823,36.9667,1074600
2006-02-15,36.8691,37.1227,36.8106,36.9797,777100
2006-02-16,37.2268,37.877,37.1292,37.812,1261400
2006-02-17,37.877,38.0266,37.7144,37.7795,700200
2006-02-21,37.7795,38.0266,36.6025,36.7586,1060100
2006-02-22,37.1617,37.6754,36.9407,37.4349,884900
2006-02-23,37.4348,37.8445,37.2268,37.7339,490500
2006-02-24,37.5064,37.5259,36.609,37.3568,897700
2006-02-27,37.8445,37.877,37.1682,37.4218,570900
2006-02-28,37.5194,37.5454,36.8171,36.8626,584700
2006-03-01,36.9276,36.9992,36.4269,36.479,1093000
2006-03-02,36.3424,36.609,36.0108,36.3749,1034300
2006-03-03,36.3749,36.4139,36.1018,36.2839,446500
2006-03-06,36.3489,36.3489,35.4841,35.7767,814400
2006-03-07,35.4906,35.5296,34.6388,34.9379,880500
2006-03-08,34.9379,34.9379,34.0861,34.6258,1553500
2006-03-09,34.2681,34.2746,33.2537,33.3513,2310800
2006-03-10,33.3513,33.5529,32.74,32.8376,1390200
2006-03-13,32.8571,33.4683,32.8571,33.2992,1210600
2006-03-14,33.2342,33.904,33.1952,33.7479,940100
2006-03-15,33.839,34.008,33.0717,33.4878,863500
2006-03-16,33.4878,35.2695,33.3058,34.9314,1783800
2006-03-17,35.1199,35.25,34.5997,34.7883,591200
2006-03-20,34.4957,34.8013,34.1706,34.6518,725700
2006-03-21,34.6583,35.0159,34.4632,34.5477,326400
2006-03-22,34.6583,35.0419,34.1381,34.2551,492400
2006-03-23,34.4177,34.5607,33.3123,33.3123,1150700
2006-03-24,33.3448,33.4878,32.6165,32.753,1251100
2006-03-27,32.5125,32.8506,32.4214,32.5255,986000
2006-03-28,32.5255,34.1056,32.5125,33.1627,1762900
2006-03-29,34.1381,35.7182,33.956,35.5361,2597100
2006-03-30,35.6467,36.2059,35.328,35.8222,1586700
2006-03-31,35.8157,36.3424,35.7637,36.2254,1206300
2006-04-03,36.2254,36.7781,36.1538,36.3684,1048300
2006-04-04,36.3034,36.3099,35.5361,35.9328,839900
2006-04-05,36.2579,36.5375,36.1278,36.4464,613600
2006-04-06,37.0577,37.0642,36.1799,36.2514,531700
2006-04-07,36.2449,36.4269,35.8547,36.3814,720000
2006-04-10,36.414,36.7326,36.1864,36.2059,861300
2006-04-11,36.3684,36.7261,36.1929,36.2904,454300
2006-04-12,36.2839,36.3944,35.9783,36.3294,373900
2006-04-13,36.0173,36.2059,35.1525,35.5751,1404900
2006-04-17,35.5686,35.9588,35.354,35.6987,417000
2006-04-18,35.8417,36.1799,35.7897,36.0888,474700
2006-04-19,36.2514,36.2839,35.8287,36.0043,526900
2006-04-20,36.1343,36.1734,35.6402,35.8612,537900
2006-04-21,35.6987,37.5519,35.6597,37.4934,2130100
2006-04-24,37.6559,38.5858,37.6429,38.4882,2154600
2006-04-25,38.2411,38.2672,37.6624,37.7274,1529300
2006-04-26,37.7145,38.0266,37.5519,37.7145,973800
2006-04-27,35.7637,36.2644,34.4632,35.6076,4308800
2006-04-28,35.3735,35.5036,34.4502,34.6908,1935800
2006-05-01,34.5802,37.4739,34.5802,36.9016,2644600
2006-05-02,36.9016,38.8524,36.7391,38.4622,2443100
2006-05-03,38.4297,38.7158,37.8185,38.0721,1269500
2006-05-04,36.7391,37.8185,36.5765,37.0772,2168500
2006-05-05,37.7144,37.8705,36.9667,37.1552,1162300
2006-05-08,37.4218,38.4427,37.4023,38.3777,1446500
2006-05-09,38.6248,39.6067,38.2802,39.4506,2506000
2006-05-10,39.6262,40.439,39.5351,39.7692,1818600
2006-05-11,39.9058,40.2894,38.9369,39.197,1537600
2006-05-12,39.0214,39.0279,37.6624,38.2606,2043600
2006-05-15,38.2607,38.2672,37.4262,38.2672,986200
2006-05-16,38.3389,38.4562,37.7522,38.0586,841400
2006-05-17,38.0325,38.039,36.8199,37.4718,1051400
2006-05-18,37.4523,37.8043,36.7287,36.9503,1097700
2006-05-19,36.996,36.996,36.2854,36.7873,1190700
2006-05-22,36.4614,36.9307,35.6139,36.7612,1010500
2006-05-23,36.8655,37.3545,36.1745,36.2006,933600
2006-05-24,36.3049,39.0756,36.2723,37.9543,2610200
2006-05-25,37.9542,38.1107,36.9177,37.7196,729500
2006-05-26,37.7196,37.7717,37.3545,37.4914,837400
2006-05-30,37.348,37.6413,36.9308,37.0937,1677700
2006-05-31,36.9959,37.3349,36.5461,36.8982,696600
2006-06-01,36.9177,36.9764,36.2332,36.8786,611800
2006-06-02,36.8851,37.1589,36.507,36.7678,561500
2006-06-05,36.7678,37.3871,36.344,36.5526,738600
2006-06-06,36.7026,37.0937,36.0963,36.6243,749500
2006-06-07,36.507,36.9373,35.8746,36.7156,847000
2006-06-08,36.5526,36.5852,34.297,35.0467,1735400
2006-06-09,35.8551,37.3349,35.8551,36.5852,1643500
2006-06-12,36.5787,37.022,35.7508,35.9268,1253500
2006-06-13,35.4118,35.8421,33.8668,34.284,1306900
2006-06-14,34.3557,35.2945,34.3557,34.8512,534600
2006-06-15,35.3597,35.4248,33.6516,34.4339,2142700
2006-06-16,34.2905,35.1054,34.2644,34.8121,1263000
2006-06-19,34.6491,34.9424,34.4274,34.7403,971100
2006-06-20,34.636,35.0924,34.473,34.6425,457800
2006-06-21,34.6425,34.8381,34.4861,34.5904,888600
2006-06-22,34.5904,34.8316,33.7951,34.0493,1131800
2006-06-23,33.8994,35.138,33.6777,34.1862,683200
2006-06-26,30.8028,32.563,30.8028,31.9436,4094200
2006-06-27,31.9436,32.0284,31.2982,31.5394,1110400
2006-06-28,31.5395,31.5395,31.1939,31.4417,727400
2006-06-29,31.4417,32.3609,31.3178,32.2174,1131500
2006-06-30,32.3022,33.2279,32.3022,32.7585,1192200
2006-07-03,32.765,33.28,32.5303,32.928,490400
2006-07-05,32.928,33.3583,32.6868,33.2344,850600
2006-07-06,33.3387,33.8211,33.1562,33.5604,716200
2006-07-07,33.443,33.443,32.6933,33.2475,747000
2006-07-10,33.267,33.945,33.1757,33.4365,397900
2006-07-11,33.3648,33.8211,33.0584,33.7038,579700
2006-07-12,33.5799,34.1406,33.5213,33.9646,803100
2006-07-13,33.9646,34.3883,33.593,33.8407,990800
2006-07-14,33.8994,34.2253,33.7299,33.769,1198400
2006-07-17,33.6908,33.932,33.5604,33.7429,396800
2006-07-18,33.7494,34.1406,33.606,33.9646,590600
2006-07-19,34.0298,35.0272,33.8668,33.9124,1357200
2006-07-20,33.6712,33.7038,33.0323,33.1366,898500
2006-07-21,33.2148,33.2148,32.4521,32.589,1238200
2006-07-24,32.589,33.2018,32.4326,32.8628,982900
2006-07-25,32.8628,33.8929,32.7129,33.6973,970100
2006-07-26,33.8928,34.1732,33.5604,33.5995,1424900
2006-07-27,34.9033,36.3636,34.5513,35.5226,2239100
2006-07-28,35.5161,35.8616,35.0663,35.7769,789700
2006-07-31,36.0181,36.1419,35.5226,35.5813,979100
2006-08-01,35.5813,35.8486,34.8512,35.1641,758600
2006-08-02,35.2032,35.8225,35.0402,35.0793,646900
2006-08-03,35.2684,35.5552,34.799,35.4574,472700
2006-08-04,35.49,35.7769,34.975,35.6465,472600
2006-08-07,35.4965,35.6008,35.2619,35.4509,475300
2006-08-08,35.7639,36.1159,35.3206,35.3988,512200
2006-08-09,35.3988,35.5422,35.0206,35.0337,474800
2006-08-10,34.9424,34.9555,34.5382,34.7142,518100
2006-08-11,34.6491,35.2227,34.6491,35.1315,567500
2006-08-14,35.2228,35.3271,34.8838,34.9294,231500
2006-08-15,34.9817,35.544,34.9817,35.374,285900
2006-08-16,35.3609,36.0802,35.3609,36.0802,558400
2006-08-17,36.0802,36.0802,35.4983,35.6421,385300
2006-08-18,35.629,35.8906,35.2825,35.799,443100
2006-08-21,35.8056,36.3875,35.5571,36.1259,469000
2006-08-22,35.5571,35.7729,35.2694,35.5375,431900
2006-08-23,35.5833,35.5833,34.3148,34.3213,1010900
2006-08-24,34.3278,34.5109,34.1317,34.2951,961900
2006-08-25,34.3017,34.6548,34.1971,34.2624,405300
2006-08-28,34.2951,34.8771,34.2036,34.864,427700
2006-08-29,35.0144,36.1456,35.0078,36.139,948600
2006-08-30,36.0933,36.3548,35.9625,36.2371,468000
2006-08-31,36.3156,36.8714,36.2306,36.8387,1029000
2006-09-01,36.6164,36.7929,36.466,36.5248,507000
2006-09-05,36.7014,36.7144,36.1587,36.4594,403400
2006-09-06,36.4594,36.4594,35.3871,35.7663,839600
2006-09-07,35.8382,36.2175,35.8252,36.1717,609800
2006-09-08,36.2044,36.3548,36.0017,36.2502,491300
2006-09-11,36.3156,36.5379,35.9363,35.9429,695300
2006-09-12,35.9363,36.1979,35.701,36.1587,744800
2006-09-13,36.2633,36.5248,36.2044,36.3417,595800
2006-09-14,36.126,36.6817,36.126,36.6491,843900
2006-09-15,36.7602,37.5972,36.7537,37.5972,1096000
2006-09-18,37.6495,38.0875,37.4925,37.6102,745000
2006-09-19,37.6952,38.0418,37.5775,37.9699,573000
2006-09-20,38.081,38.7545,38.0091,38.3491,1094300
2006-09-21,38.2837,38.3164,37.7148,37.8718,529200
2006-09-22,37.9175,37.9241,37.1983,37.3683,698000
2006-09-25,36.9302,37.2702,36.8648,37.1525,597200
2006-09-26,37.7606,37.7998,37.4925,37.5841,389500
2006-09-27,37.6102,37.9045,37.401,37.4991,656900
2006-09-28,37.5056,37.6298,37.0806,37.3552,598400
2006-09-29,37.2048,38.0222,37.2048,37.8914,699000
2006-10-02,37.6364,38.1202,37.6168,38.0091,446600
2006-10-03,38.0222,38.3164,37.6756,38.0941,547700
2006-10-04,37.8652,37.911,37.5318,37.8391,893100
2006-10-05,37.8587,38.1791,37.826,38.1399,314000
2006-10-06,38.1333,38.3229,37.911,38.0483,462300
2006-10-09,38.0875,38.4733,37.9895,38.4014,370000
2006-10-10,38.4145,38.4276,37.7802,38.0418,1074400
2006-10-11,37.9241,38.3295,37.4795,38.1595,613800
2006-10-12,38.1595,38.8395,38.0483,38.8395,816100
2006-10-13,38.8395,39.3953,38.6826,39.2318,1106000
2006-10-16,39.2318,39.4672,39.0356,39.4672,707100
2006-10-17,39.3037,39.4868,39.1141,39.2972,910700
2006-10-18,39.2253,39.2318,38.6499,38.9049,1526700
2006-10-19,39.2318,39.2318,38.8003,39.1795,529300
2006-10-20,39.0814,39.1599,38.8264,39.1468,435900
2006-10-23,38.6368,38.7218,37.4729,37.826,1972700
2006-10-24,37.826,38.3687,37.7933,38.166,1518300
2006-10-25,37.9633,38.4864,37.7541,38.4864,1533400
2006-10-26,38.578,41.383,38.578,40.9907,3420800
2006-10-27,40.4415,40.6703,40.2126,40.278,1220500
2006-10-30,39.7549,40.8272,39.7222,40.7161,1644800
2006-10-31,40.5526,42.0042,40.4088,41.9192,2760100
2006-11-01,41.9257,43.0569,41.9257,42.22,1631500
2006-11-02,42.2788,42.403,41.9126,41.9977,522500
2006-11-03,42.0369,42.4292,42.0042,42.2265,715400
2006-11-06,42.3311,42.3769,42.0892,42.3377,941200
2006-11-07,42.3704,42.9065,42.3377,42.5927,1013400
2006-11-08,42.5011,43.5277,42.3573,43.1092,1050300
2006-11-09,43.8088,45.5743,43.8088,44.5673,1947800
2006-11-10,44.515,44.7112,43.7173,44.2077,855000
2006-11-13,44.1358,44.1946,43.5539,44.1358,380600
2006-11-14,44.103,44.1096,43.0412,43.1658,2513400
2006-11-15,43.1658,43.2575,42.8315,43.2117,3432600
2006-11-16,43.3886,43.6573,43.1789,43.3755,1332800
2006-11-17,43.3755,43.5,43.1199,43.2772,964300
2006-11-20,42.9298,43.3952,42.7922,43.3362,535100
2006-11-21,43.3886,44.8961,43.3624,44.8961,2157000
2006-11-22,44.5684,45.6498,44.5684,45.2434,1506100
2006-11-24,45.5384,45.8464,45.3811,45.5777,379600
2006-11-27,45.4991,45.4991,44.3259,44.6339,1296300
2006-11-28,44.4701,44.5618,43.9982,44.3783,972500
2006-11-29,44.7322,45.735,44.6863,45.735,961400
2006-11-30,45.8464,46.4625,45.7416,46.2069,1060600
2006-12-01,46.3052,46.4691,45.7743,45.8661,628000
2006-12-04,45.8464,46.9148,45.8202,46.4691,971300
2006-12-05,46.2725,46.9934,46.2725,46.8164,841600
2006-12-06,46.4232,47.3211,46.2855,47.1966,1727500
2006-12-07,47.1573,47.426,47.0065,47.19,1363300
2006-12-08,47.2883,47.6226,47.2359,47.5833,469800
2006-12-11,47.6816,48.0093,47.3277,47.9241,839100
2006-12-12,47.8455,47.9438,47.1114,47.4784,1561900
2006-12-13,47.7144,47.7996,47.1245,47.19,817200
2006-12-14,47.4457,47.9897,47.1114,47.9569,812800
2006-12-15,48.1207,48.1469,47.4194,47.7471,660500
2006-12-18,47.7471,47.7733,46.22,46.5477,1036400
2006-12-19,46.2397,46.3445,45.794,46.2069,637600
2006-12-20,46.3052,46.4691,45.912,46.0562,733600
2006-12-21,46.1348,46.7313,45.9185,45.9972,462700
2006-12-22,45.9972,46.6002,45.6695,46.279,431900
2006-12-26,46.279,46.6002,46.0168,46.5608,482800
2006-12-27,46.6657,47.5833,46.6657,47.3211,696600
2006-12-28,47.3211,48.1994,47.3211,47.9241,820100
2006-12-29,47.8454,48.0617,47.4653,47.5243,620300
2007-01-03,47.5243,47.5243,46.6395,46.9279,656600
2007-01-04,46.8623,47.4981,46.5018,46.6722,1149900
2007-01-05,46.587,46.5936,45.8202,45.9644,821400
2007-01-08,46.5346,47.3932,46.0365,46.764,704100
2007-01-09,46.764,47.4588,46.4953,46.7181,649600
2007-01-10,46.4363,46.5871,45.9841,46.3708,501700
2007-01-11,46.4166,46.8492,46.3249,46.646,629100
2007-01-12,46.5346,46.9803,46.2397,46.6198,834000
2007-01-16,46.5674,49.8117,46.5346,49.7265,1960800
2007-01-17,49.7134,49.7921,48.6058,48.9597,1109400
2007-01-18,48.9465,48.9465,48.5009,48.8941,573300
2007-01-19,48.8286,49.2677,48.5861,49.189,786100
2007-01-22,49.1563,49.484,48.9269,49.3201,666800
2007-01-23,49.2546,50.7162,49.1235,50.0608,1335000
2007-01-24,49.7134,49.7265,49.3201,49.4971,916100
2007-01-25,49.4971,50.1066,49.2743,49.5627,863800
2007-01-26,49.5889,49.9755,49.5889,49.7527,764600
2007-01-29,49.8117,50.6637,49.8051,50.2181,785200
2007-01-30,50.1394,50.146,49.6544,49.9952,608600
2007-01-31,50.3098,50.5982,50.2246,50.4343,828300
2007-02-01,50.4671,52.3351,50.4278,52.204,1758900
2007-02-02,51.4502,51.4502,50.631,51.2536,1285300
2007-02-05,51.909,51.9418,51.1619,51.4568,1247600
2007-02-06,51.3191,51.424,51.0504,51.2864,1115500
2007-02-07,51.1225,51.66,50.8604,51.3126,1365100
2007-02-08,52.1057,52.7611,51.2798,52.2695,2518700
2007-02-09,53.2526,53.4099,52.1384,52.5448,1296700
2007-02-12,52.5514,52.6236,51.8487,52.3412,884000
2007-02-13,52.3478,52.571,52.1573,52.374,884600
2007-02-14,52.6367,52.8994,52.4463,52.4857,887800
2007-02-15,52.4725,53.2606,52.4331,52.8337,1085900
2007-02-16,52.8666,53.0964,52.6499,52.906,554900
2007-02-20,53.392,55.0338,53.0899,54.8499,1850300
2007-02-21,54.5872,56.1896,54.469,55.9401,1675500
2007-02-22,56.1502,56.2684,55.3293,55.9926,1477400
2007-02-23,55.8153,55.8219,55.1717,55.3621,584700
2007-02-26,55.4935,56.1436,54.8827,55.3227,627700
2007-02-27,54.0815,54.909,50.2397,51.8552,2170700
2007-02-28,51.7501,52.3478,51.2904,52.0588,1132900
2007-03-01,51.2248,52.9914,50.6337,52.8797,1340600
2007-03-02,52.2755,52.2755,50.4432,50.5483,1288900
2007-03-05,49.1955,50.0952,48.9328,49.2677,966200
2007-03-06,49.8128,50.5812,49.6946,50.3907,943600
2007-03-07,50.2397,51.251,49.8653,50.1083,990600
2007-03-08,50.5352,51.3101,50.4695,51.1197,777700
2007-03-09,51.2248,51.7698,50.9949,51.448,442500
2007-03-12,51.4546,51.8815,50.9883,51.586,991600
2007-03-13,51.5859,51.9209,49.6289,49.7077,706200
2007-03-14,49.583,50.0558,48.4074,49.7209,1324800
2007-03-15,49.6158,50.5615,49.5829,50.4039,637000
2007-03-16,50.4039,50.7782,49.8325,49.8325,931700
2007-03-19,49.8325,50.2397,49.3202,49.7471,758000
2007-03-20,49.7143,51.1591,49.6355,51.0934,813800
2007-03-21,51.2247,52.9913,50.9095,52.2821,1357200
2007-03-22,52.8535,53.0636,52.0654,52.1113,443500
2007-03-23,51.9472,52.5185,51.9406,52.466,510500
2007-03-26,52.4594,53.6875,52.374,53.6875,1064000
2007-03-27,53.5299,53.6415,52.5842,52.7221,562800
2007-03-28,53.0505,53.7203,52.8797,53.5956,554500
2007-03-29,53.8517,54.5018,53.3788,54.0093,623200
2007-03-30,54.4756,55.001,53.5299,53.9962,1069900
2007-04-02,54.0487,55.0732,53.9174,54.9616,914300
2007-04-03,51.2248,54.1932,50.1674,53.4576,6319400
2007-04-04,53.1293,53.4248,51.5334,51.7567,1992500
2007-04-05,51.9537,51.98,50.2791,50.6271,1976100
2007-04-09,50.7454,50.8701,50.2463,50.4433,951900
2007-04-10,50.568,50.7585,50.2068,50.5024,824300
2007-04-11,50.5023,50.7847,50.3185,50.568,1030200
2007-04-12,50.5352,50.6665,50.1083,50.2791,760800
2007-04-13,50.174,50.4301,49.4845,49.977,896200
2007-04-16,50.0492,50.2922,48.5256,49.1035,2247400
2007-04-17,49.1035,49.7537,48.5979,49.583,1924400
2007-04-18,49.4188,49.885,49.2546,49.7668,930800
2007-04-19,49.2152,50.5024,48.9591,50.3973,1127300
2007-04-20,50.9227,52.0325,50.5812,50.9292,1192100
2007-04-23,50.9292,52.1639,50.4761,51.8289,951800
2007-04-24,51.829,51.8749,51.389,51.5794,858900
2007-04-25,52.0128,52.2361,51.2248,51.6845,1156400
2007-04-26,51.4874,51.5794,49.0904,51.0868,3527400
2007-04-27,51.054,51.1657,50.3053,50.6271,972700
2007-04-30,50.6271,50.8504,49.7537,49.7537,869900
2007-05-01,49.5698,49.6224,48.8606,49.4779,1101200
2007-05-02,49.6026,50.3973,49.3662,50.0624,848900
2007-05-03,50.0295,50.1937,49.6223,50.0821,399400
2007-05-04,50.1083,50.2397,49.4647,50.1477,521400
2007-05-07,49.7537,50.4433,49.4844,49.6486,501900
2007-05-08,49.4844,49.9113,49.1232,49.2217,750000
2007-05-09,49.1955,49.2743,48.7423,49.0116,960400
2007-05-10,49.0116,49.2809,47.2056,47.442,1718000
2007-05-11,47.4486,48.1907,47.3501,48.1053,972700
2007-05-14,48.2366,48.2957,47.0217,47.1596,1085700
2007-05-15,46.995,48.2785,46.712,47.5414,1267200
2007-05-16,47.7125,49.3712,47.6401,49.2724,1840400
2007-05-17,49.279,49.9964,49.2395,49.8253,1265600
2007-05-18,50.4835,52.4712,50.3124,52.4712,2273000
2007-05-21,52.4712,52.4712,51.7736,52.1092,1665900
2007-05-22,52.4712,53.1031,52.0105,52.3725,1404800
2007-05-23,52.3594,53.3137,52.3462,52.4712,850700
2007-05-24,52.3593,52.8398,51.4905,51.7012,1022800
2007-05-25,51.9644,52.0368,51.3655,51.4247,603000
2007-05-29,51.4576,51.4576,50.681,51.1154,662500
2007-05-30,51.1219,51.846,50.2992,51.53,1158500
2007-05-31,51.4708,51.7143,50.8916,51.4181,851100
2007-06-01,51.4971,51.9184,50.9311,51.7275,1063900
2007-06-04,51.6682,51.7406,50.3387,50.5822,980400
2007-06-05,51.247,51.247,50.3453,50.6217,830600
2007-06-06,50.3848,50.3848,49.2724,49.4699,1106800
2007-06-07,49.2,49.7463,48.4826,48.5616,811500
2007-06-08,48.5484,49.5094,48.0482,49.3843,645100
2007-06-11,49.2658,50.8586,49.2658,50.5954,979100
2007-06-12,50.5954,51.168,50.3321,50.7534,1433800
2007-06-13,51.2075,52.4778,51.1614,52.412,1467100
2007-06-14,52.6555,54.1365,52.6292,53.2742,1438300
2007-06-15,53.6428,53.9983,53.2479,53.6165,731100
2007-06-18,53.9719,54.3603,53.5704,53.8995,1037700
2007-06-19,53.5112,53.7218,53.1163,53.5836,870100
2007-06-20,53.656,54.3668,53.3006,53.498,643000
2007-06-21,53.5441,53.7415,52.4646,53.5902,669500
2007-06-22,53.3137,55.0974,52.5371,53.656,6571100
2007-06-25,53.6494,53.6494,52.2738,52.57,1070200
2007-06-26,52.3922,53.5112,52.3922,52.932,1099100
2007-06-27,52.2014,52.8201,51.7406,52.7279,958300
2007-06-28,52.9846,54.301,52.8596,54.0443,1160400
2007-06-29,54.2089,55.782,53.8534,55.6174,1579800
2007-07-02,55.6174,57.0259,55.6174,56.9667,1532200
2007-07-03,56.9338,57.4801,56.2756,57.4604,515200
2007-07-05,57.4604,57.7302,55.6174,55.8873,1077800
2007-07-06,56.506,58.1054,56.348,57.3748,1243700
2007-07-09,57.3748,57.9606,56.506,56.8746,1010900
2007-07-10,56.7561,56.8417,55.1896,55.2883,1419000
2007-07-11,55.0514,55.8807,54.9592,55.3541,888600
2007-07-12,55.3541,55.8149,55.2817,55.6174,714100
2007-07-13,55.6174,55.9333,55.0777,55.749,1055700
2007-07-16,55.782,56.0452,55.387,55.9202,758200
2007-07-17,55.8807,56.8811,55.4858,55.5253,949900
2007-07-18,55.578,55.8478,54.6696,55.4134,831400
2007-07-19,55.3739,57.1313,55.3739,57.0259,947700
2007-07-20,57.0259,57.2037,55.9136,56.4336,1157200
2007-07-23,56.7363,56.8943,55.7096,56.7034,868500
2007-07-24,56.1901,57.0128,55.9992,56.6047,998900
2007-07-25,56.506,56.8351,55.7556,55.9992,1290100
2007-07-26,57.6249,62.2849,56.8351,58.5727,6140600
2007-07-27,58.5135,59.5402,57.1642,58.1317,2307600
2007-07-30,58.1975,60.0668,58.1186,59.3955,1841200
2007-07-31,59.9484,61.6267,59.4152,59.639,1777600
2007-08-01,60.126,60.6197,58.9413,59.5402,1883300
2007-08-02,59.6653,62.6074,59.5073,62.0216,1895300
2007-08-03,62.0545,62.2783,60.5538,60.6657,1239300
2007-08-06,60.5934,61.1529,59.8628,61.0278,1532400
2007-08-07,61.0343,61.6991,60.4222,60.5144,1588500
2007-08-08,61.449,61.5675,59.9418,60.1984,1367100
2007-08-09,59.8035,60.2248,55.2883,59.1519,2030300
2007-08-10,59.119,59.119,57.1247,57.8421,1587400
2007-08-13,58.5859,59.0269,56.9536,57.1247,931100
2007-08-14,57.1247,58.2568,56.0979,56.0979,810400
2007-08-15,55.8935,57.595,55.7616,55.9264,1110000
2007-08-16,55.0822,55.8143,53.2422,53.4203,1723700
2007-08-17,54.6734,55.8803,54.2711,54.825,1174500
2007-08-20,53.2422,56.731,53.2422,55.5307,623800
2007-08-21,55.5967,57.252,55.4054,56.8761,1217300
2007-08-22,57.7203,57.9511,57.2388,57.8258,864000
2007-08-23,57.773,57.9709,56.9025,57.1597,714600
2007-08-24,57.2124,58.3336,56.9355,58.2611,623200
2007-08-27,57.6082,58.848,57.2652,58.2677,468600
2007-08-28,58.1292,58.2347,56.7112,57.0608,619100
2007-08-29,57.2652,57.6543,56.9223,57.5884,335300
2007-08-30,57.0476,59.7516,57.0278,59.2767,761300
2007-08-31,60.2396,60.51,59.8175,60.3056,950500
2007-09-04,60.6155,62.0796,60.6155,61.7235,1382500
2007-09-05,60.998,61.4465,60.6155,60.9848,709500
2007-09-06,60.9189,61.9939,60.9189,61.2553,715700
2007-09-07,61.2487,61.3014,59.9363,60.5034,784100
2007-09-10,60.5628,63.7746,60.2594,62.6996,1456900
2007-09-11,62.6996,65.2255,62.6996,63.9461,1717800
2007-09-12,63.5306,64.7309,63.1283,64.6386,956300
2007-09-13,64.665,64.9156,63.7548,64.111,904000
2007-09-14,63.9988,64.1439,63.0228,64.0054,485700
2007-09-17,64.1043,64.4209,63.1283,63.7086,366000
2007-09-18,64.2494,66.2807,63.2997,65.7861,1542300
2007-09-19,66.6039,66.6764,65.8125,66.0037,1018500
2007-09-20,65.951,66.2478,64.9617,65.4102,772400
2007-09-21,65.951,69.0177,65.641,67.6129,1846500
2007-09-24,68.1274,68.6814,66.3467,66.9996,1099800
2007-09-25,66.5379,68.1471,66.1093,67.9823,802600
2007-09-26,68.589,69.7893,67.3029,67.9756,961000
2007-09-27,68.1076,69.6376,68.1076,69.4991,994900
2007-09-28,69.0836,71.0687,69.0836,70.8643,1672000
2007-10-01,71.2271,71.8404,70.4027,71.4579,1021000
2007-10-02,71.9393,72.8231,67.9031,69.3145,2065300
2007-10-03,69.3145,69.7959,67.6459,67.7976,1393900
2007-10-04,67.7976,68.2922,67.0524,67.5602,1449000
2007-10-05,68.2592,68.9913,67.1711,67.3953,783000
2007-10-08,67.5008,68.4241,67.4019,68.1339,818400
2007-10-09,68.589,70.2708,67.5668,69.5387,1029800
2007-10-10,68.9188,72.0053,68.6945,70.6796,1013600
2007-10-11,71.227,71.3853,67.9559,68.6418,1171100
2007-10-12,68.9518,70.2378,68.3516,68.4703,683400
2007-10-15,68.5231,68.5231,67.6591,68.2593,569600
2007-10-16,67.8965,71.4513,67.6591,71.0292,1202300
2007-10-17,71.4183,72.2361,69.3409,70.2971,1017400
2007-10-18,70.1785,71.4843,69.0771,70.8116,818000
2007-10-19,70.9368,71.0688,69.7168,69.9146,666200
2007-10-22,69.8553,69.8553,67.514,69.0111,1025300
2007-10-23,69.6376,72.1899,69.387,71.9986,894400
2007-10-24,71.9921,73.9904,71.1677,73.898,1214100
2007-10-25,79.5369,80.4602,73.8849,76.9978,4146400
2007-10-26,76.081,76.7669,75.1511,75.7777,1256800
2007-10-29,76.2525,76.4042,75.3424,75.9426,883900
2007-10-30,75.9425,78.4817,74.485,75.2435,778600
2007-10-31,75.2435,75.9953,74.1949,75.9689,880600
2007-11-01,73.41,73.41,67.4019,68.002,4165500
2007-11-02,68.0944,68.5824,66.373,68.3648,3738000
2007-11-05,68.2263,68.6088,67.3359,67.9427,1456700
2007-11-06,68.0284,71.2073,68.0284,71.2073,2114400
2007-11-07,70.8775,71.9393,69.7102,70.3367,1650300
2007-11-08,70.0267,72.7967,69.908,72.5856,1821900
2007-11-09,72.4075,73.8255,70.9632,72.4537,1440700
2007-11-12,72.0119,73.2056,67.4349,68.0284,1437200
2007-11-13,69.908,72.9154,69.1298,72.5659,1592300
2007-11-14,73.4114,73.9662,71.1656,71.2712,1100400
2007-11-15,70.7098,71.3241,69.3887,70.6371,816100
2007-11-16,71.3372,72.7574,70.2672,72.6715,840100
2007-11-19,71.8723,72.0176,69.3557,71.007,1607000
2007-11-20,71.3373,72.2885,70.3465,71.978,1209000
2007-11-21,71.0268,72.6583,70.4191,71.7666,660700
2007-11-23,72.5791,73.1207,69.5869,70.0294,487800
2007-11-26,69.7058,72.3809,69.686,71.2052,952400
2007-11-27,71.7798,72.1761,70.1946,72.1761,941400
2007-11-28,73.1339,77.1896,72.2158,76.8197,1883600
2007-11-29,77.3481,77.3481,73.3783,74.9371,1565300
2007-11-30,75.7959,75.961,72.797,74.204,1219800
2007-12-03,74.3096,79.191,73.9133,78.5502,1971600
2007-12-04,78.9466,80.8951,78.0152,79.5939,2005200
2007-12-05,80.162,80.3932,78.2398,79.4552,1033600
2007-12-06,79.5477,81.6415,78.1539,81.2584,928300
2007-12-07,81.6019,82.8371,80.479,81.8001,1014700
2007-12-10,82.4804,82.6588,80.1422,82.0577,918900
2007-12-11,82.9164,82.9164,78.8475,78.8475,1329800
2007-12-12,81.2056,81.2056,77.4868,77.8105,1536800
2007-12-13,77.5,78.6031,76.278,77.1301,897000
2007-12-14,77.0905,77.0905,75.71,76.3507,1069200
2007-12-17,75.5647,79.4023,75.5647,78.3917,1536800
2007-12-18,78.3521,79.4089,75.9676,77.2952,1405100
2007-12-19,77.6651,77.6717,76.5885,77.282,862600
2007-12-20,78.3587,79.7458,77.183,78.9334,1305800
2007-12-21,79.8713,79.8977,78.3323,78.4248,1164800
2007-12-24,79.3296,79.3296,77.7708,78.0284,426800
2007-12-26,78.9465,78.9465,77.1037,78.6889,744900
2007-12-27,78.689,79.2438,77.1103,77.4802,890700
2007-12-28,78.4314,79.1976,77.7774,78.6229,723800
2007-12-31,77.9822,78.438,76.7404,76.8923,644000
2008-01-02,77.6519,81.232,76.1195,80.6507,2022200
2008-01-03,82.2294,82.8636,79.409,82.0577,2423600
2008-01-04,80.8423,81.5755,79.5278,79.9242,1199000
2008-01-07,81.549,83.8411,79.9241,83.174,2059900
2008-01-08,83.3193,86.9522,83.3193,84.0327,1911100
2008-01-09,84.0855,86.8663,82.4078,84.9376,2868700
2008-01-10,85.1291,85.1291,82.6852,83.9534,810500
2008-01-11,82.7975,86.1992,82.7975,85.4396,1034700
2008-01-14,86.7673,88.6828,86.5295,87.8505,1635900
2008-01-15,88.1478,89.1716,83.6165,84.0261,1601800
2008-01-16,82.9824,83.5571,77.9624,78.4248,2689800
2008-01-17,77.3151,77.9426,72.6583,73.1735,3307400
2008-01-18,72.9952,74.4417,69.567,72.077,2290300
2008-01-22,65.7228,71.575,64.8641,70.1549,2432400
2008-01-23,69.6331,70.6041,67.2948,69.5472,2618300
2008-01-24,72.6781,75.0164,71.7138,74.0851,1700500
2008-01-25,75.7827,77.8567,74.1115,74.5673,1717000
2008-01-28,74.706,77.9558,74.6267,77.4934,1782500
2008-01-29,78.4181,78.7682,75.8751,76.0336,1021500
2008-01-30,76.4233,80.6969,74.6861,78.9597,1963000
2008-01-31,78.6758,79.6401,76.2913,77.3019,1756600
2008-02-01,78.1209,82.8371,78.1209,82.6918,1770700
2008-02-04,83.1608,83.1608,80.7168,80.9876,1065000
2008-02-05,79.9506,81.9058,79.2967,80.1488,1268000
2008-02-06,81.232,82.8173,79.9572,81.6283,1504200
2008-02-07,75.8949,77.282,71.4561,74.4153,4901200
2008-02-08,73.3585,74.957,71.7666,72.1894,1690300
2008-02-11,73.0018,76.2384,72.5989,76.1393,2200900
2008-02-12,76.1129,78.3521,74.4616,75.023,1817200
2008-02-13,74.6725,75.4134,69.3208,72.3373,3853600
2008-02-14,72.3373,74.4541,71.6162,72.0528,1757700
2008-02-15,72.4695,73.4287,71.173,73.2171,1446400
2008-02-19,74.2887,75.4001,73.3031,74.3747,1480700
2008-02-20,73.2568,74.9039,72.1983,74.5732,1043800
2008-02-21,75.5059,76.6768,72.8334,73.8323,1484000
2008-02-22,74.5534,74.5534,70.9745,72.6283,1673900
2008-02-25,72.238,74.4872,71.9337,74.2887,1790600
2008-02-26,73.7198,75.1487,73.3626,73.9315,1613600
2008-02-27,73.4883,73.7066,72.0792,72.8797,2137000
2008-02-28,72.8135,76.0748,72.4431,73.9778,1694900
2008-02-29,73.0649,74.5467,71.9734,73.3229,1414800
2008-03-03,69.1223,73.7198,67.7066,73.5941,5599600
2008-03-04,73.098,76.0484,71.173,72.2843,2764700
2008-03-05,72.926,74.5203,71.6625,73.8058,1569800
2008-03-06,74.077,74.7518,71.2987,71.603,1586500
2008-03-07,70.7827,73.0252,69.7705,70.3196,2456400
2008-03-10,70.0219,70.2601,62.7849,63.506,4028200
2008-03-11,65.8213,66.6415,64.0352,64.5842,3255500
2008-03-12,64.7893,65.3185,61.7794,62.8113,4095600
2008-03-13,60.3505,61.8455,57.3274,60.8599,7765900
2008-03-14,62.1234,63.3273,60.6482,62.302,3955600
2008-03-17,60.0462,61.9051,58.2204,59.7353,4809900
2008-03-18,61.27,63.5854,59.2127,63.1686,3663300
2008-03-19,64.7893,66.5886,60.41,60.754,5086300
2008-03-20,60.0197,60.8599,56.5203,59.5104,5471000
2008-03-24,59.9734,62.7386,59.8279,62.6195,2332800
2008-03-25,64.8158,65.4905,63.8235,64.2006,2725300
2008-03-26,64.7827,65.7882,62.6327,62.9437,2520100
2008-03-27,62.1432,63.506,60.4233,61.6339,2902300
2008-03-28,62.4475,62.4475,58.3064,59.0671,2970900
2008-03-31,58.8753,59.8411,56.0903,57.4729,3617000
2008-04-01,58.6835,59.3781,57.1157,58.3329,3961100
2008-04-02,58.2138,59.2392,57.592,58.1609,2614500
2008-04-03,57.5655,63.7705,57.4332,61.2634,4570500
2008-04-04,62.5534,64.0484,60.8599,63.764,3714200
2008-04-07,63.9359,69.4398,63.9359,68.0506,4776100
2008-04-08,67.1443,69.281,67.0517,68.2094,2202300
2008-04-09,69.1222,69.4199,66.3306,66.9789,3332300
2008-04-10,68.1829,69.4332,66.4828,69.4067,1897100
2008-04-11,68.7915,69.2943,67.7397,68.3814,1801000
2008-04-14,68.1366,72.7606,68.1366,72.3836,2599100
2008-04-15,72.8863,73.9381,71.1068,71.8279,1882300
2008-04-16,73.8257,81.1818,73.184,79.6074,4882300
2008-04-17,78.2512,79.3824,75.9425,77.3979,3278200
2008-04-18,77.2325,78.9789,76.2932,77.4905,3089500
2008-04-21,77.9602,79.2832,76.2998,78.7209,2623300
2008-04-22,79.3758,79.3758,77.2788,78.1785,2527000
2008-04-23,78.8003,79.3824,77.4773,79.1774,3006600
2008-04-24,80.0439,81.658,73.4618,79.7529,6201700
2008-04-25,80.2821,81.7507,77.55,81.5522,2530300
2008-04-28,81.3538,81.3538,78.1057,78.5291,2286200
2008-04-29,77.464,78.2645,74.0307,74.7518,2815400
2008-04-30,74.679,76.9018,73.9646,75.4729,3013400
2008-05-01,75.4067,75.4067,70.4982,73.1708,2690200
2008-05-02,74.7518,74.7915,71.378,73.6404,1904100
2008-05-05,74.044,77.1465,73.9117,76.6768,2233200
2008-05-06,77.0605,77.9337,75.195,76.2336,1686000
2008-05-07,76.5379,78.0594,75.8499,77.431,2604000
2008-05-08,78.7738,78.7738,76.2204,78.5489,1407100
2008-05-09,78.324,79.7132,77.9866,79.4287,1614600
2008-05-12,79.0914,80.851,78.238,80.1167,2139300
2008-05-13,79.3957,79.7132,75.3075,77.2193,3266200
2008-05-14,76.9547,79.0054,75.2479,76.3328,2753300
2008-05-15,76.9225,78.1481,76.3328,77.7307,1464100
2008-05-16,78.8172,82.7723,78.2408,82.4676,3109700
2008-05-19,82.3947,84.3027,80.2946,81.2419,2392500
2008-05-20,81.7454,81.7521,79.1882,81.0498,1510900
2008-05-21,81.7255,81.7255,78.0553,78.4661,1763600
2008-05-22,78.0487,79.738,77.512,78.1414,1113800
2008-05-23,78.1215,79.0358,76.7568,77.5253,1575400
2008-05-27,77.1477,77.9957,75.8625,77.5585,994600
2008-05-28,77.4922,78.4926,76.5581,78.1083,1874300
2008-05-29,77.8831,79.3671,77.8831,78.4064,2232700
2008-05-30,78.3468,79.8639,78.1613,79.0822,1287900
2008-06-02,79.6321,80.7119,78.7377,79.5989,1434300
2008-06-03,82.2026,82.7127,79.7712,80.5397,2145000
2008-06-04,80.3012,82.7922,78.645,79.7579,1933500
2008-06-05,79.7712,81.1492,78.4727,81.1492,1654000
2008-06-06,81.1028,81.1028,78.1282,78.3534,1076900
2008-06-09,79.4664,82.1363,79.3472,80.9239,2056600
2008-06-10,80.4204,81.3479,79.6652,80.7782,1420300
2008-06-11,81.7918,82.1098,79.5459,81.0896,3268700
2008-06-12,80.957,81.7719,75.9486,79.3472,3315700
2008-06-13,79.1352,79.8242,76.8496,78.0752,2393500
2008-06-16,78.0752,80.9769,77.7704,80.6987,2213500
2008-06-17,81.4076,82.1496,79.7778,81.3148,1632400
2008-06-18,81.2817,81.3612,78.1746,79.4068,1565300
2008-06-19,80.1355,81.0564,78.2673,80.215,1972100
2008-06-20,79.8706,81.4871,79.1021,80.9372,1748100
2008-06-23,83.5209,84.561,70.4035,73.3383,19111600
2008-06-24,74.9615,75.4385,71.9074,72.6957,5201000
2008-06-25,72.6891,74.0141,70.3041,71.2184,3238900
2008-06-26,70.5757,72.179,69.6217,70.0987,2200900
2008-06-27,69.3965,71.0792,69.3832,69.9066,1695000
2008-06-30,71.5032,72.338,70.4565,71.3442,2671300
2008-07-01,70.0192,70.2246,67.7668,69.5886,2382100
2008-07-02,68.4094,70.4698,66.3093,66.7134,2209900
2008-07-03,66.2563,66.9055,61.9765,64.3483,3140100
2008-07-07,64.759,66.5213,64.6066,65.6666,3041600
2008-07-08,66.5279,67.0777,64.5271,66.667,3294400
2008-07-09,66.9784,69.2309,66.5875,66.7465,2632500
2008-07-10,67.7071,67.8992,65.6534,66.6008,1707000
2008-07-11,65.7329,65.9316,62.9372,63.6792,2977100
2008-07-14,65.1764,65.2029,63.2618,64.229,1425800
2008-07-15,64.3152,65.5872,63.3082,64.5603,1959500
2008-07-16,64.8584,66.3623,63.5533,66.3623,2077400
2008-07-17,66.8657,67.5746,65.3354,66.8525,1963700
2008-07-18,66.8724,67.2964,64.7855,65.448,1360500
2008-07-21,65.6534,66.2828,62.639,65.501,2530900
2008-07-22,65.5805,66.1834,64.7723,65.6136,1465500
2008-07-23,65.6335,65.978,64.2621,65.7991,2433900
2008-07-24,69.0718,70.6685,63.54,64.3085,6594500
2008-07-25,66.0774,67.4885,63.9044,66.7863,2268700
2008-07-28,66.0641,67.2434,65.3486,65.9383,1586900
2008-07-29,66.2496,66.4219,63.4738,64.5271,1957900
2008-07-30,64.9909,67.8992,64.9909,67.5084,1797800
2008-07-31,68.1576,68.1576,64.9246,65.5341,1326900
2008-08-01,66.4153,66.4153,63.7586,65.0439,2333100
2008-08-04,64.7127,64.8717,61.473,61.9633,2594400
2008-08-05,61.5327,61.9103,58.7966,60.6184,3931200
2008-08-06,60.943,62.3475,59.6512,61.8639,2453300
2008-08-07,62.2084,62.2084,60.7443,61.6851,1564600
2008-08-08,61.2147,62.1819,60.3402,61.6652,1932400
2008-08-11,61.6122,61.6188,59.883,60.1878,2490400
2008-08-12,60.4528,63.1757,60.3137,62.6125,2028700
2008-08-13,62.8183,65.5533,61.8757,64.8563,2246000
2008-08-14,63.7875,64.7501,62.4731,62.513,1761900
2008-08-15,62.6524,62.6524,59.2403,59.924,2506800
2008-08-18,60.3953,61.2517,58.8287,59.466,2048100
2008-08-19,59.9108,61.7296,59.1805,61.1853,1660100
2008-08-20,61.7362,62.3802,60.8268,61.5371,1080400
2008-08-21,60.86,61.7362,60.7471,61.2317,1630500
2008-08-22,60.8135,61.1322,59.7514,60.694,1725600
2008-08-25,60.6542,60.6542,58.8951,59.3,1137600
2008-08-26,59.9904,60.1431,59.3598,59.8842,1393000
2008-08-27,60.5348,61.0592,60.1365,60.5148,899900
2008-08-28,60.7804,61.099,59.1142,60.1962,1508400
2008-08-29,59.9638,60.7339,59.2469,59.3199,1000600
2008-09-02,58.3906,59.0345,55.7618,56.4323,2104000
2008-09-03,55.6489,57.521,55.0316,55.556,2833100
2008-09-04,55.078,56.6845,53.2525,53.3454,2764600
2008-09-05,53.1065,54.932,52.2368,54.7594,3159600
2008-09-08,55.5959,56.3925,52.6086,53.0733,1810100
2008-09-09,52.987,52.987,46.5744,47.3909,5835500
2008-09-10,47.4705,49.8935,46.7602,48.4928,4435400
2008-09-11,47.7958,47.8688,46.5279,47.6896,4789100
2008-09-12,47.6697,50.6569,47.2515,50.3582,3844200
2008-09-15,48.4729,49.2629,47.059,47.2515,1676900
2008-09-16,46.3354,48.38,44.7024,47.9684,4348600
2008-09-17,47.8489,48.453,46.6673,47.4573,3084600
2008-09-18,48.1012,48.5792,44.8484,46.3155,3516000
2008-09-19,48.3269,48.7916,46.2358,48.4265,4062000
2008-09-22,49.2231,49.4554,46.8532,48.4198,2380600
2008-09-23,48.0547,50.4511,47.444,48.2671,2831200
2008-09-24,49.3558,50.3184,48.1344,49.3558,1632000
2008-09-25,49.0637,50.1192,48.5924,48.7119,1669000
2008-09-26,47.3112,48.2539,46.1031,46.3819,2284300
2008-09-29,46.1495,46.1495,39.0532,39.8962,4542600
2008-09-30,41.0579,43.0096,39.8299,41.9408,2715400
2008-10-01,42.4852,43.315,41.4164,41.8214,2512700
2008-10-02,38.8341,39.166,31.1801,33.2978,7691300
2008-10-03,33.8952,36.9024,32.6937,33.3973,3712800
2008-10-06,31.7776,32.0896,27.2171,31.1204,4469000
2008-10-07,32.4613,32.7999,27.8809,29.0891,3323400
2008-10-08,27.2171,31.4125,25.896,28.7306,5071900
2008-10-09,29.0426,31.5851,26.4736,28.4584,2681000
2008-10-10,26.5599,28.5447,23.2407,26.0222,3781400
2008-10-13,28.392,31.4656,27.9937,30.3968,2789900
2008-10-14,31.917,32.4016,29.6135,30.2707,2904400
2008-10-15,29.4675,29.4675,25.7699,26.0554,3430000
2008-10-16,27.1706,27.3432,24.5617,25.4646,4310200
2008-10-17,25.1127,29.0293,23.566,28.1863,5416700
2008-10-20,29.1555,31.678,28.6775,29.5471,2452600
2008-10-21,29.5338,29.6334,26.9183,27.1971,2358800
2008-10-22,26.8586,26.8586,22.3777,23.4,4739300
2008-10-23,24.6215,26.4205,22.7097,25.2189,7908600
2008-10-24,22.0525,24.1303,21.9131,22.9818,3838500
2008-10-27,22.9022,22.9022,20.5788,20.5788,3732800
2008-10-28,22.2317,22.5702,18.3217,19.9083,5895400
2008-10-29,20.5655,23.2341,20.2468,22.4441,5512500
2008-10-30,23.2274,25.1791,22.7097,23.8183,4173400
2008-10-31,24.3825,27.0511,23.1345,25.4977,4302500
2008-11-03,25.9226,27.8743,25.4911,27.695,3523200
2008-11-04,29.8658,31.2996,29.6334,30.0782,3618100
2008-11-05,30.7818,30.8615,29.2086,29.3148,2915800
2008-11-06,28.1,29.8989,27.0179,27.2171,3908600
2008-11-07,27.8743,29.3546,27.2303,29.3546,2274600
2008-11-10,31.5253,31.5253,28.2062,29.3546,2599500
2008-11-11,28.0668,29.2086,27.3167,28.8767,2387300
2008-11-12,27.8743,28.7306,26.1881,26.4404,3037400
2008-11-13,27.0113,27.1108,22.8557,27.0046,5335700
2008-11-14,27.2781,27.6516,25.2906,25.8108,2795900
2008-11-17,24.8971,27.4382,24.8971,25.9442,2024400
2008-11-18,26.0843,27.6382,25.1839,26.3577,3550300
2008-11-19,25.7908,27.2848,24.5303,24.617,3074500
2008-11-20,23.6299,24.7437,21.3423,21.8491,4207300
2008-11-21,22.3894,23.6766,20.6086,23.6766,3054100
2008-11-24,24.0234,26.6778,23.8033,25.5374,2772100
2008-11-25,25.3373,26.6712,24.8637,25.1572,3324200
2008-11-26,25.0038,26.9313,24.0234,26.8779,3849000
2008-11-28,26.998,28.3452,26.331,28.3185,1274600
2008-12-01,27.3515,27.3515,24.677,25.4707,2696100
2008-12-02,26.4778,26.4778,24.0968,25.2906,3151200
2008-12-03,25.1839,25.6641,24.4236,25.0171,2427700
2008-12-04,24.6436,26.2643,24.6036,24.8704,2331900
2008-12-05,23.99,25.9509,21.8958,25.9509,4143500
2008-12-08,26.6778,27.6249,26.0576,27.5715,2424700
2008-12-09,28.0117,29.4123,27.0913,27.945,2366500
2008-12-10,28.3586,29.9325,28.2985,29.7391,1781100
2008-12-11,29.0922,31.3064,28.0784,28.5453,2669400
2008-12-12,27.1781,28.5119,26.7045,28.2518,2208000
2008-12-15,28.2051,30.1326,27.6649,27.965,2619500
2008-12-16,28.5986,32.0134,28.5986,31.78,2855600
2008-12-17,31.4665,32.5003,30.9063,31.8467,1919500
2008-12-18,32.0668,33.3339,30.4527,30.8262,1961200
2008-12-19,30.2393,31.3465,29.479,30.4728,1529800
2008-12-22,30.0859,30.6795,29.0922,29.539,1453900
2008-12-23,30.1526,31.2798,29.9325,30.5928,1361300
2008-12-24,30.6795,30.8462,29.8191,30.5728,544800
2008-12-26,30.7262,32.2402,30.6261,32.0601,619300
2008-12-29,32.4136,33.3473,31.4932,33.1005,1463600
2008-12-30,33.314,33.7275,32.687,33.4007,1670800
2008-12-31,33.3139,35.2281,33.3139,34.5278,1549100
2009-01-02,34.1676,35.5415,34.0809,35.4615,986800
2009-01-05,35.3815,37.9159,35.3415,36.5086,2341100
2009-01-06,37.5891,37.7958,36.3686,37.1689,2407200
2009-01-07,37.3423,38.276,35.735,36.3419,2363700
2009-01-08,36.0151,36.0151,34.2143,34.5278,2147100
2009-01-09,34.4277,35.068,33.1472,34.2944,1709200
2009-01-12,33.8475,33.8475,31.4465,32.2202,1935400
2009-01-13,32.1134,32.9671,31.6399,32.1268,1704500
2009-01-14,28.9455,28.9455,25.8442,27.7516,7175500
2009-01-15,27.6783,28.0384,26.1843,27.7516,2338500
2009-01-16,28.6587,30.1126,27.765,29.2322,3032400
2009-01-20,28.672,29.6591,27.9183,28.0784,1745500
2009-01-21,28.5986,29.9325,27.7049,29.6791,2838300
2009-01-22,29.359,30.5928,28.6386,29.8725,2704700
2009-01-23,29.6257,30.9663,29.0655,30.8663,2249600
2009-01-26,31.0797,31.4398,29.8792,29.9792,2375600
2009-01-27,29.8458,30.6862,29.8058,30.2793,1581500
2009-01-28,31.3331,31.3598,30.3127,31.033,1741700
2009-01-29,30.6929,30.8396,29.7658,30.366,1633000
2009-01-30,30.5461,31.1664,28.4853,28.6387,1610300
2009-02-02,28.2918,28.9788,27.9117,28.2051,1749600
2009-02-03,28.0251,28.4453,27.5716,28.0317,1918900
2009-02-04,28.2585,28.7053,28.0117,28.4052,2237000
2009-02-05,28.1385,33.1672,28.0451,32.7271,5014400
2009-02-06,32.8471,34.6212,32.3669,33.314,2830300
2009-02-09,33.2339,35.4748,33.1005,34.5945,2510800
2009-02-10,34.4478,35.8417,33.0872,33.2873,2196800
2009-02-11,33.468,34.0371,32.2362,33.5618,2465400
2009-02-12,33.2404,34.2714,32.4303,34.1174,1675900
2009-02-13,34.1174,35.269,34.0304,34.6597,1136400
2009-02-17,34.0103,34.0103,31.801,32.1625,2539600
2009-02-18,32.1625,32.9659,31.7809,32.6646,1630100
2009-02-19,32.8454,33.5484,32.1357,32.2027,2155900
2009-02-20,31.3123,32.7249,31.0512,32.1558,2156500
2009-02-23,32.4571,32.4571,31.2453,31.5734,2210000
2009-02-24,31.6537,32.4571,31.1181,32.3768,1688400
2009-02-25,32.5642,33.1467,31.7943,32.2161,1669200
2009-02-26,32.4571,33.0663,31.0378,31.0512,1833500
2009-02-27,30.944,32.35,30.4084,31.3859,1734100
2009-03-02,31.0713,31.0713,28.4401,28.5071,1908200
2009-03-03,28.7079,30.0536,28.3464,29.7858,2261600
2009-03-04,30.1005,31.8077,30.0469,31.4729,2018600
2009-03-05,30.6093,32.283,29.7256,31.319,2759200
2009-03-06,31.2453,33.2806,31.1382,32.0554,2050000
2009-03-09,32.0286,33.3743,31.6671,32.1893,2077500
2009-03-10,33.2739,34.4388,32.9726,34.3719,1748500
2009-03-11,34.5995,34.8137,33.4145,33.622,1754000
2009-03-12,33.1467,34.6263,33.14,34.4723,1945900
2009-03-13,34.6463,35.1016,34.0036,34.9811,1328800
2009-03-16,35.048,37.5921,34.8137,36.8557,2006700
2009-03-17,36.7619,37.8131,36.3469,37.3846,1565700
2009-03-18,36.7887,38.2951,36.7887,37.3511,1843300
2009-03-19,37.5453,38.8039,37.4984,38.4089,1842200
2009-03-20,38.5428,38.8307,37.5319,37.7997,1739600
2009-03-23,38.8307,40.1429,38.7838,39.4734,1572900
2009-03-24,38.7704,40.7053,38.4959,39.3998,1675600
2009-03-25,39.5738,40.3103,38.2081,39.2926,1405000
2009-03-26,39.5002,40.4576,39.3797,39.7211,1882900
2009-03-27,39.3797,40.163,38.4959,39.5671,1315100
2009-03-30,38.0742,38.6098,36.3067,36.8892,2006900
2009-03-31,37.4582,38.5294,37.1971,37.9269,1460400
2009-04-01,37.5051,38.8976,36.8758,38.7905,1091500
2009-04-02,39.5738,40.1027,38.7838,38.9646,1542300
2009-04-03,39.1119,39.7278,38.9244,39.5136,1266300
2009-04-06,39.3797,39.6876,37.9871,38.9043,1962700
2009-04-07,37.793,38.8441,37.1369,37.3511,1778100
2009-04-08,37.5118,37.9737,37.0164,37.4047,2167900
2009-04-09,38.6499,38.9177,37.4247,38.2415,1448900
2009-04-13,38.3554,38.8508,37.8398,38.3085,1717100
2009-04-14,38.1612,39.2391,37.1034,37.4984,1986600
2009-04-15,37.1636,38.3219,36.9963,37.4381,1662600
2009-04-16,37.5453,38.8776,37.1369,38.583,1570400
2009-04-17,38.8842,39.0918,38.121,38.3821,1178200
2009-04-20,37.7193,38.0741,35.9518,36.1996,1370900
2009-04-21,35.8514,36.4875,35.5368,36.059,2285400
2009-04-22,35.6305,37.2306,35.6305,36.4875,2279400
2009-04-23,33.6756,33.863,31.2386,31.7742,8782200
2009-04-24,31.7407,32.5508,31.3993,32.1893,3814500
2009-04-27,31.5667,31.5733,30.9306,31.2855,2471500
2009-04-28,31.0846,31.4194,30.6762,31.185,2021200
2009-04-29,31.2989,32.0353,31.2118,31.7474,2419800
2009-04-30,31.9215,32.7383,31.6604,32.1424,3272200
2009-05-01,32.1291,32.9726,31.7809,32.6981,2244700
2009-05-04,32.8253,33.9367,32.8253,33.8496,2371000
2009-05-05,33.7358,34.1174,32.5441,33.073,1925600
2009-05-06,33.2605,34.2647,33.2605,33.9501,1830800
2009-05-07,34.0438,35.2757,34.0438,34.6397,2199300
2009-05-08,34.874,37.3846,34.874,37.0632,2682700
2009-05-11,36.8222,37.0297,36.1527,36.4942,2084700
2009-05-12,36.8423,38.6499,36.5879,37.9536,2823200
2009-05-13,37.7595,38.1344,36.9695,37.0833,2416100
2009-05-14,37.1235,37.8331,36.4339,37.6658,1608600
2009-05-15,37.5314,38.4316,36.9268,37.3635,1471100
2009-05-18,37.6725,38.8682,37.3635,38.7809,1764100
2009-05-19,38.7809,39.7214,38.5592,39.4392,1553100
2009-05-20,39.6878,41.2395,39.5131,40.5678,3149900
2009-05-21,40.0505,40.3192,39.016,39.8692,1883600
2009-05-22,40.3327,42.751,40.2386,41.8912,2637200
2009-05-26,41.3941,41.8912,40.6753,41.4679,2027100
2009-05-27,41.515,41.5418,40.682,41.0246,2057800
2009-05-28,41.1657,41.656,40.6551,41.1186,1630600
2009-05-29,41.4478,42.5092,41.3134,42.5025,1423600
2009-06-01,42.7779,44.632,42.7779,44.0139,2385200
2009-06-02,44.2558,46.8018,44.0005,45.606,2684100
2009-06-03,45.3978,45.3978,42.4622,43.0667,2133400
2009-06-04,43.1675,44.1684,42.039,43.9266,1531800
2009-06-05,44.3565,44.5379,42.6503,43.1541,1521900
2009-06-08,42.8451,42.9055,41.5486,42.4286,1228600
2009-06-09,42.9122,44.37,42.8249,43.94,1517000
2009-06-10,44.0542,45.0081,43.8997,44.5379,1553500
2009-06-11,44.5984,45.0619,44.1684,44.7865,1274800
2009-06-12,44.4842,45.4649,43.94,44.6051,1224900
2009-06-15,43.6915,44.0274,42.1397,42.8182,1538800
2009-06-16,42.9122,43.2817,41.4612,41.6762,1467500
2009-06-17,41.2463,41.2463,39.4325,40.1647,2633200
2009-06-18,40.3058,41.5754,39.7818,40.6954,1902900
2009-06-19,40.8029,41.8844,40.7021,40.8902,1436600
2009-06-22,40.0438,40.5879,38.8951,38.9152,1589400
2009-06-23,38.9152,39.8692,38.6801,39.7012,1366300
2009-06-24,40.0908,41.777,39.9766,41.0179,1798300
2009-06-25,40.7223,41.1925,39.8423,40.991,1447800
2009-06-26,40.7223,41.7904,39.7818,41.5418,1708400
2009-06-29,41.4814,41.8105,40.7088,41.5418,1339900
2009-06-30,41.2597,41.6359,40.0774,40.4737,1715400
2009-07-01,40.8096,41.7299,40.8096,41.3739,1478500
2009-07-02,40.8499,40.991,39.849,40.3528,1061900
2009-07-06,39.634,39.9162,38.9287,39.6072,1079900
2009-07-07,39.3653,39.6206,37.4978,37.6725,1858800
2009-07-08,37.8068,37.8068,36.2685,36.5708,1805600
2009-07-09,36.7052,37.8875,36.7052,37.4844,866800
2009-07-10,37.2291,38.66,37.0746,37.9479,1516100
2009-07-13,37.7195,39.8154,37.5717,39.7549,1979100
2009-07-14,39.4661,40.4939,39.4661,40.3864,1290000
2009-07-15,40.7626,42.966,40.5275,42.6905,2186900
2009-07-16,42.5898,43.9132,42.5898,43.6982,1471000
2009-07-17,43.6646,44.1953,43.4228,43.631,1554200
2009-07-20,43.9871,45.0686,43.7116,44.2423,1364300
2009-07-21,44.5446,45.035,43.3086,44.1819,1024000
2009-07-22,43.5773,44.0139,42.2674,43.9602,1455400
2009-07-23,43.6848,46.4994,43.1608,45.3642,2670300
2009-07-24,45.0216,47.1846,45.0216,47.0637,1619200
2009-07-27,46.7883,47.6347,46.4256,47.3929,1867400
2009-07-28,47.1779,47.9706,46.3517,47.5474,1781200
2009-07-29,47.1712,47.1712,45.2836,45.4649,1097000
2009-07-30,45.9352,46.9966,45.9352,46.6473,1277700
2009-07-31,46.3517,47.3593,46.0494,47.0033,959200
2009-08-03,47.4802,48.367,47.0234,48.2393,1248600
2009-08-04,47.6952,48.2863,46.9159,48.246,1340600
2009-08-05,48.367,48.5618,46.9294,48.0647,736500
2009-08-06,48.1453,49.0253,48.1184,48.6424,1072400
2009-08-07,49.0118,49.0118,47.7288,48.2796,1412500
2009-08-10,48.1587,48.3334,47.3795,47.5877,715800
2009-08-11,45.4314,45.6866,44.2356,44.3633,2894200
2009-08-12,44.1819,45.297,44.0878,44.7865,2406900
2009-08-13,44.3969,45.0082,43.799,44.3565,8542200
2009-08-14,44.5379,45.0283,44.2087,45.0283,2608700
2009-08-17,44.5431,44.5431,41.9756,42.4002,2354100
2009-08-18,42.5889,43.566,42.5889,43.3301,1874100
2009-08-19,42.9325,43.9434,42.1374,43.8827,1676300
2009-08-20,43.9905,44.4757,43.8019,44.2331,1135100
2009-08-21,44.4488,44.8126,44.2196,44.6779,1214100
2009-08-24,44.5296,46.0189,44.3948,45.2776,1503300
2009-08-25,45.3383,46.2278,44.6374,45.0283,1605800
2009-08-26,44.5633,45.8504,44.5633,45.2911,1554100
2009-08-27,45.3113,46.6321,44.2533,46.2211,2432200
2009-08-28,46.531,47.1038,45.6954,46.3289,2089400
2009-08-31,45.783,45.9852,44.752,45.1563,2045600
2009-09-01,44.8059,46.0526,43.8018,43.9164,1533700
2009-09-02,43.6334,44.4218,43.3234,43.8221,1434700
2009-09-03,43.9905,44.442,43.6334,44.2264,890100
2009-09-04,44.5161,44.725,43.7479,44.6037,1422600
2009-09-08,44.8194,46.0998,44.8194,45.5876,1484800
2009-09-09,45.5674,45.7898,44.7857,45.1698,1038200
2009-09-10,45.0283,45.2776,43.9029,44.8868,1912200
2009-09-11,45.1092,45.4865,43.977,44.2196,1210900
2009-09-14,43.8018,43.8018,42.535,43.1078,1734600
2009-09-15,43.4514,43.9231,42.3867,43.411,2170300
2009-09-16,43.8018,44.0309,42.946,43.2964,2062000
2009-09-17,43.4514,43.7075,42.3058,42.6563,2171900
2009-09-18,42.6226,42.9393,42.0363,42.1171,1448500
2009-09-21,41.7937,42.535,40.7761,42.3261,2099300
2009-09-22,42.6226,43.0875,42.3395,42.7439,898500
2009-09-23,42.9123,42.9123,41.9554,42.0161,906100
2009-09-24,42.1171,42.2789,40.2977,40.9985,1758900
2009-09-25,40.7155,41.4096,40.4662,41.1535,1461100
2009-09-28,41.0659,41.1602,39.9271,41.1131,2643700
2009-09-29,41.0322,41.8139,40.3786,41.6993,1650000
2009-09-30,41.6859,42.4204,41.6589,42.1913,1591600
2009-10-01,42.2452,42.6024,41.0053,41.0794,1474200
2009-10-02,40.8368,41.6994,40.4796,41.4433,5058100
2009-10-05,41.4433,41.7061,40.574,41.3422,1163300
2009-10-06,41.6791,42.5484,41.322,41.4568,1458000
2009-10-07,41.2344,42.0632,41.2344,41.6993,907400
2009-10-08,41.8341,43.2425,41.8206,43.2021,1589200
2009-10-09,43.2627,43.5727,42.535,43.1347,1016800
2009-10-12,43.1414,43.9703,43.1347,43.3234,805800
2009-10-13,43.4514,43.9366,43.0067,43.6603,1190100
2009-10-14,44.1657,44.4825,43.7412,43.9703,1371400
2009-10-15,43.9366,44.5903,43.8288,44.5566,1385300
2009-10-16,44.1859,45.1698,44.1859,44.7048,1309400
2009-10-19,45.1496,46.4434,44.88,46.1671,1510100
2009-10-20,46.2211,46.2211,44.8531,45.4596,1121500
2009-10-21,45.3046,46.0121,44.8194,45.0822,1223600
2009-10-22,42.7843,43.6603,41.4096,43.5188,4837900
2009-10-23,43.721,43.9366,42.2991,42.818,1884900
2009-10-26,42.5417,43.2425,42.1172,42.1778,1742900
2009-10-27,42.2452,42.6023,41.1063,41.3691,2032900
2009-10-28,41.3355,41.5107,39.4351,40.0012,2859400
2009-10-29,40.3449,40.9177,40.1292,40.7155,1767400
2009-10-30,40.5605,40.5605,37.8313,38.4513,3106500
2009-11-02,38.5995,39.1386,38.047,38.4985,1289200
2009-11-03,37.9054,39.4284,37.737,39.4082,2011300
2009-11-04,39.644,40.0955,39.0982,39.2397,1482600
2009-11-05,39.5834,39.826,39.051,39.7182,1041900
2009-11-06,39.5295,39.8799,38.2963,38.485,3018300
2009-11-09,38.768,39.5901,38.768,39.0847,1634500
2009-11-10,38.9432,39.7114,38.8893,39.4554,2702400
2009-11-11,39.6777,40.0955,39.0443,39.2802,1233900
2009-11-12,39.4216,39.8462,38.4108,38.5254,1477300
2009-11-13,38.4648,39.3947,38.2491,39.2667,1328200
2009-11-16,39.5507,40.5314,39.2329,39.8889,2476300
2009-11-17,39.8889,40.2135,39.5304,39.828,2275100
2009-11-18,40.0918,42.4859,39.97,42.3371,5259700
2009-11-19,41.8502,42.8849,41.5797,42.8849,2745400
2009-11-20,42.797,43.0134,41.4985,42.8173,2814100
2009-11-23,43.3313,43.5883,42.7497,43.0675,1327500
2009-11-24,43.0337,43.2434,41.884,42.3912,1948600
2009-11-25,42.6077,43.2096,42.4724,42.6212,970400
2009-11-27,41.6743,42.3371,41.4038,41.8028,514600
2009-11-30,41.7893,42.3371,41.3226,41.8637,966200
2009-12-01,42.3168,43.9535,42.283,43.6086,2156300
2009-12-02,43.568,44.6636,43.284,43.8724,1337900
2009-12-03,44.0888,44.8462,43.8318,43.8926,1451600
2009-12-04,44.2443,45.0965,43.6627,44.2308,1286800
2009-12-07,44.2984,44.7989,43.9873,44.0144,1044300
2009-12-08,43.8182,44.2646,42.283,42.77,2450700
2009-12-09,42.6753,43.0473,41.6067,42.9188,2276800
2009-12-10,43.0675,43.0743,41.7961,42.1951,1903700
2009-12-11,42.4994,43.1757,41.9313,42.0936,1590500
2009-12-14,42.2154,42.513,41.2618,41.6473,1999600
2009-12-15,41.7961,43.0134,41.7961,42.6415,1365200
2009-12-16,42.7497,43.4666,42.7497,43.1284,1240500
2009-12-17,42.8173,43.0743,42.3101,42.4318,1923400
2009-12-18,42.5468,42.5468,41.7352,41.8367,1479300
2009-12-21,42.3709,42.9729,41.7893,41.8502,948100
2009-12-22,41.8569,42.6009,41.6946,41.8096,762800
2009-12-23,42.0125,42.2763,41.6946,41.9111,514800
2009-12-24,41.3362,42.6077,41.3294,42.6077,320100
2009-12-28,42.6888,42.9187,42.4791,42.8173,571500
2009-12-29,42.7362,43.7642,42.7362,42.9593,680900
2009-12-30,42.8985,43.4801,42.8443,43.2772,852500
2009-12-31,43.3381,43.7912,43.169,43.169,541400
2010-01-04,43.453,44.1023,43.3584,43.7236,820700
2010-01-05,43.9197,45.4143,43.9197,45.2317,1852700
2010-01-06,45.9148,46.909,45.482,46.6993,3211500
2010-01-07,46.5911,48.1872,46.1921,47.9708,3962900
2010-01-08,47.7814,48.2751,47.7814,48.2143,1828300
2010-01-11,48.478,49.2017,47.3554,47.5312,1934400
2010-01-12,46.9766,47.0645,45.7931,46.4018,1513800
2010-01-13,46.2936,46.5438,45.2791,46.0771,1388400
2010-01-14,45.7796,46.6317,44.7516,46.0366,1036600
2010-01-15,48.0181,50.0741,46.8075,47.2404,3176000
2010-01-19,47.3621,47.4703,45.9148,46.6655,1797400
2010-01-20,46.0163,46.422,45.3535,45.8201,1362000
2010-01-21,45.8066,45.9689,43.1622,43.3381,2629700
2010-01-22,43.3786,43.8791,42.4791,42.5265,1294900
2010-01-25,42.797,43.2028,42.3033,42.3845,1864900
2010-01-26,42.3574,42.6009,41.9313,41.9449,1152700
2010-01-27,42.8241,42.9458,41.1401,41.5864,2353900
2010-01-28,41.9246,41.9854,40.3352,40.626,2081600
2010-01-29,40.9033,41.3835,39.5913,39.7604,2487800
2010-02-01,40.0647,41.0859,39.8212,40.3555,1432100
2010-02-02,40.5922,41.5458,40.5449,41.5188,1179400
2010-02-03,41.6,41.6202,40.4773,40.9169,1577800
2010-02-04,38.8879,40.0918,38.8879,39.5981,2898900
2010-02-05,39.4763,39.9362,38.773,39.7333,2077300
2010-02-08,39.6116,39.8686,38.4619,38.4822,1635200
2010-02-09,38.7391,39.4087,38.7189,39.1314,1023100
2010-02-10,39.1652,39.3749,38.6512,39.2667,996200
2010-02-11,39.1513,39.9658,38.9408,39.8843,1161900
2010-02-12,39.5653,39.8504,38.9137,39.8165,1235800
2010-02-16,40.2373,40.8142,39.8165,40.5224,1281700
2010-02-17,40.7464,41.5813,40.7057,41.5677,1537100
2010-02-18,41.2962,41.6831,40.9568,41.5473,749900
2010-02-19,41.622,41.8596,41.1944,41.6152,1101500
2010-02-22,41.8663,41.9953,41.3641,41.7442,1030700
2010-02-23,41.6899,41.8663,40.7192,40.8143,1180400
2010-02-24,40.7803,40.8346,39.7961,40.76,1922700
2010-02-25,40.4681,41.0518,40.1015,40.9975,1607900
2010-02-26,40.7396,41.174,40.4409,40.4477,952700
2010-03-01,40.5224,40.9907,40.5224,40.9025,519600
2010-03-02,41.0518,41.9546,40.9975,41.6831,945200
2010-03-03,41.7713,42.1378,41.4862,41.7917,686100
2010-03-04,41.6899,42.1854,40.9568,41.3301,685200
2010-03-05,41.7442,43.0678,41.6356,42.9456,1378500
2010-03-08,43.1017,43.3393,42.1379,42.2193,1132000
2010-03-09,42.1514,42.6334,42.1514,42.3347,493800
2010-03-10,42.2465,42.4908,41.4591,41.9817,657600
2010-03-11,41.6967,41.7442,41.0722,41.3641,867200
2010-03-12,42.4161,42.484,41.1265,41.2962,1092800
2010-03-15,41.0383,41.2215,40.6446,41.0518,585900
2010-03-16,41.1808,41.1808,40.4545,40.7328,852600
2010-03-17,40.7396,41.9546,40.7396,41.8664,1544300
2010-03-18,41.8392,42.4094,41.717,42.0768,1792000
2010-03-19,42.0903,42.1311,41.4659,42.0903,1488700
2010-03-22,41.9885,42.9049,41.5405,42.8709,1096900
2010-03-23,42.9524,44.8122,42.8506,44.3506,2440900
2010-03-24,44.1674,44.1674,43.4072,43.699,967900
2010-03-25,43.9094,44.0045,43.2239,43.2782,880000
2010-03-26,43.3325,43.4818,42.9931,43.3325,805400
2010-03-29,43.4343,43.4818,42.8845,43.1221,1181500
2010-03-30,43.3596,43.4072,42.4772,42.932,1070200
2010-03-31,42.6401,42.7691,41.5745,41.8324,1810200
2010-04-01,42.0293,42.5858,41.8935,41.9817,1043500
2010-04-05,42.2804,42.4569,41.3437,41.4048,1193600
2010-04-06,41.2894,41.6695,40.7939,40.8482,1462100
2010-04-07,40.7667,40.821,40.4545,40.5767,2211100
2010-04-08,40.4681,40.4681,40.0133,40.1966,1620500
2010-04-09,40.5631,41.0518,40.2237,40.9636,1716000
2010-04-12,41.1604,41.8731,40.9704,41.8324,1568900
2010-04-13,41.6084,41.7577,40.5835,40.597,1339900
2010-04-14,40.6921,41.1876,40.5563,41.1808,1092300
2010-04-15,41.0858,41.4659,40.8143,41.0043,1206000
2010-04-16,40.7057,41.2487,40.5563,40.6853,1100000
2010-04-19,40.6785,40.6785,39.8776,40.5495,805300
2010-04-20,40.6106,40.8957,40.4002,40.5427,1150300
2010-04-21,40.726,40.726,39.5517,39.6807,1900900
2010-04-22,39.4296,39.6739,39.2259,39.6671,890900
2010-04-23,39.4771,39.8979,39.2327,39.864,1045800
2010-04-26,39.9319,40.5224,39.3142,39.4024,1319000
2010-04-27,39.3685,39.3685,38.1467,38.2349,1446300
2010-04-28,38.2825,39.1581,38.2825,38.8798,1547800
2010-04-29,38.4997,39.1988,36.2394,36.314,3774100
2010-04-30,36.3616,37.1489,35.6149,35.9407,3507200
2010-05-03,36.2801,36.5516,35.9407,36.3955,1360200
2010-05-04,35.995,36.3073,35.2687,35.5131,1550800
2010-05-05,35.1873,35.3502,34.2709,34.7868,1610800
2010-05-06,34.6578,35.3027,32.6555,34.4542,3016400
2010-05-07,34.3728,34.9904,33.9927,34.9429,2582000
2010-05-10,36.5719,36.5719,34.909,35.228,1966200
2010-05-11,35.2416,35.2891,34.5221,34.78,1122200
2010-05-12,34.8886,37.2847,34.7596,37.1625,2520000
2010-05-13,37.3322,37.3322,34.9972,35.1126,2575100
2010-05-14,34.9565,35.3434,33.9791,34.4338,1437100
2010-05-17,34.7133,35.3608,33.7182,34.4134,1359100
2010-05-18,34.8428,35.872,34.7269,34.7746,1476600
2010-05-19,34.4884,34.5429,33.5341,34.0862,1582600
2010-05-20,33.5069,33.5069,32.614,32.7639,1594300
2010-05-21,32.2391,33.0911,32.1437,32.6072,1853300
2010-05-24,32.7299,33.0502,32.3005,32.3891,1602200
2010-05-25,31.687,32.43,30.9168,32.1642,2392500
2010-05-26,32.539,33.1456,32.1233,32.689,1984800
2010-05-27,33.4387,33.8613,33.132,33.6636,1341000
2010-05-28,33.5137,33.6705,33.1252,33.2342,998200
2010-06-01,32.9275,33.4932,32.8117,32.8117,1015400
2010-06-02,33.1661,33.5478,32.7162,33.5001,907200
2010-06-03,33.4524,33.7591,32.9412,33.4592,660500
2010-06-04,33.0502,34.0317,32.9616,33.1252,1600200
2010-06-07,33.4046,33.4183,32.3209,32.3414,1092700
2010-06-08,32.2051,32.6481,32.0824,32.5527,1089200
2010-06-09,33.5887,35.3744,33.5887,34.2498,3148700
2010-06-10,34.9314,35.7698,34.652,34.7201,1531300
2010-06-11,34.3929,35.722,34.3452,35.5993,1215200
2010-06-14,35.6607,36.0424,35.4153,35.6198,1041800
2010-06-15,35.8175,37.1125,35.6266,37.058,1490500
2010-06-16,36.6967,36.9353,36.1174,36.3491,1076500
2010-06-17,36.2673,36.6149,36.1515,36.54,716500
2010-06-18,36.5263,36.6831,36.1787,36.2878,834600
2010-06-21,36.9557,36.9557,36.4105,36.833,1399200
2010-06-22,36.3968,36.8807,35.947,35.9606,1141100
2010-06-23,35.9265,36.2128,35.5789,35.9333,957900
2010-06-24,36.0151,36.0628,34.8224,34.9519,1370400
2010-06-25,35.02,35.9538,34.9655,35.6403,1248100
2010-06-28,35.4562,35.7902,35.2109,35.4153,672300
2010-06-29,34.7814,34.8496,33.575,33.6636,1360700
2010-06-30,33.4592,34.1612,33.4115,33.5273,1273900
2010-07-01,33.4592,33.984,33.2206,33.9499,1005600
2010-07-02,34.1885,34.4202,33.7114,33.9295,833200
2010-07-06,34.1067,34.7201,33.7863,34.1203,816300
2010-07-07,34.1476,35.5789,34.1476,35.5653,1017900
2010-07-08,36.131,36.3287,35.5517,36.2469,1034900
2010-07-09,36.2673,36.8603,36.1242,36.7649,1021100
2010-07-12,36.7921,37.0239,36.3968,36.5195,925800
2010-07-13,36.7581,37.4192,36.7103,36.7785,1654600
2010-07-14,36.7717,36.8876,36.4582,36.8467,835800
2010-07-15,36.8058,36.9421,36.1992,36.8058,1512500
2010-07-16,36.7853,36.9557,35.3404,35.429,1735200
2010-07-19,35.6743,35.8447,35.279,35.4835,785300
2010-07-20,35.2449,36.4922,35.2449,36.4036,637800
2010-07-21,36.4241,36.8603,36.3559,36.5468,1429800
2010-07-22,37.0375,37.4874,36.5809,36.7717,2350400
2010-07-23,36.7512,37.6578,36.7512,37.5419,1595700
2010-07-26,37.5623,38.4075,37.4737,37.5555,1705100
2010-07-27,37.7327,38.1349,37.5146,38.0531,1432600
2010-07-28,37.9781,38.0667,36.6626,36.7853,1975100
2010-07-29,33.2751,33.2888,31.2372,31.5507,8176000
2010-07-30,31.4689,34.2498,31.4689,33.8409,4411000
2010-08-02,34.2771,35.947,34.2771,35.538,3854900
2010-08-03,35.2518,35.6266,35.0677,35.1495,2033900
2010-08-04,35.095,35.5721,34.9996,35.1768,1537900
2010-08-05,34.9655,37.4396,34.8019,37.1329,3969700
2010-08-06,37.8281,38.0735,36.983,37.9372,3690200
2010-08-09,38.0463,38.169,37.2284,37.4669,1626200
2010-08-10,37.0171,38.3462,37.0171,37.4328,1601500
2010-08-11,36.6763,36.7785,36.1174,36.2673,1553500
2010-08-12,35.5585,37.3511,35.3199,37.0852,1405700
2010-08-13,36.8603,37.3851,36.7376,36.9353,627900
2010-08-16,36.9216,36.9762,36.5468,36.8058,1306600
2010-08-17,37.6546,38.0584,37.0043,37.5177,1462400
2010-08-18,37.6477,37.6956,37.1343,37.4834,954700
2010-08-19,37.4424,37.4424,36.4978,37.0111,1139400
2010-08-20,36.929,36.9906,36.3198,36.7168,675500
2010-08-23,37.1275,37.4287,36.354,36.3608,684800
2010-08-24,36.1555,36.1555,34.9439,35.56,1376900
2010-08-25,35.0808,35.8064,34.9097,35.6284,1003100
2010-08-26,35.4162,35.868,34.9097,34.9987,1269800
2010-08-27,35.1356,36.3266,34.5811,36.1692,1260800
2010-08-30,35.7653,36.1281,35.5942,35.5942,799500
2010-08-31,35.1561,36.4498,35.074,36.2787,1201300
2010-09-01,36.8674,37.3055,36.7031,36.8811,1099900
2010-09-02,36.9358,38.1953,36.8331,38.0926,1445600
2010-09-03,38.8114,38.9962,37.6409,38.0926,1245500
2010-09-07,38.0242,38.0242,37.4697,37.5519,790600
2010-09-08,37.6682,38.5718,37.6477,38.2843,1349000
2010-09-09,38.5034,39.1536,38.5034,38.8114,899500
2010-09-10,39.051,39.489,38.8114,39.0441,914900
2010-09-13,39.3042,39.8655,39.1057,39.7697,873300
2010-09-14,39.4206,39.6122,38.3596,38.3938,1691900
2010-09-15,38.3322,38.9893,38.079,38.7771,838300
2010-09-16,38.7429,39.2084,38.5992,39.0783,471900
2010-09-17,39.2289,39.3932,38.6471,39.3316,1000900
2010-09-20,39.6259,39.6259,38.9893,39.359,1028100
2010-09-21,39.3247,39.4959,38.6334,38.784,1227400
2010-09-22,38.6676,40.3173,38.5718,40.1325,1272900
2010-09-23,39.6396,41.1866,39.5643,40.7075,2371800
2010-09-24,41.1729,42.1038,41.0771,41.5768,2011700
2010-09-27,41.6658,41.7958,41.1113,41.3098,1096600
2010-09-28,41.5768,42.1723,41.0908,42.1723,1162200
2010-09-29,42.0286,42.4256,41.6178,41.8848,1053700
2010-09-30,42.1449,42.2134,39.8108,40.4953,2014100
2010-10-01,40.7896,40.8033,38.5923,39.3247,3038400
2010-10-04,39.0373,39.5233,38.6745,39.448,1375500
2010-10-05,39.6191,40.0435,37.5108,39.5917,4595800
2010-10-06,39.6259,40.331,39.578,39.7628,997900
2010-10-07,39.9477,40.2488,39.2974,40.2215,985500
2010-10-08,40.4816,41.7547,40.4816,41.3235,1617800
2010-10-11,41.7342,42.4255,41.344,41.9669,1313700
2010-10-12,41.0634,41.9875,41.0634,41.6452,948500
2010-10-13,42.3434,42.7747,41.7753,42.1997,1438500
2010-10-14,42.3092,42.3503,41.6863,41.7821,765000
2010-10-15,42.1586,42.2339,41.1729,41.5152,1043600
2010-10-18,41.6794,41.7479,41.3509,41.6041,639600
2010-10-19,41.1798,41.4741,39.7081,41.0976,1162100
2010-10-20,41.255,41.9464,41.2277,41.5152,699500
2010-10-21,41.8369,42.3503,41.5631,41.919,948900
2010-10-22,41.9327,42.316,41.5562,42.2613,941500
2010-10-25,42.4872,43.0279,42.4666,42.8226,1293300
2010-10-26,42.4803,42.802,41.8574,42.583,1034200
2010-10-27,42.0491,42.6925,42.0149,42.2339,1145500
2010-10-28,43.0279,43.2127,39.9476,40.3515,2961500
2010-10-29,41.2413,41.7547,40.283,41.1181,1485100
2010-11-01,41.4672,42.1381,41.4125,41.5152,1007300
2010-11-02,41.8916,41.8916,40.7006,41.0292,945100
2010-11-03,41.0018,41.0018,40.4199,40.8443,786400
2010-11-04,41.392,41.7068,40.5637,41.4946,975800
2010-11-05,41.5425,41.8574,41.0771,41.2414,1118800
2010-11-08,41.2482,41.2619,40.728,40.9402,835800
2010-11-09,41.0771,42.6583,41.0771,41.9738,1739900
2010-11-10,42.0354,42.3366,41.5426,42.3366,837700
2010-11-11,41.9875,42.6446,41.6315,42.5556,1020700
2010-11-12,42.1654,42.316,40.9333,41.3235,1114100
2010-11-15,41.4125,41.8711,40.9333,41.1935,1123700
2010-11-16,40.9392,41.1797,40.5407,40.9117,1083200
2010-11-17,40.8087,41.4408,40.6506,41.3515,771300
2010-11-18,41.75,42.499,41.75,42.1348,848000
2010-11-19,42.0661,42.2997,41.8874,42.2722,566200
2010-11-22,42.2722,42.4578,41.7088,42.1829,826400
2010-11-23,41.7844,41.8394,41.2759,41.6401,778500
2010-11-24,42.0455,42.8632,42.0249,42.8082,973900
2010-11-26,42.2654,43.0624,42.2654,42.3753,322500
2010-11-29,42.0798,42.286,41.3103,41.7638,1102000
2010-11-30,41.3171,42.1761,41.2622,41.7913,1150200
2010-12-01,42.3822,42.6295,42.2585,42.5883,1318800
2010-12-02,42.499,43.0968,42.2585,42.9731,841400
2010-12-03,42.9044,44.0725,42.767,43.9351,1715700
2010-12-06,43.9763,44.6428,43.7702,44.2237,1264100
2010-12-07,44.5947,44.7047,43.8389,43.8526,1350400
2010-12-08,43.8458,44.313,43.2686,43.4541,1231800
2010-12-09,43.3373,43.5847,42.7395,43.0762,1228700
2010-12-10,43.035,43.248,42.7807,42.87,1224400
2010-12-13,43.0143,43.0899,42.2791,42.9869,1115800
2010-12-14,43.0968,43.2274,42.7532,43.0281,576500
2010-12-15,43.1174,43.564,42.1623,42.2654,1233500
2010-12-16,42.6433,43.2136,42.1623,42.3616,1400500
2010-12-17,42.5952,42.6295,42.3753,42.6295,1608200
2010-12-20,43.1999,43.2273,42.5471,42.6158,1044700
2010-12-21,42.8082,43.1105,42.5334,42.767,1426200
2010-12-22,42.8357,44.1137,42.8013,43.8045,1385100
2010-12-23,43.9351,44.3061,43.619,43.9763,1269200
2010-12-27,44.045,44.2031,43.8595,44.1275,552200
2010-12-28,44.2168,44.2787,43.8939,44.1893,567900
2010-12-29,44.2787,44.7665,44.0588,44.3749,1041500
2010-12-30,44.5191,44.9383,44.4642,44.794,609000
2010-12-31,44.8902,45.275,44.5879,45.0207,534600
2011-01-03,45.3162,45.3506,44.6291,44.9314,1024900
2011-01-04,45.2063,45.3231,44.6841,44.9589,1379600
2011-01-05,45.2338,46.0446,45.0551,45.9346,2169200
2011-01-06,45.9896,46.2988,45.756,46.2988,1630600
2011-01-07,46.1476,46.4706,45.543,45.9621,870700
2011-01-10,46.0858,46.3607,45.4949,45.6942,869700
2011-01-11,46.1545,46.2232,45.5361,45.7491,1361400
2011-01-12,46.1133,46.8279,45.9896,46.237,1093200
2011-01-13,46.4088,48.2571,46.4088,48.0029,2828000
2011-01-14,48.587,48.7175,48.0716,48.7106,1730400
2011-01-18,48.7381,48.9512,48.1266,48.4015,1410500
2011-01-19,49.7207,49.92,48.5182,48.7175,2190000
2011-01-20,48.3121,48.3602,47.1096,47.7418,1737900
2011-01-21,48.1335,48.5938,47.996,48.1266,999400
2011-01-24,46.9653,48.0991,46.4156,47.5975,1669700
2011-01-25,47.4051,47.5906,46.8004,47.0547,1130700
2011-01-26,47.1646,47.5082,46.931,47.412,994500
2011-01-27,47.4669,47.515,46.7042,46.9791,903200
2011-01-28,47.2333,47.2333,45.7835,45.914,1125600
2011-01-31,45.9759,46.9516,45.5224,46.7729,1524500
2011-02-01,47.4601,48.3739,47.0684,47.199,1638300
2011-02-02,47.3501,48.0991,47.2471,47.7693,1192500
2011-02-03,47.8036,48.0304,47.2058,47.838,953400
2011-02-04,47.8861,48.0441,47.4463,48.0372,1112700
2011-02-07,48.0991,48.3396,47.7762,47.893,1103200
2011-02-08,47.996,48.1472,47.6868,48.0098,828500
2011-02-09,48.3259,48.6351,47.4944,47.9479,1842100
2011-02-10,48.3602,49.0954,46.2988,47.4326,2529800
2011-02-11,47.8792,49.1298,47.7624,49.0336,2366200
2011-02-14,49.3162,49.9642,49.3162,49.8401,1539800
2011-02-15,49.9367,50.171,49.4127,49.847,1440800
2011-02-16,49.9229,51.5704,49.9229,51.3222,2119200
2011-02-17,51.336,51.5084,50.364,51.1637,1480600
2011-02-18,51.3843,51.6118,50.7294,51.1775,1048500
2011-02-22,50.564,51.1223,49.7298,49.8264,1116400
2011-02-23,49.6678,49.6678,47.7997,48.6614,1832600
2011-02-24,48.5648,49.2542,48.1995,48.7647,1077100
2011-02-25,49.1439,49.4196,48.7579,49.2818,1529700
2011-02-28,49.7712,49.9711,49.2956,49.7505,1346300
2011-03-01,49.7712,49.978,48.2684,48.8199,1310700
2011-03-02,48.7441,49.4265,48.7372,49.2749,1503900
2011-03-03,49.6678,49.978,49.1301,49.7023,1201500
2011-03-04,50.1297,50.2193,49.0129,49.5644,546800
2011-03-07,49.6127,49.7505,48.6476,48.7234,1047100
2011-03-08,48.875,49.1439,48.4063,48.9233,761600
2011-03-09,48.4959,48.7716,48.0271,48.551,506700
2011-03-10,47.7859,47.7859,46.9311,47.0,1246900
2011-03-11,46.6209,47.7721,45.9315,47.6687,1339800
2011-03-14,47.4412,47.8066,46.8621,47.1655,692700
2011-03-15,45.6558,47.3929,45.1594,46.9724,1226900
2011-03-16,47.0483,47.3585,45.6696,45.897,925200
2011-03-17,46.4416,46.6898,45.9798,46.0694,860800
2011-03-18,46.6553,46.6553,45.9177,46.1866,959500
2011-03-21,46.7174,47.4619,46.3658,47.4205,712800
2011-03-22,47.7376,47.9996,47.4343,47.7859,745200
2011-03-23,48.9371,49.0819,48.3994,48.6958,877000
2011-03-24,48.7579,48.8337,47.841,48.5097,697100
2011-03-25,48.6751,49.137,48.3374,48.8061,799200
2011-03-28,48.9509,49.4955,48.8613,48.9026,1004500
2011-03-29,48.751,49.0612,48.6062,48.9923,529900
2011-03-30,49.3093,50.2675,49.1025,50.2055,1238800
2011-03-31,50.3434,50.7432,49.8333,49.8608,1252400
2011-04-01,50.3709,51.1844,50.3296,50.8742,1036700
2011-04-04,50.8397,50.9293,49.9849,50.4606,679000
2011-04-05,50.5226,51.2188,50.4812,50.9914,832700
2011-04-06,51.1085,51.2878,49.5851,49.6264,1571700
2011-04-07,49.7367,50.0952,49.3438,50.0676,1154300
2011-04-08,50.1986,50.495,49.461,49.6195,742400
2011-04-11,49.6747,50.688,49.5644,50.0607,821300
2011-04-12,49.8401,49.916,48.7441,49.4403,1312300
2011-04-13,49.6333,49.8677,48.7992,49.199,778400
2011-04-14,49.075,49.4403,48.5097,49.3576,780700
2011-04-15,49.6402,49.916,49.2197,49.6816,806000
2011-04-18,48.9578,49.4265,47.9651,48.6751,919600
2011-04-19,48.8475,49.5093,48.7716,49.399,784800
2011-04-20,50.1435,50.6674,49.9022,50.24,751200
2011-04-21,50.5984,50.8397,50.3227,50.819,523600
2011-04-25,50.8604,51.3636,50.557,51.3429,876300
2011-04-26,51.5842,51.7359,51.0741,51.7014,930100
2011-04-27,51.9771,52.0392,50.9224,51.2464,1266500
2011-04-28,52.3218,52.4804,50.2538,50.6536,2058000
2011-04-29,50.9431,52.0461,50.8259,52.0047,1461800
2011-05-02,52.0461,52.3563,51.7014,51.8806,1247600
2011-05-03,51.4463,51.66,50.7501,51.6187,1110100
2011-05-04,51.7014,51.791,50.1297,51.0258,1140700
2011-05-05,50.7363,51.212,50.1021,50.302,1248500
2011-05-06,50.5088,50.95,49.7781,50.0607,825600
2011-05-09,49.8884,51.0051,49.8126,50.9086,652300
2011-05-10,51.0051,51.0051,50.4812,50.8949,584200
2011-05-11,50.5364,50.6122,49.7161,50.0194,757800
2011-05-12,49.7161,49.978,49.3507,49.9573,929000
2011-05-13,49.8332,50.364,49.592,50.3227,890500
2011-05-16,50.3089,51.2257,50.0814,50.7777,1116200
2011-05-17,50.508,50.9851,50.4526,50.7984,896300
2011-05-18,50.7362,51.5245,50.4872,51.4484,1016400
2011-05-19,51.4277,51.4553,50.0032,50.7569,1472600
2011-05-20,50.7569,51.1718,50.3005,51.0543,1177500
2011-05-23,50.4596,50.4872,49.7473,49.8718,699200
2011-05-24,49.3808,50.176,49.1803,49.8303,619200
2011-05-25,49.8165,50.1346,49.609,49.9548,971000
2011-05-26,49.7888,50.3697,49.2633,50.3144,873400
2011-05-27,50.3766,51.1995,50.3766,51.1995,1188900
2011-05-31,51.2894,51.5176,51.0819,51.483,1539700
2011-06-01,51.4346,51.6075,50.4803,50.5909,1022000
2011-06-02,50.7223,51.1926,50.5564,51.0958,773800
2011-06-03,50.4457,50.4526,49.8925,49.9271,724100
2011-06-06,49.7888,49.8372,48.6409,48.6478,947300
2011-06-07,48.9313,48.9382,48.0808,48.0946,956300
2011-06-08,47.8871,47.977,47.1749,47.2302,1342900
2011-06-09,47.251,48.0739,46.8637,47.6382,1424700
2011-06-10,47.3201,47.4792,46.4142,46.5456,1042100
2011-06-13,46.5594,46.7876,46.103,46.2552,551900
2011-06-14,46.4419,46.9259,45.8817,46.6908,1441200
2011-06-15,46.1722,46.4073,45.5222,45.8333,1449000
2011-06-16,45.702,46.1307,44.5126,45.294,1410300
2011-06-17,45.5014,46.0546,45.211,45.5014,1350100
2011-06-20,45.2525,45.453,44.8168,45.2387,809600
2011-06-21,45.4115,46.4557,45.3562,46.3243,809300
2011-06-22,46.0131,46.6009,45.6466,45.6743,871300
2011-06-23,44.8998,45.7366,44.803,45.7227,1202100
2011-06-24,45.9163,46.0546,45.4945,45.9716,1275700
2011-06-27,45.9302,46.3658,45.6881,45.9163,705000
2011-06-28,45.9371,46.5594,45.8679,46.4488,828200
2011-06-29,46.9467,47.7972,46.8568,47.3616,1090500
2011-06-30,47.5691,47.8595,47.3685,47.6797,830000
2011-07-01,47.7627,48.2606,47.4999,48.2122,692800
2011-07-05,48.2882,48.9244,48.0738,48.9244,923300
2011-07-06,48.6201,48.8829,48.3228,48.6685,716500
2011-07-07,49.201,49.6643,49.0834,49.284,843500
2011-07-08,48.5856,49.3186,48.2398,49.2632,722800
2011-07-11,48.5233,48.876,48.0669,48.2398,550800
2011-07-12,48.06,48.4265,47.977,48.0669,565800
2011-07-13,48.4127,48.7446,48.1084,48.2398,626300
2011-07-14,48.2536,49.0212,47.7696,47.8664,717900
2011-07-15,47.9978,48.5717,47.7972,48.468,801300
2011-07-18,48.1223,48.2536,47.0366,47.4446,718700
2011-07-19,47.7765,48.8345,47.652,48.6547,551200
2011-07-20,48.7584,49.6021,48.5026,49.367,803300
2011-07-21,49.7611,50.7085,49.6021,50.3213,851400
2011-07-22,50.1899,50.8191,49.8856,50.5356,702500
2011-07-25,49.8925,50.5909,49.8925,50.2798,552800
2011-07-26,50.4112,50.4941,49.4776,49.6574,853600
2011-07-27,49.36,49.7335,48.959,49.0904,1248800
2011-07-28,50.2867,50.6324,47.1057,48.0185,2226100
2011-07-29,47.5137,47.9217,47.0712,47.5829,852200
2011-08-01,48.1983,48.2329,46.919,47.6313,899200
2011-08-02,47.0988,47.4515,46.6009,46.7876,1335700
2011-08-03,46.6079,47.1887,45.9924,47.0781,1068800
2011-08-04,46.3382,46.3382,43.8902,43.9179,2248900
2011-08-05,44.2498,44.478,42.113,44.0838,1682500
2011-08-08,42.6662,42.9636,40.4188,40.5433,2451100
2011-08-09,40.9236,41.8433,39.5406,41.8295,2054500
2011-08-10,41.3455,41.8433,40.5156,40.7231,1176000
2011-08-11,41.297,43.1296,41.055,42.5971,1416800
2011-08-12,43.1456,43.1456,42.0555,42.479,812600
2011-08-15,42.8332,43.9233,42.7846,43.7358,956200
2011-08-16,43.3886,43.9649,43.0623,43.583,812600
2011-08-17,43.8746,44.5829,43.8746,44.1454,779600
2011-08-18,42.8609,43.0901,41.875,42.2221,857900
2011-08-19,41.7083,42.8193,41.5139,41.6042,936200
2011-08-22,42.3541,43.0484,41.1806,41.375,937500
2011-08-23,41.7222,43.0762,41.3612,43.0762,1020200
2011-08-24,42.7707,43.2012,42.2985,42.9859,923500
2011-08-25,43.0623,43.0623,41.8125,41.9444,826200
2011-08-26,41.6736,43.2567,41.0973,43.0623,1145400
2011-08-29,43.5691,44.7773,43.5691,44.2704,819500
2011-08-30,44.0691,44.7842,43.7288,44.4509,913800
2011-08-31,44.694,45.1939,44.4787,44.93,1401300
2011-09-01,44.8259,45.1314,44.4093,44.8259,933700
2011-09-02,43.8677,44.4648,43.6039,43.8538,779000
2011-09-06,42.4165,43.5761,42.3263,43.5622,616900
2011-09-07,44.2079,45.3744,44.1246,45.2008,896900
2011-09-08,44.7217,45.18,44.1871,44.2843,1007100
2011-09-09,43.59,43.8816,42.847,43.4094,796500
2011-09-12,43.0692,43.4789,42.0763,43.0206,644100
2011-09-13,42.9859,43.2983,42.7984,43.0345,965700
2011-09-14,43.1248,44.076,42.7568,43.7566,777100
2011-09-15,44.0344,44.326,43.4928,44.1246,746700
2011-09-16,44.3676,45.0967,44.3121,44.5481,1040800
2011-09-19,43.7635,44.1454,43.4303,43.9163,585500
2011-09-20,43.9441,44.326,43.6178,43.6594,660600
2011-09-21,43.4719,43.6455,41.9583,41.9583,1281700
2011-09-22,40.5974,40.7016,38.1881,38.9518,2430100
2011-09-23,38.1812,39.6323,38.1464,39.3129,1063700
2011-09-26,39.549,39.6878,38.1395,39.6531,813500
2011-09-27,40.9307,42.9581,40.8265,41.7917,1827800
2011-09-28,41.8125,42.0138,40.6391,40.7016,1396700
2011-09-29,41.7083,41.9236,40.2364,40.9376,890000
2011-09-30,40.3822,41.1459,40.0142,40.4724,2178100
2011-10-03,40.0836,40.1392,38.1881,38.5422,2293100
2011-10-04,38.1812,38.8755,37.5146,38.8685,2100000
2011-10-05,39.0699,39.8961,38.4033,39.6392,1520800
2011-10-06,39.6323,40.2711,39.5768,39.8961,2024300
2011-10-07,40.16,40.278,38.7158,38.7783,3300300
2011-10-10,39.667,39.9378,39.1601,39.5212,5862400
2011-10-11,39.306,40.153,39.2087,39.7156,1953100
2011-10-12,40.1253,40.7293,39.7503,40.0142,2574500
2011-10-13,40.0072,40.2641,39.174,40.2086,962900
2011-10-14,40.6113,41.2154,40.396,40.9932,1350000
2011-10-17,40.771,40.8265,39.6254,39.6601,705100
2011-10-18,39.549,39.7156,38.6741,39.3546,1798200
2011-10-19,39.2712,39.8961,39.0074,39.2296,1220200
2011-10-20,39.3476,39.5212,38.6255,39.424,1025500
2011-10-21,40.0281,40.5766,39.9378,40.1253,1038400
2011-10-24,39.6601,41.0696,39.6531,40.9237,1430000
2011-10-25,40.6599,40.8474,40.2155,40.3891,1074200
2011-10-26,40.9446,41.5209,40.3475,41.3681,1524500
2011-10-27,41.6597,43.8538,40.9654,43.6733,3471400
2011-10-28,43.1456,43.7636,43.097,43.2359,1671500
2011-10-31,42.7984,43.2011,42.6457,42.8887,1555500
2011-11-01,41.5,42.6735,41.3681,42.361,2232700
2011-11-02,42.8193,43.2081,42.3541,42.7012,1575500
2011-11-03,42.8679,43.097,42.3263,42.8609,1075300
2011-11-04,42.3263,42.7082,42.0208,42.479,1071900
2011-11-07,42.4235,43.0276,42.2777,42.8956,1814400
2011-11-08,43.0623,43.2775,42.7429,43.222,860300
2011-11-09,42.3749,43.1248,42.2777,42.7568,1135100
2011-11-10,43.097,43.3678,42.2499,42.5276,978400
2011-11-11,43.1039,43.5691,42.9026,43.4372,604600
2011-11-14,43.4719,43.7358,43.3608,43.6455,997500
2011-11-15,43.4164,43.9441,43.097,43.7566,860400
2011-11-16,43.6451,43.896,43.2198,43.4011,1043400
2011-11-17,43.5893,43.6521,42.0836,42.4043,1464300
2011-11-18,42.8783,42.8992,42.3276,42.4043,791700
2011-11-21,41.8396,41.9233,41.2262,41.6026,1268300
2011-11-22,41.4144,42.1603,41.2331,41.512,917600
2011-11-23,41.1704,41.4562,40.306,41.1216,1301700
2011-11-25,40.9752,41.5538,40.773,41.0379,360700
2011-11-28,42.0069,42.6064,41.5608,42.3206,909100
2011-11-29,42.3694,42.711,42.0906,42.1742,708200
2011-11-30,43.3174,43.6102,43.0665,43.5684,1181100
2011-12-01,43.6242,44.0424,43.4499,43.8681,940700
2011-12-02,44.1958,44.4746,43.6102,43.7078,641300
2011-12-05,44.2097,44.2097,43.0665,43.3314,923200
2011-12-06,43.2408,43.8751,43.2408,43.7705,756900
2011-12-07,43.5684,44.0285,43.1711,43.7775,767000
2011-12-08,43.3732,43.5057,42.7807,42.8643,733600
2011-12-09,42.9201,43.2268,42.5437,43.0734,742900
2011-12-12,42.5367,42.5646,41.9442,42.5088,830900
2011-12-13,42.0348,42.3833,40.6058,40.8985,1878000
2011-12-14,40.5848,40.8846,39.7902,39.9714,1477800
2011-12-15,40.4315,40.6545,39.8668,39.9574,1092100
2011-12-16,40.0829,40.2154,38.9327,39.4625,1774700
2011-12-19,39.6716,39.7344,38.7863,38.9397,895000
2011-12-20,39.3301,40.1666,39.2255,39.9993,1105500
2011-12-21,39.6019,40.1735,39.3789,40.1387,811600
2011-12-22,40.2502,40.5988,39.9784,40.3966,994200
2011-12-23,40.2224,40.6755,40.2014,40.4942,647800
2011-12-27,40.4315,40.536,40.0829,40.2572,745200
2011-12-28,40.292,40.3548,39.1209,39.2673,918900
2011-12-29,39.2325,39.9714,39.2325,39.8947,754800
2011-12-30,39.7762,39.9923,39.7274,39.8738,602300
2012-01-03,40.6545,41.261,40.6545,40.9473,1219500
2012-01-04,40.8985,41.1843,40.4106,40.9543,892000
2012-01-05,40.787,41.031,40.0411,40.8009,967900
2012-01-06,40.7243,40.9334,40.4454,40.5639,629000
2012-01-09,40.7312,40.9613,40.4663,40.7661,838900
2012-01-10,41.0937,41.3586,40.536,41.031,1051100
2012-01-11,40.8846,40.9892,40.6127,40.9334,563000
2012-01-12,40.8497,41.6374,40.6266,41.491,917900
2012-01-13,41.1146,41.268,40.6057,40.9682,754800
2012-01-17,41.4771,41.4841,40.2572,40.3757,1238900
2012-01-18,40.4315,40.8776,40.0132,40.8149,957500
2012-01-19,40.9822,41.2331,40.4175,40.6545,908100
2012-01-20,40.6894,40.9055,40.0829,40.8567,990100
2012-01-23,40.8567,41.0101,40.1457,40.5221,908100
2012-01-24,40.5151,40.78,40.1457,40.6127,788900
2012-01-25,40.5988,41.3726,40.4175,41.275,1195200
2012-01-26,41.4632,41.735,40.5569,40.7312,1641500
2012-01-27,40.6824,40.7173,40.2781,40.313,1070200
2012-01-30,40.1596,40.299,39.818,39.9853,1058000
2012-01-31,40.0271,40.0271,39.1767,39.9226,2003800
2012-02-01,40.2224,40.6894,40.2224,40.3478,1059800
2012-02-02,40.4315,40.4803,39.7344,39.8877,1327700
2012-02-03,40.299,40.5779,40.2432,40.3687,1084100
2012-02-06,40.2781,40.536,40.1526,40.536,796100
2012-02-07,40.4524,40.9543,40.3966,40.7591,1412900
2012-02-08,40.9264,41.6793,40.9264,41.6444,1682500
2012-02-09,42.6831,44.3701,42.3276,43.91,4524600
2012-02-10,43.5684,44.614,43.5335,44.2516,2329600
2012-02-13,44.6071,44.7604,44.3213,44.5792,1127000
2012-02-14,44.5583,45.8827,44.4816,45.7782,3383900
2012-02-15,46.0581,46.5549,45.7712,46.1141,2352600
2012-02-16,46.0161,46.4569,45.9321,46.373,2034400
2012-02-17,46.366,46.7089,46.1351,46.5759,979600
2012-02-21,46.7019,47.0657,46.4639,46.9258,1023000
2012-02-22,47.0587,47.1637,46.4989,46.9328,1380700
2012-02-23,46.9818,47.5836,46.6529,47.4646,1218300
2012-02-24,47.4646,47.5836,47.0657,47.5206,840000
2012-02-27,47.3036,47.3246,46.6809,46.8768,1069400
2012-02-28,46.8488,47.2267,45.8202,47.1147,1646700
2012-02-29,47.2057,47.7725,46.8768,47.1077,1250900
2012-03-01,47.2127,47.3946,46.7578,47.1427,852800
2012-03-02,47.1847,47.3107,46.6179,46.9958,1027000
2012-03-05,46.9118,47.2197,46.5409,46.9748,970400
2012-03-06,46.31,46.31,45.1974,45.5263,1521200
2012-03-07,45.5263,46.177,45.2743,46.0581,1282000
2012-03-08,46.268,46.9328,46.1841,46.6179,1208800
2012-03-09,46.5479,46.8978,46.303,46.4429,747300
2012-03-12,46.443,46.8068,46.359,46.5269,760700
2012-03-13,46.8558,47.4016,46.7159,47.3946,881700
2012-03-14,47.5486,47.5766,46.8348,46.9608,930700
2012-03-15,47.0377,47.6045,46.9818,47.5346,1346500
2012-03-16,47.7865,47.8985,47.5486,47.5696,1031600
2012-03-19,47.7095,47.8775,47.1497,47.2407,808000
2012-03-20,47.1007,47.8285,47.0587,47.6675,1082400
2012-03-21,47.5836,47.8355,47.2827,47.5346,780500
2012-03-22,47.2897,47.5346,46.6249,46.9188,1038400
2012-03-23,47.0378,47.2477,46.6739,47.0517,940000
2012-03-26,47.1707,47.8635,47.0797,47.6185,1156800
2012-03-27,47.4646,47.6815,47.0867,47.1567,954200
2012-03-28,47.0727,47.3036,46.6879,47.0307,1223600
2012-03-29,46.8208,47.1007,46.4989,47.0307,1173400
2012-03-30,47.4086,47.9264,47.1217,47.8915,1346000
2012-04-02,47.8704,48.8361,47.8634,48.7941,1814400
2012-04-03,48.6402,48.7871,47.7165,48.1294,1635800
2012-04-04,47.6116,47.8425,47.3666,47.7025,1084700
2012-04-05,47.8844,48.0454,47.3946,47.9054,1380800
2012-04-09,47.3736,47.4016,46.9398,47.2127,864100
2012-04-10,47.3316,47.5906,46.6809,46.7578,888800
2012-04-11,47.3246,47.5836,47.0867,47.3806,736600
2012-04-12,47.3666,48.0524,47.2687,47.8705,943200
2012-04-13,47.9334,48.0104,47.3107,47.5766,746600
2012-04-16,47.5906,47.8495,47.0378,47.1637,1119700
2012-04-17,47.3037,47.3526,46.5549,47.2407,1563800
2012-04-18,47.2547,47.5346,46.7509,47.4576,917200
2012-04-19,47.5416,47.5416,46.5199,46.6949,1533100
2012-04-20,46.7928,46.8278,46.317,46.359,1334100
2012-04-23,46.198,46.289,45.7922,45.8832,1796200
2012-04-24,45.8832,46.6949,45.8482,46.359,1340200
2012-04-25,46.9328,47.3456,46.5759,47.1917,1322700
2012-04-26,45.1344,46.212,44.5186,45.9671,4396500
2012-04-27,45.5892,45.7992,44.8755,45.1344,2196800
2012-04-30,45.1764,45.2884,44.9105,45.1344,1032900
2012-05-01,45.3163,46.268,45.1974,45.9251,1628700
2012-05-02,45.8622,45.8971,45.4563,45.4843,977700
2012-05-03,45.6172,45.6942,45.1624,45.3233,1450600
2012-05-04,45.2044,45.3793,44.7006,45.1414,1070100
2012-05-07,44.7845,45.2394,44.4836,44.5536,1351200
2012-05-08,44.6096,45.2254,44.3437,45.1764,1498800
2012-05-09,44.7845,45.6312,44.4136,45.3163,1377800
2012-05-10,45.4773,45.6172,44.9665,45.0784,1098400
2012-05-11,44.4626,45.0224,44.1897,44.2107,1383400
2012-05-14,43.546,44.0848,43.469,43.7489,1185200
2012-05-15,43.6019,43.6719,42.7972,43.0281,1381700
2012-05-16,43.0561,43.567,42.7272,42.8812,875100
2012-05-17,42.8742,43.3449,42.551,42.5791,895600
2012-05-18,42.5861,42.9023,41.9045,42.0029,1093800
2012-05-21,41.9748,42.7126,41.9186,42.5931,751900
2012-05-22,42.7617,42.8109,41.9045,42.1364,853700
2012-05-23,43.0849,43.2606,42.1786,42.572,1380200
2012-05-24,42.5439,42.7055,42.2277,42.5018,771300
2012-05-25,42.5018,42.9163,42.3823,42.9023,781600
2012-05-29,43.3519,43.7805,43.0568,43.4503,1534200
2012-05-30,42.9655,43.0147,42.0591,42.1715,1390300
2012-05-31,42.1856,42.1856,41.6727,41.8062,996300
2012-06-01,41.3143,41.3705,40.7522,40.9068,1056400
2012-06-04,40.8857,40.9771,40.1199,40.6328,796600
2012-06-05,40.5555,41.0754,40.3939,40.9771,1124600
2012-06-06,41.3143,42.1645,41.1387,42.1575,963700
2012-06-07,42.5931,42.6423,42.024,42.1505,809400
2012-06-08,41.9467,41.9467,41.4689,41.6727,758100
2012-06-11,41.9116,42.0591,40.9841,40.9911,950300
2012-06-12,41.0965,41.5251,40.9138,41.3354,903200
2012-06-13,41.3424,41.3986,40.8998,41.0263,517300
2012-06-14,40.9982,41.1317,40.7312,41.0263,765600
2012-06-15,41.0122,41.0333,40.5836,40.8506,944400
2012-06-18,40.5836,41.0333,40.5625,40.949,621400
2012-06-19,41.1035,41.6235,41.1035,41.4759,1031900
2012-06-20,41.5603,43.5979,41.4759,42.832,2800700
2012-06-21,42.9163,42.9374,41.7499,41.8483,1196900
2012-06-22,41.9467,42.031,41.497,41.6797,1949100
2012-06-25,41.5111,41.5462,41.0825,41.3354,1080500
2012-06-26,41.3705,41.9467,41.2722,41.8062,840900
2012-06-27,42.024,42.5931,41.7008,42.4947,769500
2012-06-28,42.2699,43.0849,42.0099,43.0568,936900
2012-06-29,43.3028,44.3848,43.3028,44.0827,1232000
2012-07-02,44.1178,44.2724,43.7384,44.0194,908400
2012-07-03,44.1178,45.3544,44.0265,45.1788,740600
2012-07-05,44.9188,45.1718,44.2302,44.434,1160400
2012-07-06,43.9632,44.16,43.4433,43.7735,859400
2012-07-09,43.7735,43.7735,42.6844,42.7336,931800
2012-07-10,42.8671,43.2044,42.7547,43.1131,771200
2012-07-11,43.3168,43.7806,43.2255,43.7033,863500
2012-07-12,43.3098,43.4784,42.839,43.3941,851900
2012-07-13,43.5557,44.1389,43.4644,44.1038,666500
2012-07-16,43.9211,44.0827,43.4784,43.5135,570700
2012-07-17,43.7594,43.8016,42.9866,43.4011,753000
2012-07-18,43.4222,44.7642,43.2887,44.6518,964100
2012-07-19,44.7712,44.9609,44.2372,44.5815,706700
2012-07-20,44.3075,44.448,43.8297,44.3286,751000
2012-07-23,43.6681,44.2513,43.4433,44.1529,853700
2012-07-24,44.0756,44.0756,43.3238,43.5487,966400
2012-07-25,43.7243,43.9983,43.3238,43.4011,1051700
2012-07-26,43.4222,45.7409,43.4081,45.5371,2073200
2012-07-27,45.5722,46.1203,45.5722,45.9306,1335900
2012-07-30,46.1062,46.7456,46.0852,46.6754,1179700
2012-07-31,46.4927,46.6964,45.9236,46.2116,1605200
2012-08-01,46.584,49.3242,46.2749,46.5348,8797800
2012-08-02,45.9938,46.2889,45.2561,45.6776,1748600
2012-08-03,46.31,46.6964,45.8603,45.9587,1495700
2012-08-06,46.0289,46.2538,45.79,45.9306,1073300
2012-08-07,46.2608,46.4786,45.5722,45.5793,1351900
2012-08-08,45.2631,45.8744,45.2631,45.4949,1870200
2012-08-09,45.7198,45.8111,45.4598,45.6214,1654700
2012-08-10,45.5301,45.8041,45.4668,45.6495,829100
2012-08-13,45.3614,45.8322,45.3614,45.5511,667100
2012-08-14,45.8182,45.8463,45.2842,45.3966,857500
2012-08-15,45.2561,45.4458,45.0523,45.3052,786000
2012-08-16,45.2209,45.8814,44.968,45.762,1739900
2012-08-17,45.7972,45.896,45.4303,45.5926,659200
2012-08-20,45.7126,46.0794,45.3104,45.903,805700
2012-08-21,45.8607,46.4816,45.8184,46.284,895200
2012-08-22,46.2135,46.2276,45.9383,46.1853,753700
2012-08-23,45.9524,46.2488,45.6138,45.6349,759200
2012-08-24,45.4445,45.5997,45.127,45.4515,649400
2012-08-27,45.4656,45.6067,45.1058,45.3104,544400
2012-08-28,45.2963,45.4938,45.007,45.2398,692700
2012-08-29,45.2398,45.6632,45.0423,45.4162,726700
2012-08-30,45.2751,45.2751,44.7036,44.7601,551200
2012-08-31,44.9647,45.2187,44.7812,44.9082,422600
2012-09-04,45.2328,45.3104,44.5766,44.9153,574700
2012-09-05,45.134,45.4445,44.7812,45.0635,922900
2012-09-06,45.3245,45.8043,45.1552,45.2116,739300
2012-09-07,45.4797,46.03,45.1552,45.9172,821800
2012-09-10,45.8466,46.277,45.8043,45.8819,491200
2012-09-11,45.8819,46.2841,45.7902,46.2206,673200
2012-09-12,46.4534,46.8697,46.3193,46.4957,968900
2012-09-13,46.3334,47.2013,46.1077,46.9402,764900
2012-09-14,47.1589,47.5611,46.9896,47.1942,758600
2012-09-17,47.0954,47.5258,46.9261,47.2365,830700
2012-09-18,47.0813,47.4623,46.404,47.3988,1058100
2012-09-19,47.5611,47.7728,46.6227,46.7286,1057000
2012-09-20,46.5663,46.6862,46.1782,46.3617,1028100
2012-09-21,46.5663,46.6933,45.8325,45.8678,1271300
2012-09-24,45.9877,46.3546,45.6843,46.157,928400
2012-09-25,46.2558,46.8555,46.1782,46.6156,1183400
2012-09-26,46.6086,46.7074,45.7902,46.411,945100
2012-09-27,46.4322,47.7728,46.404,47.4835,1403800
2012-09-28,47.2507,47.5964,46.9543,47.3071,959300
2012-10-01,47.5258,47.9774,47.4694,47.7939,1092000
2012-10-02,47.8998,48.0903,47.5823,47.8645,1152300
2012-10-03,47.8715,48.1044,47.547,47.8856,734200
2012-10-04,47.9844,48.5771,47.7304,48.4501,760200
2012-10-05,48.5912,48.9863,48.0762,48.2878,1114300
2012-10-08,48.3301,48.6829,48.2455,48.6335,638900
2012-10-09,48.6688,48.7676,48.2455,48.3442,514600
2012-10-10,48.3372,48.3372,47.7587,47.8222,881600
2012-10-11,48.2737,48.4995,47.9068,48.3442,747900
2012-10-12,48.309,48.5982,48.0268,48.3725,1065400
2012-10-15,48.4854,48.9228,48.3513,48.8099,881900
2012-10-16,49.0357,49.6707,48.817,49.5719,1475000
2012-10-17,49.7271,50.094,49.1909,49.5084,1161800
2012-10-18,49.4308,49.8189,49.4308,49.7695,1083300
2012-10-19,49.5014,49.833,49.3038,49.4379,1149500
2012-10-22,49.6354,49.7483,48.8381,49.2968,675800
2012-10-23,48.9863,48.9863,48.3019,48.7676,770800
2012-10-24,49.0286,49.3179,48.1749,48.1749,948700
2012-10-25,48.3301,50.2351,48.3301,49.5155,2048500
2012-10-26,49.8259,49.8682,49.0851,49.4449,1261600
2012-10-31,49.7836,50.2563,49.706,50.1152,1244900
2012-11-01,50.087,50.7925,49.8541,50.5032,1108700
2012-11-02,50.7855,50.9054,50.4962,50.7855,1163000
2012-11-05,50.5879,51.1806,50.4891,51.0889,853700
2012-11-06,51.3076,51.8438,50.983,51.5757,1008200
2012-11-07,51.2582,51.2582,50.6514,51.1312,1072800
2012-11-08,51.0042,51.1806,50.4115,50.4327,914500
2012-11-09,50.1293,51.0253,49.96,50.4397,791000
2012-11-12,50.475,50.602,50.2351,50.4468,601200
2012-11-13,50.1152,50.8631,50.1152,50.7643,785900
2012-11-14,50.7431,51.2088,49.8682,50.1011,1371800
2012-11-15,50.0515,50.3065,49.5557,49.8603,828000
2012-11-16,49.6832,50.2852,49.4778,49.8107,1137500
2012-11-19,50.5048,50.9722,50.271,50.8235,1054600
2012-11-20,50.8943,51.3901,50.5402,51.2059,1012400
2012-11-21,51.0926,51.2342,50.9014,51.0855,519700
2012-11-23,51.3476,51.7442,51.3121,51.7371,265700
2012-11-26,51.3972,51.8788,51.3972,51.8363,1068800
2012-11-27,51.7017,51.9638,51.2838,51.298,1220600
2012-11-28,51.0289,51.3122,50.7598,51.3122,680800
2012-11-29,51.3122,51.5388,51.1139,51.4184,542400
2012-11-30,51.5459,51.8363,51.4751,51.815,975500
2012-12-03,51.815,51.9496,50.9935,51.0501,933700
2012-12-04,51.1493,51.213,50.5614,50.6606,798400
2012-12-05,50.6818,51.3405,50.4552,50.5685,1305200
2012-12-06,50.866,50.9935,50.5331,50.8022,671100
2012-12-07,50.9935,51.7371,50.8518,51.6238,1194100
2012-12-10,51.5671,51.6663,51.3051,51.4467,661300
2012-12-11,51.3476,51.7442,51.1705,51.4538,752900
2012-12-12,51.8859,51.9708,51.0855,51.213,818000
2012-12-13,51.298,51.7017,51.1705,51.4113,656800
2012-12-14,51.0926,51.2909,50.8306,51.0926,638000
2012-12-17,51.0997,51.4042,51.0289,51.1847,695200
2012-12-18,51.2768,51.6309,51.0855,51.6096,688300
2012-12-19,51.7017,52.4099,51.5601,52.0841,1363000
2012-12-20,52.0063,52.4029,51.9921,52.2825,586700
2012-12-21,52.1054,52.2541,51.5742,51.9283,874900
2012-12-24,51.8363,51.9213,51.553,51.8929,174500
2012-12-26,51.9992,52.07,51.1068,51.298,341900
2012-12-27,51.298,51.6946,51.0359,51.4821,380500
2012-12-28,51.3334,51.6875,50.9085,50.9864,378400
2012-12-31,50.9651,51.5671,50.6606,51.4821,445600
2013-01-02,51.9921,52.3958,51.8575,52.3462,663500
2013-01-03,52.2683,52.5374,52.07,52.247,590400
2013-01-04,52.4099,52.8916,52.2116,52.7428,822700
2013-01-07,52.8561,52.8916,52.1692,52.5729,585400
2013-01-08,52.6578,52.7287,51.9071,52.3462,560700
2013-01-09,52.502,52.9553,52.1125,52.6932,694500
2013-01-10,52.842,52.9765,52.4808,52.8491,442900
2013-01-11,52.7145,53.1182,52.1833,52.9341,860400
2013-01-14,52.8278,53.444,52.7145,53.3448,712800
2013-01-15,53.1253,53.7202,53.104,53.6706,811900
2013-01-16,53.5006,54.1806,53.3448,54.1451,707900
2013-01-17,54.1806,54.8676,54.0035,54.6622,741600
2013-01-18,54.5063,54.5772,54.1805,54.5347,556200
2013-01-22,54.4214,55.5121,54.4214,55.2571,1149500
2013-01-23,55.1367,55.5758,54.995,55.1225,810100
2013-01-24,55.2429,55.7529,54.6551,55.6112,1242600
2013-01-25,55.767,55.8732,55.335,55.512,856900
2013-01-28,55.597,56.0503,55.2429,56.022,742500
2013-01-29,55.6891,56.0078,54.9596,55.9158,613700
2013-01-30,55.9724,55.9724,55.597,55.6395,661600
2013-01-31,55.4625,56.454,55.4625,56.4186,1436600
2013-02-01,56.6311,56.6523,56.0149,56.5602,666200
2013-02-04,56.1849,56.2699,55.8803,56.2345,689600
2013-02-05,56.3053,57.3606,56.2132,56.6027,1277900
2013-02-06,56.2698,56.5248,56.029,56.2203,1595000
2013-02-07,52.7216,53.4581,50.4694,51.0784,5985900
2013-02-08,51.0926,52.4241,50.9934,52.4099,2413900
2013-02-11,52.3887,53.2527,51.9567,52.1337,2367100
2013-02-12,52.0629,52.3745,51.7442,52.1479,1501200
2013-02-13,52.2474,52.5318,52.0057,52.1834,1202100
2013-02-14,52.1408,52.6313,52.0057,52.5957,1554900
2013-02-15,52.7024,53.6407,52.6739,53.2497,1796100
2013-02-19,53.3137,53.3848,53.0934,53.1858,872900
2013-02-20,53.1431,53.1502,52.5104,52.6597,1233800
2013-02-21,52.6384,52.745,51.9488,52.2048,1088300
2013-02-22,52.2119,52.4251,51.8707,52.1692,895300
2013-02-25,52.0342,52.6881,51.6076,51.6361,1058500
2013-02-26,51.8707,51.8849,51.2451,51.7356,1166400
2013-02-27,51.5366,52.5602,51.5366,52.5246,1251000
2013-02-28,52.2829,52.8445,52.155,52.681,1036400
2013-03-01,52.1479,52.2119,51.5295,51.9986,1452700
2013-03-04,51.7783,52.2687,51.6148,52.2687,874400
2013-03-05,52.4678,53.2995,52.3754,53.0294,957700
2013-03-06,53.0791,53.7118,52.7805,53.5909,1026200
2013-03-07,53.7971,53.8042,53.2924,53.3634,582900
2013-03-08,53.6122,53.6975,53.3137,53.598,843200
2013-03-11,53.3492,53.5767,53.0009,53.2568,662800
2013-03-12,53.2782,53.662,53.008,53.5198,675700
2013-03-13,53.6691,53.9037,53.3635,53.7189,1069800
2013-03-14,53.6833,54.3586,53.4487,54.053,753600
2013-03-15,53.9606,54.2378,53.6762,54.1951,1991300
2013-03-18,53.8824,53.8824,53.3492,53.5838,481200
2013-03-19,53.598,53.7047,53.0862,53.5127,549300
2013-03-20,53.6549,53.6904,53.1857,53.4274,518400
2013-03-21,53.2995,53.2995,52.3114,52.3541,1123300
2013-03-22,52.5318,52.6313,52.155,52.3825,888500
2013-03-25,52.7024,52.9938,52.0128,52.091,787700
2013-03-26,52.1621,52.2758,51.9275,52.0626,946100
2013-03-27,51.9417,52.3683,51.7498,52.3611,857000
2013-03-28,52.4464,52.6384,52.2545,52.482,964800
2013-04-01,52.5815,52.6384,52.0697,52.2545,462500
2013-04-02,52.3043,52.4535,51.3944,51.5721,927500
2013-04-03,51.5437,51.5721,49.9869,50.1575,1847300
2013-04-04,50.1149,50.5627,49.7808,50.1149,987300
2013-04-05,49.6528,49.9656,49.2476,49.3401,1282700
2013-04-08,49.4253,49.7026,49.2334,49.3969,1326500
2013-04-09,49.4751,49.5178,48.6079,48.6576,1809600
2013-04-10,48.7358,48.9704,48.1956,48.2667,2199300
2013-04-11,48.2667,48.551,47.833,48.0676,1440300
2013-04-12,47.9752,49.2334,47.5274,49.2192,2870900
2013-04-15,48.7145,48.8567,47.3639,47.4705,1572100
2013-04-16,47.5985,47.8828,46.9374,47.2004,1831100
2013-04-17,46.7526,47.3426,46.7312,47.2786,1472300
2013-04-18,47.2715,47.9468,46.9018,47.8046,1210800
2013-04-19,48.1316,48.75,48.0108,48.5226,1061300
2013-04-22,48.4231,48.4515,47.7691,48.224,887600
2013-04-23,48.4515,48.9988,48.2951,48.9633,1196100
2013-04-24,49.0628,49.4396,48.3591,48.551,2029700
2013-04-25,49.7665,52.2758,49.6741,51.8707,3115700
2013-04-26,51.7925,51.8707,50.4134,50.8399,1352400
2013-04-29,50.8257,51.3589,50.6693,51.0461,864000
2013-04-30,51.3944,51.4584,50.8115,51.3304,1082400
2013-05-01,51.2451,51.2451,50.2073,50.3992,796800
2013-05-02,50.3921,50.52,49.9442,50.0793,924100
2013-05-03,50.3352,50.7831,49.9158,50.5627,885700
2013-05-06,50.4774,50.7333,50.1078,50.6978,605700
2013-05-07,50.6978,51.3162,50.6764,50.8328,1271200
2013-05-08,50.7262,51.6361,50.6977,51.6076,810700
2013-05-09,51.7854,51.8209,51.2451,51.3517,930400
2013-05-10,51.5366,51.6858,51.1811,51.4939,581500
2013-05-13,51.3802,51.4157,50.5058,50.8399,1037000
2013-05-14,50.9039,51.3091,50.847,51.2949,937300
2013-05-15,50.9181,51.764,50.6835,51.5579,1632700
2013-05-16,51.3652,51.7363,50.8729,51.0156,1073400
2013-05-17,51.0513,51.4366,50.8729,51.4223,757700
2013-05-20,51.1441,51.5294,51.0014,51.1013,895500
2013-05-21,51.0442,51.4437,50.9871,51.2511,644500
2013-05-22,51.2154,51.7933,50.9585,51.1583,888800
2013-05-23,50.3021,50.9157,50.0167,50.7088,881900
2013-05-24,50.5947,50.6303,50.1737,50.4377,624300
2013-05-28,50.7231,50.8943,50.1237,50.4448,625800
2013-05-29,50.6018,51.1512,50.1666,50.8658,849400
2013-05-30,51.0584,51.1298,50.666,50.8515,776400
2013-05-31,50.7302,50.8729,49.66,49.66,1146800
2013-06-03,49.6172,49.8954,49.3389,49.8526,734800
2013-06-04,49.9026,49.9596,49.4459,49.5886,832100
2013-06-05,49.5601,49.5601,48.9964,49.0392,870100
2013-06-06,49.0678,49.2319,48.6468,49.1891,608400
2013-06-07,49.2533,49.6528,49.2533,49.5815,384100
2013-06-10,49.6386,50.0025,49.3674,49.9597,476500
2013-06-11,49.8312,50.1452,49.503,50.0738,555500
2013-06-12,50.8444,51.1798,50.3521,50.3735,1422400
2013-06-13,50.6089,51.4437,50.1023,51.2582,1025900
2013-06-14,51.3866,51.4437,50.2522,50.6161,689900
2013-06-17,50.6803,50.9657,50.1666,50.7588,689400
2013-06-18,50.6589,51.5436,50.6589,51.244,659100
2013-06-19,51.2297,51.3581,50.6303,50.6446,705900
2013-06-20,50.3235,50.5376,50.138,50.1951,1070100
2013-06-21,50.3806,50.4091,49.8883,50.0809,1322700
2013-06-24,49.6457,49.7955,49.0035,49.2319,1372000
2013-06-25,49.503,49.6885,49.1819,49.4602,878900
2013-06-26,49.7599,50.245,49.5815,50.1238,535800
2013-06-27,50.245,50.7659,50.1166,50.6945,460900
2013-06-28,50.6518,50.7445,50.2308,50.4948,899800
2013-07-01,50.4948,51.4152,50.3093,51.2154,586300
2013-07-02,51.2725,51.5365,50.7302,50.9157,567000
2013-07-03,50.7302,51.244,50.5661,51.2297,460100
2013-07-05,51.7505,51.7505,50.6446,50.9086,679100
2013-07-08,51.0798,51.8433,50.9871,51.6435,567800
2013-07-09,51.9289,52.9778,51.9289,52.5996,1168000
2013-07-10,52.5996,52.9706,52.1644,52.8779,666500
2013-07-11,52.8707,53.3274,52.7566,52.9564,867700
2013-07-12,52.9564,53.0134,52.5211,52.9635,510300
2013-07-15,52.9064,53.1062,52.3856,52.5711,765800
2013-07-16,52.5853,52.7209,52.0431,52.407,617700
2013-07-17,52.3784,52.7066,52.2643,52.3428,603100
2013-07-18,52.4569,52.6781,52.3499,52.6139,442600
2013-07-19,52.4141,52.7923,52.143,52.5711,473000
2013-07-22,52.6781,52.7637,52.4569,52.5497,756800
2013-07-23,52.7066,52.778,52.4355,52.4783,499900
2013-07-24,52.5497,53.0777,52.2785,52.9564,965300
2013-07-25,49.6172,53.2418,48.818,53.1776,2501100
2013-07-26,52.992,53.9695,52.6353,53.3417,1414000
2013-07-29,53.3488,53.8839,53.2703,53.3631,654300
2013-07-30,53.2917,54.7187,53.2917,54.5332,1313000
2013-07-31,54.7259,55.261,54.2335,54.2335,1013800
2013-08-01,54.5047,54.9114,54.2906,54.5903,668900
2013-08-02,54.6545,54.7116,54.1836,54.7116,437300
2013-08-05,54.7401,54.8257,54.4761,54.7758,449600
2013-08-06,54.7187,55.0327,54.2835,54.5475,727200
2013-08-07,54.576,55.0184,54.362,54.9185,621000
2013-08-08,54.997,55.4536,54.3548,55.154,627800
2013-08-09,54.9756,55.368,54.8257,55.0326,749800
2013-08-12,54.9756,55.3323,54.84,55.0897,472000
2013-08-13,55.0469,55.7604,55.0398,55.5535,620900
2013-08-14,55.4679,56.1885,55.4679,55.8175,647200
2013-08-15,55.6534,56.2456,54.3834,54.4119,920600
2013-08-16,54.4406,54.9133,53.975,54.6268,590100
2013-08-19,54.4477,55.0208,54.2042,54.2185,567200
2013-08-20,54.1039,54.591,54.0251,54.3188,633200
2013-08-21,54.197,54.5623,54.1684,54.3045,564300
2013-08-22,54.8632,55.2285,54.5695,54.8202,465700
2013-08-23,54.7987,55.4291,54.6913,54.9491,420300
2013-08-26,55.207,55.2643,53.9391,54.0251,942700
2013-08-27,53.7171,54.505,53.6598,54.1397,526800
2013-08-28,53.9964,54.2901,53.581,53.624,642900
2013-08-29,53.5093,54.2042,53.5093,53.9105,448400
2013-08-30,54.0466,54.3403,53.889,54.283,376700
2013-09-03,54.548,55.0566,54.4764,54.6626,594600
2013-09-04,54.6196,54.7987,54.0896,54.634,551300
2013-09-05,54.548,54.9062,54.1469,54.8632,427800
2013-09-06,54.9062,55.4076,54.7271,54.7271,530200
2013-09-09,55.0423,55.3431,54.7486,55.207,441800
2013-09-10,55.4434,55.5509,54.6268,54.8345,985000
2013-09-11,54.7414,55.3646,54.4334,55.3574,607500
2013-09-12,55.3861,55.472,55.0494,55.3001,357800
2013-09-13,55.1139,55.8589,54.8345,55.7873,533800
2013-09-16,56.0953,56.5895,56.0953,56.2672,653000
2013-09-17,56.2672,56.7041,56.1955,56.6612,579500
2013-09-18,56.4749,56.8403,56.1454,56.697,618600
2013-09-19,56.8402,56.8689,56.0738,56.1884,437200
2013-09-20,55.9019,56.5537,55.8374,55.9448,1008600
2013-09-23,55.7729,56.0093,55.293,55.4148,631300
2013-09-24,55.3431,55.8517,55.3431,55.4005,583000
2013-09-25,55.5079,55.5509,55.1068,55.3646,418600
2013-09-26,55.3431,55.9019,54.8847,54.9062,787500
2013-09-27,54.6483,54.7701,54.1325,54.591,1286800
2013-09-30,54.154,54.4477,54.0179,54.3761,715100
2013-10-01,54.2543,54.6913,53.9534,54.5193,619400
2013-10-02,54.6411,55.73,54.1684,55.7085,837300
2013-10-03,55.4792,55.7658,54.942,55.6153,831200
2013-10-04,55.4291,56.5107,55.4076,56.0594,646000
2013-10-07,55.7156,56.3388,55.6082,56.0953,700200
2013-10-08,56.0738,56.5251,55.8947,56.2314,793900
2013-10-09,55.8947,56.5537,55.5079,55.6727,795100
2013-10-10,56.1096,56.4821,55.9592,56.1669,421200
2013-10-11,56.1311,56.5895,56.0881,56.4893,485100
2013-10-14,56.1024,56.4391,56.0523,56.2958,284300
2013-10-15,56.0594,56.4821,55.9377,56.3531,420200
2013-10-16,56.5896,57.1053,56.303,57.005,901100
2013-10-17,56.74,58.0508,56.74,58.0437,885800
2013-10-18,57.9649,58.2657,57.4706,57.8717,973400
2013-10-21,58.452,58.7672,58.144,58.2443,1493800
2013-10-22,55.7944,58.0222,55.6512,57.7571,2001100
2013-10-23,57.7858,58.2944,57.3345,58.0079,1374500
2013-10-24,57.7285,58.5952,56.919,57.3846,1898500
2013-10-25,57.5136,59.2184,57.2342,59.0179,2049900
2013-10-28,59.3259,59.7413,59.025,59.5336,1342200
2013-10-29,59.4405,59.7557,59.2184,59.4262,941400
2013-10-30,59.4119,59.5551,58.6884,58.9033,754600
2013-10-31,59.0035,59.1755,58.5881,58.8316,934600
2013-11-01,58.6096,59.1826,58.6096,59.0537,726200
2013-11-04,59.0322,59.3904,59.0322,59.3545,864400
2013-11-05,59.0036,59.1468,58.6239,58.7672,753900
2013-11-06,58.7815,58.9463,58.2371,58.7385,831900
2013-11-07,58.6382,58.7313,57.8144,57.8646,1250000
2013-11-08,57.8646,58.1296,57.6354,57.9649,957000
2013-11-11,58.0651,58.5594,58.0508,58.3302,625100
2013-11-12,58.1655,59.0465,58.0437,58.9104,827600
2013-11-13,58.5666,59.111,58.3947,59.0394,872900
2013-11-14,58.9459,59.2766,58.7086,59.0753,1081700
2013-11-15,59.1184,59.2335,58.7374,58.91,570100
2013-11-18,59.025,59.0825,58.1335,58.5577,1382800
2013-11-19,58.644,58.644,57.5799,57.7093,1048700
2013-11-20,57.6159,58.0616,57.2852,57.3858,683400
2013-11-21,57.4074,57.7381,57.2851,57.4505,679700
2013-11-22,57.5008,58.1766,57.2851,58.0328,620200
2013-11-25,58.2126,58.227,57.7309,57.7669,632700
2013-11-26,57.8387,58.1407,57.6662,57.9825,699500
2013-11-27,58.0401,58.191,57.7956,57.8963,502400
2013-11-29,57.8747,58.0975,57.4649,57.6015,225400
2013-12-02,57.8315,58.0975,57.127,57.7884,697000
2013-12-03,57.7525,57.7525,57.2132,57.3067,687700
2013-12-04,57.0838,57.9969,56.8969,57.7525,734500
2013-12-05,57.7525,57.8243,57.2708,57.7956,587600
2013-12-06,59.9165,60.5204,58.1766,58.191,810100
2013-12-09,58.0185,58.9818,57.9969,58.9675,881200
2013-12-10,58.7302,58.7374,57.889,58.4067,1330900
2013-12-11,58.4642,58.6008,57.8531,57.8963,791200
2013-12-12,57.8243,57.9322,57.4361,57.6518,972700
2013-12-13,57.7596,58.1335,57.6015,57.6734,635700
2013-12-16,57.7093,58.2485,57.4937,57.8819,687400
2013-12-17,58.0256,58.7733,57.5368,58.5289,773000
2013-12-18,58.6727,58.6727,57.5152,58.4858,942100
2013-12-19,58.2845,58.572,57.9178,58.4211,706300
2013-12-20,58.5002,58.723,58.1695,58.723,1335900
2013-12-23,58.8812,59.2263,58.5649,59.0394,533200
2013-12-24,59.0322,59.7511,58.9459,59.4348,342400
2013-12-26,59.5426,59.5426,58.9675,59.1472,258300
2013-12-27,59.0034,59.2838,58.2988,59.2191,251500
2013-12-30,59.1904,59.3629,58.8309,58.8884,399700
2013-12-31,59.0537,59.2119,58.7446,59.0322,400700
2014-01-02,58.7446,59.1544,58.6368,58.8956,369100
2014-01-03,58.723,58.723,58.1982,58.4139,624700
2014-01-06,58.6583,58.8596,58.191,58.2989,1249500
2014-01-07,58.3707,58.8668,58.342,58.7015,968200
2014-01-08,58.5217,58.8237,58.3132,58.4714,695100
2014-01-09,58.6655,58.8381,58.191,58.3995,713800
2014-01-10,58.4714,58.9531,58.2341,58.5577,560400
2014-01-13,58.2701,58.6511,58.2126,58.2773,712200
2014-01-14,58.1623,59.1184,58.0975,58.8165,647200
2014-01-15,58.9962,58.9962,58.5002,58.6511,874700
2014-01-16,58.5936,58.7086,58.0328,58.572,962600
2014-01-17,58.493,58.7662,58.2414,58.4498,502600
2014-01-21,58.493,58.5792,58.0688,58.4786,661000
2014-01-22,58.8093,58.8093,58.1047,58.2989,658400
2014-01-23,57.9969,58.5721,57.5008,57.5871,1003600
2014-01-24,57.3355,57.4074,55.8113,55.8185,1255000
2014-01-27,55.6028,56.0198,54.9126,55.3799,1516000
2014-01-28,55.3728,55.8688,55.1283,55.6963,931100
2014-01-29,55.3943,55.495,54.5748,54.6035,885400
2014-01-30,54.697,55.2146,54.3806,55.0996,681400
2014-01-31,54.6538,54.9054,54.4309,54.4669,666000
2014-02-03,54.3447,54.7545,53.4244,53.5107,973600
2014-02-04,53.6185,53.7839,52.6695,52.8493,1764400
2014-02-05,52.8205,53.7623,52.5689,53.3885,1372400
2014-02-06,53.4101,54.1793,53.4101,54.0068,863300
2014-02-07,54.1218,54.7257,53.8702,54.0571,834400
2014-02-10,53.978,54.1937,53.3957,53.6473,1042400
2014-02-11,53.9277,54.9774,53.6186,54.927,1041300
2014-02-12,54.5891,54.9414,54.2297,54.5891,999500
2014-02-13,54.7479,55.8811,54.1344,55.8378,2136400
2014-02-14,55.7512,56.8917,55.3542,56.7473,1650900
2014-02-18,56.6751,56.9638,56.3792,56.5235,929300
2014-02-19,56.3864,56.7978,56.2276,56.5885,1084100
2014-02-20,56.5163,57.4474,56.4225,57.1226,1034500
2014-02-21,57.1226,57.4402,57.0215,57.2886,1491400
2014-02-24,57.3103,58.2775,57.3103,57.6567,1177100
2014-02-25,57.5629,58.1548,57.4691,57.7506,913800
2014-02-26,57.7433,58.2053,57.6279,57.7722,812900
2014-02-27,57.5917,57.7144,57.1298,57.3752,984700
2014-02-28,57.3536,57.6712,57.0504,57.4619,966600
2014-03-03,56.9421,56.9494,56.2709,56.6101,1207900
2014-03-04,57.2742,57.3392,56.6823,56.8916,1282400
2014-03-05,56.7545,56.87,56.1338,56.5741,1068400
2014-03-06,56.6318,58.0249,56.3792,57.9238,1440700
2014-03-07,57.9382,58.2414,57.4185,57.7289,1015400
2014-03-10,57.534,58.1692,57.4691,58.1404,942600
2014-03-11,58.097,58.1764,56.8555,57.0937,1095200
2014-03-12,56.5813,57.368,56.473,56.5957,1240400
2014-03-13,56.7112,57.0504,56.2853,56.2998,1071200
2014-03-14,56.2781,56.8628,56.1843,56.4153,774800
2014-03-17,56.4802,57.0216,56.372,56.6607,836400
2014-03-18,56.6679,57.101,56.5235,57.0504,740000
2014-03-19,57.1804,57.1804,56.2637,56.4008,534300
2014-03-20,56.2059,56.7545,56.0832,56.5018,645200
2014-03-21,56.6534,57.0576,56.4441,56.5524,1145100
2014-03-24,56.6607,56.8339,56.141,56.2709,555900
2014-03-25,56.5957,56.9494,56.2781,56.4153,707700
2014-03-26,56.7473,56.9133,55.9172,55.9389,883900
2014-03-27,56.1193,56.704,55.7873,56.4658,958700
2014-03-28,56.8772,57.1876,56.6029,57.0071,657400
2014-03-31,57.2886,57.3969,56.8628,57.3897,698300
2014-04-01,57.4619,57.6062,56.971,57.4258,718800
2014-04-02,57.3969,57.7867,56.8628,57.3608,896900
2014-04-03,57.3608,57.4041,56.6173,57.3752,815500
2014-04-04,57.4979,57.6062,56.2781,56.4441,1247300
2014-04-07,56.3214,56.9349,55.9389,56.3286,1079600
2014-04-08,56.5596,58.1331,56.2998,57.7361,2151000
2014-04-09,57.8877,58.4652,57.3897,58.0032,804300
2014-04-10,57.7794,58.4868,57.1876,57.3103,727100
2014-04-11,57.1587,57.202,56.3647,56.4802,678900
2014-04-14,56.8989,57.599,56.6102,57.2092,597100
2014-04-15,57.2742,57.6423,56.8844,57.4402,842400
2014-04-16,57.7506,58.559,57.6639,58.5518,931200
2014-04-17,58.5012,58.6167,57.8228,57.9238,722900
2014-04-21,57.8949,57.8949,57.3608,57.7361,394800
2014-04-22,57.7217,57.9527,57.4041,57.8227,830400
2014-04-23,57.8877,58.3352,57.7938,58.2991,522100
2014-04-24,58.328,58.725,57.9671,58.2991,565100
2014-04-25,58.2775,58.826,57.8588,58.7394,745100
2014-04-28,59.0065,59.0065,57.4691,57.6567,699400
2014-04-29,57.7073,58.3641,57.6062,57.6062,832900
2014-04-30,57.6351,58.1259,57.2742,57.4907,1601500
2014-05-01,56.0471,56.0832,54.1993,54.3798,3519800
2014-05-02,54.387,55.2243,54.2427,55.1449,1825900
2014-05-05,54.8851,54.9861,54.2932,54.5458,1487200
2014-05-06,54.5097,54.8634,54.3004,54.4808,1010300
2014-05-07,54.6902,55.679,54.5169,55.6502,1395000
2014-05-08,55.5924,55.9245,55.0944,55.4048,980400
2014-05-09,55.7729,56.0832,55.3831,55.5347,938900
2014-05-12,55.6646,56.2637,55.6646,55.975,710800
2014-05-13,56.0399,56.1915,55.7729,56.0111,1029500
2014-05-14,56.0545,56.4241,55.8372,56.185,956200
2014-05-15,55.9603,55.9676,55.1271,55.2865,681400
2014-05-16,55.2865,55.6705,55.1705,55.569,562400
2014-05-19,55.4676,55.5328,55.1705,55.4893,825600
2014-05-20,55.5401,55.8444,55.3009,55.8009,1043300
2014-05-21,56.1053,56.1053,55.3589,55.4024,793200
2014-05-22,55.1923,55.4604,54.6778,54.7068,690800
2014-05-23,54.8445,55.1415,54.6416,54.8734,722100
2014-05-27,54.83,55.1778,54.685,54.9821,686300
2014-05-28,55.0256,55.7574,54.8662,55.4604,1217800
2014-05-29,55.7864,56.7719,55.5473,56.1777,1308700
2014-05-30,56.156,56.569,55.9821,56.3081,1047600
2014-06-02,56.3733,56.482,55.7864,55.8009,733700
2014-06-03,55.5908,55.9676,55.5111,55.5618,981800
2014-06-04,55.5183,55.5401,54.3445,54.6126,1524100
2014-06-05,54.8082,55.2792,54.4749,55.156,702500
2014-06-06,55.1415,55.6487,55.1415,55.5038,421900
2014-06-09,55.3517,55.743,55.2068,55.3082,432300
2014-06-10,55.1126,55.3807,54.9387,55.2285,611200
2014-06-11,55.1995,55.4241,54.8879,54.9314,729800
2014-06-12,54.9966,55.1415,54.33,54.4242,872300
2014-06-13,54.417,54.5691,54.1561,54.3228,472400
2014-06-16,54.3373,54.417,54.1271,54.3228,459600
2014-06-17,54.3083,54.6995,54.0474,54.6053,473300
2014-06-18,54.5401,54.743,53.9097,54.7213,544500
2014-06-19,54.7068,55.1053,54.6416,55.0691,540200
2014-06-20,54.8952,55.3372,54.8807,55.0328,914100
2014-06-23,54.9749,55.0546,54.5691,54.8082,639500
2014-06-24,54.7358,55.0836,54.2213,54.243,506900
2014-06-25,54.2938,54.5691,53.9822,54.1126,628100
2014-06-26,54.1633,54.8372,53.8807,54.7937,672300
2014-06-27,54.7937,55.4241,54.5836,55.2285,1372200
2014-06-30,55.1343,55.2864,54.5401,54.8082,1004300
2014-07-01,54.9966,55.3372,54.8952,54.9966,589800
2014-07-02,54.8879,55.301,54.8517,55.185,649500
2014-07-03,55.214,55.5546,55.0691,55.1126,538400
2014-07-07,54.9314,55.7502,54.8517,55.6343,641700
2014-07-08,55.5835,55.8951,55.2212,55.2357,869700
2014-07-09,55.3444,55.4749,54.3807,54.4459,881800
2014-07-10,53.9894,54.2865,53.6634,53.9387,1240200
2014-07-11,54.0329,54.0692,53.3446,53.4605,1017700
2014-07-14,53.6706,54.0257,53.3156,53.6126,705300
2014-07-15,53.5257,53.6126,53.2069,53.2866,730400
2014-07-16,53.4677,53.8518,53.2576,53.8228,491000
2014-07-17,53.5837,53.8155,53.4532,53.5692,692300
2014-07-18,53.5692,53.6996,53.3301,53.5619,515000
2014-07-21,53.5184,53.7358,53.359,53.5112,818600
2014-07-22,53.5257,54.4025,53.5257,54.272,749600
2014-07-23,54.359,54.4242,53.8735,54.272,624400
2014-07-24,54.2068,54.6995,54.2068,54.5619,633100
2014-07-25,54.4749,54.5184,53.9097,53.9242,319800
2014-07-28,53.9242,54.0329,53.6126,53.8155,379000
2014-07-29,53.8373,54.0547,53.6851,53.7576,637500
2014-07-30,53.7866,54.0257,53.1272,53.3663,1693300
2014-07-31,54.4459,57.953,54.4459,57.1269,3918200
2014-08-01,57.0979,58.6268,56.9023,58.5471,1720600
2014-08-04,58.3877,58.5471,58.0616,58.1558,1442500
2014-08-05,58.1558,58.395,57.7138,57.8515,1117300
2014-08-06,57.5399,58.0037,57.3588,57.9674,1016500
2014-08-07,58.0109,58.2863,57.5834,57.9385,857900
2014-08-08,57.8008,58.3442,57.7356,58.1776,1310500
2014-08-11,58.5327,59.9818,58.4674,59.5906,1404500
2014-08-12,59.3079,59.7427,59.2355,59.4094,989100
2014-08-13,59.3442,59.5688,58.9167,59.0688,1139700
2014-08-14,59.3515,59.5833,59.2138,59.3732,1067200
2014-08-15,59.4678,59.8825,59.0166,59.264,1286600
2014-08-18,59.4532,60.0353,59.0166,59.2568,1078400
2014-08-19,59.5623,60.5373,59.264,60.3118,1216400
2014-08-20,60.1663,60.2754,59.2349,59.8679,878900
2014-08-21,59.817,60.4428,59.7952,60.4064,688800
2014-08-22,60.4573,60.6974,60.1299,60.2536,577400
2014-08-25,60.5956,60.9957,60.3118,60.8138,765700
2014-08-26,60.9375,61.3232,60.9011,61.2504,915800
2014-08-27,60.9957,61.556,60.9739,61.5269,669200
2014-08-28,61.2067,61.4541,61.1049,61.3231,523200
2014-08-29,61.3668,61.7525,61.134,61.5924,674000
2014-09-02,61.7597,62.1599,61.476,62.0435,1196200
2014-09-03,62.109,62.6183,61.9707,62.4073,991400
2014-09-04,62.2763,62.9821,61.7452,61.767,1106800
2014-09-05,61.7816,62.2108,61.5269,62.1672,884700
2014-09-08,62.109,62.4946,61.7961,62.2982,661300
2014-09-09,62.3782,62.6183,62.1308,62.2545,767700
2014-09-10,62.1308,62.2327,61.7597,62.109,988900
2014-09-11,62.2618,62.8802,62.1963,62.8366,887400
2014-09-12,62.7784,62.8075,62.2327,62.5092,687600
2014-09-15,62.4801,62.7275,62.2618,62.611,579600
2014-09-16,62.6256,62.8948,62.3491,62.7129,762800
2014-09-17,62.8657,62.8948,62.5019,62.6329,614700
2014-09-18,62.6111,62.8803,62.4146,62.6038,970000
2014-09-19,62.6765,62.8875,61.7816,61.8398,1217100
2014-09-22,61.8252,62.1672,61.7379,62.0289,657100
2014-09-23,62.0289,62.0289,61.2431,61.4396,825800
2014-09-24,61.3596,61.9053,61.2577,61.8107,573300
2014-09-25,61.7743,61.7743,60.6101,60.8357,697800
2014-09-26,60.8284,61.687,60.5956,61.4905,462700
2014-09-29,61.1122,61.4323,60.7556,61.2068,514100
2014-09-30,61.134,61.4032,61.0103,61.2868,953600
2014-10-01,61.1994,61.5487,59.555,60.2536,1579300
2014-10-02,59.9334,60.3554,59.4823,59.7297,1188300
2014-10-03,59.7733,60.9884,59.3659,60.8284,1073300
2014-10-06,61.6506,62.0362,61.1922,61.8907,1257900
2014-10-07,61.9562,62.2327,61.4396,61.4832,1268700
2014-10-08,61.4614,61.898,60.7483,61.8616,1778600
2014-10-09,61.7015,62.0508,60.6174,60.7047,1283300
2014-10-10,60.6828,61.1485,60.0862,60.1153,872600
2014-10-13,60.0498,60.4937,59.3513,59.4095,1035100
2014-10-14,59.6569,60.8866,59.3295,59.8316,1424400
2014-10-15,59.1549,59.3149,57.8233,59.1913,1728600
2014-10-16,58.4273,59.3222,57.9398,58.9148,1233500
2014-10-17,59.2495,60.1371,59.2495,59.9625,863100
2014-10-20,59.6642,60.0717,58.7838,59.9625,1333900
2014-10-21,60.37,61.0976,59.8097,61.0321,1025700
2014-10-22,60.9302,61.7816,60.6829,61.0467,1031100
2014-10-23,61.6433,61.6579,60.9594,61.0903,490900
2014-10-24,61.0248,61.6069,60.7993,61.6069,510900
2014-10-27,61.6433,61.6433,60.6319,60.9885,752100
2014-10-28,60.1881,61.7233,60.0644,61.6433,1251500
2014-10-29,61.7743,62.1963,61.2068,61.8398,1359400
2014-10-30,61.1194,62.2036,59.6642,62.0871,2737400
2014-10-31,62.4146,64.6484,62.1454,64.5028,2268600
2014-11-03,64.4519,64.5683,63.5788,63.8043,1408400
2014-11-04,63.5642,64.1609,63.2877,63.7825,1042300
2014-11-05,64.2118,64.9976,64.0735,64.9103,1325800
2014-11-06,64.7575,64.983,64.3064,64.3573,1043000
2014-11-07,64.059,64.7211,63.9571,64.5829,848600
2014-11-10,64.4446,65.0267,63.9789,64.5756,990000
2014-11-11,64.2409,64.8666,63.979,64.7866,775200
2014-11-12,64.2773,64.7284,63.9862,64.401,1011200
2014-11-13,64.4082,64.7502,64.0735,64.5756,904700
2014-11-14,64.4879,65.3425,64.4222,64.6998,876900
2014-11-17,64.6121,65.6347,64.5171,65.4959,1119000
2014-11-18,65.401,66.0948,65.3206,65.7662,696800
2014-11-19,66.0802,66.0802,65.3571,65.8757,565300
2014-11-20,65.7442,66.5988,65.5689,66.219,879200
2014-11-21,67.0736,67.5191,66.5258,66.8326,1319600
2014-11-24,66.7011,66.8472,65.5032,65.6347,1362300
2014-11-25,65.8392,66.3724,65.5835,65.978,1336800
2014-11-26,65.8392,65.9999,65.4156,65.5909,808700
2014-11-28,65.7077,66.4016,65.5689,66.2993,381900
2014-12-01,66.0656,66.4673,65.7442,66.2993,1347800
2014-12-02,66.4674,66.6281,65.8611,66.0803,1301000
2014-12-03,66.2263,66.796,65.9122,66.6499,1432000
2014-12-04,66.3213,66.6426,65.4375,65.5762,1203000
2014-12-05,65.8319,67.1612,65.5543,67.1101,1125900
2014-12-08,67.0151,67.9281,66.6134,67.4972,1230300
2014-12-09,67.0078,67.8916,66.9202,67.8624,1211900
2014-12-10,67.9355,67.9647,65.8392,65.9853,1417000
2014-12-11,66.5915,68.0523,66.4674,67.8113,1395800
2014-12-12,67.3658,67.3658,65.7077,65.7515,1203100
2014-12-15,66.1752,66.3213,64.802,65.5105,939300
2014-12-16,65.5032,66.4162,64.8458,64.9043,831100
2014-12-17,64.9335,66.2044,64.9043,66.0291,697200
2014-12-18,66.7303,67.1904,66.4819,67.0005,627800
2014-12-19,66.9421,67.3584,66.0218,66.0218,1842500
2014-12-22,66.2702,67.468,66.0437,67.3,948600
2014-12-23,67.7675,67.7675,66.9275,67.4607,993900
2014-12-24,67.4607,67.7383,67.2197,67.2197,219000
2014-12-26,67.5557,67.8332,67.3,67.563,259300
2014-12-29,67.5118,67.8916,67.1612,67.6652,424800
2014-12-30,67.563,67.8259,67.2197,67.2708,325100
2014-12-31,67.2197,67.3219,66.3505,66.4016,402800
2015-01-02,66.3797,66.8107,65.9926,66.5842,493900
2015-01-05,66.4454,66.6061,64.9627,65.2329,1114900
2015-01-06,65.4521,65.5689,64.0205,64.6194,1861200
2015-01-07,64.9042,65.1526,64.3564,64.9554,751900
2015-01-08,65.4959,66.1971,64.5756,66.146,1229500
2015-01-09,66.2921,66.3578,65.2987,65.3425,529600
2015-01-12,65.1088,65.2841,64.1227,64.8897,870900
2015-01-13,65.3863,66.4308,64.9773,65.6493,735000
2015-01-14,64.9846,65.6274,64.5245,65.6128,613800
2015-01-15,65.7516,66.46,65.4886,66.146,823000
2015-01-16,65.9561,67.1978,65.9488,67.1686,638500
2015-01-20,67.1466,67.5045,66.0145,66.3286,877700
2015-01-21,66.0072,66.9787,65.8319,66.9129,775700
2015-01-22,67.0225,67.5338,66.4893,67.227,705800
2015-01-23,67.2927,67.7456,67.0371,67.1247,437900
2015-01-26,67.2562,67.7383,67.0809,67.4242,602100
2015-01-27,67.2489,67.5776,66.482,67.1539,480700
2015-01-28,67.709,67.8478,66.2482,66.3505,434400
2015-01-29,66.7376,66.8399,65.7588,66.8326,428100
2015-01-30,66.4162,66.8837,65.3279,65.3937,862500
2015-02-02,65.5909,66.2775,64.9627,66.1752,616700
2015-02-03,65.5105,66.4089,65.0796,65.883,1334000
2015-02-04,66.0437,66.4673,65.0503,65.5251,1202500
2015-02-05,65.8684,66.8472,65.3425,66.8107,999700
2015-02-06,66.7814,67.1101,66.1387,66.2263,796500
2015-02-09,66.1022,66.6427,65.9049,65.9634,523700
2015-02-10,66.1752,66.7741,65.9415,66.7157,962400
2015-02-11,66.3724,66.8472,66.1241,66.8179,1008800
2015-02-12,62.7784,63.7828,58.6508,58.9734,5789500
2015-02-13,58.8341,60.7696,58.5262,60.2784,3111900
2015-02-17,59.9338,60.9162,59.8678,60.645,1653300
2015-02-18,60.6376,60.8356,60.1831,60.7696,1390700
2015-02-19,60.293,60.7109,60.2637,60.4836,1071100
2015-02-20,60.469,60.7256,60.1831,60.645,1068200
2015-02-23,60.469,60.7843,60.3664,60.7256,673400
2015-02-24,60.4763,60.9602,60.1611,60.535,655300
2015-02-25,60.9382,60.9382,60.0878,60.1537,724100
2015-02-26,59.9338,60.2197,59.4866,59.6112,842500
2015-02-27,59.5672,60.1977,59.5672,59.9558,690600
2015-03-02,59.9558,60.0731,59.2227,59.8239,1103000
2015-03-03,59.5966,60.1904,59.384,59.6699,1312500
2015-03-04,59.7139,60.4177,59.5892,60.1318,935200
2015-03-05,60.0731,60.6596,59.8532,60.337,735500
2015-03-06,60.1464,60.337,58.9514,59.2373,1026400
2015-03-09,59.1714,59.3326,58.6068,58.8414,920100
2015-03-10,58.5042,58.7095,58.0057,58.4602,991100
2015-03-11,58.2036,58.6068,57.6977,57.8151,1177700
2015-03-12,58.0643,58.5555,57.7051,58.4015,1126900
2015-03-13,58.6655,58.6655,57.7564,58.2183,742000
2015-03-16,58.1743,58.8488,57.9983,58.3063,810800
2015-03-17,57.5438,58.3062,57.5438,57.8884,891900
2015-03-18,57.9104,58.9807,57.4778,58.6948,1214800
2015-03-19,58.4822,58.5335,57.8077,57.9397,911600
2015-03-20,58.0936,58.8048,57.9177,58.7901,1221600
2015-03-23,58.4749,59.8678,58.3942,59.4133,1379300
2015-03-24,59.3839,59.6405,58.5188,58.5848,921100
2015-03-25,58.8854,58.9221,58.0643,58.3209,1314600
2015-03-26,58.0716,58.2916,57.4265,57.5511,1116200
2015-03-27,58.1596,58.7315,57.6831,58.7022,1513300
2015-03-30,59.0174,60.2491,58.9001,59.9705,1332600
2015-03-31,59.6772,60.4103,59.3033,60.381,1481900
2015-04-01,60.4983,61.2534,60.2637,60.9675,1516300
2015-04-02,60.8282,61.84,60.7256,61.3048,1274900
2015-04-06,61.0848,62.1112,61.0848,61.5687,784800
2015-04-07,61.4587,62.2285,61.3048,61.4294,818000
2015-04-08,61.4147,62.1039,61.3927,61.9573,781800
2015-04-09,61.9939,62.2065,61.576,61.818,616600
2015-04-10,61.9353,62.3678,61.7813,62.2505,774200
2015-04-13,62.1845,62.815,61.9573,62.1845,877900
2015-04-14,62.6391,63.1596,62.0379,62.969,1067700
2015-04-15,63.2036,63.8561,62.6611,63.7461,1142200
2015-04-16,63.9367,63.9807,63.3649,63.5262,715900
2015-04-17,63.0789,63.2622,62.4704,62.7197,877700
2015-04-20,62.7271,62.9983,62.2212,62.2579,974200
2015-04-21,62.5145,62.6464,61.6274,62.0013,860700
2015-04-22,61.9719,62.3092,61.8473,62.2065,550100
2015-04-23,62.1259,63.2036,61.9133,62.837,566100
2015-04-24,63.2916,63.6141,62.6831,62.903,946200
2015-04-27,62.8664,63.7314,62.771,63.2842,729700
2015-04-28,63.2916,63.6068,62.8224,63.5335,589200
2015-04-29,62.9543,63.9221,62.947,63.8048,1235900
2015-04-30,63.7827,65.6083,63.1376,63.3209,2124000
2015-05-01,63.7608,65.3883,63.5188,65.0877,2418500
2015-05-04,64.9851,65.7696,64.9045,65.4543,1116300
2015-05-05,65.491,65.579,64.4866,64.5379,947900
2015-05-06,64.9411,65.1757,64.6405,64.9851,1287800
2015-05-07,65.3297,66.1361,64.9411,65.6156,1993600
2015-05-08,66.1288,66.1948,65.8209,65.9162,748800
2015-05-11,65.7842,66.1508,65.5423,65.9455,790500
2015-05-12,65.9162,66.2168,65.8136,65.9675,820000
2015-05-13,66.2168,66.8766,66.0188,66.4367,1321100
2015-05-14,66.7886,67.1332,66.5907,66.8766,1319000
2015-05-15,67.2077,67.8995,66.7368,67.5978,1212100
2015-05-18,67.3402,67.8038,67.068,67.6419,995100
2015-05-19,67.5904,67.767,67.0753,67.2813,868800
2015-05-20,67.4506,68.4661,67.4432,67.8774,983800
2015-05-21,67.5242,67.8921,67.4064,67.4211,945400
2015-05-22,67.3328,67.6051,66.8177,67.1268,651000
2015-05-26,66.8766,67.171,66.4645,66.5602,989300
2015-05-27,66.8472,67.6198,66.413,67.2887,798100
2015-05-28,67.2887,67.6346,67.1415,67.3476,637500
2015-05-29,67.3255,68.2306,67.1341,68.1129,1276300
2015-06-01,68.1497,68.2453,67.274,67.4506,858800
2015-06-02,67.2372,67.561,66.9796,67.1562,510000
2015-06-03,67.4211,67.4211,66.8472,67.1709,625800
2015-06-04,66.6926,67.2298,66.2364,66.3615,638300
2015-06-05,66.045,66.4792,65.6477,66.2511,617900
2015-06-08,66.3173,66.4277,65.8832,65.9347,609300
2015-06-09,66.0451,66.3762,65.736,66.0156,737200
2015-06-10,66.2364,67.5904,66.2364,67.5168,1193700
2015-06-11,67.4506,67.8332,67.2004,67.5683,771700
2015-06-12,67.2151,67.5021,67.0826,67.4506,426600
2015-06-15,66.8913,67.3034,66.7442,67.0311,485800
2015-06-16,67.0753,67.2077,66.6117,67.0826,557900
2015-06-17,67.0017,67.274,66.4277,67.2077,815000
2015-06-18,67.1856,67.9951,67.0753,67.6787,757400
2015-06-19,67.7523,67.7891,67.4727,67.6713,758200
2015-06-22,67.9804,68.054,67.5021,67.8038,550400
2015-06-23,68.1055,68.4587,67.4947,68.3263,720800
2015-06-24,68.1202,68.2895,67.2813,67.2961,485000
2015-06-25,67.4948,67.4948,66.2658,66.3909,757100
2015-06-26,66.3688,66.5749,65.3092,65.8169,1416300
2015-06-29,65.3828,65.9347,64.6027,64.6543,721500
2015-06-30,65.059,65.5594,64.6027,64.6101,1009100
2015-07-01,65.0516,66.5234,64.5144,66.126,1361500
2015-07-02,66.229,66.229,65.5373,65.8758,832600
2015-07-06,64.4482,64.6395,63.0795,63.3738,1541300
2015-07-07,63.4621,64.0729,62.7925,64.0361,1420000
2015-07-08,63.5872,63.808,62.9617,63.0427,881900
2015-07-09,63.6093,63.9846,62.9544,62.9912,663600
2015-07-10,63.7859,63.911,62.9029,63.0795,878200
2015-07-13,63.5431,63.6093,62.9985,63.5872,738000
2015-07-14,63.7344,64.2937,63.5651,64.117,937800
2015-07-15,64.0729,64.2495,63.1899,63.8006,980000
2015-07-16,64.1024,64.7646,63.8521,64.7352,917500
2015-07-17,65.0516,65.1105,64.0141,64.8309,878800
2015-07-20,64.6174,64.9044,64.301,64.5807,494800
2015-07-21,64.3525,64.772,63.6166,63.6461,574500
2015-07-22,63.624,64.5144,63.1383,64.4041,639100
2015-07-23,64.3893,64.7793,63.8963,64.117,602500
2015-07-24,63.9331,64.1318,63.2119,63.4916,677600
2015-07-27,63.2855,63.6387,62.8513,62.9617,806200
2015-07-28,62.9912,63.7933,62.7262,63.7197,728700
2015-07-29,63.7418,63.9037,62.9765,62.9985,1410800
2015-07-30,59.7533,60.9234,58.8335,59.7901,3147400
2015-07-31,59.9741,60.1801,58.7304,58.7599,2064600
2015-08-03,58.6642,59.481,58.6201,58.7304,1264700
2015-08-04,58.7967,59.0542,58.0976,58.2006,968800
2015-08-05,58.3552,58.7967,57.8106,57.8915,1083700
2015-08-06,58.2153,58.2227,56.3535,56.8392,1435600
2015-08-07,56.5522,57.1262,55.6765,56.0886,1271900
2015-08-10,56.2947,56.8907,56.1475,56.6552,1386300
2015-08-11,56.1548,56.6626,55.7428,56.1181,1436700
2015-08-12,55.809,56.9496,55.3822,56.8981,1213400
2015-08-13,57.1115,57.5309,56.2873,56.3756,1101800
2015-08-14,56.3756,56.7068,56.096,56.1549,1022200
2015-08-17,56.2066,56.5024,56.0661,56.3545,873100
2015-08-18,56.2732,56.5764,55.8664,55.8812,872300
2015-08-19,55.7481,55.7481,54.4538,54.5352,1145800
2015-08-20,54.6757,54.6905,53.9066,53.9214,986700
2015-08-21,53.3815,53.8178,52.4718,52.4792,1120300
2015-08-24,51.2146,52.7455,49.5949,51.9394,2150900
2015-08-25,53.1596,53.522,50.9483,50.9853,1685100
2015-08-26,51.7841,52.1021,51.185,51.503,1879200
2015-08-27,51.7175,53.6699,51.6287,53.0487,1691000
2015-08-28,52.8416,53.7809,52.8416,53.6699,1106700
2015-08-31,53.3519,53.8844,53.204,53.5812,1589200
2015-09-01,52.8786,53.1374,51.7767,52.1021,1114300
2015-09-02,52.4866,52.7825,51.8062,52.4571,607500
2015-09-03,52.5236,53.2336,52.3165,52.4127,569600
2015-09-04,51.9763,52.0799,51.54,51.7988,521600
2015-09-08,52.6345,52.7233,51.9172,52.2648,502600
2015-09-09,52.5088,52.6937,51.4291,51.5622,612600
2015-09-10,51.3995,52.4718,51.3181,51.9172,894000
2015-09-11,51.6287,51.8358,51.1776,51.466,600900
2015-09-14,51.5548,51.8728,51.3995,51.6583,802100
2015-09-15,51.9467,52.5902,51.7693,52.4866,624800
2015-09-16,52.5606,53.2484,52.5606,53.0043,474300
2015-09-17,52.9526,53.3741,52.5458,52.7381,520800
2015-09-18,52.5014,52.886,52.1464,52.2943,844000
2015-09-21,52.3535,53.1301,52.2352,52.5458,561700
2015-09-22,51.9689,51.9689,51.0667,51.54,649400
2015-09-23,51.4734,52.1021,51.3107,51.4291,437300
2015-09-24,51.0741,52.3683,50.5194,52.139,796100
2015-09-25,52.5754,53.1153,52.2056,52.6198,861400
2015-09-28,52.1686,52.1982,50.8448,51.111,751900
2015-09-29,52.494,53.6256,52.2056,53.5368,1378400
2015-09-30,54.0545,54.476,53.7291,54.2098,1498900
2015-10-01,54.306,54.7645,53.6182,54.2912,1030100
2015-10-02,54.0323,55.1786,53.4185,55.149,1081200
2015-10-05,55.2748,56.0144,55.0381,55.4745,1466600
2015-10-06,55.3561,55.7259,55.2082,55.5484,861100
2015-10-07,55.6741,56.4285,55.1047,56.2584,1285700
2015-10-08,56.3028,57.0941,56.0291,56.7169,773700
2015-10-09,56.7021,57.3012,56.606,57.0349,738000
2015-10-12,56.9758,57.2198,56.7465,57.0423,393300
2015-10-13,56.9536,57.9964,56.7169,57.2938,1079600
2015-10-14,57.2198,57.671,56.9462,57.1681,744000
2015-10-15,57.2198,57.6414,56.5024,57.0349,684300
2015-10-16,57.2568,57.5452,56.5542,57.523,656800
2015-10-19,57.4195,57.7597,57.2198,57.5452,764300
2015-10-20,57.5378,57.7597,57.242,57.6414,608300
2015-10-21,57.8928,58.2552,57.4491,57.6488,572200
2015-10-22,57.9224,58.6472,57.597,58.4919,624700
2015-10-23,58.7877,58.9948,58.3144,58.7285,482500
2015-10-26,58.7877,58.8099,58.2552,58.6102,610500
2015-10-27,58.4623,58.7581,58.1369,58.5806,882600
2015-10-28,58.2922,59.0687,56.6578,58.5141,1124800
2015-10-29,57.8337,58.4993,53.8992,54.7941,2754100
2015-10-30,54.7349,55.3118,53.8178,53.9584,1199300
2015-11-02,53.8844,54.2838,53.3149,53.7365,1238700
2015-11-03,53.4481,53.4481,52.3017,52.96,1525500
2015-11-04,52.9599,52.9599,52.3387,52.5384,1334400
2015-11-05,52.8416,54.6166,52.8416,54.2246,1563000
2015-11-06,53.2558,54.0693,53.0487,53.9658,1134500
2015-11-09,53.9658,54.2172,52.812,52.96,876900
2015-11-10,52.7159,52.8934,52.0873,52.213,701200
2015-11-11,52.213,52.3609,51.6583,51.6879,669900
2015-11-12,51.3384,51.5764,50.2825,50.342,1145500
2015-11-13,50.342,50.8402,50.2305,50.5948,1469900
2015-11-16,50.5651,51.1302,50.5651,50.8402,900200
2015-11-17,50.9369,51.331,48.892,49.0407,1850600
2015-11-18,49.353,49.7099,49.0779,49.4497,1350600
2015-11-19,49.524,50.2007,49.0853,49.1745,1338700
2015-11-20,49.4497,50.0148,48.5722,48.7209,1348300
2015-11-23,48.8697,51.2343,48.5722,50.8402,2457700
2015-11-24,50.7064,50.9964,49.7248,49.8586,1784300
2015-11-25,49.8884,50.5056,49.7471,50.394,884900
2015-11-27,50.4312,50.4312,49.524,49.8289,603000
2015-11-30,49.7769,49.9702,49.2117,49.5315,1170200
2015-12-01,49.8215,50.0892,48.8622,49.0109,1639800
2015-12-02,48.9961,49.1225,48.5945,48.654,882400
2015-12-03,48.6838,49.0704,47.5758,47.8881,1474100
2015-12-04,47.9327,48.6614,47.7542,48.3194,789200
2015-12-07,48.3343,48.8473,48.0071,48.3417,1349100
2015-12-08,47.9996,48.0071,47.0924,47.1594,1234700
2015-12-09,47.0329,48.0219,46.8619,47.1817,1185300
2015-12-10,47.4122,47.7171,46.914,47.2337,1117800
2015-12-11,46.7132,47.1445,46.215,46.8173,1136900
2015-12-14,46.8099,47.1891,45.7688,45.9622,1288100
2015-12-15,46.1257,46.8545,46.1034,46.5347,1298200
2015-12-16,46.8693,47.1222,46.1778,46.9735,1249400
2015-12-17,47.1965,47.665,46.8768,47.6204,1654000
2015-12-18,47.5312,49.3976,47.2858,49.1522,2877700
2015-12-21,49.2043,49.6579,48.5202,48.8102,1218700
2015-12-22,48.8548,49.9553,48.8548,49.7174,961300
2015-12-23,49.8958,50.513,49.7991,50.3792,992700
2015-12-24,50.1933,50.8923,50.1487,50.8774,459400
2015-12-28,50.7361,50.8625,50.3717,50.5874,649900
2015-12-29,50.7287,51.3235,50.7287,51.2492,760100
2015-12-30,51.2417,51.4425,50.8848,51.1228,789000
2015-12-31,50.9741,51.2046,50.6766,50.7733,699700
2016-01-04,50.1784,50.2007,49.3753,49.6876,979500
2016-01-05,49.524,49.8438,49.0779,49.5091,1277600
2016-01-06,49.0779,49.9776,48.9663,49.6356,1179900
2016-01-07,49.1002,49.9628,48.7284,49.4794,1519700
2016-01-08,49.5017,49.8363,49.0407,49.1671,989100
2016-01-11,49.4497,49.5909,48.9886,49.4125,1034500
2016-01-12,49.643,49.9256,47.903,48.4607,1330700
2016-01-13,48.7879,49.881,48.1037,48.2376,1789800
2016-01-14,48.126,48.2227,46.9958,47.5535,1691500
2016-01-15,46.8619,46.9735,45.4045,45.9547,1438500
2016-01-19,46.3042,46.4678,45.2186,45.2483,1797200
2016-01-20,44.8839,45.055,43.367,44.3485,1797100
2016-01-21,44.066,44.6385,43.7685,44.1849,972400
2016-01-22,44.646,45.2632,44.2891,44.5642,941600
2016-01-25,44.4601,44.7129,43.7388,43.8949,1771300
2016-01-26,44.1775,44.3411,43.6719,44.1106,1503900
2016-01-27,43.7314,43.9693,43.0621,43.5826,1791100
2016-01-28,44.1701,44.7575,43.8578,44.6757,1082400
2016-01-29,44.6088,46.1109,44.6014,46.1109,1505100
2016-02-01,46.0216,46.1555,45.2706,45.5383,899100
2016-02-02,44.9657,44.9657,43.248,43.4488,1593300
2016-02-03,43.9544,44.2444,43.5231,44.0437,1043100
2016-02-04,44.1701,45.0624,44.066,44.2444,1512800
2016-02-05,44.1403,44.4452,43.9247,44.1924,1168900
2016-02-08,44.0808,44.1626,43.0249,43.419,1210500
2016-02-09,43.1142,43.3595,41.8872,42.1995,2171200
2016-02-10,42.4821,43.6495,42.088,43.4488,2015800
2016-02-11,41.7905,42.1995,34.2653,35.5368,5527600
2016-02-12,36.3014,38.9698,36.2489,38.5726,3752000
2016-02-16,38.9249,39.9518,38.625,39.0973,1713700
2016-02-17,39.3521,39.4046,37.748,37.778,1873900
2016-02-18,37.7031,38.2128,37.0809,37.913,2063700
2016-02-19,37.5831,37.5981,36.5337,36.5862,1446700
2016-02-22,36.5862,38.625,36.5862,38.4751,2572400
2016-02-23,38.4526,38.5801,36.7961,37.2533,1827600
2016-02-24,37.036,37.3433,36.5337,37.1709,2014100
2016-02-25,37.3508,38.4151,37.0434,38.2203,2663000
2016-02-26,38.4152,38.655,37.793,37.8305,1297600
2016-02-29,37.898,38.1228,37.2084,37.2683,1654100
2016-03-01,37.4332,37.9204,37.1409,37.4782,1394600
2016-03-02,37.5382,38.6775,37.1334,38.6026,2026500
2016-03-03,38.8949,40.5889,38.6475,40.4914,2118600
2016-03-04,40.6863,42.058,40.6788,41.1511,1869100
2016-03-07,40.9037,42.2229,40.8587,41.9381,1314800
2016-03-08,41.7582,42.2454,40.409,41.0911,1896500
2016-03-09,41.2935,42.3279,41.1661,41.5258,1816300
2016-03-10,41.7057,41.9906,40.7838,41.7582,1747500
2016-03-11,42.103,42.7851,41.8706,42.133,1452700
2016-03-14,41.8931,42.2529,40.8662,41.226,1215600
2016-03-15,41.226,41.6233,40.5214,41.0461,826300
2016-03-16,41.0087,41.3759,40.5814,41.0911,1079400
2016-03-17,40.9562,42.1105,40.9562,41.6683,1057000
2016-03-18,42.0206,42.6502,41.4434,41.8482,1656500
2016-03-21,41.6308,42.0805,41.4059,41.4809,1385600
2016-03-22,41.241,41.8332,40.8063,41.2935,1064400
2016-03-23,41.226,41.301,40.5964,40.6564,1290900
2016-03-24,40.5589,42.0056,40.1017,41.8632,1754400
2016-03-28,41.8632,42.5602,41.6683,42.103,1166200
2016-03-29,41.9831,42.7101,41.9156,42.6727,1326300
2016-03-30,42.7252,43.6246,41.8257,42.3504,1466900
2016-03-31,42.2229,42.98,42.208,42.4778,1467200
2016-04-01,42.2154,42.6952,41.3534,42.6502,1087400
2016-04-04,42.5003,42.5003,41.7732,41.9531,1453300
2016-04-05,41.6008,42.1105,41.1361,41.7507,2519400
2016-04-06,41.7282,42.1855,41.0161,41.6908,1326500
2016-04-07,41.6832,42.7626,41.5408,42.2979,2264300
2016-04-08,42.6352,42.8526,41.9681,42.163,1037200
2016-04-11,42.058,42.8826,42.0281,42.0805,1018900
2016-04-12,42.1105,42.3354,41.7732,42.2829,1274400
2016-04-13,42.3953,42.7476,42.2604,42.3729,1229900
2016-04-14,42.2454,42.4778,41.9906,42.3803,1185700
2016-04-15,42.6577,43.4147,42.4028,43.1074,1767000
2016-04-18,42.95,43.4073,42.8601,43.3998,1382000
2016-04-19,43.2873,44.5991,43.2798,44.3667,1645900
2016-04-20,44.3967,44.9514,44.1643,44.614,1916300
2016-04-21,44.6515,45.2587,44.2693,44.5466,1365100
2016-04-22,44.2243,44.8989,44.0744,44.8914,1430700
2016-04-25,44.8914,45.0413,44.1193,44.4342,1231900
2016-04-26,44.3892,45.0638,44.2767,44.9514,1085900
2016-04-27,44.9588,45.4161,44.629,45.3186,1675200
2016-04-28,46.3755,47.6573,46.3755,46.8553,3258200
2016-04-29,46.9677,47.0801,46.0532,46.8477,1822100
2016-05-02,46.8627,47.1326,46.7128,46.8627,1163000
2016-05-03,46.6379,46.7653,45.9108,46.3156,1127100
2016-05-04,46.1807,46.6079,45.9033,46.5255,1229100
2016-05-05,46.7053,46.7053,45.3411,45.4161,1436300
2016-05-06,45.3861,45.7534,45.0713,45.6859,1115200
2016-05-09,45.7609,46.3156,45.1088,45.4835,893700
2016-05-10,45.7159,45.9558,45.2887,45.9558,865900
2016-05-11,45.8433,46.2931,45.6485,45.8583,828900
2016-05-12,46.1806,46.4954,45.6335,46.0007,826900
2016-05-13,45.9633,45.9708,45.1238,45.4611,767200
2016-05-16,45.5735,46.2031,45.4386,45.6784,835800
2016-05-17,45.505,46.0782,45.241,45.3616,966900
2016-05-18,45.3616,46.2668,45.1655,45.9198,1351800
2016-05-19,45.8218,46.1687,45.2334,46.0857,1071100
2016-05-20,46.229,47.5188,46.0178,47.3227,1319700
2016-05-23,47.1493,48.6125,47.1342,48.077,1655600
2016-05-24,48.2807,49.1707,48.0091,48.6125,1414400
2016-05-25,48.7709,49.8043,48.6955,49.4196,1867700
2016-05-26,49.6987,50.2267,49.231,49.7062,1386900
2016-05-27,49.94,50.0381,49.1556,49.6233,726500
2016-05-31,49.661,50.6641,49.6534,50.5887,2342900
2016-06-01,50.3926,51.0639,50.1739,50.9055,1489400
2016-06-02,50.4982,51.4637,50.4228,51.0941,1497400
2016-06-03,51.0941,51.2525,50.8301,51.1167,1130900
2016-06-06,51.1167,51.4561,50.7848,50.8753,954800
2016-06-07,51.0186,51.0186,50.5284,50.6491,1033600
2016-06-08,50.6264,51.0413,50.1362,50.1588,1351500
2016-06-09,49.9853,50.2719,49.3442,49.9023,1620700
2016-06-10,49.7967,49.8722,49.1104,49.3291,1098800
2016-06-13,49.3291,49.3291,46.9682,47.0889,2517800
2016-06-14,46.9003,47.285,46.5232,46.8928,1008000
2016-06-15,47.021,47.4811,46.6816,46.757,1380500
2016-06-16,46.4629,46.6137,45.7916,46.2969,979700
2016-06-17,46.2517,46.5685,46.0254,46.4402,1362000
2016-06-20,46.5081,47.0587,46.5081,46.5609,896600
2016-06-21,46.757,46.757,46.0631,46.4327,955700
2016-06-22,46.2517,47.0889,46.1385,46.4176,1000000
2016-06-23,46.5986,46.9003,46.3346,46.478,639700
2016-06-24,45.1957,45.8972,44.3057,44.3208,1779700
2016-06-27,43.9135,43.9738,42.7594,43.1139,1465300
2016-06-28,43.8003,43.9361,43.2044,43.8984,901700
2016-06-29,43.8833,44.6526,43.8833,44.547,720300
2016-06-30,44.6149,44.8035,44.3358,44.6149,1563800
2016-07-01,44.7884,44.9694,43.838,44.1699,1446100
2016-07-05,44.283,44.4716,43.1969,43.5665,1255700
2016-07-06,43.3704,43.9361,43.0762,43.838,1014600
2016-07-07,44.2529,44.5923,43.6344,43.7173,829800
2016-07-08,44.1171,45.3692,43.9738,45.256,1440300
2016-07-11,45.3164,45.3767,44.7733,44.8865,830600
2016-07-12,45.2409,45.7689,45.2334,45.603,965100
2016-07-13,45.6256,45.686,44.8714,45.4144,806400
2016-07-14,45.6407,45.769,45.3466,45.6407,740700
2016-07-15,45.769,46.1084,45.4371,46.048,1040700
2016-07-18,46.048,46.5232,45.7765,46.1235,971300
2016-07-19,46.1084,46.1687,45.7162,45.8067,834200
2016-07-20,45.9424,46.3874,45.8444,46.3271,786500
2016-07-21,46.3724,46.8325,46.1612,46.5232,658400
2016-07-22,46.576,47.0512,46.3724,46.9154,694200
2016-07-25,46.9154,46.9154,46.2517,46.3045,921300
2016-07-26,46.2592,46.5232,45.9349,46.1612,743000
2016-07-27,46.1913,46.4402,45.9198,46.1838,1021900
2016-07-28,47.5189,49.4272,46.7646,49.2914,2017100
2016-07-29,49.1782,49.7364,49.0576,49.661,1043400
2016-08-01,49.3819,49.3819,47.3076,47.5415,1813400
2016-08-02,47.9714,47.9714,46.4553,47.7678,1698600
2016-08-03,47.6999,48.6201,47.3227,48.6201,1284400
2016-08-04,48.7106,49.1707,48.258,49.1405,1238800
2016-08-05,49.1631,50.0909,49.0274,49.94,1038000
2016-08-08,49.9099,50.5963,49.6006,49.6534,1126300
2016-08-09,49.8194,50.1361,49.6459,49.8269,693100
2016-08-10,50.0909,50.2795,49.5478,49.6233,1072500
2016-08-11,49.6911,50.0079,48.9218,49.133,839800
2016-08-12,49.2084,49.6459,48.8765,49.6006,752200
2016-08-15,49.5554,49.7741,49.4121,49.7439,624700
2016-08-16,49.5478,49.5478,48.6502,48.6502,706600
2016-08-17,48.6806,49.4095,48.4149,49.3183,908100
2016-08-18,49.2728,49.288,48.3997,48.544,1024800
2016-08-19,48.3541,48.5667,48.0581,48.5667,752100
2016-08-22,48.8401,48.8401,48.3314,48.5819,606800
2016-08-23,48.711,49.0299,48.5667,48.673,673500
2016-08-24,48.711,48.8097,48.0581,48.2327,960100
2016-08-25,48.1719,48.4984,47.7468,47.7771,870100
2016-08-26,47.9214,47.9214,47.0787,47.4279,991500
2016-08-29,47.4735,47.9442,47.4583,47.6785,529900
2016-08-30,47.6785,48.0353,47.3216,47.4659,706000
2016-08-31,48.3466,48.544,47.7164,48.5136,1681900
2016-09-01,48.5364,48.5743,47.2685,47.7999,1317200
2016-09-02,47.762,48.468,47.762,48.2555,627200
2016-09-06,48.2706,48.7413,47.9594,48.6502,725200
2016-09-07,48.6199,48.7565,48.2555,48.7034,944100
2016-09-08,48.6882,48.8704,48.1112,48.3997,1035500
2016-09-09,48.301,48.301,47.0103,47.0103,1260900
2016-09-12,46.737,47.5722,46.2511,47.4127,1085600
2016-09-13,47.1774,47.5114,46.0841,46.2739,1544400
2016-09-14,46.4333,46.7902,45.7728,45.8563,919700
2016-09-15,45.6817,46.0537,45.3705,45.8488,1195800
2016-09-16,45.5982,46.1221,45.5603,46.1221,1655200
2016-09-19,46.2208,46.5852,45.3097,45.3249,963500
2016-09-20,45.2338,45.4919,44.7327,45.006,1256900
2016-09-21,44.9984,45.8488,44.9984,45.8032,1303500
2016-09-22,46.0461,46.6991,46.0234,46.5928,1129000
2016-09-23,46.2132,46.4333,45.3477,45.6362,1033300
2016-09-26,45.5223,45.5223,45.0895,45.1503,637400
2016-09-27,44.9833,45.2566,44.6416,45.0288,735400
2016-09-28,45.1275,45.2566,44.5429,45.1579,998200
2016-09-29,45.0288,45.1351,44.4214,44.6112,826500
2016-09-30,44.2165,45.1655,44.1785,44.9681,1291500
2016-10-03,44.7631,45.1275,44.5201,45.0895,629200
2016-10-04,45.0364,46.0993,44.7935,45.454,1020200
2016-10-05,45.4008,46.3802,45.2262,46.2663,2170200
2016-10-06,46.1069,47.2002,46.1069,46.9724,1283800
2016-10-07,47.0939,47.0939,45.993,46.2815,902400
2016-10-10,46.6383,46.9192,46.3802,46.9041,488300
2016-10-11,46.7067,46.9876,45.6286,45.7577,668200
2016-10-12,45.6817,45.8867,45.2566,45.6665,729100
2016-10-13,45.2869,46.1069,45.006,45.6817,589900
2016-10-14,45.8943,46.2132,44.9149,44.9149,731200
2016-10-17,45.006,45.0744,44.4063,44.5201,665000
2016-10-18,45.0288,45.2034,44.8162,45.044,818300
2016-10-19,45.2642,45.6134,44.9149,45.5982,721100
2016-10-20,45.5527,46.031,45.1882,45.454,1058800
2016-10-21,45.2034,46.2739,44.8238,46.198,907500
2016-10-24,46.198,46.7219,46.198,46.6232,873300
2016-10-25,46.5472,47.3824,46.4106,46.6535,964000
2016-10-26,46.4258,46.9952,46.3574,46.6687,799000
2016-10-27,46.9268,47.147,46.5017,46.532,687600
2016-10-28,46.5928,47.2153,46.1676,46.8585,893500
2016-10-31,46.98,47.2077,46.6383,47.0787,1056700
2016-11-01,47.0711,48.301,47.0559,47.5114,1805600
2016-11-02,48.5895,52.7272,47.557,52.2413,4305100
2016-11-03,51.8314,53.3574,51.4897,52.6285,1930400
2016-11-04,52.6437,53.2131,52.4691,52.6209,1741500
2016-11-07,53.0688,53.3953,52.1958,52.4463,1443200
2016-11-08,52.4767,53.5471,52.1578,53.1827,1056000
2016-11-09,52.6589,53.1296,51.3379,51.9908,1766500
2016-11-10,51.7554,52.5602,50.9279,51.1405,1340000
2016-11-11,50.8216,51.0038,48.5591,48.8173,1838500
2016-11-14,49.0526,50.7077,48.8401,50.5407,1468200
2016-11-15,50.5559,51.6795,50.2522,51.6719,1039700
2016-11-16,51.2441,51.9775,50.717,51.5497,1639100
2016-11-17,51.6108,51.6719,50.8239,51.5115,1112400
2016-11-18,51.3434,51.5802,51.1066,51.4504,964500
2016-11-21,51.5726,52.2907,51.5726,51.7559,755000
2016-11-22,51.9316,52.1303,51.3129,51.649,1052900
2016-11-23,51.4504,51.8934,50.8087,51.267,1080600
2016-11-25,51.4198,52.3365,51.3816,51.9928,717700
2016-11-28,51.6414,52.4053,50.5107,50.7781,1462800
2016-11-29,50.7705,51.7101,50.7476,51.267,800700
2016-11-30,51.6796,52.2831,51.4427,52.1608,996300
2016-12-01,51.9469,53.5053,51.8782,53.4748,1623700
2016-12-02,53.2456,53.5282,52.7338,52.8025,1150000
2016-12-05,53.1539,53.7727,53.0546,53.7422,1056300
2016-12-06,53.9713,54.7276,53.8796,54.6283,1359800
2016-12-07,54.9644,55.7971,54.613,55.7665,1296700
2016-12-08,55.8277,56.0798,55.2624,56.0721,765700
2016-12-09,56.0186,56.3013,55.8277,56.0416,791500
2016-12-12,55.8659,56.4923,55.6978,56.2325,767700
2016-12-13,56.4694,56.5305,55.0026,55.0943,1121000
2016-12-14,55.7665,55.7665,53.9637,54.2845,1300200
2016-12-15,54.2998,54.8193,53.8338,54.422,709400
2016-12-16,54.5366,55.736,54.5366,55.6367,1267500
2016-12-19,55.652,55.9652,54.3304,54.6512,1056400
2016-12-20,54.4984,54.9568,54.0554,54.9491,677500
2016-12-21,55.1554,55.2547,54.7811,55.0637,601000
2016-12-22,55.1478,55.3082,54.2769,54.5901,655300
2016-12-23,54.3838,54.6741,54.1929,54.5672,329700
2016-12-27,54.6283,55.1096,54.4679,55.0026,352800
2016-12-28,55.0714,55.1401,54.2158,54.2463,497000
2016-12-29,54.0401,54.5061,53.9713,54.1088,422700
2016-12-30,53.979,55.2165,53.8185,55.186,508400
2017-01-03,55.6596,55.9728,55.2242,55.9499,650500
2017-01-04,56.0034,56.0721,54.9186,55.2089,1001900
2017-01-05,55.27,55.3693,54.1623,54.3151,874000
2017-01-06,54.1776,54.2311,53.3831,53.5817,912000
2017-01-09,53.4595,54.1852,53.4289,53.5817,709300
2017-01-10,53.7498,54.0783,53.1081,53.7803,776600
2017-01-11,53.8415,54.0095,53.1004,53.9331,761500
2017-01-12,53.8873,53.9331,52.6574,52.7719,450400
2017-01-13,52.856,52.856,52.2907,52.581,663200
2017-01-17,52.6039,52.7643,51.7941,52.3212,1089100
2017-01-18,52.5581,53.1692,52.2907,52.7185,1348100
2017-01-19,52.7032,52.8331,51.8858,51.9469,635900
2017-01-20,52.0692,52.5046,51.6184,51.9164,604000
2017-01-23,51.9469,52.4053,51.6261,52.3442,651500
2017-01-24,52.4664,53.0088,52.1456,52.4817,1151000
2017-01-25,52.474,53.3984,52.3594,53.1616,829100
2017-01-26,52.6574,53.0699,52.008,52.1608,643100
2017-01-27,52.1837,52.6497,51.8553,52.4511,850700
2017-01-30,52.0997,52.5046,51.3358,51.8018,701600
2017-01-31,51.9851,52.8942,51.6948,52.8713,990000
2017-02-01,52.8025,52.9324,51.8323,52.474,690100
2017-02-02,52.5581,53.0088,52.1914,52.7796,730900
2017-02-03,53.0393,53.7498,52.8178,53.1921,757300
2017-02-06,53.3449,53.4213,52.8102,53.0164,535000
2017-02-07,52.7261,53.322,52.0997,52.7567,752500
2017-02-08,52.9859,53.0928,52.0997,52.3289,683700
2017-02-09,52.3289,52.7032,52.2066,52.3824,627900
2017-02-10,52.581,52.6268,52.0386,52.3671,792100
2017-02-13,52.2449,52.4741,51.9164,52.2983,783400
2017-02-14,52.2983,52.6135,51.8986,52.4905,1289400
2017-02-15,55.0654,57.8633,54.9732,57.7557,4776800
2017-02-16,57.9709,58.8241,57.9248,57.9325,2161700
2017-02-17,57.7941,59.8156,57.5866,59.7849,1964300
2017-02-21,59.5159,60.4997,59.2622,60.2922,1426200
2017-02-22,60.5689,61.1915,60.2614,61.0608,1548400
2017-02-23,61.1146,61.9832,60.8379,61.5297,1813100
2017-02-24,61.1761,62.306,60.9532,62.2984,1700200
2017-02-27,62.2983,62.5981,61.9294,62.5674,1343200
2017-02-28,62.2522,63.5282,62.1446,62.9133,2046900
2017-03-01,63.2207,63.5359,62.6519,63.0824,1582600
2017-03-02,62.6365,62.6365,61.791,62.2138,1388300
2017-03-03,62.1062,62.9824,61.7603,62.7595,1551400
2017-03-06,62.4598,62.5751,61.8218,62.5059,1370100
2017-03-07,62.4444,62.8287,62.0063,62.5827,1291900
2017-03-08,62.5289,62.9824,61.5374,61.8218,1541400
2017-03-09,61.891,62.3829,61.6527,62.1754,911900
2017-03-10,62.1139,62.7672,62.1062,62.3521,1207900
2017-03-13,62.5136,62.6442,61.768,62.1754,1502300
2017-03-14,62.183,62.6135,61.7757,62.283,1011600
2017-03-15,62.6904,63.2284,62.1677,62.6904,1325400
2017-03-16,62.675,62.9517,62.4828,62.7672,942500
2017-03-17,63.1592,63.1823,62.4982,62.9056,1823700
2017-03-20,61.8756,61.8833,60.3076,61.1531,1939700
2017-03-21,61.1531,61.4375,60.2384,60.4075,1896400
2017-03-22,60.5689,62.183,60.4152,62.0601,1995800
2017-03-23,62.037,62.2138,61.4759,61.5528,1073100
2017-03-24,61.4913,62.183,61.1838,61.6219,1388200
2017-03-27,61.5605,61.9986,61.0147,61.4605,1499600
2017-03-28,61.2223,62.1523,61.0685,61.8756,1358300
2017-03-29,62.0678,62.8133,61.8756,62.6596,1943200
2017-03-30,62.575,62.6442,61.0685,61.1684,1249400
2017-03-31,61.0301,61.4144,60.8456,60.9225,1255700
2017-04-03,61.0608,61.253,60.3306,60.5074,1434200
2017-04-04,60.2845,60.6227,59.8464,60.1461,1873200
2017-04-05,60.2384,60.5382,59.2545,59.4313,1726900
2017-04-06,57.8633,59.2699,57.6557,59.2238,2304100
2017-04-07,59.316,59.5543,58.1631,58.409,1732700
2017-04-10,58.3783,58.9394,58.1016,58.9009,1400100
2017-04-11,59.0239,59.4698,58.7165,59.0701,1384800
2017-04-12,59.2853,59.9386,58.8933,59.3314,1130700
2017-04-13,59.1315,59.3698,58.6857,58.8087,691100
2017-04-17,58.7242,59.2391,58.7165,59.2084,669400
2017-04-18,59.2699,60.4305,58.9855,59.831,1106500
2017-04-19,59.8233,60.0693,59.047,59.193,830100
2017-04-20,59.4698,60.0847,59.1777,59.685,1074400
2017-04-21,59.4621,59.8387,59.439,59.5389,830700
2017-04-24,59.9771,60.5228,59.7772,60.2461,972300
2017-04-25,60.4844,60.7073,59.7234,60.4152,944600
2017-04-26,60.5228,60.6842,59.9694,60.2307,746800
2017-04-27,60.1308,60.4843,59.8156,60.3306,754400
2017-04-28,60.3998,60.8764,59.9386,60.7457,1179200
2017-05-01,60.6765,60.8687,59.7234,59.9386,971600
2017-05-02,59.7234,59.8003,57.7172,58.0708,2120600
2017-05-03,52.5827,53.8049,51.1146,51.5297,5688000
2017-05-04,51.9063,53.7818,51.9063,53.6435,3930300
2017-05-05,53.6204,54.0816,53.0439,53.4436,2208300
2017-05-08,53.2361,54.0893,53.0593,53.8126,1537900
2017-05-09,53.8587,54.0969,53.0516,53.3667,1670700
2017-05-10,53.4359,54.1892,53.0823,53.8126,1507300
2017-05-11,53.6665,54.243,53.459,53.9202,1011000
2017-05-12,53.9202,54.2507,53.3821,53.751,878300
2017-05-15,53.8817,54.0739,53.6435,53.8894,836700
2017-05-16,53.8049,54.1354,53.4129,53.8126,750400
2017-05-17,53.0702,54.3229,52.1887,53.511,1035700
2017-05-18,52.1268,53.8358,52.1268,53.5651,1318000
2017-05-19,53.8512,54.3229,53.6347,53.8821,1316100
2017-05-22,54.1141,54.5936,53.7275,54.1837,1418300
2017-05-23,54.3074,63.7183,53.8589,63.177,9038800
2017-05-24,59.9679,64.1513,59.79,63.8265,6776700
2017-05-25,63.3471,64.6926,62.9759,64.3524,2995500
2017-05-26,64.7622,64.7622,62.9063,63.5404,1946900
2017-05-30,63.378,63.8961,62.5352,62.6202,1497700
2017-05-31,62.7981,62.7981,61.3984,61.8392,1892200
2017-06-01,62.1717,62.6048,61.267,61.3521,1642800
2017-06-02,61.3056,62.6821,61.3056,62.0944,1234400
2017-06-05,62.0093,62.4346,61.4371,61.9397,1225200
2017-06-06,61.7619,61.7619,60.9963,61.3134,1124300
2017-06-07,61.8624,62.9141,61.3211,62.8909,1594000
2017-06-08,62.7826,63.2002,61.9088,62.4423,1006000
2017-06-09,62.7749,62.9914,60.7102,61.1355,1779100
2017-06-12,60.4241,61.2824,59.9292,60.2926,1768000
2017-06-13,60.5942,60.6329,59.5658,60.0761,1563300
2017-06-14,59.9292,60.4937,59.7204,60.223,1301600
2017-06-15,59.6199,60.1844,58.9781,59.8055,1367500
2017-06-16,59.2796,60.0065,59.1172,59.4961,1713500
2017-06-19,59.7823,60.7102,59.3879,60.1612,1368500
2017-06-20,59.8828,60.1535,58.8157,58.9703,1863100
2017-06-21,58.8698,59.4266,58.4677,58.5605,1403000
2017-06-22,58.661,58.7384,58.112,58.4136,889600
2017-06-23,58.545,58.9394,57.9496,58.5528,1229300
2017-06-26,58.5527,58.7461,57.5398,57.5861,826200
2017-06-27,57.4702,58.3904,57.3851,57.4702,834400
2017-06-28,57.8413,58.0888,56.9057,57.2459,875600
2017-06-29,57.2846,57.6248,56.4572,56.9057,880000
2017-06-30,57.3078,57.8645,56.3489,57.6867,1268100
2017-07-03,57.9573,58.9317,57.7485,58.6687,617100
2017-07-05,58.5218,60.0606,58.5218,59.6121,1183900
2017-07-06,59.1637,59.473,58.0424,58.3131,1260000
2017-07-07,58.6533,59.7513,58.2821,59.4188,789500
2017-07-10,59.5812,59.9292,59.009,59.1327,697200
2017-07-11,58.7925,59.125,58.2976,58.3904,827800
2017-07-12,58.7306,59.4652,58.2357,59.3647,1343900
2017-07-13,59.6585,60.8339,59.1791,60.6019,938700
2017-07-14,60.7643,60.9035,60.223,60.6097,901300
2017-07-17,60.7025,61.0195,60.339,60.8494,790100
2017-07-18,60.4705,60.8494,60.2617,60.4628,800900
2017-07-19,60.6097,61.3211,60.0606,60.8494,703200
2017-07-20,60.8417,61.7696,59.6353,61.5376,1615800
2017-07-21,61.5067,61.816,60.3545,61.5763,904500
2017-07-24,61.5608,62.249,61.4371,61.9629,806500
2017-07-25,62.3495,62.6357,61.584,62.3186,810500
2017-07-26,62.4501,62.4501,61.5531,61.6381,623800
2017-07-27,61.8624,61.8624,60.7953,61.2747,636400
2017-07-28,61.3134,61.8237,60.9886,61.7464,462300
2017-07-31,61.9397,61.9397,60.3777,60.6174,1097700
2017-08-01,60.8803,61.352,59.5039,60.3622,1387900
2017-08-02,62.2954,63.0223,59.1714,59.9137,1582100
2017-08-03,59.5426,60.1921,58.4213,58.7383,1135800
2017-08-04,58.9703,59.1637,58.5064,59.0322,767300
2017-08-07,59.1714,59.9447,58.7461,59.7436,1482000
2017-08-08,59.7668,60.0142,59.009,59.5271,1118700
2017-08-09,59.1559,59.5116,58.545,59.4884,902200
2017-08-10,59.3338,60.7566,59.1172,60.2849,1476600
2017-08-11,59.8519,60.1148,59.6972,59.7513,676400
2017-08-14,60.0838,60.5865,59.6508,59.7127,803800
2017-08-15,60.0374,60.1457,59.6663,59.6663,469700
2017-08-16,59.6663,60.2926,59.6121,59.6663,586300
2017-08-17,59.7127,59.79,58.3285,58.4213,753900
2017-08-18,58.289,58.5769,58.0167,58.3124,990500
2017-08-21,58.3513,58.4991,57.83,58.4213,509400
2017-08-22,58.4913,59.1604,58.2735,59.1449,1110400
2017-08-23,59.0904,59.4405,58.5613,58.7247,815000
2017-08-24,58.7169,58.7714,58.289,58.7169,692600
2017-08-25,58.9192,59.1293,58.6547,58.7636,434200
2017-08-28,59.0515,59.2538,57.9545,58.0245,835500
2017-08-29,57.9312,58.3668,57.2776,57.7289,1078600
2017-08-30,58.0167,58.3591,57.5499,57.6122,535900
2017-08-31,57.7289,58.3668,56.7952,58.0634,1524900
2017-09-01,58.5147,59.3082,57.8067,59.2849,894300
2017-09-05,59.1682,59.4172,58.6858,58.8803,597700
2017-09-06,58.9815,59.0826,58.6314,58.8181,628600
2017-09-07,58.9114,59.1604,58.2657,58.8492,555300
2017-09-08,58.8259,58.9426,58.149,58.2112,690500
2017-09-11,58.4602,59.3627,58.3046,58.9348,807400
2017-09-12,56.7097,56.8886,54.4145,55.5815,3223100
2017-09-13,56.1106,56.8186,55.6905,56.2429,1423400
2017-09-14,56.2429,56.7952,56.2429,56.663,949900
2017-09-15,56.803,57.4021,56.0717,56.4296,1729000
2017-09-18,56.6163,57.0675,56.5307,56.6707,871200
2017-09-19,56.6007,56.7797,56.2039,56.3907,887900
2017-09-20,56.2117,56.3362,55.5115,55.6049,1011600
2017-09-21,55.5504,55.9706,55.3404,55.5349,576200
2017-09-22,55.6127,55.9705,55.2937,55.4571,637700
2017-09-25,55.5115,55.8072,55.3248,55.6127,563300
2017-09-26,55.7994,55.9861,55.4104,55.6049,505600
2017-09-27,55.6983,55.7294,54.9669,55.0681,890900
2017-09-28,54.8502,55.4337,54.0488,54.1033,1108800
2017-09-29,54.1111,54.2434,53.6987,54.0411,1033500
2017-10-02,54.2823,54.8813,54.1422,54.399,1062400
2017-10-03,54.609,54.7335,53.8543,53.9321,1148200
2017-10-04,53.6365,54.4067,53.582,54.08,1074800
2017-10-05,54.1578,54.3834,54.0955,54.3056,688500
2017-10-06,54.2122,54.2434,53.1619,53.4653,1042300
2017-10-09,53.2942,53.4887,52.2438,52.2672,1134000
2017-10-10,52.485,52.8507,52.3839,52.7807,1208200
2017-10-11,52.8974,53.1308,52.3917,52.7029,781800
2017-10-12,52.5395,52.804,52.4072,52.7885,973000
2017-10-13,53.2397,57.6044,52.8585,56.3985,5702600
2017-10-16,56.0172,56.4063,54.5468,55.0681,2195300
2017-10-17,55.0681,55.6438,54.8424,55.4026,802200
2017-10-18,55.3481,55.5582,54.7491,54.8035,892900
2017-10-19,54.7257,55.317,54.5312,55.107,617400
2017-10-20,55.1069,55.4104,54.7179,55.3715,701300
2017-10-23,55.1459,55.6593,55.0992,55.3326,586800
2017-10-24,55.2003,55.4648,54.9202,55.0291,624900
2017-10-25,54.7646,55.0447,53.9633,54.4767,623900
2017-10-26,54.7335,55.0058,54.3523,54.4301,614300
2017-10-27,54.2356,54.4612,53.901,54.3211,619200
2017-10-30,54.2122,54.3523,53.7454,53.8932,611500
2017-10-31,53.0374,53.7454,52.9129,53.512,1532100
2017-11-01,54.8346,55.8227,53.8699,54.1189,1995300
2017-11-02,54.0722,55.1614,53.512,53.7843,1985800
2017-11-03,53.8621,54.0022,52.2516,52.7962,1836000
2017-11-06,52.6873,52.8974,52.4461,52.6251,851600
2017-11-07,52.594,53.2708,52.3294,52.4617,1260600
2017-11-08,52.5161,52.9518,52.166,52.8196,1110600
2017-11-09,52.6873,53.1697,52.485,52.5939,1275900
2017-11-10,52.4306,52.734,52.1505,52.2438,1019900
2017-11-13,52.1271,52.3216,51.2324,51.5903,1590300
2017-11-14,51.3258,52.2439,51.2402,51.5203,938100
2017-11-15,51.2091,51.2558,50.5944,50.6878,1547900
2017-11-16,50.6567,51.2635,49.692,51.0613,1592400
2017-11-17,50.9124,51.6097,50.4658,51.3198,979200
2017-11-20,51.1474,51.6097,50.7635,51.1631,1232100
2017-11-21,51.3668,51.6724,51.0299,51.1631,913800
2017-11-22,51.0926,51.5235,50.8419,51.3041,1213500
2017-11-24,51.5235,51.6646,51.0064,51.1239,248400
2017-11-27,51.312,51.3825,50.7243,51.0534,966100
2017-11-28,51.1239,51.5862,51.0143,51.2806,1907600
2017-11-29,51.4922,52.738,51.4922,52.0406,1273000
2017-11-30,52.1817,53.4745,52.1817,52.4246,1938000
2017-12-01,52.3775,53.0592,51.8996,52.6048,890800
2017-12-04,52.691,53.3099,52.2522,52.879,844900
2017-12-05,53.0357,53.0749,51.7429,51.7586,1449700
2017-12-06,51.7664,54.0699,51.7664,53.5371,2182500
2017-12-07,54.4538,55.3157,53.7095,54.2266,2628400
2017-12-08,54.1561,55.206,54.0543,54.6811,2153400
2017-12-11,54.8926,55.2217,54.3677,54.5871,1307000
2017-12-12,54.7437,55.3705,53.7644,53.8114,1620300
2017-12-13,53.7252,54.0621,51.7978,51.8839,2731000
2017-12-14,52.3149,52.7693,51.7978,51.8056,1521400
2017-12-15,51.9701,53.2551,51.8134,53.0357,1802400
2017-12-18,53.0514,54.0386,52.4559,52.5186,1051100
2017-12-19,52.5343,52.6361,52.0015,52.4246,1099200
2017-12-20,52.5578,52.9965,51.9623,52.691,1241300
2017-12-21,52.9417,53.4275,52.4167,52.4872,981700
2017-12-22,52.4167,52.832,52.1425,52.2914,486800
2017-12-26,52.1425,52.7066,52.1425,52.6283,574500
2017-12-27,52.7458,52.7771,52.2992,52.3854,477000
2017-12-28,52.5421,52.6675,52.2287,52.6126,582200
2017-12-29,52.7301,53.2159,52.5578,52.5578,811300
2018-01-02,52.6753,53.3021,52.0642,53.2708,944500
2018-01-03,53.5763,55.0101,53.3256,54.4147,2124600
2018-01-04,54.6732,55.7936,54.6497,55.2138,2026900
2018-01-05,55.2374,55.6213,54.493,54.7986,795500
2018-01-08,54.6497,54.6654,53.4666,54.0072,1041200
2018-01-09,54.2345,54.8143,53.9602,54.5557,988100
2018-01-10,54.3677,54.4774,53.1376,54.3677,924300
2018-01-11,54.5949,55.4411,54.3442,55.1903,1044800
2018-01-12,55.1747,55.4176,54.1953,54.6419,968600
2018-01-16,54.4695,55.6134,54.3833,54.9866,1172400
2018-01-17,55.1355,55.5429,54.5792,55.1982,1046600
2018-01-18,54.8064,55.0493,54.4068,54.5635,954100
2018-01-19,54.3833,60.9805,53.7879,60.7689,4701700
2018-01-22,62.3595,64.5925,61.4271,64.3339,8434300
2018-01-23,63.9891,64.1302,62.5397,63.1273,3885900
2018-01-24,63.2291,63.9421,62.1871,62.7042,1712000
2018-01-25,62.7904,63.0803,62.5005,62.6807,1399500
2018-01-26,63.1586,64.4201,62.7199,64.091,2212000
2018-01-29,63.7698,64.0362,62.8296,63.3545,1178400
2018-01-30,62.665,63.0724,62.2106,62.6415,1408700
2018-01-31,62.6807,63.0724,61.764,62.2341,1604000
2018-02-01,62.0617,64.2477,61.8267,62.4143,1500800
2018-02-02,61.7797,62.2341,61.4506,61.5838,1126800
2018-02-05,64.6395,65.1879,63.378,63.378,5299700
2018-02-06,63.0646,64.9215,62.9393,64.6786,3034700
2018-02-07,64.6395,65.0312,63.7306,63.7306,1668200
2018-02-08,63.8246,64.6865,62.6493,62.6493,1935200
2018-02-09,63.0411,63.8168,60.8786,63.2683,2232600
2018-02-12,63.4642,63.4642,61.1685,62.4143,1955400
2018-02-13,62.3438,62.6728,61.5681,62.2968,1542000
2018-02-14,59.6955,60.9335,57.9796,58.8102,5586400
2018-02-15,60.103,61.1279,59.2674,60.8519,2700300
2018-02-16,60.7022,63.0199,60.5839,62.3577,2409300
2018-02-20,61.9793,62.066,59.1334,59.969,2336000
2018-02-21,60.1897,60.3711,59.1964,59.2043,2105100
2018-02-22,59.4329,60.4499,59.2437,59.5906,1368300
2018-02-23,59.6773,60.7022,59.5039,60.4026,843800
2018-02-26,60.3868,60.3868,59.6694,59.8902,856600
2018-02-27,60.2843,60.2843,58.9915,58.9915,1446400
2018-02-28,59.3541,60.4578,59.3541,59.4645,1507100
2018-03-01,59.3147,60.5524,59.157,59.8981,976900
2018-03-02,59.2989,59.7404,58.6052,59.2595,1710100
2018-03-05,59.3226,62.2552,59.2201,61.4826,3432200
2018-03-06,62.3498,62.3498,60.4578,60.7889,2964600
2018-03-07,61.2698,62.3577,60.8362,61.0411,2360400
2018-03-08,61.0254,61.2934,60.3868,60.7101,1267700
2018-03-09,60.8046,60.8835,57.0127,59.0939,4762700
2018-03-12,59.5827,60.2134,59.496,59.8587,1610100
2018-03-13,59.9138,60.1582,59.5354,59.8114,1003100
2018-03-14,59.9138,60.0794,58.3766,58.5264,1030800
2018-03-15,58.7786,59.3462,57.7932,58.1322,1284100
2018-03-16,58.3608,58.6998,56.926,57.8878,2256100
2018-03-19,58.0139,58.1243,57.0285,57.2729,1090000
2018-03-20,57.5173,58.3372,57.2808,58.3293,961000
2018-03-21,58.0455,58.2504,57.2414,57.5646,1155500
2018-03-22,57.1073,58.0928,56.7132,56.7999,1483600
2018-03-23,57.2571,58.7865,57.0758,57.1704,1386900
2018-03-26,57.5567,57.738,56.4609,57.6986,1022000
2018-03-27,58.0691,58.0691,57.06,57.2414,839200
2018-03-28,57.5252,57.9745,57.0758,57.5961,821500
2018-03-29,57.8405,58.9521,57.7932,58.2899,940900
2018-04-02,58.0139,58.1401,56.4451,57.2177,1178700
2018-04-03,57.6828,58.8969,57.6828,58.4318,1688800
2018-04-04,57.6434,59.8035,57.5488,59.63,2452800
2018-04-05,59.969,60.4262,58.9284,59.2359,1212600
2018-04-06,59.1807,59.8192,59.0467,59.5906,1423200
2018-04-09,59.5906,60.2055,59.0467,59.0545,1196300
2018-04-10,59.291,59.496,58.2977,58.416,1361500
2018-04-11,58.282,59.0151,58.1007,58.7234,823200
2018-04-12,58.7629,59.3541,58.4239,59.1649,577400
2018-04-13,59.3305,59.8902,58.9205,59.2359,751400
2018-04-16,59.4487,59.5039,58.7786,59.1728,901200
2018-04-17,59.4172,59.4172,58.8811,58.9678,739000
2018-04-18,58.9521,59.0861,58.345,59.0151,1276400
2018-04-19,59.4014,60.6627,59.0151,59.6773,1812300
2018-04-20,59.7246,59.9059,57.2256,58.1243,2525300
2018-04-23,58.1401,58.2031,57.3123,57.8957,1397000
2018-04-24,58.1085,58.2347,57.0522,57.3281,1241200
2018-04-25,57.7065,57.7065,56.8472,57.1941,1279000
2018-04-26,57.1783,57.5882,56.6974,56.7368,1501300
2018-04-27,56.7999,57.5567,56.7289,57.3044,962100
2018-04-30,57.6592,57.6592,56.8157,56.9418,966200
2018-05-01,57.1389,57.3202,56.2086,56.4767,1629900
2018-05-02,58.5736,58.8811,57.3675,57.7774,3115300
2018-05-03,57.5488,57.8484,55.1601,55.3966,4091700
2018-05-04,55.3099,56.051,54.8763,55.5701,2117400
2018-05-07,55.4597,55.7199,54.3087,54.6793,1694600
2018-05-08,54.7502,55.1601,54.4822,54.8054,1470200
2018-05-09,54.8212,55.3493,54.7344,55.1207,1039600
2018-05-10,55.1995,56.1534,55.0261,55.775,1180000
2018-05-11,55.7908,56.4845,55.7829,56.1061,767500
2018-05-14,56.2086,56.3505,55.4203,56.0037,1002400
2018-05-15,55.7041,56.319,55.4991,56.0037,1162000
2018-05-16,55.98,56.1613,55.4282,55.6489,1130800
2018-05-17,55.7908,56.0352,55.4045,55.7277,1016800
2018-05-18,55.7277,55.9261,55.085,55.2754,1378400
2018-05-21,55.3945,55.577,54.7835,55.4897,1291400
2018-05-22,55.577,56.0531,55.4342,55.5214,827700
2018-05-23,55.2834,55.6166,55.0929,55.4183,924200
2018-05-24,55.6563,55.9499,55.085,55.6246,749400
2018-05-25,55.4183,56.0927,55.3865,55.4976,976500
2018-05-29,55.4262,55.5135,54.9422,55.2754,1068400
2018-05-30,55.6484,55.9341,55.1564,55.823,1019200
2018-05-31,55.6167,55.7674,54.7279,55.1882,1612100
2018-06-01,55.2278,55.823,55.0929,55.458,915700
2018-06-04,55.6722,55.8706,55.2358,55.5373,976000
2018-06-05,55.5294,56.1324,55.2199,55.8944,1387500
2018-06-06,56.0214,56.0848,55.0215,55.6008,1348900
2018-06-07,55.4421,55.7277,54.72,54.8311,2790300
2018-06-08,54.8232,55.2278,54.8232,54.8866,1064200
2018-06-11,54.9422,55.6246,54.8946,55.2993,981700
2018-06-12,55.2993,55.5453,55.1009,55.2993,736600
2018-06-13,55.3865,56.5689,55.0136,56.3308,3965000
2018-06-14,56.5371,56.8148,55.7436,55.9817,1772900
2018-06-15,55.577,55.7277,54.2994,55.6087,2487600
2018-06-18,55.1802,56.6879,55.1802,56.4022,1392100
2018-06-19,56.2515,58.0289,56.18,57.0212,2334700
2018-06-20,56.9418,57.0529,55.6484,55.7595,1868800
2018-06-21,56.3387,56.799,55.9499,56.3784,1631000
2018-06-22,56.6324,56.8625,56.4102,56.7514,1257200
2018-06-25,56.6562,57.3544,56.4419,56.5371,1858500
2018-06-26,56.4657,57.283,56.2277,56.2753,1385100
2018-06-27,56.2753,56.3388,55.5056,55.6008,1374600
2018-06-28,55.4421,55.5929,54.6803,55.2278,1194500
2018-06-29,55.2596,55.8785,54.9422,55.3151,1094000
2018-07-02,55.2596,55.3151,54.8232,55.0136,1032300
2018-07-03,55.0215,55.0215,53.7043,53.9582,1912800
2018-07-05,54.0376,55.1326,53.744,55.0691,2264200
2018-07-06,55.1882,55.7119,54.8866,55.3707,1191600
2018-07-09,55.5849,55.7357,55.0771,55.1168,1030100
2018-07-10,55.1961,55.9261,55.1961,55.7039,1227000
2018-07-11,55.7357,56.2594,55.2358,55.3548,1198600
2018-07-12,55.4818,55.6881,54.5375,54.6327,1154900
2018-07-13,54.7517,54.8152,54.0296,54.3312,1181300
2018-07-16,54.355,54.5137,53.4504,53.6884,1119000
2018-07-17,53.9265,54.5772,53.7916,54.5454,1029400
2018-07-18,54.4105,54.7121,54.1566,54.2836,650400
2018-07-19,54.3788,54.7359,53.8789,53.9344,736500
2018-07-20,53.8313,54.0376,53.498,53.982,807300
2018-07-23,53.8868,54.2042,53.625,53.6884,1097300
2018-07-24,53.7599,54.5137,53.7043,53.7995,1822100
2018-07-25,53.7837,54.2836,53.4186,54.0296,1193600
2018-07-26,53.9186,54.7993,53.8392,54.3391,890100
2018-07-27,54.4026,54.4661,53.8471,53.9662,600600
2018-07-30,53.9344,54.2439,53.8313,54.0931,833300
2018-07-31,54.8073,55.1485,54.4819,54.8549,1368900
2018-08-01,53.9979,54.1646,52.3236,52.3712,3672500
2018-08-02,52.5775,52.7045,51.7126,52.6569,2019700
2018-08-03,52.5775,52.8473,52.3633,52.4426,864000
2018-08-06,52.4347,52.7521,52.3712,52.5537,640300
2018-08-07,52.4506,53.5694,52.4506,52.9346,1370300
2018-08-08,52.9743,53.0933,52.1411,52.2125,1000400
2018-08-09,52.1411,52.2998,51.5142,51.7285,1092900
2018-08-10,51.5619,51.7047,50.0145,50.3002,1809800
2018-08-13,50.1415,50.197,48.7211,48.8957,3092500
2018-08-14,49.1258,49.2924,48.729,49.1575,1355800
2018-08-15,49.1972,49.1972,48.6259,49.0306,1419700
2018-08-16,49.2131,50.0701,49.1813,49.6892,1288900
2018-08-17,49.5543,50.1574,49.3718,50.0225,1488300
2018-08-20,50.1018,50.8556,50.0304,50.6414,1572400
2018-08-21,50.6814,51.4172,50.5934,51.0893,1360400
2018-08-22,51.0253,51.3772,50.3295,50.3855,993600
2018-08-23,50.2015,50.3135,49.9856,50.1455,1110200
2018-08-24,50.3775,51.5451,50.2095,51.3292,1424900
2018-08-27,51.3132,51.977,51.3132,51.7451,1163500
2018-08-28,51.5051,51.913,51.4811,51.7851,1300800
2018-08-29,51.6571,52.3449,51.6251,52.2409,1566500
2018-08-30,52.2329,52.3449,51.4332,51.7131,1443000
2018-08-31,51.5611,52.1769,51.5611,51.969,1752400
2018-09-04,51.7771,51.961,50.8253,50.9533,1196000
2018-09-05,50.8733,51.3132,50.8093,51.1772,992100
2018-09-06,51.0253,51.3852,50.3455,50.6174,984500
2018-09-07,50.5934,50.9933,49.8656,50.9453,1435700
2018-09-10,51.1932,51.5211,50.2895,50.3535,1232300
2018-09-11,50.0576,51.0333,49.5777,50.5934,1684000
2018-09-12,50.6894,51.5531,50.6894,50.8733,1036700
2018-09-13,51.0173,51.5531,50.7694,50.9293,770800
2018-09-14,51.5531,51.6331,51.0493,51.4492,1137300
2018-09-17,51.2492,52.121,50.9693,51.6731,1294200
2018-09-18,51.5451,51.985,51.2492,51.8251,576700
2018-09-19,52.2729,52.3449,52.025,52.1769,1040900
2018-09-20,52.185,53.1047,52.185,52.9287,1593300
2018-09-21,52.8487,53.5765,52.5688,53.3686,2484000
2018-09-24,53.4166,53.8245,52.8647,52.9687,1312300
2018-09-25,53.7525,54.1044,53.0807,53.2886,2088600
2018-09-26,53.3446,54.3523,53.1127,53.9045,2001200
2018-09-27,53.8325,55.2321,53.6085,54.8162,2786600
2018-09-28,54.6482,55.304,54.1124,54.9521,2322700
2018-10-01,55.0961,55.0961,53.9444,54.0724,1161600
2018-10-02,53.9764,55.296,53.9764,55.2321,1149100
2018-10-03,55.432,56.0318,55.0081,55.0321,1406600
2018-10-04,54.9681,55.1681,54.2483,54.6962,1327500
2018-10-05,54.8242,55.456,54.7282,55.1281,2269900
2018-10-08,55.472,57.8633,55.1841,56.5997,2521300
2018-10-09,56.3917,56.6956,55.7839,55.9119,1718500
2018-10-10,55.7599,55.9359,53.9205,53.9444,1746200
2018-10-11,53.9365,54.0644,52.5688,53.2726,1875200
2018-10-12,53.7845,54.0404,53.1127,53.7525,1050700
2018-10-15,53.7685,54.8642,53.6965,54.4003,915800
2018-10-16,54.7842,55.416,54.1844,55.0161,979200
2018-10-17,54.8002,54.9122,54.0164,54.8802,800400
2018-10-18,54.7922,54.7922,53.4166,53.8325,1618300
2018-10-19,54.0644,54.3843,53.7445,53.9284,995000
2018-10-22,54.0564,54.2723,53.0087,53.4566,702800
2018-10-23,52.9047,53.7845,52.2489,53.5046,1281300
2018-10-24,53.3846,54.0004,52.4249,52.4969,634900
2018-10-25,52.4809,53.2566,52.2249,52.8807,853700
2018-10-26,52.4489,52.8487,51.6491,52.1689,1317000
2018-10-29,52.2169,53.4086,52.129,52.6008,964100
2018-10-30,52.5128,55.424,52.057,54.4003,2525700
2018-10-31,54.6722,54.9841,49.0498,49.4257,7275400
2018-11-01,49.4417,50.6974,48.9939,50.0416,2532600
2018-11-02,50.1775,50.9853,49.6737,49.9856,1811200
2018-11-05,49.9856,50.6094,49.4977,49.5857,1982400
2018-11-06,50.4414,50.8893,49.8016,50.6494,1801100
2018-11-07,50.8253,51.3292,50.1295,50.1855,2156000
2018-11-08,50.6014,50.7054,49.9056,49.9696,1672500
2018-11-09,49.8896,50.7854,49.7457,50.6014,957700
2018-11-12,50.8333,50.9933,49.4977,49.6577,777800
2018-11-13,49.8816,50.3695,49.1938,49.3698,1110900
2018-11-14,49.2018,49.3138,47.6343,48.0581,1627400
2018-11-15,47.9862,48.1941,47.0504,47.1944,1933600
2018-11-16,47.0169,47.7751,46.8556,47.1137,1791700
2018-11-19,47.1379,47.4444,46.8717,47.1137,1119100
2018-11-20,47.1621,47.4767,46.6459,46.8072,1304400
2018-11-21,46.9524,47.517,46.9282,46.9685,1161100
2018-11-23,46.9847,46.9847,46.1055,46.3878,496400
2018-11-26,46.3958,47.3154,46.3878,47.1621,1122300
2018-11-27,47.1541,47.5816,46.6217,47.025,876200
2018-11-28,47.1299,47.388,46.4846,47.2912,655800
2018-11-29,47.1863,47.4686,46.6056,46.7508,1003100
2018-11-30,46.6459,46.9201,45.8151,46.0329,2157900
2018-12-03,48.0736,48.0736,46.4443,47.8558,1785600
2018-12-04,47.8397,47.9849,46.2829,46.8153,2740500
2018-12-06,46.6862,47.3396,45.2827,47.3235,1629800
2018-12-07,47.1299,48.3236,46.4846,47.9687,2157600
2018-12-10,49.5497,50.7515,47.7267,48.1059,3670400
2018-12-11,48.3962,48.7834,46.9363,47.1621,1685700
2018-12-12,47.4928,48.9205,47.2105,48.0978,1717000
2018-12-13,48.1946,48.493,47.3718,47.6542,1185400
2018-12-14,47.3718,48.5576,47.0411,47.4525,918400
2018-12-17,47.275,47.517,46.5088,46.6943,1040400
2018-12-18,46.783,47.1783,45.7506,45.807,1292500
2018-12-19,46.1135,46.6136,45.4602,45.6296,1567700
2018-12-20,45.2827,45.3553,43.2743,43.7583,1795500
2018-12-21,43.8712,44.6294,42.9758,43.0323,1730800
2018-12-24,42.7742,42.7742,41.4998,41.9918,764500
2018-12-26,42.0805,43.2501,41.2416,43.1533,1505400
2018-12-27,42.7258,43.0,41.774,42.9839,1055400
2018-12-28,43.0081,43.4275,42.4354,42.75,930600
2018-12-31,42.7903,43.121,41.9595,43.1049,1212400
2019-01-02,42.8871,44.0567,42.5887,43.0968,1171500
2019-01-03,43.0565,43.5808,42.1692,43.0807,1257400
2019-01-04,43.5163,44.339,43.1775,44.2745,1011600
2019-01-07,44.1696,45.4279,44.1616,44.6455,2636400
2019-01-08,44.7746,45.2666,44.4277,44.952,1247000
2019-01-09,45.0327,46.2507,44.9278,46.0167,2340500
2019-01-10,46.0409,46.2507,45.2505,45.7102,1235000
2019-01-11,45.4521,45.686,44.9036,44.944,1089100
2019-01-14,44.7665,44.8956,43.9196,44.0083,1228000
2019-01-15,44.0809,44.0809,42.6855,42.9355,2250600
2019-01-16,43.0323,43.605,41.7175,42.2418,4166500
2019-01-17,42.6209,42.6209,41.3304,42.2176,2446700
2019-01-18,42.3709,43.3711,42.2096,42.7742,2104300
2019-01-22,41.9837,42.8226,41.2981,41.8547,2453900
2019-01-23,41.8789,42.4838,41.3465,42.4838,2112700
2019-01-24,42.2499,43.4195,42.2096,42.8226,2129500
2019-01-25,42.8307,43.1936,42.7903,42.9839,1243200
2019-01-28,42.8065,43.5727,42.4677,43.5001,1531700
2019-01-29,43.4437,43.6453,43.0968,43.3227,910400
2019-01-30,43.5001,44.1051,43.3227,43.8873,943400
2019-01-31,43.9034,44.4519,43.8389,44.4197,1118400
2019-02-01,44.5649,44.6375,43.8954,44.3309,656800
2019-02-04,44.3309,44.3309,43.2178,43.6453,966400
2019-02-05,43.5324,44.0648,43.2662,43.5485,962400
2019-02-06,43.4356,43.7663,43.2662,43.7421,448500
2019-02-07,43.3953,43.5727,42.8387,43.242,772600
2019-02-08,43.1936,43.5485,42.6209,42.7742,644000
2019-02-11,42.5967,42.7419,42.2176,42.2176,1121600
2019-02-12,42.5564,42.8226,42.1934,42.5,1391300
2019-02-13,42.5,43.2017,42.379,42.8871,1024600
2019-02-14,42.8871,42.9275,42.4596,42.6774,659400
2019-02-15,42.938,43.3288,42.5553,42.596,1135700
2019-02-19,42.71,43.0927,42.4494,42.8728,1103700
2019-02-20,42.9624,43.394,42.8158,42.9136,2009400
2019-02-21,41.8957,43.9721,39.8111,43.5487,5792300
2019-02-22,43.2474,43.9721,42.0504,42.1563,3147500
2019-02-25,42.3435,44.0047,42.2214,43.508,3167000
2019-02-26,43.6383,43.7686,42.8566,43.0438,2788800
2019-02-27,42.9706,43.4021,42.6204,43.1823,2438600
2019-02-28,43.2311,43.4347,42.938,43.223,2491500
2019-03-01,43.2718,43.5568,42.5797,43.1578,1348500
2019-03-04,43.166,43.451,42.6204,43.0031,1546100
2019-03-05,43.0357,43.1008,42.4983,42.5064,2270400
2019-03-06,42.4901,42.5553,41.5048,41.5455,2341600
2019-03-07,41.4804,41.6514,40.7719,41.1872,4422900
2019-03-08,41.1302,41.2687,40.6335,40.9022,1516400
2019-03-11,41.0651,42.3435,40.9185,42.0504,2452300
2019-03-12,42.14,42.5471,41.9608,42.3435,1600900
2019-03-13,42.4331,42.8077,42.2295,42.3598,2207500
2019-03-14,42.3843,42.7018,41.8957,42.3843,1783300
2019-03-15,42.425,43.0927,42.2947,43.0438,3472200
2019-03-18,43.1171,43.4754,42.4005,42.5227,2890000
2019-03-19,42.5471,43.1253,42.2947,42.3843,1586000
2019-03-20,42.2947,42.5227,41.7735,41.8631,1151600
2019-03-21,41.9038,42.7751,41.8468,42.5797,1346200
2019-03-22,42.5553,42.6286,41.8957,42.0993,2028200
2019-03-25,42.0097,42.4168,41.5944,41.8875,2451900
2019-03-26,42.0667,42.3273,41.5781,42.0097,1360300
2019-03-27,42.0097,42.254,41.6432,42.1888,1311900
2019-03-28,42.2051,42.5553,42.0504,42.5064,886600
2019-03-29,42.6855,43.337,42.653,43.2148,1248900
2019-04-01,43.4184,43.565,42.8891,43.0031,1029700
2019-04-02,43.0683,43.4021,42.425,42.4738,1052500
2019-04-03,42.4657,42.653,42.0585,42.254,1278600
2019-04-04,42.3028,43.5243,42.3028,43.337,1455500
2019-04-05,42.995,43.4184,42.653,43.3614,2122800
2019-04-08,43.3858,43.7034,43.2148,43.5894,1593000
2019-04-09,43.8093,43.9396,42.8403,43.2474,1884700
2019-04-10,43.2556,43.6139,42.9217,43.1497,931500
2019-04-11,43.1741,43.565,42.9706,43.1253,746800
2019-04-12,43.1008,43.508,42.7914,42.8728,1105500
2019-04-15,42.8728,43.0194,42.425,42.7344,2205300
2019-04-16,42.7426,43.109,42.1074,42.1318,1386000
2019-04-17,42.3354,42.5553,41.9038,41.9771,992800
2019-04-18,42.1888,42.2295,41.4478,41.6351,1253300
2019-04-22,41.6351,41.8713,41.3664,41.7817,1290100
2019-04-23,41.9201,42.3273,41.7328,41.7328,992900
2019-04-24,41.7002,41.8712,41.4967,41.627,1783000
2019-04-25,41.4967,41.5048,39.5098,39.5749,3155400
2019-04-26,39.5749,39.9495,38.4838,39.8762,2298300
2019-04-29,40.0228,41.0651,39.9821,40.8127,2056700
2019-04-30,40.9511,42.71,40.9511,42.6774,2208300
2019-05-01,42.5715,43.1823,42.4657,42.4738,1423700
2019-05-02,42.2295,42.5634,41.4234,41.6351,1355600
2019-05-03,41.6351,41.9282,41.3257,41.6514,813600
2019-05-06,41.3012,41.4722,40.8778,41.2442,1049200
2019-05-07,40.9592,41.1465,40.4218,40.6987,1440400
2019-05-08,41.7328,43.8011,41.7328,43.5161,2826500
2019-05-09,43.223,44.0699,43.1904,43.2963,1512300
2019-05-10,43.0276,43.8419,42.1807,43.7767,1683000
2019-05-13,43.1497,43.6057,42.5227,42.7426,1073000
2019-05-14,42.7426,43.3777,42.7344,42.8728,930700
2019-05-15,42.7426,43.6871,42.6611,43.3777,998200
2019-05-16,43.4429,43.7849,43.223,43.394,713500
2019-05-17,43.1885,43.7886,42.7446,42.9337,1583400
2019-05-20,42.7693,43.0652,42.424,42.6049,1341100
2019-05-21,42.7117,42.909,42.35,42.7282,1917700
2019-05-22,42.4487,42.7364,41.2732,42.6624,1447200
2019-05-23,42.4158,42.4158,41.5116,42.2678,1396600
2019-05-24,42.5391,42.5391,41.3965,41.5527,1073100
2019-05-28,41.528,42.0377,41.4869,41.6102,2009400
2019-05-29,42.0212,43.4187,41.6513,42.5884,1799000
2019-05-30,42.8843,43.0898,41.9966,42.0705,1267800
2019-05-31,41.7829,43.0405,41.7829,42.983,1756800
2019-06-03,42.983,44.9229,42.6706,44.8818,1952500
2019-06-04,45.0627,45.4161,44.6928,45.0051,1156900
2019-06-05,44.8654,45.2188,44.1009,44.8243,922100
2019-06-06,44.9394,45.4079,44.4873,45.2928,1095300
2019-06-07,45.4983,45.5312,44.964,45.3339,2378800
2019-06-10,45.3915,46.4601,45.2682,46.3614,2316800
2019-06-11,46.4272,46.5669,45.8189,46.197,1423700
2019-06-12,46.3039,47.1259,46.2299,46.9369,1713200
2019-06-13,47.1835,47.6356,46.8382,47.2657,621700
2019-06-14,47.2574,47.7507,47.0848,47.5616,1059100
2019-06-17,47.652,47.7589,47.0848,47.2739,1182700
2019-06-18,47.4465,47.7835,47.3479,47.6602,2046000
2019-06-19,47.7918,47.8329,46.9862,47.1506,3198500
2019-06-20,47.4301,47.5451,47.0026,47.3561,1328000
2019-06-21,47.2574,47.5287,46.682,47.3068,2591800
2019-06-24,47.2903,47.3643,46.8218,47.2574,982500
2019-06-25,47.1917,47.2492,45.8271,45.934,1934700
2019-06-26,45.9176,46.2299,45.671,45.7285,651700
2019-06-27,45.4655,45.7203,45.0956,45.2928,1082500
2019-06-28,45.4326,46.2382,45.2435,45.7943,1590500
2019-07-01,46.2628,46.6985,46.0902,46.271,861800
2019-07-02,46.4848,46.978,46.2875,46.3697,783600
2019-07-03,46.6656,46.9286,46.5176,46.6327,373900
2019-07-05,46.5012,46.7149,46.0573,46.5341,434000
2019-07-08,46.5176,47.0519,46.2628,46.83,633300
2019-07-09,46.7478,47.2657,46.493,47.093,738000
2019-07-10,47.2246,47.5369,47.0026,47.0108,1214700
2019-07-11,47.1835,47.4794,46.419,46.4847,506600
2019-07-12,46.567,47.2081,46.5341,46.7396,789800
2019-07-15,46.8546,46.904,46.4108,46.6738,633100
2019-07-16,46.5094,46.5587,45.5888,45.9011,685200
2019-07-17,45.9833,46.008,45.3093,45.7614,666400
2019-07-18,45.7121,46.1888,45.449,45.8929,610700
2019-07-19,46.0162,46.2053,45.5312,45.6792,671100
2019-07-22,46.8958,47.0519,46.0655,46.3121,1312800
2019-07-23,46.5094,47.0026,46.4765,46.83,863900
2019-07-24,46.5998,46.9122,46.1971,46.7478,791400
2019-07-25,46.7149,47.0437,46.3203,46.5505,1016300
2019-07-26,46.7314,46.8958,46.3286,46.7971,974600
2019-07-29,46.7807,47.0602,45.9176,46.5094,1061800
2019-07-30,46.4025,46.682,46.0737,46.3286,1476000
2019-07-31,47.8493,48.8028,47.5945,48.0301,2253700
2019-08-01,48.285,49.033,47.504,47.6109,1750900
2019-08-02,47.5123,47.5945,46.4354,47.0108,898200
2019-08-05,46.5259,46.5752,45.3504,45.4572,1268500
2019-08-06,45.6956,46.3614,45.2106,46.0902,1271000
2019-08-07,45.6956,46.3039,45.112,46.2546,879500
2019-08-08,46.4765,47.7753,46.2546,47.7589,1587600
2019-08-09,47.4383,47.5369,46.7478,47.0355,693300
2019-08-12,46.5752,46.7067,43.7803,43.8625,1461000
2019-08-13,43.8132,45.2271,43.7228,43.953,1400500
2019-08-14,43.5502,44.142,43.0159,43.8461,1182900
2019-08-15,43.9776,44.364,43.5748,44.2407,902200
2019-08-16,44.4544,45.1449,44.0434,45.1038,824500
2019-08-19,45.4439,45.7094,43.9756,45.6347,775300
2019-08-20,45.4522,45.4522,44.689,44.7139,951400
2019-08-21,44.8549,45.4771,44.2825,45.3775,918500
2019-08-22,45.2863,45.7094,44.9793,45.5434,775000
2019-08-23,45.1701,45.2614,43.9839,44.1498,873200
2019-08-26,44.4816,44.5894,43.9175,44.3903,844000
2019-08-27,44.5065,44.5065,42.8556,43.6188,1119500
2019-08-28,43.5857,43.8013,42.9469,43.5027,1004000
2019-08-29,43.7599,43.8428,43.1626,43.652,969900
2019-08-30,44.2742,44.7222,44.1,44.3074,1013500
2019-09-03,44.2576,44.4069,43.6603,44.2659,744100
2019-09-04,44.7554,44.9544,44.4899,44.7139,788500
2019-09-05,44.9545,46.232,44.9545,45.8089,707000
2019-09-06,45.6845,46.4311,45.6596,46.2901,659400
2019-09-09,46.2818,47.3768,46.2237,47.3685,991500
2019-09-10,47.2773,47.7086,46.904,47.2773,1088400
2019-09-11,47.4432,48.1151,46.9288,48.0902,869400
2019-09-12,47.8662,48.1649,47.2358,47.7003,812800
2019-09-13,47.6008,47.8662,46.9537,47.1445,2088100
2019-09-16,46.9205,48.1151,46.7712,47.9658,751200
2019-09-17,47.7418,47.7667,46.9288,47.0035,769400
2019-09-18,47.0782,47.4266,46.68,47.269,928500
2019-09-19,47.3685,47.3685,46.5223,46.5804,683900
2019-09-20,46.5721,46.8791,46.2237,46.4228,1698000
2019-09-23,46.1656,46.738,45.8338,46.4311,848200
2019-09-24,46.6053,46.7131,45.8919,46.0827,940500
2019-09-25,46.1822,46.8293,46.1159,46.5223,869300
2019-09-26,46.6219,47.4266,46.5223,46.9205,1082000
2019-09-27,47.0035,47.186,46.6219,46.9039,532900
2019-09-30,46.8791,47.3187,46.6966,46.9703,847400
2019-10-01,47.1777,47.4266,46.4145,46.7795,1100600
2019-10-02,46.7048,46.8293,45.9831,46.3398,699500
2019-10-03,46.0412,46.3315,45.4771,46.2818,666300
2019-10-04,46.2237,46.6965,46.1158,46.6965,638800
2019-10-07,46.3647,46.5804,45.9665,46.149,684400
2019-10-08,46.1739,46.1739,45.1287,45.1453,809200
2019-10-09,45.2614,45.5683,44.9876,45.4854,667900
2019-10-10,45.4771,46.091,45.2863,45.9417,830500
2019-10-11,46.2652,47.2689,46.2652,46.6302,1086900
2019-10-14,46.6717,47.0284,46.4062,46.9122,1161500
2019-10-15,46.962,47.5676,46.6219,47.3934,888500
2019-10-16,47.2358,47.3934,45.8172,45.9582,861100
2019-10-17,45.8172,45.9085,45.2199,45.6679,813000
2019-10-18,45.6098,46.1573,44.971,45.3775,982700
2019-10-21,45.3443,46.0744,45.3443,45.7508,716000
2019-10-22,45.8006,45.9997,45.3941,45.9582,905800
2019-10-23,45.9333,45.9997,45.1287,45.9997,647700
2019-10-24,45.9997,45.9997,45.0457,45.3278,462600
2019-10-25,45.278,45.9168,45.0789,45.8255,525400
2019-10-28,45.9168,46.3315,45.5186,46.0661,621000
2019-10-29,45.6596,46.8956,45.6596,46.6136,1177000
2019-10-30,45.6596,46.4477,43.3949,43.7682,2271900
2019-10-31,43.9673,44.9793,43.2207,44.7968,1255400
2019-11-01,44.9213,45.3112,44.5646,44.9793,1204500
2019-11-04,45.278,46.8044,45.278,46.6717,1194200
2019-11-05,46.4643,47.0865,45.8172,46.1159,1102800
2019-11-06,46.091,46.3896,45.7591,45.8006,760800
2019-11-07,46.0412,46.7463,45.8753,45.9997,691400
2019-11-08,45.8089,46.4228,45.5269,46.3647,535100
2019-11-11,46.232,46.3979,45.7923,46.3066,726100
2019-11-12,46.456,46.9786,46.1075,46.2237,825700
2019-11-13,46.0412,46.1407,45.3858,45.7923,694300
2019-11-14,45.6928,46.2486,45.6513,45.9997,702900
2019-11-15,46.368,47.0712,46.1671,47.0377,921300
2019-11-18,46.8703,46.8703,45.7151,45.7737,688900
2019-11-19,45.7486,46.7699,45.7486,46.5941,1253900
2019-11-20,46.6024,46.6024,45.7318,46.2927,1610700
2019-11-21,46.1253,46.1923,45.6649,45.7402,616600
2019-11-22,45.6063,46.3094,45.2714,45.2714,493700
2019-11-25,45.263,45.7235,45.0872,45.104,692600
2019-11-26,45.0956,45.33,44.3924,44.6017,880700
2019-11-27,44.6519,45.1124,44.5013,44.744,701200
2019-11-29,44.4762,45.0035,44.1999,44.6854,415500
2019-12-02,44.5766,45.2798,44.4678,44.8194,560800
2019-12-03,44.359,44.585,43.932,44.2501,764100
2019-12-04,44.1832,44.8026,44.1832,44.451,731300
2019-12-05,44.5431,44.9115,44.1915,44.7943,792000
2019-12-06,45.0872,45.5979,44.878,44.9701,552400
2019-12-09,44.97,45.0789,44.4343,44.7022,653800
2019-12-10,45.6481,46.1588,45.3216,45.7988,1110800
2019-12-11,45.7737,46.6024,45.69,46.276,793900
2019-12-12,46.4099,46.9959,46.276,46.8201,768200
2019-12-13,47.0126,47.0461,46.0918,46.6861,854100
2019-12-16,46.661,47.0628,46.5522,46.8117,778500
2019-12-17,46.6861,46.8787,46.1922,46.7447,949200
2019-12-18,46.6024,47.0377,46.3094,46.9959,1141000
2019-12-19,47.1214,47.1466,46.661,46.8619,709900
2019-12-20,46.5857,48.5027,46.2257,48.1762,2031000
2019-12-23,48.3102,48.352,47.5065,47.6907,567900
2019-12-24,47.9083,47.9753,47.6321,47.7577,177700
2019-12-26,47.7995,48.3102,47.7995,48.0339,552600
2019-12-27,48.1176,48.4273,47.833,48.0255,437000
2019-12-30,47.8832,47.967,47.607,47.8414,445700
2019-12-31,47.8163,48.3436,47.6656,48.1762,634000
2020-01-02,48.486,48.712,47.7995,48.1846,574600
2020-01-03,48.0172,48.5362,47.9669,48.5027,782400
2020-01-06,48.2516,48.3771,47.7995,48.1511,1388700
2020-01-07,48.1762,48.3939,47.6572,47.7493,728600
2020-01-08,47.7242,47.8246,46.9959,47.2052,827500
2020-01-09,47.2052,47.3307,46.2174,46.8619,799600
2020-01-10,46.8033,47.1633,46.502,46.5941,673300
2020-01-13,46.6275,47.2052,46.4183,46.6945,708700
2020-01-14,46.7447,47.0126,46.3178,46.5438,674600
2020-01-15,46.502,46.8787,46.2006,46.3597,532000
2020-01-16,46.5941,47.3307,46.3848,47.1466,692700
2020-01-17,47.1466,47.3642,46.7782,46.9289,1316800
2020-01-21,47.0043,47.3475,46.6443,47.2219,940300
2020-01-22,47.2805,47.2889,46.2006,46.7782,822700
2020-01-23,46.5187,46.7447,45.9076,46.5438,593600
2020-01-24,46.502,46.5187,45.3049,45.4723,802000
2020-01-27,44.878,44.9198,43.2874,43.3963,1383100
2020-01-28,43.6139,43.8483,42.9442,43.2037,1444200
2020-01-29,43.2539,43.3377,42.6931,42.7349,800700
2020-01-30,42.6931,43.9488,42.6177,43.9237,956200
2020-01-31,43.7311,43.8902,43.3795,43.8902,978100
2020-02-03,44.1078,44.7357,43.9655,44.359,887700
2020-02-04,44.8445,45.4723,44.1999,44.3506,780900
2020-02-05,44.6185,45.7486,44.6101,45.5058,919100
2020-02-06,45.7402,46.0416,44.8947,44.9031,887700
2020-02-07,44.7775,45.5644,44.4678,45.2714,879400
2020-02-10,45.0538,46.1755,44.8863,45.7653,1519200
2020-02-11,45.9746,47.1382,45.7904,46.0416,1713100
2020-02-12,47.3809,48.1344,45.9076,46.0583,2763800
2020-02-13,46.5905,47.976,46.1766,47.1143,2246300
2020-02-14,47.0721,47.0721,45.7711,45.8049,1301100
2020-02-18,45.619,45.619,44.732,45.2811,1092300
2020-02-19,45.4416,45.788,45.2557,45.4163,1077400
2020-02-20,45.2895,45.6528,44.9178,45.6021,853800
2020-02-21,45.3064,45.5007,44.7742,44.9685,579700
2020-02-24,44.563,44.9263,44.1153,44.7911,1212000
2020-02-25,44.7066,44.7489,42.7636,43.1015,1263800
2020-02-26,43.2958,43.8787,42.6791,42.6876,1324800
2020-02-27,42.1554,42.2314,40.1363,40.4235,1615500
2020-02-28,39.4351,40.1701,38.565,39.6632,2186500
2020-03-02,39.8828,41.5555,39.7646,41.4204,1794300
2020-03-03,41.319,42.1469,40.584,41.0233,1125200
2020-03-04,41.6654,42.4933,41.6147,41.9948,1650600
2020-03-05,41.0318,41.4795,40.4742,40.905,1028000
2020-03-06,39.9504,40.1616,38.7593,39.5787,1529800
2020-03-09,37.1119,38.5819,35.642,36.8162,2266300
2020-03-10,37.7624,37.83,34.4255,36.6135,1660500
2020-03-11,35.6166,35.8194,33.2174,33.7074,1944000
2020-03-12,31.663,32.55,28.816,30.5394,3126200
2020-03-13,32.1023,33.2765,30.4127,32.5754,1727800
2020-03-16,30.3789,31.7812,28.1486,28.4189,1704700
2020-03-17,29.5848,30.8435,28.419,29.8129,2583900
2020-03-18,27.8783,28.3007,25.0398,25.5551,2399700
2020-03-19,25.3439,28.6808,24.4991,27.6586,2221500
2020-03-20,28.2247,29.6186,26.7801,26.8476,2263000
2020-03-23,26.7125,28.5457,25.969,27.6586,2095000
2020-03-24,29.306,30.0832,28.8245,29.5679,1834400
2020-03-25,30.041,32.9048,29.7622,30.9449,2054000
2020-03-26,31.3926,32.7781,30.683,31.7981,1544000
2020-03-27,30.6746,31.5363,29.6946,30.5732,1688600
2020-03-30,30.8435,33.9524,30.117,33.4455,1772400
2020-03-31,33.5469,35.0253,33.53,34.662,1988800
2020-04-01,33.4455,34.1636,31.7052,32.4148,1729400
2020-04-02,32.3895,33.6145,31.9333,33.0146,1592000
2020-04-03,32.5669,33.0146,30.9449,31.4011,1225600
2020-04-06,32.6683,33.1921,32.0685,32.3304,1534000
2020-04-07,33.4033,34.8563,32.0938,32.1192,1360400
2020-04-08,32.5162,33.6229,32.2543,33.3188,1625300
2020-04-09,33.6651,34.983,33.3948,34.493,1360500
2020-04-13,34.5184,34.7634,32.8541,32.9048,1026300
2020-04-14,33.7665,34.4001,32.7612,33.3357,1397100
2020-04-15,32.5078,32.55,30.7168,31.1899,1497600
2020-04-16,31.1899,32.4317,30.7421,32.1952,1487200
2020-04-17,32.8879,33.8848,32.6176,33.8679,1789800
2020-04-20,33.3695,33.9017,32.7528,32.8457,1142000
2020-04-21,32.2121,32.3557,30.4887,30.5225,1434900
2020-04-22,31.097,32.1952,30.7928,31.9333,1641500
2020-04-23,32.1023,33.2512,32.1023,33.0569,1087800
2020-04-24,33.5976,33.6483,32.7274,33.4624,1093300
2020-04-27,33.5469,33.7919,33.0907,33.53,1706700
2020-04-28,34.2143,34.3917,33.4286,34.1467,1018800
2020-04-29,34.6705,35.5406,34.5437,35.1858,1107200
2020-04-30,34.8141,34.9999,33.4117,33.5131,1063200
2020-05-01,33.0231,33.3188,31.7643,32.0093,1001900
2020-05-04,31.7306,32.1783,31.3926,31.8404,1517900
2020-05-05,32.1023,32.6092,31.9587,32.0516,995500
2020-05-06,29.5679,29.9227,27.6079,28.892,5259600
2020-05-07,29.1455,31.0463,29.1455,30.7252,2962500
2020-05-08,31.3419,31.6292,30.4549,30.8604,1632400
2020-05-11,30.5478,30.7675,29.2469,29.2891,1805400
2020-05-12,29.8213,30.0917,29.1708,29.2553,1397900
2020-05-13,29.6186,29.7706,28.571,29.0188,1610300
2020-05-14,28.6639,29.4412,27.9459,29.3736,1446800
2020-05-15,29.1593,29.8279,28.9107,29.425,1424100
2020-05-18,30.3593,30.7707,30.1021,30.3678,1794400
2020-05-19,30.4278,30.8307,29.9736,30.1193,1291100
2020-05-20,30.3935,30.8135,30.1536,30.505,1325500
2020-05-21,30.2993,30.6078,29.9993,30.4535,1246300
2020-05-22,30.3421,30.5135,29.6307,30.325,1406100
2020-05-26,31.8678,32.6563,31.6535,32.3306,2626600
2020-05-27,32.8964,34.1649,32.8364,33.7363,3097300
2020-05-28,34.0278,34.1906,33.1278,33.3163,1436000
2020-05-29,32.9649,33.7106,32.4935,33.4449,3154000
2020-06-01,33.3335,34.1306,33.1449,33.6163,1622400
2020-06-02,34.2592,34.2763,33.3678,34.1735,1743200
2020-06-03,34.662,35.7163,34.6106,35.4763,1493300
2020-06-04,35.3049,35.8791,34.8077,35.3991,967300
2020-06-05,36.6848,38.4505,36.282,36.402,1519300
2020-06-08,37.1991,38.0305,37.122,37.5505,1744000
2020-06-09,36.8563,37.1048,36.0848,36.7791,1055700
2020-06-10,36.7191,36.9334,34.6192,34.6449,1543600
2020-06-11,34.1906,34.2592,33.1792,33.3249,2285200
2020-06-12,34.2935,34.4906,33.1192,33.762,1743300
2020-06-15,32.6049,34.3706,32.4164,34.1306,1308600
2020-06-16,35.142,35.5449,34.2592,35.2106,1216200
2020-06-17,35.202,35.2363,34.3535,34.6363,1124300
2020-06-18,34.2592,35.4506,34.0363,35.322,1489800
2020-06-19,35.9991,35.9991,34.8249,34.8249,2544500
2020-06-22,34.8506,35.0649,34.3106,34.6192,1071500
2020-06-23,34.8763,35.6306,34.6449,35.2106,1580000
2020-06-24,34.7392,36.1448,34.0277,35.3049,2608100
2020-06-25,35.3906,36.5134,35.322,36.4448,2062500
2020-06-26,36.3248,36.3248,34.4563,34.4735,2111800
2020-06-29,34.7649,35.4506,34.662,34.9792,908000
2020-06-30,35.0134,35.4592,34.542,35.2534,1095600
2020-07-01,35.2277,35.3649,34.3192,34.3963,1560900
2020-07-02,35.2277,35.5963,34.0535,34.0963,1555000
2020-07-06,34.5849,34.9192,34.2335,34.7049,1297900
2020-07-07,34.3192,34.3192,33.7449,33.9763,1011600
2020-07-08,33.9763,34.3449,33.2906,33.5906,893000
2020-07-09,33.3678,33.4278,32.5706,32.7678,904600
2020-07-10,32.7678,34.3106,32.7678,34.1906,975800
2020-07-13,34.7734,35.262,34.062,34.7134,1169200
2020-07-14,34.5506,35.9648,34.4049,35.9134,1169900
2020-07-15,36.402,37.2677,36.0163,37.0534,1876800
2020-07-16,36.8991,37.6191,36.5305,36.7191,1009300
2020-07-17,36.9334,37.2505,36.6505,36.9077,874200
2020-07-20,36.6248,36.8991,35.6306,35.922,927300
2020-07-21,36.0506,37.1048,36.0506,36.762,1116800
2020-07-22,36.6763,37.3791,36.5391,37.1734,803300
2020-07-23,37.1477,38.6905,37.1477,38.3819,1142900
2020-07-24,38.3134,38.5534,37.7134,37.9962,895900
2020-07-27,37.6277,38.5876,37.4134,38.5705,1038200
2020-07-28,38.5276,39.0505,37.8077,38.2277,1001400
2020-07-29,39.2219,40.019,37.5934,38.7248,2377500
2020-07-30,38.2448,39.1191,38.2019,38.5791,1256200
2020-07-31,38.2534,38.5191,36.7277,37.2334,1418200
2020-08-03,37.4134,38.2791,37.182,37.7391,1236300
2020-08-04,37.7391,38.0048,36.9505,37.9791,1035300
2020-08-05,38.2877,38.5619,37.9705,38.4334,1012500
2020-08-06,38.2276,38.6991,38.2276,38.3134,788500
2020-08-07,38.0734,39.0762,38.0391,38.9648,808700
2020-08-10,38.9819,40.319,38.9476,40.1133,1038800
2020-08-11,40.6876,40.9533,40.0105,40.0448,828000
2020-08-12,40.499,40.619,40.019,40.1219,744500
2020-08-13,40.2847,40.2847,39.6933,39.8305,900500
2020-08-14,39.6399,40.1944,39.4492,39.7958,838700
2020-08-17,39.8738,40.6709,39.8651,40.1944,750600
2020-08-18,40.1511,40.203,39.7352,40.0038,635700
2020-08-19,40.0038,40.7836,39.9691,40.4543,836400
2020-08-20,40.0731,40.515,39.5965,39.8478,888400
2020-08-21,39.9431,40.7316,39.8825,40.5236,1010400
2020-08-24,40.8009,41.2081,40.307,40.5756,692800
2020-08-25,40.8875,41.0348,39.9778,40.6709,906500
2020-08-26,40.6536,40.7662,40.1164,40.4196,578400
2020-08-27,40.4283,40.6363,39.7872,40.0644,542500
2020-08-28,40.1164,40.4803,39.7005,40.437,717100
2020-08-31,40.2464,40.411,39.4926,39.5272,961500
2020-09-01,39.4406,39.9258,38.9987,39.3972,580700
2020-09-02,39.5272,40.3157,39.3106,40.2117,809600
2020-09-03,40.3677,40.9135,39.5012,39.6485,770600
2020-09-04,40.0557,40.437,39.198,40.2724,654300
2020-09-08,40.0904,40.1164,39.0767,39.1806,895800
2020-09-09,39.3799,40.0817,39.2759,39.7265,598900
2020-09-10,39.7612,40.1944,39.3106,39.3279,538100
2020-09-11,39.3106,39.6918,38.9987,39.5445,688100
2020-09-14,39.8911,40.1337,39.3366,40.0731,914900
2020-09-15,40.1684,40.6103,39.5185,40.177,1319700
2020-09-16,40.229,40.6016,40.0211,40.2984,871400
2020-09-17,39.9085,41.0868,39.4146,41.0088,1230400
2020-09-18,41.1648,42.8717,41.0088,41.2514,4055600
2020-09-21,40.2724,40.2724,39.2413,39.6225,1234900
2020-09-22,39.7872,40.1597,39.5272,39.8391,978600
2020-09-23,40.1597,40.5929,38.6261,38.6954,1087100
2020-09-24,38.5741,39.1806,37.6124,38.6868,1196400
2020-09-25,38.5048,40.0298,38.4788,39.9344,1568700
2020-09-28,40.6969,41.2081,40.281,40.2897,912800
2020-09-29,40.0991,40.1597,38.964,39.146,628300
2020-09-30,39.1806,39.9431,39.1806,39.5965,889000
2020-10-01,39.7178,39.9258,39.224,39.7005,550600
2020-10-02,39.0247,40.2724,38.8341,40.1944,553600
2020-10-05,40.5323,41.1735,40.3417,40.9309,755300
2020-10-06,41.494,42.3778,41.1648,41.2428,1065600
2020-10-07,41.6587,42.6464,41.5893,42.5078,1441100
2020-10-08,42.8197,42.8284,42.1612,42.4731,1524000
2020-10-09,42.889,44.3706,42.7937,43.7295,1589200
2020-10-12,43.9721,44.8125,43.6168,44.5266,916800
2020-10-13,44.128,44.4226,43.4522,44.1367,1025200
2020-10-14,44.0587,45.2457,43.8854,45.1851,1159000
2020-10-15,44.5613,47.6458,44.4053,46.97,2652100
2020-10-16,46.996,47.5678,46.6754,47.2992,1532400
2020-10-19,48.0097,48.5989,46.944,47.3079,1650100
2020-10-20,47.8018,48.0617,46.8747,47.6805,1278600
2020-10-21,47.7064,48.6422,47.6545,47.7411,1097500
2020-10-22,47.9837,49.7772,47.8711,48.9108,1683400
2020-10-23,49.318,50.1412,48.3736,48.5382,1412100
2020-10-26,48.1743,48.5729,47.5765,48.2523,1139400
2020-10-27,48.2176,48.6249,47.3772,48.2523,1517500
2020-10-28,50.2538,52.4199,49.4307,50.3058,4133400
2020-10-29,50.5224,50.8863,49.5433,50.5051,2218600
2020-10-30,49.8899,50.1758,48.4429,49.1534,2022800
2020-11-02,49.7599,50.687,49.2834,50.3145,1581700
2020-11-03,50.5657,50.8257,48.6249,48.9368,1456500
2020-11-04,48.7462,49.1274,46.788,48.4863,1604000
2020-11-05,48.5556,50.9556,48.5556,50.687,1297800
2020-11-06,50.9729,51.0163,49.5866,49.8292,1253700
2020-11-09,51.1202,51.5535,49.2141,49.2574,1893100
2020-11-10,49.5693,51.0683,48.9541,50.9556,1331400
2020-11-11,51.1202,51.7094,49.7599,51.0336,1078400
2020-11-12,51.0596,51.0596,49.7339,50.2451,920500
2020-11-13,50.4877,51.5794,50.4098,51.2675,838600
2020-11-16,51.9174,52.9225,50.817,52.5845,1399900
2020-11-17,51.8332,52.3574,51.1867,51.8769,1168500
2020-11-18,51.9817,52.9777,50.9159,51.0032,1199300
2020-11-19,50.7936,51.2479,50.1121,51.1343,1099600
2020-11-20,51.0993,51.5187,50.7586,51.3178,713200
2020-11-23,51.7983,52.8117,51.4051,52.3574,1224200
2020-11-24,53.0039,54.8036,52.4622,54.7337,2134700
2020-11-25,54.3406,54.5939,53.0126,54.0173,1407600
2020-11-27,53.8164,54.2707,52.8728,53.1524,405600
2020-11-30,52.8379,53.2835,51.3789,51.4488,1875200
2020-12-01,52.3923,52.9689,51.3789,51.9555,1309100
2020-12-02,51.6934,52.0691,51.3352,51.8157,670900
2020-12-03,52.4185,53.4931,52.1652,53.1,923800
2020-12-04,53.3271,53.9736,53.2922,53.7028,1079100
2020-12-07,53.764,53.8688,52.6894,53.1,907700
2020-12-08,53.0825,54.192,52.6544,53.598,1205300
2020-12-09,54.1833,55.5724,53.4931,55.4763,2088500
2020-12-10,55.7122,56.4722,54.8997,56.3499,2047500
2020-12-11,56.0966,58.2807,56.0966,57.6954,1884300
2020-12-14,58.1234,58.2195,55.6598,55.7209,997700
2020-12-15,55.9131,57.5206,55.7384,56.9265,1099400
2020-12-16,56.7868,56.9265,55.8869,56.4635,557000
2020-12-17,56.4548,56.7693,55.5374,55.9131,953500
2020-12-18,55.9743,56.3587,55.2229,56.2451,2150600
2020-12-21,55.6598,56.7867,55.3016,56.6295,979600
2020-12-22,56.612,56.778,55.5287,55.9917,1124700
2020-12-23,56.3936,56.7169,55.5724,56.5421,505800
2020-12-24,56.2451,56.4373,55.7209,56.2014,239700
2020-12-28,56.481,56.778,55.7821,56.0092,494600
2020-12-29,55.9306,56.1665,54.8997,55.4239,722400
2020-12-30,55.7559,57.1187,55.3452,56.9527,663500
2020-12-31,56.9091,57.5381,56.5946,57.2935,846800
2021-01-04,57.5905,58.8748,56.2538,57.407,1255400
2021-01-05,57.3459,59.5038,57.3459,58.8835,1382600
2021-01-06,59.7571,63.0945,59.6348,61.3035,2892400
2021-01-07,61.8364,62.4392,60.5434,60.6657,1284000
2021-01-08,60.8929,61.4258,60.1678,61.3297,1019600
2021-01-11,60.3687,61.95,60.3687,60.9103,1156000
2021-01-12,61.155,61.3996,60.5609,60.8841,753300
2021-01-13,61.1288,63.1207,60.6919,61.5306,1979300
2021-01-14,61.5481,64.204,61.5306,63.1207,1609100
2021-01-15,62.7275,62.8935,60.9365,61.7316,1149100
2021-01-19,62.0286,63.208,61.4433,61.7228,1521500
2021-01-20,61.9151,62.7275,61.487,61.95,963500
2021-01-21,61.9674,62.2208,59.8882,60.0017,1122700
2021-01-22,59.5824,60.2027,58.9883,59.9319,1138000
2021-01-25,59.9319,59.9843,57.9487,59.1631,1588100
2021-01-26,59.7134,59.9319,58.0011,58.2283,1227200
2021-01-27,57.2323,57.573,54.227,55.8345,2061000
2021-01-28,56.3062,58.5952,55.9218,58.2283,1590200
2021-01-29,57.9138,58.2283,56.3587,57.1712,955400
2021-02-01,57.5818,58.9796,56.8304,58.7699,1176900
2021-02-02,59.5475,60.9628,59.0844,60.7181,1361300
2021-02-03,60.7618,62.0723,60.3512,61.5918,1637200
2021-02-04,61.618,62.5877,61.4782,62.5353,1028200
2021-02-05,62.9023,64.4399,62.6227,63.8545,2892000
2021-02-08,64.0467,65.5669,63.872,64.7456,1577600
2021-02-09,64.6495,66.0649,64.2215,65.8989,2502500
2021-02-10,65.5494,67.6461,64.4923,65.2524,4037600
2021-02-11,65.3485,66.7026,64.9116,66.5803,1804200
2021-02-12,66.8881,68.6381,65.9999,68.5941,2406100
2021-02-16,68.5941,69.8693,67.8642,69.7462,1910000
2021-02-17,69.2185,69.4032,67.5652,68.5941,2181700
2021-02-18,67.8115,68.0137,65.0677,65.7272,2139000
2021-02-19,65.9647,68.0577,65.9647,67.1695,1420900
2021-02-22,67.1255,69.0339,66.5891,68.7612,2058400
2021-02-23,68.5941,69.2889,66.7738,68.0753,1793400
2021-02-24,68.2424,68.9195,67.1871,67.5037,1396100
2021-02-25,67.5037,68.4359,65.5162,65.7097,1310400
2021-02-26,65.9471,67.7851,65.0941,67.3454,2194000
2021-03-01,68.26,69.4823,67.6268,69.1921,1933400
2021-03-02,69.4032,70.2386,68.9899,69.7022,1252200
2021-03-03,69.7901,71.2324,68.7964,68.9899,1755200
2021-03-04,68.6117,69.2977,64.5928,66.8881,2219200
2021-03-05,68.0137,69.0778,65.9295,68.3479,1545500
2021-03-08,68.2336,70.3529,67.917,68.9986,1519500
2021-03-09,69.5175,70.4233,68.6997,69.5263,1070900
2021-03-10,69.8077,71.1356,69.3592,70.8102,1484600
2021-03-11,71.0037,72.0414,69.3328,71.6369,1365800
2021-03-12,71.3291,72.402,70.652,71.0389,1498000
2021-03-15,70.8367,71.0565,68.9547,69.6846,861800
2021-03-16,69.6319,70.3442,68.8492,69.456,851300
2021-03-17,69.4296,69.7901,68.2688,69.5263,897100
2021-03-18,69.9396,70.8191,68.7085,69.0602,854400
2021-03-19,69.2977,69.3944,67.8554,68.7524,1602500
2021-03-22,68.8844,69.1306,67.5564,68.2952,724600
2021-03-23,67.7147,68.2248,66.0087,66.466,974200
2021-03-24,67.1431,67.9258,66.3165,66.422,882800
2021-03-25,65.9559,68.1369,65.4459,67.8027,1572000
2021-03-26,68.5678,69.7374,68.2863,69.7198,944400
2021-03-29,68.9019,69.966,68.2248,68.3127,1124300
2021-03-30,68.4446,70.5464,68.3831,70.1859,1259600
2021-03-31,70.5728,70.951,69.711,69.711,1122300
2021-04-01,70.0804,71.0301,69.9221,70.5289,1146700
2021-04-05,70.7135,70.8806,69.4208,69.4208,722300
2021-04-06,69.5703,70.4585,68.9019,69.7462,795600
2021-04-07,69.8605,70.2298,68.858,69.1042,503500
2021-04-08,69.0602,69.2273,67.8906,68.9371,984700
2021-04-09,69.3856,69.8693,68.6469,69.8693,605200
2021-04-12,69.9924,70.221,69.1833,69.7022,612300
2021-04-13,69.4208,69.6318,68.26,68.3127,604900
2021-04-14,68.9459,70.9861,68.7085,70.3793,974100
2021-04-15,70.6256,71.1884,69.2977,71.1532,1216200
2021-04-16,71.2324,73.6244,71.2324,73.5364,1445300
2021-04-19,73.299,73.7739,72.3668,73.1495,1191400
2021-04-20,72.7274,73.299,70.7487,71.505,909600
2021-04-21,71.2324,73.0176,70.6168,72.8153,1318900
2021-04-22,72.8681,73.8442,72.1294,73.299,1270400
2021-04-23,73.5013,74.9083,73.1671,74.838,1209000
2021-04-26,75.049,76.0603,74.838,75.6734,1345300
2021-04-27,75.9812,78.127,75.8053,77.6872,2000800
2021-04-28,77.8983,78.1006,75.2865,75.3217,1091600
2021-04-29,76.0691,76.6584,74.6621,75.1546,953800
2021-04-30,74.838,75.4887,74.0817,74.24,925900
2021-05-03,74.7852,76.0955,74.6269,75.4799,1812200
2021-05-04,75.4887,78.4699,74.75,76.5352,2540900
2021-05-05,76.9486,79.1471,76.3242,79.1471,1359600
2021-05-06,79.1471,79.4812,76.9661,78.2413,1031700
2021-05-07,78.0566,80.8971,77.828,80.3079,1413400
2021-05-10,80.8004,81.2401,79.5868,79.622,971300
2021-05-11,78.1709,80.0705,77.7312,79.8242,963000
2021-05-12,79.3845,80.0265,76.9134,77.7048,1077400
2021-05-13,77.828,79.4109,77.6345,78.5403,536000
2021-05-14,79.0416,80.0265,78.9272,79.7011,782500
2021-05-17,79.3933,79.578,78.5139,78.7426,997800
2021-05-18,79.2466,79.4942,77.6106,77.6194,970100
2021-05-19,76.5582,76.6643,75.0283,76.0276,1039600
2021-05-20,76.0188,76.3371,74.6392,75.6031,1527200
2021-05-21,76.629,77.3187,76.0807,76.8058,1194400
2021-05-24,77.133,77.5752,76.4432,76.7616,500100
2021-05-25,76.8147,77.6725,76.3548,76.9562,1102800
2021-05-26,76.9562,77.7786,75.9038,77.6813,1110800
2021-05-27,78.265,79.1051,76.9385,76.9473,1879800
2021-05-28,77.0358,77.2126,76.1779,76.7793,1093200
2021-06-01,77.9113,79.1317,77.6902,79.0256,1341800
2021-06-02,79.3793,79.3793,77.6283,78.3269,1226800
2021-06-03,78.1943,78.7249,77.4691,78.6541,1048700
2021-06-04,78.7514,79.2378,78.2915,78.8045,817800
2021-06-07,78.9283,79.68,78.6364,79.2378,931700
2021-06-08,79.0344,79.6269,78.3977,79.3705,1199400
2021-06-09,79.0875,79.3262,78.0793,78.5215,851800
2021-06-10,78.8752,78.999,77.3718,77.4072,591200
2021-06-11,77.9909,78.1235,74.7718,74.9045,1463700
2021-06-14,74.4711,74.7188,72.6671,73.065,1595600
2021-06-15,72.9854,73.2065,71.6854,72.0303,1527300
2021-06-16,71.9684,71.9684,70.7569,71.1372,1466700
2021-06-17,70.8895,71.031,66.1583,68.9882,3322300
2021-06-18,68.2365,68.9086,67.1134,68.2719,3735900
2021-06-21,68.9086,70.978,68.714,70.9072,2165600
2021-06-22,70.978,71.314,69.5365,70.5446,1587100
2021-06-23,70.4031,71.0575,70.1997,70.7392,1153400
2021-06-24,71.314,72.1365,70.7923,71.0045,970500
2021-06-25,70.5358,71.1372,69.3066,69.961,2197200
2021-06-28,70.4297,70.5977,68.8025,70.1732,1171500
2021-06-29,70.5358,71.1195,69.9698,70.3412,1376100
2021-06-30,70.1202,70.4651,68.5637,69.112,1093400
2021-07-01,69.9344,70.7922,69.448,70.2351,1306600
2021-07-02,70.412,70.6861,69.4657,70.4739,954500
2021-07-06,70.297,70.465,68.4133,68.6875,1249700
2021-07-07,68.095,69.1297,67.6616,68.8025,1760000
2021-07-08,67.2283,68.1746,66.229,67.3344,1034900
2021-07-09,68.2807,68.9528,67.7324,68.4929,1280800
2021-07-12,68.2011,68.8113,67.1133,68.5637,1117700
2021-07-13,68.6698,68.6698,67.2018,67.5113,959500
2021-07-14,67.644,68.3868,66.7154,67.1576,975800
2021-07-15,66.9453,67.7059,66.5474,66.9453,759400
2021-07-16,67.2106,67.5644,64.8848,65.0793,1197800
2021-07-19,63.7351,65.4066,63.4345,65.2474,1754900
2021-07-20,65.3623,66.5031,65.0174,66.1317,1290600
2021-07-21,66.6269,67.5644,66.5297,67.1222,2000100
2021-07-22,67.0603,67.0603,65.8134,65.9283,1345800
2021-07-23,66.2467,66.3882,65.61,66.2732,1008700
2021-07-26,66.5739,67.3256,66.0344,66.0787,1307400
2021-07-27,66.1052,66.8038,65.6188,66.5032,1494000
2021-07-28,69.2446,69.9875,66.7596,69.4304,2770400
2021-07-29,70.1113,71.1195,69.1474,70.4031,1374400
2021-07-30,70.5004,70.8453,68.3337,68.6521,1317400
2021-08-02,68.9617,69.731,67.644,67.8208,1150000
2021-08-03,67.6793,68.7406,66.2025,68.3072,1006400
2021-08-04,67.6086,67.6086,66.0344,66.5739,959400
2021-08-05,66.6623,67.2106,65.893,66.2909,703100
2021-08-06,66.6181,67.9712,66.6181,67.7059,664500
2021-08-09,67.5202,69.1208,67.2991,68.4045,740100
2021-08-10,68.4753,69.6957,68.4487,69.5542,710400
2021-08-11,70.1467,70.297,68.7052,70.0759,780300
2021-08-12,69.8637,70.0759,69.3154,69.9433,602700
2021-08-13,70.1201,70.6684,69.7133,70.014,683200
2021-08-16,69.8902,70.4385,69.4392,70.3766,675500
2021-08-17,69.8814,70.5623,68.8555,69.6956,934000
2021-08-18,69.2995,70.0206,68.6674,68.7386,569400
2021-08-19,67.7415,68.5694,65.7295,66.2992,1104700
2021-08-20,66.1212,66.4417,65.1241,65.5425,1280500
2021-08-23,65.7027,67.0293,65.3911,66.6464,823500
2021-08-24,66.7533,67.9017,66.7533,67.2518,679700
2021-08-25,67.1361,68.4537,66.6998,67.9908,629600
2021-08-26,67.9997,68.0976,66.958,67.0382,510600
2021-08-27,67.0382,68.8365,66.5663,68.6585,787000
2021-08-30,68.9523,68.9523,67.3319,67.421,544600
2021-08-31,67.5723,67.8572,67.1183,67.4032,1082000
2021-09-01,67.421,67.8127,66.1212,67.4477,676000
2021-09-02,68.3469,70.0562,68.151,68.7208,1039900
2021-09-03,68.6941,68.9701,67.9106,68.8989,609600
2021-09-07,68.5516,69.4419,68.24,68.5962,1319400
2021-09-08,68.2757,68.5694,66.4417,68.0976,1333300
2021-09-09,67.9997,68.2133,66.9402,67.3498,1016600
2021-09-10,67.3409,68.4804,67.3142,67.786,758900
2021-09-13,68.5516,69.2282,68.1599,68.7742,877400
2021-09-14,68.8633,69.8337,68.3469,68.5339,1016900
2021-09-15,68.5516,72.3888,68.2935,72.2285,1844900
2021-09-16,72.2196,72.7894,71.5519,72.1929,1034700
2021-09-17,72.2819,72.549,71.0444,71.7388,1923900
2021-09-20,69.6734,70.1096,67.8661,68.6585,925500
2021-09-21,69.1214,69.1214,67.4922,68.6496,759100
2021-09-22,69.4775,70.261,67.7237,68.8098,1692900
2021-09-23,69.1927,70.8664,69.0057,70.0562,609700
2021-09-24,69.7357,70.6883,69.3885,70.1274,827400
2021-09-27,70.5993,71.7478,70.1096,71.5252,922100
2021-09-28,72.0594,73.279,71.6142,71.8279,1105200
2021-09-29,72.3353,72.9051,71.6943,72.0593,695400
2021-09-30,72.1306,72.8695,71.1424,72.3977,1241000
2021-10-01,72.7182,73.9734,71.8724,73.466,952600
2021-10-04,73.466,74.4453,73.2879,73.5283,835600
2021-10-05,73.8399,74.9706,72.7983,74.8905,1433800
2021-10-06,74.2672,75.0774,73.0565,74.7213,952600
2021-10-07,75.0507,75.754,74.6946,75.2288,677300
2021-10-08,75.4513,75.6739,74.8993,75.1041,529100
2021-10-11,75.7184,76.1903,75.1397,75.6205,689700
2021-10-12,75.1664,75.7896,74.8993,75.202,619600
2021-10-13,75.3267,75.4513,73.92,74.837,844200
2021-10-14,75.3801,76.5642,74.9617,76.4484,862900
2021-10-15,76.9648,77.1251,76.1903,76.2259,625500
2021-10-18,75.7807,76.671,75.4869,76.2793,483200
2021-10-19,76.7689,77.223,76.2348,76.9826,538100
2021-10-20,77.0093,78.3715,76.6799,77.9708,996800
2021-10-21,77.9886,78.4961,77.3387,78.0687,683600
2021-10-22,77.9886,78.8878,77.8551,78.6385,665500
2021-10-25,78.87,79.4042,78.1133,78.6296,773200
2021-10-26,79.0748,79.3419,77.499,77.677,1050500
2021-10-27,80.1253,81.1491,79.2617,80.6773,2073000
2021-10-28,81.2738,82.7338,80.1253,82.716,2044100
2021-10-29,82.7427,83.4015,81.8702,82.4756,1302600
2021-11-01,83.0454,83.7754,81.7189,82.0127,1447900
2021-11-02,81.6922,81.897,80.4547,81.1313,910100
2021-11-03,80.5882,81.5853,79.3151,81.4251,1451800
2021-11-04,81.6388,82.627,81.4963,82.4133,958800
2021-11-05,82.7961,82.9742,81.8613,82.7249,887100
2021-11-08,83.1255,83.7665,82.2085,82.3421,550600
2021-11-09,82.351,83.4193,81.523,82.6982,769900
2021-11-10,82.4667,83.0454,81.8435,82.173,1076400
2021-11-11,82.3777,83.9624,82.0127,83.6508,828300
2021-11-12,83.6864,84.8616,83.2413,84.6924,981600
2021-11-15,84.9061,85.6718,84.363,85.6005,977400
2021-11-16,85.6005,86.3484,84.8349,85.2266,1114900
2021-11-17,84.8283,85.7503,83.9241,85.6071,1272700
2021-11-18,85.1326,86.0368,84.6134,85.9562,848400
2021-11-19,85.1863,86.0099,84.0047,84.2464,878200
2021-11-22,84.4702,85.4728,83.8256,84.3359,973400
2021-11-23,84.2016,84.8909,83.7451,84.4165,640900
2021-11-24,84.3538,84.5149,82.8946,83.1095,841600
2021-11-26,81.3191,81.4086,80.0211,80.9968,902400
2021-11-29,82.1337,82.3575,80.4597,81.0864,944100
2021-11-30,80.4776,80.4776,76.9864,77.4966,2229700
2021-12-01,79.0453,79.6093,75.5988,75.6347,1022600
2021-12-02,76.1001,77.9084,75.5362,77.0311,1328000
2021-12-03,77.6936,79.0185,77.0222,77.5414,1486800
2021-12-06,78.5261,79.1259,77.2281,77.4877,1043700
2021-12-07,78.2665,79.3676,77.5503,78.5798,743300
2021-12-08,78.5351,79.4392,77.8368,77.8995,630100
2021-12-09,77.7831,77.7831,75.9659,76.5209,934900
2021-12-10,77.2102,77.9084,76.7894,77.801,942000
2021-12-13,77.6936,79.1527,77.4519,78.6514,962600
2021-12-14,78.6783,79.5287,77.9084,77.9532,729800
2021-12-15,77.8368,78.8305,76.7178,78.5798,611100
2021-12-16,79.3586,79.9316,78.7768,79.0185,810000
2021-12-17,79.0005,79.5019,78.0069,78.8484,1070100
2021-12-20,77.7025,78.2128,75.3034,76.8252,818400
2021-12-21,77.9263,79.5914,77.6757,79.0185,1015000
2021-12-22,78.8215,79.6719,78.6872,79.6719,938700
2021-12-23,79.6809,80.9252,79.4929,80.7104,481200
2021-12-27,80.8088,81.7219,80.1733,81.516,366800
2021-12-28,81.3191,82.1427,81.0595,82.1158,456000
2021-12-29,82.1785,82.7603,81.8383,82.5455,482500
2021-12-30,82.8141,83.4586,82.2232,82.4112,411300
2021-12-31,82.0621,84.0315,81.9189,83.575,480600
2022-01-03,83.7182,84.4433,82.9036,83.8883,577700
2022-01-04,85.0431,85.6071,84.4075,84.6223,1003900
2022-01-05,84.9178,85.5533,84.0136,84.121,975100
2022-01-06,85.0341,86.4396,84.121,86.0457,1065200
2022-01-07,85.7861,87.102,84.7745,86.8513,797400
2022-01-10,86.8335,87.6212,84.9625,86.0367,978300
2022-01-11,86.0815,87.5228,85.3743,87.5138,1158800
2022-01-12,87.7286,89.1789,87.0931,88.2389,1250200
2022-01-13,88.8566,89.4564,88.042,88.4269,583700
2022-01-14,87.9883,89.0535,86.9498,88.3642,733300
2022-01-18,87.666,88.0688,86.6634,87.8092,733300
2022-01-19,87.9435,87.9793,86.2516,86.6186,814800
2022-01-20,86.6365,87.6839,84.6224,84.8282,1207500
2022-01-21,84.0226,85.4728,82.5097,84.4433,1205500
2022-01-24,82.1874,84.2374,80.227,83.8704,1733900
2022-01-25,83.2438,85.0431,80.9521,84.7656,1282500
2022-01-26,85.0431,87.9435,84.9625,86.1979,1061200
2022-01-27,87.1736,89.1878,86.2068,86.4664,1192600
2022-01-28,86.3053,88.3642,86.0994,87.8987,913700
2022-01-31,87.5407,88.597,86.8514,88.4985,1072700
2022-02-01,88.4985,89.5727,87.9077,89.5101,1648200
2022-02-02,89.5638,90.5306,88.2926,90.1099,1383600
2022-02-03,89.0715,90.2173,88.2031,88.4359,956200
2022-02-04,88.3284,89.0446,86.7081,87.8182,788800
2022-02-07,87.9256,88.973,87.4332,88.5522,666600
2022-02-08,89.0714,90.6112,88.7313,90.3784,1329700
2022-02-09,89.9666,92.7328,88.6328,89.161,1832100
2022-02-10,89.161,92.1509,88.0599,88.6776,1453000
2022-02-11,91.3363,91.6765,89.7697,91.0319,1540800
2022-02-14,91.3094,91.3542,89.4027,90.262,1801600
2022-02-15,90.4285,91.8773,89.9966,91.4454,1407100
2022-02-16,91.3734,92.7142,91.0135,92.4713,1488100
2022-02-17,91.1934,91.2924,89.8076,89.9876,1964300
2022-02-18,89.9066,90.7075,88.8358,89.3577,1183700
2022-02-22,89.0787,90.2845,88.0438,89.2047,975000
2022-02-23,89.8616,90.7885,89.5376,89.6996,1647500
2022-02-24,88.0619,92.0303,87.189,91.7064,2242600
2022-02-25,91.0134,94.7479,89.9786,94.6579,2033300
2022-02-28,93.7671,95.1169,92.9842,94.082,2819600
2022-03-01,94.361,96.3227,93.5331,95.2699,2292300
2022-03-02,96.1067,97.5465,95.6928,96.9796,2145800
2022-03-03,97.8615,98.8334,96.7727,98.2754,2106100
2022-03-04,98.1315,98.1315,96.0528,97.4746,2074400
2022-03-07,98.5364,101.353,96.7097,97.8615,3034100
2022-03-08,97.9875,98.8424,94.9369,95.6658,2568700
2022-03-09,96.2867,97.5465,94.532,96.7187,1671500
2022-03-10,95.9808,99.1933,95.8548,98.7614,1932900
2022-03-11,98.6624,100.0302,98.2125,98.9234,1370900
2022-03-14,99.1303,99.4363,95.7828,97.3216,1631300
2022-03-15,97.7355,98.5274,95.4498,97.2406,1474800
2022-03-16,97.0606,97.4026,92.6512,93.6411,3064100
2022-03-17,94.091,96.0977,93.8571,94.8379,1965300
2022-03-18,94.253,94.8919,92.8402,94.406,2290900
2022-03-21,95.8008,99.1033,95.3958,99.0583,2967100
2022-03-22,99.8772,100.0482,98.2485,99.2833,2017700
2022-03-23,99.6972,101.0471,99.3913,100.7501,1256900
2022-03-24,101.326,102.7658,101.0561,102.5769,1680800
2022-03-25,102.6668,105.6904,102.6668,105.4744,2243400
2022-03-28,104.8715,104.8715,101.659,102.4599,1355000
2022-03-29,98.9863,98.9863,93.5961,97.2586,2750200
2022-03-30,97.9695,100.1112,97.9695,98.7254,1147900
2022-03-31,98.3924,100.9121,97.6815,99.7152,1234400
2022-04-01,100.3721,102.2259,100.0122,101.488,1005100
2022-04-04,102.0459,102.0459,99.5083,100.2912,817600
2022-04-05,100.6601,101.515,100.2462,100.6871,1102900
2022-04-06,100.8131,103.4587,100.6961,101.8299,1943500
2022-04-07,102.4239,105.8884,102.3609,105.0515,2038600
2022-04-08,106.1854,107.8681,105.2765,106.4103,1344800
2022-04-11,107.8951,107.9311,104.9435,105.8884,1734500
2022-04-12,106.9952,109.3169,106.6353,107.3552,1436100
2022-04-13,107.5172,109.2719,107.1932,108.849,1378700
2022-04-14,109.7848,111.9176,109.7758,111.5486,1375500
2022-04-18,111.4676,115.1571,111.1437,114.0683,2507900
2022-04-19,111.6656,113.5463,109.6859,110.9007,2324000
2022-04-20,110.5318,113.9603,109.4969,113.3844,2295600
2022-04-21,114.5992,115.5441,109.9108,110.0818,1816300
2022-04-22,109.8118,110.7207,105.0155,106.1314,3243600
2022-04-25,104.7365,105.4385,101.209,104.7365,1977400
2022-04-26,107.9851,108.759,103.3147,103.3597,2350700
2022-04-27,106.1854,109.5869,102.3609,107.0492,2712700
2022-04-28,108.1291,108.759,103.8907,105.1325,2244900
2022-04-29,105.5194,105.5194,101.65,101.794,1523300
2022-05-02,101.803,104.5206,101.794,103.7017,1652500
2022-05-03,103.4857,105.8884,103.0898,105.0785,1283000
2022-05-04,105.5554,106.9772,103.4497,106.7973,1863500
2022-05-05,106.5813,107.0223,102.9008,103.3238,1033200
2022-05-06,103.0898,104.0257,101.83,103.6927,1475600
2022-05-09,101.8749,102.4059,96.7996,97.0336,1775500
2022-05-10,97.8525,99.9762,97.4566,99.2833,1703000
2022-05-11,99.4363,101.695,98.1585,98.7794,1910400
2022-05-12,98.6444,99.4723,95.9088,98.2394,1537000
2022-05-13,99.8232,100.4621,97.4385,98.6084,1496200
2022-05-16,99.3913,101.506,99.3283,101.299,1460400
2022-05-17,103.0358,105.7534,101.497,104.8265,1455400
2022-05-18,104.1531,104.7859,100.004,100.6006,1240200
2022-05-19,99.4345,100.8627,97.3102,99.7509,1609500
2022-05-20,99.8865,101.5407,96.795,98.874,1283800
2022-05-23,99.8051,103.3847,99.1362,102.5441,1204500
2022-05-24,102.0198,104.4424,101.3057,104.37,2011000
2022-05-25,104.3158,105.5723,103.3395,104.6141,1165400
2022-05-26,104.9667,105.2469,102.9328,103.891,1013800
2022-05-27,103.7283,103.8367,101.8661,103.7011,1279800
2022-05-31,105.2198,107.2446,104.5418,106.9553,2564000
2022-06-01,107.2717,107.561,101.4955,103.1407,1730100
2022-06-02,102.5983,105.1565,101.9836,104.135,1341900
2022-06-03,103.5565,103.7825,101.378,102.1373,1473500
2022-06-06,102.9147,102.9147,100.7814,101.152,1492500
2022-06-07,100.3384,102.4356,100.0672,101.9746,1398500
2022-06-08,101.3599,102.7339,101.0526,101.7215,1044400
2022-06-09,101.9746,102.526,99.5791,99.6062,933700
2022-06-10,98.3588,99.2356,96.6413,96.6865,1167600
2022-06-13,94.4718,95.5294,92.4108,92.6006,1315800
2022-06-14,93.2334,94.3904,92.7001,94.3272,1328900
2022-06-15,94.752,95.5113,93.0074,93.9385,1229400
2022-06-16,91.9046,92.691,90.3317,90.6119,1620800
2022-06-17,90.4944,90.7837,86.8515,88.2255,3743800
2022-06-21,88.6775,89.7441,88.099,89.2289,1872200
2022-06-22,87.4029,87.4752,83.995,84.1216,2220300
2022-06-23,83.5792,83.6967,77.7849,78.9962,3119200
2022-06-24,79.0414,80.8041,77.2877,79.9001,3142300
2022-06-27,80.6775,82.6301,79.4753,82.1871,1973400
2022-06-28,83.3532,85.2967,81.3736,81.9973,1218600
2022-06-29,82.169,83.3261,81.0843,82.6933,1339000
2022-06-30,82.6391,83.3713,81.7261,81.9792,1729800
2022-07-01,81.8798,82.6572,79.6199,82.2142,1287000
2022-07-05,80.2617,81.1385,77.2696,78.3001,1450500
2022-07-06,78.6527,78.96,75.7329,77.6041,2323900
2022-07-07,80.0176,81.8255,78.9871,80.2255,1957200
2022-07-08,80.8764,81.3103,79.1499,79.2764,953300
2022-07-11,78.6979,79.9634,78.3092,78.7611,959100
2022-07-12,77.6312,80.7318,77.3871,79.177,1421200
2022-07-13,78.499,79.8459,78.3634,78.7431,998000
2022-07-14,76.9984,77.5227,75.9679,77.4052,1091100
2022-07-15,78.1917,78.3453,76.7725,78.1103,863900
2022-07-18,79.0775,80.9035,79.0414,79.2854,1183500
2022-07-19,79.6561,81.4911,79.4662,81.3555,1299000
2022-07-20,80.7137,83.1363,80.5962,83.0639,1605100
2022-07-21,82.1781,83.6425,81.9431,82.7928,1367700
2022-07-22,82.6753,84.0131,81.8436,82.2775,876600
2022-07-25,83.5701,85.8391,83.1543,85.1521,1292300
2022-07-26,86.3453,87.8639,85.1792,86.1735,1765200
2022-07-27,81.9882,83.9137,79.9182,82.7295,3247800
2022-07-28,81.4821,82.4674,80.325,80.7408,2134700
2022-07-29,81.0572,83.7057,80.8131,83.4617,1682600
2022-08-01,83.5882,85.586,83.1995,84.8266,1701900
2022-08-02,84.5555,85.2425,83.6244,84.0131,1529500
2022-08-03,83.9227,86.1464,83.5521,85.9204,2167300
2022-08-04,85.4775,87.2854,84.9442,85.9204,1524400
2022-08-05,85.5589,88.0086,85.4775,87.4571,1351300
2022-08-08,87.5747,88.3882,86.8425,87.0413,1147900
2022-08-09,87.7374,89.4006,87.43,88.0266,1044700
2022-08-10,88.5509,89.1294,87.5475,88.4515,1115000
2022-08-11,89.3012,90.2051,88.8402,89.1204,853700
2022-08-12,90.4673,91.552,89.8165,91.5159,1034200
2022-08-15,89.8707,91.0368,88.4244,90.7114,1010900
2022-08-16,90.621,91.2628,89.2922,89.9611,1767300
2022-08-17,89.5181,90.5125,89.0481,90.4854,906700
2022-08-18,90.9356,92.0818,90.6628,91.5906,1448000
2022-08-19,90.9629,91.7361,90.5536,90.9811,1390200
2022-08-22,89.7713,90.4172,89.0618,90.3262,930600
2022-08-23,90.6809,93.4644,90.6809,92.7003,1661000
2022-08-24,92.3547,93.6918,91.4996,92.1727,993200
2022-08-25,92.7003,93.6464,92.2546,93.6373,838600
2022-08-26,93.3552,94.1648,92.0454,93.0733,921000
2022-08-29,92.4183,95.0926,92.2,94.4195,1116300
2022-08-30,94.2012,94.7379,90.5081,90.8538,1486500
2022-08-31,90.2352,91.3996,89.3802,90.208,1799300
2022-09-01,89.4529,90.0351,88.2613,89.2073,891900
2022-09-02,90.1989,92.009,90.0078,90.0624,1134400
2022-09-06,90.59,91.1721,85.2232,85.5961,1435200
2022-09-07,84.8957,87.47,84.3681,86.9333,1327900
2022-09-08,86.4148,88.1886,86.0964,88.1158,881400
2022-09-09,89.0436,89.2255,87.0697,88.134,1174200
2022-09-12,88.6161,89.2255,85.8963,86.3329,1235100
2022-09-13,85.1686,87.4791,84.1134,84.541,1000300
2022-09-14,84.6956,84.8866,83.1128,83.8678,909000
2022-09-15,83.7678,84.1953,82.6762,82.9582,922200
2022-09-16,82.6944,82.7035,80.6114,81.3663,1630000
2022-09-19,80.3839,83.0582,80.2475,83.0037,911400
2022-09-20,82.5943,82.5943,80.7933,82.0576,872200
2022-09-21,83.5222,83.9588,81.4118,81.4118,852500
2022-09-22,82.1031,82.6398,80.1656,80.3203,967600
2022-09-23,78.41,78.7102,75.1445,75.6721,1334600
2022-09-26,74.9262,76.7636,73.9438,74.5168,1372400
2022-09-27,75.572,77.2457,74.4077,74.7806,1166700
2022-09-28,75.1081,76.709,74.8261,76.3179,1161000
2022-09-29,75.8267,75.8904,73.1433,74.8079,1044700
2022-09-30,75.6902,75.8904,74.6351,75.1081,1051500
2022-10-03,75.8995,76.9728,75.2991,76.7636,1010900
2022-10-04,77.7642,80.4112,77.7096,80.1656,1300400
2022-10-05,79.5562,80.3476,78.7648,79.8109,857800
2022-10-06,79.0468,79.9473,78.3919,78.4555,1325400
2022-10-07,78.2008,78.6466,76.991,77.7915,879600
2022-10-10,78.4555,79.6108,78.3828,78.7739,954100
2022-10-11,77.9552,79.82,76.7363,78.41,1044600
2022-10-12,78.7284,80.3476,76.1178,79.6835,1943700
2022-10-13,79.1196,82.6489,77.5095,82.185,1136200
2022-10-14,82.3306,83.2766,76.9637,77.3094,1297500
2022-10-17,78.7557,80.7023,78.7557,79.9018,1061000
2022-10-18,80.866,81.521,80.0747,81.2299,1207000
2022-10-19,80.957,82.6216,80.6659,82.4124,1241100
2022-10-20,82.9127,83.4403,81.7029,81.712,1186200
2022-10-21,81.4573,83.0855,80.8933,82.5943,853300
2022-10-24,82.6398,83.1128,82.2669,82.8763,1123200
2022-10-25,83.0037,83.9406,81.5665,83.6586,1822200
2022-10-26,89.1437,90.7082,86.4512,89.5166,2825100
2022-10-27,90.2625,93.5008,88.9527,89.0163,1840500
2022-10-28,88.9527,89.7167,87.097,88.0157,1124000
2022-10-31,88.416,91.1631,88.416,89.7804,1471800
2022-11-01,90.408,91.8271,89.4529,90.7537,1023400
2022-11-02,89.4529,92.4547,89.3347,90.217,1521200
2022-11-03,88.6525,90.5718,87.9157,89.8077,960400
2022-11-04,91.5451,92.2364,89.4257,90.5354,840700
2022-11-07,90.5536,93.9465,90.5536,93.8829,1721700
2022-11-08,94.0557,96.2024,93.6554,95.1108,1958300
2022-11-09,93.7555,94.6196,90.5536,90.8993,1799900
2022-11-10,93.4735,94.7834,91.7088,92.955,1496000
2022-11-11,93.6918,94.3195,90.8629,92.3365,1003700
2022-11-14,91.818,92.7731,89.835,89.926,1340000
2022-11-15,90.5263,91.4178,88.507,90.7446,1582400
2022-11-16,90.7264,90.8902,89.6167,90.4263,881900
2022-11-17,89.5063,91.1631,89.25,91.0716,1051400
2022-11-18,91.8497,92.7193,91.1448,92.1792,812600
2022-11-21,91.7581,93.4333,89.8816,92.7101,1458200
2022-11-22,93.2685,94.1198,91.154,92.9847,1744400
2022-11-23,92.9207,93.5248,92.2891,92.6186,588200
2022-11-25,93.2044,94.4036,92.939,93.1678,544700
2022-11-28,92.3714,93.7171,91.7398,93.7171,941600
2022-11-29,94.4951,96.6646,94.4951,95.3464,1306400
2022-11-30,96.8568,97.2138,93.8727,95.9689,2051500
2022-12-01,94.8247,95.6943,88.0234,90.5681,2660500
2022-12-02,90.0921,90.5498,86.1102,86.8059,2621100
2022-12-05,85.6891,86.3848,84.6273,85.4237,1540700
2022-12-06,85.1307,87.703,85.0392,87.3917,1608400
2022-12-07,87.3094,89.6253,87.1171,87.4284,1196400
2022-12-08,88.4078,88.7923,87.1446,88.2065,1148400
2022-12-09,88.2431,88.6916,87.2728,87.4284,791700
2022-12-12,87.6114,87.6114,86.3299,87.3917,729200
2022-12-13,88.7007,88.9296,86.4672,86.4764,1036000
2022-12-14,87.9776,88.8014,86.9615,88.0874,1346900
2022-12-15,87.1904,88.6092,87.108,88.5635,1105200
2022-12-16,87.8494,89.2408,86.5038,87.9501,1638500
2022-12-19,88.4994,89.5978,87.1355,88.0508,807500
2022-12-20,87.8037,89.1218,87.4741,88.3071,1096800
2022-12-21,88.8472,90.2111,88.3712,89.5154,911500
2022-12-22,89.4514,89.4514,87.4101,88.893,545400
2022-12-23,89.2134,90.7238,88.9754,90.5864,459700
2022-12-27,90.8702,92.2707,90.8702,92.0694,623800
2022-12-28,92.1426,92.6003,90.5224,91.0808,707700
2022-12-29,91.1997,92.6552,91.1997,91.3462,691100
2022-12-30,91.1174,91.5476,90.4583,91.3279,597000
2023-01-03,91.4927,91.5384,87.2728,87.4833,876700
2023-01-04,87.3918,88.0966,85.442,86.9615,1384200
2023-01-05,87.5382,87.6297,83.9865,85.2955,1409700
2023-01-06,86.3848,88.8014,86.2384,88.4444,958200
2023-01-09,88.417,90.797,87.8769,89.7443,1245200
2023-01-10,90.4034,90.8702,88.3163,89.2591,907700
2023-01-11,90.3484,90.6231,89.4605,90.1287,569800
2023-01-12,90.3576,92.6827,89.7626,92.0327,990400
2023-01-13,92.0328,92.2799,91.154,91.9229,595900
2023-01-17,92.4264,93.7262,92.1151,92.6369,730100
2023-01-18,92.4996,93.653,89.488,89.607,904000
2023-01-19,89.4788,91.2547,89.1768,90.0647,742300
2023-01-20,90.5315,91.6574,88.0417,89.1859,1118400
2023-01-23,88.7923,89.1127,86.4123,87.5565,1373200
2023-01-24,86.9432,88.7282,86.458,88.3987,964300
2023-01-25,87.6114,88.7008,86.4031,88.6824,1112800
2023-01-26,89.1859,91.4286,87.8861,91.3096,1283100
2023-01-27,91.5384,91.7764,89.3049,89.3415,887300
2023-01-30,89.0394,89.4239,88.179,88.8564,740300
2023-01-31,88.9754,90.8794,88.6641,90.7146,1026100
2023-02-01,90.6871,92.0419,90.0189,91.6483,847700
2023-02-02,91.154,91.2913,88.9021,90.3576,1296600
2023-02-03,90.4949,91.3828,89.2957,89.7809,1159900
2023-02-06,89.8541,91.2089,89.1127,91.154,1215800
2023-02-07,90.9526,91.1814,89.1951,90.5864,1191200
2023-02-08,90.0738,94.6508,89.4697,89.8816,1846700
2023-02-09,88.298,90.4034,87.2728,87.9684,1623300
2023-02-10,88.7831,91.0258,88.2888,90.5224,1358900
2023-02-13,90.0738,90.202,88.8198,89.9274,1681600
2023-02-14,90.1562,91.5384,89.5521,91.5018,1140400
2023-02-15,91.3038,91.6078,90.5761,91.5617,986200
2023-02-16,91.0551,91.4972,89.8576,89.8576,810100
2023-02-17,89.3602,90.226,88.3838,89.876,752500
2023-02-21,89.4431,89.9129,88.5864,88.5864,1257800
2023-02-22,88.7338,90.9077,88.439,90.1339,811800
2023-02-23,90.9353,91.7828,90.0787,90.659,608800
2023-02-24,90.4103,90.6129,89.6918,90.3274,696300
2023-02-27,90.2445,91.1748,89.5076,89.526,796600
2023-02-28,89.2681,89.2681,87.481,87.9693,1327100
2023-03-01,87.6468,88.5588,87.3981,87.6653,661700
2023-03-02,87.5547,90.484,87.1863,89.8668,856600
2023-03-03,89.5628,91.2577,89.2865,90.9814,1052800
2023-03-06,90.7235,90.9537,89.8207,90.3274,985200
2023-03-07,89.5352,90.0971,88.5956,89.5168,884500
2023-03-08,89.5168,89.8207,88.4851,89.1852,630900
2023-03-09,89.2036,90.0234,87.3981,87.4258,1016300
2023-03-10,87.2692,87.3797,84.865,85.2519,1040700
2023-03-13,83.8241,84.4136,82.0187,84.1834,1760600
2023-03-14,92.7868,98.5532,92.0775,96.3701,39934100
2023-03-15,93.7448,93.9567,87.9877,89.1575,6957200
2023-03-16,87.6008,90.3366,87.6008,89.093,2212300
2023-03-17,88.7522,89.2957,84.7176,84.8466,3876800
2023-03-20,85.2058,88.7522,85.1598,87.5455,2494300
2023-03-21,88.7246,89.5628,87.3244,89.5352,1623100
2023-03-22,89.9036,90.4563,88.0245,88.0982,1097600
2023-03-23,88.3653,89.9405,85.5835,86.1638,1552900
2023-03-24,85.6572,86.9652,84.3307,86.523,1370900
2023-03-27,87.4074,89.0009,86.956,88.2732,1322000
2023-03-28,88.1443,89.6734,87.9048,88.9825,1319000
2023-03-29,90.0326,90.1339,88.8443,89.351,1430400
2023-03-30,90.1708,90.2721,87.2784,87.8219,1337400
2023-03-31,88.4206,89.1851,87.435,87.9877,1290300
2023-04-03,88.5864,90.2537,88.0337,89.0378,1067800
2023-04-04,89.3878,89.3878,86.5231,87.0573,1571600
2023-04-05,86.6336,86.7073,84.5426,84.9663,1774700
2023-04-06,84.8282,85.5282,83.2622,85.169,1528400
2023-04-10,85.4269,86.781,85.2242,86.7441,841100
2023-04-11,87.0665,88.5588,86.8731,87.7113,1017800
2023-04-12,87.739,88.2732,86.8086,87.0757,1096000
2023-04-13,86.827,86.956,85.6387,85.9427,1347700
2023-04-14,86.477,87.2323,85.8506,86.956,1019700
2023-04-17,87.1218,88.2087,86.3112,88.1995,992500
2023-04-18,88.4759,90.1616,88.1719,90.0879,951200
2023-04-19,90.1432,90.1524,88.5219,89.1207,776200
2023-04-20,87.9969,89.3417,87.7021,88.7891,798900
2023-04-21,89.0562,89.0562,87.131,87.6008,715000
2023-04-24,87.6837,88.1443,86.9284,87.7297,859400
2023-04-25,86.8731,86.8731,83.5477,84.1741,1781200
2023-04-26,83.8333,85.869,83.8333,84.7729,1093400
2023-04-27,84.6808,85.7124,84.1004,85.3808,819200
2023-04-28,84.8558,86.3664,84.4505,86.2191,693300
2023-05-01,86.3388,86.7349,85.1782,85.2427,838300
2023-05-02,84.6808,84.8926,82.5529,83.9623,1226400
2023-05-03,87.5087,87.5455,82.9398,83.6306,1681800
2023-05-04,83.1793,85.0032,81.945,82.3042,1084300
2023-05-05,83.3175,84.1557,82.7003,83.4096,990300
2023-05-08,83.5478,84.1557,83.0688,83.0964,1180300
2023-05-09,82.7187,82.7187,80.9409,82.2581,1094100
2023-05-10,82.903,83.7412,82.2674,82.5253,981000
2023-05-11,82.8569,83.2438,82.0002,82.8753,1067900
2023-05-12,82.949,83.6767,82.6542,83.1793,769100
2023-05-15,83.6491,85.0492,83.5754,84.736,1015500
2023-05-16,84.2386,84.5978,82.0187,82.0831,988600
2023-05-17,82.599,82.9859,81.5765,82.6174,848500
2023-05-18,82.4365,82.7983,81.5089,82.3901,889000
2023-05-19,82.8076,84.2083,82.2324,83.9021,1121100
2023-05-22,84.2825,84.8669,82.6684,83.9207,738600
2023-05-23,84.0227,86.2026,83.6517,85.1637,908200
2023-05-24,85.0431,85.544,83.1044,83.9114,922400
2023-05-25,83.2899,92.399,82.4829,86.8334,4139100
2023-05-26,87.0931,88.4567,85.8872,87.4734,1510300
2023-05-30,87.0746,87.6311,85.2564,87.1395,1124300
2023-05-31,86.147,86.7406,85.0616,85.9336,1600000
2023-06-01,86.0635,86.3232,84.2454,84.4309,1181900
2023-06-02,85.2564,86.3603,84.57,85.5997,1123800
2023-06-05,85.7017,86.3417,84.7926,85.0987,968000
2023-06-06,84.3938,86.0635,84.3938,85.7388,656500
2023-06-07,85.9892,88.6144,85.1915,87.3714,1437000
2023-06-08,87.0374,89.4956,82.9189,84.5793,2364200
2023-06-09,84.134,86.9261,83.8558,86.8427,961600
2023-06-12,86.8148,87.8537,86.2675,87.0004,1199200
2023-06-13,86.7313,89.542,85.2657,89.2081,2517100
2023-06-14,90.0986,91.7497,88.197,88.4196,1476200
2023-06-15,88.5031,89.0689,87.2508,87.3807,1799700
2023-06-16,88.2433,90.1913,87.0189,89.4492,2803900
2023-06-20,89.5142,89.5142,85.9336,86.7406,1613500
2023-06-21,86.2119,86.5273,85.0524,85.173,2009800
2023-06-22,85.8687,87.0004,84.468,86.518,1234200
2023-06-23,85.98,87.7795,85.8501,87.2322,1755500
2023-06-26,87.4178,87.863,85.9243,86.1562,1216800
2023-06-27,86.3232,86.5644,84.7463,85.7203,1169200
2023-06-28,84.9782,85.173,83.1879,85.1637,1530400
2023-06-29,85.1729,87.0374,84.7926,86.0913,916500
2023-06-30,86.5551,88.2433,85.4512,87.5198,1407000
2023-07-03,88.0022,90.2934,87.7795,90.0893,831000
2023-07-05,89.5141,91.4528,89.2266,91.3323,1496400
2023-07-06,90.3397,91.5642,89.9594,91.1746,1365000
2023-07-07,91.1004,94.3934,91.0818,93.6791,2088800
2023-07-10,93.707,95.4045,92.7886,92.9278,1395100
2023-07-11,93.9388,95.2189,93.4843,94.718,1106700
2023-07-12,95.4601,95.6364,93.1596,93.373,979200
2023-07-13,93.438,93.7162,92.195,93.271,860700
2023-07-14,93.5214,93.7812,91.6198,92.4547,626000
2023-07-17,93.3545,94.7366,93.002,94.347,1178100
2023-07-18,94.5882,96.9257,94.0873,95.5251,1249100
2023-07-19,95.8497,96.666,94.9778,96.4063,1107700
2023-07-20,97.3432,98.3171,96.9165,97.9461,1239500
2023-07-21,98.3635,98.7439,96.7959,97.2504,907000
2023-07-24,97.705,98.985,97.705,98.4007,699800
2023-07-25,98.7531,101.0814,98.4007,100.1817,1416400
2023-07-26,99.4581,101.3412,99.4488,100.8773,927800
2023-07-27,101.4618,101.6195,100.0054,100.0425,940200
2023-07-28,101.1185,101.1649,99.9127,100.5156,771900
2023-07-31,101.9256,101.9256,99.8755,100.8031,1391800
2023-08-01,99.8755,101.1092,99.3746,100.5712,1396600
2023-08-02,102.0369,107.6025,101.9441,104.7177,2942000
2023-08-03,104.4579,107.6118,104.0683,106.1091,1680300
2023-08-04,106.6007,107.5376,106.1926,106.4059,1664600
2023-08-07,106.6749,108.1498,106.4059,107.584,1537500
2023-08-08,106.2111,106.4987,104.9217,105.8308,1898900
2023-08-09,105.9328,106.4523,104.4672,104.5414,986100
2023-08-10,104.6063,105.571,103.2891,104.0219,1169300
2023-08-11,104.0127,105.4968,103.7622,104.1054,847300
2023-08-14,103.8457,104.8104,103.1686,104.7084,962300
2023-08-15,104.2539,105.2649,103.4097,103.521,1138400
2023-08-16,103.4375,104.2167,102.8903,103.2056,937300
2023-08-17,103.8337,105.0281,103.3111,103.647,1137600
2023-08-18,102.8072,105.1588,102.5646,105.0095,999700
2023-08-21,105.1028,106.036,104.8882,105.4387,894200
2023-08-22,105.8867,106.1853,103.871,103.9457,1048800
2023-08-23,103.9177,105.1121,103.675,104.6269,1085200
2023-08-24,104.5896,105.3081,104.1976,104.5989,784200
2023-08-25,105.2054,105.9426,104.2163,105.1774,853300
2023-08-28,105.5414,106.6332,105.0561,105.9706,725700
2023-08-29,106.2412,106.7358,105.5507,106.2692,828500
2023-08-30,106.1479,107.4544,106.1479,106.8478,798700
2023-08-31,106.7732,107.3611,106.3719,106.6798,972800
2023-09-01,107.585,107.921,106.5865,107.3331,912000
2023-09-05,107.3144,107.4264,105.4387,105.532,794100
2023-09-06,105.4947,105.9706,102.8632,103.4044,1064100
2023-09-07,103.4324,105.0468,103.3111,104.9442,1345500
2023-09-08,105.1494,106.008,104.5429,104.8695,911100
2023-09-11,105.644,107.4824,105.644,107.1931,1068300
2023-09-12,107.1931,107.5943,106.5585,106.7638,931000
2023-09-13,106.7452,107.0158,104.5802,105.588,1193300
2023-09-14,106.1013,108.0983,105.8773,107.5944,835600
2023-09-15,107.0344,107.3144,104.4589,104.8975,1902100
2023-09-18,105.6907,106.5865,105.5227,106.3159,963000
2023-09-19,106.2693,106.7825,105.2801,105.3268,947900
2023-09-20,106.0359,106.9505,105.0188,105.0655,647700
2023-09-21,105.0188,106.6145,104.7202,105.6627,1026800
2023-09-22,105.3454,105.4947,102.8725,103.0218,1065800
2023-09-25,102.6486,103.8244,102.4433,103.2924,1010400
2023-09-26,102.6672,103.703,101.3235,101.6781,1198100
2023-09-27,102.014,102.6859,101.4168,102.2473,1144100
2023-09-28,102.3873,103.6937,102.3873,103.2178,984900
2023-09-29,102.7979,103.2178,100.7449,101.0155,1560600
2023-10-02,100.6329,100.8009,98.524,99.5598,1306800
2023-10-03,98.9252,99.9797,97.7121,98.6639,1395900
2023-10-04,98.3373,98.7946,97.0216,97.5348,1082800
2023-10-05,97.3295,98.272,96.7696,96.9002,1177700
2023-10-06,96.5736,96.6389,94.306,96.2284,1296700
2023-10-09,96.6109,99.1958,96.6109,98.44,1282000
2023-10-10,99.0559,99.7931,97.3855,97.5068,1467700
2023-10-11,97.8241,98.2813,93.8394,95.1739,2348300
2023-10-12,95.3138,95.3605,92.4957,94.5113,1453100
2023-10-13,94.9593,95.8831,94.0727,95.3419,1153900
2023-10-16,96.1257,96.7976,94.7446,96.4243,1058100
2023-10-17,95.7991,98.2627,95.7991,98.0947,852600
2023-10-18,97.9454,100.5023,97.7028,98.272,1233000
2023-10-19,98.3,98.3653,96.331,96.7229,920600
2023-10-20,96.7136,97.4975,94.7913,94.8099,1302800
2023-10-23,94.9126,95.5378,93.8954,94.6606,1198400
2023-10-24,94.9033,95.2765,92.9623,93.9888,1034400
2023-10-25,94.25,95.7338,93.6435,95.3512,1244800
2023-10-26,97.9734,101.0342,96.9002,99.2705,1876100
2023-10-27,98.8039,99.5411,97.3482,98.3746,1007700
2023-10-30,99.2238,100.1197,98.1973,99.3451,973900
2023-10-31,99.4851,99.8304,98.1507,98.8972,1042600
2023-11-01,99.4664,100.101,98.3093,98.9719,902700
2023-11-02,98.8599,99.9144,97.8707,98.4213,1056900
2023-11-03,99.1772,100.241,98.9252,98.9719,855500
2023-11-06,98.9905,99.0932,97.7028,98.3746,793000
2023-11-07,97.9174,98.132,96.6576,97.6281,677000
2023-11-08,97.0775,98.104,95.2859,95.8924,1142700
2023-11-09,97.6468,97.8427,95.6871,96.9282,1206500
2023-11-10,96.9189,97.8334,96.4336,97.5441,804400
2023-11-13,97.2082,97.6841,96.0604,97.1242,938700
2023-11-14,98.0947,99.5691,97.9361,99.1025,787300
2023-11-15,99.1025,100.7356,99.0092,99.6531,1041000
2023-11-16,99.5338,99.5526,98.7545,99.4681,1102500
2023-11-17,99.9282,100.5573,99.4399,100.285,730900
2023-11-20,100.8766,101.7968,99.6089,101.1301,955000
2023-11-21,101.1301,101.7499,100.5573,101.5996,839500
2023-11-22,101.3461,102.9987,100.5198,102.8579,1037600
2023-11-24,103.102,103.1865,101.2334,101.4212,367000
2023-11-27,101.4118,102.1161,100.7451,100.9799,901400
2023-11-28,101.3179,102.3602,100.8954,101.7968,703100
2023-11-29,101.5057,102.21,101.0926,101.5057,603700
2023-11-30,101.4118,103.1959,100.5198,103.1678,1751100
2023-12-01,102.9424,103.703,102.2945,102.548,1034500
2023-12-04,101.8438,103.2053,100.6137,101.1677,1225300
2023-12-05,101.055,101.055,99.6089,99.6277,1061200
2023-12-06,99.4681,100.0033,97.4023,97.853,1211300
2023-12-07,97.5244,98.9141,96.529,97.7497,1191000
2023-12-08,97.8624,98.9798,97.4868,98.1253,700900
2023-12-11,98.238,99.0737,97.2896,98.5948,958000
2023-12-12,99.1488,99.1488,97.4774,98.0126,1103300
2023-12-13,97.1112,98.9329,94.7168,98.7169,1616100
2023-12-14,99.5338,100.3601,98.2286,98.8859,1500200
2023-12-15,98.8859,99.3273,97.4493,98.3883,2730800
2023-12-18,98.7169,98.7639,96.9046,97.4023,1946400
2023-12-19,98.285,99.1207,97.5901,98.8484,1495800
2023-12-20,98.1253,98.1253,95.3083,95.3835,1125400
2023-12-21,95.3928,95.7215,94.0501,95.0548,1460100
2023-12-22,95.0548,96.4821,94.6698,95.4398,741100
2023-12-26,95.6933,96.8577,95.1205,96.238,484900
2023-12-27,95.8436,96.0783,95.3553,95.7872,665300
2023-12-28,96.3788,96.4445,94.8952,95.421,869700
2023-12-29,95.3647,95.3647,94.2191,94.7919,745800
2024-01-02,94.7919,95.9093,94.7919,95.3083,976600
2024-01-03,95.0173,95.4586,93.928,94.1534,1230500
2024-01-04,94.6041,94.6041,92.4632,92.9139,1668700
2024-01-05,92.82,93.7684,90.5758,92.0406,2053200
2024-01-08,91.4678,93.1486,90.3598,93.1111,1750100
2024-01-09,92.7073,92.9045,90.2377,90.773,1631600
2024-01-10,90.1251,90.1251,88.2752,89.1203,2221200
2024-01-11,88.9044,89.9373,88.7072,89.5053,1444200
2024-01-12,90.219,90.5288,88.9795,89.1016,1223700
2024-01-16,88.5006,89.1955,87.6086,89.0171,1341800
2024-01-17,88.6415,89.7025,88.3785,88.7354,909600
2024-01-18,88.6321,89.0264,87.4959,88.3597,1006900
2024-01-19,88.3973,88.5006,86.97,87.0264,1802400
2024-01-22,85.139,86.5663,83.0169,83.3455,4338300
2024-01-23,83.8338,85.1765,83.5333,84.6789,2004600
2024-01-24,84.9042,85.3549,83.4206,83.6741,1744700
2024-01-25,84.3221,84.7164,82.6788,83.0544,1517700
2024-01-26,83.5615,83.9277,82.5004,82.9136,1468500
2024-01-29,83.2422,83.7774,82.6225,83.5803,1603200
2024-01-30,83.6178,84.9981,82.5192,84.7916,1712700
2024-01-31,84.3221,84.5192,82.6976,82.7164,1317700
2024-02-01,83.7305,84.9794,83.5896,84.8855,1448300
2024-02-02,84.6883,85.4207,83.9746,84.9512,1370800
2024-02-05,84.2282,84.923,83.3737,83.5709,1854300
2024-02-06,83.9465,85.2329,83.7868,84.538,2197800
2024-02-07,81.9558,85.7212,80.8478,82.5849,3610000
2024-02-08,82.66,82.8948,80.8572,81.2234,2291600
2024-02-09,82.1154,83.261,81.5144,83.1389,2690000
2024-02-12,83.0732,85.4582,83.0732,85.1484,2264300
2024-02-13,84.369,85.3644,82.8384,83.2234,2218200
2024-02-14,83.2704,84.2657,83.1107,84.0591,1849600
2024-02-15,83.9201,85.7932,83.5795,85.7648,2385700
2024-02-16,85.7175,86.8338,85.3391,86.7297,1659500
2024-02-20,86.2189,87.1743,85.9161,86.7202,2055400
2024-02-21,86.9378,88.1487,86.3702,88.0352,1843000
2024-02-22,87.6284,89.4542,86.8905,89.142,2263200
2024-02-23,88.8109,89.7096,88.546,88.5933,1816900
2024-02-26,88.7731,88.7731,87.4676,88.1676,1072600
2024-02-27,88.565,89.0474,87.9406,88.0919,1265500
2024-02-28,88.0352,88.8393,87.373,88.6785,1195900
2024-02-29,89.1326,89.3974,87.619,89.2745,2301400
2024-03-01,89.3218,89.3974,87.8555,88.0825,1799100
2024-03-04,87.4297,87.9595,84.516,85.2255,2013800
2024-03-05,85.4053,87.5054,85.2066,86.5027,1651200
2024-03-06,86.5121,87.9028,86.2283,86.9189,1507300
2024-03-07,87.4014,88.2433,86.8716,87.496,1824200
2024-03-08,87.5149,88.6785,86.4838,87.2216,1224400
2024-03-11,87.2784,89.388,87.2216,88.7447,1491600
2024-03-12,89.0663,89.4258,88.1866,88.6123,1381100
2024-03-13,89.1231,90.6651,88.546,89.6529,2428000
2024-03-14,89.4069,89.5299,87.969,89.1231,1912900
2024-03-15,88.9244,90.807,88.9244,90.4002,6291100
2024-03-18,89.6529,91.7908,89.3407,91.4692,1820000
2024-03-19,91.6584,92.5192,91.1381,92.4814,1553400
2024-03-20,91.7624,92.5382,91.3178,92.1503,1164300
2024-03-21,92.7936,94.941,92.2071,94.7045,2074800
2024-03-22,94.9789,95.1208,93.2288,93.8626,1341400
2024-03-25,94.1275,95.2059,93.9856,94.5437,1059200
2024-03-26,94.7991,94.8181,93.5882,94.468,1154300
2024-03-27,95.1302,97.0885,94.7991,96.8898,1711700
2024-03-28,96.8803,98.0723,96.833,96.9844,1357300
2024-04-01,97.3722,97.8263,96.5019,96.7668,1072800
2024-04-02,96.8047,98.498,96.7763,98.2899,1517500
2024-04-03,98.1858,98.4129,97.1831,98.148,1057300
2024-04-04,98.8575,100.759,98.1858,99.7846,1485800
2024-04-05,99.6237,101.3171,99.2832,101.09,1260500
2024-04-08,101.3076,101.7523,100.3806,100.7684,1003500
2024-04-09,100.6927,101.8942,100.2387,101.2793,1236400
2024-04-10,100.6549,101.9415,100.0873,101.8279,1191900
2024-04-11,101.9036,101.9604,99.8602,100.2008,1245700
2024-04-12,99.9738,100.513,98.1196,98.1669,1536500
2024-04-15,99.1886,99.8886,97.5993,98.3183,977500
2024-04-16,98.3845,98.6777,97.3533,98.3372,1396900
2024-04-17,99.3399,99.8981,98.8007,99.7278,2028800
2024-04-18,99.9265,100.8914,99.4251,100.759,1341300
2024-04-19,101.1563,104.3159,100.636,103.6064,2625000
2024-04-22,103.6064,104.2119,102.878,103.824,1599000
2024-04-23,103.3321,104.07,102.2158,103.701,2059600
2024-04-24,99.3305,101.4968,96.8898,100.0778,3629800
2024-04-25,100.6549,101.0617,97.2209,98.4412,1996600
2024-04-26,98.2615,98.3277,96.3789,97.1831,1396000
2024-04-29,97.2966,97.9682,96.5019,97.8926,1246200
2024-04-30,97.7128,97.7128,95.2627,96.2654,1476700
2024-05-01,96.1235,97.3723,95.4424,95.4992,1579300
2024-05-02,96.1519,96.5871,95.2437,95.887,1001400
2024-05-03,95.9249,96.3979,94.8843,95.6884,995500
2024-05-06,95.3005,96.7857,95.3005,96.7384,685000
2024-05-07,97.4006,99.1602,97.2587,98.7156,1025600
2024-05-08,98.252,100.2008,98.252,99.6711,1056900
2024-05-09,99.8792,100.5698,99.0089,99.6994,1212400
2024-05-10,100.163,100.3995,98.375,100.3049,1169000
2024-05-13,100.7873,102.1969,100.5319,101.7996,1545100
2024-05-14,102.0171,102.1496,97.798,97.8547,1995800
2024-05-15,97.8547,98.3845,95.9249,96.2465,1593000
2024-05-16,96.8803,99.3872,96.7479,98.6021,1433100
2024-05-17,99.0401,99.0401,97.5165,98.164,701300
2024-05-20,98.164,98.5068,97.1737,97.3927,743400
2024-05-21,97.3642,99.3448,97.3642,98.3735,707100
2024-05-22,97.8212,98.7258,97.4689,98.2021,778100
2024-05-23,97.8879,99.4971,97.3928,97.4785,1417400
2024-05-24,97.8974,99.2115,97.7832,98.8115,933100
2024-05-28,98.8401,101.4587,98.5735,101.3349,1695100
2024-05-29,101.0112,101.6206,100.3256,101.0969,1758700
2024-05-30,101.2683,101.7729,99.6305,100.1161,1247600
2024-05-31,100.2018,102.7442,100.1161,102.449,2330200
2024-06-03,101.9729,103.3917,101.6015,103.1346,1227800
2024-06-04,102.6204,102.8775,101.4492,101.6968,1386100
2024-06-05,101.6396,102.0681,97.4785,98.764,1773800
2024-06-06,98.9925,100.8207,98.1164,100.0971,1208300
2024-06-07,99.7638,100.3637,98.7925,99.1543,1084900
2024-06-10,99.44,101.0397,98.5735,100.6969,1262000
2024-06-11,100.1827,100.9826,98.8592,100.8588,1030400
2024-06-12,101.1826,101.592,100.1447,100.3732,914700
2024-06-13,99.5448,99.9828,97.7165,98.2117,1368000
2024-06-14,97.7165,98.2021,97.3547,97.9165,760700
2024-06-17,97.4118,98.783,96.8976,98.0593,1028400
2024-06-18,97.6403,98.2878,96.6119,97.5451,1139700
2024-06-20,98.583,99.9637,97.7451,98.4021,1678400
2024-06-21,99.0115,100.8398,98.564,100.8112,4155300
2024-06-24,100.4113,103.1441,100.1351,103.0013,1287300
2024-06-25,102.9251,102.9251,101.4111,101.6396,1067900
2024-06-26,101.4492,103.3155,101.3445,102.0681,1097700
2024-06-27,102.649,102.9442,101.7539,102.4966,813300
2024-06-28,102.8775,103.2679,100.2684,101.6682,1969000
2024-07-01,102.4109,103.068,101.6777,102.1919,737100
2024-07-02,102.1919,105.5437,102.0205,105.1057,1683000
2024-07-03,105.1533,106.2484,104.1249,104.163,745800
2024-07-05,103.5631,104.582,102.1443,103.4012,1778500
2024-07-08,103.525,106.2388,103.4965,105.1152,1253900
2024-07-09,104.8867,106.6197,104.601,104.6962,1124200
2024-07-10,105.1819,106.1055,104.4296,105.877,828200
2024-07-11,106.0579,107.0101,103.9916,105.22,1219200
2024-07-12,106.3817,106.7816,104.9534,105.7913,1228200
2024-07-15,105.8104,106.3245,103.9154,105.0581,1081200
2024-07-16,104.7248,106.2293,104.1916,106.0674,836200
2024-07-17,106.3626,107.81,105.5342,106.753,1114700
2024-07-18,106.1246,107.4672,105.7246,106.8578,851100
2024-07-19,106.9721,107.3053,105.3247,106.5721,1068900
2024-07-22,107.0863,107.7433,106.4864,107.4577,788300
2024-07-23,106.9816,107.5243,105.3723,105.5532,855200
2024-07-24,104.7724,107.1434,104.6962,106.734,844600
2024-07-25,106.8673,108.5337,106.0579,107.5529,851600
2024-07-26,107.6005,109.4288,107.0863,108.8479,757800
2024-07-29,108.6194,108.9622,107.8481,108.1433,1037900
2024-07-30,107.3815,109.3336,105.7627,109.086,1430300
2024-07-31,100.2113,102.3062,98.3545,100.2018,3664000
2024-08-01,100.9064,102.0776,97.8498,98.145,1938000
2024-08-02,97.1261,97.6784,93.003,93.7172,1931800
2024-08-05,93.0411,93.5458,90.2226,90.851,1822500
2024-08-06,91.27,92.7555,90.7463,90.7558,1524400
2024-08-07,91.8699,93.0125,91.1081,91.1176,1333600
2024-08-08,91.4223,93.9172,91.3938,92.7364,1556200
2024-08-09,92.4222,92.8888,91.3271,92.2508,1576300
2024-08-12,92.2508,93.2792,92.0127,92.3174,1163800
2024-08-13,90.5273,92.3079,89.9178,91.9842,1942000
2024-08-14,92.2889,92.6888,90.8986,91.1843,1221700
2024-08-15,91.8985,92.5174,91.2319,91.4224,785800
2024-08-16,91.251,91.9842,90.8225,91.8985,772900
2024-08-19,92.0327,92.8478,92.0327,92.3012,706900
2024-08-20,92.1382,92.5985,91.2176,91.2751,536400
2024-08-21,91.7163,92.5793,91.582,92.3779,680200
2024-08-22,92.3396,92.8287,91.7258,92.5122,587200
2024-08-23,93.1068,94.9576,92.6944,94.5932,818300
2024-08-26,95.2836,96.5495,95.0535,96.5015,1225800
2024-08-27,96.8084,97.1345,95.4371,96.2043,907700
2024-08-28,95.907,96.8468,95.0823,96.6837,760600
2024-08-29,97.0961,97.6331,94.9384,96.9139,925400
2024-08-30,97.0673,97.2783,96.3385,97.2208,1218800
2024-09-03,96.3002,96.7988,94.6603,95.2261,1097100
2024-09-04,95.7727,96.981,95.1302,96.0988,883200
2024-09-05,96.6741,97.3454,94.6315,94.6891,977900
2024-09-06,94.4685,95.8782,94.0562,94.4014,735200
2024-09-09,94.4877,95.3699,93.3657,94.8617,1061100
2024-09-10,94.8713,95.1686,91.8601,92.2341,1044100
2024-09-11,92.3684,92.3684,90.6134,91.9656,968400
2024-09-12,91.9176,92.656,91.0929,92.4738,680200
2024-09-13,92.8383,94.0274,92.4739,93.3849,727600
2024-09-16,94.4877,94.9864,92.8191,93.2986,993200
2024-09-17,93.6054,94.4206,93.3753,93.6822,770100
2024-09-18,93.5767,94.9864,93.0972,93.7013,1046600
2024-09-19,94.6795,96.3577,93.8452,96.2426,1497000
2024-09-20,96.022,96.0508,93.615,94.7466,5880500
2024-09-23,94.1233,94.8425,92.9821,93.4424,2334900
2024-09-24,93.5479,94.8233,93.0013,93.078,1871400
2024-09-25,93.0876,93.241,90.8052,90.834,1569100
2024-09-26,90.3066,92.3492,90.3066,91.9368,3155900
2024-09-27,92.8958,94.2959,92.7807,93.7205,1380700
2024-09-30,93.615,93.778,92.1382,92.6752,1240200
2024-10-01,92.3012,94.2575,91.6779,93.6726,846300
2024-10-02,93.9698,94.7178,92.3684,92.9725,1486300
2024-10-03,92.541,92.8383,91.371,92.704,1021300
2024-10-04,93.3369,94.2096,93.0588,94.1425,833200
2024-10-07,94.3343,95.3124,94.1041,94.8809,1247600
2024-10-08,93.9603,94.5356,92.8862,94.2096,1062500
2024-10-09,94.037,94.2863,92.2725,92.4163,1216800
2024-10-10,92.8766,93.0013,91.4861,92.119,1107400
2024-10-11,92.1861,93.2794,92.119,92.9917,631900
2024-10-14,92.4834,92.7711,91.8793,92.2725,826600
2024-10-15,92.7424,92.7615,90.7093,90.7956,1119000
2024-10-16,90.8724,92.0039,90.8148,91.2176,1318600
2024-10-17,91.5916,91.8409,90.5751,91.6779,901700
2024-10-18,87.9475,88.1009,84.639,85.8761,5329600
2024-10-21,86.3076,86.7296,85.0802,85.2048,2186300
2024-10-22,85.3487,86.0487,84.8788,85.7035,1822100
2024-10-23,86.1062,86.5857,84.9938,85.3391,2071700
2024-10-24,85.5213,86.5762,85.0322,86.509,1222800
2024-10-25,86.9693,87.679,85.8953,86.0967,1479800
2024-10-28,86.3076,86.7584,85.7323,86.183,1721800
2024-10-29,86.0391,86.0967,84.1691,84.2363,2746300
2024-10-30,84.6294,86.3364,81.5895,82.3375,3393800
2024-10-31,82.4142,83.1239,80.4004,80.573,2962200
2024-11-01,80.8031,81.2922,79.0674,79.2304,3147900
2024-11-04,79.9401,81.2443,79.8346,80.5538,2802500
2024-11-05,79.077,81.6566,78.8085,81.321,3257100
2024-11-06,82.5389,82.9321,80.9662,82.2416,2540300
2024-11-07,82.5676,83.7472,81.7525,83.2485,3022400
2024-11-08,82.7019,83.9198,82.3567,83.5458,2296800
2024-11-11,83.8431,85.4733,83.6705,84.15,2658700
2024-11-12,83.7088,85.1185,83.6225,83.8718,1755100
2024-11-13,83.4595,84.3513,82.817,83.0663,1986700
2024-11-14,83.4116,84.7637,82.6156,84.4472,2025900
2024-11-15,84.85,88.379,84.6774,86.883,3252700
2024-11-18,88.0135,88.8155,87.5884,88.2261,2566800
2024-11-19,87.6174,88.3517,86.3613,86.4676,1619400
2024-11-20,86.4096,86.854,84.5834,85.1052,2731900
2024-11-21,84.9989,86.3516,84.3515,85.3854,1165500
2024-11-22,84.9506,85.1245,83.965,84.6897,1611400
2024-11-25,84.7863,86.3516,84.709,85.453,1980800
2024-11-26,85.3854,86.9893,85.0569,86.6318,1518300
2024-11-27,86.912,87.4821,85.569,85.9072,851400
2024-11-29,85.7332,86.8927,85.511,86.7091,801200
2024-12-02,85.9748,86.3613,84.8926,86.0811,1531600
2024-12-03,86.4096,86.6995,82.2355,85.2791,1903200
2024-12-04,85.0665,85.1052,83.3563,83.6365,1987100
2024-12-05,83.8491,84.1389,82.9988,83.2887,1876900
2024-12-06,83.6752,83.7041,81.0374,81.163,1902700
2024-12-09,82.0905,83.9843,81.3272,82.6123,1541700
2024-12-10,82.6606,83.0471,81.1147,81.849,1718900
2024-12-11,81.9263,82.1292,81.2499,81.9263,1213700
2024-12-12,82.1292,82.1292,80.6412,80.7668,1426800
2024-12-13,80.6509,80.8151,79.1822,79.8586,1393600
2024-12-16,79.4334,79.9262,78.0421,78.1194,1274700
2024-12-17,77.7619,78.6894,76.7183,78.5252,1778300
2024-12-18,78.1097,79.5011,76.3029,76.4575,1961600
2024-12-19,76.9212,77.53,75.0661,75.2883,1704700
2024-12-20,75.0178,77.0662,75.0178,76.4285,7010200
2024-12-23,75.8874,76.5734,75.2497,76.3801,1054200
2024-12-24,76.1772,76.5348,75.5009,76.4285,397900
2024-12-26,76.1386,76.3415,75.1337,75.4236,1192000
2024-12-27,75.2593,76.815,74.9018,75.4333,1047500
2024-12-30,75.5492,75.7038,73.8003,74.2931,1071400
2024-12-31,74.5347,75.1917,74.3607,75.1337,1194900
2025-01-02,75.8487,76.1096,74.6216,74.9501,870800
2025-01-03,75.0564,75.3656,74.1288,74.6699,1231900
2025-01-06,75.3173,76.757,74.9695,75.3463,928300
2025-01-07,75.4816,76.4574,74.9791,75.182,874500
2025-01-08,74.8052,75.2303,73.1916,74.7666,1665500
2025-01-10,74.9115,79.3948,74.8245,78.4769,2349800
2025-01-13,78.815,79.7813,78.4189,79.2209,1608400
2025-01-14,79.2402,79.646,77.8585,78.8537,1242100
2025-01-15,79.3948,79.5687,77.6073,77.7232,1757100
2025-01-16,77.1821,77.7619,75.9454,76.7183,1875200
2025-01-17,76.8922,77.5106,76.3512,76.8536,1362800
2025-01-21,76.2545,76.9309,75.6941,75.9743,1601200
2025-01-22,75.6748,76.1483,75.0178,75.2787,1254800
2025-01-23,75.5202,76.6314,75.269,76.013,968900
2025-01-24,76.1772,76.2159,74.3994,74.583,1237800
2025-01-27,75.7328,76.6507,74.438,76.0227,1988800
2025-01-28,76.2932,76.5831,74.2641,74.6506,988600
2025-01-29,74.4477,75.7908,74.4477,75.5782,1159500
2025-01-30,75.868,76.2642,74.4477,75.0274,1052600
2025-01-31,74.583,75.1434,73.1626,73.5588,1469900
2025-02-03,72.7568,73.2206,71.9548,72.6215,1519900
2025-02-04,72.6215,73.037,71.2495,72.4863,2267200
2025-02-05,68.8532,71.2688,67.3749,67.5102,3596900
2025-02-06,68.3798,68.4764,65.1236,66.9498,3336600
2025-02-07,67.259,67.5005,65.9642,67.2493,1612900
2025-02-10,67.1044,67.3749,65.5198,66.8242,2784700
2025-02-11,66.9111,68.2252,66.3797,67.5585,2005300
2025-02-12,67.1527,68.0223,66.3797,66.7372,1631300
2025-02-13,66.5536,69.1721,66.5536,67.4329,1717900
2025-02-14,67.7034,68.5634,67.3556,68.1189,1276700
2025-02-18,68.0116,68.2457,66.8994,68.1775,1469500
2025-02-19,67.9823,69.3482,67.9531,68.4702,1138800
2025-02-20,68.4994,69.5921,67.7482,69.5238,1764400
2025-02-21,69.7385,72.1873,69.7385,71.28,2081300
2025-02-24,71.28,73.5727,70.958,71.7873,1717800
2025-02-25,71.8263,72.8508,71.5629,72.4605,1620900
2025-02-26,72.0702,72.119,70.9775,71.4751,1177400
2025-02-27,71.2312,71.8556,70.8507,71.4654,1108600
2025-02-28,71.5532,72.7727,71.3873,72.3825,2340600
2025-03-03,72.5873,73.0361,69.5531,70.08,1490000
2025-03-04,69.6702,71.0556,69.1629,69.9531,2103300
2025-03-05,70.119,71.1727,69.3092,69.9629,1406700
2025-03-06,70.197,73.2508,69.6702,72.8312,1525900
2025-03-07,72.5385,75.202,71.9434,73.7581,2070900
2025-03-10,74.4996,76.1679,73.8849,74.4508,1871400
2025-03-11,74.3923,75.0459,72.4995,72.5971,1869800
2025-03-12,71.8751,72.08,70.1385,71.3483,1297000
2025-03-13,71.3971,72.2068,70.8897,71.7971,1572400
2025-03-14,71.8946,72.3922,70.7336,72.08,1099900
2025-03-17,72.4117,73.7679,72.3434,72.7337,1612300
2025-03-18,73.4654,74.0703,72.402,72.8898,1070700
2025-03-19,72.4995,73.5727,72.0117,73.4069,1469500
2025-03-20,73.1239,73.6605,72.0507,72.1483,1749500
2025-03-21,71.8556,72.8605,70.8995,71.4654,10331100
2025-03-24,70.9775,71.9239,70.4117,70.9483,1156100
2025-03-25,71.4068,72.3142,70.9385,71.6605,1286900
2025-03-26,71.6507,72.6751,71.2215,72.3825,1196900
2025-03-27,72.5386,74.9386,72.0703,74.6362,1733800
2025-03-28,74.8215,75.5338,74.1191,74.5679,1219500
2025-03-31,73.4459,75.6703,73.0752,74.5581,1335100
2025-04-01,74.9972,75.9923,73.9532,75.9533,1707800
2025-04-02,75.6118,76.1582,74.685,76.1094,1546700
2025-04-03,75.7972,76.8118,75.3777,76.2948,1703000
2025-04-04,74.2752,74.6362,70.7922,71.4166,2447500
2025-04-07,70.4409,72.6361,69.3385,70.0897,2795700
2025-04-08,70.841,71.3776,66.8994,67.8165,2276700
2025-04-09,67.1628,72.9873,66.6652,72.48,2399100
2025-04-10,72.3825,72.5386,70.2848,71.4458,1803500
2025-04-11,71.8849,74.7923,71.4751,74.441,1965600
2025-04-14,74.7435,75.7972,73.7386,75.1923,1489700
2025-04-15,74.9094,75.1338,73.6215,74.3435,1284800
2025-04-16,74.9386,75.6801,74.2849,74.5191,905900
2025-04-17,74.8801,77.085,74.8801,77.0362,1583500
2025-04-21,77.0362,77.0362,75.7582,76.8801,1362100
2025-04-22,77.124,78.7826,77.0753,78.1387,1199700
2025-04-23,78.6168,79.0265,77.085,77.8753,1259700
2025-04-24,77.7582,79.1924,76.8411,78.8314,1276700
2025-04-25,78.607,79.3583,78.3924,78.9387,1103300
2025-04-28,78.9387,79.729,78.1582,78.6948,1224600
2025-04-29,78.3436,78.8314,77.7777,78.2948,734700
2025-04-30,78.5973,78.607,76.1094,76.8021,2189000
2025-05-01,76.724,77.9241,75.6606,76.5679,1424600
2025-05-02,77.4655,78.207,75.0557,77.2801,1505200
2025-05-05,76.5387,77.1143,75.7094,75.924,1302900
2025-05-06,75.3777,77.368,75.2996,76.2557,2458300
2025-05-07,78.3241,78.3241,73.68,74.0508,3268900
2025-05-08,73.6215,74.9191,73.1727,74.4118,2048400
2025-05-09,74.5776,75.9045,74.4313,75.4655,1822900
2025-05-12,76.5289,78.3241,76.4704,78.1972,2458900
2025-05-13,78.0802,81.8364,77.9826,80.89,2641300
2025-05-14,80.5778,81.7486,79.7875,79.9436,2052600
2025-05-15,79.1631,79.2119,76.1972,78.0704,2619600
2025-05-16,78.1387,79.69,77.8168,79.5534,1226300
2025-05-19,79.7108,79.9077,78.4217,79.022,1659400
2025-05-20,79.2483,79.8289,78.5299,79.1204,1832400
2025-05-21,78.6972,78.9039,76.5814,76.9554,2538000
2025-05-22,76.3551,77.0243,75.4497,76.5618,2130700
2025-05-23,75.7548,77.2408,75.3809,76.857,1272000
2025-05-27,77.4966,78.0281,76.5716,77.9788,1436300
2025-05-28,78.0477,78.648,77.782,78.1166,2230600
2025-05-29,78.156,79.1893,77.1719,77.9592,1267000
2025-05-30,77.3884,77.8804,76.5126,76.9062,2864100
2025-06-02,77.1424,77.3786,75.8729,77.1227,1416500
2025-06-03,76.4437,76.5716,74.4165,75.0561,1584300
2025-06-04,74.938,75.0758,73.4028,73.4028,1656900
2025-06-05,73.5701,73.5701,72.4975,72.6746,1540200
2025-06-06,73.2257,73.7473,72.9994,73.3635,956600
2025-06-09,73.7374,74.1016,73.1864,73.4816,1543800
2025-06-10,73.7571,75.3317,73.4422,74.8298,1185700
2025-06-11,74.8101,75.1348,73.767,74.2688,1128100
2025-06-12,73.7473,75.8827,72.8321,75.804,1868500
2025-06-13,75.8434,82.299,75.8139,80.1143,3966500
2025-06-16,80.3702,85.33,80.2324,84.9068,2877600
2025-06-17,84.9462,86.0975,83.8637,84.3262,2245800
2025-06-18,84.4148,85.7236,84.0507,84.1884,2038800
2025-06-20,84.7297,85.635,83.6865,84.0211,2659000
2025-06-23,83.4996,84.4935,82.7221,82.8107,1598200
2025-06-24,82.8107,83.037,82.0136,82.2596,1861500
2025-06-25,81.5609,81.8955,80.6752,80.9114,1355800
2025-06-26,81.3641,82.0923,80.1832,80.9901,1707500
2025-06-27,80.8425,80.9311,78.5103,79.1598,2375500
2025-06-30,78.7858,80.0651,78.6775,79.0023,2432300
2025-07-01,78.7661,80.2324,77.7033,78.9728,2823700
2025-07-02,79.7108,80.4391,77.5065,80.0946,2352300
2025-07-03,80.2029,80.4489,76.6602,77.1916,2076600
2025-07-07,77.2801,77.2801,73.639,73.6587,2463600
2025-07-08,74.0228,75.6269,73.6193,74.5936,2661000
2025-07-09,74.4165,74.8101,72.6353,74.4361,2558300
2025-07-10,74.2984,76.3157,73.5308,75.3218,1495700
2025-07-11,74.9183,75.8237,74.1704,75.5186,1525000
2025-07-14,75.3907,75.5482,73.1273,73.7965,1652200
2025-07-15,73.7276,73.9638,72.8419,73.0289,1387200
2025-07-16,73.2257,73.5505,71.6709,71.8382,2331800
2025-07-17,71.3461,72.1334,70.4604,71.9956,1735600
2025-07-18,72.1826,73.4422,72.0055,73.2356,1512900
2025-07-21,73.6981,74.2787,72.96,73.0584,1313900
2025-07-22,73.1667,74.6428,73.1667,74.4755,1371600
2025-07-23,74.7904,77.0833,74.4165,76.9062,1478200
2025-07-24,76.6602,76.8275,75.312,75.7056,1589700
2025-07-25,75.2234,76.2469,74.4657,76.0402,1073700
2025-07-28,76.0205,76.0205,74.9774,75.4793,1070100
2025-07-29,75.617,75.7942,73.7571,75.125,2399300
2025-07-30,77.1522,80.0848,75.9123,79.022,4030600
2025-07-31,77.7427,79.2483,76.7586,78.4906,3014700
2025-08-01,78.5299,78.7268,76.0205,76.7586,1878600
2025-08-04,76.4437,79.4747,76.4437,79.3172,2292300
2025-08-05,79.9076,81.4035,79.5239,81.0984,2617900
2025-08-06,81.62,82.545,79.6419,79.6813,2387000
2025-08-07,80.6063,81.8365,79.9372,81.433,1830600
2025-08-08,81.866,83.037,81.4527,81.62,1505600
2025-08-11,81.9152,82.5548,80.754,80.9114,1579500
2025-08-12,80.9901,83.9522,80.6457,81.2066,2793600
2025-08-13,80.6752,81.9644,79.0515,81.9152,1660500
2025-08-14,81.6003,81.7577,80.0257,80.7933,1989500
2025-08-15,80.8622,81.2854,79.76,80.4784,1131000
2025-08-18,80.2718,80.7638,78.9826,79.2877,1910200
2025-08-19,79.7741,79.7741,77.7986,79.2877,1832500
2025-08-20,80.062,82.0276,80.062,81.7695,2254700
2025-08-21,81.7297,84.0725,81.6205,82.7919,2102600
2025-08-22,82.8217,86.5245,82.8217,86.4749,3252900
2025-08-25,86.5742,87.8647,86.465,87.5073,2277700
2025-08-26,86.733,87.1102,84.142,84.3108,2425500
2025-08-27,83.9633,85.3035,83.7747,84.0527,1350100
2025-08-28,84.1222,84.4498,83.3081,84.013,1373800
2025-08-29,83.5067,84.4696,83.3876,83.606,1424800
2025-09-02,83.0103,83.7747,79.8932,80.8264,3710000
2025-09-03,80.4988,80.9753,79.6351,80.6378,1945500
2025-09-04,80.5286,81.3327,79.8833,80.5385,1549600
2025-09-05,80.3697,83.7648,80.3697,83.7152,1981900
2025-09-08,83.735,84.688,82.3949,83.7251,2509800
2025-09-09,83.8839,84.4398,83.3776,83.5365,1693800
2025-09-10,83.0203,83.467,78.0369,81.7397,3084000
2025-09-11,81.4816,82.0275,80.6675,81.3426,1068300
2025-09-12,81.1143,81.5014,80.6278,81.0249,1201000
2025-09-15,81.3227,81.4716,79.6848,79.7145,1593200
2025-09-16,79.9528,83.4769,78.9998,83.0798,2429800
2025-09-17,82.8217,83.2188,79.7642,79.8237,1880400
2025-09-18,80.3102,80.5286,78.841,79.3175,1625700
2025-09-19,79.3572,79.516,78.563,78.5928,4707800
2025-09-22,78.3545,78.5233,75.4558,76.5776,2061600
2025-09-23,77.0938,79.1487,77.0342,77.888,1842100
2025-09-24,78.1758,79.4961,77.9574,78.4141,1707900
2025-09-25,78.8211,79.5954,78.2453,78.8112,1551800
2025-09-26,79.3472,81.422,78.9402,81.3724,2297400
2025-09-29,81.561,82.0375,79.5359,81.829,1841600
2025-09-30,81.7595,81.8985,80.1811,80.6576,1649200
2025-10-01,80.9753,81.9382,80.5981,81.8886,1627400
2025-10-02,81.8489,83.0897,81.0448,82.4147,1577600
2025-10-03,82.3849,83.5365,81.8389,83.3578,991300
2025-10-06,83.0898,84.2611,82.5537,83.5166,1221000
2025-10-07,83.4273,84.7972,83.06,83.4074,1448400
2025-10-08,83.2883,83.8839,80.876,81.8389,1319300
2025-10-09,82.1169,83.3876,80.4889,80.6775,1652400
2025-10-10,80.8959,81.7992,80.1116,80.1811,1379600
2025-10-13,80.0124,81.7893,79.5756,80.3896,1299800
2025-10-14,79.5656,82.1169,78.5332,81.8092,2300600
2025-10-15,88.1426,92.7587,87.4378,92.4113,4998200
2025-10-16,93.3147,97.3947,93.2849,94.635,4215800
2025-10-17,94.2279,97.5138,92.0142,96.7891,2699300
2025-10-20,97.2855,98.6852,95.9453,96.541,1928500
2025-10-21,96.541,96.541,93.7515,94.0393,1884500
2025-10-22,93.9996,94.8434,92.5999,94.7839,1361400
2025-10-23,95.7964,96.4814,94.1585,95.985,1074900
2025-10-24,96.4913,97.1366,96.1042,97.087,887900
2025-10-27,98.7448,98.8242,95.4788,95.717,1219800
2025-10-28,95.0817,96.4814,94.7144,95.6674,1191500
2025-10-29,95.7964,96.3821,95.0519,95.3993,1203800
2025-10-30,95.2504,96.1637,94.3074,94.4463,1163900
2025-10-31,93.8706,94.6747,93.0764,93.9103,1112200
2025-11-03,94.1088,94.1088,92.173,93.3345,1300900
2025-11-04,92.1433,94.6449,90.9322,93.2154,2052600
2025-11-05,92.2425,97.9605,92.2425,94.8732,2520800
2025-11-06,96.1637,96.8785,93.4139,94.079,2860200
2025-11-07,94.3769,94.5357,92.858,94.0294,1486800
2025-11-10,95.0221,95.0221,92.8679,94.3769,1272900
2025-11-11,94.4563,96.1339,93.9698,95.7468,1272600
2025-11-12,95.4589,97.0373,94.903,95.5979,1288800
2025-11-13,95.5383,97.6726,95.3497,96.1935,1610500
2025-11-14,95.7964,96.7891,94.2279,95.31,1113900
2025-11-17,95.09,96.71,93.91,93.97,1436700
2025-11-18,93.98,96.62,93.44,96.14,1370400
2025-11-19,96.28,96.73,91.09,93.15,2610600
2025-11-20,93.46,94.61,92.7,92.8,1838900
2025-11-21,92.91,95.33,92.56,94.58,1372500
2025-11-24,94.5,94.91,93.48,93.51,1666300
2025-11-25,93.63,96.51,93.31,96.51,1442100
2025-11-26,96.52,97.31,96.04,96.48,1115900
2025-11-28,96.47,97.09,95.99,96.07,514500
2025-12-01,96.4,97.4,95.53,96.42,1479500
2025-12-02,97.12,97.25,95.58,96.05,1409300
2025-12-03,96.7,97.35,95.14,95.29,1034400
2025-12-04,95.75,95.99,92.4,94.39,1084200
2025-12-05,94.3,94.8,93.61,93.63,919300
2025-12-08,93.46,93.6,91.63,91.91,1062100
2025-12-09,91.6,92.66,91.02,91.45,1066900
2025-12-10,91.66,92.43,90.12,91.5,1068400
2025-12-11,91.45,93.93,91.25,93.27,1101400
2025-12-12,93.2,93.98,91.64,92.84,1345100
2025-12-15,91.97,92.93,90.11,92.59,1229000
2025-12-16,94.94,94.94,91.8,92.26,1627200
2025-12-17,92.7,93.49,92.18,92.91,1436800
2025-12-18,92.81,93.93,91.67,91.72,1391200
2025-12-19,91.38,92.03,90.81,91.47,3071800
2025-12-22,91.95,92.28,89.09,89.79,1424900
2025-12-23,89.97,90.17,88.24,88.55,1212200
