date,open,high,low,close,volume
2005-01-03,18.8637,18.9447,18.4858,18.5263,762305
2005-01-04,18.7018,18.8008,18.3914,18.4409,1330378
2005-01-05,18.4409,18.6478,18.0585,18.0809,1176575
2005-01-06,18.1079,18.1079,17.8695,17.91,1395122
2005-01-07,17.8695,17.937,17.6356,17.6491,1192984
2005-01-10,17.5726,17.7165,17.5456,17.5456,1475977
2005-01-11,17.5501,17.5861,17.3611,17.4106,1654097
2005-01-12,17.4781,17.7885,17.4466,17.7885,1825802
2005-01-13,17.7885,17.838,17.5771,17.6356,898803
2005-01-14,17.748,18.0495,17.6536,18.0495,1240274
2005-01-18,18.0495,18.1484,17.6626,17.8785,1373939
2005-01-19,17.8155,17.9325,17.5231,17.5726,1189106
2005-01-20,17.5636,17.6311,17.2082,17.3701,1336942
2005-01-21,17.4331,17.6715,17.2082,17.3431,2030625
2005-01-24,17.3161,17.6041,17.2082,17.4601,2041067
2005-01-25,17.5321,17.757,17.4556,17.5861,1075581
2005-01-26,17.0507,17.0732,16.5738,16.7538,5304059
2005-01-27,16.7538,16.9337,16.6233,16.7943,1779258
2005-01-28,16.8528,16.9337,16.5918,16.7268,1381994
2005-01-31,16.8168,17.2397,16.6953,17.2307,1916353
2005-02-01,17.3161,17.3971,16.9967,17.1047,2632263
2005-02-02,17.1047,17.1362,16.9697,17.0282,2380151
2005-02-03,17.0462,17.0552,16.7628,16.8213,1654395
2005-02-04,16.8258,17.0462,16.7898,17.0147,2396411
2005-02-07,16.9652,17.3116,16.9202,17.2801,1457031
2005-02-08,17.2531,17.5996,17.2082,17.5591,2037039
2005-02-09,17.4871,17.5051,17.0957,17.1362,2005115
2005-02-10,17.1632,17.2756,16.8887,16.9832,1544301
2005-02-11,17.0327,17.5411,16.9517,17.4961,1984379
2005-02-14,17.4961,17.5861,17.3476,17.5006,1138982
2005-02-15,17.5006,17.5231,17.2937,17.4331,1690198
2005-02-16,17.3296,17.5546,17.1992,17.4556,1172845
2005-02-17,17.4061,17.4961,17.0822,17.1362,1495669
2005-02-18,17.0642,17.1407,16.9247,17.1002,992190
2005-02-22,16.9607,17.1137,16.7853,16.7853,1120633
2005-02-23,16.8932,17.0057,16.7088,16.9967,1027694
2005-02-24,17.069,17.2633,16.8973,17.1955,1393630
2005-02-25,17.2136,17.5163,17.1232,17.5163,1244750
2005-02-28,17.5163,17.5479,17.2904,17.4711,797362
2005-03-01,17.4304,17.7738,17.4304,17.688,1312328
2005-03-02,17.575,17.6428,17.4621,17.5615,788709
2005-03-03,17.575,17.6292,17.4259,17.5479,1099300
2005-03-04,17.6066,17.9184,17.5705,17.9003,898803
2005-03-07,17.9726,18.3657,17.9365,18.2075,1791789
2005-03-08,18.2075,18.2753,18.0042,18.0223,1726001
2005-03-09,17.9365,18.1172,17.9003,18.0359,1866826
2005-03-10,18.0359,18.2934,18.0359,18.1172,1376773
2005-03-11,18.0991,18.2301,17.81,17.8642,2034503
2005-03-14,17.9455,18.194,17.8461,17.9048,1062602
2005-03-15,17.9816,18.0268,17.8551,17.8551,935651
2005-03-16,17.8506,17.8597,17.6112,17.6428,1005019
2005-03-17,17.566,17.7964,17.5344,17.7332,899400
2005-03-18,17.7331,17.8868,17.5253,17.6247,1280403
2005-03-21,17.6247,17.8145,17.5705,17.697,860464
2005-03-22,17.7964,18.0223,17.5795,17.6157,1355291
2005-03-23,17.575,17.6157,17.4033,17.4395,1317847
2005-03-24,17.4621,17.6112,17.444,17.444,454250
2005-03-28,17.435,17.4892,17.3311,17.3446,793483
2005-03-29,17.2588,17.3039,16.8973,16.9154,1664987
2005-03-30,16.9199,17.1774,16.9199,17.1458,1132269
2005-03-31,17.1503,17.2497,17.0509,17.0735,1129434
2005-04-01,17.1097,17.1594,16.825,16.8341,1885623
2005-04-04,16.8341,16.9199,16.6714,16.8296,949524
2005-04-05,16.8024,16.9741,16.8024,16.9199,750370
2005-04-06,16.9651,17.1368,16.9289,16.9696,730380
2005-04-07,17.0058,17.2633,16.9425,17.2226,813921
2005-04-08,17.3401,17.3446,17.0283,17.0374,485727
2005-04-11,17.1774,17.5479,17.0961,17.4259,1410637
2005-04-12,17.3627,17.557,17.1006,17.4801,1195521
2005-04-13,17.3943,17.4079,17.0012,17.0464,644602
2005-04-14,17.0555,17.0555,16.6172,16.6172,1719288
2005-04-15,16.441,16.4455,16.0796,16.1202,2192185
2005-04-18,16.1202,16.441,16.1067,16.4094,1863544
2005-04-19,16.3913,16.5269,16.1293,16.4681,2242011
2005-04-20,16.4455,16.5766,15.7949,16.1835,2286467
2005-04-21,16.2241,16.441,15.9485,16.3055,2477416
2005-04-22,16.2648,16.2648,15.6594,15.8627,2212772
2005-04-25,15.8853,15.9666,15.7226,15.8672,2179953
2005-04-26,15.8717,15.9937,15.6187,15.6775,1349622
2005-04-27,15.5645,16.0028,15.4109,15.9802,2786515
2005-04-28,15.9034,16.0796,15.813,15.9305,2463393
2005-04-29,15.9892,16.4455,15.9711,16.4275,3184972
2005-05-02,16.441,16.5856,16.3687,16.5178,1907701
2005-05-03,16.4907,16.7347,16.4275,16.5811,2431319
2005-05-04,16.6488,16.9335,16.5675,16.9109,1771650
2005-05-05,16.8521,16.9877,16.5946,16.6895,1487911
2005-05-06,16.8295,16.947,16.7392,16.8476,1068569
2005-05-09,16.807,16.9606,16.6262,16.9606,945646
2005-05-10,16.8476,16.8476,16.563,16.6262,1013970
2005-05-11,16.6488,16.7031,16.31,16.6714,2378510
2005-05-12,16.6579,16.7844,16.4681,16.5494,1326500
2005-05-13,16.5494,16.6263,16.3958,16.4681,1907254
2005-05-16,16.4952,16.7211,16.4907,16.703,1064541
2005-05-17,16.6037,16.7934,16.4817,16.7844,1174934
2005-05-18,16.8205,17.0645,16.7934,16.9967,1116008
2005-05-19,16.9967,17.1323,16.8838,16.9741,568372
2005-05-20,16.7166,16.8702,16.6759,16.7979,890897
2005-05-23,16.7527,16.9425,16.7527,16.825,868371
2005-05-24,16.7618,16.7618,16.563,16.703,1008301
2005-05-25,16.6172,16.685,16.4636,16.6353,1072895
2005-05-26,16.7487,16.8576,16.6761,16.8259,649824
2005-05-27,16.8259,17.3341,16.8168,17.1617,1547881
2005-05-31,17.1435,17.2479,16.9529,17.1843,1323218
2005-06-01,17.1934,17.4203,17.1299,17.3613,1075730
2005-06-02,17.2479,17.4521,17.1526,17.3522,835701
2005-06-03,17.2433,17.3931,17.1798,17.2524,739182
2005-06-06,17.207,17.2887,17.0074,17.0664,964442
2005-06-07,17.0437,17.3432,17.0437,17.2206,1025606
2005-06-08,17.2479,17.3023,17.0618,17.0709,718446
2005-06-09,17.0164,17.0437,16.7351,16.7986,1316206
2005-06-10,16.8122,16.9121,16.7669,16.8259,1885026
2005-06-13,16.7714,16.8939,16.7351,16.8259,1224610
2005-06-14,16.8259,16.9438,16.7079,16.7714,1082741
2005-06-15,16.8168,16.8213,16.4991,16.6262,1754793
2005-06-16,16.6398,16.7669,16.5944,16.6988,1580552
2005-06-17,16.8622,16.9484,16.6625,16.6807,1646339
2005-06-20,16.5854,16.7896,16.5491,16.7079,1078415
2005-06-21,16.7442,16.9212,16.6534,16.8123,1243705
2005-06-22,16.903,16.9212,16.7442,16.7805,804970
2005-06-23,16.7805,16.785,16.5173,16.5354,782742
2005-06-24,16.5218,16.5627,16.2632,16.363,1541616
2005-06-27,16.363,16.3902,16.1906,16.2723,555990
2005-06-28,16.2723,16.6262,16.2587,16.5899,691743
2005-06-29,16.6807,16.7396,16.5854,16.6716,862702
2005-06-30,16.6716,16.6716,16.4538,16.5082,1359021
2005-07-01,16.717,16.7759,16.5627,16.7306,1496116
2005-07-05,16.6852,16.8259,16.5309,16.7714,936098
2005-07-06,16.7442,16.7533,16.54,16.5445,651017
2005-07-07,16.3812,16.5627,16.2223,16.5536,1383635
2005-07-08,16.54,16.7396,16.5037,16.6943,1773291
2005-07-11,16.7896,16.7896,16.5627,16.6988,1432715
2005-07-12,16.658,16.7351,16.5037,16.7351,1191194
2005-07-13,16.7215,17.0618,16.6761,17.0346,2695665
2005-07-14,17.2615,17.3885,17.1299,17.325,3383231
2005-07-15,17.2297,17.5156,17.1526,17.5111,1959466
2005-07-18,17.4702,17.7198,17.4294,17.6381,1481347
2005-07-19,17.6427,18.0329,17.6427,17.7062,1915309
2005-07-20,17.7198,17.9784,17.5428,17.9558,973691
2005-07-21,17.9558,18.2144,17.8741,17.9467,1524609
2005-07-22,18.4231,18.7771,18.2779,18.7362,3634896
2005-07-25,18.6773,18.945,18.3823,18.4458,2081793
2005-07-26,18.5593,19.0357,18.4776,18.8043,1936194
2005-07-27,18.8179,18.9041,18.6636,18.8179,1612774
2005-07-28,18.7907,19.0584,18.7862,18.9994,1336644
2005-07-29,18.8905,18.9314,18.5139,18.7226,1832813
2005-08-01,18.7862,18.9404,18.7226,18.8497,851365
2005-08-02,18.9268,19.0584,18.8905,19.004,1232219
2005-08-03,18.8905,18.9314,18.6954,18.8406,761857
2005-08-04,18.7816,18.8633,18.709,18.7952,764244
2005-08-05,18.7317,18.8043,18.532,18.5774,645498
2005-08-08,18.6046,18.6546,18.464,18.591,752310
2005-08-09,18.6273,18.7544,18.591,18.6909,730380
2005-08-10,18.7589,18.9223,18.5638,18.65,902384
2005-08-11,18.6591,18.7862,18.582,18.7408,638486
2005-08-12,18.65,18.7499,18.5366,18.5774,651763
2005-08-15,18.582,18.6999,18.5094,18.6364,631624
2005-08-16,18.523,18.5275,18.3415,18.3415,899251
2005-08-17,18.3006,18.6137,18.2689,18.5275,680555
2005-08-18,18.4458,18.4504,18.228,18.287,557482
2005-08-19,18.3642,18.4594,18.2825,18.3732,611336
2005-08-22,18.2416,18.4685,17.9921,18.0828,2530673
2005-08-23,18.1509,18.1963,18.0737,18.1055,1673490
2005-08-24,18.1055,18.1827,17.8196,17.8605,1061558
2005-08-25,17.8514,18.1236,17.8196,18.1146,1037242
2005-08-26,18.0601,18.1373,17.8741,18.0465,894776
2005-08-29,18.0009,18.2972,17.9463,18.288,1052010
2005-08-30,18.2926,18.2926,17.9189,18.0784,906859
2005-08-31,18.1468,18.5478,18.0556,18.5478,1139131
2005-09-01,18.4977,18.6708,18.4384,18.5797,1246241
2005-09-02,18.6162,18.7119,18.4886,18.5524,570610
2005-09-06,18.5979,18.8258,18.566,18.7027,1048132
2005-09-07,18.6754,18.7802,18.5706,18.7711,689953
2005-09-08,18.6845,18.7164,18.5615,18.5797,704572
2005-09-09,18.5979,18.6481,18.5022,18.5843,744254
2005-09-12,18.5706,18.7073,18.5205,18.6617,963547
2005-09-13,18.6207,18.6845,18.4567,18.525,631773
2005-09-14,18.5433,18.6663,18.3838,18.5615,1354247
2005-09-15,18.6617,18.6617,18.4384,18.4658,1447782
2005-09-16,18.5843,18.885,18.5113,18.8668,1495221
2005-09-19,18.9078,18.9716,18.4065,18.4703,770808
2005-09-20,18.5478,18.6572,18.3199,18.4156,719341
2005-09-21,18.0237,18.3655,18.0237,18.124,1495669
2005-09-22,18.124,18.2698,17.9371,18.1878,1294725
2005-09-23,18.206,18.3746,18.0693,18.3199,1335749
2005-09-26,18.361,18.4384,18.0511,18.124,1019042
2005-09-27,18.1422,18.3473,18.1103,18.2242,1358275
2005-09-28,18.0921,18.4111,18.0875,18.3336,1284879
2005-09-29,18.3199,18.4293,18.1878,18.3929,1286520
2005-09-30,18.3655,18.6982,18.3655,18.5888,1252209
2005-10-03,18.5888,18.7848,18.5888,18.7757,796168
2005-10-04,18.8212,19.0582,18.6298,18.6298,1009047
2005-10-05,18.5843,18.5843,18.1832,18.1832,786621
2005-10-06,18.2379,18.4202,17.8961,18.0465,1042612
2005-10-07,18.083,18.3701,18.0693,18.247,998157
2005-10-10,18.2379,18.2516,17.9599,18.0009,484832
2005-10-11,18.0602,18.1878,17.969,18.0009,700097
2005-10-12,17.8916,18.1149,17.7913,17.928,774090
2005-10-13,17.7503,17.9554,17.6637,17.9326,1376027
2005-10-14,17.969,18.1377,17.8095,18.124,899549
2005-10-17,18.0966,18.1741,17.9326,18.1103,708749
2005-10-18,18.0009,18.1923,17.9462,17.9508,843458
2005-10-19,17.8642,18.3108,17.6728,18.3108,1500592
2005-10-20,18.3199,18.3883,17.8597,17.9235,1447782
2005-10-21,17.887,17.9873,16.8799,17.3675,4122114
2005-10-24,17.4358,17.8779,17.3812,17.8779,1590397
2005-10-25,17.8369,17.9645,17.5361,17.7275,824811
2005-10-26,17.8004,17.9098,17.6546,17.7959,1287564
2005-10-27,17.8414,17.8414,17.486,17.4997,869564
2005-10-28,17.4541,17.6591,17.4358,17.5862,2697753
2005-10-31,17.6136,17.8642,17.6136,17.764,1797756
2005-11-01,17.7047,17.7093,17.5133,17.5908,1221179
2005-11-02,17.568,17.9052,17.5179,17.8825,853751
2005-11-03,17.9326,18.0511,17.8232,17.9371,1856682
2005-11-04,17.9371,18.0283,17.7959,17.8597,800942
2005-11-07,17.887,17.9417,17.6591,17.7913,1260712
2005-11-08,17.7867,17.8505,17.6364,17.7913,759769
2005-11-09,17.8369,17.9964,17.6819,17.8916,613722
2005-11-10,17.8369,18.0921,17.6591,18.0055,1062602
2005-11-11,18.0465,18.1559,17.9918,18.0966,603131
2005-11-14,18.0465,18.3291,18.0465,18.3108,749177
2005-11-15,18.2972,18.3883,18.1149,18.1832,941170
2005-11-16,18.2516,18.4111,18.1969,18.3929,1064840
2005-11-17,18.3929,18.6481,18.3929,18.6435,1325455
2005-11-18,18.6845,18.7119,18.5296,18.6845,1151960
2005-11-21,18.5022,18.7392,18.4612,18.7392,729336
2005-11-22,18.6617,18.8258,18.5615,18.7939,902384
2005-11-23,18.8759,18.9124,18.6936,18.885,644752
2005-11-25,18.958,18.9671,18.8258,18.8942,380556
2005-11-28,18.9124,18.9628,18.7065,18.7386,673096
2005-11-29,18.7386,18.9765,18.7294,18.7523,581500
2005-11-30,18.6471,18.7798,18.5006,18.5098,1882341
2005-12-01,18.5784,19.0131,18.5647,18.9994,1660064
2005-12-02,18.9216,18.9536,18.6791,18.8164,748133
2005-12-05,18.7477,18.7935,18.5876,18.6608,600744
2005-12-06,18.7203,18.7477,18.5601,18.5601,801091
2005-12-07,18.6104,18.6104,18.3267,18.4091,918793
2005-12-08,18.432,18.5784,18.2718,18.5143,1685723
2005-12-09,18.5143,18.8209,18.5143,18.7706,1085576
2005-12-12,18.8026,18.9308,18.766,18.8896,940275
2005-12-13,18.8392,19.1229,18.8255,19.0635,1011583
2005-12-14,19.0131,19.1916,18.9948,19.1046,1075730
2005-12-15,19.1046,19.1413,18.9582,19.0543,747088
2005-12-16,19.0635,19.2328,18.9445,18.9445,1260264
2005-12-19,18.9262,19.0543,18.6974,18.7157,1018296
2005-12-20,18.6425,18.7386,18.6104,18.6242,1142264
2005-12-21,18.6608,18.7523,18.5784,18.6653,1004422
2005-12-22,18.583,18.647,18.5052,18.6242,1114665
2005-12-23,18.7294,18.7752,18.6333,18.6837,758575
2005-12-27,18.7431,18.8438,18.5784,18.6013,1050369
2005-12-28,18.6928,18.7569,18.5647,18.6699,830032
2005-12-29,18.7157,18.8255,18.6699,18.6699,665488
2005-12-30,18.6059,18.6059,18.4411,18.5281,817948
2006-01-03,18.5738,19.0131,18.4411,18.9857,1473739
2006-01-04,18.9857,19.3975,18.9445,19.3106,1744052
2006-01-05,19.2785,19.5302,19.1595,19.2145,1339031
2006-01-06,19.3563,19.5622,19.3334,19.5348,789306
2006-01-09,19.4845,19.8093,19.4295,19.8093,1445843
2006-01-10,19.6949,19.8231,19.5165,19.8185,1107803
2006-01-11,19.8597,19.9741,19.5989,19.9512,1505365
2006-01-12,19.5805,20.1159,19.5805,19.7544,1467026
2006-01-13,19.7682,19.8139,19.608,19.7682,995919
2006-01-17,19.6995,19.7773,19.5485,19.7453,796318
2006-01-18,19.7315,19.9054,19.6766,19.8322,1111234
2006-01-19,19.8597,20.1571,19.7865,20.1114,1723167
2006-01-20,20.1205,20.1205,19.7407,19.8322,1956035
2006-01-23,19.8734,19.8963,19.5988,19.8185,1588010
2006-01-24,19.8322,20.1068,19.7956,19.9878,1496862
2006-01-25,20.0427,20.1342,19.791,20.029,869863
2006-01-26,20.1342,20.18,19.997,20.029,1454644
2006-01-27,19.9787,20.8115,19.942,20.633,2447729
2006-01-30,20.6788,21.4613,20.6559,21.1638,2378361
2006-01-31,21.0311,21.1318,20.8298,21.0174,1570258
2006-02-01,21.0677,21.4063,20.9076,21.0906,2454144
2006-02-02,21.0952,21.2782,20.9579,21.0998,2041664
2006-02-03,20.9808,21.173,20.9808,21.0906,1253849
2006-02-06,21.0632,21.2004,20.9945,21.1638,837342
2006-02-07,21.0952,21.237,20.6376,20.6834,1645295
2006-02-08,20.7062,20.752,20.3676,20.7154,1845195
2006-02-09,20.7474,21.022,20.7428,20.9167,1057381
2006-02-10,20.7428,20.9991,20.4225,20.8801,1919188
2006-02-13,20.8527,21.0586,20.7245,21.0128,1580104
2006-02-14,21.1547,21.4475,21.0357,21.3606,1323367
2006-02-15,21.4109,21.5757,21.0037,21.5345,986222
2006-02-16,21.5802,21.6946,21.4933,21.5894,1129882
2006-02-17,21.6077,21.6901,21.4018,21.4521,928639
2006-02-21,21.6031,21.6351,21.3103,21.4018,930728
2006-02-22,21.6809,21.8456,21.6031,21.7633,1510139
2006-02-23,21.6443,22.1019,21.5574,22.0287,1954692
2006-02-24,22.0287,22.2399,21.9506,22.194,1776871
2006-02-27,22.2721,22.3961,22.217,22.3823,1538931
2006-02-28,22.2353,22.2721,21.9414,22.0149,1525952
2006-03-01,21.969,22.2216,21.9414,22.2124,1318146
2006-03-02,22.1664,22.3134,22.0057,22.1848,1170757
2006-03-03,22.1067,22.3685,21.9965,22.0746,1274287
2006-03-06,22.0654,22.1113,21.597,21.7256,1306211
2006-03-07,21.6062,21.8404,21.5603,21.7394,1151065
2006-03-08,21.7118,21.744,21.4455,21.5006,1083487
2006-03-09,21.4593,21.5878,21.4041,21.473,1210737
2006-03-10,21.4593,21.5373,21.3582,21.4501,1954543
2006-03-13,21.5052,21.6016,21.395,21.4179,756934
2006-03-14,21.3674,21.7991,21.3628,21.6843,1142413
2006-03-15,21.6292,21.9277,21.6292,21.8955,1271751
2006-03-16,21.9506,22.194,21.868,21.8955,818098
2006-03-17,21.8955,22.1205,21.8358,22.0379,1220583
2006-03-20,22.0103,22.1022,21.7669,22.0287,837193
2006-03-21,21.9277,22.1573,21.7715,21.8129,1004273
2006-03-22,21.9047,22.3226,21.8909,22.2721,987714
2006-03-23,22.171,22.3547,21.946,22.2996,1691988
2006-03-24,22.295,22.7542,22.2445,22.5246,1662003
2006-03-27,22.5063,22.5614,22.2721,22.4971,649675
2006-03-28,22.4236,22.6027,22.217,22.2353,1067972
2006-03-29,22.217,22.3593,22.1435,22.2858,1399896
2006-03-30,22.2399,22.4741,22.1205,22.2858,912230
2006-03-31,22.3501,22.4282,22.2353,22.2996,892538
2006-04-03,22.4558,22.6578,22.171,22.194,1302631
2006-04-04,22.171,22.5017,22.07,22.3593,1099002
2006-04-05,22.3961,22.644,22.2996,22.5614,871653
2006-04-06,22.4833,22.5109,22.1665,22.2675,1013075
2006-04-07,22.2813,22.3915,21.9323,21.9828,1154198
2006-04-10,22.0287,22.0287,21.8266,21.9368,1044701
2006-04-11,21.9139,22.0287,21.6613,21.744,777521
2006-04-12,21.721,21.8358,21.5052,21.6889,1016953
2006-04-13,21.5695,21.7026,21.4914,21.6062,1114218
2006-04-17,21.5695,21.7899,21.3582,21.5419,875979
2006-04-18,21.6292,22.4925,21.5649,22.4649,2177715
2006-04-19,22.4603,22.4833,22.2537,22.3961,1717199
2006-04-20,22.419,22.7864,22.3869,22.6854,1229832
2006-04-21,22.8231,22.8461,22.5889,22.8231,2065831
2006-04-24,22.791,22.8415,22.644,22.7634,1585624
2006-04-25,22.8461,22.8507,22.4695,22.5063,1678860
2006-04-26,22.5843,22.8185,22.5017,22.6624,861807
2006-04-27,22.5017,22.6624,22.2721,22.3226,1133462
2006-04-28,22.9609,23.0757,22.6211,22.8461,2977314
2006-05-01,22.9976,23.1354,22.8461,22.915,1527742
2006-05-02,22.9104,23.1767,22.8231,23.0757,1588906
2006-05-03,23.0298,23.3053,22.9793,23.1078,1566230
2006-05-04,23.2227,23.2824,23.0252,23.0573,1319190
2006-05-05,23.1446,23.2915,23.0987,23.2318,1791491
2006-05-08,23.2824,23.466,23.2135,23.3788,1042612
2006-05-09,23.3145,23.5303,23.2594,23.4247,786621
2006-05-10,23.6038,23.8426,23.4706,23.6865,1472993
2006-05-11,23.7186,23.8013,23.4706,23.5533,1209245
2006-05-12,23.3283,23.4155,23.0252,23.0573,1810436
2006-05-15,22.9242,23.0344,22.7313,22.8874,1021279
2006-05-16,22.9333,23.1584,22.9196,22.9885,876874
2006-05-17,22.7864,22.9471,22.1802,22.3501,1369762
2006-05-18,22.3455,22.7221,22.1802,22.1986,1704519
2006-05-19,22.3088,22.442,22.0562,22.3501,1828338
2006-05-22,22.1802,22.3547,21.744,21.9368,1842361
2006-05-23,22.0195,22.2767,21.9368,21.946,1233860
2006-05-24,21.9736,22.2629,21.8358,22.1986,2586316
2006-05-25,22.2904,22.3455,21.8128,22.3134,2205164
2006-05-26,22.3549,22.5715,22.1613,22.5392,1189106
2006-05-30,22.53,22.553,22.2719,22.3733,2231867
2006-05-31,22.3825,22.5899,22.2212,22.507,2407302
2006-06-01,22.4885,22.636,22.3364,22.6083,1327096
2006-06-02,22.6544,22.6959,22.3272,22.6544,997858
2006-06-05,22.6268,22.7328,22.0507,22.083,1111384
2006-06-06,22.1199,22.2028,21.53,21.6775,2310634
2006-06-07,21.7189,21.8295,21.4701,21.4885,1582491
2006-06-08,21.3595,21.4286,20.5807,21.1014,3438128
2006-06-09,21.1014,21.3779,21.0645,21.1291,1114815
2006-06-12,21.1982,21.2443,20.742,20.742,891195
2006-06-13,20.7097,21.106,20.3779,20.8433,1868765
2006-06-14,20.8065,21.0553,20.5438,20.7881,2145343
2006-06-15,20.9125,21.2258,20.8572,21.2212,1880252
2006-06-16,21.106,21.2581,20.9493,21.1429,1347981
2006-06-19,21.1982,21.2765,20.9816,21.106,1295470
2006-06-20,21.083,21.2719,20.9171,21.1106,1217450
2006-06-21,21.0784,21.7604,21.0784,21.6913,1634107
2006-06-22,21.5807,21.7973,21.3871,21.7512,1685424
2006-06-23,21.6314,21.8756,21.4793,21.6314,996516
2006-06-26,21.6037,21.7834,21.4839,21.7374,988460
2006-06-27,21.6682,21.9125,21.6682,21.7281,1403924
2006-06-28,21.8203,21.8894,21.553,21.848,677273
2006-06-29,22.0,22.6729,22.0,22.6406,1510885
2006-06-30,22.6498,22.7927,22.5576,22.7788,1409592
2006-07-03,22.8341,22.9401,22.7005,22.8434,301192
2006-07-05,22.7696,22.8756,22.5438,22.8249,1681098
2006-07-06,22.9217,23.1475,22.659,22.765,1405565
2006-07-07,22.7189,22.7973,22.3595,22.4701,1221030
2006-07-10,22.4793,22.5069,22.1844,22.3042,1496713
2006-07-11,22.2304,22.3733,21.9586,22.3456,1469264
2006-07-12,22.3364,22.3963,21.9125,21.9585,718595
2006-07-13,21.8894,22.1014,21.6314,21.7788,1939178
2006-07-14,21.6498,21.6867,21.0185,21.1429,1804768
2006-07-17,21.1659,21.3042,20.9908,21.0415,1481944
2006-07-18,21.1199,21.2397,20.7927,21.1106,1516255
2006-07-19,21.106,22.0692,21.106,21.9263,1777617
2006-07-20,21.9263,22.189,21.2351,21.2489,1693331
2006-07-21,21.3917,21.4194,20.871,21.0093,1844598
2006-07-24,21.0369,21.5576,21.0369,21.4563,1545494
2006-07-25,21.2719,21.5392,21.1705,21.341,1201935
2006-07-26,21.5438,21.659,21.1798,21.3549,2405362
2006-07-27,21.5208,21.765,21.3226,21.401,1420035
2006-07-28,21.5669,21.8618,21.4977,21.8065,1524460
2006-07-31,21.742,21.8433,21.5899,21.7235,1681397
2006-08-01,21.5899,21.7512,21.4563,21.5069,1473889
2006-08-02,21.53,21.9447,21.53,21.8157,1522372
2006-08-03,21.6821,22.0646,21.6821,21.9125,1829084
2006-08-04,22.1429,22.3364,21.659,21.894,1151811
2006-08-07,21.8664,21.954,21.6959,21.848,736646
2006-08-08,21.9632,21.977,21.3549,21.4148,1192089
2006-08-09,21.53,21.636,21.0369,21.0645,871355
2006-08-10,20.9954,21.2535,20.9033,21.2304,939977
2006-08-11,21.1521,21.2673,21.0599,21.1152,1084681
2006-08-14,21.2719,21.6728,21.0599,21.1152,1887114
2006-08-15,21.4056,21.7143,21.3134,21.6959,1305167
2006-08-16,21.8572,22.3272,21.8019,22.3042,1799695
2006-08-17,22.3042,22.3963,22.1613,22.3503,1023070
2006-08-18,22.3641,22.4102,22.0968,22.2212,617899
2006-08-21,22.1659,22.2581,21.9908,22.0323,592539
2006-08-22,21.9539,22.1659,21.9493,22.0415,715910
2006-08-23,22.1106,22.2212,21.8111,21.9447,774537
2006-08-24,22.0231,22.0231,21.6452,21.871,665488
2006-08-25,21.7973,21.9493,21.5945,21.7558,529138
2006-08-28,21.7558,22.0738,21.7235,21.977,649824
2006-08-29,22.0209,22.1782,21.8081,22.132,1159270
2006-08-30,22.2754,22.3633,22.1273,22.206,955342
2006-08-31,22.2522,22.5252,22.1967,22.4928,1255043
2006-09-01,22.664,22.6964,22.4928,22.553,1165685
2006-09-05,22.6408,22.6455,22.317,22.4836,891195
2006-09-06,22.3078,22.3864,22.169,22.1829,978167
2006-09-07,22.1782,22.1782,21.785,21.8313,1482690
2006-09-08,22.2384,22.2384,21.9192,21.9377,1181945
2006-09-11,21.9284,22.0348,21.7896,21.8636,2062996
2006-09-12,21.9053,22.0441,21.8359,21.9469,2586316
2006-09-13,21.9469,22.1181,21.9145,22.0765,1101836
2006-09-14,21.9747,22.1412,21.9145,22.0117,976526
2006-09-15,22.1597,22.4142,22.0672,22.0672,1190448
2006-09-18,22.0626,22.4096,22.0626,22.2846,1023368
2006-09-19,22.2523,22.2893,21.859,21.9654,1390348
2006-09-20,22.0024,22.2199,21.9608,22.095,866879
2006-09-21,21.9747,22.0903,21.6879,21.7711,1378712
2006-09-22,21.7711,21.7943,21.3871,21.5398,1448976
2006-09-25,21.6185,21.859,21.4334,21.7943,1249822
2006-09-26,21.8035,22.0302,21.7711,21.9793,1527295
2006-09-27,21.9793,22.3448,21.9747,22.206,1579358
2006-09-28,22.1643,22.3216,21.9886,22.1458,1174486
2006-09-29,22.0903,22.1736,21.896,21.9469,1027843
2006-10-02,22.0626,22.0626,21.7249,21.896,1540870
2006-10-03,21.8359,22.0672,21.6693,21.8035,1343357
2006-10-04,21.7665,21.8544,21.6647,21.7434,3735144
2006-10-05,21.7434,22.2846,21.6971,22.2708,1915458
2006-10-06,22.1458,22.4327,21.9793,22.3309,1845195
2006-10-09,22.3355,22.6686,22.2337,22.6455,1342014
2006-10-10,22.5992,22.6455,22.3818,22.4234,1626797
2006-10-11,22.3309,22.5345,22.2106,22.4419,1407056
2006-10-12,22.5067,22.9878,22.4974,22.9878,1421676
2006-10-13,22.9878,23.1312,22.8722,23.0896,1069613
2006-10-16,22.9971,23.506,22.9693,23.4967,1384083
2006-10-17,23.4088,23.5384,23.2747,23.4921,2006756
2006-10-18,23.5476,23.8021,23.3487,23.4967,2212772
2006-10-19,23.4505,23.5106,23.2284,23.4412,1730327
2006-10-20,23.6864,23.8252,23.3857,23.4782,2165781
2006-10-23,23.4551,23.6771,23.3764,23.6031,1454794
2006-10-24,23.5939,23.654,23.4319,23.5476,2731169
2006-10-25,22.3818,22.4836,21.9145,22.0626,8611209
2006-10-26,22.1458,22.3448,22.1366,22.2985,3503469
2006-10-27,22.1829,22.3078,22.1366,22.1921,2041813
2006-10-30,22.1597,22.2985,22.0302,22.1088,1609343
2006-10-31,22.0903,22.2014,21.8405,21.9747,2514412
2006-11-01,22.0441,22.1967,21.9238,21.9747,2266477
2006-11-02,21.9562,22.0256,21.9238,21.9793,2412523
2006-11-03,22.0718,22.1458,21.7896,21.8775,1222522
2006-11-06,21.8822,22.0302,21.7943,21.9377,1749273
2006-11-07,21.9377,22.2985,21.822,22.2615,1504619
2006-11-08,22.2199,22.6594,22.0903,22.5992,1725106
2006-11-09,22.6686,22.8352,22.6085,22.7519,2688802
2006-11-10,22.8999,23.0618,22.7658,23.0526,1564888
2006-11-13,22.9416,23.2191,22.9416,23.0942,1982291
2006-11-14,23.1081,23.2469,22.9555,23.2423,1903524
2006-11-15,23.1775,23.4273,23.1266,23.3255,1446738
2006-11-16,23.3579,23.3625,23.1914,23.2376,1335600
2006-11-17,23.159,23.27,23.0757,23.1544,1242959
2006-11-20,23.1544,23.2423,23.0618,23.122,990549
2006-11-21,23.0618,23.3625,23.0387,23.3625,675632
2006-11-22,23.4643,23.7373,23.3626,23.5939,1279508
2006-11-24,23.5245,23.6448,23.4736,23.5476,415464
2006-11-27,23.4505,23.4643,22.8768,22.9647,1547285
2006-11-28,22.7999,22.8927,22.6466,22.7023,1230876
2006-11-29,22.7534,23.2131,22.7395,23.1342,1097659
2006-11-30,23.1342,23.4732,23.1249,23.3571,1344252
2006-12-01,22.9484,23.4035,22.6977,22.8184,2358371
2006-12-04,22.9345,23.2874,22.8463,23.241,940574
2006-12-05,23.3803,23.3803,23.1295,23.1853,1417350
2006-12-06,23.2178,23.2456,23.1017,23.1713,1219091
2006-12-07,23.241,23.3571,23.0785,23.1017,600147
2006-12-08,23.0553,23.2178,22.967,23.0553,637889
2006-12-11,22.9624,23.1295,22.8324,23.0135,1219389
2006-12-12,23.0738,23.0878,22.7627,22.8324,1300543
2006-12-13,22.9392,22.9995,22.7813,22.8045,673543
2006-12-14,22.5584,23.0924,22.5584,22.8834,610142
2006-12-15,23.046,23.0506,22.8509,22.9995,1792982
2006-12-18,22.9856,23.1295,22.8231,22.8788,1352904
2006-12-19,22.8788,22.9392,22.7813,22.9113,1316206
2006-12-20,22.8695,23.0785,22.7534,22.8324,1141816
2006-12-21,22.4237,23.2317,22.4237,22.6931,896566
2006-12-22,22.6791,22.7813,22.5862,22.6188,755293
2006-12-26,22.5212,22.7395,22.5212,22.6838,580157
2006-12-27,22.7534,22.9577,22.6791,22.9577,644006
2006-12-28,22.8927,22.9531,22.7488,22.8231,411137
2006-12-29,22.7998,22.8602,22.693,22.7627,589257
2007-01-03,22.8231,23.0413,22.5398,22.6606,1474933
2007-01-04,22.707,22.8509,22.4609,22.7581,1309493
2007-01-05,22.7488,22.7488,22.3866,22.4748,891494
2007-01-08,22.3634,22.5677,22.2287,22.498,1268917
2007-01-09,22.5584,22.693,22.4655,22.6095,1030379
2007-01-10,22.4516,22.5816,22.4005,22.5398,1450169
2007-01-11,22.6141,22.7627,22.5677,22.7209,1122572
2007-01-12,22.7256,22.9252,22.6605,22.8045,1057530
2007-01-16,22.5677,22.6977,22.4237,22.6466,1938432
2007-01-17,22.5305,22.6605,22.4051,22.5119,1989750
2007-01-18,22.628,22.7209,22.4098,22.4887,1291741
2007-01-19,22.5352,22.7302,22.4887,22.6977,1510288
2007-01-22,22.6791,22.6838,22.2891,22.4237,1205366
2007-01-23,22.4144,22.6234,22.4144,22.5491,2099396
2007-01-24,22.5909,22.6652,22.433,22.5955,2030923
2007-01-25,22.5862,22.6327,22.1498,22.1915,2125950
2007-01-26,22.1637,22.2798,21.9733,22.0429,1771351
2007-01-29,21.8804,22.2891,21.8804,22.1451,1646787
2007-01-30,22.2426,22.3448,22.159,22.2844,1782391
2007-01-31,22.1962,23.2178,22.1544,23.032,3086812
2007-02-01,23.1203,23.566,23.0878,23.5057,2585272
2007-02-02,23.5428,23.645,23.241,23.3432,2502925
2007-02-05,23.3431,23.6125,23.2503,23.5103,1596215
2007-02-06,23.5568,23.566,23.2781,23.4128,1679159
2007-02-07,23.3756,23.5846,23.2874,23.5475,1421378
2007-02-08,23.5475,23.5475,23.3664,23.4917,876874
2007-02-09,23.566,23.6311,23.2178,23.3292,1331423
2007-02-12,23.3803,23.4592,23.2781,23.4082,1082144
2007-02-13,23.4964,23.5521,23.3431,23.4082,1102284
2007-02-14,23.4871,23.5289,23.3431,23.4871,1819089
2007-02-15,23.4267,23.5893,23.2688,23.4221,1605763
2007-02-16,23.3199,23.3571,23.1713,23.2363,1345893
2007-02-20,23.2178,23.515,23.1481,23.501,1202979
2007-02-21,23.2271,23.6171,23.2271,23.4917,1951709
2007-02-22,23.5753,23.6032,23.1667,23.1946,1810138
2007-02-23,23.1945,23.2131,22.9066,22.9299,2114762
2007-02-26,23.1047,23.1466,22.797,22.8483,1613073
2007-02-27,22.7085,22.7644,21.9674,22.1678,2444149
2007-02-28,22.1305,22.4474,22.0652,22.275,3971443
2007-03-01,22.0466,22.4847,21.8788,22.4102,2202330
2007-03-02,22.3263,22.3869,21.9907,21.9907,1908447
2007-03-05,21.8974,22.0699,21.753,21.7669,2332563
2007-03-06,21.8695,22.014,21.6924,22.0,1927542
2007-03-07,21.9068,22.1025,21.8975,21.9627,1889203
2007-03-08,22.1958,22.3962,22.0979,22.2424,2239475
2007-03-09,22.3263,22.4381,22.1165,22.2237,1288310
2007-03-12,22.1631,22.508,22.1445,22.4614,1231174
2007-03-13,22.3263,22.4055,21.8462,21.8881,1796414
2007-03-14,21.7856,22.0699,21.4733,22.0466,3278059
2007-03-15,22.0466,22.2843,22.0,22.2517,1647831
2007-03-16,22.3356,22.4801,22.0839,22.1398,1885175
2007-03-19,22.2098,22.4475,22.2098,22.3263,1906657
2007-03-20,22.2936,22.4381,22.2424,22.3496,1714514
2007-03-21,22.3496,22.8064,22.2564,22.7225,1260861
2007-03-22,23.114,23.114,22.6432,22.6991,2097755
2007-03-23,22.7225,22.8203,22.6152,22.7504,1118544
2007-03-26,22.8157,22.825,22.4381,22.7364,1229235
2007-03-27,22.6525,22.7458,22.4614,22.6852,2369261
2007-03-28,22.5127,22.6945,22.4242,22.536,2490096
2007-03-29,22.6758,22.8064,22.5547,22.7271,3083828
2007-03-30,22.7085,23.0627,22.5313,22.7504,2634054
2007-04-02,22.8063,22.8716,22.6106,22.6525,2835594
2007-04-03,22.7924,22.9555,22.7131,22.8763,1655887
2007-04-04,22.8996,23.072,22.8203,22.9462,1279956
2007-04-05,22.9788,23.0254,22.8157,22.9089,1125406
2007-04-09,22.9135,22.9275,22.6665,22.7178,1118246
2007-04-10,22.7178,22.7691,22.5407,22.5547,1510587
2007-04-11,22.5174,22.5453,22.1631,22.2377,2082091
2007-04-12,22.233,22.4428,22.0979,22.4335,1251761
2007-04-13,22.4335,22.5314,22.3076,22.4614,1002334
2007-04-16,22.5034,22.7877,22.5034,22.7877,941021
2007-04-17,22.7784,22.9695,22.6572,22.9369,1465534
2007-04-18,22.8623,22.8996,22.7038,22.8297,1421676
2007-04-19,23.1653,23.1653,22.6059,22.8763,1326201
2007-04-20,23.1652,23.2818,23.1419,23.2818,2010336
2007-04-23,23.2818,23.5102,23.2818,23.4729,1220881
2007-04-24,23.4356,23.5241,23.2258,23.3657,1356037
2007-04-25,22.7924,22.8763,22.261,22.6945,5780686
2007-04-26,23.2678,23.2678,22.5267,22.8436,3203619
2007-04-27,22.7458,22.9462,22.6945,22.7504,2154294
2007-04-30,22.839,22.839,22.4102,22.4288,2459514
2007-05-01,22.5547,22.5873,22.2657,22.3775,2630921
2007-05-02,22.3216,22.6805,22.303,22.6339,2515158
2007-05-03,22.6339,23.0301,22.4801,22.5733,2812770
2007-05-04,22.6758,22.7551,22.4894,22.5314,1269961
2007-05-07,22.6059,22.6619,22.4661,22.6292,1714365
2007-05-08,22.592,22.7364,22.5174,22.7364,1799397
2007-05-09,22.6945,22.8297,22.564,22.7924,2306307
2007-05-10,22.6991,22.7178,22.3263,22.3309,1819536
2007-05-11,22.4008,22.4754,22.2377,22.3496,2474432
2007-05-14,22.4288,22.5127,22.3076,22.4241,3324006
2007-05-15,22.5267,22.7458,22.3449,22.4148,4046779
2007-05-16,22.5127,22.6013,22.3076,22.4894,2484129
2007-05-17,22.4055,22.4847,22.303,22.3356,1532218
2007-05-18,22.3682,22.6013,22.3589,22.6013,2122966
2007-05-21,22.6059,22.9322,22.5314,22.9089,3036837
2007-05-22,22.8623,23.0534,22.8343,23.0394,2793377
2007-05-23,23.1093,23.2398,22.9835,23.1886,3289099
2007-05-24,23.5754,23.5754,22.9555,22.9695,3659212
2007-05-25,22.9975,23.0953,22.9229,22.9229,1421825
2007-05-29,22.9907,23.1358,22.7942,22.8738,1750168
2007-05-30,22.7802,23.0983,22.5416,23.0983,1767174
2007-05-31,23.1311,23.4165,22.9626,23.4165,2521274
2007-06-01,23.4586,23.5475,23.3463,23.5475,1687960
2007-06-04,23.1545,23.51,23.1545,23.4633,1576822
2007-06-05,23.1592,23.7861,23.1592,23.5522,2931815
2007-06-06,23.3931,23.496,23.1264,23.1779,2051211
2007-06-07,23.1779,23.2059,22.9018,22.9018,2466675
2007-06-08,22.8971,23.4258,22.827,23.4258,2385820
2007-06-11,23.4913,24.0247,23.3931,23.8329,4327683
2007-06-12,23.7674,23.9405,23.5849,23.6925,2866624
2007-06-13,23.8095,24.7171,23.758,24.7171,4068261
2007-06-14,24.7218,24.9651,24.4832,24.8949,3192878
2007-06-15,25.0306,25.1476,24.923,24.9651,2925699
2007-06-18,24.5066,24.806,24.4879,24.6282,2262449
2007-06-19,24.6376,24.8388,24.5253,24.7639,1782689
2007-06-20,24.7686,24.8575,24.5627,24.5721,2802924
2007-06-21,24.4972,24.7218,24.3896,24.5347,3000437
2007-06-22,24.4411,24.4926,24.0995,24.2399,2930174
2007-06-25,24.3428,24.3428,23.7954,23.8984,2737435
2007-06-26,24.0902,24.137,23.7487,23.9405,1966179
2007-06-27,23.7393,24.0434,23.6832,24.006,1976025
2007-06-28,23.6364,24.1417,23.6317,23.8609,1947532
2007-06-29,23.903,24.1276,23.8797,23.9311,2245890
2007-07-02,24.0481,24.4271,24.0247,24.4224,1617846
2007-07-03,24.4411,24.5674,24.2259,24.2446,839281
2007-07-05,24.1791,24.2586,24.0762,24.137,1568916
2007-07-06,24.0808,24.4926,24.0013,24.4504,1470010
2007-07-09,24.413,24.6423,24.399,24.544,1294725
2007-07-10,24.3709,24.5908,24.1463,24.1463,2394621
2007-07-11,24.0996,24.4083,24.006,24.3475,1130478
2007-07-12,24.4926,24.9043,24.3475,24.9043,1253104
2007-07-13,24.7031,24.9698,24.6844,24.9043,983090
2007-07-16,24.9043,25.4376,24.8435,25.2645,2471598
2007-07-17,25.3019,25.5406,25.2739,25.4283,2551408
2007-07-18,25.3768,25.3908,24.9323,25.0961,3435742
2007-07-19,25.1616,25.4985,25.1476,25.4704,2011977
2007-07-20,25.3394,25.3862,25.0399,25.054,2358669
2007-07-23,25.1288,25.4142,25.0727,25.2832,1394525
2007-07-24,25.1101,25.1476,24.0949,24.3241,2755634
2007-07-25,24.4925,24.5814,23.1825,23.4258,6141998
2007-07-26,23.2995,23.3931,22.6866,23.2527,5657017
2007-07-27,23.2808,23.7159,22.9814,23.2761,5553188
2007-07-30,23.4024,23.6691,23.3463,23.5662,3170650
2007-07-31,23.9779,24.6236,23.8188,23.8609,5370295
2007-08-01,23.7393,23.8797,23.3697,23.7299,3379203
2007-08-02,24.0481,24.2118,23.8609,24.1604,2544248
2007-08-03,24.3288,24.7967,23.9124,23.9405,4593221
2007-08-06,23.9966,24.3054,23.6972,24.3054,3343847
2007-08-07,24.0996,24.1651,23.8001,24.006,3405458
2007-08-08,24.0949,24.1229,23.5194,23.9218,2739225
2007-08-09,23.0422,23.5334,22.9252,23.0188,4159707
2007-08-10,23.3837,23.7159,22.4667,23.5849,3226145
2007-08-13,23.9124,23.9124,23.3603,23.496,2034205
2007-08-14,23.5896,23.6177,23.0983,23.0983,1725703
2007-08-15,23.1124,23.4118,22.8457,22.8784,2386267
2007-08-16,22.9486,22.9533,21.9146,22.6071,3838972
2007-08-17,23.0749,24.8902,22.3123,23.1124,2119983
2007-08-20,23.0422,23.4165,22.8457,23.2901,1352904
2007-08-21,23.2761,23.2995,22.8129,22.8644,1394824
2007-08-22,22.986,23.4492,22.986,23.3556,1423168
2007-08-23,23.5334,23.5428,22.9486,22.9954,1376624
2007-08-24,22.9486,23.1077,22.8316,23.0609,1782391
2007-08-27,23.089,23.1591,22.8363,22.855,1395271
2007-08-28,22.7989,22.8597,22.2328,22.2328,1898154
2007-08-29,22.3784,22.8718,22.3267,22.8342,1844300
2007-08-30,22.6697,23.0597,22.6133,22.8342,1698701
2007-08-31,23.1302,23.2805,22.9047,23.21,1794773
2007-09-04,23.2946,23.4027,23.0174,23.2852,1420184
2007-09-05,23.0221,23.0644,22.6134,22.7261,1526250
2007-09-06,22.8624,23.2429,22.604,23.1114,1696911
2007-09-07,22.7731,22.8765,22.3831,22.5147,2564685
2007-09-10,22.5523,22.604,21.7958,22.167,2000640
2007-09-11,22.214,22.6415,22.1576,22.618,2446237
2007-09-12,22.5194,22.5946,22.2939,22.4348,1062751
2007-09-13,22.5241,22.8436,22.5241,22.712,1598901
2007-09-14,22.5335,22.8718,22.4771,22.7966,1036347
2007-09-17,22.5664,22.7496,22.5382,22.5898,723369
2007-09-18,22.6509,23.4074,22.5664,23.3839,2035249
2007-09-19,23.492,24.3518,23.4591,24.0417,3947873
2007-09-20,23.9618,23.9806,23.5436,23.6376,1851610
2007-09-21,23.9383,24.0041,23.6235,23.849,2300937
2007-09-24,23.8208,24.1544,23.7832,23.8913,2239624
2007-09-25,23.7739,23.9148,23.5248,23.7926,1902181
2007-09-26,23.9618,24.098,23.7081,24.0135,1990943
2007-09-27,24.0135,24.0558,23.8396,23.9712,1163298
2007-09-28,23.8302,24.0088,23.8255,23.9383,1192388
2007-10-01,23.9148,24.1967,23.8772,24.1168,1684828
2007-10-02,24.0886,24.1544,23.8161,23.943,1173740
2007-10-03,23.802,23.8772,23.5859,23.6329,1056187
2007-10-04,23.7081,23.7504,23.5154,23.6705,885228
2007-10-05,23.8208,24.2343,23.802,24.1497,1509990
2007-10-08,24.0746,24.2249,23.9195,23.99,917152
2007-10-09,24.1027,24.145,23.7504,24.037,1488210
2007-10-10,23.9148,23.9524,23.3792,23.4873,1291293
2007-10-11,23.5248,23.7457,23.1631,23.3369,1988258
2007-10-12,23.3416,23.6188,23.1302,23.5013,1103626
2007-10-15,23.6,23.6188,22.9516,23.055,1332467
2007-10-16,22.9892,23.0691,22.7402,22.8812,1571452
2007-10-17,23.1114,23.1537,22.8389,22.9892,1759865
2007-10-18,22.8577,23.102,22.8577,22.9282,1101538
2007-10-19,22.7684,22.9798,22.6368,22.7026,2740567
2007-10-22,22.4865,22.9187,22.3643,22.7919,2246636
2007-10-23,22.8671,23.304,22.8671,23.1866,2004667
2007-10-24,22.3972,22.3972,21.5374,21.9791,8492910
2007-10-25,21.9274,22.0307,21.3636,21.5703,3570749
2007-10-26,21.6173,21.6596,21.2978,21.6032,3350411
2007-10-29,21.5092,21.6267,21.1897,21.2884,3404861
2007-10-30,21.3495,21.6596,21.1897,21.3307,2786813
2007-10-31,21.4387,21.6314,21.1897,21.6126,2589897
2007-11-01,21.528,21.5797,20.8703,20.8938,3191834
2007-11-02,20.9548,21.2367,20.8843,21.185,2561105
2007-11-05,21.1334,21.4153,20.9454,21.2696,2359713
2007-11-06,21.3683,21.6173,21.3072,21.6173,1904270
2007-11-07,21.3918,21.3965,20.8327,20.8327,2319435
2007-11-08,20.8656,21.7113,20.8468,21.6079,3556278
2007-11-09,21.3025,21.9133,20.9078,21.5656,4221467
2007-11-12,21.0018,21.8569,20.8467,21.5938,4369005
2007-11-13,21.8193,22.0542,21.6032,21.9415,3065479
2007-11-14,21.9885,22.3502,21.918,22.2234,2190097
2007-11-15,22.0918,22.2704,21.8851,21.9462,2343005
2007-11-16,22.1153,22.12,21.5515,21.7441,2742358
2007-11-19,21.7207,21.7488,21.4294,21.4716,1739278
2007-11-20,21.5609,21.8428,21.2508,21.528,1597260
2007-11-21,21.3918,21.4716,21.0676,21.1193,1666180
2007-11-23,21.2837,21.4904,21.0864,21.4904,671604
2007-11-26,21.5186,21.7394,21.0441,21.0723,2431170
2007-11-27,21.0676,21.4998,21.0676,21.4247,2341215
2007-11-28,21.519,22.2269,21.4671,22.1797,1772396
2007-11-29,22.0901,22.1939,21.8541,22.0051,1779407
2007-11-30,22.4157,22.4157,21.6889,21.8399,2598400
2007-12-03,21.8447,21.9202,21.5332,21.5851,1154198
2007-12-04,21.4247,21.6465,21.3822,21.4435,1239379
2007-12-05,21.5993,21.7786,21.5049,21.6795,1407653
2007-12-06,21.67,22.2175,21.5709,22.1797,1265336
2007-12-07,22.1703,22.3024,21.9532,22.0476,1107654
2007-12-10,22.0712,22.4676,21.9721,22.4157,1022622
2007-12-11,22.444,22.5525,21.5804,21.5993,1626349
2007-12-12,22.1089,22.1703,21.3822,21.637,1410786
2007-12-13,21.486,21.8399,21.3067,21.788,1687960
2007-12-14,21.6795,21.8683,21.5143,21.5143,1929481
2007-12-17,21.368,21.519,21.033,21.033,1483734
2007-12-18,21.1415,21.4813,21.066,21.4483,1862500
2007-12-19,21.5757,21.604,21.1698,21.4624,1372745
2007-12-20,21.5332,21.6984,21.2972,21.5851,1018147
2007-12-21,21.788,21.991,21.6937,21.9768,1880401
2007-12-24,21.9579,22.3402,21.906,22.293,512281
2007-12-26,22.3071,22.3071,21.8541,21.9768,814965
2007-12-27,21.8022,21.939,21.5946,21.5946,815860
2007-12-28,21.8683,22.024,21.6748,21.9438,1241915
2007-12-31,21.8305,21.9438,21.7456,21.7503,1000842
2008-01-02,21.6276,21.7786,20.9575,20.9622,1504321
2008-01-03,21.0283,21.1745,20.8584,20.9008,1533262
2008-01-04,20.7451,20.8253,20.0656,20.0656,2272444
2008-01-07,20.2732,20.2921,19.2775,19.4426,4208190
2008-01-08,19.4945,19.537,18.1449,18.211,3965327
2008-01-09,18.0741,18.2157,17.6966,18.0835,4453739
2008-01-10,17.8004,18.6923,17.7249,18.631,4367364
2008-01-11,18.3667,18.5649,17.7438,17.8193,2386715
2008-01-14,17.9137,18.0505,17.6966,17.8618,3168264
2008-01-15,17.6871,17.7343,17.2483,17.3474,2290047
2008-01-16,17.3002,17.6211,17.2294,17.2624,2458172
2008-01-17,17.2813,17.522,16.8755,16.8943,3598496
2008-01-18,17.8618,17.975,16.6631,16.7764,3551952
2008-01-22,16.1298,17.0925,15.8278,16.9368,3711872
2008-01-23,16.4696,17.286,16.177,17.2813,4237131
2008-01-24,17.3993,17.3993,17.0454,17.2011,3074430
2008-01-25,17.286,17.9231,17.286,17.7721,3493175
2008-01-28,17.791,17.8901,17.4087,17.6352,3604463
2008-01-29,17.7768,18.1779,17.5078,18.1213,2995216
2008-01-30,18.6121,19.9145,18.4988,19.3766,6570291
2008-01-31,19.1076,19.7069,18.9849,19.0132,4160304
2008-02-01,19.2161,20.1505,18.9566,20.0797,3954437
2008-02-04,19.9853,20.1835,19.9051,20.0042,1781048
2008-02-05,19.5701,19.8674,19.5606,19.5795,2405362
2008-02-06,19.6503,19.9193,19.2869,19.3907,2321374
2008-02-07,19.3388,19.6833,19.2444,19.5417,1862947
2008-02-08,19.3105,19.5417,19.1123,19.3247,1900690
2008-02-11,19.1925,19.6408,19.0981,19.5795,1878313
2008-02-12,19.6597,20.0892,19.622,19.8438,2023613
2008-02-13,19.957,20.5375,19.957,20.5044,2382389
2008-02-14,20.5044,20.5092,19.924,19.9617,1293382
2008-02-15,19.9193,19.9334,19.655,19.839,1339926
2008-02-19,20.075,20.2119,19.8815,20.0797,2213220
2008-02-20,20.0325,20.5139,19.9381,20.4336,1947084
2008-02-21,20.4761,20.6554,20.0656,20.1127,2008099
2008-02-22,20.1599,20.2402,19.6928,20.1316,2566177
2008-02-25,20.226,20.462,19.9712,20.462,1858770
2008-02-26,20.3393,20.5186,20.1741,20.3959,2008695
2008-02-27,20.32,20.6045,20.23,20.3722,2457873
2008-02-28,20.2679,20.339,19.8364,19.9976,2207402
2008-02-29,19.7084,19.9123,19.552,19.68,2851855
2008-03-03,19.6231,19.936,19.5899,19.936,1908596
2008-03-04,19.699,19.8033,19.3339,19.6136,2652104
2008-03-05,19.6089,19.9597,19.5473,19.8696,2227690
2008-03-06,19.8128,19.8507,19.405,19.4382,2393130
2008-03-07,19.3055,19.5804,19.2343,19.3955,2907350
2008-03-10,19.3718,19.405,18.8171,18.8314,2462945
2008-03-11,19.2154,19.7891,19.1253,19.7891,3217194
2008-03-12,19.9123,20.0688,19.7369,19.7796,1693331
2008-03-13,19.4856,19.7938,19.1822,19.7322,2232762
2008-03-14,19.8412,19.8412,18.9783,19.2154,3150213
2008-03-17,18.7508,19.1443,18.6844,18.9736,3814507
2008-03-18,19.2723,19.9502,19.1822,19.9171,4223257
2008-03-19,20.0403,20.2347,19.3197,19.3197,3461102
2008-03-20,19.4382,19.4856,19.149,19.4619,3423807
2008-03-24,19.5852,19.936,19.5425,19.8554,3058020
2008-03-25,19.8317,20.3722,19.6041,20.2726,2957175
2008-03-26,20.1257,20.1826,19.8128,19.9739,1677369
2008-03-27,20.0308,20.0782,19.4335,19.5615,2480996
2008-03-28,19.6705,19.8791,19.5093,19.5378,1061259
2008-03-31,19.6136,19.9028,19.5046,19.808,2049570
2008-04-01,20.1778,20.8273,20.0972,20.8273,2236790
2008-04-02,20.9696,21.0928,20.6614,20.7041,2318540
2008-04-03,20.6282,20.7941,20.486,20.6993,1532068
2008-04-04,20.6804,21.2303,20.6045,21.0644,2040023
2008-04-07,21.1118,21.1402,20.7989,20.8084,2093429
2008-04-08,20.6614,20.7373,20.3675,20.6329,2179953
2008-04-09,20.5571,20.9364,20.5049,20.6092,1936493
2008-04-10,20.5192,20.7941,20.3864,20.7467,2747579
2008-04-11,20.5429,20.6092,20.0166,20.0735,3132908
2008-04-14,20.1114,20.7467,20.1114,20.6235,2251409
2008-04-15,20.7135,21.0454,20.6045,20.8321,2931367
2008-04-16,20.9364,21.5385,20.9032,21.3773,3349218
2008-04-17,21.273,21.913,21.1402,21.8229,2497256
2008-04-18,21.7329,22.6905,21.657,22.1453,2723561
2008-04-21,22.0837,22.2449,21.9462,22.1785,1947084
2008-04-22,22.0078,22.3919,21.638,21.8704,2120878
2008-04-23,21.8704,22.2923,21.6997,21.9083,2972392
2008-04-24,21.8941,22.9466,21.51,22.7806,2854242
2008-04-25,22.8517,23.0651,22.5388,22.7332,3227935
2008-04-28,22.866,23.0746,22.6384,22.9703,3279700
2008-04-29,22.8944,23.8094,22.8944,23.7004,4811023
2008-04-30,23.6293,23.8094,23.4396,23.4539,4620969
2008-05-01,23.5108,24.1887,23.4254,24.165,2951507
2008-05-02,24.3499,24.4116,23.8616,24.0038,3786312
2008-05-05,23.9849,24.2788,23.506,24.1461,4775817
2008-05-06,23.9137,24.5538,23.8047,24.2361,3338029
2008-05-07,24.3215,24.6676,24.2361,24.4021,4112119
2008-05-08,24.5395,24.7624,24.4163,24.549,2503970
2008-05-09,24.3404,24.6533,24.1271,24.5585,2069262
2008-05-12,24.5443,25.1322,24.5443,25.1085,3494816
2008-05-13,25.0563,25.2033,24.9757,25.1796,4177161
2008-05-14,25.3076,25.8718,25.1796,25.502,4453739
2008-05-15,25.502,25.6869,25.2744,25.6869,3051606
2008-05-16,25.6774,25.7296,25.3076,25.5873,2587659
2008-05-19,25.6015,25.7675,25.2697,25.3835,3189745
2008-05-20,25.0895,25.4166,24.9947,25.3266,3276866
2008-05-21,25.4214,25.6821,25.1037,25.1322,2857524
2008-05-22,25.118,25.2934,24.8856,24.9852,2206357
2008-05-23,24.8145,24.8904,24.5822,24.7529,1762997
2008-05-27,24.8335,24.9947,24.5016,24.9236,2098501
2008-05-28,25.1663,25.5613,25.0663,25.4376,2691189
2008-05-29,25.3376,25.8183,25.2282,25.6422,2473537
2008-05-30,25.6422,25.8421,25.5423,25.7374,2239326
2008-06-02,25.7184,25.7326,25.1235,25.2662,1654395
2008-06-03,25.3519,25.6803,25.2044,25.3805,2256332
2008-06-04,25.3329,25.7088,25.2615,25.547,1379458
2008-06-05,25.685,25.804,25.2758,25.6898,2145642
2008-06-06,25.3852,25.5137,24.7142,24.7142,1683634
2008-06-09,24.8998,24.9997,24.6047,24.8046,2199644
2008-06-10,24.719,25.0331,24.5571,24.7618,1696464
2008-06-11,24.6666,24.7285,23.71,23.7148,3301630
2008-06-12,23.9432,24.5619,23.9432,24.2287,2878260
2008-06-13,24.3668,24.7094,24.3477,24.5904,2096412
2008-06-16,24.381,24.6285,24.2668,24.5762,1762401
2008-06-17,24.7475,24.9331,24.6761,24.738,2370305
2008-06-18,24.4144,24.7951,24.3953,24.5,2153250
2008-06-19,24.4762,24.9521,24.3477,24.876,1717199
2008-06-20,24.8236,24.8808,24.2097,24.3001,2639872
2008-06-23,24.4524,24.9093,24.4143,24.8332,2428485
2008-06-24,24.7427,24.7475,24.3144,24.3572,1882191
2008-06-25,24.5286,24.5286,23.9908,24.1478,3923259
2008-06-26,23.7957,23.8908,23.1722,23.1817,3746780
2008-06-27,23.0723,23.1675,22.6154,22.8105,4994215
2008-06-30,22.801,23.2864,22.7344,23.0199,3433802
2008-07-01,22.8058,23.0485,22.5155,23.0057,3402325
2008-07-02,23.0056,23.0865,22.3965,22.4345,3344146
2008-07-03,22.5107,22.6154,22.2394,22.3394,1482093
2008-07-07,22.3489,22.901,22.1062,22.3917,2966424
2008-07-08,22.5107,22.8391,22.3632,22.8058,3655930
2008-07-09,22.6582,22.8438,22.1347,22.1538,3194072
2008-07-10,22.0157,22.4536,21.9015,22.2251,3165280
2008-07-11,21.8635,22.3584,21.7016,22.011,2324209
2008-07-14,22.2299,22.2299,21.5969,21.9444,2812919
2008-07-15,21.7968,22.0633,21.2305,21.8349,2810831
2008-07-16,21.7588,22.6773,21.4494,22.6773,3767516
2008-07-17,22.7201,23.5672,22.6725,23.3578,4811023
2008-07-18,23.334,23.71,22.9343,23.3435,2940020
2008-07-21,23.3293,23.6148,23.2864,23.553,2159217
2008-07-22,23.5101,24.0812,23.4435,24.0765,2916449
2008-07-23,23.6434,24.7427,23.315,23.5244,4000533
2008-07-24,23.6957,23.7909,23.0532,23.1104,2376123
2008-07-25,23.3198,23.6291,23.2103,23.5625,2104767
2008-07-28,23.5339,23.6243,23.1817,23.2055,2100291
2008-07-29,23.1484,23.8528,23.1484,23.7814,2011380
2008-07-30,23.9384,24.4429,23.7386,24.1288,2897653
2008-07-31,23.9146,24.0479,23.5482,23.6196,2407302
2008-08-01,23.7766,23.7766,23.0485,23.1104,2246934
2008-08-04,23.0532,23.0675,22.6487,22.7344,1917249
2008-08-05,22.9485,23.2531,22.8771,23.1484,2376869
2008-08-06,23.1008,23.9004,23.0056,23.8575,2166377
2008-08-07,23.6243,23.6672,23.0104,23.0628,1839675
2008-08-08,23.039,23.6814,22.8867,23.6005,2270504
2008-08-11,23.6196,23.986,23.4244,23.6767,2014364
2008-08-12,22.9152,23.9575,22.9152,23.7861,2658071
2008-08-13,23.691,23.6957,22.9771,23.3435,1944548
2008-08-14,23.0104,23.6243,22.9152,23.3721,1552058
2008-08-15,23.4102,23.9384,23.3578,23.8718,1630228
2008-08-18,23.9955,24.0336,23.5339,23.6814,1415261
2008-08-19,23.5292,23.6814,23.0437,23.1817,1713619
2008-08-20,23.0818,23.4245,22.8296,23.3911,1579656
2008-08-21,22.9628,23.3007,22.7724,23.2008,1263994
2008-08-22,23.296,23.6814,23.2912,23.6814,1266082
2008-08-25,23.5149,23.6005,23.0199,23.1246,1366181
2008-08-26,23.0865,23.0865,22.6439,22.9009,1875777
2008-08-27,23.0062,23.1162,22.7813,22.9488,1755091
2008-08-28,23.0158,23.9199,23.011,23.9008,1907403
2008-08-29,23.7286,24.0013,23.5898,23.6233,1389453
2008-09-02,24.1065,24.5419,23.4989,23.5276,1948874
2008-09-03,23.5037,23.8147,23.4415,23.7046,2720727
2008-09-04,23.4655,23.5898,22.1116,22.1259,3589993
2008-09-05,22.0781,22.1977,21.6619,21.8485,2882586
2008-09-08,22.2599,22.5804,22.0063,22.2216,3076220
2008-09-09,22.3938,22.4513,21.3414,21.3414,2963590
2008-09-10,21.5519,22.035,21.4658,21.8246,1796712
2008-09-11,21.638,21.9776,21.284,21.9489,1703923
2008-09-12,21.7767,22.3747,21.571,22.2886,2758469
2008-09-15,21.4131,22.2168,21.4131,21.6188,2167869
2008-09-16,21.7145,22.2934,21.0352,22.236,3526890
2008-09-17,22.0111,22.3125,21.5232,21.5471,3170949
2008-09-18,21.7911,21.9681,19.71,20.8725,5185760
2008-09-19,20.4085,22.5613,20.0927,22.1068,3701728
2008-09-22,21.8724,22.0063,21.4036,21.4945,1766279
2008-09-23,21.5136,21.815,20.3367,20.3989,2573338
2008-09-24,20.3989,20.4037,19.7722,20.1167,2889746
2008-09-25,20.2937,20.4276,19.9684,20.1645,2847827
2008-09-26,20.1023,20.1454,19.49,20.0593,2811427
2008-09-29,19.7148,19.911,18.0213,18.5906,3908191
2008-09-30,18.9781,19.4086,18.5906,19.3991,2663591
2008-10-01,19.3751,19.3751,18.6001,18.9972,3072043
2008-10-02,18.7963,18.8633,17.4903,17.5237,2603621
2008-10-03,17.8156,18.1074,17.0645,17.1028,3154390
2008-10-06,16.6865,16.9592,15.7967,16.7966,3254638
2008-10-07,17.1075,17.2176,15.4571,15.5001,4329324
2008-10-08,15.0648,16.6244,14.8782,15.8828,4434644
2008-10-09,16.0264,16.3373,14.926,14.9978,3409039
2008-10-10,14.3759,16.299,13.7587,15.6915,5648215
2008-10-13,16.0407,17.318,15.3422,16.3325,4050210
2008-10-14,17.7007,17.7007,15.9307,16.4808,4840262
2008-10-15,16.0598,16.744,14.7203,14.7203,2901233
2008-10-16,14.7203,15.4427,13.9453,15.4044,3397104
2008-10-17,14.993,15.6388,14.6533,14.8782,2412523
2008-10-20,14.7155,15.4284,14.6294,15.0648,2576620
2008-10-21,14.9739,15.1222,14.4955,14.5098,3127687
2008-10-22,14.5098,14.5098,13.0172,13.4047,3302674
2008-10-23,13.3234,13.6631,12.5245,13.0459,3982483
2008-10-24,12.2566,13.0364,12.1226,12.5675,3064137
2008-10-27,12.4384,13.1033,12.0604,12.5293,2938826
2008-10-28,12.7398,14.2611,12.5819,13.9453,3618486
2008-10-29,13.6152,14.926,13.6152,14.0075,3042655
2008-10-30,14.4189,15.0791,14.3376,15.0313,2735495
2008-10-31,15.0696,15.4762,14.773,15.1987,2691189
2008-11-03,14.9117,15.5001,14.6964,15.4092,2436242
2008-11-04,15.8111,15.8111,15.3518,15.701,2745341
2008-11-05,15.4379,15.9259,15.1126,15.1652,1896662
2008-11-06,15.0504,15.1939,14.3328,14.3902,3270750
2008-11-07,14.5194,14.816,14.1845,14.7538,1798502
2008-11-10,15.0456,15.3088,14.4285,14.639,1522521
2008-11-11,14.4094,14.7969,13.8544,14.3233,1903524
2008-11-12,14.1606,14.2037,13.577,13.6152,2550961
2008-11-13,13.6679,14.9595,13.3712,14.9165,3246433
2008-11-14,14.4429,14.8304,13.864,13.974,2593029
2008-11-17,13.7061,14.4237,13.6009,13.6966,2442060
2008-11-18,13.6248,14.0649,13.156,13.6104,3581340
2008-11-19,13.5722,13.9501,12.6489,12.6823,2790542
2008-11-20,12.5962,13.0029,11.3237,11.4672,4857865
2008-11-21,11.4816,12.2279,11.1897,12.1848,4433451
2008-11-24,12.4814,13.5722,12.1609,13.2086,3054888
2008-11-25,13.8024,13.8024,12.7306,13.2327,2427888
2008-11-26,12.9962,14.1403,12.8369,14.0824,2236193
2008-11-28,13.9183,14.401,13.9134,14.401,1011881
2008-12-01,13.8458,13.9376,13.1072,13.1313,2558569
2008-12-02,13.281,13.7976,13.1989,13.7686,2635844
2008-12-03,13.4548,13.9858,13.0782,13.7203,3164534
2008-12-04,13.6334,13.9038,13.0879,13.3776,1746140
2008-12-05,13.1893,13.4548,12.5231,13.1362,4542053
2008-12-08,13.6334,14.1983,13.5417,14.0003,3358467
2008-12-09,13.8362,14.3141,13.7203,13.9617,3506900
2008-12-10,13.8217,14.5362,13.8217,14.1645,2737285
2008-12-11,14.1065,14.3817,13.6624,13.7831,2249172
2008-12-12,13.421,14.4928,13.1603,14.3045,3280894
2008-12-15,14.3865,14.5362,13.9424,14.1114,2678211
2008-12-16,14.2224,14.9852,13.8217,14.961,4054685
2008-12-17,14.7438,15.2845,14.6666,15.13,2367918
2008-12-18,15.4052,15.5162,14.71,14.8935,2943003
2008-12-19,14.8838,15.6659,14.8838,15.3328,3652200
2008-12-22,15.3038,15.3328,14.5507,14.8355,2147283
2008-12-23,14.9514,15.1445,14.5169,14.6762,2359564
2008-12-24,14.8597,14.8693,14.5072,14.7872,538536
2008-12-26,14.8307,15.0528,14.7148,15.0238,545995
2008-12-29,14.9562,14.9755,14.5748,14.8355,1419886
2008-12-30,15.0383,15.5066,14.9321,15.4776,1835946
2008-12-31,15.4873,16.0521,15.4631,15.8928,1819089
2009-01-02,15.9314,16.9452,15.8928,16.8149,2567669
2009-01-05,16.7473,17.4087,16.6797,17.2107,2940169
2009-01-06,17.3846,17.4521,16.9983,17.2252,2900040
2009-01-07,16.9259,17.0852,16.5928,16.7087,2593924
2009-01-08,16.67,16.9501,16.3418,16.9066,1412874
2009-01-09,16.3176,16.4721,15.8831,16.0038,2852899
2009-01-12,16.0569,16.1631,15.2748,15.4342,2410583
2009-01-13,15.4293,15.6611,15.2362,15.5259,2196959
2009-01-14,15.1493,15.3135,14.7438,14.8645,2618688
2009-01-15,14.8452,15.159,14.5169,15.019,3149616
2009-01-16,15.2749,15.3135,14.4831,15.0624,3324156
2009-01-20,14.9466,15.0962,14.2031,14.2224,3453494
2009-01-21,14.5893,15.1059,14.3479,15.0576,4087952
2009-01-22,14.9417,14.9804,14.4541,14.5941,3704115
2009-01-23,14.2707,14.9417,14.1596,14.5507,2614959
2009-01-26,14.5314,14.6279,14.0003,14.2369,4178802
2009-01-27,14.4493,14.8162,14.2465,14.6762,3551206
2009-01-28,15.0045,15.6949,15.0045,15.4728,4317688
2009-01-29,15.2604,15.2604,14.3866,14.4735,2724754
2009-01-30,14.401,14.5169,13.5562,13.6527,4489691
2009-02-02,13.4741,13.7879,13.3196,13.6865,3360854
2009-02-03,13.9279,14.4493,13.6045,14.3479,3400535
2009-02-04,14.4638,14.7872,14.2707,14.43,2467719
2009-02-05,14.2031,14.7921,13.9859,14.6086,2750264
2009-02-06,14.6328,14.9562,14.5362,14.8259,2882287
2009-02-09,14.6472,15.2942,14.6472,15.0479,3177960
2009-02-10,14.9079,15.1059,14.1596,14.2948,2000490
2009-02-11,14.4976,14.6086,14.1452,14.3914,1793877
2009-02-12,14.2127,14.2562,13.7107,14.2176,2275576
2009-02-13,14.3045,14.8017,14.2224,14.3334,2798001
2009-02-17,13.7879,14.0293,13.5176,13.812,3094271
2009-02-18,13.841,13.8507,13.4258,13.59,3058468
2009-02-19,13.3872,13.87,13.2617,13.3293,1793132
2009-02-20,13.2617,13.3486,12.7741,13.1651,3699192
2009-02-23,13.001,13.3389,12.3734,12.3879,3772289
2009-02-24,12.4796,12.861,12.2286,12.6679,4070498
2009-02-25,12.5412,12.7946,12.2,12.5217,4255182
2009-02-26,12.6923,12.7702,12.3559,12.3754,3170501
2009-02-27,12.2536,12.5412,12.1074,12.1561,3481987
2009-03-02,11.8003,12.1025,11.3372,11.3714,3864333
2009-03-03,11.6931,11.7077,11.1472,11.3811,4108091
2009-03-04,11.5858,11.9173,11.4883,11.7223,2679553
2009-03-05,11.2251,11.4786,10.8255,10.9327,3119482
2009-03-06,11.0204,11.2934,10.6207,10.8791,3646084
2009-03-09,10.7231,11.0692,10.6939,10.7523,2721174
2009-03-10,10.7962,11.5712,10.7962,11.5566,3996953
2009-03-11,11.6687,11.8783,11.4981,11.7369,2983132
2009-03-12,11.6882,12.1415,11.4688,12.0976,2680448
2009-03-13,12.1853,12.239,11.8393,12.1025,2247232
2009-03-16,12.1025,12.5168,12.0781,12.1707,3831663
2009-03-17,12.2292,12.2536,11.7954,12.2536,3300138
2009-03-18,12.0781,12.9018,12.0342,12.7556,3955183
2009-03-19,13.0286,13.0286,12.6776,12.702,2848125
2009-03-20,12.7166,12.8287,12.1025,12.1853,3187955
2009-03-23,12.4729,13.1456,12.3364,13.1358,2686714
2009-03-24,13.0724,13.3161,12.9165,13.1066,2934798
2009-03-25,13.0432,13.477,12.507,12.9067,3185270
2009-03-26,13.0091,13.5257,12.8823,13.4965,3406801
2009-03-27,13.2967,13.3649,13.1602,13.1894,2867966
2009-03-30,12.741,12.9311,12.3901,12.5509,2140122
2009-03-31,12.6971,13.1504,12.4924,12.858,3464086
2009-04-01,12.6825,13.0676,12.5899,13.0432,2734004
2009-04-02,13.3893,14.2764,13.2187,14.0911,4149712
2009-04-03,13.9742,14.4518,13.9742,14.447,4295013
2009-04-06,14.3251,14.369,14.0375,14.3397,3990986
2009-04-07,14.0716,14.2179,14.0424,14.1594,4761197
2009-04-08,14.1594,14.3641,14.0521,14.3105,3490639
2009-04-09,14.6663,15.7825,14.6322,15.7678,5469200
2009-04-13,15.529,15.568,15.1829,15.4023,6163181
2009-04-14,15.2658,15.685,15.1586,15.5193,3840613
2009-04-15,15.3682,15.3682,14.5444,14.8564,4907392
2009-04-16,14.8808,15.7678,14.7784,15.685,3658764
2009-04-17,15.7532,15.8312,15.4851,15.6752,2987309
2009-04-20,15.3877,15.3974,14.7004,14.8466,2365531
2009-04-21,14.9441,15.5046,14.793,15.4949,2372244
2009-04-22,15.0416,15.9579,14.6224,15.5972,4674822
2009-04-23,15.5924,15.6216,14.5639,15.1001,4885165
2009-04-24,15.1293,15.7191,15.0416,15.5193,5176959
2009-04-27,15.2951,15.4364,14.637,14.7881,5796052
2009-04-28,14.8369,14.8856,14.4859,14.5054,3934447
2009-04-29,14.4469,15.3048,14.4031,15.1488,3202724
2009-04-30,15.2804,15.7581,14.9782,15.0026,3843149
2009-05-01,14.8661,15.0952,14.676,15.0806,3032660
2009-05-04,15.0221,15.6509,14.8661,15.6314,4040662
2009-05-05,15.607,15.7142,15.2609,15.4267,2738628
2009-05-06,15.6167,15.9579,15.49,15.8702,2669409
2009-05-07,15.8458,16.0262,15.5436,15.8263,3858515
2009-05-08,15.9969,16.6306,15.8702,16.5867,3827187
2009-05-11,16.4454,16.4454,15.9726,16.1432,4016346
2009-05-12,16.1578,16.2894,15.4413,15.9287,3003122
2009-05-13,15.6411,15.6411,15.0075,15.0903,1814166
2009-05-14,15.1147,15.2609,14.9733,15.1001,2610185
2009-05-15,15.027,15.5485,14.9344,15.1829,2506356
2009-05-18,15.3682,15.7727,15.2902,15.7727,1542213
2009-05-19,15.7971,15.9628,15.607,15.7337,1729432
2009-05-20,15.802,16.0457,15.49,15.529,1503128
2009-05-21,15.3097,15.3828,14.8125,15.0123,1298752
2009-05-22,15.0416,15.2512,14.8028,15.0611,1417797
2009-05-26,14.9246,15.5875,14.7979,15.4949,1773738
2009-05-27,15.4359,15.6619,15.1559,15.1706,2059416
2009-05-28,15.3868,15.4212,14.8661,15.2345,1776573
2009-05-29,15.3966,15.4752,15.1019,15.4458,1781048
2009-06-01,15.716,16.5757,15.6816,16.4725,2367023
2009-06-02,17.2487,17.2733,16.8262,17.0375,3820325
2009-06-03,16.9147,17.0866,16.6347,16.8066,3006106
2009-06-04,16.8999,17.4404,16.728,17.347,3242107
2009-06-05,17.5337,17.8579,17.4354,17.5337,3155285
2009-06-08,17.3421,17.6172,16.9933,17.4403,3052352
2009-06-09,17.4403,17.7351,17.2438,17.6123,2505909
2009-06-10,17.8776,17.8776,17.2733,17.5484,3425299
2009-06-11,17.7155,17.9562,17.5533,17.7842,2467271
2009-06-12,17.6172,17.7646,17.3667,17.7646,2118193
2009-06-15,17.519,17.6123,16.9491,17.0817,2381046
2009-06-16,17.18,17.2979,16.7869,16.8361,3161401
2009-06-17,16.8066,17.0277,16.615,16.7869,2726246
2009-06-18,16.8459,16.8557,16.4971,16.5413,2206507
2009-06-19,16.9491,17.0719,16.3251,16.4922,3104117
2009-06-22,16.3743,16.3743,15.6816,15.6914,2382389
2009-06-23,15.6865,15.7847,15.6079,15.6865,2628236
2009-06-24,15.6914,16.1532,15.6374,15.7012,3434101
2009-06-25,15.657,16.2122,15.603,16.1925,2393130
2009-06-26,16.163,16.3399,16.0549,16.2269,2710881
2009-06-29,16.2564,16.5462,16.1827,16.4824,1915458
2009-06-30,16.4725,16.5413,16.1679,16.2564,2795316
2009-07-01,16.3153,16.5659,16.2613,16.4136,1631272
2009-07-02,16.2367,16.2367,15.829,15.829,2170554
2009-07-06,15.6816,15.7356,15.5588,15.6963,1925901
2009-07-07,15.5981,15.6914,15.2099,15.2542,2208893
2009-07-08,15.2443,15.2984,14.8857,15.0822,2196064
2009-07-09,15.1559,15.264,14.984,15.1068,1918740
2009-07-10,15.2394,15.6521,15.2394,15.4851,2777862
2009-07-13,15.49,15.716,15.3229,15.7061,2314363
2009-07-14,15.7454,15.8879,15.6226,15.883,2247531
2009-07-15,16.1041,16.4087,16.0156,16.335,2360608
2009-07-16,16.3301,16.7378,16.2023,16.6641,1976174
2009-07-17,16.5167,16.669,16.4234,16.561,1568766
2009-07-20,16.7034,17.0719,16.6936,17.0424,1658274
2009-07-21,17.2487,17.4698,16.9638,17.0964,2822914
2009-07-22,17.067,17.4207,17.067,17.2831,2230226
2009-07-23,17.1308,18.0643,17.0915,17.9415,3677859
2009-07-24,17.6565,17.8334,16.4971,17.2537,5329569
2009-07-27,17.2684,17.3077,16.7919,16.954,2726545
2009-07-28,16.8262,16.954,16.5069,16.7132,2381941
2009-07-29,16.561,16.6396,16.1974,16.4332,2562299
2009-07-30,16.6494,16.8999,16.4627,16.502,1895170
2009-07-31,16.5118,16.8656,16.3694,16.7083,2362846
2009-08-03,16.7869,16.9982,16.6592,16.9392,2461006
2009-08-04,16.9982,17.0768,16.7083,17.0375,2276919
2009-08-05,17.0621,17.0915,16.6445,16.7083,1423764
2009-08-06,16.7526,16.8656,16.5315,16.674,2333010
2009-08-07,16.9049,16.9687,16.7378,16.8754,1854295
2009-08-10,16.7624,16.8508,16.4136,16.5413,1693778
2009-08-11,16.5904,16.5904,16.1974,16.3939,1521626
2009-08-12,16.389,16.9343,16.3644,16.782,1254595
2009-08-13,16.8606,17.1407,16.8459,17.0375,2083881
2009-08-14,17.0719,17.121,16.6052,16.8312,1858323
2009-08-17,16.6101,16.6101,16.2171,16.3644,1574137
2009-08-18,16.4283,16.7182,16.4037,16.7132,1713022
2009-08-19,16.4185,16.8606,16.4136,16.8312,2108645
2009-08-20,16.7427,17.0129,16.7427,16.9442,1407802
2009-08-21,17.0866,17.4649,17.0031,17.4502,1888457
2009-08-24,17.5435,17.6762,17.3568,17.4698,1789253
2009-08-25,17.6172,17.8137,17.4207,17.6909,2505312
2009-08-26,17.5632,17.6958,17.3617,17.4649,1781794
2009-08-27,17.4501,17.7569,17.2422,17.7272,2193976
2009-08-28,17.846,17.9499,17.4055,17.5045,1772097
2009-08-31,17.3115,17.3709,17.0195,17.1185,1407951
2009-09-01,17.1185,17.4897,16.6978,16.7473,2102230
2009-09-02,16.7473,16.8413,16.6137,16.6929,2360608
2009-09-03,16.7077,16.9156,16.579,16.871,1403327
2009-09-04,16.871,17.3016,16.7869,17.2867,1274436
2009-09-08,17.361,17.5243,17.2274,17.3907,1502829
2009-09-09,17.4748,18.0736,17.3857,18.0241,3342952
2009-09-10,17.9549,18.3458,17.8064,18.3409,2280798
2009-09-11,18.3557,18.7219,18.2617,18.5339,5175616
2009-09-14,18.4448,18.8952,18.3805,18.7912,3200039
2009-09-15,18.7962,18.9991,18.5735,18.8506,2626595
2009-09-16,18.9991,19.0733,18.5982,19.0634,2384179
2009-09-17,19.0387,19.4099,18.9743,19.1327,2996111
2009-09-18,19.2713,19.6919,19.2267,19.4841,4130170
2009-09-21,19.3703,19.395,19.0931,19.1426,1998999
2009-09-22,19.2515,19.3653,19.0733,19.2366,2038233
2009-09-23,19.3158,19.3158,18.8902,18.91,1759268
2009-09-24,19.0189,19.1278,18.6032,18.6972,1888308
2009-09-25,18.6378,18.717,18.5141,18.6477,1887264
2009-09-28,18.6824,19.1871,18.6477,18.9793,1712127
2009-09-29,19.0387,19.2663,18.9991,19.1327,1586966
2009-09-30,19.0733,19.4791,18.6477,19.1822,4003666
2009-10-01,19.1327,19.1624,18.3211,18.326,3428879
2009-10-02,18.1875,18.3161,18.0736,18.2073,2163394
2009-10-05,18.2617,18.6824,18.2518,18.6725,2549022
2009-10-06,18.8902,19.2614,18.7021,18.7813,2394174
2009-10-07,18.7516,18.8011,18.5537,18.7417,1281597
2009-10-08,18.9397,19.2614,18.8556,19.1278,2989100
2009-10-09,19.0882,19.5286,19.0733,19.5039,2025851
2009-10-12,19.5583,19.6771,19.4593,19.5534,1281149
2009-10-13,19.5435,19.5534,19.1129,19.3208,2719086
2009-10-14,19.5484,19.9097,19.4099,19.8602,2153101
2009-10-15,19.7909,20.0384,19.7563,19.9641,2507251
2009-10-16,19.781,19.8602,19.5633,19.7216,1473590
2009-10-19,19.8305,20.1621,19.7563,19.9146,2580797
2009-10-20,19.979,20.0582,19.6969,19.8454,2013767
2009-10-21,19.7761,20.2165,19.6573,19.7018,2251111
2009-10-22,19.7167,20.1077,19.5138,20.0631,2778161
2009-10-23,20.5481,20.5481,19.0931,19.1327,4788497
2009-10-26,19.1476,20.1621,18.8457,19.2911,3894019
2009-10-27,19.3208,19.5831,18.7467,18.8061,3258219
2009-10-28,18.7714,18.8556,18.4498,18.5537,2605262
2009-10-29,18.6576,19.2713,18.5784,19.1921,3256279
2009-10-30,19.0981,19.2069,18.6131,18.6477,3257920
2009-11-02,18.6873,19.0436,18.4646,18.8655,2865729
2009-11-03,18.6329,19.2366,18.6329,19.1377,2282886
2009-11-04,19.301,19.6375,19.1278,19.1525,2813814
2009-11-05,19.3109,19.88,19.3109,19.8602,2287660
2009-11-06,19.8206,20.0087,19.7612,19.8553,2429529
2009-11-09,20.0235,20.4986,19.9344,20.4739,3022068
2009-11-10,20.4392,20.5927,20.3254,20.558,2121176
2009-11-11,20.6867,20.8104,20.4194,20.6075,1601884
2009-11-12,20.459,20.7015,20.2413,20.3205,1871152
2009-11-13,20.4046,20.5432,20.2017,20.4343,1706757
2009-11-16,20.5382,21.2608,20.5333,21.2162,2662547
2009-11-17,21.0925,21.33,20.9094,21.0678,1943056
2009-11-18,20.9886,21.1024,20.7857,21.0034,1378265
2009-11-19,20.9341,20.9341,20.4491,20.7114,1352606
2009-11-20,20.3106,20.6125,20.2759,20.4739,1188957
2009-11-23,20.845,21.0974,20.5778,20.6619,1558921
2009-11-24,20.7362,20.8154,20.3996,20.6718,1768666
2009-11-25,20.7665,20.7814,20.6121,20.7366,982195
2009-11-27,19.9946,20.4726,19.9946,20.2087,573146
2009-11-30,20.1191,20.4029,20.0145,20.3581,2269013
2009-12-01,20.4975,20.8113,20.4428,20.5772,2021226
2009-12-02,20.642,20.8063,20.4328,20.5772,1647085
2009-12-03,20.5822,20.7963,20.3581,20.373,941618
2009-12-04,20.7316,20.9457,20.3681,20.7167,1075431
2009-12-07,20.7565,21.1151,20.7515,20.9059,1594276
2009-12-08,20.6967,20.7216,20.3382,20.4826,1214765
2009-12-09,20.3979,20.4328,20.0643,20.373,1600243
2009-12-10,20.5224,20.637,20.3681,20.4129,1112726
2009-12-11,20.4876,20.5623,20.3232,20.4527,1007704
2009-12-14,20.627,20.7465,20.4527,20.7167,1848029
2009-12-15,20.5922,20.6967,20.4577,20.5971,1569960
2009-12-16,20.7216,20.8959,20.5722,20.622,1535350
2009-12-17,20.393,20.6121,20.3282,20.4278,1415112
2009-12-18,20.4428,20.5374,20.0294,20.2137,2805162
2009-12-21,20.3581,20.4975,20.3133,20.393,1401089
2009-12-22,20.4228,20.7216,20.388,20.6569,1414963
2009-12-23,20.7067,20.871,20.5673,20.8262,1106311
2009-12-24,20.9159,21.2645,20.9159,21.1898,563598
2009-12-28,21.2296,21.2894,20.9955,21.1449,1069464
2009-12-29,21.2146,21.2146,20.9607,20.9906,868371
2009-12-30,20.871,21.0902,20.8561,21.0055,882245
2009-12-31,20.9906,21.0653,20.7216,20.7216,922523
2010-01-04,20.876,21.0951,20.7316,21.0951,1859815
2010-01-05,21.0453,21.0702,20.891,20.9955,1272199
2010-01-06,20.9906,21.2744,20.8661,21.2445,1852654
2010-01-07,21.3292,21.9666,21.3292,21.7126,1959317
2010-01-08,21.6927,22.3451,21.5234,22.3351,2190843
2010-01-11,22.37,22.6837,22.3351,22.6041,2006308
2010-01-12,22.3899,22.6887,22.3252,22.6837,3228532
2010-01-13,22.6041,22.9377,22.5443,22.8929,4637975
2010-01-14,22.878,23.1469,22.6837,23.122,2707450
2010-01-15,23.0174,23.0722,22.624,22.7037,2848125
2010-01-19,22.5742,22.9078,22.5493,22.858,2328535
2010-01-20,22.6588,22.6688,22.3949,22.6339,2740567
2010-01-21,22.5742,22.7684,22.2604,22.3351,2806803
2010-01-22,22.3053,22.3053,21.7674,21.7973,1998700
2010-01-25,21.872,22.126,21.4487,21.5383,2614959
2010-01-26,21.4089,21.633,21.2744,21.3939,1639179
2010-01-27,21.3242,21.3939,20.9009,21.3192,2713864
2010-01-28,21.379,21.4637,21.0603,21.1748,2890343
2010-01-29,21.4636,22.4347,21.3392,21.3541,4529820
2010-02-01,21.5035,21.8571,21.4238,21.6479,2268267
2010-02-02,21.7425,22.131,21.7027,22.0712,2707599
2010-02-03,21.8521,22.2256,21.8471,21.9766,2062996
2010-02-04,21.7774,21.9268,21.2047,21.2943,3115603
2010-02-05,21.2545,21.3989,20.1689,20.6619,4967213
2010-02-08,20.627,20.7465,20.3432,20.4428,3166772
2010-02-09,20.6918,21.0951,20.6619,20.9457,4190736
2010-02-10,20.9208,21.14,20.7266,20.9607,2066278
2010-02-11,20.9258,21.374,20.7764,21.3541,3208691
2010-02-12,21.1549,21.3541,20.8959,21.2744,2069411
2010-02-16,21.4437,21.7425,21.384,21.7376,1958124
2010-02-17,21.8421,22.1459,21.7525,22.136,3182585
2010-02-18,22.2854,22.7186,22.1111,22.629,3363091
2010-02-19,22.6041,22.9626,22.4596,22.9477,3661599
2010-02-22,22.9776,23.0174,22.7784,22.9178,2914808
2010-02-23,22.6041,22.868,22.1708,22.38,3578953
2010-02-24,22.5302,22.5903,22.2898,22.39,3989792
2010-02-25,21.8791,22.38,21.7589,22.3449,2997155
2010-02-26,22.405,22.7206,22.3098,22.6705,2398798
2010-03-01,22.8007,23.0862,22.7005,22.9209,2048526
2010-03-02,23.0862,23.2315,22.966,23.1163,2258272
2010-03-03,23.0712,23.2665,22.9259,23.0011,2371797
2010-03-04,23.0712,23.2866,22.931,23.0762,1865782
2010-03-05,23.2315,23.5771,23.2315,23.5521,2077318
2010-03-08,23.542,23.5771,23.3467,23.3767,781250
2010-03-09,23.2916,23.4769,23.2014,23.3016,1406907
2010-03-10,23.2666,23.2666,23.0612,23.2064,1620382
2010-03-11,22.9309,23.2515,22.7657,23.2465,1167176
2010-03-12,23.3567,23.4268,23.1063,23.2565,1007853
2010-03-15,23.1814,23.2165,22.956,23.1614,1515659
2010-03-16,23.2565,23.4369,23.1614,23.2215,2181445
2010-03-17,23.2615,23.6973,23.2014,23.507,1301139
2010-03-18,23.4669,23.6673,23.4018,23.5871,1393779
2010-03-19,23.3066,23.7624,23.2565,23.3066,1917845
2010-03-22,23.1263,23.492,23.0261,23.2515,1387812
2010-03-23,23.2465,23.8225,23.0612,23.7324,3352350
2010-03-24,23.6973,23.6973,23.2265,23.2415,2257078
2010-03-25,23.4619,23.4619,23.0912,23.1313,2479355
2010-03-26,23.1363,23.2866,22.8157,23.0762,3442305
2010-03-29,23.1564,23.3818,23.0311,23.3617,2474880
2010-03-30,23.4519,23.6823,23.4419,23.6022,2177268
2010-03-31,23.527,23.6322,23.3267,23.4168,1387514
2010-04-01,23.542,23.7574,23.3717,23.542,2126547
2010-04-05,23.6873,23.8927,23.6172,23.8175,2125801
2010-04-06,23.7474,23.8776,23.6272,23.8676,1561158
2010-04-07,23.7925,23.9077,23.6222,23.7123,1744052
2010-04-08,23.6021,23.6823,23.3417,23.6122,1263844
2010-04-09,23.6422,24.073,23.547,24.0529,1658274
2010-04-12,24.1381,24.1581,23.8776,23.9528,1335600
2010-04-13,23.8576,24.098,23.7925,23.9778,1331870
2010-04-14,24.0429,24.4186,24.0229,24.3886,1560711
2010-04-15,24.2433,24.4186,24.2383,24.2984,1483734
2010-04-16,24.2433,24.2784,23.8175,23.9327,1378116
2010-04-19,23.7825,23.9628,23.507,23.9177,1413023
2010-04-20,24.1481,24.3535,24.0329,24.1682,1404073
2010-04-21,24.1431,24.5088,24.1181,24.4887,1765683
2010-04-22,24.3435,25.215,24.1682,25.17,3072789
2010-04-23,26.8479,27.7996,26.8479,27.1485,8252731
2010-04-26,27.1084,27.1084,26.7177,26.8529,3190342
2010-04-27,26.7828,26.9331,25.8211,25.9163,3744542
2010-04-28,25.9864,26.2218,25.8912,26.0666,1771202
2010-04-29,26.332,26.5624,26.1467,26.4723,2326447
2010-04-30,26.5474,26.7578,26.1517,26.1567,2683432
2010-05-03,26.332,26.8279,26.2619,26.7528,1587265
2010-05-04,26.3571,26.3571,25.7259,26.0064,2478758
2010-05-05,25.7309,26.0014,25.5757,25.8461,2709389
2010-05-06,25.6508,25.766,22.5453,24.4136,3689047
2010-05-07,24.4036,24.5188,23.4068,24.058,4123606
2010-05-10,25.3553,25.6809,25.0447,25.5156,2506953
2010-05-11,25.185,25.746,25.185,25.2802,2576023
2010-05-12,25.3803,26.0115,25.3803,25.9313,1621874
2010-05-13,25.9063,26.0014,25.4154,25.4555,1720332
2010-05-14,25.1599,25.3503,24.4637,24.7893,1939178
2010-05-17,24.7592,25.0948,24.1431,24.7943,1922619
2010-05-18,25.0698,25.2501,24.0379,24.1631,2499494
2010-05-19,23.9828,24.078,23.0111,23.6322,4093770
2010-05-20,22.9009,22.961,22.1395,22.1445,4652296
2010-05-21,21.6587,22.39,21.5385,22.2648,6201073
2010-05-24,22.1746,22.4751,22.0143,22.0344,3216001
2010-05-25,21.4132,21.9041,21.1377,21.8691,3629525
2010-05-26,22.247,22.4838,21.9446,22.0454,3475423
2010-05-27,22.6047,22.9827,22.378,22.9827,2002728
2010-05-28,22.9222,23.0381,22.378,22.6199,2881691
2010-06-01,22.3276,22.8517,22.0253,22.0303,2546635
2010-06-02,22.1361,22.7761,21.8539,22.7559,2579752
2010-06-03,22.7257,23.2044,22.7257,23.0885,2818737
2010-06-04,22.4183,22.6299,21.5919,21.6927,2482488
2010-06-07,21.6876,21.859,21.1233,21.1535,2177118
2010-06-08,21.1636,21.476,20.8713,21.3097,1850118
2010-06-09,21.4659,22.1512,21.4206,21.5113,2375377
2010-06-10,21.9547,22.509,21.9346,22.4989,2579752
2010-06-11,22.2167,22.766,22.1664,22.7458,2457724
2010-06-14,23.0431,23.3505,22.8013,22.8819,2177864
2010-06-15,23.0532,23.6881,23.0532,23.6528,2063295
2010-06-16,23.3304,23.5571,23.2548,23.3807,1891590
2010-06-17,23.4362,23.5017,22.902,23.154,2447132
2010-06-18,23.2195,23.285,22.8416,22.9927,2473239
2010-06-21,23.3555,23.7637,23.2094,23.3404,1821923
2010-06-22,23.4059,23.4462,22.3629,22.4183,3985466
2010-06-23,22.4133,22.5493,21.8842,22.3478,2724307
2010-06-24,22.2571,22.4183,21.7632,21.8187,2266327
2010-06-25,21.9245,22.2823,21.7431,22.2419,3280297
2010-06-28,22.2369,22.3478,21.7985,22.0605,1514913
2010-06-29,21.602,21.6725,20.9419,21.1182,2756977
2010-06-30,21.1183,21.5214,20.9872,21.0578,2453995
2010-07-01,21.0326,21.1586,20.4078,20.8159,2732064
2010-07-02,20.8764,21.0124,20.5791,20.7151,1671998
2010-07-06,21.0477,21.4055,20.7756,20.9923,2656729
2010-07-07,20.9973,21.7632,20.9217,21.728,2338381
2010-07-08,21.9598,22.0908,21.6121,21.9648,1567871
2010-07-09,21.985,22.3276,21.859,22.2571,1484182
2010-07-12,22.121,22.1865,21.6877,21.8943,1614117
2010-07-13,22.2772,22.5695,22.2319,22.3629,1864141
2010-07-14,22.2822,22.6299,22.1311,22.4183,1535947
2010-07-15,22.3729,22.4485,21.7935,22.2218,2171897
2010-07-16,21.9194,22.0555,21.4004,21.4559,2130425
2010-07-19,21.6171,21.7733,21.2795,21.7179,1088858
2010-07-20,21.34,22.0253,21.3349,22.0101,1785971
2010-07-21,22.2067,22.6047,22.0908,22.3226,2772492
2010-07-22,22.6753,23.2145,22.5896,23.1993,3321172
2010-07-23,24.5599,24.5649,23.5873,24.056,5181434
2010-07-26,24.192,24.5649,23.9098,24.4591,2390892
2010-07-27,24.6102,24.6102,23.8342,23.8796,3593573
2010-07-28,23.9098,24.1265,23.7184,23.8494,1653500
2010-07-29,24.056,24.2474,23.7335,24.0509,2516799
2010-07-30,23.673,24.2525,23.5773,24.1719,2333607
2010-08-02,24.6808,24.8622,24.3281,24.6304,2421026
2010-08-03,24.4893,24.706,24.3129,24.4692,1717945
2010-08-04,24.5296,24.8975,24.4036,24.8723,1556235
2010-08-05,24.6858,24.9428,24.5851,24.7161,1449572
2010-08-06,24.4389,24.7866,24.1971,24.7866,1733460
2010-08-09,24.8723,24.8823,24.4843,24.6959,1689601
2010-08-10,24.8572,25.0486,24.5397,24.9176,3177214
2010-08-11,24.2928,24.3583,23.547,23.6125,2153548
2010-08-12,23.2145,23.6125,23.1792,23.4866,1577866
2010-08-13,23.3606,23.5773,23.3304,23.3858,805268
2010-08-16,23.1641,23.5067,22.9524,23.3757,1092587
2010-08-17,23.6629,24.187,23.5521,23.93,1693778
2010-08-18,23.93,24.0912,23.6226,23.9451,1032915
2010-08-19,23.7939,23.8998,23.1993,23.411,1211333
2010-08-20,23.1893,23.3455,22.9424,23.2699,1150319
2010-08-23,23.4311,23.4765,22.8063,22.8668,2743402
2010-08-24,22.4888,22.5543,22.2369,22.4032,1939924
2010-08-25,22.1714,22.4032,21.7834,22.2923,1936940
2010-08-26,22.5191,22.7962,22.252,22.3478,1840421
2010-08-27,22.5125,23.0449,22.117,22.9942,2516948
2010-08-30,22.8878,23.0449,22.548,22.548,2004667
2010-08-31,22.4263,22.9587,22.254,22.6951,2010635
2010-09-01,23.1616,24.2314,23.0601,24.1706,2920626
2010-09-02,24.1046,24.6168,24.1046,24.5711,2152504
2010-09-03,24.9717,25.3824,24.8753,24.9514,1855339
2010-09-07,24.7029,24.9565,24.6066,24.6573,1296366
2010-09-08,24.7486,25.0731,24.6725,24.6928,1625305
2010-09-09,25.1136,25.1796,24.6776,24.8094,1440622
2010-09-10,24.9058,25.0984,24.7435,24.9463,1991838
2010-09-13,25.2404,25.4736,25.0477,25.3418,1920680
2010-09-14,25.3063,25.7373,25.1441,25.5548,2239475
2010-09-15,25.4686,25.5801,25.2201,25.4534,1512675
2010-09-16,25.0984,25.4483,25.0984,25.2708,1954543
2010-09-17,25.3925,25.859,25.2151,25.6511,2822467
2010-09-20,25.7525,26.3255,25.6917,26.2849,1713619
2010-09-21,26.295,26.3559,25.9046,26.0517,2026597
2010-09-22,26.0922,26.1936,25.499,25.6765,2135348
2010-09-23,25.3824,25.5852,25.1289,25.1796,1493580
2010-09-24,25.646,26.3001,25.5446,26.2697,2155487
2010-09-27,26.3255,26.3458,25.8489,25.8489,1917249
2010-09-28,25.8843,26.148,25.4179,26.0922,2268416
2010-09-29,25.93,26.3508,25.8337,26.3052,3142903
2010-09-30,26.4117,26.8731,26.2342,26.4725,6043241
2010-10-01,26.7413,26.797,26.366,26.6297,2465332
2010-10-04,26.6246,26.8376,26.0567,26.4269,2292583
2010-10-05,26.7058,27.6235,26.7058,27.5424,3010731
2010-10-06,27.6083,27.6336,27.2077,27.37,2737136
2010-10-07,27.5272,27.7959,27.2077,27.73,4225794
2010-10-08,27.7401,27.8314,27.2382,27.6539,4764330
2010-10-11,27.6539,27.7655,27.2888,27.4156,1729283
2010-10-12,27.3801,27.5981,27.0201,27.4055,2770403
2010-10-13,27.8669,27.8719,27.6336,27.73,2333010
2010-10-14,27.7503,27.8212,27.157,27.4004,3355483
2010-10-15,27.6083,27.7198,27.0911,27.3903,2368067
2010-10-18,27.5069,27.5322,26.9491,27.1722,3211824
2010-10-19,26.7108,26.9542,26.4979,26.7108,4090488
2010-10-20,26.8579,27.4511,26.8275,27.2787,2453398
2010-10-21,27.4105,27.7959,27.3395,27.7807,3112471
2010-10-22,27.1874,27.1874,26.2241,26.9643,6827624
2010-10-25,27.2381,27.5728,26.9846,27.0759,3007449
2010-10-26,26.8477,27.0962,26.7058,26.9593,2019585
2010-10-27,26.7007,26.868,26.4472,26.8072,1828935
2010-10-28,26.9846,27.1722,26.5841,26.8325,1421676
2010-10-29,26.7108,26.9897,26.655,26.9238,2506655
2010-11-01,26.9999,27.3751,26.8984,27.1367,2089699
2010-11-02,27.4359,27.441,27.2483,27.3446,1489552
2010-11-03,27.4815,27.4866,26.9897,27.4055,982344
2010-11-04,27.7705,28.2117,27.6793,27.9936,3261799
2010-11-05,28.0139,28.0849,27.7857,27.9277,2953147
2010-11-08,27.7553,27.877,27.4917,27.6539,1912326
2010-11-09,27.6336,27.8365,27.446,27.5728,2062400
2010-11-10,27.5779,27.8365,27.3345,27.8111,1599646
2010-11-11,27.5119,27.9328,27.4967,27.9277,2173687
2010-11-12,27.7097,27.8212,27.5069,27.6945,2540071
2010-11-15,27.9379,28.3587,27.8111,27.8314,3073535
2010-11-16,27.6134,27.7351,26.9745,27.1367,3492131
2010-11-17,27.2026,27.2584,26.9238,27.0556,2088357
2010-11-18,27.3294,27.8466,27.3142,27.5424,1861306
2010-11-19,27.5474,27.8415,27.3193,27.8212,2122370
2010-11-22,28.4297,28.5057,27.7908,28.237,3503916
2010-11-23,27.8263,27.948,27.4815,27.6641,1807154
2010-11-24,27.8567,28.7441,27.8111,28.7187,2219784
2010-11-26,28.4869,28.5837,28.2372,28.385,660415
2010-11-29,28.12,28.1608,27.7685,28.1353,2318242
2010-11-30,27.743,28.1149,27.636,27.9264,1790894
2010-12-01,28.5022,28.9658,28.4614,28.9403,1910386
2010-12-02,29.027,29.4855,28.8792,29.4397,1484033
2010-12-03,29.3327,29.4906,29.2053,29.4448,1359767
2010-12-06,29.3479,29.3938,29.1136,29.2766,1513123
2010-12-07,29.5976,29.6791,29.3276,29.353,1941266
2010-12-08,29.4244,29.6791,29.3581,29.6231,1476126
2010-12-09,29.8014,29.888,29.4855,29.5925,1139877
2010-12-10,29.7301,29.8575,29.5823,29.781,1106013
2010-12-13,29.9849,29.99,29.4346,29.4499,1780302
2010-12-14,29.455,29.6842,29.3123,29.4142,1666031
2010-12-15,29.3836,29.6842,29.2868,29.3123,2132365
2010-12-16,29.3123,29.4651,29.0677,29.3887,1673788
2010-12-17,29.3836,29.5263,29.083,29.2257,1983186
2010-12-20,29.3429,29.5161,28.5939,29.0779,2634352
2010-12-21,29.1798,29.3378,29.083,29.2664,1575629
2010-12-22,29.297,30.1632,28.9913,30.0409,5847817
2010-12-23,30.0154,30.0358,29.7963,29.8982,1711829
2010-12-27,29.7097,29.8575,29.5517,29.781,726203
2010-12-28,29.7963,29.9746,29.6638,29.8677,1310239
2010-12-29,29.9543,30.0511,29.7657,29.8116,1488210
2010-12-30,29.7556,29.9492,29.7505,29.8524,682643
2010-12-31,29.8116,29.9186,29.6893,29.781,786770
2011-01-03,30.153,30.4791,30.046,30.1224,2147879
2011-01-04,30.2294,30.316,29.6486,29.9543,2013767
2011-01-05,29.7505,29.9746,29.6129,29.6587,1916055
2011-01-06,29.6537,29.8269,29.2359,29.3276,2078511
2011-01-07,29.4295,29.781,29.2206,29.241,1791043
2011-01-10,29.1034,29.3581,28.9251,29.2664,1738681
2011-01-11,29.4091,29.6486,29.297,29.4651,1550417
2011-01-12,29.6791,30.1224,29.6435,30.0001,1283089
2011-01-13,30.046,30.1479,29.8677,30.0918,1664390
2011-01-14,29.9696,30.3619,29.8218,30.3619,1669313
2011-01-18,30.2905,30.5249,30.2905,30.4434,1414068
2011-01-19,30.4026,30.4026,29.5365,29.6537,2625998
2011-01-20,29.5263,29.6027,28.7926,28.8996,2826942
2011-01-21,29.1849,29.4702,28.7977,28.869,3029378
2011-01-24,28.9251,29.4702,28.9251,29.0219,2252305
2011-01-25,28.9709,29.3327,28.8333,29.2868,1757030
2011-01-26,29.4346,30.367,29.4142,30.26,3726342
2011-01-27,29.7097,30.5708,29.7097,30.3058,4074974
2011-01-28,31.1873,33.1184,31.0548,31.6662,6890429
2011-01-31,31.9159,32.8891,31.9159,32.6598,5321961
2011-02-01,32.8585,33.6432,32.5477,33.4903,3498397
2011-02-02,33.2865,33.424,32.9247,33.205,2436839
2011-02-03,33.154,33.3069,32.9145,32.9706,3010283
2011-02-04,33.0368,33.3527,32.9553,33.2661,1694375
2011-02-07,33.4037,33.6533,33.3374,33.5514,3240168
2011-02-08,33.5922,33.959,33.3374,33.6686,1925453
2011-02-09,33.4852,33.7298,33.3069,33.6737,2345691
2011-02-10,33.5514,34.1221,33.475,33.9285,2178461
2011-02-11,33.7603,34.1425,33.582,33.9539,1996164
2011-02-14,33.9642,34.5501,33.8674,34.4991,2119983
2011-02-15,34.2801,34.4737,33.7756,33.8674,1829531
2011-02-16,34.0202,34.3106,33.6992,33.9489,1703475
2011-02-17,33.9947,34.4431,33.7552,34.3106,1701088
2011-02-18,34.5806,34.6825,34.1934,34.5195,1779556
2011-02-22,34.0406,34.0559,33.261,33.368,1209096
2011-02-23,33.3782,33.4495,32.0535,32.3541,2396561
2011-02-24,32.5409,33.0731,32.1878,32.4948,2026149
2011-02-25,32.7455,32.8632,32.6381,32.7814,1655738
2011-02-28,32.894,33.2112,32.679,32.8786,1556086
2011-03-01,32.9298,33.2266,32.459,32.5665,1857577
2011-03-02,32.5665,33.5336,32.4948,33.0782,2107153
2011-03-03,33.2982,34.163,33.2982,34.0965,2811129
2011-03-04,33.9942,34.0965,33.3392,33.5848,3812717
2011-03-07,33.5592,33.8509,32.5102,32.6586,3534051
2011-03-08,32.8939,33.508,32.6688,33.2215,1399597
2011-03-09,33.1089,33.1805,32.7046,33.1089,1329782
2011-03-10,32.6739,32.6995,32.0189,32.3157,1394525
2011-03-11,32.2799,32.766,31.9882,32.5971,1521924
2011-03-14,32.285,32.6688,31.9984,32.3003,1718393
2011-03-15,31.1848,32.1519,30.9238,31.9831,2138630
2011-03-16,31.8807,32.3106,31.5174,31.8142,3445886
2011-03-17,32.4846,32.7814,32.2338,32.418,1785076
2011-03-18,32.9451,33.0065,32.2492,32.4129,2413269
2011-03-21,33.0321,33.4824,32.9042,33.3852,3845238
2011-03-22,33.3443,33.375,32.8223,32.9246,2359266
2011-03-23,32.8888,33.0884,32.4743,32.9195,2084627
2011-03-24,33.3033,33.5592,33.0321,33.3852,2623164
2011-03-25,33.508,33.682,33.3033,33.5234,1271005
2011-03-28,33.5694,33.6309,33.0679,33.0782,1451661
2011-03-29,33.0475,33.2266,32.7507,33.2266,1522670
2011-03-30,33.3954,33.4313,33.1089,33.2829,1544301
2011-03-31,33.2573,33.7127,33.1959,33.6411,1355739
2011-04-01,34.0556,34.4957,33.7997,34.4087,2234254
2011-04-04,34.291,34.3063,33.5848,34.0812,1777020
2011-04-05,34.1016,34.1579,33.8867,34.0709,2309142
2011-04-06,34.2091,34.2603,33.8406,33.9788,1487464
2011-04-07,33.8509,33.9635,33.4722,33.7485,1329931
2011-04-08,33.7332,33.8969,33.0884,33.3085,1279508
2011-04-11,33.3392,33.4773,33.0679,33.2624,1438682
2011-04-12,33.0117,33.1754,32.6739,32.9912,1469115
2011-04-13,33.2061,33.3647,32.7097,32.9809,1446141
2011-04-14,32.8274,33.0731,32.4334,32.9298,1736742
2011-04-15,33.0219,33.5899,32.9042,33.4262,1859964
2011-04-18,32.8735,32.9093,32.3976,32.8326,2077914
2011-04-19,32.9144,33.9737,32.9144,33.9481,2399843
2011-04-20,34.4394,34.552,34.0761,34.3831,2361504
2011-04-21,34.7976,35.4372,34.4394,34.6952,3116200
2011-04-25,34.7515,34.7873,33.8151,33.9276,2185174
2011-04-26,34.1835,34.7208,34.0505,34.5264,2237685
2011-04-27,34.6083,34.7669,34.2193,34.5315,2419087
2011-04-28,34.4906,34.8539,34.4394,34.8078,2011231
2011-04-29,34.8283,35.0841,34.6082,34.818,1672446
2011-05-02,35.0125,35.1251,34.3575,34.4496,1906358
2011-05-03,34.4189,34.6492,33.8714,34.1835,2059267
2011-05-04,34.076,34.1681,33.2573,33.3391,2510086
2011-05-05,33.1549,33.9737,32.8786,33.3443,4237131
2011-05-06,33.8765,34.2654,33.3238,33.4773,2239177
2011-05-09,33.549,34.1016,33.4671,33.8816,1397211
2011-05-10,33.9379,34.2603,33.8765,34.1886,1170906
2011-05-11,34.1119,34.25,33.4313,33.7332,1475977
2011-05-12,33.6462,33.7537,33.1959,33.549,1370955
2011-05-13,33.5694,33.723,32.8325,32.9195,1824161
2011-05-16,32.7763,33.0884,32.4539,32.5204,1820581
2011-05-17,32.3362,32.418,31.7835,32.0854,1866677
2011-05-18,32.1417,32.6944,32.0189,32.6023,2033310
2011-05-19,32.807,33.073,32.6483,32.9809,1536245
2011-05-20,32.9963,32.9963,32.3362,32.4897,1491790
2011-05-23,31.9421,32.2952,31.7886,32.111,1857279
2011-05-24,32.1571,32.3618,31.8244,31.8603,1652605
2011-05-25,31.7835,32.6995,31.6044,32.5971,2269311
2011-05-26,32.4147,33.0828,32.317,32.9955,2018094
2011-05-27,33.124,33.8949,33.124,33.8229,2451309
2011-05-31,34.3112,34.9485,34.1364,34.5527,3941160
2011-06-01,34.2957,34.4242,32.7436,32.7693,3787953
2011-06-02,32.8721,33.2062,32.4764,32.6254,2783083
2011-06-03,32.096,32.4866,32.0035,32.1012,1982589
2011-06-06,32.0241,32.353,31.8905,31.9573,1969760
2011-06-07,32.1731,32.2913,31.8802,32.0601,2592433
2011-06-08,31.8648,32.1063,31.8031,31.9213,2165482
2011-06-09,32.0035,32.1474,31.8956,32.0189,1812972
2011-06-10,31.7825,31.9521,31.2326,31.2634,1681397
2011-06-13,31.4074,31.5718,31.1298,31.3046,1417648
2011-06-14,31.7414,32.5792,31.726,32.2297,2105512
2011-06-15,31.8905,32.0755,31.4536,31.6027,1846090
2011-06-16,31.5975,32.0703,31.356,31.9984,2191290
2011-06-17,32.3324,32.5021,31.9162,32.0189,1906209
2011-06-20,31.8905,32.5175,31.8442,32.4404,1336644
2011-06-21,32.6871,33.1753,32.6203,33.1291,1258176
2011-06-22,32.9184,33.3912,32.831,33.1908,1724062
2011-06-23,32.5637,33.3501,32.1731,33.3347,2760856
2011-06-24,33.3706,33.4837,32.6305,32.7128,1907552
2011-06-27,32.7745,33.3038,32.4661,33.1548,1348578
2011-06-28,33.273,34.0747,33.2113,34.0542,1673042
2011-06-29,34.2495,34.3112,33.7407,34.1056,2081345
2011-06-30,34.2546,35.0667,34.1878,34.8457,1970058
2011-07-01,34.9022,35.596,34.7532,35.5087,1338583
2011-07-05,35.5446,35.704,35.2568,35.4521,1235500
2011-07-06,35.411,35.7451,35.1849,35.5909,1968119
2011-07-07,35.9404,36.0534,35.6988,35.8941,2275278
2011-07-08,35.3236,35.6269,35.2054,35.5601,1857875
2011-07-11,35.041,35.1129,34.3831,34.6452,1374983
2011-07-12,34.5424,34.6915,33.9308,33.9514,2059416
2011-07-13,34.2084,34.5322,33.972,34.085,1812525
2011-07-14,34.1981,34.4088,33.5454,33.6636,1982291
2011-07-15,33.8743,33.9257,33.3552,33.9051,1529831
2011-07-18,33.7201,33.8383,33.3604,33.751,2218143
2011-07-19,34.0953,34.4756,33.9514,34.4705,1467026
2011-07-20,34.6144,34.748,34.1313,34.2084,1771948
2011-07-21,34.4242,34.6298,33.9463,34.1056,2924207
2011-07-22,34.2598,34.6349,33.8537,34.3523,3416050
2011-07-25,34.3317,34.7326,33.9977,34.2392,2127293
2011-07-26,34.2701,34.4397,33.1137,33.1856,2308694
2011-07-27,32.9286,32.9441,31.5821,31.6849,4910824
2011-07-28,31.7568,32.0498,30.9654,31.0476,3322813
2011-07-29,30.8215,31.6952,30.6056,31.0784,3884024
2011-08-01,31.5204,31.6798,30.6467,31.2326,3411724
2011-08-02,30.9345,31.2275,29.9991,30.0146,3485866
2011-08-03,29.9632,30.5799,29.4544,30.436,3713065
2011-08-04,29.7781,29.9323,28.2928,28.3545,4618283
2011-08-05,28.7914,29.0843,27.6401,28.4213,6129168
2011-08-08,27.3831,27.9125,26.0006,26.0109,4965572
2011-08-09,26.5608,27.7583,25.7025,27.7429,6713503
2011-08-10,27.008,27.7069,26.4118,26.5094,5036581
2011-08-11,26.6482,28.4881,26.5968,28.0718,3166473
2011-08-12,28.2825,28.519,27.9588,28.2928,2711030
2011-08-15,28.5806,29.2334,28.5652,29.0586,2563044
2011-08-16,28.5549,28.8171,28.0461,28.298,2643452
2011-08-17,28.4984,28.6475,27.5682,27.9331,2236044
2011-08-18,27.1313,27.1313,25.867,26.1805,4149563
2011-08-19,25.795,26.6482,25.6511,25.7077,3369059
2011-08-22,26.4632,26.53,25.9904,26.2422,3147528
2011-08-23,26.3655,27.5014,26.1754,27.4962,2592880
2011-08-24,27.45,28.1386,27.2649,28.0924,2591836
2011-08-25,28.2106,28.5498,27.0439,27.157,2246785
2011-08-26,27.0028,28.1541,26.4632,27.9536,2290793
2011-08-29,28.4938,29.14,28.4163,29.0935,1779855
2011-08-30,28.9798,29.812,28.6748,29.5898,2056731
2011-08-31,29.8482,30.4013,29.3778,29.7345,2046587
2011-09-01,29.7914,30.1894,29.0573,29.2382,2520827
2011-09-02,28.5352,28.9798,28.101,28.4421,2459813
2011-09-06,27.4651,27.9304,27.1705,27.8477,3264633
2011-09-07,27.9872,28.101,27.279,27.8787,6002665
2011-09-08,27.796,28.1992,27.2635,27.3927,5348962
2011-09-09,27.0929,27.3204,26.4416,26.7104,3350560
2011-09-12,26.3692,26.5243,25.356,25.9505,4958561
2011-09-13,26.0642,26.7776,25.8678,26.4674,3393375
2011-09-14,26.6794,27.3772,26.0177,26.9637,4013064
2011-09-15,27.3204,27.3927,26.8913,27.3514,2388356
2011-09-16,27.5168,27.7081,26.8241,27.0567,2817395
2011-09-19,26.3795,26.9792,26.1831,26.7879,1896811
2011-09-20,26.7983,27.1394,26.2245,26.2606,2018541
2011-09-21,26.1883,26.4261,25.4594,25.4749,3439919
2011-09-22,24.6375,24.7305,23.4795,23.8155,5128923
2011-09-23,23.7431,24.4979,23.5984,23.9241,3943249
2011-09-26,24.2084,25.0924,23.5622,25.0303,3550460
2011-09-27,25.8316,26.1521,25.0562,25.2216,3557173
2011-09-28,25.1647,25.4956,24.1825,24.2291,4276514
2011-09-29,24.7305,24.9786,23.9861,24.684,3484821
2011-09-30,23.8414,24.3841,23.7897,24.0895,4208936
2011-10-03,23.8517,24.2963,23.0711,23.0763,3948022
2011-10-04,22.7351,24.6013,22.5593,24.5444,3580296
2011-10-05,24.653,25.449,24.2756,25.3301,3297751
2011-10-06,25.2629,26.2141,25.2061,26.1779,2293627
2011-10-07,26.3279,26.364,25.6352,25.8678,2928235
2011-10-10,26.4984,27.1446,26.4984,27.1395,1766727
2011-10-11,26.9378,27.4186,26.8396,27.2997,2407302
2011-10-12,27.4858,28.3077,27.4858,27.9666,2428037
2011-10-13,27.6357,27.6564,26.9275,27.3979,2340022
2011-10-14,27.8787,27.9666,27.2997,27.827,2769210
2011-10-17,27.646,27.8166,26.5553,26.7724,2681791
2011-10-18,26.9068,28.4163,26.8138,28.1061,2378659
2011-10-19,28.132,28.3077,27.1653,27.2945,2226347
2011-10-20,27.3772,27.8115,26.8241,27.6822,3660107
2011-10-21,28.2664,28.2664,26.2348,27.248,6296249
2011-10-24,27.2273,27.9355,27.1394,27.7805,3666521
2011-10-25,27.6926,28.8505,27.0205,28.256,3912667
2011-10-26,28.6076,29.047,27.8994,28.7678,3464981
2011-10-27,29.8999,30.329,29.4915,29.9568,3413663
2011-10-28,29.812,30.4427,29.7552,30.329,2405511
2011-10-31,29.7552,29.7914,28.7058,28.7058,4156724
2011-11-01,27.5582,28.5404,27.2842,27.9924,3503469
2011-11-02,28.5249,28.7678,28.0389,28.4318,2385671
2011-11-03,28.7109,29.5897,28.4008,29.5277,2395218
2011-11-04,29.1969,29.5432,28.8867,29.4088,2061057
2011-11-07,29.4192,29.4864,28.3801,28.9953,2674034
2011-11-08,29.1504,29.3571,28.5714,29.109,2334950
2011-11-09,28.4111,28.4111,27.5323,27.8166,3714110
2011-11-10,28.1526,28.2509,27.646,27.8373,2493079
2011-11-11,28.3439,29.2434,28.3129,29.0883,1946786
2011-11-14,28.9798,29.3623,28.7265,28.9281,1637538
2011-11-15,28.7523,29.3313,28.6593,29.1452,1545494
2011-11-16,28.7575,29.1038,28.4938,28.5352,2540071
2011-11-17,28.4318,28.5765,27.3927,27.6202,3231963
2011-11-18,27.9459,27.9976,27.4134,27.4548,2680896
2011-11-21,27.0309,27.0981,26.0229,26.4984,3765129
2011-11-22,26.5294,26.8861,26.2865,26.8138,2662696
2011-11-23,26.5398,26.5501,25.997,26.0539,2260659
2011-11-25,25.9712,26.4312,25.9195,25.9815,757233
2011-11-28,26.7748,27.295,26.754,27.0557,1926945
2011-11-29,27.165,27.8256,27.1494,27.5707,3026991
2011-11-30,28.6892,29.2146,27.7944,28.5955,9052331
2011-12-01,28.4551,28.9128,28.4134,28.4863,2775624
2011-12-02,28.8816,29.381,28.8504,29.0689,3181690
2011-12-05,29.5631,30.0469,29.2302,29.9168,3604463
2011-12-06,29.8284,30.2185,29.6411,29.9532,2732363
2011-12-07,29.7608,30.4214,29.4434,30.2862,3241660
2011-12-08,29.9532,30.1197,28.9076,28.9909,2475775
2011-12-09,29.2249,29.8908,28.9961,29.7556,2079854
2011-12-12,29.3706,29.4226,28.6683,29.0429,1947979
2011-12-13,29.3238,29.5631,28.5747,28.8868,2522020
2011-12-14,28.6423,28.8036,28.4395,28.6631,2133707
2011-12-15,29.0689,29.1729,28.71,29.1105,2606008
2011-12-16,29.3446,29.8648,29.0533,29.2042,4124650
2011-12-19,29.303,29.5215,28.6163,28.6996,1491193
2011-12-20,29.3342,30.2289,29.3082,30.1197,1676324
2011-12-21,30.1145,30.3954,29.433,29.9012,2751607
2011-12-22,30.0885,30.1873,29.8492,29.9584,1850864
2011-12-23,30.1561,30.5723,30.0937,30.5567,1251313
2011-12-27,30.3746,30.8324,30.3694,30.6503,1265784
2011-12-28,30.5307,30.6919,29.9428,29.9688,1205515
2011-12-29,30.1249,30.4787,30.0625,30.3902,1521477
2011-12-30,30.4318,30.6399,30.1977,30.1977,1026948
2012-01-03,30.9884,31.1445,30.7127,30.7387,2064041
2012-01-04,30.5151,30.6191,29.948,30.2602,3014013
2012-01-05,29.8752,30.5619,29.5527,30.5255,2120132
2012-01-06,30.4214,30.4631,29.922,29.9949,2021972
2012-01-09,30.1405,30.1405,29.7556,29.8908,2068516
2012-01-10,30.3174,30.8324,30.2394,30.7856,2993724
2012-01-11,30.6503,30.9312,30.5723,30.7179,1567125
2012-01-12,30.8116,31.2641,30.6503,31.1705,2270206
2012-01-13,30.8688,31.3786,30.5463,31.3266,1765981
2012-01-17,31.7323,31.878,31.311,31.3422,1508796
2012-01-18,31.363,31.8156,31.1549,31.5243,2234254
2012-01-19,31.6699,31.7531,31.4098,31.6543,1796712
2012-01-20,31.5711,31.5711,30.6295,30.8636,3139025
2012-01-23,30.77,31.2329,30.6659,31.1705,1986318
2012-01-24,30.848,31.8364,30.7492,31.4566,2652104
2012-01-25,32.1017,32.2525,31.1913,31.6595,2874530
2012-01-26,32.4554,32.882,32.3514,32.7363,3348024
2012-01-27,32.6375,33.2669,32.5282,33.1317,2500389
2012-01-30,32.9236,33.0068,32.4918,32.8976,1459866
2012-01-31,33.1213,33.2825,32.6895,32.986,2558718
2012-02-01,33.397,33.7143,33.0589,33.5166,2188158
2012-02-02,33.5947,33.6831,33.4386,33.5634,1260563
2012-02-03,33.9016,34.2865,33.9016,34.1409,1735399
2012-02-06,33.8808,34.0264,33.7455,33.8444,1265038
2012-02-07,33.6571,33.8131,33.4126,33.7559,1036943
2012-02-08,33.86,34.0004,33.6467,33.9068,1307852
2012-02-09,34.016,34.068,33.7767,34.0108,1082890
2012-02-10,33.5946,33.6207,33.2513,33.5582,751116
2012-02-13,33.9068,34.3541,33.7559,34.3541,1560711
2012-02-14,34.3177,34.401,34.0472,34.3333,1411084
2012-02-15,34.5934,34.609,33.9484,34.1409,1759566
2012-02-16,34.2293,34.7547,34.068,34.6507,1465087
2012-02-17,34.864,34.9576,34.1461,34.3802,1325455
2012-02-21,34.531,34.7183,34.1565,34.6038,1629930
2012-02-22,34.1825,34.7079,34.1825,34.2397,1191642
2012-02-23,34.1201,34.1617,33.7819,34.1149,1151513
2012-02-24,34.1877,34.4946,34.042,34.1617,1244302
2012-02-27,33.9343,34.227,33.6364,33.9813,1706309
2012-02-28,34.0388,34.0702,33.5266,33.7723,1598602
2012-02-29,33.7879,33.8925,33.2966,33.4639,1528040
2012-03-01,33.5423,33.9238,33.2914,33.4795,1600989
2012-03-02,33.3384,33.3645,32.983,33.0771,1722421
2012-03-05,33.0457,33.2339,32.6693,33.1607,2176223
2012-03-06,32.7216,32.7216,31.7128,31.7546,2607500
2012-03-07,31.7023,32.1989,31.7023,32.0891,3781986
2012-03-08,32.3034,32.7059,32.1989,32.5857,1685275
2012-03-09,32.6484,33.1398,32.5805,33.0039,2535745
2012-03-12,32.9307,33.1084,32.8262,32.9778,1572197
2012-03-13,33.2077,33.767,33.2077,33.7618,1446440
2012-03-14,33.6677,33.7409,33.2757,33.4168,1533709
2012-03-15,33.4848,33.5945,33.1816,33.5423,1403327
2012-03-16,33.6154,33.6625,33.4639,33.5266,1648428
2012-03-19,33.4952,33.7409,33.3384,33.5632,1359021
2012-03-20,33.2809,33.4168,32.9934,33.0509,2039575
2012-03-21,33.0196,33.0196,32.4759,32.7321,2003922
2012-03-22,32.3975,32.4498,31.7703,32.2146,1834902
2012-03-23,32.2512,32.7059,32.2198,32.685,3394419
2012-03-26,33.0614,33.1764,32.9307,33.1555,2254244
2012-03-27,33.2548,33.2704,32.8261,32.9202,2555287
2012-03-28,33.0039,33.145,32.0944,32.1832,3581340
2012-03-29,31.9794,32.57,31.8905,32.523,3056081
2012-03-30,32.685,32.9307,32.5648,32.8993,3011327
2012-04-02,32.8314,33.6416,32.6484,33.4743,2238431
2012-04-03,33.4691,33.5423,32.9202,33.1346,1899645
2012-04-04,32.7112,32.9934,32.6955,32.9359,1736145
2012-04-05,32.7687,32.7687,32.0369,32.0891,5471438
2012-04-09,31.556,31.9323,31.5246,31.786,2118789
2012-04-10,31.6448,31.8016,31.211,31.326,3766173
2012-04-11,31.7285,31.7703,31.3626,31.441,2014513
2012-04-12,31.488,31.8853,31.488,31.8121,2999691
2012-04-13,32.246,32.3087,31.7651,31.8435,4008291
2012-04-16,32.0421,32.1937,31.7546,31.8853,2533209
2012-04-17,32.408,32.8314,32.0944,32.6328,3848072
2012-04-18,32.7216,32.983,31.7441,31.9062,3878803
2012-04-19,31.9271,31.9637,31.0646,31.2998,2685222
2012-04-20,31.4201,31.65,31.2371,31.4253,2681493
2012-04-23,30.9705,31.556,30.8608,31.5246,2765629
2012-04-24,31.6291,31.9689,31.5664,31.8173,2401931
2012-04-25,32.2982,32.408,32.0003,32.1519,2031520
2012-04-26,32.0996,32.6955,31.8226,32.57,1815956
2012-04-27,32.6328,33.2861,32.6066,33.1921,2715207
2012-04-30,33.0823,33.145,32.5073,32.753,1746588
2012-05-01,32.6903,33.0614,32.34,32.7843,1938134
2012-05-02,32.6903,32.7687,32.3662,32.4969,2519633
2012-05-03,32.4759,32.5648,31.8278,32.0316,1758373
2012-05-04,31.9323,31.9323,31.1169,31.3783,1746140
2012-05-07,31.2842,31.3678,30.8137,30.8451,2868414
2012-05-08,30.5994,30.751,30.2492,30.6935,4402421
2012-05-09,30.3067,30.8869,30.1812,30.4687,4250856
2012-05-10,30.7719,31.3155,30.7405,30.7928,2477714
2012-05-11,30.5837,31.1012,30.5628,30.7353,2135945
2012-05-14,30.291,30.7458,30.0349,30.4949,1790148
2012-05-15,30.4635,30.4635,29.8572,29.9251,2574830
2012-05-16,30.0872,30.1342,29.6638,29.7422,1764042
2012-05-17,29.7369,29.7683,28.7908,28.7908,2481742
2012-05-18,29.0261,29.2665,28.6811,28.7856,1977218
2012-05-21,28.9267,29.9303,28.9267,29.8885,2809936
2012-05-22,29.9408,30.0296,29.4965,29.6847,2257526
2012-05-23,29.3867,30.2387,29.1933,30.2022,1967522
2012-05-24,30.406,30.4478,29.9356,30.4478,1804768
2012-05-25,30.4635,30.6569,30.0767,30.2022,1409145
2012-05-29,30.3782,30.9984,30.2994,30.7724,1914563
2012-05-30,30.3887,30.436,30.0208,30.2889,1916801
2012-05-31,30.2153,30.2521,29.0275,29.7265,3831961
2012-06-01,28.8646,29.0695,28.5965,28.7384,4326489
2012-06-04,28.6754,28.8225,27.929,28.1655,3761101
2012-06-05,28.0289,28.6911,27.9133,28.6228,2506356
2012-06-06,28.9224,29.3218,28.8435,29.2955,1892634
2012-06-07,29.7423,30.168,29.5058,29.6582,3484821
2012-06-08,29.6109,29.8737,29.4059,29.7896,1572347
2012-06-11,30.1785,30.1785,29.2114,29.264,1558175
2012-06-12,29.3744,29.5899,28.9171,29.5846,1561307
2012-06-13,29.4374,29.5163,28.9487,29.059,1647682
2012-06-14,29.0485,29.1116,28.6123,28.9066,2604367
2012-06-15,29.0433,29.1904,28.8961,29.0695,3036837
2012-06-18,28.9013,29.306,28.6123,29.2587,1314565
2012-06-19,29.3376,29.7212,29.3376,29.5005,1484331
2012-06-20,29.5373,29.737,29.222,29.49,2191141
2012-06-21,29.4217,29.6214,28.5335,28.6018,1862798
2012-06-22,28.7332,28.7752,28.0657,28.155,5919124
2012-06-25,27.7924,27.8555,27.3719,27.4981,2449519
2012-06-26,27.5243,27.5243,26.9357,27.2563,2701632
2012-06-27,27.2878,27.4402,26.9147,27.2458,3021621
2012-06-28,26.9883,27.2773,26.7412,27.1039,2934202
2012-06-29,27.7451,28.1813,27.7451,28.1761,2919881
2012-07-02,28.3337,28.3968,27.7661,27.9501,1980650
2012-07-03,27.9343,28.5019,27.8502,28.5019,1187614
2012-07-05,28.4178,28.6386,28.2286,28.3968,1196863
2012-07-06,28.0762,28.092,27.456,27.5611,1693480
2012-07-09,27.2931,27.5664,27.0093,27.5296,2876768
2012-07-10,27.6084,27.8187,27.0251,27.2195,2955684
2012-07-11,27.2195,27.2353,26.5678,26.8359,3393971
2012-07-12,26.6729,27.0618,26.4785,26.9357,2791437
2012-07-13,27.025,27.7241,26.9725,27.6662,2318838
2012-07-16,27.5138,27.5559,26.8726,26.9094,2160709
2012-07-17,27.0303,27.2458,26.6887,27.1091,3864482
2012-07-18,26.9462,28.2444,26.4206,27.6084,3752896
2012-07-19,27.8607,28.544,27.7556,28.3653,4796403
2012-07-20,28.1235,28.2759,27.8555,28.0762,2691040
2012-07-23,27.4613,27.703,27.0724,27.4508,2237685
2012-07-24,27.4613,27.4876,26.6098,26.8043,2910930
2012-07-25,26.8989,26.9725,26.5258,26.7728,2942556
2012-07-26,27.2143,27.6925,27.0671,27.3667,2367023
2012-07-27,27.5927,28.6543,27.5454,28.4651,2579902
2012-07-30,28.4862,28.9276,28.4178,28.5545,2380300
2012-07-31,28.4914,28.9434,28.4021,28.6281,2884078
2012-08-01,28.7805,28.9539,28.339,28.3548,1694226
2012-08-02,28.1656,28.4441,27.64,28.155,1856383
2012-08-03,28.6806,28.8541,28.4283,28.6754,1375132
2012-08-06,28.8593,29.2009,28.8015,28.9329,1757478
2012-08-07,29.1379,29.6214,29.0958,29.4322,2086716
2012-08-08,29.4374,29.7318,29.243,29.7107,1450020
2012-08-09,29.7213,29.921,29.6424,29.8159,2131022
2012-08-10,29.695,30.21,29.695,30.147,1764788
2012-08-13,30.0156,30.1154,29.6582,29.9578,1502978
2012-08-14,30.1522,30.2416,29.8159,29.9525,1562202
2012-08-15,29.8316,30.0261,29.7738,29.9735,1946189
2012-08-16,30.0051,30.6831,29.8474,30.5832,1498354
2012-08-17,30.5884,30.7146,30.5044,30.6463,1440025
2012-08-20,30.5254,30.6095,30.2258,30.3782,1429135
2012-08-21,30.4886,30.6673,30.1312,30.2048,2639722
2012-08-22,30.0629,30.3362,29.9472,30.2258,2199495
2012-08-23,30.1259,30.4886,29.9945,30.3624,1864439
2012-08-24,30.2573,30.5779,30.0471,30.394,1438981
2012-08-27,30.4465,30.5937,30.2941,30.3572,1453153
2012-08-28,30.2205,30.4518,30.1522,30.3572,1835946
2012-08-29,30.5211,30.6427,30.2514,30.4312,1446141
2012-08-30,30.151,30.4101,30.1404,30.3255,1796712
2012-08-31,30.5528,30.6956,30.2937,30.5687,1843852
2012-09-04,30.5,30.7538,30.262,30.574,1783882
2012-09-05,30.611,30.6586,29.9976,30.1193,3782881
2012-09-06,30.3678,30.5687,30.1193,30.5105,3169755
2012-09-07,30.6639,31.3037,30.6639,31.0869,1708398
2012-09-10,31.42,31.42,31.0552,31.0922,1877865
2012-09-11,31.1715,31.3513,31.0658,31.2032,1386320
2012-09-12,31.346,31.383,30.997,31.0446,2443254
2012-09-13,31.198,31.7743,30.8278,31.6157,1952306
2012-09-14,31.5998,32.5939,31.5998,32.5939,3189298
2012-09-17,32.4723,32.4723,31.7849,31.9382,2335696
2012-09-18,31.6739,32.0493,31.5099,32.044,2501433
2012-09-19,32.1603,32.4459,31.8959,32.0334,2923908
2012-09-20,31.8801,32.2978,31.6051,32.2714,2243354
2012-09-21,32.4247,32.5093,32.0969,32.2767,2566326
2012-09-24,31.8113,31.8642,31.5417,31.7902,2629131
2012-09-25,31.8325,31.8325,31.2402,31.2614,2541712
2012-09-26,31.2878,31.3354,30.7326,31.1292,2169958
2012-09-27,31.309,31.7109,31.1186,31.5681,1908745
2012-09-28,31.3724,31.6421,31.0182,31.4571,2513069
2012-10-01,31.4782,31.8959,31.2826,31.4888,1853847
2012-10-02,31.6051,31.6368,30.7538,30.9177,3276866
2012-10-03,30.96,31.0393,30.6374,30.8754,2163991
2012-10-04,31.1133,31.3989,30.9071,31.309,2503671
2012-10-05,31.5099,31.658,30.9494,31.1081,1976473
2012-10-08,30.2356,31.1504,30.2356,30.6533,2982685
2012-10-09,30.6427,30.7485,29.7227,29.8178,7423893
2012-10-10,29.6539,29.802,29.03,29.1992,5684317
2012-10-11,29.5059,29.6909,29.2045,29.215,2137437
2012-10-12,29.104,29.4794,29.0405,29.2573,2003176
2012-10-15,29.2891,29.7121,29.2097,29.6698,2875724
2012-10-16,29.4424,30.3096,29.4424,30.2356,2494124
2012-10-17,29.7121,30.8648,29.4318,29.6169,5474720
2012-10-18,30.1298,30.7115,29.453,30.6375,4126888
2012-10-19,30.3519,30.7538,29.9765,30.7115,4569800
2012-10-22,30.5528,30.9494,30.188,30.4735,2223215
2012-10-23,29.9871,30.3308,29.7914,30.225,2123414
2012-10-24,30.4259,30.5951,30.1563,30.4154,2810234
2012-10-25,30.5846,30.7908,30.4048,30.7696,2080450
2012-10-26,30.7379,30.7696,30.2779,30.5475,1563545
2012-10-31,30.611,31.2456,30.5846,30.7855,1640074
2012-11-01,30.8331,31.4888,30.7961,31.4888,1569512
2012-11-02,31.769,31.769,30.9547,30.9759,1767324
2012-11-05,31.8008,32.4565,31.5417,32.1603,2956429
2012-11-06,32.5252,32.9059,32.3454,32.5992,2593477
2012-11-07,32.1815,32.356,31.3936,31.8113,2573039
2012-11-08,31.7638,31.8536,31.4359,31.5205,1723913
2012-11-09,31.5152,32.6838,31.2931,31.97,3381142
2012-11-12,31.9065,32.0969,31.7532,31.9541,1900690
2012-11-13,31.8642,32.7737,31.5998,32.1233,3449764
2012-11-14,32.2767,32.7314,31.9806,32.044,4479547
2012-11-15,31.9911,32.3348,31.806,32.0969,2603024
2012-11-16,32.1762,32.6204,31.8748,32.5569,2995663
2012-11-19,32.668,33.3289,32.668,33.3025,2439077
2012-11-20,33.3025,33.5246,33.1174,33.3765,1466430
2012-11-21,33.4135,33.5669,33.2972,33.3765,899251
2012-11-23,33.5352,33.789,33.3924,33.7784,412182
2012-11-26,33.6409,33.826,33.4611,33.6726,1193730
2012-11-27,33.6145,33.8207,33.1174,33.1491,2340619
2012-11-28,33.1332,33.8085,33.1332,33.6543,1580552
2012-11-29,33.766,34.101,33.4735,34.0372,1738681
2012-11-30,34.0478,34.1435,33.7394,33.8138,3270600
2012-12-03,34.0744,34.1648,33.5267,33.532,1181199
2012-12-04,33.4576,33.8032,33.4576,33.7075,1151214
2012-12-05,33.6809,33.9734,33.3512,33.766,1320383
2012-12-06,33.6224,33.8191,33.5054,33.7288,1110488
2012-12-07,33.9255,33.9255,33.6809,33.8883,1268171
2012-12-10,33.8564,34.202,33.4895,33.9202,4217290
2012-12-11,34.2871,34.5902,33.8404,33.9734,2375377
2012-12-12,34.1382,34.4253,33.8085,34.1222,2503820
2012-12-13,34.0691,34.3403,33.9946,34.0797,1969461
2012-12-14,34.0265,34.2286,33.9149,33.9521,2134453
2012-12-17,33.984,34.3403,33.9308,34.1648,2574830
2012-12-18,34.1595,34.7763,33.9787,34.7444,2144299
2012-12-19,34.8561,34.8933,34.5157,34.521,1539527
2012-12-20,34.5636,34.6115,34.2552,34.4041,1925006
2012-12-21,33.9468,34.3722,33.9202,34.319,3069955
2012-12-24,34.1382,34.6487,34.1382,34.4945,790052
2012-12-26,34.4945,34.6965,34.3403,34.5583,1503873
2012-12-27,34.5796,34.6753,34.2552,34.6381,1558175
2012-12-28,34.3881,34.6859,34.3456,34.4466,1319041
2012-12-31,34.2977,34.989,34.1861,34.9411,1092139
2013-01-02,35.6111,35.8557,35.5101,35.7547,2029431
2013-01-03,35.7707,36.1163,35.5846,35.6962,1274735
2013-01-04,35.8451,35.9993,35.6696,35.7866,1123169
2013-01-07,35.6271,35.7653,35.4569,35.5526,943408
2013-01-08,35.8876,36.0365,35.4197,35.4888,2040769
2013-01-09,35.558,35.8185,35.2655,35.7494,1621427
2013-01-10,35.9834,36.0365,35.6377,35.8451,1571302
2013-01-11,35.7707,35.8345,35.6218,35.6643,1024561
2013-01-14,35.5686,35.6909,35.2442,35.4144,1793281
2013-01-15,35.2283,35.6165,35.223,35.4197,1912624
2013-01-16,35.3772,35.6111,35.2176,35.5686,1224014
2013-01-17,35.7281,36.446,35.7281,36.2865,1701536
2013-01-18,36.3928,36.4513,35.6909,36.1748,2779056
2013-01-22,36.2014,36.3715,35.978,36.2865,1539676
2013-01-23,36.1854,36.4034,36.0206,36.2439,1635300
2013-01-24,36.2652,36.2865,34.7763,35.659,3913114
2013-01-25,35.776,35.9196,35.3772,35.5101,2703123
2013-01-28,35.6165,36.0046,35.5527,35.9142,2417744
2013-01-29,35.9461,37.0681,35.9195,37.0362,2412075
2013-01-30,37.0628,37.0734,36.6853,36.7597,1732565
2013-01-31,36.7491,36.9033,36.4354,36.7863,2556481
2013-02-01,37.0203,37.5042,36.7491,37.4031,2070605
2013-02-04,36.9937,37.3659,36.9937,37.1904,2338232
2013-02-05,37.3287,37.7435,37.2277,37.6531,1867721
2013-02-06,37.451,37.9562,37.451,37.9189,1865931
2013-02-07,38.0412,38.1635,37.5254,37.7009,1929780
2013-02-08,37.7009,37.9402,37.6318,37.8232,1374386
2013-02-11,37.8073,38.0519,37.7594,37.786,1610387
2013-02-12,37.8392,38.1263,37.7754,37.9987,1673639
2013-02-13,37.9987,38.1954,37.8764,38.0784,1411681
2013-02-14,38.0093,38.2273,37.9083,38.2114,1565186
2013-02-15,38.238,38.7219,38.2167,38.5836,2304517
2013-02-19,38.7112,38.9505,38.4613,38.7431,1613073
2013-02-20,38.8016,38.8867,38.3709,38.4028,2631965
2013-02-21,38.2061,38.3071,37.9136,38.0838,2323165
2013-02-22,38.2486,39.0569,38.2327,38.8814,3708739
2013-02-25,39.0462,39.1579,37.9561,37.9668,2748772
2013-02-26,38.2126,38.8057,38.0095,38.608,1927542
2013-02-27,38.6668,39.463,38.4958,39.3401,1562650
2013-02-28,39.3134,39.5378,39.0996,39.1958,1897259
2013-03-01,38.95,39.2332,38.437,38.9874,1999894
2013-03-04,38.8218,38.8699,38.2447,38.6721,2270504
2013-03-05,38.8805,39.4363,38.8805,39.2599,1179111
2013-03-06,39.3775,39.3935,39.0729,39.1584,1011583
2013-03-07,39.2172,39.3722,38.9874,39.0622,1342462
2013-03-08,39.3294,39.447,39.0889,39.4096,1070658
2013-03-11,39.3882,39.5378,39.2386,39.4844,1024114
2013-03-12,39.4149,39.4149,38.918,39.121,1002185
2013-03-13,39.1638,39.4202,38.95,39.3828,1686618
2013-03-14,39.4897,39.8745,39.3882,39.821,1377817
2013-03-15,39.6768,39.8478,39.4577,39.5859,1838184
2013-03-18,39.1745,39.7836,39.121,39.4844,870459
2013-03-19,39.5378,39.7035,39.0355,39.3187,1284431
2013-03-20,39.4791,39.5485,39.0088,39.2119,2094175
2013-03-21,39.4042,39.4683,38.5492,38.6615,2517843
2013-03-22,38.6882,38.934,38.4744,38.8966,2238878
2013-03-25,39.0569,39.2012,38.2821,38.592,2245890
2013-03-26,38.8592,38.9981,38.6989,38.8805,1528637
2013-03-27,38.6668,38.6828,38.2821,38.6561,1490149
2013-03-28,38.6561,38.9874,38.5385,38.9447,2285124
2013-04-01,38.8805,38.9928,38.2179,38.3515,1101687
2013-04-02,38.4958,38.6454,37.908,38.0309,1050071
2013-04-03,37.9775,38.3515,37.5767,37.8973,2015408
2013-04-04,38.0202,38.5332,37.9882,38.4317,2222320
2013-04-05,37.908,38.4798,37.737,38.3408,1620979
2013-04-08,38.608,39.0622,38.608,38.9767,2400738
2013-04-09,38.9928,39.2012,38.6508,39.0248,1516255
2013-04-10,39.0729,39.7623,39.0355,39.7623,1617250
2013-04-11,39.7462,39.9493,39.4897,39.9172,2027641
2013-04-12,39.7569,39.8851,39.0355,39.2279,1289652
2013-04-15,38.966,39.0462,37.6355,37.6568,1787910
2013-04-16,38.0363,38.5973,37.6569,38.592,3207349
2013-04-17,38.437,38.9073,37.0263,37.3576,3255235
2013-04-18,37.4538,37.5607,36.4492,36.6522,2424755
2013-04-19,36.6469,36.8553,36.3583,36.4171,2124309
2013-04-22,36.4331,36.5026,36.043,36.337,3164832
2013-04-23,36.5881,36.9248,36.3957,36.9248,2396561
2013-04-24,37.0584,37.5393,36.8446,37.4431,1651859
2013-04-25,37.379,37.7584,37.3095,37.3736,1472248
2013-04-26,37.395,37.395,36.6896,36.9248,901340
2013-04-29,37.1118,37.3576,36.7217,37.2454,1533262
2013-04-30,37.2454,37.2561,36.7164,36.8606,2451011
2013-05-01,36.7484,36.8393,36.3263,36.353,2090147
2013-05-02,36.5454,37.1011,36.4011,37.0477,1685275
2013-05-03,37.3149,38.3622,37.3149,38.0256,1424361
2013-05-06,37.9508,38.7737,37.8332,38.4638,1582192
2013-05-07,38.4584,38.7149,38.2981,38.5813,1251612
2013-05-08,38.576,39.0141,38.3782,39.0141,1034706
2013-05-09,38.9821,39.3401,38.9073,39.137,960862
2013-05-10,39.3027,39.5966,39.1691,39.5432,932369
2013-05-13,39.4096,39.7623,39.2332,39.5378,1403476
2013-05-14,39.5432,40.3607,39.5111,40.3073,1619338
2013-05-15,40.1523,40.7241,40.0936,40.6119,946839
2013-05-16,40.3982,40.7081,40.318,40.489,1119439
2013-05-17,40.5745,41.2585,40.5745,41.2585,1110787
2013-05-20,41.1035,41.6806,41.0447,41.5845,1334406
2013-05-21,41.6806,41.8837,41.4669,41.6112,1443008
2013-05-22,41.6165,41.8623,40.6226,40.831,1291890
2013-05-23,42.0867,42.9417,41.9478,42.5036,4776264
2013-05-24,42.4875,42.4875,41.7768,42.3165,2704168
2013-05-28,42.8616,42.9898,42.1883,42.3165,1778363
2013-05-29,41.8925,42.2736,41.7529,41.8388,2206507
2013-05-30,41.9784,42.3648,41.8388,42.1716,1341268
2013-05-31,41.9677,42.8908,41.8442,41.9999,2050615
2013-06-03,42.0696,42.4561,41.5651,42.4185,2095517
2013-06-04,42.3219,42.8211,42.1018,42.5151,2277217
2013-06-05,42.4936,42.7513,41.5812,41.6456,1885623
2013-06-06,41.6778,42.4239,41.3289,42.4239,1561158
2013-06-07,42.8479,42.9338,42.3702,42.6815,1770904
2013-06-10,42.7889,42.8103,42.1179,42.2897,1372894
2013-06-11,41.8281,42.3702,41.6832,41.9999,1530427
2013-06-12,42.3058,42.3273,41.4148,41.4899,1056784
2013-06-13,41.4685,42.3541,41.3772,42.1931,1119887
2013-06-14,42.2038,42.6439,42.0267,42.1877,976973
2013-06-17,42.601,42.7137,42.2843,42.4776,851066
2013-06-18,42.6225,43.3417,42.5098,43.2719,1357231
2013-06-19,43.3041,43.331,42.6117,42.6117,1041419
2013-06-20,42.1394,42.2092,41.2806,41.3611,1896065
2013-06-21,41.6027,41.7637,40.8244,41.5275,2330325
2013-06-24,41.125,41.2216,40.5668,40.701,1689900
2013-06-25,41.1464,41.4255,41.0069,41.1679,2126397
2013-06-26,41.4899,41.9032,41.1786,41.6778,1968417
2013-06-27,41.973,42.0589,41.7261,41.8871,1465236
2013-06-28,41.812,42.1555,41.6563,41.6832,3495562
2013-07-01,42.1287,42.236,41.7261,41.7798,1811033
2013-07-02,41.7315,41.9515,41.0606,41.2001,2063891
2013-07-03,40.9586,41.1894,40.7707,41.1035,1479110
2013-07-05,41.4685,41.8925,41.3611,41.8657,1142114
2013-07-08,42.1609,42.2843,41.871,42.1018,1750765
2013-07-09,42.4829,43.1163,42.44,42.6869,1563545
2013-07-10,42.6171,42.8479,42.5473,42.6869,1136446
2013-07-11,43.449,43.6852,43.3149,43.653,985476
2013-07-12,43.5886,43.6047,43.3095,43.4759,1140473
2013-07-15,43.4759,43.5457,43.2827,43.3202,1108698
2013-07-16,43.5349,43.9053,42.9928,43.0304,1435848
2013-07-17,43.1807,43.3417,42.8586,43.1592,1578015
2013-07-18,44.34,45.1076,43.6691,44.8875,2485322
2013-07-19,44.9251,45.9717,44.8231,45.7892,2601234
2013-07-22,45.6228,46.0469,45.5906,45.7677,2615406
2013-07-23,45.8966,46.4709,45.7194,46.3743,1943952
2013-07-24,46.4977,46.7232,45.655,45.7409,1382293
2013-07-25,45.537,46.0093,45.2203,45.859,1225505
2013-07-26,45.6336,45.7248,45.0432,45.4457,1358126
2013-07-29,45.4618,46.1489,45.4565,45.6551,1524162
2013-07-30,45.8805,45.9503,45.4618,45.5531,1173144
2013-07-31,45.5692,46.3582,45.5692,45.9664,1253849
2013-08-01,46.4226,47.1955,46.3474,47.0452,1308449
2013-08-02,46.6534,46.7554,46.3797,46.7017,1171055
2013-08-05,46.5728,46.9861,46.4226,46.8305,672051
2013-08-06,46.6588,46.6963,46.1005,46.5031,1288310
2013-08-07,46.4923,46.8842,46.3421,46.809,1159718
2013-08-08,46.9486,47.2867,46.8305,47.1257,930429
2013-08-09,46.9217,47.3994,46.8681,47.1901,1461805
2013-08-12,46.9915,47.4961,46.8466,47.378,935054
2013-08-13,47.378,47.5712,47.2008,47.5605,1026053
2013-08-14,47.4907,47.6088,47.2545,47.5283,1107654
2013-08-15,46.9862,47.0184,46.589,46.7554,1354993
2013-08-16,46.7929,47.2331,46.6265,46.7768,1079161
2013-08-19,46.7822,46.9808,46.4924,46.5085,710838
2013-08-20,46.5782,46.8842,46.3474,46.6051,813026
2013-08-21,46.4816,46.5407,46.063,46.1435,988609
2013-08-22,46.326,46.8466,46.2401,46.4977,1097510
2013-08-23,46.6534,46.8412,46.2562,46.7446,931772
2013-08-26,46.954,47.1257,46.7339,46.7446,799898
2013-08-27,46.1972,46.3206,45.7034,45.757,1119141
2013-08-28,45.819,46.3096,45.7705,46.1533,849127
2013-08-29,46.0293,46.6385,46.0239,46.3204,651316
2013-08-30,46.5091,46.563,45.7166,45.8514,684433
2013-09-03,46.2719,46.8272,45.7921,46.1694,769167
2013-09-04,46.1209,46.8757,46.0724,46.8379,690997
2013-09-05,46.7733,47.2585,46.6223,47.1776,741420
2013-09-06,47.3609,47.6358,46.3743,47.2261,1207604
2013-09-09,47.3501,47.6358,47.2477,47.5226,1276525
2013-09-10,47.873,48.3259,47.8083,48.272,981299
2013-09-11,48.2774,48.3205,47.9269,48.2181,808849
2013-09-12,48.2181,48.4014,47.8407,47.9755,1048579
2013-09-13,47.9809,48.1156,47.7275,47.9755,780505
2013-09-16,48.7949,48.8434,48.466,48.4876,1097062
2013-09-17,48.4984,48.6601,48.1911,48.3421,898207
2013-09-18,48.369,49.1076,48.3151,49.0105,1369165
2013-09-19,49.2208,49.8893,49.1615,49.8462,1292934
2013-09-20,49.7384,50.0672,48.865,48.8704,1917845
2013-09-23,48.7626,49.0752,48.4822,49.0105,809445
2013-09-24,48.9566,49.3718,48.9135,48.9998,1144650
2013-09-25,48.9998,49.1992,48.5415,48.6332,1487911
2013-09-26,48.7841,49.1292,48.3744,48.5254,1067823
2013-09-27,48.2019,48.4714,48.1588,48.1749,1095720
2013-09-30,47.6897,48.4661,47.6035,48.4283,1094825
2013-10-01,48.4175,49.0806,48.2288,48.8758,1472695
2013-10-02,48.6278,48.7194,47.9701,48.6332,936844
2013-10-03,48.369,48.5739,47.5118,47.7005,1030827
2013-10-04,47.6628,48.0348,47.5334,47.9647,907605
2013-10-07,47.5819,48.1372,47.4903,47.7167,1144949
2013-10-08,47.7329,48.1264,47.1453,47.1722,1165536
2013-10-09,47.2153,47.2207,46.4983,46.8272,1133015
2013-10-10,47.3932,48.0617,47.2099,48.0563,1159270
2013-10-11,47.8622,48.741,47.7922,48.7087,1139429
2013-10-14,48.3582,48.9566,48.1642,48.9405,1472546
2013-10-15,48.8435,49.0052,47.9809,48.245,1791043
2013-10-16,48.52,48.52,47.4148,47.6143,2366725
2013-10-17,46.9566,47.2153,45.8783,47.1183,4765971
2013-10-18,47.4795,48.148,47.2638,47.9431,2805311
2013-10-21,48.1318,48.5847,48.0294,48.2019,1383337
2013-10-22,48.3906,48.8812,48.2666,48.741,1227743
2013-10-23,48.6548,48.7464,48.1642,48.7248,1180304
2013-10-24,48.8866,49.609,48.768,49.4634,1575181
2013-10-25,49.5335,49.6413,48.9027,49.0321,1714216
2013-10-28,48.9297,49.2909,48.8488,49.2532,1217002
2013-10-29,49.3556,49.6683,49.113,49.6359,949674
2013-10-30,49.7977,49.9486,49.3394,49.5119,1066630
2013-10-31,49.4742,49.8031,49.0914,49.485,1287862
2013-11-01,49.5173,49.8246,48.9566,49.1992,1595917
2013-11-04,49.2532,49.3879,49.0159,49.3502,1186271
2013-11-05,49.2316,49.334,48.7787,49.237,1010240
2013-11-06,49.4526,49.4958,49.0267,49.2639,694727
2013-11-07,49.3286,49.485,48.5415,48.617,1152259
2013-11-08,48.6278,49.7545,48.5577,49.7276,1103179
2013-11-11,49.7437,49.9432,49.4526,49.5497,975183
2013-11-12,49.485,49.582,49.1939,49.5335,1065138
2013-11-13,49.1453,50.1265,49.1453,50.0996,1736444
2013-11-14,50.2343,50.5201,49.9756,50.4608,822722
2013-11-15,50.5848,50.6171,50.2182,50.299,978763
2013-11-18,50.3206,50.6117,49.857,50.0564,622226
2013-11-19,49.9917,50.0133,49.2909,49.4634,782742
2013-11-20,49.485,49.5874,48.8812,49.0213,612977
2013-11-21,49.237,50.0942,49.0968,50.0133,1295470
2013-11-22,49.9162,50.3853,49.6036,50.3583,703230
2013-11-25,50.3961,50.6171,49.5227,49.5389,1076326
2013-11-26,49.6553,49.9638,49.4496,49.4875,1244750
2013-11-27,49.704,49.7744,48.9949,49.0598,1498354
2013-11-29,49.1031,49.3575,48.9624,49.1194,584931
2013-12-02,47.8581,48.8162,47.8581,48.4698,2652253
2013-12-03,48.2749,48.8974,48.2749,48.4102,2406108
2013-12-04,48.1342,48.5347,47.7552,47.8581,2254990
2013-12-05,47.7823,48.7026,47.7228,48.5672,1712277
2013-12-06,49.1464,49.6174,49.0165,49.612,1082592
2013-12-09,49.6444,49.8285,49.3521,49.4496,1177321
2013-12-10,49.4279,49.5686,49.1356,49.1897,1197609
2013-12-11,49.1627,49.1897,48.3778,48.4319,1059618
2013-12-12,48.4806,48.6917,48.3886,48.5347,1112279
2013-12-13,48.5889,48.8758,48.329,48.4968,926402
2013-12-16,48.7513,49.8123,48.6701,49.6444,1141667
2013-12-17,49.8123,49.8826,49.3305,49.3738,1296962
2013-12-18,49.5362,49.7852,48.5889,49.7527,1572943
2013-12-19,49.6932,50.4672,49.4225,50.4348,1685872
2013-12-20,50.4348,51.2197,50.2616,51.1872,2066875
2013-12-23,51.5066,51.696,51.3171,51.355,1189703
2013-12-24,51.3225,51.8097,51.3171,51.6852,260914
2013-12-26,51.8043,52.2265,51.7881,52.0317,485727
2013-12-27,52.1832,52.2211,51.9126,52.1399,480058
2013-12-30,52.1345,52.2753,52.0317,52.1724,575533
2013-12-31,52.2753,52.508,52.0425,52.259,628939
2014-01-02,52.259,52.3673,51.3875,51.5607,966382
2014-01-03,51.669,51.9017,51.355,51.5445,1120633
2014-01-06,51.8422,51.8639,51.1006,51.2034,1107803
2014-01-07,51.2034,51.5445,51.0627,51.2955,1040971
2014-01-08,51.2955,51.3063,50.8462,50.9923,1476872
2014-01-09,51.1547,51.5391,50.765,50.922,1510587
2014-01-10,50.9436,51.263,50.4889,51.1223,1162850
2014-01-13,50.922,51.5012,50.3157,50.4239,1200891
2014-01-14,50.6621,51.6582,50.4943,51.6527,1725703
2014-01-15,51.7394,52.3294,51.6636,52.1616,1322173
2014-01-16,52.0587,52.2861,51.2359,52.0209,1878313
2014-01-17,51.8747,51.9559,51.3767,51.4849,2093131
2014-01-21,51.9342,52.1724,51.4525,51.9775,1987363
2014-01-22,52.0425,52.0858,51.6906,51.9072,1543108
2014-01-23,51.6906,51.7231,50.7325,50.9274,1395122
2014-01-24,50.0504,50.6567,48.8866,48.8974,1780601
2014-01-27,49.0327,49.2763,48.2154,48.4752,1661257
2014-01-28,48.6755,49.2655,48.6755,48.984,1587414
2014-01-29,48.7188,49.1464,48.302,48.5456,2085821
2014-01-30,47.4629,48.5131,46.4615,48.3236,2170704
2014-01-31,46.9216,47.4738,46.7105,46.8566,2754889
2014-02-03,46.7159,47.0461,44.8267,44.9079,2985519
2014-02-04,44.9404,45.433,44.6427,45.2652,2358520
2014-02-05,45.0216,45.1731,44.215,44.8105,2794123
2014-02-06,44.9674,45.3464,44.6968,44.7347,2324209
2014-02-07,45.0703,46.3965,44.8483,46.2504,2846783
2014-02-10,46.1421,46.2991,45.4655,45.7145,1752257
2014-02-11,45.6982,46.1475,45.5737,45.8823,1923365
2014-02-12,46.0338,46.4723,45.8552,46.2179,2392384
2014-02-13,45.8281,46.2666,45.7415,46.1746,2837534
2014-02-14,46.1313,46.6889,45.9689,46.586,2261255
2014-02-18,46.6672,47.3384,46.5481,47.149,2619136
2014-02-19,47.019,47.3492,46.8079,46.8675,2917643
2014-02-20,46.9487,48.0908,46.8025,47.9501,3373683
2014-02-21,47.9393,48.3074,47.6361,48.1721,2748026
2014-02-24,48.2532,48.6159,48.1504,48.4319,2065532
2014-02-25,48.4481,48.7458,48.4048,48.7188,2880497
2014-02-26,48.8758,49.3034,48.6538,49.2493,2235000
2014-02-27,48.9949,49.6823,48.9949,49.6715,2308694
2014-02-28,49.8339,51.0898,49.7581,51.0465,3394867
2014-03-03,50.8069,52.0723,50.6373,51.5962,3795956
2014-03-04,52.4507,52.6659,51.5375,51.844,2894196
2014-03-05,52.105,52.4246,51.8049,52.0984,1661272
2014-03-06,52.2028,53.2204,52.1898,53.2139,2775596
2014-03-07,53.403,53.9575,53.1486,53.6639,2148425
2014-03-10,53.5139,53.8988,53.1878,53.8205,1580059
2014-03-11,53.9314,54.3749,53.2465,53.4356,1674643
2014-03-12,52.9802,53.4913,52.8623,53.2816,1782596
2014-03-13,53.5765,53.8583,52.5477,52.8623,1976467
2014-03-14,52.7181,53.1965,52.2463,52.2921,1838306
2014-03-17,52.7443,53.8255,52.7443,53.3603,1633789
2014-03-18,53.57,53.9631,53.4323,53.6748,1391760
2014-03-19,53.7338,53.8452,53.013,53.4127,1039177
2014-03-20,53.2554,53.5176,52.7509,53.3865,2113761
2014-03-21,55.1033,55.1033,52.895,52.895,3346066
2014-03-24,53.1768,53.3275,52.705,52.9933,1846106
2014-03-25,53.5175,53.6945,52.7378,53.262,2197821
2014-03-26,53.6814,53.7862,52.9343,52.954,1619675
2014-03-27,52.764,52.9147,52.3839,52.7771,1015779
2014-03-28,51.9645,53.5241,51.9645,53.0719,964278
2014-03-31,53.3799,53.5962,53.203,53.57,1743723
2014-04-01,53.7338,54.2449,53.511,54.2187,989162
2014-04-02,55.6079,55.988,55.0182,55.798,2087392
2014-04-03,55.8307,56.3091,55.5424,55.9552,1712402
2014-04-04,56.2894,56.296,54.684,54.684,2623074
2014-04-07,54.5005,54.7429,53.5176,53.7666,1361057
2014-04-08,53.8845,54.3104,53.3603,53.9894,1302252
2014-04-09,54.0287,54.9002,54.0287,54.8347,1280835
2014-04-10,54.7626,55.0771,53.6683,53.8517,1414167
2014-04-11,53.5896,53.9566,52.8295,52.9343,1447965
2014-04-14,53.511,53.6683,52.9409,53.4455,2005931
2014-04-15,53.6355,53.95,52.9081,53.701,1297919
2014-04-16,54.2711,54.6905,54.199,54.507,2027596
2014-04-17,56.1322,56.5843,53.6093,56.0011,2613418
2014-04-21,55.739,56.4205,55.4506,56.2632,2714439
2014-04-22,56.2305,56.8137,56.0273,56.4467,1579812
2014-04-23,56.2042,56.8988,56.2042,56.5843,1003399
2014-04-24,56.8726,56.8726,56.0142,56.4795,1312899
2014-04-25,56.1715,56.3484,55.5162,55.6341,1480772
2014-04-28,56.1059,56.2698,55.1885,56.0142,1138341
2014-04-29,56.1518,56.4139,55.739,56.1322,635837
2014-04-30,56.1256,56.6171,55.8504,56.6171,1018750
2014-05-01,56.5909,56.735,55.9618,56.3681,888141
2014-05-02,56.3681,56.7154,56.1911,56.2829,920948
2014-05-05,56.0339,56.3549,55.739,56.2632,844440
2014-05-06,56.1387,56.5253,55.798,55.8438,880837
2014-05-07,56.1715,56.368,55.6407,56.3287,990152
2014-05-08,56.2829,57.0365,56.0077,56.2894,651807
2014-05-09,56.1715,56.3156,55.3196,55.87,1122371
2014-05-12,55.9814,57.2658,55.9814,57.161,913520
2014-05-13,57.161,57.1675,56.6367,56.735,994238
2014-05-14,56.7481,56.9382,56.4926,56.604,952765
2014-05-15,56.3418,56.5319,55.6079,56.2042,1044872
2014-05-16,56.1649,56.735,56.0797,56.6236,1302252
2014-05-19,56.355,57.1544,56.2894,56.8137,952765
2014-05-20,56.7153,56.7153,55.4834,55.7455,1013179
2014-05-21,55.9552,56.5253,55.9094,56.4336,670006
2014-05-22,56.3615,56.8595,56.296,56.3615,823022
2014-05-23,56.486,57.0627,56.4401,57.0168,637199
2014-05-27,57.2068,57.7638,57.0889,57.3182,739457
2014-05-28,57.3083,57.7032,57.0977,57.1241,552643
2014-05-29,57.2754,57.4597,56.8279,57.3741,544844
2014-05-30,57.2754,57.4268,56.9859,57.3741,715440
2014-06-02,57.4531,57.802,56.9991,57.6177,480468
2014-06-03,57.4137,57.5058,56.9859,57.1307,714078
2014-06-04,57.032,57.3939,56.9003,57.1307,478858
2014-06-05,57.2228,57.9599,56.9859,57.8743,638560
2014-06-06,57.7493,58.414,57.7427,58.1113,1120761
2014-06-09,58.1047,58.9339,57.8677,58.4864,1200117
2014-06-10,58.3482,58.6114,57.848,58.6048,1318965
2014-06-11,58.3087,58.697,58.1047,58.6114,777835
2014-06-12,58.4995,58.5785,57.9401,58.4469,1583650
2014-06-13,58.4666,58.9602,58.289,58.6707,1009589
2014-06-16,58.4798,58.7562,58.3219,58.6707,997457
2014-06-17,58.5259,59.0655,58.3482,58.8418,769293
2014-06-18,58.8352,59.2695,58.2758,59.1642,811385
2014-06-19,59.1313,59.6446,58.8088,59.5393,849516
2014-06-20,59.6973,59.8289,59.2366,59.6973,1342859
2014-06-23,59.6842,59.7039,59.0655,59.2301,702565
2014-06-24,59.2235,59.5657,58.8286,58.8483,781797
2014-06-25,58.7957,59.2761,58.6377,59.0787,568490
2014-06-26,59.1577,59.3024,58.4008,58.98,574061
2014-06-27,58.8944,59.2169,58.6838,59.1445,710983
2014-06-30,59.2695,60.1316,58.9405,59.8552,1357096
2014-07-01,59.9145,60.4409,59.8355,59.8816,937785
2014-07-02,59.6644,59.8355,59.388,59.6315,702441
2014-07-03,59.8092,60.2238,59.7236,59.9342,628409
2014-07-07,59.8158,59.8881,59.0655,59.2103,990771
2014-07-08,59.2103,59.3419,58.7891,58.9405,799624
2014-07-09,59.2169,59.309,58.7825,58.9536,689071
2014-07-10,58.2955,58.3284,57.7427,58.21,1707326
2014-07-11,58.2824,58.697,57.9533,58.4008,1103553
2014-07-14,59.026,59.026,58.4271,58.539,1043882
2014-07-15,58.539,58.6641,57.8941,57.9928,1596896
2014-07-16,58.2626,58.7759,57.9796,58.5324,1795471
2014-07-17,57.7559,58.2363,56.9267,57.3479,2011255
2014-07-18,57.5716,58.4666,57.3544,58.3877,1443508
2014-07-21,58.3679,59.1182,58.2034,58.9273,1202222
2014-07-22,59.2498,59.592,59.1577,59.2761,1336545
2014-07-23,59.3024,59.467,58.8944,58.9471,772512
2014-07-24,59.1182,59.2827,58.3548,58.4535,1408225
2014-07-25,58.2429,58.5324,58.1178,58.2824,1097735
2014-07-28,58.1178,58.131,57.519,57.9862,1003523
2014-07-29,57.6835,58.2363,57.2097,57.2426,1026426
2014-07-30,57.3676,57.723,56.9135,57.4334,1262884
2014-07-31,56.953,57.5321,56.4331,56.4397,1687765
2014-08-01,55.9921,56.2751,55.4788,55.9526,1292596
2014-08-04,56.2027,56.9135,55.9263,56.7226,1162482
2014-08-05,56.5581,56.6832,55.7618,55.9461,1284920
2014-08-06,55.5183,55.8868,55.288,55.5183,1113829
2014-08-07,55.8934,56.1303,55.3274,55.4459,820423
2014-08-08,55.7486,56.3738,55.3538,56.3278,1199993
2014-08-11,56.7029,56.999,56.4199,56.6371,649455
2014-08-12,56.4133,57.1109,56.4002,56.8016,827603
2014-08-13,56.9332,57.723,56.8477,57.4137,770160
2014-08-14,57.4531,57.8019,57.3544,57.7559,514018
2014-08-15,58.0454,58.1178,57.1241,57.5058,610210
2014-08-18,57.9072,58.5324,57.8283,58.5324,680281
2014-08-19,58.6575,58.9931,58.4601,58.8747,896683
2014-08-20,58.8681,59.6117,58.7759,59.4011,866724
2014-08-21,59.6578,59.6578,58.9076,58.9668,898788
2014-08-22,59.1774,59.1774,58.21,58.493,726211
2014-08-25,58.8549,59.4209,58.618,59.0523,661092
2014-08-26,59.0392,59.2629,58.618,58.6509,366819
2014-08-27,58.5583,58.7831,58.2476,58.5055,804700
2014-08-28,58.3204,58.327,57.8179,58.241,476506
2014-08-29,58.3204,58.446,57.9634,58.089,728811
2014-09-02,58.2807,58.717,58.0692,58.2543,748247
2014-09-03,58.5584,58.5914,58.1815,58.3402,1168796
2014-09-04,58.3468,59.1004,58.1286,58.241,811880
2014-09-05,58.0824,58.3138,57.6857,58.2741,882446
2014-09-08,58.0758,58.2476,57.613,57.732,1023331
2014-09-09,57.6394,57.7717,57.2692,57.3552,1091421
2014-09-10,57.4742,57.6527,57.0511,57.2891,1048957
2014-09-11,57.1436,57.5998,57.104,57.5337,958460
2014-09-12,57.5535,57.5535,56.5884,56.7073,924786
2014-09-15,56.4958,56.6743,56.1124,56.2181,1203831
2014-09-16,56.1719,56.6214,55.7355,56.3702,770531
2014-09-17,56.5883,56.8396,55.9471,56.0066,1113705
2014-09-18,56.1983,56.6082,56.0529,56.4561,660844
2014-09-19,56.8065,56.9387,56.2247,56.4099,1050072
2014-09-22,56.2115,56.3305,55.3191,55.5306,897550
2014-09-23,55.4645,55.4645,54.1754,54.4531,2448393
2014-09-24,54.1027,54.4398,53.5143,54.1688,2163900
2014-09-25,53.8779,53.8911,53.3292,53.3292,1325403
2014-09-26,53.3821,54.0432,53.1904,53.8845,1104420
2014-09-29,53.3491,53.9044,53.1045,53.7589,1141436
2014-09-30,53.7589,53.9572,53.0516,53.1045,1242952
2014-10-01,53.0251,53.2168,52.331,52.5161,2158082
2014-10-02,52.4169,53.0251,52.0533,52.6285,1558642
2014-10-03,52.9722,53.2168,52.721,52.7475,2086401
2014-10-06,52.9656,53.0648,52.1591,52.4566,1453288
2014-10-07,52.3508,52.3508,50.6981,50.7444,2350343
2014-10-08,50.8237,51.855,50.513,51.822,2673213
2014-10-09,51.6435,51.6964,50.2949,50.3213,1559509
2014-10-10,50.3544,50.7576,49.4156,50.0833,1761426
2014-10-13,49.7991,50.1957,47.8092,47.8819,2636940
2014-10-14,48.1728,48.662,47.3002,47.6109,3415023
2014-10-15,47.0357,47.8357,46.2755,47.6373,2771387
2014-10-16,47.6373,48.9331,46.7846,48.5496,3967666
2014-10-17,49.2305,49.7858,48.8603,49.257,3429260
2014-10-20,49.29,49.4487,48.8934,49.3099,1763779
2014-10-21,49.885,50.7312,49.7462,50.6651,1958021
2014-10-22,50.7642,51.3526,50.3676,50.4073,2549537
2014-10-23,51.0485,52.1459,51.0287,51.8021,2233228
2014-10-24,51.7426,52.3442,51.5311,52.2847,1367123
2014-10-27,51.7889,51.8153,50.9229,51.2865,2213915
2014-10-28,51.3195,52.5954,51.3195,52.5624,1611876
2014-10-29,52.6748,52.8797,51.6765,52.2054,1706212
2014-10-30,51.941,52.8268,51.7625,52.5161,1148864
2014-10-31,53.2896,53.3821,52.1988,52.5161,2948668
2014-11-03,52.5888,53.4218,52.3376,52.7409,3030376
2014-11-04,53.1045,53.2301,52.0798,52.2847,11181245
2014-11-05,53.0978,53.8316,52.3244,53.7126,4608455
2014-11-06,53.706,53.9837,53.0978,53.5275,2921804
2014-11-07,53.6466,54.0432,53.3953,53.8978,1659910
2014-11-10,53.9374,54.0366,53.4614,53.8052,1477058
2014-11-11,53.7788,53.8779,53.0119,53.3821,1669319
2014-11-12,53.1375,53.8184,53.0912,53.6069,1330355
2014-11-13,53.6069,53.6333,52.6086,53.0516,2916109
2014-11-14,52.9061,53.3953,52.8863,53.0251,1616333
2014-11-17,53.0582,53.6069,52.8136,53.4614,1448708
2014-11-18,53.3755,53.8052,53.2367,53.3557,1456136
2014-11-19,53.2499,53.4152,52.926,53.3424,996342
2014-11-20,53.1573,54.4134,52.9921,54.1424,1539701
2014-11-21,54.896,55.1935,54.4795,54.6712,2402091
2014-11-24,54.8034,55.1207,54.3936,54.9489,1682071
2014-11-25,55.002,55.5002,54.63,54.9754,2600790
2014-11-26,54.8226,55.0219,53.7665,53.8794,1954554
2014-11-28,52.5242,52.8099,50.6377,51.1426,4225294
2014-12-01,49.7875,50.1395,48.7113,49.8406,4763205
2014-12-02,48.9837,51.2621,48.9837,50.9566,4768157
2014-12-03,51.0761,51.488,50.9632,51.1027,3742598
2014-12-04,50.8768,50.9433,50.2458,50.4451,2343534
2014-12-05,50.1262,50.6377,49.6479,50.2923,2506702
2014-12-08,49.4752,50.6377,48.8508,48.997,2999179
2014-12-09,48.0803,48.9903,47.9939,48.8707,2794661
2014-12-10,48.326,48.3925,46.7849,47.3363,5662117
2014-12-11,47.5621,47.5621,46.5391,46.5989,3479770
2014-12-12,46.1539,46.207,45.0379,45.0512,3810440
2014-12-15,45.4364,45.4697,44.5928,45.0113,4856550
2014-12-16,44.9582,47.5754,44.9582,45.6955,5606531
2014-12-17,45.7885,47.5355,45.5826,47.3429,4512262
2014-12-18,48.2663,48.7379,47.5156,47.9142,4074629
2014-12-19,48.2596,49.0634,48.1268,48.9438,3730465
2014-12-22,48.9305,49.1099,48.4855,49.0302,2149416
2014-12-23,49.1165,49.8672,49.0767,49.4752,1732333
2014-12-24,49.6147,49.7542,49.2095,49.2892,1050691
2014-12-26,49.2892,49.6679,49.0102,49.0435,1570155
2014-12-29,49.0435,49.1232,48.4589,48.6582,1908872
2014-12-30,48.5851,48.9903,48.3592,48.8043,1778635
2014-12-31,48.8907,49.0036,47.6219,47.6418,1906025
2015-01-02,47.9208,48.2663,47.2034,47.8145,2099648
2015-01-05,47.1901,48.2862,45.9214,46.1472,5079390
2015-01-06,46.3066,46.393,45.3966,45.928,3130407
2015-01-07,46.4993,46.7118,45.7686,46.3066,2993484
2015-01-08,46.8248,47.2831,46.393,47.2499,2041214
2015-01-09,47.2433,47.3761,46.2269,46.2601,2395654
2015-01-12,46.393,46.4395,45.0379,45.6623,2300080
2015-01-13,45.9811,46.4793,45.2504,45.9346,2786490
2015-01-14,45.2837,45.8948,45.0246,45.6889,2914500
2015-01-15,45.9612,46.6122,45.5029,45.5627,2862380
2015-01-16,45.5361,46.3465,45.2704,46.2136,3398310
2015-01-20,46.4661,46.7318,46.0143,46.5856,2290176
2015-01-21,46.3199,47.7481,46.3199,47.6285,2954487
2015-01-22,46.858,47.8943,46.858,47.8544,2333754
2015-01-23,47.3894,47.7016,46.2934,46.3399,2524653
2015-01-26,46.5126,47.5156,46.486,47.137,2621589
2015-01-27,46.207,47.5156,45.3767,46.9311,3639225
2015-01-28,47.0639,47.0639,45.4298,45.5693,2812612
2015-01-29,45.5161,46.8115,45.2504,46.5923,3159128
2015-01-30,46.0609,46.6786,45.6623,46.5259,4845037
2015-02-02,46.1804,48.16,45.2438,48.0802,4851970
2015-02-03,49.5616,49.628,48.7645,49.0435,4883043
2015-02-04,48.605,48.7578,47.8544,48.0005,2626788
2015-02-05,48.3858,48.5253,47.9873,48.3128,1696060
2015-02-06,48.2862,48.532,47.7548,47.9009,1698536
2015-02-09,47.8013,48.5984,47.7481,48.512,2140007
2015-02-10,48.6449,48.7578,47.6684,48.1201,1410949
2015-02-11,47.9009,48.1201,47.3296,47.881,1174367
2015-02-12,48.2065,48.7379,47.9806,48.6781,1377770
2015-02-13,48.7312,49.535,48.625,49.4287,2648082
2015-02-17,49.2295,49.4221,48.5452,49.349,1873589
2015-02-18,49.2494,49.5151,48.7711,49.0567,2522796
2015-02-19,48.7379,49.4155,48.4855,49.3557,2419919
2015-02-20,49.1032,49.5948,48.2862,49.4885,1690241
2015-02-23,49.2162,49.442,48.6648,48.9704,1232305
2015-02-24,48.904,49.3756,48.7844,49.1962,1143788
2015-02-25,49.1495,49.3833,48.7488,49.0426,1101572
2015-02-26,48.9424,49.1762,48.2612,48.4348,1676128
2015-02-27,48.3881,48.7955,48.0475,48.121,1630570
2015-03-02,48.1209,48.5484,47.4197,48.3614,1821222
2015-03-03,48.0876,48.6219,47.7336,48.1744,2017940
2015-03-04,47.9607,48.0542,47.3863,47.8404,1430509
2015-03-05,47.8404,48.4148,47.6134,48.3948,2180366
2015-03-06,47.8404,48.1677,47.0791,47.226,1619799
2015-03-09,47.3729,48.0475,47.3729,47.8939,1431747
2015-03-10,47.4798,47.4798,46.8653,46.8653,1600982
2015-03-11,46.9922,47.1726,46.6516,47.0724,1444375
2015-03-12,47.3596,48.141,47.2861,48.0408,1619056
2015-03-13,47.8872,47.9005,47.0724,47.5866,1840658
2015-03-16,47.7002,47.8605,47.4063,47.6668,2198440
2015-03-17,47.4531,47.4531,45.977,46.3243,3017749
2015-03-18,46.1507,48.3146,45.8902,48.1544,2623322
2015-03-19,47.7269,47.8471,47.1191,47.5132,1585507
2015-03-20,47.7403,48.0007,47.5332,47.62,4187164
2015-03-23,47.1926,47.3662,46.3243,46.3711,2255388
2015-03-24,46.3644,46.8052,46.1908,46.6516,1302500
2015-03-25,46.8386,46.8653,46.1173,46.3845,1832364
2015-03-26,46.0505,46.5514,45.9704,46.4178,1947622
2015-03-27,46.5247,46.9254,46.311,46.5848,1460469
2015-03-30,46.8987,47.1726,46.6383,47.0857,1198632
2015-03-31,46.7785,46.7785,45.8568,46.1641,2225676
2015-04-01,46.144,46.6984,45.7767,46.3644,1390274
2015-04-02,46.3778,47.1659,46.0839,46.5381,1641464
2015-04-06,46.2976,48.1744,46.2576,47.6801,2003084
2015-04-07,47.453,48.1009,47.4197,47.6668,1638988
2015-04-08,47.4263,48.0475,47.3262,47.7269,2540747
2015-04-09,47.5733,48.0074,47.393,47.8338,1626608
2015-04-10,47.413,47.4197,46.1307,46.3511,5594893
2015-04-13,46.3511,47.0857,46.124,46.6783,1713640
2015-04-14,46.5514,47.4998,46.5113,47.3596,2010512
2015-04-15,47.7536,49.5769,47.5733,49.4166,3267330
2015-04-16,49.2363,49.5569,48.8489,48.9491,2124656
2015-04-17,48.4616,48.6486,47.9072,48.1744,1919024
2015-04-20,48.3881,48.909,48.3881,48.7487,1836202
2015-04-21,48.6753,49.0894,47.7736,48.0408,2520320
2015-04-22,48.0074,48.0876,47.4464,48.0141,1863190
2015-04-23,48.0675,49.9777,48.0475,49.6771,3093886
2015-04-24,49.5368,49.8307,48.8489,49.3164,1921871
2015-04-27,49.43,50.4452,49.2163,50.3851,2575535
2015-04-28,50.1714,50.6455,50.0712,50.5721,2700326
2015-04-29,50.2248,51.7208,49.9376,51.1331,3374417
2015-04-30,50.9528,51.2533,50.365,50.5721,2616513
2015-05-01,50.5721,51.0262,50.0244,50.2982,3524834
2015-05-04,50.3116,50.7724,50.0912,50.4385,1931899
2015-05-05,50.5721,51.3335,50.0712,50.2248,1473839
2015-05-06,50.7123,50.7591,50.0177,50.3316,1695689
2015-05-07,50.1513,50.2648,49.5769,49.6571,2465972
2015-05-08,50.6656,50.7591,49.7906,50.1713,2161796
2015-05-11,50.2515,50.4318,49.9376,50.0779,1152949
2015-05-12,49.8708,50.5587,49.8441,50.365,1152330
2015-05-13,50.5788,51.2333,50.5253,50.9995,1867028
2015-05-14,51.28,51.5605,50.9327,51.0997,1591573
2015-05-15,51.0863,51.1331,50.2114,50.7257,1157778
2015-05-18,50.6789,50.906,50.3517,50.6789,1076317
2015-05-19,50.3918,50.6255,49.7773,50.5721,2342544
2015-05-20,50.7457,51.427,50.3984,50.9661,1440413
2015-05-21,50.926,52.2217,50.8526,51.801,2199431
2015-05-22,51.9412,52.2351,51.5338,51.9412,2325335
2015-05-26,51.614,51.9078,51.3201,51.5472,2154863
2015-05-27,51.6815,51.809,51.0839,51.5203,1353753
2015-05-28,51.3189,51.6815,50.9228,51.4062,1887826
2015-05-29,51.2786,51.3726,50.4596,50.6207,2032301
2015-06-01,50.9363,50.9363,50.2917,50.4663,1824812
2015-06-02,50.2515,51.2988,50.1575,50.896,2722981
2015-06-03,51.0504,51.6345,50.6274,50.8893,1764150
2015-06-04,50.567,50.567,49.372,49.466,2328430
2015-06-05,49.4257,49.8285,49.1034,49.5331,1390893
2015-06-08,49.2981,49.4525,48.7678,48.8483,1809213
2015-06-09,48.9557,49.4592,48.4186,48.6133,3148110
2015-06-10,49.1101,49.6607,48.9087,49.2511,2080707
2015-06-11,49.372,49.4525,48.8685,49.2646,1183776
2015-06-12,49.1236,49.2914,48.9289,49.0967,1136236
2015-06-15,48.6066,48.7745,48.1031,48.2642,1598877
2015-06-16,48.2642,48.3448,47.848,48.2777,1500456
2015-06-17,48.4858,48.9759,48.4858,48.7946,1583154
2015-06-18,48.8617,49.6271,48.5462,49.2981,2013978
2015-06-19,49.1638,49.1907,48.6469,48.7006,1545891
2015-06-22,48.9222,48.949,48.5261,48.714,972325
2015-06-23,48.6268,48.8483,48.4052,48.714,724354
2015-06-24,48.7208,48.8685,48.2374,48.4052,870685
2015-06-25,48.4992,48.4992,47.6466,47.6466,877866
2015-06-26,47.7204,47.9487,47.4854,47.7808,3681317
2015-06-29,47.143,47.7338,46.9886,47.0558,1224877
2015-06-30,47.6936,47.942,47.0692,47.1162,1722306
2015-07-01,47.5593,47.6533,46.8678,47.0155,1626608
2015-07-02,47.3176,47.5056,46.8544,46.9886,1800300
2015-07-06,46.4381,47.1833,46.2703,46.6261,1583773
2015-07-07,46.6328,46.9685,45.9279,46.8409,2262940
2015-07-08,46.4448,46.6395,45.4848,45.7063,1951088
2015-07-09,46.5925,46.5925,45.1357,45.1424,2336849
2015-07-10,44.3099,44.9343,43.4304,43.8265,3809945
2015-07-13,44.0951,44.518,43.7191,44.3099,3497102
2015-07-14,44.2025,44.894,43.9876,44.6523,2361609
2015-07-15,44.5315,44.5315,43.7728,44.1824,1935489
2015-07-16,44.4845,44.8739,44.4173,44.5247,2171452
2015-07-17,44.4509,45.0014,44.3703,44.5583,1850067
2015-07-20,44.5046,44.7597,44.2898,44.5113,1660529
2015-07-21,43.3901,44.3233,42.9269,43.3968,4155718
2015-07-22,43.182,43.746,42.9873,43.3364,1740752
2015-07-23,43.3163,43.7661,43.2223,43.3163,2149044
2015-07-24,43.4237,43.4841,42.9,43.0343,2048395
2015-07-27,42.6986,42.9806,42.4099,42.9336,3196764
2015-07-28,43.182,43.3431,42.6584,43.135,2916728
2015-07-29,43.0612,44.0212,42.9873,43.8937,1434842
2015-07-30,43.8668,43.8668,43.1686,43.3834,1715992
2015-07-31,43.5445,43.7795,42.8262,43.0142,2296861
2015-08-03,42.7389,42.8262,42.0407,42.1347,2017445
2015-08-04,42.4838,42.9605,42.1011,42.2085,3658290
2015-08-05,42.5576,43.511,42.5576,42.7658,1914567
2015-08-06,42.8128,43.3633,42.3562,43.0142,1404140
2015-08-07,42.8732,43.5982,42.6986,42.8732,1317480
2015-08-10,43.229,44.4979,43.0813,44.3502,1734686
2015-08-11,43.699,43.7795,42.994,43.2559,1189966
2015-08-12,43.0007,43.605,42.6315,43.4036,1243942
2015-08-13,43.4707,43.4707,42.9202,43.229,1342116
2015-08-14,43.1753,43.558,42.8799,42.9336,1606429
2015-08-17,42.8396,43.464,42.4771,43.2357,1627722
2015-08-18,43.1619,43.1686,42.6852,42.947,1132399
2015-08-19,42.6584,42.8262,41.8661,42.1481,1321317
2015-08-20,41.8527,42.128,41.0806,41.0806,1650873
2015-08-21,40.8255,41.0001,40.1206,40.1273,2088258
2015-08-24,37.9454,40.2817,37.2606,38.8719,2503112
2015-08-25,40.0266,40.2213,37.5627,37.5896,2560803
2015-08-26,38.3012,39.1404,37.838,39.1001,3083858
2015-08-27,39.8102,40.8043,39.5667,40.5608,1964211
2015-08-28,40.2903,41.1153,40.2024,40.8245,1792748
2015-08-31,41.0207,42.1973,40.4459,41.893,3554793
2015-09-01,40.8042,41.0815,39.7155,39.9116,2348857
2015-09-02,40.3715,40.5067,39.5667,40.2971,1707821
2015-09-03,40.0874,40.7637,40.0333,40.2092,2022768
2015-09-04,39.6546,39.9116,39.2083,39.6682,1918405
2015-09-08,40.8042,41.7375,40.5202,41.5954,2542109
2015-09-09,42.008,42.3123,40.8786,40.9057,2021159
2015-09-10,40.926,41.1897,40.5338,40.7975,1333450
2015-09-11,40.9395,41.1965,40.5405,40.953,1616704
2015-09-14,40.811,40.9801,40.3647,40.5608,1408720
2015-09-15,40.6825,41.5481,40.5743,41.467,1481762
2015-09-16,41.5008,42.0756,41.4737,41.9674,1623018
2015-09-17,41.7916,42.2717,41.4873,41.5887,2094944
2015-09-18,41.0139,41.5075,40.8854,41.1559,5889166
2015-09-21,41.2506,41.4602,40.5067,40.5811,1575726
2015-09-22,39.9928,40.3376,39.4585,39.9454,1777644
2015-09-23,39.9454,40.0942,38.8432,39.1204,1862819
2015-09-24,38.5659,39.3909,38.0384,39.1813,1997142
2015-09-25,39.4518,39.6749,39.1204,39.2692,1677861
2015-09-28,38.8702,38.877,38.0722,38.2075,1525959
2015-09-29,38.336,38.5321,37.9099,38.2075,2157463
2015-09-30,38.6403,38.9446,37.9235,38.6673,2701687
2015-10-01,38.7552,39.0798,37.8491,38.2143,1670557
2015-10-02,37.8694,39.2421,37.653,39.2083,2379560
2015-10-05,39.5329,40.9936,39.2421,40.7501,2235580
2015-10-06,40.7704,41.5954,40.554,41.3993,2166129
2015-10-07,41.8119,43.0697,41.0139,41.8795,2811374
2015-10-08,41.7916,43.4483,41.7578,43.1711,2139635
2015-10-09,43.2793,43.4145,41.5819,41.5887,3136473
2015-10-12,41.7036,41.8997,40.9057,41.1694,1719211
2015-10-13,40.8989,41.4332,40.7299,40.7975,1888940
2015-10-14,40.6487,40.7975,40.0333,40.1348,1598010
2015-10-15,40.1956,40.5405,39.4923,40.4391,1944155
2015-10-16,40.4256,40.4458,39.1069,39.6344,2270244
2015-10-19,39.3301,39.5803,38.877,39.0257,2771634
2015-10-20,39.8034,42.4746,39.3098,41.609,5791116
2015-10-21,41.7645,43.0494,41.4061,41.8457,3753616
2015-10-22,42.1364,44.1516,41.8727,43.2793,4444296
2015-10-23,43.9285,43.9285,43.0088,43.5768,2081202
2015-10-26,43.5768,43.8203,42.9412,43.2252,1447841
2015-10-27,42.5692,42.691,41.9539,42.2311,1669814
2015-10-28,42.434,43.3199,42.2446,43.1508,2140997
2015-10-29,42.8803,43.5836,42.8736,43.3334,1738895
2015-10-30,43.401,43.8135,43.2049,43.5701,2400730
2015-11-02,43.516,44.3072,43.3604,44.1178,1317232
2015-11-03,44.2801,44.7603,44.0637,44.2193,1690860
2015-11-04,44.4357,44.9834,43.8811,43.9555,1591820
2015-11-05,43.8338,44.1652,43.259,43.6174,1589716
2015-11-06,43.401,43.7527,42.8195,43.6107,1237257
2015-11-09,43.5092,43.6174,42.6774,43.2117,1072356
2015-11-10,43.0426,43.543,42.6639,43.2725,1338649
2015-11-11,43.3672,43.3672,42.6639,42.9276,1150473
2015-11-12,43.1305,43.3334,42.2244,43.2117,4098523
2015-11-13,43.1779,43.9691,42.6098,42.6707,2448516
2015-11-16,42.6436,43.5227,42.5422,43.4957,1225372
2015-11-17,43.5227,43.6174,42.9141,43.0291,1240971
2015-11-18,43.1778,43.9826,42.8532,43.9352,1276378
2015-11-19,43.8811,44.2057,43.5768,44.1922,966135
2015-11-20,44.3748,44.7467,44.1043,44.2328,1329364
2015-11-23,44.1111,44.5033,43.9082,44.1246,1385941
2015-11-24,43.9893,44.7467,43.9623,44.5709,2165881
2015-11-25,44.5845,44.7887,44.1217,44.3055,1282444
2015-11-27,44.1489,44.394,43.972,44.2987,670996
2015-11-30,44.3735,45.0269,44.2646,44.8499,2064365
2015-12-01,44.7138,45.5169,44.7002,45.3059,2233971
2015-12-02,45.1766,45.2991,44.1013,44.2715,1821346
2015-12-03,44.3327,44.9724,43.9244,44.6866,3433964
2015-12-04,44.0809,44.7955,43.5773,44.0673,3273643
2015-12-07,43.5841,43.9108,43.0192,43.7066,2436755
2015-12-08,43.1077,43.4684,42.1344,42.9443,2421652
2015-12-09,42.7674,43.8291,42.6585,43.1485,1839420
2015-12-10,43.1077,43.7678,43.0124,43.4071,1714011
2015-12-11,42.8354,42.9579,41.9371,42.0187,1824936
2015-12-14,42.0732,42.2501,41.3246,42.2297,2069565
2015-12-15,42.57,42.747,42.1208,42.2705,1631932
2015-12-16,41.2973,42.747,40.9366,41.8214,3150339
2015-12-17,41.658,41.8826,40.3241,40.467,2600419
2015-12-18,40.2084,40.7393,39.7796,39.8137,3080392
2015-12-21,40.0383,40.4126,39.8341,40.2697,1574736
2015-12-22,40.4126,41.0319,40.2493,40.7325,1518407
2015-12-23,41.1408,42.536,41.1408,42.2433,1856010
2015-12-24,42.2161,42.6925,42.1753,42.4679,1357962
2015-12-28,42.3318,42.5088,42.0596,42.4067,2558203
2015-12-29,42.6721,43.1145,42.0256,42.3114,1481638
2015-12-30,42.0664,42.5156,41.8894,41.9779,993619
2015-12-31,41.6989,42.2161,41.5219,41.7261,718164
2016-01-04,40.9162,41.9643,40.7188,41.9507,2428956
2016-01-05,41.9643,42.114,40.8141,41.1544,1335059
2016-01-06,40.4534,40.8686,40.0859,40.2833,1532025
2016-01-07,39.5415,40.2629,39.2896,39.7048,2011131
2016-01-08,39.8545,40.0451,39.2216,39.3645,2681508
2016-01-11,39.4734,39.664,38.4866,38.7724,2736104
2016-01-12,39.4394,39.6299,37.4861,38.4321,5218046
2016-01-13,37.9217,39.1399,37.5882,37.6495,2506455
2016-01-14,37.6903,38.3981,36.9144,37.9149,3856865
2016-01-15,36.5741,36.683,35.8663,36.0024,3735417
2016-01-19,36.4108,36.7307,35.8391,36.2339,2583706
2016-01-20,35.7302,36.0501,34.6481,35.8323,2416824
2016-01-21,35.737,36.6898,35.3899,35.9684,1818993
2016-01-22,36.8192,37.1594,35.9004,36.2679,2702678
2016-01-25,36.193,36.5061,35.7234,36.1114,3059222
2016-01-26,36.5537,38.9153,36.438,38.1531,5140795
2016-01-27,37.9557,38.7384,37.3772,37.6426,2607847
2016-01-28,38.5274,38.7792,37.8264,38.5342,2566126
2016-01-29,38.7111,39.8137,38.7111,39.7796,2651796
2016-02-01,38.9085,39.5483,38.7588,39.3509,2491846
2016-02-02,38.8949,39.0514,38.3709,38.6703,3900938
2016-02-03,39.1059,39.8545,37.9625,39.6367,3112208
2016-02-04,39.6435,41.7057,39.6299,40.61,2490113
2016-02-05,40.467,41.0932,40.2084,40.7937,1852791
2016-02-08,40.2561,40.7325,39.9498,40.61,1554928
2016-02-09,40.0791,40.4943,39.0991,39.5619,2945821
2016-02-10,39.6503,40.1676,38.7248,38.7996,2323355
2016-02-11,38.0578,39.0787,37.6358,38.963,2781043
2016-02-12,39.453,40.4738,39.0582,40.2833,1977086
2016-02-16,40.7256,41.0387,39.9906,41.0319,1926699
2016-02-17,41.4607,42.4135,41.2497,41.9575,1945269
2016-02-18,41.8758,42.3862,41.5764,41.9575,1813918
2016-02-19,41.835,41.869,40.9775,41.2565,2708620
2016-02-22,41.8418,42.2365,41.624,41.8214,3114065
2016-02-23,41.7533,42.0596,41.0047,41.0932,1412310
2016-02-24,40.3854,40.8686,39.5755,40.6848,2161672
2016-02-25,40.9658,41.569,40.582,41.4936,1745828
2016-02-26,41.9871,42.2132,41.6992,41.8843,1174738
2016-02-29,41.9939,42.3092,41.6238,41.6581,1446355
2016-03-01,42.1447,42.6793,41.6375,42.6793,1373932
2016-03-02,42.2544,43.0563,42.2407,42.8781,3199859
2016-03-03,42.9397,43.2413,42.6245,42.8027,1883122
2016-03-04,42.9946,43.7554,42.6176,43.3167,1399064
2016-03-07,43.1454,44.804,43.1454,44.7012,2186432
2016-03-08,44.1529,44.29,43.2208,43.2619,2260093
2016-03-09,43.2824,43.4332,42.0487,42.5696,2322612
2016-03-10,42.5285,42.5491,41.3771,41.8157,2111780
2016-03-11,42.364,43.1591,42.1927,43.0289,1843011
2016-03-14,42.7684,43.1522,42.5011,42.7273,1208288
2016-03-15,40.4381,42.2407,40.3764,42.1447,2976771
2016-03-16,42.1378,43.7417,42.0899,43.6731,2192622
2016-03-17,43.7348,45.5305,43.7348,44.9548,3942040
2016-03-18,45.0233,45.6402,44.9068,45.2495,2129236
2016-03-21,44.7012,45.3866,44.5367,45.3386,1263750
2016-03-22,44.9822,45.5922,44.9,45.4414,1781853
2016-03-23,45.2358,45.3729,44.29,44.3722,1222030
2016-03-24,44.1186,44.2831,43.6183,44.2831,1101077
2016-03-28,44.3037,44.4339,43.7691,44.0295,761246
2016-03-29,43.6937,44.3174,43.5497,44.3037,1296186
2016-03-30,44.7218,44.8931,43.913,44.0912,1270312
2016-03-31,44.1666,44.29,43.68,44.0912,1276997
2016-04-01,43.6526,44.0432,42.8644,43.961,1397950
2016-04-04,43.9062,44.1118,43.0631,43.1385,1898844
2016-04-05,42.7136,42.8918,42.2749,42.7067,1800052
2016-04-06,42.6862,43.2619,42.2475,43.2071,1346696
2016-04-07,42.926,43.351,42.7341,42.9877,1777025
2016-04-08,43.5497,44.2557,43.0151,43.1179,1112838
2016-04-11,43.2961,44.0706,43.255,43.6868,1324165
2016-04-12,43.9199,45.2564,43.7965,44.7423,2135921
2016-04-13,44.9685,45.4003,44.7629,45.3181,1693832
2016-04-14,45.5991,45.8595,45.1193,45.277,1401911
2016-04-15,45.2152,45.3866,45.037,45.2221,1203212
2016-04-18,44.7766,45.8252,44.6532,45.695,1071118
2016-04-19,46.0514,46.8533,45.7704,46.586,1740133
2016-04-20,46.6203,46.7916,46.0034,46.4695,1422957
2016-04-21,45.5922,46.4901,44.5504,45.7019,2575783
2016-04-22,45.7293,46.5381,45.7293,46.1611,1540939
2016-04-25,46.3187,46.7026,45.5648,45.7773,1399930
2016-04-26,45.8184,45.9966,45.366,45.7156,1922738
2016-04-27,45.7224,46.0103,45.4551,45.7499,2172566
2016-04-28,45.4963,45.9418,45.1193,45.2632,1873589
2016-04-29,45.2015,45.7224,44.7286,45.0302,2417566
2016-05-02,44.7149,45.2084,44.3791,44.8931,1347811
2016-05-03,44.5984,44.6944,43.9678,44.3928,1694698
2016-05-04,44.2009,44.5847,43.3715,43.5223,1128066
2016-05-05,43.865,44.1392,43.3853,43.4606,1691975
2016-05-06,43.2413,43.865,43.2413,43.8102,1067899
2016-05-09,43.5155,43.5909,43.1043,43.255,1654339
2016-05-10,44.0295,45.2838,43.7142,45.1878,1896987
2016-05-11,45.1056,45.5442,44.8588,45.2701,1571022
2016-05-12,45.3797,45.7841,44.7903,45.3249,1443260
2016-05-13,45.2015,45.5305,44.4133,44.5024,1293958
2016-05-16,44.7286,45.8115,44.6601,45.5785,1386065
2016-05-17,45.4826,45.9897,45.3044,45.6676,1909367
2016-05-18,45.4346,45.5922,44.619,44.9068,1803147
2016-05-19,44.6053,44.6053,43.4401,43.9404,2163157
2016-05-20,44.29,44.5915,43.9541,44.3105,1276997
2016-05-23,44.1803,44.5093,43.8787,44.2557,758894
2016-05-24,44.5436,45.1399,44.3242,45.0645,937166
2016-05-25,45.2769,45.8047,45.2564,45.695,1722553
2016-05-26,46.0261,46.4675,45.8123,45.9985,1232677
2016-05-27,45.8882,46.1434,45.7709,46.033,639922
2016-05-31,46.0744,46.3365,45.764,46.0399,1315746
2016-06-01,45.6467,46.2468,45.4122,46.1985,1571022
2016-06-02,46.0813,46.2813,45.7433,46.2123,1181176
2016-06-03,46.1571,46.4468,45.5916,46.0468,911168
2016-06-06,46.371,48.2057,46.1571,48.1436,2891349
2016-06-07,48.3505,48.8057,48.2264,48.6264,2008160
2016-06-08,49.5093,49.9093,49.2816,49.4127,2245608
2016-06-09,48.8954,49.8472,48.8954,49.7162,1844372
2016-06-10,49.3644,49.6472,48.5298,48.7437,2245237
2016-06-13,48.5092,49.0058,48.2815,48.4126,1237257
2016-06-14,48.2333,48.5091,47.6953,48.0056,2173309
2016-06-15,47.9091,48.5781,47.8815,48.0539,2085163
2016-06-16,47.6884,48.2539,47.0814,48.1298,1086469
2016-06-17,48.2126,48.785,48.2126,48.4678,2366313
2016-06-20,49.0816,49.6817,48.8747,49.1437,1271302
2016-06-21,48.9713,49.0747,48.4747,48.8471,1148369
2016-06-22,48.9851,49.2334,48.6816,48.7161,909435
2016-06-23,49.3299,49.5368,49.0264,49.4265,1193556
2016-06-24,47.4607,47.8332,46.4054,46.5296,2018311
2016-06-27,45.9916,46.0468,44.0948,44.557,2026358
2016-06-28,45.1156,45.6743,44.9777,45.6674,1592068
2016-06-29,46.2813,46.9848,45.8675,46.8745,1739142
2016-06-30,47.0055,47.8194,46.6124,47.8125,1661644
2016-07-01,47.6953,48.3022,47.6332,47.7022,1947869
2016-07-05,47.1642,47.1642,46.1709,46.2813,2757893
2016-07-06,46.0744,46.4468,45.7295,46.371,2691041
2016-07-07,46.8607,48.0401,46.7572,47.4056,4233217
2016-07-08,47.9781,48.6057,47.9367,48.516,2291043
2016-07-11,48.854,49.392,48.6264,49.0196,1388912
2016-07-12,49.4472,49.9576,49.3851,49.6817,1442394
2016-07-13,49.7576,50.1231,49.2541,49.8817,1552576
2016-07-14,50.3232,50.6887,50.0335,50.0542,1035463
2016-07-15,50.2956,50.537,50.1438,50.4266,1267341
2016-07-18,50.3576,50.5094,50.068,50.4887,1001666
2016-07-19,50.1438,50.4956,50.0059,50.33,823518
2016-07-20,50.3645,50.7508,50.0817,50.3852,1968668
2016-07-21,49.5162,50.5163,49.0472,49.5989,3630187
2016-07-22,49.5369,49.5644,48.454,49.1575,2063746
2016-07-25,48.9713,48.9989,48.4816,48.9575,983591
2016-07-26,49.4058,49.9645,49.4058,49.9024,2421776
2016-07-27,50.1093,50.4956,49.2748,49.5507,2743037
2016-07-28,49.3644,49.5575,49.1575,49.461,1337040
2016-07-29,49.2541,49.5093,48.6885,49.2679,1668576
2016-08-01,49.0402,49.0954,48.1229,48.2332,2297480
2016-08-02,48.185,48.2953,47.2883,48.0539,2524282
2016-08-03,48.0746,48.8747,47.9229,48.7368,1454402
2016-08-04,48.6954,49.6886,48.6954,49.0747,1198260
2016-08-05,49.2334,50.0059,49.1437,50.0059,1065175
2016-08-08,50.2542,50.9301,50.0679,50.8611,2146940
2016-08-09,50.9922,51.1095,50.4542,50.7577,1355486
2016-08-10,50.9439,51.0888,50.4818,50.6129,899531
2016-08-11,50.9508,51.4957,50.7853,51.406,1212745
2016-08-12,51.2129,51.3302,50.6818,50.8129,577156
2016-08-15,50.9922,51.5509,50.9922,51.344,1024569
2016-08-16,51.3233,51.4336,51.0267,51.1991,962916
2016-08-17,51.2129,51.2267,50.7784,50.9577,1021969
2016-08-18,51.0267,51.1646,50.875,51.1646,894826
2016-08-19,50.9715,51.3578,50.5577,51.3026,946946
2016-08-22,50.937,51.2888,50.8474,51.2543,776597
2016-08-23,51.4198,51.6612,51.1094,51.1508,1087212
2016-08-24,51.0474,51.2198,50.6335,50.7715,1095259
2016-08-25,50.668,50.8887,50.5577,50.8267,667158
2016-08-26,50.9784,51.3095,50.468,50.7094,830079
2016-08-29,50.8621,51.2507,50.6886,51.1327,700956
2016-08-30,51.0772,51.2715,50.7233,50.9384,671244
2016-08-31,50.7719,50.8413,50.1474,50.307,901016
2016-09-01,50.3347,50.3486,49.7518,50.3347,1103429
2016-09-02,50.6331,50.7649,50.307,50.4804,1406987
2016-09-06,50.5498,50.7302,49.8559,50.0919,1218316
2016-09-07,49.9392,50.071,49.5992,49.7657,1550966
2016-09-08,49.6963,50.4318,49.4951,50.3347,1554557
2016-09-09,49.8559,50.0433,47.913,47.913,1701136
2016-09-12,47.5939,48.7249,47.3024,48.5584,1034349
2016-09-13,47.9755,48.1906,47.1567,47.4481,1702126
2016-09-14,47.4412,47.5453,46.56,46.9,2487761
2016-09-15,46.9416,47.8436,46.7751,47.6008,1746942
2016-09-16,47.3718,47.4343,46.9138,47.1428,1830878
2016-09-19,47.7395,47.7604,47.3718,47.6563,1041034
2016-09-20,47.9269,48.0865,47.7118,47.8645,1296186
2016-09-21,48.1073,49.0233,47.9477,48.9469,1474087
2016-09-22,49.5714,49.731,49.2314,49.6478,1314508
2016-09-23,49.4465,49.6339,48.26,48.2808,1174862
2016-09-26,48.1004,48.2461,47.7534,47.7951,1444746
2016-09-27,47.4898,48.1906,47.4273,48.1906,2015588
2016-09-28,48.3849,49.6478,48.3502,49.5922,1613857
2016-09-29,49.5159,50.2514,49.4326,49.8698,1665481
2016-09-30,50.2098,51.3339,50.0155,51.098,1937718
2016-10-03,50.8412,51.5074,50.8274,51.0147,1437937
2016-10-04,51.0772,51.1743,50.1265,50.3833,1663005
2016-10-05,50.7719,51.5559,50.7094,51.1257,1160377
2016-10-06,50.9453,51.2784,50.758,51.1327,1088945
2016-10-07,50.3416,50.9453,49.7449,50.1265,1434718
2016-10-10,47.3163,48.829,46.1367,46.2755,6170440
2016-10-11,45.9077,47.2885,45.9077,46.4281,3634273
2016-10-12,46.4628,46.8236,46.2963,46.6918,1934251
2016-10-13,46.0812,46.2963,45.6995,46.2408,2315060
2016-10-14,46.4906,47.2608,46.3518,47.0318,2168976
2016-10-17,47.0873,47.1775,46.7889,46.9208,1346573
2016-10-18,47.4967,47.4967,46.6779,46.8653,1741618
2016-10-19,47.1845,49.169,47.0179,48.1698,2749598
2016-10-20,48.0865,48.7804,47.2191,47.3232,2596210
2016-10-21,46.6432,47.7187,46.5461,47.6285,1697917
2016-10-24,48.0241,48.1837,47.5522,47.8436,1215221
2016-10-25,47.7812,47.8922,47.122,47.1636,1716611
2016-10-26,46.9624,48.142,46.8583,47.5869,1291605
2016-10-27,47.7881,47.8367,46.8236,46.8306,2101505
2016-10-28,47.0526,47.7604,46.9069,47.0249,1878541
2016-10-31,47.3024,47.3926,46.3934,46.4142,2017692
2016-11-01,46.4351,46.5669,45.6579,46.1575,2990389
2016-11-02,45.8105,46.2893,45.4497,46.0048,4181840
2016-11-03,46.0257,46.5252,45.762,46.0465,2113761
2016-11-04,46.0326,46.2685,45.4497,45.4705,3376521
2016-11-07,46.3657,46.56,45.9285,46.2893,4377197
2016-11-08,46.2893,46.6918,46.095,46.3379,3126940
2016-11-09,46.5461,49.4951,46.3379,48.7457,3717962
2016-11-10,49.2592,50.0016,49.2592,49.6894,3024682
2016-11-11,49.3772,50.1127,49.051,49.2245,2305527
2016-11-14,49.6894,49.8282,48.6763,49.2869,1364895
2016-11-15,49.3286,49.7449,49.0996,49.6547,2122056
2016-11-16,49.2592,49.4535,48.6208,49.0371,1150845
2016-11-17,49.058,49.2522,48.5375,48.6694,1429642
2016-11-18,48.6694,48.7943,48.2253,48.6832,1179938
2016-11-21,49.0302,50.64,48.9677,50.0225,2519825
2016-11-22,50.2653,50.2653,49.0788,49.6755,1428776
2016-11-23,49.8629,50.2098,49.6894,50.1265,1446355
2016-11-25,50.1543,50.2931,49.7241,50.1543,540511
2016-11-28,50.1543,50.266,49.3305,49.3794,926395
2016-11-29,48.9954,48.9954,47.5433,48.7161,1600610
2016-11-30,50.8594,51.8787,50.2451,50.6919,3500197
2016-12-01,51.2155,53.5682,51.2155,52.7304,4437611
2016-12-02,52.5489,52.8352,51.5366,51.9346,2226667
2016-12-05,52.3604,52.8142,51.9276,52.1091,2450745
2016-12-06,51.8019,52.2068,51.39,52.1649,2623198
2016-12-07,52.2766,53.5682,52.0951,53.5473,1464678
2016-12-08,53.4216,53.7427,52.9678,53.2401,1727629
2016-12-09,53.2889,53.6659,53.0167,53.631,1046234
2016-12-12,53.7846,54.6433,53.3797,53.5822,1402902
2016-12-13,53.8544,54.392,53.645,53.8475,1239857
2016-12-14,53.282,54.0569,52.7374,52.8072,1192442
2016-12-15,52.4931,53.5612,52.3674,53.0795,977277
2016-12-16,53.1004,53.7427,52.5978,52.7653,2007293
2016-12-19,52.7723,53.2889,52.2836,52.8282,1007608
2016-12-20,53.1423,53.6729,52.8142,53.0586,774740
2016-12-21,53.1912,53.4425,52.6955,52.9818,663568
2016-12-22,52.905,52.9888,52.5838,52.7793,735496
2016-12-23,52.8631,52.9259,52.5978,52.7793,484429
2016-12-27,52.8631,53.4495,52.8631,53.282,673720
2016-12-28,53.268,53.5752,52.4861,52.5768,1392007
2016-12-29,52.7304,53.0167,52.2976,52.4931,527759
2016-12-30,52.507,52.6257,52.0323,52.3115,647226
2017-01-03,53.275,54.1267,52.6536,53.3518,1637998
2017-01-04,53.4844,53.652,53.1074,53.6031,1165948
2017-01-05,53.4076,53.9591,52.7863,53.4286,1155178
2017-01-06,53.9871,55.1251,53.9243,54.2594,3123350
2017-01-09,54.1965,54.385,53.3657,53.5612,1271055
2017-01-10,53.8475,54.2733,53.3937,53.7707,1811689
2017-01-11,53.8195,55.3135,53.7078,55.2647,1800176
2017-01-12,55.2018,55.2786,53.9103,54.7131,1144283
2017-01-13,55.7115,56.8983,55.0901,55.6068,2165386
2017-01-17,55.2926,55.4741,54.4339,54.5805,1620542
2017-01-18,54.4897,55.0971,54.4897,54.7341,1197394
2017-01-19,54.9714,55.3066,54.2384,54.6294,1460469
2017-01-20,54.8807,55.3415,54.7271,55.1669,1213364
2017-01-23,54.9296,55.2507,54.2524,54.783,1065051
2017-01-24,54.9156,56.3677,54.783,56.2072,1391264
2017-01-25,56.5353,57.024,55.9279,56.8704,2221096
2017-01-26,56.1723,57.4708,54.9296,56.0815,2627160
2017-01-27,56.3119,56.3119,55.4043,55.7045,1597763
2017-01-30,55.5788,55.5788,54.0639,54.755,1470249
2017-01-31,54.6294,54.6992,53.6869,54.2803,3571630
2017-02-01,54.6713,55.0413,53.9731,54.6084,1532520
2017-02-02,54.385,54.5875,53.9801,54.3152,1074460
2017-02-03,54.4688,55.2437,54.4339,55.0413,1004266
2017-02-06,54.7969,54.9645,54.2384,54.4618,777959
2017-02-07,54.6643,55.0343,53.9312,54.2105,1320698
2017-02-08,54.0639,54.378,53.5612,54.2873,1373066
2017-02-09,54.5037,55.1181,54.1826,55.0483,1189347
2017-02-10,55.1879,55.523,55.0552,55.3484,803338
2017-02-13,55.5509,56.1653,55.4951,55.5718,959698
2017-02-14,55.0133,55.6766,55.0133,55.6766,867962
2017-02-15,55.509,55.9907,55.3764,55.9558,824137
2017-02-16,56.0536,56.0536,55.3345,55.8372,988172
2017-02-17,55.523,55.8092,55.1111,55.8092,1238743
2017-02-21,55.7883,56.6679,55.7045,56.4655,1231686
2017-02-22,55.7394,57.1497,55.7394,56.4934,2367551
2017-02-23,56.8355,57.031,55.8022,56.0536,1807232
2017-02-24,55.499,56.201,54.8181,56.201,982724
2017-02-27,56.0676,56.552,55.864,56.3484,1159882
2017-02-28,56.1448,56.7275,55.9623,56.2291,1446851
2017-03-01,57.0363,57.9559,57.0363,57.4365,1367742
2017-03-02,57.2118,57.3382,56.4677,56.5239,766446
2017-03-03,56.5239,56.8819,56.0957,56.4326,722125
2017-03-06,55.5552,56.566,55.5341,56.4677,1041653
2017-03-07,56.5309,56.5309,55.6885,55.7307,1092164
2017-03-08,55.7307,56.1729,54.1933,54.2284,3024310
2017-03-09,54.088,54.2775,53.0069,53.5896,3120874
2017-03-10,54.1652,54.3618,53.2526,53.9195,2326450
2017-03-13,53.8002,54.5232,53.8002,54.4952,1382722
2017-03-14,53.7791,54.1512,53.3299,54.095,1199127
2017-03-15,54.4952,55.836,54.2986,55.6885,1806613
2017-03-16,55.7587,56.0115,55.127,55.6956,1755979
2017-03-17,55.9693,56.1238,55.5973,55.9483,2012617
2017-03-20,55.7657,56.3554,55.3516,56.0325,1277740
2017-03-21,56.4397,56.5871,54.9023,54.9585,1591944
2017-03-22,54.6987,55.1059,54.4039,54.7338,1424938
2017-03-23,54.776,55.513,54.5092,54.8813,791825
2017-03-24,55.1971,55.7658,54.4952,54.8532,1362048
2017-03-27,54.1371,54.8532,53.5124,54.6917,830450
2017-03-28,54.6075,55.9132,54.4109,55.6885,974554
2017-03-29,55.7026,56.3695,55.5481,56.1308,1238867
2017-03-30,56.0816,56.5449,55.9623,56.208,704670
2017-03-31,55.9132,56.7415,55.9132,56.4046,1198013
2017-04-03,56.9521,57.7103,56.4046,57.1136,2051861
2017-04-04,57.1136,57.2189,56.6783,57.0153,996095
2017-04-05,57.4014,57.5418,56.1448,56.2923,1791386
2017-04-06,56.2922,57.0995,56.0325,56.6292,1174367
2017-04-07,56.559,56.7836,56.1589,56.2501,1092783
2017-04-10,56.4045,57.1487,56.2852,56.7275,1431623
2017-04-11,56.6432,57.0714,56.2642,56.9381,1138589
2017-04-12,56.7977,56.8749,55.6113,55.6885,1048957
2017-04-13,55.6183,56.0044,55.0427,55.1199,944594
2017-04-17,55.4779,56.1448,55.1691,56.0606,1683061
2017-04-18,55.7096,56.4467,55.5481,56.2291,1416520
2017-04-19,56.4677,56.896,55.5411,55.6394,2342296
2017-04-20,57.9138,57.9138,55.6885,55.9553,3518148
2017-04-21,56.1238,56.2361,54.79,55.6815,2625674
2017-04-24,56.566,57.0012,56.1308,56.6222,2564888
2017-04-25,56.9451,57.4716,56.545,57.0504,1866533
2017-04-26,56.8398,57.3242,56.6292,56.8679,2029701
2017-04-27,56.7907,56.7907,55.6956,55.9062,2238428
2017-04-28,55.9693,55.9693,55.3375,55.3726,2155853
2017-05-01,55.6043,55.6324,54.776,55.148,1339640
2017-05-02,55.4148,55.8781,54.4039,54.6355,1708811
2017-05-03,54.4881,54.5162,53.744,54.3548,1715868
2017-05-04,54.4039,54.439,53.6809,54.095,1594420
2017-05-05,54.2003,55.2884,54.0599,55.2884,1550719
2017-05-08,55.2252,55.6956,54.9655,55.3375,1606181
2017-05-09,55.3024,55.9553,55.0076,55.7587,2161796
2017-05-10,55.8711,56.903,55.7096,56.194,2197945
2017-05-11,56.0044,56.1518,55.2533,56.0816,1266845
2017-05-12,55.9061,56.3133,55.7657,55.8781,2026235
2017-05-15,56.5801,57.5909,56.5801,57.0855,2765197
2017-05-16,57.0644,57.3031,56.5379,56.9942,1951459
2017-05-17,56.9942,56.9942,56.0536,56.3765,1749665
2017-05-18,56.1027,57.282,55.4779,56.7415,1671671
2017-05-19,57.1206,58.679,57.0644,58.3631,3119636
2017-05-22,58.6088,59.2476,58.2087,58.3701,1456755
2017-05-23,58.5175,58.9317,58.0542,58.6158,1784329
2017-05-24,58.5877,58.8124,58.2508,58.4333,1553319
2017-05-25,58.5035,58.9949,57.5137,57.7664,2649815
2017-05-26,57.6958,58.2605,57.597,58.2252,1487828
2017-05-30,58.0487,58.9521,57.717,58.8533,1219182
2017-05-31,58.571,58.6698,57.6182,58.2604,2088506
2017-06-01,58.6416,59.4108,58.2534,58.9662,1314013
2017-06-02,58.9168,59.0932,58.4722,58.6839,2086525
2017-06-05,58.6204,59.1638,58.5498,58.8815,1667338
2017-06-06,58.5498,59.1426,58.324,59.0791,1749789
2017-06-07,59.1709,59.2415,57.1947,57.6041,2705154
2017-06-08,57.6041,58.9097,57.6041,58.1405,2258236
2017-06-09,58.1828,58.8886,58.1758,58.5922,1618066
2017-06-12,58.8321,59.2132,58.0346,58.4722,1540320
2017-06-13,58.5921,58.9591,58.2251,58.9097,1328498
2017-06-14,58.9239,58.9239,57.4841,57.7311,2091849
2017-06-15,57.3077,58.2746,57.3077,58.1405,1837192
2017-06-16,57.9993,58.5427,57.7452,58.5357,1935984
2017-06-19,58.8109,58.9309,58.1334,58.6133,1619552
2017-06-20,57.9923,58.0487,56.8701,57.1312,1778387
2017-06-21,56.9054,56.9054,54.5623,54.8022,3549717
2017-06-22,54.8869,55.2257,54.2447,54.8657,2822269
2017-06-23,54.8446,55.4727,54.6681,55.4092,2784262
2017-06-26,55.5574,55.9667,55.2186,55.5433,2310356
2017-06-27,55.5362,55.8256,55.0634,55.1481,1157530
2017-06-28,55.6421,56.122,55.5221,55.9667,1228715
2017-06-29,56.129,56.2773,55.3457,55.5997,1036330
2017-06-30,55.9808,57.1171,55.9385,56.616,2216763
2017-07-03,57.0113,58.0417,56.609,57.8723,985324
2017-07-05,57.8652,58.1193,57.1453,57.6041,2833906
2017-07-06,57.5829,58.8886,57.5829,58.0205,2612551
2017-07-07,57.8864,58.7686,57.8511,58.698,1875075
2017-07-10,58.7051,59.2132,58.6204,58.811,1821469
2017-07-11,58.7968,59.1074,58.3522,58.7262,1567803
2017-07-12,59.2344,59.7496,59.065,59.5661,1092535
2017-07-13,59.7143,59.7355,59.0297,59.0932,1462821
2017-07-14,59.2062,59.7637,59.0509,59.5096,1834840
2017-07-17,59.6084,59.9472,59.3897,59.6155,1090802
2017-07-18,59.5379,59.679,59.1921,59.6085,1347315
2017-07-19,59.7284,60.2084,59.2274,60.1307,3002398
2017-07-20,59.9896,60.1307,58.578,58.698,2926508
2017-07-21,58.3593,58.7192,57.8088,58.4863,1468268
2017-07-24,58.4439,59.4602,58.331,59.2485,1836697
2017-07-25,59.8696,59.9472,59.0368,59.4814,2010017
2017-07-26,59.5732,59.6084,58.6063,58.8321,1285663
2017-07-27,58.8886,59.2344,58.6557,59.185,1943041
2017-07-28,59.0579,59.4673,58.7403,59.2556,743295
2017-07-31,59.432,59.679,59.1144,59.2838,794796
2017-08-01,59.2979,59.5732,58.6063,59.0156,1102934
2017-08-02,58.7545,59.7567,58.7051,59.4955,1198136
2017-08-03,59.4814,61.7257,59.2344,61.02,2877483
2017-08-04,61.1258,61.5634,60.907,61.0764,2978999
2017-08-07,61.0835,61.8457,60.9423,61.5775,1354867
2017-08-08,61.4364,61.6834,61.1117,61.3093,1143293
2017-08-09,61.2387,61.5846,61.1258,61.2811,960564
2017-08-10,60.9706,61.0694,60.3213,60.3495,1128189
2017-08-11,60.3495,60.533,59.9472,60.0248,1069013
2017-08-14,60.4977,60.6106,60.2789,60.3989,1291729
2017-08-15,60.2789,60.6036,60.0672,60.0813,944842
2017-08-16,60.413,60.7236,60.1237,60.2436,1076070
2017-08-17,60.0107,60.4906,59.2415,59.312,697861
2017-08-18,59.0015,59.7073,58.5781,59.185,768179
2017-08-21,59.1709,59.3544,58.7545,59.0721,1133760
2017-08-22,59.3262,59.9119,59.2556,59.8414,748990
2017-08-23,59.4461,59.8908,59.4179,59.6296,764094
2017-08-24,59.7849,59.919,59.3897,59.425,751837
2017-08-25,59.7708,60.3424,59.6296,60.1801,1487952
2017-08-28,60.4554,60.4554,59.559,59.6226,851249
2017-08-29,59.3458,59.8852,59.0406,59.509,1101820
2017-08-30,59.5303,60.1619,59.3529,60.1406,591516
2017-08-31,60.3961,60.4884,59.8567,60.24,872914
2017-09-01,60.5239,60.8433,60.4245,60.602,1156044
2017-09-05,60.6374,60.8929,60.2187,60.3252,1121009
2017-09-06,60.7368,61.3542,60.5381,61.0065,1106772
2017-09-07,61.0349,61.4536,60.7439,61.2478,908940
2017-09-08,61.0491,62.1278,61.0207,61.9575,770655
2017-09-11,62.4543,62.6956,61.9646,62.4117,1379999
2017-09-12,62.8517,63.4904,62.0568,62.4827,2116485
2017-09-13,62.4543,63.0362,62.1775,62.8659,1239114
2017-09-14,62.8517,63.9802,62.5537,63.9021,1248894
2017-09-15,63.8382,64.1221,63.6111,63.7389,1383341
2017-09-18,63.7956,63.9376,63.6608,63.9092,1234162
2017-09-19,63.9731,64.7892,63.9447,64.555,1227725
2017-09-20,65.4422,65.8183,65.0802,65.4918,1592687
2017-09-21,65.4919,65.8041,65.2931,65.3215,634475
2017-09-22,65.2222,65.6835,65.1015,65.5983,608229
2017-09-25,65.6196,65.7189,65.1512,65.4634,844687
2017-09-26,65.506,65.648,65.066,65.2009,713831
2017-09-27,65.5344,65.5344,64.7608,64.8957,1307452
2017-09-28,64.8105,64.9879,64.3918,64.9454,1027292
2017-09-29,64.8886,65.2364,64.6544,64.8602,1375170
2017-10-02,65.208,65.7474,64.9383,65.6409,2438489
2017-10-03,65.8112,66.0312,65.6196,66.0312,833669
2017-10-04,66.0454,66.6558,66.0028,66.4925,840850
2017-10-05,66.4925,66.6842,66.2583,66.5422,1536853
2017-10-06,66.3009,66.7764,66.23,66.7622,890370
2017-10-09,66.9538,67.0674,66.457,66.5919,882818
2017-10-10,66.9255,66.9752,66.3293,66.4358,778454
2017-10-11,66.599,66.7622,66.3435,66.5848,1592935
2017-10-12,66.3932,66.7835,66.3577,66.7622,740448
2017-10-13,67.2022,67.5216,66.9609,67.0532,668272
2017-10-16,67.3513,67.3939,67.1313,67.259,840107
2017-10-17,67.1525,67.4222,66.6416,66.748,980001
2017-10-18,66.8048,66.8048,65.8467,66.4074,1889188
2017-10-19,62.4685,64.0582,62.3691,63.5189,3584134
2017-10-20,64.7254,67.5571,64.5763,67.3868,3629073
2017-10-23,67.3655,68.1249,67.1029,67.8055,2953001
2017-10-24,68.1178,68.9055,67.6564,68.0539,1859352
2017-10-25,67.6423,68.1107,66.1945,67.4223,1921624
2017-10-26,67.5926,68.572,67.479,68.4655,1463440
2017-10-27,68.1461,68.5294,67.5997,68.1319,1522616
2017-10-30,67.8694,68.2952,67.6139,68.0255,1239981
2017-10-31,67.9403,68.2597,67.6139,67.77,1269693
2017-11-01,68.352,68.4158,67.0745,67.0958,1240971
2017-11-02,67.1526,67.4719,66.7906,67.4506,1344839
2017-11-03,67.7203,68.1532,67.3796,68.0752,1289872
2017-11-06,67.5997,68.2739,67.0674,68.2171,1593801
2017-11-07,68.2029,68.4442,67.8055,68.2455,912035
2017-11-08,67.9474,68.3165,67.8197,68.1674,975173
2017-11-09,67.5926,67.5926,66.308,66.7196,861772
2017-11-10,66.4925,66.8474,66.2086,66.5635,1106401
2017-11-13,66.2015,66.6416,65.9673,66.5635,872171
2017-11-14,66.45,66.67,66.1306,66.4358,1175729
2017-11-15,65.9106,66.1235,65.1796,65.7899,1094887
2017-11-16,65.9673,66.7196,65.8183,66.7196,1184766
2017-11-17,66.3648,67.0532,66.0525,66.8687,1171396
2017-11-20,67.0035,67.4861,66.9893,67.1668,1221163
2017-11-21,67.3584,67.5145,67.1526,67.2732,625561
2017-11-22,67.3087,67.4861,67.1384,67.2164,794548
2017-11-24,67.4861,67.55,67.0532,67.1029,175053
2017-11-27,67.0532,67.3229,66.8474,66.9964,436395
2017-11-28,67.2448,68.7281,67.1384,68.501,1037815
2017-11-29,68.7078,68.822,68.3227,68.3655,913520
2017-11-30,68.8219,69.8917,68.7506,69.6849,1588230
2017-12-01,69.7134,69.8632,67.6666,69.093,1637626
2017-12-04,69.5209,70.3196,69.4567,69.5636,1180309
2017-12-05,69.8561,69.8775,68.3085,68.4297,1445860
2017-12-06,68.3655,68.7578,68.1373,68.665,792320
2017-12-07,68.6436,69.421,68.5081,68.9717,1073717
2017-12-08,69.9416,70.7119,68.3726,70.3196,2282624
2017-12-11,70.0343,70.1627,68.8362,69.0216,1323174
2017-12-12,68.9503,69.3854,68.3156,69.314,1028778
2017-12-13,69.207,69.3711,68.5367,68.5937,1035339
2017-12-14,68.8219,69.0787,68.1658,68.2871,880961
2017-12-15,68.772,69.8489,68.6793,69.5209,2239913
2017-12-18,69.8917,71.0043,69.7919,70.7975,1417634
2017-12-19,70.8973,71.4179,70.1057,70.99,1613114
2017-12-20,71.3109,71.7531,70.9401,70.9686,1072479
2017-12-21,71.1326,72.1525,70.9044,71.9314,1108010
2017-12-22,72.0669,72.0669,71.368,71.6461,749114
2017-12-26,71.7816,72.4806,71.5748,72.1168,676319
2017-12-27,72.0099,72.4592,71.7888,72.1311,690556
2017-12-28,72.4021,72.6375,71.8672,72.3451,620981
2017-12-29,72.6161,72.7872,72.017,72.0241,643760
2018-01-02,72.3522,72.6375,71.8244,72.5233,1044624
2018-01-03,72.5162,73.2793,72.0384,73.1082,1058119
2018-01-04,73.4576,74.0067,73.0939,73.5289,1217449
2018-01-05,73.8641,73.9069,72.7016,73.0154,1448831
2018-01-08,72.994,73.3506,72.8086,73.0582,1169786
2018-01-09,73.2651,74.3134,73.2365,74.2065,1111105
2018-01-10,74.0496,74.0496,73.1295,73.2437,846421
2018-01-11,73.586,73.9782,73.1509,73.8213,943480
2018-01-12,74.1708,74.5702,73.7999,74.2706,585450
2018-01-16,74.8198,74.8198,73.2722,73.7144,997952
2018-01-17,74.0852,74.7699,73.6359,74.4133,1029149
2018-01-18,74.5274,74.5274,73.7072,74.1637,681890
2018-01-19,74.4061,74.8483,74.2278,74.4632,1521997
2018-01-22,74.5773,74.884,73.857,74.7699,961431
2018-01-23,74.4347,75.5615,74.4347,75.2833,1259665
2018-01-24,75.5972,75.8896,74.1993,74.7271,969354
2018-01-25,75.0266,75.2192,73.9925,74.4775,1758703
2018-01-26,74.777,74.941,74.1066,74.9125,1304604
2018-01-29,74.6843,75.2263,73.8,73.9426,2135179
2018-01-30,73.2579,76.6241,72.0883,76.346,4414089
2018-01-31,76.4173,77.7795,75.3832,75.7469,3140311
2018-02-01,75.3832,76.3103,74.5844,75.1265,2605495
2018-02-02,74.9196,74.9981,73.372,73.6145,1924719
2018-02-05,73.3435,74.5702,70.2626,70.2982,1850439
2018-02-06,69.9202,71.6675,68.2371,71.1968,2621960
2018-02-07,71.0043,72.3522,70.7476,71.261,1829021
2018-02-08,71.3466,71.3466,68.5509,68.608,1949974
2018-02-09,69.5494,70.2412,67.2743,69.4281,2198564
2018-02-12,70.0843,70.8545,69.3925,70.0843,1303366
2018-02-13,69.7348,70.3481,69.4139,69.9773,1052300
2018-02-14,68.6222,71.3466,68.6222,71.097,1455145
2018-02-15,72.0812,72.4877,71.2254,72.452,1260408
2018-02-16,72.3593,73.1652,72.0741,72.181,961678
2018-02-20,71.8815,72.288,71.1754,71.4678,903740
2018-02-21,71.475,72.9441,71.2824,71.3038,900893
2018-02-22,71.8458,73.4647,71.6747,72.7872,1991447
2018-02-23,73.3221,73.3221,72.0027,73.265,941499
2018-02-26,73.7928,74.5987,73.3506,74.4489,1427909
2018-02-27,74.6997,74.9719,72.9803,73.0305,1495875
2018-02-28,73.3314,73.4102,71.7051,71.7123,1157282
2018-03-01,71.612,71.8555,69.778,70.1362,1524473
2018-03-02,69.6347,70.437,69.3266,70.1863,1257189
2018-03-05,69.7851,70.8669,69.5201,70.6162,1292596
2018-03-06,71.0532,71.7553,70.8741,71.6478,1356848
2018-03-07,70.9815,71.569,70.2866,71.2896,1027664
2018-03-08,71.4902,71.8197,70.7165,71.7768,890865
2018-03-09,72.2352,73.7612,72.1493,73.5678,1300024
2018-03-12,73.4961,73.4961,72.2711,72.7152,1175110
2018-03-13,73.2454,73.6609,71.7767,72.0848,1060347
2018-03-14,72.5863,72.5863,70.6878,70.9242,1296310
2018-03-15,71.1606,71.483,70.5374,71.0102,919339
2018-03-16,71.0675,71.9343,70.6161,71.6979,2067584
2018-03-19,71.5117,71.6908,70.7523,71.569,1385322
2018-03-20,71.9845,75.0364,71.7122,74.4417,6225035
2018-03-21,74.6639,74.6639,73.3099,73.84,3725513
2018-03-22,73.0734,73.0734,70.7953,70.9099,3915423
2018-03-23,71.1678,71.877,70.3511,70.4586,5064534
2018-03-26,70.4442,71.7051,69.4413,71.5045,2353686
2018-03-27,71.8125,71.8125,69.7994,70.2866,2545328
2018-03-28,70.4013,70.4371,68.6031,68.9255,2024873
2018-03-29,69.3911,70.8741,68.9971,70.3654,1953316
2018-04-02,70.1577,70.3869,67.6646,68.6819,1402035
2018-04-03,68.9398,69.255,68.1947,69.1261,2290919
2018-04-04,67.9655,69.692,67.6574,69.5845,1778016
2018-04-05,70.0,70.6591,69.3839,69.9857,1379380
2018-04-06,69.2836,69.4771,66.11,66.7619,2222581
2018-04-09,67.0771,67.8508,66.5613,66.6258,1685661
2018-04-10,67.686,68.3953,67.3422,67.729,1752265
2018-04-11,67.1559,67.7362,66.8192,67.0198,1093030
2018-04-12,67.3422,67.7004,66.7117,67.1201,1767616
2018-04-13,68.0085,68.0299,67.027,67.2419,1495504
2018-04-16,67.8723,67.9869,67.4998,67.5571,1303490
2018-04-17,67.8795,68.2377,67.2992,67.3422,1641588
2018-04-18,68.0156,69.169,67.6503,68.7678,1992190
2018-04-19,68.646,69.7923,68.4096,68.775,1783710
2018-04-20,68.7893,69.1045,68.1875,68.7893,1631065
2018-04-23,68.7464,68.7535,67.815,68.1446,1732333
2018-04-24,68.6819,69.2836,65.8807,66.2604,3198125
2018-04-25,66.3965,68.3094,65.9309,68.0156,3606913
2018-04-26,67.9081,68.0514,66.7834,67.4353,3721428
2018-04-27,63.1154,69.5201,62.1769,68.3022,4488493
2018-04-30,68.0371,68.5028,66.1386,66.4109,3977075
2018-05-01,66.1028,66.3536,64.7846,65.8019,2095934
2018-05-02,65.6658,66.1959,64.2043,64.3118,2507321
2018-05-03,64.0825,64.4551,63.0151,64.1327,2270987
2018-05-04,63.8533,66.024,63.6169,65.5583,1889683
2018-05-07,65.7876,66.7762,65.6443,66.3106,1524968
2018-05-08,66.4252,67.2634,65.9165,67.1559,3137835
2018-05-09,67.4052,68.6203,67.1746,68.1946,4450700
2018-05-10,68.1946,68.5937,67.689,68.0083,1883500
2018-05-11,67.7068,68.4961,67.4052,68.4074,1730300
2018-05-14,68.5316,69.9063,68.5316,68.9662,2396400
2018-05-15,68.6203,68.6203,67.9374,68.2478,1539900
2018-05-16,68.6469,69.25,68.3099,68.8243,1445900
2018-05-17,68.8243,69.4806,68.3187,68.9662,1165900
2018-05-18,68.8952,70.5626,68.842,70.0837,1775300
2018-05-21,70.5715,71.6181,70.5715,71.2988,1466500
2018-05-22,71.4584,71.5382,70.1458,70.1635,853400
2018-05-23,69.7821,70.944,69.7023,70.7311,1985300
2018-05-24,70.3852,71.3963,70.1812,71.1569,1359500
2018-05-25,70.7577,71.1214,70.066,70.1901,1691000
2018-05-29,69.5427,70.0394,68.6292,69.0638,1871700
2018-05-30,69.849,70.4825,69.4028,70.2773,1294300
2018-05-31,70.2416,70.2416,68.4124,68.8942,1771100
2018-06-01,69.5991,69.9828,69.1887,69.5634,1206000
2018-06-04,69.9917,70.3219,69.2601,69.8668,1580900
2018-06-05,69.8847,70.2862,69.5991,69.9114,1227100
2018-06-06,70.1167,70.2862,69.8044,70.2862,1339800
2018-06-07,70.4647,71.1517,70.081,70.429,1577400
2018-06-08,70.4914,70.6431,70.0185,70.4201,923800
2018-06-11,70.3843,70.9197,70.304,70.4914,718200
2018-06-12,70.42,70.5896,70.0631,70.1613,1066100
2018-06-13,70.1434,70.2505,69.3225,69.4118,1184200
2018-06-14,69.5456,69.8579,67.4487,67.8681,2985800
2018-06-15,67.8324,68.5998,66.9936,68.5462,2742600
2018-06-18,67.8056,68.5462,67.4755,68.2518,2003500
2018-06-19,67.5022,67.5379,66.1727,66.4136,1631800
2018-06-20,66.5921,66.6902,65.209,65.6373,1647900
2018-06-21,65.4767,65.5303,64.174,64.6647,1522400
2018-06-22,65.5302,66.0032,65.0395,65.0841,2001900
2018-06-25,64.754,65.4946,64.2721,65.209,1537600
2018-06-26,65.441,65.5124,64.7451,64.9235,1367400
2018-06-27,65.1466,66.1638,64.629,64.6469,1417400
2018-06-28,64.7361,65.3429,63.9866,64.9324,1474100
2018-06-29,65.3785,66.1192,65.2179,65.3161,1342100
2018-07-02,64.5398,65.1287,64.1026,65.0663,1096500
2018-07-03,65.4053,65.7444,64.87,65.3429,946200
2018-07-05,65.6552,65.673,64.4149,65.1287,1214600
2018-07-06,65.0038,65.3339,64.5576,65.0484,912800
2018-07-09,65.325,66.5653,65.2358,66.4493,988500
2018-07-10,66.5832,67.1453,66.1192,66.6189,818700
2018-07-11,65.6641,66.0478,65.3072,65.441,799000
2018-07-12,65.789,66.2709,65.557,65.9318,1139500
2018-07-13,65.789,66.9758,65.789,66.8419,998600
2018-07-16,66.8419,67.0828,65.9496,66.1192,1459100
2018-07-17,66.03,66.6278,65.682,66.5029,1085900
2018-07-18,66.6278,66.7438,65.789,66.1995,2426500
2018-07-19,69.3225,70.1345,67.4041,69.7062,4095600
2018-07-20,69.3671,72.7132,69.2333,71.5979,4170500
2018-07-23,71.0357,71.3659,69.4296,70.2237,3211800
2018-07-24,70.5896,71.1874,70.2594,70.6699,2222200
2018-07-25,70.5093,72.2939,70.3487,72.1511,1798100
2018-07-26,72.3831,73.5163,72.3831,72.4991,2332800
2018-07-27,72.5883,72.8917,71.5979,72.1511,1760000
2018-07-30,72.3653,73.2665,72.1689,72.285,1725600
2018-07-31,72.8382,74.2123,72.6508,74.0428,2858900
2018-08-01,73.7751,74.0428,72.3831,72.6508,1112700
2018-08-02,71.9191,73.2486,71.6514,72.972,1230400
2018-08-03,73.2754,73.5163,72.7132,73.3825,862900
2018-08-06,73.5431,73.9625,73.2665,73.7572,928100
2018-08-07,74.0606,74.7477,73.4985,74.1409,1259600
2018-08-08,74.0874,74.5246,73.7661,74.132,1011800
2018-08-09,73.9714,74.4086,73.5074,73.5431,1203800
2018-08-10,73.32,73.4538,72.4455,72.7668,837800
2018-08-13,72.9274,73.4182,72.1957,72.7222,1091200
2018-08-14,72.9274,73.5163,72.8739,72.972,932600
2018-08-15,71.9637,73.6234,71.9637,73.4806,1537300
2018-08-16,73.6145,74.596,73.6056,74.0071,1402300
2018-08-17,74.0428,75.1849,73.6948,74.9083,1286400
2018-08-20,75.1403,76.1218,75.1403,75.3009,1802200
2018-08-21,75.292,75.8006,75.0511,75.5508,1883400
2018-08-22,75.3277,75.3991,74.6317,74.8815,1922400
2018-08-23,74.7745,75.2117,74.4443,74.9529,976800
2018-08-24,75.0689,75.3812,74.9172,75.1849,636000
2018-08-27,75.4883,76.3092,75.3901,75.9255,965600
2018-08-28,76.2111,76.4788,75.7649,76.0148,1130000
2018-08-29,76.2021,77.7815,75.9969,77.4246,1527600
2018-08-30,76.8413,77.5322,76.3748,76.7337,1894300
2018-08-31,76.8683,77.3797,76.4017,77.0477,1394100
2018-09-04,76.8055,77.4425,76.5453,77.2362,1660800
2018-09-05,77.1285,78.1514,77.0477,77.9719,1132100
2018-09-06,77.9719,78.3577,77.1733,77.4694,1719500
2018-09-07,76.2581,77.1375,75.6031,76.0338,1763500
2018-09-10,76.7157,77.4156,76.644,76.7427,1290600
2018-09-11,77.3618,79.4972,77.3618,78.2859,2259000
2018-09-12,78.5103,79.1204,77.9001,78.7435,2029000
2018-09-13,79.1473,79.5959,78.582,78.9589,2016400
2018-09-14,78.9319,79.56,78.591,79.3895,1314300
2018-09-17,79.578,79.7036,79.1653,79.4344,920600
2018-09-18,79.7215,80.4214,79.1294,79.6677,1600400
2018-09-19,79.7036,80.4124,79.237,79.3268,1455900
2018-09-20,79.9279,80.7175,79.8202,80.1792,1575600
2018-09-21,80.3945,80.9867,80.0087,80.1253,2867100
2018-09-24,80.0446,80.0715,79.1383,79.4165,1273200
2018-09-25,79.6139,80.2599,79.4165,79.6857,1757100
2018-09-26,79.9279,80.7355,79.6588,79.7126,1788700
2018-09-27,80.0446,80.2868,79.7664,79.8382,2057900
2018-09-28,79.8831,80.4483,79.2729,79.4344,1517500
2018-10-01,80.2061,80.4035,78.5731,79.0935,1805300
2018-10-02,79.0307,79.4883,78.923,79.0935,1240500
2018-10-03,79.3178,79.6767,78.8602,79.0486,1194000
2018-10-04,79.0217,79.255,78.4654,79.1024,1083600
2018-10-05,79.1383,79.5601,77.8732,78.4475,1291100
2018-10-08,78.0526,78.4833,77.5592,78.4026,869000
2018-10-09,78.1872,78.1872,76.8234,76.8593,1475500
2018-10-10,76.7068,76.7068,74.1765,74.2572,2214100
2018-10-11,74.024,74.8135,72.7947,72.9831,2474300
2018-10-12,74.3739,74.3739,72.6511,73.7368,1998600
2018-10-15,73.7278,74.32,73.5933,73.6022,1209200
2018-10-16,73.9522,74.7687,73.4587,74.6879,1769700
2018-10-17,74.5982,74.5982,73.1267,73.7817,1928000
2018-10-18,72.6781,76.2492,72.5883,74.9122,3268300
2018-10-19,75.0558,75.1096,73.0908,73.9432,2154300
2018-10-22,74.1944,74.6251,73.1626,74.2572,1601600
2018-10-23,72.8575,74.6341,72.4268,74.1227,1670500
2018-10-24,74.2752,74.6969,72.4448,72.5525,1402400
2018-10-25,73.4407,73.8535,72.7588,73.3241,1190900
2018-10-26,72.5973,74.2842,72.2743,73.6292,2155800
2018-10-29,74.7956,75.0378,72.3102,73.2164,1889500
2018-10-30,73.3779,74.6969,73.2164,74.4995,1925300
2018-10-31,75.2981,75.657,74.1944,74.329,2425100
2018-11-01,74.6431,75.325,74.2124,74.8315,1695700
2018-11-02,75.4685,76.2492,75.2442,75.8813,1560800
2018-11-05,76.0338,76.7786,75.4416,76.0518,1104800
2018-11-06,76.0159,77.1464,75.639,77.0029,1083400
2018-11-07,77.5412,78.0437,76.7875,77.927,1179300
2018-11-08,77.8642,78.5282,77.613,77.8553,818800
2018-11-09,77.6489,78.1334,76.6709,77.5412,1370900
2018-11-12,77.5502,77.5592,76.3927,76.5273,1309000
2018-11-13,76.8593,77.6309,76.2761,76.5542,1305100
2018-11-14,77.0657,77.4066,75.5942,76.0428,1695900
2018-11-15,75.6121,77.6309,75.0109,77.3348,1309100
2018-11-16,77.3079,78.7794,77.1016,78.6179,1458800
2018-11-19,78.5551,78.9948,77.4425,77.6489,1096700
2018-11-20,76.9939,77.272,76.0697,76.0787,1420100
2018-11-21,76.3658,76.8862,76.1235,76.2851,1258000
2018-11-23,75.5941,76.2402,74.7687,75.8723,322500
2018-11-26,76.2492,76.8324,75.2083,75.334,1625200
2018-11-27,75.1365,75.2173,74.338,74.8046,1709100
2018-11-28,75.0738,75.98,74.6969,75.7288,1796100
2018-11-29,75.8461,76.198,75.0881,75.837,1112900
2018-11-30,75.9814,76.6943,75.7558,76.6041,1732700
2018-12-03,77.696,78.5352,77.1004,77.7501,2740000
2018-12-04,77.6599,77.6599,75.2775,75.3407,1905400
2018-12-06,74.4474,74.4474,71.3792,73.8518,2574700
2018-12-07,74.2849,74.6459,71.4153,71.7402,1534700
2018-12-10,71.6319,71.659,69.3308,70.5671,1219000
2018-12-11,71.668,72.056,70.1429,70.7205,1669600
2018-12-12,71.8485,72.2636,70.6392,70.6934,1408100
2018-12-13,70.8468,71.1988,70.0347,70.5039,1429300
2018-12-14,69.8542,70.54,68.6359,68.8706,974300
2018-12-17,68.5457,68.7713,66.7139,67.0748,1274200
2018-12-18,67.147,68.0584,66.0912,66.7319,1390100
2018-12-19,66.5875,67.5711,64.3406,64.7015,1419800
2018-12-20,64.4849,64.5571,62.5087,63.2216,2267300
2018-12-21,63.2396,64.8188,62.1658,62.256,2880100
2018-12-24,61.9041,62.238,59.9279,60.0361,668700
2018-12-26,60.7039,61.9402,59.4045,61.9131,1656500
2018-12-27,60.9837,63.2757,60.5686,63.2667,1693100
2018-12-28,63.4292,63.8713,62.6531,62.987,1243900
2018-12-31,63.2216,64.2684,63.1223,64.0247,1678400
2019-01-02,62.9689,64.5842,62.3463,64.2954,1486900
2019-01-03,64.0789,64.115,62.3914,62.9779,1171200
2019-01-04,63.9525,65.8746,63.7179,65.8385,1316100
2019-01-07,66.0912,67.3094,65.27,66.7138,1446000
2019-01-08,67.2553,68.2479,66.9936,68.1847,1125500
2019-01-09,68.5457,69.3488,68.4555,68.8976,868100
2019-01-10,69.2586,70.0076,68.5006,69.9174,1130100
2019-01-11,69.6556,70.4588,69.43,70.2602,1291000
2019-01-14,69.8271,70.7656,69.6286,70.4407,1091700
2019-01-15,70.5039,70.8378,70.0707,70.4768,579800
2019-01-16,70.7385,71.0453,70.0798,70.1429,824200
2019-01-17,69.8542,71.6499,69.8542,71.3431,878800
2019-01-18,71.9387,73.0938,71.5597,72.814,1011200
2019-01-22,72.0831,72.1643,70.9641,71.5507,809100
2019-01-23,71.8665,72.3267,70.6663,71.1265,911500
2019-01-24,71.1717,71.668,70.6573,71.4514,1140100
2019-01-25,72.3267,72.4711,71.677,71.7221,930400
2019-01-28,70.8919,71.5056,70.3415,71.5056,1515300
2019-01-29,77.1275,78.066,74.4654,77.7501,2569200
2019-01-30,78.6074,81.0077,77.8313,80.1505,2173100
2019-01-31,80.1685,81.3055,79.0315,79.2571,2643900
2019-02-01,79.5459,80.1324,78.8691,79.0586,1087200
2019-02-04,78.6525,79.0856,78.4359,78.7698,1447200
2019-02-05,78.6254,79.582,78.6254,79.582,1307800
2019-02-06,79.4646,79.6722,79.1578,79.3473,1037300
2019-02-07,78.9954,79.2571,77.9757,78.4359,1570300
2019-02-08,78.2194,78.4901,77.723,78.3457,840400
2019-02-11,78.454,78.9232,78.1201,78.8601,1840000
2019-02-12,79.5368,81.6304,79.4556,81.2243,1570300
2019-02-13,81.3507,81.9192,81.08,81.3056,1742100
2019-02-14,80.9536,81.7838,80.6558,81.2785,1152400
2019-02-15,81.9282,82.3523,81.7116,82.2982,1083000
2019-02-19,81.9101,82.975,81.7206,82.4967,1022300
2019-02-20,82.6952,83.1103,82.1538,83.0923,1035300
2019-02-21,82.7133,82.8216,82.1538,82.6321,850600
2019-02-22,82.993,83.4262,82.5147,83.3179,814700
2019-02-25,83.8413,84.1029,83.3359,83.4352,651600
2019-02-26,83.0562,83.2908,82.2711,82.3162,866200
2019-02-27,82.0985,82.5249,81.6086,82.2981,926500
2019-02-28,82.1076,82.3797,81.536,82.1257,1000500
2019-03-01,82.7789,82.9059,81.9896,82.534,784200
2019-03-04,82.9422,83.2506,81.9987,82.7335,931800
2019-03-05,82.7063,83.0329,82.2527,82.2981,664600
2019-03-06,82.4069,82.6791,82.162,82.5158,845300
2019-03-07,82.5974,82.5974,81.282,81.8082,1017500
2019-03-08,81.1913,81.3455,80.4746,80.9827,1283000
2019-03-11,80.9373,82.1348,80.8194,82.1348,700700
2019-03-12,82.2709,82.2981,81.7447,82.0441,1074100
2019-03-13,81.8717,83.1236,81.6993,82.9149,947800
2019-03-14,82.9059,82.9059,82.0713,82.2981,1203700
2019-03-15,82.2981,82.7516,81.8989,82.2708,1211200
2019-03-18,82.4795,84.0126,82.2164,83.94,835400
2019-03-19,84.4118,84.9288,83.3957,83.8675,1098600
2019-03-20,83.686,83.9219,82.67,82.8605,1007600
2019-03-21,82.8061,84.1578,82.7426,83.8765,563900
2019-03-22,83.5499,83.5862,81.8898,81.917,688800
2019-03-25,82.0803,82.8968,81.9806,82.6791,920200
2019-03-26,83.432,83.9945,83.0147,83.5409,992900
2019-03-27,83.6497,83.8493,82.7607,83.686,1064400
2019-03-28,83.9491,84.8563,83.7858,84.8291,742800
2019-03-29,85.3734,85.7907,84.693,85.0921,888100
2019-04-01,86.1172,87.0698,85.7816,87.0516,936800
2019-04-02,87.1333,87.351,86.5073,86.97,640900
2019-04-03,87.3963,87.7683,86.9337,87.097,869900
2019-04-04,87.224,87.9769,87.0879,87.8862,525500
2019-04-05,88.0223,88.5847,87.2693,87.5778,1004400
2019-04-08,87.1242,87.7501,86.8157,87.7048,695800
2019-04-09,87.4508,87.4508,85.8814,86.0719,800500
2019-04-10,86.0265,86.3622,85.5911,86.344,835300
2019-04-11,86.2533,87.1061,86.1082,86.9156,944200
2019-04-12,87.5233,88.113,87.1423,88.113,711400
2019-04-15,87.8227,87.986,87.351,87.8046,706900
2019-04-16,87.9678,88.5031,87.6141,88.4396,779500
2019-04-17,88.8297,88.9204,87.6231,87.8137,944900
2019-04-18,88.3579,89.628,85.9449,88.7027,1615000
2019-04-22,87.3963,88.0585,86.8883,87.4054,1071200
2019-04-23,87.8318,88.739,87.2512,88.5303,1568800
2019-04-24,88.6936,88.7117,88.1402,88.2309,832500
2019-04-25,87.6413,88.0404,86.6706,87.2875,1367900
2019-04-26,87.3963,88.1856,87.3328,88.0223,755600
2019-04-29,88.7934,89.3377,88.2128,88.6754,930000
2019-04-30,88.8115,89.3377,88.0404,88.9385,2291800
2019-05-01,89.0383,89.4012,87.986,88.2944,812700
2019-05-02,88.0767,88.9204,87.4961,88.7934,914600
2019-05-03,89.4465,90.2267,89.2107,90.1451,974300
2019-05-06,88.5666,89.0746,87.9588,88.8297,1018900
2019-05-07,87.8318,88.4214,86.9881,88.2128,1358400
2019-05-08,88.1039,89.002,87.478,87.8499,1206300
2019-05-09,87.0153,87.5233,86.0447,87.3056,753900
2019-05-10,86.8611,88.2672,85.8632,87.8227,1081700
2019-05-13,86.1445,86.589,85.0105,85.709,1094300
2019-05-14,85.8179,87.3328,85.8179,87.1695,1087700
2019-05-15,86.3985,87.7955,85.8632,87.2875,1030400
2019-05-16,87.7229,87.8499,87.2512,87.478,670500
2019-05-17,86.3984,87.1877,85.6546,85.6818,722800
2019-05-20,85.3189,85.8632,84.8563,85.5911,670100
2019-05-21,86.0084,86.6162,85.8179,86.3531,733600
2019-05-22,85.9267,85.9267,84.185,84.4027,1102300
2019-05-23,83.3685,83.432,82.0441,82.6156,838600
2019-05-24,83.3141,83.3141,82.1166,82.4613,571600
2019-05-28,82.6519,82.6519,81.5633,81.6358,844300
2019-05-29,81.0734,82.0531,80.5109,81.9715,1241600
2019-05-30,82.1265,82.9108,81.9715,82.3819,554000
2019-05-31,81.406,82.6555,81.324,81.5428,1260900
2019-06-03,81.7617,83.8593,81.707,83.2209,1497900
2019-06-04,84.0965,85.8567,84.0418,85.8384,967800
2019-06-05,86.1394,87.1243,85.729,87.024,763400
2019-06-06,86.9328,87.2338,86.1211,86.3765,906600
2019-06-07,86.9602,87.8448,86.6136,87.5986,513400
2019-06-10,88.2644,88.5745,87.9725,88.0911,545100
2019-06-11,89.076,89.7783,87.781,87.8904,756900
2019-06-12,87.8996,88.237,87.4344,88.0455,433500
2019-06-13,88.4468,88.7112,87.6807,88.2644,874600
2019-06-14,87.9543,88.4559,86.9328,87.6168,432700
2019-06-17,87.5621,87.854,86.9875,87.0149,429900
2019-06-18,87.5621,88.4924,87.4162,87.8813,642700
2019-06-19,88.0363,88.7568,87.2885,88.4103,609200
2019-06-20,89.377,89.8239,88.4285,89.4226,954700
2019-06-21,89.4956,89.6142,88.5471,88.6657,1344000
2019-06-24,88.921,89.6415,88.3464,89.3314,656000
2019-06-25,89.3497,89.9881,88.9392,89.9333,709200
2019-06-26,89.9698,90.3985,89.4591,89.6962,596300
2019-06-27,89.8786,89.9424,89.0943,89.8695,788200
2019-06-28,90.1066,91.5932,89.9151,91.3834,1917000
2019-07-01,92.3866,93.6543,91.7482,93.3351,1569900
2019-07-02,93.4719,94.1103,92.87,93.1983,1508200
2019-07-03,93.3351,94.3657,93.2348,94.2927,643500
2019-07-05,93.5449,94.0191,92.569,93.6999,1019100
2019-07-08,93.481,93.481,91.885,92.3501,731600
2019-07-09,91.6023,91.9124,91.2375,91.5567,1003300
2019-07-10,92.186,92.2681,89.833,89.8695,993300
2019-07-11,89.9151,90.2343,88.2097,89.0396,1140400
2019-07-12,89.3953,91.2831,89.3497,91.2558,854900
2019-07-15,91.1737,91.2922,90.289,90.5991,644300
2019-07-16,90.3073,91.0278,89.9516,90.5809,651700
2019-07-17,90.362,90.362,86.8872,87.0605,1346000
2019-07-18,86.6228,89.8148,85.5101,88.6657,1961900
2019-07-19,89.2676,90.4076,89.1308,89.4865,1184400
2019-07-22,89.4956,89.9881,88.2917,88.6474,1277800
2019-07-23,89.2311,89.5777,88.0455,89.4773,1318500
2019-07-24,88.5562,89.4044,87.8175,89.1125,1047600
2019-07-25,89.2037,90.2252,88.237,90.0884,1179800
2019-07-26,89.7236,90.2616,89.377,89.5685,631600
2019-07-29,89.6962,89.6962,88.1914,88.2553,557300
2019-07-30,86.7048,89.2767,86.7048,89.2767,624500
2019-07-31,89.0943,89.3497,87.4983,88.3282,913500
2019-08-01,88.1549,88.4559,85.8475,86.0846,1113800
2019-08-02,86.2215,86.7139,84.4339,84.589,879700
2019-08-05,83.2939,83.3486,81.3969,81.9897,1108500
2019-08-06,82.5004,83.303,81.862,82.9929,789300
2019-08-07,81.8255,82.7558,81.0868,82.5278,926600
2019-08-08,83.1845,84.7258,82.8744,84.288,958000
2019-08-09,84.2424,84.8261,83.5949,84.0782,834700
2019-08-12,83.6678,83.7773,82.09,82.2269,562600
2019-08-13,81.78,84.7805,81.5885,83.2483,556100
2019-08-14,81.8347,82.3272,80.4028,80.5214,967400
2019-08-15,80.5944,81.2601,80.1566,81.1689,653800
2019-08-16,81.6432,83.2301,81.5246,82.7376,595000
2019-08-19,83.7681,83.7681,82.9838,83.2118,884900
2019-08-20,82.9656,83.5766,82.318,83.2665,629200
2019-08-21,84.3154,84.6072,83.2118,83.6131,697100
2019-08-22,83.9779,84.2971,82.537,82.9291,736700
2019-08-23,82.4731,82.6464,79.9924,80.3481,727500
2019-08-26,81.2692,81.6158,79.4087,80.8406,603000
2019-08-27,81.552,81.707,80.5123,81.1051,871600
2019-08-28,80.7494,82.847,80.6309,82.7923,653500
2019-08-29,83.8193,84.9013,83.7735,84.5896,970200
2019-08-30,85.3873,86.1575,85.1122,85.9558,1058900
2019-09-03,85.0297,85.3506,83.856,84.828,974300
2019-09-04,85.644,85.9283,85.0847,85.5065,820400
2019-09-05,86.3868,88.3858,86.3868,88.1473,880500
2019-09-06,88.3032,88.7159,86.9828,87.2396,1106000
2019-09-09,87.9181,87.9181,86.8728,87.5972,1114800
2019-09-10,87.533,89.0093,86.8819,88.9909,952100
2019-09-11,89.6787,90.9991,88.7159,90.9716,904600
2019-09-12,91.0174,91.5493,90.3114,91.3934,767000
2019-09-13,91.8335,92.9614,91.3475,91.3934,812400
2019-09-16,90.8249,91.6318,90.779,91.0083,378700
2019-09-17,90.6506,90.7607,89.7979,90.5223,678900
2019-09-18,90.0363,91.1183,89.7704,91.0633,749000
2019-09-19,90.9716,91.696,90.7515,90.7515,584000
2019-09-20,91.2375,91.4392,90.3755,90.6965,960500
2019-09-23,89.8987,90.9991,89.6787,90.4581,531900
2019-09-24,90.7607,91.5401,90.0638,90.3205,945100
2019-09-25,90.2655,91.4392,90.2655,91.21,528400
2019-09-26,91.0908,91.5768,90.7515,91.2558,499000
2019-09-27,91.7877,92.1361,90.834,91.8152,578100
2019-09-30,91.9619,92.2553,91.0541,91.2925,685200
2019-10-01,91.7235,92.0077,87.9548,88.2757,681500
2019-10-02,87.2854,87.4963,85.6899,86.2767,989600
2019-10-03,86.2034,86.8361,84.6996,86.7169,675500
2019-10-04,86.9094,87.2029,85.9466,87.1112,889400
2019-10-07,86.7077,87.6614,86.1209,86.7811,551700
2019-10-08,85.7816,85.7816,84.3511,84.3511,609400
2019-10-09,85.4515,86.2309,84.7546,85.6257,771900
2019-10-10,85.6991,87.5513,85.6991,87.0378,721500
2019-10-11,88.0098,90.4122,88.0098,89.2752,805600
2019-10-14,88.7434,88.9818,87.5238,87.9456,781500
2019-10-15,86.9828,88.4224,86.4601,88.0098,1394200
2019-10-16,88.0006,88.5966,87.5696,87.8631,1060600
2019-10-17,94.4377,95.7673,90.834,92.9614,2302100
2019-10-18,93.0806,94.6211,92.668,93.7316,1849500
2019-10-21,94.1626,95.3088,94.0525,94.8961,1327100
2019-10-22,95.1162,95.8865,94.5569,95.4738,879500
2019-10-23,95.2079,95.4005,94.1443,94.7128,832900
2019-10-24,94.9329,95.2813,94.0342,94.5477,536200
2019-10-25,94.6119,96.0607,94.3277,95.0429,732300
2019-10-28,95.5472,96.2349,94.887,95.5563,835900
2019-10-29,94.997,96.5834,94.997,96.3175,995400
2019-10-30,96.0699,96.0699,94.5661,95.3088,865800
2019-10-31,95.1529,95.2721,94.2359,95.2629,1134300
2019-11-01,96.1707,97.8029,95.6756,97.7754,909500
2019-11-04,98.7016,100.3704,98.3623,100.2787,1183900
2019-11-05,99.9761,100.9848,99.9761,100.4071,1063000
2019-11-06,100.3704,100.508,99.4626,100.3704,759200
2019-11-07,100.8656,101.6083,99.9486,100.0678,1031300
2019-11-08,99.9028,100.3796,99.3343,100.2695,596200
2019-11-11,99.9486,100.8656,99.4901,100.8197,611900
2019-11-12,100.728,101.3332,100.3888,100.8747,991600
2019-11-13,99.8477,100.6088,99.4993,100.077,915000
2019-11-14,99.8386,100.3979,99.6735,99.6827,769200
2019-11-15,100.508,100.728,99.9945,100.3796,525600
2019-11-18,99.8019,100.3062,99.8019,100.022,526300
2019-11-19,100.1595,100.4529,99.6827,100.0403,992600
2019-11-20,99.9302,100.0861,98.9858,99.5543,628600
2019-11-21,99.5176,100.4071,99.05,100.0403,737200
2019-11-22,100.5171,100.8381,99.8478,100.3888,571500
2019-11-25,100.8656,102.8829,100.5722,102.6536,1113100
2019-11-26,102.9837,103.1763,101.7734,103.1396,1481100
2019-11-27,103.1396,103.5541,102.4397,103.2409,1608000
2019-11-29,103.0383,103.112,102.3015,102.6699,571700
2019-12-02,102.8265,103.3146,101.4358,101.5924,909500
2019-12-03,100.303,100.7635,99.4373,100.4136,728800
2019-12-04,101.5556,102.32,101.2701,101.6937,1136000
2019-12-05,101.7858,102.6883,101.6016,102.5318,632400
2019-12-06,103.4067,104.475,103.4067,103.6922,811300
2019-12-09,103.5172,104.0238,103.1028,103.6093,595700
2019-12-10,103.3791,104.5395,102.8449,103.9409,820100
2019-12-11,104.3737,104.5947,103.8211,104.2264,757600
2019-12-12,104.5948,106.0315,104.208,105.4328,1071700
2019-12-13,105.046,105.8933,104.3829,104.6684,776200
2019-12-16,105.5618,106.1512,104.0882,104.1895,689400
2019-12-17,104.3737,105.3131,104.3553,105.2302,585900
2019-12-18,105.396,105.4605,104.208,104.6224,941300
2019-12-19,104.7237,105.1289,104.1895,104.5027,701500
2019-12-20,105.2947,105.967,104.7513,105.9025,1172000
2019-12-23,106.0591,106.8327,105.3039,106.6946,761100
2019-12-24,106.759,106.7682,105.5434,106.1512,193900
2019-12-26,106.2986,106.667,105.7368,106.6485,251800
2019-12-27,106.8419,106.934,106.1236,106.3446,363000
2019-12-30,106.5288,106.7591,105.9118,106.1328,311900
2019-12-31,105.9302,106.6209,105.571,106.1512,479500
2020-01-02,106.9709,107.634,106.4735,107.634,937500
2020-01-03,106.0223,106.7591,105.571,106.6301,587400
2020-01-06,105.6354,106.6946,105.4605,106.6393,754200
2020-01-07,105.8473,107.2195,105.525,106.934,810700
2020-01-08,106.7591,107.3761,106.2065,107.1827,848400
2020-01-09,107.5603,107.8734,106.7775,107.8642,643700
2020-01-10,108.0024,108.0024,106.2617,106.6209,623700
2020-01-13,106.8604,107.9747,106.7498,107.8734,672800
2020-01-14,108.0024,108.4997,107.4314,107.8642,790000
2020-01-15,107.5419,108.9786,107.5419,108.3155,807700
2020-01-16,109.0246,110.1667,108.2879,110.1482,650200
2020-01-17,110.4706,110.5535,109.6969,110.0838,634300
2020-01-21,109.3654,109.6693,108.0484,108.6378,584900
2020-01-22,108.9878,109.5036,108.3616,108.555,526800
2020-01-23,108.076,109.4206,107.5419,109.2733,729500
2020-01-24,109.4667,109.4667,107.4774,107.855,626800
2020-01-27,105.6815,107.2564,104.7329,106.3078,909500
2020-01-28,106.8327,107.7629,106.2709,107.2472,1024300
2020-01-29,107.7813,108.1405,107.0446,107.1827,980200
2020-01-30,107.4682,110.7008,107.2932,109.522,1212800
2020-01-31,108.6102,108.8128,104.4842,104.8526,2545100
2020-02-03,105.5526,106.5565,104.3645,104.6961,1516200
2020-02-04,106.1788,108.3523,106.1788,107.2564,1002700
2020-02-05,108.5273,109.8627,108.2418,109.7891,826000
2020-02-06,110.0101,110.0285,108.4997,108.8865,747900
2020-02-07,108.0668,108.9233,107.6708,108.0392,1050500
2020-02-10,107.6984,109.0431,107.5787,108.8773,689000
2020-02-11,109.5957,110.3877,109.0891,109.5864,818500
2020-02-12,110.3785,110.5811,109.3009,110.3785,544200
2020-02-13,109.5957,110.4061,109.0062,110.1114,581700
2020-02-14,110.2495,110.6271,109.3286,110.3877,643300
2020-02-18,109.7522,110.7561,109.522,110.4429,691600
2020-02-19,110.664,110.7561,107.8919,107.9839,1021300
2020-02-20,107.68,110.0561,107.1367,109.6141,684200
2020-02-21,108.8957,110.0653,108.4076,110.0009,661900
2020-02-24,106.4183,107.4037,105.175,105.8657,820400
2020-02-25,106.3262,106.3262,101.2609,101.3622,1234700
2020-02-26,102.3844,102.9554,99.7044,99.7412,1468400
2020-02-27,98.224,101.7303,97.1693,97.3636,1439900
2020-02-28,93.848,95.6058,92.1457,95.0507,1877500
2020-03-02,95.6428,99.7042,94.4401,99.3619,1418200
2020-03-03,99.3897,102.6,96.7067,97.8077,1231200
2020-03-04,99.4822,102.6925,98.4738,102.415,936700
2020-03-05,99.0566,101.1752,97.2711,97.8632,1056700
2020-03-06,94.5881,96.8918,91.9699,93.8943,1806000
2020-03-09,86.8816,88.1768,85.355,86.7335,2094900
2020-03-10,89.6293,93.0339,87.1129,93.0061,1166300
2020-03-11,90.0178,91.8034,87.6679,88.3988,1460000
2020-03-12,82.2188,84.4484,78.0648,79.175,2255200
2020-03-13,84.1061,84.1894,78.4719,83.9581,1438500
2020-03-16,74.0126,74.762,66.7501,70.2657,2415500
2020-03-17,71.9588,76.196,68.3506,75.058,1866500
2020-03-18,69.9049,71.3111,62.3186,64.6315,1710000
2020-03-19,63.8451,68.0824,61.301,65.5012,1329700
2020-03-20,66.4171,69.5996,60.9679,61.1807,2333900
2020-03-23,60.8199,62.4666,58.2387,60.4776,1788800
2020-03-24,64.3447,69.2295,63.6786,69.1463,1849300
2020-03-25,69.7847,78.4811,69.2481,74.5585,2582400
2020-03-26,76.196,78.2776,72.4214,78.2776,1427200
2020-03-27,78.3239,78.3239,72.6989,75.8167,1123300
2020-03-30,75.1691,79.6746,74.947,79.2305,1240800
2020-03-31,78.1666,81.4879,76.8251,77.6577,2057600
2020-04-01,73.6148,74.4937,71.3112,73.9941,1218900
2020-04-02,73.7258,76.0849,72.1715,74.5677,1407800
2020-04-03,73.9663,75.1506,71.0799,71.5702,1206700
2020-04-06,75.6317,79.286,75.3264,78.3886,1351500
2020-04-07,82.302,83.2087,78.7032,79.1102,1488500
2020-04-08,79.9151,83.3105,78.9067,82.8941,863000
2020-04-09,83.6713,86.1322,81.8579,82.7183,1335500
2020-04-13,83.5417,83.7268,78.4811,79.9059,1062300
2020-04-14,81.8117,82.3668,79.9891,81.1456,1305200
2020-04-15,78.6847,79.323,75.4096,78.0741,924700
2020-04-16,77.4357,78.2221,75.7334,77.852,960300
2020-04-17,79.8319,82.4038,79.8319,81.8672,887400
2020-04-20,78.3146,80.794,77.6207,79.5358,1121600
2020-04-21,80.1186,82.7276,77.4635,78.1851,1757600
2020-04-22,80.3129,81.3954,79.0177,79.8596,1396000
2020-04-23,80.6923,82.5796,80.2112,81.4231,835200
2020-04-24,82.2002,84.6242,80.7107,84.1616,1080000
2020-04-27,84.5594,86.678,84.4669,86.2154,892100
2020-04-28,87.89,88.6671,86.8353,87.8067,818000
2020-04-29,90.3694,90.5452,88.7226,89.1019,859400
2020-04-30,87.5014,87.5014,85.4476,86.641,1662100
2020-05-01,85.1423,85.6419,83.588,84.6242,879000
2020-05-04,83.2734,84.2911,82.4778,83.8563,897900
2020-05-05,85.096,86.5948,84.7722,85.0127,1022400
2020-05-06,85.0035,85.2533,83.4677,83.6065,519900
2020-05-07,84.874,85.6048,83.8378,84.2541,605400
2020-05-08,85.9286,86.5022,84.4854,85.3273,588200
2020-05-11,83.9858,84.5594,82.9311,83.9303,730600
2020-05-12,84.3651,84.8647,80.2204,80.2482,696700
2020-05-13,79.9799,80.1002,76.4828,77.1674,778700
2020-05-14,75.8259,79.3693,73.8923,79.0917,852900
2020-05-15,78.4719,79.3415,77.8058,78.5829,949800
2020-05-18,82.2743,84.5224,81.6544,83.7453,1247900
2020-05-19,83.3752,84.5409,82.154,82.8571,723100
2020-05-20,84.3651,85.5771,84.0043,84.2264,496300
2020-05-21,83.8378,84.9017,83.7638,84.0413,538800
2020-05-22,84.2264,84.2264,82.4593,83.0514,866200
2020-05-26,85.8824,88.6764,85.392,87.6957,969000
2020-05-27,89.8698,90.5544,88.3896,89.9901,781800
2020-05-28,91.1245,91.1896,89.1625,90.2226,1468900
2020-05-29,89.488,90.7526,88.7441,90.4271,1203900
2020-06-01,90.6038,91.6452,90.0831,90.892,738800
2020-06-02,91.7661,92.7145,91.0501,92.2868,850700
2020-06-03,95.6621,96.9918,94.2953,96.2107,968000
2020-06-04,94.5556,96.7407,94.3138,96.2572,889000
2020-06-05,100.2555,101.8456,99.0467,100.051,819900
2020-06-08,100.1347,101.7805,100.0045,101.3249,825000
2020-06-09,99.4466,100.2741,98.1169,99.1862,747400
2020-06-10,98.9352,99.0375,95.6528,95.6621,703700
2020-06-11,92.4449,92.854,89.3485,89.4508,784700
2020-06-12,93.0771,93.0771,87.4051,89.832,1077100
2020-06-15,86.7821,91.0222,86.4939,90.5294,1059900
2020-06-16,94.6393,94.6486,89.302,91.5243,987700
2020-06-17,92.0171,92.2217,90.5759,90.8827,889900
2020-06-18,89.9343,91.608,89.3857,90.5201,762100
2020-06-19,92.1938,92.2031,88.2141,88.242,1813400
2020-06-22,88.1025,89.116,86.7263,88.5209,913200
2020-06-23,89.9436,90.0087,87.8886,88.149,781500
2020-06-24,87.1634,87.1913,84.4668,85.4432,983500
2020-06-25,85.0154,85.9453,83.7137,85.8151,828100
2020-06-26,85.3595,86.3637,85.1363,86.1405,2090700
2020-06-29,86.9681,88.4186,86.4939,87.9351,601800
2020-06-30,87.4609,90.4643,87.3028,89.7855,809300
2020-07-01,90.0738,90.2969,88.1211,88.8929,628800
2020-07-02,90.1761,92.1287,90.0366,90.5852,852600
2020-07-06,92.2682,92.761,90.9478,91.6173,525300
2020-07-07,90.8176,91.264,89.8227,90.0366,782800
2020-07-08,90.1668,90.5945,89.1253,90.111,645800
2020-07-09,90.2225,90.2225,87.5911,88.2048,538100
2020-07-10,88.4652,88.958,87.7399,88.4745,491700
2020-07-13,89.6925,91.422,88.9952,89.739,748400
2020-07-14,89.7483,91.8033,89.1532,91.7196,1140800
2020-07-15,93.4026,95.3088,92.1101,95.0112,999600
2020-07-16,94.5835,96.2107,94.1837,95.1879,673800
2020-07-17,96.6292,97.2336,95.7644,96.313,816600
2020-07-20,95.5784,96.6757,94.7602,95.346,650200
2020-07-21,96.2107,97.1406,95.5133,96.2293,1012400
2020-07-22,97.215,100.4136,96.7407,97.8101,1480500
2020-07-23,98.0053,99.3443,97.1871,98.3308,712500
2020-07-24,98.3959,98.7306,97.6892,98.1076,1064500
2020-07-27,97.8193,98.963,97.466,98.7957,642200
2020-07-28,98.2378,98.6562,97.2522,97.4195,662900
2020-07-29,97.9867,99.6233,97.8101,99.3815,634800
2020-07-30,98.0797,98.0983,96.4432,97.2056,521900
2020-07-31,96.4525,96.7594,94.4162,95.7086,1658300
2020-08-03,96.0898,97.0662,95.504,95.9039,755300
2020-08-04,95.4297,96.3781,95.2902,96.0806,765700
2020-08-05,96.8337,98.0704,96.6756,97.4009,651100
2020-08-06,97.2243,97.903,96.75,97.8566,459800
2020-08-07,97.9867,100.5159,97.9867,100.4508,883400
2020-08-10,100.7576,103.1566,100.7576,102.7475,1042500
2020-08-11,103.2124,105.3697,103.2124,104.477,984200
2020-08-12,105.0256,105.2767,104.0121,104.6723,652700
2020-08-13,103.9656,104.6444,103.3798,104.2353,556800
2020-08-14,103.6216,104.7095,103.0544,103.696,722700
2020-08-17,103.8633,104.5421,103.0823,104.04,686700
2020-08-18,104.0679,104.3096,103.1194,103.2589,529800
2020-08-19,103.7239,104.1423,102.5987,102.9521,368900
2020-08-20,101.6968,102.4686,101.3342,102.2733,652900
2020-08-21,102.3663,103.0543,101.1947,102.2268,644900
2020-08-24,102.5894,103.2589,102.171,103.2403,617200
2020-08-25,103.6681,104.04,102.6824,103.4263,537500
2020-08-26,103.0823,104.1051,102.4779,103.6588,468900
2020-08-27,104.3004,104.5607,103.2496,103.696,454600
2020-08-28,103.8221,104.2984,102.9535,104.0275,398500
2020-08-31,103.6726,103.8314,102.1876,102.5892,699500
2020-09-01,102.1129,104.177,101.6739,104.0649,493100
2020-09-02,104.2797,106.4279,103.5232,105.9142,651600
2020-09-03,105.6246,106.2971,101.403,102.5051,575500
2020-09-04,103.8968,103.9435,101.4217,102.3837,603400
2020-09-08,101.6085,102.748,100.4504,101.0014,740500
2020-09-09,101.9727,105.139,101.6739,104.1489,797100
2020-09-10,104.1583,105.0829,103.4951,103.5605,1026300
2020-09-11,103.7753,105.8955,103.738,105.3538,562000
2020-09-14,106.2878,106.9789,105.4565,106.185,716400
2020-09-15,106.4746,107.2498,105.7461,106.4559,668100
2020-09-16,107.1844,108.6881,106.1757,107.7261,558500
2020-09-17,106.4185,108.1931,105.4565,107.7635,694200
2020-09-18,107.7448,108.4733,104.7,105.167,1069500
2020-09-21,103.271,103.4391,98.9466,100.3569,744900
2020-09-22,100.0581,100.6465,99.1801,100.4597,1008800
2020-09-23,100.5624,102.0194,99.6098,99.8899,1803500
2020-09-24,99.8899,101.7112,98.8065,100.0674,665100
2020-09-25,99.3296,101.9074,99.0587,101.3376,630700
2020-09-28,103.1309,103.4484,101.4684,101.5991,762800
2020-09-29,101.6552,101.898,100.5064,101.0948,504200
2020-09-30,101.6739,103.0281,100.1795,101.1882,894700
2020-10-01,101.8046,102.3744,99.2829,100.0674,623100
2020-10-02,98.545,103.7847,98.4423,102.7853,812100
2020-10-05,103.9435,105.1576,103.3924,103.9808,522300
2020-10-06,104.1676,105.2324,102.6452,102.8227,437500
2020-10-07,104.1116,105.5873,103.5605,104.3264,522400
2020-10-08,104.9522,105.5125,103.6913,105.4752,444600
2020-10-09,106.2971,106.7454,104.8961,105.6153,500200
2020-10-12,106.3718,106.9416,105.6713,106.4466,610000
2020-10-13,106.2411,106.9696,104.5412,105.0082,475400
2020-10-14,105.4939,107.1003,105.4939,106.1197,564800
2020-10-15,104.6626,106.6707,104.4385,106.3812,404800
2020-10-16,106.8575,107.8008,106.3905,106.54,650300
2020-10-19,106.9883,108.3332,105.0269,105.3258,686100
2020-10-20,105.6153,108.9776,105.1857,106.6987,1043300
2020-10-21,106.4279,107.7635,106.1664,106.2224,687900
2020-10-22,106.8575,108.1371,106.5306,107.6327,528400
2020-10-23,108.5387,108.8376,107.5954,108.5947,532500
2020-10-26,107.3058,107.3712,104.9242,106.3065,584900
2020-10-27,106.4559,106.6894,104.1396,104.1863,671400
2020-10-28,102.0194,103.4765,101.3376,102.0755,1303200
2020-10-29,101.2629,103.7473,100.8706,102.8227,794800
2020-10-30,102.5798,103.8314,102.2249,103.4017,991300
2020-11-02,105.1763,107.53,104.9895,107.2871,654800
2020-11-03,108.8842,110.36,108.3986,109.426,624600
2020-11-04,108.5667,109.5194,105.6246,106.54,685700
2020-11-05,108.0437,111.1725,108.0437,109.6221,539600
2020-11-06,110.1732,110.3973,106.3438,108.7348,858300
2020-11-09,113.3767,118.9806,111.7049,111.817,1014100
2020-11-10,112.368,114.5068,111.6862,111.901,1689000
2020-11-11,112.6015,113.2833,110.3413,112.8911,804800
2020-11-12,112.4521,113.0965,111.1258,112.0785,581600
2020-11-13,112.9938,114.8058,112.0598,114.208,639600
2020-11-16,116.3375,117.5797,114.236,117.4956,944000
2020-11-17,116.7017,117.561,114.7124,117.1314,600400
2020-11-18,117.6544,118.4856,116.1507,116.1507,750100
2020-11-19,115.5716,116.7484,114.8898,116.4496,473300
2020-11-20,116.4589,116.9165,114.7964,115.3288,537300
2020-11-23,114.647,116.4496,114.647,115.2821,790800
2020-11-24,116.0666,118.6538,115.9265,118.0,797300
2020-11-25,117.2808,117.7105,115.0673,115.9265,1412900
2020-11-27,116.3063,116.8408,115.7906,116.1656,256600
2020-11-30,115.2185,115.6218,113.4931,114.4308,1025100
2020-12-01,115.9125,117.1221,114.8997,115.0029,741800
2020-12-02,114.5527,115.7155,113.9901,114.6746,981000
2020-12-03,114.9466,115.6968,113.3993,113.5963,691500
2020-12-04,114.3277,115.95,114.1495,115.8468,1520400
2020-12-07,115.5936,115.6217,113.9526,114.6278,1062600
2020-12-08,113.8026,115.181,113.5588,114.3371,875800
2020-12-09,114.6184,115.8468,114.037,115.5655,604400
2020-12-10,115.3967,115.4342,112.6398,113.8119,658500
2020-12-11,113.0149,114.3277,112.9211,113.8119,663800
2020-12-14,115.0591,115.2467,112.5179,112.6492,525600
2020-12-15,113.7557,114.6841,112.5648,114.2527,536300
2020-12-16,114.759,114.881,113.2118,113.3431,503200
2020-12-17,113.962,116.2125,112.9961,116.0531,918500
2020-12-18,116.0344,117.8629,114.8716,116.1469,1690400
2020-12-21,113.5588,116.8689,113.5025,116.1563,609400
2020-12-22,116.2594,116.9439,115.4248,115.753,654000
2020-12-23,116.522,117.5535,115.9312,115.9406,1218800
2020-12-24,116.0156,116.3438,115.0497,116.2969,178300
2020-12-28,118.0317,118.3412,116.4751,116.5407,485200
2020-12-29,116.9064,117.7973,114.8247,115.8187,626800
2020-12-30,115.8562,117.4785,115.8562,116.6814,458100
2020-12-31,116.6533,118.5662,116.0156,118.388,556800
2021-01-04,118.3599,118.8569,115.0122,115.6593,745600
2021-01-05,115.8937,117.4128,115.453,116.3344,572300
2021-01-06,117.9942,120.7793,117.3566,119.6165,760000
2021-01-07,120.0572,121.642,118.2943,121.3888,622500
2021-01-08,121.4544,122.289,119.6071,121.3888,549500
2021-01-11,120.1322,121.5482,120.1322,120.7605,351700
2021-01-12,120.8543,121.8389,120.2447,121.5294,862400
2021-01-13,121.145,121.4919,119.2039,119.2039,1156200
2021-01-14,119.7665,120.3666,118.5381,119.0351,791600
2021-01-15,118.163,118.2005,115.8187,117.5722,598800
2021-01-19,118.5006,119.504,117.5253,117.6941,818000
2021-01-20,118.088,118.5287,117.0846,118.163,747800
2021-01-21,118.0692,118.2568,116.7001,117.1971,526600
2021-01-22,116.5501,118.0036,115.7436,117.516,615200
2021-01-25,117.1596,118.9882,116.2594,117.2815,863500
2021-01-26,118.5569,118.6225,115.7624,116.5126,744500
2021-01-27,114.9466,115.528,111.2238,111.5333,1397000
2021-01-28,112.6023,114.8247,110.1267,110.6518,2015200
2021-01-29,110.0704,111.1019,108.842,109.2358,880700
2021-02-01,110.1642,110.4736,108.6638,110.258,898400
2021-02-02,111.2613,113.3337,110.5393,111.9084,640200
2021-02-03,111.3645,113.6244,110.905,113.3056,739600
2021-02-04,113.4931,113.9057,111.8521,112.3678,622400
2021-02-05,113.2212,114.7684,113.0618,113.5213,557100
2021-02-08,114.037,114.8434,112.7242,113.3618,724500
2021-02-09,113.3618,113.4275,112.1241,112.8555,360600
2021-02-10,113.3524,115.453,112.8555,115.1341,684000
2021-02-11,115.4905,115.6311,112.4898,114.4965,567200
2021-02-12,114.3464,115.2185,113.8213,115.0872,289200
2021-02-16,115.7624,116.0344,114.0558,114.0745,624000
2021-02-17,113.6338,114.3933,112.2178,113.118,615300
2021-02-18,112.893,113.8307,111.5333,113.4087,442100
2021-02-19,113.7932,115.256,113.7088,114.6371,676300
2021-02-22,113.8588,114.7215,113.3337,114.534,1144800
2021-02-23,115.031,115.9218,112.8086,114.384,804200
2021-02-24,114.1589,117.9286,113.5963,117.6848,723300
2021-02-25,118.0755,118.3767,116.6068,117.0022,1099000
2021-02-26,117.2281,117.5106,115.43,116.0419,1084800
2021-03-01,117.1246,121.8695,117.1246,119.9113,1176500
2021-03-02,119.883,120.6362,119.0263,119.7041,871400
2021-03-03,119.7983,121.5211,119.4405,119.5535,686700
2021-03-04,119.5817,120.0713,116.3432,118.019,719300
2021-03-05,119.2899,122.9898,118.6309,122.4437,807900
2021-03-08,123.0745,125.5034,122.7732,124.063,774600
2021-03-09,124.6844,124.6844,123.1216,123.2534,894600
2021-03-10,123.1122,126.7838,122.5473,125.2775,668900
2021-03-11,125.1739,126.9815,124.7409,126.0212,729100
2021-03-12,126.8873,128.0829,126.6425,127.8758,922300
2021-03-15,127.3298,127.9229,125.5787,127.8099,737500
2021-03-16,127.311,127.7723,124.7032,127.6217,897000
2021-03-17,128.469,129.3916,127.1886,128.902,700300
2021-03-18,128.9114,130.0976,128.4595,129.1656,701700
2021-03-19,128.789,129.2692,126.6331,127.6122,1566500
2021-03-22,127.6311,128.7702,126.8497,128.4501,687300
2021-03-23,127.4051,128.5349,125.221,125.7953,938400
2021-03-24,126.7085,129.0432,126.6237,127.7252,639700
2021-03-25,127.7064,130.1635,126.2283,129.6363,686600
2021-03-26,130.4649,131.8958,129.5046,131.7076,525500
2021-03-29,131.1709,131.9617,129.6552,130.1353,719400
2021-03-30,130.3895,130.9449,129.6834,130.2765,668300
2021-03-31,130.06,130.7661,128.5725,129.0997,604400
2021-04-01,129.6928,129.9564,127.7346,129.8529,498400
2021-04-05,131.0673,132.4701,130.2671,131.9617,623800
2021-04-06,131.8393,132.856,131.0956,131.3592,566000
2021-04-07,131.0956,131.6039,130.2765,130.9355,435100
2021-04-08,130.4083,131.0579,129.7682,130.4083,473000
2021-04-09,131.2462,131.8958,130.3048,131.764,350600
2021-04-12,131.7546,132.5171,131.2556,132.2629,597300
2021-04-13,131.4816,131.651,130.2201,130.5401,559300
2021-04-14,130.0788,131.3121,129.8434,130.2012,700300
2021-04-15,130.3613,131.2839,129.5893,131.218,565100
2021-04-16,132.5831,132.9408,131.3309,132.3383,737600
2021-04-19,132.3383,132.5736,130.7378,132.2065,801300
2021-04-20,136.2641,138.2976,135.3603,136.3771,1345300
2021-04-21,136.7254,140.1334,136.6595,140.1146,1103400
2021-04-22,140.5853,140.6512,138.4388,138.9095,802100
2021-04-23,138.7213,140.0204,138.4106,139.465,576200
2021-04-26,139.9828,140.4911,137.6009,137.8174,710000
2021-04-27,137.8269,139.4273,136.763,139.2767,751900
2021-04-28,139.7098,140.9807,138.9849,139.4273,1146000
2021-04-29,140.2841,142.8354,139.9075,142.4682,611300
2021-04-30,141.442,142.1857,139.9545,140.4535,930800
2021-05-03,141.5926,142.1951,139.8039,140.9995,640800
2021-05-04,140.7642,143.0236,140.2558,142.6659,616900
2021-05-05,142.6753,142.9107,140.67,142.0069,685200
2021-05-06,142.8259,143.8709,142.0445,143.7297,612200
2021-05-07,143.146,144.6335,142.713,143.9557,817900
2021-05-10,144.9818,146.6482,144.4169,144.464,638600
2021-05-11,143.5697,143.5697,140.8301,141.3949,728000
2021-05-12,141.5456,141.9316,137.7139,137.8269,699800
2021-05-13,138.034,141.4608,138.034,140.8112,675400
2021-05-14,141.4514,143.3155,141.4514,142.5341,625900
2021-05-17,142.2046,142.826,140.3029,141.5268,503900
2021-05-18,141.5644,141.8186,139.0884,139.1449,534600
2021-05-19,137.4597,138.7589,136.5465,138.7401,525200
2021-05-20,139.0225,139.8227,137.8928,139.3991,506900
2021-05-21,140.2276,141.056,139.0978,139.5874,451700
2021-05-24,140.4064,141.1407,139.3708,140.7359,887300
2021-05-25,140.7171,141.4891,140.124,140.2746,797600
2021-05-26,140.2652,140.5947,139.2484,140.171,449800
2021-05-27,141.4793,142.5183,140.9881,141.9232,828100
2021-05-28,142.4333,142.575,141.3943,142.1594,491900
2021-06-01,143.5763,143.8407,142.6317,142.7545,432400
2021-06-02,143.2362,143.8407,142.1594,142.8584,541300
2021-06-03,142.4995,143.7841,141.6966,143.6141,614200
2021-06-04,143.7463,144.927,143.7463,144.6625,467200
2021-06-07,144.7948,145.2388,142.6317,143.2268,425200
2021-06-08,142.8301,143.7652,141.9233,143.5952,416900
2021-06-09,143.6235,143.6235,142.0838,142.3105,370800
2021-06-10,143.5763,143.6046,141.7249,141.961,466400
2021-06-11,142.5562,143.5763,141.9327,143.3496,675300
2021-06-14,143.1229,143.7652,141.1487,142.0083,532000
2021-06-15,142.2823,143.2552,141.3377,142.9812,457300
2021-06-16,142.49,143.2551,141.366,141.6777,661400
2021-06-17,141.8666,141.8666,136.8792,137.6821,767600
2021-06-18,135.8874,136.388,134.9995,135.0373,997100
2021-06-21,136.048,138.4189,135.8024,138.1922,575100
2021-06-22,138.1166,139.7413,137.2665,139.1367,557400
2021-06-23,139.4673,139.9207,138.1922,138.7684,921800
2021-06-24,139.0706,139.5807,137.8238,139.4957,464600
2021-06-25,140.0813,141.2526,139.8452,141.0353,695900
2021-06-28,140.9409,141.2242,139.6563,140.7331,488000
2021-06-29,141.2243,141.9138,140.5347,140.9598,595300
2021-06-30,140.9692,142.3767,140.4119,142.2539,591200
2021-07-01,142.9151,143.3401,142.0744,142.5939,772800
2021-07-02,143.3968,143.8691,141.9894,143.3874,470700
2021-07-06,142.934,143.359,140.497,142.2255,598900
2021-07-07,141.9044,144.8609,141.9044,144.5965,649300
2021-07-08,142.7545,144.1619,141.3282,142.7639,1040600
2021-07-09,144.757,145.1443,144.0674,144.9554,676300
2021-07-12,144.0486,146.3722,143.718,146.2967,623000
2021-07-13,146.3628,147.0429,145.4749,145.8527,512700
2021-07-14,146.3723,147.194,145.7961,146.6934,760600
2021-07-15,145.9944,148.0064,145.9944,147.024,682500
2021-07-16,147.3735,148.1669,146.1455,146.3628,890200
2021-07-19,144.5681,144.8137,142.15,143.548,1270900
2021-07-20,144.0769,154.6657,144.0769,153.1543,1744700
2021-07-21,154.25,156.5737,154.1745,154.9962,1791000
2021-07-22,155.5913,155.8464,154.0706,155.6952,899700
2021-07-23,156.6493,157.1215,154.3067,155.1852,929700
2021-07-26,154.8923,155.988,152.8804,153.8816,1120500
2021-07-27,153.2205,155.4875,152.427,154.7507,953700
2021-07-28,154.9774,155.0718,153.2204,153.9289,1273800
2021-07-29,154.9018,156.1203,154.3256,155.9597,566700
2021-07-30,155.6952,158.0284,155.1001,157.8583,1122600
2021-08-02,158.2173,159.6531,157.6033,157.6883,694700
2021-08-03,158.5007,160.5504,157.66,160.267,935800
2021-08-04,159.5302,160.2387,157.8394,158.7557,910600
2021-08-05,159.4452,160.4276,159.0768,159.8136,809200
2021-08-06,160.6071,161.2305,159.483,160.097,719300
2021-08-09,159.8703,160.0781,158.869,159.6908,766800
2021-08-10,159.9364,162.449,159.8419,162.2317,771000
2021-08-11,162.5907,163.5447,161.9673,162.9307,693100
2021-08-12,162.6096,163.2235,161.6933,162.5246,1065400
2021-08-13,162.5718,163.1197,161.665,162.1279,741600
2021-08-16,162.0239,164.3665,160.9849,164.3193,576200
2021-08-17,163.6391,164.0359,161.92,163.4313,586600
2021-08-18,162.7985,164.4421,161.8634,162.0051,719800
2021-08-19,160.7771,164.0548,160.6165,162.8646,1403700
2021-08-20,162.9213,163.5636,161.9389,163.1291,1323800
2021-08-23,163.6675,164.6593,163.2708,163.5069,556500
2021-08-24,163.5164,164.9049,163.2708,164.5743,516800
2021-08-25,164.6215,165.5472,164.2154,164.7916,550300
2021-08-26,164.546,164.801,163.9037,164.3948,587300
2021-08-27,165.1883,165.6133,164.6026,164.9144,491400
2021-08-30,165.5775,167.1026,165.1701,166.5247,419400
2021-08-31,166.43,166.43,164.8291,165.1701,794600
2021-09-01,165.6059,165.6059,163.4081,164.7249,451400
2021-09-02,165.6438,166.7711,165.1323,166.7142,466100
2021-09-03,166.269,166.951,165.4069,165.7101,556900
2021-09-07,165.047,165.1986,163.4745,163.6639,526500
2021-09-08,163.5692,166.2122,162.8966,165.6343,644200
2021-09-09,165.7764,167.1595,165.4259,165.6248,684900
2021-09-10,166.5816,166.7994,164.327,164.4122,708700
2021-09-13,165.8332,166.0795,160.4337,161.703,991700
2021-09-14,162.2714,162.7261,157.5823,158.1696,1413200
2021-09-15,157.8854,159.6095,157.5065,158.8612,1454600
2021-09-16,158.9275,159.0222,154.731,155.593,1493700
2021-09-17,154.513,155.3467,152.9689,154.0678,1402300
2021-09-20,151.567,154.1815,150.7713,153.9731,1371400
2021-09-21,154.9867,154.9867,152.268,152.7416,585700
2021-09-22,154.0015,155.1383,153.4237,153.6984,693000
2021-09-23,154.7215,155.9908,154.3425,154.9204,579400
2021-09-24,154.4846,154.9488,153.2058,153.3668,376300
2021-09-27,153.1111,154.2952,153.0637,153.1395,614100
2021-09-28,152.5711,152.5711,149.2461,150.4681,757500
2021-09-29,151.0839,151.5196,150.6671,150.9039,471400
2021-09-30,151.7375,151.747,147.2663,147.3042,803500
2021-10-01,148.0241,149.7766,146.0537,148.6114,548300
2021-10-04,148.1757,149.9661,146.7926,147.7683,683300
2021-10-05,148.2515,150.7523,147.2,149.7861,671800
2021-10-06,148.4314,150.8186,146.6126,150.686,681800
2021-10-07,151.6617,152.6658,151.2923,151.3775,707500
2021-10-08,150.5723,150.5723,148.4314,149.5208,546100
2021-10-11,149.3029,150.4302,148.4125,148.4125,522600
2021-10-12,148.8103,150.7523,148.3083,148.8103,625600
2021-10-13,149.1703,149.8903,148.1378,149.0851,563900
2021-10-14,149.7766,154.2194,149.7766,153.9447,657900
2021-10-15,155.3088,157.7623,154.532,156.4077,887800
2021-10-18,155.3846,158.6433,155.2804,157.9991,1031600
2021-10-19,163.9386,165.047,157.4118,159.0601,1746700
2021-10-20,160.5663,162.2146,158.9559,159.9505,1037200
2021-10-21,158.8611,160.8126,157.7433,160.6515,499400
2021-10-22,161.2104,162.224,160.1684,160.2915,532600
2021-10-25,159.6095,160.661,158.8233,159.7516,533600
2021-10-26,160.0358,160.2726,158.5296,158.5769,389900
2021-10-27,159.1075,159.7801,156.7392,156.9003,481300
2021-10-28,157.4308,160.2253,157.2697,160.159,433900
2021-10-29,159.7516,161.3431,159.1359,160.1684,650700
2021-11-01,160.3768,161.2199,159.0601,160.8126,460600
2021-11-02,161.3146,162.9629,160.8789,162.404,430500
2021-11-03,161.7694,162.3946,159.6285,161.04,358100
2021-11-04,161.8167,164.1471,161.7315,163.0671,384700
2021-11-05,164.4975,165.1038,161.8735,162.2619,586200
2021-11-08,163.9386,165.0185,162.5177,164.4691,572600
2021-11-09,164.1186,166.2405,163.8534,166.1458,393000
2021-11-10,166.1458,167.3394,165.1701,165.5395,391600
2021-11-11,165.4827,165.5775,161.8546,162.1293,563300
2021-11-12,162.9156,163.7776,160.9547,163.7492,564700
2021-11-15,163.8818,165.748,162.9345,164.3555,644100
2021-11-16,164.6207,168.5993,164.6207,167.3205,600000
2021-11-17,167.131,168.5993,165.227,166.1648,484500
2021-11-18,166.5153,167.671,165.7953,167.2731,668800
2021-11-19,168.1446,168.8077,166.6953,166.7711,539000
2021-11-22,167.0078,168.9214,166.5721,166.6289,432700
2021-11-23,166.8563,167.4152,165.5111,166.7047,412500
2021-11-24,165.8711,167.3584,165.1038,166.951,452000
2021-11-26,162.3851,164.4217,161.6935,162.2146,546500
2021-11-29,163.8201,165.2167,162.338,163.2216,785900
2021-11-30,162.0055,162.7181,155.2411,155.6686,1728800
2021-12-01,157.5973,160.666,154.6901,154.6996,779300
2021-12-02,155.3931,159.4024,155.0321,158.1198,695800
2021-12-03,158.6518,159.5829,155.8111,158.6708,855200
2021-12-06,160.4474,162.3001,159.7729,161.502,525500
2021-12-07,163.4117,166.3759,162.7466,163.6492,720500
2021-12-08,163.8772,163.8772,161.7585,163.2691,473500
2021-12-09,162.7086,164.8938,162.3096,163.0506,331800
2021-12-10,162.5471,164.0102,161.8345,162.8036,552200
2021-12-13,163.3831,164.0672,161.8345,163.1741,533000
2021-12-14,162.4901,163.4496,158.0247,159.6779,724600
2021-12-15,160.5235,163.2786,159.5354,163.0981,812000
2021-12-16,164.3617,166.6989,163.5446,163.7157,1019200
2021-12-17,164.2192,167.3734,161.73,161.787,1729300
2021-12-20,161.4165,162.0056,157.7968,160.0294,939800
2021-12-21,161.3785,163.3547,159.7349,162.7751,556100
2021-12-22,162.7656,163.9057,162.3571,163.8772,388000
2021-12-23,164.7132,165.8153,164.1052,165.0648,470900
2021-12-27,165.4448,169.9576,165.0552,169.7106,466000
2021-12-28,169.5871,171.0502,169.5871,170.8317,402600
2021-12-29,170.9552,172.7033,170.1951,172.4088,367800
2021-12-30,173.1213,173.8244,171.5252,171.6487,302700
2021-12-31,172.0478,173.6344,171.5347,172.5323,346300
2022-01-03,172.5703,174.5464,168.4375,169.4256,786100
2022-01-04,170.9742,173.8624,170.6322,172.4088,808600
2022-01-05,172.9123,173.7199,170.0431,170.3851,758800
2022-01-06,171.5442,173.7674,170.8602,172.4088,752800
2022-01-07,173.3209,174.86,172.1713,173.7864,1057500
2022-01-10,171.6963,172.1428,168.4755,170.3947,681000
2022-01-11,171.1927,171.9623,167.82,171.7058,533000
2022-01-12,172.6938,173.8909,171.3067,172.2378,392100
2022-01-13,172.9978,173.0548,170.6797,171.3732,527500
2022-01-14,170.1096,170.1096,167.4399,169.5681,718700
2022-01-18,167.7155,169.6631,165.8533,169.5301,975100
2022-01-19,170.3376,171.0122,167.668,168.732,654300
2022-01-20,169.5871,170.6417,165.7013,165.9578,989600
2022-01-21,166.0718,167.5444,164.0862,164.8652,650000
2022-01-24,162.4331,165.4923,158.2148,165.0173,1095100
2022-01-25,162.3191,163.8297,157.6162,162.1481,935500
2022-01-26,162.9081,166.1098,160.2574,161.4355,883600
2022-01-27,165.4638,166.3569,156.1627,160.286,1438700
2022-01-28,160.2004,160.3239,154.006,158.6898,1205600
2022-01-31,157.5782,161.5115,156.3621,161.426,1536900
2022-02-01,161.35,162.1196,157.8728,161.217,1019600
2022-02-02,160.8275,162.8511,159.8109,161.7585,952400
2022-02-03,160.571,161.7206,154.8041,155.3931,977800
2022-02-04,154.025,156.6282,149.7782,155.0036,1466800
2022-02-07,155.0986,155.6686,153.398,154.0535,696400
2022-02-08,154.595,157.1412,152.8089,156.5902,779400
2022-02-09,158.2053,160.1244,158.2053,159.2218,492800
2022-02-10,156.5142,158.9463,154.7185,155.7541,784100
2022-02-11,156.2387,156.6187,151.2033,152.2104,888900
2022-02-14,152.4194,153.778,151.4788,153.1129,787400
2022-02-15,155.0891,156.0011,152.6094,153.55,885800
2022-02-16,152.6568,155.7161,152.1723,154.8135,697200
2022-02-17,153.2649,154.0725,151.2603,151.4313,776400
2022-02-18,150.9753,152.7424,150.4147,151.0893,649500
2022-02-22,151.1938,152.6664,149.5977,150.2627,739800
2022-02-23,150.8137,151.1273,146.5574,147.175,841900
2022-02-24,144.4103,147.669,143.7547,147.6025,825100
2022-02-25,148.1077,152.0727,148.1077,151.5676,631100
2022-02-28,149.2801,151.6629,147.8504,149.5088,1003400
2022-03-01,149.1085,149.7185,143.5231,144.562,847400
2022-03-02,146.2014,151.2721,145.9822,149.7852,887500
2022-03-03,151.253,151.539,148.7463,149.7089,444500
2022-03-04,147.0878,147.7359,143.6851,143.8662,1227500
2022-03-07,143.3897,143.9139,139.7963,139.9774,1212200
2022-03-08,140.9973,143.2657,138.8623,139.3388,889200
2022-03-09,143.2943,145.8297,142.7987,144.114,711500
2022-03-10,141.9028,145.01,141.6454,144.8575,893000
2022-03-11,146.3253,147.0974,143.4469,143.5708,773300
2022-03-14,145.2578,147.002,143.9139,144.3237,499600
2022-03-15,145.601,145.9823,143.5803,145.0577,669500
2022-03-16,146.4111,149.6422,145.4198,148.4985,862000
2022-03-17,146.84,150.2046,146.84,149.9568,457500
2022-03-18,150.3094,152.3491,148.3269,151.8059,1105100
2022-03-21,151.8345,152.3396,149.7662,150.7479,590100
2022-03-22,151.7868,153.3023,151.253,151.9202,889600
2022-03-23,150.8336,152.2252,150.2236,150.4333,548600
2022-03-24,150.9385,151.3769,149.0132,149.8615,589700
2022-03-25,150.3476,150.9385,149.3658,150.8622,418600
2022-03-28,150.3762,151.2626,149.0989,151.2149,369000
2022-03-29,153.2642,155.2467,152.6637,155.1133,536000
2022-03-30,154.284,154.8178,152.597,153.0545,646200
2022-03-31,152.5302,153.0926,149.4802,149.5469,756500
2022-04-01,150.9194,151.9774,149.6136,151.1196,637000
2022-04-04,150.0807,151.1387,148.4413,150.5287,817300
2022-04-05,150.5477,151.5676,146.1823,146.7066,867900
2022-04-06,144.8766,147.593,143.9425,147.4977,832600
2022-04-07,146.4302,148.0505,145.477,147.1927,979800
2022-04-08,144.114,146.5445,142.4079,143.809,1223200
2022-04-11,143.809,144.9242,141.9504,142.2363,857400
2022-04-12,142.8559,144.0664,139.9488,140.9401,779900
2022-04-13,140.5588,142.4937,140.5303,142.4079,606200
2022-04-14,142.9321,143.7614,139.4151,139.5294,886100
2022-04-18,139.1196,141.2451,139.0052,139.7487,855000
2022-04-19,140.5588,144.8098,140.3015,144.5715,762100
2022-04-20,147.4786,149.4707,146.9067,148.2316,1154600
2022-04-21,139.6057,144.5715,132.0092,137.404,2189000
2022-04-22,136.3174,136.4604,133.7153,136.2983,1605600
2022-04-25,135.5549,136.4603,132.4858,135.5739,1311700
2022-04-26,134.5255,136.0792,132.524,132.5335,1577000
2022-04-27,132.543,134.9926,131.4564,131.5231,1827600
2022-04-28,132.2571,134.0585,130.0267,132.9529,1392400
2022-04-29,132.1617,132.9719,126.4715,127.0529,2175800
2022-05-02,126.7861,128.7876,124.8893,128.0728,1158300
2022-05-03,128.1109,130.3031,127.4342,129.6645,843000
2022-05-04,129.4644,132.1999,128.0252,131.7615,988300
2022-05-05,130.3984,131.3802,127.7487,128.8925,1051200
2022-05-06,128.0919,128.3683,125.3468,126.7765,888800
2022-05-09,125.1753,127.1482,124.4127,125.9092,1204400
2022-05-10,127.1482,127.9489,122.2968,123.8599,979600
2022-05-11,123.3357,126.5668,122.5256,123.9839,1075600
2022-05-12,123.4596,125.2515,122.516,125.1943,892000
2022-05-13,126.3571,127.9393,124.8702,126.605,826400
2022-05-16,125.5756,127.7296,124.4699,127.1196,1014600
2022-05-17,129.6073,129.8551,127.1768,129.5311,703100
2022-05-18,127.7964,128.0347,122.9354,123.3262,753400
2022-05-19,122.4016,124.7654,121.0863,123.4691,978100
2022-05-20,124.6034,125.0037,121.601,124.651,1779000
2022-05-23,126.3572,127.0339,124.1078,124.6701,747900
2022-05-24,124.1554,125.0513,121.3818,124.7178,685400
2022-05-25,123.4787,123.9457,121.8202,123.6788,1481100
2022-05-26,125.2992,127.6344,125.2325,126.8242,572600
2022-05-27,128.2019,128.7855,127.3695,128.7281,661400
2022-05-31,126.2693,129.1395,125.4082,128.1158,2105100
2022-06-01,128.5559,129.2543,125.4178,127.0347,644300
2022-06-02,127.7522,129.6944,126.8338,129.6657,991500
2022-06-03,128.5463,129.2925,126.8625,127.6565,713700
2022-06-06,128.3071,128.8237,127.0347,127.4269,751300
2022-06-07,126.5276,130.3066,126.0205,130.2301,625600
2022-06-08,129.0151,129.7039,128.087,128.795,514100
2022-06-09,128.1923,129.6465,126.9199,126.9677,647100
2022-06-10,124.7098,125.1307,122.4806,122.8537,682000
2022-06-13,120.2419,120.9212,117.984,118.5963,631500
2022-06-14,118.6441,119.5147,116.7689,117.6778,705100
2022-06-15,118.8068,120.2323,116.8837,118.6919,666300
2022-06-16,116.1758,116.1758,113.7648,114.6354,796900
2022-06-17,113.9179,115.4965,112.1384,112.2149,1812800
2022-06-21,113.7552,115.0468,113.1142,114.0614,996500
2022-06-22,112.4828,115.2095,112.4732,114.2527,783600
2022-06-23,113.9657,115.7165,112.1001,113.4491,2012100
2022-06-24,114.8076,118.1562,114.6067,117.8883,1232300
2022-06-27,118.625,119.1129,116.9985,117.7448,966100
2022-06-28,119.1608,119.4574,116.2427,116.5106,1038300
2022-06-29,116.5872,116.5872,114.1092,116.0131,969500
2022-06-30,114.6833,116.9316,114.2049,116.0705,1191400
2022-07-01,116.2714,117.8979,115.1521,117.1134,562500
2022-07-05,115.1616,116.635,113.8222,116.5011,732300
2022-07-06,116.6733,118.1562,115.3243,116.7977,1150400
2022-07-07,117.1995,118.4145,115.8313,118.2614,830900
2022-07-08,118.0605,118.4241,116.0131,116.5106,788300
2022-07-11,116.5106,117.4769,115.8696,116.0801,600100
2022-07-12,115.6687,118.1179,115.1521,115.5443,698200
2022-07-13,113.5735,115.1425,112.9516,114.5398,539600
2022-07-14,112.6359,113.4395,111.6122,112.8272,924500
2022-07-15,114.7885,116.1853,113.9274,115.3147,1087100
2022-07-18,115.86,116.5489,114.2432,114.7885,944600
2022-07-19,116.4245,119.7635,116.1184,119.5052,834200
2022-07-20,119.5913,120.328,118.6537,120.261,1254000
2022-07-21,119.9357,122.4232,117.9744,121.9257,1737500
2022-07-22,122.1553,123.8774,121.9831,123.0738,1583000
2022-07-25,122.9303,122.9781,120.395,121.189,1007200
2022-07-26,120.6246,122.0118,119.8496,121.7248,841900
2022-07-27,121.9066,124.9872,121.7056,124.4706,891300
2022-07-28,124.8916,126.6998,124.2027,126.0971,832300
2022-07-29,126.5946,128.3645,125.4943,127.8957,1428400
2022-08-01,126.7668,126.939,125.4847,126.5563,963200
2022-08-02,126.0779,127.647,125.3413,125.4561,618000
2022-08-03,126.3458,127.7331,125.3221,127.4078,902900
2022-08-04,127.5131,127.5896,126.3267,126.7285,775700
2022-08-05,125.9248,128.2401,125.5996,128.2306,759400
2022-08-08,129.3691,130.0292,128.1158,128.6802,730300
2022-08-09,128.2689,128.2689,125.5709,126.1449,655600
2022-08-10,128.6994,130.3832,128.2305,129.9527,663300
2022-08-11,130.8616,131.7322,130.2014,130.5746,554900
2022-08-12,131.0242,133.4543,130.8137,133.4447,755700
2022-08-15,132.4976,134.2675,132.1914,134.2101,696400
2022-08-16,133.7413,135.7983,133.3395,135.2147,668000
2022-08-17,133.617,134.0762,132.976,133.0716,544100
2022-08-18,133.1864,134.4589,132.8803,134.3728,532300
2022-08-19,133.4734,133.4734,131.1582,131.9044,575900
2022-08-22,129.857,129.857,127.2929,128.0488,1275000
2022-08-23,127.647,128.6228,126.9868,127.3791,743700
2022-08-24,127.3504,127.8,126.6041,127.226,798300
2022-08-25,128.1062,129.2065,127.6374,129.1299,828100
2022-08-26,129.436,129.436,122.3658,122.4519,822800
2022-08-29,121.5143,122.8538,121.2369,121.9162,584000
2022-08-30,122.1899,122.5741,120.2016,121.0565,1481800
2022-08-31,121.6424,121.6424,119.4716,120.0287,1534000
2022-09-01,120.8644,124.0053,120.0479,123.9669,1205700
2022-09-02,125.2252,125.8207,122.6029,122.9199,1457700
2022-09-06,123.7748,123.7748,121.6616,123.2465,1005600
2022-09-07,123.1889,125.1099,122.699,124.3895,1668500
2022-09-08,123.2849,123.3617,121.3158,122.8046,1564400
2022-09-09,123.2081,124.7257,123.0736,124.3607,1105900
2022-09-12,125.1388,126.4643,124.1206,125.3309,1145400
2022-09-13,122.5837,123.7172,121.4215,121.8249,1402400
2022-09-14,121.8825,123.3521,121.0372,122.0458,1420600
2022-09-15,122.0458,123.1312,117.1471,117.6658,1461900
2022-09-16,116.0521,117.4833,115.0147,116.1385,1402200
2022-09-19,115.495,120.1344,115.0147,120.0863,1184600
2022-09-20,118.9529,118.9529,116.6764,117.8483,992400
2022-09-21,119.097,120.9796,117.2239,117.2912,983300
2022-09-22,116.9934,117.4064,114.9571,115.4085,951100
2022-09-23,114.7746,116.0425,113.305,115.0243,1244200
2022-09-26,114.6113,116.3595,112.9976,113.2953,1368600
2022-09-27,114.1022,114.7745,110.4809,112.0658,1117300
2022-09-28,113.132,115.7543,112.4597,115.0915,1191100
2022-09-29,114.0638,114.0926,112.2868,113.2473,770400
2022-09-30,113.5451,114.6689,111.7777,111.9794,899600
2022-10-03,113.6123,116.3882,112.9591,115.3509,795400
2022-10-04,116.9934,119.6733,116.9454,119.51,864700
2022-10-05,117.8291,120.2112,117.8291,119.1834,618600
2022-10-06,118.8376,120.5954,118.5207,118.6263,788700
2022-10-07,117.272,117.6658,115.2068,115.956,761800
2022-10-10,116.9934,117.2816,114.3615,115.86,625700
2022-10-11,115.6006,117.2239,114.7361,114.8514,935100
2022-10-12,114.8994,115.3989,112.7286,112.7382,1215200
2022-10-13,110.3753,117.9635,109.9719,116.8781,1168500
2022-10-14,117.6466,118.4342,114.5056,114.861,1099400
2022-10-17,117.32,117.6946,116.3594,116.7533,1167500
2022-10-18,119.4139,120.3553,117.2719,118.5399,1169900
2022-10-19,117.3488,118.2613,115.5238,116.5708,1033000
2022-10-20,115.2164,118.2805,113.1512,114.3999,1605400
2022-10-21,114.544,120.5858,114.544,119.923,1849800
2022-10-24,120.874,122.5069,120.6434,121.1717,1260600
2022-10-25,120.8355,122.5549,120.5762,122.2667,1208900
2022-10-26,123.1312,123.8324,120.8932,122.5261,1762200
2022-10-27,123.8804,124.4472,122.4781,122.9775,704300
2022-10-28,123.3713,126.9061,123.3425,126.6852,946900
2022-10-31,125.5038,126.301,124.7161,125.5326,958900
2022-11-01,127.3864,127.6073,125.3885,127.4632,856900
2022-11-02,126.7428,129.855,125.3885,125.619,1449300
2022-11-03,124.063,126.57,122.9487,125.158,1063000
2022-11-04,127.2231,128.2413,125.6766,127.809,854800
2022-11-07,128.3181,129.3363,127.3576,129.1058,722300
2022-11-08,128.5006,128.9713,124.7834,126.6564,1377500
2022-11-09,125.5422,127.6361,124.9082,125.0715,994900
2022-11-10,129.7397,132.2563,129.0289,131.9297,921500
2022-11-11,132.1123,136.3002,132.1123,135.3781,1141600
2022-11-14,134.7441,138.1924,134.7441,135.6854,1240900
2022-11-15,137.6065,138.6919,135.0227,136.5499,761600
2022-11-16,136.5115,137.5297,135.5702,135.7527,939500
2022-11-17,133.8316,133.8316,131.5455,133.4954,695200
2022-11-18,135.2052,135.2052,132.5925,133.9661,683400
2022-11-21,133.5146,135.0515,133.4378,134.7729,676900
2022-11-22,135.5894,136.6652,135.0995,136.5403,836500
2022-11-23,136.694,137.9907,136.6268,137.1262,670500
2022-11-25,137.5105,137.9811,136.9341,137.3472,237900
2022-11-28,136.3674,136.8477,133.6203,133.8316,960600
2022-11-29,133.499,135.1861,133.499,134.357,852500
2022-11-30,134.3859,136.8442,132.1012,136.8442,1450300
2022-12-01,137.8564,138.3577,136.6514,137.3648,769600
2022-12-02,135.8802,138.9844,135.3692,138.3288,679000
2022-12-05,136.5068,136.8924,135.4174,135.938,806900
2022-12-06,135.7934,136.4393,133.4219,134.7426,581700
2022-12-07,134.0389,135.3982,133.1713,133.3737,807200
2022-12-08,134.0003,134.0003,131.7252,132.3229,1102000
2022-12-09,132.4964,133.4797,132.1397,132.3518,864000
2022-12-12,133.0363,135.3018,132.3807,135.2536,845300
2022-12-13,138.9458,139.3314,135.9766,137.4612,782600
2022-12-14,137.4515,138.8012,135.1089,135.6391,811600
2022-12-15,133.3158,134.2028,129.2766,129.8357,1391300
2022-12-16,128.3029,129.8453,127.1653,128.6789,2313900
2022-12-19,128.5343,129.6815,126.9629,127.6184,767100
2022-12-20,127.522,128.997,127.0111,128.4571,632700
2022-12-21,129.5368,130.5587,129.103,129.9996,747200
2022-12-22,129.1802,129.4501,126.6834,128.9199,696700
2022-12-23,128.7271,130.0574,128.486,129.8743,367500
2022-12-27,130.1249,131.5709,129.344,130.9925,410400
2022-12-28,131.2528,131.6288,128.1486,128.4861,575600
2022-12-29,129.6814,131.8601,129.6814,131.436,637200
2022-12-30,130.6069,130.6647,129.0355,130.5394,546900
2023-01-03,131.0021,131.7252,128.9102,130.2116,798000
2023-01-04,131.1082,131.5902,129.8743,131.2721,592900
2023-01-05,130.3948,131.1564,129.2091,129.5851,549800
2023-01-06,131.0504,134.9161,130.7323,134.4052,649800
2023-01-09,134.5209,136.6418,133.6147,133.9135,1064600
2023-01-10,133.5762,134.8198,132.9978,134.2896,543500
2023-01-11,135.2825,136.8731,134.6944,136.8249,679000
2023-01-12,137.3359,138.4445,135.9766,137.76,849500
2023-01-13,137.0177,139.7749,137.0177,139.1964,639600
2023-01-17,139.264,139.9773,138.3674,139.1193,990400
2023-01-18,139.4664,140.0352,135.1475,135.4657,733800
2023-01-19,134.9451,134.9643,130.9058,130.9925,1093000
2023-01-20,131.5806,134.5498,131.0311,134.3281,749300
2023-01-23,134.6173,137.2684,134.3859,136.6225,495100
2023-01-24,136.555,139.2832,135.7356,138.0589,733800
2023-01-25,136.6128,136.8924,135.0029,136.7478,703200
2023-01-26,137.9721,138.377,135.7838,138.3385,697000
2023-01-27,137.8179,140.5365,137.413,139.7652,975600
2023-01-30,138.5891,139.7845,137.7214,138.1553,1231900
2023-01-31,141.2402,146.9569,138.3577,146.3688,2427200
2023-02-01,146.9762,151.7192,145.8,150.9673,1593600
2023-02-02,152.9339,154.8812,151.9795,153.3966,1246200
2023-02-03,151.8252,154.2256,151.7288,153.869,980000
2023-02-06,152.4133,152.6736,150.2732,150.8323,852100
2023-02-07,149.9454,151.4107,148.2487,150.8419,797600
2023-02-08,149.8104,151.1794,147.6799,148.6054,750500
2023-02-09,149.7526,150.4852,147.3136,147.6413,545500
2023-02-10,146.9569,148.0366,146.4267,147.7377,554700
2023-02-13,148.1812,150.331,147.7474,150.0996,657700
2023-02-14,149.5983,150.4371,147.7956,150.0996,593700
2023-02-15,149.4248,151.0444,148.9235,150.8805,554800
2023-02-16,149.1645,150.3021,148.4704,149.367,656200
2023-02-17,148.8849,149.8104,147.3907,149.7719,664500
2023-02-21,148.268,148.268,142.8308,143.1875,908200
2023-02-22,143.6792,145.347,142.8308,143.3514,715000
2023-02-23,144.1034,144.5854,142.05,143.5635,597200
2023-02-24,141.9536,143.6117,141.0763,143.0622,690100
2023-02-27,144.4019,145.4467,144.0924,145.0984,705300
2023-02-28,145.0984,146.3753,144.8179,145.0017,1074100
2023-03-01,144.46,145.7369,144.3923,145.2145,742900
2023-03-02,144.6922,147.3426,144.015,146.4527,846300
2023-03-03,147.1298,149.9157,146.6171,149.5964,755500
2023-03-06,150.7959,151.831,149.2579,149.2773,777300
2023-03-07,149.4804,150.0221,147.1201,147.8166,926500
2023-03-08,148.0488,149.403,146.6171,147.4877,1518300
2023-03-09,148.368,149.7899,144.6244,145.2532,965200
2023-03-10,145.5821,145.5821,140.494,141.0357,1048800
2023-03-13,139.13,140.8905,137.0116,138.7624,1021500
2023-03-14,141.3549,144.4116,138.627,140.9002,922000
2023-03-15,138.2401,138.4916,132.8811,135.7444,1494200
2023-03-16,134.4772,136.9729,132.9005,136.1604,1068100
2023-03-17,135.4252,135.9475,131.4011,132.1073,1575100
2023-03-20,133.0069,135.6187,132.3588,135.5606,1690000
2023-03-21,137.65,138.4239,136.6247,137.563,901100
2023-03-22,137.4082,139.5847,135.9089,135.9476,654000
2023-03-23,135.8798,138.5883,134.8738,135.9379,709300
2023-03-24,134.5159,136.9922,133.2971,136.8181,693300
2023-03-27,138.7238,138.7238,136.7021,138.1047,678200
2023-03-28,138.1821,139.6718,138.0563,139.6137,682000
2023-03-29,141.2678,142.5737,140.1457,142.1578,919800
2023-03-30,143.1541,144.2181,142.7575,143.3088,856600
2023-03-31,144.1698,147.0911,144.0634,146.975,1229400
2023-04-03,147.0718,147.8553,143.9376,145.6014,850700
2023-04-04,145.6595,145.6595,139.4686,140.3295,662100
2023-04-05,139.1494,139.633,137.3308,138.2207,674200
2023-04-06,137.6404,138.511,136.673,136.9439,945500
2023-04-10,136.9439,139.4106,136.3828,139.3428,1338400
2023-04-11,140.4359,144.2182,140.4359,142.1287,1403000
2023-04-12,143.1348,143.3766,141.2872,142.3125,1094000
2023-04-13,142.2642,142.7575,139.5363,142.6801,969900
2023-04-14,142.6415,144.2182,141.2775,142.2061,481300
2023-04-17,142.7285,143.5894,141.8192,143.3379,492300
2023-04-18,144.1504,145.0984,142.7478,143.4346,487700
2023-04-19,142.6898,143.3476,141.5967,142.7188,464900
2023-04-20,141.4032,143.2895,141.4032,142.4093,544700
2023-04-21,143.0187,143.2411,141.4709,142.8542,406500
2023-04-24,142.7672,144.0924,142.7575,143.7442,683000
2023-04-25,143.0864,144.1021,140.6971,140.7068,907200
2023-04-26,142.2642,142.3512,135.5219,136.2087,1771100
2023-04-27,136.9535,140.2038,136.3538,139.8555,998700
2023-04-28,140.078,141.4129,139.7685,141.3839,1130600
2023-05-01,141.2871,142.564,141.0356,141.6257,622400
2023-05-02,140.4843,142.3415,138.2788,140.0103,738300
2023-05-03,140.6487,142.2931,139.2654,139.6814,764400
2023-05-04,139.8459,140.02,136.5376,137.3115,660000
2023-05-05,139.3332,140.4069,138.6851,139.7878,608700
2023-05-08,140.6294,140.6294,138.5593,139.3235,517300
2023-05-09,138.8012,140.2908,136.8665,137.9693,683600
2023-05-10,138.7044,139.8555,134.6029,136.3635,579400
2023-05-11,135.1156,135.8702,133.0456,134.7577,863900
2023-05-12,135.7057,136.0346,133.1713,134.2257,839700
2023-05-15,134.4579,135.4349,133.5099,135.0092,839800
2023-05-16,134.0129,134.1,132.707,133.0262,880300
2023-05-17,134.0032,136.1507,133.6743,135.2801,657000
2023-05-18,135.0286,136.5666,134.69,136.2281,809000
2023-05-19,137.2244,137.534,134.7577,134.9125,683500
2023-05-22,134.8061,135.9379,133.3648,135.6187,484400
2023-05-23,134.7771,136.1797,133.3648,134.7674,672600
2023-05-24,134.3031,134.3031,130.9755,131.2077,1021800
2023-05-25,131.9138,133.0746,130.0275,130.8014,678300
2023-05-26,131.3818,132.9392,130.666,132.5522,629700
2023-05-30,133.227,133.6251,131.8386,132.9552,670400
2023-05-31,132.1784,132.3532,129.3434,129.4502,1089900
2023-06-01,129.9065,132.0231,128.9647,131.1299,1034200
2023-06-02,132.9649,135.9941,132.3823,135.7902,760900
2023-06-05,135.5669,135.5669,132.7221,133.8678,688100
2023-06-06,133.3726,135.3533,132.9648,134.9746,886800
2023-06-07,134.8581,139.7126,134.5086,139.3825,850600
2023-06-08,138.9068,139.7903,137.6349,138.1592,818000
2023-06-09,137.1592,138.1786,135.7319,137.0329,898400
2023-06-12,137.0135,139.2952,136.1203,138.9068,663500
2023-06-13,139.2563,141.6739,139.2563,140.9263,1030000
2023-06-14,141.5671,142.0622,140.2952,140.9554,1162700
2023-06-15,140.5185,142.9652,140.5185,142.8001,926800
2023-06-16,143.4409,144.0623,142.1593,143.4312,1530100
2023-06-20,142.2952,142.868,139.0815,139.2563,1017000
2023-06-21,138.2466,141.7224,138.0718,140.0524,738500
2023-06-22,140.2272,140.2272,138.1883,138.4602,390100
2023-06-23,137.1786,137.4504,135.8193,137.0232,898900
2023-06-26,137.2077,140.5865,137.2077,138.9359,580100
2023-06-27,139.635,140.7903,139.0815,140.5767,598000
2023-06-28,140.7127,140.9069,138.9456,139.1786,581000
2023-06-29,138.2271,140.7515,138.2271,140.4408,443200
2023-06-30,141.9069,144.6351,141.1593,143.3535,1178900
2023-07-03,142.6253,143.0719,141.4117,142.8583,264900
2023-07-05,141.2564,142.4311,140.6447,140.7806,485700
2023-07-06,139.2757,140.169,138.5864,139.7418,752600
2023-07-07,139.3631,143.5283,139.3631,141.8486,711700
2023-07-10,141.7806,144.1496,141.5962,144.1302,695200
2023-07-11,144.8293,145.8682,144.4409,145.1109,677400
2023-07-12,146.7905,146.9555,145.2856,146.2856,972500
2023-07-13,146.2468,147.0429,145.674,145.7128,695800
2023-07-14,145.2759,145.7516,143.1885,144.004,489700
2023-07-17,143.7419,146.3051,143.4992,144.5671,829300
2023-07-18,144.4506,146.7322,144.0914,145.9652,1141400
2023-07-19,145.1594,146.1012,143.305,145.7614,604600
2023-07-20,146.0332,146.3536,144.072,145.5866,820500
2023-07-21,145.8682,148.3051,144.8875,147.6934,1230100
2023-07-24,148.3245,149.8294,147.441,147.6643,1218800
2023-07-25,140.5476,145.0526,134.6931,142.2467,2994200
2023-07-26,141.5282,143.6448,139.4214,142.5283,1317400
2023-07-27,143.3244,143.9069,140.9651,141.5476,1533200
2023-07-28,143.0137,143.0234,141.1981,141.4505,1086700
2023-07-31,141.8874,142.1981,140.7612,141.7224,1677200
2023-08-01,140.6059,142.3729,139.732,141.2466,1032300
2023-08-02,139.7709,140.6447,138.499,138.8097,1014900
2023-08-03,138.0718,139.1301,136.9844,138.5573,830400
2023-08-04,139.4796,139.9553,137.4892,138.13,635000
2023-08-07,138.8097,139.6932,138.1689,139.2077,660700
2023-08-08,137.9068,140.0622,136.7514,139.8,761500
2023-08-09,139.7903,140.4991,138.8971,139.4019,597600
2023-08-10,139.4699,140.3825,137.3145,138.2271,639200
2023-08-11,137.8388,138.9262,137.7708,138.8097,586700
2023-08-14,138.2854,138.7223,137.4407,138.334,587900
2023-08-15,137.3242,138.7806,135.3436,135.7902,653700
2023-08-16,135.5281,136.6058,134.8484,134.9649,635700
2023-08-17,135.2562,136.9747,135.1202,135.6542,963100
2023-08-18,134.9164,136.8776,134.9164,136.4795,703700
2023-08-21,136.3048,136.9359,134.6639,135.829,499000
2023-08-22,136.5087,137.3437,135.5281,135.8193,528800
2023-08-23,135.8775,138.0912,135.3727,137.9164,422800
2023-08-24,137.3145,139.1884,137.1106,137.2369,396000
2023-08-25,138.4019,139.7223,137.3339,138.5184,667500
2023-08-28,138.9845,140.4894,138.8777,139.8,558900
2023-08-29,139.6058,142.6447,139.5476,142.3243,617400
2023-08-30,142.7336,144.7211,142.3341,144.4288,1324000
2023-08-31,144.6529,145.8708,144.4191,144.4873,905300
2023-09-01,145.6369,146.0948,144.3606,144.877,902400
2023-09-05,144.7991,144.7991,140.0543,140.0835,719500
2023-09-06,139.6158,141.2624,139.382,140.1614,753400
2023-09-07,139.2651,140.0835,137.5308,138.0764,681300
2023-09-08,137.9011,139.3333,137.5503,138.4564,808100
2023-09-11,139.002,139.304,135.4556,136.615,848000
2023-09-12,135.9428,138.0862,135.1828,137.2483,706100
2023-09-13,137.4139,137.8231,136.4494,137.5698,800200
2023-09-14,138.9631,140.6388,138.4467,140.4537,951100
2023-09-15,140.707,141.5157,139.3235,140.7363,1358800
2023-09-18,140.6486,140.9409,139.4599,139.8399,646900
2023-09-19,139.4892,140.3855,138.7974,140.0543,586600
2023-09-20,141.3306,142.7043,139.6548,139.8107,626900
2023-09-21,139.1384,139.5282,137.7842,137.9206,843300
2023-09-22,137.9596,138.8949,136.4689,137.716,968300
2023-09-25,137.1996,139.9373,137.1996,138.8754,847300
2023-09-26,137.8134,138.6805,136.2058,136.2058,890000
2023-09-27,137.3457,137.5406,135.7089,136.9755,706600
2023-09-28,137.2191,138.4467,136.2643,137.0729,843000
2023-09-29,138.2518,138.2518,135.4946,135.9232,733600
2023-10-02,135.4653,136.2837,133.5752,134.1403,765600
2023-10-03,133.6434,134.3546,132.9906,134.2377,551300
2023-10-04,134.0721,135.29,132.9419,134.3741,715500
2023-10-05,134.8808,136.0889,133.0589,134.7541,774300
2023-10-06,134.1501,136.5663,133.5168,135.3192,907600
2023-10-09,134.6275,137.2191,134.1306,136.7612,648200
2023-10-10,137.2483,138.7389,135.7966,137.4042,824000
2023-10-11,137.7744,138.6805,137.6088,138.5246,750800
2023-10-12,139.2748,139.5768,136.5565,136.615,874200
2023-10-13,136.995,137.2289,133.4486,134.569,655300
2023-10-16,136.0792,137.7744,135.7869,137.1606,651400
2023-10-17,136.3519,139.1287,136.1766,137.9498,664800
2023-10-18,136.8683,138.0764,132.0651,132.3379,762100
2023-10-19,132.1333,133.6142,130.6231,130.9739,761900
2023-10-20,130.9446,131.9189,130.1554,131.2272,1251000
2023-10-23,131.3149,132.7471,130.3795,130.4088,1503700
2023-10-24,132.4645,132.4645,125.2353,128.9279,2283500
2023-10-25,127.7587,127.9146,125.0697,126.7357,1192300
2023-10-26,127.4372,128.5966,125.9758,127.1936,1014400
2023-10-27,127.1352,128.1971,124.8358,125.1184,595500
2023-10-30,125.8394,126.5798,124.222,125.1184,834000
2023-10-31,124.3487,126.648,123.9785,126.6091,960600
2023-11-01,126.9111,127.2423,124.222,125.7614,860400
2023-11-02,127.6028,130.818,126.8624,129.834,916400
2023-11-03,131.6656,133.0004,130.8862,130.9057,709800
2023-11-06,130.6816,131.6754,128.0315,129.3468,859800
2023-11-07,128.8986,128.8986,126.9403,127.1157,865300
2023-11-08,127.3008,127.5541,126.2973,126.7649,1017300
2023-11-09,127.9243,128.0997,126.7454,127.4274,838600
2023-11-10,128.0607,128.6356,126.726,128.2459,700600
2023-11-13,127.7684,128.9766,127.3885,128.09,762500
2023-11-14,130.3308,133.3706,130.3308,133.2829,805700
2023-11-15,133.4778,137.3652,132.6302,135.2608,1151700
2023-11-16,135.251,136.352,133.585,134.0039,637200
2023-11-17,134.8808,134.9684,133.585,134.2475,788900
2023-11-20,134.2085,134.7152,132.9907,134.6957,733800
2023-11-21,134.3157,135.4654,133.8481,134.9198,758700
2023-11-22,135.29,135.8064,134.5495,134.9977,546400
2023-11-24,134.8418,136.1181,134.6957,136.0986,264900
2023-11-27,135.251,136.196,134.4131,135.4653,515800
2023-11-28,135.2997,137.1996,134.189,136.4883,1071400
2023-11-29,137.8378,138.9916,137.3293,137.652,749700
2023-11-30,138.3659,139.0895,136.8306,138.0334,1080100
2023-12-01,138.4441,140.1749,138.0236,140.038,863600
2023-12-04,138.8743,140.39,138.5418,140.2531,726500
2023-12-05,139.8815,140.0966,138.0529,138.2289,680500
2023-12-06,138.9428,141.5047,138.9428,140.038,565200
2023-12-07,140.4193,140.5953,139.285,140.5073,782100
2023-12-08,140.6051,141.9056,140.1357,140.4389,991000
2023-12-11,140.3802,142.551,140.3508,142.0914,535000
2023-12-12,142.5706,142.727,141.9154,142.2675,438400
2023-12-13,142.1599,144.5947,140.8104,144.0374,740300
2023-12-14,145.5824,152.398,145.289,151.8504,1380300
2023-12-15,150.5498,151.6059,148.1345,148.8288,1374300
2023-12-18,149.3666,149.3764,147.5087,148.4377,632300
2023-12-19,149.0928,150.3152,148.5844,149.9045,761700
2023-12-20,149.6111,150.9703,147.4598,147.6358,722000
2023-12-21,148.7799,149.3275,147.8119,149.1026,442100
2023-12-22,149.6111,150.3934,148.7017,149.5524,443500
2023-12-26,149.7676,151.4886,149.6796,151.2148,452600
2023-12-27,151.4299,151.5277,150.276,150.7454,441200
2023-12-28,150.9214,151.2246,150.1098,150.7454,529500
2023-12-29,150.1587,150.9703,149.6209,150.4032,623900
2024-01-02,149.7773,150.6379,147.6358,148.1639,695400
2024-01-03,147.0003,147.0687,144.4187,145.0446,844800
2024-01-04,145.4063,146.0713,144.6632,144.8196,873400
2024-01-05,144.2329,145.0837,143.5973,144.2232,878500
2024-01-08,143.3137,145.0543,142.6097,144.9467,1012700
2024-01-09,143.656,144.5067,142.5021,144.3111,905900
2024-01-10,144.673,145.0641,143.0791,143.9102,633200
2024-01-11,144.0471,144.5067,142.463,144.0667,1055300
2024-01-12,145.2792,145.3575,143.2257,143.8809,575600
2024-01-16,142.991,143.2062,141.3776,142.9715,1074200
2024-01-17,141.3483,142.9226,140.7811,141.2407,610000
2024-01-18,141.4265,143.7342,141.4265,143.5191,531900
2024-01-19,143.6951,145.2793,142.639,144.8099,524300
2024-01-22,145.6117,146.922,145.0641,145.1717,598800
2024-01-23,146.1691,147.3914,145.1814,147.3523,1050100
2024-01-24,148.4866,148.6235,144.7023,144.7316,772800
2024-01-25,145.817,146.746,145.3086,146.6384,858000
2024-01-26,146.7754,147.9879,145.9246,146.6189,550500
2024-01-29,146.0517,148.4377,145.8855,148.3986,788400
2024-01-30,148.3986,148.8484,147.7239,148.1248,784500
2024-01-31,148.379,148.956,146.4233,146.4624,1775000
2024-02-01,148.5061,153.2194,145.1619,153.0825,2116600
2024-02-02,152.5447,155.8596,152.5447,155.2337,1407000
2024-02-05,155.3315,156.9254,153.1216,156.4463,1918000
2024-02-06,156.417,157.6197,155.9671,157.2579,1283400
2024-02-07,158.4118,158.8812,156.5343,156.9157,1198500
2024-02-08,156.9352,157.4339,154.6862,156.5636,1036500
2024-02-09,156.6614,157.3655,155.8302,156.9743,1021000
2024-02-12,156.7983,158.5878,156.3583,158.3824,1032500
2024-02-13,156.2116,156.4952,154.7839,156.2898,870000
2024-02-14,157.473,158.3824,155.7031,157.3263,748900
2024-02-15,157.874,159.419,157.4535,159.0376,774800
2024-02-16,158.9202,160.4554,157.6001,157.8837,802000
2024-02-20,156.7103,157.033,155.9476,156.5343,695700
2024-02-21,156.8374,157.1503,156.0454,156.8374,873500
2024-02-22,157.6197,159.8883,157.6197,159.4678,857100
2024-02-23,160.0057,160.6608,158.8518,160.4653,766400
2024-02-26,159.8394,161.4431,159.458,161.1302,957100
2024-02-27,161.9124,162.8707,160.1328,160.4554,941900
2024-02-28,160.2004,163.4374,160.2004,161.2206,690700
2024-02-29,161.9758,162.7409,160.583,162.2211,1087400
2024-03-01,162.6919,164.6439,161.7601,164.1044,1022800
2024-03-04,164.1829,166.0368,163.6826,164.6537,830200
2024-03-05,164.7126,166.5567,163.0254,164.075,1114700
2024-03-06,164.6635,168.489,164.6635,167.6553,1220800
2024-03-07,168.3909,169.0089,167.6651,168.6165,1125700
2024-03-08,169.3032,170.235,167.2433,167.7632,844900
2024-03-11,167.2825,168.1653,165.8504,167.6749,563100
2024-03-12,167.7828,172.1576,166.4095,171.9222,1177200
2024-03-13,172.4813,174.2469,172.4224,173.8349,1163000
2024-03-14,173.0306,173.472,170.186,171.726,1032300
2024-03-15,170.3625,173.1091,170.3625,172.1772,1132600
2024-03-18,172.9717,173.6191,170.9119,171.0884,805000
2024-03-19,171.0296,172.7363,171.0296,171.7947,747300
2024-03-20,171.2453,172.9325,170.392,172.1968,935800
2024-03-21,172.3734,174.8747,171.9712,174.5019,2048600
2024-03-22,174.7373,174.855,172.7069,173.0404,994300
2024-03-25,173.0502,174.3156,171.8535,172.0105,748500
2024-03-26,172.1772,173.2954,171.3042,171.4415,1080900
2024-03-27,172.1772,173.982,171.6279,173.8349,770100
2024-03-28,174.0115,174.6196,173.0894,173.8055,879500
2024-04-01,173.6388,173.9526,171.8045,172.1772,746500
2024-04-02,172.3734,173.0306,170.2252,170.4116,804300
2024-04-03,169.8525,171.9516,169.3718,171.0197,1281700
2024-04-04,172.5597,173.472,169.0481,169.8917,979000
2024-04-05,170.3037,173.0502,169.7053,172.4813,828400
2024-04-08,173.1091,173.8349,172.6775,172.7167,1062000
2024-04-09,173.8055,174.4431,171.569,173.9624,809600
2024-04-10,171.5102,172.2949,169.9211,170.5097,859100
2024-04-11,171.1767,171.4808,169.2345,169.9702,617000
2024-04-12,168.3125,169.7152,167.9397,168.7735,653800
2024-04-15,171.5396,171.5396,166.5763,167.41,626000
2024-04-16,166.9098,168.7343,166.1054,167.8907,852600
2024-04-17,168.8814,169.7053,164.9872,166.2624,1024400
2024-04-18,167.1256,167.4885,165.1147,165.3894,947200
2024-04-19,165.8602,167.4198,165.3305,166.5959,1257000
2024-04-22,166.8313,168.3909,165.9093,167.0275,867500
2024-04-23,168.0476,169.6465,167.5866,168.9991,854200
2024-04-24,168.283,169.9015,167.2531,168.1653,1287500
2024-04-25,172.5892,178.0234,170.9805,175.6888,2304000
2024-04-26,175.9537,178.0234,175.4436,176.7286,1104100
2024-04-29,176.5618,177.6016,175.7673,176.601,967800
2024-04-30,176.5618,178.8473,175.7379,175.8752,1959400
2024-05-01,175.7673,176.1793,173.3543,174.4529,2151200
2024-05-02,175.012,176.1498,172.0693,174.1586,922400
2024-05-03,175.0905,176.14,173.8938,175.5711,1273500
2024-05-06,176.7678,178.3176,176.3656,178.2588,642600
2024-05-07,179.1024,179.9263,178.1411,178.3569,651400
2024-05-08,177.6898,180.711,177.6506,180.2402,1027400
2024-05-09,180.6031,181.4761,180.4658,181.4173,812600
2024-05-10,182.1628,182.6532,181.3878,182.0058,837700
2024-05-13,182.5355,182.9377,180.505,180.7404,632300
2024-05-14,181.4663,181.9274,179.7105,180.201,840000
2024-05-15,181.0641,182.5159,180.868,181.6331,720700
2024-05-16,181.3878,181.9568,180.299,180.6227,889000
2024-05-17,181.4663,181.5938,180.1029,180.5737,1688700
2024-05-20,180.5933,182.4374,180.5933,181.5448,738700
2024-05-21,180.8386,182.6238,180.4952,182.5061,505200
2024-05-22,182.82,184.2128,182.6336,183.9676,937200
2024-05-23,184.0559,184.154,180.5148,180.7601,1287200
2024-05-24,181.486,181.8881,179.5144,180.662,761500
2024-05-28,183.6439,185.0368,178.8866,179.9754,1345900
2024-05-29,178.5236,179.5045,177.9743,178.0724,969300
2024-05-30,178.4648,178.8866,177.5918,178.1607,850600
2024-05-31,178.5247,181.0625,176.8819,180.8166,1718900
2024-06-03,181.0133,181.3773,176.4098,178.3279,1250000
2024-06-04,177.7475,178.4558,175.3671,176.5081,1242800
2024-06-05,176.8623,178.623,175.1704,178.0033,1246400
2024-06-06,177.8164,178.6132,174.59,175.1212,1092400
2024-06-07,174.6097,175.5737,173.8031,174.3244,1050500
2024-06-10,173.7244,175.9081,173.7244,175.0425,963800
2024-06-11,174.3539,174.8851,173.2031,174.3736,869600
2024-06-12,176.0458,179.1542,175.672,178.7804,1649300
2024-06-13,178.1902,178.6329,175.7114,178.4263,908600
2024-06-14,177.0787,177.6688,172.0226,174.3539,1049300
2024-06-17,173.9113,177.2459,173.685,176.3016,933900
2024-06-18,177.4524,179.8526,176.4294,179.8034,1332300
2024-06-20,179.4788,180.9248,179.164,180.3051,1095000
2024-06-21,179.6362,180.01,177.2852,179.5181,1432600
2024-06-24,180.2166,182.961,179.5378,181.3871,1041100
2024-06-25,181.0822,181.0822,177.0688,177.118,994200
2024-06-26,176.518,176.9508,174.5211,175.7999,877100
2024-06-27,175.8196,176.7442,174.5408,175.5343,712000
2024-06-28,176.1147,178.5148,175.6622,177.5016,1581400
2024-07-01,178.7312,178.7312,173.6358,174.0982,868400
2024-07-02,174.0588,174.6982,173.4195,174.0687,951500
2024-07-03,174.5113,175.2097,173.0162,174.0785,514700
2024-07-05,173.5473,173.8228,171.3144,173.7932,798400
2024-07-08,174.5998,175.5245,173.1342,173.6064,705800
2024-07-09,173.2424,173.7047,171.9636,172.2686,1002500
2024-07-10,172.2686,175.7409,172.2391,175.6425,875200
2024-07-11,177.1574,180.4723,177.0492,179.1247,1004100
2024-07-12,180.7379,182.3117,179.8428,181.5051,836000
2024-07-15,181.6035,184.161,181.1608,181.9675,797400
2024-07-16,182.5183,188.5678,181.4855,188.3613,1312200
2024-07-17,187.6727,189.1679,186.5415,186.7087,1021100
2024-07-18,185.3316,188.4006,183.1872,183.2954,1271900
2024-07-19,184.466,184.9283,179.7739,180.6985,856600
2024-07-22,179.0165,180.5018,176.3901,178.1902,1416600
2024-07-23,178.7115,179.6657,177.0197,177.4229,1122400
2024-07-24,176.4688,176.7541,173.3309,173.449,1310700
2024-07-25,177.1574,185.7447,175.9081,183.2757,2544900
2024-07-26,182.4003,185.0365,181.5052,182.2036,1412000
2024-07-29,182.3118,183.8659,180.9346,183.4233,948200
2024-07-30,184.5545,185.5086,180.9936,181.4953,880200
2024-07-31,182.9216,183.6889,180.8067,181.2494,1125100
2024-08-01,181.0133,182.2134,175.495,176.2229,917900
2024-08-02,173.99,173.99,170.2127,172.5538,976800
2024-08-05,171.4423,171.8161,168.7372,169.9176,1091900
2024-08-06,170.8422,174.0588,169.7701,171.6292,1030300
2024-08-07,173.2621,174.8359,169.4848,169.6815,639100
2024-08-08,171.4718,173.8719,171.1078,173.6752,647300
2024-08-09,173.39,173.6752,171.3439,173.3506,635700
2024-08-12,173.4194,173.7736,170.9406,171.521,428400
2024-08-13,172.1702,174.2359,171.2554,173.7637,536700
2024-08-14,173.6063,175.0326,172.9473,173.931,579700
2024-08-15,176.3999,177.6393,174.8556,176.0458,534900
2024-08-16,175.8589,177.6492,175.5343,176.8918,985100
2024-08-19,177.3246,179.4985,177.059,178.7312,689400
2024-08-20,178.3968,178.7214,176.7737,177.1279,447800
2024-08-21,177.7869,179.587,177.1279,179.2624,459500
2024-08-22,179.1247,179.8133,177.9836,178.5738,389200
2024-08-23,179.7542,182.0953,178.6329,181.6232,414400
2024-08-26,182.2724,183.0691,179.5575,180.3936,653700
2024-08-27,180.069,180.7674,179.469,179.5083,425400
2024-08-28,179.5477,180.3838,178.4656,178.8689,379600
2024-08-29,180.4821,182.233,178.7902,180.0198,898300
2024-08-30,180.6363,183.645,180.3108,183.5069,1631800
2024-09-03,182.4908,182.984,176.7596,177.8053,781800
2024-09-04,177.7165,177.9631,173.0408,173.9976,1191800
2024-09-05,173.7707,174.4612,170.9594,172.6758,1216200
2024-09-06,173.021,174.8756,171.8472,173.0013,1175400
2024-09-09,174.5007,176.9175,173.6721,176.4637,861200
2024-09-10,176.8682,179.1172,175.2405,178.989,831200
2024-09-11,178.2097,180.952,174.2245,180.6758,1205000
2024-09-12,181.3071,184.1777,179.3737,184.1481,907200
2024-09-13,184.809,185.677,182.4119,182.55,1185100
2024-09-16,183.6647,185.3515,182.9249,184.2368,1033800
2024-09-17,185.2035,187.8768,184.5722,185.7954,991100
2024-09-18,185.677,186.624,182.7276,183.4082,1265700
2024-09-19,186.8311,189.4452,185.825,188.587,1090200
2024-09-20,187.0087,188.3799,185.8053,186.5549,1622200
2024-09-23,187.2652,188.804,186.476,188.439,644000
2024-09-24,189.5734,190.5007,188.7054,190.0173,585600
2024-09-25,190.9051,191.2208,187.3836,187.64,571200
2024-09-26,189.1493,190.5204,187.5808,190.4119,945500
2024-09-27,190.9939,192.1086,189.8102,190.1653,636700
2024-09-30,189.2775,189.7411,187.2257,189.1394,521900
2024-10-01,189.0802,189.8497,186.3478,187.8275,557700
2024-10-02,186.6634,188.4292,186.19,187.6893,1032400
2024-10-03,187.1567,187.5315,185.8447,187.0679,699500
2024-10-04,189.1296,189.1296,184.9175,186.3478,778700
2024-10-07,185.46,186.4464,184.2368,184.9865,800100
2024-10-08,184.9273,185.6474,183.428,184.6216,876400
2024-10-09,183.0038,185.2627,182.4908,183.5562,1330100
2024-10-10,183.5562,184.8484,182.4908,184.0889,1857100
2024-10-11,183.9014,188.6857,183.5365,188.1037,1497500
2024-10-14,188.3009,191.28,187.7189,191.1024,908600
2024-10-15,191.2701,191.7929,188.4785,188.6856,585300
2024-10-16,188.1234,191.4773,187.936,190.1752,750300
2024-10-17,191.9212,193.026,191.0136,192.2368,879100
2024-10-18,192.7301,192.9471,190.8361,191.7436,985500
2024-10-21,191.6252,191.862,189.682,190.1259,601900
2024-10-22,189.5143,189.7905,187.6203,188.804,754400
2024-10-23,188.5771,190.1357,187.9557,189.0802,1037400
2024-10-24,183.4378,187.2652,180.5278,182.2738,2620500
2024-10-25,185.8348,186.7621,183.2405,184.444,1238400
2024-10-28,186.1209,189.8792,186.1209,189.8497,1385200
2024-10-29,188.4588,189.5735,186.5254,189.2381,830700
2024-10-30,189.1197,191.6844,188.518,190.3725,889200
2024-10-31,189.3663,190.2837,186.6141,186.7621,881600
2024-11-01,187.1468,189.0013,186.2886,186.5451,606400
2024-11-04,186.3774,189.1493,185.9927,186.5944,523400
2024-11-05,186.3873,189.6326,186.1604,189.5439,486600
2024-11-06,197.8004,201.2923,197.3861,199.8127,1252000
2024-11-07,200.079,200.079,197.7806,199.0235,749600
2024-11-08,198.6191,201.1049,198.0174,198.767,993300
2024-11-11,199.6746,202.1505,199.6746,201.8053,526200
2024-11-12,201.7362,202.1111,199.0235,199.6055,501100
2024-11-13,198.8756,202.1505,198.5106,201.2233,533100
2024-11-14,200.7893,201.3811,199.1715,199.3491,494700
2024-11-15,199.2898,200.8977,197.8398,198.4514,678100
2024-11-18,198.2344,199.1518,197.4748,197.8102,613600
2024-11-19,195.3342,196.518,194.6043,196.0346,761300
2024-11-20,196.4588,196.7942,193.9631,195.4427,699000
2024-11-21,196.3404,200.3848,195.5513,199.7436,718600
2024-11-22,200.0987,202.2788,200.0001,201.9631,598600
2024-11-25,202.9298,204.9323,202.3971,202.772,1163100
2024-11-26,202.7522,203.8866,201.0457,203.5414,752300
2024-11-27,203.7781,205.4353,202.8903,203.7091,475300
2024-11-29,203.9316,204.7524,203.2295,203.6151,304500
2024-12-02,203.8723,203.9415,201.9439,202.4285,541400
2024-12-03,201.7362,201.9736,199.8079,201.5088,653300
2024-12-04,200.5495,201.8747,199.9562,201.0242,461800
2024-12-05,201.3506,201.7066,199.1156,199.5409,495700
2024-12-06,199.9661,200.7473,198.4234,199.2244,378000
2024-12-09,199.976,200.866,198.9772,199.5013,475500
2024-12-10,198.7201,200.7473,196.495,199.0761,903400
2024-12-11,200.4111,201.0935,198.5816,198.9673,513900
2024-12-12,198.5718,200.2727,198.4036,199.1255,566200
2024-12-13,198.7003,199.5606,197.4938,198.7794,687300
2024-12-16,197.8103,199.2442,196.9499,197.5334,594700
2024-12-17,196.5148,197.5037,193.2119,194.359,885600
2024-12-18,194.7348,195.7039,186.6456,186.7148,765200
2024-12-19,188.8112,190.0968,186.6258,186.8433,893100
2024-12-20,186.4379,188.5047,185.4193,187.1697,2381100
2024-12-23,186.2698,187.3378,184.8853,186.7148,611000
2024-12-24,186.3588,188.4157,186.3588,188.2179,215500
2024-12-26,187.3773,189.365,187.1697,188.7915,299000
2024-12-27,187.2092,189.365,185.5677,186.2401,457400
2024-12-30,184.9249,185.9138,182.5812,184.2524,704800
2024-12-31,184.8359,186.5071,184.0447,185.5182,901800
2025-01-02,186.2302,186.9027,182.8778,183.58,651800
2025-01-03,184.5887,186.3786,183.1053,185.9435,404500
2025-01-06,185.9138,188.1883,185.3996,185.9435,453600
2025-01-07,185.8248,187.1004,184.7963,185.894,692500
2025-01-08,184.9347,185.7654,183.4514,185.1424,653200
2025-01-10,182.9471,183.936,180.722,181.6022,1072000
2025-01-13,181.6022,184.8952,180.8803,184.6776,1275300
2025-01-14,186.1906,187.5652,185.7061,186.7049,847900
2025-01-15,189.7013,190.9671,188.0696,188.6234,843400
2025-01-16,188.8805,192.5098,187.941,192.3219,772500
2025-01-17,193.6371,194.27,191.5802,192.9152,799300
2025-01-21,194.27,196.5643,193.825,196.2083,1017100
2025-01-22,197.1477,197.7015,195.071,196.6038,754100
2025-01-23,196.7917,198.0674,195.7534,196.94,515500
2025-01-24,197.2862,197.7213,195.8424,196.5049,590300
2025-01-27,194.9326,195.8523,192.0845,193.7657,782100
2025-01-28,193.7657,196.0303,192.1637,195.8819,1096100
2025-01-29,195.1699,197.3653,194.4876,195.1699,1157200
2025-01-30,207.6696,212.1889,200.3419,203.1405,1871100
2025-01-31,204.5546,205.9984,200.0254,201.4198,2050200
2025-02-03,198.2949,202.112,196.3467,200.0353,1034500
2025-02-04,201.9043,219.843,199.5211,200.6682,842500
2025-02-05,200.4111,202.9427,198.8091,202.4581,897200
2025-02-06,203.2295,203.2295,201.1726,202.3889,575400
2025-02-07,203.0713,203.0713,199.0959,200.2924,619400
2025-02-10,201.2912,201.7362,199.086,201.2813,654500
2025-02-11,199.6299,201.7066,199.5507,200.3913,441600
2025-02-12,196.8412,199.2442,196.7917,198.8288,735100
2025-02-13,199.7485,200.955,197.7608,200.4408,552100
2025-02-14,200.5001,201.5879,199.3431,200.0848,571500
2025-02-18,200.4309,203.1405,199.1255,203.0811,825800
2025-02-19,201.8252,203.2789,201.3308,202.6065,783500
2025-02-20,202.5768,204.9798,200.9945,204.1393,1111300
2025-02-21,204.3074,204.5348,196.7027,198.3146,1214500
2025-02-24,198.9376,199.7881,197.039,197.2466,941700
2025-02-25,197.5631,199.086,193.3306,196.1588,987300
2025-02-26,196.6236,198.5322,195.0908,195.4864,513900
2025-02-27,195.3479,197.0093,194.1217,194.3293,559500
2025-02-28,195.0878,197.17,193.442,197.0808,935100
2025-03-03,198.4788,199.272,190.874,191.6473,728500
2025-03-04,188.4845,189.2082,181.6927,182.4958,1692700
2025-03-05,183.6757,188.4051,182.4363,188.1176,1113900
2025-03-06,186.2833,187.3839,183.9136,184.4391,1275000
2025-03-07,183.0312,185.1728,180.0269,184.0623,1657400
2025-03-10,178.7082,182.4363,175.5057,176.2295,1608900
2025-03-11,176.6162,182.3272,175.9221,179.2337,1934900
2025-03-12,180.6317,182.3867,178.6785,180.2054,1284900
2025-03-13,179.1842,180.3343,174.306,175.585,1225800
2025-03-14,177.806,179.9278,175.8924,179.6006,1003000
2025-03-17,178.6983,182.3371,178.6686,181.4051,964500
2025-03-18,180.4235,181.2465,178.034,179.2437,724300
2025-03-19,179.5312,182.119,179.085,180.721,746800
2025-03-20,178.8074,181.3456,178.4802,179.7592,835300
2025-03-21,178.4703,179.8088,176.1204,178.1133,1244200
2025-03-24,181.1275,184.3201,180.6913,183.9335,773600
2025-03-25,184.5581,186.0553,182.8031,184.1615,757300
2025-03-26,184.2408,185.3711,180.0567,180.7012,1020700
2025-03-27,180.255,180.255,176.8839,177.6275,779400
2025-03-28,177.6176,178.738,172.8187,173.1657,608900
2025-03-31,170.796,175.5255,167.9604,174.187,1332200
2025-04-01,173.4037,175.9915,171.9264,174.9703,877600
2025-04-02,172.6204,177.9745,171.3017,177.4986,870700
2025-04-03,168.4561,170.8258,160.8513,161.347,1320600
2025-04-04,156.6176,157.0935,149.3201,152.2451,1607800
2025-04-07,146.8116,156.8952,141.8244,150.1827,2442000
2025-04-08,155.9632,157.7182,147.4264,149.8555,1465800
2025-04-09,148.2592,166.5128,147.0496,164.4504,3360500
2025-04-10,159.5128,160.9405,153.068,158.204,1461600
2025-04-11,157.847,162.2592,156.6572,160.7323,1590100
2025-04-14,161.9122,163.9646,160.0482,162.2691,1254700
2025-04-15,161.9915,164.1332,161.1488,161.8924,698100
2025-04-16,160.6233,163.1417,158.3428,160.5836,1220000
2025-04-17,161.0198,162.4079,159.255,159.7111,3019100
2025-04-21,158.5808,158.5808,154.1289,156.6771,1111500
2025-04-22,158.8881,162.9434,157.0836,162.17,1438600
2025-04-23,167.7819,170.8159,163.7068,164.9363,2070300
2025-04-24,158.6204,169.1303,156.7961,168.2776,2581900
2025-04-25,168.0199,169.9334,167.2861,167.5737,1122800
2025-04-28,167.9901,171.1431,167.6828,168.8825,1071600
2025-04-29,167.5638,169.9533,167.0779,168.7734,1508100
2025-04-30,166.8994,169.8938,164.7578,169.1997,1481800
2025-05-01,170.5779,171.3414,168.238,168.3669,1270100
2025-05-02,171.2819,172.9079,169.8938,172.3924,1408900
2025-05-05,170.7267,173.0369,170.5184,171.5496,721900
2025-05-06,169.9335,171.4306,168.6742,169.2592,700100
2025-05-07,170.2805,171.0836,168.8329,170.0029,911600
2025-05-08,172.0454,175.2281,171.2125,173.1955,892600
2025-05-09,174.068,174.8315,173.2153,174.6629,1351300
2025-05-12,182.9915,183.4278,181.0383,182.0298,1152200
2025-05-13,182.0298,185.5496,182.0298,184.0128,876700
2025-05-14,183.5765,184.4887,182.5156,183.1105,792600
2025-05-15,182.0793,183.4873,181.7621,182.7833,493200
2025-05-16,183.4873,185.1233,182.4561,185.1133,656100
2025-05-19,182.5553,185.0836,182.5553,184.8258,689500
2025-05-20,183.9136,184.4193,181.881,182.704,1098900
2025-05-21,181.1176,181.1176,176.8343,177.3994,1533100
2025-05-22,176.8839,179.8881,176.2791,178.3216,870400
2025-05-23,175.3471,176.9632,175.1983,176.3782,1170200
2025-05-27,178.9859,180.4533,176.755,180.017,1058000
2025-05-28,180.5822,180.5822,177.7267,178.0142,537400
2025-05-29,179.0652,179.4519,177.0425,178.153,735000
2025-05-30,177.4122,178.2673,175.2843,176.746,1483800
2025-06-02,176.5272,176.6366,172.699,175.0854,674000
2025-06-03,174.9363,178.3668,174.9363,176.9648,977400
2025-06-04,178.6452,179.7489,176.4576,176.6565,664000
2025-06-05,176.8753,177.8199,175.3539,176.2389,887700
2025-06-06,178.685,179.381,177.7403,178.4364,890200
2025-06-09,179.1921,181.2106,178.5159,179.7092,833300
2025-06-10,180.4848,181.0814,179.212,180.2561,749200
2025-06-11,180.435,180.6538,177.3824,178.1281,881700
2025-06-12,176.6863,177.8895,175.2644,177.7702,768700
2025-06-13,176.0201,177.8696,174.8169,175.5428,898500
2025-06-16,177.5315,179.729,177.2929,178.7347,735500
2025-06-17,177.621,178.3668,174.8368,175.0854,804700
2025-06-18,174.9462,176.3284,174.2999,174.7076,1090700
2025-06-20,176.2289,176.7062,173.2658,173.8922,2230600
2025-06-23,173.5342,176.8057,172.0725,176.5272,841300
2025-06-24,177.6707,179.212,176.6565,178.9236,1037800
2025-06-25,179.1822,179.6594,177.6906,179.033,700800
2025-06-26,179.9776,182.7419,179.5998,182.0061,729700
2025-06-27,182.3243,183.3882,181.1211,182.2646,1179700
2025-06-30,182.2646,182.4834,181.2902,182.195,950300
2025-07-01,181.6183,186.8784,181.499,185.1085,912500
2025-07-02,186.073,187.3557,184.4224,187.0872,779100
2025-07-03,187.8131,188.6285,186.5901,187.5645,488800
2025-07-07,186.8188,188.3998,184.5715,186.3117,1069500
2025-07-08,186.7392,188.7777,186.6696,187.3657,892700
2025-07-09,188.8274,188.8274,185.8045,187.1569,859800
2025-07-10,187.7137,191.3232,187.2662,189.4439,657800
2025-07-11,187.6938,188.4296,187.0972,187.8728,730000
2025-07-14,187.4552,188.1413,184.9494,187.833,1924900
2025-07-15,189.8416,189.8416,185.9437,186.0134,971800
2025-07-16,186.2719,187.9324,183.8357,186.779,805600
2025-07-17,186.8983,190.12,186.431,189.5135,879900
2025-07-18,189.941,190.3288,186.2321,187.1767,2574000
2025-07-21,188.0219,188.1015,185.556,185.9239,1169500
2025-07-22,185.4466,188.8274,185.4466,188.4694,859000
2025-07-23,189.762,190.6669,188.181,189.8217,1087300
2025-07-24,193.9284,194.1273,183.8656,185.5759,2770300
2025-07-25,185.904,186.4807,182.9607,185.4466,1579900
2025-07-28,185.9438,185.9438,183.5275,183.8854,1105200
2025-07-29,185.2775,185.4863,182.3641,183.0104,955400
2025-07-30,183.5374,183.965,180.3555,181.1908,1119800
2025-07-31,180.5444,182.4934,179.6594,180.1169,1212600
2025-08-01,177.0443,177.5813,173.4447,173.9817,1540700
2025-08-04,174.7275,175.4732,174.0115,175.1053,1043900
2025-08-05,176.0997,176.7858,173.922,176.1792,1085100
2025-08-06,176.4974,176.746,173.0768,173.3155,1285700
2025-08-07,174.9959,175.5229,172.3609,172.9873,721000
2025-08-08,173.4845,174.3198,172.3211,172.5399,608800
2025-08-11,173.2359,174.459,172.8481,174.2999,1334000
2025-08-12,175.4334,177.0841,174.7672,176.9846,901600
2025-08-13,177.7602,181.8769,177.631,181.7973,1119400
2025-08-14,179.7489,179.9975,177.5812,178.3867,772100
2025-08-15,178.6253,178.6253,175.4334,175.5428,620600
2025-08-18,175.4235,176.5372,174.7175,176.1494,555800
2025-08-19,176.7659,179.1523,176.219,178.6949,1379000
2025-08-20,178.1281,178.5856,176.7361,177.7304,881100
2025-08-21,176.9946,178.4165,176.0698,176.4079,841900
2025-08-22,177.7105,182.8016,177.5315,182.0359,1059300
2025-08-25,182.2249,182.2945,179.4407,179.4904,514200
2025-08-26,179.4307,181.5288,178.9435,181.1808,1566000
2025-08-27,180.4847,182.6425,180.256,181.678,546300
2025-08-28,181.7774,182.3939,179.9876,180.5643,570300
2025-08-29,180.3948,181.0629,178.1511,178.3605,497000
2025-09-02,176.2065,176.3162,173.893,175.2791,955400
2025-09-03,174.9999,175.4985,173.4742,174.242,724100
2025-09-04,174.252,177.9018,173.7733,177.8619,771600
2025-09-05,178.4602,179.9759,176.1068,177.2536,1047500
2025-09-08,177.2735,178.1311,175.329,177.5029,1136100
2025-09-09,177.0242,177.0242,173.5639,174.1921,764700
2025-09-10,174.7007,177.3633,174.4514,175.1495,882300
2025-09-11,175.299,178.1112,175.299,177.6026,1031800
2025-09-12,176.9544,177.104,172.3972,172.4969,1133100
2025-09-15,172.6265,173.3744,171.2105,171.4598,742900
2025-09-16,171.4199,172.3772,170.5623,172.088,947300
2025-09-17,172.7562,175.319,169.9042,170.9712,720400
2025-09-18,172.1977,173.883,171.4399,172.3174,831400
2025-09-19,172.6664,173.0753,170.4127,170.8615,1492700
2025-09-22,169.8743,170.4726,169.0466,169.7646,855500
2025-09-23,170.8615,171.7789,168.0194,168.6178,1133200
2025-09-24,168.5978,169.2759,166.5735,166.8228,1205900
2025-09-25,165.6162,165.9851,163.2428,165.1275,1377800
2025-09-26,166.0051,167.7801,165.1176,167.5208,849600
2025-09-29,168.5081,168.538,165.7757,166.1746,1304000
2025-09-30,165.9552,166.6832,164.1602,166.3641,1151300
2025-10-01,164.9381,167.0123,164.8583,165.9353,768700
2025-10-02,166.2444,167.7103,165.6062,166.2843,793400
2025-10-03,166.025,167.8499,165.8754,166.1447,832600
2025-10-06,167.2117,167.2815,164.7087,166.0549,791300
2025-10-07,166.8328,166.8726,163.7614,164.1303,825500
2025-10-08,164.948,165.5364,163.2628,164.2899,697000
2025-10-09,164.948,164.9879,161.5974,161.8467,831200
2025-10-10,162.7542,163.6018,159.952,160.9991,1681900
2025-10-13,163.3924,163.3924,160.7099,160.7099,1187200
2025-10-14,158.7354,163.2129,158.526,162.096,1093800
2025-10-15,164.3397,164.5292,160.8296,162.2057,1048000
2025-10-16,163.0633,165.9054,162.8738,165.666,1945900
2025-10-17,164.8882,166.1247,164.2699,166.035,2917400
2025-10-20,167.1818,168.877,166.4638,168.4482,1165300
2025-10-21,167.82,173.1451,167.82,172.5567,1453300
2025-10-22,172.4371,173.0952,166.8726,167.1419,2069400
2025-10-23,172.0382,180.8535,169.5252,180.7139,2234500
2025-10-24,180.2951,180.2951,176.9045,176.9345,1575900
2025-10-27,178.9089,179.5172,176.7949,177.463,1172300
2025-10-28,177.9416,179.4175,176.8048,179.2081,1125000
2025-10-29,179.6768,181.1826,178.9389,180.2951,1568100
2025-10-30,179.5671,184.8822,179.1981,179.6369,1223200
2025-10-31,178.5998,182.3593,178.5998,180.9532,1895600
2025-11-03,180.2851,180.2851,176.4957,177.6624,1122900
2025-11-04,176.755,178.0214,175.9073,177.7422,696400
2025-11-05,177.084,179.8962,176.7051,179.1483,647200
2025-11-06,179.9859,181.9903,176.8048,178.0713,801900
2025-11-07,177.7422,180.1754,176.4159,179.8264,868800
2025-11-10,181.0529,182.8379,180.0458,181.5815,937700
2025-11-11,182.0402,186.9963,181.5914,183.4562,1468300
2025-11-12,182.8679,185.3609,182.808,183.1072,1244500
2025-11-13,182.4789,184.1243,181.0729,181.4618,1214200
2025-11-14,180.4745,183.7753,180.2053,182.6086,957800
2025-11-17,181.9006,182.3593,179.4773,179.5471,2147600
2025-11-18,179.0386,180.3748,178.2707,179.2779,1603400
2025-11-19,179.1981,180.8435,178.6995,179.1383,1171300
2025-11-20,181.4219,182.2895,177.3732,177.5328,1383900
2025-11-21,178.1909,183.7952,177.822,183.0673,994200
2025-11-24,182.9576,183.4961,181.1527,182.5288,1192500
2025-11-25,184.2639,186.0589,182.3992,185.5005,729600
2025-11-26,185.2013,186.8268,184.5731,185.67,768000
2025-11-28,185.85,186.9,185.28,185.28,422500
2025-12-01,183.56,187.45,183.19,184.89,958900
2025-12-02,185.38,188.0,183.68,187.48,1214200
2025-12-03,187.92,190.34,187.48,190.27,1005300
2025-12-04,190.15,191.54,188.32,190.64,896500
2025-12-05,189.98,191.17,189.58,191.09,770700
2025-12-08,191.07,192.6,190.28,191.28,949800
2025-12-09,190.33,192.08,189.45,190.08,1089500
2025-12-10,190.84,196.46,189.95,195.7,1043700
2025-12-11,196.37,201.72,195.92,201.28,1475700
2025-12-12,201.89,203.69,199.04,199.12,1272300
2025-12-15,200.39,202.11,199.84,201.3,1191300
2025-12-16,201.37,202.23,195.43,196.61,1286900
2025-12-17,196.19,199.1,194.99,196.15,1077600
2025-12-18,197.43,198.82,195.47,196.07,1224100
2025-12-19,195.55,197.25,195.12,196.21,2534500
2025-12-22,196.32,199.7,196.32,199.51,844400
2025-12-23,199.43,200.45,198.71,199.95,594900
