date,open,high,low,close,volume
2005-01-03,18.0144,18.0762,17.7345,17.8251,1328900
2005-01-04,17.8745,17.9445,17.7674,17.7716,1159700
2005-01-05,17.6851,17.6933,17.5122,17.5781,2116200
2005-01-06,17.5575,17.6398,17.5493,17.5987,889200
2005-01-07,17.6933,17.7674,17.5369,17.6481,873600
2005-01-10,17.6892,17.9074,17.6687,17.8745,1219700
2005-01-11,17.9486,17.9527,17.7386,17.8415,1017300
2005-01-12,17.9157,17.9692,17.788,17.8992,678900
2005-01-13,17.9239,18.0103,17.8621,17.9033,598500
2005-01-14,17.9486,18.0556,17.8333,17.8786,752200
2005-01-18,17.8457,18.105,17.7922,18.105,820700
2005-01-19,18.105,18.1709,17.9898,17.998,508600
2005-01-20,17.9486,18.0762,17.9156,17.9692,577700
2005-01-21,17.9692,18.035,17.8498,17.8662,739800
2005-01-24,17.8868,18.105,17.8868,17.9403,690500
2005-01-25,17.9897,18.0762,17.8127,17.8127,1464900
2005-01-26,17.8457,18.0391,17.821,18.0103,725700
2005-01-27,17.9815,17.9815,17.7798,17.9486,1918800
2005-01-28,17.9486,17.9486,17.7098,17.8251,848600
2005-01-31,18.0309,18.1009,17.8086,18.0597,1021300
2005-02-01,17.9939,18.1009,17.9445,18.0392,1126600
2005-02-02,18.0309,18.0433,17.9362,18.0144,833200
2005-02-03,18.0144,18.0144,17.8827,17.9486,996800
2005-02-04,18.0515,18.1915,17.9692,18.1915,1012500
2005-02-07,18.1874,18.1956,18.0762,18.175,735200
2005-02-08,18.1832,18.2368,18.1009,18.1133,917200
2005-02-09,18.1544,18.2203,18.1133,18.1997,732800
2005-02-10,18.2409,18.3602,18.175,18.3602,881300
2005-02-11,18.3602,18.4055,18.245,18.3602,1376500
2005-02-14,18.427,18.5354,18.3102,18.3769,2296300
2005-02-15,18.4478,18.452,18.3102,18.3519,718400
2005-02-16,18.3519,18.4061,18.231,18.3936,775600
2005-02-17,18.3936,18.4228,18.3186,18.3394,844300
2005-02-18,18.3394,18.3394,18.0392,18.1226,982500
2005-02-22,18.0975,18.1017,17.6472,17.6472,1223000
2005-02-23,17.7806,17.8849,17.6639,17.6639,845500
2005-02-24,17.7431,17.839,17.7306,17.8098,803400
2005-02-25,17.8182,18.0475,17.7556,17.9724,1158300
2005-02-28,18.0266,18.0558,17.789,17.8265,1072000
2005-03-01,17.8473,17.9683,17.7556,17.8265,1516100
2005-03-02,17.7848,17.8432,17.6805,17.7431,952700
2005-03-03,17.7848,17.8307,17.6597,17.6805,1113500
2005-03-04,17.7431,18.0183,17.7431,17.8932,1420700
2005-03-07,17.985,18.0058,17.8473,17.9307,969000
2005-03-08,17.9307,17.9307,17.7014,17.7139,1005300
2005-03-09,17.6597,17.6639,17.3678,17.3928,1761800
2005-03-10,17.5555,17.618,17.3678,17.5972,1448400
2005-03-11,17.5971,17.7056,17.472,17.472,732100
2005-03-14,17.6305,17.7806,17.6013,17.7431,997800
2005-03-15,17.8682,17.9057,17.6389,17.6847,739300
2005-03-16,17.7973,17.7973,17.4345,17.5888,1109100
2005-03-17,17.693,17.8181,17.5763,17.6347,749800
2005-03-18,17.7222,17.7306,17.2927,17.4512,2299100
2005-03-21,17.5137,17.5554,17.3803,17.4804,1454800
2005-03-22,17.5137,17.5638,17.3011,17.3386,1702800
2005-03-23,17.2969,17.3469,17.1385,17.3052,1162300
2005-03-24,17.4053,17.5388,17.3595,17.4137,732600
2005-03-28,17.4846,17.5346,17.3511,17.3595,581000
2005-03-29,17.422,17.422,17.1968,17.2677,891100
2005-03-30,17.2677,17.4804,17.2677,17.4637,868200
2005-03-31,17.5138,17.6555,17.4929,17.5888,2037700
2005-04-01,17.6805,17.7639,17.4095,17.447,1054900
2005-04-04,17.4512,17.4762,17.3052,17.3511,1190400
2005-04-05,17.397,17.5638,17.3678,17.5638,568500
2005-04-06,17.5846,17.6722,17.5304,17.568,590200
2005-04-07,17.6055,17.7264,17.5471,17.7139,757400
2005-04-08,17.7181,17.7598,17.5888,17.5972,929400
2005-04-11,17.6263,17.7973,17.6263,17.6764,665600
2005-04-12,17.6263,17.9516,17.5388,17.9349,1045600
2005-04-13,17.8515,18.0058,17.7765,17.8473,1276600
2005-04-14,17.8515,17.9224,17.7806,17.8265,1251900
2005-04-15,17.8265,17.839,17.6013,17.6013,1317800
2005-04-18,17.6013,17.7848,17.5137,17.6555,1073000
2005-04-19,17.668,17.8557,17.643,17.7681,828800
2005-04-20,17.7473,17.8015,17.6263,17.7056,677400
2005-04-21,17.9099,17.9933,17.7306,17.9182,1014500
2005-04-22,17.9182,18.1184,17.8432,18.0016,975800
2005-04-25,18.0558,18.1768,18.0183,18.1768,1170800
2005-04-26,18.1226,18.2018,18.0016,18.06,831100
2005-04-27,18.0475,18.2018,17.889,18.1142,1598500
2005-04-28,18.0934,18.1726,17.8724,17.8849,1047700
2005-04-29,17.9307,18.0683,17.8223,18.0475,1437600
2005-05-02,18.1392,18.2018,18.0892,18.1851,667200
2005-05-03,18.1601,18.2977,18.0934,18.2185,782200
2005-05-04,18.2185,18.2602,18.0975,18.2477,912400
2005-05-05,18.1893,18.3894,18.1559,18.3686,1261800
2005-05-06,18.4103,18.527,18.2977,18.4645,1571100
2005-05-09,18.5229,18.7105,18.4353,18.7022,1562800
2005-05-10,18.648,18.7731,18.5604,18.7147,1478300
2005-05-11,18.7564,19.0149,18.6938,18.9732,1876900
2005-05-12,18.9732,19.0066,18.8523,18.9524,1428100
2005-05-13,19.0149,19.1067,18.7647,18.9274,2814500
2005-05-16,18.9274,19.2694,18.8978,19.2314,2812900
2005-05-17,19.1089,19.2863,19.0794,19.2567,1471200
2005-05-18,19.3201,19.4679,19.2314,19.3328,1144300
2005-05-19,19.3243,19.3708,19.1723,19.2779,1129200
2005-05-20,19.3243,19.3243,19.185,19.3074,1142500
2005-05-23,19.3159,19.3201,19.1301,19.1934,2061900
2005-05-24,19.2103,19.2905,19.0963,19.1934,967800
2005-05-25,19.1343,19.1934,18.9865,19.054,1221000
2005-05-26,19.0456,19.1301,18.9696,19.0118,1119800
2005-05-27,19.0118,19.1554,19.0118,19.1427,643200
2005-05-31,19.2145,19.3201,19.1554,19.2187,947200
2005-06-01,19.1976,19.5397,19.1301,19.4214,1208600
2005-06-02,19.3792,19.4299,19.3497,19.3834,644400
2005-06-03,19.413,19.5059,19.2948,19.4214,669700
2005-06-06,19.413,19.4426,19.2779,19.2905,689200
2005-06-07,19.3623,19.489,19.2694,19.3243,1010600
2005-06-08,19.3285,19.3877,19.2356,19.2779,515200
2005-06-09,19.2356,19.261,19.1089,19.1934,671700
2005-06-10,19.2145,19.3201,19.1765,19.2483,732700
2005-06-13,19.223,19.3116,19.1301,19.2356,918400
2005-06-14,19.261,19.4426,19.1723,19.3708,733700
2005-06-15,19.4172,19.4172,19.1385,19.1639,746700
2005-06-16,19.2356,19.3581,19.1343,19.299,960700
2005-06-17,19.4468,19.489,19.3243,19.3877,882900
2005-06-20,19.3159,19.4214,19.2779,19.3919,469700
2005-06-21,19.3834,19.451,19.3201,19.3877,539300
2005-06-22,19.4932,19.6115,19.4383,19.565,856600
2005-06-23,19.5397,19.8142,19.4806,19.5946,812100
2005-06-24,19.6284,19.6579,19.413,19.4299,667000
2005-06-27,19.4806,19.6115,19.4003,19.4806,700900
2005-06-28,19.5228,19.6579,19.5101,19.6579,814500
2005-06-29,19.6368,19.7424,19.5735,19.7002,652000
2005-06-30,19.7508,19.9451,19.6917,19.7804,1117500
2005-07-01,19.7635,19.9071,19.7044,19.8818,847200
2005-07-05,19.848,19.9367,19.7508,19.8437,719900
2005-07-06,19.8142,19.9113,19.6748,19.6917,905400
2005-07-07,19.5228,19.8733,19.5017,19.8649,1171300
2005-07-08,19.9113,20.2196,19.8691,20.2069,932800
2005-07-11,20.2618,20.3167,20.2111,20.2914,681600
2005-07-12,20.2914,20.4054,20.1858,20.397,794900
2005-07-13,20.4181,20.5574,20.3843,20.4687,838500
2005-07-14,20.5025,20.5828,20.152,20.3083,952900
2005-07-15,20.2365,20.3674,20.2196,20.2998,484500
2005-07-18,20.3294,20.397,20.1774,20.1816,475500
2005-07-19,20.2238,20.2323,20.1013,20.1267,811500
2005-07-20,20.1056,20.3378,20.0,20.3336,1113600
2005-07-21,20.2914,20.3505,19.9451,20.0676,1652600
2005-07-22,20.0676,20.2238,20.0464,20.2154,686000
2005-07-25,20.2069,20.4603,20.2069,20.3294,924400
2005-07-26,20.3547,20.4392,20.2365,20.2829,795000
2005-07-27,20.2407,20.3927,20.19,20.3125,935600
2005-07-28,20.3674,20.511,20.2365,20.4983,1133200
2005-07-29,20.4561,20.5574,20.3294,20.3378,639700
2005-08-01,20.3589,20.397,20.114,20.1182,1037500
2005-08-02,20.1858,20.4561,20.1858,20.4349,1050400
2005-08-03,20.4096,20.7897,20.3885,20.549,1016300
2005-08-04,20.473,20.5659,20.3969,20.4307,697100
2005-08-05,20.3336,20.342,19.924,20.1098,1162200
2005-08-08,20.1225,20.1647,19.6242,19.7171,1280600
2005-08-09,19.7128,19.8818,19.6157,19.8818,1402400
2005-08-10,19.9535,20.1309,19.7593,19.8606,1010500
2005-08-11,19.7635,20.076,19.7635,20.0718,819900
2005-08-12,20.0253,20.0971,19.848,20.0591,851300
2005-08-15,20.0805,20.1232,19.9266,20.089,894000
2005-08-16,20.0463,20.1361,19.7428,19.7471,1061500
2005-08-17,19.7727,19.7984,19.4906,19.6317,905500
2005-08-18,19.5761,19.7685,19.5248,19.6958,840100
2005-08-19,19.7813,19.8112,19.6744,19.7385,576300
2005-08-22,19.7471,19.9352,19.6659,19.8539,681400
2005-08-23,19.7898,19.9694,19.7898,19.9052,819700
2005-08-24,19.9181,20.0292,19.7129,19.7214,1047500
2005-08-25,19.7215,19.8967,19.7215,19.8454,613700
2005-08-26,19.7984,19.9095,19.7257,19.7471,648800
2005-08-29,19.6616,19.948,19.6189,19.9095,848900
2005-08-30,19.9052,19.9608,19.606,19.7941,1297900
2005-08-31,19.8668,20.0677,19.7856,20.0506,1057700
2005-09-01,20.0506,20.4352,19.9181,20.3113,1437600
2005-09-02,20.3797,20.4865,20.2942,20.3669,913500
2005-09-06,20.4737,20.7173,20.4523,20.5848,905000
2005-09-07,20.6019,20.6148,20.3113,20.4609,582100
2005-09-08,20.3583,20.5293,20.2685,20.307,510200
2005-09-09,20.354,20.619,20.354,20.5806,633500
2005-09-12,20.5165,20.6618,20.431,20.6575,1070100
2005-09-13,20.6404,20.7259,20.5165,20.5421,1030200
2005-09-14,20.5678,20.7174,20.5678,20.5891,642700
2005-09-15,20.6874,20.8627,20.6575,20.7943,891900
2005-09-16,20.914,21.0678,20.7344,21.0465,1884600
2005-09-19,20.9695,21.0678,20.8028,20.8712,540100
2005-09-20,20.8157,20.9866,20.7516,20.7516,807200
2005-09-21,20.7515,20.8798,20.4609,20.6832,1082000
2005-09-22,20.5763,20.6361,20.3882,20.5079,1152200
2005-09-23,20.4865,20.649,20.3925,20.6105,480100
2005-09-26,20.5891,20.7174,20.5165,20.6105,845300
2005-09-27,20.6789,20.8114,20.5122,20.6105,705000
2005-09-28,20.7515,20.8499,20.6404,20.7686,664400
2005-09-29,20.6874,21.0507,20.5848,20.9097,702400
2005-09-30,20.8584,20.9054,20.6703,20.7516,821700
2005-10-03,20.8328,20.9866,20.7943,20.8798,1534500
2005-10-04,20.8798,20.9311,20.572,20.6019,709000
2005-10-05,20.4951,20.6276,20.0719,20.0762,1227400
2005-10-06,20.0677,20.1061,19.606,19.901,1645600
2005-10-07,19.9608,20.1104,19.854,20.1019,991600
2005-10-10,20.0976,20.1019,19.683,19.7898,929400
2005-10-11,19.8411,19.901,19.6231,19.6531,760600
2005-10-12,19.4693,19.6744,19.294,19.4223,1342600
2005-10-13,19.2556,19.3282,18.9179,19.0119,1454900
2005-10-14,19.106,19.1914,18.8709,19.0376,1370100
2005-10-17,19.0803,19.3325,19.0632,19.2043,1035200
2005-10-18,19.2171,19.247,18.935,19.0632,1128200
2005-10-19,19.0205,19.2171,18.6785,19.2128,1528600
2005-10-20,19.2342,19.2342,18.8068,18.9136,1402100
2005-10-21,19.2342,19.2769,18.9521,19.1829,1819200
2005-10-24,19.1829,19.5676,19.1487,19.5676,1435500
2005-10-25,19.7044,19.7044,19.2427,19.3923,1226000
2005-10-26,19.341,19.341,19.0846,19.1444,1204100
2005-10-27,19.1487,19.1743,18.888,18.982,793300
2005-10-28,18.9777,19.3282,18.9777,19.3239,721000
2005-10-31,19.3282,19.5548,19.2727,19.4479,1076000
2005-11-01,19.4051,19.5547,19.3026,19.3539,1057900
2005-11-02,19.3368,19.5761,19.1914,19.5761,1051100
2005-11-03,19.5334,19.6744,19.4137,19.4864,1471800
2005-11-04,19.6873,19.6873,19.3539,19.4223,1188100
2005-11-07,19.4564,19.6189,19.2769,19.3068,916500
2005-11-08,19.3239,19.5163,19.2812,19.3368,714900
2005-11-09,19.4052,19.7172,19.3752,19.6659,1123700
2005-11-10,19.6402,19.777,19.4052,19.7471,1129000
2005-11-11,19.7941,19.7941,19.4949,19.6189,1018600
2005-11-14,19.5756,19.6275,19.3981,19.4328,1230300
2005-11-15,19.3246,19.4977,19.2769,19.3375,982700
2005-11-16,19.3246,19.5366,19.3246,19.3765,1123100
2005-11-17,19.4198,19.6102,19.3938,19.5366,1217000
2005-11-18,19.6665,19.7747,19.4328,19.7054,1309800
2005-11-21,19.7054,19.8353,19.6838,19.8006,783400
2005-11-22,19.7963,19.8439,19.5799,19.7574,827700
2005-11-23,19.7963,19.9521,19.7011,19.8006,615700
2005-11-25,19.9088,19.9132,19.805,19.9132,232200
2005-11-28,19.9738,20.0863,19.8223,19.8439,720000
2005-11-29,19.9521,20.0776,19.8353,19.9521,716300
2005-11-30,19.9175,19.9391,19.6145,19.7098,1591700
2005-12-01,19.9521,19.9521,19.6751,19.779,968800
2005-12-02,19.7877,19.8309,19.6362,19.8266,609600
2005-12-05,19.8612,19.8872,19.2207,19.6621,750200
2005-12-06,19.6708,19.7011,19.5063,19.5193,1530600
2005-12-07,19.5842,19.6795,19.3462,19.4284,1399700
2005-12-08,19.4847,19.6405,19.3635,19.5583,1403400
2005-12-09,19.541,19.7097,19.541,19.6751,1005300
2005-12-12,19.7098,19.818,19.5193,19.6838,1370900
2005-12-13,19.7011,19.8872,19.6968,19.8612,1216100
2005-12-14,19.9088,20.1123,19.8742,20.0517,1262300
2005-12-15,20.2118,20.2161,19.9521,20.03,1528500
2005-12-16,20.1728,20.4498,20.1426,20.2767,1986300
2005-12-19,20.2378,20.32,20.043,20.1382,1229000
2005-12-20,20.1599,20.2637,20.0949,20.1729,1166100
2005-12-21,20.281,20.3373,20.0343,20.0993,1425000
2005-12-22,20.1555,20.3633,20.1382,20.2767,1791000
2005-12-23,20.32,20.3936,20.2811,20.3157,1435300
2005-12-27,20.3416,20.4412,20.2897,20.3763,1929700
2005-12-28,20.3806,20.4109,20.1252,20.2291,1055700
2005-12-29,20.2291,20.3287,20.1469,20.1512,1431600
2005-12-30,20.1296,20.1426,20.03,20.0517,1290100
2006-01-03,20.0949,20.2984,20.017,20.2118,1419700
2006-01-04,20.2334,20.2594,19.9348,20.2118,1541700
2006-01-05,20.1902,20.2897,20.1252,20.1988,648000
2006-01-06,20.2551,20.294,20.1339,20.2594,653200
2006-01-09,20.2984,20.2984,20.1469,20.2334,774000
2006-01-10,20.1729,20.2551,20.1382,20.1772,505400
2006-01-11,20.1858,20.2205,20.0387,20.1036,630400
2006-01-12,20.1252,20.1599,20.0387,20.0387,863000
2006-01-13,20.3806,20.3806,19.9781,20.0387,750000
2006-01-17,20.0387,20.2594,19.9954,20.2551,934200
2006-01-18,20.2767,20.3416,20.2205,20.2897,1036700
2006-01-19,20.2897,20.4022,20.2378,20.3806,950500
2006-01-20,20.3806,20.4022,20.1382,20.2248,1278300
2006-01-23,20.2118,20.3113,20.1425,20.2075,963500
2006-01-24,20.2075,20.346,20.2032,20.3157,1185000
2006-01-25,20.3157,20.4022,20.1296,20.2637,1436800
2006-01-26,20.4195,20.4845,20.1902,20.2767,2849000
2006-01-27,20.3633,20.5667,20.346,20.4671,2050700
2006-01-30,20.4369,20.4412,20.3027,20.3763,1057200
2006-01-31,20.3849,20.4542,20.3027,20.346,752900
2006-02-01,20.3633,20.4239,20.2681,20.3589,1095600
2006-02-02,20.2767,20.3157,19.9867,20.1512,1469700
2006-02-03,19.9954,20.0733,19.8439,19.9521,1094200
2006-02-06,19.9175,20.0127,19.8612,19.9651,710800
2006-02-07,19.9521,20.0041,19.7963,19.8396,797400
2006-02-08,19.8309,20.03,19.7833,19.9305,1164500
2006-02-09,19.9305,20.043,19.8612,19.9305,739700
2006-02-10,19.9305,20.082,19.9218,19.9694,906700
2006-02-13,19.9585,20.0067,19.9103,19.9541,1068100
2006-02-14,19.9672,19.9892,19.7744,19.8401,1248600
2006-02-15,19.8577,19.8664,19.6911,19.7744,1033900
2006-02-16,19.7656,19.884,19.6999,19.8752,789300
2006-02-17,19.8533,19.976,19.7218,19.919,1599100
2006-02-21,19.9278,20.1864,19.9103,20.1557,1090900
2006-02-22,20.2039,20.2959,20.1206,20.2653,721200
2006-02-23,20.2127,20.2521,20.0943,20.0987,556200
2006-02-24,20.0768,20.3748,20.0768,20.3748,1119900
2006-02-27,20.4274,20.4581,20.1338,20.1382,1375100
2006-02-28,20.2039,20.2258,19.9453,20.1031,1085900
2006-03-01,20.0768,20.1031,19.9409,20.0067,633700
2006-03-02,19.8971,19.976,19.735,19.8226,1291200
2006-03-03,19.7306,19.9059,19.7262,19.7613,785600
2006-03-06,19.7437,19.7613,19.3581,19.5027,1241100
2006-03-07,19.564,19.6035,19.415,19.5421,842900
2006-03-08,19.4764,19.6955,19.3055,19.5377,1071100
2006-03-09,19.5071,19.5684,19.415,19.4545,774600
2006-03-10,19.5246,19.5903,19.3975,19.5684,842300
2006-03-13,19.6298,19.6999,19.529,19.5903,910000
2006-03-14,19.6342,19.8489,19.5684,19.8445,825300
2006-03-15,19.8752,19.8971,19.6342,19.7306,602800
2006-03-16,19.8796,20.068,19.7919,19.8796,913300
2006-03-17,19.9716,20.0023,19.7043,19.7613,1083200
2006-03-20,19.7876,19.8971,19.5465,19.7087,968600
2006-03-21,19.77,19.7876,19.5903,19.6429,936600
2006-03-22,19.678,19.7919,19.5903,19.7744,612900
2006-03-23,19.7306,19.7656,19.5553,19.5816,905800
2006-03-24,19.5903,19.7437,19.529,19.5465,726300
2006-03-27,19.4895,19.5465,19.3493,19.3624,958600
2006-03-28,19.3186,19.3493,19.174,19.2222,1184300
2006-03-29,19.2835,19.415,19.2178,19.3668,1099100
2006-03-30,19.3186,19.4238,19.117,19.1477,987800
2006-03-31,19.2178,19.2967,18.9987,19.0644,1286400
2006-04-03,19.2222,19.231,18.9812,19.0031,1668500
2006-04-04,19.0425,19.0644,18.8234,19.0118,2690700
2006-04-05,19.0644,19.2222,18.911,19.1477,2326600
2006-04-06,19.1565,19.2091,18.8935,18.9417,1117800
2006-04-07,18.7576,18.7971,18.5078,18.5779,1870500
2006-04-10,18.5648,18.6963,18.4465,18.5034,1022100
2006-04-11,18.4728,18.556,18.2975,18.3457,954500
2006-04-12,18.3413,18.4728,18.3413,18.4377,1428800
2006-04-13,18.3194,18.4859,18.3194,18.3544,902100
2006-04-17,18.3457,18.3983,18.2405,18.3983,913900
2006-04-18,18.4289,18.6656,18.3807,18.5648,1365200
2006-04-19,18.5385,18.6919,18.4508,18.5867,861500
2006-04-20,18.6262,18.9286,18.6086,18.7927,1100100
2006-04-21,18.8891,18.9373,18.613,18.7007,898700
2006-04-24,18.705,18.8935,18.6262,18.8672,1884300
2006-04-25,18.8321,18.8321,18.4815,18.5385,923900
2006-04-26,18.6042,18.6349,18.4246,18.4815,849500
2006-04-27,18.407,18.8628,18.3632,18.727,1351700
2006-04-28,18.7226,18.9812,18.5736,18.8979,1629400
2006-05-01,19.0644,19.0644,18.6919,18.8102,1448000
2006-05-02,18.876,18.9768,18.7357,18.7839,1474500
2006-05-03,18.7357,18.8234,18.5429,18.556,1381000
2006-05-04,18.6437,18.7094,18.578,18.6612,1059200
2006-05-05,18.727,18.9417,18.727,18.8979,1050200
2006-05-08,18.8453,19.0206,18.8453,18.8804,1205200
2006-05-09,18.8541,18.8716,18.7796,18.8497,881300
2006-05-10,18.8497,19.1477,18.8146,19.1433,1791200
2006-05-11,19.1855,19.2121,18.8435,18.8879,1525300
2006-05-12,18.8036,18.8435,18.5549,18.5682,2060900
2006-05-15,18.617,18.8835,18.586,18.7103,1850200
2006-05-16,18.7059,18.7547,18.6304,18.6526,912100
2006-05-17,18.5415,18.6526,18.284,18.3861,1452400
2006-05-18,18.3905,18.5904,18.3861,18.4438,1702400
2006-05-19,18.586,18.8258,18.4483,18.7192,2208200
2006-05-22,18.6304,19.1633,18.6304,19.0834,2858800
2006-05-23,19.0079,19.1056,18.7192,18.7636,1888100
2006-05-24,18.8435,19.2033,18.7369,19.1589,2456900
2006-05-25,19.1988,19.3987,19.1233,19.3942,2475800
2006-05-26,19.4076,19.5719,19.2965,19.5674,1797100
2006-05-30,19.4298,19.5585,19.3587,19.4031,2313700
2006-05-31,19.4031,19.754,19.2965,19.5852,1506500
2006-06-01,19.6163,19.6429,19.452,19.5808,1293600
2006-06-02,19.6252,19.7451,19.4875,19.7406,945300
2006-06-05,19.6518,19.6829,19.5275,19.5585,1848200
2006-06-06,19.6651,19.6651,19.3321,19.5541,1153900
2006-06-07,19.4608,19.5896,19.4164,19.5186,1183100
2006-06-08,19.5363,19.785,19.4742,19.7362,1837600
2006-06-09,19.603,19.8872,19.5674,19.8117,1180700
2006-06-12,19.936,19.9849,19.7584,19.9094,1391200
2006-06-13,19.7806,19.9538,19.6074,19.674,1748100
2006-06-14,19.6296,19.674,19.3498,19.5008,1329200
2006-06-15,19.5941,19.754,19.3942,19.6962,1038100
2006-06-16,19.7362,19.8472,19.5319,19.6429,1118200
2006-06-19,19.6429,19.7007,19.3232,19.4742,967900
2006-06-20,19.4608,19.5008,19.3365,19.4209,934600
2006-06-21,19.4076,19.4742,19.2788,19.3187,923800
2006-06-22,19.2566,19.3543,19.1189,19.3099,1035700
2006-06-23,19.2654,19.4697,19.221,19.3143,724900
2006-06-26,19.2743,19.452,19.2255,19.3054,571500
2006-06-27,19.2832,19.5008,19.1811,19.2033,832300
2006-06-28,19.2521,19.4342,19.2521,19.4076,1648100
2006-06-29,19.5141,19.7495,19.4298,19.714,1440200
2006-06-30,19.7628,19.8561,19.6118,19.7362,891300
2006-07-03,19.825,19.9627,19.6518,19.9538,515500
2006-07-05,19.8339,19.9582,19.754,19.8161,1031500
2006-07-06,19.8295,19.8517,19.6518,19.7406,824900
2006-07-07,19.7273,20.1226,19.7007,20.0293,1471300
2006-07-10,20.0071,20.1803,19.9405,20.1803,1118000
2006-07-11,20.2025,20.2913,20.087,20.2336,723000
2006-07-12,20.1892,20.2336,20.0959,20.1314,1238000
2006-07-13,20.0959,20.2647,20.0337,20.0737,1035000
2006-07-14,20.0826,20.2158,20.0027,20.0782,1001300
2006-07-17,20.087,20.2869,20.087,20.1359,991800
2006-07-18,20.1315,20.3757,20.1181,20.3313,947800
2006-07-19,20.3757,20.6466,20.3624,20.5667,971900
2006-07-20,20.54,20.7532,20.4823,20.6733,825000
2006-07-21,20.8642,20.8687,20.6955,20.7843,1579900
2006-07-24,20.7399,20.8731,20.6733,20.8509,1479400
2006-07-25,20.7621,20.8731,20.731,20.8598,1007900
2006-07-26,20.8287,20.9841,20.7976,20.9575,944200
2006-07-27,20.9575,21.073,20.7043,20.7043,1183000
2006-07-28,20.7843,20.993,20.6955,20.8687,1177100
2006-07-31,20.9708,20.9708,20.7532,20.8154,859500
2006-08-01,20.7532,20.8465,20.6688,20.8021,1559200
2006-08-02,20.7532,20.8776,20.6821,20.7887,1211800
2006-08-03,20.7621,20.8998,20.4334,20.5445,2563400
2006-08-04,20.6511,20.7932,20.54,20.7177,1468800
2006-08-07,20.4956,20.7354,20.1714,20.2158,1452500
2006-08-08,20.2203,20.4645,20.207,20.4334,1699300
2006-08-09,20.4246,20.5311,20.2558,20.2691,1062500
2006-08-10,20.2558,20.3668,20.1359,20.3269,875400
2006-08-11,20.2602,20.4068,20.2114,20.3402,1129000
2006-08-14,20.3019,20.5988,20.23,20.3694,2125200
2006-08-15,20.5538,20.5583,20.3694,20.3964,926300
2006-08-16,20.4099,20.5043,20.275,20.284,1013600
2006-08-17,20.284,20.3064,20.1041,20.2615,1093400
2006-08-18,20.302,20.4774,20.2615,20.3919,951100
2006-08-21,20.3289,20.5493,20.3065,20.4234,899500
2006-08-22,20.4504,20.5853,20.3739,20.5808,731300
2006-08-23,20.5313,20.5988,20.2435,20.3064,1125400
2006-08-24,20.3739,20.4279,20.311,20.3919,1030600
2006-08-25,20.3829,20.4909,20.3739,20.4144,719800
2006-08-28,20.4504,20.6887,20.4054,20.6618,957500
2006-08-29,20.5898,20.6663,20.4999,20.5943,1290000
2006-08-30,20.6348,20.6393,20.4729,20.5763,884500
2006-08-31,20.5538,20.8102,20.5538,20.7787,634500
2006-09-01,20.7517,20.7562,20.5988,20.6438,749600
2006-09-05,20.5988,20.5988,20.4009,20.4909,1239700
2006-09-06,20.4684,20.5043,20.3289,20.3964,1538400
2006-09-07,20.4099,20.4369,20.284,20.3154,1040900
2006-09-08,20.4189,20.4504,20.3424,20.3694,552700
2006-09-11,20.3919,20.5043,20.3199,20.3514,811000
2006-09-12,20.3964,20.3964,20.2435,20.3784,1024200
2006-09-13,20.4279,20.4998,20.2075,20.4819,910300
2006-09-14,20.4324,20.6168,20.3964,20.4324,589900
2006-09-15,20.5403,20.7247,20.4908,20.5673,1362400
2006-09-18,20.5898,20.6438,20.4639,20.5583,1198300
2006-09-19,20.5988,20.6843,20.5403,20.5988,806400
2006-09-20,20.6752,20.9271,20.6168,20.8327,1980600
2006-09-21,20.6887,20.7562,20.6707,20.7562,1889000
2006-09-22,20.7337,20.7787,20.6887,20.6977,1243000
2006-09-25,20.7472,20.9541,20.7247,20.8641,1737000
2006-09-26,20.8552,20.9721,20.7697,20.8911,692700
2006-09-27,20.9136,21.0575,20.8417,21.0261,1255600
2006-09-28,21.0755,21.1205,20.8686,21.0036,1363200
2006-09-29,21.0216,21.0261,20.7742,20.7787,959600
2006-10-02,20.8102,20.9901,20.8102,20.8462,1242200
2006-10-03,20.9001,20.9766,20.7067,20.9676,1813000
2006-10-04,20.9676,21.1115,20.9361,21.1025,1717500
2006-10-05,21.134,21.1925,20.9631,21.0171,1448500
2006-10-06,20.9406,21.0081,20.8282,20.8821,1337400
2006-10-09,20.8237,20.9091,20.7832,20.8776,610200
2006-10-10,20.8462,20.9181,20.8102,20.8731,645700
2006-10-11,20.8237,21.152,20.8237,20.9316,1516400
2006-10-12,20.9226,21.089,20.8327,21.0441,1178300
2006-10-13,21.0755,21.1205,20.9316,21.0216,738200
2006-10-16,20.9811,21.0845,20.9136,21.0755,793000
2006-10-17,21.1025,21.2374,21.08,21.1835,870100
2006-10-18,21.098,21.4668,21.098,21.3814,1085900
2006-10-19,21.2284,21.4128,21.2284,21.3499,845600
2006-10-20,21.4488,21.5388,21.3859,21.5388,1162800
2006-10-23,21.4488,21.6287,21.3634,21.5613,957600
2006-10-24,21.4218,21.5478,21.3634,21.5433,1544200
2006-10-25,21.4578,21.7637,21.4578,21.6872,1301000
2006-10-26,21.9031,21.9031,21.6467,21.7457,986300
2006-10-27,21.7592,21.7682,21.6647,21.6917,809600
2006-10-30,21.7502,21.8626,21.6917,21.7772,824800
2006-10-31,21.8221,21.8401,21.7007,21.7457,732700
2006-11-01,21.7996,21.984,21.7727,21.8851,1296200
2006-11-02,21.8176,21.9436,21.6737,21.9391,1251600
2006-11-03,21.8041,21.9121,21.3544,21.5972,1833900
2006-11-06,21.5883,21.6377,21.4893,21.5568,1849200
2006-11-07,21.5343,21.6287,21.4308,21.4488,1145000
2006-11-08,21.4533,21.6602,21.4443,21.6242,1893900
2006-11-09,21.6242,21.6692,21.5388,21.6017,773800
2006-11-10,21.6557,21.7547,21.5928,21.7232,899800
2006-11-13,21.7892,21.8848,21.6526,21.6572,1215400
2006-11-14,21.6117,21.8939,21.6117,21.8392,1445600
2006-11-15,21.771,21.8711,21.6981,21.7209,931300
2006-11-16,21.8028,21.9394,21.7892,21.8074,1057400
2006-11-17,21.7619,21.8984,21.73,21.8438,1213100
2006-11-20,21.9712,21.9712,21.7255,21.7846,628600
2006-11-21,21.7892,21.8392,21.7118,21.7664,701300
2006-11-22,21.7437,21.8483,21.73,21.7528,799200
2006-11-24,21.689,21.8392,21.689,21.7801,238800
2006-11-27,21.8074,21.8256,21.5434,21.6299,857700
2006-11-28,21.598,21.862,21.5798,21.7937,1827300
2006-11-29,21.821,21.9667,21.8028,21.9303,2011500
2006-11-30,21.8939,21.9713,21.8256,21.9485,903700
2006-12-01,21.9804,22.0532,21.8028,21.9485,882400
2006-12-04,21.9758,22.0623,21.9303,22.0304,719800
2006-12-05,22.0077,22.0623,21.953,22.0304,699900
2006-12-06,21.9895,22.0395,21.8757,21.9485,683900
2006-12-07,21.9485,22.0395,21.8256,21.8666,1272000
2006-12-08,21.8984,21.953,21.7346,21.771,850500
2006-12-11,21.7528,21.8802,21.7528,21.8438,858700
2006-12-12,21.8939,22.2034,21.8666,22.1488,1876700
2006-12-13,22.167,22.2398,22.0077,22.126,1345800
2006-12-14,22.1306,22.3627,22.1169,22.3627,1181900
2006-12-15,22.4128,22.431,22.1215,22.1533,2181100
2006-12-18,22.258,22.2808,21.8575,21.9485,1522700
2006-12-19,21.9758,22.0486,21.8483,22.0213,1363500
2006-12-20,21.9895,22.0077,21.8028,21.8074,887900
2006-12-21,21.8392,21.8438,21.6435,21.7573,885800
2006-12-22,21.7573,21.8893,21.6799,21.7391,621900
2006-12-26,21.7437,21.8529,21.6617,21.8119,553900
2006-12-27,21.8484,21.9576,21.8347,21.9348,524900
2006-12-28,21.903,21.9849,21.8711,21.9121,888800
2006-12-29,21.903,21.9849,21.8028,21.8802,980900
2007-01-03,21.903,22.167,21.903,22.0259,1444700
2007-01-04,21.9758,22.1078,21.8711,21.9895,1499800
2007-01-05,21.9804,21.9895,21.5388,21.6799,1167200
2007-01-08,21.6936,21.7391,21.5434,21.6481,1278800
2007-01-09,21.7118,21.7892,21.5479,21.7118,1927200
2007-01-10,21.6617,21.8666,21.6435,21.7619,1430900
2007-01-11,21.7573,21.9348,21.639,21.7346,957400
2007-01-12,21.6526,21.7118,21.4797,21.5571,1141400
2007-01-16,21.6344,21.8256,21.5707,21.6344,921600
2007-01-17,21.6981,21.7027,21.5297,21.6663,1209900
2007-01-18,21.425,21.73,21.425,21.6799,1041500
2007-01-19,21.7755,21.8438,21.6845,21.73,1754500
2007-01-22,21.8028,22.0441,21.7801,21.9622,1987000
2007-01-23,21.9485,22.0941,21.903,21.9986,1323400
2007-01-24,22.0077,22.1579,21.9758,22.0896,902600
2007-01-25,22.1351,22.1533,21.8529,21.862,1033800
2007-01-26,21.862,21.9212,21.7027,21.8939,985800
2007-01-29,21.8484,21.8802,21.7209,21.821,1034400
2007-01-30,21.8666,21.8666,21.6526,21.8165,1282900
2007-01-31,21.8119,22.0213,21.7027,21.9758,1314100
2007-02-01,22.035,22.1215,21.9485,22.0304,1297100
2007-02-02,22.0759,22.0896,21.9895,22.0577,741900
2007-02-05,22.0668,22.1897,21.9849,22.1397,1032900
2007-02-06,22.1351,22.2535,22.1124,22.1852,1331600
2007-02-07,22.1897,22.3172,22.1078,22.2671,914300
2007-02-08,22.2489,22.3764,22.2353,22.2717,684700
2007-02-09,22.2671,22.4173,22.1761,22.3172,1401200
2007-02-12,22.3172,22.354,22.202,22.3034,1065500
2007-02-13,22.3356,22.4415,22.2481,22.4415,1222500
2007-02-14,22.4139,22.5567,22.4047,22.483,968500
2007-02-15,22.4784,22.4784,22.3402,22.3771,1116600
2007-02-16,22.3448,22.4922,22.2389,22.4415,1017700
2007-02-20,22.4185,22.5936,22.4093,22.5797,1165900
2007-02-21,22.4554,22.5475,22.4001,22.4554,1148000
2007-02-22,22.6166,22.8331,22.5705,22.8193,1975300
2007-02-23,22.8883,22.9805,22.6857,22.7225,2592500
2007-02-26,22.893,23.0542,22.7271,22.9114,1753700
2007-02-27,22.7778,22.8193,22.1099,22.3955,1804400
2007-02-28,22.4185,22.5429,22.2573,22.3771,1882600
2007-03-01,22.179,22.506,22.1099,22.4231,1348500
2007-03-02,22.3863,22.4001,22.1375,22.1468,1284300
2007-03-05,22.0823,22.1145,21.8658,21.9072,1649700
2007-03-06,21.9855,22.2481,21.8612,22.1882,1256200
2007-03-07,22.1744,22.2711,22.0454,22.1053,1495400
2007-03-08,22.1744,22.3264,22.0961,22.3126,1395400
2007-03-09,22.3402,22.3817,22.1882,22.2941,865200
2007-03-12,22.2895,22.4001,22.156,22.3356,1718500
2007-03-13,22.2895,22.4277,22.0777,22.1283,1386700
2007-03-14,22.1974,22.4139,22.0224,22.331,1756000
2007-03-15,22.3356,22.5475,22.2066,22.4738,1569700
2007-03-16,22.5245,22.5475,22.3034,22.3909,1654000
2007-03-19,22.5475,22.6903,22.3909,22.5936,1062000
2007-03-20,22.6166,22.939,22.5152,22.916,1129700
2007-03-21,22.8976,23.1647,22.764,23.1187,1245900
2007-03-22,23.0864,23.1785,22.9713,23.1371,1288100
2007-03-23,23.0542,23.2384,22.9851,23.2246,756100
2007-03-26,23.2246,23.4826,23.0956,23.4595,1781800
2007-03-27,23.5194,23.5609,23.3213,23.4733,1414300
2007-03-28,23.4273,23.653,23.3904,23.4549,1461700
2007-03-29,23.547,23.63,23.3259,23.6069,1219700
2007-03-30,23.5793,23.676,23.22,23.5194,1523600
2007-04-02,23.4641,23.8418,23.4181,23.8234,1611600
2007-04-03,23.9155,23.98,23.7267,23.9524,1538900
2007-04-04,23.8741,24.0537,23.8372,23.8787,1295600
2007-04-05,23.8096,24.0353,23.7681,23.9754,940000
2007-04-09,23.9248,24.0629,23.8971,24.0169,868100
2007-04-10,24.0583,24.0906,23.9294,24.0722,1467000
2007-04-11,24.0215,24.0583,23.7958,23.8603,1427100
2007-04-12,23.8603,23.9754,23.7129,23.8372,1243700
2007-04-13,23.9478,23.9478,23.7037,23.8557,793700
2007-04-16,23.9155,23.9524,23.8142,23.9248,976500
2007-04-17,23.9155,24.1781,23.8787,24.1136,1424700
2007-04-18,24.0215,24.2426,23.9754,24.2057,1098500
2007-04-19,23.8188,24.1965,23.8188,23.9109,1689100
2007-04-20,23.9294,24.0215,23.8188,23.9524,2337400
2007-04-23,23.9432,24.0169,23.8741,23.9432,1566900
2007-04-24,24.0077,24.0722,23.9017,24.0261,1963100
2007-04-25,24.1597,24.3163,23.9616,24.2426,1717200
2007-04-26,24.1827,24.3669,23.9892,24.0537,1397300
2007-04-27,24.0537,24.0537,23.7866,23.8603,1325300
2007-04-30,23.7313,23.805,23.5931,23.6115,2224500
2007-05-01,23.6438,23.782,23.5148,23.6806,1369800
2007-05-02,23.7359,23.8879,23.6576,23.8004,1043600
2007-05-03,23.8004,23.8695,23.6069,23.7589,1582900
2007-05-04,23.8879,23.8879,23.6207,23.6852,1575400
2007-05-07,23.7405,23.934,23.6622,23.8741,1010400
2007-05-08,23.8603,23.9386,23.7221,23.8879,1087000
2007-05-09,23.9432,23.9524,22.9943,23.8004,1207500
2007-05-10,23.8004,23.9478,23.4273,23.4549,1946300
2007-05-11,23.2615,23.4826,23.2154,23.478,3219400
2007-05-14,23.5059,23.6364,23.4733,23.6224,1520700
2007-05-15,23.6457,23.8227,23.5385,23.6131,1894400
2007-05-16,23.6224,23.9718,23.5525,23.9625,2210200
2007-05-17,23.9579,23.9579,23.683,23.7016,1668900
2007-05-18,23.7715,23.7994,23.6131,23.7389,1893900
2007-05-21,23.7761,23.8088,23.6597,23.7622,1721000
2007-05-22,23.7063,23.7622,23.6131,23.6224,1239100
2007-05-23,23.6224,23.6923,23.1704,23.1704,1944200
2007-05-24,23.1704,23.2217,22.4669,22.5321,4398600
2007-05-25,22.6486,22.6905,22.1454,22.4203,3350500
2007-05-29,22.4809,22.7464,22.3551,22.5414,2990600
2007-05-30,22.4855,22.7278,22.3644,22.6999,1949700
2007-05-31,22.7651,22.835,22.6719,22.7465,1781500
2007-06-01,22.8303,22.8722,22.4902,22.588,2469700
2007-06-04,22.588,22.7791,22.383,22.6579,2203300
2007-06-05,22.6346,22.6393,22.192,22.2386,3126400
2007-06-06,22.3318,22.3318,21.9357,22.2013,2871800
2007-06-07,21.9823,22.0802,21.4931,21.6143,5170300
2007-06-08,21.9963,22.0802,21.4978,21.7074,3835000
2007-06-11,21.7913,21.8845,21.6748,21.6748,3591100
2007-06-12,21.6143,21.7727,21.4325,21.4838,3843000
2007-06-13,21.6096,21.9078,21.5583,21.9078,2289300
2007-06-14,21.8938,22.0382,21.6888,21.8565,1981000
2007-06-15,21.9031,22.206,21.8938,22.0709,3958300
2007-06-18,22.0709,22.1361,21.8332,21.8659,2013500
2007-06-19,21.8985,21.9171,21.6655,21.7866,1890800
2007-06-20,21.8938,22.0662,21.3394,21.3766,2446300
2007-06-21,21.3766,21.4931,21.0878,21.3999,2720200
2007-06-22,21.358,21.358,20.9293,21.0598,3677100
2007-06-25,21.2275,21.3347,20.9713,21.0458,2171400
2007-06-26,21.2368,21.4791,21.0318,21.0318,2953500
2007-06-27,20.9666,21.2928,20.8455,21.1856,3697400
2007-06-28,21.111,21.3347,20.9433,21.0878,1986000
2007-06-29,21.125,21.2182,20.8175,21.0225,2936600
2007-07-02,21.1297,21.2602,20.9946,21.2508,2569800
2007-07-03,21.4186,21.5304,21.1623,21.358,1344200
2007-07-05,21.3487,21.4372,20.9946,21.2555,2175800
2007-07-06,21.2741,21.2928,20.906,21.0645,1509200
2007-07-09,21.1623,21.1903,21.0132,21.1111,1536000
2007-07-10,21.0132,21.1483,20.9014,20.9247,2007000
2007-07-11,20.92,21.0645,20.8595,21.0645,2175200
2007-07-12,21.2042,21.3021,21.0645,21.3021,1596700
2007-07-13,21.3626,21.549,21.2135,21.4745,1432700
2007-07-16,21.3953,21.5397,21.1716,21.1856,1539100
2007-07-17,21.1903,21.344,21.1343,21.2322,1765100
2007-07-18,21.2648,21.3906,21.139,21.3067,2568900
2007-07-19,21.4325,21.5397,21.2182,21.4372,2939000
2007-07-20,21.4372,21.5537,21.1297,21.139,3454400
2007-07-23,21.1903,21.3627,20.9293,21.0365,2621400
2007-07-24,21.0132,21.2229,20.6638,20.6871,3716700
2007-07-25,20.9526,21.1344,20.6265,21.1064,4806400
2007-07-26,20.9992,21.2741,20.5659,20.8594,5892600
2007-07-27,20.8036,20.8734,20.3376,20.3376,4418400
2007-07-30,20.4215,20.6498,20.0814,20.5053,3794100
2007-07-31,20.5287,20.8501,20.3143,20.3516,4125000
2007-08-01,20.4308,21.0085,20.3516,20.9387,3061900
2007-08-02,21.0458,21.2229,20.8501,21.1809,2864400
2007-08-03,21.1809,21.2322,20.4401,20.4401,3567500
2007-08-06,20.5939,21.3161,20.3935,21.3067,3338200
2007-08-07,21.0878,22.2945,21.0691,21.987,5610700
2007-08-08,21.7587,22.63,21.6375,21.8985,4625200
2007-08-09,21.8472,22.4343,21.6515,21.8705,4644000
2007-08-10,21.8239,22.5973,21.6841,22.0988,4610500
2007-08-13,21.8252,22.179,21.6601,21.7073,2802500
2007-08-14,21.8158,22.0045,21.4526,21.5469,2980100
2007-08-15,21.4951,21.8866,21.1932,21.2403,2497200
2007-08-16,20.9762,21.5988,20.8347,21.5186,4472300
2007-08-17,21.745,21.9809,21.2592,21.679,4531900
2007-08-20,21.7592,21.9243,21.4432,21.7498,2015100
2007-08-21,21.6083,22.245,21.6035,22.0658,2004100
2007-08-22,22.1035,22.2403,21.8299,22.1696,1774800
2007-08-23,22.2167,22.2639,21.8866,22.0092,1593800
2007-08-24,21.962,22.0894,21.8158,22.0752,1414400
2007-08-27,22.0611,22.0611,21.4337,21.5422,1946600
2007-08-28,21.5516,21.6931,21.2498,21.2639,1911400
2007-08-29,21.429,21.7262,21.3866,21.7262,1406200
2007-08-30,21.5281,21.8158,21.462,21.6649,1276300
2007-08-31,21.8111,21.8724,21.4573,21.6696,1488900
2007-09-04,21.7026,21.9856,21.6743,21.896,1637100
2007-09-05,21.8347,21.8818,21.5894,21.8017,1749500
2007-09-06,21.9007,21.9196,21.6035,21.7922,1582000
2007-09-07,21.6083,21.712,21.396,21.4809,1808600
2007-09-10,21.4149,21.5328,21.1083,21.4762,2888600
2007-09-11,21.6366,21.6649,21.4809,21.6366,1549200
2007-09-12,21.6649,21.7922,21.5752,21.712,981000
2007-09-13,21.8111,21.8677,21.6035,21.6601,1080600
2007-09-14,21.58,21.8818,21.5752,21.8205,1273300
2007-09-17,21.8016,21.8158,21.6413,21.7309,913300
2007-09-18,21.929,22.2828,21.8441,22.1224,2016300
2007-09-19,22.2356,22.4196,22.0941,22.3111,1837000
2007-09-20,22.3488,22.3818,22.0564,22.179,1598700
2007-09-21,22.3394,22.3771,22.1035,22.1601,1661200
2007-09-24,22.1931,22.3818,22.1413,22.1884,1254000
2007-09-25,22.1413,22.3158,22.0328,22.0847,1378200
2007-09-26,22.1224,22.2922,22.0469,22.2262,1091200
2007-09-27,22.2686,22.2781,22.0469,22.0847,970400
2007-09-28,22.1035,22.113,21.7922,21.8394,1573900
2007-10-01,21.9667,22.2356,21.8771,22.1601,1344300
2007-10-02,22.1318,22.2262,21.9998,22.1554,903800
2007-10-03,22.0894,22.2498,22.0469,22.2167,754800
2007-10-04,22.3064,22.3771,22.2167,22.2828,866300
2007-10-05,22.2639,22.4809,22.2545,22.2969,1042500
2007-10-08,22.2969,22.4101,22.1696,22.2639,774900
2007-10-09,22.3252,22.5611,22.2073,22.5281,1281200
2007-10-10,22.5139,22.5139,22.2026,22.2498,1176000
2007-10-11,22.3488,22.4384,21.9384,22.1035,2673400
2007-10-12,22.1601,22.2026,22.0045,22.0611,1284600
2007-10-15,22.0799,22.1554,21.712,21.896,1783200
2007-10-16,21.8818,21.9856,21.7545,21.863,999500
2007-10-17,21.9526,21.9998,21.7403,21.929,1335600
2007-10-18,21.7922,21.9715,21.6979,21.7639,1512800
2007-10-19,21.7781,21.7781,21.2262,21.2828,2917600
2007-10-22,21.2262,21.4998,21.0234,21.3394,1830600
2007-10-23,21.4903,21.5045,21.2875,21.4243,1712200
2007-10-24,21.2592,21.6177,21.2592,21.613,1753800
2007-10-25,21.6649,21.9526,21.5139,21.8818,2225000
2007-10-26,21.896,22.0469,21.8158,22.0139,1039800
2007-10-29,22.0422,22.2073,21.9196,21.9384,1160700
2007-10-30,21.9526,22.1413,21.9007,21.9573,1317500
2007-10-31,22.0045,22.245,21.9667,22.212,1408800
2007-11-01,22.1932,22.2592,21.7969,21.8252,1779200
2007-11-02,22.1601,22.3818,22.0564,22.1224,3343100
2007-11-05,22.3535,22.3913,22.0988,22.3016,1504000
2007-11-06,22.1413,22.2686,22.0139,22.2073,1238500
2007-11-07,22.1696,22.179,21.7686,21.7686,3112000
2007-11-08,21.9762,22.2969,21.8064,22.2356,3595700
2007-11-09,22.2547,22.3932,22.0876,22.1258,2565000
2007-11-12,21.9443,22.3263,21.9443,22.078,2786500
2007-11-13,22.2308,22.3598,21.9968,22.3598,2340400
2007-11-14,22.441,22.4601,22.2117,22.2499,1885500
2007-11-15,22.1162,22.4457,22.1162,22.3216,2903900
2007-11-16,22.4314,22.4744,22.0828,22.3646,1766000
2007-11-19,22.269,22.9233,22.269,22.6845,4645400
2007-11-20,22.675,22.9472,22.6606,22.8755,3062300
2007-11-21,22.7323,23.2719,22.7323,22.9233,3270600
2007-11-23,23.0284,23.2433,22.9758,23.1382,1218500
2007-11-26,22.9424,23.4725,22.9424,23.1621,2958800
2007-11-27,23.3292,23.377,23.0475,23.2767,2809900
2007-11-28,23.4056,23.4056,23.1764,23.3053,2620500
2007-11-29,23.186,23.3483,23.1,23.1907,2475900
2007-11-30,23.42,23.42,23.0857,23.1382,3038200
2007-12-03,23.0427,23.3054,23.0427,23.1907,1894600
2007-12-04,23.0045,23.7065,23.0045,23.5107,2391600
2007-12-05,23.6826,23.8116,23.5346,23.7399,1928700
2007-12-06,23.6826,23.7161,23.4152,23.5728,2505700
2007-12-07,23.568,23.7256,23.4439,23.6349,1630000
2007-12-10,23.568,23.9978,23.568,23.9787,2591000
2007-12-11,23.9978,24.122,23.5346,23.5967,2710600
2007-12-12,24.1411,24.1411,23.611,23.7399,2955800
2007-12-13,23.6683,23.9119,23.6158,23.8546,2160500
2007-12-14,23.7638,23.7973,23.525,23.525,1828200
2007-12-17,23.4009,23.5489,23.1143,23.2003,2718300
2007-12-18,23.3197,23.7829,23.2433,23.3531,1988200
2007-12-19,23.4056,23.4295,23.1334,23.1334,1880300
2007-12-20,23.3436,23.4009,22.9663,23.1096,1903100
2007-12-21,23.334,23.377,23.1669,23.229,2558700
2007-12-24,23.2528,23.3627,23.0713,23.1907,639000
2007-12-26,23.0904,23.2337,23.0427,23.0809,1263000
2007-12-27,23.1048,23.1908,22.9854,23.0761,1817100
2007-12-28,22.9329,23.5489,22.9329,23.3674,2037600
2007-12-31,23.3436,23.4009,23.2242,23.3292,1421500
2008-01-02,23.2433,23.3435,22.9376,22.9806,2507700
2008-01-03,23.1048,23.2337,22.9281,22.952,1677100
2008-01-04,22.9567,23.1573,22.866,22.8851,1644500
2008-01-07,22.9806,23.2624,22.9758,23.2098,2064500
2008-01-08,23.2767,23.5441,23.0666,23.0809,2102300
2008-01-09,23.1382,23.1382,22.5938,22.8469,3398800
2008-01-10,22.6893,22.7084,22.1305,22.2643,4145700
2008-01-11,22.2213,22.4839,22.0111,22.4075,2862200
2008-01-14,22.5412,22.6941,22.3932,22.6941,1943300
2008-01-15,22.4839,22.8278,22.3932,22.3932,2188800
2008-01-16,22.3359,22.6272,22.1496,22.1783,2075000
2008-01-17,22.1974,22.2165,21.4046,21.4572,2927400
2008-01-18,21.6434,21.887,20.9509,21.2996,4131400
2008-01-22,20.5928,21.1038,20.4113,20.7647,4731300
2008-01-23,20.779,21.4858,20.4973,21.4524,5649100
2008-01-24,21.6004,21.6148,20.7981,20.8459,2982100
2008-01-25,21.6195,21.6195,20.6166,20.6644,3061800
2008-01-28,20.7313,20.9557,20.5928,20.7695,1923800
2008-01-29,20.8602,21.0369,20.6787,20.7695,2342200
2008-01-30,20.8507,20.9653,20.588,20.6214,3334100
2008-01-31,20.736,20.9748,20.2776,20.8077,2819000
2008-02-01,20.8602,21.2423,20.7742,21.1945,3255700
2008-02-04,21.2279,21.5383,21.1897,21.3807,2396700
2008-02-05,21.3282,21.3378,20.9414,20.9796,3858300
2008-02-06,21.1611,21.2041,20.8936,20.9796,1865900
2008-02-07,21.1038,21.1038,20.7074,20.8554,2170900
2008-02-08,20.7886,20.9366,20.6692,20.7122,2550200
2008-02-11,20.8162,20.8404,20.579,20.6081,2085100
2008-02-12,20.6952,20.8162,20.579,20.7727,1969500
2008-02-13,20.9082,21.0486,20.671,20.7582,2703200
2008-02-14,20.8066,20.9954,20.5016,20.579,2271900
2008-02-15,20.5742,20.6226,20.3128,20.5258,1927800
2008-02-19,20.7969,20.7969,20.5064,20.6032,1740500
2008-02-20,20.5355,20.6274,20.4144,20.5597,2016800
2008-02-21,20.5887,20.6565,20.1385,20.1869,1807400
2008-02-22,20.337,20.4096,20.061,20.3999,2797800
2008-02-25,20.4532,20.5209,20.337,20.4387,2108700
2008-02-26,20.4532,20.5548,20.216,20.5403,1552400
2008-02-27,20.458,20.5403,20.2353,20.2837,1228500
2008-02-28,20.2256,20.2353,19.9061,20.0417,2370300
2008-02-29,19.9545,19.9739,19.6399,19.7948,3659500
2008-03-03,19.7996,19.9642,19.6786,19.8384,2020700
2008-03-04,19.8674,20.0514,19.727,19.9207,2213100
2008-03-05,19.9449,19.9933,19.6786,19.8626,2087400
2008-03-06,20.0175,20.0901,19.7996,19.7996,5127700
2008-03-07,19.8577,19.8577,19.6205,19.7754,3665400
2008-03-10,19.9449,19.9642,19.6592,19.7657,2225100
2008-03-11,19.9352,20.1869,19.8819,20.153,2647300
2008-03-12,20.216,20.3854,19.8771,19.9013,2894800
2008-03-13,19.8965,20.0126,19.6641,19.8432,2426700
2008-03-14,20.0272,20.032,19.485,19.6883,3548300
2008-03-17,19.4366,19.9013,19.4124,19.7464,3391600
2008-03-18,19.94,20.1482,19.7899,20.1143,2525800
2008-03-19,20.1724,20.4048,19.5915,19.5963,4608500
2008-03-20,19.4946,19.8432,19.4366,19.7561,3942000
2008-03-24,19.8771,19.8771,19.5237,19.6157,2533600
2008-03-25,19.6641,19.6689,19.4269,19.485,3453600
2008-03-26,19.5334,19.5334,19.2574,19.3301,4930600
2008-03-27,19.3349,19.5382,19.2671,19.301,2759300
2008-03-28,19.3639,19.4559,19.0251,19.0977,2485400
2008-03-31,19.0928,19.301,19.0251,19.2187,2321200
2008-04-01,19.3543,19.7464,19.2671,19.698,2813400
2008-04-02,19.819,20.061,19.6834,19.9352,2674400
2008-04-03,19.9691,20.0272,19.8626,19.9594,1914200
2008-04-04,20.0998,20.2886,19.9594,20.1337,2541400
2008-04-07,20.2402,20.2692,20.0465,20.1095,2126500
2008-04-08,20.0465,20.1579,19.9787,20.0901,1894200
2008-04-09,20.0901,20.2789,20.0804,20.2063,1497100
2008-04-10,20.245,20.245,19.8771,19.9061,2157700
2008-04-11,19.9594,20.0417,19.848,19.9788,1557100
2008-04-14,20.0417,20.0417,19.7028,19.7319,2050000
2008-04-15,19.8626,19.9255,19.7319,19.8723,1685000
2008-04-16,19.9691,20.2595,19.8529,20.2208,1884300
2008-04-17,20.124,20.3321,20.0756,20.2063,1817700
2008-04-18,20.245,20.3321,20.0078,20.0998,2388400
2008-04-21,20.0514,20.1627,19.9255,20.1046,2046500
2008-04-22,20.0562,20.1288,19.8384,19.9303,1516000
2008-04-23,19.911,20.0804,19.8529,19.9352,1691600
2008-04-24,20.003,20.1095,19.848,19.9207,1434000
2008-04-25,19.9739,20.1191,19.9255,20.0659,1649700
2008-04-28,20.0804,20.1869,20.0272,20.1337,1533000
2008-04-29,20.1627,20.2547,20.0998,20.1288,1289300
2008-04-30,20.2014,20.337,20.0901,20.1385,1717900
2008-05-01,20.1966,20.4725,20.0901,20.4387,3011600
2008-05-02,20.4774,20.6855,20.3176,20.5694,1977600
2008-05-05,20.5645,20.5742,20.2402,20.366,1933300
2008-05-06,20.3563,20.458,20.1772,20.458,1951600
2008-05-07,20.4774,20.5161,20.1675,20.1966,1893800
2008-05-08,20.2644,20.3612,20.0998,20.274,1453400
2008-05-09,20.2014,20.3612,19.8722,20.3079,4073900
2008-05-12,20.4086,20.4577,20.1926,20.3742,1755100
2008-05-13,20.4233,20.4822,20.1828,20.3202,1371400
2008-05-14,20.4479,20.4822,20.276,20.4429,1404700
2008-05-15,20.4822,20.4871,20.2858,20.438,1747300
2008-05-16,20.4871,20.5215,20.3644,20.4479,1427000
2008-05-19,20.4724,20.6148,20.384,20.5902,1142200
2008-05-20,20.5313,20.659,20.4675,20.5264,1677200
2008-05-21,20.5215,20.6393,20.3006,20.3251,2540900
2008-05-22,20.3939,20.5608,20.2318,20.4429,1905100
2008-05-23,20.384,20.4282,20.168,20.1729,1581900
2008-05-27,20.222,20.3251,20.1582,20.2171,1665900
2008-05-28,20.2809,20.3939,20.1827,20.2957,1462400
2008-05-29,20.3006,20.384,20.222,20.2957,1808300
2008-05-30,20.3448,20.3791,20.2368,20.276,1486900
2008-06-02,20.2417,20.3104,19.9275,19.9962,2151700
2008-06-03,20.0846,20.1877,19.8194,19.8784,1739800
2008-06-04,19.8931,20.0649,19.7163,20.0355,1914000
2008-06-05,19.9913,20.168,19.898,20.1337,1538600
2008-06-06,20.0109,20.0796,19.6574,19.6574,2547400
2008-06-09,19.7998,19.9471,19.6918,19.8931,1634100
2008-06-10,19.79,19.8734,19.6623,19.7605,1503800
2008-06-11,19.7164,19.7753,19.4954,19.5003,2161500
2008-06-12,19.6329,19.6476,19.466,19.5298,2324600
2008-06-13,19.6182,19.8194,19.52,19.8145,1752400
2008-06-16,19.7114,19.7949,19.5789,19.7851,1609900
2008-06-17,19.7802,19.8784,19.6525,19.7311,1274700
2008-06-18,19.6722,19.8391,19.6133,19.6574,1991900
2008-06-19,19.6427,19.8538,19.6231,19.7949,2257100
2008-06-20,19.682,19.8244,19.4709,19.4856,2293700
2008-06-23,19.5298,19.7065,19.5151,19.5494,1509000
2008-06-24,19.5396,19.628,19.412,19.5445,1960000
2008-06-25,19.628,19.7458,19.5249,19.6869,1911000
2008-06-26,19.6525,19.6574,19.2156,19.2303,2759400
2008-06-27,19.2303,19.3727,18.8572,18.8621,2673700
2008-06-30,18.8768,19.2941,18.8327,19.191,3290400
2008-07-01,19.1468,19.1959,18.9161,19.029,3884700
2008-07-02,19.0732,19.1567,18.8425,18.8425,1903000
2008-07-03,18.9652,19.0487,18.7148,18.7394,1598900
2008-07-07,18.8032,18.9848,18.5332,18.6559,3166300
2008-07-08,18.6755,19.0536,18.6068,19.0536,2988700
2008-07-09,19.1125,19.3236,18.9848,19.1518,2611100
2008-07-10,19.1959,19.3334,19.1321,19.2303,2203200
2008-07-11,19.1469,19.2843,18.9161,19.0339,2073800
2008-07-14,19.1125,19.137,18.7443,18.7737,1684800
2008-07-15,18.7443,18.8277,18.6068,18.7197,2008400
2008-07-16,18.7295,18.7934,18.4104,18.5135,2165100
2008-07-17,18.597,18.6559,18.3515,18.651,2779500
2008-07-18,18.6657,19.0388,18.6264,18.8916,2545400
2008-07-21,18.9701,19.1861,18.8376,19.0192,2099600
2008-07-22,18.9701,19.299,18.9701,19.2303,2624700
2008-07-23,19.2794,19.2794,18.8523,19.1469,2252500
2008-07-24,19.191,19.191,18.9014,19.029,1817300
2008-07-25,19.0683,19.083,18.7639,18.7934,1815300
2008-07-28,18.8032,19.0192,18.759,18.8228,1804500
2008-07-29,18.9014,18.9554,18.7983,18.9308,1868200
2008-07-30,18.9799,19.3432,18.9407,19.3187,1933400
2008-07-31,19.2254,19.5298,19.1959,19.4905,2335200
2008-08-01,19.5592,19.5592,19.0487,19.0487,1756700
2008-08-04,19.1125,19.574,19.0683,19.299,2800400
2008-08-05,19.4267,19.9815,19.2696,19.952,4293200
2008-08-06,19.9667,20.2269,19.6427,19.6427,3933700
2008-08-07,19.7311,20.1238,19.5003,19.5003,3315700
2008-08-08,19.5887,20.4135,19.5887,20.3742,3356900
2008-08-11,20.297,20.5659,20.0231,20.546,3949600
2008-08-12,20.4614,20.4614,19.8688,20.0231,4159000
2008-08-13,20.0232,20.2223,19.7642,20.1377,2905900
2008-08-14,20.1178,20.1178,19.7941,19.8987,2039800
2008-08-15,19.9036,20.3319,19.8837,20.297,2661300
2008-08-18,20.3369,20.5859,20.3219,20.541,2117500
2008-08-19,20.5161,20.5361,20.2672,20.4215,1482300
2008-08-20,20.3966,20.4614,20.2323,20.3418,1200800
2008-08-21,20.2024,20.4066,20.0929,20.3319,1407000
2008-08-22,20.3568,20.546,20.3568,20.546,1060600
2008-08-25,20.4912,20.5112,20.1925,20.2871,1302700
2008-08-26,20.2821,20.541,20.2721,20.4813,1997300
2008-08-27,20.4514,20.6008,20.4464,20.5609,1100300
2008-08-28,20.5609,20.7103,20.4564,20.6904,1550400
2008-08-29,20.6207,20.6954,20.3319,20.3667,1513000
2008-09-02,20.541,20.7651,20.317,20.551,1604100
2008-09-03,20.541,20.805,20.4614,20.556,2227900
2008-09-04,20.541,20.6356,20.3269,20.4962,2484400
2008-09-05,20.4713,20.5161,19.9933,20.1974,3161300
2008-09-08,20.3618,21.278,20.2821,21.2631,3948100
2008-09-09,21.2681,21.4025,21.1635,21.1685,4316900
2008-09-10,21.2631,21.527,21.1037,21.3627,2024100
2008-09-11,21.3577,21.5967,21.0639,21.5419,2276300
2008-09-12,21.4125,21.7112,21.4025,21.7013,1907900
2008-09-15,21.3975,22.1395,21.2232,21.9752,5454400
2008-09-16,21.8557,22.498,21.8108,22.3935,4973800
2008-09-17,22.1594,22.3935,21.8457,21.8457,3633400
2008-09-18,21.8507,23.0109,21.7909,22.8317,6159700
2008-09-19,22.9014,23.1006,21.6615,22.0648,5073700
2008-09-22,21.9005,21.9005,21.4224,21.4573,2410500
2008-09-23,21.3975,21.7013,21.3129,21.3378,1539400
2008-09-24,21.3627,21.5469,21.0738,21.5121,1656900
2008-09-25,21.5668,21.9851,21.4324,21.8108,1675800
2008-09-26,21.6117,21.8855,21.4523,21.7411,1319500
2008-09-29,21.5619,21.9552,21.2232,21.3129,3233800
2008-09-30,21.4772,21.6814,21.1685,21.3926,3606100
2008-10-01,21.288,21.8756,21.1834,21.8308,2006800
2008-10-02,21.7361,22.005,21.5569,21.7461,2093600
2008-10-03,21.9901,22.1345,21.4175,21.4921,2107100
2008-10-06,21.1784,21.5071,20.3468,21.1934,3578600
2008-10-07,21.3477,21.6465,20.6356,20.7303,3096800
2008-10-08,20.4116,21.4473,20.053,20.6356,4026600
2008-10-09,20.5211,20.7552,19.1318,19.3409,4045800
2008-10-10,18.8978,19.1766,16.9856,18.7284,6005300
2008-10-13,19.5053,20.6755,19.0671,20.4464,3844400
2008-10-14,20.9942,21.1635,19.2563,20.1825,4259300
2008-10-15,19.8738,19.9982,19.1716,19.326,2767100
2008-10-16,19.3708,19.7343,18.5641,19.7144,3247600
2008-10-17,19.3957,20.2273,19.0521,19.4953,2446600
2008-10-20,19.9584,21.0141,19.57,20.9344,2533100
2008-10-21,20.795,21.0041,20.1775,20.3319,2335400
2008-10-22,20.2921,20.2921,19.2264,19.7742,2483500
2008-10-23,19.819,20.8747,19.3011,20.3717,4561000
2008-10-24,19.4405,20.4165,19.3011,20.0231,2939400
2008-10-27,20.0281,20.541,19.56,19.809,2081400
2008-10-28,20.1676,21.4125,19.7791,21.3726,3034000
2008-10-29,21.1884,21.8955,20.9444,20.9842,2839900
2008-10-30,21.4224,21.8656,21.2631,21.776,2120000
2008-10-31,21.6515,21.9503,21.2531,21.5718,2166800
2008-11-03,21.6216,21.8457,21.2531,21.7162,2251700
2008-11-04,22.0598,22.3387,21.8308,22.1744,2284800
2008-11-05,22.1744,22.259,21.5519,21.6863,2181600
2008-11-06,20.9394,21.6465,20.5211,21.029,3409300
2008-11-07,21.2083,21.2941,20.9003,21.2739,2997100
2008-11-10,20.8447,20.9457,19.6934,19.855,3985300
2008-11-11,19.754,19.8197,19.1986,19.5773,3504700
2008-11-12,19.2996,19.5015,19.0168,19.2895,2927500
2008-11-13,19.3601,20.1782,19.0117,20.1782,4914500
2008-11-14,19.8045,20.6428,19.4864,19.7894,2533600
2008-11-17,19.5823,20.0974,19.3248,19.5975,2468500
2008-11-18,19.5217,19.9409,19.244,19.8702,2307700
2008-11-19,19.8449,20.2388,19.4409,19.451,2310700
2008-11-20,19.4662,19.9459,18.7491,18.9511,3891900
2008-11-21,19.3248,20.2741,18.9158,20.1984,4385500
2008-11-24,20.2994,20.7033,20.0772,20.2893,4365700
2008-11-25,20.3297,20.7033,19.7692,20.0873,3005000
2008-11-26,19.7641,20.1226,19.7035,20.0368,1991200
2008-11-28,19.8399,20.3953,19.8399,20.3953,916400
2008-12-01,20.1984,20.2186,19.3198,19.3551,2451200
2008-12-02,19.6025,19.8904,19.3551,19.8601,2923300
2008-12-03,19.3803,19.9964,19.3803,19.9863,2555500
2008-12-04,19.7894,19.9207,19.0774,19.35,2284400
2008-12-05,19.1481,19.7793,18.835,19.6783,2606300
2008-12-08,19.956,20.0216,19.5419,19.754,2283200
2008-12-09,19.6732,19.8399,19.34,19.4662,1955900
2008-12-10,19.6076,19.9358,19.5874,19.9005,1981900
2008-12-11,19.7843,20.0721,19.5672,19.7086,1516800
2008-12-12,19.138,19.648,19.138,19.6328,2199900
2008-12-15,19.6429,19.6429,19.1885,19.5116,2133400
2008-12-16,19.6631,19.8853,19.5268,19.8702,2456600
2008-12-17,19.8954,19.8954,19.4712,19.5015,1572000
2008-12-18,19.5924,20.0065,19.4712,19.6884,1951900
2008-12-19,19.8752,20.0671,19.4965,19.5116,2501300
2008-12-22,19.6379,19.8399,19.446,19.6934,2061900
2008-12-23,19.6076,19.7035,19.2238,19.3097,1417900
2008-12-24,19.552,19.552,19.2996,19.3702,388800
2008-12-26,19.4409,19.5419,19.2642,19.345,744900
2008-12-29,19.3955,19.3955,19.1733,19.3399,1169800
2008-12-30,19.4308,19.4662,19.2339,19.451,1347400
2008-12-31,19.4662,19.7136,19.3601,19.6581,2011000
2009-01-02,19.6934,19.9106,19.5621,19.8247,1519800
2009-01-05,19.7944,20.0317,19.6985,19.9307,2185400
2009-01-06,19.9408,20.0671,19.6278,19.7591,1451300
2009-01-07,19.4864,19.7641,19.4864,19.7187,2053100
2009-01-08,19.7136,20.0519,19.7136,19.9257,2633300
2009-01-09,20.0469,20.3297,19.9055,20.0267,2696700
2009-01-12,20.0671,20.6781,20.057,20.3448,3355400
2009-01-13,20.2085,20.2438,19.8449,19.9863,2748000
2009-01-14,19.8601,19.9964,19.6631,19.8954,2981900
2009-01-15,19.8399,20.0822,19.6631,20.0772,1804500
2009-01-16,20.1782,20.3347,19.9964,20.2337,2479100
2009-01-20,20.1782,20.6124,19.9408,19.9459,3068400
2009-01-21,20.1226,20.2388,19.7187,20.2186,2512800
2009-01-22,20.0974,20.3549,19.9459,20.2236,3807200
2009-01-23,19.9964,20.3246,19.8045,20.2236,2985900
2009-01-26,20.3398,20.8498,20.2388,20.7286,2710400
2009-01-27,20.7993,20.9659,20.6528,20.9003,1897500
2009-01-28,20.976,21.1022,20.5973,20.7942,1971000
2009-01-29,20.6478,21.0265,20.5922,20.7639,1625900
2009-01-30,20.7387,20.9811,20.4559,20.5771,2163900
2009-02-02,20.4054,20.567,20.1984,20.5064,2111500
2009-02-03,20.567,20.8245,20.3852,20.7185,1788700
2009-02-04,20.7336,21.0215,20.5922,20.7336,2095900
2009-02-05,20.6932,20.8952,20.6024,20.8144,2004500
2009-02-06,20.7488,21.0114,20.7033,20.8447,2267500
2009-02-09,20.8397,20.875,20.4862,20.7993,2162100
2009-02-10,20.6831,20.7993,20.2085,20.2994,2074400
2009-02-11,20.4408,20.4458,20.0873,20.3297,1584300
2009-02-12,20.2842,20.3347,19.9156,20.2943,2492300
2009-02-13,20.4224,20.4942,20.115,20.1764,2146400
2009-02-17,20.1508,20.1508,19.5205,19.5358,2652600
2009-02-18,19.6178,19.7306,19.2232,19.3411,2193800
2009-02-19,19.5461,19.7306,19.3616,19.4641,1763700
2009-02-20,19.2796,19.5666,19.0592,19.2386,2332000
2009-02-23,19.4487,19.5512,18.9362,18.9721,1972300
2009-02-24,19.0182,19.2796,18.8389,19.1976,2341700
2009-02-25,19.1566,19.1566,18.803,18.8799,3240400
2009-02-26,19.0746,19.3001,18.7056,18.721,2864500
2009-02-27,18.6646,18.8799,18.3879,18.557,2716900
2009-03-02,18.4545,18.6236,18.024,18.0599,2548100
2009-03-03,18.3008,18.3008,17.3629,17.3732,2749200
2009-03-04,17.5884,17.8293,17.2758,17.6397,2306800
2009-03-05,17.3834,17.5372,17.0811,17.2297,2659200
2009-03-06,17.3578,17.737,17.0657,17.3937,3526400
2009-03-09,17.2553,17.2963,16.6864,16.7582,2466000
2009-03-10,17.3219,17.3988,17.0554,17.368,3031400
2009-03-11,17.5269,17.7575,17.4244,17.532,2538500
2009-03-12,17.4757,17.8446,17.3937,17.7832,1888300
2009-03-13,17.9472,18.0855,17.7063,17.9677,1895100
2009-03-16,18.1419,18.6903,18.1419,18.4135,2442000
2009-03-17,18.4648,18.7364,18.2905,18.7261,1895700
2009-03-18,18.8389,19.6845,18.7825,19.5768,3863900
2009-03-19,19.5768,19.6281,19.2181,19.4846,2248300
2009-03-20,19.5,19.8741,19.3052,19.3667,2932500
2009-03-23,19.5717,19.9817,19.4743,19.9663,2171400
2009-03-24,19.7255,19.9305,19.5051,19.5102,2026900
2009-03-25,19.4897,19.8638,19.3001,19.6025,1720600
2009-03-26,19.7921,19.9356,19.377,19.8741,2700200
2009-03-27,19.6793,19.7767,19.3155,19.6691,3044800
2009-03-30,19.3616,19.8741,19.3616,19.8587,3414900
2009-03-31,19.8843,20.4942,19.8023,20.2994,4511400
2009-04-01,20.2123,20.3712,19.9305,20.1867,2514200
2009-04-02,20.4532,20.4993,19.8997,20.0945,2995300
2009-04-03,20.1508,20.4019,19.8997,20.1149,2773000
2009-04-06,19.9817,20.1765,19.8587,20.0381,2068000
2009-04-07,19.787,20.0278,19.5307,19.8331,2412700
2009-04-08,19.9305,20.0278,19.6793,19.9561,1738600
2009-04-09,20.0791,20.2328,19.6998,19.9305,2001300
2009-04-13,19.9202,20.0176,19.6281,19.9356,2141000
2009-04-14,19.8843,19.8843,19.4795,19.6486,1539600
2009-04-15,19.582,19.828,19.5768,19.828,1103000
2009-04-16,19.9048,19.9151,19.6486,19.7613,1593800
2009-04-17,19.8843,19.9202,19.6793,19.8638,1843500
2009-04-20,19.7255,19.9868,19.6896,19.6947,1552700
2009-04-21,19.705,19.9817,19.5,19.6127,2838500
2009-04-22,19.7306,19.8075,19.0951,19.2591,4541400
2009-04-23,19.3514,19.4129,19.0234,19.2079,3090800
2009-04-24,19.2847,19.3411,19.0644,19.1925,2728500
2009-04-27,19.0285,19.4077,19.0285,19.2745,2382200
2009-04-28,19.2284,19.4385,19.1669,19.3104,2482500
2009-04-29,19.4282,19.4282,19.1566,19.2489,2603700
2009-04-30,19.3411,19.3565,18.9362,19.0285,3110600
2009-05-01,19.0695,19.1515,18.9055,19.1515,2274000
2009-05-04,19.3514,19.3565,18.9619,19.1464,2946500
2009-05-05,19.1669,19.2693,19.049,19.1822,2256300
2009-05-06,19.0387,19.2642,18.9414,18.9824,3251600
2009-05-07,19.1259,19.1925,18.9106,19.1207,4585000
2009-05-08,19.3001,19.5615,19.1156,19.2591,3066500
2009-05-11,19.332,19.4622,18.9363,18.9623,3212900
2009-05-12,19.0144,19.1498,18.8946,18.9832,3194900
2009-05-13,18.6864,18.7437,18.3063,18.3584,6034000
2009-05-14,18.3323,18.4885,18.072,18.2334,3755800
2009-05-15,18.2803,18.3532,17.9575,18.1501,3973000
2009-05-18,18.3219,18.4156,18.0147,18.1449,2881300
2009-05-19,18.3219,18.5823,18.2386,18.3428,2647900
2009-05-20,18.4313,18.5094,18.1449,18.1553,2598300
2009-05-21,18.1085,18.1085,17.8898,17.9627,3033600
2009-05-22,17.9679,18.1761,17.9106,18.0147,1771000
2009-05-26,18.072,18.6135,17.9679,18.5666,2644600
2009-05-27,18.5458,18.5614,18.0824,18.098,2114900
2009-05-28,18.1918,18.525,18.1137,18.4365,2131400
2009-05-29,18.5042,18.525,18.223,18.4625,2032700
2009-06-01,18.4937,18.8947,18.4937,18.8634,2240900
2009-06-02,18.8686,18.9155,18.6447,18.6604,2369300
2009-06-03,18.6551,18.7437,18.3948,18.4937,2169900
2009-06-04,18.551,18.5614,18.4104,18.5042,1521100
2009-06-05,18.6239,18.7332,18.3948,18.6291,2277500
2009-06-08,18.6343,18.7332,18.4052,18.6447,1678600
2009-06-09,18.6343,18.6395,18.4313,18.4521,1845600
2009-06-10,18.6083,18.8218,18.5302,18.702,3181700
2009-06-11,18.6916,19.2591,18.6916,19.0977,2828600
2009-06-12,18.9988,19.3424,18.8113,19.306,1755200
2009-06-15,19.1862,19.2643,18.8738,19.0352,1763600
2009-06-16,19.1341,19.2122,18.8113,18.9727,2333100
2009-06-17,18.8999,19.2591,18.8999,19.1498,2444500
2009-06-18,19.0873,19.4674,19.0873,19.4361,1480600
2009-06-19,19.4726,19.4986,19.1185,19.155,2710600
2009-06-22,18.9623,19.4205,18.9207,19.2799,2456600
2009-06-23,19.2591,19.4153,18.8165,18.879,3050300
2009-06-24,18.9988,19.0717,18.8738,18.9727,2278300
2009-06-25,18.9259,19.3893,18.7437,19.3372,2370600
2009-06-26,19.332,19.3997,19.1862,19.2851,1518100
2009-06-29,19.306,19.5507,19.2435,19.5403,1511700
2009-06-30,19.4778,19.5246,19.155,19.483,3169800
2009-07-01,19.5246,19.7329,19.457,19.6808,1711900
2009-07-02,19.5298,19.6444,19.306,19.4101,1704500
2009-07-06,19.2643,19.7589,19.2643,19.5403,2066100
2009-07-07,19.6079,19.6288,19.2175,19.2435,1265000
2009-07-08,19.2695,19.4518,19.1081,19.2695,1797700
2009-07-09,19.3684,19.3789,19.03,19.1394,1908500
2009-07-10,19.0769,19.2175,19.004,19.0717,1297600
2009-07-13,19.155,19.3684,18.9832,19.3372,1687700
2009-07-14,19.3112,19.4882,19.1966,19.4622,1551200
2009-07-15,19.5455,19.7069,19.5298,19.6913,2420900
2009-07-16,19.6808,19.686,19.4153,19.6236,1634300
2009-07-17,19.5298,19.5923,19.3476,19.4674,2426800
2009-07-20,19.5298,19.6184,19.3997,19.5819,1303500
2009-07-21,19.6392,19.7589,19.6392,19.7433,1532200
2009-07-22,19.7173,19.785,19.6079,19.7017,1417200
2009-07-23,19.6548,20.1755,19.5819,20.1338,1983900
2009-07-24,20.0505,20.3577,20.0453,20.3108,1686200
2009-07-27,20.3577,20.4358,20.2015,20.4306,1433400
2009-07-28,20.3577,20.4618,20.2119,20.3421,1684500
2009-07-29,20.2692,20.4722,20.1755,20.4202,1476400
2009-07-30,20.5295,20.6961,20.3889,20.5607,1456200
2009-07-31,20.5191,20.592,20.3941,20.4931,1507500
2009-08-03,20.5555,20.6597,20.4462,20.5972,1619800
2009-08-04,20.5608,20.7222,20.4618,20.566,1853100
2009-08-05,20.6128,20.7638,20.5243,20.6388,1990100
2009-08-06,20.6076,20.6336,20.4514,20.592,1234800
2009-08-07,20.6493,20.8419,20.5868,20.7534,1528600
2009-08-10,20.717,20.8263,20.6961,20.8159,1035800
2009-08-11,20.795,20.9877,20.7378,20.9252,1335300
2009-08-12,20.8523,21.1907,20.8263,21.0866,2140300
2009-08-13,21.0918,21.2168,20.9669,21.071,2037500
2009-08-14,21.0814,21.1699,20.9877,21.1595,1648100
2009-08-17,20.8689,20.9693,20.7421,20.7897,2521600
2009-08-18,20.7844,20.8636,20.6365,20.758,2103600
2009-08-19,20.6734,20.8214,20.6153,20.8002,2439700
2009-08-20,20.7633,21.0538,20.6787,20.9852,1808000
2009-08-21,21.0697,21.4606,21.0433,21.3972,2250300
2009-08-24,21.4237,21.4501,21.244,21.4395,1589700
2009-08-25,21.4448,21.5188,21.2969,21.3603,1340200
2009-08-26,21.3708,21.4448,21.1278,21.3391,1509200
2009-08-27,21.3338,21.5029,21.1859,21.4184,1670900
2009-08-28,21.5188,21.5188,21.2493,21.3391,1069900
2009-08-31,21.3286,21.3973,21.1965,21.2335,1562400
2009-09-01,21.2071,21.3708,21.1172,21.1965,1637500
2009-09-02,21.1437,21.1912,20.927,20.927,1967300
2009-09-03,20.9852,21.0169,20.758,20.9957,1649400
2009-09-04,21.0486,21.075,20.8953,21.0644,1020900
2009-09-08,21.1384,21.1384,20.9218,21.0274,1432100
2009-09-09,21.0856,21.1806,21.0063,21.075,1674900
2009-09-10,21.038,21.1701,20.9587,21.1014,1373800
2009-09-11,21.0961,21.1595,20.9165,20.9376,1981600
2009-09-14,20.9376,21.2969,20.9376,21.2704,2448400
2009-09-15,21.3127,21.6086,21.244,21.5822,2225600
2009-09-16,21.6033,21.7671,21.4818,21.6931,2614200
2009-09-17,21.6773,21.9044,21.6561,21.6773,2098400
2009-09-18,21.8146,21.9256,21.6826,21.915,2156900
2009-09-21,21.8041,21.9361,21.7565,21.8463,1061500
2009-09-22,21.8675,21.8727,21.6403,21.7512,1349900
2009-09-23,21.7935,22.0682,21.6403,21.6456,2003900
2009-09-24,21.6456,21.8199,21.6086,21.6561,1649800
2009-09-25,21.6033,21.7776,21.6033,21.6984,1149700
2009-09-28,21.7354,21.9679,21.7354,21.878,956500
2009-09-29,21.8833,21.8939,21.7142,21.8146,1229000
2009-09-30,21.8146,21.8463,21.4871,21.6297,2005600
2009-10-01,21.9837,22.0471,21.5346,21.5346,2838100
2009-10-02,21.4607,21.5399,21.2123,21.318,2055600
2009-10-05,21.4237,21.598,21.2282,21.598,1580300
2009-10-06,21.561,21.7512,21.5029,21.6403,1314300
2009-10-07,21.6403,21.6403,21.4554,21.6297,997800
2009-10-08,21.7142,21.7618,21.5135,21.6139,1625700
2009-10-09,21.5716,21.7671,21.5716,21.709,1022900
2009-10-12,21.7776,21.9203,21.6984,21.9203,1216300
2009-10-13,21.8886,21.8992,21.5927,21.6403,1639900
2009-10-14,21.6878,21.8675,21.5716,21.635,1688700
2009-10-15,21.6192,21.7777,21.6033,21.7671,1395300
2009-10-16,21.6878,21.8886,21.3867,21.8358,1950600
2009-10-19,21.8305,22.1792,21.6984,22.1263,2094800
2009-10-20,22.0946,22.1739,21.9626,22.0154,1510200
2009-10-21,22.0577,22.0946,21.8939,21.9361,2894000
2009-10-22,21.9678,22.0841,21.8199,22.0735,1589200
2009-10-23,22.1475,22.1528,21.8199,22.0894,2332000
2009-10-26,22.1422,22.3218,21.8252,21.8358,2531700
2009-10-27,21.8516,22.2267,21.7988,21.841,2544200
2009-10-28,21.8411,22.0154,21.709,21.7565,2984000
2009-10-29,21.7671,21.878,21.4924,21.8305,2112400
2009-10-30,21.7988,21.8939,21.4237,21.4924,2905000
2009-11-02,21.5663,21.878,21.4554,21.7565,2445100
2009-11-03,21.709,21.7882,21.5558,21.598,2071700
2009-11-04,21.672,21.8833,21.5716,21.635,1758700
2009-11-05,21.7829,21.9626,21.7142,21.952,1679600
2009-11-06,21.9203,22.0577,21.8411,21.9414,1908500
2009-11-09,21.9943,22.3165,21.9784,22.3007,1640500
2009-11-10,22.2373,22.4962,22.2214,22.4328,1639700
2009-11-11,22.5067,22.5067,22.2743,22.4381,2172200
2009-11-12,22.475,22.475,22.2162,22.2796,2228300
2009-11-13,22.3747,22.4803,22.2056,22.4328,2025800
2009-11-16,22.5989,22.6203,22.331,22.4221,2303100
2009-11-17,22.4488,22.5506,22.4006,22.5506,1514000
2009-11-18,22.5024,22.631,22.4274,22.5721,1656000
2009-11-19,22.5292,22.5453,22.3363,22.3953,1844800
2009-11-20,22.3417,22.5292,22.3256,22.4489,2048600
2009-11-23,22.6364,22.7649,22.6256,22.7489,1683200
2009-11-24,22.7114,22.9364,22.6364,22.7971,2450000
2009-11-25,22.8292,23.0328,22.7167,22.99,1568900
2009-11-27,22.6632,22.9364,22.5774,22.7382,885000
2009-11-30,22.7917,23.0221,22.7328,22.99,2187800
2009-12-01,22.9096,23.3007,22.8882,23.2043,5469100
2009-12-02,23.1614,23.5525,23.1614,23.5365,2212800
2009-12-03,23.5632,23.9436,23.5043,23.7722,4220800
2009-12-04,23.8419,24.0026,23.4132,23.6008,3082600
2009-12-07,23.6758,23.9329,23.6758,23.7829,2352200
2009-12-08,23.7508,23.7615,23.5204,23.5793,2568400
2009-12-09,23.6597,23.6811,23.4668,23.6704,1377400
2009-12-10,23.7829,23.9919,23.7401,23.9222,1560700
2009-12-11,23.9169,24.2437,23.9169,24.2062,1784600
2009-12-14,24.3616,24.3616,24.1419,24.249,1623900
2009-12-15,24.2276,24.2276,24.0508,24.1258,1778300
2009-12-16,24.2383,24.3026,24.0615,24.083,2116400
2009-12-17,24.0776,24.3776,23.9437,24.3294,3025300
2009-12-18,24.324,24.458,24.2597,24.308,3426900
2009-12-21,24.3294,24.6134,24.3294,24.4955,1670500
2009-12-22,24.5705,24.683,24.3937,24.4205,1617300
2009-12-23,24.3991,24.5223,24.308,24.3508,1574100
2009-12-24,24.4098,24.5705,24.3991,24.5705,500000
2009-12-28,24.6241,24.6241,24.4687,24.5866,893300
2009-12-29,24.6187,24.7366,24.5544,24.6884,789300
2009-12-30,24.6723,24.833,24.5919,24.7152,959700
2009-12-31,24.8116,24.833,24.3294,24.3401,1269700
2010-01-04,24.5008,24.6187,24.233,24.3133,2142300
2010-01-05,24.3723,24.4473,23.8472,23.9972,2856000
2010-01-06,23.9758,24.3723,23.9758,24.2544,2035400
2010-01-07,24.2919,24.2973,24.0615,24.1687,1993400
2010-01-08,24.1044,24.2705,23.9544,24.2437,1306400
2010-01-11,24.3616,24.6241,24.3026,24.5491,1751900
2010-01-12,24.5169,24.6455,24.3937,24.5009,1451600
2010-01-13,24.5009,24.7473,24.4848,24.6884,1247200
2010-01-14,24.7312,24.8062,24.6294,24.7687,1129400
2010-01-15,24.6027,24.6562,24.2544,24.4955,2444700
2010-01-19,24.5276,24.8652,24.4634,24.8652,1567200
2010-01-20,24.7741,24.7848,24.4098,24.758,1869100
2010-01-21,24.8116,24.8866,24.2812,24.4366,2114000
2010-01-22,24.0133,24.2544,23.2472,23.3114,6468200
2010-01-25,23.4454,23.574,23.0757,23.3704,3040100
2010-01-26,23.3489,23.7026,23.2257,23.6168,2522700
2010-01-27,23.3972,23.6115,23.2257,23.6008,2840900
2010-01-28,23.6008,23.6008,23.2793,23.424,1885100
2010-01-29,23.5097,23.574,23.3061,23.4347,2049700
2010-02-01,23.4882,23.5365,23.2311,23.5365,1277700
2010-02-02,23.5472,23.6597,23.2525,23.649,1628100
2010-02-03,23.5847,23.59,23.3597,23.4454,1205700
2010-02-04,23.3757,23.4293,23.0382,23.0489,3207400
2010-02-05,23.0596,23.1721,22.7757,23.1346,3735600
2010-02-08,23.1614,23.1989,22.9096,22.9364,1381200
2010-02-09,23.0596,23.4668,22.9685,23.2739,2116200
2010-02-10,23.2525,23.2525,22.856,23.0275,2491000
2010-02-11,23.0275,23.1882,22.8828,23.1293,2019500
2010-02-12,22.9582,23.0777,22.8658,22.9364,2688500
2010-02-16,23.0342,23.333,23.0288,23.333,1309500
2010-02-17,23.4199,23.4199,23.1972,23.2841,1027500
2010-02-18,23.2406,23.2895,23.0559,23.2026,1941500
2010-02-19,23.1483,23.5449,23.0831,23.4308,1993700
2010-02-22,23.4362,23.5394,23.2461,23.3167,1598700
2010-02-23,23.3113,23.3602,23.17,23.2243,1240200
2010-02-24,23.3276,23.3276,23.0994,23.295,1752400
2010-02-25,23.0885,23.3113,22.9038,23.2895,1817600
2010-02-26,23.333,23.3547,23.1429,23.2243,1353400
2010-03-01,23.257,23.5992,23.257,23.4634,1548000
2010-03-02,23.5775,23.8763,23.5557,23.7893,1898500
2010-03-03,23.8056,24.0121,23.659,23.7296,1795800
2010-03-04,23.7241,23.7839,23.496,23.6535,1737800
2010-03-05,23.496,23.7513,23.4743,23.697,1682900
2010-03-08,23.7133,23.7948,23.6318,23.7893,1043100
2010-03-09,23.7785,23.8491,23.6807,23.7187,1390200
2010-03-10,23.7839,23.8491,23.6753,23.7622,1220900
2010-03-11,23.7622,23.86,23.6101,23.8437,1056100
2010-03-12,23.8763,23.9034,23.7241,23.7404,1464000
2010-03-15,23.8437,23.9849,23.7622,23.9849,1270000
2010-03-16,24.0555,24.2348,23.8925,24.1642,1731500
2010-03-17,24.2457,24.2457,24.0936,24.1805,1481300
2010-03-18,24.2185,24.2348,24.0229,24.0827,1454800
2010-03-19,24.0664,24.1805,23.9197,24.0664,2092900
2010-03-22,23.9849,24.0936,23.9143,24.0447,1212500
2010-03-23,24.1316,24.1479,23.8654,23.9958,1927800
2010-03-24,23.9849,23.9849,23.7296,23.8165,1553800
2010-03-25,23.9089,23.9686,23.773,23.8165,1651600
2010-03-26,23.9143,24.099,23.8274,24.0012,1513200
2010-03-29,24.0881,24.2294,24.0447,24.2185,1477700
2010-03-30,24.2076,24.3978,24.1914,24.2728,1729700
2010-03-31,24.2239,24.3652,24.1044,24.1968,1246100
2010-04-01,24.3054,24.5227,24.2674,24.3924,1043800
2010-04-05,24.4684,24.5119,24.3652,24.4684,909900
2010-04-06,24.4521,24.6477,24.3924,24.6423,1045400
2010-04-07,24.6205,24.6205,24.3109,24.3978,1205200
2010-04-08,24.3598,24.3869,24.137,24.1805,1453000
2010-04-09,24.2348,24.3761,24.0121,24.3652,1163800
2010-04-12,24.4521,24.5064,24.3109,24.463,1119600
2010-04-13,24.4575,24.4738,24.2239,24.3163,1223100
2010-04-14,24.2348,24.3815,24.1262,24.3489,1627300
2010-04-15,24.3598,24.4141,24.1914,24.3326,1166100
2010-04-16,24.3109,24.4358,24.1533,24.1968,1864400
2010-04-19,24.099,24.2837,24.099,24.2457,1156200
2010-04-20,24.3543,24.4467,24.2728,24.3978,1593500
2010-04-21,24.4412,24.6042,24.3706,24.5336,1926300
2010-04-22,24.4575,24.5879,24.3,24.5553,1190700
2010-04-23,24.5064,24.6749,24.3924,24.6694,1156800
2010-04-26,24.6586,24.7292,24.5771,24.6042,1051000
2010-04-27,24.5608,24.6911,24.2185,24.2294,1827000
2010-04-28,24.3706,24.6205,24.2294,24.539,1671500
2010-04-29,24.6151,24.6857,24.4304,24.5608,1421500
2010-04-30,24.5934,24.8759,24.4847,24.5553,2072600
2010-05-03,24.6912,24.8976,24.5553,24.8433,1287100
2010-05-04,24.7237,24.7292,24.3869,24.4684,1583500
2010-05-05,24.3761,24.6911,24.3217,24.4738,1702600
2010-05-06,24.4412,24.501,22.9256,24.0175,3747300
2010-05-07,24.3815,24.4413,23.8056,24.0881,4685400
2010-05-10,24.647,24.8673,24.4268,24.6691,2319700
2010-05-11,24.5259,24.9664,24.5259,24.6966,1723500
2010-05-12,24.6966,24.8343,24.603,24.6966,2076600
2010-05-13,24.7076,24.8122,24.5039,24.5259,1566400
2010-05-14,24.5039,24.7627,24.2285,24.4708,3219200
2010-05-17,24.5644,24.5865,24.1845,24.5149,2080700
2010-05-18,24.636,24.7351,24.2671,24.4213,2218900
2010-05-19,24.2671,24.3387,23.9642,24.1294,1677400
2010-05-20,23.8596,24.1239,23.6559,23.6559,3670500
2010-05-21,23.4466,23.9092,23.298,23.8376,3870700
2010-05-24,23.6449,23.8596,23.5127,23.5623,2600600
2010-05-25,23.1768,23.4191,23.0061,23.4136,2966300
2010-05-26,23.5347,23.6008,23.1713,23.2759,2313800
2010-05-27,23.4136,23.6008,23.3145,23.5347,1771400
2010-05-28,23.5457,23.6669,23.3695,23.4521,1923700
2010-06-01,23.32,23.4301,22.9731,22.9896,2123200
2010-06-02,23.1273,23.4301,22.9731,23.4301,2419000
2010-06-03,23.5513,23.7605,23.4742,23.5788,1741900
2010-06-04,23.3916,23.3916,22.8629,22.94,2130800
2010-06-07,23.0336,23.331,22.9621,23.0557,1644600
2010-06-08,23.1273,23.4081,22.9676,23.3806,1519000
2010-06-09,23.5072,23.5347,23.1438,23.2098,1341800
2010-06-10,23.4466,23.7275,23.4466,23.7275,1223500
2010-06-11,23.5788,23.755,23.4136,23.7495,1081800
2010-06-14,23.8706,24.0248,23.8156,23.8706,1407400
2010-06-15,24.0248,24.2836,23.9587,24.2781,1292900
2010-06-16,24.1404,24.5149,24.1404,24.4598,1349200
2010-06-17,24.4488,24.6856,24.3332,24.6525,1388000
2010-06-18,24.6801,24.7407,24.5424,24.7186,1374200
2010-06-21,24.7792,24.8232,24.4873,24.6085,1287500
2010-06-22,24.6085,24.6746,24.0689,24.1239,1757300
2010-06-23,24.2175,24.2396,23.9257,24.0358,1689300
2010-06-24,23.9642,24.3882,23.9367,24.0964,1472200
2010-06-25,24.1349,24.2175,23.9092,24.1404,1481700
2010-06-28,24.2671,24.3827,23.9918,24.3056,967000
2010-06-29,24.1625,24.1735,23.8211,23.9422,1678200
2010-06-30,23.8596,24.0964,23.6779,23.733,2205600
2010-07-01,23.733,23.7385,23.4026,23.6228,2239800
2010-07-02,23.7109,23.9092,23.6228,23.7825,1901100
2010-07-06,23.8927,24.1184,23.788,24.0193,3046600
2010-07-07,24.0303,24.6526,23.9532,24.6415,1738100
2010-07-08,24.6966,24.9554,24.625,24.9554,2240100
2010-07-09,24.8783,24.9719,24.7241,24.9279,1226000
2010-07-12,24.8838,25.06,24.7517,24.9994,1081000
2010-07-13,25.1646,25.1701,24.8948,25.0655,1580100
2010-07-14,25.0105,25.0931,24.8618,25.0931,1117900
2010-07-15,25.0325,25.2472,24.9224,25.1867,1511300
2010-07-16,25.0876,25.1646,24.7627,24.8122,1853000
2010-07-19,24.9113,25.2472,24.8398,25.1481,1505500
2010-07-20,24.9279,25.2473,24.7682,25.2362,1705600
2010-07-21,25.2142,25.2142,24.7847,24.9279,1872200
2010-07-22,25.0435,25.44,25.0215,25.3409,1765200
2010-07-23,25.2142,25.495,25.1096,25.495,1609800
2010-07-26,25.5391,25.7098,25.4455,25.7043,1314400
2010-07-27,25.7593,25.9851,25.6492,25.9686,2254000
2010-07-28,25.886,25.9356,25.7649,25.897,1511700
2010-07-29,25.9686,26.0182,25.484,25.6437,1993700
2010-07-30,25.495,25.5446,25.2748,25.3959,2041300
2010-08-02,25.5501,25.9631,25.5501,25.9576,2096800
2010-08-03,25.9025,26.0071,25.7318,25.8419,1989600
2010-08-04,25.897,25.908,25.6657,25.8475,1820000
2010-08-05,25.7924,26.0127,25.6988,25.9961,1383700
2010-08-06,25.9466,26.2054,25.8199,26.1944,2404300
2010-08-09,26.1999,26.5523,26.1999,26.4146,2490400
2010-08-10,26.343,26.723,26.2384,26.6294,2689600
2010-08-11,26.321,26.5633,26.2109,26.2329,2562000
2010-08-12,26.1944,26.4917,26.0182,26.4036,3291800
2010-08-13,26.4256,26.4256,26.1448,26.1834,3825200
2010-08-16,26.0133,26.2308,25.7791,26.1248,3028600
2010-08-17,26.2419,26.5653,26.1583,26.4203,2842900
2010-08-18,26.4482,26.4482,26.0244,26.1861,2185600
2010-08-19,26.1359,26.1359,25.7735,25.9296,2115200
2010-08-20,25.7902,26.0858,25.7177,26.0412,2090400
2010-08-23,26.0858,26.3757,26.0467,26.1973,2439500
2010-08-24,26.0858,26.5598,26.0077,26.3813,2317700
2010-08-25,26.214,26.5486,26.214,26.4538,2027600
2010-08-26,26.5374,26.5597,26.2252,26.2921,1608700
2010-08-27,26.398,26.7103,26.2642,26.6992,1823800
2010-08-30,26.5988,26.688,26.3255,26.3478,1054500
2010-08-31,26.214,26.5932,26.1192,26.504,2026600
2010-09-01,26.7214,26.9333,26.5319,26.8999,2246100
2010-09-02,26.9222,26.9222,26.6769,26.9055,1581600
2010-09-03,26.9055,27.017,26.7661,27.0114,2160300
2010-09-07,26.9166,27.1676,26.9055,26.9668,1666100
2010-09-08,27.017,27.0282,26.6155,26.6434,2334000
2010-09-09,26.8218,26.8776,26.688,26.7382,1680500
2010-09-10,26.6768,26.7215,26.4538,26.5932,1980400
2010-09-13,26.6657,26.6713,26.504,26.6378,1671900
2010-09-14,26.6322,26.9222,26.4984,26.8218,1566400
2010-09-15,26.8441,26.8999,26.5988,26.6824,1677600
2010-09-16,26.6657,26.688,26.4594,26.5374,1453900
2010-09-17,26.6992,26.9501,26.5932,26.7215,2821100
2010-09-20,26.7382,27.1787,26.7382,27.1508,2283800
2010-09-21,27.1174,27.1564,26.9166,27.017,2424100
2010-09-22,27.0616,27.2902,27.0282,27.056,1381200
2010-09-23,26.9947,27.1062,26.7661,26.8163,1580200
2010-09-24,26.9612,27.2624,26.9612,27.2066,1390000
2010-09-27,27.1508,27.2847,27.0616,27.1843,1099900
2010-09-28,26.8497,27.1006,26.7159,27.0449,5613800
2010-09-29,27.0449,27.0783,26.9278,27.0059,2375700
2010-09-30,27.017,27.1062,26.8274,26.8888,1989500
2010-10-01,26.9891,27.0114,26.7382,26.9501,2043600
2010-10-04,26.8441,27.0226,26.7159,26.8051,1833100
2010-10-05,26.9891,27.0337,26.872,26.9947,2523500
2010-10-06,26.978,27.0114,26.7828,26.872,2100300
2010-10-07,26.9334,26.978,26.7326,26.8609,1740300
2010-10-08,26.8107,26.9445,26.7772,26.9166,1486400
2010-10-11,26.8999,26.9947,26.8386,26.8943,985900
2010-10-12,26.8943,26.9501,26.7716,26.8888,1321400
2010-10-13,26.9278,26.9501,26.8441,26.8776,1518900
2010-10-14,26.9612,27.0616,26.9166,27.017,1913900
2010-10-15,27.0393,27.1285,26.9891,27.1006,1884800
2010-10-18,27.0951,27.4352,27.0783,27.3739,3924200
2010-10-19,27.1564,27.4854,27.1397,27.2345,1980200
2010-10-20,27.2679,27.5133,27.2679,27.385,1471300
2010-10-21,27.5245,27.5245,27.123,27.2568,1513500
2010-10-22,27.3181,27.3962,27.162,27.3906,1508400
2010-10-25,27.4631,27.5412,27.2679,27.4352,1768000
2010-10-26,27.3293,27.5858,27.2177,27.5802,1905200
2010-10-27,27.4352,27.7475,27.4018,27.7363,2402500
2010-10-28,27.8256,27.859,27.675,27.7977,2450500
2010-10-29,27.82,27.8256,27.5914,27.7252,1661500
2010-11-01,27.8144,27.9594,27.5635,27.6917,1618100
2010-11-02,27.8311,28.3609,27.8311,28.2884,1904900
2010-11-03,28.2995,28.3665,27.9984,28.1546,2006300
2010-11-04,28.3553,28.4334,28.2159,28.372,3149400
2010-11-05,28.3888,28.4557,28.2215,28.439,2519600
2010-11-08,28.3999,28.4278,28.0653,28.2605,2397900
2010-11-09,28.2493,28.4501,28.1657,28.2215,2079200
2010-11-10,28.1992,28.1992,27.8367,27.9315,2061800
2010-11-11,27.7029,27.9259,27.6917,27.9259,1997800
2010-11-12,27.8311,27.8423,27.6137,27.7363,2205300
2010-11-15,27.7956,27.9875,27.7109,27.773,1763400
2010-11-16,27.694,27.7166,27.3159,27.4626,2153600
2010-11-17,27.4118,27.5134,27.3215,27.4175,1314900
2010-11-18,27.6037,27.6376,27.4118,27.5698,1159000
2010-11-19,27.5868,27.6376,27.3215,27.4457,1173300
2010-11-22,27.4852,27.5021,27.2425,27.4852,1567200
2010-11-23,27.3046,27.3497,27.124,27.2256,2094400
2010-11-24,27.3497,27.3723,27.203,27.2764,1297900
2010-11-26,27.2143,27.3667,27.0901,27.1917,1201600
2010-11-29,27.0901,27.203,26.8136,27.1014,1978500
2010-11-30,26.9321,27.4965,26.9321,27.2989,2269200
2010-12-01,27.5416,27.5924,27.3497,27.5134,1751200
2010-12-02,27.4965,27.5924,27.3441,27.5586,2077000
2010-12-03,27.5416,27.6884,27.4288,27.6658,3253000
2010-12-06,27.6545,27.694,27.5755,27.5924,1160600
2010-12-07,27.7392,27.7448,27.3328,27.4118,1807400
2010-12-08,27.3949,27.5078,27.1127,27.2481,1609400
2010-12-09,27.3102,27.5134,27.2199,27.4908,1593600
2010-12-10,27.5416,27.6489,27.5134,27.5868,1114000
2010-12-13,27.6997,27.9085,27.6263,27.7561,1417500
2010-12-14,27.852,28.0214,27.8408,27.9367,1479900
2010-12-15,27.9423,27.9649,27.6094,27.6602,1748800
2010-12-16,27.7279,27.9705,27.5247,27.9649,1816400
2010-12-17,27.9254,27.9536,27.7335,27.8464,3107500
2010-12-20,27.9367,27.9649,27.7674,27.9141,1304900
2010-12-21,27.9875,28.0044,27.8577,27.9311,960800
2010-12-22,27.948,28.1624,27.9367,27.9706,1112200
2010-12-23,27.9649,28.0439,27.8972,27.9931,618300
2010-12-27,27.9141,28.1116,27.869,28.0213,673100
2010-12-28,28.0157,28.0947,27.9254,28.0665,707000
2010-12-29,28.1004,28.106,27.9536,27.9536,753600
2010-12-30,27.9141,28.0383,27.8859,27.8915,721800
2010-12-31,27.869,28.1004,27.869,27.9762,992500
2011-01-03,28.0834,28.0947,27.9423,27.9649,1189400
2011-01-04,27.9649,28.1624,27.7843,28.0496,1552700
2011-01-05,28.0383,28.0665,27.8012,27.8633,1424400
2011-01-06,27.852,27.8915,27.6376,27.8351,1291100
2011-01-07,27.8803,27.9593,27.6771,27.9593,1385200
2011-01-10,27.8182,27.8915,27.5416,27.7843,1691100
2011-01-11,27.8238,27.8577,27.7109,27.7956,1337100
2011-01-12,27.8915,28.106,27.8633,27.9706,1152800
2011-01-13,27.9931,28.2076,27.9593,28.1963,1645600
2011-01-14,27.9085,28.1963,27.8803,28.1229,1520800
2011-01-18,28.1455,28.2866,28.0834,28.281,1260000
2011-01-19,28.2923,28.4333,28.2584,28.4164,1831900
2011-01-20,28.3938,28.7099,28.3543,28.518,1810600
2011-01-21,28.6027,28.6027,28.1117,28.1455,2588100
2011-01-24,28.1004,28.5575,28.1004,28.5293,2484100
2011-01-25,28.5349,28.6139,28.4108,28.5857,1281300
2011-01-26,28.4785,28.6027,28.3374,28.5011,1321800
2011-01-27,28.5575,28.6591,28.4221,28.5688,1169500
2011-01-28,28.6309,28.6647,28.2189,28.2584,1377100
2011-01-31,28.3035,28.4841,28.1512,28.1681,1422900
2011-02-01,28.2979,28.3543,28.0609,28.281,1733400
2011-02-02,28.2189,28.3035,28.0609,28.1173,1450100
2011-02-03,28.0721,28.1624,27.9931,28.1455,4360800
2011-02-04,28.1681,28.1737,27.8803,27.9875,4813800
2011-02-07,28.0213,28.1568,27.9875,28.1568,4880900
2011-02-08,28.1963,28.1963,27.9649,28.0157,1862900
2011-02-09,27.9536,28.2076,27.9198,28.185,1633500
2011-02-10,28.0947,28.2753,28.0609,28.2697,1489900
2011-02-11,28.2302,28.3882,28.2076,28.2753,1965900
2011-02-14,28.3267,28.3267,28.0811,28.1839,1159200
2011-02-15,28.1668,28.361,28.1325,28.2925,1105700
2011-02-16,28.3039,28.3096,27.9554,28.1154,1731100
2011-02-17,28.0297,28.1439,27.8755,27.9326,2108500
2011-02-18,27.944,28.0754,27.8241,28.0011,1593300
2011-02-22,27.7784,27.984,27.7327,27.9269,1587800
2011-02-23,27.9269,28.2068,27.7955,28.1097,2730500
2011-02-24,28.064,28.0925,27.8012,27.904,1671100
2011-02-25,27.9897,28.2639,27.944,28.2239,1480200
2011-02-28,28.3439,28.6866,28.2468,28.5495,2154500
2011-03-01,28.5381,28.6866,28.3153,28.3153,1717500
2011-03-02,28.3839,28.4353,28.1896,28.321,1351300
2011-03-03,28.441,28.6295,28.3953,28.5095,1304300
2011-03-04,28.5038,28.5552,28.1782,28.3953,1122900
2011-03-07,28.441,28.7037,28.3953,28.4695,1524700
2011-03-08,28.4581,28.8408,28.4467,28.7551,1335700
2011-03-09,28.6923,29.0065,28.6923,28.9722,1356000
2011-03-10,28.8408,28.9094,28.6066,28.6695,1270000
2011-03-11,28.6466,28.7837,28.5552,28.7152,795700
2011-03-14,28.5724,28.5724,28.321,28.4924,2151500
2011-03-15,28.2239,28.5952,28.0982,28.4067,2683000
2011-03-16,28.4067,28.4467,27.9097,28.0468,2616900
2011-03-17,28.2867,28.3153,27.904,28.1554,2158900
2011-03-18,28.4124,28.5381,28.2353,28.281,2504900
2011-03-21,28.5038,28.6752,28.4524,28.6466,1233700
2011-03-22,28.6637,28.698,28.441,28.441,1337900
2011-03-23,28.4695,28.481,28.1954,28.3953,1300700
2011-03-24,28.4809,28.5838,28.3096,28.5152,958100
2011-03-25,28.5952,28.6523,28.5095,28.5666,1120300
2011-03-28,28.5781,28.7609,28.5609,28.6295,1393300
2011-03-29,28.6066,28.9494,28.5438,28.9151,1352600
2011-03-30,28.9722,29.075,28.9094,28.9722,1559100
2011-03-31,28.9436,29.0693,28.8808,28.9722,1146100
2011-04-01,29.1207,29.2007,29.0465,29.1607,1011900
2011-04-04,29.1493,29.1664,28.9951,29.1436,937100
2011-04-05,29.1493,29.2178,29.0693,29.0979,720000
2011-04-06,29.155,29.3321,29.075,29.2578,1264200
2011-04-07,29.1264,29.2121,28.8523,29.0979,1114800
2011-04-08,29.155,29.1721,28.9322,29.075,842200
2011-04-11,29.0293,29.0579,28.5952,28.6866,2059300
2011-04-12,28.6466,28.7723,28.4867,28.5438,1411800
2011-04-13,28.6523,28.7894,28.5724,28.618,1130100
2011-04-14,28.5095,28.6638,28.4467,28.6123,1142600
2011-04-15,28.6923,29.0693,28.6466,28.9665,1475300
2011-04-18,28.7437,28.8922,28.6123,28.6923,1523300
2011-04-19,28.7152,28.7551,28.5038,28.6466,1131700
2011-04-20,28.8808,28.9951,28.7323,28.9665,1214400
2011-04-21,28.9665,29.0236,28.8237,28.9494,786400
2011-04-25,28.9436,29.035,28.8751,28.9551,796400
2011-04-26,29.0522,29.2007,28.9951,29.1779,1200000
2011-04-27,29.2178,29.532,29.2007,29.452,1375400
2011-04-28,29.4635,29.7034,29.4235,29.6805,1222400
2011-04-29,29.6234,29.7833,29.5891,29.7719,1183000
2011-05-02,29.7776,29.9776,29.7719,29.8747,1022800
2011-05-03,29.8119,30.2517,29.7948,30.1604,1858600
2011-05-04,30.0804,30.3431,29.989,30.2689,2071300
2011-05-05,30.1889,30.2346,29.9319,30.1318,2045600
2011-05-06,30.2917,30.4688,30.1946,30.3317,1914700
2011-05-09,30.3431,30.3774,30.1432,30.326,1534900
2011-05-10,30.4174,30.7487,30.3488,30.5887,2062000
2011-05-11,30.623,30.6916,30.3945,30.6687,2468000
2011-05-12,30.6744,31.0229,30.5259,30.9829,2111000
2011-05-13,31.0,31.0514,30.7316,30.9144,1798200
2011-05-16,30.9086,31.1454,30.7757,30.8161,1939400
2011-05-17,30.7873,31.0241,30.7642,31.001,1751800
2011-05-18,31.0356,31.0356,30.7411,30.9779,1227400
2011-05-19,30.9952,31.1916,30.949,31.1801,1397400
2011-05-20,31.1281,31.3129,31.0472,31.1396,1575800
2011-05-23,30.5042,31.0183,30.5042,30.7006,2065800
2011-05-24,30.6486,30.6891,30.3541,30.4696,2565200
2011-05-25,30.3772,30.5793,30.1692,30.3887,1862500
2011-05-26,30.3425,30.5793,30.2097,30.458,1464800
2011-05-27,30.4869,30.6082,30.3945,30.458,1113200
2011-05-31,30.6198,30.6718,30.4465,30.6487,1652900
2011-06-01,30.614,30.6371,30.4349,30.4811,1977500
2011-06-02,30.4869,30.4869,30.175,30.4291,1319600
2011-06-03,30.1692,30.3829,30.0537,30.2212,1344500
2011-06-06,30.1403,30.2732,29.9844,30.123,1367800
2011-06-07,30.1461,30.4003,30.1172,30.2097,2064400
2011-06-08,30.2501,30.3887,30.1115,30.3598,2152200
2011-06-09,30.3656,30.4118,30.1808,30.2154,1570700
2011-06-10,30.175,30.227,29.9035,29.9382,2057000
2011-06-13,30.0133,30.2212,29.8458,30.0884,1520900
2011-06-14,30.3021,30.3021,29.9786,30.1577,1600400
2011-06-15,30.071,30.2732,29.9266,30.0653,2214900
2011-06-16,30.1346,30.4349,30.123,30.3887,2399600
2011-06-17,30.5042,30.7411,30.4522,30.4869,2181700
2011-06-20,30.4003,30.6544,30.2385,30.6198,1118800
2011-06-21,30.6833,30.7584,30.4523,30.5851,1514800
2011-06-22,30.5216,30.6024,30.331,30.4465,1801200
2011-06-23,30.2212,30.2616,29.9439,30.175,1940200
2011-06-24,30.2443,30.4927,30.2097,30.2674,1437100
2011-06-27,30.3425,30.4985,30.3425,30.4349,853000
2011-06-28,30.4754,30.6024,30.3714,30.5736,855900
2011-06-29,30.5736,30.7295,30.4696,30.6717,1335900
2011-06-30,30.6775,30.793,30.51,30.7526,1223000
2011-07-01,30.77,31.2609,30.77,31.2263,1877800
2011-07-05,31.1338,31.1801,30.9606,31.0125,1242100
2011-07-06,31.0125,31.1512,30.9028,31.1107,1022600
2011-07-07,31.2552,31.2667,31.053,31.2147,1194500
2011-07-08,31.0125,31.1165,30.7815,30.9375,1655000
2011-07-11,30.6949,30.8162,30.5331,30.7757,1713900
2011-07-12,30.6891,31.1743,30.666,30.9952,1659500
2011-07-13,31.105,31.2032,30.9606,31.0241,1810700
2011-07-14,31.0414,31.0761,30.6833,30.7295,1673900
2011-07-15,30.8104,30.8104,30.5274,30.7584,1639100
2011-07-18,30.6602,30.6717,30.2963,30.3425,1360800
2011-07-19,30.3829,30.718,30.227,30.6891,1110900
2011-07-20,30.7122,30.9317,30.5851,30.8046,795700
2011-07-21,30.9028,31.2378,30.9028,31.1685,1371200
2011-07-22,31.1281,31.1627,30.9259,30.949,1334300
2011-07-25,30.7699,30.9086,30.7584,30.7931,1424300
2011-07-26,30.7931,30.8335,30.6025,30.7584,1310800
2011-07-27,30.8566,30.9317,30.6198,30.718,1824600
2011-07-28,30.6717,30.8104,30.5504,30.5967,1393200
2011-07-29,30.4291,30.5793,30.2616,30.3829,1686600
2011-08-01,30.7006,30.7353,30.3598,30.4696,2269300
2011-08-02,30.3945,30.4869,30.1981,30.1981,1722800
2011-08-03,30.2963,30.562,30.1346,30.406,3122700
2011-08-04,30.2154,30.5273,29.8573,29.8862,4291200
2011-08-05,30.4927,31.1223,30.1865,30.7699,6137100
2011-08-08,29.9959,30.77,29.0255,29.118,6029400
2011-08-09,29.5685,29.9902,28.4075,29.9786,6076900
2011-08-10,30.0768,30.9143,29.7938,30.0768,5667900
2011-08-11,30.3772,31.5266,30.2559,31.2147,4969700
2011-08-12,31.4284,31.6941,30.8913,31.0357,3860500
2011-08-15,31.2868,32.0287,31.281,32.0053,3593500
2011-08-16,31.7717,31.9119,31.4913,31.8301,2867300
2011-08-17,31.8943,32.2507,31.7834,31.8359,2575900
2011-08-18,31.2751,31.8067,31.1525,31.76,3964300
2011-08-19,31.5672,31.9995,31.4738,31.7542,3613000
2011-08-22,32.128,32.1923,31.7483,31.871,3494700
2011-08-23,31.9411,32.3675,31.6548,32.35,4109400
2011-08-24,32.35,33.2729,32.2799,33.2379,3606500
2011-08-25,33.232,33.232,32.6946,32.8173,3440400
2011-08-26,32.572,32.6654,31.9645,32.4727,3530900
2011-08-29,32.7706,33.0101,32.6537,32.9049,2303900
2011-08-30,32.8699,33.0451,32.7005,32.8991,2531500
2011-08-31,33.0101,33.0276,32.6888,32.8348,3181400
2011-09-01,32.9692,32.9692,32.6128,32.6829,2458800
2011-09-02,32.3792,32.8582,32.3383,32.753,3234500
2011-09-06,32.1514,32.6245,31.9119,32.5836,3937300
2011-09-07,32.7881,32.8115,32.5428,32.753,2362800
2011-09-08,32.7589,33.0626,32.6362,32.7414,4007100
2011-09-09,32.6245,32.6245,32.0521,32.1981,2677900
2011-09-12,32.093,32.5836,32.0229,32.5836,2421200
2011-09-13,32.6421,32.9283,32.4026,32.8757,2035800
2011-09-14,33.0042,33.3138,32.7005,33.0334,2433200
2011-09-15,33.3606,33.419,33.1736,33.343,3040000
2011-09-16,33.5475,33.7636,33.3722,33.5416,2766800
2011-09-19,33.2087,33.5358,33.0918,33.4423,1614600
2011-09-20,33.5825,34.3419,33.5533,33.9388,2079500
2011-09-21,33.6409,33.9739,33.4073,33.4482,2766400
2011-09-22,32.8231,33.3839,32.7297,33.2379,3618100
2011-09-23,33.197,33.3021,32.9575,33.1444,2544800
2011-09-26,33.4365,33.4832,32.9575,33.1736,2440900
2011-09-27,33.5066,33.5475,32.9517,33.0626,2619300
2011-09-28,33.0685,33.2554,32.7121,32.7764,2579500
2011-09-29,33.1503,33.4949,33.051,33.4774,2581300
2011-09-30,33.3313,33.7286,33.2963,33.308,1984900
2011-10-03,33.1503,33.6526,32.9867,32.9925,3024300
2011-10-04,32.6304,32.9809,32.1397,32.9692,3792000
2011-10-05,32.9692,33.0451,31.9645,32.2156,4804700
2011-10-06,32.2098,32.8056,32.1747,32.8056,2068600
2011-10-07,32.9341,33.1619,32.6713,32.7764,1933100
2011-10-10,32.9925,33.4248,32.9575,33.4248,1740400
2011-10-11,33.3722,33.3956,32.9517,33.1561,1452100
2011-10-12,33.1912,33.2262,32.9283,33.0626,1606100
2011-10-13,33.0042,33.2087,32.7881,33.0977,1187600
2011-10-14,33.2496,33.6468,33.1795,33.6176,1827500
2011-10-17,33.6176,33.9564,33.5708,33.8629,2067500
2011-10-18,33.7695,34.0849,33.5416,33.8921,1933800
2011-10-19,33.8746,34.377,33.7461,33.8337,2120100
2011-10-20,33.9505,34.2192,33.822,34.1667,2329500
2011-10-21,34.4587,34.9144,34.3711,34.9085,2310400
2011-10-24,34.7567,34.9553,34.523,34.6106,1922700
2011-10-25,34.634,34.7041,33.9564,33.9856,2466600
2011-10-26,34.4062,34.4763,34.2134,34.3594,2115700
2011-10-27,34.8209,34.9845,34.5522,34.7742,2370300
2011-10-28,34.4178,34.4763,33.711,33.9038,3686200
2011-10-31,33.8688,34.1725,33.7928,33.8045,2085000
2011-11-01,33.3839,33.6877,33.121,33.3255,2997200
2011-11-02,33.7636,34.1842,33.7578,33.8921,1721400
2011-11-03,34.1024,34.4062,33.9564,34.3186,1840800
2011-11-04,33.4949,34.3186,33.4774,34.2076,1350900
2011-11-07,34.3361,34.5171,34.0966,34.5055,1293200
2011-11-08,34.558,34.6807,34.2893,34.669,1681600
2011-11-09,34.3536,34.6574,33.933,34.009,2727200
2011-11-10,34.2543,34.4587,34.0382,34.3945,1660000
2011-11-11,34.6515,34.891,34.6281,34.8384,1733600
2011-11-14,34.7027,34.8857,34.331,34.4431,1393600
2011-11-15,34.3723,34.7499,34.3133,34.6673,1469100
2011-11-16,34.3959,34.6024,34.148,34.2071,2041000
2011-11-17,34.1894,34.4195,33.8353,34.1067,1697200
2011-11-18,34.2366,34.4254,34.1953,34.3074,1304500
2011-11-21,34.1067,34.148,33.6347,33.9238,1383200
2011-11-22,33.9533,34.0182,33.3927,33.5757,1396200
2011-11-23,33.4045,33.5403,33.0859,33.3101,1851200
2011-11-25,33.3514,33.8589,33.3396,33.7291,1060500
2011-11-28,34.1539,34.331,33.6347,33.7704,1876800
2011-11-29,33.9002,34.2897,33.8707,34.2071,1410900
2011-11-30,34.6673,35.0922,34.6437,35.0627,2228700
2011-12-01,34.9978,35.281,34.8856,35.1158,1432900
2011-12-02,35.2397,35.2869,34.5493,34.5847,1973500
2011-12-05,34.9033,35.0863,34.6142,34.7558,1443600
2011-12-06,34.8384,34.9624,34.7204,34.8207,1477800
2011-12-07,34.7971,34.862,34.5729,34.6437,1769500
2011-12-08,34.6614,34.7912,34.3782,34.4431,1798700
2011-12-09,34.6201,34.9919,34.6142,34.9565,1679900
2011-12-12,34.9211,34.9565,34.4903,34.7086,1448900
2011-12-13,34.7499,35.1866,34.6968,34.8974,1567900
2011-12-14,34.9623,35.0273,34.6673,34.6968,1361600
2011-12-15,34.9801,35.3636,34.9269,35.2692,2349500
2011-12-16,35.34,35.4934,35.0804,35.2751,2850600
2011-12-19,35.2928,35.4521,35.0332,35.1689,1607300
2011-12-20,35.3577,35.9183,35.1099,35.877,2140400
2011-12-21,35.877,36.5143,35.8593,36.4316,2444500
2011-12-22,36.3786,36.4435,36.1602,36.3609,1427200
2011-12-23,36.4671,36.6972,36.4022,36.5733,1110600
2011-12-27,36.5733,36.9037,36.4907,36.8801,852100
2011-12-28,36.8801,36.9096,36.6677,36.6972,879400
2011-12-29,36.6972,36.9804,36.6972,36.9332,935900
2011-12-30,36.9804,37.0218,36.591,36.6028,1189400
2012-01-03,36.6441,36.7385,35.6882,35.7885,2927000
2012-01-04,35.7472,35.9124,35.2987,35.3459,2735900
2012-01-05,35.0155,35.517,34.8266,35.2515,3182700
2012-01-06,35.2869,35.3754,34.7853,34.8738,2693600
2012-01-09,35.0037,35.0568,34.862,34.9742,1310700
2012-01-10,34.7381,35.281,34.7027,35.0155,2063600
2012-01-11,34.8738,35.1099,34.7912,34.921,1872900
2012-01-12,35.0332,35.0332,34.7558,34.803,1687700
2012-01-13,34.6319,34.9446,34.4254,34.921,1760800
2012-01-17,35.1394,35.3518,34.9447,35.0155,1749800
2012-01-18,35.0155,35.104,34.8443,34.9801,1407300
2012-01-19,34.9565,35.0155,34.567,34.6614,2217500
2012-01-20,34.6437,34.8089,34.4136,34.6732,1812000
2012-01-23,34.6673,34.803,34.5493,34.5906,1672600
2012-01-24,34.5316,34.567,34.3133,34.449,1294200
2012-01-25,34.3251,35.0922,33.9828,35.0332,3038000
2012-01-26,35.0155,35.2869,35.0155,35.2692,2422500
2012-01-27,35.3459,35.3459,34.6909,34.7499,1516000
2012-01-30,34.6437,34.6614,34.39,34.6024,6204500
2012-01-31,34.744,34.9034,34.6201,34.7912,1638500
2012-02-01,34.8679,35.045,34.7676,34.8207,1573400
2012-02-02,34.8561,34.9093,34.6201,34.7381,1326400
2012-02-03,34.8915,35.0155,34.5257,34.7086,1619400
2012-02-06,34.6378,34.7912,34.567,34.6968,1079100
2012-02-07,34.6437,34.9978,34.5493,34.8915,1353600
2012-02-08,34.9742,35.0804,34.7204,35.045,1872400
2012-02-09,34.9919,35.1158,34.9092,35.0922,5823300
2012-02-10,35.0096,35.0745,34.8148,34.8915,1920300
2012-02-13,35.0376,35.0615,34.5011,34.5249,1965800
2012-02-14,34.513,34.6561,34.358,34.5607,2244500
2012-02-15,34.5309,34.5845,34.2566,34.3699,1707500
2012-02-16,34.3937,34.7574,34.3937,34.5189,1576100
2012-02-17,34.6322,34.6859,34.4891,34.501,1678700
2012-02-21,34.5607,34.668,34.4414,34.4951,1326900
2012-02-22,34.4295,34.662,34.4057,34.4951,1568600
2012-02-23,34.4891,34.6322,34.3997,34.5547,1891500
2012-02-24,34.5845,35.0913,34.5607,35.0793,2395500
2012-02-27,34.9184,35.1449,34.7455,34.8349,1528700
2012-02-28,34.8409,34.9601,34.5964,34.6441,1377900
2012-02-29,34.6739,34.8647,34.4593,34.6382,2060400
2012-03-01,34.6084,34.8766,34.5607,34.7514,1381800
2012-03-02,34.7515,34.8767,34.5666,34.7634,877400
2012-03-05,34.668,34.8766,34.513,34.8111,1160500
2012-03-06,34.6143,34.8051,34.4653,34.7872,1614500
2012-03-07,34.7574,34.7753,34.5189,34.668,2738500
2012-03-08,34.7037,34.8349,34.6262,34.7693,983900
2012-03-09,34.8587,34.8587,34.6143,34.8111,965800
2012-03-12,34.8588,35.3357,34.8051,35.2999,1487000
2012-03-13,35.3536,35.4549,35.1747,35.4132,1230200
2012-03-14,35.4072,35.4728,34.8707,34.9303,1589800
2012-03-15,35.0436,35.0853,34.5368,34.6262,2303600
2012-03-16,34.6143,34.6143,34.2268,34.352,2883600
2012-03-19,34.3043,34.5189,34.191,34.2328,1411700
2012-03-20,34.1314,34.3937,34.1314,34.3043,1338400
2012-03-21,34.2626,34.3759,34.1076,34.1731,933200
2012-03-22,34.0837,34.2387,33.9764,34.1374,1486200
2012-03-23,34.0539,34.1553,33.9883,34.0599,1299200
2012-03-26,34.1374,34.3997,34.1255,34.3282,1213400
2012-03-27,34.3162,34.4772,34.2029,34.4653,1427100
2012-03-28,34.4176,34.5726,34.2208,34.3699,1676800
2012-03-29,34.2268,34.6501,34.1731,34.5786,2005300
2012-03-30,34.7395,34.8409,34.5905,34.829,1586000
2012-04-02,34.7335,35.0197,34.6382,34.9064,1750600
2012-04-03,34.9422,35.0317,34.7872,35.0257,1910100
2012-04-04,34.8587,35.0376,34.7812,34.9661,1605700
2012-04-05,34.8468,34.8588,34.4772,34.6859,1310700
2012-04-09,34.3639,34.5487,34.3639,34.4355,1448100
2012-04-10,34.2864,34.3639,33.9883,34.0658,1855100
2012-04-11,34.2447,34.3222,34.0658,34.2149,1536300
2012-04-12,34.3341,34.5726,34.1672,34.501,1968600
2012-04-13,34.4951,34.823,34.4057,34.4295,1651400
2012-04-16,34.5249,34.8528,34.4533,34.7097,1326000
2012-04-17,34.8468,34.9124,34.4295,34.7097,1579000
2012-04-18,34.6322,34.7455,34.4653,34.5845,1611200
2012-04-19,34.6203,34.6203,34.3699,34.5189,1672800
2012-04-20,34.5547,34.9661,34.4712,34.9422,1872100
2012-04-23,34.823,34.8349,34.6799,34.7753,1253100
2012-04-24,34.7872,35.0495,34.7574,35.0138,968300
2012-04-25,35.1509,35.2165,34.9661,35.1867,1335300
2012-04-26,35.1807,35.3774,35.0316,35.3476,1107100
2012-04-27,35.3774,35.4132,35.1747,35.3596,1160600
2012-04-30,35.3119,35.4728,35.1568,35.443,4578400
2012-05-01,35.3894,35.6457,35.282,35.5682,964900
2012-05-02,35.5265,35.5563,35.3178,35.3596,1268700
2012-05-03,35.4192,35.6099,35.2701,35.2701,1195500
2012-05-04,35.1747,35.5921,35.1747,35.4013,1241300
2012-05-07,35.2642,35.3655,35.1091,35.2582,1108900
2012-05-08,35.1747,35.6219,35.1688,35.5921,1235400
2012-05-09,35.3655,35.6338,35.3238,35.4549,1355500
2012-05-10,35.6219,35.8842,35.5384,35.7828,1288900
2012-05-11,35.7113,35.92,35.5801,35.6576,1187600
2012-05-14,35.4258,35.6727,35.3294,35.5462,1028600
2012-05-15,35.5041,35.5884,35.2631,35.3836,1061500
2012-05-16,35.3655,35.5101,35.1909,35.4318,1110600
2012-05-17,35.4137,35.5101,35.1668,35.2692,1018800
2012-05-18,35.4017,35.5402,35.2451,35.3354,1467400
2012-05-21,35.3896,35.7329,35.1427,35.4198,1164800
2012-05-22,35.4559,35.6366,35.4077,35.5522,1356600
2012-05-23,35.5342,35.8474,35.5221,35.6727,1939200
2012-05-24,35.763,36.028,35.6787,35.8895,1059500
2012-05-25,35.9437,36.1304,35.8413,35.9016,980100
2012-05-29,36.0461,36.1124,35.9317,36.1124,957900
2012-05-30,35.9919,36.5279,35.9799,36.1967,1608600
2012-05-31,36.2268,36.5159,36.1666,36.3533,1721800
2012-06-01,36.1184,36.6062,36.1184,36.3111,1918600
2012-06-04,36.3412,36.5821,36.2388,36.558,1290900
2012-06-05,36.4737,36.7267,36.4195,36.4677,1359700
2012-06-06,36.6183,36.9013,36.4918,36.9013,1240700
2012-06-07,37.088,37.2446,36.9977,37.1423,2939900
2012-06-08,37.1724,37.4855,37.1121,37.4855,1308500
2012-06-11,37.6301,37.6301,37.1844,37.2085,1686800
2012-06-12,37.2446,37.4795,37.1121,37.4494,1652500
2012-06-13,37.4855,37.6301,37.2627,37.5518,1167100
2012-06-14,37.5217,37.7204,37.4554,37.6903,1238800
2012-06-15,37.8288,38.1119,37.7686,38.0035,2181200
2012-06-18,38.0577,38.3046,37.9553,38.2324,1462800
2012-06-19,38.3227,38.3287,37.7626,37.8168,2003800
2012-06-20,37.6602,37.7686,36.9315,37.0399,2848800
2012-06-21,37.2205,37.4133,36.8772,36.9074,1865400
2012-06-22,37.0399,37.2025,36.8231,37.0399,4610800
2012-06-25,36.8893,37.0158,36.6966,36.8833,1522100
2012-06-26,36.9375,37.0459,36.8351,36.8893,1107300
2012-06-27,36.9555,37.329,36.9435,37.2446,1479000
2012-06-28,36.8953,37.3952,36.8953,37.3832,1252400
2012-06-29,37.5518,37.7264,37.2687,37.4554,2010200
2012-07-02,37.4855,37.8108,37.4554,37.7746,1248500
2012-07-03,37.7264,37.8168,37.5157,37.6843,744800
2012-07-05,37.6241,37.6241,37.353,37.3952,796700
2012-07-06,37.1784,37.5096,37.0941,37.4253,887200
2012-07-09,37.4012,37.6542,37.335,37.5458,958100
2012-07-10,37.6361,37.8349,37.5699,37.6602,1301600
2012-07-11,37.6662,37.9252,37.5759,37.871,1134200
2012-07-12,37.7505,37.9734,37.6783,37.865,1233100
2012-07-13,37.8469,38.2083,37.8349,38.1962,1085000
2012-07-16,38.0758,38.136,37.9734,38.0276,854000
2012-07-17,38.1119,38.2926,37.9915,38.1902,994800
2012-07-18,38.124,38.3046,38.0637,38.2444,1136200
2012-07-19,38.1842,38.2203,37.8168,38.1601,972600
2012-07-20,38.1541,38.5455,38.0396,38.407,2464300
2012-07-23,38.1902,38.5154,38.142,38.2806,1013900
2012-07-24,38.3408,38.395,38.0637,38.2926,1532300
2012-07-25,38.407,38.4974,38.1059,38.2324,1712200
2012-07-26,38.4552,38.8708,38.4191,38.7985,1393200
2012-07-27,38.9431,39.3586,38.9069,39.0876,1630900
2012-07-30,39.0153,39.208,38.8467,39.1117,1320100
2012-07-31,39.1418,39.2743,38.8226,38.8467,1216400
2012-08-01,38.9671,39.7381,38.7563,38.8166,1069000
2012-08-02,38.6058,38.7503,38.3107,38.6961,1248100
2012-08-03,39.0996,39.1719,38.5455,38.943,2339500
2012-08-06,39.0334,39.1538,38.8647,38.8768,1159100
2012-08-07,38.9973,39.0334,38.7021,38.7262,1336800
2012-08-08,38.7684,38.7985,38.3408,38.4793,1365300
2012-08-09,38.5215,38.6299,38.2625,38.2986,972700
2012-08-10,38.3287,38.5154,38.1962,38.4672,1027400
2012-08-13,38.5858,38.6162,38.4216,38.4825,1023400
2012-08-14,38.4885,38.6345,38.3426,38.4277,949800
2012-08-15,38.4277,38.4399,38.0811,38.1115,1358500
2012-08-16,38.0751,38.142,37.5096,37.5765,3376100
2012-08-17,37.7346,37.7589,37.4792,37.5035,1722700
2012-08-20,37.4306,37.6859,37.3637,37.6738,1099500
2012-08-21,37.6434,37.7346,37.3272,37.3272,1122000
2012-08-22,37.2117,37.5522,37.2117,37.4609,1262500
2012-08-23,37.4427,37.4549,37.0171,37.084,890600
2012-08-24,37.0657,37.3758,37.0414,37.3454,635700
2012-08-27,37.309,37.4245,37.2056,37.236,864700
2012-08-28,37.1752,37.3211,37.1083,37.2117,684800
2012-08-29,37.1387,37.2177,36.9441,36.9563,918400
2012-08-30,36.8894,37.0292,36.7617,36.9441,772000
2012-08-31,37.0353,37.0657,36.7313,36.859,1073200
2012-09-04,36.8712,37.1022,36.7921,37.0171,965400
2012-09-05,37.084,37.084,36.6644,36.6827,1139200
2012-09-06,36.8772,37.1448,36.8468,37.1265,997700
2012-09-07,37.1265,37.1387,36.8104,36.8651,851300
2012-09-10,37.0171,37.0171,36.7374,36.78,927700
2012-09-11,36.7739,36.7982,36.6705,36.6705,675100
2012-09-12,36.7435,36.7556,36.5185,36.5915,1187100
2012-09-13,36.5063,37.084,36.5063,37.084,1214300
2012-09-14,37.0049,37.0718,36.2449,36.3665,2213900
2012-09-17,36.4091,36.6705,36.1172,36.2449,2167600
2012-09-18,36.1962,36.3239,36.026,36.1658,1475600
2012-09-19,36.251,36.3483,36.0929,36.1537,1187000
2012-09-20,36.0807,36.3239,36.0746,36.1658,1418900
2012-09-21,36.2327,36.257,35.9165,35.9348,2627000
2012-09-24,35.9044,36.2449,35.8801,36.1658,1659900
2012-09-25,36.2206,36.3726,36.099,36.1537,1470800
2012-09-26,36.178,36.707,36.178,36.5367,2433800
2012-09-27,36.5732,36.5732,36.2023,36.2267,1463100
2012-09-28,36.1476,36.4638,36.0685,36.4151,1518200
2012-10-01,36.4577,36.4942,36.1233,36.1658,1198500
2012-10-02,36.0199,36.33,35.9652,36.2692,1553200
2012-10-03,36.2996,36.5489,36.2571,36.3361,1523800
2012-10-04,36.5671,36.8043,36.5307,36.7435,1903200
2012-10-05,36.9198,36.9198,36.5368,36.6158,1247300
2012-10-08,36.5854,36.7739,36.4334,36.5672,773400
2012-10-09,36.555,36.6583,36.2996,36.4516,1191600
2012-10-10,36.3665,36.5793,36.2935,36.5246,1127100
2012-10-11,36.5915,36.7921,36.4273,36.5854,1048400
2012-10-12,36.6888,36.8286,36.3178,36.3787,975600
2012-10-15,36.4395,36.4577,36.1172,36.3726,988600
2012-10-16,36.4212,36.4759,36.2145,36.3665,1173000
2012-10-17,36.4212,36.9502,36.3604,36.8529,1207100
2012-10-18,36.9016,36.9867,36.6827,36.9259,901000
2012-10-19,36.8286,36.9198,36.6523,36.7678,2315200
2012-10-22,36.6705,36.7435,36.2996,36.4212,1065800
2012-10-23,36.2449,36.3908,36.0868,36.2996,1366100
2012-10-24,36.4151,36.4151,36.178,36.2206,1141900
2012-10-25,36.2935,36.4881,36.2145,36.4881,1276700
2012-10-26,36.5368,36.5793,36.3057,36.4638,1113600
2012-10-31,36.2814,36.8225,35.8801,36.7131,1514300
2012-11-01,36.7496,36.7678,36.178,36.3179,1384500
2012-11-02,36.4699,36.5185,35.9348,35.9956,1045300
2012-11-05,35.9348,35.9774,35.1261,35.266,3104300
2012-11-06,35.3328,35.6977,35.0714,35.12,2114600
2012-11-07,34.9498,34.9862,33.9283,34.208,3708600
2012-11-08,34.2749,34.9255,34.2749,34.3053,2164500
2012-11-09,34.3636,34.5112,34.1301,34.2592,2030800
2012-11-12,34.1239,34.2653,33.7244,33.8781,1902400
2012-11-13,33.7183,34.2407,33.7183,33.9211,1690900
2012-11-14,33.9764,34.0502,33.7183,33.9457,1896400
2012-11-15,33.9334,34.1117,33.3126,33.454,2821300
2012-11-16,33.411,33.7982,33.411,33.792,2109700
2012-11-19,33.915,33.9703,33.4602,33.6507,1479500
2012-11-20,33.6814,33.6814,33.2942,33.454,1152100
2012-11-21,33.4663,33.5278,32.9623,33.3188,1640500
2012-11-23,33.3557,33.3618,32.993,33.2512,764700
2012-11-26,33.1897,33.9396,33.1774,33.7306,2268600
2012-11-27,33.7859,33.9641,33.6077,33.706,1482100
2012-11-28,33.6814,34.0748,33.497,34.0317,1831800
2012-11-29,34.0871,34.0994,33.8043,34.0748,1087900
2012-11-30,34.0809,34.2899,33.9334,34.2899,2118500
2012-12-03,34.296,34.296,33.792,33.9703,1398300
2012-12-04,33.9764,34.1117,33.9273,34.0256,1826100
2012-12-05,34.0256,34.6156,33.9826,34.4681,1703200
2012-12-06,34.462,34.6341,34.3083,34.4866,1689100
2012-12-07,34.4804,34.6033,34.2715,34.4374,1581200
2012-12-10,34.4251,34.5603,34.3514,34.462,1079900
2012-12-11,34.5542,34.9353,34.4681,34.6402,1802500
2012-12-12,34.671,34.9168,34.5788,34.6279,2241300
2012-12-13,34.5726,34.6648,34.2715,34.3944,1205500
2012-12-14,34.2837,34.505,34.1793,34.4927,1761100
2012-12-17,34.6771,35.0397,34.5726,35.0213,2676700
2012-12-18,35.0213,35.3778,34.966,35.1503,2088200
2012-12-19,35.1196,35.1442,34.6156,34.6648,1650800
2012-12-20,34.6956,34.757,34.4989,34.6894,1434500
2012-12-21,34.5296,34.671,34.2223,34.4497,4522400
2012-12-24,34.4251,34.4866,34.1485,34.4005,756000
2012-12-26,34.4497,34.5357,34.0625,34.0871,947300
2012-12-27,34.0195,34.1608,33.7613,34.0625,1355500
2012-12-28,33.9273,34.1424,33.749,33.7613,1645100
2012-12-31,33.6814,34.167,33.5032,34.1362,1942000
2013-01-02,34.5419,34.8123,34.5112,34.7816,1789700
2013-01-03,34.7693,34.9414,34.6955,34.7754,1358700
2013-01-04,34.8431,34.9967,34.7755,34.9721,1520700
2013-01-07,34.8799,34.9475,34.6033,34.6341,1310400
2013-01-08,34.5603,34.6525,34.3083,34.4374,2091300
2013-01-09,34.5234,34.5234,34.2899,34.4866,1756800
2013-01-10,34.6156,34.671,34.3391,34.4743,1928500
2013-01-11,34.548,34.5726,34.2469,34.3636,1531600
2013-01-14,34.419,34.4558,34.2407,34.2592,1388800
2013-01-15,33.9027,34.0563,33.7736,34.0133,3054400
2013-01-16,34.0871,34.2714,33.9211,33.9949,1802900
2013-01-17,34.1362,34.1547,33.9518,33.9764,1484800
2013-01-18,33.9518,34.2837,33.9088,34.2837,2388000
2013-01-22,34.2592,34.4743,34.1731,34.4374,1544200
2013-01-23,34.462,34.4681,34.2161,34.4313,1656200
2013-01-24,34.4927,34.7078,34.4005,34.6279,1691000
2013-01-25,34.6218,34.7632,34.4313,34.7324,1734400
2013-01-28,34.6587,34.7447,34.419,34.7078,1505000
2013-01-29,34.6464,35.0705,34.6095,35.009,1359300
2013-01-30,35.0582,35.0582,34.8185,34.8984,965300
2013-01-31,34.8553,35.0582,34.8185,34.9598,1417900
2013-02-01,35.1012,35.1012,34.8246,35.0643,1844900
2013-02-04,34.9414,35.0459,34.9107,34.9475,1327800
2013-02-05,35.0336,35.1749,34.8492,34.8738,1610300
2013-02-06,34.8369,34.9783,34.6894,34.9291,1445900
2013-02-07,34.9967,35.2118,34.8553,35.0889,1817000
2013-02-08,35.1073,35.1565,34.9475,35.1258,1482500
2013-02-11,35.1413,35.2594,35.0978,35.16,845600
2013-02-12,35.2407,35.2407,34.9736,35.1413,1568200
2013-02-13,35.1537,35.2842,35.0854,35.1786,1193600
2013-02-14,35.0792,35.2656,34.9549,35.0171,1558800
2013-02-15,35.104,35.2469,34.9798,35.1537,1701000
2013-02-19,35.1972,35.4768,35.1662,35.4147,1299100
2013-02-20,35.4147,35.7813,35.3525,35.5327,1365300
2013-02-21,35.4458,35.7005,35.4458,35.6632,1707000
2013-02-22,35.7564,36.3404,35.7316,36.3342,2490600
2013-02-25,36.4026,36.6511,35.9863,35.9987,2322000
2013-02-26,36.1665,36.4833,36.0857,36.1727,1697400
2013-02-27,36.1478,36.4833,36.1416,36.3902,1205500
2013-02-28,36.4461,36.7816,36.3529,36.6573,1682400
2013-03-01,36.6262,36.6822,36.3777,36.6697,1341700
2013-03-04,36.6511,36.9493,36.5331,36.9058,1354000
2013-03-05,36.968,37.2165,36.912,37.0177,1473300
2013-03-06,37.0177,37.1481,36.8126,36.8126,1389500
2013-03-07,36.8437,36.9928,36.6449,36.6449,1186400
2013-03-08,36.676,36.7194,36.241,36.6262,1263700
2013-03-11,36.6076,36.6946,36.502,36.6884,888800
2013-03-12,36.707,36.7381,36.4212,36.5765,1164000
2013-03-13,36.5828,36.6573,36.4709,36.5144,1057200
2013-03-14,36.5268,36.5455,36.3529,36.5331,1438400
2013-03-15,36.4895,36.7629,36.4088,36.7629,2843000
2013-03-18,36.5144,36.6822,36.4212,36.4523,1199900
2013-03-19,36.5206,36.6759,36.4088,36.6325,1017600
2013-03-20,36.7505,36.8126,36.6138,36.7567,822300
2013-03-21,36.676,36.7567,36.5206,36.6014,1009400
2013-03-22,36.6076,36.8748,36.5641,36.7132,889100
2013-03-25,36.8064,36.9555,36.5641,36.7194,1470700
2013-03-26,36.8313,37.0922,36.7816,37.0674,1171100
2013-03-27,36.9431,37.3905,36.8126,37.347,1537300
2013-03-28,37.4091,37.9807,37.3097,37.9186,2158900
2013-04-01,37.8564,37.8999,37.67,37.7197,1182000
2013-04-02,37.7508,38.0366,37.552,37.5955,1686900
2013-04-03,37.6079,37.8627,37.6017,37.7011,1442700
2013-04-04,37.757,38.0739,37.7135,38.0428,1325800
2013-04-05,37.844,38.105,37.813,38.0925,1019500
2013-04-08,38.0242,38.1982,37.844,38.1982,1027500
2013-04-09,38.1795,38.3783,37.9931,38.2044,1650500
2013-04-10,38.1547,38.4343,38.1547,38.3783,1298000
2013-04-11,38.397,38.5026,38.2789,38.3535,1044000
2013-04-12,38.2976,38.5958,38.2603,38.4653,1317500
2013-04-15,38.4218,38.5958,38.0677,38.0677,1402500
2013-04-16,38.1422,38.2976,37.8067,38.2292,1316000
2013-04-17,38.136,38.2479,37.9124,38.1112,1567900
2013-04-18,38.2603,38.3659,37.9869,38.1733,1457500
2013-04-19,38.2914,38.863,38.2354,38.8195,1429600
2013-04-22,38.8008,38.894,38.5958,38.7511,957900
2013-04-23,38.807,38.8816,38.515,38.8319,1001200
2013-04-24,38.9003,39.1426,38.6517,38.9997,1077200
2013-04-25,39.0307,39.1736,38.8692,39.1363,1179600
2013-04-26,39.0804,39.2855,38.9997,39.0431,919400
2013-04-29,39.1674,39.6458,39.068,39.534,1051000
2013-04-30,39.4532,39.5464,39.3414,39.5464,1174700
2013-05-01,39.5216,39.7825,39.3041,39.3414,1202700
2013-05-02,39.3414,39.5713,39.1488,39.534,1577600
2013-05-03,39.652,39.7328,39.155,39.5526,2068700
2013-05-06,39.4719,39.5588,38.9562,38.9686,2116400
2013-05-07,39.0929,39.2668,38.9562,39.1798,1977800
2013-05-08,39.0929,39.242,38.6393,38.6952,1309800
2013-05-09,38.7201,38.8195,38.0553,38.1795,4392000
2013-05-10,38.1857,38.2603,37.9807,38.2541,4312300
2013-05-13,38.1254,38.2007,37.8744,37.9309,1582200
2013-05-14,37.8744,38.1694,37.7865,37.9497,1953700
2013-05-15,37.887,38.4392,37.8493,38.0878,1738300
2013-05-16,38.0062,38.0815,37.705,37.7552,1425200
2013-05-17,37.7363,38.1568,37.7363,38.1505,1766900
2013-05-20,38.1505,38.32,37.9811,38.2196,1315400
2013-05-21,38.2447,38.4016,37.9309,38.2007,1240400
2013-05-22,38.1443,38.3827,37.3284,37.41,2024400
2013-05-23,37.2656,37.3033,36.6192,37.0334,1982700
2013-05-24,36.8828,37.0083,36.6318,36.8138,1389600
2013-05-28,36.8201,36.9519,36.5941,36.751,2261100
2013-05-29,36.5753,36.6381,35.6779,36.2364,2906100
2013-05-30,36.3494,36.7008,36.0921,36.1988,2489100
2013-05-31,36.1046,36.5251,35.8159,35.8159,2352000
2013-06-03,35.7783,35.9791,35.0377,35.7595,3715700
2013-06-04,35.7406,35.8034,35.2888,35.4519,2306200
2013-06-05,35.3641,35.8912,35.1444,35.7657,3124700
2013-06-06,35.7594,36.2301,35.4959,35.9791,2293700
2013-06-07,36.0293,36.2427,35.6967,36.0419,1433800
2013-06-10,36.0858,36.2113,35.8536,36.023,1211300
2013-06-11,35.8473,36.1799,35.7783,35.8661,1255600
2013-06-12,35.9791,36.0921,35.5147,35.6277,1409700
2013-06-13,35.6214,36.136,35.4582,36.1234,2033200
2013-06-14,36.3054,36.4749,36.1172,36.2866,2058600
2013-06-17,36.5628,36.8389,36.5502,36.7573,2537300
2013-06-18,36.7071,36.9958,36.4812,36.9958,1984100
2013-06-19,36.9079,36.9958,35.9415,35.9477,1736900
2013-06-20,35.772,35.8787,34.9561,35.0063,2500300
2013-06-21,35.2888,35.6716,34.8934,35.3892,3246400
2013-06-24,35.1319,35.5586,34.7804,35.3264,2418200
2013-06-25,35.4582,35.9289,35.2386,35.7908,1726200
2013-06-26,36.067,36.5314,36.023,36.4686,1947900
2013-06-27,36.5565,36.8514,36.3368,36.4247,1796100
2013-06-28,36.2803,36.6569,36.1046,36.5941,5112000
2013-07-01,36.7259,36.8263,35.9917,36.0921,1699600
2013-07-02,36.0418,36.3807,35.9728,36.1234,1531700
2013-07-03,36.0356,36.1423,35.885,36.0607,725500
2013-07-05,36.0607,36.0607,35.4959,35.8724,1236100
2013-07-08,36.0356,36.2364,35.8724,36.2301,1937800
2013-07-09,36.318,36.4184,36.136,36.3243,1632900
2013-07-10,36.318,36.4686,35.954,36.3243,1652800
2013-07-11,36.5879,36.9142,36.5879,36.9079,1582700
2013-07-12,36.8765,37.2029,36.6255,37.1527,1764200
2013-07-15,37.0711,37.7363,37.0334,37.6861,1591700
2013-07-16,37.6861,37.7426,37.3096,37.4916,1336300
2013-07-17,37.705,37.8054,37.3661,37.5104,1266900
2013-07-18,37.5732,37.8995,37.5355,37.7301,1625000
2013-07-19,37.8305,38.0313,37.6987,37.956,2353400
2013-07-22,37.7677,37.9309,37.6422,37.7363,1409200
2013-07-23,37.7551,38.0187,37.6359,37.9058,1153000
2013-07-24,37.8744,37.9623,37.297,37.4225,1031400
2013-07-25,37.3723,37.5543,37.115,37.2907,1842900
2013-07-26,37.2029,37.6234,37.0585,37.6108,1164800
2013-07-29,37.5041,37.9497,37.3912,37.8242,1434600
2013-07-30,37.9685,38.1003,37.7112,37.843,1077800
2013-07-31,37.8054,37.9309,37.4225,37.592,1573900
2013-08-01,37.7426,37.9434,37.5418,37.8618,1333800
2013-08-02,37.9497,38.0689,37.4602,37.8869,1404700
2013-08-05,37.774,37.8242,37.592,37.6736,940400
2013-08-06,37.7049,37.7175,37.4288,37.5292,1194800
2013-08-07,37.3723,38.0313,37.341,37.9936,1368600
2013-08-08,38.0187,38.1882,37.8493,38.025,5873600
2013-08-09,37.9685,38.1317,37.8116,37.843,4529100
2013-08-12,37.732,37.8462,37.3643,37.5862,1800200
2013-08-13,37.5735,37.5862,37.1741,37.2248,1598000
2013-08-14,37.1614,37.2121,36.7303,36.9268,1273400
2013-08-15,36.7746,36.9395,36.2864,36.3879,1765200
2013-08-16,36.2801,36.4386,35.7665,35.9123,2017400
2013-08-19,35.8933,35.9948,35.4939,35.57,1370000
2013-08-20,35.57,36.1787,35.57,35.7729,1455900
2013-08-21,35.6968,35.7221,35.2783,35.3354,1228800
2013-08-22,35.4178,35.7031,35.291,35.5383,3118800
2013-08-23,35.5953,36.0328,35.5066,35.8806,2175500
2013-08-26,35.8553,35.9884,35.6334,35.6334,1960700
2013-08-27,35.4305,35.9187,35.3797,35.7031,1735100
2013-08-28,35.6207,35.906,35.5192,35.7855,1445300
2013-08-29,35.6651,35.8046,35.5192,35.6334,1069300
2013-08-30,35.646,35.7982,35.4241,35.6524,1441300
2013-09-03,35.8299,35.8997,35.1134,35.1895,1506200
2013-09-04,35.291,35.3861,34.9549,35.2466,1614400
2013-09-05,35.2212,35.3354,34.9676,34.9676,1614000
2013-09-06,35.1515,35.6143,35.1515,35.2466,2581300
2013-09-09,35.2466,35.4622,35.1515,35.3988,1232700
2013-09-10,35.4749,35.5446,35.2656,35.4431,2190500
2013-09-11,35.2149,35.2973,34.7013,34.8725,2877100
2013-09-12,34.8788,35.031,34.5618,34.6379,1977500
2013-09-13,34.7013,34.9613,34.6316,34.7964,1377500
2013-09-16,35.291,35.4241,34.8725,34.9423,2208800
2013-09-17,35.0691,35.1832,34.9423,35.05,1401500
2013-09-18,35.2022,36.3181,34.974,36.1343,2683600
2013-09-19,36.185,36.3499,35.7665,35.8743,1404400
2013-09-20,35.8616,35.9314,35.3037,35.4875,3063800
2013-09-23,35.4051,35.9694,35.2149,35.7602,1464200
2013-09-24,35.6524,35.7919,35.5192,35.6714,1519200
2013-09-25,35.6397,35.7475,35.3544,35.3671,1069600
2013-09-26,35.348,35.5066,35.0817,35.2783,1348900
2013-09-27,35.1705,35.3163,34.8915,34.9676,1086600
2013-09-30,34.8725,35.1071,34.7584,34.9613,1854400
2013-10-01,34.9866,35.1452,34.8345,34.9803,1188600
2013-10-02,34.9233,35.0437,34.7013,34.9993,1553800
2013-10-03,34.8662,34.8725,34.4794,34.6379,2152400
2013-10-04,34.6316,34.7267,34.4794,34.5618,1642600
2013-10-07,34.4414,35.031,34.4414,34.7394,1959400
2013-10-08,34.8852,35.4939,34.8408,35.1388,3271400
2013-10-09,35.1895,35.8363,35.1388,35.3988,2633600
2013-10-10,35.4749,35.6651,34.8154,35.608,2882900
2013-10-11,35.6143,35.6968,35.4431,35.6714,1934900
2013-10-14,35.5066,35.6143,35.0627,35.4812,1960100
2013-10-15,35.3734,35.4812,35.0437,35.0691,1651300
2013-10-16,35.2276,35.4178,35.031,35.4115,2237100
2013-10-17,35.2973,36.0138,35.1008,35.9821,1696400
2013-10-18,36.0899,36.1786,35.8489,36.0518,3309100
2013-10-21,35.9123,36.0835,35.7221,35.9187,1691100
2013-10-22,35.9504,36.8571,35.9504,36.6859,3015200
2013-10-23,36.8951,37.5609,36.7746,36.9966,3040900
2013-10-24,37.1361,37.2121,36.7176,36.9141,1339900
2013-10-25,36.8698,37.1487,36.6288,37.1487,1367600
2013-10-28,37.0536,37.2819,36.9205,37.0409,6990800
2013-10-29,37.041,37.1741,36.8634,37.0663,1437600
2013-10-30,37.0409,37.3326,36.8698,36.8824,1250500
2013-10-31,36.9205,37.0473,36.4006,36.9141,1988200
2013-11-01,37.0473,37.1931,36.8507,37.0346,1283000
2013-11-04,37.1931,37.2502,36.8507,37.1804,1681300
2013-11-05,37.0853,37.5355,36.9839,36.9966,2113100
2013-11-06,37.1361,37.3009,37.0346,37.2946,2308800
2013-11-07,37.339,37.4911,36.9902,37.1234,7001800
2013-11-08,36.9215,36.9279,36.0373,36.6973,3434300
2013-11-11,36.6844,36.7677,36.4281,36.6204,1605000
2013-11-12,36.4922,36.5883,36.1142,36.4153,1673200
2013-11-13,36.2423,36.6268,36.0821,36.6075,1736000
2013-11-14,36.6972,37.0689,36.6139,36.8767,1282300
2013-11-15,36.8831,37.2932,36.787,37.2099,2188200
2013-11-18,37.165,37.3444,37.0561,37.306,1616400
2013-11-19,37.2163,37.3188,36.8575,37.0625,1328600
2013-11-20,36.8062,36.9856,36.4153,36.4858,2447100
2013-11-21,36.3256,36.3577,35.9155,36.0373,3242500
2013-11-22,35.9539,36.1398,35.813,35.8322,2018900
2013-11-25,35.8899,36.0565,35.7553,35.7938,1792400
2013-11-26,35.7553,35.7553,35.3132,35.358,2606300
2013-11-27,35.3388,35.4349,35.2427,35.3644,1296700
2013-11-29,35.3708,35.64,35.3324,35.3773,827400
2013-12-02,35.3772,35.5118,35.0505,35.2939,1687900
2013-12-03,35.294,35.4734,35.1209,35.4349,1421100
2013-12-04,35.2491,35.6272,35.0889,35.5951,1706900
2013-12-05,35.4734,35.6143,35.1337,35.217,1782400
2013-12-06,35.3644,35.8002,35.3196,35.7873,1549600
2013-12-09,35.7233,35.7873,35.2363,35.6015,2055700
2013-12-10,35.5054,35.5951,35.1209,35.1402,1855400
2013-12-11,35.1273,35.2235,34.8774,34.8967,1770900
2013-12-12,34.9415,35.1786,34.8134,34.8582,2058900
2013-12-13,34.9031,35.0505,34.7109,34.8134,1293300
2013-12-16,35.1273,35.2299,34.7877,34.98,2076200
2013-12-17,34.98,35.326,34.9479,35.0889,2769300
2013-12-18,35.0697,35.5631,34.7813,35.5054,2207200
2013-12-19,35.3837,35.3837,34.9287,35.1466,1439100
2013-12-20,35.1914,35.531,35.0505,35.0953,3893300
2013-12-23,35.2299,35.3388,34.9928,35.0953,2313900
2013-12-24,35.1402,35.6015,35.0377,35.3901,1298800
2013-12-26,35.3644,35.4606,35.1017,35.2363,1446400
2013-12-27,35.2427,35.4798,35.1466,35.2747,1048800
2013-12-30,35.3068,35.4606,35.2555,35.3901,1163100
2013-12-31,35.3452,35.6272,35.2427,35.4221,2072100
2014-01-02,35.3388,35.3388,34.5378,34.5763,3332700
2014-01-03,34.3328,34.4674,33.865,34.2495,3774100
2014-01-06,34.2175,34.3072,34.0316,34.1982,2207800
2014-01-07,34.1854,34.6275,34.0829,34.5699,3040800
2014-01-08,34.6019,34.6147,34.1534,34.2239,2233800
2014-01-09,34.2239,34.4609,34.0444,34.3328,2035900
2014-01-10,34.5378,35.0889,34.4866,34.8134,1908600
2014-01-13,34.7301,34.8134,34.4545,34.5506,1595900
2014-01-14,34.525,34.6724,34.4161,34.4609,1352500
2014-01-15,34.525,34.666,34.4289,34.493,1477300
2014-01-16,34.4866,34.5635,34.3072,34.5635,1828900
2014-01-17,34.7365,34.7429,34.525,34.5763,2127800
2014-01-21,34.6019,34.8582,34.6019,34.8518,2159900
2014-01-22,34.8775,34.9992,34.6596,34.7044,1733900
2014-01-23,34.5827,34.698,34.4033,34.5635,2407500
2014-01-24,34.4994,34.8903,34.3456,34.3777,2614400
2014-01-27,34.5827,34.5827,34.1854,34.2239,2905400
2014-01-28,34.2815,34.3456,34.0252,34.0444,2444400
2014-01-29,34.0124,34.2879,33.9676,34.1213,2292600
2014-01-30,34.3264,34.5955,34.179,34.5378,1504900
2014-01-31,34.2687,34.9223,34.2111,34.8646,3256400
2014-02-03,34.8903,35.3837,34.3584,34.4353,3375400
2014-02-04,34.4738,34.5699,34.1213,34.3392,2278100
2014-02-05,34.2303,34.3392,34.1213,34.211,2475300
2014-02-06,34.2623,34.5378,34.2174,34.4738,1390900
2014-02-07,34.6083,34.7301,34.4033,34.6147,2206200
2014-02-10,34.5369,34.8352,34.3619,34.8157,1935600
2014-02-11,34.8157,35.3863,34.7833,35.289,1954600
2014-02-12,35.1593,35.2047,34.887,35.0167,2183200
2014-02-13,35.0167,35.3474,34.9973,35.3474,1352100
2014-02-14,35.3344,35.7623,35.2371,35.7623,1621800
2014-02-18,35.9179,36.0476,35.7817,35.8336,1755300
2014-02-19,35.7299,35.9762,35.4576,35.49,1254700
2014-02-20,35.5224,35.9049,35.4511,35.8531,1859200
2014-02-21,35.8855,36.7478,35.8466,35.8466,5280500
2014-02-24,36.2161,36.6894,36.0994,36.1448,3135800
2014-02-25,36.6051,36.6051,36.3199,36.3782,2549600
2014-02-26,36.3523,36.4884,36.0476,36.1124,1850900
2014-02-27,36.1124,36.3004,35.9179,36.0281,2101900
2014-02-28,36.1448,36.482,36.1254,36.3393,1551200
2014-03-03,36.1383,36.3004,35.9309,35.9568,1869000
2014-03-04,36.2032,36.3069,35.9698,36.0865,1813700
2014-03-05,36.0476,36.1318,35.7882,35.8401,1456800
2014-03-06,36.0994,36.2096,35.8206,35.8466,2054700
2014-03-07,35.8012,35.9503,35.5354,35.9438,2094500
2014-03-10,35.9309,35.9957,35.7169,35.9698,1462600
2014-03-11,35.9892,36.0022,35.7364,35.7364,1107400
2014-03-12,35.7169,35.892,35.1269,35.4122,6746800
2014-03-13,35.0167,35.3668,34.4397,34.8092,6837800
2014-03-14,34.7898,35.5224,34.7833,35.4381,3612100
2014-03-17,35.4641,35.7493,35.1139,35.691,2854000
2014-03-18,35.6975,35.7493,35.2501,35.276,2269800
2014-03-19,35.2242,35.2436,34.0572,34.1544,5441800
2014-03-20,34.1414,34.2257,33.8627,34.2192,2723400
2014-03-21,34.498,34.5888,33.9923,34.0118,3983200
2014-03-24,34.0507,34.323,33.9923,34.1479,1999000
2014-03-25,34.2192,34.4591,34.0701,34.3878,2524000
2014-03-26,34.4786,34.6407,34.3813,34.4591,2098500
2014-03-27,34.3684,34.7833,34.3684,34.7703,2117300
2014-03-28,34.7638,34.8352,34.3813,34.4721,2178200
2014-03-31,34.6407,34.8676,34.4591,34.7833,2414500
2014-04-01,34.7314,34.7574,34.2776,34.4332,2421000
2014-04-02,34.6666,34.7833,34.297,34.7379,2359700
2014-04-03,34.8092,35.0621,34.725,34.7898,2754600
2014-04-04,34.8481,35.477,34.8481,35.2436,2977200
2014-04-07,35.2436,35.9309,35.2436,35.4965,3089900
2014-04-08,35.5419,36.0411,35.2761,36.0152,3385500
2014-04-09,35.9827,36.054,35.3992,35.8271,2790000
2014-04-10,35.9244,36.1902,35.7364,35.9179,2327600
2014-04-11,35.9244,36.1772,35.8401,36.0476,2112200
2014-04-14,36.1383,36.2875,35.892,36.2161,1864400
2014-04-15,36.2356,37.1627,36.2356,37.0784,3945600
2014-04-16,37.1368,37.3443,36.8321,37.3378,2593100
2014-04-17,37.2664,37.3442,36.5143,36.6311,2689700
2014-04-21,36.6635,37.0525,36.6116,36.858,2045600
2014-04-22,36.7996,36.9098,36.6311,36.858,1720100
2014-04-23,36.9293,37.1692,36.7218,36.7413,1585400
2014-04-24,36.7867,37.033,36.4625,36.9293,1373800
2014-04-25,36.9293,37.448,36.6311,37.435,1979200
2014-04-28,37.3767,37.7851,37.2989,37.7721,2233700
2014-04-29,37.8434,37.9731,37.5258,37.61,2335500
2014-04-30,37.6489,37.9148,37.6036,37.623,1691000
2014-05-01,37.6684,37.8435,37.3767,37.6554,2488300
2014-05-02,37.3442,37.5841,36.5338,36.8385,2715400
2014-05-05,36.8256,37.1044,36.6635,36.9747,2177400
2014-05-06,36.9812,37.247,36.9488,36.9747,1672600
2014-05-07,37.059,37.5323,37.0395,37.4739,1909400
2014-05-08,37.7916,37.8175,37.0395,37.221,4340000
2014-05-09,37.3961,37.5971,36.3782,36.4366,4227900
2014-05-12,36.4497,36.5611,35.8661,36.0038,4280800
2014-05-13,36.1481,36.2858,35.7022,35.9776,2468200
2014-05-14,36.0628,36.4497,35.9448,36.2267,2006000
2014-05-15,36.2071,36.4366,35.9054,36.0366,2819900
2014-05-16,36.0628,36.1874,35.8465,36.1809,2436400
2014-05-19,36.1349,36.1677,35.4989,35.6038,2991400
2014-05-20,35.6038,35.8268,35.1514,35.4596,3156900
2014-05-21,35.5317,35.5776,35.2039,35.3153,1822700
2014-05-22,35.3678,35.6104,35.335,35.5186,1383200
2014-05-23,35.5383,35.735,35.4465,35.4924,1440000
2014-05-27,35.7022,35.8464,35.5383,35.6694,1571900
2014-05-28,35.735,35.8202,35.6038,35.7481,1826800
2014-05-29,35.8596,35.8989,35.6038,35.8333,1639400
2014-05-30,35.8333,36.0956,35.7612,36.0694,1992400
2014-06-02,36.0628,36.2071,35.9383,36.0628,1468900
2014-06-03,36.0432,36.1874,35.9579,36.0628,1437900
2014-06-04,36.0038,36.2202,35.8399,36.2071,1824600
2014-06-05,36.1612,36.5611,36.0497,36.5415,1771400
2014-06-06,36.5021,36.5939,36.1677,36.2136,1609000
2014-06-09,36.1546,36.2399,35.8923,35.9973,1732000
2014-06-10,35.9251,36.2923,35.9251,36.1218,1819500
2014-06-11,36.0956,36.1546,35.794,35.8661,1610900
2014-06-12,35.8333,36.1349,35.4858,36.0563,1754700
2014-06-13,35.971,36.2858,35.8464,36.2071,1376600
2014-06-16,36.3054,36.7251,36.2267,36.4497,2596900
2014-06-17,36.43,36.489,36.194,36.4038,1655700
2014-06-18,36.4169,37.0464,36.2989,37.0332,2737100
2014-06-19,37.0398,37.4398,37.0201,37.3545,2678200
2014-06-20,37.4529,37.5053,37.1775,37.2037,2726400
2014-06-23,37.2758,37.4004,36.9546,37.1513,1407700
2014-06-24,37.125,37.2955,37.0726,37.1644,1580300
2014-06-25,37.1447,37.4201,37.0857,37.4004,1607400
2014-06-26,37.3021,37.5643,37.2103,37.5578,1633400
2014-06-27,37.4594,37.8332,37.3086,37.7348,2058600
2014-06-30,37.702,37.925,37.5447,37.8594,1971400
2014-07-01,37.866,37.8725,37.2824,37.4332,2326000
2014-07-02,37.3873,37.4463,36.4956,36.7316,4122200
2014-07-03,36.4759,36.7185,36.2464,36.7185,2182800
2014-07-07,36.7185,37.3283,36.7119,36.9873,3093300
2014-07-08,36.9021,37.3414,36.9021,37.1119,2628700
2014-07-09,37.1381,37.2037,36.7579,36.9808,1721700
2014-07-10,37.0004,37.2627,36.9087,37.1185,1400600
2014-07-11,37.1185,37.1644,36.7775,36.83,1187700
2014-07-14,36.8955,37.0463,36.6398,36.6791,1823700
2014-07-15,36.6792,36.9873,36.6595,36.9677,1394300
2014-07-16,37.0463,37.1775,36.83,37.1578,1134500
2014-07-17,37.0595,37.1906,36.9218,36.9218,1653300
2014-07-18,37.0398,37.3545,36.8169,37.3217,1788100
2014-07-21,37.2955,37.6037,37.2365,37.4988,1669700
2014-07-22,37.5053,37.6758,37.4726,37.6168,1161600
2014-07-23,37.5971,37.6365,37.4201,37.5381,1114800
2014-07-24,37.5381,37.6561,37.3873,37.5775,843700
2014-07-25,37.5381,37.6561,37.3086,37.3611,843900
2014-07-28,37.3873,37.8922,37.3348,37.8332,1663700
2014-07-29,37.8266,37.9315,37.5512,37.7676,1722500
2014-07-30,37.7348,37.7479,37.0595,37.2365,1924300
2014-07-31,37.0463,37.2299,36.7251,36.7775,2979300
2014-08-01,36.666,37.1644,36.6464,36.7775,1851600
2014-08-04,36.8365,36.8365,35.8989,36.5415,3455600
2014-08-05,36.3841,36.6005,36.0825,36.2136,1906800
2014-08-06,36.1218,36.1546,35.7874,35.9055,4961300
2014-08-07,36.1022,36.4431,36.0825,36.2857,2749200
2014-08-08,36.5808,37.3545,36.4824,37.3086,3468600
2014-08-11,37.3153,37.5142,37.1296,37.1495,2169800
2014-08-12,37.1495,37.3484,37.0699,37.1959,1293800
2014-08-13,37.2688,37.5009,37.1296,37.3749,1261400
2014-08-14,37.4213,37.5871,37.3816,37.5142,2270800
2014-08-15,37.607,37.9186,37.5606,37.7661,1797300
2014-08-18,37.8921,37.9518,37.6401,37.6932,1216600
2014-08-19,37.7131,38.0777,37.6202,38.0446,1515600
2014-08-20,38.1175,38.144,37.8589,38.1308,1391600
2014-08-21,38.2236,38.3429,38.0976,38.1772,1529400
2014-08-22,38.1706,38.2435,37.6799,37.912,1740900
2014-08-25,37.9849,38.1772,37.8788,38.0777,1257200
2014-08-26,38.0247,38.144,37.5539,37.5871,1511800
2014-08-27,37.7462,37.8921,37.6335,37.8855,1235600
2014-08-28,37.7794,38.2833,37.7197,38.2766,1492800
2014-08-29,38.1772,38.3894,38.091,38.3827,1648400
2014-09-02,38.3761,38.5021,37.7396,37.8987,1764400
2014-09-03,38.1308,38.396,37.9385,38.2833,1755900
2014-09-04,38.1374,38.2899,37.8722,38.1971,1672000
2014-09-05,38.1772,38.5352,38.0711,38.5352,2347200
2014-09-08,38.4689,38.522,37.9783,38.1905,1597600
2014-09-09,38.0777,38.1639,37.6799,37.7462,2066800
2014-09-10,37.7529,37.8192,37.5142,37.6799,1537000
2014-09-11,37.7197,38.0247,37.5805,37.9783,931000
2014-09-12,37.8258,37.9186,37.3153,37.4147,1796300
2014-09-15,37.6004,37.733,37.3617,37.4876,1517500
2014-09-16,37.5937,38.0446,37.5937,37.9518,1572300
2014-09-17,37.965,38.038,37.6004,37.8059,1753100
2014-09-18,37.7993,37.9385,37.4479,37.5473,1305000
2014-09-19,37.7065,37.9518,37.5937,37.8788,1709400
2014-09-22,37.733,37.9186,37.5539,37.7064,1603700
2014-09-23,37.6468,37.8523,37.5274,37.6269,1349900
2014-09-24,37.6667,37.7131,37.2954,37.481,1136900
2014-09-25,37.3882,37.554,37.2291,37.2291,1532000
2014-09-26,37.2357,37.4744,36.997,37.3617,1013900
2014-09-29,37.3153,37.5142,37.1628,37.481,1356500
2014-09-30,37.5606,37.8523,37.3285,37.5672,1977500
2014-10-01,37.7065,38.0247,37.6402,37.7529,2245300
2014-10-02,37.7794,37.9916,37.6335,37.66,1355400
2014-10-03,37.6733,37.912,37.3948,37.8125,1180400
2014-10-06,37.9253,38.0777,37.7462,37.9253,1363700
2014-10-07,37.8324,38.1838,37.7396,37.8855,2011200
2014-10-08,37.9186,38.9927,37.9054,38.9662,4043500
2014-10-09,38.933,39.2712,38.5485,38.5883,3741600
2014-10-10,38.7938,39.3773,38.7938,39.2049,3468400
2014-10-13,39.2182,40.0668,39.185,39.6624,5275800
2014-10-14,39.8348,41.194,39.7022,40.8227,6853300
2014-10-15,40.7431,41.1741,39.795,40.7497,5170100
2014-10-16,40.226,40.6768,39.9541,40.3917,4188200
2014-10-17,40.6702,40.6702,39.6491,40.2459,3856000
2014-10-20,40.279,40.7895,40.2724,40.7497,2701800
2014-10-21,40.458,40.5972,40.2591,40.4912,3477400
2014-10-22,40.4448,41.0746,40.3983,41.0415,3696800
2014-10-23,41.1476,41.3531,40.8161,41.1144,2310200
2014-10-24,41.1741,41.4857,41.0348,41.4393,1480800
2014-10-27,41.4393,41.7708,41.3531,41.5653,2103200
2014-10-28,41.6249,41.6979,41.2271,41.6912,1770300
2014-10-29,41.6714,41.7642,40.8956,41.2934,2723300
2014-10-30,41.4061,42.1421,41.3531,42.1288,2803200
2014-10-31,42.3941,42.4338,41.7708,42.0095,2521100
2014-11-03,41.9896,42.2681,41.9034,42.1686,1899700
2014-11-04,42.2283,42.4338,41.91,42.0228,1571900
2014-11-05,42.2283,42.9179,42.1289,42.8582,3655200
2014-11-06,42.7919,42.7919,41.8371,41.9366,4114000
2014-11-07,41.9567,42.6197,41.9299,42.5728,2726500
2014-11-10,42.4522,42.8139,42.3719,42.5058,2361800
2014-11-11,42.5125,42.7804,42.3585,42.4991,1721100
2014-11-12,42.1643,42.2513,41.5615,41.6888,3081400
2014-11-13,41.5548,42.0169,41.3941,41.5214,3369400
2014-11-14,41.6017,41.7959,41.3874,41.5415,1557400
2014-11-17,41.4745,42.0102,41.2401,41.883,2383600
2014-11-18,42.0839,42.3652,41.816,42.2111,2166800
2014-11-19,41.8093,41.9566,41.5414,41.749,2272100
2014-11-20,41.7289,41.9566,41.4678,41.6017,1843200
2014-11-21,41.8294,41.8361,41.3338,41.7691,2618000
2014-11-24,41.6888,41.8294,41.3874,41.4477,2188100
2014-11-25,41.6419,41.6687,41.153,41.2869,2565800
2014-11-26,41.5013,41.8763,41.4343,41.7424,1419500
2014-11-28,41.8763,42.412,41.7624,42.2915,1113800
2014-12-01,42.1442,43.2224,41.9366,42.7469,2896700
2014-12-02,42.7402,43.0282,42.5058,42.9813,2438400
2014-12-03,42.9679,42.988,42.5862,42.8139,2341500
2014-12-04,42.8675,43.0884,42.613,42.9076,1631800
2014-12-05,42.5862,42.834,42.1107,42.3652,2250300
2014-12-08,42.3652,42.9344,42.3049,42.8005,1506900
2014-12-09,42.6732,42.9947,42.5259,42.8942,1767100
2014-12-10,42.8474,43.1822,42.4522,42.4723,1390000
2014-12-11,42.479,43.2559,42.479,43.1487,1796800
2014-12-12,42.9813,43.5171,42.8875,42.9344,1985800
2014-12-15,43.1286,43.1286,42.5862,42.8942,2663300
2014-12-16,42.9411,43.5639,42.613,42.9545,2759300
2014-12-17,42.8607,43.4032,42.6732,43.3831,3116400
2014-12-18,43.3965,43.9055,43.2291,43.9055,2653400
2014-12-19,43.9591,44.2403,43.7113,43.9925,3543400
2014-12-22,44.2336,44.3743,43.7916,44.16,1636200
2014-12-23,44.1935,44.3944,44.0595,44.2069,1591000
2014-12-24,44.2336,44.9502,44.2202,44.8096,1236700
2014-12-26,44.9234,45.64,44.8163,45.3788,2086700
2014-12-29,45.3185,46.1557,45.3185,45.8744,2461900
2014-12-30,45.8074,45.8074,44.7158,44.8096,1916000
2014-12-31,44.9234,45.1511,44.1667,44.2069,2058000
2015-01-02,44.2671,44.5216,43.8519,44.4278,1689900
2015-01-05,44.3609,44.5082,43.7715,44.0059,2465000
2015-01-06,44.0327,44.8966,43.9859,44.2537,3203600
2015-01-07,44.381,45.0975,44.026,44.91,2173500
2015-01-08,45.044,45.3855,44.9167,45.1913,2025600
2015-01-09,45.2784,45.3052,44.6355,44.9569,1355300
2015-01-12,45.0574,45.1243,44.5015,44.8029,1428000
2015-01-13,44.7426,45.3855,44.4145,44.7158,2535600
2015-01-14,44.4345,45.2315,44.3341,45.198,2381600
2015-01-15,45.265,45.9012,45.0574,45.7873,1800200
2015-01-16,45.9414,46.3097,45.8878,46.2762,1920600
2015-01-20,46.3767,46.9124,46.303,46.8723,2597700
2015-01-21,46.7852,47.2875,46.4637,47.1803,2250000
2015-01-22,47.321,47.5152,46.6981,46.9124,1990800
2015-01-23,47.0799,47.3277,46.9593,47.1267,1408900
2015-01-26,47.12,47.1669,46.6445,47.1535,1444600
2015-01-27,47.1334,47.6558,47.0598,47.4683,1746500
2015-01-28,47.5018,48.3858,47.3076,47.4482,2404200
2015-01-29,47.408,47.9103,46.9794,47.8165,2101500
2015-01-30,47.6491,47.7027,46.3566,46.3968,5384900
2015-02-02,46.3968,46.6713,45.707,46.5173,2680800
2015-02-03,46.4169,46.5307,45.9749,46.2025,3078200
2015-02-04,46.1021,46.3901,45.5931,45.6936,2353300
2015-02-05,45.9548,46.149,45.5061,46.082,1488400
2015-02-06,45.8409,45.928,44.5685,44.7158,4040800
2015-02-09,44.7158,44.9837,44.0863,44.2269,2852600
2015-02-10,44.1533,44.9703,44.1466,44.8699,2342000
2015-02-11,44.6221,44.6689,43.939,44.16,2989300
2015-02-12,44.2068,44.3073,43.7715,43.939,3100100
2015-02-13,43.9322,43.9931,42.85,43.2355,3402800
2015-02-17,43.1002,43.8037,42.7485,43.1679,3654800
2015-02-18,43.3911,44.3448,43.1611,44.2434,2326400
2015-02-19,44.2704,44.3719,43.5399,43.8307,2532900
2015-02-20,43.3979,43.824,42.1871,43.1205,5134700
2015-02-23,43.3302,43.4858,42.9446,43.4722,2700800
2015-02-24,43.5331,44.6424,43.4993,44.1419,3250900
2015-02-25,44.2095,44.2163,43.0867,43.1476,1979300
2015-02-26,43.1611,43.3573,42.6132,42.6538,1832900
2015-02-27,42.6741,42.9041,42.4712,42.7079,1634900
2015-03-02,42.6538,42.6606,41.6054,41.8151,2562100
2015-03-03,41.8218,42.1533,41.4769,42.0518,1754700
2015-03-04,42.018,42.018,41.7271,41.8489,1261100
2015-03-05,41.9977,42.2683,41.8083,42.1533,1185200
2015-03-06,41.5242,41.5242,40.3608,40.5705,3635500
2015-03-09,40.584,41.0101,40.584,40.8681,1578000
2015-03-10,40.8208,41.301,40.6314,40.6381,2520400
2015-03-11,40.7464,40.7937,40.2526,40.3946,2007700
2015-03-12,40.584,41.7068,40.584,41.531,2768400
2015-03-13,41.5174,41.5174,40.7666,41.1522,2289300
2015-03-16,41.443,42.0653,41.443,41.7474,2598400
2015-03-17,41.7948,41.903,41.2875,41.3754,1686200
2015-03-18,41.3822,42.39,41.0237,41.9977,4258800
2015-03-19,41.8015,41.9368,41.0643,41.1522,3767800
2015-03-20,41.4025,41.788,41.1454,41.5783,4196400
2015-03-23,41.5783,41.9706,41.4904,41.6189,1538300
2015-03-24,41.5242,41.8692,41.0846,41.1793,1730200
2015-03-25,41.2739,41.5986,40.9628,40.9763,2194600
2015-03-26,40.9898,41.2131,39.6709,39.7723,5895200
2015-03-27,40.2052,40.9831,40.1782,40.4487,4757200
2015-03-30,40.4826,41.1725,40.4284,41.1184,2895500
2015-03-31,41.1184,41.6324,40.9763,41.2604,2435000
2015-04-01,41.2401,41.5445,40.7937,41.3619,2218100
2015-04-02,41.3078,41.4904,41.1387,41.2266,1985700
2015-04-06,41.2875,41.9098,41.2875,41.6324,1602100
2015-04-07,41.5986,41.7339,40.9425,40.9831,1321200
2015-04-08,41.0237,41.1251,40.6381,40.9899,1567200
2015-04-09,40.929,40.9493,40.5231,40.7599,1714800
2015-04-10,40.929,41.3889,40.8072,41.1657,1155400
2015-04-13,41.1995,41.3348,40.8613,40.8952,861200
2015-04-14,40.9966,41.3078,40.9222,41.1387,942700
2015-04-15,41.1319,41.5445,41.0507,41.0981,1143700
2015-04-16,41.0507,41.2807,40.6855,41.1995,1756600
2015-04-17,41.0778,41.5851,41.0034,41.2198,2314600
2015-04-20,41.3619,42.1194,41.3483,41.8015,1591000
2015-04-21,41.8015,42.2344,41.3957,41.5783,1944100
2015-04-22,41.5513,41.8151,41.2739,41.6933,1867800
2015-04-23,41.646,42.2074,41.5513,42.0045,1570100
2015-04-24,41.9233,42.6335,41.788,42.275,1416100
2015-04-27,42.3697,42.3697,41.5716,41.7271,1541600
2015-04-28,41.5986,42.1262,41.3551,42.1194,1751900
2015-04-29,41.8556,42.1059,41.5716,41.9909,1988800
2015-04-30,41.9368,41.9368,41.2063,41.6324,3625600
2015-05-01,41.6121,41.788,41.3348,41.7068,2065700
2015-05-04,41.6933,42.3021,41.5716,42.0045,1791900
2015-05-05,41.8286,41.903,40.9763,41.1387,2245300
2015-05-06,41.159,41.3687,40.8208,41.3281,2780100
2015-05-07,41.3416,41.9098,41.2469,41.4228,2598600
2015-05-08,41.9098,42.1262,41.1048,41.3145,3377400
2015-05-11,41.2807,41.8151,41.2198,41.6054,3338300
2015-05-12,41.4025,41.5377,40.9899,41.3484,2521700
2015-05-13,41.4769,41.6324,40.6043,40.7464,2651500
2015-05-14,41.0305,41.4025,40.9087,41.3281,1842900
2015-05-15,41.4701,41.8083,41.3213,41.5783,2119200
2015-05-18,41.469,41.968,41.4006,41.7356,2494700
2015-05-19,41.551,41.9612,41.3732,41.7971,1572100
2015-05-20,41.8108,42.1936,41.7151,41.9612,1495800
2015-05-21,41.9612,42.1252,41.7424,41.9543,1237300
2015-05-22,41.8108,41.9543,41.5442,41.7971,1146300
2015-05-26,41.8039,41.8518,41.3869,41.7492,1576000
2015-05-27,41.7492,42.0364,41.5647,41.9338,1899500
2015-05-28,41.9612,42.2825,41.9201,42.2551,2051500
2015-05-29,42.2756,42.5012,42.0569,42.2756,2401300
2015-06-01,42.2961,42.5081,42.1321,42.1868,1193800
2015-06-02,42.05,42.05,41.3527,41.7629,2460600
2015-06-03,41.6262,41.6672,40.6965,40.8605,2535100
2015-06-04,40.6759,41.0724,40.6759,40.8058,1690900
2015-06-05,40.5734,40.6144,40.006,40.0675,3746700
2015-06-08,40.2589,40.5255,39.9444,40.0128,3324100
2015-06-09,40.0538,40.3341,39.2198,39.9513,6655900
2015-06-10,40.2794,40.423,39.295,39.4796,4933900
2015-06-11,39.7599,39.9376,39.5343,39.6778,2239600
2015-06-12,39.5548,39.712,39.3224,39.336,1302100
2015-06-15,39.5685,39.5685,39.0284,39.1104,2527700
2015-06-16,39.0421,39.3702,38.8712,39.336,1713500
2015-06-17,39.2608,39.8624,39.2608,39.8146,2038500
2015-06-18,39.8487,40.5734,39.8487,40.4709,3151900
2015-06-19,40.5119,40.7238,40.2999,40.3273,2581600
2015-06-22,40.3068,40.4367,40.0333,40.1427,1685100
2015-06-23,40.0402,40.0949,39.5548,39.6983,1691400
2015-06-24,39.671,39.8761,39.4112,39.5411,1768200
2015-06-25,39.63,39.6437,39.2403,39.3087,2648700
2015-06-26,39.2745,39.8282,39.0831,39.7189,1984200
2015-06-29,39.8624,40.2658,39.7257,39.7394,2371900
2015-06-30,39.8487,39.9239,39.3907,39.5685,2623000
2015-07-01,39.5206,39.8898,39.4523,39.8419,1852100
2015-07-02,40.0402,40.5324,40.0402,40.4298,1878500
2015-07-06,40.4093,40.7853,40.2931,40.7443,2466200
2015-07-07,40.9015,42.0432,40.881,41.7561,4826800
2015-07-08,41.7629,42.1184,41.5373,41.8586,2545500
2015-07-09,41.8928,41.9612,41.1408,41.3527,1868700
2015-07-10,41.3049,42.009,41.1545,41.5715,2058900
2015-07-13,41.6945,41.9543,41.3254,41.4895,1924400
2015-07-14,41.4689,41.7561,41.1955,41.3049,2156000
2015-07-15,41.3049,41.5578,41.0724,41.5578,1191800
2015-07-16,41.6877,42.2551,41.5852,42.1936,1600000
2015-07-17,42.0432,42.1389,41.7698,41.9065,2103600
2015-07-20,41.8381,41.9885,41.6125,41.9748,1746500
2015-07-21,41.8996,42.0364,41.5647,42.0295,2779300
2015-07-22,42.0295,42.5969,41.9201,42.5217,2745800
2015-07-23,42.426,42.5012,41.3459,41.8039,2788000
2015-07-24,41.7424,41.8176,41.3664,41.633,2507300
2015-07-27,41.7014,42.4329,41.633,42.1252,2332200
2015-07-28,42.0706,42.3577,41.9407,42.3167,1705000
2015-07-29,42.2961,42.7268,41.9065,42.6174,3255100
2015-07-30,42.4807,43.3079,42.3918,43.1712,1904100
2015-07-31,43.4788,43.8616,43.3831,43.472,2135500
2015-08-03,43.554,43.9368,43.4105,43.6087,1570000
2015-08-04,43.513,43.5609,43.137,43.2327,1987200
2015-08-05,43.3421,43.4993,43.1028,43.3489,1328800
2015-08-06,43.3284,43.5677,42.8225,43.5609,2837400
2015-08-07,43.2737,44.6752,43.1917,44.5384,3463300
2015-08-10,44.6136,45.1127,44.3675,44.5384,2583800
2015-08-11,44.5795,45.3383,44.4633,45.017,2350300
2015-08-12,44.8598,45.7758,44.7777,45.5297,3134900
2015-08-13,45.3246,45.8852,44.9555,45.7485,1944100
2015-08-14,45.5776,46.0561,45.3793,46.0219,2067400
2015-08-17,46.1807,46.2842,45.8079,46.0495,1666200
2015-08-18,45.9736,46.0219,45.7251,45.9115,1684100
2015-08-19,45.7665,46.2704,45.518,46.16,1471500
2015-08-20,45.9184,46.4637,45.801,46.1255,1760700
2015-08-21,45.9874,46.2497,45.5801,45.6008,2162000
2015-08-24,44.4688,45.2005,43.4885,43.7439,4069300
2015-08-25,44.0339,44.6551,42.9018,42.9363,2833500
2015-08-26,43.3919,43.9717,42.9432,43.8199,2412700
2015-08-27,44.0615,44.2686,43.6128,44.1098,2381400
2015-08-28,43.8337,44.1305,43.2677,43.9027,2392400
2015-08-31,43.7647,43.8406,42.9363,43.4264,2222300
2015-09-01,42.9087,43.026,42.2391,42.5083,2342000
2015-09-02,42.8673,42.8673,42.0803,42.5566,1430200
2015-09-03,42.7016,42.9501,42.5359,42.7154,1270000
2015-09-04,42.3703,42.5497,41.7559,42.0113,1816400
2015-09-08,42.3979,43.0536,42.3841,43.0329,1818100
2015-09-09,43.1503,43.316,42.246,42.315,1987200
2015-09-10,42.3634,42.8535,42.3012,42.5014,1641400
2015-09-11,42.3565,43.0813,42.3219,43.0675,1426800
2015-09-14,43.0813,43.4057,42.9777,43.24,1293900
2015-09-15,43.4609,43.4609,42.7706,43.2538,1238800
2015-09-16,43.2676,44.0477,43.1779,43.8682,1725600
2015-09-17,43.9096,45.0831,43.7578,44.5309,1969100
2015-09-18,44.2617,45.5594,44.2548,44.9036,4469400
2015-09-21,45.0072,45.3247,44.6758,44.8898,2175200
2015-09-22,44.6482,45.0072,44.5654,44.8622,1958700
2015-09-23,44.8415,45.4145,44.6551,45.235,1818300
2015-09-24,45.1314,45.6837,45.1314,45.5249,2465700
2015-09-25,45.6077,46.1255,45.3937,45.7389,2349400
2015-09-28,45.732,46.0426,45.3592,45.4352,2101400
2015-09-29,45.5249,45.6285,45.0486,45.4904,2212800
2015-09-30,45.6561,46.229,45.4214,46.1462,2051300
2015-10-01,46.2014,46.2428,45.1176,45.304,2596800
2015-10-02,45.7527,46.1531,45.3454,46.0012,2008800
2015-10-05,46.1324,46.3878,45.6699,46.3049,1795200
2015-10-06,46.1531,46.2359,45.1798,45.3178,3434500
2015-10-07,45.3385,45.4214,44.7794,45.1521,2872000
2015-10-08,45.0072,45.7665,44.8829,45.7458,1646200
2015-10-09,45.7044,45.8839,45.1314,45.1659,1655500
2015-10-12,45.1797,45.7389,45.1107,45.4006,1321700
2015-10-13,45.4076,45.5387,45.1245,45.2419,1605500
2015-10-14,45.3592,45.4766,45.0969,45.2005,1676400
2015-10-15,45.3454,45.9805,45.1521,45.8839,1564900
2015-10-16,46.1324,46.5603,46.0357,46.2635,1826200
2015-10-19,45.9805,46.2014,45.4904,46.2014,2251000
2015-10-20,46.0426,46.4982,46.0012,46.3602,1390500
2015-10-21,46.5327,46.7536,46.16,46.229,981600
2015-10-22,46.3809,46.8986,46.2566,46.7881,1215900
2015-10-23,46.657,46.8641,46.1255,46.2773,1677000
2015-10-26,46.3671,46.4154,45.8356,46.2773,1582500
2015-10-27,46.2014,46.5604,46.0633,46.4223,1548100
2015-10-28,46.4154,46.5534,45.1866,45.8424,1973400
2015-10-29,45.5939,45.7527,44.7518,45.1038,1891800
2015-10-30,45.2695,45.6215,45.1038,45.3869,3539800
2015-11-02,45.4076,45.5525,44.8691,45.2764,2015300
2015-11-03,45.166,45.3385,44.7725,45.3109,1638600
2015-11-04,45.38,45.7734,45.235,45.5042,1937900
2015-11-05,45.3661,45.6906,45.0141,45.1107,2256900
2015-11-06,44.1374,44.31,42.4738,42.7637,8174000
2015-11-09,42.4945,42.9846,42.2391,42.7499,2295900
2015-11-10,42.8397,43.53,42.8397,43.2608,1857900
2015-11-11,43.2677,43.5438,43.1572,43.4333,1884200
2015-11-12,43.4195,43.7785,42.9087,43.171,1588500
2015-11-13,43.1434,43.4816,42.6257,42.7361,2009900
2015-11-16,42.7361,43.7756,42.7152,43.7546,1682900
2015-11-17,43.7407,44.1802,43.371,43.5733,2087600
2015-11-18,43.5454,43.8453,43.1338,43.8104,1734500
2015-11-19,43.9779,44.3337,43.8035,44.0825,2708300
2015-11-20,44.243,44.522,43.936,44.1662,1393300
2015-11-23,44.2081,44.4174,43.7965,43.8244,1391600
2015-11-24,43.5802,43.7686,43.2105,43.4965,1580000
2015-11-25,43.5035,43.5593,43.1547,43.2733,913000
2015-11-27,43.3012,43.5454,43.2733,43.3989,549900
2015-11-30,43.4407,43.6709,43.2872,43.357,1685200
2015-12-01,43.5175,43.7128,43.2593,43.664,1130300
2015-12-02,43.4616,43.65,42.8408,42.8826,1299300
2015-12-03,42.7501,42.7501,42.0664,42.2059,2938800
2015-12-04,42.3594,43.3709,42.3594,43.357,2217500
2015-12-07,43.357,43.8174,43.1477,43.7965,1756400
2015-12-08,43.7128,44.3825,43.4547,44.2779,2281000
2015-12-09,44.1453,44.6057,43.6779,43.9639,2852700
2015-12-10,43.8593,43.943,42.5268,42.6594,2782200
2015-12-11,42.4989,42.8617,42.0804,42.4222,2043300
2015-12-14,42.7082,43.2872,42.6036,43.2803,2375200
2015-12-15,43.4407,44.1035,43.4058,43.7198,1975800
2015-12-16,43.9221,44.8569,43.8663,44.8011,2168900
2015-12-17,44.7662,45.1499,44.4313,44.8011,1847100
2015-12-18,44.6685,44.7522,43.9151,44.1523,3135800
2015-12-21,44.3197,44.522,43.9779,44.236,1538300
2015-12-22,44.2709,44.5639,43.8314,44.4383,1336200
2015-12-23,44.5848,45.2406,44.4592,45.1987,1276900
2015-12-24,45.0871,45.2894,45.0522,45.1708,536800
2015-12-28,44.9476,45.4359,44.7662,45.408,1082500
2015-12-29,45.408,45.8056,45.2894,45.4429,1228600
2015-12-30,45.4429,45.708,45.3522,45.5196,773000
2015-12-31,45.4778,45.5196,44.5081,44.8359,1183300
2016-01-04,44.543,44.9406,44.2779,44.9267,1687600
2016-01-05,44.9545,45.4638,44.3546,45.2824,1516600
2016-01-06,44.9615,45.6731,44.7871,45.4987,1681100
2016-01-07,45.0243,46.0149,44.9964,45.8475,3372900
2016-01-08,45.9173,46.6009,45.8475,46.3428,5463900
2016-01-11,46.4544,47.0544,46.1614,46.2591,4280400
2016-01-12,46.287,46.5242,45.4219,45.694,3140100
2016-01-13,45.8196,46.7335,45.7568,46.5172,3214900
2016-01-14,46.4335,47.4311,46.0986,47.173,3882800
2016-01-15,46.3986,47.3474,46.3916,47.2148,3838600
2016-01-19,47.4381,48.3171,47.1939,48.1845,3372100
2016-01-20,47.8985,48.1706,47.2497,47.6125,3398500
2016-01-21,47.6125,48.1217,46.1824,47.2218,4585700
2016-01-22,47.5915,47.6613,46.5102,47.4171,3143700
2016-01-25,47.5567,47.5985,47.0753,47.3055,2131300
2016-01-26,47.3823,48.2334,47.2079,47.4311,2111600
2016-01-27,47.3474,47.8846,47.0753,47.6683,1604000
2016-01-28,47.6055,48.5752,47.1939,48.2403,1423400
2016-01-29,48.624,48.9728,48.2822,48.4078,3791200
2016-02-01,48.4217,49.3984,48.1915,49.1263,2574500
2016-02-02,48.9449,49.6844,48.7496,49.6146,1720700
2016-02-03,49.7123,50.4448,49.6844,49.9983,1955500
2016-02-04,49.8309,50.1239,49.3426,49.9007,1751200
2016-02-05,49.6774,50.396,48.931,50.2565,2529300
2016-02-08,50.3262,51.0308,50.2076,50.982,2855600
2016-02-09,51.0099,51.554,50.7308,51.3517,2597300
2016-02-10,51.268,51.4145,50.1867,51.1982,2016200
2016-02-11,51.1982,51.4005,50.2843,50.3332,2489200
2016-02-12,50.5656,50.6993,49.115,49.798,3244200
2016-02-16,49.9318,50.0515,49.2417,49.9741,2660100
2016-02-17,49.5797,49.798,48.8263,49.2699,3257400
2016-02-18,49.3122,50.6853,49.1854,50.2135,2799200
2016-02-19,49.9952,50.4247,49.0657,49.9037,3049500
2016-02-22,49.9952,50.474,49.5164,50.4036,1801900
2016-02-23,50.4036,50.9176,50.0445,50.7346,1789600
2016-02-24,50.5374,50.981,50.129,50.3966,1829800
2016-02-25,50.467,51.0444,50.298,51.0162,1413400
2016-02-26,50.5937,50.9317,49.4107,49.5375,2195200
2016-02-29,49.4248,49.8051,49.2981,49.2981,2643600
2016-03-01,49.5445,49.8755,48.8685,49.1361,2445000
2016-03-02,49.1361,49.6783,48.1925,49.5023,2519000
2016-03-03,49.6502,49.7347,48.7981,49.7347,2054900
2016-03-04,49.4671,50.3262,49.2629,50.2698,1667300
2016-03-07,50.2135,50.5304,49.9811,50.4811,1335100
2016-03-08,50.4459,51.3683,50.2416,51.319,1819500
2016-03-09,51.1289,51.8894,51.1289,51.2134,2103400
2016-03-10,51.4106,51.7204,50.9951,51.4458,1297800
2016-03-11,51.5725,51.9316,51.3965,51.5936,1286800
2016-03-14,51.5021,51.8964,51.2697,51.7345,1320900
2016-03-15,51.8612,52.1851,51.7415,52.0372,1706200
2016-03-16,52.1147,52.4809,51.0937,52.4175,2001200
2016-03-17,52.4457,53.2343,52.2274,53.1498,2440300
2016-03-18,53.3188,53.6075,52.7132,52.9879,4544300
2016-03-21,52.7132,53.0724,52.1922,52.6358,1512300
2016-03-22,52.8822,53.0935,52.4316,52.502,1594700
2016-03-23,52.6217,53.4174,52.2555,53.0583,1643700
2016-03-24,53.0301,53.4597,52.8541,53.2062,1229100
2016-03-28,53.2061,53.685,52.9597,53.1991,1370600
2016-03-29,53.2062,54.0089,53.1006,53.9667,1474200
2016-03-30,53.9174,54.199,53.5582,53.854,1330100
2016-03-31,53.9033,54.2342,53.5653,53.9526,2722400
2016-04-01,53.9455,54.3821,53.6075,54.2131,1804100
2016-04-04,54.2201,54.3328,53.5793,54.1286,1381500
2016-04-05,54.0723,54.1779,53.2414,53.3259,2972600
2016-04-06,53.2132,53.2695,52.7766,53.1005,1614400
2016-04-07,53.0301,53.7132,53.009,53.4949,1534900
2016-04-08,53.6287,53.9948,53.4808,53.5442,1011200
2016-04-11,53.5653,53.8892,53.1498,53.2202,1025900
2016-04-12,53.1709,53.5934,52.9949,53.5512,1312500
2016-04-13,53.523,53.523,52.6076,52.9879,1587000
2016-04-14,52.8963,53.1287,52.7132,53.009,1313200
2016-04-15,53.0301,53.4948,52.9104,53.4103,1157900
2016-04-18,53.4104,53.4104,52.6217,53.354,1564100
2016-04-19,53.3118,53.5371,52.9104,53.523,1433600
2016-04-20,53.4667,53.5864,51.5936,51.7274,2182700
2016-04-21,51.5936,51.8471,49.8051,50.0656,3751300
2016-04-22,50.298,50.6782,50.129,50.4036,1677200
2016-04-25,50.3191,50.974,50.2135,50.8754,1713300
2016-04-26,50.8824,51.15,50.6641,50.7275,1606100
2016-04-27,50.9247,51.9316,50.8472,51.7697,1727700
2016-04-28,51.4669,52.2907,51.2063,52.2907,1695200
2016-04-29,51.988,52.5513,51.481,52.5302,1998600
2016-05-02,52.5724,53.3399,52.3682,53.0935,1687500
2016-05-03,53.1428,53.4456,52.7625,52.9667,1574600
2016-05-04,52.8893,53.9737,52.847,53.6779,1609100
2016-05-05,53.4808,54.0511,52.8893,53.2202,2006100
2016-05-06,53.1076,53.1146,51.3049,52.2203,3679700
2016-05-09,52.3189,52.6851,51.9387,52.3541,1908200
2016-05-10,51.5866,52.6358,51.5162,51.9739,4320800
2016-05-11,51.8964,52.671,51.664,52.4104,9233600
2016-05-12,52.4597,52.9667,51.9598,52.7837,3060800
2016-05-13,52.7555,52.8963,52.3682,52.5442,1900300
2016-05-16,52.4163,52.594,51.9048,52.5869,1887800
2016-05-17,52.4305,52.5087,51.045,51.3576,2798000
2016-05-18,51.1516,51.585,50.3274,50.5476,3047200
2016-05-19,50.5121,51.0592,49.9579,51.0379,2109600
2016-05-20,51.2084,51.3221,50.7111,51.2724,2172000
2016-05-23,51.4003,51.4429,50.8958,50.9455,1600600
2016-05-24,50.9811,51.3719,50.8318,51.2582,1526700
2016-05-25,51.1374,51.1942,50.7324,51.0095,1740000
2016-05-26,51.0663,51.7484,51.0592,51.6774,1144400
2016-05-27,51.8195,51.9403,51.379,51.6845,1131200
2016-05-31,51.4855,52.1535,51.379,52.054,2849500
2016-06-01,52.0753,52.3524,51.9403,52.3311,1736900
2016-06-02,52.2671,52.395,51.8266,52.324,1691300
2016-06-03,52.7361,53.809,52.7361,53.539,2244900
2016-06-06,53.404,53.6811,52.999,53.3187,1879200
2016-06-07,53.34,53.5816,52.9137,53.0416,1690000
2016-06-08,53.0416,53.6243,52.9706,53.5745,1215800
2016-06-09,53.5816,54.4769,53.5816,54.3845,1585900
2016-06-10,54.413,54.9174,54.3419,54.8109,2902500
2016-06-13,54.8109,55.0951,54.5622,54.8677,2285500
2016-06-14,54.8464,55.5996,54.5551,55.5996,2396600
2016-06-15,55.5996,55.7061,54.6972,54.9316,2117700
2016-06-16,54.9885,55.6564,54.9388,55.3864,2442300
2016-06-17,55.3225,55.4788,54.6901,55.3082,3858000
2016-06-20,55.3864,55.4006,54.2638,54.8251,2107500
2016-06-21,54.9743,55.088,54.5977,54.8322,1364600
2016-06-22,54.8961,55.0027,54.6474,54.8251,1281500
2016-06-23,54.7895,54.7895,54.214,54.6119,1574000
2016-06-24,54.5835,56.0401,54.3774,55.7133,4230800
2016-06-27,55.7559,56.8998,55.5925,56.6512,3556000
2016-06-28,56.5233,56.5446,55.6422,56.2746,2514000
2016-06-29,56.2888,56.6014,55.8198,56.1822,1882800
2016-06-30,56.2604,57.1556,56.0685,57.1556,2222100
2016-07-01,57.4185,57.5393,56.4451,57.2054,1573800
2016-07-05,57.3546,58.1788,57.2054,58.0296,2148300
2016-07-06,57.7099,58.0083,57.2196,57.9443,1783700
2016-07-07,57.7454,57.8022,56.644,56.8359,2367100
2016-07-08,56.6654,57.1414,56.168,57.113,2334600
2016-07-11,56.7932,57.184,56.1964,56.9851,2440500
2016-07-12,56.6014,56.7435,55.9406,55.969,2406200
2016-07-13,56.239,56.5304,55.9904,56.4309,2069600
2016-07-14,55.9761,56.3172,55.8624,56.2177,1660800
2016-07-15,56.2319,56.5019,55.8482,56.239,1753300
2016-07-18,56.4451,56.6156,56.0401,56.1751,1578100
2016-07-19,56.1964,56.3669,55.898,56.2106,999300
2016-07-20,56.2106,56.3243,55.7559,56.0685,1576200
2016-07-21,56.0685,56.7648,55.6635,56.7648,1921600
2016-07-22,56.6938,57.7454,56.6938,57.6814,1866400
2016-07-25,57.6672,57.7454,57.2835,57.6885,1290000
2016-07-26,57.6957,57.6957,56.8714,57.1628,1255000
2016-07-27,57.0206,57.0704,55.6422,56.438,2809500
2016-07-28,56.438,56.8856,56.2177,56.7577,922500
2016-07-29,56.6867,57.447,56.5233,56.8998,2338500
2016-08-01,56.637,57.2764,56.6156,57.1699,1364100
2016-08-02,56.978,57.1343,56.5872,56.9283,1121500
2016-08-03,56.8714,56.978,55.8127,56.0614,1589600
2016-08-04,56.1538,56.4167,55.7985,55.9832,1360500
2016-08-05,55.7417,55.8767,55.1804,55.2443,1965600
2016-08-08,55.3011,55.6848,55.0169,55.1732,1363900
2016-08-09,55.2585,55.6493,54.9956,55.4859,1429100
2016-08-10,55.6493,55.7701,55.4077,55.5925,1376500
2016-08-11,55.4858,55.7203,55.3153,55.699,1427700
2016-08-12,55.9406,56.1467,55.7203,55.9832,1819500
2016-08-15,55.8972,56.0907,54.5285,54.636,3167700
2016-08-16,54.507,54.5428,53.8047,53.8047,2199300
2016-08-17,53.7474,54.7865,53.0952,54.7363,2404900
2016-08-18,54.5858,55.5461,54.5858,55.4529,2718600
2016-08-19,55.2093,55.2379,54.4138,54.8223,1860600
2016-08-22,55.0158,55.281,54.8008,55.0015,931100
2016-08-23,54.9585,55.3168,54.7936,54.7936,814900
2016-08-24,54.6288,54.8223,54.1988,54.6933,1290700
2016-08-25,54.7506,55.1018,54.5572,54.7865,1221900
2016-08-26,54.8223,55.1305,53.5252,53.5825,1126800
2016-08-29,53.8262,54.2203,53.6542,53.9265,1857400
2016-08-30,53.7975,54.1558,53.432,53.4607,1218400
2016-08-31,53.518,53.948,53.2529,53.9265,2252000
2016-09-01,53.8549,53.9265,53.5395,53.6614,1023600
2016-09-02,53.6685,54.3923,53.5037,54.1415,1625900
2016-09-06,54.163,54.7865,54.1487,54.6646,1160700
2016-09-07,54.6073,54.6718,54.2275,54.4712,1171300
2016-09-08,54.3278,54.6575,54.077,54.3708,1484800
2016-09-09,53.6614,53.9193,52.2639,52.2783,3302900
2016-09-12,52.3141,53.4894,52.3141,53.3532,2496700
2016-09-13,53.3747,53.3819,52.3857,52.4789,1658500
2016-09-14,52.9949,53.4894,52.7512,53.1239,2025400
2016-09-15,53.1454,53.5467,52.8802,53.432,1404100
2016-09-16,53.3245,54.0125,53.174,53.9695,2897800
2016-09-19,53.9623,54.7865,53.9623,54.7506,1755200
2016-09-20,54.9155,55.0588,54.722,54.851,2458400
2016-09-21,54.7936,55.9617,54.722,55.9402,2023500
2016-09-22,56.1552,56.6139,56.0764,56.5064,1928000
2016-09-23,56.3272,56.6282,56.0764,56.3845,1239100
2016-09-26,56.4061,56.6067,56.1194,56.3702,1526100
2016-09-27,56.7214,57.0009,55.6966,55.7897,1679900
2016-09-28,55.8399,55.9259,55.023,55.3024,1719300
2016-09-29,55.1161,55.1519,54.4496,54.8438,1639700
2016-09-30,55.0301,55.2594,53.5969,53.9623,2978900
2016-10-03,53.8549,53.8979,52.9662,53.2027,1937300
2016-10-04,53.1167,53.1167,51.877,52.1493,2553600
2016-10-05,52.1851,52.6079,51.6978,51.9558,2341900
2016-10-06,51.7766,52.1923,51.4398,51.834,2003400
2016-10-07,52.1708,52.7154,51.619,51.619,2096600
2016-10-10,51.5903,51.9701,51.3753,51.7408,1340100
2016-10-11,51.533,51.834,51.1316,51.3538,2069900
2016-10-12,51.4255,51.8125,51.361,51.6476,1675900
2016-10-13,51.7623,52.7441,51.6691,52.2711,1583400
2016-10-14,52.0633,52.5864,51.7121,51.9486,1288200
2016-10-17,52.1206,52.4001,52.0776,52.3141,1164500
2016-10-18,52.6151,52.8014,51.877,52.4861,1670300
2016-10-19,52.5004,52.8802,52.2424,52.6294,1486900
2016-10-20,52.6939,53.2099,52.5578,52.7584,989400
2016-10-21,52.4717,52.7082,52.2639,52.4359,1054100
2016-10-24,52.7512,52.8301,52.1134,52.4359,1268400
2016-10-25,52.4001,52.8372,52.2783,52.7799,1273500
2016-10-26,52.7226,53.0307,52.5147,52.9447,965600
2016-10-27,52.7226,52.9734,52.3213,52.6509,1256300
2016-10-28,52.7512,53.2099,52.6796,53.0235,1108900
2016-10-31,53.1884,54.4855,53.0737,54.1415,2506900
2016-11-01,54.0913,54.0913,52.9519,53.0666,1635300
2016-11-02,53.0522,53.131,52.2854,52.9017,1870100
2016-11-03,52.7584,53.2314,52.4932,52.9376,1517000
2016-11-04,53.9408,54.0412,52.7512,52.8516,1841700
2016-11-07,52.9877,53.4249,52.2281,53.4177,1728700
2016-11-08,53.5467,54.1917,53.4679,53.9838,1361400
2016-11-09,52.2783,52.6079,51.7049,51.7838,2983300
2016-11-10,51.6333,51.6333,49.4404,50.6587,3992800
2016-11-11,50.6587,51.3251,50.3577,50.5153,2107000
2016-11-14,50.1753,50.5153,49.7484,50.32,2446400
2016-11-15,50.5877,51.3908,50.5805,51.058,2560900
2016-11-16,51.2461,51.3691,50.2115,50.5298,1722600
2016-11-17,50.3634,50.9422,50.3417,50.6745,1152700
2016-11-18,50.6383,50.8843,50.1102,50.3055,1777200
2016-11-21,50.4719,50.7541,50.2476,50.7179,1612800
2016-11-22,50.812,51.058,50.3851,50.8771,1396300
2016-11-23,50.4864,50.9133,50.2259,50.32,1388900
2016-11-25,50.5732,51.2967,50.4647,51.1231,930200
2016-11-28,51.2099,52.6208,51.2099,52.5629,2065800
2016-11-29,52.4037,52.9753,52.3603,52.5629,1988300
2016-11-30,51.8538,51.9334,50.4647,50.4792,3847100
2016-12-01,50.1464,50.4936,50.0017,50.2621,1959300
2016-12-02,50.7107,51.0435,50.1247,50.4213,1551100
2016-12-05,50.1464,50.472,49.8136,50.443,2048400
2016-12-06,50.6239,50.6383,49.9655,50.0306,1446200
2016-12-07,50.197,50.9494,50.197,50.9422,1416900
2016-12-08,50.566,51.1593,50.1608,51.0652,1269400
2016-12-09,51.1231,51.7453,50.935,51.6874,1775800
2016-12-12,51.6368,52.8088,51.5644,52.6858,1787900
2016-12-13,52.7221,53.1996,52.6497,53.0187,2068300
2016-12-14,53.1344,53.4745,51.4053,51.521,2129400
2016-12-15,51.4776,51.9841,51.1882,51.9117,1658000
2016-12-16,51.9407,53.0766,51.9407,52.5846,3048400
2016-12-19,52.8378,53.1489,52.4905,52.845,1151900
2016-12-20,52.8306,53.4456,52.6425,53.1344,1626500
2016-12-21,53.1345,53.4383,52.8885,52.9029,729400
2016-12-22,52.8957,53.2791,52.6714,53.1779,1187300
2016-12-23,53.2864,53.4094,53.0259,53.2719,482600
2016-12-27,53.1851,53.489,53.0042,53.3587,724100
2016-12-28,53.337,53.337,52.7727,52.8668,873400
2016-12-29,52.9319,53.6409,52.9246,53.5902,1111400
2016-12-30,53.5975,53.7567,53.1127,53.3081,1139000
2017-01-03,53.337,53.3515,52.628,53.2719,1699600
2017-01-04,53.337,53.6843,53.0332,53.2213,1259600
2017-01-05,53.2068,53.5324,52.7944,53.337,1802900
2017-01-06,53.0259,53.5541,52.9391,53.4962,914600
2017-01-09,53.612,53.612,52.6063,52.6425,1479300
2017-01-10,52.5484,52.6859,52.1939,52.5556,1124200
2017-01-11,52.5484,52.9391,52.3892,52.8378,1288800
2017-01-12,52.8233,53.3515,52.4544,53.2647,1493100
2017-01-13,53.1345,53.2864,52.8451,53.2502,1179900
2017-01-17,53.46,54.0027,53.3008,53.9737,1601900
2017-01-18,53.7422,54.1401,53.6264,53.8507,1455500
2017-01-19,53.5034,53.6481,53.0042,53.1706,1395500
2017-01-20,53.1127,53.3949,52.6642,52.874,2034800
2017-01-23,53.0115,53.1996,52.5991,52.7872,1527100
2017-01-24,52.6859,52.8957,52.4833,52.6642,1544100
2017-01-25,52.4688,52.6497,52.1866,52.628,1990900
2017-01-26,52.4616,53.1923,52.4616,52.8306,1451300
2017-01-27,53.0259,53.1851,52.7582,52.9029,1488300
2017-01-30,53.0621,53.2213,52.6786,53.0042,1595100
2017-01-31,53.1345,53.9376,53.0621,53.7929,2991000
2017-02-01,53.4094,53.5541,52.8523,53.0549,1766300
2017-02-02,53.1562,53.9014,52.9391,53.8797,1488000
2017-02-03,53.9014,54.0461,53.4962,53.6843,2302100
2017-02-06,53.9375,54.075,53.5758,53.7567,1758300
2017-02-07,53.7639,53.9737,53.6626,53.9086,831900
2017-02-08,53.9882,54.4874,53.9882,54.444,1121600
2017-02-09,54.3572,54.5815,53.7277,53.8218,1801900
2017-02-10,53.7494,54.2342,53.6698,54.0822,1321700
2017-02-13,54.2502,54.3889,53.7755,54.294,1695200
2017-02-14,54.1407,54.2575,53.593,53.812,1254300
2017-02-15,53.4615,53.8632,53.2644,53.8194,1616700
2017-02-16,53.8047,54.3962,53.6952,54.2502,2953000
2017-02-17,54.0969,54.0969,53.038,53.6733,2768800
2017-02-21,53.6733,54.535,53.4688,54.4182,1854700
2017-02-22,54.4182,54.8344,54.1845,54.776,2410800
2017-02-23,54.9805,55.4916,54.8198,55.4332,1438000
2017-02-24,55.6815,56.0539,55.55,55.9444,1609700
2017-02-27,55.9444,56.0174,55.6377,55.8422,1239000
2017-02-28,55.7107,56.4044,55.6888,56.2584,1727500
2017-03-01,55.4332,56.1635,55.1995,55.6304,1780800
2017-03-02,55.477,56.5943,55.3456,56.3679,2164800
2017-03-03,56.4555,56.4555,55.6377,55.9882,1525700
2017-03-06,55.9882,56.2438,55.8203,55.9663,1328500
2017-03-07,55.8568,56.127,55.7837,55.9663,1088200
2017-03-08,55.5427,55.5646,55.0754,55.1411,1201600
2017-03-09,55.236,55.4989,54.849,54.8636,1776900
2017-03-10,55.1484,55.5135,55.0462,55.4843,1145100
2017-03-13,55.4843,55.7034,55.3456,55.7034,1414100
2017-03-14,55.6742,55.9152,55.5208,55.8056,1203100
2017-03-15,55.9882,57.0398,55.8567,56.6965,1547200
2017-03-16,56.4775,56.682,55.6377,55.7326,1892200
2017-03-17,55.8859,56.2949,55.791,55.9955,2989100
2017-03-20,56.1489,56.2657,55.4551,55.5647,1060900
2017-03-21,55.572,56.6454,55.5354,56.4775,1603000
2017-03-22,56.7038,57.2223,56.6016,57.0397,2040300
2017-03-23,56.9594,57.456,56.7111,56.8791,1270900
2017-03-24,56.8791,57.4414,56.7842,57.2588,1130200
2017-03-27,57.3392,57.6751,57.0617,57.3611,1783800
2017-03-28,57.2004,57.4195,57.0397,57.3464,1241400
2017-03-29,57.1566,57.3099,56.7769,57.0909,1260800
2017-03-30,56.9521,56.9594,56.5505,56.7696,827100
2017-03-31,56.6819,57.0178,56.4409,56.7111,1300400
2017-04-03,56.7769,56.8353,56.3314,56.8353,2192100
2017-04-04,56.7404,57.1639,56.5943,56.9302,1130200
2017-04-05,56.8572,57.4049,56.66,57.3464,1291300
2017-04-06,57.2296,57.3246,56.9448,57.2004,1010500
2017-04-07,57.4633,57.5144,56.8134,56.828,1988500
2017-04-10,56.8645,57.069,56.6235,56.9667,932900
2017-04-11,56.8645,57.0251,56.4555,56.8864,1733100
2017-04-12,56.6892,57.3903,56.5505,57.383,2095600
2017-04-13,57.3099,57.5582,56.9229,57.3464,1578800
2017-04-17,57.4049,57.5947,57.3026,57.5947,1307300
2017-04-18,57.6093,57.9014,57.4414,57.7554,1549000
2017-04-19,57.6093,57.7408,57.3757,57.529,1700200
2017-04-20,57.529,57.529,56.8134,57.1639,1836400
2017-04-21,57.1347,57.8868,57.1201,57.7554,2137300
2017-04-24,57.7919,58.0548,57.3757,57.9818,1744600
2017-04-25,57.6897,58.0402,57.5948,57.9818,1146000
2017-04-26,57.9233,58.2081,57.7554,57.7919,1099000
2017-04-27,57.8138,58.493,57.7043,58.1132,1495300
2017-04-28,57.9745,58.1132,57.6751,57.8941,2890300
2017-05-01,57.9087,58.0183,57.5217,57.5801,1284300
2017-05-02,57.7116,57.9306,57.5217,57.8795,1386700
2017-05-03,57.8722,57.9453,57.4779,57.5144,1495800
2017-05-04,57.2953,57.7554,57.2661,57.602,1598400
2017-05-05,58.0037,58.5733,57.697,58.2812,1650300
2017-05-08,57.8941,58.2593,57.7481,57.9745,1168700
2017-05-09,57.8942,57.9599,57.4633,57.5509,1472400
2017-05-10,57.6532,57.9526,57.5363,57.7189,1489200
2017-05-11,57.6897,58.0329,57.4852,58.0256,1337800
2017-05-12,58.1717,58.4784,58.0621,58.3469,1282900
2017-05-15,58.4574,58.7005,58.2438,58.6415,1506700
2017-05-16,58.6637,58.7299,58.288,58.2953,1288600
2017-05-17,58.2953,58.8331,58.1628,58.4574,1748100
2017-05-18,58.5311,58.9951,58.2143,58.8699,1613500
2017-05-19,58.9288,59.2087,58.5826,59.2014,1337900
2017-05-22,59.0025,59.7907,59.0025,59.6286,1366300
2017-05-23,59.6654,60.1221,59.6065,59.8938,1788800
2017-05-24,59.8717,60.1148,59.798,59.9969,1626900
2017-05-25,60.0927,60.5199,59.8938,60.4315,1341800
2017-05-26,60.4757,60.6967,60.2916,60.4757,1123200
2017-05-30,60.4315,60.6893,60.3063,60.5494,1173700
2017-05-31,60.6304,61.3228,60.5641,60.984,1924600
2017-06-01,60.9692,61.4701,60.763,61.4554,1467000
2017-06-02,61.7942,61.8679,61.3302,61.5291,918800
2017-06-05,61.4259,61.4996,61.1534,61.1755,855600
2017-06-06,61.3228,61.3817,60.925,61.065,1173700
2017-06-07,61.2418,61.8384,61.0355,61.6985,1599800
2017-06-08,61.6985,61.6985,60.7556,61.1681,1617300
2017-06-09,60.9177,61.3965,60.8735,61.3228,1412600
2017-06-12,61.3228,61.6837,60.8661,61.3596,1546100
2017-06-13,61.0208,61.1976,60.7777,61.0503,1687300
2017-06-14,61.5512,61.8605,61.3154,61.5733,1312100
2017-06-15,61.6911,62.0668,61.1902,62.0668,1907800
2017-06-16,62.2436,62.6413,62.1331,62.5014,2975700
2017-06-19,62.4056,62.4351,62.0962,62.4277,1687200
2017-06-20,62.4645,62.7076,62.4056,62.5824,1283000
2017-06-21,62.6413,62.7076,62.1331,62.354,1135000
2017-06-22,62.2215,62.5087,61.9931,62.0226,1154600
2017-06-23,61.9784,62.2804,61.6764,61.7574,1347100
2017-06-26,61.809,62.3025,61.6764,61.9047,1387900
2017-06-27,61.5512,61.7132,60.7851,60.8956,1566000
2017-06-28,61.146,61.1828,60.2621,60.2694,1627100
2017-06-29,59.8128,60.0117,59.4224,59.5402,2111700
2017-06-30,59.636,59.9232,59.5181,59.5328,1943400
2017-07-03,59.7685,59.8717,59.3487,59.3487,929600
2017-07-05,59.3708,59.4592,59.0541,59.275,1551500
2017-07-06,59.194,59.3708,58.9583,59.2161,1200200
2017-07-07,59.3119,59.5918,59.1351,59.3192,1345700
2017-07-10,59.3782,59.6065,59.2014,59.2014,1314300
2017-07-11,59.3045,59.4076,58.9583,59.2308,1060000
2017-07-12,59.6507,59.8275,59.5328,59.7465,1233400
2017-07-13,59.5918,59.6802,59.1572,59.1719,1512200
2017-07-14,59.5918,59.8275,59.3708,59.4665,837100
2017-07-17,59.5255,59.7538,59.2898,59.7465,885500
2017-07-18,59.798,59.9675,59.6949,59.8201,1104300
2017-07-19,60.0117,60.2179,59.7317,60.2179,988100
2017-07-20,60.402,60.7114,60.1663,60.704,969500
2017-07-21,60.7114,61.1239,60.5788,61.0871,1628600
2017-07-24,61.0724,61.1239,60.2695,60.5052,1601600
2017-07-25,60.4978,60.5346,59.8422,60.0411,1326200
2017-07-26,59.9601,60.4831,59.8422,60.4831,1294300
2017-07-27,60.3578,60.623,60.0706,60.6157,1653700
2017-07-28,60.6009,60.763,60.2326,60.6819,2203700
2017-07-31,60.7041,61.1092,60.5125,61.0355,2909000
2017-08-01,61.0945,61.205,60.6746,60.9471,1694300
2017-08-02,60.7261,61.0134,60.5125,60.9177,1804300
2017-08-03,60.7777,61.2271,60.7188,61.2271,2194400
2017-08-04,60.6599,61.5954,60.6599,60.9913,1396100
2017-08-07,60.9987,61.507,60.8735,61.507,1267200
2017-08-08,61.4259,61.9636,61.3596,61.9194,1386400
2017-08-09,61.4701,61.9931,61.2418,61.3302,2978300
2017-08-10,61.3744,61.7648,61.0061,61.6101,1430500
2017-08-11,61.6395,61.75,60.7777,61.0429,1546900
2017-08-14,61.1617,61.4886,60.9389,61.3177,1566400
2017-08-15,61.0503,61.7857,61.0503,61.6891,1047700
2017-08-16,61.704,62.0457,61.6,61.9788,872600
2017-08-17,61.9937,62.1348,61.5851,61.6668,1044700
2017-08-18,61.6223,62.4468,61.4589,62.0457,2024000
2017-08-21,62.1645,62.3428,61.8822,62.2091,937300
2017-08-22,62.2165,62.3428,61.8822,62.3428,1084900
2017-08-23,62.3725,62.6102,62.1274,62.5879,825900
2017-08-24,62.5731,62.7959,62.4171,62.5656,845800
2017-08-25,62.7216,63.041,62.6176,62.7513,778600
2017-08-28,62.8851,62.9593,62.5805,62.833,825300
2017-08-29,62.9816,63.0782,62.6696,62.7068,1070900
2017-08-30,62.6325,62.6622,62.3874,62.4542,708900
2017-08-31,62.4542,62.677,62.2982,62.5953,1328900
2017-09-01,62.7216,62.7587,62.2165,62.3873,853800
2017-09-05,62.4913,62.6993,62.3205,62.6696,1130100
2017-09-06,62.781,62.7885,62.2611,62.4319,1414900
2017-09-07,62.6028,63.0262,62.4245,62.9445,1658200
2017-09-08,62.9444,63.6427,62.8107,63.5313,1505500
2017-09-11,63.4718,63.9992,63.301,63.9175,1109800
2017-09-12,63.8804,63.8878,62.3279,62.5508,1614000
2017-09-13,62.5136,62.6028,62.1942,62.2165,1424400
2017-09-14,62.1719,62.7736,61.9788,62.7736,1531300
2017-09-15,62.937,63.0559,62.5434,62.7216,2472200
2017-09-18,62.7959,62.8033,61.6,62.0754,1271300
2017-09-19,62.1497,62.1794,61.8005,61.9565,1305200
2017-09-20,62.0976,62.1942,61.1246,61.3549,1431700
2017-09-21,61.3846,61.7485,61.132,61.2286,1086100
2017-09-22,61.4663,61.4663,60.5972,60.6046,1140700
2017-09-25,60.7012,61.1692,60.5452,61.0875,1354800
2017-09-26,60.3149,61.0132,60.3149,60.7903,1505300
2017-09-27,60.3966,60.6492,59.5499,59.8841,1496900
2017-09-28,59.7578,60.1515,59.4384,59.951,1619500
2017-09-29,59.9287,60.0847,59.6316,59.9287,1848500
2017-10-02,60.0847,60.6641,59.899,60.2481,1973700
2017-10-03,60.1961,60.211,59.6167,60.0921,1181100
2017-10-04,60.1441,60.7532,59.8841,60.7458,1136700
2017-10-05,60.7532,60.8572,60.4115,60.7384,1444600
2017-10-06,60.4115,60.7235,60.2332,60.5824,1095700
2017-10-09,60.6567,60.8424,60.4784,60.5304,1224300
2017-10-10,60.5749,61.2137,60.4635,61.2063,1557100
2017-10-11,61.0578,61.7486,61.0578,61.5331,1352500
2017-10-12,61.5034,62.0754,61.5034,62.0457,1227900
2017-10-13,62.2165,62.4616,61.6,61.7114,1558500
2017-10-16,61.6668,61.9342,61.1172,61.5406,1582800
2017-10-17,61.6668,62.1348,61.3994,62.0679,1144400
2017-10-18,61.9417,62.3131,61.6297,62.2314,1530700
2017-10-19,62.3279,63.0336,62.2165,63.0187,1320800
2017-10-20,62.833,63.197,62.7662,63.0336,1358200
2017-10-23,63.041,63.2713,62.7885,63.2119,1611100
2017-10-24,63.5015,63.7244,63.2416,63.7021,1950200
2017-10-25,63.3827,63.4644,62.5731,63.3827,1637300
2017-10-26,63.6872,63.9695,63.2861,63.509,1354900
2017-10-27,63.3604,64.1255,63.3456,63.8209,1125200
2017-10-30,63.7318,63.8878,63.5461,63.8061,1490500
2017-10-31,63.7392,64.0215,63.6575,63.9175,1398500
2017-11-01,63.769,64.2741,63.3381,63.7318,1305300
2017-11-02,63.9101,64.4895,63.6798,64.4746,1690100
2017-11-03,64.4746,65.054,64.2072,64.6529,1629400
2017-11-06,64.6974,64.8014,64.0809,64.1181,1372600
2017-11-07,64.2815,65.1431,63.9695,65.1357,1487400
2017-11-08,65.0614,65.4254,64.8015,65.262,1799400
2017-11-09,65.054,65.4254,64.8906,65.1134,1134700
2017-11-10,64.7494,64.9426,64.4895,64.7643,1578200
2017-11-13,64.95,65.8562,64.9203,65.5962,1370100
2017-11-14,65.5064,66.6369,65.3866,66.5994,1583900
2017-11-15,66.7192,67.0635,65.8807,65.8957,1311900
2017-11-16,65.9331,65.978,65.2593,65.4016,2826300
2017-11-17,65.192,65.4016,64.5481,64.7802,3068900
2017-11-20,64.8775,65.1246,64.2786,64.3834,2553500
2017-11-21,64.5182,65.0197,64.2786,64.7428,3014600
2017-11-22,64.8176,64.9,64.593,64.8775,1024500
2017-11-24,65.0198,65.3192,64.9075,65.0572,603900
2017-11-27,65.1321,65.6636,64.9973,65.5064,1140800
2017-11-28,65.746,65.9855,65.6262,65.8657,1365300
2017-11-29,65.6112,66.5171,65.484,66.1802,1474300
2017-11-30,66.285,66.7866,66.0903,66.6593,2608700
2017-12-01,66.8839,67.0561,66.1053,66.4946,1803800
2017-12-04,66.3898,66.824,66.1053,66.2401,1374500
2017-12-05,66.3823,66.3823,65.3566,65.8957,2147100
2017-12-06,66.0529,66.3673,65.8732,66.2326,1088600
2017-12-07,66.2775,66.2775,65.8283,66.2476,1107500
2017-12-08,66.1053,66.5919,65.9406,66.5695,1628700
2017-12-11,66.4646,67.1534,66.2326,67.1235,1923900
2017-12-12,67.0261,67.116,65.9107,65.9481,1729400
2017-12-13,66.2251,66.4871,65.6561,65.8657,2109300
2017-12-14,65.8508,66.023,65.0797,65.5738,1596100
2017-12-15,65.7609,66.3449,65.7235,66.0604,3595300
2017-12-18,66.0379,66.0828,65.192,65.3716,2190500
2017-12-19,65.3791,65.4765,64.0241,64.054,1415000
2017-12-20,64.0091,64.2786,63.5375,63.5674,1244300
2017-12-21,63.4102,63.7695,63.1481,63.4776,1461300
2017-12-22,63.6348,63.7396,63.3877,63.4476,968700
2017-12-26,63.4626,63.7246,63.0209,63.0359,701400
2017-12-27,63.2305,63.4551,63.0882,63.3802,743300
2017-12-28,63.5,63.7246,63.4327,63.7022,815400
2017-12-29,63.9118,63.9716,63.5,63.5973,1346800
2018-01-02,63.4476,63.5899,62.3097,62.5717,1998200
2018-01-03,62.4369,62.8712,61.7332,61.9803,1884300
2018-01-04,61.8904,62.0027,61.0295,61.2541,2289700
2018-01-05,61.4712,61.5386,60.6627,61.1942,1748700
2018-01-08,61.2915,62.0701,61.0819,62.0551,1848100
2018-01-09,61.8905,61.9803,61.1568,61.3964,1712900
2018-01-10,61.022,61.2241,60.4231,60.5803,1461200
2018-01-11,60.6701,60.8498,59.9514,60.1835,1513600
2018-01-12,59.9964,60.0338,59.2777,59.5097,1899700
2018-01-16,59.637,59.7868,58.821,59.1579,2754200
2018-01-17,59.3151,59.5472,59.0306,59.3451,1951600
2018-01-18,59.0606,59.1878,58.2221,58.6039,2487700
2018-01-19,58.7237,59.0905,58.4616,58.5964,2584100
2018-01-22,58.8285,59.4349,58.6713,58.7911,3095700
2018-01-23,58.9033,59.9964,58.9033,59.637,2066000
2018-01-24,59.5397,59.6295,59.2028,59.4573,1773800
2018-01-25,59.4574,60.2734,59.4574,60.176,2728000
2018-01-26,60.2733,60.3482,59.3675,60.191,2505200
2018-01-29,59.36,59.914,59.2253,59.2402,3332500
2018-01-30,59.2702,59.8242,59.1803,59.5846,2082400
2018-01-31,59.6595,60.1985,59.1729,60.1611,3505400
2018-02-01,60.1835,60.3782,58.821,58.9558,2924600
2018-02-02,58.7536,59.1729,58.3119,58.3643,2621600
2018-02-05,58.3044,58.9333,57.6082,57.7429,2953000
2018-02-06,56.9718,57.4435,55.8264,56.8071,3234400
2018-02-07,56.7398,57.3537,56.3355,56.343,2643100
2018-02-08,56.2981,57.4285,55.9237,55.9462,3054800
2018-02-09,56.1109,58.02,56.0959,57.5633,2788800
2018-02-12,57.6606,58.2445,57.174,57.9451,2442900
2018-02-13,57.7297,58.3342,57.2537,58.2058,2193000
2018-02-14,57.6617,57.9337,57.2386,57.3443,2825400
2018-02-15,57.3443,58.3569,57.1706,58.2662,2234000
2018-02-16,58.0622,58.9236,57.2386,58.7649,3347100
2018-02-20,58.6138,58.8858,57.3443,57.6995,2512100
2018-02-21,57.7373,58.236,57.0194,57.027,2210000
2018-02-22,57.2083,57.8128,57.0345,57.2688,1901600
2018-02-23,57.3293,58.7196,57.2461,58.6591,1422300
2018-02-26,58.7045,58.969,58.0471,58.1529,1774800
2018-02-27,58.2284,58.4702,57.163,57.1706,2417700
2018-02-28,57.3821,57.6088,56.5887,56.5887,1799400
2018-03-01,56.6039,57.4199,56.0447,56.362,2626700
2018-03-02,56.3167,56.9817,55.7122,56.1807,1723000
2018-03-05,56.1051,57.6844,55.9011,57.4955,2363400
2018-03-06,57.4199,57.4275,56.4603,56.7776,2266600
2018-03-07,56.6718,56.8607,56.0371,56.2789,1849400
2018-03-08,56.3696,56.9439,56.2487,56.9061,1739100
2018-03-09,56.9137,56.9514,56.4452,56.8532,1844700
2018-03-12,56.8985,57.3595,56.8154,57.1932,1764800
2018-03-13,57.3066,57.7373,56.8079,57.0421,2134100
2018-03-14,57.2386,57.7599,57.0119,57.4048,1679600
2018-03-15,57.5257,58.1226,57.3595,57.8657,1855500
2018-03-16,57.9715,58.6214,57.8506,58.5231,3479000
2018-03-19,58.5231,58.9312,57.9111,58.2209,2177100
2018-03-20,58.2436,58.5232,57.9262,58.1,1429500
2018-03-21,58.1302,58.6591,57.6768,57.9337,1440900
2018-03-22,57.9564,59.105,57.8733,58.0017,2187100
2018-03-23,58.1907,58.3342,56.9817,57.1101,1592700
2018-03-26,57.2386,57.8355,57.1403,57.7448,1526500
2018-03-27,57.7675,59.1805,57.5635,58.6516,2044500
2018-03-28,58.6667,58.916,58.2058,58.6062,1976200
2018-03-29,58.7423,59.241,58.6743,58.8934,1745300
2018-04-02,59.0672,59.2939,57.9337,58.236,1699500
2018-04-03,58.236,58.9463,58.0773,58.6818,2116100
2018-04-04,58.6365,59.4299,58.3191,59.1427,2431200
2018-04-05,59.1427,59.785,58.304,59.6112,2032300
2018-04-06,59.8077,59.989,59.1579,59.3619,1646100
2018-04-09,59.4601,59.785,59.1503,59.2863,2282600
2018-04-10,59.2561,59.3845,58.5307,58.6365,1892100
2018-04-11,58.5307,58.9161,58.3116,58.5685,1435100
2018-04-12,58.6818,58.7272,57.4804,57.6617,1838000
2018-04-13,57.7977,58.3191,57.7448,57.9489,1412100
2018-04-16,58.2209,58.8707,58.1453,58.78,1318000
2018-04-17,58.8405,59.4752,58.6138,59.2863,1336900
2018-04-18,59.3619,59.8379,58.9161,58.9463,1573900
2018-04-19,58.8481,59.2561,58.6289,59.0219,1574400
2018-04-20,59.0143,59.1956,58.3871,58.6365,1640200
2018-04-23,58.8027,59.0445,58.4854,58.7121,1451700
2018-04-24,58.8707,59.4828,58.5987,59.173,1441400
2018-04-25,58.9311,59.4752,58.7649,59.2334,1284900
2018-04-26,59.2788,60.0797,59.0143,60.0344,1238100
2018-04-27,59.8833,61.0394,59.853,60.7749,1551500
2018-04-30,60.9789,61.0696,60.4424,60.5482,1587500
2018-05-01,60.6313,60.6313,60.2611,60.4122,977500
2018-05-02,60.45,60.6086,59.7019,59.8832,1782000
2018-05-03,59.8757,59.9588,58.9463,59.6943,1322200
2018-05-04,59.6868,60.3366,59.4148,59.8832,1921300
2018-05-07,59.8304,59.989,59.1352,59.2108,1471900
2018-05-08,59.037,59.037,57.4955,57.6013,2204900
2018-05-09,57.6164,57.7071,56.5812,56.9968,2281900
2018-05-10,57.4275,57.8808,57.0421,57.8582,1928400
2018-05-11,57.8506,58.2284,57.7222,58.0547,1702700
2018-05-14,58.2133,58.3191,57.5484,57.9035,1886200
2018-05-15,57.5183,57.77,56.809,57.1293,1720700
2018-05-16,57.1294,57.2362,56.5192,56.87,1746500
2018-05-17,56.9844,57.0226,56.3361,56.3971,1361700
2018-05-18,56.5725,56.7861,55.9471,56.42,1728500
2018-05-21,56.5268,56.5268,55.97,56.3208,1410500
2018-05-22,56.2903,56.9158,56.1759,56.5497,1410700
2018-05-23,56.5954,57.3429,56.5191,57.2819,1941100
2018-05-24,57.3963,57.9455,57.2437,57.8768,1474900
2018-05-25,57.9607,58.2658,57.8539,57.8997,1474100
2018-05-29,57.8539,58.304,57.5946,57.9607,2012800
2018-05-30,57.8692,58.3192,57.6785,58.22,2287600
2018-05-31,58.2201,58.7235,57.8921,58.5252,2786200
2018-06-01,58.4794,58.4794,57.3734,57.6175,1590300
2018-06-04,57.8234,58.0141,57.0912,57.1675,1405400
2018-06-05,57.0531,57.1599,56.2674,56.4505,1970800
2018-06-06,56.42,56.5344,55.0776,55.2149,2162400
2018-06-07,55.192,56.0234,54.925,55.52,2286100
2018-06-08,55.6954,55.7945,55.2454,55.4894,1509600
2018-06-11,55.5352,55.6267,54.3453,54.4521,2385900
2018-06-12,54.3835,55.3598,54.2462,55.2835,2015900
2018-06-13,55.3979,55.642,54.9784,55.2454,2382300
2018-06-14,55.2988,55.9852,55.1844,55.8708,2323700
2018-06-15,55.8861,56.2751,55.3979,56.2369,3218700
2018-06-18,56.2522,56.6336,55.9929,56.3666,1769700
2018-06-19,56.4047,57.1751,56.4047,57.0988,2047100
2018-06-20,57.0836,57.2514,56.7098,57.2285,2559800
2018-06-21,57.1217,57.7929,56.9997,57.5489,1968700
2018-06-22,57.5565,57.9531,57.3658,57.7853,2427500
2018-06-25,57.9683,59.1659,57.9455,59.0514,1800700
2018-06-26,58.8836,59.4023,58.754,59.0972,1763000
2018-06-27,58.9752,59.5625,58.8303,59.4176,1423900
2018-06-28,59.6693,60.1879,59.3489,59.4481,1363800
2018-06-29,59.3871,59.9133,58.9294,59.4786,1961800
2018-07-02,59.4862,59.8218,59.1506,59.7532,1543900
2018-07-03,59.7608,60.2337,59.4633,59.8447,1008800
2018-07-05,59.9515,60.2489,59.654,60.2489,1734000
2018-07-06,60.2566,60.6913,60.1879,60.6379,1322700
2018-07-09,60.638,60.638,58.365,58.6243,2460900
2018-07-10,58.2735,59.6159,57.915,59.3871,2177200
2018-07-11,59.5091,60.371,59.4176,60.2795,2018100
2018-07-12,60.2871,60.5541,60.0964,60.4244,2095100
2018-07-13,60.5312,60.76,60.0888,60.6074,1412700
2018-07-16,60.4702,60.6227,60.1422,60.4091,1353400
2018-07-17,60.5769,60.6074,60.1727,60.2261,1375100
2018-07-18,60.3176,60.3405,59.7074,59.9057,1559000
2018-07-19,59.9896,60.4625,59.8066,60.0888,1953200
2018-07-20,59.8371,60.1193,59.082,59.532,1438600
2018-07-23,59.593,59.6616,58.8074,59.0819,992200
2018-07-24,58.9141,59.3413,57.976,59.1964,1802100
2018-07-25,59.0057,59.4023,58.8531,59.0286,1296800
2018-07-26,59.3947,60.0583,59.3794,59.7227,1836700
2018-07-27,59.7227,60.2413,59.6159,59.9133,1483900
2018-07-30,59.7074,59.9134,59.265,59.6159,1031800
2018-07-31,59.9667,60.3329,59.5091,60.2032,2439500
2018-08-01,59.8142,59.86,58.9218,59.3261,1856100
2018-08-02,59.3032,59.8295,58.7998,59.6388,1763800
2018-08-03,59.6845,60.699,59.2421,60.3405,1775200
2018-08-06,60.2871,60.6837,60.0201,60.2032,1650700
2018-08-07,60.0888,60.1727,59.387,59.8904,1567500
2018-08-08,59.7532,59.9591,59.4938,59.8828,1069700
2018-08-09,59.9896,60.2566,59.7379,60.2184,710800
2018-08-10,60.3939,60.7218,59.9286,60.0049,1108000
2018-08-13,59.921,60.3481,59.7913,60.2947,1684500
2018-08-14,60.2524,60.7912,60.1292,60.4371,1532000
2018-08-15,60.6295,61.8149,60.5526,61.4146,2081700
2018-08-16,61.3454,62.1997,61.1145,62.1228,2286900
2018-08-17,62.0535,62.5538,61.7841,62.4768,1986100
2018-08-20,62.6154,62.7539,61.7841,61.8072,1611900
2018-08-21,61.7071,61.7841,60.9759,61.2838,1497500
2018-08-22,61.4377,61.4762,60.5218,60.7527,1224800
2018-08-23,60.7989,61.2684,60.6141,60.822,1382500
2018-08-24,60.8297,61.2607,60.5987,61.1529,908500
2018-08-27,61.2684,61.3223,60.4294,60.745,1011800
2018-08-28,60.6526,60.7758,60.2601,60.3832,1220900
2018-08-29,60.5372,61.0298,60.3678,60.9682,1391500
2018-08-30,61.0452,61.3992,60.8681,61.1067,1510300
2018-08-31,61.1068,61.4069,60.5911,60.7527,1623300
2018-09-04,60.9528,61.5224,60.8528,61.2376,1495100
2018-09-05,61.2915,62.1382,61.2299,62.1074,2623000
2018-09-06,62.0612,62.7693,61.7225,62.6154,1780000
2018-09-07,62.1921,62.4076,61.5147,61.6379,1765200
2018-09-10,61.8765,62.192,61.5686,61.9919,1129400
2018-09-11,61.9996,62.2921,61.6609,61.7302,1500200
2018-09-12,61.7302,62.1536,61.5378,61.6917,1194100
2018-09-13,61.7533,62.1613,61.3146,62.1536,1337900
2018-09-14,61.8611,61.8611,60.9759,61.7995,1551800
2018-09-17,61.8303,61.9842,61.43,61.8457,1208100
2018-09-18,61.8303,62.0304,61.2915,61.6379,1455500
2018-09-19,61.5532,61.6686,59.906,60.2832,1480500
2018-09-20,60.2139,60.3986,59.5827,60.3755,1607600
2018-09-21,60.0369,60.1831,59.2441,59.9522,4717500
2018-09-24,59.8598,59.8598,58.8977,58.967,2004800
2018-09-25,58.8207,58.89,57.9125,58.2666,1628300
2018-09-26,58.2896,58.382,57.2351,57.2736,2120200
2018-09-27,57.4045,58.0664,57.1967,57.8817,1726100
2018-09-28,58.0587,58.6822,57.8663,58.6437,3163300
2018-10-01,58.5283,58.5283,58.0741,58.3204,1735900
2018-10-02,58.4975,59.475,58.3897,59.3287,1788800
2018-10-03,59.1671,59.5443,57.9972,58.5821,2454000
2018-10-04,58.5128,59.0824,58.0125,58.9593,1329100
2018-10-05,58.9285,59.9445,58.8361,59.7752,2420500
2018-10-08,59.8521,60.5141,59.5289,60.0523,2168400
2018-10-09,60.2062,60.6757,59.8444,60.2139,1897900
2018-10-10,60.0985,60.9451,59.8291,59.8598,1774700
2018-10-11,59.9984,60.2678,58.3204,58.5359,2508800
2018-10-12,58.4744,58.4975,57.5661,57.9048,2351800
2018-10-15,57.9741,58.4205,57.6739,57.9433,1855500
2018-10-16,57.9202,58.9439,57.4506,58.5744,1963100
2018-10-17,58.559,58.8438,58.1434,58.5821,1654800
2018-10-18,58.6437,59.0978,58.305,58.7745,1725200
2018-10-19,58.7207,59.9753,58.6822,59.5596,2101800
2018-10-22,59.5058,59.7598,59.0363,59.1286,1949100
2018-10-23,59.2672,59.729,58.4359,58.7207,2152100
2018-10-24,59.0286,60.5141,58.7591,60.2062,1966300
2018-10-25,59.8675,59.8675,58.8592,59.1209,1728500
2018-10-26,59.4673,59.8444,58.205,58.7514,2550200
2018-10-29,58.7515,59.6905,58.7515,59.5289,1791700
2018-10-30,59.7444,60.1446,58.8823,59.4442,2067900
2018-10-31,58.9901,59.0362,58.0048,58.4975,2861400
2018-11-01,58.5513,58.6668,57.951,58.2127,2496000
2018-11-02,58.5744,58.5744,56.9042,57.3737,3468000
2018-11-05,57.5815,58.5744,57.5815,58.5282,2103100
2018-11-06,59.1055,59.5135,58.7361,59.4442,1580900
2018-11-07,59.652,60.2985,59.1517,60.237,1500400
2018-11-08,60.2139,60.4679,59.5981,60.1677,1398500
2018-11-09,60.1908,61.0067,60.083,60.8066,1361800
2018-11-12,60.7527,61.684,60.5372,61.0913,1520600
2018-11-13,61.1652,61.6234,60.6525,61.4448,1560200
2018-11-14,60.7302,62.2681,60.5748,61.6855,2987600
2018-11-15,60.1554,60.2564,59.3011,59.4486,9613500
2018-11-16,60.07,60.2253,59.2622,59.8059,4087300
2018-11-19,59.7826,60.3341,59.6894,60.1943,3635700
2018-11-20,60.5826,61.0564,59.837,60.6681,3540900
2018-11-21,60.4583,60.5438,59.7982,59.8914,1959000
2018-11-23,59.969,60.1554,59.5652,60.07,813400
2018-11-26,59.9846,60.7846,59.9069,60.7069,2148700
2018-11-27,60.6681,61.4758,60.2176,61.3982,1513400
2018-11-28,61.2739,61.6933,60.9088,61.235,2285600
2018-11-29,61.2195,61.6234,60.769,61.5457,2286900
2018-11-30,61.6467,62.4389,61.3981,62.4079,2937200
2018-12-03,62.0273,63.0991,61.802,63.0914,2359200
2018-12-04,63.0836,64.4661,63.0215,63.6816,3962500
2018-12-06,63.9224,64.07,62.2137,63.4021,2443000
2018-12-07,63.4952,64.3341,62.804,64.0467,2069500
2018-12-10,64.2098,64.5283,63.1457,64.3962,2570700
2018-12-11,64.4195,65.0021,64.1011,64.6603,1796600
2018-12-12,64.6603,64.9477,63.8914,64.0545,2938300
2018-12-13,64.1477,65.4914,64.1088,65.1885,2562800
2018-12-14,65.3205,65.3593,64.5127,65.1108,3049000
2018-12-17,65.1962,65.4059,62.3768,62.6253,3769500
2018-12-18,62.8584,63.5496,62.0894,62.2991,3047100
2018-12-19,62.4778,62.8661,61.7943,62.2137,2197600
2018-12-20,62.237,63.3787,61.4758,62.703,2858200
2018-12-21,62.7108,64.0622,61.9651,62.1049,3542600
2018-12-24,62.0894,62.5399,58.2836,58.5011,1279400
2018-12-26,58.6486,59.138,57.3593,59.0991,2457300
2018-12-27,59.0525,59.6739,58.1282,59.6739,2211500
2018-12-28,59.938,60.1865,59.1613,59.4021,1829800
2018-12-31,59.402,59.7049,58.7807,59.3865,1670200
2019-01-02,59.2778,59.3166,58.0894,58.3612,1764100
2019-01-03,58.3612,58.9671,58.1282,58.5088,1857000
2019-01-04,58.268,59.4719,58.1593,59.4564,2185100
2019-01-07,59.1069,59.3632,58.5166,58.5943,2380900
2019-01-08,58.6253,59.0525,58.136,58.9516,2979000
2019-01-09,58.804,59.1069,58.2758,58.4855,1662900
2019-01-10,58.5399,59.5574,58.4467,59.4564,1857800
2019-01-11,59.3632,59.4253,58.6875,58.9748,1378400
2019-01-14,58.6797,58.6797,56.9321,57.8253,3737600
2019-01-15,57.5923,58.9127,57.5923,58.8661,2157200
2019-01-16,58.7652,59.371,58.4467,59.3244,2226800
2019-01-17,59.3011,59.8836,59.169,59.8292,2250400
2019-01-18,59.5496,59.8525,59.2001,59.4253,3019400
2019-01-22,59.5263,60.0855,59.0681,59.604,2766800
2019-01-23,59.5884,60.0855,59.4253,59.7904,2417900
2019-01-24,59.8681,60.3496,59.3011,60.3186,2522600
2019-01-25,60.1477,60.5749,58.9127,58.9904,2803600
2019-01-28,59.1147,59.4797,58.4467,58.7108,2168500
2019-01-29,58.835,59.2467,58.7108,58.9438,1566200
2019-01-30,58.7263,59.3321,58.6253,59.1768,1716300
2019-01-31,59.0525,60.4894,58.7341,60.3108,3342300
2019-02-01,60.171,60.2564,58.9515,59.5574,2006600
2019-02-04,59.3011,60.2564,59.0525,60.2486,2393100
2019-02-05,60.1943,60.5826,59.8137,60.2642,1976600
2019-02-06,60.1554,60.4506,59.8681,60.0079,1490700
2019-02-07,60.2254,60.6836,59.6506,60.6681,1860700
2019-02-08,60.6215,61.3205,60.4506,61.3049,1755200
2019-02-11,61.2584,61.6467,61.0486,61.336,1647400
2019-02-12,61.485,61.8378,60.9518,61.6026,1834100
2019-02-13,61.0224,61.2341,60.5363,61.0224,2668500
2019-02-14,61.1478,61.4771,60.8185,61.187,2062400
2019-02-15,61.4615,61.7516,61.3517,61.5556,1693600
2019-02-19,61.4771,62.026,61.4066,61.8378,2258900
2019-02-20,61.7908,62.1279,61.2968,61.9476,1852600
2019-02-21,61.6732,62.7944,61.6183,62.7238,1552800
2019-02-22,63.2648,64.4409,63.0531,64.3703,3514700
2019-02-25,64.2919,64.4644,63.6176,63.9939,2269500
2019-02-26,64.1743,64.1978,63.5627,63.7901,1398700
2019-02-27,63.7117,64.2213,63.4921,64.0253,1337600
2019-02-28,64.0567,64.8642,63.9391,64.6447,2315600
2019-03-01,64.6447,64.9505,64.1743,64.8094,1629000
2019-03-04,65.1543,65.2641,64.6369,65.2327,1661700
2019-03-05,65.2092,65.3347,64.9191,65.021,1428300
2019-03-06,65.17,65.6483,64.8721,65.3347,2346600
2019-03-07,65.515,66.1344,65.2641,65.3425,1908200
2019-03-08,65.5228,65.7424,65.0838,65.7188,1773900
2019-03-11,65.6718,66.1658,65.5934,66.0717,1838100
2019-03-12,66.2128,66.8557,65.9854,66.5891,2578900
2019-03-13,66.6675,67.0125,66.4166,66.7851,1549600
2019-03-14,66.793,67.0909,66.4715,66.6283,1903500
2019-03-15,66.8087,66.9812,66.3931,66.5186,4209000
2019-03-18,66.597,66.7773,66.056,66.4088,2556100
2019-03-19,66.4088,66.4088,65.4209,65.711,2030400
2019-03-20,65.8208,66.3382,65.3425,65.7345,1788400
2019-03-21,65.7894,66.2598,65.5777,66.1657,1349100
2019-03-22,66.4009,67.1066,66.1893,66.5734,1858400
2019-03-25,66.7381,66.9733,66.3382,66.7224,1335800
2019-03-26,66.7224,67.2556,66.5735,67.1772,1081400
2019-03-27,67.2791,67.3261,66.5107,66.7695,1519100
2019-03-28,66.8479,67.0047,65.7032,66.0717,1935100
2019-03-29,66.0717,66.5499,65.7894,66.495,1623600
2019-04-01,66.3853,66.3853,65.5072,66.1109,1771300
2019-04-02,66.0952,66.4794,65.6953,66.4559,1272100
2019-04-03,66.2598,66.448,65.5934,66.205,1217700
2019-04-04,66.3069,66.4558,65.5072,65.8521,1281300
2019-04-05,65.86,66.5186,65.562,66.495,921100
2019-04-08,66.2128,66.3775,65.5934,65.6953,1792500
2019-04-09,65.6796,66.0325,65.6248,65.9854,951100
2019-04-10,66.0717,66.6283,65.6875,65.7581,1006300
2019-04-11,65.86,66.3147,65.6796,66.2285,1086400
2019-04-12,66.0481,66.3774,65.5542,66.2912,1640800
2019-04-15,66.3775,66.6676,66.0638,66.3383,1017400
2019-04-16,66.3696,66.5578,65.3268,65.562,1850900
2019-04-17,65.6718,65.9933,65.3895,65.7816,1494500
2019-04-18,65.7972,66.0403,65.4915,65.5542,1417100
2019-04-22,65.5542,65.8521,65.5307,65.7502,1298000
2019-04-23,65.8129,66.1187,65.4523,66.0089,1407300
2019-04-24,66.2128,66.448,65.8365,66.1109,1764500
2019-04-25,66.0011,66.6205,65.8364,66.2677,1522600
2019-04-26,66.9341,67.3497,66.5421,66.6205,3038700
2019-04-29,66.4323,66.5656,65.9462,66.2363,1334200
2019-04-30,66.3147,67.6084,66.1971,67.5535,2361400
2019-05-01,67.2556,67.5457,66.7695,66.8244,1266000
2019-05-02,66.9106,67.1537,66.3696,66.7695,1486900
2019-05-03,67.1066,67.8201,67.1066,67.4516,1721000
2019-05-06,67.7025,67.7025,66.7695,66.9733,1364400
2019-05-07,67.0125,67.2242,66.6048,66.8087,1295900
2019-05-08,66.2834,66.448,65.5934,65.8051,8777700
2019-05-09,65.86,66.252,65.5542,65.86,7437200
2019-05-10,65.86,66.8792,65.7659,66.8792,2658000
2019-05-13,66.6754,67.577,66.644,67.4594,2726800
2019-05-14,67.6572,67.6888,67.0087,67.1431,2130400
2019-05-15,67.3012,67.8944,67.0877,67.6255,1727100
2019-05-16,67.4594,68.4005,67.2222,68.3056,1491300
2019-05-17,68.0368,69.0649,68.0368,68.7564,1804300
2019-05-20,68.9383,69.3179,68.6536,68.8118,1316600
2019-05-21,69.0016,69.3496,68.5034,68.5587,3080800
2019-05-22,68.7248,69.3575,68.4085,69.2151,1113500
2019-05-23,69.3258,69.919,69.0807,69.8952,1376900
2019-05-24,69.9111,70.3223,69.658,69.7054,1099400
2019-05-28,69.9743,69.9743,68.6061,68.6061,3027900
2019-05-29,68.7643,68.9146,67.499,67.7046,1987400
2019-05-30,67.6967,68.0367,67.2538,67.4199,1469300
2019-05-31,67.5069,68.3135,67.412,68.2503,1795700
2019-06-03,68.2582,69.2072,68.0446,69.0965,1503800
2019-06-04,69.0886,69.31,67.6572,69.223,1719500
2019-06-05,69.6343,70.8205,69.2863,70.6386,1632500
2019-06-06,70.8917,71.0024,70.433,70.781,1445100
2019-06-07,71.0578,71.5797,69.6422,69.8399,2132700
2019-06-10,69.5631,69.6659,68.5903,68.9858,1584700
2019-06-11,68.9146,69.3179,68.1079,68.5824,1710400
2019-06-12,68.8671,69.4603,68.8671,69.3733,1063400
2019-06-13,69.4998,69.8162,68.8434,69.4207,2697100
2019-06-14,69.5631,70.346,69.5394,70.0218,1560500
2019-06-17,69.9427,70.1879,69.3021,69.6975,1797600
2019-06-18,70.3539,70.3539,68.8988,69.6501,1868400
2019-06-19,69.5947,70.6228,69.3575,70.2907,1508800
2019-06-20,70.346,70.6861,69.7529,70.2907,2382900
2019-06-21,70.3381,70.7177,69.7292,70.5516,3588900
2019-06-24,70.5912,71.5323,70.4251,70.8996,1409100
2019-06-25,70.9787,71.0894,70.2037,70.3381,1091200
2019-06-26,70.1325,70.2037,68.9858,69.049,1525200
2019-06-27,69.1835,69.5156,68.709,69.0095,1787800
2019-06-28,68.9304,69.6975,68.8039,69.3416,2607900
2019-07-01,69.2626,69.3179,68.4322,69.0886,1327800
2019-07-02,69.3337,70.2669,69.2467,69.9269,1286800
2019-07-03,70.1641,70.9945,70.1641,70.5675,698400
2019-07-05,69.9111,70.2749,69.0807,70.2353,1227300
2019-07-08,70.4884,70.6703,69.8082,70.2748,1267300
2019-07-09,70.2432,70.4014,69.6659,70.1641,1336900
2019-07-10,70.4172,70.7177,70.085,70.4725,1046400
2019-07-11,70.4726,70.8601,69.8162,70.5754,1006600
2019-07-12,70.5991,70.5991,69.7845,70.3539,1272700
2019-07-15,69.8715,70.3381,69.6184,70.0297,1401900
2019-07-16,69.8952,70.0929,69.0016,69.4524,1335100
2019-07-17,69.6896,69.9111,69.2389,69.2705,1375200
2019-07-18,69.2468,70.006,68.8434,69.8715,1331000
2019-07-19,69.8082,70.0138,68.8829,68.9937,1427800
2019-07-22,69.1835,69.2626,68.2028,68.6615,1484000
2019-07-23,68.4717,68.6615,68.0447,68.4164,1444800
2019-07-24,68.6615,68.883,68.0209,68.4322,1828500
2019-07-25,68.4796,68.8434,67.8074,68.0842,1113000
2019-07-26,68.0288,68.5192,67.7679,68.2819,1098900
2019-07-29,68.4322,68.6773,67.9972,68.535,1147400
2019-07-30,68.3135,68.6615,67.1905,67.5385,1846100
2019-07-31,67.5069,67.926,66.7635,67.1905,2917200
2019-08-01,67.0482,68.4085,66.8979,67.9577,1362500
2019-08-02,68.8592,69.1123,67.9814,68.1158,2339400
2019-08-05,68.2345,68.5034,67.0561,67.6018,2530600
2019-08-06,67.5622,68.7327,66.7872,68.5112,1709800
2019-08-07,68.4638,69.2468,67.4832,68.8513,1405500
2019-08-08,68.6932,69.3654,68.361,69.223,1508500
2019-08-09,69.223,69.4998,68.7643,69.0095,984500
2019-08-12,69.049,69.3416,68.6615,69.1676,1695700
2019-08-13,69.1836,69.399,68.5854,69.1916,1318300
2019-08-14,69.2315,69.7419,68.3701,68.5695,1598000
2019-08-15,68.4099,69.6223,68.3381,69.367,1194600
2019-08-16,69.3511,69.7579,69.1916,69.5505,1213100
2019-08-19,69.5585,70.5794,69.3352,70.3002,1085900
2019-08-20,70.5316,70.5714,69.8137,69.9972,1013000
2019-08-21,69.9493,70.4598,69.8855,70.4119,1547000
2019-08-22,70.3322,70.731,69.9972,70.38,1476600
2019-08-23,70.5714,70.8187,69.0002,69.3192,1755700
2019-08-26,69.6063,70.045,69.2474,70.0051,959700
2019-08-27,70.38,70.8267,70.1726,70.2205,1445300
2019-08-28,70.2923,70.6113,69.6701,70.0051,1666800
2019-08-29,70.3321,70.372,69.8057,70.3082,2714100
2019-08-30,70.6193,71.0739,70.1168,70.9064,1719200
2019-09-03,70.9064,72.3341,70.723,72.2943,2005300
2019-09-04,72.4218,72.6771,71.9353,72.4617,1273400
2019-09-05,71.9911,72.5893,71.5684,72.4856,2572400
2019-09-06,72.6691,73.044,72.374,72.693,2236000
2019-09-09,72.3341,72.4059,71.7997,72.0948,2276600
2019-09-10,72.0629,72.0948,70.6512,71.2494,2188800
2019-09-11,70.9862,71.8476,70.699,71.7279,1481400
2019-09-12,72.1586,72.4777,71.4727,71.9353,1695700
2019-09-13,71.2733,71.9593,71.1059,71.6323,1801400
2019-09-16,71.696,71.9513,71.369,71.7279,1248800
2019-09-17,71.8157,72.9403,71.8157,72.5255,1241100
2019-09-18,72.7967,73.0918,72.3341,72.9642,1133000
2019-09-19,73.1955,73.363,72.9084,73.2833,1004500
2019-09-20,73.5226,73.8017,72.9004,73.698,3570900
2019-09-23,74.3919,74.4318,73.7698,73.9772,1336400
2019-09-24,74.1287,75.0858,73.9453,74.9423,2008100
2019-09-25,74.695,75.046,74.4557,74.9662,1220900
2019-09-26,75.2613,75.7399,74.9662,75.4926,1254200
2019-09-27,75.4926,75.6362,74.9104,75.4687,1160800
2019-09-30,75.5405,75.7479,74.9822,75.3491,1396000
2019-10-01,75.1097,75.357,74.6711,75.0539,1223900
2019-10-02,74.8705,75.1736,73.8416,73.9134,1688400
2019-10-03,74.0091,74.2563,73.706,74.1925,1439800
2019-10-04,74.4238,75.1576,74.041,75.0858,1151900
2019-10-07,74.8545,75.0619,74.5833,74.8625,851400
2019-10-08,74.8466,74.9024,74.0649,74.1766,1445700
2019-10-09,74.2882,74.7668,74.1526,74.4637,847500
2019-10-10,74.4079,74.5674,73.8097,74.2165,1179200
2019-10-11,74.0569,74.1606,73.3231,73.5544,1311700
2019-10-14,73.6502,73.6502,72.7569,72.7808,1017500
2019-10-15,72.7329,73.036,72.2863,72.374,1521400
2019-10-16,72.2544,72.5256,71.9912,72.4538,1295000
2019-10-17,72.4617,72.9961,72.4298,72.8207,1096100
2019-10-18,72.717,73.0839,72.366,72.9722,1135200
2019-10-21,73.0998,73.9692,72.9802,73.9213,2118000
2019-10-22,73.9213,74.4477,73.698,74.3999,1183200
2019-10-23,74.4637,75.03,74.2165,74.7349,1465000
2019-10-24,74.8865,75.3092,74.5834,75.2055,1028900
2019-10-25,75.6601,75.7159,74.0968,74.4318,1299500
2019-10-28,74.1128,74.3521,72.6452,72.6532,1778700
2019-10-29,72.5256,73.0041,72.3102,72.9164,1307400
2019-10-30,72.9643,73.4109,72.5495,73.1078,1207800
2019-10-31,73.1636,73.6103,72.8765,73.5544,2296800
2019-11-01,73.5704,73.706,72.5415,72.6771,1607000
2019-11-04,72.4378,72.6292,71.4408,71.72,2359800
2019-11-05,71.0659,71.2175,69.8057,70.4438,2829800
2019-11-06,70.699,71.1298,70.2524,70.6831,1824100
2019-11-07,70.1248,70.3082,69.064,69.5665,2322500
2019-11-08,69.5505,70.1248,69.3352,70.1248,1400200
2019-11-11,70.1168,70.1886,69.6622,69.7898,1211400
2019-11-12,69.9265,70.0793,69.2589,69.5163,1425300
2019-11-13,69.9346,70.6183,69.7898,70.385,1990600
2019-11-14,69.5806,70.3448,69.5404,70.1759,1698000
2019-11-15,70.2242,70.5781,70.1116,70.5701,1127100
2019-11-18,70.7792,71.3181,70.2161,70.3609,1137100
2019-11-19,70.1437,70.184,69.4198,69.8863,1860700
2019-11-20,70.1357,70.385,69.6208,70.2322,1377800
2019-11-21,69.5807,70.007,69.4359,69.8381,1441600
2019-11-22,69.7174,69.9426,68.9291,69.3313,1874700
2019-11-25,69.2589,69.5002,68.913,69.2106,1110700
2019-11-26,69.2508,69.5806,69.0658,69.5324,2063300
2019-11-27,69.5485,69.8863,69.4198,69.7657,1007700
2019-11-29,70.0552,70.6103,69.6852,69.8944,747300
2019-12-02,69.5807,69.6933,68.7521,68.8165,1329300
2019-12-03,69.098,69.5726,68.8567,69.4117,1535600
2019-12-04,69.1302,69.9185,69.1302,69.8059,1356800
2019-12-05,69.6611,69.7898,69.3795,69.7335,1072900
2019-12-06,69.6128,70.1357,69.5565,69.8139,1007800
2019-12-09,69.822,69.8381,69.4359,69.6289,1458600
2019-12-10,69.7013,70.1357,69.5243,69.822,1517500
2019-12-11,69.9829,70.5057,69.8381,70.4575,1817600
2019-12-12,70.3207,70.6746,69.9989,70.4011,1838100
2019-12-13,70.1518,70.8677,69.9185,70.6505,2174800
2019-12-16,70.8275,71.0768,70.377,70.9723,2829900
2019-12-17,71.0447,71.9215,70.9401,71.2136,1681000
2019-12-18,71.5434,71.7767,71.1573,71.5916,1810200
2019-12-19,71.6479,72.1949,71.5434,72.1547,2234300
2019-12-20,72.5086,73.313,72.2191,72.9028,3551200
2019-12-23,73.0717,73.2809,71.9295,72.2191,1345700
2019-12-24,72.1949,72.2512,71.7847,72.1306,350700
2019-12-26,72.1869,72.2513,71.7204,72.1145,717500
2019-12-27,72.1226,72.388,72.0019,72.3478,836600
2019-12-30,72.1547,72.5489,72.0341,72.5489,1264100
2019-12-31,72.5489,72.7902,72.2513,72.7741,1153600
2020-01-02,72.8385,72.9189,71.1653,71.479,1335100
2020-01-03,71.2377,71.7767,71.1573,71.294,1379600
2020-01-06,71.3262,71.6399,70.8677,71.0607,1395300
2020-01-07,70.7873,71.2538,70.1277,70.5218,1897700
2020-01-08,70.0472,70.2885,69.7335,69.9587,2255000
2020-01-09,69.8381,70.184,69.7496,69.8863,1523200
2020-01-10,70.0633,70.5862,70.0392,70.377,1453400
2020-01-13,70.3609,70.9401,70.2161,70.6183,1351800
2020-01-14,70.6505,70.8355,70.0874,70.6103,2134500
2020-01-15,70.8355,71.7525,70.747,71.5595,1944200
2020-01-16,71.656,71.8491,71.5595,71.7284,1707100
2020-01-17,71.7284,72.7339,71.5353,72.5891,2538400
2020-01-21,72.6937,73.0959,72.2995,73.0637,2140900
2020-01-22,73.3613,73.6831,73.2085,73.3292,1581700
2020-01-23,73.3613,74.6403,73.3613,74.6242,1741900
2020-01-24,74.4553,75.3884,74.4231,75.2999,1455900
2020-01-27,75.3804,75.7424,74.9138,75.1391,1999400
2020-01-28,75.1873,76.1606,75.1873,75.7584,1496500
2020-01-29,75.6699,76.1124,75.2517,75.9676,1640800
2020-01-30,76.0158,76.3617,75.5412,76.2089,1429700
2020-01-31,76.1285,76.4985,75.2517,75.6136,3781500
2020-02-03,75.7424,75.8711,75.0828,75.493,1434400
2020-02-04,75.3965,75.6619,74.407,74.4392,1631900
2020-02-05,74.3266,75.2034,74.1496,75.131,1270800
2020-02-06,75.2677,75.5815,74.9943,75.1873,1212700
2020-02-07,75.4367,75.5815,74.6323,74.6323,1098300
2020-02-10,74.6564,74.8816,74.2381,74.8736,1029900
2020-02-11,75.0425,75.308,74.8173,74.954,1141700
2020-02-12,74.6403,74.9299,74.3668,74.7047,1552200
2020-02-13,74.6484,75.4045,74.1898,75.3241,1244300
2020-02-14,75.5493,75.9997,75.4125,75.8549,1249200
2020-02-18,76.005,76.7025,75.932,76.5159,2172700
2020-02-19,76.451,76.7024,76.0212,76.1348,1029900
2020-02-20,76.1267,76.7592,75.932,76.7024,1319000
2020-02-21,73.9694,74.3506,72.3961,73.1341,3976900
2020-02-24,72.5502,73.0936,71.8528,72.088,2393400
2020-02-25,72.3394,72.5016,71.3824,71.569,2328700
2020-02-26,71.7149,72.2988,71.0986,71.1148,2455200
2020-02-27,70.839,71.277,67.4492,67.4654,2752600
2020-02-28,65.9002,65.9164,63.0942,63.9214,5357400
2020-03-02,64.5459,68.7873,64.2945,68.5521,3615400
2020-03-03,68.4386,70.093,67.7736,67.9925,3129700
2020-03-04,68.7792,71.6419,68.7792,71.3743,2415100
2020-03-05,70.2714,71.4311,69.801,71.0256,2282900
2020-03-06,69.1684,71.7717,69.063,71.2851,4705400
2020-03-09,69.3793,72.9314,67.733,71.9014,5398100
2020-03-10,72.5097,74.2289,70.8796,72.5016,4040400
2020-03-11,71.0175,71.3662,68.6818,70.1497,4162800
2020-03-12,65.3893,69.7523,63.6051,67.952,6073000
2020-03-13,70.02,72.3069,68.1385,71.423,5699300
2020-03-16,67.0275,70.2633,63.9214,64.5134,5037300
2020-03-17,66.03,76.743,66.03,76.1348,5432000
2020-03-18,72.1042,76.1348,70.093,74.7723,4117600
2020-03-19,75.0643,75.0643,64.5215,64.9513,5082100
2020-03-20,65.884,66.0948,57.6363,58.869,4902400
2020-03-23,58.796,58.9501,50.3051,52.9975,5017900
2020-03-24,54.7411,57.7499,52.3731,57.1822,3372200
2020-03-25,56.2414,60.3855,54.9844,57.5228,3122100
2020-03-26,57.2714,62.2265,56.9308,61.5696,2771000
2020-03-27,60.2233,64.6513,60.0206,63.1753,2291500
2020-03-30,64.6513,65.7623,63.2888,65.4704,2557200
2020-03-31,64.6756,64.8784,62.7212,63.2564,3389300
2020-04-01,61.3993,63.6132,61.0262,62.9401,6352500
2020-04-02,61.6344,64.5783,61.6344,64.0106,3021800
2020-04-03,63.4348,64.0106,62.4373,63.1753,3904500
2020-04-06,65.4542,67.3113,64.5297,65.7299,2608100
2020-04-07,67.2626,67.4897,64.5945,64.8135,2173300
2020-04-08,65.3325,68.7224,64.4891,67.9844,1974700
2020-04-09,68.0331,72.4773,68.0088,71.3176,2111900
2020-04-13,69.8902,70.6769,68.179,68.8035,1095900
2020-04-14,70.5633,72.5746,69.8091,72.4205,1814000
2020-04-15,71.3581,71.4311,69.8253,70.5309,1425700
2020-04-16,71.1067,72.4286,70.8472,71.6987,1594500
2020-04-17,72.607,72.9882,71.0824,72.6313,1211900
2020-04-20,72.1447,72.5259,69.2009,69.3144,1551000
2020-04-21,68.5034,68.9333,67.0761,67.7087,2118100
2020-04-22,68.7143,68.9738,67.7492,68.2196,1497200
2020-04-23,68.2196,68.763,66.1435,66.3219,1868100
2020-04-24,66.6544,67.1897,65.6164,67.0194,1748600
2020-04-27,67.1978,67.6762,66.922,67.0437,1518300
2020-04-28,68.025,68.9576,67.0761,67.3924,1687100
2020-04-29,69.7037,69.7037,65.7704,65.9164,2020400
2020-04-30,65.4379,65.5433,63.4348,63.9052,3129500
2020-05-01,63.5403,63.6132,62.1535,62.6482,1786000
2020-05-04,62.2994,62.7455,61.4479,62.4941,1756000
2020-05-05,62.5833,63.7186,62.2102,62.8833,1627100
2020-05-06,62.8833,63.2564,60.1747,60.3206,2274400
2020-05-07,60.8559,61.3587,59.9395,60.0692,2339800
2020-05-08,60.7424,60.7748,59.1042,60.1585,2324500
2020-05-11,59.8341,60.126,58.5608,58.9096,2294500
2020-05-12,58.9137,59.135,57.9957,58.676,2524800
2020-05-13,58.3891,58.6432,57.2498,58.5694,2130200
2020-05-14,58.0858,59.1595,56.7581,58.7169,2131700
2020-05-15,58.3317,58.3891,56.6843,57.6679,3950400
2020-05-18,59.0202,60.4709,58.5366,59.9218,2247900
2020-05-19,59.5202,59.9054,58.0776,58.094,1809100
2020-05-20,58.4629,59.3153,57.6924,57.9793,1714200
2020-05-21,57.7334,58.3235,57.1105,57.3072,1317900
2020-05-22,57.258,57.6269,56.922,57.5203,1397000
2020-05-26,58.2006,59.2907,58.0449,58.3481,2232100
2020-05-27,59.0776,59.4628,57.8318,58.3973,1615800
2020-05-28,59.2333,60.0611,59.0694,59.9545,1567400
2020-05-29,59.7169,61.643,59.3808,61.52,3220700
2020-06-01,61.4463,62.0528,60.5939,61.5282,1612100
2020-06-02,61.8233,61.897,60.643,61.3233,1418100
2020-06-03,61.6348,62.5281,61.4708,62.02,1512400
2020-06-04,61.6594,61.9708,60.5283,61.3315,1676100
2020-06-05,61.7167,62.4626,61.4381,61.7413,1916800
2020-06-08,61.7987,63.7412,61.5528,63.692,1914900
2020-06-09,63.315,63.3887,62.1839,62.8642,1867900
2020-06-10,62.7003,63.6592,62.7003,63.0691,1784200
2020-06-11,62.1019,62.2822,60.4955,61.2004,2175700
2020-06-12,62.3478,62.6183,60.8725,61.7823,2456700
2020-06-15,60.9545,62.9461,60.5283,61.9626,2742500
2020-06-16,63.1265,64.069,62.2413,62.5937,1880300
2020-06-17,62.7986,62.8478,61.3151,61.7085,1933900
2020-06-18,61.4544,62.2659,61.0692,61.3643,1406600
2020-06-19,62.2249,62.2249,58.553,58.553,4629900
2020-06-22,58.553,59.5693,58.0776,58.5366,2184300
2020-06-23,59.1104,59.2743,57.9465,58.1432,1395200
2020-06-24,57.6351,59.0202,57.299,58.6268,2436900
2020-06-25,58.4055,58.5038,57.2171,57.8809,2435600
2020-06-26,57.8973,58.9956,57.7498,58.4219,3422600
2020-06-29,58.8153,59.5857,57.9383,59.5857,1594000
2020-06-30,59.512,59.8152,58.2006,58.9546,2206200
2020-07-01,58.9546,60.1758,58.8645,59.9136,1692100
2020-07-02,59.9136,60.9463,59.8398,60.4955,1430400
2020-07-06,61.0364,61.5692,59.4218,59.9136,1520800
2020-07-07,59.1841,59.6349,59.1104,59.4218,1775800
2020-07-08,59.5611,59.7333,58.8809,59.3644,1455100
2020-07-09,59.0038,59.094,57.381,58.7743,1698600
2020-07-10,58.7743,59.5857,58.5694,59.4054,1746100
2020-07-13,59.4136,59.6513,58.7579,59.1431,1868300
2020-07-14,59.1677,60.0447,58.6923,59.1513,2122900
2020-07-15,59.2661,59.7497,58.5038,58.6104,2357500
2020-07-16,58.7497,59.2497,58.5694,58.8809,1158000
2020-07-17,59.0366,60.7496,59.0366,60.7086,1742300
2020-07-20,60.3398,60.5283,59.7333,60.0447,1455000
2020-07-21,59.848,61.4544,59.7415,60.8807,2174700
2020-07-22,60.6758,62.438,60.2824,62.0937,1714700
2020-07-23,62.1019,62.9215,61.9134,62.4953,1574700
2020-07-24,62.7986,63.6428,61.6839,61.9462,1619200
2020-07-27,61.7823,61.7905,60.725,61.2741,1731900
2020-07-28,61.0037,62.8396,61.0037,62.5855,1520600
2020-07-29,62.5199,63.0281,61.8806,62.8642,1515700
2020-07-30,62.3806,63.2248,62.1839,63.0609,2133000
2020-07-31,62.7494,63.2002,62.1675,62.9707,4369300
2020-08-03,62.7412,62.8232,61.6675,62.2167,1645800
2020-08-04,62.0855,62.856,62.0118,62.2085,2008500
2020-08-05,61.9544,62.2495,60.2414,60.3726,2035900
2020-08-06,60.5611,60.7496,59.9545,60.5856,1579600
2020-08-07,60.0365,62.1265,60.0119,61.561,1633800
2020-08-10,62.2413,62.5691,61.6348,61.7823,1505800
2020-08-11,61.4708,61.8069,59.93,60.0447,1970600
2020-08-12,60.2496,61.3807,60.1922,60.8643,1370100
2020-08-13,60.5283,60.6758,59.8234,60.4627,1566400
2020-08-14,60.1185,60.725,59.6595,60.266,1641600
2020-08-17,60.4955,61.4872,60.1595,60.9873,2529200
2020-08-18,60.9914,61.2398,60.5442,60.743,1548700
2020-08-19,60.743,61.1901,60.3703,60.8175,1742300
2020-08-20,60.5359,61.0494,59.89,59.9562,2444100
2020-08-21,60.1798,60.2047,58.9459,59.7906,3823700
2020-08-24,59.89,61.5545,59.5008,61.5463,2326500
2020-08-25,61.5794,61.6787,60.1964,60.4614,2057000
2020-08-26,59.9977,59.9977,58.2255,58.6147,2667500
2020-08-27,58.7969,59.4511,58.4242,58.8548,1808700
2020-08-28,59.0122,59.0122,58.0516,58.7306,1479900
2020-08-31,58.4739,59.1695,58.4573,59.0784,2461900
2020-09-01,58.6975,58.7969,57.447,57.6789,1867700
2020-09-02,57.6044,59.9645,57.3891,59.8155,2391800
2020-09-03,60.1302,60.9252,59.4428,59.9562,3609400
2020-09-04,60.3372,60.8755,59.5422,60.4863,3121300
2020-09-08,60.4448,60.8175,59.6912,60.2875,3104400
2020-09-09,60.7347,61.7367,60.3372,60.3786,1970100
2020-09-10,60.1467,61.4883,59.36,60.2626,8656400
2020-09-11,60.1881,60.4862,59.7161,60.2378,2176200
2020-09-14,60.8175,61.6788,60.3041,61.4634,2308900
2020-09-15,61.8941,62.598,61.2481,61.6705,2637300
2020-09-16,61.5297,63.219,61.2812,62.6725,3961200
2020-09-17,62.333,63.393,61.7864,62.8795,3690400
2020-09-18,62.4241,62.8713,60.9831,61.1819,4431900
2020-09-21,60.7264,61.0494,59.4014,60.3206,3213100
2020-09-22,60.155,61.4386,60.0225,61.0328,2868200
2020-09-23,61.0659,61.2481,60.627,60.7181,2228600
2020-09-24,60.7595,61.4138,60.0805,61.2233,1878100
2020-09-25,60.8589,62.8381,60.8423,62.747,1561400
2020-09-28,62.9209,63.8981,62.5317,63.2025,1657600
2020-09-29,63.542,64.3453,63.1445,63.7491,1608500
2020-09-30,64.1383,64.6434,63.8981,64.4281,1773100
2020-10-01,64.6352,65.4881,64.3784,65.455,1562300
2020-10-02,65.0327,66.4239,64.8091,66.0595,1718900
2020-10-05,65.9187,66.5233,65.513,66.192,1357800
2020-10-06,66.2997,67.2603,65.8028,66.8794,1530700
2020-10-07,67.1526,67.2686,66.1175,66.9373,1335900
2020-10-08,67.2852,68.1961,66.987,68.1298,1211900
2020-10-09,68.2292,68.6681,67.5087,68.3617,1170200
2020-10-12,68.2789,68.842,68.2375,68.6433,946400
2020-10-13,67.9891,68.428,66.9456,68.1712,1213400
2020-10-14,68.2375,68.4859,67.517,68.105,1074900
2020-10-15,67.2024,68.1216,66.987,67.6909,1286500
2020-10-16,67.6578,68.4942,67.3348,67.6578,2205200
2020-10-19,67.6495,68.1878,66.6806,66.9042,2936200
2020-10-20,66.25,67.3183,66.1009,66.7469,1627600
2020-10-21,66.5564,67.0781,66.1672,66.5233,1487000
2020-10-22,66.722,67.5833,66.25,67.4425,1509500
2020-10-23,67.8814,67.9808,67.2686,67.575,1473600
2020-10-26,67.2686,68.6433,67.0284,68.5191,1342100
2020-10-27,68.6929,69.4962,68.0884,68.7758,1553300
2020-10-28,67.9477,68.6847,66.2169,66.3825,1778800
2020-10-29,66.2334,66.8711,65.3059,66.0595,1599300
2020-10-30,65.7283,66.1009,64.2956,64.9995,2353700
2020-11-02,65.7448,66.3163,64.7014,66.0678,2603500
2020-11-03,66.7386,67.9559,66.5647,67.3431,1722200
2020-11-04,67.3431,68.1381,65.8691,65.8856,1437700
2020-11-05,66.5481,67.5419,65.7862,66.0264,1659700
2020-11-06,65.6703,66.2251,63.9975,64.4281,2928800
2020-11-09,66.4819,67.6247,65.2976,65.6537,2248800
2020-11-10,66.0347,68.1381,65.7117,67.9725,3040300
2020-11-11,68.1961,68.5108,67.4177,67.6744,2693000
2020-11-12,67.4508,67.6661,65.8442,66.6723,2077800
2020-11-13,67.0036,67.6992,66.6641,67.5998,1712200
2020-11-16,68.312,68.5273,67.84,68.4942,2330100
2020-11-17,68.3981,68.7074,66.1914,66.2416,3695700
2020-11-18,66.4505,66.5843,64.8206,64.9376,2034800
2020-11-19,64.8959,64.8959,63.9263,64.4445,1722900
2020-11-20,64.7203,64.9126,64.1102,64.6869,4305000
2020-11-23,64.8457,65.2386,64.3693,64.8373,1814500
2020-11-24,65.2553,65.9491,64.8875,65.5144,1869400
2020-11-25,65.5478,65.7986,64.7203,65.7485,1631500
2020-11-27,65.6231,65.6899,64.7872,65.0045,722100
2020-11-30,64.7788,65.0045,63.4582,63.734,2605200
2020-12-01,64.0767,64.7788,63.8176,64.2857,2241600
2020-12-02,63.3913,64.4278,62.9817,64.386,3485600
2020-12-03,64.1854,64.1854,63.0235,63.4498,1946900
2020-12-04,63.383,63.9764,62.6976,62.9483,3239600
2020-12-07,62.8313,63.2409,62.3549,62.5555,3177100
2020-12-08,62.3131,62.9316,61.9537,62.3214,2623600
2020-12-09,62.288,62.614,61.4772,62.0539,2905600
2020-12-10,62.0456,62.2713,61.0676,61.31,3525800
2020-12-11,60.9841,61.9453,60.9255,61.1512,4566000
2020-12-14,61.5608,62.079,60.4407,60.5243,4119300
2020-12-15,60.8419,61.4939,60.4909,61.0175,3451100
2020-12-16,61.0676,61.4271,59.8055,59.9727,3596100
2020-12-17,60.2652,60.9005,59.8473,59.864,2229500
2020-12-18,60.0646,60.5912,59.0783,59.4712,6443800
2020-12-21,59.0783,59.304,57.9081,58.4681,4621900
2020-12-22,58.4013,58.4013,57.9165,58.2174,2362600
2020-12-23,58.5183,59.5547,58.418,58.5684,2829400
2020-12-24,58.7022,58.8944,58.2174,58.8777,843500
2020-12-28,59.1034,59.8389,59.0114,59.5631,2107200
2020-12-29,59.8055,60.0228,59.0031,59.1452,1472100
2020-12-30,59.1535,59.5547,59.0031,59.3625,1509600
2020-12-31,59.2455,60.4491,59.1452,60.4073,2081400
2021-01-04,60.4073,60.4825,58.6938,59.0616,2488700
2021-01-05,59.095,59.2956,58.1839,58.4013,2192600
2021-01-06,58.5099,59.9058,58.4347,59.6467,2417200
2021-01-07,59.5965,59.7553,58.3595,58.4347,3066400
2021-01-08,58.8443,58.8443,58.1087,58.4514,2504100
2021-01-11,58.2592,58.5935,57.0472,57.4484,2773100
2021-01-12,57.1976,57.3815,55.9355,56.7713,2766500
2021-01-13,56.9385,58.2926,56.8382,58.1839,1930600
2021-01-14,58.4013,58.4681,57.1307,57.2227,4223300
2021-01-15,57.0555,58.2341,56.8716,58.1756,2139600
2021-01-19,58.3595,58.4347,57.6239,58.0753,2555000
2021-01-20,57.6573,58.6604,57.5654,58.4598,2784100
2021-01-21,57.7075,58.4263,57.6239,57.7994,2241600
2021-01-22,57.1809,57.7493,56.7212,57.532,2364900
2021-01-25,57.4233,59.0783,57.3648,59.0449,3095400
2021-01-26,59.0114,59.0449,58.2759,58.744,2261000
2021-01-27,58.443,61.0927,58.2759,59.7971,5693800
2021-01-28,59.6049,60.1816,58.5434,58.6855,3986200
2021-01-29,58.5684,59.6968,58.1087,59.1619,6527600
2021-02-01,59.1619,59.8306,58.1087,59.1368,2429300
2021-02-02,59.2622,60.2151,58.6771,58.7272,2185700
2021-02-03,58.5266,59.2287,58.5099,58.9362,1767200
2021-02-04,59.0114,59.3458,58.535,59.0031,2390900
2021-02-05,59.3625,60.0563,59.0282,59.7637,1642300
2021-02-08,59.9977,60.1482,59.3708,59.5798,1817600
2021-02-09,59.7804,59.8807,58.9028,59.6383,1447600
2021-02-10,60.0145,60.4491,59.6634,60.4408,1412600
2021-02-11,60.4407,60.5327,59.8974,60.0312,1792000
2021-02-12,60.073,60.2569,59.095,59.3959,1595700
2021-02-16,59.3748,59.5692,58.648,59.1973,2264400
2021-02-17,59.2903,59.5945,58.8931,59.2903,1473800
2021-02-18,59.1551,59.5353,58.9945,59.172,3041900
2021-02-19,58.741,58.8508,57.4142,57.617,4358700
2021-02-22,57.2537,57.5325,56.3072,57.4396,3936900
2021-02-23,57.9466,58.0565,56.8818,57.1861,3356800
2021-02-24,57.2452,57.3804,56.2734,56.3241,3339500
2021-02-25,56.3663,56.9156,56.2903,56.7466,2200300
2021-02-26,56.7804,57.1438,55.403,55.479,4072600
2021-03-01,55.8846,57.1269,55.8255,56.6537,4424300
2021-03-02,56.7297,57.1692,56.0368,56.6875,2253900
2021-03-03,56.4762,57.1438,56.1128,56.9832,1999300
2021-03-04,57.0424,58.3354,56.4424,56.5861,2850100
2021-03-05,56.9241,58.0311,56.4678,57.7185,3702700
2021-03-08,58.1579,59.1973,57.7438,58.7325,2990200
2021-03-09,58.3945,59.1297,58.1917,58.8931,3908500
2021-03-10,59.003,60.017,58.6818,59.4678,3268500
2021-03-11,59.0959,59.6283,58.7917,59.003,3595300
2021-03-12,59.4762,60.3128,59.3072,59.9495,2896500
2021-03-15,60.2199,61.0311,60.1945,60.6931,3187400
2021-03-16,60.2537,61.1072,60.1861,60.9128,2775400
2021-03-17,61.1157,61.6311,60.6171,60.6678,4615300
2021-03-18,60.7776,61.5382,60.4565,61.0311,3839500
2021-03-19,61.3354,61.5804,60.5748,61.0987,5562600
2021-03-22,60.6847,61.0565,60.3466,60.8875,3343500
2021-03-23,60.7945,62.0283,60.7523,61.8931,3325200
2021-03-24,61.4875,62.4847,61.3185,62.0537,2049100
2021-03-25,62.4762,63.1607,61.9861,62.7635,2039500
2021-03-26,62.4509,62.9579,62.0706,62.9072,1649200
2021-03-29,62.9072,64.2678,62.7551,63.7607,1724500
2021-03-30,63.5917,63.6171,62.4847,62.8565,1594900
2021-03-31,62.6368,63.3297,62.6199,63.2114,3505800
2021-04-01,62.9664,63.1607,62.3833,62.7804,2038200
2021-04-05,62.8734,63.8368,62.8396,63.6171,1818000
2021-04-06,63.372,63.9636,63.1692,63.9636,1255100
2021-04-07,64.0227,64.2847,63.3297,63.6424,1487800
2021-04-08,63.9297,63.9804,63.4058,63.4818,1855500
2021-04-09,63.3804,63.8875,63.3804,63.5241,1680400
2021-04-12,63.6762,64.2255,63.4818,63.6509,1454700
2021-04-13,63.3889,64.2762,63.2283,64.1156,1855100
2021-04-14,63.8621,64.3776,63.6509,64.3607,1408600
2021-04-15,64.1917,65.2734,64.1917,65.2312,3009200
2021-04-16,65.4678,66.3213,65.3917,66.0931,2229700
2021-04-19,66.3213,66.3974,65.6114,66.2114,1716700
2021-04-20,66.3382,67.4368,66.2114,67.0565,2589900
2021-04-21,67.1748,67.3945,66.1438,66.2199,1860800
2021-04-22,66.0678,66.279,65.679,66.0086,1490700
2021-04-23,66.0002,66.1523,65.4002,65.4509,1349500
2021-04-26,65.4509,65.603,64.7748,64.9607,1547000
2021-04-27,64.9861,65.0199,64.3269,64.3861,1592900
2021-04-28,64.6649,64.8002,64.0734,64.403,1374400
2021-04-29,64.2931,65.0621,64.2931,64.8255,3188100
2021-04-30,65.1128,65.434,64.4368,65.4171,1962000
2021-05-03,65.4931,66.4819,65.3664,65.7044,1517500
2021-05-04,65.848,66.448,65.5523,66.0171,1526100
2021-05-05,65.9157,66.1945,64.3016,64.9776,1928500
2021-05-06,65.2396,65.9072,64.7072,65.7973,1793600
2021-05-07,66.017,67.7156,65.9917,65.9917,2656200
2021-05-10,66.2537,67.9692,66.2537,67.479,2391100
2021-05-11,67.6734,67.8931,66.3889,67.048,1954700
2021-05-12,67.1748,67.2171,65.7128,65.8311,2054400
2021-05-13,65.603,67.4537,65.603,66.9974,2065600
2021-05-14,67.2762,67.6903,66.6509,66.7354,1535500
2021-05-17,66.8283,67.5298,66.5241,66.5326,2743800
2021-05-18,66.4685,66.6563,65.9223,66.3491,2344100
2021-05-19,66.3064,66.6222,65.8199,66.5539,2783400
2021-05-20,66.6819,67.7146,66.6819,66.9294,1810800
2021-05-21,66.9806,67.4927,66.8697,67.3903,3270200
2021-05-24,67.5695,67.7231,66.8441,66.8953,1344300
2021-05-25,66.8099,66.938,65.965,66.4088,1090700
2021-05-26,66.2808,66.7673,66.1954,66.571,1466100
2021-05-27,66.571,66.6307,65.2993,65.6065,2866800
2021-05-28,65.8797,66.1357,65.7004,65.9223,1629000
2021-06-01,66.1101,66.1357,65.2054,65.231,1745700
2021-06-02,65.2993,66.1016,65.103,65.5383,2678900
2021-06-03,65.3846,66.093,65.2566,65.9394,3276900
2021-06-04,66.1869,66.3832,65.9053,65.9223,1418900
2021-06-07,66.0674,66.1869,65.837,65.9821,960000
2021-06-08,65.9394,66.0504,65.0433,65.1115,1497500
2021-06-09,65.3249,65.6663,65.1286,65.6151,1229300
2021-06-10,65.6151,65.9309,65.3676,65.7516,1217400
2021-06-11,65.7175,65.9991,65.4444,65.9138,1297900
2021-06-14,65.8797,66.4259,65.6748,66.3576,1451500
2021-06-15,66.3576,66.9892,65.9736,66.3576,1991400
2021-06-16,65.8626,66.2381,64.9835,65.0518,2930100
2021-06-17,65.103,65.4358,64.8555,65.103,2658000
2021-06-18,64.9067,64.9067,63.4814,63.5753,3831300
2021-06-21,63.6862,64.3007,63.507,64.1727,2609300
2021-06-22,64.0703,64.3349,63.4985,63.5497,2235100
2021-06-23,63.4387,63.5753,62.3377,62.7047,2169000
2021-06-24,62.6962,62.8328,62.3548,62.6706,1611000
2021-06-25,62.6194,63.1144,62.534,63.0461,2076200
2021-06-28,63.0461,63.4387,62.8071,63.0034,2285300
2021-06-29,62.7303,62.884,61.3306,61.4928,2552400
2021-06-30,61.5355,61.6635,61.0661,61.2112,2270400
2021-07-01,61.3392,62.0732,60.7417,61.911,2297400
2021-07-02,61.9281,62.0134,61.6208,61.8513,1117000
2021-07-06,61.7744,62.2865,61.0831,62.2524,1940800
2021-07-07,62.0732,62.6023,61.7915,62.5938,1805200
2021-07-08,62.6023,63.2851,62.3377,62.6108,2445200
2021-07-09,62.8157,63.012,62.1073,62.5596,1932000
2021-07-12,62.4999,62.8584,62.1756,62.6108,1154300
2021-07-13,62.5426,62.7645,61.8769,61.9878,1992400
2021-07-14,61.8427,62.6621,61.5099,62.4658,2206600
2021-07-15,62.4572,63.4814,62.3121,63.4643,2135500
2021-07-16,63.5838,64.2325,63.3704,63.9508,2100100
2021-07-19,63.8654,64.5653,62.2438,62.9608,2450200
2021-07-20,61.9878,63.6948,61.9793,62.7901,3083100
2021-07-21,62.8242,63.0973,62.0561,62.1158,1601300
2021-07-22,62.1756,62.534,61.8257,62.3377,1754300
2021-07-23,62.4999,63.3363,62.3889,63.3107,1403100
2021-07-26,63.3619,63.5923,62.8413,63.1229,1477600
2021-07-27,63.0461,64.608,62.6706,64.4629,1625500
2021-07-28,64.4458,64.5226,63.1656,63.6606,1513200
2021-07-29,63.6435,63.8399,63.1912,63.6009,1381500
2021-07-30,63.7374,64.2836,62.6962,62.9608,4354200
2021-08-02,63.1315,63.8143,63.1059,63.5838,1495600
2021-08-03,63.5838,64.4031,63.3278,63.8825,1439900
2021-08-04,63.6009,63.9593,63.0973,63.8996,1862900
2021-08-05,63.763,64.2837,63.3192,64.2837,1740000
2021-08-06,64.2666,65.1286,63.4643,64.4543,2218200
2021-08-09,64.6848,64.9494,64.3178,64.9238,1386300
2021-08-10,65.0347,65.5127,64.6421,65.2054,1938500
2021-08-11,65.3249,65.9992,65.2652,65.8199,1522200
2021-08-12,65.9565,66.4429,65.7431,65.9309,2388600
2021-08-13,65.9991,66.5795,65.7772,66.3491,1448600
2021-08-16,66.5027,67.2196,66.2466,66.7843,2077600
2021-08-17,66.7628,66.8662,65.8232,66.5818,1737700
2021-08-18,66.5818,66.7024,65.737,66.0301,1710200
2021-08-19,66.168,66.8662,65.9956,66.1077,1558600
2021-08-20,65.9611,66.5904,65.5732,66.3318,1834000
2021-08-23,66.3318,66.3318,65.1853,65.3318,1655700
2021-08-24,65.2715,65.2973,64.4181,64.6681,1575400
2021-08-25,64.6078,65.1077,64.194,64.8836,1674300
2021-08-26,64.6509,64.9612,64.3578,64.8405,1592600
2021-08-27,64.9439,65.2456,64.7284,65.2025,1547700
2021-08-30,65.2715,65.5387,65.0819,65.2543,1938000
2021-08-31,65.2198,65.6077,64.8577,65.0388,3234400
2021-09-01,65.0905,66.0732,65.0474,65.8922,2834200
2021-09-02,66.0818,66.4869,66.0473,66.4869,1483300
2021-09-03,66.4869,66.5387,65.7542,65.7715,1948000
2021-09-07,65.7973,65.9094,64.4957,64.5474,1828800
2021-09-08,64.6164,66.418,64.4526,66.3059,2427400
2021-09-09,66.2025,66.3232,65.7715,65.8404,1925700
2021-09-10,65.5819,65.7456,64.3578,64.3837,2146200
2021-09-13,64.9526,65.2801,63.9612,64.1423,2416200
2021-09-14,64.3836,64.5388,63.7457,63.9526,2048400
2021-09-15,63.7716,64.5474,63.6595,63.7802,2766000
2021-09-16,63.8578,64.2112,63.4354,63.4958,1979900
2021-09-17,63.0217,63.7371,62.8665,62.9872,7274000
2021-09-20,63.0044,64.1078,62.7631,63.1941,2743200
2021-09-21,63.1423,63.7975,62.8924,62.9699,1570500
2021-09-22,63.1423,63.5302,62.6424,63.1423,1865800
2021-09-23,63.0992,63.694,62.9182,63.0217,1606400
2021-09-24,62.901,63.5302,62.8493,62.9268,1734600
2021-09-27,63.1768,63.9354,62.47,62.5217,1871300
2021-09-28,62.6941,62.8406,61.9441,62.2027,2258800
2021-09-29,62.1338,63.8147,62.1338,63.3147,1499300
2021-09-30,63.2544,63.5044,62.5734,62.5734,2752100
2021-10-01,63.1768,63.1768,61.6683,61.72,2237400
2021-10-04,61.6769,63.3406,61.6511,63.1165,2150500
2021-10-05,63.1854,63.3492,62.6769,62.9613,2160500
2021-10-06,62.8579,64.3578,62.6682,64.3147,2696000
2021-10-07,64.3922,64.9095,63.9785,64.1164,1624600
2021-10-08,63.9785,64.0647,63.2803,63.332,1788500
2021-10-11,65.237,65.987,63.7113,63.7199,7765700
2021-10-12,63.7371,65.5905,63.5734,65.2457,4354400
2021-10-13,65.1508,65.8404,64.9957,65.556,3608800
2021-10-14,65.5215,65.8663,65.1594,65.2284,3854100
2021-10-15,65.1681,65.2974,64.0216,64.194,16582100
2021-10-18,62.9182,63.2027,62.1079,62.832,6172200
2021-10-19,63.2286,63.582,62.832,63.5561,1986600
2021-10-20,63.7888,65.1767,63.6509,65.0905,2198600
2021-10-21,65.1939,65.3663,64.694,65.0301,1519600
2021-10-22,65.2801,65.7973,65.1853,65.5904,1248900
2021-10-25,65.4267,65.7542,65.0819,65.4094,1637500
2021-10-26,65.4094,66.1939,65.2974,65.7542,1625200
2021-10-27,66.0559,66.0559,65.2715,65.5043,1581700
2021-10-28,65.6163,65.9525,65.3749,65.7629,1320000
2021-10-29,65.7628,66.0214,64.7974,64.9957,2475800
2021-11-01,64.9957,66.0904,64.7629,65.6077,1659800
2021-11-02,65.6766,66.1163,64.9957,65.8922,1976500
2021-11-03,65.6508,66.5645,65.4611,66.3576,2173500
2021-11-04,66.2628,66.6335,65.0991,65.7542,2128100
2021-11-05,66.6249,67.9179,66.6249,67.4179,3651700
2021-11-08,67.2369,67.28,66.1594,66.418,2418800
2021-11-09,66.6335,67.2541,66.5645,67.0903,1688300
2021-11-10,67.2369,67.7886,66.6249,67.2024,2345300
2021-11-11,66.9611,67.1335,66.3663,66.8749,1566800
2021-11-12,66.9007,66.9007,66.3921,66.5042,3386200
2021-11-15,66.9783,67.9351,66.7628,67.9006,1880400
2021-11-16,67.9746,68.3142,67.4697,67.4871,1560000
2021-11-17,67.3652,67.6003,66.9038,67.4697,1603500
2021-11-18,67.2956,67.7048,66.5295,67.609,1739900
2021-11-19,67.6786,68.2793,67.609,67.9311,1841000
2021-11-22,67.8267,69.0977,67.5568,68.4012,1899300
2021-11-23,68.497,69.2892,68.3838,68.9236,1552300
2021-11-24,69.0803,69.2631,68.6363,68.9671,1295500
2021-11-26,68.6363,69.5504,68.4448,68.4883,1337400
2021-11-29,68.8017,70.0814,68.4447,69.9508,3064700
2021-11-30,69.3415,69.5765,67.5916,67.5916,5229000
2021-12-01,67.905,69.2718,67.4697,67.8527,1775200
2021-12-02,68.201,69.1064,68.053,68.5057,1830200
2021-12-03,68.8191,70.1337,68.5231,70.1076,2618700
2021-12-06,70.5167,71.4221,70.3687,70.8214,2842800
2021-12-07,70.569,71.1348,70.2817,71.0042,2061700
2021-12-08,71.1609,71.5788,70.5515,70.9781,1439400
2021-12-09,71.1174,71.3351,70.0379,71.1087,4671600
2021-12-10,71.3176,72.075,71.0042,71.9183,1526200
2021-12-13,71.84,73.1111,71.7355,72.6671,3965300
2021-12-14,72.7715,73.0762,72.1795,72.4059,1532200
2021-12-15,72.4581,73.6943,72.3536,73.5812,2603500
2021-12-16,73.3461,74.1906,72.7976,73.7291,1932100
2021-12-17,73.7901,74.1122,72.8238,72.9718,4627100
2021-12-20,72.4581,73.3461,71.9619,73.1633,1592400
2021-12-21,73.5289,73.6769,72.3014,72.58,1368200
2021-12-22,72.5626,73.0762,72.3797,72.9978,4738800
2021-12-23,73.2068,73.4245,72.8151,72.9282,1313500
2021-12-27,72.7367,73.0675,72.5278,72.8934,974200
2021-12-28,72.8934,73.4854,72.7889,73.4767,786600
2021-12-29,73.6247,74.1557,73.3635,74.0861,1343300
2021-12-30,74.1906,74.3386,73.703,74.1557,1396500
2021-12-31,74.0339,74.5214,73.7117,74.2776,1048000
2022-01-03,74.3037,74.3734,73.1459,74.1122,1450500
2022-01-04,73.8772,74.8,73.7292,73.9729,2844600
2022-01-05,73.999,75.0872,73.9642,74.4778,3592300
2022-01-06,74.9131,74.9915,73.9207,74.3211,3841800
2022-01-07,74.0164,74.9305,73.5637,74.5823,3727400
2022-01-10,74.6519,75.0263,73.555,73.8075,3870600
2022-01-11,73.7814,74.0774,71.4743,72.3188,2965500
2022-01-12,71.9619,72.4842,71.6746,72.4233,2147400
2022-01-13,72.3798,73.3548,72.1186,73.0762,1584700
2022-01-14,73.1285,73.3287,72.1969,72.7106,2202900
2022-01-18,72.0925,72.2057,70.8214,71.3786,3263300
2022-01-19,71.4744,72.2405,71.0391,71.5179,1976400
2022-01-20,71.2828,72.0838,70.8911,71.4221,2727100
2022-01-21,71.9445,72.8847,71.6311,71.9619,4222100
2022-01-24,71.8226,72.5539,69.7419,71.3786,3852200
2022-01-25,70.8127,72.0054,70.7779,71.2219,3044400
2022-01-26,71.2219,71.7791,70.3252,70.8475,4293100
2022-01-27,71.5179,72.6322,71.3003,72.049,2890800
2022-01-28,72.0489,73.7727,71.5614,73.6769,2515600
2022-01-31,73.999,75.3484,73.4941,75.2614,5553800
2022-02-01,75.5399,75.9143,74.1122,74.9131,2343300
2022-02-02,74.6171,75.9491,74.4604,75.8708,1798400
2022-02-03,75.7228,76.3235,75.4355,75.7315,1382700
2022-02-04,75.0524,75.7228,74.2341,74.948,2578800
2022-02-07,75.0524,75.6618,74.3386,75.392,1759000
2022-02-08,75.6096,75.836,75.035,75.2353,1602400
2022-02-09,75.627,75.8969,75.0437,75.2004,1461700
2022-02-10,74.5649,74.8087,72.9805,73.1546,1592100
2022-02-11,73.32,73.9468,72.9108,73.3548,1671200
2022-02-14,73.4506,73.7466,71.4831,72.2753,1902600
2022-02-15,72.6181,72.8554,71.1239,71.5106,1268700
2022-02-16,71.4139,71.6952,70.4119,71.2645,2466800
2022-02-17,71.4315,71.9764,70.6756,71.5897,1939000
2022-02-18,71.3612,74.5342,71.2997,74.3672,3880200
2022-02-22,74.4638,74.9648,73.207,74.4902,2382100
2022-02-23,74.7188,75.0879,74.0771,74.1826,2387200
2022-02-24,73.7871,74.1826,71.6688,73.2245,2479300
2022-02-25,74.0771,75.879,73.831,75.5362,1883800
2022-02-28,74.789,75.7031,74.6221,75.3867,2439400
2022-03-01,75.7998,76.5909,74.1035,75.044,2122200
2022-03-02,75.1582,76.9776,75.1582,76.3887,1728700
2022-03-03,76.4678,77.7072,76.4415,77.6017,1700500
2022-03-04,77.3468,79.0168,77.2061,78.9992,1754300
2022-03-07,79.0343,79.3508,77.9444,79.2277,1809100
2022-03-08,79.5002,79.966,77.9972,78.006,1546000
2022-03-09,78.6916,78.9552,77.4874,77.6808,1524200
2022-03-10,77.3907,78.841,77.3643,78.6388,1353200
2022-03-11,78.4982,79.6496,78.3663,78.5246,1405900
2022-03-14,79.1398,79.4387,78.0499,78.6828,1443400
2022-03-15,79.4826,79.8166,78.8849,79.4563,1545200
2022-03-16,79.2277,79.4035,77.7247,78.7882,1651600
2022-03-17,78.9025,79.5793,78.296,79.1134,1913800
2022-03-18,79.0607,79.1046,77.4347,77.962,3430900
2022-03-21,78.4015,79.4562,78.3576,78.7267,1247600
2022-03-22,78.9553,78.9904,77.7423,78.4806,1441400
2022-03-23,78.674,79.5617,77.9181,79.0519,1265100
2022-03-24,79.509,80.3615,78.964,80.344,1462800
2022-03-25,80.5813,81.6975,80.4231,81.4602,1565300
2022-03-28,81.5921,81.8557,80.6428,81.7854,1185100
2022-03-29,81.8206,82.3479,81.3108,82.1985,1284100
2022-03-30,82.3128,83.2796,81.926,83.262,1352300
2022-03-31,83.2181,84.1498,83.0072,83.2181,2073600
2022-04-01,82.9368,84.475,82.2688,84.475,1906700
2022-04-04,84.1322,84.1322,82.6116,83.8949,1893300
2022-04-05,83.9388,85.2573,83.9388,84.5102,1545500
2022-04-06,84.8969,86.6108,84.4574,86.4878,1835000
2022-04-07,86.4877,86.7075,85.3627,85.7494,1956000
2022-04-08,86.1362,86.3032,84.8353,86.0571,1546100
2022-04-11,85.3715,86.0043,84.5629,84.9057,1861200
2022-04-12,84.4574,86.1186,84.1146,85.9604,2667200
2022-04-13,86.1362,86.2153,85.31,86.0483,1792900
2022-04-14,86.3647,86.6548,85.8989,86.1626,1272500
2022-04-18,86.4878,86.6723,84.8529,85.2045,1003300
2022-04-19,85.6176,86.3471,85.3276,86.145,1132800
2022-04-20,86.7075,87.2085,86.4702,86.4966,1344100
2022-04-21,86.2417,87.1294,85.8461,86.3032,1913500
2022-04-22,86.1362,86.2592,84.6684,84.809,2026900
2022-04-25,85.266,85.266,82.7347,84.4223,1666300
2022-04-26,84.3168,85.5385,83.6136,83.64,1436100
2022-04-27,83.7279,84.6332,82.7962,83.262,1431700
2022-04-28,83.5433,84.3343,83.0159,83.8861,1096800
2022-04-29,83.5345,83.596,81.4075,81.513,3999900
2022-05-02,82.2776,82.5325,79.9396,80.8713,1721900
2022-05-03,80.968,82.8314,80.9329,81.1086,1518600
2022-05-04,81.6448,82.304,81.1702,82.181,1859800
2022-05-05,81.8909,82.5501,81.0207,81.4426,1606100
2022-05-06,80.5109,83.0335,79.9836,82.6028,1747200
2022-05-09,82.0843,83.9125,81.0471,82.9544,2088900
2022-05-10,83.0335,84.3959,80.8537,81.4338,2107400
2022-05-11,81.7678,84.0267,81.4954,82.8665,1662400
2022-05-12,82.9192,83.4378,81.6975,82.928,2167500
2022-05-13,83.5081,83.9125,82.4007,83.8509,1735600
2022-05-16,84.1146,84.4925,83.3763,83.5345,1639500
2022-05-17,84.1018,84.7931,82.4798,84.6424,1589500
2022-05-18,84.9526,85.4401,84.217,84.3942,2151000
2022-05-19,84.1727,84.1904,82.7191,84.0397,1991600
2022-05-20,84.2436,85.1121,83.6497,84.9172,2400400
2022-05-23,86.3707,87.6027,85.5287,86.5746,2778300
2022-05-24,86.6721,89.0562,86.1048,88.9765,1853100
2022-05-25,88.9764,89.3044,88.3738,88.9144,1877800
2022-05-26,89.4285,89.6235,88.4181,88.5156,1480100
2022-05-27,88.0547,89.2246,87.9661,89.1449,1321800
2022-05-31,88.4358,88.9499,87.5938,87.9749,3889500
2022-06-01,88.037,88.099,86.3973,87.4165,1970800
2022-06-02,87.7002,87.7356,85.7769,87.3722,1487700
2022-06-03,87.2393,87.4697,86.6809,86.7784,1093800
2022-06-06,87.2127,87.9572,86.5657,86.9468,983900
2022-06-07,86.6898,87.4166,85.7946,87.2836,1810900
2022-06-08,86.9468,87.0886,85.8301,86.0073,1054800
2022-06-09,85.9896,86.2466,83.6675,83.765,1270700
2022-06-10,82.9318,84.9792,82.4444,84.3322,1946400
2022-06-13,83.5257,84.022,80.335,80.787,2157400
2022-06-14,80.8667,81.2567,77.6228,78.6864,1922300
2022-06-15,79.1473,79.6259,77.2683,78.2167,1924800
2022-06-16,77.4899,79.2891,76.4529,77.7026,2640700
2022-06-17,77.9242,78.2433,76.3023,77.0024,4185900
2022-06-21,77.0024,78.4382,76.7986,78.1812,2130800
2022-06-22,77.8267,79.3955,77.7558,78.7928,1732700
2022-06-23,78.9523,81.2212,78.8991,80.9288,1800900
2022-06-24,81.2212,82.5862,80.9819,82.3646,1667000
2022-06-27,82.0632,83.3307,81.7619,82.923,1350600
2022-06-28,83.2952,83.9954,83.1534,83.4193,1575100
2022-06-29,83.5168,84.2967,83.5168,83.9511,1257200
2022-06-30,83.57,85.2008,83.4193,84.2879,2282100
2022-07-01,84.6956,86.4239,84.0309,86.1846,2030200
2022-07-05,86.1491,86.2378,80.5299,82.1519,2973300
2022-07-06,82.4444,83.5345,81.7087,82.5153,1835500
2022-07-07,82.533,83.0736,81.5669,81.8062,1581000
2022-07-08,82.1519,82.276,81.2922,81.5137,1375300
2022-07-11,81.0883,82.4355,81.0528,82.3646,1602300
2022-07-12,82.0189,83.242,81.7796,82.2671,1507600
2022-07-13,81.6999,82.7368,81.3365,82.0101,1230100
2022-07-14,80.5122,82.4798,80.397,82.2848,1184700
2022-07-15,82.9584,82.9673,81.7264,82.7811,2464000
2022-07-18,82.4266,82.7103,81.1415,81.2124,1403900
2022-07-19,81.558,82.2405,81.2567,81.7353,1047400
2022-07-20,81.6556,81.6644,80.2906,80.335,1427900
2022-07-21,80.1311,80.6008,79.5816,80.4945,1302100
2022-07-22,80.9111,81.9658,80.5299,81.9303,1098100
2022-07-25,81.6467,83.4459,81.496,83.3927,1159100
2022-07-26,83.2864,84.5272,83.2332,84.5183,1484300
2022-07-27,84.1992,84.9792,83.8181,84.8108,1457800
2022-07-28,85.5553,87.4166,85.3426,87.2836,1455700
2022-07-29,87.2038,88.4181,87.1861,87.9838,3687100
2022-08-01,87.7711,88.1788,86.4771,87.1507,3332900
2022-08-02,87.7799,87.904,86.7341,86.9025,1662200
2022-08-03,86.4593,87.1152,84.9349,86.9468,1833700
2022-08-04,87.0975,87.5229,86.3175,86.353,1820400
2022-08-05,86.2821,86.5746,84.5715,86.1403,1669100
2022-08-08,86.6366,87.8331,86.5923,87.3013,1200400
2022-08-09,87.8242,88.2054,87.4609,87.6647,964100
2022-08-10,87.9483,88.1079,86.9025,87.7356,989800
2022-08-11,87.647,88.3826,87.1861,87.2836,1199800
2022-08-12,87.709,88.2585,87.4609,87.842,1955100
2022-08-15,87.9306,88.9853,87.647,88.8878,1055600
2022-08-16,88.8164,89.6829,88.593,89.3524,1155400
2022-08-17,89.0129,90.1028,88.9682,89.8526,1002000
2022-08-18,90.0402,90.5048,89.7812,90.1653,950800
2022-08-19,90.4333,90.737,89.6114,89.8258,1179200
2022-08-22,89.5578,89.8705,88.6198,88.8074,1597900
2022-08-23,88.9504,89.1112,87.8515,88.2267,930300
2022-08-24,88.0481,88.4054,87.4942,88.334,1007900
2022-08-25,88.3429,88.9325,87.7533,88.8521,1109700
2022-08-26,88.8521,89.0665,87.8426,88.0213,1098600
2022-08-29,87.7176,89.1648,87.0475,88.6288,1017900
2022-08-30,88.4858,88.8521,87.4674,87.8158,1185400
2022-08-31,87.8694,88.7627,87.3066,87.3155,1962800
2022-09-01,87.3513,88.995,87.1726,88.8342,1234700
2022-09-02,89.1916,89.8705,87.7265,87.9766,1178300
2022-09-06,88.0659,88.7002,87.1011,87.3245,1264300
2022-09-07,87.8337,90.6298,87.7533,90.4333,1685700
2022-09-08,90.2278,90.6745,89.5846,89.9241,1252600
2022-09-09,90.4244,90.6477,89.3166,90.0938,1146400
2022-09-12,90.201,91.3088,89.8616,91.0497,1387800
2022-09-13,90.335,90.5762,87.8426,88.2803,1562600
2022-09-14,88.2446,90.0134,88.2178,89.3077,1476700
2022-09-15,88.9682,88.9682,86.9314,87.2262,1302100
2022-09-16,87.4406,87.8784,86.8689,87.0207,2872200
2022-09-19,86.7885,88.0123,86.3418,87.9677,951800
2022-09-20,87.396,87.4049,86.1899,86.985,865800
2022-09-21,87.5389,88.5037,85.9398,85.9755,955700
2022-09-22,85.779,86.5919,85.0732,86.1363,871700
2022-09-23,85.2787,85.8236,84.2156,85.2876,1206300
2022-09-26,84.966,85.1179,82.4379,83.2329,1652500
2022-09-27,83.5813,83.8136,80.946,81.0889,2319300
2022-09-28,82.0805,82.0805,80.6512,81.1336,2224400
2022-09-29,80.7673,80.9013,77.8997,78.3106,2057800
2022-09-30,78.7484,79.0968,76.3363,76.6133,3118300
2022-10-03,77.9533,79.8829,77.6496,78.3106,2289700
2022-10-04,78.4089,79.6864,77.8907,79.606,1768000
2022-10-05,78.6322,78.659,76.4078,77.0957,1808900
2022-10-06,76.7562,76.9795,74.8355,75.041,1887200
2022-10-07,75.1661,75.3001,72.5217,72.8791,1855600
2022-10-10,72.8791,73.8082,72.62,72.7987,1458400
2022-10-11,72.7898,73.6384,72.4056,72.8969,1955900
2022-10-12,72.5575,72.7183,70.9405,70.9941,1999200
2022-10-13,70.3599,73.6027,69.7702,73.3883,1949000
2022-10-14,74.371,74.3799,72.6021,73.1739,3156300
2022-10-17,74.1744,75.4787,73.9868,74.1655,1668000
2022-10-18,75.1035,76.0058,74.8802,75.9343,1647600
2022-10-19,75.0142,75.7467,74.4156,75.5234,1455900
2022-10-20,75.3537,75.4519,74.1655,74.5228,2384500
2022-10-21,74.8355,76.3006,73.8885,75.8182,2417700
2022-10-24,76.3542,76.9349,75.3447,75.6574,1595900
2022-10-25,75.6842,76.9259,75.5055,76.6937,1535400
2022-10-26,77.1671,77.6138,76.3721,76.5954,1941100
2022-10-27,77.1403,78.257,76.8723,77.2029,1586700
2022-10-28,77.5066,79.0521,77.5066,79.0163,1605200
2022-10-31,79.0164,79.4273,78.2838,78.5786,2381400
2022-11-01,78.6322,78.9092,77.6853,78.6322,1261700
2022-11-02,78.4893,80.401,78.4446,78.8019,1689200
2022-11-03,78.4536,79.8114,77.6764,79.2665,1583300
2022-11-04,79.0878,80.5172,78.3553,80.4368,1969700
2022-11-07,80.3564,80.4278,77.7121,78.3017,1600100
2022-11-08,78.7484,79.6238,78.4,78.8734,1277100
2022-11-09,78.8556,79.597,78.1051,78.3195,1624000
2022-11-10,80.2134,81.4463,79.0342,81.2497,1711900
2022-11-11,81.1336,81.3033,78.7483,79.6149,2556800
2022-11-14,79.8829,81.3212,79.8025,79.8025,1845500
2022-11-15,80.2081,81.0553,80.0639,80.848,2197200
2022-11-16,81.1184,83.3987,81.1184,82.3262,3049300
2022-11-17,81.6502,82.236,81.2446,81.8485,1752100
2022-11-18,82.6146,84.3361,82.6146,84.3001,1959800
2022-11-21,84.4803,85.4447,84.3001,84.8589,1172000
2022-11-22,85.1924,86.3551,85.0301,85.8233,2231600
2022-11-23,85.6791,87.2834,85.3997,87.1302,1957900
2022-11-25,87.4547,88.0045,87.1302,87.8783,830000
2022-11-28,87.4366,87.8783,86.4542,87.013,1596900
2022-11-29,86.6255,86.8778,86.0035,86.7967,1342000
2022-11-30,86.6976,88.8066,86.328,88.365,4302700
2022-12-01,88.8697,89.762,87.9774,88.1938,1850400
2022-12-02,87.662,88.0676,87.1572,87.7431,1719700
2022-12-05,87.004,88.0135,86.8869,87.7611,1521600
2022-12-06,87.8242,88.3199,87.031,87.9324,1600900
2022-12-07,87.7341,88.6805,86.8959,87.0581,1368300
2022-12-08,86.986,88.0045,86.8057,87.9594,1005900
2022-12-09,87.4367,87.9775,86.9229,87.004,1485400
2022-12-12,87.5899,88.6534,87.022,88.6444,1225500
2022-12-13,89.6719,89.9333,87.8152,88.7886,1396300
2022-12-14,88.8067,90.1046,88.1036,88.7255,1983800
2022-12-15,88.2478,88.7345,87.031,87.4096,1865500
2022-12-16,86.5443,87.1212,84.94,85.7782,3946600
2022-12-19,85.7242,86.8238,85.0572,85.4898,1348000
2022-12-20,85.4718,86.0937,84.7868,85.2555,1846800
2022-12-21,85.625,86.292,85.3095,86.2739,1521000
2022-12-22,86.1928,86.1928,84.5164,85.7692,1049900
2022-12-23,85.6971,86.5353,85.6971,86.3911,1278500
2022-12-27,86.5624,87.2834,86.328,87.022,1352000
2022-12-28,87.2564,87.4457,86.3641,86.4993,1318200
2022-12-29,86.9589,87.662,86.6345,86.968,1193800
2022-12-30,87.0851,87.2023,85.2194,85.9044,1224400
2023-01-03,86.0396,86.8598,84.6606,86.31,2098400
2023-01-04,86.7426,87.8242,86.4722,87.0581,1878500
2023-01-05,86.4272,86.8688,85.1113,85.8864,1891600
2023-01-06,86.7697,88.3921,86.5444,88.1757,1414500
2023-01-09,87.2564,88.9148,86.7877,88.0766,1471300
2023-01-10,88.3199,88.5993,87.4907,88.4101,1259900
2023-01-11,88.4551,89.2844,88.392,88.8788,1612100
2023-01-12,89.041,89.1762,87.7882,87.9053,1236900
2023-01-13,87.3736,87.4096,86.6164,86.968,1236300
2023-01-17,87.0401,87.3105,85.8864,86.0666,2496000
2023-01-18,86.2199,86.4813,83.8765,84.1288,1808400
2023-01-19,84.1829,84.264,83.0743,83.3537,1416900
2023-01-20,83.4258,84.5795,82.3803,84.5344,2507500
2023-01-23,84.3902,85.2735,83.7773,84.3181,1440500
2023-01-24,84.273,85.0752,83.579,84.7687,1176200
2023-01-25,84.246,85.1473,83.7322,85.1293,1190000
2023-01-26,84.922,85.5439,84.5795,85.5168,1276100
2023-01-27,85.4357,85.9585,84.931,85.5439,952300
2023-01-30,85.5439,86.5263,85.3817,85.6701,1161700
2023-01-31,85.9044,86.0576,84.6696,85.9044,3663500
2023-02-01,85.5349,86.5263,85.1834,86.0306,1557600
2023-02-02,85.9044,86.6705,85.1743,85.7692,1625600
2023-02-03,85.5349,85.598,82.8219,83.7593,1741800
2023-02-06,83.5159,84.4173,83.2455,84.3181,1370400
2023-02-07,83.8314,84.255,83.2816,84.0477,1388600
2023-02-08,83.7413,83.7593,82.1009,82.7138,1407700
2023-02-09,82.894,83.2275,81.1905,81.2897,1489700
2023-02-10,81.542,83.3627,81.4249,83.2455,1373800
2023-02-13,83.2726,83.7413,83.0923,83.6421,1300400
2023-02-14,83.6148,84.024,82.7692,82.8329,1047600
2023-02-15,82.5146,82.9874,82.1964,82.9238,1141800
2023-02-16,82.2237,83.8331,81.4144,83.3421,3701400
2023-02-17,83.2602,84.8514,82.4237,84.7878,3654600
2023-02-21,84.4695,84.9151,83.833,84.315,2197900
2023-02-22,84.5423,85.0605,83.7421,84.024,1740100
2023-02-23,84.4059,84.5786,82.9511,83.2693,1848800
2023-02-24,82.6874,83.2784,82.0236,82.9783,1886000
2023-02-27,83.5784,84.2422,82.5692,82.6055,1928700
2023-02-28,82.26,82.7328,81.2144,81.2417,2705000
2023-03-01,80.9416,81.1962,79.1322,80.1506,1969300
2023-03-02,80.196,81.6327,79.4504,81.4781,1415000
2023-03-03,81.7054,82.4874,80.7689,82.4601,1497700
2023-03-06,82.5146,83.4784,82.4965,83.3148,1592400
2023-03-07,84.1058,84.324,82.0418,82.4328,2278600
2023-03-08,82.3873,83.9785,82.3691,83.3693,1839800
2023-03-09,83.6694,84.6241,82.8601,83.0056,1902300
2023-03-10,83.333,83.6876,82.1237,82.3964,1969100
2023-03-13,82.4419,86.9882,82.3419,84.3695,2773800
2023-03-14,84.7423,86.3153,84.7059,85.4788,1936000
2023-03-15,85.4515,87.4246,85.006,86.9609,2828000
2023-03-16,86.8881,88.4066,86.5881,87.561,2182200
2023-03-17,87.2246,87.7247,86.4062,86.9518,3638400
2023-03-20,87.2246,88.4975,87.1154,88.1156,1735300
2023-03-21,87.8065,88.1793,83.7967,84.7332,2627700
2023-03-22,85.1333,85.497,83.6694,83.7421,2537000
2023-03-23,83.4148,84.5332,82.7965,83.4057,2373100
2023-03-24,83.7421,86.479,83.4966,86.4426,1643500
2023-03-27,86.7608,87.1154,85.888,85.988,1896500
2023-03-28,85.7425,87.0427,85.5333,85.8243,1762300
2023-03-29,86.188,86.9518,86.1789,86.479,1635800
2023-03-30,86.579,87.0154,86.0334,86.1244,2108200
2023-03-31,86.088,87.0245,85.9607,86.9882,2099900
2023-04-03,86.5972,87.0973,85.8425,86.4608,2235300
2023-04-04,86.6063,87.6246,86.4699,87.3064,1560900
2023-04-05,88.0247,89.7977,87.9247,89.5704,2040500
2023-04-06,89.9432,90.3342,88.7157,89.9887,1578600
2023-04-10,89.7887,90.2433,89.0249,90.2069,1355600
2023-04-11,90.1614,90.507,89.3613,90.116,1338700
2023-04-12,90.1069,90.6797,89.3704,89.7341,1185300
2023-04-13,89.2431,89.9069,87.7974,89.1795,1335200
2023-04-14,88.3975,88.7885,87.7337,87.9065,1827000
2023-04-17,88.2884,89.0613,88.0611,88.9885,1520100
2023-04-18,88.9249,89.0703,88.1702,88.6703,997200
2023-04-19,88.9067,89.8432,88.8157,89.234,1158300
2023-04-20,89.5886,89.7523,88.8703,89.7068,1215900
2023-04-21,90.5251,90.6979,89.5795,90.0523,1875100
2023-04-24,90.1978,90.8252,89.6795,90.7797,1110700
2023-04-25,90.9252,91.7617,90.6161,91.2889,1404100
2023-04-26,90.2797,91.3162,89.8887,90.1433,1378600
2023-04-27,90.0523,90.5433,89.2976,90.1796,1713500
2023-04-28,90.0887,90.6161,89.0067,89.5341,2316000
2023-05-01,89.4977,91.0434,89.3704,90.116,1834800
2023-05-02,90.0341,90.5524,89.1794,89.625,1425200
2023-05-03,90.3706,90.3978,89.0885,89.1431,1203000
2023-05-04,89.3158,90.216,88.8521,89.5795,1648000
2023-05-05,89.8341,91.3253,88.9249,90.4615,2218600
2023-05-08,90.3251,91.2162,89.334,90.0251,1524900
2023-05-09,90.1523,90.2524,89.4522,89.8068,1469800
2023-05-10,90.3251,90.9161,89.6523,90.3888,1504400
2023-05-11,90.416,90.707,89.6068,89.9796,1628900
2023-05-12,90.4251,90.998,89.8796,90.4888,1624600
2023-05-15,90.7797,90.9252,88.7885,89.5432,1838100
2023-05-16,89.3598,89.6807,88.3788,88.4705,2261200
2023-05-17,88.6264,88.6905,87.7096,87.9204,1742500
2023-05-18,87.3795,87.8104,86.9211,87.4254,1806400
2023-05-19,87.8746,88.168,86.9853,87.2695,2209800
2023-05-22,87.4162,87.9846,86.5727,86.7744,1907000
2023-05-23,86.4536,86.8936,85.9035,86.0685,4775100
2023-05-24,86.3527,86.6461,85.5093,85.7201,1578200
2023-05-25,85.5184,86.0227,84.6658,85.4634,3679300
2023-05-26,85.3809,85.3901,84.5466,84.9775,2210700
2023-05-30,84.8767,85.7384,84.5649,84.8583,1939100
2023-05-31,85.06,85.8668,84.6383,85.5368,3277300
2023-06-01,85.9126,85.9401,83.9599,84.1799,2937100
2023-06-02,83.9966,84.9867,82.9881,84.1249,2244800
2023-06-05,84.1799,86.0227,84.1799,85.2159,1963200
2023-06-06,85.711,85.7843,84.5283,84.7208,1543100
2023-06-07,84.73,86.0685,83.5657,85.7568,1847100
2023-06-08,84.6933,86.4077,84.6383,86.1785,1416400
2023-06-09,86.1785,86.3527,85.6009,85.711,1264900
2023-06-12,85.9035,85.9035,84.3908,84.9225,2020900
2023-06-13,84.5191,84.8217,83.8957,84.3724,1728900
2023-06-14,84.6291,85.766,84.2074,84.7025,1678000
2023-06-15,85.2709,85.8943,84.7666,85.28,1997600
2023-06-16,85.6101,86.3161,84.9959,85.2342,4678700
2023-06-20,85.3534,85.4818,84.2991,84.3633,1939500
2023-06-21,84.2716,85.2159,83.4465,85.1884,1907100
2023-06-22,85.5459,85.7751,84.2991,84.4549,1914000
2023-06-23,84.8858,84.9225,82.8872,83.1898,1994100
2023-06-26,83.4556,84.1982,82.8231,84.0516,1242500
2023-06-27,84.2716,84.6566,83.9966,84.3266,1262900
2023-06-28,84.3266,84.3266,82.3922,82.6122,1490500
2023-06-29,81.9613,82.8231,81.8879,82.1171,1545000
2023-06-30,82.3463,82.9239,82.0255,82.8781,1552100
2023-07-03,82.6947,83.4831,82.3647,83.474,707000
2023-07-05,83.1989,85.6743,83.1348,85.1242,2334700
2023-07-06,84.6291,84.9592,83.9782,84.5008,1776100
2023-07-07,83.8682,84.95,83.5198,84.3724,1664300
2023-07-10,84.1707,84.2991,83.3915,83.7857,1560600
2023-07-11,83.7582,84.84,83.4281,84.84,1082700
2023-07-12,85.0875,85.6559,84.5925,85.3442,1294200
2023-07-13,84.9959,85.9952,84.6016,85.9677,1712700
2023-07-14,85.7385,85.8301,85.005,85.3351,1121900
2023-07-17,85.1792,85.3167,84.2716,84.73,1512800
2023-07-18,84.8492,85.5826,83.6298,84.4733,2012900
2023-07-19,84.785,85.9677,84.7208,85.711,2029900
2023-07-20,85.9952,88.058,85.4634,87.9113,2095800
2023-07-21,89.0206,89.699,88.5255,89.0481,2121700
2023-07-24,89.2131,89.6623,88.8556,89.0481,1124300
2023-07-25,89.0206,89.9557,88.5897,89.5798,1980000
2023-07-26,89.4606,90.625,89.1581,89.3873,1070000
2023-07-27,88.883,89.3598,87.5904,87.7829,1482000
2023-07-28,88.3055,88.553,87.0403,87.6821,1406300
2023-07-31,87.9479,88.0304,86.5177,86.967,4358900
2023-08-01,86.9945,87.407,85.5184,85.5734,1728300
2023-08-02,85.6468,86.3619,85.4451,85.5643,1404900
2023-08-03,85.2434,85.2617,82.7864,82.8139,2229800
2023-08-04,83.0523,84.51,81.3195,81.8788,2819000
2023-08-07,82.4472,83.7674,82.383,83.0798,2072400
2023-08-08,83.3915,83.6482,82.6855,83.6023,1462400
2023-08-09,83.0798,84.1982,83.0614,83.3915,1331700
2023-08-10,83.7032,84.2808,82.6489,82.8872,1463300
2023-08-11,83.1806,83.4098,82.7039,83.2723,1156100
2023-08-14,83.0247,83.2081,81.7504,82.108,2008900
2023-08-15,81.7286,82.145,80.822,81.118,2454900
2023-08-16,81.4326,82.4965,81.2753,82.182,1353400
2023-08-17,82.1357,82.8666,81.6176,81.6454,1317100
2023-08-18,81.7286,82.8481,81.5714,82.6353,1440600
2023-08-21,82.3855,82.8111,81.4141,82.071,1268800
2023-08-22,81.9877,82.8389,81.6824,82.6908,1559000
2023-08-23,83.0146,83.3384,82.33,83.3014,2679900
2023-08-24,83.1626,84.3838,82.7556,82.7648,1939700
2023-08-25,82.9961,83.7177,82.6816,83.1534,1890800
2023-08-28,83.0979,83.8288,82.4503,82.9961,1669900
2023-08-29,83.1811,83.4309,82.404,83.3384,1484300
2023-08-30,83.2829,83.9305,82.7741,83.1071,1020000
2023-08-31,83.2829,83.4865,82.2745,82.3023,1842400
2023-09-01,82.7556,82.7556,80.748,81.7379,1572700
2023-09-05,81.5251,81.7379,79.8691,80.0356,1942600
2023-09-06,80.3317,80.4334,79.7581,80.3039,1365900
2023-09-07,80.9978,82.5428,80.9978,81.8859,1626300
2023-09-08,82.0987,82.8203,81.6361,82.5705,1392500
2023-09-11,82.0062,83.3384,82.0062,83.0146,1627600
2023-09-12,83.1534,83.5697,82.145,83.4494,1815500
2023-09-13,83.727,84.7724,83.505,84.6151,1725200
2023-09-14,84.9297,85.5033,84.6522,85.4663,2019100
2023-09-15,85.2535,86.1139,84.5596,84.6429,3727600
2023-09-18,84.5319,84.8279,83.9213,84.7169,1519100
2023-09-19,84.8002,85.161,84.3099,84.3469,1132200
2023-09-20,84.8002,85.42,84.1341,84.6521,1186600
2023-09-21,84.5226,85.2258,83.8658,84.0601,1814100
2023-09-22,83.6345,84.6614,83.3107,84.0323,1492100
2023-09-25,83.3107,83.801,82.8203,83.4772,1549400
2023-09-26,83.3014,83.4217,81.0718,81.2568,2009300
2023-09-27,80.9515,81.5251,80.0541,80.1466,1787800
2023-09-28,80.5352,80.711,78.5091,79.0919,1975700
2023-09-29,79.7766,80.2576,78.7774,79.1289,2011200
2023-10-02,78.6571,78.8144,74.9935,75.5116,2440200
2023-10-03,75.123,77.2786,74.4384,76.9548,2635600
2023-10-04,77.3156,77.9818,75.8631,77.8985,1933200
2023-10-05,77.6487,78.7034,76.9826,78.4166,2524700
2023-10-06,77.0751,80.0818,76.4737,79.8876,2419700
2023-10-09,79.8783,81.007,79.8783,80.9978,1451700
2023-10-10,80.785,81.6916,80.6647,81.5251,1830300
2023-10-11,81.8027,82.0525,80.6925,81.8304,1738100
2023-10-12,81.4881,81.8582,79.9061,80.8312,1906000
2023-10-13,81.5806,82.1635,80.896,81.4326,1958500
2023-10-16,78.7774,82.2652,78.7774,82.0247,3995500
2023-10-17,81.7842,82.7926,81.5066,82.2467,2943800
2023-10-18,82.1912,82.4965,81.2661,81.6731,2639700
2023-10-19,81.5251,82.2005,80.8775,81.1088,1950900
2023-10-20,81.118,82.0617,80.0079,80.5444,10175500
2023-10-23,79.8876,81.3216,79.4435,80.1096,2130800
2023-10-24,80.7387,81.6546,80.5907,81.3863,1689600
2023-10-25,81.0348,81.9877,80.822,81.7009,1472000
2023-10-26,82.034,83.3569,81.8582,82.6168,1884600
2023-10-27,82.0895,82.6076,80.6555,80.9238,1248100
2023-10-30,81.2013,81.7934,80.2946,80.933,1370400
2023-10-31,81.4048,81.6731,80.4519,81.2198,2480300
2023-11-01,81.5344,83.1071,80.6092,82.4873,2221600
2023-11-02,82.3485,83.912,82.182,83.4124,1853000
2023-11-03,84.9297,86.2897,83.2552,83.3292,2543100
2023-11-06,84.0415,84.2358,83.1441,83.764,2907700
2023-11-07,83.7825,83.8103,82.6908,82.7833,2220500
2023-11-08,82.4133,82.6076,81.3771,82.0432,2820400
2023-11-09,82.2837,83.1626,82.0525,82.5705,3761600
2023-11-10,82.9961,83.1534,82.256,82.6631,2497200
2023-11-13,82.5705,82.8296,81.4048,81.7564,2326400
2023-11-14,83.3531,84.5389,82.8302,84.5015,1883800
2023-11-15,84.1561,85.4352,84.1561,84.5482,2902300
2023-11-16,85.3326,85.9581,84.8283,85.0898,2012400
2023-11-17,85.5473,85.7341,84.8003,85.3045,1694000
2023-11-20,84.9684,85.2112,83.9506,84.9124,1559700
2023-11-21,84.9964,85.1084,84.1841,84.4922,1052200
2023-11-22,84.7817,84.8657,84.016,84.5202,1682100
2023-11-24,84.6603,84.9684,84.0907,84.931,504800
2023-11-27,84.9777,85.1458,84.2121,84.6603,1703300
2023-11-28,84.6603,85.4913,84.3148,84.7817,1402100
2023-11-29,84.8097,85.2952,83.6892,83.9787,2174500
2023-11-30,84.128,84.4362,83.4278,84.1374,3843400
2023-12-01,84.3335,85.6033,83.8293,85.6033,1519100
2023-12-04,85.0244,86.6211,84.6883,85.8928,1872200
2023-12-05,85.9208,86.1449,84.8844,85.1458,1301100
2023-12-06,85.5286,85.8928,84.7256,85.5753,1260100
2023-12-07,85.9301,86.9852,85.2579,86.313,3032800
2023-12-08,86.2663,86.397,84.8377,85.4819,1910700
2023-12-11,85.2018,85.8087,84.763,85.7807,1660800
2023-12-12,85.9862,85.9862,85.1925,85.65,1351200
2023-12-13,85.8274,88.0777,85.3325,87.7789,1881500
2023-12-14,88.1337,88.3298,85.6873,85.8181,3229100
2023-12-15,85.4353,85.4353,83.3064,83.8946,4549500
2023-12-18,84.1374,84.7536,83.7639,84.0347,2183700
2023-12-19,84.1467,84.5482,83.7919,84.3241,1726000
2023-12-20,84.2588,84.5015,83.4091,83.4277,2498900
2023-12-21,83.5211,84.2307,82.7275,83.297,1940600
2023-12-22,83.8293,84.5482,83.6145,83.7359,865600
2023-12-26,83.4838,84.5109,83.4091,84.2868,932300
2023-12-27,84.1654,84.2868,83.6145,83.8479,1333000
2023-12-28,83.7079,84.7536,83.6892,84.6416,1402500
2023-12-29,84.3521,84.9684,84.072,84.9404,1305500
2024-01-02,84.6883,86.4157,84.5576,86.2849,1806900
2024-01-03,86.4717,86.9105,86.0142,86.8358,2014300
2024-01-04,87.2934,87.7695,86.7425,87.0693,1727100
2024-01-05,86.8825,87.7789,86.7611,87.3214,1972000
2024-01-08,87.2187,87.6575,86.9012,87.5921,1203500
2024-01-09,87.4241,87.7042,86.9759,87.4894,1291800
2024-01-10,87.3307,88.4979,87.1906,88.0683,1572400
2024-01-11,87.6295,87.6295,85.0338,85.2018,2045300
2024-01-12,85.6967,85.9208,85.2205,85.5473,2202500
2024-01-16,85.3512,86.3783,85.0057,85.4913,2038200
2024-01-17,85.0244,86.2569,83.9693,84.5482,1885300
2024-01-18,84.1187,84.2774,83.0263,83.4744,1682300
2024-01-19,83.4464,84.1467,82.9422,83.9039,1689900
2024-01-22,83.904,84.3988,82.8115,83.2877,1678500
2024-01-23,83.157,83.5958,82.6621,83.213,1586100
2024-01-24,83.8759,83.904,82.2419,82.466,1932400
2024-01-25,83.2317,83.7732,82.522,83.7265,1548400
2024-01-26,84.0347,84.2588,83.5118,84.0534,2218900
2024-01-29,84.0347,85.0804,83.6425,84.5856,2173300
2024-01-30,84.4268,85.1738,84.072,84.6696,1550000
2024-01-31,85.4166,85.6874,84.3521,84.875,3138200
2024-02-01,84.3988,86.6678,84.0347,86.6304,1625100
2024-02-02,85.9301,86.2009,84.2027,85.0618,1978400
2024-02-05,84.3335,84.8844,83.6799,83.7265,1852000
2024-02-06,83.4184,84.3801,83.297,83.8199,1621500
2024-02-07,84.1654,84.2121,83.2504,83.5398,1413400
2024-02-08,83.1663,83.5491,82.27,82.7928,1626500
2024-02-09,82.5034,83.2317,82.438,83.157,1457600
2024-02-12,83.1757,83.6238,82.5781,83.5211,1627300
2024-02-13,83.3703,83.7473,80.9859,81.6833,3513600
2024-02-14,82.032,82.3808,81.476,81.8435,2413000
2024-02-15,82.0132,83.2761,81.8812,83.1441,2168500
2024-02-16,82.5127,83.2949,81.7399,82.2959,2949300
2024-02-20,82.3996,83.5682,82.0226,82.541,1974500
2024-02-21,83.0405,83.6814,82.6729,83.5117,1746900
2024-02-22,82.852,83.1347,81.7399,82.852,1628800
2024-02-23,83.0216,83.7379,82.6541,82.8708,1190700
2024-02-26,82.6635,82.7106,81.1367,81.2498,1562900
2024-02-27,81.5514,82.164,81.2027,81.8812,1159000
2024-02-28,81.853,82.2582,81.476,81.6645,1185500
2024-02-29,82.0226,82.6918,81.6645,82.1923,2803400
2024-03-01,81.9849,82.098,80.9105,82.0038,1572000
2024-03-04,81.5797,84.2563,81.5797,84.0018,1960800
2024-03-05,84.3976,85.5663,83.5588,83.8698,2037200
2024-03-06,84.407,85.0856,84.294,84.6804,1436700
2024-03-07,85.538,85.6888,84.5673,84.7652,1007900
2024-03-08,84.982,85.1422,84.0395,84.9348,1072800
2024-03-11,84.9819,85.7642,84.5861,85.5757,1197200
2024-03-12,85.1704,85.8207,84.7369,84.7558,1316800
2024-03-13,85.1987,85.8584,84.2939,84.4165,1673600
2024-03-14,84.0678,84.3882,82.9745,83.5683,1450300
2024-03-15,82.9839,84.0866,82.9839,83.8227,3462300
2024-03-18,83.6908,84.2186,83.3515,83.8698,1355000
2024-03-19,84.2468,84.6332,83.6719,84.5484,1507600
2024-03-20,84.294,85.0197,83.5211,83.917,1545700
2024-03-21,84.1055,84.5673,83.5117,83.5494,2162900
2024-03-22,84.0206,84.2091,83.2949,83.5023,1507500
2024-03-25,83.6437,83.917,82.9368,83.408,1163700
2024-03-26,83.3515,83.4363,82.1451,82.4185,1412000
2024-03-27,82.8614,84.9065,82.8614,84.8689,1935200
2024-03-28,85.0196,85.6699,84.6238,85.5851,1785800
2024-04-01,85.5663,85.6888,84.5201,85.1327,1109600
2024-04-02,85.2082,86.4522,85.2082,85.3872,1829400
2024-04-03,85.3307,85.6322,84.6238,84.7181,1404600
2024-04-04,85.2835,85.5097,84.2186,85.0008,1667000
2024-04-05,84.5107,84.8312,83.7756,84.4919,1737900
2024-04-08,84.5296,85.5474,84.3411,85.3872,1437900
2024-04-09,85.5569,85.915,85.1516,85.8867,1184100
2024-04-10,84.3599,84.5861,83.2196,83.7756,1623500
2024-04-11,84.2468,84.2468,83.0687,83.4552,1325800
2024-04-12,83.6342,84.1903,82.9557,83.5306,1396000
2024-04-15,84.6144,85.0385,83.7002,84.1808,3518000
2024-04-16,83.917,84.1337,82.3713,82.3902,2098200
2024-04-17,82.9556,85.3212,82.7954,85.1327,2923100
2024-04-18,85.4438,85.9338,84.5107,85.67,2528800
2024-04-19,86.1506,87.2062,85.8867,86.4899,7398300
2024-04-22,86.1977,87.5172,85.9998,87.3947,1818300
2024-04-23,87.0554,88.0073,86.9423,87.4983,1843800
2024-04-24,86.7538,88.356,86.0658,88.0544,2001700
2024-04-25,88.0544,88.9309,87.357,88.6953,2191500
2024-04-26,88.6953,88.9497,87.5832,87.5832,1418600
2024-04-29,87.9413,88.7612,87.9413,88.5633,1146300
2024-04-30,87.9413,89.4021,87.4418,88.9686,3732000
2024-05-01,88.6387,89.9487,88.3842,89.3456,2372900
2024-05-02,89.6283,90.1184,89.0251,89.7697,1991600
2024-05-03,90.4765,91.1928,89.5058,90.0618,2465200
2024-05-06,90.1372,90.7216,89.6,90.599,2071500
2024-05-07,91.1739,91.9468,90.3917,91.8902,2029800
2024-05-08,91.7394,92.4745,91.0797,91.9562,2179700
2024-05-09,91.9373,92.5971,91.3813,92.4745,1613200
2024-05-10,92.7761,92.8798,91.9844,92.0787,1688500
2024-05-13,92.0787,92.8044,91.9373,92.0222,1558000
2024-05-14,92.4879,92.6115,91.2712,91.8606,1723400
2024-05-15,92.6685,92.8491,91.8891,92.1172,1749100
2024-05-16,92.1647,92.4974,91.775,92.1172,2388200
2024-05-17,92.2408,92.3644,91.6229,92.2978,1570700
2024-05-20,92.4119,92.4309,91.6705,91.737,1224500
2024-05-21,91.851,92.3929,91.1286,91.5754,1516000
2024-05-22,91.3853,93.2579,91.0526,91.3758,3657500
2024-05-23,90.6439,91.0241,89.104,89.2276,2056700
2024-05-24,89.4462,89.9214,89.085,89.7599,1639100
2024-05-28,89.5698,90.6058,88.5242,88.6002,2168800
2024-05-29,88.1249,88.3245,87.3265,87.3645,2013500
2024-05-30,87.7922,88.1915,87.6116,87.8778,1929600
2024-05-31,88.239,90.1876,88.182,89.8739,7907600
2024-06-03,89.8739,90.5013,88.8188,89.047,2211800
2024-06-04,88.7903,89.5032,88.2105,89.085,3445900
2024-06-05,88.9329,89.0184,87.6782,88.0204,2129700
2024-06-06,87.8112,88.315,87.1839,87.3455,1416800
2024-06-07,86.528,87.5261,86.49,87.0793,1312300
2024-06-10,86.8512,87.7922,86.5755,87.7542,1803600
2024-06-11,87.1459,87.6116,86.6041,87.2124,1315600
2024-06-12,87.9728,88.1154,86.1953,86.6326,1333400
2024-06-13,86.7466,86.9653,85.7105,86.1288,1598000
2024-06-14,85.8056,86.7847,85.5965,86.3759,1258500
2024-06-17,85.9197,86.509,85.644,86.1668,1401200
2024-06-18,85.9767,86.4425,85.3113,85.9197,1336400
2024-06-20,86.0718,86.7086,85.7961,86.0527,1383800
2024-06-21,86.1668,86.9272,85.8436,85.8721,3199700
2024-06-24,85.9957,87.2789,85.9482,86.7561,1441200
2024-06-25,86.5565,86.6326,84.8646,84.9691,1511800
2024-06-26,84.5224,85.3874,84.1421,85.2353,1838700
2024-06-27,85.2163,85.4539,84.8456,85.2448,1258100
2024-06-28,85.5204,85.53,84.3798,84.9976,2647300
2024-07-01,85.3208,85.625,84.1802,84.4178,1145100
2024-07-02,84.5794,84.855,84.3418,84.5699,1128200
2024-07-03,84.5509,85.1307,84.1707,84.3227,922400
2024-07-05,84.4083,85.1687,84.1041,84.8551,1551100
2024-07-08,84.8646,84.9596,83.952,84.0471,1169400
2024-07-09,83.933,84.817,83.8475,84.4558,1589200
2024-07-10,84.7695,85.549,84.2657,85.4254,1188400
2024-07-11,85.7105,87.1649,85.3588,86.9367,1345700
2024-07-12,87.3455,87.9823,87.0508,87.6306,1222900
2024-07-15,87.1269,87.317,85.7201,85.7961,1490200
2024-07-16,86.2999,87.0508,85.8341,87.0223,1526600
2024-07-17,87.4215,89.5698,87.0698,89.123,2039300
2024-07-18,88.7713,90.3777,88.7713,89.4557,2135700
2024-07-19,89.8929,89.95,88.9614,89.3891,1809600
2024-07-22,88.4956,90.045,88.4196,89.9595,1547900
2024-07-23,89.7694,89.7694,88.6097,88.6382,1245700
2024-07-24,89.3511,91.1762,89.0755,91.1381,2179800
2024-07-25,91.6799,92.9822,90.7769,91.1762,1920800
2024-07-26,91.4233,92.2218,91.2142,91.6705,1438800
2024-07-29,91.8511,92.2883,91.2522,92.0792,1320200
2024-07-30,92.0031,93.5145,91.8891,93.3054,1127000
2024-07-31,93.3814,93.3814,92.2503,92.697,1623400
2024-08-01,93.2864,95.3015,92.564,95.254,2409300
2024-08-02,98.0486,100.7482,95.1114,96.7939,4425800
2024-08-05,97.7634,98.2672,95.5962,95.7198,2846300
2024-08-06,95.7198,97.1171,95.7198,95.9004,1956400
2024-08-07,96.0049,97.1646,95.235,96.1855,2139800
2024-08-08,95.6532,96.4517,95.159,95.5297,1784600
2024-08-09,95.6152,96.1285,94.3035,96.0239,1512900
2024-08-12,95.7578,96.9365,95.5297,96.8985,1238400
2024-08-13,96.9745,97.5543,96.3186,96.5753,1505700
2024-08-14,96.1344,97.2653,95.7223,96.6615,1639200
2024-08-15,95.7415,96.2878,94.5339,95.0994,2757400
2024-08-16,95.3581,96.3261,94.8598,95.9332,1684800
2024-08-19,96.1248,96.4794,95.8277,96.2302,1837800
2024-08-20,96.3357,96.9586,95.8948,96.0002,1460700
2024-08-21,95.9427,96.5848,95.8469,96.2398,1922500
2024-08-22,96.144,96.6423,95.8373,96.4794,1845000
2024-08-23,96.6423,96.8819,96.0769,96.4123,1620000
2024-08-26,96.7286,97.4857,96.489,96.6999,1221500
2024-08-27,96.5753,97.0353,95.3677,95.4444,927300
2024-08-28,95.6265,96.8915,95.291,96.2111,1019300
2024-08-29,96.1152,96.6615,95.3102,96.6136,1150900
2024-08-30,96.7957,97.5911,96.6615,97.3324,2366500
2024-09-03,97.5049,99.2012,97.3228,98.9808,2122600
2024-09-04,99.2491,100.5717,99.2491,100.0542,1501000
2024-09-05,100.6292,100.9071,99.1725,99.4695,1538700
2024-09-06,99.8146,100.035,98.9137,98.9808,1760600
2024-09-09,99.0862,100.4567,99.0479,100.3896,1672900
2024-09-10,100.5142,101.2234,100.035,100.6004,1271100
2024-09-11,100.1787,100.3896,98.7412,99.4983,2685900
2024-09-12,99.3929,100.2267,98.952,99.0862,1528600
2024-09-13,99.2779,100.38,98.9137,100.2075,1274700
2024-09-16,100.6675,101.415,100.3992,100.4854,1467900
2024-09-17,100.1692,100.9071,99.6708,100.1883,1391000
2024-09-18,100.035,100.5142,98.2812,99.1054,1347000
2024-09-19,97.2653,98.1662,96.7478,97.8691,1761700
2024-09-20,97.9745,99.2587,97.7349,99.0479,3492600
2024-09-23,99.3641,100.0925,98.9904,99.69,1053600
2024-09-24,98.9137,99.92,98.4249,98.5399,1063000
2024-09-25,98.952,99.1341,98.0128,98.8658,1151100
2024-09-26,98.147,99.6516,98.0032,98.8274,1391600
2024-09-27,99.1629,100.2362,99.1054,99.7187,1366800
2024-09-30,100.0829,100.0829,98.8562,99.7954,1449500
2024-10-01,99.9104,101.1946,99.2491,100.7729,1834600
2024-10-02,99.9775,100.5046,99.6229,100.1021,996700
2024-10-03,100.4471,100.4471,99.2683,99.69,952100
2024-10-04,98.5112,99.0383,98.0128,98.8562,952900
2024-10-07,98.4249,98.4249,96.7382,96.9299,1967300
2024-10-08,97.4378,98.6549,97.0449,97.8595,1328800
2024-10-09,97.7157,98.6454,97.4378,98.1087,1114700
2024-10-10,98.4537,98.8658,97.2749,97.3515,1179600
2024-10-11,97.6678,98.0895,97.4378,98.0607,1317200
2024-10-14,97.5145,98.8466,97.1024,98.7508,1976000
2024-10-15,100.4567,101.9805,100.2267,101.0604,2748900
2024-10-16,101.348,101.7601,100.8304,101.7217,1869200
2024-10-17,102.0092,102.0188,100.6388,101.2617,1727900
2024-10-18,101.5492,102.3255,100.8784,102.3159,6365300
2024-10-21,102.3447,102.6418,101.5301,101.8367,1405800
2024-10-22,101.2329,101.578,100.2842,101.3,1207200
2024-10-23,101.5684,102.9868,101.233,102.9293,1663200
2024-10-24,102.9101,103.2647,102.2488,102.5459,1127300
2024-10-25,102.9389,102.9389,100.15,100.2458,1734300
2024-10-28,100.61,100.9934,100.3992,100.4471,1204600
2024-10-29,99.9296,100.0542,98.5303,98.6262,1452900
2024-10-30,98.8466,99.0958,97.9457,98.4441,1641100
2024-10-31,98.5303,99.46,97.3324,97.4474,3732300
2024-11-01,97.7636,97.8116,95.4252,95.8373,2832700
2024-11-04,95.3485,96.3548,94.1122,95.0227,2088300
2024-11-05,94.8885,95.6936,94.256,95.6648,2062100
2024-11-06,94.5435,95.6456,94.0547,94.8406,3701800
2024-11-07,94.8981,95.5402,93.1922,93.5181,3061400
2024-11-08,94.0547,94.7927,93.3743,94.0452,2915300
2024-11-11,93.566,94.8502,93.5276,94.3806,1968400
2024-11-12,94.3806,94.3806,92.8089,93.0005,2682800
2024-11-13,93.5612,93.6482,91.7246,92.2272,2129500
2024-11-14,92.5075,92.6815,91.8889,92.0629,2112600
2024-11-15,91.8309,93.2712,91.8309,93.2229,2239200
2024-11-18,92.8362,93.7062,92.6235,93.2325,1838700
2024-11-19,93.2422,93.8415,92.1402,93.7352,1861400
2024-11-20,93.3775,94.6631,93.2132,94.6148,2119600
2024-11-21,94.6631,95.4171,94.1025,95.4075,1470600
2024-11-22,95.6008,95.9391,94.9241,95.0788,1186000
2024-11-25,95.1755,96.1614,94.9048,96.1518,3996100
2024-11-26,96.3935,98.4137,96.2291,98.3074,2435300
2024-11-27,98.897,99.2257,98.0367,98.1914,1330400
2024-11-29,98.0174,98.4041,97.1281,97.2344,952300
2024-12-02,97.4761,97.4761,94.9241,95.2141,1911600
2024-12-03,96.0648,96.0648,94.2668,94.2765,1536000
2024-12-04,93.2809,93.6578,92.7009,93.3969,5090600
2024-12-05,93.4645,94.0735,93.1939,93.2809,2615800
2024-12-06,93.2809,93.4549,91.1736,91.6569,2813500
2024-12-09,91.4829,92.2369,90.7966,91.6182,2529500
2024-12-10,91.4829,91.8212,90.1296,91.5312,1695400
2024-12-11,91.4926,91.4926,89.3176,89.656,2352400
2024-12-12,90.3229,90.6129,89.337,89.5206,2300200
2024-12-13,89.511,90.0426,89.0276,89.598,1868500
2024-12-16,89.4819,89.7816,88.003,88.2157,3004500
2024-12-17,87.7807,88.8536,87.4133,87.8097,2172200
2024-12-18,87.6743,87.7613,85.7991,85.9054,2677500
2024-12-19,85.7217,87.2393,85.4221,86.0987,2555700
2024-12-20,85.8184,87.51,85.8184,87.0267,4876400
2024-12-23,86.8914,86.8914,85.828,86.6787,1979000
2024-12-24,86.4177,86.7367,86.1277,86.5917,653900
2024-12-26,86.2534,87.1233,86.031,86.6014,1879800
2024-12-27,86.0311,86.959,85.8667,86.5724,1319600
2024-12-30,86.4854,86.495,85.4607,86.1857,1377800
2024-12-31,86.321,86.6497,85.6347,86.2534,1641000
2025-01-02,86.7367,87.0847,85.7217,86.06,1557900
2025-01-03,86.1567,86.8527,85.7797,86.263,1954100
2025-01-06,85.4897,85.8667,84.7744,85.4221,1981200
2025-01-07,85.7411,86.1954,84.7937,85.0644,2861200
2025-01-08,84.9484,86.0697,84.6004,86.0407,1793000
2025-01-10,85.2771,86.1374,84.8614,85.2094,2243200
2025-01-13,85.4221,85.5284,84.3684,85.5187,1883600
2025-01-14,85.5187,86.5917,85.3157,86.3887,2104000
2025-01-15,86.8237,87.5293,86.437,87.22,1971800
2025-01-16,87.046,89.1533,87.017,89.1436,2097600
2025-01-17,88.9213,90.6999,88.6796,90.5259,3516800
2025-01-21,90.7386,91.7922,89.7913,90.1006,2761500
2025-01-22,89.7719,89.7719,87.6357,87.742,1805200
2025-01-23,88.1963,88.3897,87.336,87.7323,1649700
2025-01-24,87.3843,88.0223,87.3457,87.5777,2597000
2025-01-27,88.8923,92.8652,88.7086,91.7246,4043800
2025-01-28,91.2509,91.6569,90.2069,90.2746,2470600
2025-01-29,90.2843,90.7192,89.2113,89.4819,1935900
2025-01-30,89.9943,90.8932,89.6076,90.7289,2274000
2025-01-31,90.4293,91.0962,90.1296,90.6129,6072700
2025-02-03,90.6129,92.8555,90.5453,92.4302,3234900
2025-02-04,91.4442,92.2176,90.5163,91.7439,2186500
2025-02-05,92.6139,93.2229,92.0146,92.9812,1874100
2025-02-06,93.0875,93.1262,91.6569,92.2369,1586800
2025-02-07,91.9372,93.0005,91.4829,92.8749,1520000
2025-02-10,92.7975,93.5999,92.0629,93.4742,1570600
2025-02-11,93.3485,93.5032,92.5559,93.0972,3162400
2025-02-12,92.2079,92.4205,90.4003,91.4152,3704200
2025-02-13,91.4442,92.7782,91.3379,92.4689,1860300
2025-02-14,92.7975,93.1745,91.7246,91.7536,1948200
2025-02-18,91.6279,92.8652,91.3862,92.5655,2568500
2025-02-19,92.546,93.5701,92.1657,92.9069,1857500
2025-02-20,92.6631,93.6286,92.1657,93.3945,2580200
2025-02-21,93.6871,96.8861,93.5018,95.8328,4414800
2025-02-24,96.3692,98.2613,95.8718,97.2177,2943100
2025-02-25,97.7639,99.4316,97.2567,98.4759,3481300
2025-02-26,97.7151,97.9492,96.652,97.4908,2072700
2025-02-27,96.5155,98.3296,95.9401,97.4518,3313900
2025-02-28,98.6124,99.1293,97.364,99.0123,5254600
2025-03-03,98.3881,101.7333,98.3881,101.4505,3555900
2025-03-04,102.2112,103.245,99.5877,99.6267,3592000
2025-03-05,98.5246,99.1488,97.2177,97.7249,5509700
2025-03-06,97.7639,99.0903,96.5252,98.4173,4345900
2025-03-07,98.8172,101.509,98.2905,101.0799,2865800
2025-03-10,101.7041,105.3029,101.431,104.0253,3471800
2025-03-11,103.6059,104.0253,101.1384,101.2067,2731300
2025-03-12,99.8803,100.8361,99.4024,100.1046,3739200
2025-03-13,100.9141,102.7477,100.7971,101.9869,2392100
2025-03-14,101.3042,104.0741,101.236,103.7815,3779200
2025-03-17,103.7815,105.7516,103.3426,104.9616,3930600
2025-03-18,104.5715,105.342,103.9083,105.1469,3275700
2025-03-19,104.747,105.2932,104.1716,104.8348,2293600
2025-03-20,105.1176,105.9369,104.3862,105.8003,1896200
2025-03-21,105.5468,106.6586,104.7178,105.1371,4415400
2025-03-24,104.5715,105.6248,104.1716,104.1911,1897800
2025-03-25,104.1326,104.1326,102.0259,102.9427,2543800
2025-03-26,103.2548,105.1176,102.6696,104.8055,1925000
2025-03-27,105.3322,105.7126,104.591,105.2249,1859100
2025-03-28,106.1905,106.7366,105.4492,106.0832,2392300
2025-03-31,106.9024,108.3654,106.366,107.8582,2920400
2025-04-01,107.4681,107.946,106.4343,107.3413,2507600
2025-04-02,107.5656,108.102,106.3563,106.8732,2015200
2025-04-03,109.6528,110.6476,108.6385,109.9356,4175500
2025-04-04,111.184,112.0325,105.4492,106.6196,6395600
2025-04-07,104.3959,106.6196,102.6111,102.7964,4405500
2025-04-08,104.1911,105.5955,102.2405,103.4304,2683000
2025-04-09,102.5623,106.0247,100.7288,103.1573,4912800
2025-04-10,103.8497,106.7854,102.9622,105.6248,3381900
2025-04-11,105.5077,107.907,104.3179,107.1267,2617200
2025-04-14,106.5806,109.6723,106.21,109.4772,2132900
2025-04-15,109.643,110.0916,108.8238,109.0481,2314400
2025-04-16,109.8478,110.1892,108.3166,108.6872,2132900
2025-04-17,108.7165,110.6086,108.6482,109.3309,2055200
2025-04-21,109.1261,109.3797,107.2633,108.2191,2333900
2025-04-22,108.7457,110.7548,108.7165,110.5013,1833500
2025-04-23,109.4577,110.3062,108.5897,109.7405,2098400
2025-04-24,109.5065,109.721,108.0435,108.5409,2389200
2025-04-25,108.6287,108.7262,107.039,107.7217,2820700
2025-04-28,107.5364,108.5214,106.1709,108.3849,2938200
2025-04-29,108.2093,109.604,107.5949,109.3602,2000400
2025-04-30,110.0234,110.472,107.9655,109.9649,4940600
2025-05-01,110.1112,110.6573,108.7847,109.7795,3265400
2025-05-02,107.6339,109.1261,106.5513,107.312,3421800
2025-05-05,107.6144,107.9362,106.21,106.8146,3225200
2025-05-06,107.1267,108.5897,106.3367,107.7412,2186800
2025-05-07,107.4876,108.9993,107.4876,108.2971,3555200
2025-05-08,107.9167,108.2093,104.8445,105.0884,3652300
2025-05-09,105.5272,105.5272,104.3959,105.0201,2248900
2025-05-12,103.0207,103.9668,100.4069,100.9824,3918400
2025-05-13,100.6995,100.758,97.6273,98.0955,4495900
2025-05-14,97.643,97.9676,96.1774,97.643,3383900
2025-05-15,98.4988,100.4168,98.2332,100.3381,3497300
2025-05-16,100.3578,102.7185,100.0332,102.5807,2758900
2025-05-19,102.6398,103.6824,102.1971,103.6529,2047800
2025-05-20,103.3283,104.3414,103.2889,103.9775,2177700
2025-05-21,103.889,104.1742,103.0332,103.4955,2741200
2025-05-22,103.2594,103.2594,101.2627,101.725,2266100
2025-05-23,102.6693,102.9643,100.7709,102.3939,2116000
2025-05-27,102.5611,102.7676,101.7742,102.266,2638900
2025-05-28,101.9316,102.443,100.2594,100.4365,1945700
2025-05-29,100.0234,102.0299,99.8168,101.6857,2762900
2025-05-30,101.784,103.3775,101.2627,102.7775,6398500
2025-06-02,101.9414,103.0922,101.4693,102.1578,2292200
2025-06-03,102.1578,102.1873,100.5053,101.548,2316600
2025-06-04,101.5381,102.0988,100.2201,100.5348,1845700
2025-06-05,100.8201,100.8201,99.6102,100.5938,2734400
2025-06-06,100.4365,100.8693,99.4234,99.9447,1694500
2025-06-09,99.6988,100.3086,98.9316,99.4529,1781800
2025-06-10,99.7381,101.0463,99.2561,100.7217,2311800
2025-06-11,100.5152,101.0168,100.1316,100.8693,2439100
2025-06-12,101.4496,102.0693,100.9873,102.0594,1902600
2025-06-13,102.2365,103.5545,102.0004,102.2562,3337400
2025-06-16,102.2955,102.807,99.2758,99.9643,2738000
2025-06-17,99.9447,100.0922,98.8529,99.6889,2844900
2025-06-18,99.8365,100.2201,98.9316,99.0791,2620500
2025-06-20,99.0201,100.1512,98.8627,99.3152,7504200
2025-06-23,100.1414,100.7906,98.9906,99.4922,3957800
2025-06-24,99.0201,99.6791,98.4299,98.5479,2952900
2025-06-25,97.7119,98.2922,95.7446,96.443,4396800
2025-06-26,96.6988,97.0725,96.2955,96.7971,2655600
2025-06-27,96.7873,97.043,96.2365,96.5414,2880100
2025-06-30,97.2102,98.784,96.984,98.7053,2930500
2025-07-01,99.1184,99.9447,97.9479,99.1283,2749100
2025-07-02,98.7545,99.6201,97.466,98.2824,2485800
2025-07-03,98.7348,99.1086,98.0561,98.666,1316600
2025-07-07,98.6561,98.7545,97.6233,98.0758,1800700
2025-07-08,97.0233,98.3611,96.2955,97.6824,3451200
2025-07-09,97.7709,98.7053,97.3774,98.3316,2782500
2025-07-10,97.5742,99.7184,97.5742,99.4135,1851800
2025-07-11,98.8135,99.6496,98.1938,98.9414,1853700
2025-07-14,98.9119,100.2988,98.6561,99.3545,1409800
2025-07-15,98.7348,99.0594,97.8594,98.3119,1731200
2025-07-16,98.1447,99.0004,97.9479,98.8135,1865400
2025-07-17,98.4988,99.3152,98.302,98.9512,2131700
2025-07-18,99.3447,100.102,98.843,99.4234,1813500
2025-07-21,99.384,101.125,99.3545,100.3971,1667800
2025-07-22,100.6332,102.6201,100.584,101.8922,1663800
2025-07-23,101.6758,102.1971,100.2889,100.8693,2563100
2025-07-24,100.7906,101.1152,100.0824,100.3775,2467800
2025-07-25,100.2988,100.9676,99.8266,100.584,1375700
2025-07-28,100.2102,100.2693,98.8234,99.325,1995200
2025-07-29,99.3643,100.5938,99.1479,100.5643,1265000
2025-07-30,100.466,101.9611,100.0922,100.9086,1565100
2025-07-31,100.0135,101.8725,99.7971,101.8037,3483200
2025-08-01,102.8955,103.3775,101.8627,102.7283,2272600
2025-08-04,102.7381,103.9578,102.4824,103.6332,2345100
2025-08-05,103.3971,104.2726,102.4725,102.4725,2515900
2025-08-06,102.4529,103.4857,102.0594,102.443,1993200
2025-08-07,101.8529,103.8496,101.8037,103.2791,2577700
2025-08-08,104.4201,104.4201,102.1578,102.7676,2796400
2025-08-11,102.7381,102.9545,101.4496,102.4135,2357100
2025-08-12,102.4037,102.6693,101.007,101.9906,2578800
2025-08-13,102.0104,102.8038,101.3955,102.8038,2728400
2025-08-14,102.5955,102.8038,101.6732,102.0104,2171700
2025-08-15,99.303,101.3559,99.303,99.9377,3098700
2025-08-18,100.017,100.136,98.8964,98.9162,2789300
2025-08-19,99.055,100.3443,98.7674,100.2649,3948400
2025-08-20,101.1278,102.2286,100.3939,100.9195,3216400
2025-08-21,100.7211,101.455,100.2848,100.6616,2282700
2025-08-22,101.3559,101.9013,99.9972,100.8104,2753100
2025-08-25,100.3245,100.6319,98.8864,99.1244,2498900
2025-08-26,99.2137,99.6302,98.5592,98.8963,3309500
2025-08-27,99.055,99.5013,98.698,99.2435,4313800
2025-08-28,99.0253,99.1443,97.0715,97.3591,2400200
2025-08-29,97.4583,97.736,97.2005,97.4187,4220000
2025-09-02,97.4782,97.4782,95.7525,96.3972,3019300
2025-09-03,96.1492,97.0815,95.812,97.0418,4306700
2025-09-04,97.7856,97.9939,96.5459,96.9922,2033300
2025-09-05,97.1608,97.498,96.5459,97.2401,1724500
2025-09-08,97.1013,97.3393,95.4253,95.8517,2189400
2025-09-09,95.4848,96.5459,95.3558,96.179,1282700
2025-09-10,96.2682,96.536,95.6633,96.2782,1603600
2025-09-11,96.1691,96.9724,95.7129,96.893,1690000
2025-09-12,96.7641,97.7459,96.298,96.7443,1249400
2025-09-15,96.7939,96.8236,95.9905,96.1988,1351900
2025-09-16,95.7129,96.0798,94.4732,94.7806,2116600
2025-09-17,95.4947,96.4963,95.3558,95.6038,1879800
2025-09-18,94.9492,96.1096,94.8996,95.5542,1815600
2025-09-19,95.7426,96.1096,95.1079,95.5343,4091700
2025-09-22,95.5839,96.1492,95.1773,95.822,1939000
2025-09-23,95.5641,97.8253,95.5046,97.736,2204300
2025-09-24,97.4782,98.4501,97.4782,97.9939,1611600
2025-09-25,98.6782,99.0253,97.4187,97.5377,1848500
2025-09-26,97.9244,99.0947,97.379,98.7972,1947300
2025-09-29,98.7476,98.9658,97.9443,98.7476,1875300
2025-09-30,98.7575,99.9278,98.2815,99.6897,2199200
2025-10-01,99.3922,99.7393,97.2401,97.3591,2301800
2025-10-02,97.3691,97.6468,96.5063,96.8335,1449500
2025-10-03,96.8633,98.46,96.8038,97.9939,1676200
2025-10-06,97.855,98.5294,97.6071,98.5096,1769800
2025-10-07,98.341,99.5311,97.5773,99.2137,1722000
2025-10-08,99.3823,100.0666,98.8864,99.9972,1570400
2025-10-09,100.4335,101.4352,99.9377,99.9674,1816100
2025-10-10,100.6418,101.8617,100.0468,101.5443,2059200
2025-10-13,101.2567,101.6435,99.3228,100.0269,1515700
2025-10-14,100.8699,101.8517,100.4931,101.0484,1423300
2025-10-15,100.8402,101.9608,100.7608,101.4451,1556600
2025-10-16,101.8319,102.2881,100.1459,100.2352,1558800
2025-10-17,100.5625,100.8898,99.6005,100.3542,1597600
2025-10-20,100.8798,101.098,100.017,100.8798,1129300
2025-10-21,100.8798,101.1575,100.0567,100.7211,1116900
2025-10-22,100.6616,102.2484,100.0369,101.098,1509000
2025-10-23,101.8121,101.8121,99.2435,99.9377,1302800
2025-10-24,99.66,100.2253,99.0154,99.2137,1036400
2025-10-27,98.4897,99.6402,98.2616,99.3922,1537600
2025-10-28,98.8765,99.1344,97.7162,97.736,1156300
2025-10-29,97.6666,98.0435,96.0798,96.1988,1804100
2025-10-30,96.5063,98.0335,96.2682,97.379,2073000
2025-10-31,96.4368,96.9823,95.3162,96.6054,2770700
2025-11-03,96.0005,96.1492,94.7112,95.8418,1692200
2025-11-04,96.9724,97.1906,96.2385,97.1509,1614500
2025-11-05,97.1906,97.8054,94.86,95.3162,2273800
2025-11-06,96.1691,97.5674,95.7029,96.1889,3064400
2025-11-07,96.8732,99.055,96.4467,97.7063,2924400
2025-11-10,97.2501,98.0434,96.6054,97.4286,2188900
2025-11-11,97.8253,98.9459,97.3393,98.7674,1779700
2025-11-12,98.4798,99.4418,98.1525,99.3625,1340200
2025-11-13,99.3724,100.3542,98.3013,100.1162,1977700
2025-11-14,100.8501,101.703,100.0666,100.8203,2443200
2025-11-17,101.3757,103.1212,100.9096,102.9922,3007600
2025-11-18,102.6848,103.2203,101.9608,102.06,2585400
2025-11-19,102.11,102.11,100.14,100.38,3059700
2025-11-20,100.26,101.38,99.93,100.95,2462200
2025-11-21,101.48,103.28,99.55,100.16,4721900
2025-11-24,100.33,100.35,98.72,98.92,7708000
2025-11-25,99.85,100.29,98.63,98.85,2127200
2025-11-26,99.22,100.29,98.85,100.14,1305700
2025-11-28,100.58,100.89,100.03,100.36,1063300
2025-12-01,99.74,100.24,97.72,97.88,2744600
2025-12-02,97.92,98.13,96.78,96.87,2753100
2025-12-03,97.46,98.19,96.17,96.45,1761600
2025-12-04,96.39,97.34,95.89,96.22,2303500
2025-12-05,96.0,96.91,95.96,96.6,1775800
2025-12-08,96.57,96.57,94.96,95.45,2089300
2025-12-09,95.83,96.71,95.56,95.82,1823300
2025-12-10,95.64,96.16,95.19,95.41,1848900
2025-12-11,95.67,97.24,95.39,95.64,1396800
2025-12-12,95.67,98.0,95.45,97.53,2638200
2025-12-15,97.67,99.48,97.49,99.39,2388100
2025-12-16,99.55,99.66,98.72,98.9,2321100
2025-12-17,98.64,100.33,98.51,100.21,2330700
2025-12-18,99.83,100.24,99.0,99.99,2345300
2025-12-19,100.06,100.06,98.06,98.06,4366200
2025-12-22,97.5,98.78,97.11,98.57,1526200
2025-12-23,98.69,99.33,98.33,98.95,1485100
