date,open,high,low,close,volume
2012-10-12,13.78,14.1357,13.5325,13.5325,6467100
2012-10-15,13.5712,13.7877,13.5325,13.7259,633100
2012-10-16,13.5867,13.8805,13.3392,13.7568,180300
2012-10-17,13.6872,13.9733,13.5325,13.6872,121000
2012-10-18,13.6099,13.8186,13.548,13.6872,146100
2012-10-19,13.7027,13.7645,13.4629,13.4629,298100
2012-10-22,13.5325,13.5403,13.0918,13.1691,359800
2012-10-23,13.0299,13.3779,12.9526,13.2464,166100
2012-10-24,13.084,13.5093,13.084,13.4475,158200
2012-10-25,13.9037,13.9037,12.5659,13.1691,206900
2012-10-26,13.5403,13.5403,12.8366,13.2541,199500
2012-10-31,12.7592,13.1691,12.7592,13.1691,36400
2012-11-01,13.2232,13.5171,12.767,13.3237,203000
2012-11-02,13.1382,13.3237,12.8056,13.1459,72100
2012-11-05,12.9835,13.1459,12.7592,12.9216,33300
2012-11-06,12.7747,13.5171,12.4422,13.1536,370600
2012-11-07,12.9526,13.4552,12.9526,13.1923,155800
2012-11-08,12.5969,13.3547,12.5969,12.9526,141600
2012-11-09,12.6278,13.0995,12.6278,12.7979,209600
2012-11-12,12.7283,12.7979,12.651,12.7592,12800
2012-11-13,12.7747,12.9603,12.3494,12.4035,47600
2012-11-14,12.3494,12.736,12.1019,12.4113,123400
2012-11-15,12.6664,13.3469,12.1483,12.9139,367000
2012-11-16,13.0763,13.6794,12.5814,13.0067,104600
2012-11-19,13.0299,13.3392,12.7592,13.2387,77200
2012-11-20,13.2541,13.3701,13.0144,13.2464,251400
2012-11-21,13.2387,13.5171,13.0299,13.3005,33100
2012-11-23,13.3392,13.5712,13.1923,13.3933,94000
2012-11-26,13.3779,13.4707,13.1923,13.3469,77400
2012-11-27,13.2,13.4011,13.0918,13.3237,55800
2012-11-28,13.4939,13.5248,13.1304,13.3392,94000
2012-11-29,13.5016,14.1898,13.3005,14.0429,164400
2012-11-30,14.2594,14.2903,13.7413,13.9192,44200
2012-12-03,13.9269,14.3058,13.4475,13.9965,47600
2012-12-04,14.097,14.097,13.4629,13.7877,30100
2012-12-05,13.5944,13.9965,13.5944,13.9037,33000
2012-12-06,13.7336,13.749,13.3933,13.6253,41900
2012-12-07,13.6717,13.8032,13.6099,13.7259,42500
2012-12-10,13.8341,13.8573,13.4243,13.6253,72300
2012-12-11,13.4629,13.7954,13.3005,13.5635,72200
2012-12-12,13.5093,13.7491,13.5093,13.6408,58000
2012-12-13,13.4629,13.9037,13.3701,13.8264,135900
2012-12-14,13.4784,13.6485,13.3392,13.5867,44700
2012-12-17,13.6563,14.3058,13.5325,13.9037,107600
2012-12-18,13.865,14.8858,13.6872,14.5378,142600
2012-12-19,14.5378,15.3807,14.0197,14.8316,192600
2012-12-20,14.6538,14.7079,14.2594,14.7079,200500
2012-12-21,14.3986,14.8317,13.6717,14.677,1936500
2012-12-24,14.7311,15.0404,13.9269,14.4141,159000
2012-12-26,14.4991,14.6925,14.128,14.4218,81300
2012-12-27,14.3599,15.0714,14.2208,14.3367,162100
2012-12-28,14.2362,14.6306,14.1589,14.5223,66400
2012-12-31,14.4914,14.8626,14.3599,14.7853,125600
2013-01-02,15.0482,15.4039,14.3831,14.878,189700
2013-01-03,14.878,15.0482,14.4218,14.8007,89100
2013-01-04,14.8858,15.8447,14.6693,15.5044,173300
2013-01-07,15.3807,16.4246,15.1874,16.0612,210300
2013-01-08,15.9993,16.3164,15.7596,15.9297,229400
2013-01-09,16.0148,16.2158,15.7751,15.8292,171800
2013-01-10,15.8833,17.0046,15.7287,16.7262,235200
2013-01-11,16.703,16.8422,15.8911,16.7571,166300
2013-01-14,16.7649,17.3758,16.7649,16.8577,130400
2013-01-15,16.7571,17.7083,16.3705,16.7958,59300
2013-01-16,16.3009,16.6411,15.5121,16.4556,239500
2013-01-17,16.5252,16.8654,16.0534,16.3318,129800
2013-01-18,16.3705,16.8499,15.7055,15.8833,119400
2013-01-22,15.9297,16.9273,15.9297,16.8499,160100
2013-01-23,16.8113,16.8113,16.2004,16.5716,42700
2013-01-24,16.4246,17.4686,16.386,16.5716,114500
2013-01-25,16.6643,17.5613,16.6643,17.0123,71200
2013-01-28,17.167,17.2056,16.502,16.7339,91000
2013-01-29,16.7649,17.136,16.7262,17.1128,113700
2013-01-30,17.0433,17.6928,17.0433,17.5304,340500
2013-01-31,17.4222,17.4222,16.6643,17.3371,260400
2013-02-01,17.4454,17.7469,17.2907,17.5536,93600
2013-02-04,17.515,17.5614,16.8963,17.4299,80100
2013-02-05,17.4608,17.515,17.136,17.4995,38700
2013-02-06,17.3912,17.6542,17.1747,17.4995,136100
2013-02-07,17.0587,17.5459,17.0123,17.3371,61300
2013-02-08,17.3139,17.5923,17.0432,17.051,96400
2013-02-11,17.1129,17.1129,16.471,16.6721,59100
2013-02-12,16.6411,16.8267,16.2777,16.6798,154700
2013-02-13,16.6643,17.0201,16.4169,16.6721,321700
2013-02-14,16.6643,17.7315,16.6643,17.0123,379500
2013-02-15,17.0665,17.515,16.7803,17.2443,146500
2013-02-19,17.2598,17.6464,17.1902,17.6464,102000
2013-02-20,17.6387,18.0021,16.4014,16.4556,96200
2013-02-21,16.4633,16.4633,15.8911,16.0302,76900
2013-02-22,17.2056,17.4995,15.6436,16.2236,310600
2013-02-25,16.239,16.3009,15.1332,15.2647,167600
2013-02-26,15.342,15.8679,15.2338,15.5044,119300
2013-02-27,15.5353,16.6257,15.3498,16.2081,158500
2013-02-28,16.2236,18.0253,15.6204,17.5614,205000
2013-03-01,17.399,17.6387,16.9427,17.2752,46000
2013-03-04,17.2984,17.6851,16.8809,17.3139,39000
2013-03-05,17.3294,18.4661,17.3139,18.3269,108700
2013-03-06,18.4274,18.5821,18.0795,18.2109,13800
2013-03-07,18.1722,19.2471,17.4222,18.9533,129700
2013-03-08,19.1543,19.3012,18.4738,19.2549,127200
2013-03-11,19.2703,19.3244,18.6208,18.9378,218100
2013-03-12,18.961,19.3245,18.7909,19.2781,107300
2013-03-13,19.2317,20.4071,19.077,19.9121,308800
2013-03-14,19.9972,19.9972,18.729,19.2239,153000
2013-03-15,19.2703,19.3012,18.1723,18.6749,186000
2013-03-18,18.4584,18.9842,18.2728,18.5512,38800
2013-03-19,18.7367,19.4404,18.2264,18.3733,87200
2013-03-20,18.5898,18.7909,18.2882,18.5589,81000
2013-03-21,18.497,18.9223,18.4738,18.7986,133000
2013-03-22,18.8605,19.0383,18.7445,18.9842,48100
2013-03-25,19.0925,19.5874,19.0383,19.4868,197000
2013-03-26,19.51,20.0049,19.394,19.8348,191400
2013-03-27,19.6724,20.3143,19.6724,20.1905,83600
2013-03-28,20.2911,21.0411,20.1364,20.755,157500
2013-04-01,20.8246,21.6288,20.8246,21.1881,216600
2013-04-02,21.2422,21.567,20.6854,20.9097,493300
2013-04-03,20.9174,20.9174,18.9301,19.2703,526600
2013-04-04,19.2317,19.541,18.4274,19.3708,135100
2013-04-05,19.0925,19.6183,18.9997,19.4714,56400
2013-04-08,19.4636,20.3761,19.3476,20.1441,144200
2013-04-09,20.3375,21.1803,20.2137,20.6932,285300
2013-04-10,20.6854,21.0643,20.0436,20.1673,230100
2013-04-11,20.2137,20.6468,19.4095,20.4921,165600
2013-04-12,20.4921,20.9174,20.2833,20.5926,275800
2013-04-15,20.3839,20.3839,19.3399,19.9508,378800
2013-04-16,20.1596,20.7009,19.9972,20.6777,166300
2013-04-17,20.4998,20.523,19.6492,19.9508,160000
2013-04-18,20.0359,20.6236,19.6879,20.4998,74100
2013-04-19,20.6854,20.7396,20.1751,20.2756,126900
2013-04-22,20.3761,21.1417,20.2679,20.8633,149300
2013-04-23,20.9174,21.4123,20.8478,21.2577,107100
2013-04-24,21.2113,21.3582,20.9097,20.9561,77900
2013-04-25,21.2731,21.4046,21.0102,21.1107,68500
2013-04-26,21.103,21.1649,20.3761,20.786,147000
2013-04-29,20.8633,20.8633,19.9353,20.1364,343500
2013-04-30,20.4612,20.6777,20.206,20.3065,171600
2013-05-01,20.1828,20.8865,20.0668,20.4457,347100
2013-05-02,20.4612,21.0721,20.4612,20.9561,168400
2013-05-03,21.219,21.3891,21.0025,21.2499,86000
2013-05-06,21.3273,22.7346,21.3273,22.2397,393000
2013-05-07,22.2011,22.2784,21.5592,22.0696,264200
2013-05-08,21.9459,23.0053,21.2731,22.8352,200900
2013-05-09,22.8661,22.9434,22.0155,22.1779,189700
2013-05-10,22.1547,22.1933,21.5824,22.1006,89400
2013-05-13,22.0078,22.4253,21.9227,22.1624,51700
2013-05-14,22.1237,22.3557,22.0619,22.3248,73700
2013-05-15,21.8763,23.0208,21.0257,22.7965,599000
2013-05-16,24.1034,24.4359,22.9898,23.1522,3939200
2013-05-17,23.6007,25.0622,23.3533,24.3044,914000
2013-05-20,24.4513,24.9385,24.1575,24.7684,545100
2013-05-21,25.0545,25.0545,24.1498,24.5209,295800
2013-05-22,24.9385,26.9413,24.6447,25.1628,876400
2013-05-23,24.7297,26.5238,24.374,25.7273,609700
2013-05-24,25.8201,26.8099,25.3406,26.5392,792300
2013-05-28,26.8872,27.7687,26.5315,27.0264,383300
2013-05-29,26.9181,27.3048,26.5315,27.0341,230000
2013-05-30,26.8949,27.5677,26.6011,27.0264,355500
2013-05-31,26.7789,27.2429,26.0366,26.1139,596800
2013-06-03,26.0288,26.8717,25.4257,26.7557,338800
2013-06-04,26.7712,27.3976,25.9825,26.3536,175200
2013-06-05,26.5006,26.8176,26.1526,26.2454,165100
2013-06-06,26.199,27.7378,25.9902,26.7403,110100
2013-06-07,26.9491,27.56,26.4078,27.413,135000
2013-06-10,26.7248,27.4981,25.9051,26.864,234400
2013-06-11,26.7248,27.2506,26.431,26.6475,123300
2013-06-12,26.8717,27.096,26.4387,26.6243,65700
2013-06-13,26.7093,27.297,25.8433,27.0419,282100
2013-06-14,27.0341,27.5522,26.7557,26.98,145900
2013-06-17,27.2506,27.2816,26.1294,26.6397,186800
2013-06-18,26.1758,27.4285,25.6731,27.0728,611200
2013-06-19,27.2506,27.4362,26.4078,26.7635,3342600
2013-06-20,26.5315,26.5315,25.1086,25.2401,642000
2013-06-21,25.3638,25.9129,24.4359,25.6345,1297800
2013-06-24,25.4489,25.4489,23.7863,24.7607,797600
2013-06-25,25.2014,25.7891,24.3508,25.4566,406000
2013-06-26,25.7041,26.083,25.5107,26.0211,325100
2013-06-27,26.0675,26.1139,25.4876,25.5649,290800
2013-06-28,25.6345,26.0443,25.2169,25.7659,902100
2013-07-01,25.8974,26.7944,25.8433,26.5006,245100
2013-07-02,26.3768,26.8176,25.9129,26.7248,119600
2013-07-03,26.7016,28.0239,26.4464,27.2197,192200
2013-07-05,27.6373,28.0085,26.8717,27.7533,224700
2013-07-08,27.8925,29.2303,27.56,27.9157,498600
2013-07-09,28.1863,28.5575,27.676,28.225,280100
2013-07-10,28.2559,28.8049,27.6991,28.7354,284000
2013-07-11,29.4854,29.4854,28.8668,29.0756,320000
2013-07-12,28.9132,29.1297,28.0162,28.805,117800
2013-07-15,28.7663,29.2535,28.0162,28.8204,243200
2013-07-16,28.7508,29.3153,28.3178,29.1607,213300
2013-07-17,28.7586,30.0577,28.7586,29.122,207500
2013-07-18,29.0369,30.5062,28.9673,29.4468,294500
2013-07-19,29.5009,30.7768,28.8977,30.4366,348100
2013-07-22,30.2433,30.6299,29.8102,30.5216,150900
2013-07-23,30.8542,30.9315,29.903,29.9958,182500
2013-07-24,30.0963,30.1659,28.6658,28.9287,252800
2013-07-25,28.8127,29.5705,28.689,29.1916,222700
2013-07-26,28.9983,30.2665,28.7276,28.9751,244100
2013-07-29,28.9983,29.2457,28.573,29.1297,82200
2013-07-30,29.2071,29.2999,28.4415,29.2535,137400
2013-07-31,29.354,30.3902,28.8436,29.5241,149800
2013-08-01,30.3747,33.5607,30.3747,32.9498,973200
2013-08-02,32.8183,33.6535,32.1688,32.9807,509800
2013-08-05,32.9188,34.1097,32.7951,33.3287,419500
2013-08-06,33.2359,33.3209,31.6429,32.6327,308400
2013-08-07,33.8468,33.9009,31.9522,32.6637,421900
2013-08-08,32.6946,33.6767,32.3234,32.5477,324700
2013-08-09,32.5554,33.0116,32.4239,32.6637,219000
2013-08-12,32.4935,32.8647,31.7048,32.5399,250300
2013-08-13,32.5167,33.6225,32.2461,32.5477,366000
2013-08-14,32.4007,32.5013,31.1867,31.2795,974100
2013-08-15,31.1248,31.4728,30.5449,30.7691,2670400
2013-08-16,30.8387,31.6816,30.5448,31.3181,547800
2013-08-19,31.3181,31.3955,30.4211,30.4289,194700
2013-08-20,30.367,30.715,29.7329,30.3747,254900
2013-08-21,30.3129,31.1712,29.4622,30.3283,228600
2013-08-22,30.4057,30.8696,30.0499,30.4289,233800
2013-08-23,30.5526,31.2795,29.9958,31.0243,689700
2013-08-26,31.1867,31.8981,30.5835,30.9315,352200
2013-08-27,30.599,31.6352,30.2897,30.8464,276200
2013-08-28,31.0398,32.2847,31.0088,32.0914,389600
2013-08-29,31.9213,32.0605,31.0397,31.2717,476200
2013-08-30,31.3181,31.7125,30.483,31.1171,397100
2013-09-03,31.5578,32.3311,31.5578,32.2151,338000
2013-09-04,33.0271,34.3185,32.5245,33.522,1078600
2013-09-05,33.7385,34.2566,33.4601,33.7308,268500
2013-09-06,33.9782,34.0169,33.1895,33.5761,403800
2013-09-09,33.7153,34.4036,33.6457,34.2721,284600
2013-09-10,34.419,34.7979,33.8158,34.3185,270300
2013-09-11,34.3185,35.4166,34.1406,35.2078,322800
2013-09-12,35.3238,36.2672,35.0299,36.0584,451900
2013-09-13,36.2053,36.5146,35.4784,35.5712,591000
2013-09-16,35.9347,35.9656,34.3185,34.6587,492400
2013-09-17,34.6819,35.1459,34.0788,34.4809,583900
2013-09-18,34.8366,35.0918,33.8236,34.5427,441400
2013-09-19,34.5659,34.8675,33.5297,34.0401,264600
2013-09-20,34.0014,34.419,32.3853,33.0812,1209100
2013-09-23,32.8724,33.8313,32.7255,33.6767,562300
2013-09-24,34.218,34.5195,33.638,33.7385,449400
2013-09-25,33.9009,34.1174,33.522,33.839,245900
2013-09-26,33.1044,34.071,33.1044,34.0092,331100
2013-09-27,33.6844,33.8391,33.1431,33.3673,283100
2013-09-30,32.8415,33.3905,32.509,32.973,307800
2013-10-01,32.9498,33.8623,32.9498,33.5761,332100
2013-10-02,33.3287,33.9164,32.6173,33.4215,491400
2013-10-03,33.4447,34.0865,32.6714,33.8932,359300
2013-10-04,33.8854,36.6229,33.7772,35.5789,646600
2013-10-07,35.1459,36.1203,34.9139,35.3856,353800
2013-10-08,35.3702,35.548,33.5993,34.4577,830300
2013-10-09,34.5428,34.7438,33.2668,33.5452,427500
2013-10-10,33.9782,34.7361,33.6148,33.7772,350100
2013-10-11,33.5761,35.0377,33.4292,34.5659,475300
2013-10-14,34.4113,36.0738,33.9628,35.9733,474000
2013-10-15,35.9347,37.3652,35.1614,36.2285,619400
2013-10-16,36.4837,39.0355,36.4837,38.2932,795200
2013-10-17,38.2391,38.9582,37.5431,38.8036,460600
2013-10-18,39.1593,40.5125,38.8577,40.3501,800100
2013-10-21,40.0486,41.889,39.4763,40.7909,863800
2013-10-22,41.2703,41.7266,38.7958,38.9118,643500
2013-10-23,38.703,38.7108,35.7877,37.9684,1767500
2013-10-24,38.2313,41.8117,37.9839,41.7575,1302500
2013-10-25,42.322,43.4278,40.992,41.2317,772000
2013-10-28,41.5487,42.3839,40.7986,41.3863,505500
2013-10-29,41.9122,42.3684,40.9378,41.8117,488200
2013-10-30,41.7575,42.2756,41.1775,41.5333,733800
2013-10-31,41.3709,41.3709,38.2855,39.9403,1503800
2013-11-01,39.7624,40.1723,37.2647,39.1593,910200
2013-11-04,39.3758,41.3554,38.5716,41.1079,1067700
2013-11-05,45.2605,45.3997,41.4482,42.6391,1729800
2013-11-06,42.5385,43.219,40.4584,41.3399,1018100
2013-11-07,42.5849,43.3041,39.051,41.7575,4113200
2013-11-08,41.6879,42.121,41.0384,41.3477,1044500
2013-11-11,41.5255,41.6725,41.0538,41.2085,572500
2013-11-12,41.0229,41.309,40.0254,40.5976,451700
2013-11-13,40.6285,41.5255,40.2805,41.1002,1443600
2013-11-14,40.8528,41.5797,39.5536,41.077,492000
2013-11-15,41.1776,41.4637,40.7058,41.3941,245200
2013-11-18,41.4946,41.5719,38.1927,38.8268,883500
2013-11-19,38.9582,39.2057,37.5044,37.7519,908500
2013-11-20,38.1308,38.9814,37.4426,37.7055,509600
2013-11-21,37.8756,40.4197,37.8756,40.0099,686500
2013-11-22,39.8475,40.7136,39.3526,39.8475,478300
2013-11-25,39.8552,40.064,37.8292,39.3449,599700
2013-11-26,39.4376,40.613,39.2521,39.9094,572700
2013-11-27,39.7856,40.2728,38.1385,38.7108,639400
2013-11-29,38.3783,39.0974,37.6127,38.4633,356800
2013-12-02,38.6025,39.5227,37.9297,38.9505,527000
2013-12-03,39.0123,40.3424,38.2004,38.8422,928700
2013-12-04,38.6644,39.6928,38.3164,39.0123,561400
2013-12-05,38.8886,39.6078,37.7055,38.0457,663500
2013-12-06,39.0742,39.2907,35.4475,35.7104,1472900
2013-12-09,35.7955,36.1976,34.187,34.8521,1388500
2013-12-10,34.9603,36.7234,34.9139,35.5712,753000
2013-12-11,35.5171,35.7336,34.7979,34.883,743000
2013-12-12,35.1227,35.8573,34.6278,34.767,386700
2013-12-13,34.8985,35.1382,33.6148,34.5891,672000
2013-12-16,34.9217,35.7181,34.535,35.1768,499700
2013-12-17,34.9681,36.0584,34.2334,35.664,587700
2013-12-18,35.5867,37.0559,35.0918,35.8341,751100
2013-12-19,36.244,38.587,35.432,38.5097,1047800
2013-12-20,38.6566,39.6542,38.27,39.2753,1472400
2013-12-23,39.0665,40.4352,38.7494,40.2883,877300
2013-12-24,40.2264,40.5125,39.9557,40.2264,300200
2013-12-26,40.3347,41.1157,39.9016,40.7754,488200
2013-12-27,40.8296,41.6261,40.2419,41.2472,377300
2013-12-30,41.1389,41.6029,39.9944,40.1568,598400
2013-12-31,40.0949,41.5642,39.8707,40.8914,611000
2014-01-02,40.6981,41.4327,38.3164,39.5614,714300
2014-01-03,39.6155,40.4429,37.1255,38.0303,1258300
2014-01-06,37.8911,38.0844,36.3754,37.5586,1434000
2014-01-07,37.7364,38.6953,37.0559,37.4194,727600
2014-01-08,37.4194,37.6823,36.2749,36.8162,534800
2014-01-09,36.8549,37.1719,34.6819,35.2,1103300
2014-01-10,35.1304,36.4992,34.9912,36.3213,1066600
2014-01-13,35.5944,36.4528,34.0633,34.3572,817400
2014-01-14,34.4499,36.4373,34.0401,36.3522,908300
2014-01-15,36.5533,37.7055,36.5069,37.1333,925800
2014-01-16,37.1333,37.7983,36.5378,37.5895,503600
2014-01-17,37.8137,38.2313,36.8317,37.5122,747300
2014-01-21,37.5895,38.3396,36.8781,37.9529,717600
2014-01-22,38.0457,39.9248,37.8911,39.6078,773300
2014-01-23,39.5227,39.7238,38.2932,39.0046,978600
2014-01-24,38.5793,38.9737,37.1255,37.7905,836800
2014-01-27,37.6978,38.5097,36.5456,36.7621,596900
2014-01-28,36.909,39.0123,36.909,38.5097,591900
2014-01-29,37.9607,38.9428,37.3498,37.574,764900
2014-01-30,37.9993,39.863,37.9993,39.7238,1053200
2014-01-31,39.1825,41.2317,38.7417,40.1955,827100
2014-02-03,40.1955,40.644,38.3086,38.7262,1003600
2014-02-04,38.9118,40.6904,38.9118,39.9326,429500
2014-02-05,39.8552,41.0229,38.9737,40.9533,723300
2014-02-06,41.0616,42.8478,41.0616,41.5797,1109300
2014-02-07,44.232,45.624,42.5385,43.8609,1298000
2014-02-10,44.2552,45.3533,43.3041,44.4795,914600
2014-02-11,44.4253,45.7941,43.3582,45.5543,717100
2014-02-12,45.6007,46.2735,44.696,44.8275,795400
2014-02-13,44.4795,45.8714,43.8145,45.5389,842900
2014-02-14,45.6008,46.2658,44.8507,46.1266,876300
2014-02-18,46.142,47.8433,45.1909,47.186,1333600
2014-02-19,47.5494,48.3614,46.7066,47.2015,764900
2014-02-20,47.0932,48.632,46.5751,48.4619,1073300
2014-02-21,49.4749,49.8152,48.663,49.4826,3257700
2014-02-24,49.7533,52.5835,49.7301,50.109,1941000
2014-02-25,50.7122,50.7122,48.5856,49.2893,1470100
2014-02-26,49.4131,50.3565,47.8742,49.908,884300
2014-02-27,49.8306,50.5343,49.1965,49.4053,742900
2014-02-28,49.5986,50.0394,49.2429,49.7456,1029700
2014-03-03,49.4053,50.5575,49.1115,49.8074,709400
2014-03-04,50.2869,51.1452,50.0858,50.6349,667900
2014-03-05,50.6658,50.9828,48.7712,49.5213,685800
2014-03-06,49.4517,50.0317,48.1139,48.5315,854300
2014-03-07,48.8949,49.5909,48.3459,49.3976,591100
2014-03-10,49.3589,49.4594,47.1782,48.7403,852400
2014-03-11,48.6552,49.8306,46.7143,47.9515,1085100
2014-03-12,47.65,49.1192,46.9849,48.8408,811200
2014-03-13,49.761,49.8461,48.431,48.9955,800100
2014-03-14,49.0496,49.7456,48.7326,49.1656,508700
2014-03-17,49.5909,50.2327,49.0651,49.4363,580400
2014-03-18,49.5059,50.8436,49.4595,50.7895,595400
2014-03-19,50.7277,51.0138,49.5445,49.7997,683100
2014-03-20,49.6992,51.1375,48.748,50.4106,841100
2014-03-21,50.4647,51.122,49.5136,49.6605,851300
2014-03-24,49.908,50.1863,48.0907,49.5986,686400
2014-03-25,49.6992,50.225,48.7326,49.7146,496700
2014-03-26,50.1941,51.0988,49.4595,50.1786,746600
2014-03-27,50.4261,53.2795,50.1631,52.6145,910700
2014-03-28,52.8464,54.0528,52.2433,53.8981,1465600
2014-03-31,54.4085,54.8957,51.8103,52.05,1576600
2014-04-01,52.0422,53.0862,50.2637,51.354,1014200
2014-04-02,51.4081,53.6661,51.1375,53.3336,921400
2014-04-03,53.264,53.8827,51.818,52.5139,903100
2014-04-04,52.9006,53.8826,51.3231,52.0036,657400
2014-04-07,51.5783,51.6479,49.5291,50.3951,1101200
2014-04-08,50.3951,51.8566,49.7997,51.5009,873500
2014-04-09,52.0964,53.2563,51.5164,52.6299,722000
2014-04-10,52.5836,52.8465,49.8229,50.7509,823300
2014-04-11,50.4957,54.6869,49.877,52.2742,2507100
2014-04-14,52.9238,54.8957,52.5835,54.2229,1028000
2014-04-15,53.3027,54.4936,51.6711,53.4187,1323400
2014-04-16,54.2538,55.3364,53.5424,54.509,876500
2014-04-17,54.6714,57.3315,54.5554,56.7129,910900
2014-04-21,57.2387,57.7259,55.5684,57.6254,982400
2014-04-22,58.3291,59.3266,57.1923,57.4243,952200
2014-04-23,57.5094,58.1357,56.7361,57.1382,641000
2014-04-24,57.4166,58.6848,56.6046,58.3213,848300
2014-04-25,58.2131,58.2131,55.0039,55.2436,1041800
2014-04-28,55.29,56.1097,53.6043,54.8725,647800
2014-04-29,55.3055,56.4577,54.9653,55.8468,836800
2014-04-30,55.6844,55.9628,54.2848,55.6303,780200
2014-05-01,55.7076,56.8675,54.3698,55.1122,686200
2014-05-02,55.638,57.4475,55.2204,57.0454,886500
2014-05-05,56.5041,58.0275,56.102,56.9371,629800
2014-05-06,56.7515,57.2155,56.1948,56.6433,890900
2014-05-07,57.0067,59.1565,55.3674,58.5533,1760300
2014-05-08,56.1329,57.9965,54.7333,55.4911,2311400
2014-05-09,54.3466,56.5118,54.2152,55.089,904500
2014-05-12,55.4292,57.811,54.9111,56.2335,1706500
2014-05-13,56.6278,57.5558,55.87,57.0145,955600
2014-05-14,57.0454,57.579,55.4911,55.6922,813000
2014-05-15,55.7154,55.7154,52.367,53.6893,1684700
2014-05-16,53.844,54.6946,52.3051,54.6482,736400
2014-05-19,54.424,55.522,54.2848,55.0194,559700
2014-05-20,55.0813,55.4138,53.728,54.2538,548900
2014-05-21,54.7333,56.6046,54.7333,56.2257,935100
2014-05-22,56.2953,57.3779,55.87,56.4732,604200
2014-05-23,56.3262,57.4707,56.1484,56.2798,664200
2014-05-27,56.334,56.566,54.4085,55.2668,885600
2014-05-28,55.2514,55.6226,54.3312,55.205,685000
2014-05-29,55.3364,58.7157,54.7951,58.012,1460700
2014-05-30,58.4141,58.7312,57.4552,58.3677,1019800
2014-06-02,59.5354,60.6799,58.2672,58.8549,1245900
2014-06-03,58.8317,60.6953,58.445,60.5484,943300
2014-06-04,60.5948,61.6774,59.5509,60.734,845800
2014-06-05,60.8113,61.7625,59.953,61.2753,821100
2014-06-06,61.8166,63.0306,61.3835,62.7058,953500
2014-06-09,62.9688,63.6029,61.9094,63.4095,748500
2014-06-10,64.1828,64.6932,62.9224,63.6647,601900
2014-06-11,63.1467,65.3196,62.7291,64.8324,915800
2014-06-12,64.9639,66.4254,64.5695,65.4897,1154600
2014-06-13,65.9846,68.3509,65.3428,68.0106,1617500
2014-06-16,68.1962,69.8278,67.4152,69.5185,1385500
2014-06-17,69.5959,71.328,68.7298,69.7969,1159800
2014-06-18,70.748,72.1709,68.7298,69.8588,2891900
2014-06-19,70.1294,70.1294,68.2813,68.8612,1072300
2014-06-20,69.186,70.1294,68.2813,69.4335,1729600
2014-06-23,69.8897,70.7635,68.9154,70.6862,1253800
2014-06-24,69.7428,70.0134,67.392,67.8096,2265700
2014-06-25,68.0493,70.6475,67.8946,70.0289,1917100
2014-06-26,69.9438,70.3769,67.8173,69.0468,939200
2014-06-27,68.8535,69.4953,68.4359,68.5829,3201400
2014-06-30,68.5906,69.4721,68.3973,68.6679,1145900
2014-07-01,69.5959,69.9671,68.1962,69.418,1030300
2014-07-02,69.2092,69.9206,67.7477,68.2735,796200
2014-07-03,68.637,68.9463,67.5931,68.6757,596800
2014-07-07,68.6679,69.3871,67.044,67.5157,918500
2014-07-08,67.0595,67.361,65.0799,66.4795,1497400
2014-07-09,67.16,67.5621,66.0929,67.5002,685700
2014-07-10,65.7217,66.928,64.0437,66.2862,1005000
2014-07-11,66.2707,66.8894,64.4458,65.1185,890900
2014-07-14,65.567,67.9951,65.4278,66.9589,836200
2014-07-15,66.5878,67.1213,63.9586,64.4612,1110200
2014-07-16,64.902,66.495,64.5927,66.1083,856600
2014-07-17,66.3635,68.2039,64.9561,65.5052,843000
2014-07-18,65.3969,67.5389,65.3969,67.0131,1229200
2014-07-21,66.5182,69.4953,66.5027,68.0415,1341500
2014-07-22,67.4306,67.8096,66.8275,66.9357,4448200
2014-07-23,67.276,67.9642,66.696,67.9333,1308200
2014-07-24,68.1421,68.8844,67.1677,68.057,2064100
2014-07-25,67.245,67.5698,65.9073,66.2707,975200
2014-07-28,66.4254,66.58,64.6391,65.5748,569600
2014-07-29,65.4124,67.0285,64.8943,66.1856,782600
2014-07-30,66.5027,67.4229,65.1726,65.5361,660400
2014-07-31,64.9639,65.0334,62.6517,63.5874,1571500
2014-08-01,63.6647,63.6802,60.3009,61.8784,2387900
2014-08-04,62.2573,63.5874,61.5846,63.108,974400
2014-08-05,63.4173,63.9818,60.4479,61.0356,1512400
2014-08-06,61.6078,62.8373,60.3319,60.7185,1155600
2014-08-07,60.9273,61.6697,57.896,59.2183,1941800
2014-08-08,59.3885,60.5716,59.1874,59.8911,955700
2014-08-11,60.4324,60.5175,59.2415,59.922,1063700
2014-08-12,59.5277,59.9066,58.5069,58.8008,576800
2014-08-13,58.8936,60.2855,58.8936,59.6823,599200
2014-08-14,59.6204,60.1695,57.7259,58.6616,1125400
2014-08-15,59.8138,60.7958,59.0791,60.6644,912300
2014-08-18,60.703,61.8862,59.8602,61.6928,1350900
2014-08-19,61.7315,63.2704,61.5614,61.863,1100700
2014-08-20,61.7083,62.2883,60.8964,62.0486,658400
2014-08-21,62.1414,62.7445,61.5769,62.4352,850200
2014-08-22,62.4816,62.4816,60.8345,61.8475,691900
2014-08-25,62.1182,63.3245,61.6155,62.9456,835800
2014-08-26,63.224,66.116,63.0538,64.8633,1391500
2014-08-27,65.1417,65.1572,63.2394,63.8735,725600
2014-08-28,63.7266,64.5154,63.3477,64.3375,638100
2014-08-29,64.5772,67.1368,64.5772,66.7734,1062000
2014-09-02,66.8816,67.0595,63.9663,64.3607,1137000
2014-09-03,64.9484,65.3737,63.6493,64.8324,969400
2014-09-04,64.9329,65.2422,60.4401,61.4763,2162900
2014-09-05,60.9041,61.7238,60.1153,61.283,1125800
2014-09-08,60.9428,60.9505,58.9632,59.8679,1323600
2014-09-09,59.922,61.1825,58.4373,59.1255,1162800
2014-09-10,58.7776,60.0922,57.695,59.3885,1018900
2014-09-11,58.5533,60.4401,58.4992,60.2159,803200
2014-09-12,59.8602,60.2159,58.6384,59.2029,546200
2014-09-15,58.9864,59.7519,58.1512,58.9554,707900
2014-09-16,59.0405,61.6929,58.5765,60.4865,835300
2014-09-17,60.734,61.3217,59.5509,60.0844,867500
2014-09-18,58.7003,59.9143,58.1899,58.909,2357300
2014-09-19,59.0792,59.5431,57.7955,58.4219,1628700
2014-09-22,58.3909,58.4219,56.3959,56.8057,1101600
2014-09-23,56.6897,57.9424,56.1716,56.3262,913600
2014-09-24,56.4964,57.5867,54.6405,57.4552,1752800
2014-09-25,57.1691,57.3238,55.5839,56.1407,1334600
2014-09-26,56.1175,57.2001,55.5762,56.9449,747600
2014-09-29,57.9733,59.5045,57.4243,59.3575,2375800
2014-09-30,59.5045,59.7751,56.7438,57.8264,1609600
2014-10-01,58.2285,59.3111,56.6742,57.5403,1983600
2014-10-02,56.7979,59.4967,55.4602,58.2131,1704600
2014-10-03,58.4451,58.4451,56.0711,56.45,873900
2014-10-06,56.5505,57.6718,55.6303,57.2001,1040600
2014-10-07,56.9681,57.6331,55.1663,55.2514,1183800
2014-10-08,54.8647,56.767,53.032,56.5428,1503900
2014-10-09,56.0092,56.0092,53.0166,53.5656,1436100
2014-10-10,53.2022,53.2408,48.8254,50.0704,2625500
2014-10-13,48.9104,50.6812,45.1677,45.7863,3605700
2014-10-14,45.6239,47.7582,44.0,45.1909,3573000
2014-10-15,44.0387,46.7684,43.567,46.3818,1971100
2014-10-16,45.7322,49.5213,44.3867,48.8099,2024000
2014-10-17,49.9544,52.9238,47.8356,48.9877,1731600
2014-10-20,48.7171,50.8823,47.967,49.7069,752300
2014-10-21,50.5653,52.2433,50.1013,52.1892,1882500
2014-10-22,52.4366,53.8595,49.5677,49.645,1461300
2014-10-23,50.5343,52.7846,49.3435,51.9804,1535300
2014-10-24,51.6788,52.251,50.3178,51.9958,774200
2014-10-27,49.9621,50.2637,46.7916,49.5909,1422000
2014-10-28,49.993,52.4521,49.2739,52.4134,757000
2014-10-29,52.7769,54.1301,52.0886,53.4187,1219100
2014-10-30,52.6531,53.3259,51.3618,52.3361,966600
2014-10-31,52.5526,53.0552,49.5445,52.9238,1746100
2014-11-03,52.9238,55.321,51.4391,52.1118,1337800
2014-11-04,50.6658,51.354,48.4697,49.212,1948200
2014-11-05,51.8798,51.8798,48.7403,50.2714,1402500
2014-11-06,49.8461,51.0447,49.2584,50.8978,1091800
2014-11-07,51.1065,53.7744,51.1065,53.7357,1403800
2014-11-10,54.2384,55.205,51.2767,51.5009,1361900
2014-11-11,51.5164,53.1635,50.9674,52.1969,1143200
2014-11-12,50.0935,50.9906,49.6837,50.1167,3320300
2014-11-13,49.8693,50.7276,48.8718,50.0781,1750100
2014-11-14,50.3487,52.5139,49.9544,52.4212,1044000
2014-11-17,51.7329,52.2433,48.7016,49.2739,1575000
2014-11-18,49.1888,50.5962,48.2531,49.7765,1264000
2014-11-19,49.9466,50.6039,48.5934,50.3642,1008700
2014-11-20,50.3719,52.0654,50.3333,51.9726,813000
2014-11-21,52.9702,55.1354,52.7846,53.9291,1509100
2014-11-24,53.4805,53.9986,51.8102,52.6531,1300100
2014-11-25,53.0784,53.6661,51.4468,51.8334,1169600
2014-11-26,51.6556,51.6633,49.6682,50.1709,961800
2014-11-28,45.5157,47.8355,42.1287,43.6134,2111700
2014-12-01,43.451,44.4253,41.657,43.1572,1516000
2014-12-02,42.8169,45.3997,42.0978,44.7269,1981400
2014-12-03,45.1986,48.8022,44.0542,46.289,1624500
2014-12-04,45.5775,46.5519,44.3944,45.2218,1272400
2014-12-05,45.1522,46.1575,44.4485,45.4615,1507000
2014-12-08,44.3171,44.3171,41.7034,42.3761,1576700
2014-12-09,41.9276,44.5877,41.5333,43.8299,1354400
2014-12-10,43.1881,43.6985,40.9842,41.4869,1325600
2014-12-11,41.2007,43.0876,40.9378,41.0693,1017000
2014-12-12,40.1027,42.4689,40.0486,40.5744,2185300
2014-12-15,40.876,42.0127,39.9712,41.3013,1413600
2014-12-16,40.2728,45.593,40.1723,43.1804,2552400
2014-12-17,43.2577,46.3586,43.103,45.6008,4351300
2014-12-18,47.6345,48.2454,44.7115,46.0725,1985600
2014-12-19,46.3199,48.7403,45.392,48.3769,1600000
2014-12-22,47.6113,48.315,45.8714,47.2247,933300
2014-12-23,47.3639,48.1217,46.7143,47.7118,840900
2014-12-24,47.302,47.3948,45.6239,46.5364,384500
2014-12-26,47.7505,47.7505,46.057,46.7143,427200
2014-12-29,46.9076,48.1835,45.6858,46.6911,672500
2014-12-30,46.1807,47.5726,45.4848,46.2967,823000
2014-12-31,45.508,47.2246,44.5491,46.2271,1022500
2015-01-02,46.4359,47.5649,45.4229,46.3431,1023200
2015-01-05,45.7786,46.0802,43.2036,44.2939,1421500
2015-01-06,43.8609,44.9976,42.9406,44.3635,1394500
2015-01-07,45.16,46.4204,44.2166,45.044,1197000
2015-01-08,45.4229,47.4257,44.6264,47.2401,1217300
2015-01-09,47.3716,48.2454,46.4591,47.8201,858200
2015-01-12,46.9153,47.4102,44.6883,45.9874,1168200
2015-01-13,46.4282,47.6268,45.9487,47.3561,927900
2015-01-14,47.5494,51.037,47.4025,50.4957,2873500
2015-01-15,51.3849,52.0422,48.9336,49.0651,2094200
2015-01-16,49.6451,51.5937,49.4904,50.7509,2162800
2015-01-20,49.761,50.8746,47.8742,48.5702,1837700
2015-01-21,47.9206,53.2795,47.5726,53.0011,2502400
2015-01-22,53.3104,53.7512,51.934,52.5681,1611900
2015-01-23,52.2433,53.4883,51.2535,51.8102,1035200
2015-01-26,51.8489,53.3336,51.1607,52.9779,1585300
2015-01-27,52.3361,54.7719,52.2201,53.3336,1336600
2015-01-28,52.6609,53.0088,50.5266,51.0988,1225500
2015-01-29,51.5628,53.0939,49.6528,53.0784,1136500
2015-01-30,52.251,54.6405,51.6092,53.3491,1544700
2015-02-02,53.9213,55.6767,52.5835,53.9291,1456100
2015-02-03,55.1586,56.303,53.1635,53.8827,1676800
2015-02-04,53.1016,53.7899,51.5009,51.9108,1019400
2015-02-05,52.9393,53.7048,52.0268,53.4032,1056800
2015-02-06,53.9832,54.9498,53.3336,54.7719,1270600
2015-02-09,54.9421,55.7695,54.192,54.2306,983900
2015-02-10,54.4549,54.4781,52.251,53.6661,1084400
2015-02-11,52.3438,53.264,50.689,53.1867,1473300
2015-02-12,54.0682,56.7593,54.0296,56.4268,1622200
2015-02-13,57.6099,58.2131,56.1484,56.8057,1238200
2015-02-17,56.2102,57.3702,55.8777,56.8907,1456200
2015-02-18,55.174,58.5997,55.1122,57.0686,1725400
2015-02-19,55.8855,59.489,55.0967,58.6616,1322800
2015-02-20,58.793,59.3962,57.5094,58.0661,1241700
2015-02-23,56.8444,58.1512,55.9551,57.5017,1056400
2015-02-24,58.0584,58.2595,56.3572,57.2851,755300
2015-02-25,57.8496,58.8162,56.8753,57.9656,1075600
2015-02-26,57.5171,57.6718,55.9319,56.5814,856900
2015-02-27,57.0222,57.0222,54.7874,55.0658,931300
2015-03-02,54.8183,55.8855,53.9291,54.8879,1051300
2015-03-03,55.0812,55.6767,54.5013,55.4369,1694900
2015-03-04,56.3649,56.8907,54.9111,55.5298,1532600
2015-03-05,55.2127,55.87,54.6869,55.0426,1059400
2015-03-06,54.2693,55.174,53.7976,54.0218,740700
2015-03-09,54.0914,55.2127,53.6661,53.8285,983800
2015-03-10,53.1326,54.2848,52.6454,52.6531,859000
2015-03-11,52.831,54.4704,52.5835,54.1688,817700
2015-03-12,54.8183,55.2823,54.0373,54.0837,738300
2015-03-13,53.3182,53.9832,52.2123,53.8827,1105200
2015-03-16,53.3491,54.1301,52.4211,54.1301,662300
2015-03-17,54.4317,55.29,53.7589,54.4936,856100
2015-03-18,53.9832,56.2953,53.5424,56.1793,1238400
2015-03-19,55.0813,55.8777,54.424,55.2823,669300
2015-03-20,55.6612,56.0943,54.9807,55.9396,1595700
2015-03-23,55.9937,56.8366,55.3132,55.3519,1423000
2015-03-24,55.2978,57.1691,55.1818,57.0454,931900
2015-03-25,58.128,58.5224,57.1227,57.9347,867100
2015-03-26,58.7312,60.8964,58.7312,59.4271,1887200
2015-03-27,58.2208,59.2184,57.7955,58.128,938700
2015-03-30,59.0327,60.1772,58.1589,60.0303,1079600
2015-03-31,58.677,59.8834,58.1357,59.4194,992600
2015-04-01,60.0071,61.283,59.1333,59.8524,1137500
2015-04-02,59.4039,61.631,59.2879,60.9969,891600
2015-04-06,62.2187,62.3579,60.9118,61.4531,941700
2015-04-07,61.167,62.9843,61.167,61.8321,994200
2015-04-08,62.1568,62.5512,60.1618,60.3628,887100
2015-04-09,60.9582,62.5125,60.4015,62.4197,1196000
2015-04-10,62.9379,63.1467,62.0331,62.443,899600
2015-04-13,63.077,63.3168,61.3217,61.7547,850700
2015-04-14,62.2883,62.8219,61.8475,62.1646,1003800
2015-04-15,63.6338,64.1828,62.4275,63.7266,1431100
2015-04-16,63.4095,65.0334,63.0229,64.4303,1177700
2015-04-17,63.9277,64.6468,63.1621,63.8503,798500
2015-04-20,64.1133,66.3635,64.0359,65.0103,1021900
2015-04-21,64.9252,65.0102,63.4173,64.0359,774700
2015-04-22,64.1287,64.5463,62.9765,63.3941,880400
2015-04-23,63.456,64.438,63.224,63.3786,893300
2015-04-24,63.4018,63.6416,61.4377,61.7315,862900
2015-04-27,61.9867,62.6285,61.1361,61.6542,755900
2015-04-28,62.0486,62.4661,61.4145,62.0408,708800
2015-04-29,61.7238,64.4071,61.7238,64.1519,988300
2015-04-30,64.1442,65.0257,62.7291,63.8503,841100
2015-05-01,63.889,64.2989,62.6518,63.3168,615600
2015-05-04,62.7909,64.237,62.644,64.1365,1005900
2015-05-05,64.7319,65.5438,61.4222,61.6774,1272200
2015-05-06,62.1104,62.412,60.4092,60.8345,911200
2015-05-07,61.4763,61.4763,57.5094,58.2595,2329400
2015-05-08,59.373,60.3009,57.4166,59.5509,4787000
2015-05-11,59.5509,60.9582,59.1565,60.5716,1735400
2015-05-12,60.9814,62.3734,60.4865,61.5459,731900
2015-05-13,62.0331,62.3115,60.819,61.4145,827900
2015-05-14,61.4222,61.9094,59.6282,59.6978,1277400
2015-05-15,60.2236,61.2753,58.5765,61.0356,1088200
2015-05-18,60.9273,61.7393,60.4865,61.2676,825800
2015-05-19,60.9582,61.2907,59.0791,59.9066,993100
2015-05-20,60.0071,60.85,58.8704,60.7262,1064700
2015-05-21,61.0897,62.9224,60.4479,62.3424,880100
2015-05-22,61.7702,63.1776,61.3603,62.9301,802500
2015-05-26,61.979,62.7523,60.9969,61.2676,934300
2015-05-27,61.283,61.7083,60.5252,61.2289,776900
2015-05-28,60.8964,60.8964,58.8626,59.953,1143500
2015-05-29,59.9994,61.0356,59.8447,60.1695,1206700
2015-06-01,60.7185,61.1052,59.7442,61.0588,686100
2015-06-02,61.3139,62.095,60.8036,61.1129,637900
2015-06-03,61.051,61.167,59.9684,60.0535,822200
2015-06-04,59.5354,59.605,58.445,59.1255,740000
2015-06-05,58.9709,61.4763,58.7621,60.5175,989400
2015-06-08,60.5407,62.1955,60.069,60.9582,1015300
2015-06-09,61.3294,62.5744,61.3294,61.8553,735700
2015-06-10,62.7059,63.3941,62.064,62.9688,683200
2015-06-11,62.9997,63.2858,62.4894,62.6672,442900
2015-06-12,62.4816,62.4816,61.7702,62.3656,433900
2015-06-15,61.8862,62.0331,61.1438,61.7779,856400
2015-06-16,61.6388,62.7677,61.1516,62.443,595200
2015-06-17,62.992,63.7885,60.7262,61.3913,702100
2015-06-18,61.747,62.3579,60.6876,60.7572,655900
2015-06-19,59.1797,60.8113,59.1487,59.2493,1409000
2015-06-22,59.837,61.399,58.9013,60.9428,974200
2015-06-23,60.8809,61.9558,60.2623,61.7779,848800
2015-06-24,61.863,62.3888,60.1386,60.2855,749900
2015-06-25,60.2159,60.935,58.8936,59.0714,742000
2015-06-26,58.3677,59.0173,56.7438,58.1899,7678900
2015-06-29,57.4243,58.7234,57.0145,58.1203,1228900
2015-06-30,58.7312,59.0096,56.7284,58.2904,1209400
2015-07-01,59.0869,59.8215,56.1329,56.3108,1441600
2015-07-02,56.3108,56.6356,55.8468,56.5505,833200
2015-07-06,55.6071,56.7052,54.0528,54.2925,1371500
2015-07-07,54.1765,55.0349,52.2433,54.9498,1859400
2015-07-08,54.3853,55.3828,52.7923,53.5811,1022300
2015-07-09,54.308,55.6071,54.2074,54.7951,1339100
2015-07-10,55.1354,55.437,53.7976,54.8183,973400
2015-07-13,54.5322,55.2591,54.1533,55.1431,781400
2015-07-14,55.4524,57.3934,55.1741,56.7129,1052100
2015-07-15,56.2257,56.4113,54.1146,54.6637,962800
2015-07-16,54.8029,55.4833,52.9392,53.5037,1006100
2015-07-17,53.4419,53.4419,50.921,51.2457,1992900
2015-07-20,51.0834,51.1993,49.6296,50.1322,1331000
2015-07-21,50.3797,51.6943,50.0008,51.0138,1233200
2015-07-22,50.5266,51.3772,49.792,51.2225,1337200
2015-07-23,51.2303,51.586,49.5213,51.2612,1813900
2015-07-24,51.3385,51.4004,48.8099,49.4131,1810100
2015-07-27,48.7558,49.6837,48.1217,48.9491,1128300
2015-07-28,49.1037,50.7276,48.3923,50.2559,725800
2015-07-29,49.9776,52.5139,49.4827,52.3129,1386100
2015-07-30,52.0886,53.0939,50.9906,52.3361,1543000
2015-07-31,51.9958,53.0243,51.4313,52.0422,1275700
2015-08-03,51.6556,53.6971,51.354,51.671,1302000
2015-08-04,52.1505,53.6275,51.9572,52.5758,1543800
2015-08-05,53.3491,54.1224,52.2046,52.8697,1710600
2015-08-06,52.8929,54.8725,50.9519,54.5013,1967800
2015-08-07,54.1765,55.4679,52.916,53.2331,1149200
2015-08-10,53.4264,54.8725,53.2099,54.277,1427100
2015-08-11,53.4419,54.9885,52.5835,54.8029,858900
2015-08-12,54.5554,56.6124,54.0992,56.0479,1038100
2015-08-13,54.6791,55.7231,54.1456,55.4215,2579900
2015-08-14,55.9783,57.3702,55.3674,57.1459,1502800
2015-08-17,56.6588,56.9371,55.3674,55.8391,987100
2015-08-18,56.2025,56.8211,55.2127,56.7438,766000
2015-08-19,56.2567,56.5505,54.1688,55.553,1059800
2015-08-20,55.6767,55.8932,54.2461,54.308,1055500
2015-08-21,53.5965,54.3002,51.2922,51.4623,1998600
2015-08-24,50.1399,50.8746,46.6602,47.7505,2022700
2015-08-25,50.5111,50.8668,47.0081,47.0313,1345500
2015-08-26,48.315,48.3923,46.6138,48.0134,1104700
2015-08-27,49.1115,52.3206,48.3923,50.805,1676500
2015-08-28,50.2791,53.5888,49.9157,51.47,1608900
2015-08-31,50.9828,53.4728,50.5034,52.8078,1974300
2015-09-01,51.3385,52.4985,49.2507,49.8925,1462600
2015-09-02,50.7122,52.1892,48.9723,52.1582,1383700
2015-09-03,52.6222,53.3568,51.6556,51.7948,944000
2015-09-04,51.0292,51.9417,50.6194,51.037,701800
2015-09-08,50.9983,52.4907,50.4029,52.05,818600
2015-09-09,52.5681,52.8929,50.2637,50.3023,881600
2015-09-10,50.573,52.3051,49.3512,51.7174,1056500
2015-09-11,50.9519,51.2767,49.0573,51.2767,1112800
2015-09-14,51.1916,51.3772,49.9389,50.8204,704500
2015-09-15,51.1994,52.135,51.037,51.5783,645200
2015-09-16,52.0654,54.6869,52.0345,54.045,1397200
2015-09-17,54.2693,55.3983,53.6971,53.9832,1012300
2015-09-18,52.599,53.6507,52.367,53.3568,1592000
2015-09-21,53.8672,54.7178,53.0166,53.6816,1131200
2015-09-22,52.8851,55.1354,52.1505,53.496,1372800
2015-09-23,53.5192,54.2925,51.3463,51.4159,931900
2015-09-24,50.9596,52.0809,49.6528,51.5551,729100
2015-09-25,52.3515,52.367,50.4492,51.0447,925800
2015-09-28,50.3487,50.5962,48.1294,48.431,983500
2015-09-29,48.5083,49.6528,48.0289,48.7171,795300
2015-09-30,49.3821,50.5034,48.6011,49.9544,769600
2015-10-01,51.1066,52.2742,49.3125,50.6967,1447500
2015-10-02,50.3487,53.7589,48.9955,53.6352,1442900
2015-10-05,53.96,55.9396,53.96,55.8391,1242900
2015-10-06,56.45,57.7414,54.6018,56.1252,1916800
2015-10-07,56.9835,58.9322,55.4292,56.9526,1645100
2015-10-08,56.6278,59.3421,56.0015,58.94,1060000
2015-10-09,59.1952,60.2546,57.7955,59.5045,1708100
2015-10-12,59.1178,60.2545,58.0661,59.4735,1085900
2015-10-13,59.172,60.2855,58.6229,58.9013,652700
2015-10-14,59.0946,59.2415,57.896,59.1024,706300
2015-10-15,58.7234,59.3421,57.1923,58.5224,912300
2015-10-16,58.7157,60.3009,58.6152,59.6823,1115300
2015-10-19,58.8626,59.1023,55.5607,56.6897,1295900
2015-10-20,57.2464,58.0739,55.8545,56.7283,831400
2015-10-21,56.535,56.535,54.9498,55.1122,599900
2015-10-22,55.5298,56.45,54.9807,55.9473,802000
2015-10-23,55.6844,56.303,54.5631,55.6148,1203400
2015-10-26,55.6535,56.9217,55.1122,56.3572,986500
2015-10-27,55.5994,56.3185,54.9034,56.1097,961900
2015-10-28,56.3726,59.0482,55.4834,58.3832,1395000
2015-10-29,57.9347,59.2415,57.7182,58.3059,1186800
2015-10-30,58.8317,58.8704,56.5505,57.0995,1129000
2015-11-02,57.0918,57.9502,56.6742,56.767,1293300
2015-11-03,57.0763,61.3371,56.7129,59.7442,1873400
2015-11-04,61.0897,61.0897,57.9965,58.8317,1374700
2015-11-05,58.7698,61.0897,57.7259,59.6127,991500
2015-11-06,59.1565,61.0588,59.0482,60.154,1005400
2015-11-09,60.3241,61.8552,59.922,61.5691,1134800
2015-11-10,61.2521,61.8243,60.5252,61.5537,740400
2015-11-11,61.6078,61.9558,60.1927,61.7315,1224900
2015-11-12,60.6953,61.9171,60.038,60.386,1407800
2015-11-13,60.1849,61.0433,59.2957,59.3266,1073500
2015-11-16,59.7519,61.7006,59.1178,61.6001,1272900
2015-11-17,61.863,62.6285,60.3937,61.5614,842500
2015-11-18,61.863,63.3013,60.4015,62.9611,1429500
2015-11-19,62.1877,62.6363,58.8085,59.5895,1124500
2015-11-20,59.5508,60.6257,59.1719,59.9066,1009900
2015-11-23,59.7828,61.8398,58.8781,61.6619,1331200
2015-11-24,62.2496,63.5565,60.4479,61.8166,1456100
2015-11-25,61.0665,61.948,60.1772,60.8577,697400
2015-11-27,60.2468,60.7185,59.2184,59.9452,395900
2015-11-30,59.8679,61.546,59.6901,60.3319,608200
2015-12-01,60.5716,61.3603,59.9066,60.471,816700
2015-12-02,60.9196,60.9196,57.896,59.3807,1072500
2015-12-03,60.154,60.5716,58.5843,59.3498,631200
2015-12-04,58.9631,60.4401,57.9192,59.0095,1056100
2015-12-07,57.6022,58.3291,55.2668,57.1073,1624500
2015-12-08,56.1329,58.6074,55.8623,57.9502,1987600
2015-12-09,58.8936,60.618,58.0043,59.5586,1089600
2015-12-10,59.1256,61.863,58.3909,61.1593,1794400
2015-12-11,60.0767,60.7804,58.7002,59.2029,1084700
2015-12-14,58.6152,59.2415,57.0531,58.4683,1574100
2015-12-15,58.5456,60.0767,58.3368,59.1642,1440600
2015-12-16,59.5354,59.922,55.6458,55.9551,1324800
2015-12-17,56.7206,56.7206,52.5062,53.1635,2030900
2015-12-18,53.2099,53.4728,50.8436,51.1607,1670500
2015-12-21,51.1375,52.2123,47.5649,48.0985,2606600
2015-12-22,48.1371,50.1245,47.8433,48.9877,1368100
2015-12-23,50.1786,52.2742,49.4904,52.166,1192000
2015-12-24,52.0268,52.9315,51.1375,52.5217,486200
2015-12-28,51.9262,51.9262,49.9698,50.5962,889400
2015-12-29,51.9881,52.4057,50.2018,51.3772,815600
2015-12-30,50.5498,51.8334,50.1399,51.0524,633400
2015-12-31,50.8591,52.3284,50.8359,51.7329,770400
2016-01-04,51.3849,51.9262,50.341,51.122,1199700
2016-01-05,51.1143,51.5009,49.9544,50.4106,1006900
2016-01-06,49.5058,49.5058,47.7505,48.0985,1324900
2016-01-07,46.9695,49.2043,46.4746,46.7066,1080800
2016-01-08,47.1705,47.8433,45.4616,46.9849,1259300
2016-01-11,46.8921,47.5108,43.9072,44.5413,1944900
2016-01-12,45.3456,45.8405,42.902,45.2528,2440200
2016-01-13,46.258,46.8225,43.9614,46.0183,5736200
2016-01-14,46.9849,48.8718,45.5466,48.4696,2322300
2016-01-15,46.1498,48.98,45.825,48.8408,2016900
2016-01-19,48.9491,49.9312,45.9565,46.7684,1662300
2016-01-20,45.624,48.3923,43.7603,47.1009,2868800
2016-01-21,47.0623,50.1709,46.8612,49.5677,1917900
2016-01-22,50.4183,53.3491,49.8306,51.1684,1869500
2016-01-25,49.5368,51.4468,47.6267,48.0057,1283300
2016-01-26,49.2507,51.8025,47.8355,51.4468,1354400
2016-01-27,51.2844,53.9677,50.6426,52.7923,2477500
2016-01-28,55.0426,56.8289,54.2074,56.2876,2382100
2016-01-29,56.7129,58.5069,56.4654,58.4219,2600700
2016-02-01,57.5403,57.5635,55.1895,56.1407,1880400
2016-02-02,54.6791,56.5428,54.277,55.0967,990400
2016-02-03,56.0015,57.9965,54.1224,57.9037,1342900
2016-02-04,58.3677,59.4349,55.4292,55.6767,2528900
2016-02-05,55.2591,55.2591,51.4777,52.05,2423700
2016-02-08,51.0679,54.4008,50.2791,54.0914,1903600
2016-02-09,53.179,53.8827,50.1709,51.8567,1698000
2016-02-10,52.0268,53.6507,50.805,52.0654,1534000
2016-02-11,50.4338,53.0243,49.3048,52.5062,1795200
2016-02-12,54.0528,54.9885,51.8876,53.4573,1641300
2016-02-16,54.5477,55.2205,52.0345,52.5603,2106500
2016-02-17,53.7589,55.8313,51.2148,54.4704,2530300
2016-02-18,54.2848,55.4679,52.3361,54.3234,1885000
2016-02-19,53.6816,55.8081,52.8774,55.7385,1434900
2016-02-22,57.3238,57.7414,55.7463,56.9913,1367500
2016-02-23,56.9913,56.9913,54.0373,54.1224,1212000
2016-02-24,54.9498,55.4988,52.2124,55.4602,1043400
2016-02-25,55.0117,55.87,52.8387,55.3364,1200900
2016-02-26,56.1252,57.2155,55.5607,56.1407,1197700
2016-02-29,56.218,56.6201,54.5245,55.0967,1371300
2016-03-01,55.4911,56.0711,53.3259,56.0556,1673200
2016-03-02,55.8391,57.2233,55.0967,57.2233,1374200
2016-03-03,56.767,57.5326,54.7874,56.0711,2734300
2016-03-04,56.4423,58.8008,55.522,58.7621,2124500
2016-03-07,58.5378,59.3343,56.999,58.9554,2460600
2016-03-08,58.2749,59.1488,56.9526,57.5248,1518100
2016-03-09,58.5533,58.708,56.8366,57.7646,1215600
2016-03-10,57.5326,58.2904,56.2566,58.0584,872500
2016-03-11,58.7234,61.3371,57.8573,60.6489,1752100
2016-03-14,59.3421,60.4711,58.1589,58.7776,835500
2016-03-15,57.8651,59.7055,57.695,59.5277,916800
2016-03-16,59.953,60.6799,58.1744,59.6282,1340100
2016-03-17,60.2236,60.2932,59.3189,59.922,1144900
2016-03-18,60.3164,61.2598,59.3575,60.0226,1760600
2016-03-21,59.6282,60.6334,59.2183,60.3551,829700
2016-03-22,59.837,61.1206,59.6978,60.3319,1073700
2016-03-23,59.2725,60.7031,59.1642,59.3111,1013100
2016-03-24,58.5301,60.0535,58.0816,59.8756,843100
2016-03-28,59.2802,60.0612,57.8496,59.1255,699300
2016-03-29,58.36,60.0767,58.1821,59.6669,987400
2016-03-30,60.4633,61.5382,59.3111,61.1129,1393800
2016-03-31,61.0588,61.7625,59.5277,59.6823,1128100
2016-04-01,58.7698,59.806,58.2363,59.3653,1090600
2016-04-04,59.5972,60.1772,57.5635,57.6176,945300
2016-04-05,57.5635,57.6254,56.5428,57.0686,1216600
2016-04-06,57.6408,59.3807,57.084,59.3034,1064500
2016-04-07,58.8163,61.2289,58.7467,61.1439,1277500
2016-04-08,62.3269,63.7962,61.5305,62.6749,1362100
2016-04-11,62.9069,63.456,61.8398,62.3115,793300
2016-04-12,62.644,64.3452,62.1027,63.4482,1056800
2016-04-13,63.1776,63.5874,62.0331,62.9456,774300
2016-04-14,62.9997,63.2549,62.2496,63.2008,444600
2016-04-15,62.5435,62.5976,61.7315,61.948,778100
2016-04-18,60.2546,63.4173,59.9298,63.2704,918000
2016-04-19,63.6416,65.3041,63.2162,63.6416,1254100
2016-04-20,63.34,65.3273,62.3347,64.5308,847600
2016-04-21,65.3505,65.3505,63.4869,63.8349,552700
2016-04-22,63.9122,65.2732,63.9045,64.7087,810100
2016-04-25,64.237,65.6289,64.237,65.3273,1032200
2016-04-26,65.5902,67.3765,65.5593,66.8971,1139100
2016-04-27,67.3765,68.9154,67.276,68.3818,1320900
2016-04-28,68.2271,68.9927,66.9512,67.1832,907600
2016-04-29,67.361,68.2813,65.7062,66.9512,977700
2016-05-02,67.3379,67.8714,66.1625,67.7477,1277200
2016-05-03,67.2064,68.0493,64.1906,65.6521,1882900
2016-05-04,66.0387,68.0029,63.5565,65.0876,2147900
2016-05-05,66.3867,68.405,66.3867,67.8018,1796500
2016-05-06,67.2683,68.4901,65.9691,66.0851,756800
2016-05-09,65.3814,66.611,64.7087,66.2939,1002400
2016-05-10,66.5259,67.7168,66.3326,67.593,903600
2016-05-11,67.2837,68.2967,66.7115,66.8816,1036400
2016-05-12,67.593,68.3663,66.3094,67.3843,921300
2016-05-13,66.9667,67.8173,65.6443,66.1083,778900
2016-05-16,67.1677,68.0415,66.7965,66.9512,697000
2016-05-17,67.1677,67.8559,66.263,67.2296,797900
2016-05-18,67.3069,67.7554,66.4177,67.2219,527300
2016-05-19,66.4486,67.5312,64.8711,67.2219,871600
2016-05-20,67.6626,67.6626,66.6419,67.2915,736700
2016-05-23,66.928,67.7245,66.2243,67.1523,569600
2016-05-24,67.6781,68.4359,67.0749,68.0261,904000
2016-05-25,68.3895,69.4335,68.0415,69.3948,1001000
2016-05-26,69.5958,71.8538,69.5108,71.0728,1792600
2016-05-27,70.6939,72.6271,69.8433,71.8074,2747300
2016-05-31,71.9157,72.5111,69.9516,70.3305,978500
2016-06-01,69.8047,71.2739,69.6345,70.779,969600
2016-06-02,70.0985,71.6528,69.1319,71.4672,1062500
2016-06-03,71.3821,71.5523,69.5185,69.6809,1318800
2016-06-06,70.2454,70.8563,69.4412,70.2686,1172100
2016-06-07,70.7326,73.4236,70.7326,73.1452,1366700
2016-06-08,73.8103,74.2433,71.4749,72.0162,970700
2016-06-09,71.3589,72.5885,70.9259,71.2816,765800
2016-06-10,70.4465,71.0728,69.0778,69.0855,800900
2016-06-13,68.5906,69.9361,68.2039,68.637,910100
2016-06-14,68.3354,69.6732,68.0261,69.4876,947300
2016-06-15,69.4103,69.9516,68.2503,68.9231,767300
2016-06-16,68.2503,68.2503,66.7424,67.4693,1312800
2016-06-17,67.8637,68.2503,67.2451,67.6704,1211500
2016-06-20,69.0236,69.2865,68.4591,68.8303,821900
2016-06-21,68.9463,70.6243,68.1189,70.3073,951200
2016-06-22,70.895,70.895,69.3793,70.2067,577400
2016-06-23,70.7558,71.1192,70.1372,70.6862,671600
2016-06-24,67.6781,69.2092,67.0054,67.4925,1692900
2016-06-27,66.812,67.5466,64.0282,64.7783,1550700
2016-06-28,65.7372,68.7839,65.2268,68.521,1394000
2016-06-29,69.3252,71.0032,68.6834,70.2067,1013000
2016-06-30,70.0908,71.1347,69.2788,70.5315,931000
2016-07-01,70.98,71.7456,69.1164,70.0134,905300
2016-07-05,69.2401,69.6036,67.856,69.2324,990100
2016-07-06,68.6989,70.5238,68.4282,69.9825,1620600
2016-07-07,70.7558,71.1192,68.3663,68.5055,1087400
2016-07-08,69.2711,69.5959,68.6447,68.9463,923700
2016-07-11,69.5263,70.6862,68.9772,69.3639,626000
2016-07-12,70.4078,71.7765,70.3923,71.1115,750200
2016-07-13,69.8046,71.4904,68.9772,70.4001,4602900
2016-07-14,71.1579,71.7069,70.4851,71.3203,1327500
2016-07-15,71.2893,71.5213,69.65,70.315,1010200
2016-07-18,70.114,70.346,69.2092,70.0366,696300
2016-07-19,69.6345,70.2686,68.985,69.1473,1051600
2016-07-20,69.6732,69.6887,68.6525,69.1938,1469200
2016-07-21,69.0236,69.8356,67.9797,68.1885,1374700
2016-07-22,68.374,68.6215,67.6162,68.2271,958500
2016-07-25,67.8869,67.8869,65.1108,66.0001,1118500
2016-07-26,65.9769,66.6342,65.3041,66.4177,951300
2016-07-27,66.6574,66.9899,65.5206,66.0078,1121400
2016-07-28,65.8609,66.9435,65.366,66.4486,958800
2016-07-29,66.1084,68.3354,65.8532,67.8869,1685000
2016-08-01,67.7709,67.7709,65.4588,66.464,1343100
2016-08-02,66.6574,67.1987,64.8788,66.3867,1198000
2016-08-03,67.6472,68.0493,65.8995,67.5389,1618700
2016-08-04,67.5389,69.5572,67.1755,68.753,1262300
2016-08-05,69.0314,72.5653,68.9463,71.8771,1744700
2016-08-08,72.4493,74.2047,72.225,72.457,1143500
2016-08-09,72.4184,73.8257,71.9853,72.9055,1004500
2016-08-10,73.2071,73.3154,71.6683,72.14,642300
2016-08-11,72.7199,73.8335,72.0472,72.8127,944900
2016-08-12,72.9829,73.4314,72.3565,73.1375,603300
2016-08-15,73.6479,74.9702,73.4778,74.5836,902300
2016-08-16,74.0887,74.6145,72.2637,73.47,1040100
2016-08-17,73.47,73.8953,72.6503,73.6943,759600
2016-08-18,74.1815,76.4085,73.7329,76.2075,1237400
2016-08-19,75.9987,76.509,75.0321,76.2384,606100
2016-08-22,75.38,75.9213,74.1273,74.6145,1068400
2016-08-23,74.6996,75.411,74.4134,74.6918,594400
2016-08-24,74.4444,75.2408,74.05,74.3825,570100
2016-08-25,74.4366,74.9084,73.4546,74.4366,718900
2016-08-26,74.6377,75.3105,73.9804,74.4908,504000
2016-08-29,74.1273,75.6971,73.9263,75.2872,456700
2016-08-30,75.2872,75.7744,74.1118,74.6222,598900
2016-08-31,74.3284,74.4289,72.4957,73.6556,997500
2016-09-01,73.6401,73.7484,71.9389,73.6711,710700
2016-09-02,74.3671,74.8774,74.0423,74.5294,569800
2016-09-06,74.6841,75.2022,73.6324,75.1249,728600
2016-09-07,75.4728,76.5168,74.6145,76.2152,997900
2016-09-08,76.509,77.089,75.8363,76.045,653700
2016-09-09,75.4496,76.1843,74.2046,74.2742,961800
2016-09-12,73.8025,74.9625,73.1839,73.9495,754200
2016-09-13,72.8514,73.5551,69.9052,70.2918,1627900
2016-09-14,69.9747,70.895,67.9797,68.4823,1347200
2016-09-15,68.8148,69.8974,68.4746,69.5031,1148900
2016-09-16,68.8148,69.5572,67.2219,69.3561,1319700
2016-09-19,70.0057,70.4852,68.4437,69.0468,634800
2016-09-20,69.217,69.217,67.6858,68.3199,837600
2016-09-21,68.9076,69.6577,68.057,69.1242,1389200
2016-09-22,69.8974,70.5702,69.0932,70.3691,1048400
2016-09-23,69.967,70.3227,67.5157,68.7607,1246700
2016-09-26,68.9695,70.6398,68.7375,69.8356,1120500
2016-09-27,69.1164,69.4257,67.7786,68.4591,879200
2016-09-28,68.869,72.3797,68.3277,72.2096,1244200
2016-09-29,72.1091,74.6687,72.0549,73.8722,1540000
2016-09-30,74.2356,76.3853,74.0345,74.6531,1292000
2016-10-03,73.5783,74.599,70.4851,71.5523,2361700
2016-10-04,72.0085,72.573,69.9902,70.8254,1777500
2016-10-05,71.6064,73.3927,71.2971,73.2303,1675400
2016-10-06,73.8567,74.0886,72.3719,73.4932,1075800
2016-10-07,73.4855,73.8644,72.89,73.2303,813200
2016-10-10,77.1741,81.9916,76.5941,81.3575,3583500
2016-10-11,81.5818,82.618,80.1899,81.0715,1946800
2016-10-12,80.9709,81.837,80.4219,80.8395,1361400
2016-10-13,80.4914,80.8085,79.0841,80.0584,1046600
2016-10-14,80.3445,81.025,77.9087,78.0247,1556200
2016-10-17,78.0865,78.3958,76.4008,77.6922,1348100
2016-10-18,78.3881,79.4089,76.9189,77.1045,1034000
2016-10-19,77.7463,80.8163,77.7463,79.8032,1868700
2016-10-20,79.03,80.5688,77.7695,79.0686,1098400
2016-10-21,78.8598,79.8806,77.9783,79.0609,1011200
2016-10-24,79.3161,79.3161,76.2461,77.0194,995100
2016-10-25,76.8184,77.5607,74.947,75.3491,821000
2016-10-26,74.5913,74.8851,73.0834,74.2742,1276800
2016-10-27,74.6377,75.5347,74.1505,74.8387,1402600
2016-10-28,74.4676,75.8595,72.6426,72.6813,837600
2016-10-31,72.4647,72.8823,69.9902,70.5934,1352000
2016-11-01,71.3512,72.4261,70.0212,70.9955,764700
2016-11-02,70.199,71.0651,68.6215,70.5857,904800
2016-11-03,70.9955,71.7533,69.6345,71.5755,921600
2016-11-04,71.0419,71.8152,69.4026,70.9027,1190100
2016-11-07,72.4261,73.1143,71.3357,72.6581,1615900
2016-11-08,71.6837,74.4212,70.4155,72.4879,2051400
2016-11-09,72.4802,77.3365,72.0472,75.9059,1984600
2016-11-10,75.3955,76.5709,74.3902,75.295,1270100
2016-11-11,74.5604,75.9755,72.9983,73.8412,732500
2016-11-14,73.4932,73.6015,71.6915,72.9365,1124400
2016-11-15,73.9649,76.0064,73.9649,74.7459,1149500
2016-11-16,74.5758,76.5554,74.5604,75.4651,973100
2016-11-17,76.2075,78.3881,75.0862,75.7203,1827600
2016-11-18,75.9291,76.9885,74.9934,75.0862,941600
2016-11-21,76.1301,78.1871,76.1301,77.6844,1311900
2016-11-22,78.8908,78.8908,75.6275,76.7101,1022400
2016-11-23,76.1147,78.2412,75.7822,77.9242,923800
2016-11-25,78.5428,78.5428,75.7126,76.8957,456200
2016-11-28,77.5298,77.5298,74.599,74.8156,1228400
2016-11-29,73.3927,75.6507,71.6992,73.7716,1566500
2016-11-30,77.3287,83.9094,77.3287,83.399,7379400
2016-12-01,85.9741,87.5593,84.2883,85.0616,2788500
2016-12-02,85.9045,86.2525,83.4222,83.6233,1861600
2016-12-05,84.3579,86.1597,82.4093,82.6876,1412900
2016-12-06,81.9839,83.2676,80.7312,82.1927,1164800
2016-12-07,81.8524,82.5252,80.5533,81.4967,971400
2016-12-08,82.0767,83.5614,81.4968,82.9428,778900
2016-12-09,83.6851,83.8011,80.7544,81.9994,933400
2016-12-12,85.2395,87.5052,80.5843,81.1874,1830900
2016-12-13,81.7133,82.8732,80.1357,81.4117,1486600
2016-12-14,79.78,81.3807,78.3572,78.4964,1592000
2016-12-15,75.2022,78.3572,74.6222,78.2412,9153500
2016-12-16,77.986,78.9604,76.9421,78.8366,1994300
2016-12-19,79.0145,81.6823,78.9372,81.3885,2146700
2016-12-20,82.2778,82.3473,79.2542,79.3857,1311100
2016-12-21,79.6486,80.5843,77.6844,78.45,1422900
2016-12-22,78.8289,80.4219,78.0015,79.4398,872400
2016-12-23,79.5867,80.3445,78.9294,79.5945,1168000
2016-12-27,80.3214,80.8008,79.6873,80.3059,628100
2016-12-28,80.7853,80.8859,79.4011,79.6022,948000
2016-12-29,79.8342,80.0894,78.5815,78.914,839100
2016-12-30,78.8057,79.2001,77.8082,78.1484,783000
2017-01-03,79.262,81.1874,78.914,79.8419,1287500
2017-01-04,79.8419,81.0714,79.2387,80.0894,1250200
2017-01-05,80.3678,81.6282,79.5017,80.1667,1053100
2017-01-06,80.1435,81.0328,78.914,80.159,1012000
2017-01-09,79.579,79.6486,78.3263,78.4345,658600
2017-01-10,78.8289,79.7414,78.566,79.4243,984300
2017-01-11,79.2852,80.8008,78.798,80.3523,1204100
2017-01-12,80.8394,81.4117,79.4089,80.0894,1218000
2017-01-13,79.7491,79.7491,78.1948,78.3804,1844800
2017-01-17,79.1382,79.5867,77.1586,77.669,1382200
2017-01-18,76.9498,78.4732,76.656,77.7308,811400
2017-01-19,78.102,80.0584,78.102,79.0763,1098100
2017-01-20,79.9502,81.3576,79.3393,79.7337,901200
2017-01-23,79.2619,79.811,78.2953,79.0222,706400
2017-01-24,79.4321,80.6075,79.0918,80.2208,813000
2017-01-25,80.0894,82.8036,80.0894,81.288,1290700
2017-01-26,81.9066,83.9017,81.9066,82.5098,1475900
2017-01-27,82.4788,83.3604,81.9917,82.4943,660500
2017-01-30,82.2391,82.4401,78.6433,79.2619,1513200
2017-01-31,79.579,81.5818,79.3238,81.3266,2493100
2017-02-01,82.0225,82.6566,79.8419,81.7828,1550700
2017-02-02,81.6282,81.8834,79.3934,80.909,1206800
2017-02-03,80.9245,81.6514,80.3677,80.7466,1032700
2017-02-06,80.9632,81.6746,79.3547,81.5354,1294800
2017-02-07,80.7157,81.7442,77.3828,77.4215,2002700
2017-02-08,76.6869,77.9241,74.2742,77.7618,2248600
2017-02-09,78.102,80.476,78.0479,80.3677,1200800
2017-02-10,81.4504,82.5639,80.5456,81.0328,1246200
2017-02-13,81.0018,81.1488,79.2619,80.6538,1388500
2017-02-14,80.7389,83.5073,79.4939,83.2676,1964800
2017-02-15,86.4844,88.1547,85.5797,86.4844,3582900
2017-02-16,86.4149,87.1959,84.0641,84.2961,1506900
2017-02-17,83.6542,84.0099,82.2314,83.2289,1432200
2017-02-21,84.7291,85.5178,82.3396,82.618,1567100
2017-02-22,81.9994,82.4634,78.6047,78.8985,2243200
2017-02-23,80.4915,80.6075,76.6714,78.0711,2407700
2017-02-24,77.0503,78.8212,76.4008,77.6458,1963100
2017-02-27,77.7695,78.9372,77.3751,78.6047,1056000
2017-02-28,77.7309,78.566,77.2282,77.9938,913200
2017-03-01,79.3238,81.9375,78.4268,81.7442,2284400
2017-03-02,80.7621,82.1231,80.1667,80.2827,1113300
2017-03-03,80.4683,81.3885,79.8496,80.0971,770200
2017-03-06,79.896,81.0328,79.6641,80.3909,1018800
2017-03-07,80.9863,82.6798,80.6538,80.8704,1973800
2017-03-08,80.4992,81.0792,76.973,77.1431,1979400
2017-03-09,76.5477,78.682,75.844,78.4732,1507800
2017-03-10,79.1382,79.5945,77.9706,78.4577,1975300
2017-03-13,78.1716,79.1614,77.87,78.3031,1190300
2017-03-14,77.1741,77.9242,74.9934,76.0528,2139000
2017-03-15,76.9343,79.811,76.5864,79.5867,2054800
2017-03-16,80.3136,80.476,79.0995,79.9888,1832100
2017-03-17,80.5069,81.4272,80.1899,80.9554,2046700
2017-03-20,79.9579,80.4064,78.6665,80.1976,1588200
2017-03-21,79.9734,80.6925,78.4113,78.9681,1354600
2017-03-22,78.8985,79.3702,77.4215,78.2335,1204500
2017-03-23,78.1793,78.45,76.656,77.0194,1856400
2017-03-24,77.2437,78.0556,76.772,77.1199,1228700
2017-03-27,75.7203,77.0658,75.3491,76.509,1341100
2017-03-28,76.6792,78.4887,76.3931,78.2799,2503800
2017-03-29,78.0865,80.1358,77.4834,79.7723,1848300
2017-03-30,80.3059,80.8395,79.2697,79.3934,1472900
2017-03-31,78.8908,80.5224,78.4887,80.2054,1217400
2017-04-03,80.0352,80.8085,79.0145,80.4838,956800
2017-04-04,80.1048,82.6799,79.7723,82.5639,2099800
2017-04-05,83.2753,83.6465,79.5017,79.6022,1833900
2017-04-06,80.2827,81.2957,79.9966,80.94,1138500
2017-04-07,81.141,81.636,79.9502,80.7157,942900
2017-04-10,80.7853,81.7519,79.8728,80.9013,805300
2017-04-11,81.1256,82.0303,79.9656,81.9375,1522400
2017-04-12,82.0535,83.4763,81.5277,82.2159,1905600
2017-04-13,82.4633,83.2908,80.7776,81.2261,1502100
2017-04-17,81.0946,81.7442,80.4296,81.3034,917300
2017-04-18,80.5611,81.8679,79.4243,79.7723,970900
2017-04-19,79.7878,79.9193,77.2128,77.7541,1461900
2017-04-20,78.4887,78.8212,77.4989,77.5375,1274600
2017-04-21,77.5375,78.8908,77.0194,78.3108,1973400
2017-04-24,78.8212,79.7027,77.5452,78.6897,1691600
2017-04-25,79.1227,80.4605,78.3959,80.3987,1248000
2017-04-26,79.8883,81.6669,79.6254,79.811,917800
2017-04-27,79.1537,79.1537,76.5013,77.6767,1913800
2017-04-28,78.334,78.4345,76.7178,77.205,1019100
2017-05-01,77.2282,77.5917,76.3776,76.5245,1241000
2017-05-02,76.9189,77.5994,75.3801,76.076,1629300
2017-05-03,76.5555,79.5558,76.1843,77.5453,2751300
2017-05-04,76.7874,77.0194,72.4106,73.6247,3233300
2017-05-05,73.7639,77.1199,73.702,77.0581,1885200
2017-05-08,76.857,78.1407,76.1688,77.8082,1512700
2017-05-09,77.5684,78.0015,76.7565,77.0349,1043600
2017-05-10,77.7231,79.6486,77.6071,79.1692,1471700
2017-05-11,79.5171,80.0352,78.1871,78.3959,1233300
2017-05-12,78.102,79.0841,78.0324,78.798,1236800
2017-05-15,80.5224,81.1952,79.7414,79.8651,990900
2017-05-16,80.1048,80.9477,79.5558,80.3909,1227400
2017-05-17,79.4939,80.7931,78.6742,78.7129,1137500
2017-05-18,78.0324,79.5326,78.0247,78.5814,1039100
2017-05-19,79.0686,80.3368,78.5737,79.7414,1327900
2017-05-22,80.1048,80.8008,78.6124,79.0686,1083300
2017-05-23,79.2078,79.3006,77.7695,77.8314,1152800
2017-05-24,77.8314,78.0788,76.3389,76.8416,1350500
2017-05-25,76.7565,78.8598,76.0373,77.0426,1538200
2017-05-26,76.9962,77.2746,75.6352,76.0992,1363400
2017-05-30,75.5656,75.7435,72.7663,72.9055,2086500
2017-05-31,71.7765,72.6194,70.5238,71.7301,2544700
2017-06-01,72.4416,73.3308,71.5291,72.6658,1206700
2017-06-02,72.4261,72.72,70.7403,71.0187,1481700
2017-06-05,70.5857,70.9569,69.5263,70.0985,1224200
2017-06-06,69.7892,72.0008,69.5572,71.7301,1422400
2017-06-07,71.2275,71.7224,68.1962,68.5133,1430200
2017-06-08,68.0029,68.9618,67.3069,67.9101,2166900
2017-06-09,68.1034,69.882,67.7322,69.7118,1430900
2017-06-12,70.0366,70.9105,69.5031,70.1062,2319100
2017-06-13,69.967,71.4981,69.851,71.4827,1294200
2017-06-14,70.9801,71.2971,68.9076,69.1319,1594100
2017-06-15,68.6525,69.07,65.4588,66.4022,2805300
2017-06-16,66.8507,67.1832,64.8865,65.6289,2396000
2017-06-19,66.0001,66.727,65.3196,66.4177,1056100
2017-06-20,65.1804,67.8018,64.353,67.3069,2091200
2017-06-21,67.0363,68.7839,66.2243,67.0827,2075300
2017-06-22,67.1909,68.1885,66.4254,66.4872,1206500
2017-06-23,66.5259,68.521,66.3558,68.3586,2375000
2017-06-26,68.6215,68.6292,67.0208,67.508,1218200
2017-06-27,67.7245,68.5674,66.9357,68.0415,1269000
2017-06-28,68.2503,69.2247,66.9203,66.9667,1245200
2017-06-29,67.4384,68.4282,67.0517,67.5002,1526000
2017-06-30,67.6085,69.0082,67.1368,68.6757,1612700
2017-07-03,69.2479,70.1062,68.6988,69.8665,723300
2017-07-05,69.2479,69.3329,67.6162,68.4282,1376000
2017-07-06,68.9772,69.4876,66.3403,66.4718,1536100
2017-07-07,66.031,66.7424,64.005,66.5723,1441700
2017-07-10,66.2552,68.1807,65.915,68.0725,1236400
2017-07-11,68.1266,68.6988,66.9435,68.5287,862500
2017-07-12,69.2788,70.1371,67.8946,68.1343,982900
2017-07-13,68.1421,69.2943,67.8018,69.1473,811700
2017-07-14,69.1937,70.0985,69.1783,69.967,890500
2017-07-17,69.7892,70.4542,69.5804,69.9593,1115400
2017-07-18,71.1192,71.1192,69.1551,69.9129,1241100
2017-07-19,70.2918,72.6735,69.9361,72.6349,1279300
2017-07-20,72.9983,73.8953,71.2043,71.4362,1373800
2017-07-21,71.5136,71.7533,70.5934,71.1347,1219800
2017-07-24,71.4827,72.7354,71.1888,72.0781,854200
2017-07-25,72.8823,74.5604,72.7973,74.0191,1178900
2017-07-26,74.715,75.6507,73.7252,74.6068,1023200
2017-07-27,74.5604,75.1094,73.9108,74.6764,1019800
2017-07-28,74.4908,75.264,74.135,74.7382,909900
2017-07-31,74.63,74.7846,73.1607,74.1428,1114900
2017-08-01,74.3825,74.7382,73.1066,73.7329,965600
2017-08-02,75.7744,75.7744,71.0342,74.1119,3738500
2017-08-03,74.483,74.8465,69.1628,69.3561,2890400
2017-08-04,69.967,74.0423,69.4876,73.6247,2052600
2017-08-07,73.4468,74.3361,71.7378,74.2665,1436400
2017-08-08,73.9417,74.7537,73.006,73.4468,1905100
2017-08-09,73.3154,74.5604,72.7895,73.1375,1226500
2017-08-10,72.3024,73.2071,71.1192,71.1888,3388700
2017-08-11,71.1579,72.6117,71.096,71.8152,1182600
2017-08-14,71.8075,72.256,69.4103,70.1758,1612500
2017-08-15,70.0443,70.0985,67.7709,68.0647,2985700
2017-08-16,67.972,69.3097,67.7322,68.0957,1504300
2017-08-17,67.6626,68.6447,66.3558,66.58,1396900
2017-08-18,66.8584,68.3277,66.2939,67.477,1345700
2017-08-21,67.276,67.8096,66.8352,67.3379,761000
2017-08-22,67.8869,68.173,67.3765,67.6085,634100
2017-08-23,67.4538,69.4335,67.1677,68.7143,773400
2017-08-24,68.6215,69.0932,67.8173,68.9154,728000
2017-08-25,69.1164,69.2479,68.4205,68.6215,413600
2017-08-28,68.5442,68.5442,66.9048,68.0725,614000
2017-08-29,67.9487,68.5674,66.9821,68.1807,758300
2017-08-30,68.1189,69.0546,67.2837,68.4127,595000
2017-08-31,68.8922,70.4619,68.4127,70.2067,1300400
2017-09-01,70.4233,71.1965,69.7969,71.0806,1434900
2017-09-05,71.6683,72.6272,70.5084,70.9414,808900
2017-09-06,71.6451,72.3178,71.1734,71.6528,1025300
2017-09-07,71.3357,71.3357,69.6036,70.8486,779200
2017-09-08,70.4078,70.4078,67.9255,68.7452,1123500
2017-09-11,68.7607,69.4644,68.3122,69.1705,993100
2017-09-12,69.1164,70.8718,69.1164,69.9129,1058400
2017-09-13,70.2763,72.689,70.2763,72.2946,1131400
2017-09-14,72.4648,74.0423,72.2482,72.5421,1431300
2017-09-15,72.5421,73.1839,72.0394,72.6658,1054200
2017-09-18,72.1013,73.9804,72.1013,73.5783,1282900
2017-09-19,73.6556,74.1505,72.7199,72.9055,1150700
2017-09-20,73.2613,75.4961,72.9597,75.2563,1396800
2017-09-21,74.9393,75.6275,74.3438,75.2872,1014100
2017-09-22,74.6222,74.9238,73.6634,74.0345,1343800
2017-09-25,74.5449,75.3568,74.3593,74.8387,1406900
2017-09-26,74.5604,75.6198,74.2743,75.1249,896200
2017-09-27,74.8387,75.411,74.2974,74.9161,1230700
2017-09-28,74.9006,76.0605,74.6918,75.1171,1559400
2017-09-29,74.831,76.0373,74.5913,75.7512,1443400
2017-10-02,74.9934,77.5994,73.9959,77.3287,1429900
2017-10-03,77.4447,79.2619,77.2591,77.3906,1807300
2017-10-04,77.9164,78.4732,76.9112,77.9087,1367700
2017-10-05,77.9164,78.1407,77.0581,77.1354,1060000
2017-10-06,76.7642,76.7797,75.6352,76.625,701400
2017-10-09,77.0813,77.321,76.4549,77.2823,486500
2017-10-10,78.102,78.5969,77.7308,77.9164,529600
2017-10-11,78.3031,78.651,77.437,78.5041,922000
2017-10-12,78.0479,78.6743,77.0272,78.1948,934800
2017-10-13,78.8676,79.2542,78.0556,78.3881,834600
2017-10-16,79.1846,79.9811,78.8676,79.3393,1040500
2017-10-17,79.2929,79.664,78.4732,79.347,755300
2017-10-18,79.0841,80.1126,78.8444,79.0222,784500
2017-10-19,78.7129,79.0377,77.9706,78.5583,816000
2017-10-20,78.566,79.4243,78.2257,79.2851,577100
2017-10-23,79.3161,79.4553,77.4679,77.5994,646100
2017-10-24,77.6458,78.3572,76.2229,77.0735,1083500
2017-10-25,77.3287,78.0633,76.5864,78.0169,707100
2017-10-26,78.102,78.8521,77.0503,78.0092,764100
2017-10-27,77.8082,81.2184,77.7154,80.8626,1115400
2017-10-30,81.3112,82.5716,81.0018,82.1231,966500
2017-10-31,81.9917,83.1748,81.6282,82.8655,1041000
2017-11-01,83.6929,86.3839,83.6233,84.8915,1350900
2017-11-02,84.5744,85.0152,83.7857,84.2651,617400
2017-11-03,84.528,86.3916,84.0563,85.9509,786900
2017-11-06,86.2679,87.9614,85.4946,87.915,1623100
2017-11-07,88.7888,88.8739,85.9509,86.4535,2018200
2017-11-08,86.0359,86.0514,83.4377,85.0925,2246300
2017-11-09,84.18,85.9663,84.0872,85.8581,1418100
2017-11-10,85.4405,87.0489,85.4405,86.4999,1001800
2017-11-13,86.1055,86.9252,85.1931,85.8117,1041400
2017-11-14,85.1467,85.7498,83.6001,83.7238,1149600
2017-11-15,82.7572,83.1361,81.8061,82.4479,1501200
2017-11-16,82.734,83.4686,82.0071,82.3783,878700
2017-11-17,82.27,83.314,81.9839,83.1593,1148500
2017-11-20,83.1903,84.1569,82.1695,83.4918,881400
2017-11-21,84.1569,84.6982,83.515,84.4043,1076600
2017-11-22,85.0693,85.4018,84.3115,84.4816,846700
2017-11-24,84.9611,85.7653,84.7677,85.2936,262100
2017-11-27,85.2472,85.3168,82.6799,82.9428,974500
2017-11-28,83.0743,83.8785,82.6722,83.6929,567900
2017-11-29,83.8939,84.5976,82.7572,83.631,528100
2017-11-30,84.095,86.0746,83.631,84.528,905700
2017-12-01,85.1853,87.4743,84.675,85.7653,995300
2017-12-04,86.0359,86.6855,84.1723,84.3038,643000
2017-12-05,83.8089,85.2549,83.5846,84.3347,670500
2017-12-06,83.8785,84.2342,81.9453,82.2236,1027600
2017-12-07,82.3551,84.3192,82.0535,84.2496,727500
2017-12-08,85.0616,85.7885,84.8141,85.657,715900
2017-12-11,85.7498,87.049,85.4482,86.0669,905700
2017-12-12,86.2602,86.8015,85.5256,86.2447,604800
2017-12-13,86.5695,87.0258,85.8426,86.2911,782100
2017-12-14,85.9818,87.0721,85.572,85.8581,827200
2017-12-15,86.0823,86.5231,84.5512,84.6904,1045300
2017-12-18,85.0693,85.8349,84.2264,84.7909,858300
2017-12-19,84.8992,86.6082,84.6518,86.4613,983100
2017-12-20,87.1959,91.0778,86.5773,90.6602,2130700
2017-12-21,91.2556,95.5396,90.6679,95.1917,2644100
2017-12-22,95.4855,97.0475,95.2148,96.1737,1517500
2017-12-26,96.6841,98.5554,96.2124,97.411,1490500
2017-12-27,97.5502,97.6971,95.2226,95.2613,1348300
2017-12-28,96.1815,97.4497,95.385,97.063,1090300
2017-12-29,97.6816,98.4549,96.0655,97.6275,842500
2018-01-02,96.6609,99.1973,96.4831,98.888,1548100
2018-01-03,98.7488,100.3263,98.5787,99.8855,1609900
2018-01-04,99.8468,100.8366,98.5709,100.6279,978500
2018-01-05,100.3031,101.2156,99.3829,100.5119,873300
2018-01-08,100.6047,101.4553,100.0556,101.2929,1428100
2018-01-09,101.5713,102.1281,98.4549,98.5864,1290800
2018-01-10,98.8107,99.5066,97.7745,98.4318,1487700
2018-01-11,98.4472,101.9657,97.8595,100.45,1493300
2018-01-12,100.7438,101.5945,100.2567,100.6356,1030900
2018-01-16,100.8985,101.2001,98.8725,98.9962,1002100
2018-01-17,99.0581,99.5994,97.96,98.5477,1425400
2018-01-18,98.6328,99.2437,97.5734,98.3853,1040000
2018-01-19,97.844,98.9962,97.411,98.6482,585100
2018-01-22,99.1122,102.3136,98.9808,102.2363,918100
2018-01-23,102.5147,103.5432,101.0454,102.3136,1152400
2018-01-24,102.8008,104.0226,100.7052,100.8057,1542400
2018-01-25,101.5713,101.695,98.0296,98.0915,1311100
2018-01-26,98.8184,100.682,98.0915,100.5969,664400
2018-01-29,100.7593,101.6331,99.4757,99.7927,962000
2018-01-30,98.9653,98.9653,96.3516,97.643,1514800
2018-01-31,97.6971,98.3931,96.7846,97.0476,1247700
2018-02-01,97.1017,98.7411,96.7846,97.9291,969000
2018-02-02,97.2177,97.4342,94.5112,94.6968,1554800
2018-02-05,93.1734,96.6222,91.8897,93.0032,1807200
2018-02-06,91.8047,96.2279,91.3794,94.2637,1695700
2018-02-07,94.2715,95.1298,91.6113,91.6345,1224800
2018-02-08,91.6732,92.3769,86.005,86.0901,2817700
2018-02-09,86.7474,87.9614,81.7055,85.456,1811700
2018-02-12,86.6082,90.0416,86.6082,89.709,1709900
2018-02-13,89.1059,90.0338,88.6806,88.9512,1649400
2018-02-14,89.7013,95.0757,88.7502,94.9829,2901600
2018-02-15,95.8799,96.862,94.024,96.7769,2419800
2018-02-16,95.9804,98.0142,95.4623,95.7948,1697000
2018-02-20,95.2458,96.9316,94.6736,94.9674,1276800
2018-02-21,94.5962,96.4135,93.444,93.5523,1260600
2018-02-22,93.6915,96.7305,93.3048,95.354,1142600
2018-02-23,96.3284,99.0504,95.9263,98.9266,876000
2018-02-26,99.6071,99.87,98.2693,98.7642,669000
2018-02-27,98.2075,99.7927,97.5579,97.5657,823100
2018-02-28,98.2539,99.1509,96.3593,96.3825,1021200
2018-03-01,96.6841,99.4679,96.1041,97.7513,1080000
2018-03-02,96.7073,100.0711,95.8876,99.8159,960900
2018-03-05,99.205,101.7491,99.1664,100.7207,968200
2018-03-06,101.0222,101.3161,98.1147,98.2771,1062000
2018-03-07,97.9446,99.669,95.2999,97.643,1225700
2018-03-08,98.1765,98.1765,95.7871,96.8156,772900
2018-03-09,97.6507,99.9938,97.2177,99.7077,961500
2018-03-12,99.9628,100.5351,98.4627,98.5245,886300
2018-03-13,99.12,100.1098,97.7667,98.3235,858700
2018-03-14,98.7875,99.2669,97.063,97.2873,1038400
2018-03-15,97.4961,98.7642,96.0964,96.3516,1146300
2018-03-16,96.4057,98.0683,95.8876,97.0553,1997700
2018-03-19,95.8876,97.0398,94.3256,94.8282,1603000
2018-03-20,95.4933,97.9214,95.1143,97.0785,1343300
2018-03-21,97.4187,101.6641,97.4033,100.6665,1280900
2018-03-22,99.4679,100.7207,98.5787,98.8106,1439100
2018-03-23,99.2746,102.0816,98.6251,98.9498,1468600
2018-03-26,100.2722,103.3808,99.2205,103.0251,1771700
2018-03-27,103.8061,104.0845,99.3442,99.8932,1285700
2018-03-28,99.8314,100.9913,96.1273,96.4057,2530900
2018-03-29,96.4367,98.4472,96.1892,97.8363,2045500
2018-04-02,97.3259,97.3568,91.851,94.5421,2427000
2018-04-03,95.4237,95.9263,93.1038,95.4546,1464400
2018-04-04,93.3667,94.8128,93.1425,94.7896,1590400
2018-04-05,95.0061,97.5579,95.0061,96.2047,1361300
2018-04-06,94.9442,95.2845,88.8894,90.1808,3287100
2018-04-09,90.869,91.2479,87.4279,87.6057,3323800
2018-04-10,89.4307,91.1783,88.3867,90.7684,2040800
2018-04-11,91.8279,92.4465,89.8405,90.1189,2406200
2018-04-12,90.0107,91.2634,88.8275,89.9643,1853100
2018-04-13,90.3973,92.6553,90.1034,91.7892,1340600
2018-04-16,91.8665,92.3691,90.6911,92.0521,1462300
2018-04-17,92.7172,95.7175,92.1758,94.573,1832300
2018-04-18,95.4623,99.4757,95.2226,98.2848,2592700
2018-04-19,98.6328,101.0686,98.308,99.6613,2326100
2018-04-20,98.8184,100.8599,97.7126,99.2901,1787200
2018-04-23,98.6251,100.0788,97.2718,99.1664,1186100
2018-04-24,99.205,99.5453,96.2433,97.2254,1996400
2018-04-25,97.411,98.6637,96.6686,97.2409,1261400
2018-04-26,97.2795,98.5323,96.9161,98.107,1200600
2018-04-27,97.6971,98.7333,96.8929,97.3182,960400
2018-04-30,97.1171,100.682,96.9548,99.3287,1388600
2018-05-01,98.5477,100.3882,97.875,99.0581,1017800
2018-05-02,98.9962,101.0068,98.8725,99.6922,1569000
2018-05-03,99.5762,100.481,97.3955,97.8286,2000100
2018-05-04,97.8904,98.9344,96.978,98.4395,1632000
2018-05-07,99.7308,103.837,99.3597,100.7129,1559300
2018-05-08,100.8134,104.3087,98.8493,104.1773,2030500
2018-05-09,103.2339,106.2574,100.6975,105.5692,4251000
2018-05-10,105.9326,106.2806,100.1716,100.3649,2883600
2018-05-11,100.7516,101.2774,95.2458,95.7484,3155100
2018-05-14,95.818,96.599,95.586,96.0732,1845300
2018-05-15,95.7871,99.8855,95.4469,99.3906,2403400
2018-05-16,99.7077,102.2827,98.9267,102.1745,1691500
2018-05-17,102.7467,106.5822,102.5688,105.3681,1973000
2018-05-18,105.2559,105.5578,103.7311,104.1646,1210600
2018-05-21,105.1862,106.177,104.4277,105.8519,978100
2018-05-22,105.7358,106.92,101.9664,102.3456,1005500
2018-05-23,101.2079,102.098,99.1026,100.341,2503800
2018-05-24,99.0329,99.4664,95.9292,96.7419,2407000
2018-05-25,94.6057,94.7218,91.3781,93.1506,2607900
2018-05-29,92.5701,94.3425,92.245,93.6537,1714000
2018-05-30,94.2574,95.6506,93.3441,95.0469,1603300
2018-05-31,94.5206,95.3023,92.9958,93.4679,1835100
2018-06-01,93.1118,93.3363,88.6459,89.3967,2960400
2018-06-04,89.6986,90.132,84.3115,86.4555,3928000
2018-06-05,86.1072,87.601,83.4214,86.3394,2346400
2018-06-06,86.5484,87.2759,85.0004,86.858,1993200
2018-06-07,87.8023,88.9633,87.5546,88.3286,1655700
2018-06-08,87.8642,88.6846,87.0282,88.2047,1074100
2018-06-11,88.3131,89.3425,87.5314,88.1041,1290200
2018-06-12,88.3905,92.3534,88.2357,92.0128,1804800
2018-06-13,91.8271,92.2063,91.1692,91.6026,1616000
2018-06-14,92.2992,92.7094,89.5128,89.745,1540800
2018-06-15,89.358,90.6506,88.4679,89.4586,2474900
2018-06-18,88.8317,95.6738,88.6305,94.8766,3950400
2018-06-19,93.1583,99.807,93.1583,98.7466,3422700
2018-06-20,99.4974,101.1228,98.6073,100.2791,1799700
2018-06-21,99.776,99.776,94.4973,95.7667,2061300
2018-06-22,98.615,100.2482,97.0361,97.1831,2211900
2018-06-25,97.2218,97.7559,93.2357,94.1181,1347400
2018-06-26,94.2187,98.2667,94.1568,97.9416,1347000
2018-06-27,99.8766,102.8101,99.567,100.7203,2309000
2018-06-28,101.0066,102.0902,98.9555,101.2698,1417400
2018-06-29,101.0531,102.8255,100.3565,101.8348,1425700
2018-07-02,101.293,101.293,99.1491,100.0779,952300
2018-07-03,101.3163,103.081,100.0005,100.6584,701700
2018-07-05,101.9974,103.2512,101.2156,102.1677,836300
2018-07-06,102.1522,105.3178,100.5809,104.4664,839100
2018-07-09,104.4587,105.9603,104.2652,105.7822,1089900
2018-07-10,106.6878,107.0051,102.8333,103.6847,2119500
2018-07-11,103.0655,104.358,99.8921,101.2079,1455900
2018-07-12,102.3534,102.3534,99.5747,100.8364,837300
2018-07-13,100.6429,102.7791,100.6197,101.6568,897000
2018-07-16,99.7296,101.2389,99.389,100.6119,851800
2018-07-17,99.7682,101.8967,99.1568,101.1227,507800
2018-07-18,100.906,101.4014,99.2032,101.0763,1009800
2018-07-19,100.9525,102.5005,100.6274,102.2373,653600
2018-07-20,102.9571,102.9571,100.6197,101.5097,885800
2018-07-23,101.5097,101.8503,100.4803,101.5252,702000
2018-07-24,102.3689,104.4587,101.9896,103.29,855600
2018-07-25,103.1042,105.2559,102.2141,104.242,608600
2018-07-26,104.0175,105.1862,103.7544,104.1413,556200
2018-07-27,103.9401,105.7048,101.8348,102.4308,729600
2018-07-30,103.7079,105.2636,102.5546,103.4912,1388800
2018-07-31,103.1197,104.4896,100.6816,102.1289,625000
2018-08-01,101.7574,102.9803,99.6676,102.8488,724500
2018-08-02,102.1444,105.0005,101.1537,104.0949,544100
2018-08-03,104.0872,104.3503,100.5732,101.2388,1028900
2018-08-06,102.0825,105.0624,101.5639,103.4215,1028500
2018-08-07,104.1026,105.4571,103.8395,104.2884,659700
2018-08-08,103.4757,104.1878,101.7807,103.5531,1548400
2018-08-09,102.9416,104.4974,100.2249,101.5097,1897200
2018-08-10,102.2141,105.2636,101.4323,104.3348,1340700
2018-08-13,103.5299,104.6212,101.8426,102.067,911900
2018-08-14,103.1042,104.4122,102.6088,103.5221,1239100
2018-08-15,95.2326,96.1305,89.2264,91.0995,11541400
2018-08-16,92.8797,93.406,91.4168,93.2357,3945000
2018-08-17,93.3248,94.5258,91.9224,93.1156,2165100
2018-08-20,94.1151,94.3863,92.3331,93.7432,1904300
2018-08-21,94.487,96.2846,94.1384,94.9829,2826800
2018-08-22,96.3155,97.1213,95.9126,96.2536,2283900
2018-08-23,95.3006,95.9049,93.7355,94.2158,990100
2018-08-24,95.2696,95.6492,94.1383,94.332,1314800
2018-08-27,94.9596,95.7499,94.3863,95.0914,1638100
2018-08-28,94.8899,95.3161,93.2861,93.8439,1304700
2018-08-29,93.8439,94.7195,93.3713,94.456,2070800
2018-08-30,94.2623,94.8667,93.6037,94.1539,1060800
2018-08-31,93.9059,94.0764,92.736,93.8129,1852700
2018-09-04,94.642,94.7117,92.8212,93.2241,1374500
2018-09-05,92.5035,92.6275,90.5665,91.0081,1778800
2018-09-06,91.0159,91.0547,87.94,88.707,1721700
2018-09-07,88.3274,88.3274,86.2586,87.2814,1902800
2018-09-10,87.3511,87.878,86.5841,86.863,1902400
2018-09-11,87.0567,90.9075,86.2431,90.1869,2335200
2018-09-12,91.2096,93.6967,91.2019,93.3713,2308500
2018-09-13,93.1079,93.41,91.1476,92.0541,1962500
2018-09-14,92.395,95.7034,91.7674,94.3165,2167900
2018-09-17,94.1926,96.4163,93.8285,95.0604,1582500
2018-09-18,96.0056,97.8109,95.2696,96.6565,2019400
2018-09-19,96.6952,100.0811,96.4628,99.624,2071000
2018-09-20,100.1818,100.484,97.9659,98.1828,1917000
2018-09-21,99.0583,99.9184,98.2293,99.6007,1801100
2018-09-24,100.8869,103.4902,100.7009,102.9401,2216700
2018-09-25,103.5444,105.5357,103.0331,104.2185,1891000
2018-09-26,103.9241,104.2728,101.5997,101.7547,2045700
2018-09-27,103.0873,104.1411,102.1808,103.8699,1283900
2018-09-28,103.4747,106.7986,103.2268,104.7454,1629000
2018-10-01,104.9468,107.3022,104.8771,105.9928,1215100
2018-10-02,106.2175,106.5274,104.6757,106.1865,1423900
2018-10-03,106.8761,109.0765,105.7062,108.4102,1820800
2018-10-04,107.9918,107.9918,104.7531,104.7919,1506800
2018-10-05,105.5357,105.9076,103.7381,105.6442,1428600
2018-10-08,104.2883,105.0631,102.1343,102.9556,1466900
2018-10-09,102.7619,105.7372,102.7619,104.6989,1228500
2018-10-10,104.7067,105.1405,99.8951,100.1663,1652100
2018-10-11,99.2211,100.4995,96.5092,96.5635,2204300
2018-10-12,98.7639,99.1823,94.4328,97.7179,1604800
2018-10-15,99.0119,99.6472,97.7954,99.1203,1073100
2018-10-16,100.1043,101.7624,98.8724,101.3595,1234900
2018-10-17,101.2123,101.53,99.2986,100.3445,951100
2018-10-18,99.1746,99.4535,96.9432,98.3688,947800
2018-10-19,98.8414,100.2516,97.9814,98.4773,1298600
2018-10-22,98.5315,98.6787,96.1451,96.5093,2078900
2018-10-23,93.8982,94.6187,90.7447,92.2866,2636200
2018-10-24,93.658,93.8284,87.2581,87.4751,1479700
2018-10-25,88.6993,89.4586,86.739,88.5133,1766900
2018-10-26,86.9715,89.3424,85.1507,88.1414,1867800
2018-10-29,88.1647,88.4513,82.4234,83.8103,1768000
2018-10-30,82.4311,85.4218,82.0747,85.1352,2093100
2018-10-31,86.0184,89.6523,85.848,87.0567,2455900
2018-11-01,87.3976,89.9002,87.1652,89.4508,1499900
2018-11-02,89.8925,90.4348,87.5293,88.5753,1556400
2018-11-05,89.5283,91.7442,88.9085,89.8692,1315400
2018-11-06,90.2024,90.3651,87.1729,87.8392,2266000
2018-11-07,91.2561,92.6275,85.4373,89.7762,3843100
2018-11-08,89.3191,89.97,84.9028,85.7318,2403100
2018-11-09,84.5153,88.9782,82.2916,88.2111,2440200
2018-11-12,88.8465,89.598,85.1584,85.4063,1889200
2018-11-13,85.0189,85.5691,82.6558,83.5623,2039200
2018-11-14,85.2514,86.6228,83.694,84.2287,1676600
2018-11-15,84.4069,87.3124,83.3299,86.9637,1848800
2018-11-16,87.0529,89.1472,86.7426,88.6663,1632800
2018-11-19,87.2934,88.8602,85.9127,88.2785,2185600
2018-11-20,86.1764,86.7892,83.8339,84.3381,1912500
2018-11-21,85.0827,86.3858,84.6794,84.7259,1527500
2018-11-23,81.662,82.779,80.2891,81.3518,1443000
2018-11-26,82.6549,85.0051,82.0498,84.7879,2564000
2018-11-27,86.9521,88.5965,84.5398,85.1991,7557100
2018-11-28,84.8112,86.9055,83.9813,85.168,3818000
2018-11-29,85.6179,88.5111,85.0982,86.8745,4893000
2018-11-30,86.4479,86.541,81.4991,85.6179,33049700
2018-12-03,88.294,89.9539,86.3005,87.0064,6422700
2018-12-04,87.177,87.5028,81.3207,81.5069,3880300
2018-12-06,79.1178,79.3816,75.2007,78.9782,5247300
2018-12-07,81.4449,83.4151,79.1644,79.6608,3588900
2018-12-10,78.6059,80.5916,77.1244,78.0552,2668400
2018-12-11,80.1107,80.3589,77.0081,77.5976,2166300
2018-12-12,78.9395,79.9246,76.3099,76.3953,2795000
2018-12-13,76.1238,76.659,73.3314,74.7121,4373200
2018-12-14,74.2932,74.2932,71.2371,71.9119,4368300
2018-12-17,71.4775,71.9274,68.3749,68.6774,3815000
2018-12-18,68.9334,69.7788,67.1028,68.2042,3899500
2018-12-19,69.2281,73.7192,69.0187,70.2753,4552800
2018-12-20,68.5455,70.9578,68.5455,69.0575,3320800
2018-12-21,69.5306,71.113,68.0879,68.8558,5570500
2018-12-24,68.4369,69.2979,66.4047,66.4512,1673500
2018-12-26,67.4208,71.4,66.0789,71.3534,3065300
2018-12-27,69.8099,72.1679,68.6231,72.0438,1932400
2018-12-28,72.4626,72.5635,69.8642,71.2759,1803100
2018-12-31,71.7025,72.3618,70.6398,71.9042,1508700
2019-01-02,70.3063,74.65,69.7013,73.8588,2385200
2019-01-03,74.2311,75.9298,73.1685,74.588,2275500
2019-01-04,75.9143,77.6363,75.3093,77.5122,2600800
2019-01-07,78.0785,80.3744,77.3571,79.6065,2267000
2019-01-08,80.8166,81.8715,79.6376,81.4061,3275400
2019-01-09,82.9962,84.501,81.9956,82.8333,2257300
2019-01-10,81.5922,82.7867,80.8088,82.3213,1835500
2019-01-11,81.6388,81.7241,79.6608,80.7467,1531200
2019-01-14,79.5289,81.8016,79.2342,81.0648,1833700
2019-01-15,81.5845,82.8333,80.1417,81.4526,1245300
2019-01-16,81.2432,82.9186,80.5916,81.9413,1610100
2019-01-17,81.0958,82.6006,80.7623,81.949,1259700
2019-01-18,82.9031,83.0427,81.7551,82.9109,1645700
2019-01-22,81.8947,82.1585,78.5051,78.699,2429700
2019-01-23,79.6531,80.0409,77.5743,78.5982,1464900
2019-01-24,78.6525,79.878,78.3344,78.7766,2267500
2019-01-25,79.2032,80.0641,78.6757,79.2807,2364300
2019-01-28,78.1793,78.5594,76.977,77.7992,1631900
2019-01-29,78.4896,78.9782,77.3183,77.6906,1505100
2019-01-30,79.304,79.5367,77.6286,79.3195,1287600
2019-01-31,79.5833,81.1423,78.986,79.9866,2240300
2019-02-01,80.2038,80.9949,79.3661,79.8082,1274800
2019-02-04,79.3273,81.2509,77.838,81.0958,2025300
2019-02-05,80.6149,80.7933,78.8541,79.0248,2340800
2019-02-06,78.4198,79.5445,77.4424,78.8464,1347000
2019-02-07,78.2569,78.5361,75.7592,75.9842,1892700
2019-02-08,75.8756,76.372,73.7503,74.9293,1908900
2019-02-11,74.5725,76.1083,73.5796,75.9066,1374200
2019-02-12,77.0546,78.1715,76.2014,76.5426,1580200
2019-02-13,77.0546,79.1179,76.7986,78.3577,1569200
2019-02-14,78.0319,81.1966,77.9543,80.5373,1827600
2019-02-15,81.4448,82.9496,80.739,81.8327,2132400
2019-02-19,81.0648,82.143,80.0487,81.2897,2466600
2019-02-20,80.7655,83.8175,80.3695,82.6682,3395400
2019-02-21,81.5887,82.6604,78.4901,79.3211,2724800
2019-02-22,80.1365,81.2625,79.7093,80.7888,1874300
2019-02-25,80.2918,81.8372,79.8724,81.7673,1707600
2019-02-26,81.6586,82.9633,81.3557,81.9382,1854800
2019-02-27,82.3964,84.0583,81.7984,81.9226,1576500
2019-02-28,81.8139,81.9382,79.6705,79.9345,2404900
2019-03-01,80.152,82.2721,80.152,81.3791,1910600
2019-03-04,81.9847,82.1401,79.7792,81.2858,1459500
2019-03-05,81.6353,81.6353,79.4065,79.6938,1380800
2019-03-06,79.554,79.5929,77.2243,77.698,1680200
2019-03-07,77.8688,78.1717,75.873,75.9196,1711100
2019-03-08,74.4518,74.5994,72.1221,74.1645,1873600
2019-03-11,74.9954,75.9273,74.5528,75.7798,1398800
2019-03-12,76.1137,78.4513,76.1137,78.0474,1920700
2019-03-13,79.5851,80.3927,78.6998,80.3151,2119200
2019-03-14,80.1753,82.4119,80.1753,80.9286,2550900
2019-03-15,80.1986,80.7888,79.1735,79.5152,1755600
2019-03-18,79.8491,81.2548,79.1968,81.1849,1396200
2019-03-19,81.4878,81.6974,79.6938,80.1287,1330900
2019-03-20,79.8026,82.575,79.756,81.6819,1531300
2019-03-21,81.5732,82.5983,81.0451,82.2488,1657700
2019-03-22,81.5887,81.5887,78.4979,78.7231,1412700
2019-03-25,78.4979,78.6765,77.0534,78.4202,1053200
2019-03-26,79.2589,81.014,79.1657,79.686,1353000
2019-03-27,79.6627,80.4005,78.5833,79.4841,880400
2019-03-28,78.8396,79.8336,78.4357,79.6317,2086300
2019-03-29,80.5947,81.3635,78.6299,78.8474,1508800
2019-04-01,79.9113,80.9208,79.4841,80.5248,1414000
2019-04-02,80.6879,81.2004,79.5307,79.5929,1209100
2019-04-03,79.9812,80.3384,77.2864,77.6281,1491500
2019-04-04,77.6591,78.0707,76.7272,77.5349,1751900
2019-04-05,78.1018,79.8724,77.7057,79.5618,1951600
2019-04-08,79.8336,81.6664,79.8336,81.0373,1577000
2019-04-09,80.6024,80.8276,79.3832,79.8647,1236700
2019-04-10,79.919,81.1538,79.6783,80.6646,1208200
2019-04-11,80.2297,80.2763,77.5349,77.597,3192700
2019-04-12,81.5421,83.9418,81.1693,82.5361,3828700
2019-04-15,82.8623,83.9729,81.8062,82.2877,1716500
2019-04-16,82.7458,83.4137,81.8916,82.9943,2224300
2019-04-17,83.7709,85.0135,83.1962,84.0583,1890500
2019-04-18,84.8116,85.0368,83.2662,83.3128,1480600
2019-04-22,84.5087,86.5667,84.0893,86.357,2347500
2019-04-23,86.357,87.5995,85.5338,86.8307,2130300
2019-04-24,87.2578,87.7315,85.6037,86.2327,2721500
2019-04-25,86.2949,86.9472,85.0368,85.1222,1261700
2019-04-26,84.4077,84.4932,82.1013,83.2584,1817400
2019-04-29,83.4758,83.7166,82.4197,83.0176,1224400
2019-04-30,83.4292,84.1126,82.1789,82.6216,1917800
2019-05-01,82.078,82.1246,78.6299,78.7231,2127200
2019-05-02,77.5582,79.3211,76.9059,76.9758,1780900
2019-05-03,77.6747,78.8163,77.4262,78.0241,1697800
2019-05-06,76.7661,78.7153,76.7117,78.2028,1715300
2019-05-07,77.3097,77.8145,74.413,76.2846,2597600
2019-05-08,78.8163,83.9029,78.8163,82.2022,4557800
2019-05-09,81.511,85.1222,81.2315,84.0583,3515200
2019-05-10,83.903,84.5631,82.808,83.7865,2279900
2019-05-13,83.1885,84.5941,82.0935,83.2506,1587100
2019-05-14,83.67,85.0911,83.6156,84.7339,1661700
2019-05-15,83.6312,85.759,83.4292,84.6951,1416400
2019-05-16,85.3862,86.225,85.2464,85.9143,1044500
2019-05-17,85.2387,86.5356,85.2387,86.2172,1281200
2019-05-20,85.9532,86.3725,84.897,85.1611,1390900
2019-05-21,86.124,88.6402,86.0075,88.3761,2239300
2019-05-22,87.7471,87.9723,84.5242,84.5553,1444400
2019-05-23,82.839,82.839,79.0337,80.7888,2143600
2019-05-24,81.6275,82.2266,79.0757,80.9973,1389000
2019-05-28,81.2152,81.5886,79.9237,80.5383,1428900
2019-05-29,79.0679,79.6436,77.8698,78.8189,2679600
2019-05-30,78.9201,79.9315,77.7219,78.072,1645400
2019-05-31,76.5005,77.9865,75.9403,76.2904,1900500
2019-06-03,76.7961,77.5119,75.6836,76.376,1950100
2019-06-04,77.2552,77.7609,75.598,77.1229,1769100
2019-06-05,77.0684,77.6286,73.4819,74.7811,2088700
2019-06-06,74.8511,76.236,74.6177,75.917,1450800
2019-06-07,75.4191,76.7961,75.2868,75.4813,1674000
2019-06-10,76.0103,76.6872,75.0301,75.9325,1750900
2019-06-11,76.7417,78.5544,76.2671,77.613,1516200
2019-06-12,76.4538,77.9553,76.1115,76.4071,1551700
2019-06-13,78.0409,79.029,77.4341,77.932,1079900
2019-06-14,78.1343,78.8267,76.4149,76.9828,1093000
2019-06-17,76.5783,79.5347,76.3994,79.029,1256400
2019-06-18,79.5502,82.0476,79.5502,81.3318,1416700
2019-06-19,80.9895,82.0009,79.9937,81.0051,1205700
2019-06-20,83.0979,84.1715,82.1332,83.7047,1871900
2019-06-21,84.0082,85.5642,83.3313,85.4163,2484200
2019-06-24,85.5175,85.7587,83.308,83.7436,1380200
2019-06-25,83.3624,83.8759,81.7287,81.8609,1302600
2019-06-26,82.9501,84.8251,82.1176,83.4247,1645400
2019-06-27,83.7125,84.755,83.5258,83.6269,1005600
2019-06-28,84.3738,85.2296,83.977,84.7784,1633900
2019-07-01,86.3966,86.4744,84.156,85.074,1467900
2019-07-02,85.0273,85.0351,80.8806,81.044,1834000
2019-07-03,81.3085,81.8687,80.8651,81.8453,584800
2019-07-05,82.4833,84.5372,82.4677,83.5647,1355900
2019-07-08,83.1601,84.1871,82.2499,83.2146,804200
2019-07-09,82.8412,83.2457,81.7909,83.2224,1006300
2019-07-10,84.3972,85.8831,83.8137,85.3308,1097200
2019-07-11,85.253,85.393,83.8137,85.0507,1230900
2019-07-12,85.4241,87.0112,85.3619,86.2254,1243600
2019-07-15,86.2177,86.5444,82.74,82.7867,1075200
2019-07-16,82.8879,83.5958,80.0093,80.9973,1652000
2019-07-17,80.7562,81.6508,79.1301,79.1924,1230500
2019-07-18,79.3324,80.6239,78.5933,80.585,1418600
2019-07-19,80.8028,81.7442,80.1648,81.3863,1141900
2019-07-22,81.3474,82.8567,80.4216,80.5149,981600
2019-07-23,80.7406,81.5497,80.3204,81.254,738900
2019-07-24,80.8106,82.7322,80.8106,81.2618,802700
2019-07-25,81.3318,81.6197,78.3288,78.8889,1127400
2019-07-26,79.1068,79.7369,78.0098,79.3479,1005500
2019-07-29,79.2157,79.4258,77.0529,77.5897,1186300
2019-07-30,77.2163,80.3516,76.9595,80.0015,1311900
2019-07-31,79.737,81.682,79.4335,80.4683,1473000
2019-08-01,77.5664,77.932,73.9331,75.777,4983800
2019-08-02,76.1426,77.1229,73.7775,75.847,2019200
2019-08-05,73.9253,74.291,71.039,71.1479,2350900
2019-08-06,71.4202,72.3538,69.0784,70.8445,2593600
2019-08-07,68.4793,72.9295,67.4368,72.1515,3916400
2019-08-08,73.1707,74.2987,72.7428,74.0653,4293900
2019-08-09,74.1743,76.446,73.334,75.0145,1676100
2019-08-12,74.7344,76.0881,74.1198,75.3724,1870000
2019-08-13,75.4891,78.3832,74.9912,77.7531,1796900
2019-08-14,75.7225,76.3215,74.8122,74.9289,1783100
2019-08-15,74.5766,75.7225,73.5164,74.6857,1531100
2019-08-16,74.8105,76.2681,74.5064,75.816,1302500
2019-08-19,77.1724,78.139,76.4474,77.9207,1109000
2019-08-20,77.3595,78.3417,76.9307,77.3907,1034000
2019-08-21,78.3027,79.1602,77.531,78.0299,961700
2019-08-22,78.2793,78.4976,77.2815,77.3517,905500
2019-08-23,76.0889,76.8918,73.4463,73.7425,1817400
2019-08-26,75.2938,75.4107,72.581,72.885,1659800
2019-08-27,73.1189,73.5476,71.2247,72.0042,1528600
2019-08-28,72.659,76.198,72.3783,75.3249,1760500
2019-08-29,76.0031,77.9675,76.0031,76.845,1333000
2019-08-30,77.0009,77.796,75.4964,76.4552,1703700
2019-09-03,74.2804,75.8628,73.1657,75.6133,1427100
2019-09-04,77.11,77.6245,76.1902,76.2526,1160600
2019-09-05,76.7125,77.874,76.0499,76.12,1561800
2019-09-06,74.6623,75.6133,74.1244,74.522,1623800
2019-09-09,75.3561,76.0889,74.2414,75.2548,2582100
2019-09-10,75.8862,79.1212,75.6212,77.531,2724600
2019-09-11,77.9519,79.0199,76.2292,76.9541,1314200
2019-09-12,75.2158,75.9641,74.4986,74.9663,1575400
2019-09-13,75.3093,76.0655,74.4675,75.4029,1189600
2019-09-16,81.07,82.5901,79.3628,81.8807,3985100
2019-09-17,81.6546,82.0834,78.2403,78.3027,2406400
2019-09-18,77.4452,77.5621,75.7615,76.5877,1550000
2019-09-19,77.6323,77.8272,75.5666,75.8706,1270700
2019-09-20,75.8862,76.541,74.6779,75.4731,3524400
2019-09-23,75.3405,77.2815,75.1768,76.6189,1797800
2019-09-24,76.0031,76.6189,72.9552,73.6568,2268100
2019-09-25,72.9006,73.1968,70.9908,72.6824,2199000
2019-09-26,72.3004,72.4953,69.4473,70.2503,2467300
2019-09-27,69.3772,70.8583,69.2993,70.1489,1680800
2019-09-30,70.0086,70.4685,69.0654,70.0866,1125800
2019-10-01,69.3382,69.7592,66.2591,66.2591,3069100
2019-10-02,65.9863,66.3994,64.2636,64.7936,2013100
2019-10-03,64.17,67.4985,64.17,66.9529,2143400
2019-10-04,67.2101,67.5843,65.4718,66.5865,1328400
2019-10-07,66.5397,66.7658,64.9807,64.9885,1750400
2019-10-08,64.2947,64.5987,62.9618,63.0007,1900200
2019-10-09,63.7958,64.2246,62.9462,63.5698,1582500
2019-10-10,63.6399,64.552,63.2502,64.3415,1334000
2019-10-11,65.082,66.0097,64.6689,65.199,1397300
2019-10-14,64.0609,66.0253,63.0865,65.4484,1244200
2019-10-15,64.7157,66.9919,64.435,66.1344,2119200
2019-10-16,65.5108,66.6255,64.9651,65.0353,1516900
2019-10-17,65.3393,66.3449,64.817,65.5108,1900500
2019-10-18,65.6823,66.1578,63.8738,63.8972,1358600
2019-10-21,64.1154,64.7313,63.6867,64.4974,1284200
2019-10-22,64.9417,67.8727,64.5676,66.797,1218600
2019-10-23,66.6255,68.4964,65.5888,67.9429,1333500
2019-10-24,68.5665,68.9095,67.0698,67.748,1015200
2019-10-25,67.6934,68.8004,67.179,68.1768,961600
2019-10-28,68.5821,69.2369,67.0464,67.5064,1213500
2019-10-29,66.8827,68.8627,66.5943,68.5353,1707800
2019-10-30,67.9195,68.7848,65.5498,65.7758,1786700
2019-10-31,65.4796,66.8671,64.5754,66.8516,1409000
2019-11-01,67.4596,68.13,66.8905,67.6545,1491200
2019-11-04,68.7458,70.8349,68.6055,70.4373,2150000
2019-11-05,70.9362,72.3316,70.2191,70.336,2512500
2019-11-06,62.3849,62.9072,59.641,60.1789,13543100
2019-11-07,60.6076,61.7223,58.1132,58.9005,5583200
2019-11-08,58.347,59.6566,57.8793,58.7991,2361000
2019-11-11,57.8559,60.1399,57.4584,59.8515,3207700
2019-11-12,60.6544,62.0107,60.1009,60.8103,2975600
2019-11-13,60.2646,61.2234,59.415,60.0308,2145700
2019-11-14,60.0605,60.9591,59.2947,59.6151,1589300
2019-11-15,59.8182,60.8497,59.4509,60.2402,2195500
2019-11-18,59.9276,59.9432,58.8414,59.1774,1717100
2019-11-19,58.7086,58.943,57.7162,57.974,1618800
2019-11-20,58.0209,59.5291,57.1848,58.8336,1591600
2019-11-21,59.0368,59.4822,57.9428,59.0524,3014900
2019-11-22,59.0446,59.8495,58.5601,58.8649,1748100
2019-11-25,58.6383,60.3496,57.9975,60.2714,2119600
2019-11-26,60.4199,60.6387,59.4431,60.248,2149300
2019-11-27,60.6465,61.7483,60.0604,61.3576,1881400
2019-11-29,60.5528,61.256,59.9432,60.4355,946200
2019-12-02,60.6309,61.3342,59.9745,60.8575,1677200
2019-12-03,60.0683,60.5137,59.5604,60.0995,1800300
2019-12-04,60.4121,63.3581,60.2949,62.9517,2598900
2019-12-05,63.1549,63.6863,61.9749,62.4672,2013700
2019-12-06,62.8033,65.2647,62.772,65.0381,2031900
2019-12-09,64.5537,65.9055,64.077,65.4679,1781600
2019-12-10,65.5304,66.1243,65.0538,65.2179,1710000
2019-12-11,65.382,65.8977,64.8819,65.507,3193800
2019-12-12,65.5695,67.8747,65.507,67.4137,1660500
2019-12-13,67.7419,68.5702,66.4604,66.4916,1272000
2019-12-16,66.9214,68.703,66.9214,68.5233,2780200
2019-12-17,68.6249,69.0859,67.4684,67.6794,1904100
2019-12-18,67.695,68.9297,67.6794,68.0467,1594900
2019-12-19,68.1795,68.703,67.2183,68.3592,2108400
2019-12-20,68.8984,69.6954,68.117,68.7812,4300900
2019-12-23,69.0703,69.8908,68.9218,69.5704,1980300
2019-12-24,69.7501,71.0473,69.5704,70.4691,745300
2019-12-26,70.7035,71.9382,70.6644,71.3521,1466900
2019-12-27,71.6568,71.9694,70.7973,70.9301,1342400
2019-12-30,71.3989,71.9928,70.9926,71.1645,1790300
2019-12-31,70.9301,72.7665,70.8051,72.5633,1101500
2020-01-02,72.9462,73.1884,71.4927,72.3992,1822000
2020-01-03,74.2356,74.8216,73.0087,73.7745,2168500
2020-01-06,74.7513,74.9466,73.4307,74.1574,2018200
2020-01-07,73.962,75.4389,73.962,75.3452,2196900
2020-01-08,75.3921,75.7359,72.3679,72.9306,1991100
2020-01-09,72.8993,73.9542,71.9147,73.5713,1458900
2020-01-10,73.2041,73.2041,71.8209,72.0944,1684400
2020-01-13,71.8835,71.9772,70.5785,70.7035,2451800
2020-01-14,70.7738,71.7037,70.2581,71.313,2048500
2020-01-15,70.9301,71.6725,69.9924,71.3521,1538700
2020-01-16,71.6646,72.4695,70.6566,70.9067,1586900
2020-01-17,71.0239,71.6177,69.7892,69.9689,1930400
2020-01-21,69.8752,70.0784,68.3827,69.0156,2215800
2020-01-22,68.664,68.8203,66.6401,66.7651,2112200
2020-01-23,66.2806,67.3434,64.8662,66.1868,2058300
2020-01-24,65.6477,65.6477,63.9754,64.7334,1608500
2020-01-27,63.4831,63.6863,61.8655,62.0218,2338600
2020-01-28,62.7095,62.8345,61.5061,61.8265,2815100
2020-01-29,62.4751,62.9048,60.5762,60.6153,1379400
2020-01-30,59.5916,60.2793,58.1147,59.7713,3936700
2020-01-31,58.9977,59.2478,57.4739,58.1381,2437700
2020-02-03,57.9819,58.2241,56.6613,57.1067,2568400
2020-02-04,58.2632,58.732,57.0363,57.2161,2249200
2020-02-05,58.5679,61.2248,58.357,60.4824,2996200
2020-02-06,60.6934,60.8263,59.1696,59.5682,1309600
2020-02-07,58.8493,59.1384,57.6849,58.0131,1549500
2020-02-10,57.263,57.6537,56.0439,56.2627,3973100
2020-02-11,57.1457,57.4114,56.3252,56.6613,1898200
2020-02-12,56.9426,58.6695,56.9426,58.0991,1999300
2020-02-13,58.0131,58.5523,57.5911,58.2476,2526600
2020-02-14,58.607,58.8102,57.7631,58.5836,2084200
2020-02-18,58.2241,59.0524,57.7318,58.2632,2282400
2020-02-19,60.459,62.4907,60.3261,61.9593,4359300
2020-02-20,62.8267,63.7566,61.1466,61.3264,2429400
2020-02-21,60.4121,60.4121,59.0211,59.701,2015200
2020-02-24,57.2004,57.2864,54.9812,55.5438,2522700
2020-02-25,55.7626,55.9892,51.8789,52.4806,3401300
2020-02-26,52.5197,52.9104,49.3002,49.3393,3366500
2020-02-27,47.2216,48.8626,45.0336,46.4793,4306000
2020-02-28,44.6429,48.55,44.5413,48.4485,4762200
2020-03-02,49.3329,49.3565,46.8643,48.8533,3284100
2020-03-03,48.8219,50.5043,48.0043,48.5546,3101200
2020-03-04,49.1206,49.2229,46.9744,48.0121,2453500
2020-03-05,47.2888,47.3753,44.946,45.7636,2460900
2020-03-06,43.6724,43.9712,37.3436,38.177,6880600
2020-03-09,22.8464,23.1924,18.3731,21.1326,19434300
2020-03-10,23.5855,25.0635,20.4329,23.3339,11259800
2020-03-11,22.2568,22.2568,19.6624,20.598,7510100
2020-03-12,18.6011,20.826,17.7363,20.142,7646900
2020-03-13,21.9109,22.1546,19.9297,21.3763,6709900
2020-03-16,17.9485,21.447,15.9123,18.4674,5636300
2020-03-17,18.6168,18.8684,15.6607,15.9045,6335400
2020-03-18,14.45,14.8667,11.4389,12.233,7658200
2020-03-19,12.4846,15.2205,12.005,14.6937,7577400
2020-03-20,15.2048,16.3604,13.766,14.6151,8186000
2020-03-23,14.6937,16.8951,13.7503,16.0145,6731200
2020-03-24,17.4925,19.403,17.3589,18.9627,6282000
2020-03-25,19.3401,20.4171,17.4297,19.002,5472600
2020-03-26,18.9942,21.0854,18.8448,20.4014,5156700
2020-03-27,19.4816,19.5209,18.318,18.7662,3532600
2020-03-30,17.8935,18.7819,17.296,18.546,4627000
2020-03-31,19.3637,21.447,19.1278,20.598,5978800
2020-04-01,19.8039,20.142,18.6325,19.7096,5043300
2020-04-02,20.9046,26.0855,20.7866,22.8386,10438900
2020-04-03,24.5446,25.8497,21.848,24.8355,9649600
2020-04-06,25.3151,25.543,23.2946,25.2364,5645200
2020-04-07,26.455,29.9535,25.5352,25.9519,6543400
2020-04-08,26.9267,29.6076,26.4707,29.4661,5067400
2020-04-09,31.746,32.2335,26.1248,27.4063,8914200
2020-04-13,29.0494,29.2381,25.7239,26.0069,5231200
2020-04-14,25.7789,26.628,24.4503,24.8827,5110200
2020-04-15,23.1766,23.9628,22.4848,23.7663,5506700
2020-04-16,23.9707,23.9785,21.5886,22.0367,5225200
2020-04-17,22.3118,24.8276,22.2254,24.7805,5523300
2020-04-20,22.7993,25.5352,22.4455,24.2616,4717700
2020-04-21,23.1688,24.7962,22.9172,24.6861,4822500
2020-04-22,26.1012,27.2412,25.9283,26.9189,4612900
2020-04-23,27.8701,29.7413,27.3984,29.1673,5175800
2020-04-24,29.7806,31.0463,27.6422,28.1296,5357000
2020-04-27,27.3749,28.8922,26.0384,28.4755,3587000
2020-04-28,29.5919,30.1029,28.1453,29.8749,4282800
2020-04-29,31.4787,34.7885,31.1564,34.7414,5239400
2020-04-30,34.7414,35.103,32.0998,34.2304,5484800
2020-05-01,33.1061,33.5935,30.6296,31.6674,3825500
2020-05-04,30.5353,33.452,30.095,33.4285,3596000
2020-05-05,35.8027,36.07,31.3136,31.7067,5252200
2020-05-06,31.8797,32.8388,30.5825,30.5982,2879900
2020-05-07,31.636,32.7523,31.2586,31.7382,2376700
2020-05-08,32.6737,33.4049,31.9976,33.0825,2804900
2020-05-11,32.9332,33.4127,32.1706,32.2492,2340700
2020-05-12,32.7209,32.941,31.4787,32.1313,2651300
2020-05-13,31.8496,31.8496,29.5247,29.9849,3626200
2020-05-14,29.5644,31.3576,28.4139,30.2944,2732800
2020-05-15,30.4531,31.5639,30.1595,30.7705,2701900
2020-05-18,33.0953,34.6346,32.8573,34.468,2908600
2020-05-19,34.7298,35.071,33.1826,33.1985,2503800
2020-05-20,33.9523,34.9361,33.865,34.6426,2104300
2020-05-21,34.6188,35.1028,33.373,34.0316,1616800
2020-05-22,33.7777,34.1189,32.8335,34.0713,1773800
2020-05-26,35.3011,36.0549,34.7378,35.6265,2680900
2020-05-27,36.039,36.6421,33.9602,35.1504,2796200
2020-05-28,35.3884,35.4836,33.7222,34.1348,1983000
2020-05-29,33.7936,34.3331,32.9366,33.7856,4327500
2020-06-01,33.5634,34.9599,32.8335,34.6981,2103300
2020-06-02,35.1107,36.2692,35.0552,36.1898,1941800
2020-06-03,36.9595,37.9434,36.2057,37.7529,2014500
2020-06-04,37.5308,38.3877,36.658,37.8323,1697800
2020-06-05,40.9268,42.3788,40.1412,41.4267,4400900
2020-06-08,43.8705,47.5204,42.9104,47.4649,4506800
2020-06-09,45.4257,45.4416,42.2915,42.7835,4396800
2020-06-10,41.6092,42.3074,39.8001,39.808,2612300
2020-06-11,35.6265,37.9116,35.0948,35.198,3623300
2020-06-12,37.8958,38.6654,35.2297,37.261,2637300
2020-06-15,34.8171,38.9352,34.2458,38.1814,2998500
2020-06-16,40.8792,41.1489,38.1179,39.6493,2151500
2020-06-17,39.5223,39.5541,36.896,36.9357,2263800
2020-06-18,36.8405,38.0624,36.3009,36.9674,2401200
2020-06-19,37.8323,38.2449,36.2533,37.0785,5432500
2020-06-22,37.1737,37.261,35.7455,36.5707,2671400
2020-06-23,37.4117,37.8085,36.4675,36.7452,2740100
2020-06-24,36.1025,36.1025,33.1271,33.2461,4372000
2020-06-25,33.1429,34.6346,32.3971,34.6108,3468600
2020-06-26,33.9999,34.103,32.0956,32.6351,3699000
2020-06-29,32.0559,33.2381,31.675,32.8731,2680100
2020-06-30,32.3653,33.4524,31.6115,33.1826,2632400
2020-07-01,33.6111,33.9999,31.3576,31.4211,4343000
2020-07-02,32.4764,33.7539,31.9924,32.9763,3305900
2020-07-06,33.857,34.222,32.77,34.0237,2497900
2020-07-07,33.3175,33.6745,31.8258,31.8337,2133100
2020-07-08,31.9527,32.5875,31.6115,31.921,2738300
2020-07-09,31.7782,32.0876,29.6517,29.7548,3235300
2020-07-10,29.6517,30.945,29.2867,30.8895,2557200
2020-07-13,31.0323,31.4925,29.2788,29.4374,3915700
2020-07-14,29.4771,31.2783,29.1994,31.1672,2776800
2020-07-15,31.6433,31.8972,30.2627,31.6591,3706300
2020-07-16,31.0085,32.159,30.2865,31.3497,1651600
2020-07-17,31.4132,32.0003,30.6991,30.9609,1904100
2020-07-20,30.9847,31.8258,30.5959,30.6118,1623700
2020-07-21,31.921,33.976,31.8654,33.4127,3450300
2020-07-22,32.8176,33.2381,32.0321,33.0874,1267800
2020-07-23,32.6827,33.2381,32.2225,32.5875,1257200
2020-07-24,32.8335,33.2223,31.9924,32.3177,1026000
2020-07-27,32.532,32.6113,31.4925,31.7782,1231600
2020-07-28,31.4528,31.9607,30.7546,30.8498,1534200
2020-07-29,30.9768,32.3891,30.6753,32.3415,1644400
2020-07-30,31.2386,31.6988,30.5404,31.3497,1717900
2020-07-31,31.2783,31.794,31.0402,31.6274,2380400
2020-08-03,31.6353,32.2463,30.8101,31.7464,2151000
2020-08-04,31.556,32.889,31.1593,32.5875,2728200
2020-08-05,33.4444,34.3252,32.5558,33.0318,1973900
2020-08-06,32.6113,33.0874,32.0162,32.3177,1706300
2020-08-07,31.9686,33.4841,31.6591,33.3333,1584200
2020-08-10,33.5317,35.6106,33.5317,35.444,2869300
2020-08-11,36.2533,37.2531,35.071,35.2694,2717200
2020-08-12,36.0976,36.6178,35.2894,35.6655,1702400
2020-08-13,35.5695,36.0096,35.1133,35.6735,1508000
2020-08-14,35.5295,36.6578,35.2894,36.4177,1775400
2020-08-17,36.2577,36.6498,35.4895,36.0736,1712400
2020-08-18,35.7215,36.2737,35.4735,35.6015,1604500
2020-08-19,35.5695,35.8335,34.5692,34.6492,1057500
2020-08-20,33.945,34.2571,32.5047,32.5127,2567000
2020-08-21,32.0165,32.3126,31.2563,31.3764,2582500
2020-08-24,31.7205,32.7207,31.3283,32.0485,1722200
2020-08-25,32.4326,33.0168,32.0565,32.8568,1653300
2020-08-26,32.7927,33.0968,31.4724,31.5204,1318800
2020-08-27,31.8005,32.1046,31.3363,31.8245,1690400
2020-08-28,31.9765,32.4727,31.7045,32.1206,1239000
2020-08-31,32.1366,32.1686,31.1683,31.1763,1819300
2020-09-01,31.0483,31.3444,30.5521,30.7922,2169400
2020-09-02,30.5121,30.6002,29.0077,29.0637,4058600
2020-09-03,29.0958,29.5519,28.3916,28.6236,3410700
2020-09-04,28.9917,29.1598,27.9915,28.4316,2883800
2020-09-08,27.7674,27.8794,25.5428,25.5988,3869100
2020-09-09,26.0949,26.0949,25.2467,25.7589,4372900
2020-09-10,25.7909,25.7909,24.0704,24.0704,2852300
2020-09-11,24.1264,24.3985,23.3022,23.7023,3425800
2020-09-14,24.2065,25.1907,23.8063,24.8546,3083900
2020-09-15,24.9586,25.3828,24.2945,24.4065,2517700
2020-09-16,24.7106,27.1112,24.4865,26.335,3570800
2020-09-17,25.6548,27.0632,25.4548,27.0392,3290200
2020-09-18,26.7991,27.2072,26.399,27.0232,4801000
2020-09-21,26.0469,26.239,24.8306,25.6708,2850900
2020-09-22,25.9029,26.4871,24.7586,25.2947,2702700
2020-09-23,25.2947,25.6228,23.8944,23.9264,2398000
2020-09-24,23.9024,24.7506,23.0862,23.9984,2031200
2020-09-25,23.6863,24.1184,23.0781,23.9264,3254500
2020-09-28,24.6546,25.6308,24.5345,25.1987,2581200
2020-09-29,24.8626,25.0547,24.2145,24.9667,2002600
2020-09-30,25.0627,25.4228,23.9984,24.1024,2935100
2020-10-01,24.0144,24.0144,22.8781,23.2782,4321700
2020-10-02,22.542,24.7826,22.446,24.3825,3746800
2020-10-05,24.8066,25.0307,24.1904,24.7026,2377900
2020-10-06,25.3107,25.9509,23.2302,23.3742,3605300
2020-10-07,23.7263,23.9024,23.1422,23.5823,3222600
2020-10-08,23.8864,24.9266,23.6063,24.9026,2542400
2020-10-09,25.2067,25.4948,24.3425,24.5585,2767900
2020-10-12,24.2785,25.2227,23.6623,24.9667,1891700
2020-10-13,24.6706,25.1667,24.3105,24.3345,1866100
2020-10-14,24.5585,25.9189,24.3905,24.3985,2691400
2020-10-15,23.9344,24.5105,23.3742,24.5105,2778900
2020-10-16,24.4225,24.4785,23.3662,23.4382,2778000
2020-10-19,23.7503,23.7583,22.414,22.438,4017700
2020-10-20,22.7181,23.2702,22.0699,22.7661,2940000
2020-10-21,22.574,22.7581,22.0139,22.1739,3020000
2020-10-22,22.2219,23.5263,22.1579,23.3422,3398000
2020-10-23,23.4462,23.7343,22.9101,23.2302,2758800
2020-10-26,22.8381,22.9981,21.7978,22.0299,2738100
2020-10-27,21.8858,21.9578,21.1656,21.2617,4581200
2020-10-28,20.4054,20.8616,19.6132,19.6852,5808200
2020-10-29,19.2051,20.5095,18.909,20.4374,4695000
2020-10-30,20.3174,20.7975,19.8853,20.7735,3394700
2020-11-02,21.1656,22.574,20.3494,22.1739,4311300
2020-11-03,22.9741,23.5823,22.2859,22.502,4269200
2020-11-04,22.438,23.0701,21.5257,21.7018,3972000
2020-11-05,21.8458,22.2699,20.9336,20.9656,3870000
2020-11-06,20.8696,21.0856,19.6612,19.7973,4655900
2020-11-09,22.606,26.8872,22.414,25.9269,10946900
2020-11-10,27.0725,27.3639,25.5019,27.3072,5136900
2020-11-11,27.6068,27.712,26.2953,26.5948,4373600
2020-11-12,25.7447,26.9106,25.2104,25.6314,2862200
2020-11-13,26.0281,27.6877,26.0119,27.202,3066800
2020-11-16,28.6997,29.396,28.4083,29.0883,4228600
2020-11-17,28.3516,30.246,28.0925,30.2056,3521400
2020-11-18,30.5618,32.2619,30.0517,30.5537,5090200
2020-11-19,30.0194,32.1,29.5174,31.93,6155600
2020-11-20,31.8895,32.3833,31.2499,32.2538,3236500
2020-11-23,32.9743,36.2612,32.8691,36.0184,5003500
2020-11-24,37.6699,38.2528,36.4312,38.1638,5386400
2020-11-25,37.4918,38.1719,35.7755,36.747,4276800
2020-11-27,36.1155,36.2289,34.4073,35.2331,3677400
2020-11-30,34.6583,35.0469,32.2052,32.351,16587200
2020-12-01,33.6139,33.9458,32.0109,32.2619,4307200
2020-12-02,32.0514,34.294,31.8166,32.8043,4252800
2020-12-03,33.2577,34.4721,32.8691,33.9296,3509900
2020-12-04,34.893,38.3662,34.893,38.2285,6387500
2020-12-07,37.5566,38.1719,36.5446,36.9494,3446900
2020-12-08,36.4393,38.0342,36.2046,37.3542,3125200
2020-12-09,37.8642,39.1191,37.3542,38.3176,4312000
2020-12-10,38.1476,41.4345,38.1476,40.4306,4896100
2020-12-11,40.5358,40.714,39.4672,40.5682,2533300
2020-12-14,41.5397,41.7178,37.9776,38.0099,3596800
2020-12-15,38.7386,39.37,37.4189,38.9895,2919900
2020-12-16,39.2243,39.2648,38.0585,38.5766,2818500
2020-12-17,39.0138,39.0786,37.7023,38.3662,2430500
2020-12-18,38.0342,38.6738,36.7389,37.1113,6740600
2020-12-21,34.213,36.6255,34.0025,36.4474,6601700
2020-12-22,36.4555,36.5446,35.3869,35.6621,3080500
2020-12-23,36.3341,39.1757,36.1236,38.6981,4810500
2020-12-24,38.6738,39.2162,37.6861,39.0624,1609100
2020-12-28,39.3862,39.4753,38.2123,38.5605,2515600
2020-12-29,38.779,39.1757,37.3947,38.0504,2121700
2020-12-30,37.9452,40.1796,37.8399,39.8882,2914400
2020-12-31,39.6696,40.1715,39.0624,39.1838,2210900
2021-01-04,39.6696,40.552,38.5038,39.621,2820800
2021-01-05,40.3011,45.2962,40.123,43.4503,6028500
2021-01-06,44.4218,46.7858,43.6527,45.5957,4451400
2021-01-07,46.5187,47.8221,45.4743,45.9762,3259900
2021-01-08,46.3163,47.2797,45.0371,45.9519,2749400
2021-01-11,44.2761,47.4497,43.7985,47.1987,2167500
2021-01-12,48.0245,51.109,47.6116,50.8985,4213900
2021-01-13,50.7609,50.8014,49.5546,49.8218,2484200
2021-01-14,50.5909,51.87,49.8218,50.1375,3008600
2021-01-15,49.4413,49.506,47.2959,47.9597,2840000
2021-01-19,48.9798,49.4736,48.4131,48.5912,1922800
2021-01-20,48.8665,49.9027,48.5021,49.0769,2348200
2021-01-21,48.656,49.4575,46.551,49.2065,4382700
2021-01-22,47.4659,51.8052,46.802,51.6028,4518300
2021-01-25,50.4775,52.542,48.1297,49.6517,3581000
2021-01-26,50.4532,51.9024,48.0407,48.2593,2928500
2021-01-27,46.7615,48.7045,45.4419,45.8143,4006700
2021-01-28,46.8749,49.1093,46.1624,48.826,3635000
2021-01-29,48.405,49.3117,45.6281,45.8953,3138200
2021-02-01,47.2554,47.563,45.62,46.9396,1934800
2021-02-02,48.494,48.9636,47.1906,47.2959,1886200
2021-02-03,47.9192,52.0967,47.474,51.4733,4214000
2021-02-04,52.3962,53.3434,51.0442,52.9063,2928500
2021-02-05,53.9749,53.9749,52.0076,52.1776,1912800
2021-02-08,53.4082,56.347,53.1491,55.8046,2660700
2021-02-09,55.4565,55.5779,53.8535,54.2178,2409400
2021-02-10,54.6793,56.5899,53.9911,55.7641,2186400
2021-02-11,55.3269,56.0475,53.0763,54.8655,1815400
2021-02-12,54.2259,56.428,53.9425,55.9584,1991300
2021-02-16,57.1161,58.4114,55.7236,55.837,2524100
2021-02-17,55.9989,56.8247,54.5659,55.7317,1951300
2021-02-18,55.2379,55.586,52.3719,52.7363,2338300
2021-02-19,52.9872,54.2016,52.7606,53.0844,2293800
2021-02-22,54.5416,57.3023,53.6592,55.3755,3405900
2021-02-23,54.2826,57.8447,51.0442,57.4885,5421100
2021-02-24,58.1686,60.3949,57.1971,59.7473,2798400
2021-02-25,60.3949,60.6135,55.9017,55.9098,2740600
2021-02-26,55.6508,56.8166,52.8415,56.0879,2530500
2021-03-01,57.448,60.2897,57.0109,59.6339,3159600
2021-03-02,59.1724,60.0225,56.5818,57.4885,2592800
2021-03-03,58.6772,63.5296,58.6772,60.6068,3671300
2021-03-04,61.4942,67.4621,61.4779,66.1594,5757800
2021-03-05,68.3903,72.2576,67.2341,69.4243,6585400
2021-03-08,70.7513,71.4434,66.6154,68.5286,3194400
2021-03-09,67.5761,68.0727,65.0766,65.9722,3557600
2021-03-10,66.0129,67.3725,64.1484,65.8989,2816800
2021-03-11,67.0062,69.9942,66.2897,68.4228,2355000
2021-03-12,67.975,69.1067,66.5014,66.77,2146300
2021-03-15,67.1853,68.7241,66.4688,68.6264,2132400
2021-03-16,66.7619,67.5761,64.6858,66.8352,5632100
2021-03-17,66.0536,67.5435,64.3275,66.2816,2594400
2021-03-18,65.4267,66.4362,60.7045,61.2011,3535700
2021-03-19,61.4779,64.3438,60.4602,61.7222,9425400
2021-03-22,61.9176,62.4387,60.3869,61.3151,2663300
2021-03-23,58.7749,61.2907,58.091,58.7261,3744100
2021-03-24,60.4765,63.0167,60.4277,60.5661,2555300
2021-03-25,58.7016,60.5416,56.6092,60.0857,3060000
2021-03-26,62.4142,62.9842,59.817,61.7059,2158200
2021-03-29,60.8185,61.7466,59.182,60.4439,1857300
2021-03-30,59.8333,61.6489,59.125,60.6394,1567600
2021-03-31,60.5661,61.2174,59.5402,59.8333,2509100
2021-04-01,60.3951,66.135,60.3055,66.1269,4710600
2021-04-05,65.8663,65.9477,61.193,61.3884,3868400
2021-04-06,62.284,64.2706,61.2663,61.4372,2533100
2021-04-07,61.0871,62.6259,60.9569,62.1293,2096400
2021-04-08,61.5594,61.5756,59.9066,61.2255,3255900
2021-04-09,61.6326,62.3165,60.2811,60.8999,1823800
2021-04-12,61.5024,62.3572,59.6216,60.1508,1633600
2021-04-13,60.8185,62.5771,60.2567,61.6815,1941400
2021-04-14,62.5852,66.2897,62.5852,65.4104,2961400
2021-04-15,64.4497,65.101,63.4482,64.3845,1816900
2021-04-16,64.7672,65.044,63.0411,63.1307,1588200
2021-04-19,63.5052,65.0603,62.7236,63.2365,1754400
2021-04-20,62.8946,62.9027,59.5321,60.4684,2708500
2021-04-21,59.6054,61.7466,58.897,61.2744,1693000
2021-04-22,61.5349,61.999,59.9717,61.2907,1292700
2021-04-23,61.7792,62.4468,60.8592,61.9827,1147400
2021-04-26,61.5105,63.7169,61.5105,63.0656,1192000
2021-04-27,63.1633,64.8079,62.9353,64.5799,1302400
2021-04-28,65.0929,68.8625,64.987,68.1297,2791100
2021-04-29,69.2044,71.3212,68.0401,68.6671,2104800
2021-04-30,67.804,69.2777,66.2408,66.5421,1718100
2021-05-03,67.9669,68.838,66.77,68.3251,1988800
2021-05-04,68.26,68.7892,63.7576,64.4822,4645800
2021-05-05,65.1906,70.1,64.1159,67.6738,4667800
2021-05-06,67.918,68.0076,65.0033,66.9654,2412900
2021-05-07,65.6221,68.781,65.2557,68.5612,2096300
2021-05-10,69.5789,70.9793,66.9573,67.3807,2036400
2021-05-11,64.8405,66.6072,62.919,64.9707,2528200
2021-05-12,65.9281,70.2568,64.4389,65.0362,3715300
2021-05-13,63.8252,65.9854,61.4522,62.3523,3031000
2021-05-14,63.5715,64.8889,62.7614,64.3979,2573900
2021-05-17,64.1525,65.8872,63.6288,65.7563,2344800
2021-05-18,66.0017,66.4354,64.3897,65.4617,2063900
2021-05-19,63.2033,64.668,61.7468,63.7597,2713000
2021-05-20,63.6206,63.6288,61.043,62.6223,2686900
2021-05-21,63.7433,64.8562,62.1068,62.4423,2688600
2021-05-24,62.8596,63.5797,61.6404,63.2524,2324900
2021-05-25,63.3669,63.727,61.6404,61.7631,1535600
2021-05-26,61.7631,64.2752,61.4931,64.0624,2386200
2021-05-27,64.6107,65.6663,63.9152,64.9216,1741600
2021-05-28,65.3553,65.6581,64.267,65.519,1361500
2021-06-01,67.8183,71.0587,67.4256,70.8705,4189300
2021-06-02,71.386,72.8834,69.594,70.7314,2704700
2021-06-03,70.355,71.6315,69.2257,70.7968,2083100
2021-06-04,71.4432,71.9097,68.7593,70.224,2294200
2021-06-07,70.625,71.8851,70.1667,71.345,1269800
2021-06-08,71.3369,73.7917,69.6349,73.3498,2686300
2021-06-09,73.7426,75.371,71.8851,72.237,2792100
2021-06-10,73.8981,74.2581,70.3386,71.1814,1771300
2021-06-11,71.3123,72.3761,70.9523,71.4105,1406800
2021-06-14,72.3843,73.3253,69.864,70.7314,1526300
2021-06-15,71.3778,74.5772,71.2223,74.3399,2721500
2021-06-16,73.7017,75.0764,72.7198,73.9472,1672300
2021-06-17,73.6035,74.6672,68.8493,71.0996,2811400
2021-06-18,69.0703,71.386,68.8984,70.5186,4276700
2021-06-21,70.8868,75.5346,70.7886,74.8718,2736700
2021-06-22,74.029,75.0027,72.5316,74.7327,2022300
2021-06-23,75.5755,78.374,75.1255,75.2073,2321800
2021-06-24,74.6836,77.2939,74.5527,77.1221,1762500
2021-06-25,77.5476,79.0777,76.5574,78.8077,4894100
2021-06-28,78.1694,78.5049,75.1827,75.6655,2340300
2021-06-29,76.3611,77.924,75.2646,75.7883,1710900
2021-06-30,76.5329,78.0794,75.7801,76.8275,2110500
2021-07-01,79.3723,83.8973,77.8094,81.4998,5577400
2021-07-02,79.9942,81.0579,79.1677,80.2397,1773000
2021-07-06,80.4033,80.6897,74.4381,74.6018,3326500
2021-07-07,74.6672,75.8128,71.0259,71.9997,3724000
2021-07-08,70.134,72.9325,69.8395,72.1633,3050300
2021-07-09,73.1616,74.2581,72.0079,73.1698,1834200
2021-07-12,72.0651,73.9799,71.1159,73.5053,1403000
2021-07-13,73.5135,74.569,72.1715,73.6771,1211900
2021-07-14,74.299,74.7736,68.7839,69.2094,2219300
2021-07-15,68.0393,69.2421,66.0918,66.8855,2985800
2021-07-16,67.5646,67.8429,63.8333,64.1197,1964600
2021-07-19,60.7403,62.4177,58.3836,59.8893,4708000
2021-07-20,59.4556,62.3932,58.8173,61.3049,2800200
2021-07-21,61.984,65.7563,61.984,64.9216,2988100
2021-07-22,64.7662,64.9625,62.9169,64.3734,1593800
2021-07-23,65.3799,65.3799,63.0314,64.0215,1939000
2021-07-26,64.0297,66.6318,63.9152,65.6663,2016500
2021-07-27,64.6434,65.208,63.5633,64.2752,1815900
2021-07-28,64.4961,66.0099,63.8333,65.118,2753200
2021-07-29,65.9772,66.1163,64.357,65.0853,1479200
2021-07-30,64.8725,64.9789,62.3932,63.1133,2085100
2021-08-02,63.5306,65.2408,62.1231,62.8023,2854500
2021-08-03,61.7958,66.4927,61.7795,65.8954,4093400
2021-08-04,64.3243,65.6663,62.205,62.5323,2713700
2021-08-05,63.3587,66.0018,62.4177,65.3226,2331200
2021-08-06,66.4109,67.3355,64.9135,65.5026,1661600
2021-08-09,64.0461,64.7498,62.6714,63.1951,2151200
2021-08-10,64.177,65.2571,63.817,63.9234,2719400
2021-08-11,63.5612,65.0344,61.8988,65.0262,1696600
2021-08-12,64.7628,65.7257,63.6353,65.3225,972300
2021-08-13,65.4459,65.4459,62.1621,62.2526,1786600
2021-08-16,61.1251,61.3309,59.3803,59.7013,2563800
2021-08-17,59.2569,61.1086,58.7631,59.1581,1906700
2021-08-18,59.3392,60.2445,57.3639,57.4545,1633800
2021-08-19,56.1047,56.9524,54.2612,55.8661,4156600
2021-08-20,55.15,56.4175,54.4176,56.113,2305800
2021-08-23,58.8371,60.3021,58.368,59.4215,3154700
2021-08-24,60.6313,61.4955,59.9071,61.0675,2315800
2021-08-25,61.2074,62.0222,60.335,61.7341,1731000
2021-08-26,61.3309,61.3309,59.6519,60.1457,1886200
2021-08-27,61.0675,63.4295,61.0675,63.0839,2360000
2021-08-30,64.1785,64.2772,62.3679,62.7794,1551200
2021-08-31,62.4584,64.2361,61.6107,63.4871,1550600
2021-09-01,63.5036,63.6188,60.2939,61.0346,4149500
2021-09-02,61.9399,64.3595,61.693,63.018,2422800
2021-09-03,62.8946,63.2896,61.4543,62.1868,1671700
2021-09-07,61.9316,63.1415,60.8782,61.6683,2166800
2021-09-08,62.4172,63.3061,60.8617,61.479,1900500
2021-09-09,60.9605,63.7258,60.335,62.2691,1823800
2021-09-10,63.6847,63.6929,61.6601,61.7588,1385400
2021-09-13,62.6806,64.9768,62.6806,64.0303,2117300
2021-09-14,64.8863,64.9274,61.7671,62.2856,1936600
2021-09-15,63.8987,67.4623,63.6929,67.1413,3566300
2021-09-16,66.6228,66.6969,64.9603,65.8986,1994800
2021-09-17,68.2935,69.4211,67.487,67.9973,6737600
2021-09-20,64.8369,66.5323,63.5448,65.1085,3205500
2021-09-21,66.1126,66.6887,64.3102,65.8739,2147000
2021-09-22,67.3635,70.1618,67.3306,69.4457,2866600
2021-09-23,69.7091,73.0505,69.5198,72.3098,2534300
2021-09-24,71.7914,74.7871,71.3963,73.0176,2385400
2021-09-27,75.3385,78.7787,75.3303,78.5812,3893100
2021-09-28,79.8322,80.1861,76.8611,78.1697,3429100
2021-09-29,77.6183,79.791,77.4125,79.0503,2400300
2021-09-30,78.6553,80.4001,77.7664,77.9146,2991200
2021-10-01,78.4084,81.4453,78.0298,81.363,2777100
2021-10-04,82.6633,86.3587,81.5194,85.083,4564700
2021-10-05,86.4163,88.515,84.1036,85.7249,4147300
2021-10-06,82.8115,86.0788,82.4411,85.6838,3002700
2021-10-07,85.7743,87.0171,84.441,86.515,2158700
2021-10-08,87.6837,90.9428,87.4368,90.449,3156400
2021-10-11,92.202,93.9057,90.6301,91.1321,3252500
2021-10-12,91.0251,93.0086,89.0828,90.5313,2461000
2021-10-13,88.4573,90.2186,86.2846,89.0417,2924600
2021-10-14,90.5313,91.058,87.4203,89.5684,2324100
2021-10-15,90.663,91.1897,88.8688,89.1157,2394200
2021-10-18,91.3543,94.4242,89.2968,89.9223,3628900
2021-10-19,90.3338,91.6506,89.231,91.305,1686500
2021-10-20,89.7083,91.7494,89.305,91.4778,1665900
2021-10-21,90.8934,91.2391,88.6878,89.6507,1533000
2021-10-22,90.4326,91.4531,89.3626,89.9799,2178100
2021-10-25,91.5683,92.9098,89.6836,90.0457,2841100
2021-10-26,90.9264,92.5559,90.2186,91.9222,1901700
2021-10-27,90.1198,91.8646,88.375,88.5396,2080200
2021-10-28,87.7742,89.7577,87.6096,89.7165,1685000
2021-10-29,89.7083,89.9634,86.8031,88.2187,2158500
2021-11-01,90.3914,92.2761,89.9964,91.8564,3992000
2021-11-02,90.3256,95.5599,88.9676,94.1937,4236000
2021-11-03,93.3131,94.8439,90.9511,92.021,2673400
2021-11-04,94.202,95.7904,91.2885,92.8028,2656000
2021-11-05,94.1608,94.9674,92.6382,93.6505,1870100
2021-11-08,94.8686,96.8768,94.5229,95.2307,2161800
2021-11-09,95.0571,96.0077,91.4946,93.3957,2347300
2021-11-10,92.8998,92.908,87.3451,88.5767,2657600
2021-11-11,88.9239,90.8829,88.9074,89.9075,1649100
2021-11-12,89.4612,91.726,89.0148,90.8829,1820400
2021-11-15,90.7093,92.47,88.2461,91.8913,1707800
2021-11-16,92.5774,93.1973,90.6597,91.073,2032400
2021-11-17,89.5521,91.9492,88.1221,88.6428,2341200
2021-11-18,88.8578,91.197,87.5022,89.238,1903100
2021-11-19,86.4359,87.4443,83.3031,84.4521,4786700
2021-11-22,84.5595,89.3206,84.5099,87.1798,2790200
2021-11-23,89.767,91.9905,89.2793,91.0813,2824600
2021-11-24,89.8083,94.9993,89.6843,94.3959,2163700
2021-11-26,87.0393,89.5521,84.6835,88.8412,3128400
2021-11-29,92.3377,95.6853,89.5769,90.8663,4238700
2021-11-30,87.7253,91.9905,87.5435,88.2213,15960100
2021-12-01,90.5357,90.8333,85.0638,85.1382,4079700
2021-12-02,83.9231,89.0066,82.2616,87.9733,2894300
2021-12-03,89.4116,90.2547,85.6837,87.6179,2497100
2021-12-06,89.3868,90.7093,87.2459,89.4612,1926900
2021-12-07,91.0647,96.6028,90.8829,95.5448,2953800
2021-12-08,95.9664,96.4045,93.4784,93.9247,2304500
2021-12-09,92.8997,93.7594,90.7754,91.197,1931500
2021-12-10,92.2468,92.7758,89.0644,91.8996,1940800
2021-12-13,90.8333,91.6764,87.2459,88.1221,2011900
2021-12-14,86.4937,88.9073,85.5927,86.0226,2764200
2021-12-15,86.4276,86.4276,81.8566,85.7581,3691000
2021-12-16,87.2707,89.4942,86.6177,87.0393,2641200
2021-12-17,85.692,86.626,83.1957,84.667,5014400
2021-12-20,80.6911,82.6501,78.542,81.931,2760900
2021-12-21,83.8239,87.0558,83.3858,86.7087,2142800
2021-12-22,85.8159,88.461,85.1216,87.3616,1766700
2021-12-23,87.6179,88.7751,86.9897,87.5683,1639900
2021-12-27,87.56,91.9327,86.0639,91.8665,2062700
2021-12-28,92.2633,92.8502,90.1638,91.0565,1408400
2021-12-29,90.8746,91.9326,89.7009,89.8579,1256500
2021-12-30,89.8579,90.8498,88.585,88.7007,1231300
2021-12-31,87.7088,89.5356,87.1798,89.1471,1293700
2022-01-03,88.9239,92.9328,88.8991,92.4451,2002000
2022-01-04,93.6602,98.9421,93.1891,98.5288,4505400
2022-01-05,100.3307,102.0748,96.9748,97.6278,3375500
2022-01-06,101.6285,102.8436,100.1241,102.2071,3343300
2022-01-07,102.4964,103.0667,99.3719,100.4465,2441400
2022-01-10,100.5126,100.6944,97.2724,100.306,2356800
2022-01-11,101.0251,103.2568,98.2725,102.794,3423500
2022-01-12,103.8272,103.8933,101.0747,102.9676,3475000
2022-01-13,102.6535,105.1993,102.1079,102.5625,2634300
2022-01-14,102.9924,106.9104,102.9924,106.8029,1942200
2022-01-18,107.7783,108.9024,102.3311,104.1,4453700
2022-01-19,104.9844,105.6374,102.0914,103.9099,2098600
2022-01-20,101.7111,106.7698,100.5953,100.7688,2670500
2022-01-21,98.5453,99.8183,95.4043,97.5286,3212200
2022-01-24,93.3874,99.3058,90.2712,98.7106,3537000
2022-01-25,98.0163,105.9102,95.2142,104.9596,3375500
2022-01-26,107.2245,108.7702,103.447,105.3068,3170400
2022-01-27,108.6958,110.8118,104.1578,106.3317,2673700
2022-01-28,106.8442,107.894,103.3726,106.3979,2358700
2022-01-31,105.8027,107.1418,103.4883,104.2818,2421900
2022-02-01,103.1742,108.4726,101.3392,107.6295,3556400
2022-02-02,107.4476,108.9603,105.1745,108.2577,2201100
2022-02-03,106.9847,107.9519,104.7612,106.9517,1822000
2022-02-04,108.8115,112.1674,108.142,109.1587,2799500
2022-02-07,108.2825,110.01,106.183,107.6047,2070100
2022-02-08,106.7533,107.1335,100.9094,102.8022,3257900
2022-02-09,102.9014,107.0343,102.9014,106.5301,1794100
2022-02-10,105.8771,110.8366,105.439,107.8031,2416700
2022-02-11,108.9603,112.87,107.3815,112.06,3674500
2022-02-14,110.8284,112.0021,106.5632,107.8444,2986200
2022-02-15,104.1496,106.1416,101.769,105.7035,2331200
2022-02-16,106.6955,110.4399,105.9598,107.3071,2270900
2022-02-17,107.1418,109.8943,106.7368,107.1997,1933200
2022-02-18,105.8027,109.5058,105.2903,108.671,2856800
2022-02-22,111.5475,112.6799,104.3562,105.8275,4222400
2022-02-23,107.0922,111.2582,105.5713,107.0922,3944000
2022-02-24,110.0348,110.0762,101.8021,105.7118,4639500
2022-02-25,105.4473,110.7457,105.4473,110.1588,3169100
2022-02-28,109.3157,114.4571,108.4974,114.1512,3783500
2022-03-01,115.449,117.4493,110.7292,113.1015,3782000
2022-03-02,115.8788,115.9119,111.9525,112.9692,2960700
2022-03-03,111.1261,112.8613,110.3955,111.3503,2327100
2022-03-04,111.6658,115.8833,111.4997,114.4055,3083700
2022-03-07,115.4931,116.423,108.2369,111.6159,4263200
2022-03-08,112.9194,116.8298,107.3901,111.6159,4156700
2022-03-09,110.2959,110.2959,104.5175,107.9712,4367400
2022-03-10,108.7267,111.7488,107.3901,111.3088,3019700
2022-03-11,109.6566,111.3004,107.2988,107.6557,2354700
2022-03-14,106.1613,106.8255,101.8275,104.7666,2915000
2022-03-15,100.2916,104.6918,99.1542,103.4133,3328700
2022-03-16,103.4631,105.2232,102.3921,104.3016,3209300
2022-03-17,106.9168,111.9397,106.867,111.151,3426900
2022-03-18,110.9767,112.4628,108.8015,109.1335,4813900
2022-03-21,112.0809,116.6388,111.4748,116.1324,4203600
2022-03-22,115.6758,115.958,112.7617,114.0319,2898000
2022-03-23,116.4147,118.5982,114.7791,118.4238,2748800
2022-03-24,118.3076,120.2171,117.386,118.8804,2042100
2022-03-25,117.8261,122.8656,117.8261,121.6368,2169400
2022-03-28,117.9174,118.3242,115.5761,116.8131,1948600
2022-03-29,112.77,115.518,110.6695,115.1776,2263600
2022-03-30,117.4109,118.266,114.7376,115.5263,1563300
2022-03-31,114.2727,117.2366,113.8077,113.8077,1887700
2022-04-01,113.8908,116.6554,113.2598,114.9369,1825100
2022-04-04,116.232,117.0041,114.1564,115.8916,1403400
2022-04-05,115.5014,118.7144,112.222,112.4794,1847900
2022-04-06,114.007,114.8871,110.8189,112.1307,1650800
2022-04-07,113.9987,114.7127,110.3623,113.6998,1877300
2022-04-08,113.2266,118.2162,113.2266,117.8841,2257300
2022-04-11,115.352,115.5429,110.8687,112.1722,2391300
2022-04-12,113.9655,117.9672,113.9655,115.5512,1659800
2022-04-13,117.3113,118.5401,115.1361,116.5143,1626000
2022-04-14,115.4101,116.9958,114.281,114.9369,1589200
2022-04-18,115.8833,117.1038,114.09,116.232,1716300
2022-04-19,115.3603,116.7135,113.7579,114.5051,1950700
2022-04-20,115.435,118.0253,114.1149,117.8094,1882600
2022-04-21,119.2374,121.1885,113.484,114.0319,2427300
2022-04-22,113.5504,114.1315,107.5727,108.0128,2228000
2022-04-25,103.9861,105.3394,99.4282,104.4594,2901100
2022-04-26,104.1024,107.5561,103.5627,104.1024,1587200
2022-04-27,105.0156,106.3274,100.9558,105.1402,1549900
2022-04-28,106.2029,109.2083,102.3174,107.4897,1896300
2022-04-29,107.8052,109.6317,104.036,104.7998,1748800
2022-05-02,102.9484,105.9704,101.7445,105.8542,2298000
2022-05-03,111.1427,113.567,106.5599,113.0024,3555100
2022-05-04,116.4396,118.6065,113.3677,118.2993,2581900
2022-05-05,119.2208,120.3333,112.4794,115.0614,2854100
2022-05-06,117.4607,119.2208,114.2395,118.6646,2732200
2022-05-09,115.0697,115.8003,106.1946,107.5063,3314700
2022-05-10,110.1049,112.6952,103.7786,107.7969,3144900
2022-05-11,109.7439,113.1872,106.275,106.5046,2705600
2022-05-12,104.9997,108.5536,103.5799,108.0094,3362800
2022-05-13,110.407,115.4402,110.322,113.4422,2781600
2022-05-16,113.1531,114.8876,111.4783,111.6313,3959200
2022-05-17,113.8078,113.8078,110.0754,111.7588,2993400
2022-05-18,112.3114,112.439,107.4653,109.1317,3284800
2022-05-19,106.122,112.337,106.0115,110.373,2942600
2022-05-20,111.1637,113.8673,108.1455,110.7641,3060100
2022-05-23,111.8013,115.8143,110.373,115.7208,3308000
2022-05-24,114.8366,116.1544,112.0394,115.4402,2542900
2022-05-25,117.2086,121.2725,116.656,120.5159,3404000
2022-05-26,122.2418,125.7701,121.8337,124.4948,3329200
2022-05-27,124.1462,130.1402,123.6701,129.7916,3007600
2022-05-31,133.4899,135.7685,128.0487,129.2474,5259000
2022-06-01,130.9308,132.9628,128.2867,129.9871,3194600
2022-06-02,128.6778,132.3761,126.8924,130.8458,2084900
2022-06-03,130.6418,132.3932,130.1232,131.492,1787700
2022-06-06,132.4271,133.3624,130.2931,132.4697,1561900
2022-06-07,131.5515,136.9333,131.3049,136.3721,2588100
2022-06-08,137.3413,137.9365,135.0288,136.2956,2131500
2022-06-09,135.7515,137.0863,134.0511,134.1871,2012400
2022-06-10,131.9596,134.3656,129.9871,132.1976,2074600
2022-06-13,127.0964,127.9211,120.8559,125.6596,3571800
2022-06-14,129.0434,131.1689,125.175,127.2155,2928600
2022-06-15,126.6033,128.3802,122.5308,124.7754,3256400
2022-06-16,120.4479,122.1483,112.7366,113.6548,4887500
2022-06-17,112.32,113.2892,101.6499,103.971,9385900
2022-06-21,108.188,113.4167,107.9754,112.4645,4853800
2022-06-22,104.9997,109.6843,103.988,107.2102,4888000
2022-06-23,107.9754,109.1147,99.788,101.3779,4647300
2022-06-24,103.3418,106.9637,100.3661,101.769,8195200
2022-06-27,102.8742,107.0487,101.8795,105.7564,3281100
2022-06-28,109.4633,111.7418,106.9552,110.356,3428400
2022-06-29,111.5293,112.7536,103.7924,103.988,3422600
2022-06-30,101.3694,105.4078,100.8083,103.0018,2875400
2022-07-01,103.5884,104.6171,98.7422,103.0528,2392300
2022-07-05,99.686,100.4512,94.3977,97.0419,4823400
2022-07-06,95.503,97.6965,90.3338,93.7601,4696800
2022-07-07,97.0333,100.2386,97.0333,98.8783,3716200
2022-07-08,100.5617,100.8337,96.6168,98.9038,2328100
2022-07-11,97.3224,98.6232,94.9588,97.2544,1796900
2022-07-12,93.8111,95.4775,91.7366,93.8706,2649200
2022-07-13,92.5273,96.6167,92.5273,94.0236,1872500
2022-07-14,90.1212,91.7366,88.1743,90.7249,3025100
2022-07-15,92.7058,93.3435,91.0564,92.7908,1941300
2022-07-18,95.8856,97.2884,95.0694,95.6645,2007800
2022-07-19,95.741,99.5244,95.1034,99.0823,1652800
2022-07-20,97.824,101.5394,96.8038,100.9783,1655900
2022-07-21,97.841,99.1333,95.7581,98.5977,1392500
2022-07-22,99.1588,99.8985,95.7751,96.4382,1710400
2022-07-25,99.3969,102.9677,97.2119,102.0155,2881300
2022-07-26,103.8945,104.5661,98.7933,100.5617,1921700
2022-07-27,101.0208,105.3483,100.7997,104.8212,2038800
2022-07-28,106.003,106.7681,103.6989,105.0933,1874700
2022-07-29,107.5333,109.3952,105.9519,108.8426,2478300
2022-08-01,106.9722,108.2305,104.1495,107.0572,2799800
2022-08-02,105.9775,109.6503,104.9062,108.4345,3512000
2022-08-03,110.0244,110.186,102.6192,103.1973,2596600
2022-08-04,101.871,102.9252,98.6232,99.0058,3202700
2022-08-05,97.6795,104.5831,97.2289,103.1888,2479600
2022-08-08,103.2143,105.9775,102.7042,104.6937,2461600
2022-08-09,106.6831,108.511,105.0252,105.8839,2718000
2022-08-10,105.7309,108.1795,103.2483,107.1592,2571400
2022-08-11,109.5228,114.2244,109.4038,112.8896,2690000
2022-08-12,111.9033,113.4592,110.6366,113.1872,2517200
2022-08-15,108.9409,111.8907,106.3566,111.3164,2960700
2022-08-16,112.0995,112.9174,107.7662,109.2802,2159800
2022-08-17,109.3673,111.6818,108.4188,109.4369,1905600
2022-08-18,110.7073,114.0486,110.5071,113.1785,2334700
2022-08-19,111.9428,114.501,111.5861,113.4569,1786900
2022-08-22,112.2474,114.5011,108.9931,114.1443,1885900
2022-08-23,117.007,121.0358,116.6851,117.5726,3278200
2022-08-24,117.2942,120.096,116.9548,118.9039,3554400
2022-08-25,120.0438,120.2004,116.7547,118.582,2759900
2022-08-26,117.9729,119.7393,116.1021,116.5372,2587000
2022-08-29,116.572,123.3591,115.5278,121.175,3585500
2022-08-30,118.1295,118.4602,114.3792,116.659,2509300
2022-08-31,113.4395,118.2252,112.5172,115.9716,2777500
2022-09-01,113.5526,114.2226,111.2032,113.3786,2306300
2022-09-02,117.242,118.3209,115.0667,116.485,1756400
2022-09-06,118.5907,119.1911,115.3886,116.6068,2783300
2022-09-07,112.9957,115.4234,112.2996,114.4837,2227000
2022-09-08,114.5794,115.3712,113.0914,115.0231,1653600
2022-09-09,117.8598,118.7473,116.5981,117.4856,1732300
2022-09-12,119.922,121.5491,118.6081,119.5304,2061400
2022-09-13,118.1991,122.0712,116.7373,117.2159,1939500
2022-09-14,119.1737,122.8022,118.9127,121.9668,2149300
2022-09-15,118.669,120.2178,116.8591,117.1463,1963300
2022-09-16,115.3451,115.902,112.0299,115.3973,5496100
2022-09-19,110.2635,115.3364,110.0808,113.9268,1987500
2022-09-20,113.0218,114.6664,110.8987,113.8049,2355600
2022-09-21,116.3196,116.9026,112.0212,112.0734,1969000
2022-09-22,114.6664,115.2929,110.0634,110.1069,1569600
2022-09-23,105.3211,105.3995,98.8996,100.2396,3556600
2022-09-26,99.3346,100.7616,96.5589,96.7677,2549500
2022-09-27,98.9517,100.5441,97.2202,98.7516,3214900
2022-09-28,99.4042,104.6685,99.0126,103.8941,2517900
2022-09-29,103.0936,105.4952,100.8922,105.208,1725600
2022-09-30,103.7723,105.878,102.6672,104.8165,2004000
2022-10-03,109.9851,113.9877,109.3064,112.6999,2517000
2022-10-04,116.1543,119.0606,114.1704,118.5994,2452800
2022-10-05,117.2246,122.2192,117.2159,121.2707,3323900
2022-10-06,120.2091,124.5685,120.0873,123.8463,2422400
2022-10-07,123.9942,125.369,122.0625,123.9333,2081000
2022-10-10,122.7325,125.4822,120.1047,122.0886,1731300
2022-10-11,118.6951,123.4895,118.3645,121.2707,2605500
2022-10-12,121.0445,124.116,119.2433,122.8369,2969900
2022-10-13,120.9227,128.3449,120.5659,126.4132,2637200
2022-10-14,125.5779,127.614,121.0271,121.262,3216900
2022-10-17,123.8115,125.778,120.9749,121.3491,1925100
2022-10-18,123.0719,124.2292,120.5833,123.4287,1645600
2022-10-19,123.0458,128.023,123.0458,127.0658,2078800
2022-10-20,128.7017,129.6153,126.6656,127.5531,1743200
2022-10-21,128.0142,132.626,127.5183,132.539,2486500
2022-10-24,131.6514,135.5757,131.1903,133.3569,2026600
2022-10-25,133.0175,134.7056,132.0343,133.4439,1711100
2022-10-26,134.1835,137.0463,133.5744,135.2016,1690100
2022-10-27,137.9425,138.0295,133.1393,133.4352,2421100
2022-10-28,135.567,136.2893,130.3375,133.8442,2005400
2022-10-31,132.1039,138.247,131.9298,136.7069,2053300
2022-11-01,139.2216,139.9699,137.0636,138.0295,1773700
2022-11-02,137.2203,137.9773,133.6701,134.723,1988900
2022-11-03,134.1661,139.8742,133.6528,137.9425,2226700
2022-11-04,141.3882,141.6493,137.1681,140.4137,2899900
2022-11-07,141.571,144.1553,140.6051,142.2584,3424400
2022-11-08,141.7102,144.773,140.0917,142.3106,2653400
2022-11-09,140.5268,141.4317,136.3502,137.0898,2815400
2022-11-10,138.8474,139.6305,136.498,139.4652,2117600
2022-11-11,142.7021,144.86,141.9538,143.0067,2691200
2022-11-14,142.0756,144.9558,141.8407,142.328,1865000
2022-11-15,142.8675,147.0093,141.4578,145.3386,3313800
2022-11-16,144.0332,144.7829,139.9227,140.2314,3438600
2022-11-17,137.991,142.8159,137.1707,142.7012,2038000
2022-11-18,138.0263,138.3615,134.2069,137.7969,3815400
2022-11-21,133.9952,134.2334,125.3774,132.3016,4481900
2022-11-22,134.4274,135.6535,132.134,133.5806,2863300
2022-11-23,131.2079,132.8221,129.576,132.3016,2309800
2022-11-25,133.4572,133.9776,131.499,131.7107,984100
2022-11-28,126.6828,128.9145,125.9155,126.7799,3470000
2022-11-29,129.2761,130.7757,128.0589,129.4349,2099200
2022-11-30,131.3755,131.8342,127.4944,130.564,2796600
2022-12-01,131.6048,132.1429,127.2827,127.6355,2171600
2022-12-02,127.3885,129.1438,125.8714,128.3059,2402900
2022-12-05,130.7404,132.2223,123.9926,125.2539,2496400
2022-12-06,123.8073,126.6652,121.3022,121.9109,2009500
2022-12-07,122.4224,124.116,120.376,120.4554,1795200
2022-12-08,123.7808,124.6012,116.8478,117.2094,3625400
2022-12-09,116.9625,119.2294,114.2192,114.3163,2872100
2022-12-12,115.2865,118.6296,114.4044,118.3826,3968200
2022-12-13,120.1291,122.2637,119.0,120.2438,4811300
2022-12-14,121.2846,123.4368,119.8556,120.7024,4133300
2022-12-15,119.0794,121.7962,118.4708,121.1787,2998200
2022-12-16,118.5149,120.6142,117.1477,118.4796,12724100
2022-12-19,118.7883,120.2526,116.9624,117.8269,1879400
2022-12-20,117.4917,120.1291,117.0948,119.0265,1668400
2022-12-21,121.5933,121.8315,119.5204,120.8436,2396500
2022-12-22,121.1964,121.3022,114.378,117.2094,2354400
2022-12-23,119.1676,120.9318,118.2062,120.87,1759500
2022-12-27,121.4169,121.8932,120.332,121.3552,1560200
2022-12-28,121.1346,121.2581,118.118,118.6119,1719700
2022-12-29,117.2888,121.0023,116.8831,120.2085,1406400
2022-12-30,119.5734,121.0729,119.0794,120.6495,1487000
2023-01-03,119.053,120.2438,114.3251,115.8863,2406400
2023-01-04,113.884,117.4829,112.9755,115.216,1724400
2023-01-05,115.6217,119.2911,114.8984,118.2326,2407600
2023-01-06,120.4025,122.9429,119.6969,121.8491,2473700
2023-01-09,124.2307,126.4535,123.728,124.8041,2453400
2023-01-10,125.7126,126.2418,123.2869,125.2098,1756100
2023-01-11,127.1945,127.5208,123.7015,125.4656,2199600
2023-01-12,125.739,129.4261,125.739,128.1912,1959900
2023-01-13,128.3764,128.7822,126.9034,128.1118,1526600
2023-01-17,128.9321,129.9112,128.2265,128.544,1883600
2023-01-18,129.1703,131.9929,126.9387,127.1063,2183500
2023-01-19,126.3389,129.5761,125.051,129.1615,1808100
2023-01-20,129.3555,130.4493,128.0677,130.1494,1534600
2023-01-23,131.4284,132.4957,130.8198,131.7371,1467200
2023-01-24,132.2663,132.7515,129.232,129.8759,1213300
2023-01-25,130.0612,130.07,126.4006,129.7348,1646200
2023-01-26,131.693,132.3017,129.2761,132.2134,2409400
2023-01-27,132.3105,134.7714,131.9224,133.1573,1632700
2023-01-30,131.155,131.4284,128.0854,128.2,2423400
2023-01-31,127.953,130.1935,126.9034,128.888,1632700
2023-02-01,127.9001,128.4558,124.3013,126.4447,2554200
2023-02-02,126.1095,126.1095,120.87,121.3464,2727100
2023-02-03,122.0785,124.6717,121.4257,122.0785,1553300
2023-02-06,121.805,123.4898,119.1235,120.9494,1748300
2023-02-07,121.9197,126.7534,120.4025,126.6299,2406600
2023-02-08,127.7943,128.1294,125.7214,127.2738,2029300
2023-02-09,127.2298,127.5914,124.5747,124.7864,1997500
2023-02-10,127.0445,131.7548,126.6476,131.6842,2817400
2023-02-13,130.4758,132.6545,129.8495,130.7492,2778100
2023-02-14,129.0732,132.9544,128.7822,132.1958,1617600
2023-02-15,130.1494,130.2729,126.8945,128.4646,3966400
2023-02-16,127.7325,128.7116,124.9893,125.0422,2541700
2023-02-17,122.8547,122.8547,117.5799,118.7972,4160500
2023-02-21,119.3528,119.8733,117.6505,118.3826,2601800
2023-02-22,120.6671,125.642,119.1235,121.0993,3629600
2023-02-23,122.4313,125.6597,121.4522,124.9011,2938100
2023-02-24,123.6485,126.824,122.8194,125.5891,2199400
2023-02-27,126.2771,128.1383,125.104,127.3356,2280900
2023-02-28,129.1438,129.3026,123.9484,124.0014,2517100
2023-03-01,123.7456,128.0324,122.8106,127.5649,3477500
2023-03-02,126.9616,130.1942,125.701,129.807,2394800
2023-03-03,127.8621,132.2562,127.1957,132.1481,3427400
2023-03-06,130.5634,130.9506,128.9426,129.2578,2250100
2023-03-07,128.2853,129.1947,125.548,128.5284,2709800
2023-03-08,127.2318,131.0496,126.4124,128.3033,2536200
2023-03-09,128.8165,130.9776,125.692,126.0072,1704800
2023-03-10,125.701,127.5739,121.8201,122.3784,2090800
2023-03-13,118.2364,121.2709,114.8508,118.4435,2957300
2023-03-14,118.2364,122.9457,117.399,119.434,2618600
2023-03-15,114.5806,114.5806,109.0429,110.5197,5858600
2023-03-16,108.0705,113.239,107.161,113.0319,3899100
2023-03-17,112.6537,113.4551,109.6012,110.8618,6217600
2023-03-20,110.8078,114.2474,110.8078,113.1039,2594200
2023-03-21,115.7062,118.0473,115.5801,117.6151,3064200
2023-03-22,117.9303,118.6956,115.0759,115.2199,1719200
2023-03-23,115.7782,117.6781,112.8608,114.0224,1877900
2023-03-24,111.213,113.9053,109.7093,112.9328,2350300
2023-03-27,113.8963,116.4625,112.9238,115.7602,1742800
2023-03-28,115.274,118.2004,114.7787,117.6961,1117300
2023-03-29,119.2449,119.8572,118.2454,119.569,1343200
2023-03-30,120.9917,121.0007,119.2179,120.0283,1753100
2023-03-31,120.2444,122.0993,120.1633,121.7121,1946000
2023-04-03,128.8435,131.2837,127.3938,130.0501,4018300
2023-04-04,131.1847,131.3378,125.3679,127.5469,2252100
2023-04-05,128.1592,129.4558,126.6105,128.7445,1985100
2023-04-06,128.0692,128.2583,126.3313,126.5564,1683600
2023-04-10,128.0872,131.5719,128.0872,128.9336,2581200
2023-04-11,129.4108,131.806,129.3748,130.7164,2228100
2023-04-12,132.3643,132.4363,129.9421,130.5724,1486200
2023-04-13,130.3022,132.2742,130.1131,131.2297,1663400
2023-04-14,131.6619,133.7059,130.6174,132.1302,1531300
2023-04-17,132.1302,132.6794,130.0411,130.2032,1255500
2023-04-18,129.645,130.8606,128.5554,130.2753,1365300
2023-04-19,128.5104,129.4018,127.7,129.3658,1250800
2023-04-20,127.8621,128.4474,125.7911,127.8081,1555000
2023-04-21,127.772,128.0602,125.9802,127.0427,1342300
2023-04-24,126.6285,129.672,126.2953,129.2038,1934300
2023-04-25,127.691,128.0512,124.9717,125.4579,1444300
2023-04-26,124.2693,125.5209,122.2794,123.2969,1607000
2023-04-27,123.2698,124.7015,121.9912,124.3144,1543300
2023-04-28,124.1973,128.7085,123.585,128.0421,1670900
2023-05-01,126.0162,128.1682,125.5299,127.799,2382500
2023-05-02,125.5029,125.5029,118.4615,121.604,5074300
2023-05-03,118.5245,119.7221,115.4991,115.9583,3241800
2023-05-04,116.3545,118.0833,113.3921,113.4461,3582300
2023-05-05,117.336,120.4155,116.2464,119.5781,2272100
2023-05-08,122.3964,123.0177,119.0648,119.3889,1589600
2023-05-09,118.0113,121.2709,117.5611,119.6771,1420000
2023-05-10,120.8913,121.1721,117.8377,118.2364,1541200
2023-05-11,115.6631,117.2759,114.7298,115.6722,2231200
2023-05-12,116.8048,117.3212,115.2282,115.9802,1705100
2023-05-15,116.6236,117.3847,115.5815,116.8501,1650700
2023-05-16,116.2702,116.6689,113.1079,113.1351,1591600
2023-05-17,114.3583,116.4967,113.1623,115.5997,1471900
2023-05-18,114.8204,116.7232,113.8781,116.6507,1211600
2023-05-19,118.2545,119.4234,117.3937,117.9918,1486200
2023-05-22,118.2092,121.0997,117.9918,120.0123,1669000
2023-05-23,121.3081,121.9514,119.7768,120.4473,1202500
2023-05-24,121.6886,122.4135,119.6861,121.7611,1611200
2023-05-25,118.1549,119.2603,117.2941,118.6985,1483700
2023-05-26,119.5412,119.7043,117.6112,118.6895,1425100
2023-05-30,117.0222,117.5206,115.7809,117.3303,1580800
2023-05-31,115.1194,116.2702,114.1771,115.21,2308900
2023-06-01,115.5272,118.2002,114.3402,116.0708,1380900
2023-06-02,118.2092,119.7496,117.0222,119.0157,2126300
2023-06-05,121.7792,122.0964,118.0371,118.0824,1651000
2023-06-06,115.9802,119.2331,115.9802,118.6623,1162700
2023-06-07,119.4506,122.6491,119.3962,121.5799,1910900
2023-06-08,121.5799,121.9967,119.0066,120.8188,1307600
2023-06-09,120.3748,121.5255,119.2059,119.8583,1098700
2023-06-12,117.2669,119.6046,116.4786,117.5568,1697400
2023-06-13,119.1244,121.2265,117.6112,117.8468,1650500
2023-06-14,119.5412,119.7496,113.6969,114.8748,2260300
2023-06-15,115.5634,117.4119,114.4127,114.7661,2961500
2023-06-16,115.0832,116.9679,114.1771,116.6507,4054000
2023-06-20,115.654,115.8896,113.4975,115.047,2092900
2023-06-21,115.1194,116.9588,114.6845,115.6812,1710000
2023-06-22,114.5214,114.6936,112.818,114.0321,1324300
2023-06-23,112.7636,113.86,111.8213,113.6244,3578500
2023-06-26,114.1318,116.0074,114.0593,115.2735,1296100
2023-06-27,115.2282,116.3608,114.5305,115.3641,1586600
2023-06-28,115.8262,116.5511,113.8872,116.533,1435400
2023-06-29,116.8863,118.2002,116.6507,117.8015,1143300
2023-06-30,118.6985,120.0577,117.6203,119.0247,1282400
2023-07-03,119.2331,120.5107,118.8888,119.5593,663100
2023-07-05,120.3567,120.3567,117.7653,118.3361,2062300
2023-07-06,117.6837,118.481,113.9234,115.2282,1833300
2023-07-07,114.8114,121.6796,114.8114,119.967,2328400
2023-07-10,120.1301,121.743,119.7949,121.4983,1587400
2023-07-11,122.2867,124.9868,121.7974,124.2619,2162500
2023-07-12,125.0231,126.8715,124.5972,126.4094,2066000
2023-07-13,126.9621,127.696,124.2982,126.3188,2138000
2023-07-14,125.6211,125.6211,122.4769,122.9209,1747500
2023-07-17,122.3863,123.6186,122.033,122.7488,1253000
2023-07-18,122.5313,126.5906,122.486,125.7751,1934900
2023-07-19,125.748,127.7323,124.9597,125.8567,1336100
2023-07-20,127.4242,128.439,126.355,126.8715,2001200
2023-07-21,127.5057,128.8196,126.6359,127.9769,4011400
2023-07-24,128.8468,131.5107,128.6474,130.8855,3024500
2023-07-25,130.8221,133.0601,130.4777,132.3262,2444400
2023-07-26,131.0939,132.3262,130.5049,131.3748,1298100
2023-07-27,132.2265,132.8608,130.2241,130.7949,1558600
2023-07-28,131.2932,131.9909,129.3089,131.9638,1737000
2023-07-31,131.3476,133.6491,131.3476,133.486,2219800
2023-08-01,132.4711,134.5552,131.2298,133.9934,3894300
2023-08-02,133.64,133.8756,131.402,133.0058,2429800
2023-08-03,133.9662,136.3674,132.9423,134.4736,2520700
2023-08-04,135.5972,136.1046,134.1746,134.6186,1640300
2023-08-07,135.5157,136.0321,134.1746,134.6367,1416700
2023-08-08,131.5923,135.2891,130.6952,135.1895,1942300
2023-08-09,136.2829,138.2785,135.8911,137.0757,2306600
2023-08-10,137.0757,138.2603,135.4628,136.4105,1668300
2023-08-11,135.9185,137.2033,135.3717,136.3741,1650100
2023-08-14,136.4652,136.7385,135.153,135.718,1347900
2023-08-15,134.6063,135.1439,133.2394,134.3238,1713900
2023-08-16,134.6062,135.8364,133.531,133.8773,1564600
2023-08-17,136.128,136.8115,134.2054,134.4149,1166300
2023-08-18,133.0754,135.4355,132.7565,134.8979,1497700
2023-08-21,136.1098,136.9663,134.0687,135.2715,2390900
2023-08-22,135.5631,136.1827,134.7794,135.1348,1384300
2023-08-23,133.9228,135.1439,132.4375,135.0619,1876300
2023-08-24,134.1962,136.5199,133.9775,135.7818,2932500
2023-08-25,136.3467,136.693,134.6154,136.2738,1598200
2023-08-28,136.6839,138.479,136.5016,137.3035,1237900
2023-08-29,136.6838,137.8229,136.0004,137.7682,1175100
2023-08-30,138.0507,138.5428,137.6589,137.8776,1518000
2023-08-31,138.315,138.5428,136.9117,138.3059,1370600
2023-09-01,139.3264,141.4405,138.9346,140.9302,2555600
2023-09-05,141.1762,142.5521,140.2376,140.5019,2018700
2023-09-06,139.9096,142.8438,139.8914,142.2424,2533900
2023-09-07,142.0601,143.2356,140.6477,141.1216,1840700
2023-09-08,142.2423,143.7094,141.7047,142.1785,1414800
2023-09-11,143.509,143.8188,138.2785,139.0166,2383900
2023-09-12,140.7844,143.2994,140.5383,142.4337,2837700
2023-09-13,143.0169,143.0898,140.2012,141.9599,1322200
2023-09-14,143.9737,144.5477,143.4725,143.9008,1488800
2023-09-15,142.8802,144.4293,141.1762,141.9234,3351100
2023-09-18,143.1445,143.4452,141.5498,142.3881,1018200
2023-09-19,143.5272,143.8734,140.8664,141.5954,1117900
2023-09-20,140.8755,141.9234,139.1533,139.3173,1378100
2023-09-21,139.8276,139.9187,137.103,137.9231,2660800
2023-09-22,138.4972,139.7365,136.8297,137.2033,1367300
2023-09-25,137.4311,139.3538,137.0028,139.0895,1974600
2023-09-26,138.2512,140.593,138.1418,139.4722,1392300
2023-09-27,141.4314,144.402,140.7388,143.272,3027800
2023-09-28,143.272,144.7755,142.3608,143.19,1221100
2023-09-29,143.3358,143.4452,140.4108,141.1306,1851600
2023-10-02,141.3767,141.5316,135.5448,136.8661,1678100
2023-10-03,136.4834,137.4949,135.1895,137.4949,1693800
2023-10-04,136.292,136.292,131.4261,132.5925,2536200
2023-10-05,130.6516,133.1301,130.3782,132.2371,1718300
2023-10-06,134.6792,139.4175,133.1848,137.8047,4441200
2023-10-09,141.9872,143.436,141.1397,142.5795,2184400
2023-10-10,142.5795,143.9372,141.5042,142.4975,1661600
2023-10-11,142.2423,144.9578,141.8141,144.7482,3028200
2023-10-12,146.4157,148.6665,145.9237,147.9466,3206300
2023-10-13,151.0357,153.3866,151.0174,151.7829,2908300
2023-10-16,153.013,153.2044,150.4252,152.5483,1661700
2023-10-17,152.4208,154.5439,152.357,153.5142,1925700
2023-10-18,154.6259,156.1841,153.906,154.8355,1996000
2023-10-19,154.3799,155.5189,152.8672,153.9242,1580300
2023-10-20,153.9243,154.553,151.2726,151.7009,2465500
2023-10-23,150.006,152.5301,149.2041,150.6439,2548800
2023-10-24,151.0812,151.6097,148.6938,148.7667,1604600
2023-10-25,149.2588,150.4707,147.9193,150.0606,1596700
2023-10-26,148.5572,149.113,145.5501,147.3634,2669100
2023-10-27,147.6186,147.6824,143.9008,145.8417,1589100
2023-10-30,146.0331,146.9443,143.108,144.3655,1496200
2023-10-31,144.8393,146.8531,143.3632,146.0877,1342500
2023-11-01,147.5639,148.1562,144.6207,145.2585,1700500
2023-11-02,144.3108,148.9672,143.6092,148.7485,1621200
2023-11-03,148.9581,149.4775,146.5889,147.7097,1294200
2023-11-06,147.9922,148.6027,144.976,145.9237,1914800
2023-11-07,143.8097,145.8599,139.9369,144.6935,3074600
2023-11-08,143.5636,145.3769,141.3949,142.1239,2448500
2023-11-09,142.7344,144.2379,141.5954,141.7685,1785400
2023-11-10,143.6639,144.5751,142.0328,143.7094,1692200
2023-11-13,143.9919,145.2038,143.3814,144.1377,1289700
2023-11-14,144.9305,145.5683,144.0922,145.0307,2417800
2023-11-15,144.6863,147.0043,144.6863,145.0307,1785600
2023-11-16,144.0998,144.258,138.4024,141.9679,3097600
2023-11-17,143.3922,146.576,142.8988,145.3658,2182700
2023-11-20,146.185,147.3022,144.8631,145.3658,1421400
2023-11-21,144.5187,144.8538,142.964,144.379,1127800
2023-11-22,140.5529,143.9508,139.6313,143.5133,1363500
2023-11-24,143.8204,145.4682,143.7646,143.9508,549800
2023-11-27,143.1688,143.7181,142.0238,143.3829,1232200
2023-11-28,143.746,144.9655,142.9361,143.355,1066600
2023-11-29,143.7739,144.1929,142.452,143.1688,1031500
2023-11-30,144.4442,146.604,140.6925,143.746,2406800
2023-12-01,143.6436,145.943,143.0478,143.6157,1353900
2023-12-04,142.1727,143.4574,141.6049,143.234,1372900
2023-12-05,143.5598,143.8205,139.6871,139.7802,1842800
2023-12-06,138.4676,138.8027,135.6375,136.3637,3304500
2023-12-07,137.7135,138.449,136.4009,137.397,2245500
2023-12-08,138.0021,140.0222,137.7787,138.4583,1596100
2023-12-11,138.2255,139.8733,138.0766,139.2123,1992800
2023-12-12,138.0301,138.6445,136.6802,137.667,2404800
2023-12-13,137.8625,139.4078,137.1829,139.1379,1840400
2023-12-14,140.618,143.4946,140.4598,142.843,2552900
2023-12-15,142.1262,143.3643,140.4505,142.5358,4063700
2023-12-18,145.7103,146.9484,144.8817,144.8817,1883400
2023-12-19,144.8073,146.5574,144.1836,146.2968,1578800
2023-12-20,146.2688,148.4286,144.919,145.0679,1581400
2023-12-21,145.6451,145.8965,143.8949,145.4682,1292300
2023-12-22,146.6598,147.386,145.2076,145.5893,1258500
2023-12-26,146.7343,148.9406,146.7343,148.019,1038900
2023-12-27,148.019,148.7079,146.5109,147.1718,911800
2023-12-28,146.604,146.7995,144.5466,144.6025,1167000
2023-12-29,145.2262,145.5613,144.0439,144.3697,2267700
2024-01-02,145.7568,147.6652,145.5241,146.1664,1400300
2024-01-03,146.7995,149.7785,145.5613,149.1082,1391300
2024-01-04,149.946,150.458,144.7793,145.0586,1815200
2024-01-05,145.971,146.7622,143.9601,145.1797,1654700
2024-01-08,142.2472,145.0027,140.3015,145.0027,2130700
2024-01-09,145.2541,145.4031,141.7165,142.2099,1356800
2024-01-10,141.6793,141.7817,139.5195,140.9066,1470200
2024-01-11,141.4932,142.0331,139.985,140.9346,1234700
2024-01-12,143.355,143.9136,141.549,143.2154,1472500
2024-01-16,142.4613,142.7685,140.2922,140.7205,1423100
2024-01-17,139.0727,140.8694,138.5886,139.4358,1448100
2024-01-18,139.3799,139.9478,138.0673,139.3985,1460800
2024-01-19,139.3892,140.6739,138.7282,140.6273,1344100
2024-01-22,140.8322,142.6754,139.7895,141.4466,2268600
2024-01-23,140.5622,142.5171,140.3015,141.009,1307300
2024-01-24,141.8655,143.0012,140.8042,142.6196,1470200
2024-01-25,143.9601,145.6079,141.94,145.5241,2399500
2024-01-26,145.6917,146.2409,143.5971,145.4496,1443200
2024-01-29,145.1331,145.1331,143.0943,144.1649,2775200
2024-01-30,143.1967,146.5109,142.8057,146.0919,2002400
2024-01-31,145.9802,145.9802,142.8988,143.1223,1636100
2024-02-01,143.8298,144.4442,140.8787,142.1727,1578800
2024-02-02,142.0331,142.3403,139.8174,139.8454,1282800
2024-02-05,139.473,140.1619,137.7135,139.2868,1613000
2024-02-06,140.0129,142.2379,139.6405,141.4931,1927200
2024-02-07,141.4838,142.2472,140.3015,140.9904,1754700
2024-02-08,141.037,143.7274,140.8601,142.8802,1674700
2024-02-09,143.0943,143.5691,140.8042,141.2604,1015100
2024-02-12,148.9499,156.5091,147.6652,154.5169,7276300
2024-02-13,155.7551,157.9428,152.2734,154.1632,3354200
2024-02-14,156.1275,158.52,154.638,158.129,3724500
2024-02-15,158.7993,167.1311,158.5107,166.1909,3728700
2024-02-16,167.0381,169.0023,165.772,167.0287,2540900
2024-02-20,167.1684,167.699,165.0179,165.7627,2792200
2024-02-21,169.6447,171.2552,165.9675,167.3359,3442900
2024-02-22,167.2335,167.9038,164.208,164.5245,2346100
2024-02-23,163.2491,165.5113,162.3461,164.1801,2092400
2024-02-26,163.6494,165.651,162.5882,164.8783,1374200
2024-02-27,165.1762,165.9488,163.9753,165.6602,1499100
2024-02-28,164.8969,167.4011,164.5245,167.3453,1458000
2024-02-29,168.1738,170.3522,167.5687,169.9146,2029400
2024-03-01,170.678,172.9495,170.5011,172.3816,1774300
2024-03-04,173.3378,173.3378,168.7085,169.3522,1320000
2024-03-05,169.4753,172.4101,169.3523,170.4599,1141500
2024-03-06,171.3403,172.1355,169.7404,171.5201,1736600
2024-03-07,171.8704,173.8301,171.8231,173.0632,1551100
2024-03-08,172.9591,175.0324,172.6088,173.5177,1251800
2024-03-11,172.7982,174.7673,171.8704,174.6631,1290800
2024-03-12,175.6098,175.9601,173.9247,174.6821,1099200
2024-03-13,176.7932,178.5446,176.0737,177.56,1436900
2024-03-14,177.986,179.5859,177.7777,179.3966,1467800
2024-03-15,179.0084,181.1763,177.8345,179.8131,3367100
2024-03-18,180.5515,181.0911,178.7244,179.9267,1170300
2024-03-19,179.7847,182.5774,179.3966,182.3502,1288700
2024-03-20,181.4793,182.7194,179.9456,182.6153,1373600
2024-03-21,182.9182,184.2909,182.123,184.0353,1326900
2024-03-22,184.6033,184.7169,182.7194,184.3193,1080300
2024-03-25,185.2944,186.8564,185.2944,186.1086,1332700
2024-03-26,186.1085,187.5569,183.7323,183.8933,1541900
2024-03-27,183.543,186.0801,183.136,186.0517,987000
2024-03-28,187.4528,187.9451,186.0233,187.6043,1052600
2024-04-01,188.7214,189.2137,187.0363,188.8161,1148300
2024-04-02,189.3367,189.9616,187.5854,189.687,1543800
2024-04-03,190.2929,192.6217,190.2456,192.3851,1490100
2024-04-04,192.7827,193.0951,189.8764,190.3308,1459700
2024-04-05,190.6621,194.0986,189.6207,193.4264,1519800
2024-04-08,193.6726,197.3741,192.5555,195.5565,1830400
2024-04-09,196.4842,197.3741,193.8335,194.5719,1830200
2024-04-10,193.1235,195.7837,192.8963,195.2346,1182900
2024-04-11,195.9635,197.1847,192.7448,197.1563,1250200
2024-04-12,198.1977,200.6591,194.0702,195.3387,1526900
2024-04-15,196.825,198.3113,193.701,194.4015,1229200
2024-04-16,193.0856,194.2595,191.0597,193.0761,1331900
2024-04-17,192.7543,194.0607,188.7403,190.4254,1578200
2024-04-18,191.2964,191.9496,188.1439,188.9581,1063300
2024-04-19,190.5012,192.9815,189.4314,190.0373,1800800
2024-04-22,189.3367,192.83,187.4907,191.7792,1416100
2024-04-23,190.7662,193.6252,189.81,193.4737,960400
2024-04-24,192.8489,195.6322,192.1011,194.2974,1289500
2024-04-25,194.676,196.5883,192.5839,196.0582,1093800
2024-04-26,194.2405,197.7149,193.9376,196.683,1184000
2024-04-29,195.7174,196.4085,193.3885,194.8843,1663400
2024-04-30,193.6725,194.6476,190.0183,190.4065,2042700
2024-05-01,192.1768,192.6501,182.8898,185.5595,2875200
2024-05-02,186.3263,187.5854,184.6412,187.0931,1933200
2024-05-03,186.0991,190.7946,185.8245,190.7567,1873700
2024-05-06,191.7129,194.7707,191.3816,193.3033,1791600
2024-05-07,193.54,194.5151,192.2146,192.8205,1244800
2024-05-08,191.5709,193.8524,191.0029,192.3851,1390200
2024-05-09,192.4513,193.7577,192.0821,192.8584,1032900
2024-05-10,193.5021,194.6192,190.2361,191.41,1732200
2024-05-13,192.3567,192.4513,189.4598,190.0657,1384100
2024-05-14,189.798,191.1365,188.4021,189.3486,1474600
2024-05-15,188.4308,189.1096,185.0272,188.0962,1614800
2024-05-16,188.23,188.8897,185.9355,186.0406,1145200
2024-05-17,186.7768,189.5685,186.2701,188.9853,1011900
2024-05-20,189.1287,190.3334,188.3448,189.1383,929000
2024-05-21,187.8285,190.3525,187.7138,187.9241,834100
2024-05-22,187.6277,187.7138,183.0673,183.8895,1179200
2024-05-23,185.5052,186.5952,183.335,183.5262,1394600
2024-05-24,185.2471,186.3179,184.683,184.9603,688400
2024-05-28,186.6621,189.4634,186.6238,189.0714,1304000
2024-05-29,188.8897,189.1,184.7786,186.4518,1527700
2024-05-30,185.9929,189.1957,185.9929,188.6698,1288500
2024-05-31,188.8515,190.6967,188.3065,190.5055,2933800
2024-06-03,189.7311,190.0944,178.287,182.3311,2775100
2024-06-04,180.4381,180.9735,176.9676,180.9066,1744900
2024-06-05,180.9066,181.6619,180.2087,180.8779,825700
2024-06-06,180.5815,183.1342,180.505,182.6466,1181400
2024-06-07,182.6466,183.182,181.442,181.9391,1027800
2024-06-10,182.3789,186.4327,182.2451,185.4479,961200
2024-06-11,184.1477,185.2184,182.8379,185.1611,716300
2024-06-12,186.6812,187.3887,183.8991,185.142,1056800
2024-06-13,184.0425,184.3962,179.9983,181.9869,1268800
2024-06-14,181.5567,181.6523,177.5317,177.7994,978300
2024-06-17,178.3634,179.8645,176.9676,179.3195,1235300
2024-06-18,180.4955,181.5185,179.941,180.572,1124300
2024-06-20,181.1838,185.0941,181.1838,184.2624,1960000
2024-06-21,185.0655,185.1897,181.9678,182.4936,3342900
2024-06-24,183.6792,190.4003,183.421,189.3295,1809700
2024-06-25,189.1957,189.9032,187.7042,189.1861,1441900
2024-06-26,189.4538,189.4538,186.4422,188.3065,1258000
2024-06-27,189.5399,190.6298,188.0102,190.4386,1036500
2024-06-28,191.7292,193.9569,190.3238,191.3946,2105900
2024-07-01,192.953,195.4101,191.0026,194.76,1230300
2024-07-02,196.4618,199.4543,194.846,195.8977,1763200
2024-07-03,197.0258,199.5977,195.3527,197.8385,741100
2024-07-05,197.3796,198.3643,193.4215,194.5879,761300
2024-07-08,193.4788,194.607,192.2073,194.4158,774800
2024-07-09,192.1212,195.63,190.8496,193.6987,993300
2024-07-10,193.192,193.7465,191.93,193.498,970900
2024-07-11,193.6127,199.1483,192.7235,198.0679,1249100
2024-07-12,198.2592,199.4829,194.4923,195.1998,1128200
2024-07-15,195.9933,202.7814,195.3814,201.6628,1410700
2024-07-16,200.6302,201.3568,199.0336,199.8749,1077600
2024-07-17,201.3281,205.0759,200.1521,201.6723,1485200
2024-07-18,201.7966,202.9534,197.5612,200.8023,893900
2024-07-19,199.808,200.3625,196.3183,196.4426,1348100
2024-07-22,196.347,196.7008,193.2016,195.6873,930500
2024-07-23,195.3623,195.5152,189.5781,189.645,1390300
2024-07-24,191.0504,193.0581,189.5972,190.0943,1178900
2024-07-25,189.6832,193.3067,188.8419,191.0217,1067800
2024-07-26,190.754,192.475,189.0427,191.9396,775700
2024-07-29,192.7427,193.3928,187.8572,189.559,853000
2024-07-30,189.7789,191.6336,188.6316,189.3773,1525100
2024-07-31,194.1003,195.0181,190.2378,193.4215,1245800
2024-08-01,192.4941,194.8077,187.2548,189.5112,1525000
2024-08-02,186.4326,186.9776,177.8089,180.7536,1999200
2024-08-05,176.0402,178.6694,171.7188,177.0441,2421900
2024-08-06,183.9278,186.2797,178.7841,181.3655,1953100
2024-08-07,185.1037,188.0197,182.7136,182.9717,1454900
2024-08-08,182.6084,190.4099,182.6084,188.8132,1319600
2024-08-09,188.4308,192.8478,186.968,190.9931,1289100
2024-08-12,191.8726,193.9569,190.8019,192.4463,1114700
2024-08-13,190.037,190.4864,186.9776,187.5226,1783000
2024-08-14,187.5321,188.2778,186.5856,187.8189,1066700
2024-08-15,188.4769,191.4087,188.1769,190.2089,1220000
2024-08-16,187.6061,189.8412,187.219,188.5059,1163700
2024-08-19,189.3381,192.0763,188.922,189.4929,1189700
2024-08-20,189.3477,189.3477,183.4164,183.6003,1114600
2024-08-21,185.7193,186.7255,183.7067,184.9258,1105500
2024-08-22,185.2935,187.1707,184.6065,185.5161,893400
2024-08-23,186.8223,189.5606,186.6772,188.893,755500
2024-08-26,191.2442,192.802,188.1286,190.8862,1127100
2024-08-27,190.7604,191.4861,187.5964,188.3995,876600
2024-08-28,187.1803,189.1348,186.832,188.264,698700
2024-08-29,190.7024,192.1925,188.1189,190.4121,1054700
2024-08-30,187.9544,189.2607,186.5127,188.7865,1811900
2024-09-03,185.2258,185.2258,180.3588,181.4038,1414100
2024-09-04,182.2553,183.1164,178.2591,178.3075,1098600
2024-09-05,179.875,180.2911,176.9626,178.0463,1312600
2024-09-06,177.6883,179.3719,173.0148,173.905,1505600
2024-09-09,174.6694,174.979,173.0148,173.4019,1442900
2024-09-10,173.0342,173.4019,163.4453,165.9321,3135100
2024-09-11,166.8319,166.8319,162.4003,163.0389,2580700
2024-09-12,164.4613,172.202,162.4874,165.3225,2673900
2024-09-13,165.6805,168.8929,165.6805,166.8319,1464800
2024-09-16,168.3607,170.5281,166.2707,169.1444,1638300
2024-09-17,168.5639,174.4855,168.5639,173.9437,1817500
2024-09-18,173.6921,176.9722,172.1149,172.3472,1609800
2024-09-19,176.4884,177.9205,173.5179,175.7434,1175100
2024-09-20,173.4599,176.2756,172.2794,175.1338,7855300
2024-09-23,176.3336,180.1556,175.7531,179.2461,3249300
2024-09-24,181.907,182.9907,178.2204,179.4202,3046800
2024-09-25,179.4202,179.817,174.0308,174.6791,1740600
2024-09-26,170.3346,171.3989,162.6422,163.3873,4646800
2024-09-27,165.0225,167.635,163.8808,165.0999,5079300
2024-09-30,164.5968,166.9867,163.2905,166.8125,2768200
2024-10-01,165.3805,172.9955,164.4807,171.7666,3149200
2024-10-02,176.7013,177.3593,172.7439,175.4144,3037900
2024-10-03,175.9756,182.7004,175.0177,182.1973,3018800
2024-10-04,185.3516,189.2123,183.3583,188.3027,3491700
2024-10-07,189.5993,193.9728,188.6801,193.0342,3780800
2024-10-08,189.7638,190.5088,185.6128,187.49,10794600
2024-10-09,186.145,188.3995,184.6259,187.4706,2270800
2024-10-10,188.3898,191.2732,187.6738,187.7706,1431600
2024-10-11,186.4159,189.6477,186.2127,188.6414,1366800
2024-10-14,186.1837,187.0449,183.5906,184.5195,1560500
2024-10-15,177.7076,178.2688,173.8276,173.9437,2845200
2024-10-16,174.3791,177.6689,174.3791,176.5465,1916600
2024-10-17,176.1692,178.1237,174.8919,177.9979,1753800
2024-10-18,177.4948,178.8784,175.8982,178.0269,1214200
2024-10-21,179.2557,180.6878,176.1401,176.4981,1461000
2024-10-22,178.2495,179.0526,176.3723,178.0656,1068000
2024-10-23,176.4304,177.3109,174.1275,175.2499,1415100
2024-10-24,176.4401,177.2045,174.4275,175.0467,1072700
2024-10-25,176.7013,178.5301,175.9563,178.4043,2150800
2024-10-28,172.0085,174.0695,171.3796,172.4149,1788200
2024-10-29,171.9988,173.3922,169.4831,169.9475,1690800
2024-10-30,171.128,172.4536,169.9475,170.9248,1568200
2024-10-31,172.5697,173.3244,170.0927,171.0409,2028700
2024-11-01,171.6505,173.0632,169.4057,170.112,1946100
2024-11-04,172.4149,175.4531,171.7473,173.934,1918600
2024-11-05,169.2315,173.0922,168.0898,169.9379,3691100
2024-11-06,174.1662,179.7686,171.2635,177.6689,3017300
2024-11-07,176.5465,177.2722,173.5954,175.7047,1727300
2024-11-08,174.7468,176.2853,173.4212,175.9853,2579100
2024-11-11,176.0627,176.1885,173.1986,173.3244,2803600
2024-11-12,174.6307,176.5755,173.963,174.0791,1788200
2024-11-13,175.1338,177.6689,171.7473,176.3336,1469300
2024-11-14,177.802,179.0077,175.5168,177.3838,1366000
2024-11-15,177.3838,178.9105,171.1411,171.7245,2123400
2024-11-18,173.5623,178.5799,172.6969,176.8782,1967600
2024-11-19,175.6335,177.7047,174.1458,175.1473,1632800
2024-11-20,175.0695,177.5394,175.0306,176.4503,1647800
2024-11-21,178.1909,180.5538,177.4616,177.6561,2140300
2024-11-22,176.9754,180.9331,176.4892,180.1746,2188900
2024-11-25,179.3967,179.4939,173.9805,174.5931,2957900
2024-11-26,174.7681,175.5655,170.2951,171.1119,2466800
2024-11-27,171.6467,173.8638,171.0438,171.3258,1490400
2024-11-29,171.3355,173.4845,171.1508,172.6872,820300
2024-12-02,172.8622,173.3581,169.1282,170.9758,1719200
2024-12-03,173.1247,173.3484,169.5172,170.9077,1804400
2024-12-04,171.1411,171.4522,164.0329,166.2694,2437500
2024-12-05,166.7167,169.3227,166.7167,167.9127,2157300
2024-12-06,167.1056,167.1542,160.26,162.2242,3104700
2024-12-09,164.84,165.2873,162.127,162.5062,1775700
2024-12-10,163.0897,163.255,158.0916,158.6458,2298900
2024-12-11,159.8224,160.2503,158.0526,159.3751,2662900
2024-12-12,159.1904,159.521,157.4595,157.7512,1627900
2024-12-13,158.1207,159.5113,156.5552,158.8306,1718100
2024-12-16,158.1694,158.1694,154.1339,154.5423,2370800
2024-12-17,153.5408,155.9134,151.4987,155.7189,2714400
2024-12-18,156.5746,157.2748,151.664,151.771,2546800
2024-12-19,154.2214,154.941,148.6107,148.8344,2963100
2024-12-20,147.9592,151.9071,147.8036,150.6625,7837400
2024-12-23,150.6819,152.2572,149.4859,151.7905,2107300
2024-12-24,153.0837,153.7352,150.9153,153.4144,823200
2024-12-26,153.9103,155.1841,152.3739,153.6672,1163800
2024-12-27,153.5116,155.1452,152.442,153.9686,1723500
2024-12-30,154.1339,157.4789,153.0157,156.5357,2086900
2024-12-31,156.5455,159.7252,156.2537,159.3071,2491900
2025-01-02,161.563,163.5759,160.6392,162.1756,1787600
2025-01-03,163.7023,167.1834,163.0508,166.2402,2016400
2025-01-06,167.0376,170.2465,164.1593,164.9566,2121400
2025-01-07,165.5401,168.4962,164.5774,167.6599,2127400
2025-01-08,166.8139,168.2239,164.7914,166.2694,1666000
2025-01-10,170.0617,172.3663,166.9598,169.945,2725200
2025-01-13,171.2091,175.1181,170.8591,172.7066,3038500
2025-01-14,172.1135,173.9318,170.8396,172.7747,1734400
2025-01-15,173.5623,175.2737,172.7747,174.6028,1669800
2025-01-16,173.6887,175.1959,172.7455,174.1749,1377800
2025-01-17,175.3807,175.9155,173.6012,175.2056,1812000
2025-01-21,173.5137,173.7957,170.9174,172.0648,2151200
2025-01-22,171.3647,174.6903,170.1395,172.6872,1608400
2025-01-23,174.136,175.3126,170.9758,171.7537,1888600
2025-01-24,172.269,172.7844,167.7474,168.4767,1940300
2025-01-27,168.8657,170.8396,165.5109,166.8625,1773100
2025-01-28,166.7167,168.6712,162.5451,164.5774,1731200
2025-01-29,164.3246,166.8431,163.0897,166.143,1316300
2025-01-30,167.5627,168.2433,164.7622,165.7054,1284500
2025-01-31,164.8497,165.1803,159.414,159.8224,2917300
2025-02-03,160.6198,161.3977,157.1289,159.9391,2217700
2025-02-04,159.3168,162.9632,156.1371,161.7089,1991400
2025-02-05,161.3199,161.3199,157.0511,160.2114,1985300
2025-02-06,161.6505,161.8158,154.6007,155.612,2122300
2025-02-07,156.2246,156.5552,153.5408,153.7644,1974200
2025-02-10,155.2813,157.2845,154.9216,157.1969,1697300
2025-02-11,158.4027,160.0947,157.2359,157.5373,1722300
2025-02-12,156.7399,156.8566,150.857,151.1681,2391400
2025-02-13,151.1681,152.8115,150.0304,151.8585,2256900
2025-02-14,152.5489,156.1468,149.0288,152.6559,3073900
2025-02-18,156.7399,157.1289,150.118,152.4322,2500200
2025-02-19,154.4451,157.9068,154.1437,155.8356,2086300
2025-02-20,155.8745,158.3444,155.0577,157.6151,2352500
2025-02-21,156.4482,157.0219,151.2945,151.8099,3936400
2025-02-24,151.8099,152.4711,150.75,150.9445,3883400
2025-02-25,152.8698,157.0122,147.5022,147.7258,4696100
2025-02-26,147.6383,149.7484,146.8313,148.2218,3301800
2025-02-27,151.3237,152.6461,147.5508,151.2945,3137200
2025-02-28,150.7305,155.0091,148.3968,154.5715,3361400
2025-03-03,155.5439,156.0106,143.6224,143.9141,3495000
2025-03-04,141.9596,143.457,136.9226,141.0358,5029500
2025-03-05,139.4605,139.7911,135.7168,138.7604,3759200
2025-03-06,138.2022,139.485,136.0577,136.9977,3351300
2025-03-07,137.8791,141.1596,136.6158,137.2034,2813700
2025-03-10,136.8509,138.9954,134.246,137.6637,3438400
2025-03-11,138.9269,142.9712,138.3197,141.6492,2319200
2025-03-12,141.4729,145.2822,140.2782,143.5098,2411000
2025-03-13,142.2955,143.8623,139.6417,142.7753,2641900
2025-03-14,143.4804,147.8871,142.2074,147.0841,2738700
2025-03-17,147.6716,150.7857,147.133,149.8554,1979600
2025-03-18,150.7954,151.8041,148.9642,151.7845,2352900
2025-03-19,152.1076,155.2804,151.9803,154.3305,2974500
2025-03-20,153.5765,155.9463,152.7246,155.1923,2048800
2025-03-21,153.5472,155.4371,152.9204,155.2119,7798100
2025-03-24,155.5546,158.0909,155.2608,157.6698,2042200
2025-03-25,158.6393,159.8731,157.2389,158.2476,2324100
2025-03-26,159.4618,161.7043,158.9722,159.7066,2373500
2025-03-27,159.266,159.8242,156.3282,156.906,1468100
2025-03-28,156.6122,157.6209,152.6169,154.2718,1635700
2025-03-31,154.3599,158.2476,153.5471,156.5632,2068900
2025-04-01,156.9158,157.7971,154.5754,157.5327,1455900
2025-04-02,155.7407,158.4238,154.9769,158.1399,1394900
2025-04-03,147.9262,149.8456,138.1728,138.3491,5414200
2025-04-04,131.2691,133.0024,120.5952,120.8107,5425100
2025-04-07,118.3527,126.5687,114.6022,121.9466,5480200
2025-04-08,126.5687,126.9604,114.9743,116.7761,3368700
2025-04-09,113.4271,134.5006,111.635,132.1308,5370800
2025-04-10,126.5687,127.3325,117.1678,120.605,4367600
2025-04-11,120.5365,126.3532,118.5192,126.3336,3928700
2025-04-14,129.0756,130.2017,123.2588,124.9921,2523500
2025-04-15,124.0618,127.3227,124.0618,124.5024,1690700
2025-04-16,125.0802,129.8296,125.0606,127.5186,2047300
2025-04-17,129.8296,136.3318,129.8296,134.7846,3667400
2025-04-21,131.3964,131.5629,127.6165,129.6044,2180300
2025-04-22,132.3169,135.1078,131.5923,133.7074,1731900
2025-04-23,134.9315,137.0957,131.602,132.7282,2130200
2025-04-24,134.0992,134.9511,132.3071,133.3353,2054400
2025-04-25,132.3071,134.4027,132.0525,133.9229,1608400
2025-04-28,133.5802,135.7247,133.4137,134.9609,1664800
2025-04-29,134.9511,135.1469,132.5323,133.8152,1665100
2025-04-30,131.651,131.8077,127.8025,129.2714,1980000
2025-05-01,128.5859,133.5704,128.1844,132.0329,2158100
2025-05-02,133.727,134.9903,131.0439,133.9718,2368000
2025-05-05,131.2201,132.2581,129.3106,130.3192,2865800
2025-05-06,131.1222,134.1579,128.5957,129.242,3775900
2025-05-07,130.0157,130.1332,125.0998,126.882,2549200
2025-05-08,127.7732,134.4811,127.7732,133.3549,2555000
2025-05-09,135.1372,136.4592,133.8152,135.0294,1944500
2025-05-12,141.8353,144.6849,139.1227,139.9551,2264700
2025-05-13,140.6308,144.6261,139.9355,143.1377,2010200
2025-05-14,141.5317,142.9222,140.9931,141.8157,1621500
2025-05-15,138.2363,140.0408,136.5895,139.9717,2596100
2025-05-16,140.7803,140.7803,137.2798,139.1632,2291900
2025-05-19,137.9799,138.2856,135.7021,137.408,1476400
2025-05-20,137.2403,137.8714,135.5246,136.4219,1104900
2025-05-21,136.4219,136.7374,134.223,134.4103,1650200
2025-05-22,132.8819,134.9527,130.3576,134.3906,1928900
2025-05-23,132.4382,134.716,131.886,133.9666,1766200
2025-05-27,135.8697,136.1853,133.6511,135.5739,1787100
2025-05-28,137.2798,137.2798,134.0455,134.3808,1904900
2025-05-29,135.5542,136.2641,134.2329,135.8894,2103100
2025-05-30,134.7357,134.8048,131.886,132.6749,4362800
2025-06-02,136.5205,137.0924,133.9666,135.6725,2118500
2025-06-03,136.0768,141.3029,133.9863,140.2971,2770700
2025-06-04,140.1591,141.9932,136.4515,137.408,2444000
2025-06-05,138.3053,138.4433,134.9231,135.5345,2062800
2025-06-06,137.3291,139.2421,137.0628,138.6011,1776700
2025-06-09,139.4491,141.3226,138.394,140.1492,1735600
2025-06-10,141.0071,145.5035,140.7606,143.5413,2282200
2025-06-11,143.7681,147.2785,142.289,146.8446,3217700
2025-06-12,145.0993,147.308,143.8568,147.2489,1758700
2025-06-13,155.1472,155.798,150.3944,152.7511,5208100
2025-06-16,151.9919,153.0568,146.7559,148.9252,3828700
2025-06-17,150.9368,153.8555,149.0041,150.7987,3360000
2025-06-18,151.2917,152.9483,146.3713,146.7065,2978500
2025-06-20,148.2349,148.5998,146.0459,146.7756,4309700
2025-06-23,148.8956,148.8956,138.818,139.1829,4574200
2025-06-24,136.3529,139.2618,135.1893,137.408,3222300
2025-06-25,137.0826,138.68,135.8204,136.1162,2068400
2025-06-26,136.7868,139.6266,135.85,138.9068,1581900
2025-06-27,138.6307,139.3505,137.053,137.8221,2781700
2025-06-30,137.2206,137.2206,135.0414,135.4851,2386100
2025-07-01,135.8796,139.9224,134.4991,138.2461,2014200
2025-07-02,139.9915,140.8789,137.0136,139.9915,1852400
2025-07-03,139.7252,140.2281,138.2954,138.9364,1199600
2025-07-07,138.3349,139.2421,134.0948,135.9979,1717300
2025-07-08,135.7218,143.2159,135.4358,141.7565,2482000
2025-07-09,141.5396,141.9932,139.5379,140.1394,1237300
2025-07-10,139.1237,141.2043,137.4178,141.0367,1793300
2025-07-11,140.7014,143.4328,139.9619,142.3186,1333400
2025-07-14,141.7664,141.7664,138.3447,139.9816,1549900
2025-07-15,140.307,140.6718,135.919,135.9585,2913500
2025-07-16,135.8599,136.7276,132.7833,134.5681,2179700
2025-07-17,134.5878,139.2913,134.4103,138.9659,1727700
2025-07-18,141.0071,143.068,139.3505,139.3998,2388400
2025-07-21,139.3111,139.6956,137.8024,137.8911,1296200
2025-07-22,138.2165,141.4508,138.0588,139.8436,1540500
2025-07-23,140.6127,142.072,139.6266,141.6875,1249100
2025-07-24,141.2043,144.1329,140.4549,143.275,1851200
2025-07-25,143.5709,144.1329,141.2635,142.5947,1035600
2025-07-28,143.9554,148.8858,143.9554,148.4223,1686800
2025-07-29,148.4223,150.917,147.1404,150.3747,2587200
2025-07-30,149.4971,149.8126,147.4067,148.8956,2019300
2025-07-31,146.9235,150.0789,145.7008,146.5882,1866000
2025-08-01,146.3713,146.9136,142.8017,144.1033,2830900
2025-08-04,142.9792,146.1248,142.6834,145.7205,2536100
2025-08-05,145.7205,145.7205,138.7293,143.6497,3845200
2025-08-06,144.9514,146.9334,140.8493,142.3482,2171900
2025-08-07,143.6004,145.6416,138.8871,139.1533,2202600
2025-08-08,140.021,142.6637,138.3447,140.0506,1684600
2025-08-11,139.035,139.5083,134.3019,134.9329,3044700
2025-08-12,135.781,138.8575,135.209,136.56,2581300
2025-08-13,136.0768,138.2264,135.781,138.0292,1945500
2025-08-14,138.0689,140.1148,135.9535,139.8069,1483400
2025-08-15,139.807,141.684,138.6251,139.2607,1889700
2025-08-18,138.3768,139.211,136.2614,138.5655,1408000
2025-08-19,137.5128,139.6778,136.8672,138.0093,1324000
2025-08-20,138.4562,139.4891,136.7083,136.9268,1582000
2025-08-21,136.7182,138.0292,135.4768,137.0559,1734700
2025-08-22,137.9497,142.8063,137.5624,142.2998,2029200
2025-08-25,142.4189,144.5642,141.1775,144.2762,1623100
2025-08-26,143.2929,143.5611,141.2867,142.9751,2046200
2025-08-27,143.1738,146.6498,142.9751,146.0539,1987800
2025-08-28,146.6002,148.3481,144.9118,148.1495,1061400
2025-08-29,147.494,149.093,147.2854,147.7423,1214100
2025-09-02,147.4443,149.083,145.9447,148.8347,1558700
2025-09-03,146.9974,147.6728,140.5518,141.3165,1952800
2025-09-04,140.9689,142.8162,139.5785,141.7635,1572700
2025-09-05,139.8169,141.0782,136.1323,137.761,1995100
2025-09-08,138.6648,138.9429,134.722,136.3408,2052100
2025-09-09,137.0857,138.9429,135.298,135.3576,2149800
2025-09-10,136.0528,139.1515,135.1888,138.6847,2005900
2025-09-11,136.5593,138.4165,136.0627,137.473,1573000
2025-09-12,137.8703,139.2408,135.9038,135.9436,1752000
2025-09-15,136.5196,136.5692,133.3812,133.6096,3109100
2025-09-16,134.712,139.1117,134.6624,137.473,2752100
2025-09-17,136.7877,141.3563,135.5662,139.509,2225200
2025-09-18,139.8467,140.2141,137.761,139.6778,1954500
2025-09-19,139.7374,139.7374,136.7579,138.7145,4089400
2025-09-22,137.2744,138.3569,135.1987,137.8802,2136700
2025-09-23,138.7443,145.5176,138.7443,141.2073,2423600
2025-09-24,143.3128,147.1265,143.2234,143.6207,1998900
2025-09-25,143.6207,146.1929,142.9255,144.7926,1306500
2025-09-26,145.2296,149.9669,144.3159,147.2358,1646100
2025-09-29,145.7262,146.1433,141.9224,142.5977,1808100
2025-09-30,140.7703,143.144,139.7871,142.121,2488400
2025-10-01,140.6412,143.4518,140.4326,142.558,1497300
2025-10-02,141.2371,146.6895,141.0981,142.2104,2614600
2025-10-03,142.5977,146.8981,142.5977,146.4611,2012300
2025-10-06,147.9906,151.4468,147.5337,148.08,2499600
2025-10-07,146.6895,148.0502,144.6635,147.8913,1358100
2025-10-08,148.1296,148.8447,145.4878,148.0502,1399900
2025-10-09,148.7851,150.4635,143.0347,143.2234,1481000
2025-10-10,140.7008,142.1607,138.7343,138.8634,2134500
2025-10-13,141.2569,142.1111,139.7871,141.1378,1527300
2025-10-14,138.4364,142.121,138.0491,140.8597,1751500
2025-10-15,142.2104,143.2135,139.8367,140.9689,1105700
2025-10-16,141.6343,142.3693,136.311,138.486,1915000
2025-10-17,138.6946,139.0819,136.6388,138.1384,1541200
2025-10-20,138.9429,140.9987,138.4463,140.2241,2216200
2025-10-21,140.4128,141.1676,138.5456,140.5617,1410200
2025-10-22,142.121,143.9087,139.8665,141.3066,2404200
2025-10-23,146.6101,148.358,145.4977,146.1632,2477500
2025-10-24,146.7491,147.3549,144.2066,144.8621,1434400
2025-10-27,145.4977,146.6498,142.9155,143.4121,1389400
2025-10-28,142.6573,142.9652,139.4494,140.1744,1140500
2025-10-29,139.7275,144.3655,139.7275,142.6474,1473300
2025-10-30,142.6474,143.6207,140.9391,141.1775,1392100
2025-10-31,141.1278,143.5114,140.9391,142.2104,1653700
2025-11-03,142.27,142.6871,138.8833,140.3035,1964300
2025-11-04,140.6213,140.6213,136.5593,138.4662,2390400
2025-11-05,138.2477,139.8566,136.0925,136.3507,1830700
2025-11-06,137.5425,142.1111,137.3936,139.8069,2062700
2025-11-07,140.9689,143.6405,138.6946,142.6672,1564600
2025-11-10,143.4816,144.7628,141.2967,143.7399,1332800
2025-11-11,145.2197,148.944,143.8292,147.1364,1432400
2025-11-12,146.9875,147.6132,144.6833,145.17,1295000
2025-11-13,145.1,147.18,143.43,144.38,1602100
2025-11-14,144.82,149.82,143.14,149.2,2001800
2025-11-17,148.68,149.0,145.83,146.37,1271900
2025-11-18,145.56,151.35,144.44,149.58,1853500
2025-11-19,145.7,149.11,144.52,148.69,1365200
2025-11-20,149.41,154.49,146.11,146.25,1963100
2025-11-21,145.91,148.07,143.89,146.44,1873500
2025-11-24,145.85,148.46,143.57,147.64,1776600
2025-11-25,146.08,147.63,144.79,147.02,1341800
2025-11-26,147.3,150.68,146.58,149.31,1379600
2025-11-28,149.31,153.41,149.04,152.59,749300
2025-12-01,152.76,158.73,152.33,156.16,2404200
2025-12-02,156.0,157.15,153.89,155.98,1820900
2025-12-03,156.8,159.39,156.8,158.38,1638800
2025-12-04,158.15,161.13,158.0,159.51,1652800
2025-12-05,159.64,164.44,158.5,158.6,2047800
2025-12-08,157.71,160.19,156.57,157.52,1215500
2025-12-09,156.92,159.72,156.6,158.17,1370100
2025-12-10,158.54,160.65,155.88,160.28,1817300
2025-12-11,158.06,160.86,155.67,157.04,1902500
2025-12-12,158.13,159.15,156.09,156.68,1514900
2025-12-15,157.43,157.43,151.54,154.06,1897600
2025-12-16,151.66,152.14,146.43,149.06,2939400
2025-12-17,150.65,154.94,149.79,154.07,2313100
2025-12-18,153.43,153.77,146.17,147.0,2178300
2025-12-19,146.92,150.92,146.66,148.13,3981300
2025-12-22,150.11,153.19,148.43,148.46,1317900
2025-12-23,148.74,149.77,147.19,148.16,1041200
