date,open,high,low,close,volume
2005-01-03,4.9029,5.0579,4.8547,5.0348,633134232
2005-01-04,5.0022,5.0402,4.8055,4.8309,549685764
2005-01-05,4.8048,4.8905,4.7745,4.8063,329134536
2005-01-06,4.8453,4.8656,4.6625,4.6831,415068516
2005-01-07,4.735,4.8247,4.6888,4.8147,386129484
2005-01-10,4.8309,4.9203,4.7646,4.8448,301282416
2005-01-11,4.8587,4.9106,4.7981,4.807,278069652
2005-01-12,4.8266,4.8664,4.7315,4.8527,326784888
2005-01-13,4.8527,4.9026,4.8197,4.8515,273702024
2005-01-14,4.8681,4.9677,4.8217,4.9667,385226388
2005-01-18,4.9916,5.0922,4.9342,5.0643,526377096
2005-01-19,5.083,5.0991,4.8858,4.9004,449857692
2005-01-20,4.7812,4.8743,4.7688,4.8165,359703936
2005-01-21,4.8319,4.8522,4.6724,4.6764,369965664
2005-01-24,4.6866,4.7025,4.4787,4.4886,560347092
2005-01-25,4.5189,4.5264,4.3786,4.3992,425941632
2005-01-26,4.4526,4.7044,4.4496,4.7002,491823684
2005-01-27,4.6883,4.6908,4.5999,4.6714,264830904
2005-01-28,4.7196,4.8358,4.6282,4.7275,487839672
2005-01-31,4.8107,4.8771,4.7618,4.8587,383484132
2005-02-01,4.8279,4.8845,4.7347,4.7663,752806440
2005-02-02,5.3537,5.3847,5.0584,5.1155,1310660028
2005-02-03,5.1162,5.2995,5.1118,5.2372,519004476
2005-02-04,5.1282,5.16,5.032,5.0758,592179228
2005-02-07,5.0981,5.1264,4.856,4.8689,517897584
2005-02-08,4.892,4.968,4.8316,4.9337,458740800
2005-02-09,4.9863,5.0072,4.7057,4.7583,686173140
2005-02-10,4.768,4.774,4.6011,4.6689,758548692
2005-02-11,4.6361,4.7767,4.6215,4.6545,524115360
2005-02-14,4.5415,4.7956,4.4956,4.7934,1540945512
2005-02-15,4.8085,4.9635,4.7956,4.849,1030280688
2005-02-16,4.8358,4.9508,4.8259,4.928,660630708
2005-02-17,4.9136,4.9613,4.8882,4.9153,416159424
2005-02-18,4.9305,4.9387,4.8845,4.9166,339096564
2005-02-22,4.8805,4.9402,4.7288,4.7531,538808652
2005-02-23,4.8011,4.8304,4.6858,4.8172,622816560
2005-02-24,4.5544,4.7154,4.5261,4.6915,1031539428
2005-02-25,4.698,4.7171,4.6076,4.6165,398541060
2005-02-28,4.6197,4.7159,4.616,4.6692,312423264
2005-03-01,4.7015,4.7129,4.5204,4.6212,372075552
2005-03-02,4.6185,4.6612,4.579,4.5994,291128580
2005-03-03,4.623,4.6632,4.5778,4.6448,304039656
2005-03-04,4.6371,4.6508,4.5966,4.6173,270693036
2005-03-07,4.664,4.7092,4.6453,4.6895,346349304
2005-03-08,4.6967,4.7154,4.5942,4.5999,321522156
2005-03-09,4.5753,4.5862,4.4747,4.5043,453961584
2005-03-10,4.4958,4.5005,4.4061,4.4702,437981580
2005-03-11,4.4817,4.4943,4.3999,4.4161,320810868
2005-03-14,4.4292,4.431,4.2862,4.3463,445418136
2005-03-15,4.354,4.4707,4.3269,4.4362,416467116
2005-03-16,4.3888,4.4362,4.3468,4.3614,283967748
2005-03-17,4.3994,4.4618,4.3664,4.4531,330093576
2005-03-18,4.4412,4.4807,4.4287,4.4717,283316400
2005-03-21,4.4526,4.5246,4.4024,4.4926,299048652
2005-03-22,4.5,4.5189,4.4173,4.436,225042732
2005-03-23,4.4203,4.4767,4.4203,4.4454,193606200
2005-03-24,4.4881,4.4921,4.4509,4.4521,148059792
2005-03-28,4.5125,4.5899,4.4943,4.506,349170480
2005-03-29,4.4968,4.5522,4.4228,4.46,258661080
2005-03-30,4.4866,4.5067,4.4608,4.4819,249194556
2005-03-31,4.4198,4.5052,4.4121,4.4834,270473256
2005-04-01,4.5144,4.544,4.4705,4.4717,247032720
2005-04-04,4.4695,4.6029,4.4668,4.6021,322732944
2005-04-05,4.6627,4.7256,4.6587,4.6836,349118532
2005-04-06,4.7002,4.7104,4.659,4.6997,209893896
2005-04-07,4.6888,4.8338,4.6853,4.8125,387300312
2005-04-08,4.8107,4.8458,4.7551,4.77,204459336
2005-04-11,4.7958,4.8383,4.7767,4.7993,216203580
2005-04-12,4.7936,4.8289,4.7044,4.8175,292491216
2005-04-13,4.8053,4.8264,4.7124,4.7919,261969768
2005-04-14,4.8003,4.8274,4.7216,4.7551,245861892
2005-04-15,4.7216,4.7275,4.5865,4.5949,462632904
2005-04-18,4.5845,4.6664,4.5574,4.6438,261749988
2005-04-19,4.7025,4.7688,4.6702,4.7539,336862800
2005-04-20,4.9322,4.9799,4.8659,4.9203,617441940
2005-04-21,4.9779,5.0917,4.9506,5.0723,709365924
2005-04-22,5.5362,5.5636,5.3217,5.3602,1326875796
2005-04-25,5.4101,5.5819,5.4026,5.5519,792806400
2005-04-26,5.4697,5.5139,5.4217,5.4332,690189120
2005-04-27,5.4143,5.4853,5.3832,5.4588,410181408
2005-04-28,5.4518,5.5159,5.4073,5.4506,346964688
2005-04-29,5.5117,5.5201,5.4101,5.4642,366441192
2005-05-02,5.5151,5.5561,5.4694,5.5211,390305304
2005-05-03,5.5102,5.6666,5.497,5.618,710496792
2005-05-04,5.6438,5.7096,5.6381,5.6753,482856660
2005-05-05,5.6783,5.6783,5.6103,5.6376,300083616
2005-05-06,5.6729,5.694,5.6249,5.6634,270285444
2005-05-09,5.6629,5.6753,5.5991,5.6137,221250528
2005-05-10,5.6001,5.658,5.5815,5.658,253578168
2005-05-11,5.687,5.7618,5.6612,5.7446,458692848
2005-05-12,5.7327,5.768,5.6679,5.6808,357570072
2005-05-13,5.6922,5.7397,5.646,5.6937,296323380
2005-05-16,5.7046,5.7528,5.6771,5.7387,227028744
2005-05-17,5.7265,5.7983,5.7176,5.7903,312043644
2005-05-18,5.8023,5.9602,5.8,5.9401,491987520
2005-05-19,5.9694,5.99,5.918,5.9406,388271340
2005-05-20,5.991,6.0024,5.9523,6.001,326213460
2005-05-23,6.0395,6.4105,6.0283,6.3447,854676468
2005-05-24,6.3822,6.5928,6.2963,6.3584,1160562276
2005-05-25,6.2771,6.4821,6.225,6.4778,721593684
2005-05-26,6.4816,6.5511,6.4155,6.4378,541322136
2005-05-27,6.4691,6.608,6.4391,6.6067,486876636
2005-05-31,6.6919,6.9147,6.6904,6.8867,888582528
2005-06-01,7.0339,7.2746,7.0046,7.1532,1406260332
2005-06-02,7.1713,7.1974,7.0687,7.1507,718245036
2005-06-03,7.1231,7.1854,6.8901,6.9609,750540708
2005-06-06,7.0138,7.296,6.9999,7.2262,900134964
2005-06-07,7.3792,7.441,7.2103,7.2803,971947080
2005-06-08,7.2736,7.2821,6.9048,6.9435,1027007964
2005-06-09,7.0717,7.1656,6.9684,7.1112,656986356
2005-06-10,7.1281,7.1353,6.955,7.0166,507356136
2005-06-13,6.95,7.0585,6.868,7.0228,511615872
2005-06-14,6.9194,6.9853,6.8986,6.9135,403272324
2005-06-15,6.8303,6.8874,6.6423,6.8253,834488676
2005-06-16,6.8119,6.9122,6.7823,6.8909,497997504
2005-06-17,6.9296,6.9619,6.8526,6.9619,416958624
2005-06-20,6.8573,7.145,6.7491,7.1209,840147012
2005-06-21,7.1549,7.2103,7.0779,7.1492,604686708
2005-06-22,7.1946,7.2605,7.1698,7.1854,418541040
2005-06-23,7.1532,7.3223,7.1159,7.1956,561693744
2005-06-24,7.2252,7.4015,7.1924,7.3829,710137152
2005-06-27,7.4239,7.5622,7.2987,7.553,711403884
2005-06-28,7.6072,7.681,7.5009,7.5009,760698540
2005-06-29,7.5133,7.56,7.2562,7.2704,731216052
2005-06-30,7.3106,7.4246,7.2287,7.3059,603172224
2005-07-01,7.328,7.3578,7.1835,7.2339,368734896
2005-07-05,7.255,7.3514,7.2085,7.3447,299460240
2005-07-06,7.3841,7.3916,7.2371,7.2406,319691988
2005-07-07,7.1877,7.3469,7.1658,7.3404,426457116
2005-07-08,7.3581,7.3891,7.3034,7.3576,298005696
2005-07-11,7.3618,7.3668,7.2282,7.286,335276388
2005-07-12,7.287,7.3121,7.2259,7.247,234361404
2005-07-13,7.2652,7.4323,7.255,7.4229,457058484
2005-07-14,7.5838,7.6189,7.4529,7.4733,426281292
2005-07-15,7.482,7.5357,7.4457,7.4808,337198464
2005-07-18,7.4512,7.4984,7.3953,7.4398,248063688
2005-07-19,7.5034,7.7083,7.4959,7.6971,504351144
2005-07-20,7.5896,7.7644,7.4959,7.7493,571843584
2005-07-21,7.8002,7.8933,7.7296,7.7974,790784424
2005-07-22,7.6094,7.681,7.3601,7.5108,934536528
2005-07-25,7.5106,7.5329,7.326,7.3481,385965648
2005-07-26,7.3273,7.4015,7.2547,7.3541,392283324
2005-07-27,7.3951,7.4072,7.2624,7.375,288427284
2005-07-28,7.3869,7.3869,7.2843,7.2898,236786976
2005-07-29,7.256,7.2734,7.1281,7.1472,334197468
2005-08-01,7.1561,7.2649,7.1556,7.2428,226269504
2005-08-02,7.2426,7.4393,7.2307,7.4311,291316392
2005-08-03,7.4015,7.4443,7.3419,7.3841,236986776
2005-08-04,7.3407,7.4264,7.3332,7.3948,209250540
2005-08-05,7.3891,7.4142,7.2354,7.2612,237350412
2005-08-08,7.2922,7.3432,7.215,7.2339,179092728
2005-08-09,7.2515,7.2694,7.1658,7.2418,230940828
2005-08-10,7.2351,7.2607,7.0757,7.0955,274884840
2005-08-11,7.1008,7.1179,6.9699,7.0551,300295404
2005-08-12,7.0379,7.2078,6.9952,7.1959,263172564
2005-08-15,7.1979,7.2716,7.0481,7.0538,326661012
2005-08-16,7.0757,7.1479,7.0374,7.0948,284083632
2005-08-17,7.0913,7.1176,7.0538,7.0811,155176668
2005-08-18,6.8529,6.9669,6.8303,6.9542,474437088
2005-08-19,6.9791,6.9905,6.945,6.9545,221494284
2005-08-22,6.9853,6.991,6.7893,6.8057,272247480
2005-08-23,6.8591,6.948,6.8084,6.944,232635132
2005-08-24,6.8941,7.0724,6.8663,7.0183,343380276
2005-08-25,7.0178,7.0538,6.9537,7.0188,174888936
2005-08-26,7.0409,7.0791,7.0205,7.0434,150061788
2005-08-29,7.0101,7.181,7.0101,7.1643,235883880
2005-08-30,7.138,7.1907,7.1005,7.135,191488320
2005-08-31,7.1589,7.1656,7.0628,7.1035,201158640
2005-09-01,7.1012,7.1407,7.0786,7.1097,109574316
2005-09-02,7.1162,7.2026,7.1144,7.1643,137242620
2005-09-06,7.178,7.1877,7.1234,7.1311,168323508
2005-09-07,7.1008,7.3394,7.0856,7.3238,299680020
2005-09-08,7.3228,7.4333,7.2863,7.3367,264267468
2005-09-09,7.3836,7.4289,7.3658,7.4286,175444380
2005-09-12,7.4947,7.7349,7.476,7.6931,415044540
2005-09-13,7.6747,7.8369,7.6045,7.7413,411584004
2005-09-14,7.668,7.781,7.4587,7.5257,450580968
2005-09-15,7.4393,7.6189,7.3993,7.5163,618029352
2005-09-16,7.5511,7.563,7.448,7.4562,302888808
2005-09-19,7.476,7.6002,7.4688,7.5453,230245524
2005-09-20,7.604,7.7319,7.5811,7.6477,373665960
2005-09-21,7.6601,7.793,7.5992,7.7468,404383212
2005-09-22,7.7368,7.9286,7.7038,7.7336,519735744
2005-09-23,7.7741,7.8787,7.7639,7.8327,339012648
2005-09-26,7.9355,7.9716,7.7632,7.8059,395380224
2005-09-27,7.8225,7.9085,7.7835,7.7974,274649076
2005-09-28,7.8044,7.8263,7.5903,7.6002,319576104
2005-09-29,7.6171,7.7175,7.6022,7.6901,224327448
2005-09-30,7.8044,7.8859,7.7565,7.86,365685948
2005-10-03,7.7897,7.9507,7.7689,7.9152,366045588
2005-10-04,7.9467,7.9797,7.718,7.7244,365406228
2005-10-05,7.7664,7.8213,7.6499,7.7172,332802864
2005-10-06,7.8024,7.8109,7.7018,7.7679,319432248
2005-10-07,7.8186,7.8652,7.713,7.7738,270541188
2005-10-10,7.7818,7.8193,7.6785,7.7157,222665112
2005-10-11,7.7147,7.7654,7.5719,7.6027,341362296
2005-10-12,7.5804,7.6298,7.4264,7.4753,371875752
2005-10-13,7.5009,7.5009,7.2197,7.3876,422285292
2005-10-14,7.4487,7.4569,7.2659,7.3553,340423236
2005-10-17,7.3891,7.5804,7.3161,7.5754,302365332
2005-10-18,7.5744,7.6489,7.5193,7.5327,282828888
2005-10-19,7.5506,7.6964,7.5496,7.6673,280147572
2005-10-20,7.6993,7.7276,7.4813,7.5307,555911532
2005-10-21,8.5888,8.6044,8.2708,8.4422,914780304
2005-10-24,8.5284,8.6757,8.4991,8.6595,376890732
2005-10-25,8.5883,8.6285,8.5157,8.6163,274856868
2005-10-26,8.6007,8.8421,8.5984,8.8282,355943700
2005-10-27,8.857,8.8692,8.7348,8.7691,205170624
2005-10-28,8.824,8.9154,8.8178,8.896,235903860
2005-10-31,8.9474,9.3078,8.9293,9.243,573142284
2005-11-01,9.236,9.5351,9.1652,9.4228,653589756
2005-11-02,9.4804,9.5624,9.3679,9.4303,422193384
2005-11-03,9.4981,9.6016,9.4725,9.586,297638064
2005-11-04,9.6861,9.731,9.5736,9.6973,352643004
2005-11-07,9.8132,9.8721,9.74,9.8115,383276340
2005-11-08,9.7921,9.8254,9.6513,9.6841,315584100
2005-11-09,9.6039,9.6441,9.3893,9.4171,418257324
2005-11-10,9.3975,9.7201,9.3744,9.7139,364782852
2005-11-11,9.8137,9.8579,9.658,9.6965,282273444
2005-11-14,9.7392,9.8907,9.7246,9.8597,312003684
2005-11-15,9.7954,9.8604,9.7102,9.7561,344651004
2005-11-16,9.8406,9.9064,9.7887,9.889,347460192
2005-11-17,9.9797,10.0296,9.9233,10.0206,368119512
2005-11-18,10.0216,10.0467,9.9312,9.9402,280742976
2005-11-21,9.9143,10.1828,9.7733,10.1674,412990596
2005-11-22,10.1498,10.3649,10.0897,10.344,383456160
2005-11-23,10.3582,10.5489,10.3269,10.5027,402996600
2005-11-25,10.5753,10.649,10.5633,10.6458,193410396
2005-11-28,10.6756,10.7109,10.4923,10.5181,439895664
2005-11-29,10.5425,10.5907,9.9881,10.0229,858972168
2005-11-30,10.0408,10.1448,9.8247,10.0569,623240136
2005-12-01,10.1634,10.3184,10.1408,10.2849,389406204
2005-12-02,10.3557,10.42,10.2792,10.3746,301438260
2005-12-05,10.3572,10.3696,10.0412,10.0802,411164424
2005-12-06,10.151,10.3425,9.9772,10.0477,604406988
2005-12-07,10.0879,10.1014,9.9104,10.0398,466169364
2005-12-08,10.0666,10.1995,10.0005,10.1995,356043600
2005-12-09,10.3075,10.3269,10.1476,10.1634,305430264
2005-12-12,10.2983,10.3127,10.1821,10.2481,277725996
2005-12-13,10.2454,10.382,10.2241,10.3693,326225448
2005-12-14,10.3582,10.425,10.3197,10.4059,264950784
2005-12-15,10.4096,10.5097,10.3448,10.495,241590168
2005-12-16,10.5643,10.7422,10.5,10.6838,652566780
2005-12-19,10.7347,11.0827,10.4344,10.5459,876594528
2005-12-20,10.6269,10.7347,10.5477,10.6736,402984612
2005-12-21,10.7682,10.8504,10.4493,10.5889,448427124
2005-12-22,10.724,10.7511,10.579,10.7307,301562136
2005-12-23,10.7335,10.7422,10.6498,10.7032,183620196
2005-12-27,10.7263,10.7263,10.5002,10.5469,267843888
2005-12-28,10.5395,10.6249,10.463,10.5979,284431284
2005-12-29,10.6299,10.6485,10.4111,10.4354,277554168
2005-12-30,10.3639,10.3872,10.2762,10.304,303180516
2006-01-03,10.4943,10.8209,10.3875,10.81,524323152
2006-01-04,11.0253,11.151,10.9222,11.0586,610844544
2006-01-05,11.0775,11.2153,10.9657,11.2076,431899668
2006-01-06,11.3474,11.686,11.2573,11.5658,709565724
2006-01-09,11.5844,11.758,11.4485,11.5966,511164324
2006-01-10,11.535,11.6798,11.4759,11.6676,363520116
2006-01-11,11.7051,11.8005,11.6532,11.714,359935704
2006-01-12,11.766,11.7975,11.4624,11.5153,404606988
2006-01-13,11.5322,11.5963,11.4652,11.5804,305957736
2006-01-17,11.5012,11.6711,11.488,11.6018,330481188
2006-01-18,11.1098,11.3596,11.0092,11.0504,818608572
2006-01-19,11.2059,11.2635,10.7546,10.8403,580910508
2006-01-20,10.8961,10.9292,9.8043,9.9215,1643023332
2006-01-23,10.1182,10.6401,10.0773,10.618,908746344
2006-01-24,10.8298,11.0514,10.7913,11.0037,617965416
2006-01-25,11.2081,11.2819,10.6607,10.7546,748842408
2006-01-26,10.917,10.9282,10.5201,10.7861,516526956
2006-01-27,10.8043,10.8842,10.6547,10.7667,337749912
2006-01-30,10.6609,10.7615,10.5559,10.6011,343212444
2006-01-31,10.6942,10.9185,10.5303,10.7461,881757360
2006-02-01,9.6625,9.9846,9.625,9.9792,1083815100
2006-02-02,10.0298,10.0964,9.8351,9.8366,471835692
2006-02-03,9.7765,9.7834,9.2537,9.4767,730540728
2006-02-06,9.5701,9.6841,9.4273,9.5649,357258384
2006-02-07,9.5125,9.5301,9.0247,9.1382,664542792
2006-02-08,9.1521,9.207,8.8091,9.167,831331836
2006-02-09,9.2196,9.2991,8.8448,8.9109,476019504
2006-02-10,8.9899,9.0532,8.7711,9.0063,608331060
2006-02-13,8.6096,8.708,8.4916,8.5863,787923288
2006-02-14,8.5771,8.7351,8.5043,8.5272,585573840
2006-02-15,8.4762,8.5937,8.3908,8.5038,517362120
2006-02-16,8.5855,9.1153,8.5562,9.1019,851767380
2006-02-17,9.1863,9.243,9.0314,9.1588,572235192
2006-02-21,9.1014,9.2777,9.0684,9.1051,347092560
2006-02-22,9.119,9.1637,9.0373,9.0778,258788952
2006-02-23,9.0808,9.469,9.0753,9.3903,501561936
2006-02-24,9.3711,9.4399,9.2765,9.3736,259112628
2006-02-27,9.4697,9.7288,9.4452,9.696,408079512
2006-02-28,9.766,9.8738,8.4077,9.0065,1575926496
2006-03-01,9.1541,9.1762,8.9737,9.0607,481965552
2006-03-02,9.0478,9.4655,8.9961,9.35,732478788
2006-03-03,9.545,9.618,9.3329,9.393,478001520
2006-03-06,9.4608,9.5226,9.1188,9.1426,357230412
2006-03-07,9.0661,9.1513,8.8955,9.052,414736848
2006-03-08,8.7907,8.9422,8.7065,8.7894,469354176
2006-03-09,8.827,8.9049,8.482,8.5192,555859584
2006-03-10,8.5316,8.5565,8.2348,8.3826,772250976
2006-03-13,8.4678,8.5962,8.3317,8.3717,545150304
2006-03-14,8.3737,8.7519,8.2614,8.7219,737289972
2006-03-15,8.7122,8.7502,8.4579,8.5565,510241248
2006-03-16,8.6586,8.662,8.3925,8.4142,400267332
2006-03-17,8.4149,8.4889,8.3188,8.4395,341725932
2006-03-20,8.5028,8.6953,8.483,8.6481,415887696
2006-03-21,8.6933,8.7343,8.4219,8.4427,392850756
2006-03-22,8.4385,8.5465,8.3826,8.4502,303536160
2006-03-23,8.5031,8.5875,8.4497,8.4916,297090612
2006-03-24,9.1555,9.1921,9.0038,9.0855,606616776
2006-03-27,9.1175,9.2323,9.0656,9.1821,280667052
2006-03-28,9.2323,9.385,9.2189,9.3687,357474168
2006-03-29,9.4367,9.9101,9.426,9.8103,760338900
2006-03-30,9.6665,9.7735,9.5279,9.6478,587879532
2006-03-31,9.6553,9.733,9.5383,9.6866,1459395144
2006-04-03,9.6749,9.7479,9.6352,9.6791,324583092
2006-04-04,9.6841,10.0566,9.6404,10.0427,627999372
2006-04-05,10.1386,10.2968,10.005,10.1334,535883580
2006-04-06,10.0961,10.2799,10.0698,10.2126,343596060
2006-04-07,10.2432,10.2541,10.0348,10.0879,280754964
2006-04-10,10.1108,10.3614,10.0653,10.3418,372431196
2006-04-11,10.3428,10.4093,10.0894,10.1749,443843712
2006-04-12,10.1585,10.2164,10.0638,10.1572,240439320
2006-04-13,10.1493,10.1774,9.9474,9.9886,261853884
2006-04-17,10.0206,10.2454,9.9558,10.1043,330049620
2006-04-18,10.1319,10.1791,9.9722,10.0403,325178496
2006-04-19,10.2472,10.2737,10.1021,10.1957,270996732
2006-04-20,10.2084,10.3323,10.1386,10.3075,490369140
2006-04-21,11.1495,11.1947,10.8333,10.8564,901149948
2006-04-24,10.9135,11.0452,10.842,10.9409,353102544
2006-04-25,10.9192,10.9543,10.5807,10.6095,382377240
2006-04-26,10.6239,10.6811,10.5194,10.58,290820888
2006-04-27,10.504,10.6033,10.4165,10.4324,333182484
2006-04-28,10.3977,10.574,10.3398,10.3805,296555148
2006-05-01,10.3937,10.4178,9.8989,9.9076,414033552
2006-05-02,9.9618,9.9968,9.6468,9.8058,523647828
2006-05-03,9.8443,9.9722,9.7084,9.7901,322565112
2006-05-04,9.8115,9.9069,9.7415,9.8045,185893920
2006-05-05,9.8753,9.9518,9.7308,9.7934,242357400
2006-05-08,9.8135,9.8634,9.6878,9.8053,204539256
2006-05-09,9.8281,10.1585,9.7797,10.1535,365258376
2006-05-10,10.1413,10.2258,9.9811,10.009,247240512
2006-05-11,10.0199,10.0519,9.5619,9.6121,355356288
2006-05-12,9.5261,9.5592,9.278,9.2924,403100496
2006-05-15,9.3371,9.4419,9.1464,9.3438,343260396
2006-05-16,9.3386,9.3602,9.1871,9.2221,259384356
2006-05-17,9.205,9.4342,9.1953,9.3016,425326248
2006-05-18,9.4079,9.4832,9.2075,9.2144,233166600
2006-05-19,9.2713,9.3016,8.9556,9.1903,455472072
2006-05-22,9.1364,9.2651,9.0718,9.2134,343831824
2006-05-23,9.2944,9.5346,9.2782,9.3284,358960680
2006-05-24,9.3724,9.5236,9.2298,9.4692,381769848
2006-05-25,9.4153,9.5127,9.2472,9.5125,327456216
2006-05-26,9.5512,9.5842,9.4389,9.4717,146533320
2006-05-30,9.3955,9.463,9.2258,9.238,172467360
2006-05-31,9.2842,9.3947,9.1098,9.235,318932748
2006-06-01,9.2777,9.5125,9.2296,9.5033,250868880
2006-06-02,9.6081,9.614,9.3749,9.4243,255200544
2006-06-05,9.3433,9.4742,9.2929,9.3001,222117660
2006-06-06,9.3533,9.6866,9.3463,9.6863,409981608
2006-06-07,9.767,9.8073,9.5996,9.5999,356095548
2006-06-08,9.6307,9.7926,9.4032,9.7685,413965620
2006-06-09,9.741,9.8214,9.5711,9.6014,246053700
2006-06-12,9.6453,9.6987,9.463,9.4764,200563236
2006-06-13,9.4606,9.6121,9.3915,9.6001,306057636
2006-06-14,9.6823,9.7139,9.4014,9.5472,310569120
2006-06-15,9.6026,9.7425,9.5127,9.7114,271156572
2006-06-16,9.6642,9.7097,9.6369,9.704,211971816
2006-06-19,9.7077,9.8058,9.6116,9.6404,305018676
2006-06-20,9.6376,9.733,9.5999,9.6163,161434404
2006-06-21,9.7129,10.0343,9.6804,9.9878,349426224
2006-06-22,9.9742,10.084,9.6369,9.9337,236239524
2006-06-23,10.0035,10.1771,9.9533,10.0557,212379408
2006-06-26,10.1026,10.1411,10.0157,10.0398,141905952
2006-06-27,10.0768,10.1336,9.96,9.9926,164119716
2006-06-28,10.0345,10.0959,9.963,10.0867,148271580
2006-06-29,10.1334,10.387,10.0795,10.3773,266061672
2006-06-30,10.3224,10.4151,10.2412,10.4151,250069680
2006-07-03,10.4327,10.5253,10.418,10.5112,86181732
2006-07-05,10.4694,10.5012,10.3234,10.468,199224576
2006-07-06,10.5156,10.5653,10.4809,10.5109,147336516
2006-07-07,10.582,10.6277,10.3294,10.4429,241434324
2006-07-10,10.5171,10.5616,10.3418,10.387,177278544
2006-07-11,10.3947,10.5571,10.2586,10.545,238613148
2006-07-12,10.4836,10.4997,10.3505,10.3634,196071732
2006-07-13,10.2827,10.3905,10.1046,10.1543,276703020
2006-07-14,10.1915,10.2203,9.9004,10.0219,301781916
2006-07-17,10.0499,10.2082,10.0273,10.1309,232243524
2006-07-18,10.1771,10.1975,9.8788,10.0107,341130528
2006-07-19,9.811,9.9633,9.8023,9.9101,340399260
2006-07-20,10.0412,10.0452,9.5788,9.615,501046452
2006-07-21,9.5907,9.73,9.3808,9.6893,469713816
2006-07-24,9.7566,9.7832,9.4683,9.7089,323120556
2006-07-25,9.5629,9.7191,9.5326,9.6707,230213556
2006-07-26,9.6419,9.734,9.5127,9.5748,221054724
2006-07-27,9.6212,9.6242,9.3873,9.4978,225418356
2006-07-28,9.4879,9.6756,9.4812,9.6399,163180656
2006-07-31,9.6369,9.666,9.5204,9.6021,183628188
2006-08-01,9.5651,9.5815,9.3267,9.3267,218309472
2006-08-02,9.3289,9.3679,9.0706,9.121,283628088
2006-08-03,9.0651,9.3863,9.0249,9.3237,252826920
2006-08-04,9.4273,9.4551,9.2333,9.2854,203604192
2006-08-07,9.2271,9.4315,9.2184,9.3873,157718124
2006-08-08,9.5082,9.55,9.4156,9.463,229498272
2006-08-09,9.5077,9.5544,9.3478,9.3622,172267560
2006-08-10,9.2862,9.3803,9.2509,9.2941,170305524
2006-08-11,9.2991,9.321,9.1401,9.1526,150509340
2006-08-14,9.2271,9.3172,9.1568,9.1757,198533268
2006-08-15,9.2919,9.4797,9.2544,9.4623,267660072
2006-08-16,9.5246,9.6481,9.4909,9.6299,233893872
2006-08-17,9.5969,9.6866,9.5356,9.5823,203004792
2006-08-18,9.5949,9.6143,9.4568,9.5217,197889912
2006-08-21,9.391,9.4134,9.3195,9.3711,160771068
2006-08-22,9.3818,9.4198,9.31,9.3957,166397436
2006-08-23,9.3796,9.3952,9.2559,9.275,145546308
2006-08-24,9.3001,9.3488,9.246,9.2825,139160700
2006-08-25,9.2663,9.322,9.2519,9.2708,98569332
2006-08-28,9.3292,9.4618,9.314,9.4618,166393440
2006-08-29,9.4576,9.4958,9.3687,9.4121,178221600
2006-08-30,9.4186,9.5537,9.4012,9.4568,161614224
2006-08-31,9.4752,9.4916,9.3935,9.4017,118277604
2006-09-01,9.4628,9.47,9.3684,9.4034,106809084
2006-09-05,9.435,9.5723,9.3746,9.5465,162809028
2006-09-06,9.4904,9.5174,9.4298,9.4417,148815036
2006-09-07,9.423,9.4817,9.3736,9.4007,153526320
2006-09-08,9.3567,9.4578,9.3567,9.3848,123212664
2006-09-11,9.395,9.5547,9.3828,9.5398,180986832
2006-09-12,9.5624,9.7544,9.5594,9.7338,217470312
2006-09-13,9.8145,10.1028,9.8132,10.0981,390337272
2006-09-14,10.0417,10.0909,9.9829,10.0338,214429356
2006-09-15,10.1207,10.1846,10.1023,10.1803,313214472
2006-09-18,10.1833,10.3992,10.1702,10.2998,283983732
2006-09-19,10.3189,10.3197,9.7546,10.0296,571144284
2006-09-20,10.1113,10.1185,9.8013,9.8604,365546088
2006-09-21,9.9424,10.1448,9.9315,10.1051,427256316
2006-09-22,10.0586,10.12,9.9687,10.0288,185798016
2006-09-25,10.0735,10.1697,9.997,10.0338,229262508
2006-09-26,10.0716,10.1257,9.9789,10.1056,211364424
2006-09-27,10.0914,10.2136,9.9938,10.0075,234832932
2006-09-28,10.0363,10.1083,9.9484,10.0239,204091704
2006-09-29,10.0624,10.0745,9.97,9.9821,132303564
2006-10-02,9.9821,10.084,9.9548,9.9707,145929924
2006-10-03,9.967,10.0954,9.89,10.0353,218369412
2006-10-04,10.0584,10.3266,10.0107,10.3249,266205528
2006-10-05,10.3001,10.388,10.2047,10.2283,231360408
2006-10-06,10.1888,10.4791,10.1771,10.4441,293166540
2006-10-09,10.5509,10.7285,10.5166,10.6552,303028668
2006-10-10,10.7188,10.875,10.4911,10.5969,391152456
2006-10-11,10.5564,10.6778,10.5251,10.5931,225190584
2006-10-12,10.6443,10.6721,10.531,10.6165,193566240
2006-10-13,10.6244,10.6676,10.5698,10.613,144755100
2006-10-16,10.6229,10.6602,10.465,10.4752,172603224
2006-10-17,10.4391,10.5248,10.3497,10.4476,208231560
2006-10-18,10.506,10.5497,10.3696,10.4146,240451308
2006-10-19,10.4374,10.6676,10.421,10.5822,459679860
2006-10-20,11.4001,11.4277,11.266,11.417,465450084
2006-10-23,11.4818,12.0372,11.4344,11.9413,603575820
2006-10-24,11.8295,11.8688,11.7086,11.7558,346061592
2006-10-25,11.8596,12.1331,11.8005,12.0859,367132500
2006-10-26,12.1127,12.219,12.0262,12.0486,280986732
2006-10-27,12.0188,12.0521,11.7354,11.8027,263895840
2006-10-30,11.7933,11.9334,11.6738,11.8367,262261476
2006-10-31,11.8737,11.9756,11.7689,11.8323,251164584
2006-11-01,11.8911,11.9003,11.5558,11.6115,216834948
2006-11-02,11.6115,11.7662,11.5836,11.6713,209258532
2006-11-03,11.7289,11.7667,11.5509,11.7183,196111692
2006-11-06,11.7672,11.9135,11.7314,11.8462,199460340
2006-11-07,11.8462,11.8976,11.7175,11.7374,195688116
2006-11-08,11.6823,11.9652,11.6388,11.7977,318281400
2006-11-09,11.835,11.9093,11.7198,11.7389,194972832
2006-11-10,11.7674,11.7908,11.6808,11.7617,111756132
2006-11-13,11.7953,11.951,11.7764,11.9475,173502324
2006-11-14,11.9393,12.1691,11.9344,12.1529,288647064
2006-11-15,12.2555,12.415,12.2182,12.2182,334493172
2006-11-16,12.2945,12.3611,12.2339,12.3168,203500296
2006-11-17,12.251,12.4102,12.2448,12.3886,220219560
2006-11-20,12.3789,12.3789,12.2361,12.2957,204775020
2006-11-21,12.3327,12.6671,12.3151,12.6584,336762900
2006-11-22,12.6911,12.7416,12.5622,12.6176,179847972
2006-11-24,12.5304,12.605,12.518,12.5429,69238692
2006-11-27,12.4527,12.4629,12.0399,12.0399,292695012
2006-11-28,11.95,12.1668,11.8482,12.1579,311592096
2006-11-29,12.2756,12.288,11.9778,12.0374,252359388
2006-11-30,12.026,12.1802,11.9604,12.0414,222876900
2006-12-01,12.0705,12.1303,11.8847,11.9418,225030744
2006-12-04,11.9964,12.1065,11.9058,12.0424,195800004
2006-12-05,12.1057,12.1564,12.0434,12.0958,163955880
2006-12-06,12.0948,12.2299,12.0342,12.1383,177833988
2006-12-07,12.176,12.215,11.982,11.9875,186385428
2006-12-08,11.9701,12.1355,11.9219,12.024,158837004
2006-12-11,12.0441,12.143,12.0163,12.0195,130405464
2006-12-12,12.0176,12.0799,11.9289,11.9661,167072760
2006-12-13,12.0384,12.0585,11.8479,11.8968,186297516
2006-12-14,11.9281,12.0151,11.8539,11.9746,189766044
2006-12-15,11.9875,12.024,11.918,11.9294,207424368
2006-12-18,11.9843,11.99,11.4431,11.4947,320343336
2006-12-19,11.4679,11.6564,11.3879,11.6395,263216520
2006-12-20,11.6736,11.7108,11.4831,11.4972,174537288
2006-12-21,11.529,11.5556,11.2349,11.3308,277853868
2006-12-22,11.3631,11.3914,11.2446,11.3154,159372468
2006-12-26,11.3388,11.412,11.2908,11.3638,82889028
2006-12-27,11.4252,11.6259,11.4028,11.6246,169090740
2006-12-28,11.602,11.6383,11.4811,11.4888,124523352
2006-12-29,11.4773,11.5362,11.4217,11.4371,102265632
2007-01-03,11.5742,11.839,11.4528,11.6137,307951740
2007-01-04,11.6487,12.02,11.6326,12.0029,315188496
2007-01-05,11.984,12.1082,11.875,12.1005,274609116
2007-01-08,12.1129,12.1671,11.9766,12.0109,189985824
2007-01-09,12.0573,12.1268,11.9517,12.0585,215040744
2007-01-10,12.032,12.2585,11.9726,12.1569,238501260
2007-01-11,12.3491,12.4621,12.3238,12.4117,288039672
2007-01-12,12.4681,12.5429,12.4187,12.5429,178769052
2007-01-16,12.6062,12.7416,12.5006,12.525,302453244
2007-01-17,12.5029,12.6117,12.2791,12.3511,267696036
2007-01-18,12.2826,12.3313,12.1065,12.1164,237042720
2007-01-19,12.1201,12.1892,12.0893,12.1641,198932868
2007-01-22,12.2324,12.2361,11.8847,11.9428,215955828
2007-01-23,11.9416,12.0399,11.8546,11.8983,186433380
2007-01-24,12.0325,12.4073,12.0036,12.3956,242129628
2007-01-25,12.4435,12.5304,12.0625,12.1229,254485260
2007-01-26,12.1934,12.3665,12.0965,12.3154,219640140
2007-01-29,12.369,12.3876,12.1827,12.2317,190836972
2007-01-30,12.2697,12.369,12.2006,12.2776,167052780
2007-01-31,12.3315,12.5429,12.3072,12.4559,487755756
2007-02-01,12.5677,12.568,11.9599,11.9654,625721652
2007-02-02,11.9868,12.0461,11.8675,11.9592,251208540
2007-02-05,11.8598,11.8723,11.5789,11.603,287987724
2007-02-06,11.6264,11.7555,11.6055,11.7103,212663124
2007-02-07,11.7684,11.7816,11.6433,11.6738,164627208
2007-02-08,11.6251,11.7667,11.5531,11.6991,162904932
2007-02-09,11.7145,11.7401,11.4624,11.4721,194149656
2007-02-12,11.4421,11.4845,11.3015,11.3827,229949820
2007-02-13,11.4041,11.4942,11.3571,11.4028,162341496
2007-02-14,11.4252,11.652,11.4058,11.5725,227724048
2007-02-15,11.5742,11.5774,11.4431,11.4617,161534304
2007-02-16,11.4947,11.6773,11.4764,11.6721,246832920
2007-02-20,11.6356,11.7419,11.5422,11.7257,162541296
2007-02-21,11.6696,11.8891,11.6174,11.8191,225398376
2007-02-22,11.8894,12.0272,11.7826,11.8189,229526244
2007-02-23,11.8164,11.8462,11.6189,11.689,155148696
2007-02-26,11.7439,11.804,11.5183,11.5476,158637204
2007-02-27,11.301,11.4202,11.1065,11.1463,372139488
2007-02-28,11.187,11.268,11.0039,11.1632,320970708
2007-03-01,10.9948,11.2369,10.9284,11.1328,347060592
2007-03-02,11.0554,11.1445,10.8957,10.8957,263080656
2007-03-05,10.8544,11.065,10.8539,10.952,253949796
2007-03-06,11.114,11.4003,11.1117,11.3643,301046652
2007-03-07,11.492,11.5032,11.2834,11.3169,261102636
2007-03-08,11.4058,11.5618,11.2786,11.294,214297488
2007-03-09,11.3755,11.3854,11.1793,11.2503,198908892
2007-03-12,11.2406,11.3072,11.2044,11.2948,138477384
2007-03-13,11.1795,11.2248,10.9987,11.0037,254836908
2007-03-14,11.0087,11.1435,10.9036,11.1271,320355324
2007-03-15,11.1237,11.1723,11.0263,11.0822,157610232
2007-03-16,11.0688,11.0949,10.9257,10.9496,226137636
2007-03-19,11.0092,11.1396,10.9441,11.108,207700092
2007-03-20,11.0722,11.1172,11.0179,11.0596,136723140
2007-03-21,11.0601,11.34,11.0578,11.3395,231700068
2007-03-22,11.3162,11.4791,11.2397,11.4759,227000772
2007-03-23,11.4612,11.5094,11.3527,11.4706,164287548
2007-03-26,11.4388,11.5494,11.3164,11.5494,188223588
2007-03-27,11.5134,11.5551,11.4336,11.5151,149498352
2007-03-28,11.4716,11.5603,11.4289,11.4719,183480336
2007-03-29,11.5382,11.5742,11.301,11.448,159380460
2007-03-30,11.4773,11.5096,11.3293,11.3795,135072792
2007-04-02,11.3696,11.3887,11.2295,11.3887,137802060
2007-04-03,11.5258,11.7791,11.5245,11.7381,259811928
2007-04-04,11.7267,11.7481,11.6631,11.6989,151000848
2007-04-05,11.7058,11.7255,11.6641,11.7111,108523368
2007-04-09,11.7476,11.7481,11.564,11.6291,122361516
2007-04-10,11.6013,11.6932,11.5533,11.5866,119052828
2007-04-11,11.5757,11.6587,11.49,11.5377,152327520
2007-04-12,11.5245,11.6239,11.4808,11.6087,108207684
2007-04-13,11.6351,11.643,11.5086,11.5814,111680208
2007-04-16,11.6353,11.8472,11.6276,11.7796,202912884
2007-04-17,11.7679,11.8323,11.7133,11.7431,128275596
2007-04-18,11.7049,11.9195,11.6619,11.8228,226593180
2007-04-19,11.7853,11.9704,11.6634,11.7145,439943616
2007-04-20,12.1832,12.2324,11.9721,11.9835,485973540
2007-04-23,11.9244,12.0461,11.8787,11.8991,226757016
2007-04-24,11.8874,11.9214,11.8114,11.8606,147640212
2007-04-25,11.9219,11.956,11.8253,11.872,158513328
2007-04-26,11.8747,12.0325,11.8502,11.9512,164831004
2007-04-27,11.9237,11.9815,11.8805,11.8973,116910972
2007-04-30,11.9008,11.9555,11.7078,11.7078,145502352
2007-05-01,11.728,11.7434,11.5288,11.6487,146181672
2007-05-02,11.64,11.7004,11.5675,11.5687,122385492
2007-05-03,11.5797,11.7746,11.5566,11.7538,143624232
2007-05-04,11.6765,11.7938,11.5712,11.7014,157842000
2007-05-07,11.7267,11.7436,11.5859,11.6058,120683196
2007-05-08,11.5774,11.6281,11.5427,11.5943,116087796
2007-05-09,11.5779,11.7165,11.5216,11.6549,155440404
2007-05-10,11.6,11.6609,11.4505,11.4617,147304548
2007-05-11,11.4706,11.599,11.45,11.5926,117646236
2007-05-14,11.5613,11.6117,11.4252,11.4694,154753092
2007-05-15,11.4739,11.4883,11.3609,11.3755,164595240
2007-05-16,11.4749,11.7515,11.4008,11.7384,261905832
2007-05-17,11.7347,11.8032,11.6937,11.6974,186237576
2007-05-18,11.724,11.7406,11.6674,11.6815,147688164
2007-05-21,11.6619,11.9021,11.5921,11.6885,246125628
2007-05-22,11.7481,11.8973,11.7481,11.8191,153406440
2007-05-23,11.9423,12.0066,11.7667,11.7722,202205592
2007-05-24,11.8015,11.9021,11.7108,11.7811,166777056
2007-05-25,11.9145,12.0449,11.8541,12.0094,213726060
2007-05-29,12.0461,12.215,12.0213,12.0985,208511280
2007-05-30,12.0337,12.3899,11.9964,12.3839,289542168
2007-05-31,12.4326,12.6368,12.3457,12.3668,356615028
2007-06-01,12.4435,12.5434,12.3673,12.4286,191768040
2007-06-04,12.3668,12.6797,12.3588,12.5943,283755960
2007-06-05,12.6608,12.8906,12.5829,12.8866,417466116
2007-06-06,12.8347,12.9348,12.7977,12.872,315152532
2007-06-07,12.9092,13.0769,12.7294,12.7927,424794780
2007-06-08,12.821,12.9065,12.6536,12.8034,254073672
2007-06-11,12.7669,12.872,12.6671,12.7003,185722092
2007-06-12,12.635,12.7085,12.4974,12.5372,256523220
2007-06-13,12.5948,12.6308,12.3861,12.5488,281078640
2007-06-14,12.5523,12.5647,12.4609,12.4892,184663152
2007-06-15,12.6221,12.6422,12.4492,12.565,246717036
2007-06-18,12.5722,12.8161,12.524,12.7962,193242564
2007-06-19,12.7667,12.8471,12.7053,12.7741,174037788
2007-06-20,12.8399,12.8844,12.6437,12.6663,173354472
2007-06-21,12.6914,12.7984,12.5747,12.7691,176211612
2007-06-22,12.8265,13.0394,12.8186,13.0391,287859852
2007-06-25,13.1385,13.2877,12.9994,13.0997,316683000
2007-06-26,13.2316,13.2433,13.0704,13.1703,227352420
2007-06-27,13.0396,13.1139,12.9045,13.0717,244679076
2007-06-28,13.0366,13.1514,13.0098,13.0399,166569264
2007-06-29,13.0649,13.0992,12.902,12.9825,155068776
2007-07-02,13.0518,13.2098,13.0197,13.1732,139364496
2007-07-03,13.1901,13.2731,13.1017,13.2716,74797128
2007-07-05,13.3019,13.5215,13.2172,13.4527,197518284
2007-07-06,13.4432,13.5083,13.3806,13.3973,109770120
2007-07-09,13.4867,13.6293,13.4186,13.4758,149042808
2007-07-10,13.5063,13.586,13.4532,13.4951,154085760
2007-07-11,13.5018,13.5736,13.4124,13.5232,132239628
2007-07-12,13.5577,13.594,13.4176,13.5446,137526336
2007-07-13,13.6086,13.7269,13.5922,13.7142,209274516
2007-07-16,13.668,13.8737,13.6434,13.7348,263716020
2007-07-17,13.7857,13.8525,13.7197,13.7847,172970856
2007-07-18,13.7572,13.7723,13.5068,13.6481,242956800
2007-07-19,13.7465,13.748,13.4678,13.6255,444642912
2007-07-20,12.7142,12.9944,12.6546,12.9184,710181108
2007-07-23,12.8908,12.9154,12.7205,12.7294,254013732
2007-07-24,12.6497,12.8829,12.5953,12.7664,222661116
2007-07-25,12.8404,12.8414,12.5568,12.6611,221578200
2007-07-26,12.6358,12.7314,12.3909,12.6174,275060664
2007-07-27,12.6305,12.8315,12.5553,12.714,220143636
2007-07-30,12.7396,12.899,12.6795,12.8188,158373468
2007-07-31,12.9211,12.9264,12.6671,12.6671,170649180
2007-08-01,12.6795,12.8287,12.6209,12.7401,176950872
2007-08-02,12.7594,12.791,12.6422,12.6921,126069804
2007-08-03,12.6683,12.7465,12.4932,12.4932,126920952
2007-08-06,12.4932,12.6708,12.4808,12.6671,145913940
2007-08-07,12.6608,12.9124,12.6432,12.8166,170401428
2007-08-08,12.899,13.059,12.8432,13.059,162589248
2007-08-09,12.9353,13.0848,12.7821,12.7845,193666140
2007-08-10,12.6715,12.8836,12.5585,12.8099,234772992
2007-08-13,12.904,12.9092,12.7423,12.8037,127044828
2007-08-14,12.8091,12.8509,12.6174,12.6323,145202652
2007-08-15,12.6422,12.709,12.337,12.3578,216163620
2007-08-16,12.2205,12.33,11.9334,12.2081,345478176
2007-08-17,12.3551,12.4435,12.2113,12.4197,218956824
2007-08-20,12.4798,12.4823,12.3193,12.367,107784108
2007-08-21,12.3924,12.6214,12.3633,12.5829,144279576
2007-08-22,12.6661,12.8223,12.6484,12.7354,129977892
2007-08-23,12.8161,12.8193,12.5925,12.7214,122944932
2007-08-24,12.7319,12.8049,12.6298,12.7912,98809092
2007-08-27,12.7771,12.8521,12.7018,12.748,92910996
2007-08-28,12.7051,12.7907,12.5625,12.5776,130825044
2007-08-29,12.6134,12.749,12.5983,12.7386,101870028
2007-08-30,12.7257,12.8012,12.6815,12.7018,105961932
2007-08-31,12.744,12.8285,12.7036,12.7974,118984896
2007-09-04,12.7917,13.1141,12.7818,13.0433,147600252
2007-09-05,12.9999,13.1509,12.9713,13.1092,132383484
2007-09-06,13.1479,13.1596,12.8717,13.0029,144890964
2007-09-07,12.8623,12.9462,12.8359,12.8993,146397456
2007-09-10,12.9472,12.9668,12.6889,12.7783,128902968
2007-09-11,12.8407,12.9564,12.8094,12.9485,108035856
2007-09-12,12.9286,13.1136,12.8906,12.9812,119320560
2007-09-13,13.0163,13.0945,12.9954,13.0342,75568356
2007-09-14,12.9949,13.1705,12.9706,13.1328,110485404
2007-09-17,13.0776,13.1459,13.0165,13.0471,87812100
2007-09-18,13.0774,13.3439,13.0215,13.2947,168459372
2007-09-19,13.394,13.6469,13.3839,13.5823,220854924
2007-09-20,13.586,13.8294,13.5619,13.7308,220779000
2007-09-21,13.818,13.9285,13.7308,13.9114,320147532
2007-09-24,13.9338,14.1936,13.9089,14.1081,211668120
2007-09-25,14.0083,14.1464,13.98,14.1325,109114776
2007-09-26,14.1672,14.2018,14.0036,14.1116,133710156
2007-09-27,14.2003,14.2005,14.0525,14.0952,82169748
2007-09-28,14.0828,14.1461,14.0113,14.0895,105474420
2007-10-01,14.1566,14.5137,14.1476,14.469,188263548
2007-10-02,14.4896,14.8232,14.4059,14.5147,282417300
2007-10-03,14.5609,14.629,14.4146,14.5055,155024820
2007-10-04,14.5321,14.5321,14.3326,14.3816,119348532
2007-10-05,14.5823,14.8031,14.5798,14.7546,202545252
2007-10-08,14.7782,15.1572,14.7522,15.1414,200918880
2007-10-09,15.2777,15.493,15.1108,15.2794,350361288
2007-10-10,15.4329,15.5402,15.3197,15.533,215208576
2007-10-11,15.7379,15.9309,15.126,15.4488,471488040
2007-10-12,15.498,15.8562,15.3554,15.8311,272675052
2007-10-15,15.8579,15.8924,15.2886,15.4019,277474248
2007-10-16,15.3617,15.5462,15.2002,15.2998,240770988
2007-10-17,15.6587,15.7469,15.4387,15.734,240978780
2007-10-18,15.7819,15.9299,15.6103,15.8865,491076432
2007-10-19,16.2575,16.3552,15.9761,16.0129,630928440
2007-10-22,15.8629,16.2685,15.8035,16.1629,266309424
2007-10-23,16.4237,16.8298,16.3927,16.7843,271476252
2007-10-24,16.7083,16.8266,16.3817,16.7856,295871832
2007-10-25,16.8566,16.8638,16.4808,16.604,231588180
2007-10-26,16.7411,16.8035,16.5928,16.7553,134021844
2007-10-29,16.834,16.8894,16.6929,16.8703,122529348
2007-10-30,16.8276,17.3839,16.8276,17.2563,275747976
2007-10-31,17.4033,17.56,17.2878,17.56,274796928
2007-11-01,17.4554,17.7269,17.4304,17.4659,260826912
2007-11-02,17.6472,17.7234,17.3201,17.6656,233426340
2007-11-05,17.5598,18.137,17.5369,18.0232,354992652
2007-11-06,18.319,18.4241,18.0071,18.4241,337114548
2007-11-07,18.4077,18.5595,17.9609,18.2043,330609060
2007-11-08,18.2455,18.2527,16.8194,17.2332,659827512
2007-11-09,16.7846,16.9361,16.4227,16.4913,455068476
2007-11-12,16.3365,16.6393,15.5534,15.699,408682908
2007-11-13,16.0199,16.4155,15.699,16.4063,337478184
2007-11-14,16.7225,16.7774,15.8033,15.9376,323464212
2007-11-15,15.8604,16.0822,15.4985,15.6388,278429292
2007-11-16,15.7454,15.7839,15.3003,15.7377,361350288
2007-11-19,15.6374,15.8157,15.3619,15.5445,220874904
2007-11-20,15.8085,16.3703,15.7188,16.108,393230376
2007-11-21,15.9895,16.6403,15.9476,16.4056,280259460
2007-11-23,16.641,16.8467,16.5941,16.8074,109438452
2007-11-26,16.8944,17.2222,16.5168,16.5417,271332396
2007-11-27,16.7603,16.8007,16.1507,16.7297,355823820
2007-11-28,16.9418,17.2446,16.6942,17.1939,316343340
2007-11-29,17.1564,17.4554,17.0824,17.3116,248071680
2007-11-30,17.6594,17.6609,16.9418,17.2123,315504180
2007-12-03,17.1629,17.262,16.9177,16.9274,172830996
2007-12-04,16.8474,17.1875,16.8179,16.9927,169102728
2007-12-05,17.2056,17.3596,17.0757,17.3491,168215616
2007-12-06,17.3315,17.7975,17.3119,17.7652,196163640
2007-12-07,17.7585,17.8332,17.6469,17.7555,153929916
2007-12-10,17.7833,18.0021,17.7339,17.8437,154093752
2007-12-11,17.8814,17.9075,17.3559,17.3663,245318436
2007-12-12,17.7339,17.7418,17.1005,17.37,246117636
2007-12-13,17.2945,17.327,16.9195,17.2384,201430368
2007-12-14,17.0759,17.3787,17.0697,17.1368,146793060
2007-12-17,17.0881,17.2724,16.4838,16.6219,219220560
2007-12-18,16.7444,16.8077,16.2064,16.7242,286381332
2007-12-19,16.7456,16.877,16.6162,16.8241,176667156
2007-12-20,17.0342,17.1626,16.9046,17.1301,176711112
2007-12-21,17.3335,17.3678,17.2183,17.3039,215064720
2007-12-24,17.2617,17.4043,17.2138,17.4043,65070864
2007-12-26,17.3611,17.7145,17.3417,17.6554,101098800
2007-12-27,17.5618,17.7835,17.4045,17.4045,117582300
2007-12-28,17.5086,17.5836,17.3002,17.449,102405492
2007-12-31,17.3506,17.448,17.1522,17.1745,94952952
2008-01-02,17.2091,17.3208,16.833,17.0183,172103724
2008-01-03,17.02,17.0595,16.803,17.0218,129969900
2008-01-04,16.8817,16.9132,16.2685,16.3181,214177608
2008-01-07,16.2421,16.4493,15.8301,16.1257,255879864
2008-01-08,16.2188,16.3917,15.6724,15.6893,213350436
2008-01-09,15.6485,16.2272,15.4615,16.2238,269318412
2008-01-10,16.0203,16.3231,15.8986,16.0631,253114632
2008-01-11,15.963,16.1311,15.6503,15.8524,198880920
2008-01-14,16.1726,16.3281,16.0263,16.2392,177722100
2008-01-15,16.0425,16.1207,15.7812,15.8375,222505272
2008-01-16,15.622,15.8957,14.9504,15.2986,421977600
2008-01-17,15.418,15.5417,14.853,14.922,328343328
2008-01-18,15.1101,15.1505,14.8639,14.9086,341242416
2008-01-22,13.9593,14.8403,13.9387,14.5137,379679940
2008-01-23,13.9266,14.1076,12.8906,13.6263,677949372
2008-01-24,13.8791,14.398,13.7634,14.2688,375659964
2008-01-25,14.699,14.7782,14.0624,14.0679,278361360
2008-01-28,14.1814,14.2129,13.6258,13.8091,232435332
2008-01-29,13.9206,13.942,13.4288,13.6735,251068680
2008-01-30,13.6404,13.9196,13.4994,13.6176,317266416
2008-01-31,13.3876,14.2318,13.2704,14.0157,594257148
2008-02-01,13.1308,13.3295,12.6671,12.8136,703315980
2008-02-04,12.644,12.7361,12.2336,12.3052,525757716
2008-02-05,12.1561,12.6422,12.1335,12.5876,447683868
2008-02-06,12.6954,12.6961,12.3673,12.4612,305150544
2008-02-07,12.3407,12.7711,12.2885,12.5416,316838844
2008-02-08,12.6524,12.859,12.6348,12.8332,272882844
2008-02-11,12.9283,13.0076,12.7515,12.9442,232806960
2008-02-12,12.9996,13.1787,12.7423,12.868,266225508
2008-02-13,12.9775,13.2877,12.8829,13.2786,264723012
2008-02-14,13.3712,13.438,13.1886,13.2197,258808932
2008-02-15,13.1218,13.2299,13.023,13.1549,209394396
2008-02-19,13.2865,13.2895,12.5801,12.641,253761984
2008-02-20,12.5059,12.6921,12.3894,12.6422,266221512
2008-02-21,12.7378,12.7468,12.4063,12.4897,226884888
2008-02-22,12.4698,12.6422,12.3578,12.6124,220415364
2008-02-25,12.5665,12.5801,12.0645,12.0819,334577088
2008-02-26,11.455,11.5859,11.0986,11.5293,930560508
2008-02-27,11.4284,11.8099,11.4162,11.7446,404471124
2008-02-28,11.686,11.8993,11.608,11.8074,263212524
2008-02-29,11.72,11.9155,11.5407,11.7029,376638984
2008-03-03,11.7111,11.7411,11.1795,11.3512,301877820
2008-03-04,11.2004,11.2603,10.8236,11.0427,544323132
2008-03-05,11.0588,11.2804,11.0278,11.1197,297166536
2008-03-06,11.1194,11.2588,10.7094,10.7471,298505196
2008-03-07,10.6522,10.9284,10.5867,10.7633,322549128
2008-03-10,10.651,10.7049,10.2588,10.2732,319184496
2008-03-11,10.5623,10.9322,10.5472,10.9245,352722924
2008-03-12,10.9287,11.1242,10.8805,10.9329,265809924
2008-03-13,10.7464,11.1018,10.6498,11.0032,308754936
2008-03-14,11.0025,11.1604,10.6955,10.8768,262713024
2008-03-17,10.6301,10.7722,10.2357,10.4285,315212472
2008-03-18,10.6547,10.9493,10.569,10.9076,289198512
2008-03-19,10.956,11.1147,10.7215,10.7297,246912840
2008-03-20,10.6135,10.8216,10.3696,10.7682,396139464
2008-03-24,10.8894,11.5687,10.8718,11.4391,270269460
2008-03-25,11.3621,11.3623,11.0775,11.1962,233030736
2008-03-26,11.2411,11.4965,11.1592,11.3802,208818972
2008-03-27,11.0775,11.1423,10.9406,11.0298,233054712
2008-03-28,11.1137,11.2655,10.7871,10.8808,174872952
2008-03-31,10.8201,10.9953,10.73,10.9401,177678144
2008-04-01,11.1207,11.5866,11.0991,11.567,243480276
2008-04-02,11.6711,11.8161,11.4349,11.5668,239720040
2008-04-03,11.4682,11.5069,11.1304,11.304,270864864
2008-04-04,11.3509,11.868,11.3308,11.7006,235652112
2008-04-07,11.8482,12.057,11.7612,11.8429,237502260
2008-04-08,11.7491,11.7764,11.4751,11.6192,181698120
2008-04-09,11.652,11.7232,11.3641,11.5293,241682076
2008-04-10,11.5484,11.7694,11.4711,11.6507,202693104
2008-04-11,11.5263,11.6055,11.3012,11.3619,166621212
2008-04-14,11.3546,11.3619,11.1805,11.218,153550296
2008-04-15,11.3787,11.4182,11.0208,11.0983,182920896
2008-04-16,11.0377,11.3825,10.9533,11.3017,304922772
2008-04-17,11.3166,11.4095,11.0904,11.1654,533585880
2008-04-18,13.2932,13.6034,13.0339,13.3975,728694576
2008-04-21,13.397,13.4765,13.171,13.3573,297290412
2008-04-22,13.3518,13.9295,13.3516,13.7847,317222460
2008-04-23,13.8578,13.8918,13.4358,13.5734,196663140
2008-04-24,13.6926,13.7721,13.4127,13.4877,165238596
2008-04-25,13.6362,13.7351,13.48,13.513,166409424
2008-04-28,13.5582,13.8297,13.3873,13.7132,160183656
2008-04-29,13.6812,13.9934,13.6608,13.8709,173666160
2008-04-30,13.9638,14.5264,13.8709,14.2638,315803880
2008-05-01,14.3637,14.7765,14.3304,14.7305,263847888
2008-05-02,14.8649,14.9633,14.3883,14.4377,279672048
2008-05-05,14.8741,14.8776,14.5828,14.7757,250988760
2008-05-06,14.6789,14.7037,14.4802,14.5636,184986828
2008-05-07,14.6607,14.8897,14.317,14.3808,264255480
2008-05-08,14.5597,14.6367,14.3786,14.4804,204711084
2008-05-09,14.3808,14.5299,14.1896,14.2368,179216604
2008-05-12,14.2753,14.5733,14.1302,14.5284,194361444
2008-05-13,14.5604,14.6031,14.3697,14.4802,206333460
2008-05-14,14.5669,14.6836,14.2877,14.3138,174856968
2008-05-15,14.3808,14.4789,14.2966,14.4305,173534292
2008-05-16,14.4412,14.5219,14.3639,14.4074,170793036
2008-05-19,14.3697,14.6262,14.2447,14.3441,223955820
2008-05-20,14.2723,14.4673,14.2296,14.3709,132411456
2008-05-21,14.3689,14.4407,13.6081,13.6603,258465276
2008-05-22,13.709,13.7651,13.4184,13.6471,202848948
2008-05-23,13.585,13.7351,13.3578,13.5269,177082740
2008-05-27,13.5354,13.9735,13.5078,13.9313,154465380
2008-05-28,14.1061,14.1943,13.9362,14.1136,161853984
2008-05-29,14.2763,14.5517,14.2368,14.4802,193606200
2008-05-30,14.4919,14.6521,14.438,14.5497,128878992
2008-06-02,14.4678,14.5023,14.1888,14.2815,146821032
2008-06-03,14.3187,14.4181,13.9241,14.0902,172039788
2008-06-04,14.0413,14.356,14.0219,14.2124,134393472
2008-06-05,14.3331,14.6054,14.3115,14.5621,156511332
2008-06-06,14.3995,14.4236,14.0828,14.0828,189190620
2008-06-09,14.1091,14.1573,13.5463,13.856,211320468
2008-06-10,13.6496,13.8796,13.5806,13.7641,146149704
2008-06-11,13.8155,13.8429,13.5229,13.5413,152363484
2008-06-12,13.6298,13.8592,13.5831,13.7338,219444336
2008-06-13,13.9459,14.2989,13.9422,14.1948,247128624
2008-06-16,14.0704,14.3833,14.0704,14.2271,141570288
2008-06-17,14.315,14.3577,14.1171,14.1439,138377484
2008-06-18,14.0209,14.1322,13.8881,13.968,135112752
2008-06-19,13.7934,14.0028,13.6807,13.9139,227096676
2008-06-20,13.8339,13.8339,13.5242,13.5719,239084676
2008-06-23,13.5453,13.7388,13.4623,13.5416,145290564
2008-06-24,13.5398,13.6901,13.2905,13.4693,186717096
2008-06-25,13.5356,13.8543,13.5033,13.6854,164723112
2008-06-26,13.514,13.5346,13.1206,13.1345,226153620
2008-06-27,13.1062,13.1638,12.7935,13.1159,217682100
2008-06-30,13.2252,13.3625,12.9914,13.0749,150461388
2008-07-01,12.905,13.3307,12.8409,13.2813,198197604
2008-07-02,13.3255,13.4216,13.0659,13.0903,168751080
2008-07-03,13.1857,13.393,13.1017,13.3377,95923980
2008-07-07,13.4693,13.6357,13.3029,13.5093,170037792
2008-07-08,13.5609,13.7895,13.4122,13.7731,197098704
2008-07-09,13.6794,13.8016,13.4303,13.4507,165993840
2008-07-10,13.5364,13.6481,13.1817,13.4263,173094732
2008-07-11,13.3252,13.3998,12.9013,13.2582,199056744
2008-07-14,13.3873,13.4137,12.8024,12.9557,176815008
2008-07-15,12.823,13.1017,12.446,12.8183,242597160
2008-07-16,12.7674,13.3252,12.682,13.3029,189498312
2008-07-17,13.2671,13.3389,13.0272,13.2492,351144504
2008-07-18,12.3777,12.3933,11.877,11.9547,451244304
2008-07-21,11.9438,12.0235,11.5668,11.6438,235823940
2008-07-22,11.5921,11.9281,11.5643,11.8502,187472340
2008-07-23,11.9619,12.3499,11.8747,12.1509,195568236
2008-07-24,12.3367,12.3409,11.8131,11.8131,141494364
2008-07-25,12.0831,12.248,11.9592,12.2195,127212660
2008-07-28,12.2222,12.2222,11.801,11.8504,126273600
2008-07-29,11.9045,12.1023,11.8723,11.9992,111999888
2008-07-30,12.0585,12.0715,11.7434,11.989,139488372
2008-07-31,11.7868,11.944,11.7093,11.7667,114489396
2008-08-01,11.7359,11.7535,11.4873,11.6204,120195684
2008-08-04,11.6269,11.7483,11.4724,11.4997,99380520
2008-08-05,11.6137,11.9239,11.5824,11.9182,143236620
2008-08-06,11.8814,12.1646,11.7359,12.0794,134896968
2008-08-07,11.9716,12.0213,11.8328,11.9001,110841048
2008-08-08,11.9257,12.3131,11.8149,12.2947,149422428
2008-08-11,12.2317,12.6392,12.2145,12.4395,169402428
2008-08-12,12.4684,12.5709,12.369,12.4835,110117772
2008-08-13,12.4584,12.5066,12.2667,12.4194,144874980
2008-08-14,12.3616,12.6077,12.3265,12.555,116627256
2008-08-15,12.5923,12.6834,12.5553,12.6708,141686172
2008-08-18,12.6631,12.6671,12.3072,12.3765,133222644
2008-08-19,12.181,12.376,12.0866,12.1827,121738140
2008-08-20,12.2875,12.3365,11.9858,12.0461,159124716
2008-08-21,11.9945,12.1678,11.9038,12.0841,140423436
2008-08-22,12.2076,12.2915,12.1574,12.185,91796112
2008-08-25,12.0737,12.3442,11.9592,11.9967,80491428
2008-08-26,12.0079,12.0079,11.6882,11.7769,132195672
2008-08-27,11.7662,11.7935,11.5454,11.6383,175308516
2008-08-28,11.7354,11.8338,11.6818,11.7674,121066812
2008-08-29,11.6674,11.6986,11.4831,11.5069,153774072
2008-09-02,11.8417,11.9761,11.4605,11.5556,244215540
2008-09-03,11.642,11.7801,11.4148,11.5347,172411416
2008-09-04,11.4252,11.5057,11.1619,11.1833,193746060
2008-09-05,11.0648,11.2379,10.9304,11.034,181190628
2008-09-08,11.227,11.2498,10.3708,10.4305,360355284
2008-09-09,10.5104,10.7392,10.3075,10.3984,288894816
2008-09-10,10.5427,10.543,10.1754,10.2866,248822928
2008-09-11,10.1423,10.8065,10.0934,10.7732,258597144
2008-09-12,10.6853,10.9779,10.6552,10.8703,240878880
2008-09-15,10.531,10.9774,10.5238,10.7759,262433304
2008-09-16,10.5797,11.1589,10.568,11.0012,279348372
2008-09-17,10.8907,10.9071,10.2688,10.2948,364710924
2008-09-18,10.4973,10.9081,10.1957,10.9056,343232424
2008-09-19,11.45,11.4766,11.0099,11.1557,399839760
2008-09-22,11.2794,11.2794,10.6552,10.6835,176115708
2008-09-23,10.7608,10.9481,10.5738,10.6619,207959832
2008-09-24,10.6885,11.0526,10.6828,10.807,169510320
2008-09-25,10.8996,11.1768,10.8286,10.9185,200611188
2008-09-26,10.6304,10.8579,10.4573,10.7059,211488300
2008-09-29,10.4195,10.5189,9.4558,9.463,430085484
2008-09-30,9.8351,10.5579,9.7442,9.9479,123328548
2008-10-01,10.2119,10.3567,10.0119,10.226,249142608
2008-10-02,10.1781,10.1828,9.5872,9.6987,239156604
2008-10-03,9.8691,10.2454,9.5144,9.6098,319396284
2008-10-06,9.2887,9.3386,8.8709,9.2199,448375176
2008-10-07,9.2725,9.3135,8.5781,8.594,441733824
2008-10-08,8.2003,8.9164,8.0997,8.3978,472582944
2008-10-09,8.557,8.6576,7.9894,8.171,322677000
2008-10-10,7.7781,8.4916,7.707,8.246,423488088
2008-10-13,8.8369,9.4866,8.5875,9.4635,355863780
2008-10-14,9.7742,9.7983,8.8669,9.0088,311080608
2008-10-15,8.8086,8.9166,8.4156,8.4241,268587144
2008-10-16,8.2649,8.8545,7.6857,8.7681,648938412
2008-10-17,9.4124,9.5872,9.0296,9.2529,569398032
2008-10-20,9.432,9.4625,8.9313,9.4213,269865864
2008-10-21,9.2492,9.5321,8.9911,9.0098,231048720
2008-10-22,8.8667,9.1821,8.5441,8.8339,262137600
2008-10-23,8.7837,8.8918,8.3948,8.7507,258896844
2008-10-24,8.1087,8.7047,8.0657,8.4271,294065640
2008-10-27,8.3158,8.5192,8.087,8.1837,247779972
2008-10-28,8.4211,9.1727,8.1593,9.1588,323891784
2008-10-29,9.0853,9.2147,8.7519,8.8918,389873736
2008-10-30,9.1516,9.2395,8.901,8.9338,319236444
2008-10-31,8.8461,9.2385,8.7991,8.9256,296635068
2008-11-03,8.8813,9.0157,8.4802,8.6059,237941820
2008-11-04,8.7785,9.2484,8.5813,9.1138,293702004
2008-11-05,8.9949,9.162,8.4772,8.5003,277582140
2008-11-06,8.444,8.5545,8.0923,8.2266,342649008
2008-11-07,8.2738,8.4733,8.0803,8.2246,187064748
2008-11-10,8.1467,8.1824,7.6864,7.9177,322880796
2008-11-11,7.667,7.8561,7.4641,7.7358,405458136
2008-11-12,7.5021,7.7614,7.1472,7.2277,401641956
2008-11-13,7.2468,7.7741,6.9545,7.7512,528858612
2008-11-14,7.5319,8.0719,7.5148,7.7001,380303316
2008-11-17,7.5257,7.7036,7.4003,7.4542,301450248
2008-11-18,7.4902,7.5439,7.0873,7.3871,333510156
2008-11-19,7.3367,7.4559,6.9192,6.9589,313070616
2008-11-20,6.8275,7.0275,6.4339,6.4468,390784824
2008-11-21,6.5201,6.6904,6.1423,6.5181,409370220
2008-11-24,6.6877,6.7048,6.1848,6.3941,401785812
2008-11-25,6.6733,7.1199,6.6395,7.0054,430417152
2008-11-26,6.9614,7.3384,6.8601,7.2547,254009736
2008-11-28,7.2172,7.363,7.1601,7.2764,102517380
2008-12-01,7.1204,7.1378,6.6062,6.6065,228219552
2008-12-02,6.6994,6.8993,6.5218,6.833,233354412
2008-12-03,6.7024,6.9882,6.5903,6.9403,235955808
2008-12-04,6.8683,7.0411,6.6755,6.8139,195268536
2008-12-05,6.7314,7.0598,6.5576,7.0536,260587152
2008-12-08,7.2026,7.6857,7.0041,7.5036,325446228
2008-12-09,7.3938,7.8983,7.3769,7.5995,275320404
2008-12-10,7.6807,7.8213,7.5632,7.6703,209270520
2008-12-11,7.5548,7.7711,7.3966,7.4567,246920832
2008-12-12,7.3447,7.8603,7.3022,7.8426,228655116
2008-12-15,7.7992,7.9105,7.5781,7.7162,269246484
2008-12-16,7.8118,8.1839,7.7311,8.0791,282101616
2008-12-17,7.9142,8.0009,7.7597,7.8297,231356412
2008-12-18,7.866,7.9566,7.6775,7.7065,190349460
2008-12-19,7.7242,7.8931,7.6747,7.7038,224279496
2008-12-22,7.6638,7.6872,7.2185,7.3794,156547296
2008-12-23,7.4619,7.5334,7.3685,7.402,150956892
2008-12-24,7.488,7.6087,7.411,7.5245,76783140
2008-12-26,7.5523,7.5819,7.4092,7.4602,78285636
2008-12-29,7.4567,7.4855,7.2421,7.3871,147927924
2008-12-30,7.4711,7.6204,7.4192,7.5285,153586260
2008-12-31,7.5555,7.7244,7.516,7.6412,115356528
2009-01-02,7.6648,7.9932,7.5878,7.9807,144275580
2009-01-05,7.9728,8.2271,7.8238,8.1479,195364440
2009-01-06,8.2703,8.4646,8.1067,8.2972,256750992
2009-01-07,8.1546,8.2189,7.9169,7.9979,179600220
2009-01-08,7.9052,8.0769,7.8819,8.0769,143883972
2009-01-09,8.1342,8.1342,7.784,7.8255,173446380
2009-01-12,7.8563,7.9219,7.7053,7.7664,132039828
2009-01-13,7.7435,7.9629,7.7093,7.8069,177122700
2009-01-14,7.6996,7.794,7.3953,7.4753,218497284
2009-01-15,7.3909,7.5401,7.1231,7.4261,237142620
2009-01-16,7.5759,7.6561,7.3444,7.443,208767024
2009-01-20,7.4298,7.4388,7.0228,7.0228,201726072
2009-01-21,7.1619,7.5381,7.1619,7.5277,196783020
2009-01-22,7.4025,7.6834,7.3307,7.6127,330349320
2009-01-23,7.6814,8.245,7.556,8.0647,428882688
2009-01-26,8.0684,8.1467,7.9619,8.0441,184243572
2009-01-27,8.1082,8.2924,8.054,8.2331,196894908
2009-01-28,8.3945,8.7509,8.3531,8.66,307348344
2009-01-29,8.5575,8.5701,8.4474,8.5272,291060648
2009-01-30,8.5612,8.6633,8.3454,8.4082,186693120
2009-02-02,8.3029,8.5689,8.246,8.4589,208067724
2009-02-03,8.5085,8.5192,8.2915,8.4559,261997740
2009-02-04,8.4464,8.8034,8.4241,8.5192,272423304
2009-02-05,8.4673,8.8267,8.3702,8.7855,290285424
2009-02-06,8.8535,9.2845,8.8282,9.2216,281242476
2009-02-09,9.2216,9.463,9.1228,9.4076,198892908
2009-02-10,9.3384,9.3761,8.889,8.9044,283863852
2009-02-11,8.9154,9.0656,8.7676,8.8928,209054736
2009-02-12,8.7716,9.0314,8.7298,9.0172,221789988
2009-02-13,8.9958,9.0157,8.823,8.8838,165702132
2009-02-17,8.6064,8.6208,8.437,8.5108,226988784
2009-02-18,8.6245,8.777,8.4576,8.7703,240739020
2009-02-19,8.8786,8.9365,8.4797,8.5103,199348452
2009-02-20,8.3963,8.6663,8.3205,8.6049,248435316
2009-02-23,8.6186,8.6881,8.1852,8.1978,208635156
2009-02-24,8.2217,8.6836,8.2184,8.5801,243592164
2009-02-25,8.4981,8.7502,8.4179,8.4854,257306436
2009-02-26,8.5927,8.7549,8.3742,8.3747,223999776
2009-02-27,8.2696,8.5396,8.2239,8.3948,216583200
2009-03-02,8.279,8.4621,8.097,8.1258,231308460
2009-03-03,8.1981,8.288,8.0063,8.0841,260731008
2009-03-04,8.0264,8.1715,7.8332,7.9211,312423264
2009-03-05,7.8605,7.9251,7.5168,7.5913,260934804
2009-03-06,7.6305,7.7043,7.3084,7.6641,289078632
2009-03-09,7.4507,7.6144,7.1892,7.2249,258593148
2009-03-10,7.4077,7.712,7.3084,7.6541,268938792
2009-03-11,7.7021,7.948,7.593,7.896,236707056
2009-03-12,7.8869,8.0721,7.7902,8.0356,200763036
2009-03-13,8.0995,8.1332,7.9239,8.0577,156099744
2009-03-16,8.0967,8.1896,7.9129,7.9403,197674128
2009-03-17,7.9524,8.329,7.9254,8.329,188311500
2009-03-18,8.3158,8.4447,8.1479,8.2733,200287512
2009-03-19,8.2381,8.3454,8.1313,8.1948,164283552
2009-03-20,8.2038,8.2706,8.1054,8.2003,189326484
2009-03-23,8.2847,8.6794,8.2716,8.6583,170689140
2009-03-24,8.6061,8.7885,8.5441,8.6228,152647200
2009-03-25,8.703,8.7264,8.3516,8.5458,173278548
2009-03-26,8.7708,8.9206,8.6558,8.7748,239891868
2009-03-27,8.6931,8.7428,8.5806,8.636,132779088
2009-03-30,8.508,8.5393,8.3466,8.5115,123640236
2009-03-31,8.6665,8.7803,8.5982,8.6449,146065788
2009-04-01,8.5386,8.8232,8.4599,8.7947,131915952
2009-04-02,9.0237,9.1839,8.9494,9.0035,179340480
2009-04-03,9.0532,9.2325,8.8918,9.1844,151440408
2009-04-06,9.1153,9.1854,8.9762,9.1461,131080788
2009-04-07,9.006,9.0346,8.825,8.9079,147056796
2009-04-08,9.0284,9.0656,8.8473,8.9911,110497392
2009-04-09,9.1774,9.2979,9.0967,9.2519,135168696
2009-04-13,9.2229,9.4158,9.1973,9.3913,121881996
2009-04-14,9.3622,9.3634,9.0805,9.1628,137006856
2009-04-15,9.1178,9.4645,9.0448,9.4258,197030772
2009-04-16,9.4755,9.7586,9.4635,9.6553,406996596
2009-04-17,9.5877,9.9305,9.5577,9.7422,428802768
2009-04-20,9.5909,9.7027,9.3361,9.4208,176978844
2009-04-21,9.3431,9.545,9.3413,9.4747,147668184
2009-04-22,9.4817,9.6866,9.4136,9.5341,139931928
2009-04-23,9.6247,9.6804,9.4658,9.5547,104255640
2009-04-24,9.5885,9.7656,9.4506,9.6739,135280584
2009-04-27,9.546,9.6739,9.5065,9.586,91532376
2009-04-28,9.5313,9.663,9.4764,9.5303,117626256
2009-04-29,9.5865,9.81,9.583,9.7231,144255600
2009-04-30,9.8296,10.0281,9.8058,9.8348,174053772
2009-05-01,9.8115,9.8751,9.7251,9.7782,97010892
2009-05-04,9.8895,9.9946,9.8055,9.9841,127991880
2009-05-05,9.9344,10.0591,9.8666,10.0092,95935968
2009-05-06,10.1036,10.1406,9.9598,10.0211,105210684
2009-05-07,10.0368,10.0589,9.7487,9.8507,119872008
2009-05-08,10.0057,10.1865,9.8108,10.117,154449396
2009-05-11,10.0045,10.233,9.9647,10.1331,102269628
2009-05-12,10.1836,10.2079,9.8135,9.9104,151480368
2009-05-13,9.7882,9.8453,9.6456,9.6751,113598288
2009-05-14,9.6568,9.7415,9.5547,9.6245,117362520
2009-05-15,9.7139,9.7887,9.664,9.6866,120227652
2009-05-18,9.8041,9.8681,9.5723,9.8565,133933932
2009-05-19,9.8381,9.9757,9.7611,9.9071,113386500
2009-05-20,9.9869,10.0758,9.8108,9.8649,91268640
2009-05-21,9.843,10.0055,9.7819,9.848,108683208
2009-05-22,9.852,9.9014,9.7362,9.7735,68675256
2009-05-26,9.735,10.0591,9.6866,10.0432,124055820
2009-05-27,10.075,10.2295,10.0544,10.073,121250628
2009-05-28,10.1505,10.2236,10.0494,10.1933,106645248
2009-05-29,10.2357,10.3629,10.2007,10.3629,105822072
2009-06-01,10.4001,10.6701,10.3952,10.5946,132763104
2009-06-02,10.5869,10.6791,10.5161,10.6403,104839056
2009-06-03,10.5807,10.7412,10.531,10.721,141170688
2009-06-04,10.8117,10.9592,10.7918,10.9354,145378476
2009-06-05,11.0544,11.1107,10.915,11.0357,147084768
2009-06-08,10.916,10.9513,10.7824,10.8979,123824052
2009-06-09,10.8932,10.9409,10.7238,10.8197,130065804
2009-06-10,10.8348,10.876,10.5974,10.7446,134221644
2009-06-11,10.724,10.7727,10.6396,10.6552,114493392
2009-06-12,10.6021,10.6229,10.4617,10.5519,116619264
2009-06-15,10.4689,10.4689,10.2827,10.3515,149326524
2009-06-16,10.4146,10.4588,10.3179,10.3323,121866012
2009-06-17,10.3371,10.4247,10.2221,10.3115,139464396
2009-06-18,10.3244,10.3992,10.2578,10.2842,123284592
2009-06-19,10.3872,10.4431,10.2971,10.4339,170193636
2009-06-22,10.3559,10.3694,9.9819,10.1175,164811024
2009-06-23,10.1001,10.1582,9.9983,10.076,115868016
2009-06-24,10.152,10.2387,10.0979,10.1657,98213688
2009-06-25,10.1088,10.3299,10.0966,10.3266,121658220
2009-06-26,10.2747,10.6361,10.2606,10.5638,130137732
2009-06-29,10.5807,10.6254,10.4873,10.5345,86685228
2009-06-30,10.531,10.6108,10.3875,10.4712,103652244
2009-07-01,10.536,10.5907,10.3857,10.4066,92339568
2009-07-02,10.3177,10.3177,10.1041,10.1458,100603296
2009-07-06,10.0964,10.1992,9.9762,10.1736,90413496
2009-07-07,10.1396,10.1632,9.8351,9.8512,130241628
2009-07-08,9.9349,10.084,9.8868,9.9968,137510352
2009-07-09,10.0869,10.2938,10.079,10.193,130892976
2009-07-10,10.1729,10.3664,10.151,10.2926,116946936
2009-07-13,10.3366,10.544,10.312,10.5385,161666172
2009-07-14,10.5238,10.5988,10.4533,10.5482,115716168
2009-07-15,10.6716,10.8957,10.6426,10.883,150928920
2009-07-16,10.846,11.0713,10.7819,10.993,261917820
2009-07-17,10.7546,10.8162,10.5981,10.6863,273889836
2009-07-20,10.6771,10.7509,10.5869,10.6843,126013860
2009-07-21,10.7034,10.7273,10.5738,10.6279,118609272
2009-07-22,10.6304,10.685,10.5186,10.6227,103364532
2009-07-23,10.6473,10.9585,10.5683,10.8624,138988872
2009-07-24,10.8244,11.189,10.8043,11.0953,144930924
2009-07-27,11.0785,11.0961,10.8691,11.0477,100075824
2009-07-28,10.9533,10.9982,10.8316,10.9247,101198700
2009-07-29,10.8596,10.8738,10.727,10.8351,79400520
2009-07-30,10.9933,11.2133,10.9933,11.0685,127816056
2009-07-31,11.1763,11.2439,10.9888,11.0042,114301584
2009-08-03,11.1455,11.2737,11.1182,11.2317,103508388
2009-08-04,11.1612,11.2762,11.1378,11.2695,95496408
2009-08-05,11.3258,11.3484,11.1242,11.2051,93586320
2009-08-06,11.2836,11.298,11.1403,11.1858,84351564
2009-08-07,11.3176,11.4108,11.3008,11.3532,101622276
2009-08-10,11.3045,11.3857,11.2709,11.341,69610320
2009-08-11,11.268,11.3564,11.2359,11.2747,68431500
2009-08-12,11.3112,11.4687,11.299,11.3899,93562344
2009-08-13,11.4786,11.5424,11.3981,11.4818,79728192
2009-08-14,11.4942,11.5042,11.3479,11.4252,66936996
2009-08-17,11.2141,11.2262,11.0059,11.0499,104703192
2009-08-18,11.0551,11.1197,10.9861,11.0596,93949956
2009-08-19,10.9282,11.0526,10.8927,11.027,90109800
2009-08-20,11.2265,11.4793,11.2074,11.4354,159796044
2009-08-21,11.5628,11.5764,11.491,11.5553,142277580
2009-08-24,11.6077,11.6758,11.535,11.642,98037864
2009-08-25,11.652,11.7816,11.6418,11.7076,93546360
2009-08-26,11.7421,11.7481,11.5916,11.6239,79432488
2009-08-27,11.6383,11.6383,11.4433,11.5757,79876044
2009-08-28,11.6552,11.7324,11.5091,11.5432,70793136
2009-08-31,11.42,11.4714,11.3755,11.4667,78237684
2009-09-01,11.4172,11.5946,11.2866,11.3199,103692204
2009-09-02,11.3214,11.3837,11.2411,11.2516,72119808
2009-09-03,11.3214,11.3817,11.301,11.3636,65782152
2009-09-04,11.3648,11.4898,11.3204,11.4575,59908032
2009-09-08,11.5317,11.5988,11.3219,11.3909,106161732
2009-09-09,11.4018,11.5809,11.3954,11.5238,87728184
2009-09-10,11.5904,11.6969,11.4749,11.6969,101282616
2009-09-11,11.6835,11.7555,11.6147,11.7267,76039884
2009-09-14,11.6862,11.8425,11.6748,11.8007,78948972
2009-09-15,11.7997,11.8949,11.7409,11.8608,95828076
2009-09-16,11.917,12.1547,11.8842,12.1278,103308588
2009-09-17,12.1845,12.3534,12.0995,12.213,179144676
2009-09-18,12.3385,12.3437,12.2009,12.2066,131208660
2009-09-21,12.1142,12.3914,12.0764,12.3442,84571344
2009-09-22,12.4415,12.4681,12.3643,12.3953,121526352
2009-09-23,12.4381,12.5925,12.3618,12.3804,108059832
2009-09-24,12.4304,12.4537,12.2448,12.3385,101002896
2009-09-25,12.2769,12.4169,12.22,12.2319,81902016
2009-09-28,12.2905,12.4559,12.2523,12.3822,73498428
2009-09-29,12.407,12.4125,12.2451,12.3822,83884032
2009-09-30,12.4187,12.4222,12.1018,12.3156,125542332
2009-10-01,12.2448,12.331,12.0958,12.1008,112415472
2009-10-02,12.0148,12.2135,11.9865,12.0357,103927968
2009-10-05,12.1119,12.2307,12.0049,12.1335,85698216
2009-10-06,12.2125,12.403,12.2125,12.3874,109182708
2009-10-07,12.3938,12.8903,12.3643,12.8543,194773032
2009-10-08,12.9047,12.9961,12.75,12.7709,171979848
2009-10-09,12.8322,12.9529,12.7788,12.8223,109414476
2009-10-12,13.0004,13.0585,12.8985,13.0158,132755112
2009-10-13,13.0245,13.1007,12.9497,13.0672,121374504
2009-10-14,13.2249,13.3024,13.1638,13.2959,130205664
2009-10-15,13.2569,13.3352,13.096,13.1616,243771984
2009-10-16,13.5942,13.7785,13.5247,13.6568,353322324
2009-10-19,13.7274,13.75,13.629,13.7125,128587284
2009-10-20,13.7013,13.7338,13.4296,13.7033,161586252
2009-10-21,13.6583,13.8928,13.6357,13.6879,146677176
2009-10-22,13.6605,13.7847,13.6109,13.7621,93366540
2009-10-23,13.7909,13.8565,13.6904,13.7522,95612292
2009-10-26,13.8034,13.9497,13.6827,13.7651,118697184
2009-10-27,13.6846,13.7738,13.5155,13.6181,128531340
2009-10-28,13.6076,13.6605,13.3687,13.4196,102609288
2009-10-29,13.4869,13.706,13.437,13.6866,100803096
2009-10-30,13.6605,13.6648,13.2691,13.3158,138601260
2009-11-02,13.3397,13.3988,13.1201,13.2629,127955916
2009-11-03,13.164,13.3501,13.1216,13.3449,95112792
2009-11-04,13.432,13.5488,13.3233,13.4204,93214692
2009-11-05,13.4989,13.6548,13.4782,13.627,73834092
2009-11-06,13.6039,13.7048,13.5488,13.6879,72994932
2009-11-09,13.7959,13.973,13.7656,13.9713,105890004
2009-11-10,13.9767,14.127,13.9586,14.0768,89142768
2009-11-11,14.1692,14.2442,14.0545,14.1712,92695212
2009-11-12,14.1464,14.2293,14.0455,14.1039,75376548
2009-11-13,14.1397,14.2196,14.0731,14.2082,66605328
2009-11-16,14.2815,14.3309,14.2263,14.3133,87880032
2009-11-17,14.2783,14.3436,14.2497,14.3433,76591332
2009-11-18,14.3225,14.3754,14.2087,14.3225,61922016
2009-11-19,14.2509,14.2566,14.1573,14.2316,86633280
2009-11-20,14.1449,14.197,14.1424,14.1563,80167752
2009-11-23,14.3185,14.5696,14.3028,14.464,101798100
2009-11-24,14.4683,14.5122,14.3197,14.4824,64143792
2009-11-25,14.5649,14.581,14.4725,14.5482,58389552
2009-11-27,14.207,14.4668,14.1814,14.3997,55328616
2009-11-30,14.4213,14.4968,14.3339,14.4802,68934996
2009-12-01,14.6076,14.6843,14.4802,14.6508,92719188
2009-12-02,14.6789,14.7288,14.5602,14.5922,66461472
2009-12-03,14.6302,14.6901,14.5299,14.5482,57090852
2009-12-04,14.7291,14.774,14.3853,14.5301,100443456
2009-12-07,14.5102,14.6215,14.4305,14.5609,65382552
2009-12-08,14.4926,14.6704,14.4553,14.5808,60899040
2009-12-09,14.5919,14.6374,14.4946,14.6297,71168760
2009-12-10,14.665,14.771,14.6642,14.6913,66665268
2009-12-11,14.7703,14.772,14.5977,14.6667,68731200
2009-12-14,14.7869,14.8356,14.7189,14.7964,76459464
2009-12-15,14.736,14.8125,14.6786,14.732,91124784
2009-12-16,14.8676,14.9116,14.819,14.8468,112263624
2009-12-17,14.814,14.8438,14.7474,14.7519,105446448
2009-12-18,14.8038,14.8758,14.7782,14.8135,141118740
2009-12-21,14.8431,14.8984,14.7949,14.8696,102745152
2009-12-22,14.9357,14.9397,14.8739,14.9302,75156768
2009-12-23,14.9893,15.2221,14.9732,15.1925,82825092
2009-12-24,15.2236,15.3872,15.2072,15.3614,34313652
2009-12-28,15.4404,15.5479,15.3614,15.4704,67848084
2009-12-29,15.5169,15.5194,15.3567,15.3843,56935008
2009-12-30,15.3619,15.467,15.3497,15.467,58565376
2009-12-31,15.5171,15.5333,15.3987,15.3987,48743208
2010-01-04,15.5718,15.6354,15.5045,15.5668,78169752
2010-01-05,15.5775,15.5939,15.4374,15.4983,120067812
2010-01-06,15.5447,15.5447,15.0604,15.1076,158988852
2010-01-07,15.1359,15.1508,14.7199,14.7559,256315428
2010-01-08,14.7037,14.9831,14.6319,14.9526,188783028
2010-01-11,15.0132,15.0132,14.7544,14.93,288227484
2010-01-12,14.844,14.8567,14.6044,14.666,193937868
2010-01-13,14.3185,14.6138,14.2542,14.5818,259604136
2010-01-14,14.5025,14.7584,14.4755,14.6503,169434396
2010-01-15,14.737,14.7425,14.357,14.4057,217162620
2010-01-19,14.4355,14.6645,14.3135,14.5949,172495332
2010-01-20,14.5542,14.5542,14.2887,14.4159,129897972
2010-01-21,14.4911,14.5751,14.2132,14.4797,252055692
2010-01-22,14.0207,14.1722,13.2845,13.6608,271743984
2010-01-25,13.5759,13.6576,13.3007,13.4122,176619204
2010-01-26,13.3618,13.6506,13.32,13.4723,174045780
2010-01-27,13.4437,13.6022,13.2957,13.4643,158417424
2010-01-28,13.5237,13.586,13.1787,13.2704,129034836
2010-01-29,13.3747,13.4368,13.0548,13.1623,165454380
2010-02-01,13.2781,13.3081,13.1713,13.2388,89941968
2010-02-02,13.287,13.287,13.1044,13.1916,163684152
2010-02-03,13.1308,13.4643,13.1198,13.4325,119844036
2010-02-04,13.3377,13.3625,13.0535,13.0838,134972892
2010-02-05,13.1241,13.2507,12.9765,13.1958,126113760
2010-02-08,13.2259,13.4618,13.2018,13.25,107664228
2010-02-09,13.4007,13.4502,13.2897,13.3238,112671216
2010-02-10,13.2649,13.3573,13.1064,13.2743,106873020
2010-02-11,13.2463,13.4243,13.1514,13.3228,96303600
2010-02-12,13.2376,13.3414,13.1762,13.2413,91096812
2010-02-16,13.3344,13.5148,13.2706,13.4445,146029824
2010-02-17,13.4619,13.4966,13.3528,13.3677,81106812
2010-02-18,13.3511,13.5366,13.3163,13.4922,93382524
2010-02-19,13.4253,13.5123,13.4047,13.4311,102021876
2010-02-22,13.5947,13.5985,13.437,13.4817,85698216
2010-02-23,13.4867,13.5023,13.2207,13.2897,114789096
2010-02-24,13.2627,13.3734,13.1765,13.2003,92970936
2010-02-25,13.0923,13.1263,12.9154,13.0751,132235632
2010-02-26,13.0997,13.2073,13.0019,13.0843,81890028
2010-03-01,13.1439,13.2455,13.1077,13.2306,89426484
2010-03-02,13.2999,13.5528,13.2882,13.4385,174097728
2010-03-03,13.4708,13.6139,13.3935,13.5443,123452424
2010-03-04,13.5736,13.8128,13.5662,13.7746,127224648
2010-03-05,13.9425,14.0994,13.9064,14.0135,156331512
2010-03-08,14.0276,14.0376,13.934,13.9705,95360544
2010-03-09,13.9052,14.0247,13.822,13.9136,126936936
2010-03-10,14.0023,14.3684,13.9638,14.3175,225969804
2010-03-11,14.2631,14.5599,14.2616,14.434,169162668
2010-03-12,14.6078,14.6113,14.3848,14.3942,110025864
2010-03-15,14.0748,14.1436,13.8096,13.9879,185969844
2010-03-16,13.9544,14.1181,13.9278,14.0381,137122740
2010-03-17,14.1151,14.1933,14.0145,14.047,132731136
2010-03-18,14.0262,14.1185,13.9824,14.0679,71016912
2010-03-19,13.9089,14.1076,13.8414,13.9089,191576232
2010-03-22,13.8123,14.0791,13.7669,13.8468,160031808
2010-03-23,13.8354,13.8669,13.4618,13.6357,219831948
2010-03-24,13.549,13.9052,13.4047,13.8426,262345392
2010-03-25,13.8846,14.207,13.8756,13.9805,157078764
2010-03-26,14.0398,14.0925,13.9094,13.9757,107740152
2010-03-29,13.9834,14.0262,13.9231,13.9698,124055820
2010-03-30,13.9792,14.0984,13.9159,14.0756,79036884
2010-03-31,14.0344,14.1508,13.9787,14.0858,121110768
2010-04-01,14.1908,14.243,14.0468,14.1275,84023892
2010-04-05,14.1797,14.2785,14.1325,14.1824,75983940
2010-04-06,14.1439,14.1794,14.043,14.1131,82321596
2010-04-07,14.0902,14.1262,13.9551,13.9968,103136760
2010-04-08,13.9914,14.1536,13.9102,14.095,77822100
2010-04-09,14.095,14.1267,14.0083,14.0634,82181736
2010-04-12,14.0915,14.2566,14.0634,14.2251,94001904
2010-04-13,14.2201,14.6262,14.1854,14.5738,156335508
2010-04-14,14.6555,14.7122,14.5053,14.6292,135971892
2010-04-15,14.7079,14.8488,14.6116,14.7857,270201528
2010-04-16,13.9834,14.1277,13.6514,13.6643,488930580
2010-04-19,13.6295,13.7597,13.5364,13.663,155604240
2010-04-20,13.7641,13.9005,13.6869,13.7857,118976904
2010-04-21,13.821,13.9151,13.7142,13.7673,95564340
2010-04-22,13.7102,13.7226,13.4954,13.5875,131096772
2010-04-23,13.5922,13.6437,13.4686,13.5361,83492424
2010-04-26,13.5356,13.5361,13.1442,13.2045,174577248
2010-04-27,13.1377,13.3707,13.095,13.1405,153634212
2010-04-28,13.216,13.2838,12.941,13.1437,136107756
2010-04-29,13.2475,13.3252,13.0811,13.2135,122233644
2010-04-30,13.1919,13.3546,13.0505,13.057,97318584
2010-05-03,13.0769,13.2363,13.0416,13.1787,74237688
2010-05-04,13.0774,13.0828,12.5232,12.5769,242808948
2010-05-05,12.443,12.8091,12.4304,12.6611,183104712
2010-05-06,12.636,12.8538,11.4252,12.3856,199803996
2010-05-07,12.4179,12.5508,11.955,12.2483,203356440
2010-05-10,12.7657,12.9855,12.7316,12.9564,164954880
2010-05-11,12.8079,12.9124,12.6228,12.6435,132771096
2010-05-12,12.7177,12.7177,12.4684,12.5526,153917928
2010-05-13,12.8285,12.9651,12.6762,12.6889,132898968
2010-05-14,12.6613,12.6916,12.3255,12.6057,164475360
2010-05-17,12.5871,12.6263,12.3777,12.6166,111640248
2010-05-18,12.6671,12.6911,12.3459,12.3782,112906980
2010-05-19,12.3258,12.4048,12.1142,12.2803,137690172
2010-05-20,12.0479,12.0605,11.7679,11.798,196335468
2010-05-21,11.6502,12.0461,11.5345,11.7245,387244368
2010-05-24,11.9401,12.1651,11.8425,11.8514,173650176
2010-05-25,11.6276,11.8586,11.5248,11.8492,120575304
2010-05-26,11.9733,12.1643,11.7977,11.8094,138884976
2010-05-27,12.0449,12.2277,11.948,12.1817,112251636
2010-05-28,12.2384,12.256,11.9964,12.0618,115676208
2010-06-01,11.9326,12.1966,11.9249,11.9808,106565328
2010-06-02,12.0878,12.2664,11.9582,12.254,101530368
2010-06-03,12.2972,12.6174,12.287,12.5578,145881972
2010-06-04,12.4117,12.6484,12.3367,12.3869,156655188
2010-06-07,12.3953,12.4413,12.0002,12.059,145162692
2010-06-08,12.1169,12.1415,11.8608,12.0407,107296596
2010-06-09,12.1013,12.1425,11.7232,11.7734,109050840
2010-06-10,11.9311,12.1331,11.8186,12.096,103012884
2010-06-11,11.984,12.1383,11.9622,12.133,71196732
2010-06-14,12.2816,12.2821,12.0012,12.0012,81534384
2010-06-15,11.9984,12.4286,11.9761,12.3688,170213616
2010-06-16,12.3236,12.518,12.3221,12.4502,91480428
2010-06-17,12.5044,12.5645,12.3365,12.4207,79012908
2010-06-18,12.481,12.5049,12.3722,12.4194,114801084
2010-06-21,12.4162,12.4428,12.0434,12.1345,119220660
2010-06-22,12.1678,12.3342,12.0643,12.0772,88699212
2010-06-23,12.0931,12.0931,11.8762,11.9728,81082836
2010-06-24,11.9135,11.9902,11.7545,11.8002,75668256
2010-06-25,11.8489,11.8636,11.6875,11.7401,89718192
2010-06-28,11.7379,11.8611,11.649,11.7252,70421508
2010-06-29,11.5106,11.5382,11.2046,11.2826,139943916
2010-06-30,11.3,11.3713,11.0457,11.0514,143983872
2010-07-01,11.0598,11.1371,10.7702,10.9158,140403456
2010-07-02,10.9687,10.9851,10.8291,10.8428,77362560
2010-07-06,11.0278,11.1189,10.7702,10.8308,102301596
2010-07-07,10.8865,11.2089,10.8137,11.1818,125062812
2010-07-08,11.265,11.3589,11.1684,11.3397,106649244
2010-07-09,11.7222,11.7545,11.4942,11.6112,173086740
2010-07-12,11.7324,11.908,11.7004,11.8184,133242624
2010-07-13,11.9778,12.2446,11.9289,12.1504,158892948
2010-07-14,12.1673,12.2654,12.0824,12.2036,124595280
2010-07-15,12.2133,12.287,11.9885,12.2702,194133672
2010-07-16,11.6517,11.6875,11.4133,11.4155,312679008
2010-07-19,11.4503,11.6649,11.3636,11.5787,181829988
2010-07-20,11.4508,11.9962,11.4401,11.9614,162017820
2010-07-21,12.0213,12.0635,11.8084,11.8598,131052816
2010-07-22,12.0022,12.145,11.9835,12.0414,85822092
2010-07-23,11.9411,12.185,11.9222,12.1718,90485424
2010-07-26,12.1477,12.1889,12.0431,12.1447,79728192
2010-07-27,12.1847,12.3566,12.1745,12.2356,97949952
2010-07-28,12.293,12.3007,11.9882,12.03,99740160
2010-07-29,12.0697,12.1425,11.9053,12.0459,106912980
2010-07-30,11.9132,12.1047,11.9006,12.0424,85678236
2010-08-02,12.1452,12.2518,12.0943,12.1805,74273652
2010-08-03,12.1827,12.2314,12.0898,12.1661,72019908
2010-08-04,12.2245,12.5925,12.1964,12.5757,152347500
2010-08-05,12.565,12.6323,12.5071,12.6199,96719184
2010-08-06,12.5528,12.5612,12.3206,12.4241,132647220
2010-08-09,12.4746,12.5553,12.4525,12.5516,74813112
2010-08-10,12.477,12.5677,12.3832,12.5108,82877040
2010-08-11,12.3623,12.369,12.2076,12.2135,88831080
2010-08-12,12.0198,12.2883,11.9843,12.2202,88095816
2010-08-13,12.1455,12.1999,12.0712,12.0797,77310612
2010-08-16,12.0133,12.1671,11.9344,12.0608,52147800
2010-08-17,12.1338,12.287,12.0717,12.1832,75552372
2010-08-18,12.1812,12.1919,11.9604,11.9753,107348544
2010-08-19,11.947,11.9843,11.6053,11.6231,156843000
2010-08-20,11.6231,11.7131,11.4505,11.4754,156547296
2010-08-23,11.4624,11.6301,11.3688,11.5263,119328552
2010-08-24,11.3681,11.3847,11.1997,11.2113,110397492
2010-08-25,11.1768,11.3708,11.1768,11.2916,103580316
2010-08-26,11.3273,11.3571,11.1877,11.2012,71008920
2010-08-27,11.2404,11.4249,11.1184,11.3961,92403504
2010-08-30,11.4041,11.4192,11.2369,11.2436,49206744
2010-08-31,11.1795,11.2978,11.1271,11.1773,77794128
2010-09-01,11.3005,11.5479,11.2389,11.4334,129002868
2010-09-02,11.4957,11.5352,11.4329,11.5042,67300632
2010-09-03,11.6865,11.7203,11.61,11.681,101514384
2010-09-07,11.537,11.6137,11.5002,11.5345,68327604
2010-09-08,11.5541,11.7357,11.5372,11.688,95975928
2010-09-09,11.868,11.9319,11.688,11.8271,97126776
2010-09-10,11.8976,11.9167,11.7997,11.8261,78893028
2010-09-13,11.9443,12.03,11.9103,11.9783,89570340
2010-09-14,11.9719,12.0399,11.9239,11.9326,88571340
2010-09-15,11.9207,11.9689,11.8847,11.9378,96015888
2010-09-16,11.9207,11.9828,11.9073,11.9483,78701220
2010-09-17,12.0151,12.2001,11.9512,12.174,225438336
2010-09-20,12.2324,12.6772,12.2215,12.6243,175963860
2010-09-21,12.6591,12.9149,12.64,12.753,178473348
2010-09-22,12.7381,12.8603,12.7088,12.8161,101382516
2010-09-23,12.7816,12.9077,12.6993,12.7535,92603304
2010-09-24,12.9586,13.1099,12.8722,13.0965,134141724
2010-09-27,13.1352,13.3339,13.1352,13.174,124171704
2010-09-28,13.2502,13.253,12.8769,13.0935,146041812
2010-09-29,13.1104,13.2368,13.0324,13.1064,86801112
2010-09-30,13.1429,13.2102,12.8886,13.0592,129634236
2010-10-01,13.1638,13.1792,12.9899,13.055,88911000
2010-10-04,13.0384,13.1203,12.8869,12.9738,77542380
2010-10-05,13.1236,13.4122,13.0781,13.3682,140143716
2010-10-06,13.3938,13.4109,13.1623,13.2718,110381508
2010-10-07,13.318,13.3426,13.1424,13.164,95736168
2010-10-08,13.2326,13.3526,13.1047,13.3215,114253632
2010-10-11,13.3744,13.5264,13.3419,13.3834,104946948
2010-10-12,13.4152,13.561,13.3573,13.4467,149993856
2010-10-13,13.586,13.5982,13.47,13.4941,122101776
2010-10-14,13.516,13.5426,13.3404,13.4353,265098636
2010-10-15,14.8843,14.9432,14.6938,14.9384,592399008
2010-10-18,14.9161,15.3915,14.9161,15.3423,283644072
2010-10-19,15.1222,15.2705,14.9735,15.0969,183332484
2010-10-20,15.1046,15.3341,15.0887,15.1006,140862996
2010-10-21,15.1883,15.2998,15.0514,15.2002,116703180
2010-10-22,15.1985,15.2705,15.152,15.2136,90153756
2010-10-25,15.2896,15.5169,15.2742,15.3122,126209664
2010-10-26,15.2278,15.4297,15.1764,15.3644,100415484
2010-10-27,15.2941,15.3992,15.2087,15.3115,89586324
2010-10-28,15.4004,15.424,15.2328,15.3639,87284628
2010-10-29,15.3264,15.3743,15.2251,15.2427,91040868
2010-11-01,15.2931,15.4156,15.1808,15.275,123360516
2010-11-02,15.3661,15.3992,15.2645,15.2899,79824096
2010-11-03,15.3371,15.4446,15.2377,15.4036,135084780
2010-11-04,15.5144,15.6456,15.4513,15.5052,142689168
2010-11-05,15.4781,15.5355,15.4267,15.5253,70557372
2010-11-08,15.499,15.6349,15.4769,15.5673,83967948
2010-11-09,15.6475,15.6687,15.4118,15.5189,89398512
2010-11-10,15.4508,15.4737,15.3373,15.4707,99780120
2010-11-11,15.3917,15.3954,15.2554,15.3294,90373536
2010-11-12,15.2499,15.3222,14.9325,14.9841,135584280
2010-11-15,14.9789,15.0018,14.7546,14.7899,139016844
2010-11-16,14.7226,14.85,14.4914,14.4981,132163704
2010-11-17,14.5299,14.6416,14.4397,14.4938,97602300
2010-11-18,14.6292,14.9019,14.6183,14.817,103496400
2010-11-19,14.8279,14.85,14.6625,14.6747,91808100
2010-11-22,14.5912,14.7395,14.474,14.6843,87376536
2010-11-23,14.5798,14.6295,14.361,14.4804,86417496
2010-11-24,14.5872,14.818,14.5808,14.7775,95760144
2010-11-26,14.6655,14.7281,14.5795,14.654,52391556
2010-11-29,14.6334,14.6491,14.4044,14.4581,114273612
2010-11-30,14.2646,14.2646,13.7428,13.8024,284411304
2010-12-01,13.9834,14.1963,13.9685,14.017,150013836
2010-12-02,14.124,14.24,14.0418,14.2025,101814084
2010-12-03,14.1436,14.3182,14.1076,14.2318,105142752
2010-12-06,14.4198,14.4553,14.3215,14.3649,83668248
2010-12-07,14.6856,14.7286,14.5547,14.583,121566312
2010-12-08,14.703,14.7166,14.4973,14.6675,70205724
2010-12-09,14.7504,14.7926,14.6292,14.6913,74681244
2010-12-10,14.732,14.7531,14.6612,14.7089,68119812
2010-12-13,14.8309,14.9769,14.7556,14.7688,95844060
2010-12-14,14.8301,14.8599,14.7156,14.776,65666268
2010-12-15,14.7584,14.8142,14.6329,14.6615,86621292
2010-12-16,14.7248,14.7477,14.6061,14.6965,63812124
2010-12-17,14.6789,14.7176,14.5962,14.6739,123360516
2010-12-20,14.7695,14.8498,14.6208,14.7797,78853068
2010-12-21,14.8669,15.0196,14.8431,14.9787,75104820
2010-12-22,15.0018,15.0763,14.9839,15.0388,48251700
2010-12-23,15.035,15.0514,14.9528,15.0075,44387568
2010-12-27,14.9705,14.9963,14.89,14.9615,48275676
2010-12-28,14.9533,14.9985,14.853,14.8756,42549408
2010-12-29,14.9521,14.9623,14.8756,14.9273,40727232
2010-12-30,14.8527,14.9355,14.8376,14.8741,39540420
2010-12-31,14.8214,14.8632,14.7045,14.7526,61510428
2011-01-03,14.815,15.0413,14.815,15.0105,94513392
2011-01-04,15.042,15.0559,14.9054,14.9551,72907020
2011-01-05,14.9042,15.159,14.9037,15.1277,101190708
2011-01-06,15.1677,15.3602,15.152,15.2377,82229688
2011-01-07,15.2976,15.3557,15.154,15.3107,83963952
2011-01-10,15.27,15.2847,15.115,15.2554,63104832
2011-01-11,15.3423,15.3694,15.2626,15.3001,57514428
2011-01-12,15.383,15.383,15.2693,15.3214,65242692
2011-01-13,15.3239,15.391,15.2541,15.317,53306640
2011-01-14,15.3346,15.5052,15.3266,15.503,94529376
2011-01-18,15.5497,15.9453,15.5301,15.8867,144535320
2011-01-19,15.9486,15.9694,15.6391,15.691,136107756
2011-01-20,15.7024,15.7489,15.4809,15.5673,219212568
2011-01-21,15.8855,15.9389,15.1846,15.1962,355819824
2011-01-24,15.0904,15.2126,14.933,15.1776,183784032
2011-01-25,15.1061,15.4163,15.0644,15.3969,145726128
2011-01-26,15.4074,15.461,15.2819,15.3122,81442476
2011-01-27,15.3468,15.3917,15.2315,15.3194,80687232
2011-01-28,15.3761,15.4081,14.8965,14.927,169074756
2011-01-31,14.9918,15.0134,14.7919,14.9114,112083804
2011-02-01,15.0139,15.234,14.9797,15.1766,109702188
2011-02-02,15.1756,15.2586,15.0894,15.2005,70357572
2011-02-03,15.1379,15.1868,15.0547,15.1545,59744196
2011-02-04,15.1545,15.1866,15.0666,15.1751,61969968
2011-02-07,15.1548,15.3592,15.1312,15.2573,71912016
2011-02-08,15.2732,15.39,15.2628,15.3589,67728204
2011-02-09,15.3214,15.3855,15.2089,15.3122,73626300
2011-02-10,15.2477,15.3371,15.1895,15.3107,93282624
2011-02-11,15.2449,15.5234,15.2253,15.5109,103492404
2011-02-14,15.4821,15.6386,15.4002,15.6016,85034880
2011-02-15,15.581,15.6498,15.4762,15.5022,83596320
2011-02-16,15.539,15.5606,15.4513,15.504,67292640
2011-02-17,15.4302,15.5792,15.4061,15.5298,59092848
2011-02-18,15.5482,15.6768,15.503,15.6495,128587284
2011-02-22,15.3999,15.5216,15.0954,15.156,145450404
2011-02-23,15.159,15.2675,15.0018,15.1836,115468416
2011-02-24,15.1853,15.2275,14.9359,15.1215,108359532
2011-02-25,15.197,15.268,15.1384,15.1518,77218704
2011-02-28,15.1508,15.312,15.1014,15.2352,91168740
2011-03-01,15.344,15.3798,14.885,14.9213,132795072
2011-03-02,14.8974,15.0514,14.7829,14.922,80986932
2011-03-03,15.0609,15.1878,15.0266,15.1399,77734188
2011-03-04,15.1093,15.1255,14.9074,14.9178,120319560
2011-03-07,14.9161,14.9941,14.5795,14.6953,138369492
2011-03-08,14.7268,14.8522,14.659,14.7114,91304604
2011-03-09,14.6789,14.7661,14.5485,14.698,85953960
2011-03-10,14.5408,14.5701,14.392,14.4131,124998876
2011-03-11,14.3615,14.4057,14.24,14.324,121158720
2011-03-14,14.2268,14.3632,14.1081,14.157,112531356
2011-03-15,13.8468,14.1821,13.7972,14.1464,160063776
2011-03-16,14.1079,14.1521,13.6923,13.8369,151788060
2011-03-17,14.0202,14.1325,13.9223,13.9427,115856028
2011-03-18,14.0242,14.1074,13.9025,13.9352,131812056
2011-03-21,14.1628,14.4007,14.133,14.3187,120715164
2011-03-22,14.3379,14.3865,14.2196,14.3391,75400524
2011-03-23,14.2862,14.4665,14.207,14.4593,72575352
2011-03-24,14.5405,14.6141,14.3759,14.5768,83864052
2011-03-25,14.5766,14.5773,14.3868,14.3992,114221664
2011-03-28,14.4571,14.5296,14.2743,14.2904,88647264
2011-03-29,14.3063,14.4526,14.2321,14.4486,64127808
2011-03-30,14.5145,14.5423,14.4201,14.4514,56835108
2011-03-31,14.4802,14.6083,14.4489,14.5736,81094824
2011-04-01,14.6232,14.7829,14.6232,14.6988,104423472
2011-04-04,14.7286,14.7718,14.4827,14.5964,82097820
2011-04-05,14.4325,14.4427,14.05,14.1347,241658100
2011-04-06,14.2114,14.2855,14.1076,14.2611,106625268
2011-04-07,14.2996,14.4216,14.2614,14.4057,101158740
2011-04-08,14.5271,14.5271,14.3575,14.36,75995928
2011-04-11,14.3113,14.3585,14.2318,14.3403,74253672
2011-04-12,14.2815,14.3289,14.1089,14.1724,83340576
2011-04-13,14.2941,14.3461,14.2008,14.3133,82693224
2011-04-14,14.2862,14.392,14.2095,14.3687,218033748
2011-04-15,13.5436,13.555,13.1653,13.1812,561186252
2011-04-18,13.0749,13.1057,12.8906,13.0853,201390408
2011-04-19,13.1626,13.1857,12.9378,12.9534,107256636
2011-04-20,13.062,13.0848,12.95,13.0577,122277600
2011-04-21,13.1015,13.1211,12.9748,13.0421,98705196
2011-04-25,13.0458,13.0893,12.9653,13.0409,65166768
2011-04-26,13.0774,13.3486,13.0448,13.2338,139860000
2011-04-27,13.3625,13.3652,13.2718,13.3565,91844064
2011-04-28,13.364,13.3935,13.2651,13.3618,79920000
2011-04-29,13.4122,13.514,13.3752,13.514,168970860
2011-05-02,13.5537,13.5545,13.3406,13.3764,85262652
2011-05-03,13.3409,13.4621,13.1546,13.2604,83176740
2011-05-04,13.2922,13.3873,13.2388,13.3076,84595320
2011-05-05,13.2597,13.3978,13.2011,13.2699,79832088
2011-05-06,13.3662,13.4484,13.2925,13.2954,82161756
2011-05-09,13.288,13.3747,13.1911,13.3546,77870052
2011-05-10,13.4122,13.5222,13.3511,13.4782,81634284
2011-05-11,13.4157,13.5003,13.2555,13.2992,93458448
2011-05-12,13.2939,13.3362,13.1864,13.2892,57874068
2011-05-13,13.2783,13.3108,13.1402,13.1526,84263652
2011-05-16,13.0722,13.096,12.826,12.8762,118209672
2011-05-17,12.8019,13.1941,12.792,13.1752,132011856
2011-05-18,13.1524,13.172,13.057,13.1591,78049872
2011-05-19,13.2316,13.3262,13.1568,13.1948,98649252
2011-05-20,13.2085,13.2132,12.9932,13.0155,92607300
2011-05-23,12.831,12.9154,12.7515,12.8754,91908000
2011-05-24,12.9246,13.0138,12.8695,12.8722,75924000
2011-05-25,12.8491,12.9842,12.8471,12.9072,52011936
2011-05-26,12.8583,12.9681,12.7912,12.869,84655260
2011-05-27,12.8777,12.9599,12.8235,12.9378,69762168
2011-05-31,13.0396,13.1402,13.0024,13.1395,107384508
2011-06-01,13.1151,13.2433,13.0473,13.0545,118117764
2011-06-02,13.1034,13.1713,12.977,13.1156,88091820
2011-06-03,12.9651,13.1042,12.9527,12.9919,69870060
2011-06-06,13.0034,13.0848,12.8968,12.9418,77606316
2011-06-07,12.9872,13.0304,12.8903,12.8913,76227696
2011-06-08,12.8292,12.9462,12.8106,12.8948,66069864
2011-06-09,12.9154,12.9154,12.8071,12.8342,67496436
2011-06-10,12.7684,12.8332,12.6494,12.6549,97498404
2011-06-13,12.6671,12.672,12.4726,12.5362,96994908
2011-06-14,12.6211,12.7684,12.5923,12.6266,93566340
2011-06-15,12.5436,12.6261,12.4338,12.492,82849068
2011-06-16,12.4885,12.5819,12.336,12.4279,110169720
2011-06-17,12.5722,12.5848,12.0412,12.0466,209606184
2011-06-20,12.0461,12.0767,11.9028,12.0357,121022856
2011-06-21,12.1005,12.2682,12.0394,12.2448,110505384
2011-06-22,12.2063,12.2287,12.0891,12.096,96187716
2011-06-23,11.9748,11.993,11.7662,11.9274,191875932
2011-06-24,11.9388,11.9406,11.7486,11.7948,152071776
2011-06-27,11.7729,12.1306,11.763,11.9915,137650212
2011-06-28,12.0218,12.3245,12.0218,12.261,108495396
2011-06-29,12.3327,12.4249,12.2294,12.3583,93626280
2011-06-30,12.4681,12.5843,12.4559,12.5771,97038864
2011-07-01,12.5861,12.9447,12.5771,12.941,145322532
2011-07-05,13.0471,13.2979,13.0471,13.2244,153814032
2011-07-06,13.2507,13.3752,13.2393,13.2969,107716176
2011-07-07,13.437,13.6774,13.3098,13.5761,157262580
2011-07-08,13.2371,13.3538,13.096,13.2132,190617192
2011-07-11,13.1186,13.3123,13.052,13.0962,113458428
2011-07-12,13.1181,13.3978,13.0645,13.2634,113534352
2011-07-13,13.3377,13.5115,13.3247,13.369,111496392
2011-07-14,13.3903,13.4618,13.0826,13.1375,265714020
2011-07-15,14.8403,14.9086,14.6083,14.8433,548734716
2011-07-18,14.7159,14.9533,14.7037,14.7767,178553268
2011-07-19,14.8065,15.0187,14.7914,14.9658,118581300
2011-07-20,14.9566,14.9727,14.7869,14.7869,89022888
2011-07-21,14.7541,15.1026,14.7536,15.076,138641220
2011-07-22,15.0363,15.3867,15.0085,15.3552,140986872
2011-07-25,15.2342,15.5335,15.2253,15.3738,125138736
2011-07-26,15.3507,15.5854,15.3301,15.4618,93622284
2011-07-27,15.3291,15.4228,15.0204,15.0817,157218624
2011-07-28,15.0313,15.2993,14.9769,15.1741,124211664
2011-07-29,15.0075,15.274,14.9941,14.9941,165330504
2011-08-01,15.1811,15.2874,14.882,15.0706,158485356
2011-08-02,15.0514,15.1426,14.693,14.7137,127895976
2011-08-03,14.7601,14.9769,14.4958,14.9315,152874972
2011-08-04,14.7658,14.8739,14.3428,14.3441,196387416
2011-08-05,14.4688,14.654,13.9586,14.3818,236926836
2011-08-08,13.9829,14.1325,13.5202,13.5617,299564136
2011-08-09,13.9338,14.2718,13.4373,14.242,258529212
2011-08-10,13.9432,14.0113,13.6042,13.636,214569216
2011-08-11,13.7554,14.12,13.6211,13.9618,193030776
2011-08-12,14.1449,14.1697,13.9189,14.0026,126045828
2011-08-15,13.7457,14.0329,13.5624,13.8401,285510204
2011-08-16,13.7209,13.7212,13.1713,13.3873,277298424
2011-08-17,13.4129,13.5038,13.1829,13.242,163000836
2011-08-18,13.0016,13.0369,12.4308,12.5399,251376372
2011-08-19,12.4023,12.788,12.1917,12.1932,216183600
2011-08-22,12.518,12.5925,12.2828,12.3732,196039764
2011-08-23,12.5056,12.9504,12.3953,12.8861,173698128
2011-08-24,12.8988,13.1638,12.8466,12.9971,143636220
2011-08-25,13.1732,13.3444,12.8732,12.9164,131588280
2011-08-26,12.9152,13.175,12.745,13.0858,143708148
2011-08-29,13.2771,13.3985,13.2522,13.3893,93338568
2011-08-30,13.3672,13.4864,13.1839,13.4296,119440440
2011-08-31,13.5299,13.5686,13.3128,13.436,107624268
2011-09-01,13.4308,13.5073,13.1941,13.2259,96523380
2011-09-02,13.0264,13.1121,12.9336,13.0356,95951952
2011-09-06,12.6869,12.984,12.6795,12.9696,108523368
2011-09-07,13.175,13.3113,13.0992,13.2639,110121768
2011-09-08,13.2582,13.3898,13.211,13.287,95124780
2011-09-09,13.1986,13.2793,12.945,13.0359,130621248
2011-09-12,12.8648,13.2132,12.8533,13.1668,106709184
2011-09-13,13.2135,13.2602,12.9999,13.1519,94073832
2011-09-14,13.2281,13.3364,13.06,13.2152,107668224
2011-09-15,13.3004,13.5359,13.2771,13.4758,118313568
2011-09-16,13.5314,13.5821,13.4902,13.5781,141230628
2011-09-19,13.4209,13.6581,13.2974,13.5778,98637264
2011-09-20,13.6456,13.8722,13.4785,13.5768,111052836
2011-09-21,13.6032,13.7847,13.3839,13.3923,100471428
2011-09-22,13.0707,13.1335,12.7664,12.9318,175835988
2011-09-23,12.83,13.0749,12.7788,13.0523,110980908
2011-09-26,13.0955,13.2366,12.7478,13.2107,105262632
2011-09-27,13.3675,13.5873,13.3141,13.3958,120315564
2011-09-28,13.4494,13.512,13.1067,13.135,90441468
2011-09-29,13.3138,13.3451,12.9008,13.1017,116147736
2011-09-30,12.9206,13.0148,12.7758,12.7922,108835056
2011-10-03,12.6633,12.7167,12.2945,12.3074,178797024
2011-10-04,12.1711,12.5041,11.9368,12.4659,166185648
2011-10-05,12.328,12.6124,11.9411,12.5354,181182636
2011-10-06,12.605,12.797,12.4833,12.784,136835028
2011-10-07,12.8367,12.9278,12.6745,12.7942,114121764
2011-10-10,13.0441,13.3493,12.9949,13.3419,92795112
2011-10-11,13.2497,13.5811,13.2497,13.4912,114021864
2011-10-12,13.6141,13.7904,13.5272,13.6233,126984888
2011-10-13,13.6613,13.8841,13.6114,13.8838,227276496
2011-10-14,14.8893,14.8925,14.5937,14.6958,340854804
2011-10-17,14.4981,14.6995,14.356,14.4655,160167672
2011-10-18,14.4104,14.7176,14.3411,14.6667,151879968
2011-10-19,14.588,14.7052,14.3863,14.4231,117142740
2011-10-20,14.4529,14.6265,14.3935,14.4968,135024840
2011-10-21,14.6419,14.7223,14.5721,14.6662,135504360
2011-10-24,14.5726,14.9017,14.5671,14.8135,136938924
2011-10-25,14.731,14.7782,14.4765,14.4842,101518380
2011-10-26,14.6429,14.6585,14.2283,14.5624,114809076
2011-10-27,14.8632,14.9695,14.736,14.8694,151060788
2011-10-28,14.7663,14.9595,14.7596,14.9059,100219680
2011-10-31,14.7805,14.8947,14.6955,14.7196,102209688
2011-11-01,14.4082,14.5425,14.3249,14.3721,124878996
2011-11-02,14.5274,14.6034,14.4176,14.5254,84751164
2011-11-03,14.5795,14.8403,14.4981,14.8403,106685208
2011-11-04,14.741,14.896,14.7144,14.8065,113278608
2011-11-07,14.7365,15.1205,14.7094,15.1093,134161704
2011-11-08,15.126,15.2593,14.9918,15.2089,121054824
2011-11-09,15.0082,15.1356,14.8691,14.926,148291560
2011-11-10,15.0497,15.0502,14.6928,14.7802,114621264
2011-11-11,14.9347,15.2027,14.8676,15.1098,158920920
2011-11-14,15.1011,15.3515,15.0957,15.2253,127420452
2011-11-15,15.2203,15.3515,15.1632,15.3137,106932960
2011-11-16,15.2024,15.3569,15.1659,15.1873,104235660
2011-11-17,15.152,15.2077,14.8224,14.924,139592268
2011-11-18,14.9521,15.0142,14.7472,14.7752,131376492
2011-11-21,14.5984,14.6168,14.2092,14.429,119931948
2011-11-22,14.4057,14.5291,14.2874,14.4057,96115788
2011-11-23,14.2902,14.4119,14.16,14.16,92938968
2011-11-25,14.0378,14.2634,13.942,13.9834,62433504
2011-11-28,14.39,14.6247,14.3187,14.6091,113042844
2011-11-29,14.6014,14.663,14.4387,14.4784,73198728
2011-11-30,14.8515,14.8902,14.706,14.8873,135744120
2011-12-01,14.9024,15.2998,14.8776,15.2444,144679176
2011-12-02,15.3259,15.4985,15.3063,15.4081,163264572
2011-12-05,15.5889,15.6947,15.4588,15.5395,127772100
2011-12-06,15.4734,15.6133,15.4051,15.4928,92966940
2011-12-07,15.4409,15.5397,15.352,15.4834,90201708
2011-12-08,15.425,15.5842,15.2824,15.3011,96427476
2011-12-09,15.3495,15.6259,15.3249,15.5835,110537352
2011-12-12,15.4459,15.5527,15.4064,15.533,87268644
2011-12-13,15.6167,15.8105,15.4699,15.539,160966872
2011-12-14,15.4451,15.5065,15.2126,15.3512,155991852
2011-12-15,15.4618,15.4985,15.3666,15.3877,96247656
2011-12-16,15.5065,15.6306,15.4357,15.5472,178193628
2011-12-19,15.5981,15.6103,15.3992,15.4446,85654260
2011-12-20,15.5979,15.6932,15.5976,15.6567,95432472
2011-12-21,15.6478,15.6927,15.3733,15.5437,99816084
2011-12-22,15.5966,15.6905,15.5733,15.6401,72819108
2011-12-23,15.6972,15.7638,15.6614,15.7255,58089852
2011-12-27,15.6985,16.0074,15.6972,15.9021,64191744
2011-12-28,15.9642,16.0201,15.8487,15.8885,85002912
2011-12-29,15.9329,15.9704,15.7767,15.9555,62952984
2011-12-30,15.9461,16.0638,15.9461,16.0424,71220708
2012-01-03,16.2173,16.5951,16.2031,16.527,146912940
2012-01-04,16.5176,16.6472,16.4081,16.5983,114445440
2012-01-05,16.4456,16.4913,16.299,16.3681,131184684
2012-01-06,16.3715,16.3927,16.1391,16.1448,107608284
2012-01-09,16.0574,16.0698,15.4297,15.4603,232671096
2012-01-10,15.6413,15.7419,15.3224,15.4772,175648176
2012-01-11,15.4861,15.6324,15.427,15.5472,95904000
2012-01-12,15.6778,15.7193,15.5606,15.6386,74932992
2012-01-13,15.5546,15.5718,15.4255,15.5231,92199708
2012-01-17,15.6967,15.6967,15.5402,15.6123,76295628
2012-01-18,15.5638,15.7469,15.4518,15.7198,110357532
2012-01-19,15.9205,15.9205,15.6838,15.8852,251959788
2012-01-20,14.6672,14.6789,14.4479,14.5544,422628948
2012-01-23,14.5547,14.6208,14.4842,14.5428,136379484
2012-01-24,14.5626,14.5964,14.356,14.4288,122109768
2012-01-25,14.3438,14.3736,14.0674,14.1446,199308492
2012-01-26,14.2065,14.2686,14.0219,14.1101,128918952
2012-01-27,14.1767,14.4136,14.1407,14.4052,144555300
2012-01-30,14.3572,14.4057,14.2417,14.3483,93126780
2012-01-31,14.4802,14.505,14.2852,14.4084,85610304
2012-02-01,14.5284,14.5423,14.3843,14.4263,92735172
2012-02-02,14.5266,14.5649,14.4573,14.5326,96491412
2012-02-03,14.6704,14.8296,14.6056,14.8113,126613260
2012-02-06,14.7785,15.1714,14.7536,15.1282,147036816
2012-02-07,15.08,15.1356,14.9958,15.0706,83600316
2012-02-08,15.117,15.1843,15.0201,15.1471,73382544
2012-02-09,15.201,15.2626,15.126,15.1871,90497412
2012-02-10,15.0981,15.1043,15.0018,15.0492,92914992
2012-02-13,15.1632,15.2462,15.1513,15.2054,72579348
2012-02-14,15.189,15.2005,15.0206,15.1448,72075852
2012-02-15,15.2236,15.2236,14.966,15.0405,96938964
2012-02-16,14.9725,15.1212,14.846,15.0644,101134764
2012-02-17,15.0259,15.0919,14.962,15.0177,97866036
2012-02-21,14.9985,15.3465,14.9739,15.2501,99132768
2012-02-22,15.1995,15.3192,15.0691,15.0996,78601320
2012-02-23,15.0763,15.0996,14.9111,15.0542,82117800
2012-02-24,15.085,15.1918,15.0393,15.1483,77346576
2012-02-27,15.0661,15.2094,15.0281,15.1337,72483444
2012-02-28,15.1508,15.3935,15.0932,15.3592,113790096
2012-02-29,15.3644,15.5383,15.2874,15.3557,125350524
2012-03-01,15.4553,15.5407,15.3532,15.4588,89418492
2012-03-02,15.4488,15.4985,15.4071,15.4302,62869068
2012-03-05,15.4098,15.461,15.1851,15.2563,63668268
2012-03-06,15.1024,15.1212,14.7494,15.0256,126849024
2012-03-07,15.1272,15.1803,15.048,15.0713,50529420
2012-03-08,15.1518,15.188,15.0601,15.0798,53766180
2012-03-09,15.0999,15.198,14.9024,14.9086,106717176
2012-03-12,14.9024,15.0763,14.884,15.0303,66693240
2012-03-13,15.1197,15.3458,15.0403,15.344,89742168
2012-03-14,15.275,15.4682,15.2367,15.2996,117358524
2012-03-15,15.3147,15.4861,15.2708,15.4272,97306596
2012-03-16,15.4213,15.546,15.4004,15.5243,121897980
2012-03-19,15.4767,15.8281,15.43,15.7464,86825088
2012-03-20,15.6704,15.7981,15.5797,15.7342,61558380
2012-03-21,15.762,16.0795,15.7099,15.8954,98685216
2012-03-22,15.8587,16.1145,15.6724,16.0462,96311592
2012-03-23,16.0598,16.107,15.9183,15.9602,77530392
2012-03-26,16.0201,16.1316,15.8845,16.1276,72695232
2012-03-27,16.0705,16.2312,16.0151,16.0703,80207712
2012-03-28,16.1947,16.3576,16.1711,16.2873,101454444
2012-03-29,16.2297,16.308,16.0027,16.1048,76895028
2012-03-30,16.1878,16.231,15.9207,15.9267,92335572
2012-04-02,15.915,16.0822,15.7678,16.0678,91276632
2012-04-03,16.0303,16.0934,15.8621,15.961,81714204
2012-04-04,15.8574,15.8711,15.6749,15.7755,65038896
2012-04-05,15.7032,15.8072,15.612,15.7052,92655252
2012-04-09,15.6098,15.7799,15.5306,15.6684,87220692
2012-04-10,15.735,15.7593,15.5122,15.5695,99180720
2012-04-11,15.7461,15.7966,15.6798,15.7956,87872040
2012-04-12,15.9543,16.2223,15.9024,16.1694,230033736
2012-04-13,16.0834,16.1192,15.4871,15.5134,326045628
2012-04-16,15.4737,15.4938,14.9436,15.0532,227456316
2012-04-17,15.115,15.3418,15.0765,15.1401,120835044
2012-04-18,15.1024,15.2203,14.9722,15.0875,106673220
2012-04-19,15.0437,15.3063,14.8776,14.885,131652216
2012-04-20,15.008,15.1222,14.7988,14.8046,122213664
2012-04-23,14.7261,14.8639,14.659,14.8428,87824088
2012-04-24,14.8587,15.0671,14.8359,14.934,77086836
2012-04-25,15.0018,15.1843,14.9739,15.1438,72771156
2012-04-26,15.1734,15.3495,15.1433,15.2866,83616300
2012-04-27,15.2755,15.3182,15.1657,15.2745,65390544
2012-04-30,15.2251,15.3018,14.9176,15.0229,96195708
2012-05-01,14.9966,15.1905,14.9071,15.0124,80011908
2012-05-02,14.9322,15.1038,14.9176,15.0827,64395540
2012-05-03,15.1414,15.2708,15.1247,15.1761,74645280
2012-05-04,15.0495,15.0984,14.8232,14.8272,88207704
2012-05-07,14.7782,15.1649,14.7782,15.0899,79700220
2012-05-08,15.0398,15.3222,14.9198,15.2201,106984908
2012-05-09,15.0718,15.3093,14.9474,15.1297,93058848
2012-05-10,15.2243,15.3045,15.1565,15.2417,61374564
2012-05-11,15.1595,15.2638,15.0209,15.0323,83892024
2012-05-14,14.9218,15.1135,14.9168,15.0018,72903024
2012-05-15,15.0353,15.275,14.9956,15.1784,83999916
2012-05-16,15.3485,15.65,15.2983,15.621,193210596
2012-05-17,15.7427,15.8425,15.4297,15.4749,134017848
2012-05-18,15.5258,15.7076,14.8205,14.9124,238701060
2012-05-21,14.9151,15.2921,14.9024,15.2529,122892984
2012-05-22,15.2362,15.2454,14.8031,14.9223,121953924
2012-05-23,14.9434,15.1409,14.8309,15.1374,126996876
2012-05-24,15.1299,15.1985,14.8744,14.9933,75576348
2012-05-25,14.9273,14.9454,14.6113,14.692,143132724
2012-05-29,14.7983,14.8808,14.6123,14.7618,104123772
2012-05-30,14.6083,14.7012,14.4933,14.6101,76191732
2012-05-31,14.6223,14.654,14.3808,14.427,118613268
2012-06-01,14.2018,14.2231,14.1163,14.1816,122193684
2012-06-04,14.1628,14.4178,14.1575,14.3706,97210692
2012-06-05,14.2927,14.3592,14.0696,14.1675,93502404
2012-06-06,14.3182,14.4546,14.247,14.4198,83748168
2012-06-07,14.5944,14.6016,14.3374,14.3617,70269660
2012-06-08,14.3026,14.4305,14.2711,14.4168,56359584
2012-06-11,14.5102,14.5378,14.0751,14.12,106337556
2012-06-12,14.1516,14.1647,13.8737,14.0356,128839032
2012-06-13,13.9516,14.0828,13.8761,13.936,78089832
2012-06-14,13.9412,14.0348,13.8225,13.8853,93702204
2012-06-15,13.9174,14.0212,13.8366,14.0209,119927952
2012-06-18,13.974,14.2619,13.8903,14.1784,99776124
2012-06-19,14.2465,14.512,14.2348,14.4437,82964952
2012-06-20,14.401,14.4057,14.2445,14.3438,93774132
2012-06-21,14.4017,14.4017,14.0016,14.0383,80371548
2012-06-22,14.1076,14.1941,14.0535,14.1941,89026884
2012-06-25,14.091,14.1099,13.8431,13.9263,63200736
2012-06-26,13.9775,14.0728,13.896,14.0252,53953992
2012-06-27,14.1002,14.2564,14.0584,14.1399,67624308
2012-06-28,14.0555,14.0637,13.8396,14.016,76759164
2012-06-29,14.2805,14.4089,14.2119,14.4074,100679220
2012-07-02,14.4509,14.4802,14.3187,14.4173,66153780
2012-07-03,14.4059,14.6146,14.356,14.6001,47532420
2012-07-05,14.6232,14.9039,14.6178,14.8011,93742164
2012-07-06,14.7149,14.7415,14.4757,14.5542,86385528
2012-07-09,14.5286,14.6193,14.4367,14.5549,68535396
2012-07-10,14.6588,14.7144,14.3744,14.4479,76847076
2012-07-11,14.3138,14.3523,14.0316,14.1869,139832028
2012-07-12,14.0858,14.2052,13.9608,14.1692,92299608
2012-07-13,14.2107,14.3846,14.1213,14.3192,78960960
2012-07-16,14.3155,14.3856,14.2015,14.2795,58445496
2012-07-17,14.3667,14.4223,14.1176,14.3245,67136796
2012-07-18,14.3307,14.4973,14.3095,14.4245,61866072
2012-07-19,14.5582,14.8647,14.5547,14.73,186801012
2012-07-20,15.12,15.2238,14.8572,15.1712,258289452
2012-07-23,14.9143,15.3582,14.859,15.2876,142325532
2012-07-24,15.275,15.3478,15.0102,15.0904,80295624
2012-07-25,15.1091,15.2347,15.0358,15.1009,72847080
2012-07-26,15.275,15.3214,15.1515,15.2342,67340592
2012-07-27,15.3716,15.7717,15.3371,15.7707,141846012
2012-07-30,15.7978,15.9605,15.6351,15.7047,87380532
2012-07-31,15.6043,15.809,15.6033,15.7213,74549376
2012-08-01,15.8289,15.8837,15.6818,15.7141,73710216
2012-08-02,15.536,15.847,15.4839,15.6165,79028892
2012-08-03,15.8959,15.9883,15.8,15.9289,75808116
2012-08-06,15.8862,16.1289,15.8765,15.966,71224704
2012-08-07,15.9404,16.0017,15.8082,15.9093,79192728
2012-08-08,15.8723,16.0417,15.8587,15.9513,52835112
2012-08-09,16.0079,16.0541,15.9337,15.9543,42769188
2012-08-10,15.8609,15.9515,15.7998,15.9456,57326616
2012-08-13,16.0802,16.3964,16.0618,16.3929,130585284
2012-08-14,16.374,16.7118,16.3678,16.6077,146321532
2012-08-15,16.648,16.7466,16.4945,16.5799,96331572
2012-08-16,16.5792,16.7563,16.5685,16.7123,68639292
2012-08-17,16.7434,16.8211,16.6833,16.8184,87020892
2012-08-20,16.7776,16.8613,16.7071,16.7786,70253676
2012-08-21,16.7183,16.8397,16.4466,16.6289,88799112
2012-08-22,16.576,16.9043,16.5591,16.8194,76291632
2012-08-23,16.7471,16.9013,16.6659,16.8099,71296632
2012-08-24,16.7801,16.9006,16.7424,16.8554,57006936
2012-08-27,16.4669,16.6907,16.3738,16.6217,104443452
2012-08-28,16.5168,16.8303,16.5104,16.8211,82261656
2012-08-29,16.8241,17.1127,16.7938,17.0884,119492388
2012-08-30,16.9947,17.073,16.8939,16.9311,65010924
2012-08-31,16.9888,17.1025,16.8904,17.0158,84998916
2012-09-04,17.0024,17.0136,16.728,16.9152,75508416
2012-09-05,16.8894,17.0508,16.868,16.9073,68259672
2012-09-06,17.0374,17.3834,17.0069,17.3713,121618260
2012-09-07,17.3862,17.6904,17.3283,17.5389,129190680
2012-09-10,17.6286,17.7043,17.3462,17.4053,102297600
2012-09-11,17.3355,17.4023,17.1626,17.1922,74877048
2012-09-12,17.1231,17.2597,16.9113,17.1596,105586308
2012-09-13,17.2145,17.6097,17.1512,17.5362,106253640
2012-09-14,17.6246,17.709,17.5603,17.6266,104635260
2012-09-17,17.5876,17.7061,17.5103,17.634,60271668
2012-09-18,17.5794,17.8496,17.5545,17.8402,82589328
2012-09-19,17.8208,18.0955,17.7937,18.0692,123808068
2012-09-20,17.9939,18.1656,17.9132,18.0846,116179704
2012-09-21,18.1862,18.2535,18.1343,18.2304,254109636
2012-09-24,18.1561,18.629,18.1375,18.6126,142409448
2012-09-25,18.7038,18.9979,18.5699,18.6072,242097660
2012-09-26,18.6243,18.9072,18.4045,18.714,226689084
2012-09-27,18.8752,18.9469,18.669,18.7895,157086756
2012-09-28,18.7311,18.859,18.6566,18.7398,111228660
2012-10-01,18.8528,19.0006,18.7823,18.9206,126593280
2012-10-02,19.0055,19.0252,18.6347,18.8016,111496392
2012-10-03,18.7701,18.9738,18.6827,18.9385,88243668
2012-10-04,18.9447,19.122,18.8615,19.0763,98069832
2012-10-05,19.1424,19.2336,19.0008,19.0664,109326564
2012-10-08,18.9012,18.9653,18.7311,18.8227,78265656
2012-10-09,18.8682,18.9092,18.4425,18.4812,120007872
2012-10-10,18.4258,18.5667,18.3372,18.4929,81514404
2012-10-11,18.7,18.8391,18.6352,18.6648,95260644
2012-10-12,18.674,18.749,18.4815,18.4976,96071832
2012-10-15,18.4278,18.4748,18.1487,18.404,120643236
2012-10-16,18.3829,18.5533,18.2917,18.4964,82245672
2012-10-17,18.4778,18.7855,18.3861,18.7644,91624284
2012-10-18,18.7656,18.862,16.7901,17.262,497198304
2012-10-19,17.5247,17.5526,16.6907,16.9339,458828712
2012-10-22,16.9145,17.0044,16.6336,16.8564,162061776
2012-10-23,16.691,17.0715,16.6907,16.8981,116547336
2012-10-24,17.0583,17.0633,16.7719,16.8223,99760140
2012-10-25,16.8894,16.9391,16.7282,16.8338,95947956
2012-10-26,16.8025,16.9647,16.6708,16.7689,77953968
2012-10-31,16.8859,16.9142,16.7652,16.8969,61418520
2012-11-01,16.877,17.1601,16.8576,17.0779,81921996
2012-11-02,17.2567,17.2756,17.0725,17.0861,92883024
2012-11-05,17.0012,17.0598,16.7791,16.9629,65370564
2012-11-06,17.0255,17.0508,16.8286,16.9321,63248688
2012-11-07,16.7652,16.8454,16.5539,16.5695,89202708
2012-11-08,16.646,16.678,16.1748,16.2012,103776120
2012-11-09,16.2598,16.5998,16.1517,16.4679,124439436
2012-11-12,16.4858,16.6361,16.4143,16.5392,56179764
2012-11-13,16.4672,16.5814,16.3487,16.3691,63704232
2012-11-14,16.4091,16.4468,16.1567,16.2076,66669264
2012-11-15,16.1443,16.3927,15.9928,16.0762,73882044
2012-11-16,16.0447,16.2193,15.7966,16.0742,137390472
2012-11-19,16.2859,16.6142,16.2816,16.5966,94633272
2012-11-20,16.6289,16.8397,16.5062,16.6403,83464452
2012-11-21,16.6159,16.6361,16.4026,16.5385,84403512
2012-11-23,16.6403,16.641,16.5442,16.5906,36863100
2012-11-26,16.5526,16.5665,16.3683,16.4212,88095816
2012-11-27,16.3969,16.7652,16.343,16.6587,100247652
2012-11-28,16.5916,17.0114,16.4893,16.9806,121558320
2012-11-29,17.0826,17.2346,16.9391,17.1847,110948940
2012-11-30,17.1703,17.3668,17.0307,17.3457,126417456
2012-12-03,17.4418,17.5324,17.2399,17.2682,87612300
2012-12-04,17.262,17.2746,17.031,17.1634,79588332
2012-12-05,17.1912,17.2495,16.9473,17.0836,74421504
2012-12-06,17.0779,17.2771,17.0014,17.1658,58433508
2012-12-07,17.262,17.3087,16.9495,16.994,76695228
2012-12-10,17.0233,17.1788,16.9835,17.024,54613332
2012-12-11,17.1378,17.4338,17.0812,17.3087,107396496
2012-12-12,17.367,17.4733,17.2242,17.3256,96942960
2012-12-13,17.7816,17.7952,17.375,17.4532,137658204
2012-12-14,17.3655,17.5804,17.3472,17.4348,85118796
2012-12-17,17.5228,17.9306,17.486,17.9023,121294584
2012-12-18,17.7985,18.1089,17.76,17.9095,120075804
2012-12-19,17.9005,17.9574,17.8004,17.8856,76667256
2012-12-20,17.9639,17.9984,17.8076,17.9415,66213720
2012-12-21,17.7331,17.8536,17.6474,17.7744,140898960
2012-12-24,17.7465,17.7632,17.5717,17.6221,33602364
2012-12-26,17.5866,17.7061,17.446,17.6065,47248704
2012-12-27,17.5635,17.6057,17.3516,17.5424,65830104
2012-12-28,17.4281,17.5578,17.3864,17.3864,56023920
2012-12-31,17.3862,17.6487,17.2868,17.5695,79816104
2013-01-02,17.8685,18.0568,17.7972,17.9636,101550348
2013-01-03,18.0054,18.1792,17.9008,17.9741,92635272
2013-01-04,18.1149,18.4162,18.0737,18.3292,110429460
2013-01-07,18.2666,18.3642,18.1457,18.2493,66161772
2013-01-08,18.2689,18.2877,17.9929,18.2132,66976956
2013-01-09,18.1877,18.3387,18.0965,18.333,80907012
2013-01-10,18.4499,18.5038,18.2182,18.4164,73354572
2013-01-11,18.4293,18.44,18.2877,18.3794,51356592
2013-01-14,18.3051,18.4343,17.9413,17.9636,114441444
2013-01-15,17.8663,18.2555,17.6867,18.0053,156950892
2013-01-16,17.9425,17.9907,17.7257,17.7634,80855064
2013-01-17,17.826,17.874,17.6599,17.6673,88371540
2013-01-18,17.6435,17.7033,17.4192,17.4982,128942928
2013-01-22,17.5019,17.5188,17.2749,17.4574,151544304
2013-01-23,18.28,18.6032,18.2751,18.4169,236127636
2013-01-24,18.4104,18.7977,18.3923,18.7326,135172692
2013-01-25,18.6471,18.8386,18.6342,18.7192,88946964
2013-01-28,18.6717,18.7671,18.5756,18.6462,65018916
2013-01-29,18.5473,18.8006,18.5421,18.7194,69814116
2013-01-30,18.7209,18.9,18.7003,18.7231,69250680
2013-01-31,18.6407,18.8173,18.6342,18.7693,65302632
2013-02-01,18.8317,19.2887,18.8292,19.2639,149694156
2013-02-04,19.0674,19.1364,18.8334,18.8521,121498380
2013-02-05,18.9045,19.1523,18.8632,19.019,74753172
2013-02-06,18.8533,19.1983,18.8391,19.129,83040876
2013-02-07,19.1173,19.3436,19.013,19.2229,113494392
2013-02-08,19.3764,19.5388,19.3622,19.5065,120683196
2013-02-11,19.3334,19.4477,19.2179,19.4332,86625288
2013-02-12,19.4166,19.5694,19.3575,19.3905,74285640
2013-02-13,19.3764,19.506,19.3724,19.4442,47880072
2013-02-14,19.3664,19.5902,19.3178,19.5674,69342588
2013-02-15,19.5569,19.7025,19.5487,19.6933,109082808
2013-02-19,19.7703,20.0437,19.7527,20.04,117154728
2013-02-20,20.0015,20.0927,19.666,19.6826,110457432
2013-02-21,19.8202,20.0053,19.6518,19.7589,140115744
2013-02-22,19.8515,19.9009,19.7159,19.8627,82073844
2013-02-25,19.927,20.0788,19.6337,19.6406,92063844
2013-02-26,19.7457,19.7693,19.4824,19.6247,88011900
2013-02-27,19.7407,19.9879,19.6491,19.8644,80962956
2013-02-28,19.8972,20.0435,19.8955,19.8997,90541368
2013-03-01,19.8152,20.0472,19.7743,20.0236,86928984
2013-03-04,20.0015,20.4372,19.9941,20.4039,110912976
2013-03-05,20.5884,20.8671,20.5877,20.8286,161602236
2013-03-06,20.889,20.9627,20.5855,20.6493,114805080
2013-03-07,20.7158,20.7794,20.6046,20.6796,82025892
2013-03-08,20.7268,20.7372,20.4921,20.6528,116359524
2013-03-11,20.657,20.8559,20.6523,20.7347,63724212
2013-03-12,20.6326,20.662,20.4578,20.5556,80251668
2013-03-13,20.5628,20.6321,20.424,20.4985,65586348
2013-03-14,20.5402,20.5402,20.3018,20.4049,65981952
2013-03-15,20.3294,20.3741,20.2012,20.2251,123864012
2013-03-18,19.9941,20.1868,19.9064,20.0634,73458468
2013-03-19,20.1491,20.348,20.0301,20.151,83844072
2013-03-20,20.2879,20.3048,20.154,20.2352,58493448
2013-03-21,20.1503,20.2901,20.1145,20.1496,59044896
2013-03-22,20.236,20.2484,20.1093,20.126,59468472
2013-03-25,20.1781,20.3475,20.0393,20.1093,68411520
2013-03-26,20.2052,20.2176,20.0634,20.1784,47628324
2013-03-27,20.0358,20.0437,19.9029,19.936,86441472
2013-03-28,19.969,20.0033,19.7035,19.7256,91420488
2013-04-01,19.746,19.9258,19.7022,19