date,open,high,low,close,volume
2005-01-03,25.809,25.9471,25.773,25.875,7294600
2005-01-04,25.9591,25.9771,25.5328,25.5448,6899600
2005-01-05,25.5148,25.9651,25.2867,25.3107,6868300
2005-01-06,25.3107,25.4128,24.7224,24.9325,8912200
2005-01-07,24.9925,25.0105,24.6203,24.8665,7015500
2005-01-10,24.7644,25.2447,24.7644,25.0946,6102200
2005-01-11,24.9625,25.1186,24.9625,25.0406,4569700
2005-01-12,25.0045,25.3647,24.8004,25.3347,6468700
2005-01-13,25.2447,25.3347,24.8545,25.0526,8269600
2005-01-14,25.0946,25.2147,25.0526,25.1546,4186200
2005-01-18,24.9205,25.3587,24.9145,25.3107,7041700
2005-01-19,25.2027,25.3467,25.0826,25.0946,4310700
2005-01-20,25.1006,25.1006,24.5303,24.7044,6664100
2005-01-21,24.7044,24.8484,24.5303,24.5543,6068200
2005-01-24,24.6743,24.6804,24.2061,24.2481,6174100
2005-01-25,24.3081,24.5423,24.2961,24.3562,5137100
2005-01-26,24.5062,24.5062,24.3261,24.4522,5664000
2005-01-27,24.3261,24.6503,24.3201,24.4102,5813200
2005-01-28,24.4642,24.5062,24.1821,24.2601,5598400
2005-01-31,24.3742,24.8184,24.3742,24.7704,6341200
2005-02-01,24.7344,24.8004,24.6023,24.6984,5558000
2005-02-02,24.6623,24.8244,24.6263,24.7944,3586000
2005-02-03,24.7344,24.9865,24.7044,24.9565,4831700
2005-02-04,24.8845,25.4728,24.8845,25.4668,7180200
2005-02-07,25.3767,25.5268,25.3707,25.5268,5391700
2005-02-08,25.3948,25.5749,25.2207,25.2447,5564200
2005-02-09,25.3047,25.3828,25.0646,25.1306,4155100
2005-02-10,25.2147,25.4848,25.0225,25.4368,4434300
2005-02-11,25.3588,25.809,25.2147,25.701,6385200
2005-02-14,25.6829,25.755,25.5448,25.5869,3449000
2005-02-15,25.4548,25.725,25.4428,25.6529,5477900
2005-02-16,25.5328,25.6529,25.3107,25.4368,5560500
2005-02-17,25.3708,25.4848,24.9205,25.1006,6916600
2005-02-18,25.1066,25.3527,25.0586,25.2267,5879400
2005-02-22,24.8244,24.8845,24.074,24.182,14330000
2005-02-23,24.2541,24.3742,23.7918,23.8639,12444500
2005-02-24,23.8098,23.8819,23.3416,23.7858,15068200
2005-02-25,23.8699,24.3802,23.7858,24.3622,9844600
2005-02-28,24.164,24.4042,24.026,24.026,8184700
2005-03-01,24.044,24.122,23.9179,24.044,9299200
2005-03-02,23.9239,24.128,23.8819,24.0019,7257100
2005-03-03,24.008,24.104,23.8339,23.8459,6993800
2005-03-04,23.9839,24.104,23.8338,24.068,5639700
2005-03-07,24.02,24.1761,23.8879,23.9419,6808200
2005-03-08,24.0442,24.1586,23.984,24.0563,5578000
2005-03-09,23.978,24.0141,23.7614,23.7674,7951000
2005-03-10,23.7192,24.0081,23.7192,24.0081,5574900
2005-03-11,23.9539,24.0743,23.6891,23.7252,5837300
2005-03-14,23.8336,23.8757,23.328,23.7554,8673000
2005-03-15,23.8637,24.0683,23.8035,23.9299,7213700
2005-03-16,23.7493,23.978,23.2678,23.4002,9594200
2005-03-17,23.3461,23.4785,23.1836,23.4183,6771300
2005-03-18,23.4243,23.5326,23.2859,23.4002,11023500
2005-03-21,23.2558,23.2739,22.5757,22.8646,11310900
2005-03-22,22.8706,23.0993,22.7623,22.7623,7509000
2005-03-23,22.5938,22.8526,22.5336,22.6901,13465500
2005-03-24,22.684,23.0692,22.6299,22.8887,7585400
2005-03-28,23.0512,23.3461,22.991,23.2257,6300500
2005-03-29,23.1113,23.2618,22.666,22.684,8156400
2005-03-30,22.7803,23.1234,22.7683,22.9609,6376800
2005-03-31,22.9789,23.2558,22.9308,23.0151,6665400
2005-04-01,23.1113,23.322,22.2447,22.6299,12149300
2005-04-04,22.5998,22.9007,22.4553,22.8164,7878700
2005-04-05,22.6901,23.0813,22.5516,23.009,7168400
2005-04-06,22.9549,23.0572,22.69,22.7442,5966400
2005-04-07,22.6359,22.6901,22.4072,22.5095,9925200
2005-04-08,22.5757,22.7382,22.4493,22.5576,8287200
2005-04-11,22.5998,22.8646,22.4854,22.7141,6325500
2005-04-12,22.7683,23.316,22.6479,23.2016,7174900
2005-04-13,23.1114,23.2076,22.7322,22.8104,6411800
2005-04-14,22.7322,22.7322,22.3169,22.359,9794500
2005-04-15,22.01,22.2387,21.5164,21.7331,12597700
2005-04-18,21.7331,22.1664,21.6849,22.1062,8421300
2005-04-19,22.0882,22.1123,21.7993,21.9437,6016300
2005-04-20,21.6729,21.7211,21.2335,21.4261,11172100
2005-04-21,21.6067,22.0701,21.6067,22.0701,8073600
2005-04-22,22.0701,22.0701,21.4683,21.6789,7728700
2005-04-25,21.6789,22.022,21.6669,21.7873,6150500
2005-04-26,21.703,22.1303,21.6729,21.7873,5496000
2005-04-27,21.6729,22.022,21.5947,21.685,7256500
2005-04-28,21.5164,21.5826,20.9988,21.1192,11298200
2005-04-29,21.2155,21.3599,20.8002,21.2877,10155600
2005-05-02,21.4683,21.9076,21.39,21.8234,8223300
2005-05-03,21.4863,22.3229,21.4743,22.1183,9662900
2005-05-04,22.1604,22.3891,22.0641,22.3289,7092700
2005-05-05,22.2567,22.5275,22.0641,22.1785,5553100
2005-05-06,22.3289,22.5576,22.2928,22.365,7768300
2005-05-09,22.2687,22.4734,22.2567,22.4192,5995300
2005-05-10,22.0762,22.2025,21.8113,21.9437,7924800
2005-05-11,21.9197,22.0521,21.5766,21.9799,7089800
2005-05-12,21.9016,22.2387,21.7752,21.8053,6003300
2005-05-13,21.9257,22.1785,21.7451,21.8414,7355400
2005-05-16,21.9317,22.4914,21.9257,22.4914,10428200
2005-05-17,23.4424,23.6891,23.2317,23.3882,17725400
2005-05-18,23.5327,24.0021,23.4303,23.954,12155700
2005-05-19,23.954,24.2248,23.9419,24.1586,7771100
2005-05-20,24.1646,24.1646,23.635,23.8516,7891900
2005-05-23,24.0623,24.279,24.0322,24.0502,7297200
2005-05-24,23.96,24.0623,23.8336,23.984,6790300
2005-05-25,23.8516,23.9901,23.5507,23.6951,5611200
2005-05-26,23.7854,24.1405,23.7614,24.0262,5342200
2005-05-27,23.954,24.0984,23.9239,24.0563,4346800
2005-05-31,23.954,24.0442,23.6711,23.6831,7188900
2005-06-01,23.5928,24.1044,23.5748,24.0382,6970600
2005-06-02,24.0202,24.3692,23.972,24.279,5728000
2005-06-03,24.279,24.3572,23.8637,23.9058,4474500
2005-06-06,23.9058,24.0864,23.9058,24.0442,3935000
2005-06-07,24.183,24.6174,24.1106,24.1347,8725200
2005-06-08,24.1347,24.3881,23.8934,23.9356,7032700
2005-06-09,23.8451,24.1046,23.8029,23.8934,6792400
2005-06-10,23.8813,23.9658,23.3202,23.8331,5273800
2005-06-13,23.6943,24.1106,23.6943,23.9899,4747200
2005-06-14,23.8994,24.2494,23.8934,24.1528,5474500
2005-06-15,24.3278,24.364,23.8451,24.1528,6016400
2005-06-16,24.0804,24.3459,24.0141,24.2554,5554700
2005-06-17,24.4666,24.6959,23.9718,24.2554,11352600
2005-06-20,24.1347,24.2011,23.8994,24.1046,4614300
2005-06-21,24.0442,24.3278,23.8693,23.9417,4172600
2005-06-22,24.1166,24.1287,23.8632,23.9537,4490500
2005-06-23,23.9779,24.1468,23.5917,23.6158,8723600
2005-06-24,23.5314,23.5676,23.0185,23.0728,13323400
2005-06-27,23.1392,23.3986,23.1392,23.2116,5528000
2005-06-28,23.3504,23.7305,23.2659,23.7184,4777700
2005-06-29,23.6822,23.7546,23.3805,23.4107,4861100
2005-06-30,24.0744,24.1408,23.4348,23.471,7645900
2005-07-01,23.64,23.827,23.5796,23.827,8116900
2005-07-05,23.8753,24.2614,23.7787,24.183,8604100
2005-07-06,24.1589,24.2132,23.5253,23.6943,6355500
2005-07-07,23.5253,23.9779,23.2961,23.7486,6532900
2005-07-08,23.8331,24.2373,23.7727,24.183,6062100
2005-07-11,24.0141,24.4244,23.9839,24.3158,5353900
2005-07-12,24.4666,25.0398,24.4425,24.9191,12055000
2005-07-13,24.8648,25.0881,24.6838,24.726,7801200
2005-07-14,24.72,25.1303,24.72,24.7622,6442000
2005-07-15,24.7562,25.3415,24.7441,25.1062,7591100
2005-07-18,25.0157,25.6432,25.0157,25.613,8828000
2005-07-19,25.6432,26.0957,25.613,26.0655,10756300
2005-07-20,26.0716,26.5361,25.975,26.518,10919500
2005-07-21,26.3672,26.506,25.969,26.156,9706500
2005-07-22,26.0776,26.2827,25.8121,26.2284,5249800
2005-07-25,26.144,26.4034,25.9448,25.9811,5009400
2005-07-26,25.9931,26.4879,25.981,26.3612,7092300
2005-07-27,26.4094,26.4094,25.9569,26.156,5181800
2005-07-28,26.1017,26.4879,26.1017,26.4698,5530400
2005-07-29,26.4155,26.4879,26.0957,26.2526,5782400
2005-08-01,26.0715,26.1801,25.5707,25.8604,7171500
2005-08-02,25.7819,25.8242,25.5044,25.5889,7466400
2005-08-03,25.4018,25.607,25.3053,25.4802,6690600
2005-08-04,25.0398,25.3415,24.7984,24.9071,9947700
2005-08-05,24.8708,24.9553,24.5571,24.7079,6879800
2005-08-08,24.7683,24.7924,24.3339,24.4907,6408200
2005-08-09,24.7019,25.0579,24.6355,24.9553,6648600
2005-08-10,25.1605,25.6552,25.0458,25.1363,8320600
2005-08-11,25.1182,25.3777,24.7441,25.0398,6887100
2005-08-12,24.8588,25.0036,24.5873,24.9071,5832900
2005-08-15,25.3415,25.4984,24.8105,25.1062,8448800
2005-08-16,24.9493,24.9493,24.4364,24.539,11346500
2005-08-17,24.4485,24.726,24.3399,24.5088,8325900
2005-08-18,24.358,24.6778,24.1951,24.5571,8504100
2005-08-19,24.5752,24.7321,24.3338,24.358,7647700
2005-08-22,24.4304,24.7079,24.2252,24.4545,7165800
2005-08-23,24.5752,24.5752,24.2735,24.5209,6296000
2005-08-24,24.4063,24.6778,24.0744,24.0744,7920500
2005-08-25,24.0442,24.2916,23.9899,24.2433,7926500
2005-08-26,24.1649,24.2554,23.8632,24.0201,6208700
2005-08-29,24.0442,24.7562,24.0442,24.4606,11979500
2005-08-30,24.4061,24.5876,23.6742,24.0432,13065400
2005-08-31,24.2549,24.4969,23.9041,24.388,11258800
2005-09-01,24.6178,24.7932,24.2852,24.5634,11009100
2005-09-02,24.7388,24.7448,24.2852,24.394,7324800
2005-09-06,24.6178,25.2953,24.6178,25.2287,10523000
2005-09-07,25.2832,25.4283,25.1259,25.3618,10186400
2005-09-08,25.2832,25.2832,24.8416,24.9082,8893900
2005-09-09,24.9142,25.0412,24.7993,24.9324,6108400
2005-09-12,24.9263,25.017,24.6783,24.9989,5892400
2005-09-13,24.7086,24.8477,24.5029,24.5573,9501200
2005-09-14,24.6541,24.7993,24.3154,24.4001,6779200
2005-09-15,24.5513,24.5634,24.1521,24.4001,6481600
2005-09-16,24.6481,24.6481,24.0855,24.1339,14306000
2005-09-19,24.1581,24.1642,23.6924,23.9101,7714700
2005-09-20,23.9041,23.9888,23.3295,23.4142,8016100
2005-09-21,23.2266,23.6198,23.0089,23.1964,11245900
2005-09-22,23.2508,23.5412,22.9847,23.4383,15575600
2005-09-23,23.4807,23.5956,23.0754,23.3053,13810300
2005-09-26,23.523,23.5714,23.0452,23.2327,10384600
2005-09-27,23.3174,23.3537,23.0512,23.2206,8057800
2005-09-28,23.1662,23.2569,22.6762,22.894,13690600
2005-09-29,22.8032,23.1299,22.4645,23.021,9330700
2005-09-30,23.021,23.2024,22.8456,23.0694,7024700
2005-10-03,23.0754,23.2448,23.0149,23.0573,7330200
2005-10-04,23.1299,23.4383,23.0936,23.1299,8222300
2005-10-05,23.1057,23.1359,22.7609,22.7911,7894900
2005-10-06,22.8698,23.2569,22.6702,22.9363,11939900
2005-10-07,23.0754,23.2206,22.7911,22.8637,6964300
2005-10-10,23.0452,23.3597,22.9545,22.9968,8386100
2005-10-11,22.9968,23.2266,22.9907,23.1238,8306200
2005-10-12,23.1359,23.2146,22.7307,23.0573,8938900
2005-10-13,22.9061,23.1057,22.8032,22.9545,7965600
2005-10-14,23.5351,23.5351,22.9424,23.2327,7870500
2005-10-17,23.2871,23.3174,22.9847,23.2629,5450900
2005-10-18,23.1662,23.1904,22.9666,23.0815,7092000
2005-10-19,22.9847,23.892,22.7125,23.7468,23767700
2005-10-20,24.0493,24.3456,23.892,23.9343,14543400
2005-10-21,24.0734,24.1944,23.9464,23.9827,10900900
2005-10-24,24.1944,24.5936,23.9827,24.5936,10548300
2005-10-25,24.5573,24.5936,24.1097,24.267,11884800
2005-10-26,24.1642,24.5513,24.0916,24.3517,13506600
2005-10-27,24.2247,24.2972,23.7166,23.8255,8507500
2005-10-28,24.0432,24.5453,23.9646,24.509,9281600
2005-10-31,24.5573,25.0836,24.5271,24.8235,12744700
2005-11-01,24.7993,24.9082,24.642,24.7872,11443400
2005-11-02,24.7267,25.0775,24.7086,24.9566,11835600
2005-11-03,25.0049,25.0654,24.4061,24.6723,14353300
2005-11-04,24.7569,25.0654,24.5513,25.017,6370400
2005-11-07,25.0049,25.144,24.884,25.1017,7188600
2005-11-08,24.9203,24.9203,24.4666,24.5392,9728500
2005-11-09,24.6118,24.8477,24.6118,24.6844,10352300
2005-11-10,24.7509,25.3678,24.6783,25.2469,8757400
2005-11-11,24.9203,25.4041,24.9203,25.3497,7537600
2005-11-14,25.6461,26.13,25.634,25.7489,12409700
2005-11-15,26.136,26.1723,25.5009,25.6461,14159500
2005-11-16,25.6461,25.6945,25.1078,25.5433,10368300
2005-11-17,25.6461,25.761,25.4102,25.7126,6763500
2005-11-18,26.13,26.1421,25.5493,25.6703,7892400
2005-11-21,25.4767,25.6461,25.3376,25.5735,6505200
2005-11-22,25.4344,25.6642,25.3436,25.634,7796100
2005-11-23,25.5856,25.9001,25.5493,25.7066,6192400
2005-11-25,25.755,26.009,25.6037,25.6582,2216100
2005-11-28,25.6642,25.6703,25.1622,25.1924,11974800
2005-11-29,25.3258,25.629,25.2773,25.4653,7815300
2005-11-30,25.4653,25.5744,25.2895,25.3319,7001300
2005-12-01,25.3683,25.4956,24.9135,25.1864,7757900
2005-12-02,25.0712,25.4047,25.0712,25.2652,5565900
2005-12-05,25.1015,25.2228,24.8953,25.0954,6490400
2005-12-06,25.1621,25.3137,24.9924,25.1076,6645000
2005-12-07,25.0712,25.3016,24.9924,25.1742,5880400
2005-12-08,25.1439,25.2531,24.8954,24.9924,6492600
2005-12-09,25.0409,25.1076,24.8105,24.8711,5963000
2005-12-12,24.9499,25.1742,24.9257,25.053,4643300
2005-12-13,24.9499,25.6593,24.8771,25.629,9021100
2005-12-14,25.629,25.9443,25.5865,25.7563,7486500
2005-12-15,25.7563,25.9443,25.4895,25.8169,5405500
2005-12-16,25.9321,25.9382,25.7078,25.7684,8577900
2005-12-19,25.6472,25.7381,25.2228,25.3561,5646100
2005-12-20,25.3561,25.3561,25.0105,25.1318,5798200
2005-12-21,25.3076,25.4471,25.15,25.1924,4887100
2005-12-22,25.1621,25.1985,24.9984,25.1197,4550300
2005-12-23,25.1197,25.3198,24.9439,25.2167,3910000
2005-12-27,25.2834,25.441,24.8711,24.8711,4424300
2005-12-28,24.9802,25.0712,24.8105,24.9135,4379100
2005-12-29,24.962,24.9802,24.6589,24.7013,4537800
2005-12-30,24.6468,24.8408,24.5073,24.5437,5154000
2006-01-03,24.4891,25.1318,24.1132,25.0045,8959200
2006-01-04,24.8226,24.8832,24.3921,24.5437,9449800
2006-01-05,24.3133,24.4709,24.1374,24.3011,9492400
2006-01-06,24.4042,24.5619,24.3072,24.4831,9170200
2006-01-09,24.7377,24.9196,24.4042,24.7498,8242300
2006-01-10,24.8832,25.7624,24.8711,25.344,15087800
2006-01-11,25.4653,26.1929,25.4107,26.0413,12113400
2006-01-12,25.8897,26.0413,25.7624,25.7987,8515200
2006-01-13,25.4107,25.823,25.15,25.4107,8372500
2006-01-17,25.1621,25.3925,25.0772,25.2046,6372700
2006-01-18,25.2046,25.532,25.0894,25.4047,7066400
2006-01-19,25.0409,25.4592,24.9378,25.0287,12264400
2006-01-20,24.956,25.0227,24.3254,24.3557,15030200
2006-01-23,24.4952,24.6043,24.0404,24.0647,9305100
2006-01-24,24.2466,24.5255,24.0829,24.5255,10890900
2006-01-25,24.5073,24.6528,24.1253,24.2405,8095800
2006-01-26,24.3133,24.5922,24.2769,24.4952,7279800
2006-01-27,24.386,24.6468,24.1132,24.2527,8192700
2006-01-30,24.0829,24.4285,24.0829,24.2527,5657800
2006-01-31,24.2526,24.7741,24.1435,24.5861,10809700
2006-02-01,24.5255,24.6043,24.1981,24.3921,6937400
2006-02-02,24.2284,24.3982,24.1374,24.2284,7343300
2006-02-03,24.1617,24.2284,23.8888,24.1435,7560400
2006-02-06,24.1132,24.2648,23.8161,23.9434,7603800
2006-02-07,23.8525,23.9131,23.3432,23.4826,11150100
2006-02-08,23.6463,23.8646,23.5614,23.81,7242700
2006-02-09,23.7797,23.9495,23.616,23.6767,6989600
2006-02-10,23.616,23.8404,23.4644,23.7797,6237300
2006-02-13,23.6585,24.2102,23.6585,24.0707,6469100
2006-02-14,24.2223,24.9863,24.1496,24.9378,12911900
2006-02-15,24.9196,25.3258,24.7377,25.1803,10143400
2006-02-16,25.2288,25.435,25.0651,25.3804,7780200
2006-02-17,25.3743,25.4228,25.0772,25.3804,8572700
2006-02-21,26.0716,26.0716,25.2894,25.3865,15235900
2006-02-22,25.5441,25.5865,24.9499,25.3925,10013900
2006-02-23,25.4289,25.6896,25.1379,25.2106,8311300
2006-02-24,25.344,25.3865,24.8954,25.241,7274700
2006-02-27,25.3562,25.9018,25.3137,25.7381,9702400
2006-02-28,25.5744,25.7199,25.2834,25.5562,12243100
2006-03-01,25.5562,25.8836,25.1621,25.823,9634900
2006-03-02,25.5744,25.7624,25.344,25.6411,11570100
2006-03-03,25.4653,25.9503,25.4107,25.5865,6157100
2006-03-06,25.5623,25.5744,25.1864,25.344,8198200
2006-03-07,25.344,25.3501,25.1067,25.1736,5710600
2006-03-08,25.0093,25.125,24.8876,25.0459,8533800
2006-03-09,24.9911,25.0702,24.5104,24.7294,9795500
2006-03-10,24.7294,25.1493,24.7234,25.1006,6776000
2006-03-13,24.9972,25.271,24.8572,25.1006,5190900
2006-03-14,25.0154,25.7882,25.0154,25.6422,9242200
2006-03-15,25.5692,25.77,25.411,25.7152,6063400
2006-03-16,25.843,26.0864,25.7456,26.0134,8699300
2006-03-17,26.1472,26.1716,25.9829,26.1046,13093100
2006-03-20,25.9951,26.1594,25.9829,26.0742,7354600
2006-03-21,26.0681,26.2689,25.989,26.1655,10821900
2006-03-22,26.0255,26.4393,26.0255,26.3906,9505900
2006-03-23,26.3176,26.7436,26.3115,26.6584,10267800
2006-03-24,26.6036,26.6827,26.0438,26.2385,7884800
2006-03-27,26.1351,26.2507,26.0134,26.1594,6646600
2006-03-28,26.1046,26.5002,26.056,26.1594,7215400
2006-03-29,26.1959,26.3785,26.0012,26.1107,7367300
2006-03-30,26.0499,26.1837,25.7091,25.7882,7492200
2006-03-31,25.9221,26.129,25.6909,25.7395,9198200
2006-04-03,25.7882,25.9525,25.6726,25.7882,6977700
2006-04-04,25.7395,25.9829,25.5935,25.8917,6306000
2006-04-05,25.9769,26.1229,25.9038,25.9525,6680000
2006-04-06,25.9221,25.9403,25.5935,25.6422,7130000
2006-04-07,25.7943,25.9403,25.4596,25.6178,8844700
2006-04-10,25.6057,25.6848,25.2832,25.4353,6960400
2006-04-11,25.4961,25.6118,25.1189,25.2101,7065300
2006-04-12,25.1493,25.1919,24.8268,24.9424,7047400
2006-04-13,24.8877,25.1797,24.7173,25.0215,5386000
2006-04-17,24.9667,25.0458,24.4069,24.5712,6777600
2006-04-18,24.5895,25.2162,24.486,25.1432,9382700
2006-04-19,25.0702,25.2223,24.7659,24.7903,6692800
2006-04-20,24.8572,25.058,24.5651,24.8329,5348100
2006-04-21,25.0093,25.0337,24.34,24.5104,9110200
2006-04-24,24.626,24.626,24.3096,24.3887,6571700
2006-04-25,24.3887,24.5469,24.0357,24.3156,10603000
2006-04-26,24.4495,24.6503,24.3217,24.3826,7964900
2006-04-27,24.2,24.7416,24.2,24.4739,8777700
2006-04-28,24.4921,24.6016,24.2974,24.2974,9010100
2006-05-01,24.4313,24.8146,24.3948,24.6686,10232800
2006-05-02,24.8876,24.9181,24.4191,24.4617,8125600
2006-05-03,24.4617,24.6929,24.3704,24.5651,6072600
2006-05-04,24.5956,24.6442,24.3947,24.4982,9261500
2006-05-05,24.7416,25.2406,24.626,25.125,11264000
2006-05-08,25.0398,25.2223,24.8755,24.9546,7029300
2006-05-09,25.0093,25.3197,24.9667,25.1676,8358200
2006-05-10,25.131,25.1676,24.8572,25.0763,7472100
2006-05-11,24.9789,25.131,24.6747,24.7781,9089700
2006-05-12,24.6625,24.7173,24.1331,24.34,11666600
2006-05-15,24.3096,24.6442,24.1879,24.6442,9653300
2006-05-16,24.0966,24.0966,23.2325,23.3968,30901200
2006-05-17,23.2873,23.336,22.697,23.1291,29136400
2006-05-18,23.4272,23.7863,23.2629,23.3725,16002800
2006-05-19,23.482,23.8045,23.4455,23.695,11992600
2006-05-22,23.4272,23.5368,23.1595,23.4212,10881400
2006-05-23,23.4698,23.5489,22.9709,23.0256,10796100
2006-05-24,23.0013,23.2325,22.8674,23.1291,14849400
2006-05-25,23.342,23.3664,23.0804,23.3664,9405700
2006-05-26,23.4272,23.7863,23.4272,23.5307,9235100
2006-05-30,23.2812,23.336,22.9404,22.9404,11519200
2006-05-31,22.983,23.2082,22.8857,23.196,12052000
2006-06-01,23.0926,23.4942,23.0621,23.4577,11641400
2006-06-02,23.3725,23.5794,23.0013,23.123,12508100
2006-06-05,22.9709,23.1838,22.7822,22.7944,11632400
2006-06-06,22.9532,22.996,22.3606,22.6417,17697300
2006-06-07,22.5745,22.8372,22.3912,22.4278,11670600
2006-06-08,22.3423,22.8494,22.3179,22.7577,13226800
2006-06-09,22.6661,22.8433,22.4584,22.5745,10768700
2006-06-12,22.5439,22.5806,22.1163,22.1529,11108500
2006-06-13,22.0552,22.5439,22.0185,22.1712,12581800
2006-06-14,22.0735,22.4889,22.0674,22.4523,11091600
2006-06-15,22.6233,22.9105,22.4095,22.8311,20366900
2006-06-16,22.7883,23.0205,22.5195,22.55,15064900
2006-06-19,22.55,22.7455,22.4706,22.5195,9870000
2006-06-20,22.4278,22.4828,22.1407,22.2507,13114000
2006-06-21,22.1896,22.5256,22.1896,22.3973,8614100
2006-06-22,22.5684,22.5745,22.214,22.2873,10054400
2006-06-23,22.2079,23.7047,22.1957,22.2445,8122000
2006-06-26,22.1529,22.4828,22.1468,22.3851,7495100
2006-06-27,22.3301,22.4278,22.1773,22.2201,10033000
2006-06-28,22.159,22.269,21.9941,22.0918,26954100
2006-06-29,22.1163,22.3362,21.9024,22.2751,20206500
2006-06-30,22.2751,22.2995,21.768,21.8658,24057400
2006-07-03,21.9085,21.9818,21.8108,21.8535,7944800
2006-07-05,21.8597,21.8597,21.6214,21.7069,14000400
2006-07-06,21.658,21.8291,21.6275,21.6703,10733200
2006-07-07,21.6947,21.8108,21.5542,21.6092,14575700
2006-07-10,21.6275,21.7314,21.2976,21.3831,12949100
2006-07-11,21.322,21.3403,20.705,21.0043,21508600
2006-07-12,20.931,21.041,20.5095,20.5339,25645000
2006-07-13,20.4667,20.8211,20.314,20.8149,20904600
2006-07-14,20.7477,20.9982,20.54,20.6744,16324500
2006-07-17,20.7294,21.0593,20.4056,20.5278,14148200
2006-07-18,20.4361,20.5095,20.0696,20.2406,24942100
2006-07-19,20.2651,21.0715,20.1979,20.986,19621300
2006-07-20,21.0899,21.4748,20.7477,20.76,17558600
2006-07-21,20.8088,20.8088,20.4178,20.6805,14074700
2006-07-24,20.8577,21.2793,20.8027,21.1448,9545700
2006-07-25,21.041,21.5908,20.9677,21.5297,10972700
2006-07-26,21.3831,21.3831,21.0838,21.1998,9331200
2006-07-27,21.1815,21.3098,20.705,20.7844,11595900
2006-07-28,20.9799,21.3831,20.9493,21.1326,9571300
2006-07-31,21.1326,21.2609,20.986,21.2059,8566200
2006-08-01,21.0776,21.0776,20.7416,20.8577,9419400
2006-08-02,20.8638,20.9799,20.6561,20.8394,12543400
2006-08-03,20.65,21.1998,20.4789,21.1204,11433700
2006-08-04,21.5053,21.5175,20.9921,21.2059,10587900
2006-08-07,21.2059,21.2609,20.9555,21.1937,6767900
2006-08-08,21.2609,21.3159,20.8455,20.9738,8972300
2006-08-09,20.9982,21.0715,20.4056,20.4056,16718200
2006-08-10,20.3445,20.6133,20.2773,20.5339,9823900
2006-08-11,20.5828,20.6072,20.204,20.3262,11925000
2006-08-14,20.3873,20.8699,20.2284,20.3201,19552200
2006-08-15,21.0471,21.2304,20.6194,21.041,21028600
2006-08-16,21.1082,21.1448,20.7844,21.0776,12539600
2006-08-17,21.0776,21.4442,21.0166,21.2121,13203100
2006-08-18,21.2365,21.3342,20.9738,21.2426,10542100
2006-08-21,20.8638,21.0166,20.7966,20.9555,12770500
2006-08-22,20.986,21.0043,20.7539,20.8088,11680000
2006-08-23,20.6194,20.7111,20.4728,20.5583,14504100
2006-08-24,20.54,20.5583,20.2101,20.4117,16185700
2006-08-25,20.5278,20.5828,20.3323,20.4545,10298300
2006-08-28,20.4667,20.8699,20.4667,20.5828,11072700
2006-08-29,20.6622,20.8944,20.5339,20.8272,10124600
2006-08-30,20.8577,21.0838,20.6683,20.8455,12323900
2006-08-31,20.8394,21.0471,20.7477,20.9493,10638700
2006-09-01,20.9555,21.3037,20.8821,21.1632,9145000
2006-09-05,21.2613,21.427,21.157,21.335,8370600
2006-09-06,21.0895,21.1693,20.8441,20.9668,11691500
2006-09-07,20.8318,21.2429,20.7091,21.0711,11571100
2006-09-08,21.1509,21.2122,20.9607,21.0343,7429900
2006-09-11,21.0343,21.6173,20.9852,21.5129,13311300
2006-09-12,21.5988,22.5867,21.5804,22.4947,24431400
2006-09-13,22.5192,23.0408,22.3352,22.8076,20425200
2006-09-14,22.5806,22.9304,22.3413,22.8383,14856500
2006-09-15,22.961,23.1022,22.5499,22.8383,14876200
2006-09-18,22.3965,22.599,22.2493,22.4456,13968300
2006-09-19,22.5192,22.5438,22.1511,22.2615,11884500
2006-09-20,22.3597,22.4456,22.0652,22.3229,12795200
2006-09-21,22.3658,22.5315,21.9486,21.9977,11414500
2006-09-22,22.0099,22.0774,21.7216,22.0652,7813200
2006-09-25,22.0652,22.5192,21.8872,22.4456,10884900
2006-09-26,22.2738,22.7954,22.2124,22.4701,13853000
2006-09-27,22.4517,22.6051,22.2308,22.372,8965700
2006-09-28,22.3106,22.5561,22.1511,22.5193,9732100
2006-09-29,22.3842,22.5929,22.2308,22.2554,8485000
2006-10-02,22.2002,22.5131,22.0774,22.2983,8620500
2006-10-03,22.329,22.7279,22.2431,22.599,10101500
2006-10-04,22.5622,23.096,22.4763,23.004,12285900
2006-10-05,22.961,23.004,22.6849,22.8629,10960000
2006-10-06,22.7401,22.8567,22.5806,22.7892,10853200
2006-10-09,22.5867,23.1574,22.5745,23.1328,9489800
2006-10-10,23.1635,23.2372,23.0285,23.1697,9159700
2006-10-11,23.0469,23.4396,23.0469,23.2678,11529400
2006-10-12,23.3047,23.4642,23.1697,23.2556,13221000
2006-10-13,22.9733,22.9794,22.4272,22.642,19330600
2006-10-16,22.3658,22.4763,22.2493,22.3045,13144600
2006-10-17,22.059,22.1818,21.8995,21.9424,15175100
2006-10-18,22.059,22.2492,21.9363,22.0222,12402300
2006-10-19,21.9915,22.2063,21.9056,22.0345,9847200
2006-10-20,22.0774,22.1327,21.8136,22.0836,11183400
2006-10-23,21.9731,22.3045,21.967,22.237,11491300
2006-10-24,22.2002,22.4333,22.194,22.3965,12234500
2006-10-25,22.4395,22.5192,22.2922,22.4579,12371600
2006-10-26,22.6051,23.0347,22.4763,22.9365,15365100
2006-10-27,22.8506,22.9058,22.5806,22.7463,14936800
2006-10-30,22.6297,22.8874,22.6174,22.8567,10040700
2006-10-31,22.8567,22.9917,22.6726,22.9058,14471000
2006-11-01,23.0101,23.096,22.8383,22.9181,14395800
2006-11-02,22.734,23.0101,22.6481,22.826,16633900
2006-11-03,22.9058,22.9488,22.5806,22.826,13998200
2006-11-06,22.4579,22.869,22.4272,22.8383,16866400
2006-11-07,22.8015,22.9979,22.7708,22.8445,17390900
2006-11-08,22.7033,23.004,22.7033,22.8567,13936900
2006-11-09,22.8567,22.9549,22.5745,22.6113,18646500
2006-11-10,22.5806,22.6113,22.3842,22.4824,14180600
2006-11-13,22.5499,22.5622,22.2431,22.3351,20610100
2006-11-14,21.9793,23.3537,21.9486,23.2924,49455400
2006-11-15,23.1758,23.4949,22.9549,23.0838,28458300
2006-11-16,23.1942,23.2556,22.8076,23.2003,18965600
2006-11-17,23.1758,23.4949,23.096,23.4887,16742100
2006-11-20,23.3967,23.8385,23.2249,23.5685,15707800
2006-11-21,23.5685,23.5869,23.2617,23.2678,9018400
2006-11-22,23.2678,23.5071,23.2556,23.3783,14130400
2006-11-24,23.2249,23.409,23.139,23.1451,3064100
2006-11-27,23.3783,23.409,22.9856,23.0653,12267800
2006-11-28,23.0314,23.1178,22.8339,22.8832,11906100
2006-11-29,22.9573,23.2968,22.8771,23.2228,12005600
2006-11-30,23.1549,23.6178,22.982,23.4388,17329100
2006-12-01,24.1364,24.6672,23.8524,24.0561,47279400
2006-12-04,23.8894,24.3648,23.7104,24.1981,14555500
2006-12-05,24.3154,24.5067,24.0931,24.303,11901800
2006-12-06,24.3956,24.7598,24.2351,24.6425,17948700
2006-12-07,24.4265,24.6055,24.0067,24.0314,16351400
2006-12-08,24.0561,24.2598,23.8833,23.9512,11267400
2006-12-11,23.9512,24.0438,23.7413,23.945,15648700
2006-12-12,23.8894,23.908,23.5685,23.8894,17788200
2006-12-13,24.0438,24.2537,23.945,24.1425,18604500
2006-12-14,24.1364,24.7537,23.9944,24.6734,24292200
2006-12-15,24.7598,24.9203,24.587,24.624,25977200
2006-12-18,24.7351,24.8771,24.4944,24.6672,14082200
2006-12-19,24.5376,24.55,24.3277,24.4697,14938400
2006-12-20,24.4141,24.6055,24.1549,24.1549,13445400
2006-12-21,24.229,24.303,23.8586,24.0191,14785100
2006-12-22,24.0438,24.1178,23.9203,24.0067,7911700
2006-12-26,23.84,24.2104,23.8215,24.1117,7255400
2006-12-27,24.1919,24.4944,24.1858,24.4203,8736900
2006-12-28,24.3277,24.5746,24.3092,24.5253,8890100
2006-12-29,24.482,24.8709,24.4759,24.7907,11611400
2007-01-03,25.4944,25.8278,25.2845,25.3524,50853600
2007-01-04,25.3092,25.4203,24.9265,25.0438,22319400
2007-01-05,24.9635,25.0808,24.5191,24.5623,21676500
2007-01-08,24.6549,24.6611,24.2289,24.3771,17465300
2007-01-09,24.3833,24.5993,24.2104,24.2722,20341100
2007-01-10,24.5932,24.6487,24.1117,24.5561,15324600
2007-01-11,24.4759,24.8092,24.4759,24.7413,12149100
2007-01-12,24.6611,24.9203,24.5993,24.7598,11218600
2007-01-16,24.6919,24.9512,24.6426,24.871,12639900
2007-01-17,24.8092,24.9821,24.7475,24.871,12729000
2007-01-18,24.7228,25.2722,24.6981,25.229,18810000
2007-01-19,25.2907,25.2969,24.9697,25.0315,12125900
2007-01-22,25.0993,25.0993,24.6796,24.7228,14165800
2007-01-23,24.7104,25.0685,24.6919,24.9574,11380400
2007-01-24,25.0129,25.1796,24.9512,25.1179,9835700
2007-01-25,25.0191,25.1055,24.6981,24.7475,11086200
2007-01-26,24.766,24.8277,24.4697,24.6549,9797400
2007-01-29,24.8771,25.0129,24.5932,24.6364,12147600
2007-01-30,24.7598,24.9265,24.6981,24.7969,8671700
2007-01-31,24.6734,25.2784,24.6611,25.1487,11630100
2007-02-01,25.1672,25.4203,25.1179,25.3586,12544200
2007-02-02,25.2475,25.3956,25.0685,25.2043,9928300
2007-02-05,25.1055,25.4512,25.0253,25.3277,9017400
2007-02-06,25.3648,25.5438,25.2537,25.4759,8096800
2007-02-07,25.445,25.5932,25.3216,25.5315,8347100
2007-02-08,25.445,25.4759,25.2722,25.3648,11976500
2007-02-09,25.445,25.5685,25.2537,25.3092,9320000
2007-02-12,25.6919,25.9327,25.4759,25.5808,18480700
2007-02-13,25.4882,25.8278,25.4203,25.7784,13173700
2007-02-14,25.7537,25.9018,25.6179,25.7599,20514700
2007-02-15,25.6611,25.8339,25.5068,25.7166,10828700
2007-02-16,25.6179,25.7166,25.4327,25.5808,11035300
2007-02-20,25.1487,25.8031,25.124,25.5191,17903400
2007-02-21,25.2413,25.5685,25.0932,25.4944,11916800
2007-02-22,25.4142,25.4944,25.3031,25.4203,9484700
2007-02-23,25.5685,25.6117,25.192,25.2845,13729700
2007-02-26,25.3092,25.3092,24.8833,25.1796,12198400
2007-02-27,24.9944,25.0129,24.4203,24.5808,23480300
2007-02-28,24.2536,24.5993,24.2536,24.4388,26115700
2007-03-01,24.1796,24.4759,23.8647,24.3524,21139500
2007-03-02,24.266,24.3092,24.0561,24.0808,19521700
2007-03-05,23.9203,24.1981,23.8215,23.8709,22835500
2007-03-06,24.2279,24.2279,23.8616,24.0913,17472800
2007-03-07,24.0355,24.2093,23.9175,24.0355,12320700
2007-03-08,24.0727,24.29,24.0479,24.0913,11707100
2007-03-09,24.3087,24.3211,23.8989,24.0106,11988600
2007-03-12,23.8492,24.0727,23.6629,23.7002,14195200
2007-03-13,23.6133,23.6753,23.1289,23.191,21392500
2007-03-14,23.1476,23.3338,22.6632,23.3214,24242400
2007-03-15,23.2593,23.4704,23.1103,23.278,10151000
2007-03-16,23.3463,23.4829,23.1786,23.2904,16888700
2007-03-19,23.3773,23.458,23.1972,23.4208,9396200
2007-03-20,23.3773,23.5946,23.2842,23.5512,11080800
2007-03-21,23.5263,24.1659,23.4766,24.0541,15305400
2007-03-22,23.9734,24.1534,23.6878,23.7995,9487800
2007-03-23,23.8119,23.8864,23.6381,23.7312,11566800
2007-03-26,23.6878,23.7685,23.3338,23.5387,11825300
2007-03-27,23.427,23.4642,23.1476,23.1848,12839000
2007-03-28,23.0855,23.1289,22.7253,22.8309,13983700
2007-03-29,22.9551,23.011,22.6632,22.8619,14383400
2007-03-30,22.8309,23.0917,22.5701,22.8123,12672200
2007-04-02,22.7688,22.8868,22.7253,22.8433,9918400
2007-04-03,22.9054,23.458,22.8495,23.3649,15862400
2007-04-04,23.3525,23.7561,23.309,23.6629,19168400
2007-04-05,23.5574,23.6629,23.4642,23.607,10734900
2007-04-09,23.7436,23.7498,23.5077,23.6443,7312400
2007-04-10,23.6505,23.9361,23.6132,23.7374,10978700
2007-04-11,23.6691,23.7995,23.4518,23.576,15910400
2007-04-12,23.5263,23.7126,23.3463,23.607,11377900
2007-04-13,23.5698,23.5884,23.4394,23.5263,10763200
2007-04-16,23.5946,24.0851,23.5387,23.9423,11514300
2007-04-17,24.1162,24.526,24.0293,24.4887,15722100
2007-04-18,24.4577,24.4887,24.1038,24.2404,11182000
2007-04-19,24.1534,24.3211,23.9547,24.1596,11024800
2007-04-20,24.4204,24.4266,24.1658,24.3459,13711900
2007-04-23,24.3335,24.4577,24.2466,24.3459,7912200
2007-04-24,24.2714,24.4639,23.9982,24.408,13273100
2007-04-25,24.4763,24.644,24.3397,24.526,11327800
2007-04-26,24.4763,24.526,24.1472,24.2093,11421300
2007-04-27,24.1534,24.2093,23.8492,23.8864,11310100
2007-04-30,23.9051,23.9423,23.4891,23.5139,20383500
2007-05-01,23.6877,23.8926,23.5325,23.8616,13068100
2007-05-02,23.8057,24.2528,23.8057,24.0603,13997800
2007-05-03,24.1845,24.3707,23.8678,24.2528,10799300
2007-05-04,24.29,24.3335,24.0479,24.1534,8889900
2007-05-07,24.0293,24.3397,23.9361,24.1162,7764700
2007-05-08,24.0355,24.0603,23.8119,23.9858,12568400
2007-05-09,23.8802,24.3397,23.8492,24.3273,10012600
2007-05-10,24.1472,24.6005,23.9858,24.0851,13333800
2007-05-11,24.0293,24.3211,23.9734,24.1286,11994300
2007-05-14,24.2404,24.5384,24.1286,24.2217,15876800
2007-05-15,23.5946,24.4142,23.576,23.7809,31391600
2007-05-16,23.8802,23.9547,23.5946,23.8244,14048500
2007-05-17,23.7002,23.961,23.6878,23.7809,9091200
2007-05-18,23.8989,24.1596,23.7498,24.141,13864100
2007-05-21,24.0293,24.2466,23.9299,23.9858,12653300
2007-05-22,23.9672,24.0293,23.8119,23.9237,9354700
2007-05-23,24.0417,24.2962,23.9734,24.0789,10899400
2007-05-24,23.9858,24.4639,23.9734,24.1845,19185500
2007-05-25,24.1659,24.2155,23.7498,23.8306,9629300
2007-05-29,23.8306,24.0168,23.7933,23.9982,8878900
2007-05-30,23.9858,24.0603,23.7685,24.0293,9268900
2007-05-31,24.0603,24.2342,23.9485,24.1348,9728800
2007-06-01,24.2776,24.5694,24.1907,24.3459,12959300
2007-06-04,24.2155,24.7557,24.1659,24.7123,12809100
2007-06-05,24.6467,24.884,24.1534,24.2658,15236100
2007-06-06,24.0722,24.1659,23.8537,23.9161,11719100
2007-06-07,23.8224,23.9161,23.4852,23.5164,17329400
2007-06-08,23.5165,23.7288,23.4603,23.6975,10146700
2007-06-11,23.5914,23.6226,23.4915,23.5477,13278600
2007-06-12,23.5477,23.5976,23.3229,23.3291,17317200
2007-06-13,23.4852,23.6226,23.3791,23.5602,14036400
2007-06-14,23.6039,23.6289,23.4603,23.5976,9948800
2007-06-15,23.9348,24.0347,23.6975,23.6975,21091500
2007-06-18,23.7288,23.8849,23.6663,23.7038,8644200
2007-06-19,23.9536,23.9785,23.6101,23.8974,14297900
2007-06-20,25.5084,25.7207,24.9214,24.9964,66783600
2007-06-21,24.9589,25.0651,24.7029,24.9464,26940900
2007-06-22,24.7216,25.0526,24.578,24.578,19316100
2007-06-25,24.6342,24.7966,24.3532,24.4656,13095600
2007-06-26,24.5218,24.6155,24.272,24.4469,16997300
2007-06-27,24.322,24.8528,24.2346,24.8278,15476200
2007-06-28,24.7716,25.0651,24.6654,24.6779,19649200
2007-06-29,24.6904,24.9527,24.4281,24.5718,13714300
2007-07-02,24.6966,24.7279,24.4469,24.5842,8844800
2007-07-03,24.6217,24.6966,24.322,24.4781,6266400
2007-07-05,24.5593,24.9152,24.4781,24.8715,14665100
2007-07-06,24.9277,25.2961,24.884,25.165,16811000
2007-07-09,25.4647,25.5833,25.0838,25.1213,17337100
2007-07-10,25.2399,25.4959,25.09,25.1338,34920700
2007-07-11,25.1213,25.4522,25.0651,25.2774,20798500
2007-07-12,25.371,25.6021,25.2462,25.5646,20013800
2007-07-13,25.5084,25.6083,25.3586,25.5209,12028000
2007-07-16,25.3835,25.446,25.2899,25.3398,11226400
2007-07-17,25.2711,25.3398,25.0401,25.0713,13871500
2007-07-18,24.9901,25.2462,24.7841,25.0026,17388700
2007-07-19,25.0089,25.0651,24.6779,24.7903,15693500
2007-07-20,24.6654,24.8965,24.5655,24.5967,17880700
2007-07-23,24.6592,24.6654,24.2908,24.3282,19651500
2007-07-24,24.2096,24.322,23.6476,23.6975,26185100
2007-07-25,23.8599,23.9785,23.4915,23.7537,23885100
2007-07-26,23.3978,23.8724,22.9732,23.2917,35164600
2007-07-27,23.1418,23.4103,22.9295,22.9482,25522900
2007-07-30,23.0793,23.8412,22.9794,23.6101,29638600
2007-07-31,23.8287,23.991,23.1543,23.2105,29752100
2007-08-01,23.0669,23.6601,22.8233,23.5851,30751500
2007-08-02,23.5727,23.8224,23.4852,23.6164,26469600
2007-08-03,23.6288,23.6288,22.4237,22.5985,45337400
2007-08-06,22.6922,23.0981,22.2925,23.0356,33499100
2007-08-07,22.8233,23.148,22.4299,22.7297,28361200
2007-08-08,22.7921,23.6039,22.6672,23.6039,35795600
2007-08-09,22.0802,22.636,21.9304,22.3487,37137600
2007-08-10,22.3425,22.6485,22.0428,22.4299,22034500
2007-08-13,22.4924,22.4924,21.9304,22.0053,21036600
2007-08-14,21.9241,22.0365,20.9125,20.9313,42251600
2007-08-15,20.925,21.5057,20.7377,20.8314,26864000
2007-08-16,20.644,21.0562,19.8885,20.4942,37740300
2007-08-17,21.1311,21.3184,20.5753,20.8001,30623400
2007-08-20,21.0249,21.1935,20.8001,21.0999,18473500
2007-08-21,21.1061,21.6431,20.9812,21.4183,18789300
2007-08-22,21.5307,21.7305,21.2934,21.7118,28241500
2007-08-23,21.3247,21.4558,21.0936,21.2435,23123600
2007-08-24,21.3621,21.8242,21.3309,21.6556,14370700
2007-08-27,22.1177,22.2051,21.9116,22.0115,25881100
2007-08-28,22.3101,22.3478,22.0021,22.0273,55781000
2007-08-29,22.0775,23.127,22.0775,22.9699,66298200
2007-08-30,22.8694,23.3407,22.8505,23.2779,34579600
2007-08-31,23.479,24.2206,23.391,24.076,65864700
2007-09-04,23.3847,23.4853,22.706,22.8505,94537000
2007-09-05,22.8003,22.9762,21.7193,22.9448,45147200
2007-09-06,22.8505,23.1082,22.1341,22.1341,36327500
2007-09-07,21.8764,21.9267,21.4428,21.4994,30279900
2007-09-10,21.6502,21.7696,20.9903,21.248,22191400
2007-09-11,21.3674,21.933,21.2731,21.9141,33242500
2007-09-12,21.6942,22.1969,21.6565,22.0524,19849900
2007-09-13,22.1781,22.53,22.0713,22.3792,16274100
2007-09-14,22.4986,22.5175,21.9958,22.4232,12541000
2007-09-17,22.2158,22.4358,22.109,22.2347,13144900
2007-09-18,22.3163,22.8631,22.1529,22.8505,21552700
2007-09-19,22.9699,23.347,22.6369,22.7374,20242000
2007-09-20,22.6494,22.7374,22.1027,22.1969,20980500
2007-09-21,22.3226,22.3415,21.6628,21.6628,23949700
2007-09-24,21.6942,21.8639,21.072,21.292,16852100
2007-09-25,20.852,20.8709,20.5567,20.7892,27939100
2007-09-26,20.8646,20.9778,20.6195,20.7327,18513800
2007-09-27,20.8332,20.8835,20.519,20.5881,16988700
2007-09-28,20.6195,20.6195,20.343,20.387,24716200
2007-10-01,20.475,21.0217,20.4687,20.8395,22312300
2007-10-02,20.8709,21.16,20.8143,20.9652,23370600
2007-10-03,20.9086,21.4994,20.8898,21.2857,20350500
2007-10-04,21.3737,21.3988,21.0532,21.204,12150200
2007-10-05,21.4931,21.713,21.3045,21.5056,12933200
2007-10-08,21.5371,21.5685,21.204,21.3234,11252200
2007-10-09,21.3108,21.3674,21.0029,21.2417,14044100
2007-10-10,21.1726,21.3674,20.9903,21.1474,16501700
2007-10-11,21.1789,21.5245,20.8772,21.0092,17127000
2007-10-12,21.0657,21.1663,20.8646,21.0154,12414300
2007-10-15,21.0217,21.1474,20.6258,20.7452,14904100
2007-10-16,20.7075,20.7138,20.2613,20.431,15989800
2007-10-17,20.6195,20.6761,19.7648,19.9722,23218000
2007-10-18,19.8591,20.1168,19.7208,19.9094,17879500
2007-10-19,19.9345,20.0162,19.2055,19.3312,27030000
2007-10-22,19.2181,19.5952,19.0798,19.4066,17779900
2007-10-23,19.6077,19.6077,19.105,19.4317,16354200
2007-10-24,19.4757,19.5072,19.0295,19.4066,18545700
2007-10-25,19.5386,19.8088,19.0924,19.2935,24280100
2007-10-26,19.4883,19.8277,19.1678,19.702,12484600
2007-10-29,19.8277,20.0162,19.6454,19.7334,15986200
2007-10-30,19.7963,19.9534,19.658,19.7711,18673800
2007-10-31,19.9282,19.9848,19.4946,19.8025,14935900
2007-11-01,19.7334,19.8465,19.2621,19.2872,15003400
2007-11-02,19.4318,19.4883,18.929,19.105,16577200
2007-11-05,18.9478,18.9478,18.5582,18.7279,17515500
2007-11-06,18.5393,18.929,18.5393,18.8913,15828300
2007-11-07,18.665,18.8033,18.4137,18.4388,16487900
2007-11-08,18.5393,18.5771,17.7538,18.2817,25256800
2007-11-09,18.0303,18.1748,17.5904,17.6281,21922500
2007-11-12,17.6281,18.2754,17.5967,17.8858,18968500
2007-11-13,17.5967,18.3697,17.4521,18.3005,28296000
2007-11-14,18.4074,18.6839,18.1371,18.244,18442800
2007-11-15,18.2691,18.6965,18.1246,18.2125,17497700
2007-11-16,18.3005,18.3508,17.8606,18.2691,18189700
2007-11-19,18.1183,18.1183,17.6092,17.7161,21986400
2007-11-20,17.7161,18.068,17.5652,17.9109,26557200
2007-11-21,17.7286,17.8418,17.4773,17.6281,12611300
2007-11-23,17.7098,18.2314,17.6344,18.1937,9786400
2007-11-26,18.156,18.2251,17.2259,17.2762,16282500
2007-11-27,17.4757,17.4948,16.9688,17.2033,20151400
2007-11-28,17.2983,18.0524,17.1526,17.913,24263400
2007-11-29,17.8179,17.8686,17.4567,17.6658,19899300
2007-11-30,17.932,18.4389,17.8179,18.0967,24847100
2007-12-03,18.1347,18.3945,18.027,18.0524,12101600
2007-12-04,17.9827,18.3375,17.7419,18.2425,18286500
2007-12-05,18.4072,18.4832,18.1664,18.3565,12545200
2007-12-06,18.2741,18.7937,18.1094,18.686,11632800
2007-12-07,18.7937,18.8508,18.5846,18.686,10064200
2007-12-10,18.5022,18.7874,18.4072,18.7494,11895200
2007-12-11,18.743,18.8824,17.9383,17.9953,19388100
2007-12-12,18.3755,18.5529,17.7419,18.0524,20141500
2007-12-13,17.9383,18.046,17.273,17.5138,20290600
2007-12-14,17.3047,17.33,16.8738,16.8738,21681100
2007-12-17,16.7914,16.9372,16.3732,16.4366,25190900
2007-12-18,16.5633,16.8548,16.2021,16.7724,22441300
2007-12-19,16.7471,16.7471,16.3732,16.6267,17910700
2007-12-20,16.6013,16.7407,16.4619,16.6457,16008200
2007-12-21,16.7027,17.0702,16.6584,16.8928,24522500
2007-12-24,16.8611,17.1653,16.7914,17.1146,7199400
2007-12-26,17.1082,17.1399,16.8928,17.1019,15081100
2007-12-27,17.0956,17.0956,16.9245,16.9625,13361100
2007-12-28,16.9435,17.1146,16.6964,16.9055,13743400
2007-12-31,16.7978,17.2223,16.6393,17.0702,16689900
2008-01-02,17.1906,17.2793,16.4873,16.5443,16560700
2008-01-03,16.6267,16.7661,16.3479,16.3605,14635500
2008-01-04,16.1958,16.2655,15.6889,15.8156,19772000
2008-01-07,15.879,16.3542,15.7966,16.0754,20682400
2008-01-08,16.1895,16.3479,15.6319,15.6762,15488100
2008-01-09,15.6826,15.822,15.0616,15.6699,25468800
2008-01-10,15.5305,16.2909,15.4291,16.0184,16098800
2008-01-11,15.9043,16.1958,15.5685,15.6572,17627000
2008-01-14,15.9043,16.1578,15.5495,16.0881,15513500
2008-01-15,15.8726,16.2528,15.6255,16.0754,20304900
2008-01-16,16.0311,17.0069,16.0184,16.69,27356000
2008-01-17,16.709,16.9245,16.4873,16.633,20633800
2008-01-18,16.7661,17.4187,16.4746,16.652,25818700
2008-01-22,15.8156,18.2615,15.8156,17.8686,45150200
2008-01-23,17.5518,19.0852,17.1589,18.9775,41347200
2008-01-24,18.7557,18.8824,18.3312,18.7304,26773500
2008-01-25,18.762,18.7874,17.8369,18.0777,22483600
2008-01-28,18.065,18.4769,17.7609,18.4642,17078900
2008-01-29,18.61,18.9585,18.1031,18.8254,19525200
2008-01-30,18.4072,19.1359,18.4072,18.6163,21216400
2008-01-31,18.3629,19.6935,18.2615,19.4147,33237000
2008-02-01,19.1992,19.4464,18.9331,19.2943,17198800
2008-02-04,19.2943,19.3577,18.4769,18.5973,16497000
2008-02-05,18.3058,18.6543,17.6468,17.7355,21585200
2008-02-06,17.894,18.3565,17.4821,17.5201,23844900
2008-02-07,17.4567,18.4832,17.4377,17.9953,20958600
2008-02-08,17.932,18.1157,17.5518,17.7229,15908100
2008-02-11,17.7546,18.2995,17.5328,18.1791,13946700
2008-02-12,18.2551,18.4579,17.8813,17.9827,17804800
2008-02-13,18.0841,18.2488,17.8243,17.9573,12399300
2008-02-14,17.9256,17.9953,17.3237,17.4314,16340000
2008-02-15,17.5328,17.5328,17.0829,17.4377,15780200
2008-02-19,17.6658,17.8179,17.1653,17.3047,15004300
2008-02-20,17.1273,17.6912,17.0702,17.5645,13649500
2008-02-21,17.5898,17.8813,17.2793,17.3554,13051000
2008-02-22,17.3934,17.6215,17.1082,17.5961,13601200
2008-02-25,17.2857,18.2615,17.2857,18.2615,20911400
2008-02-26,17.8813,18.686,17.8813,18.2678,30638500
2008-02-27,18.0904,18.5276,18.0334,18.3185,17330300
2008-02-28,18.1474,18.1854,17.5328,17.5581,18085800
2008-02-29,17.4377,17.5201,16.7344,16.8231,21898800
2008-03-03,16.7914,17.2223,16.6647,17.1653,19162200
2008-03-04,16.9752,17.1399,16.7914,17.0259,15672300
2008-03-05,17.1082,17.4694,16.7914,16.9562,18340500
2008-03-06,16.9055,17.0322,16.2972,16.3225,14345600
2008-03-07,16.1451,16.7407,15.955,16.3986,15410100
2008-03-10,16.4429,16.4429,15.8156,15.841,17188800
2008-03-11,16.5283,16.7649,16.1639,16.7521,22119800
2008-03-12,16.7585,17.3467,16.605,16.7073,20008900
2008-03-13,16.6562,17.0462,16.2917,16.9311,20243000
2008-03-14,17.1038,17.1166,16.215,16.4644,21473500
2008-03-17,16.0552,16.637,15.9017,16.4324,21915500
2008-03-18,16.7457,17.4171,16.6882,17.3851,21428500
2008-03-19,17.3531,17.9158,17.1421,17.1613,23266600
2008-03-20,17.2444,18.0117,17.238,17.9414,22243000
2008-03-24,17.9861,19.1818,17.9861,18.7087,25245600
2008-03-25,18.6511,18.8365,18.0948,18.3889,18463700
2008-03-26,18.2547,18.2547,17.8646,18.0053,14793500
2008-03-27,18.0117,18.293,17.7496,17.7687,13212700
2008-03-28,17.6473,17.8199,17.4426,17.5066,15818700
2008-03-31,17.513,17.9414,17.3467,17.8838,15593400
2008-04-01,18.0309,18.9133,17.967,18.8557,20263800
2008-04-02,18.8301,19.1818,18.5232,18.6447,16090000
2008-04-03,18.5552,18.8557,18.3314,18.6831,11648300
2008-04-04,18.5488,18.7918,18.2994,18.4081,13520500
2008-04-07,18.5104,18.5999,18.1268,18.2227,10883600
2008-04-08,18.0309,18.1779,17.8774,18.0181,11547400
2008-04-09,17.9989,18.0629,17.5194,17.692,13431800
2008-04-10,17.66,18.4465,17.66,18.146,19890600
2008-04-11,17.8966,18.3314,17.8966,18.0117,12688100
2008-04-14,17.9733,18.146,17.8007,17.8455,8104500
2008-04-15,17.9669,17.9669,17.5833,17.8582,9872000
2008-04-16,17.935,18.0437,17.6792,17.9158,12137900
2008-04-17,17.903,18.0373,17.8135,17.9797,9241200
2008-04-18,18.0373,18.4657,18.0373,18.3378,12670000
2008-04-21,18.2227,18.6511,17.9733,18.5296,16470500
2008-04-22,18.4785,18.6959,18.0757,18.2355,20109900
2008-04-23,18.3378,18.3442,17.9158,17.9861,15925000
2008-04-24,17.9797,18.7023,17.9797,18.4913,21726200
2008-04-25,18.5488,19.0603,18.4145,19.0411,19656600
2008-04-28,18.9324,19.2841,18.6831,19.0092,13374300
2008-04-29,18.9452,19.1626,18.6191,18.7726,10969000
2008-04-30,18.7726,18.958,18.3762,18.4145,15221000
2008-05-01,18.5999,19.4759,18.5488,19.0987,26628800
2008-05-02,19.4376,19.5015,19.0731,19.2585,19294300
2008-05-05,19.1115,19.2074,18.6895,18.779,15897800
2008-05-06,18.7214,18.7534,18.357,18.7214,14309000
2008-05-07,18.7023,18.8493,18.2099,18.2611,14745400
2008-05-08,18.293,18.4017,17.7687,17.8519,19465900
2008-05-09,17.7879,18.1843,17.6664,17.8902,13031400
2008-05-12,17.9094,18.357,17.9094,18.3122,12314100
2008-05-13,18.325,18.5232,18.2227,18.3826,10391900
2008-05-14,18.4657,18.8813,18.3826,18.6191,12094200
2008-05-15,18.5999,18.8941,18.3889,18.8813,11044900
2008-05-16,19.0859,19.0859,18.3826,18.6063,13246300
2008-05-19,18.3186,18.7854,18.2355,18.4593,13893700
2008-05-20,17.9286,18.0245,17.2636,17.5002,39809400
2008-05-21,17.4682,17.5769,17.1357,17.2189,29274700
2008-05-22,17.1613,17.3851,17.0782,17.2061,15894100
2008-05-23,17.1613,17.2572,16.8032,17.1166,17324800
2008-05-27,17.1997,17.6025,17.0782,17.4427,21412600
2008-05-28,17.6409,17.8071,17.4043,17.5385,13242200
2008-05-29,17.4874,17.8199,17.449,17.7176,13855400
2008-05-30,17.7432,17.7432,17.4874,17.4938,11714900
2008-06-02,17.5258,17.6472,17.1357,17.3659,15497700
2008-06-03,17.4401,17.569,17.2209,17.4659,15232800
2008-06-04,17.453,17.7302,17.324,17.5239,17537800
2008-06-05,17.6786,18.1364,17.6657,17.9945,20265500
2008-06-06,17.698,17.8527,17.4723,17.5239,19366500
2008-06-09,17.5497,17.8269,17.0339,17.1112,17695600
2008-06-10,17.0145,17.3756,16.8211,17.2209,17878700
2008-06-11,17.2209,17.2918,16.6664,16.7051,19163100
2008-06-12,16.7889,17.3305,16.7889,17.0726,15099500
2008-06-13,17.208,17.7818,17.1822,17.7495,16052200
2008-06-16,17.7109,17.8462,17.4981,17.7302,12418600
2008-06-17,17.7624,17.8785,17.2789,17.324,12272500
2008-06-18,17.1886,17.324,16.9694,17.1177,13989600
2008-06-19,17.1241,17.5948,17.1241,17.5239,16005900
2008-06-20,17.4272,17.5239,16.8405,16.9243,17186900
2008-06-23,17.021,17.021,16.0539,16.157,22900000
2008-06-24,16.1764,16.6019,16.0088,16.3182,18579100
2008-06-25,16.3827,17.0081,16.286,16.4214,19925800
2008-06-26,16.2667,16.3569,15.8669,15.8992,18896500
2008-06-27,15.8991,15.9249,15.4156,15.4865,22343700
2008-06-30,15.4865,15.7057,15.0352,15.0997,19582700
2008-07-01,14.8998,15.0803,14.5194,14.9643,21993700
2008-07-02,14.9901,15.1513,14.4872,14.5194,22753400
2008-07-03,14.6161,14.8031,14.4098,14.5323,11321500
2008-07-07,14.6032,14.9514,14.1971,14.3905,20770400
2008-07-08,14.384,14.874,14.3776,14.8547,17205000
2008-07-09,14.8998,14.8998,14.3776,14.4227,13390800
2008-07-10,14.4485,14.513,13.9972,14.1003,18560300
2008-07-11,13.9134,14.268,13.5394,13.9134,27126500
2008-07-14,14.1197,14.1842,13.7328,13.8811,12911800
2008-07-15,13.7909,14.1132,13.3847,13.836,20546400
2008-07-16,13.8811,14.6548,13.6748,14.6226,19572400
2008-07-17,14.6935,15.2866,14.2164,15.0739,22340200
2008-07-18,15.3576,15.3576,14.6355,15.1126,15882800
2008-07-21,15.2286,15.3382,14.7773,14.9063,13685300
2008-07-22,14.8289,15.5381,14.7386,15.4414,17808300
2008-07-23,15.3189,16.6664,15.3189,16.1377,26441300
2008-07-24,16.1184,16.2022,15.4285,15.4865,16362800
2008-07-25,15.5446,16.041,15.1899,15.3447,14512500
2008-07-28,15.1126,15.5316,14.874,14.932,11420200
2008-07-29,15.0223,15.7573,14.9836,15.6864,15479200
2008-07-30,15.9249,16.1184,15.0223,15.306,19262100
2008-07-31,15.2028,15.8282,15.1448,15.364,18557500
2008-08-01,15.493,15.609,14.7128,15.4091,11920700
2008-08-04,15.3576,15.5897,15.1577,15.4027,10556200
2008-08-05,15.5381,16.0797,15.5381,16.0474,14371000
2008-08-06,15.796,16.1184,15.7315,16.0539,15075400
2008-08-07,15.9249,16.0539,15.6799,15.7831,13603900
2008-08-08,15.796,17.0984,15.796,17.0016,25506600
2008-08-11,16.9307,18.5361,16.7953,17.7366,53932100
2008-08-12,17.6335,17.8978,17.5239,17.7173,27222900
2008-08-13,17.6141,17.7238,16.8405,17.0984,21870300
2008-08-14,16.9114,17.9559,16.8985,17.5174,17365400
2008-08-15,17.5368,17.8849,17.4723,17.7495,23269100
2008-08-18,17.8978,18.117,17.1306,17.382,22175300
2008-08-19,17.3949,17.4594,16.718,16.7373,30629300
2008-08-20,16.7695,17.0468,16.5503,16.7438,19012500
2008-08-21,16.5052,17.2015,16.4472,17.1306,18816700
2008-08-22,17.208,17.5045,17.137,17.4787,13319700
2008-08-25,17.3949,17.4336,17.0919,17.1241,13088300
2008-08-26,17.1048,17.4594,16.8598,17.4207,16797600
2008-08-27,17.4207,17.7173,17.1499,17.5174,13091000
2008-08-28,17.6722,17.8205,17.4014,17.6786,13626200
2008-08-29,17.5497,17.7173,17.4207,17.4852,12520800
2008-09-02,17.976,18.6457,17.976,18.2491,27655200
2008-09-03,18.1646,19.1138,18.1451,19.0683,39057000
2008-09-04,18.8212,18.9642,18.5027,18.5742,31607400
2008-09-05,18.4116,18.7172,18.2231,18.5872,25053100
2008-09-08,19.3738,19.9849,19.3153,19.6079,41467300
2008-09-09,19.6209,19.9004,18.9382,18.9512,35965400
2008-09-10,19.0748,19.1983,18.7042,18.9187,19819300
2008-09-11,18.5612,19.1918,18.4376,19.1788,27556200
2008-09-12,18.9642,19.0618,18.5287,18.7237,25732100
2008-09-15,17.8915,18.9057,17.8915,18.5287,27620000
2008-09-16,18.1321,18.4636,17.859,17.9305,42932600
2008-09-17,17.4494,17.547,16.6173,16.6563,42981300
2008-09-18,16.9033,17.8785,15.8956,17.521,42121100
2008-09-19,18.9252,19.3023,17.0008,17.794,32616200
2008-09-22,17.82,18.0215,16.4417,16.6563,24649000
2008-09-23,16.6888,17.0659,16.3507,16.4222,22392700
2008-09-24,16.5913,16.6238,15.9801,16.2662,20665700
2008-09-25,16.4157,16.8643,16.2662,16.7733,22970800
2008-09-26,16.2077,17.2219,16.2077,17.2024,17008500
2008-09-29,16.8968,17.3064,15.8891,16.2467,28057100
2008-09-30,16.6823,16.8708,16.0647,16.8318,23152800
2008-10-01,16.5913,16.9618,16.4482,16.8513,20739900
2008-10-02,16.7148,16.9423,16.0452,16.1622,18545900
2008-10-03,16.3182,16.4547,15.421,15.4795,27243600
2008-10-06,15.044,15.213,14.1533,14.8359,36436400
2008-10-07,15.031,15.421,14.0948,14.2313,34193300
2008-10-08,13.7567,14.6019,13.4967,13.7632,35105500
2008-10-09,13.8542,13.9648,12.814,12.9571,29596900
2008-10-10,12.1574,13.8542,11.0847,12.84,49333700
2008-10-13,13.3341,14.1793,13.1651,14.1143,24678100
2008-10-14,14.7254,14.8229,13.2561,13.6982,26867500
2008-10-15,13.5682,13.7697,12.6775,12.892,26416300
2008-10-16,12.6775,13.0091,11.7153,12.8075,38445400
2008-10-17,12.4695,13.4577,12.3264,13.1391,26629800
2008-10-20,13.3081,13.6527,13.0741,13.5097,18408800
2008-10-21,13.3276,13.9517,13.2041,13.3406,15135300
2008-10-22,13.0286,13.1521,12.3329,12.658,23827700
2008-10-23,12.6515,12.8725,11.7088,12.3914,29497600
2008-10-24,11.6373,12.3524,11.4293,12.0339,22524500
2008-10-27,11.7088,12.6775,11.7088,12.2939,21744700
2008-10-28,12.463,14.0688,12.1379,14.0233,28156400
2008-10-29,13.8152,15.07,13.4837,14.0753,32328400
2008-10-30,14.4458,14.9074,14.2313,14.7709,21072800
2008-10-31,14.7579,15.6226,14.4979,15.3365,21720300
2008-11-03,15.265,15.3365,14.3743,14.4458,17940200
2008-11-04,14.7514,15.2715,14.4068,15.2065,24131800
2008-11-05,14.9529,15.1675,14.3418,14.4003,22260700
2008-11-06,14.2378,14.8294,13.4446,13.6072,25524300
2008-11-07,13.6852,14.1663,13.4577,13.6917,19600100
2008-11-10,13.9973,14.1143,13.3016,13.4837,14073700
2008-11-11,13.2561,13.9583,12.9636,13.3341,17405400
2008-11-12,12.9115,13.2236,12.7555,12.8725,18189400
2008-11-13,12.9311,14.5434,12.45,14.4524,28059400
2008-11-14,14.1338,14.7189,13.2106,13.3536,24957300
2008-11-17,12.9506,13.6462,12.8335,13.0026,22643100
2008-11-18,13.4317,13.9257,12.9636,13.4642,32638500
2008-11-19,13.3146,13.8217,12.7425,12.8465,21970500
2008-11-20,12.6385,13.1911,11.9038,12.0404,32825000
2008-11-21,12.2354,12.5735,11.3512,12.541,38361300
2008-11-24,12.7555,14.2443,12.2614,13.9257,31820400
2008-11-25,14.0623,14.5954,13.7827,14.4653,31618500
2008-11-26,14.0103,15.46,14.0103,15.3105,25401900
2008-11-28,15.2195,15.4665,14.7774,15.0245,10272300
2008-12-01,14.6604,14.9529,13.7372,13.7892,26816900
2008-12-02,14.1408,14.4233,13.5691,14.3576,23835800
2008-12-03,14.0093,15.0344,13.8385,14.9556,32948500
2008-12-04,14.765,15.9806,14.6402,15.2578,30083600
2008-12-05,15.0016,16.1252,14.9161,16.0332,32975900
2008-12-08,16.4078,16.5523,15.8032,15.9346,28815400
2008-12-09,15.6981,16.2566,15.0147,15.2447,26321100
2008-12-10,15.3695,16.0529,15.1198,15.9609,18719700
2008-12-11,15.6849,15.8558,14.9818,15.1067,18390900
2008-12-12,14.6599,15.5864,14.5613,15.4221,20831300
2008-12-15,15.5207,15.6849,15.1396,15.3827,14736800
2008-12-16,15.593,16.1581,15.0344,15.9806,26188100
2008-12-17,15.7769,16.4997,15.7047,16.2303,20068300
2008-12-18,16.2961,16.4735,15.8032,16.0661,22105800
2008-12-19,16.3092,16.4275,15.6587,15.9149,23095200
2008-12-22,15.8295,15.8558,15.2184,15.5929,13244400
2008-12-23,15.501,15.7638,15.4353,15.5207,13559600
2008-12-24,15.5667,15.8426,15.5207,15.5929,3976000
2008-12-26,15.5141,15.7704,15.3827,15.4812,4461200
2008-12-29,15.4681,15.5732,15.1133,15.3498,8461500
2008-12-30,15.4418,15.5667,14.9096,15.1856,14896900
2008-12-31,15.2053,15.6389,15.0936,15.1264,15143500
2009-01-02,15.1593,15.8952,15.087,15.8558,14902500
2009-01-05,15.7835,16.3486,15.6455,16.2369,22570900
2009-01-06,16.388,16.7494,16.1778,16.5983,22856600
2009-01-07,16.342,16.5326,16.0529,16.1449,19857300
2009-01-08,15.8492,16.0726,15.5732,16.0266,17319800
2009-01-09,16.0858,16.0858,15.4681,15.6784,16927400
2009-01-12,15.6718,15.7441,14.8636,15.0936,23560200
2009-01-13,15.087,15.179,14.6204,14.7913,20440300
2009-01-14,14.5547,14.627,14.2459,14.397,20531200
2009-01-15,14.4036,15.317,14.2328,14.9884,25999400
2009-01-16,15.3367,15.363,14.8307,15.2447,20942600
2009-01-20,15.0476,15.2447,14.351,14.4496,20339500
2009-01-21,14.6467,14.7453,14.1933,14.6402,19667200
2009-01-22,14.397,14.6862,14.1211,14.4365,22725600
2009-01-23,14.0488,14.443,13.9962,14.2722,20867100
2009-01-26,14.5219,15.2053,14.489,14.9358,34329500
2009-01-27,14.9424,15.041,14.3313,14.535,21691000
2009-01-28,14.8439,15.2644,14.6533,15.1133,20543500
2009-01-29,14.7847,15.1658,14.397,14.4562,18030700
2009-01-30,14.6007,14.6862,14.0291,14.1473,27041800
2009-02-02,13.9371,14.5153,13.8714,14.1736,17971800
2009-02-03,14.4365,14.4825,13.6874,14.4036,17471100
2009-02-04,14.213,14.5022,14.1276,14.2788,18486300
2009-02-05,14.1145,14.7519,14.0356,14.719,24668100
2009-02-06,14.7124,15.6718,14.6993,15.4615,31085500
2009-02-09,15.4221,15.5272,14.8241,15.1724,16315200
2009-02-10,15.0476,15.2644,14.4562,14.5942,21897800
2009-02-11,14.6927,14.7847,14.3905,14.5482,17896200
2009-02-12,14.259,14.4956,13.8976,14.443,23454000
2009-02-13,14.3116,14.5613,13.9305,13.9436,18598200
2009-02-17,13.6019,13.6348,13.05,13.1026,35715200
2009-02-18,13.3063,13.3128,12.7674,13.0106,23374800
2009-02-19,13.1091,13.4311,13.096,13.2471,20353800
2009-02-20,12.9317,13.3063,12.5966,12.7871,29576700
2009-02-23,12.7674,13.0368,11.9855,12.2943,26930200
2009-02-24,12.912,13.6545,12.774,13.5822,37719500
2009-02-25,13.372,13.6545,13.1485,13.3457,27022900
2009-02-26,13.5034,13.7268,13.3588,13.5625,22728900
2009-02-27,13.2537,13.9831,13.2537,13.7268,23320600
2009-03-02,13.372,13.7662,13.0368,13.0894,25493600
2009-03-03,12.866,13.1091,12.3272,12.4126,29268800
2009-03-04,12.4783,12.728,12.2877,12.4914,22093200
2009-03-05,12.1629,12.6032,11.8278,11.9263,23774300
2009-03-06,12.0249,12.222,11.5255,11.8278,25862900
2009-03-09,11.6569,12.452,11.4927,11.9789,28387300
2009-03-10,12.2018,13.0268,12.1486,12.9203,25527600
2009-03-11,12.9203,13.253,12.774,13.0933,21666600
2009-03-12,13.0733,13.6056,12.8272,13.5258,17504200
2009-03-13,13.5989,13.9715,13.1731,13.7786,22210800
2009-03-16,13.7919,14.0114,13.3461,13.3993,17034600
2009-03-17,13.6389,14.2975,13.5324,14.2909,25333900
2009-03-18,14.1711,15.1957,14.0048,15.0227,31811800
2009-03-19,14.9828,15.1957,14.7699,14.9296,22955200
2009-03-20,15.0294,15.1225,14.4771,14.7433,22361800
2009-03-23,14.9229,15.4884,14.7499,15.4685,22873800
2009-03-24,15.3221,15.6148,15.2223,15.2689,20462800
2009-03-25,15.4818,15.9342,15.1491,15.4884,33358900
2009-03-26,15.841,16.207,15.6547,16.0606,28080900
2009-03-27,15.8477,16.034,15.5217,15.7213,18856900
2009-03-30,15.4618,15.6082,15.0759,15.5549,21579600
2009-03-31,15.6481,15.8144,15.0626,15.6747,27463300
2009-04-01,15.4019,15.8943,15.2489,15.8543,21365000
2009-04-02,16.1737,16.7924,16.1271,16.4797,30264800
2009-04-03,16.4265,16.7192,16.1937,16.6328,20294400
2009-04-06,16.4864,16.6527,16.2735,16.533,17140400
2009-04-07,16.2801,16.3932,16.0539,16.2136,16837400
2009-04-08,16.4265,16.839,16.4265,16.7126,18547600
2009-04-09,17.0053,17.2714,16.9255,17.2315,20316000
2009-04-13,17.0519,17.3646,17.0186,17.2715,11593400
2009-04-14,17.0253,17.0852,16.666,16.859,14961600
2009-04-15,16.7791,17.1317,16.6993,17.0785,17464000
2009-04-16,17.1517,17.4045,16.819,17.2781,16673900
2009-04-17,17.4045,17.6108,16.7991,17.3646,21671300
2009-04-20,17.1118,17.2116,16.5729,16.7325,17480600
2009-04-21,16.7658,17.3313,16.4864,17.2116,20556600
2009-04-22,17.0519,17.9101,16.9521,17.4112,23918400
2009-04-23,17.2714,17.4444,16.839,17.1384,17975100
2009-04-24,17.2515,17.8436,17.0053,17.5043,21857600
2009-04-27,17.2315,17.4977,17.0319,17.2182,14868400
2009-04-28,17.012,17.6174,16.8656,17.3446,14949200
2009-04-29,17.4777,17.8636,17.3114,17.5243,21349300
2009-04-30,17.664,18.0099,17.4777,17.511,18251600
2009-05-01,17.6839,17.6839,16.9721,17.145,15045800
2009-05-04,17.3912,17.8103,17.185,17.4378,18075500
2009-05-05,17.4178,17.5642,17.2515,17.4245,11348800
2009-05-06,17.5043,17.6374,17.0053,17.3247,13892300
2009-05-07,17.4245,17.5243,16.839,17.0386,20582800
2009-05-08,17.1517,17.1517,16.4664,16.9654,18467600
2009-05-11,16.5063,16.7991,16.3267,16.5862,17525200
2009-05-12,16.7059,16.7858,16.1471,16.3932,19437700
2009-05-13,16.5995,16.7259,16.1138,16.5196,32337000
2009-05-14,16.6461,16.7392,16.2868,16.3201,15822700
2009-05-15,16.2668,16.5795,16.1138,16.2336,20385500
2009-05-18,17.0719,17.3979,16.8723,17.3114,26101700
2009-05-19,16.8922,16.8989,15.9674,16.3866,39888600
2009-05-20,16.533,16.6328,15.6747,15.8543,31471700
2009-05-21,15.6281,15.8543,15.0626,15.229,25534300
2009-05-22,15.4352,15.4618,15.036,15.209,15133800
2009-05-26,15.0826,15.9475,15.0227,15.8344,20313100
2009-05-27,15.9009,16.1072,15.4419,15.5217,18507500
2009-05-28,15.7213,15.7213,14.8564,15.1025,27154200
2009-05-29,15.2955,15.4285,15.0693,15.4086,18681600
2009-06-01,15.6947,16.2535,15.5616,16.0739,18094400
2009-06-02,15.9408,16.4997,15.8543,16.3001,18364400
2009-06-03,16.2269,16.5063,16.0273,16.2136,14453400
2009-06-04,16.2269,16.3999,15.8011,16.3467,15777400
2009-06-05,16.4864,16.5596,15.9475,16.0805,14749000
2009-06-08,16.1271,16.4864,15.9674,16.34,13184500
2009-06-09,16.3434,16.5112,16.1688,16.3501,13033200
2009-06-10,16.8268,16.8671,16.2427,16.377,24352000
2009-06-11,16.377,16.5448,16.2225,16.2695,17911500
2009-06-12,16.2427,16.2762,16.0009,16.2158,18283600
2009-06-15,16.0748,16.1151,15.7928,16.0144,13946900
2009-06-16,16.0211,16.1016,15.5578,15.5779,17023400
2009-06-17,15.6048,16.1419,15.4503,15.8801,19015600
2009-06-18,15.9338,15.9539,15.6182,15.6786,11365200
2009-06-19,15.7592,15.9204,15.6853,15.7928,15209600
2009-06-22,15.6921,15.8734,15.5511,15.6115,12930800
2009-06-23,15.6048,15.6115,15.2556,15.363,15209400
2009-06-24,15.5443,15.5511,15.128,15.2288,14555600
2009-06-25,15.222,15.9472,15.2086,15.8263,18940500
2009-06-26,15.7592,16.1554,15.7256,15.8532,18879400
2009-06-29,15.8868,16.2225,15.8196,16.0278,12322400
2009-06-30,16.0614,16.1218,15.6786,15.8666,12676800
2009-07-01,15.9808,16.0748,15.7659,15.9204,13277900
2009-07-02,15.6921,15.9204,15.2757,15.316,13532900
2009-07-06,15.2825,15.5376,15.1213,15.363,12638500
2009-07-07,15.3832,15.3832,14.987,15.0407,15007900
2009-07-08,15.0273,15.2758,14.9669,15.2153,14710700
2009-07-09,15.3429,15.4235,14.9937,15.2288,14322200
2009-07-10,15.1616,15.3228,14.9937,15.1213,9814600
2009-07-13,15.1146,15.5376,14.9535,15.5175,17804800
2009-07-14,15.5041,15.9069,15.41,15.9002,15595800
2009-07-15,16.0345,16.2091,15.8734,16.1688,13914400
2009-07-16,16.1621,16.4642,15.9942,16.3837,13633700
2009-07-17,16.518,16.6187,16.33,16.565,15283300
2009-07-20,16.5582,16.6925,16.4441,16.6522,10165600
2009-07-21,16.6993,16.7194,16.2024,16.424,13716300
2009-07-22,16.3635,16.7194,16.2964,16.6321,11348400
2009-07-23,16.6254,17.129,16.4575,16.9746,20780700
2009-07-24,16.941,17.0753,16.753,17.0014,11246800
2009-07-27,16.9544,17.0014,16.6388,16.894,13443900
2009-07-28,16.8402,17.0551,16.7597,17.0484,11689700
2009-07-29,17.035,17.223,16.8671,17.0484,11970200
2009-07-30,17.2566,17.5654,17.1424,17.3573,13545300
2009-07-31,17.3506,17.5856,17.3237,17.4177,11709000
2009-08-03,17.5789,17.7132,17.2364,17.6729,12022400
2009-08-04,17.5654,17.7534,17.5117,17.6527,10411100
2009-08-05,17.6594,17.7669,17.4311,17.6796,9996600
2009-08-06,17.7266,17.9549,17.5722,17.8206,13755000
2009-08-07,17.9482,18.4518,17.8676,18.304,16415900
2009-08-10,18.2503,18.2906,17.975,18.1966,10407600
2009-08-11,18.1496,18.2033,17.9482,18.0556,9524200
2009-08-12,17.9952,18.4853,17.9616,18.2638,13269600
2009-08-13,18.4115,18.6733,18.1295,18.5861,19973100
2009-08-14,18.5793,18.6331,18.0623,18.2235,15928500
2009-08-17,17.4043,17.7534,17.0753,17.5319,30714600
2009-08-18,18.0959,18.3309,17.8407,18.0825,35350300
2009-08-19,17.9616,18.0825,17.7736,17.9616,19453600
2009-08-20,17.9885,18.0019,17.7937,17.9146,14196700
2009-08-21,18.0892,18.4853,17.9012,18.4652,18664100
2009-08-24,18.6196,18.6196,18.0892,18.1496,16237900
2009-08-25,18.2772,18.6196,18.1295,18.3443,21848800
2009-08-26,18.3175,18.7606,18.2772,18.5122,15608400
2009-08-27,18.5323,18.5928,18.2638,18.4988,13446800
2009-08-28,18.5861,18.6398,18.2906,18.5928,12841400
2009-08-31,18.4652,18.5323,18.1966,18.3242,13091300
2009-09-01,18.287,18.6052,18.0297,18.1042,15738800
2009-09-02,18.0229,18.1583,17.8401,17.962,10684100
2009-09-03,18.0161,18.2192,17.8943,18.2125,9733200
2009-09-04,18.2328,18.3885,18.1177,18.3005,8150000
2009-09-08,18.4359,18.6661,18.3073,18.6052,12253300
2009-09-09,18.5781,18.6187,18.4291,18.5375,10679500
2009-09-10,18.551,18.6796,18.4291,18.639,9446400
2009-09-11,18.6187,18.6322,18.2734,18.5104,14667900
2009-09-14,18.3885,18.727,18.3411,18.6255,8349400
2009-09-15,18.6796,18.7541,18.4494,18.5578,10045700
2009-09-16,18.7135,19.0994,18.6593,18.9978,17815700
2009-09-17,19.2348,19.2484,18.788,18.9031,13318200
2009-09-18,18.964,19.2551,18.9572,19.1129,15767900
2009-09-21,18.9301,19.228,18.8489,19.052,8915700
2009-09-22,19.1197,19.1671,18.6052,18.6999,14328500
2009-09-23,18.7677,18.9234,18.4901,18.5171,14091100
2009-09-24,18.6322,18.6458,18.2057,18.3073,12037700
2009-09-25,18.1989,18.4359,17.9755,18.1786,11859300
2009-09-28,18.2463,18.5713,18.2125,18.4562,6862900
2009-09-29,18.4968,18.5781,18.0635,18.1651,13765400
2009-09-30,18.2396,18.2396,17.8198,18.0364,16564800
2009-10-01,18.0432,18.0432,17.6776,17.8198,16260800
2009-10-02,17.7047,17.7859,17.5151,17.6234,13849200
2009-10-05,17.7115,17.8266,17.6031,17.7047,10168400
2009-10-06,17.813,17.9281,17.725,17.7995,14352000
2009-10-07,17.7859,17.8875,17.6505,17.6979,13455700
2009-10-08,17.8807,18.3208,17.8604,18.2057,16128300
2009-10-09,18.1786,18.287,18.0432,18.2531,11117900
2009-10-12,18.3479,18.5781,18.2869,18.3073,11015900
2009-10-13,18.2937,18.6932,18.1854,18.639,13896000
2009-10-14,18.7947,18.9708,18.4968,18.5375,17510700
2009-10-15,18.4697,18.5307,18.314,18.4833,13350200
2009-10-16,18.3817,18.5307,18.1719,18.4562,12072000
2009-10-19,18.4698,18.7473,18.4291,18.7067,8302000
2009-10-20,18.5036,18.7338,18.1854,18.2599,12902600
2009-10-21,18.2057,18.4359,17.7521,17.8198,23488900
2009-10-22,17.7453,18.1786,17.637,18.0906,14882100
2009-10-23,18.0364,18.1042,17.7182,17.7859,16329000
2009-10-26,17.8062,17.9687,17.6031,17.6708,17852200
2009-10-27,17.6708,17.8672,17.5828,17.6031,16016300
2009-10-28,17.5964,17.6031,17.0344,17.0683,22498500
2009-10-29,17.2646,17.6641,17.0954,17.5422,12980200
2009-10-30,17.488,17.5354,16.899,16.987,19426300
2009-11-02,17.0209,17.3797,16.7297,16.9667,15585500
2009-11-03,16.8652,17.1157,16.5673,16.9261,17426600
2009-11-04,17.1089,17.2646,16.8584,16.899,18645200
2009-11-05,17.048,17.4745,17.0141,17.3526,15410500
2009-11-06,17.5151,17.7995,17.4677,17.6573,15066700
2009-11-09,17.813,18.1922,17.7385,18.1515,13331200
2009-11-10,18.1515,18.2734,17.9417,18.1583,14851300
2009-11-11,18.3817,18.5849,18.314,18.4901,18716700
2009-11-12,18.5036,18.815,18.3953,18.4427,18713500
2009-11-13,18.4562,18.6526,18.1989,18.5104,14179800
2009-11-16,18.7067,18.9234,18.551,18.7203,18782200
2009-11-17,18.3479,18.4833,17.8401,18.2734,31046300
2009-11-18,18.1854,18.4901,18.1786,18.4765,17834400
2009-11-19,18.4224,18.4427,18.1448,18.3547,11302700
2009-11-20,18.2666,18.463,18.1041,18.402,17600400
2009-11-23,18.5307,18.6864,18.4359,18.6255,18224600
2009-11-24,18.6187,18.7338,18.5375,18.6593,11705100
2009-11-25,18.6661,18.8827,18.4698,18.8557,11451600
2009-11-27,18.3885,18.8218,18.3547,18.6932,7517800
2009-11-30,18.6796,18.788,18.2531,18.5239,16716700
2009-12-01,18.7663,19.3124,18.6707,19.1144,20488700
2009-12-02,19.1349,19.4421,19.1144,19.3397,17298300
2009-12-03,19.3465,19.3465,19.012,19.0666,15502800
2009-12-04,19.408,19.4557,19.0803,19.169,16845500
2009-12-07,19.1417,19.3192,19.1417,19.2646,12664800
2009-12-08,19.169,19.1895,18.8004,18.8891,15120500
2009-12-09,18.9096,18.9301,18.7253,18.8072,12481400
2009-12-10,18.9642,19.1827,18.9506,19.1076,11865000
2009-12-11,19.2168,19.4762,19.2168,19.4489,16327200
2009-12-14,19.6742,19.7971,19.524,19.7083,11488900
2009-12-15,19.5308,19.9404,19.5308,19.8107,17012400
2009-12-16,19.8858,20.0496,19.7288,19.7698,13734200
2009-12-17,19.6947,19.879,19.6401,19.6605,11472300
2009-12-18,19.7834,19.8107,19.4011,19.5581,17315800
2009-12-21,19.5991,19.9677,19.5991,19.7698,10009100
2009-12-22,19.8312,20.0838,19.7698,19.995,11790600
2009-12-23,20.0292,20.0565,19.6537,19.7971,9789800
2009-12-24,19.92,19.9609,19.7902,19.9131,3790100
2009-12-28,19.9473,20.0974,19.7766,19.9199,7299800
2009-12-29,19.9063,20.0087,19.6537,19.9814,6991500
2009-12-30,19.8653,19.9882,19.7902,19.8858,5703100
2009-12-31,19.8585,20.0497,19.722,19.7493,7437100
2010-01-04,19.8995,19.8995,19.4899,19.5718,13120900
2010-01-05,19.6128,19.7902,19.3124,19.7151,15594300
2010-01-06,19.7152,19.7971,19.5923,19.6469,8833200
2010-01-07,19.7015,19.9473,19.6128,19.879,12058200
2010-01-08,19.7971,19.9609,19.5855,19.7834,15609800
2010-01-11,19.7971,19.8107,19.169,19.2236,23670500
2010-01-12,19.2168,19.3533,19.0393,19.1008,23075800
2010-01-13,19.1144,19.2851,19.1144,19.2032,15639100
2010-01-14,19.1963,19.4148,19.1963,19.3192,13208200
2010-01-15,19.326,19.5855,19.1144,19.5035,23013500
2010-01-19,19.4284,19.7629,19.3533,19.7151,14170100
2010-01-20,19.5923,19.6878,19.3533,19.565,13256400
2010-01-21,19.5445,19.838,19.3329,19.4421,18900600
2010-01-22,19.2782,19.4899,18.896,18.9233,16696600
2010-01-25,19.0803,19.0803,18.7799,18.855,11098400
2010-01-26,18.7731,19.0803,18.7731,18.9301,13275800
2010-01-27,18.855,19.0598,18.7663,19.0052,12821800
2010-01-28,19.0666,19.0803,18.5615,18.6639,19430400
2010-01-29,18.8209,19.1759,18.6912,19.1212,22453800
2010-02-01,19.1212,19.4216,19.053,19.3806,17172100
2010-02-02,19.3807,19.8312,19.3192,19.8176,19640800
2010-02-03,19.7561,19.7561,19.2919,19.4353,19437300
2010-02-04,19.2783,19.4762,19.0052,19.0666,19813600
2010-02-05,19.012,19.1622,18.7936,19.1008,20229400
2010-02-08,19.4762,19.7561,19.4353,19.5172,26005400
2010-02-09,19.7083,19.8585,19.5035,19.7083,18057700
2010-02-10,19.6878,19.7698,19.3875,19.5581,14481500
2010-02-11,19.5991,19.8449,19.483,19.7902,14614200
2010-02-12,19.6264,19.7971,19.4899,19.7971,15027700
2010-02-16,19.879,20.1384,19.7493,20.0974,13317200
2010-02-17,20.3159,20.5207,20.3091,20.4934,21524600
2010-02-18,20.4934,20.7391,20.391,20.6845,16564800
2010-02-19,20.6231,20.7869,20.4797,20.5821,18576300
2010-02-22,20.7528,20.8552,20.6163,20.6982,16101000
2010-02-23,20.862,21.1829,20.7187,20.9917,35770100
2010-02-24,21.0122,21.4491,20.9849,21.4081,22937500
2010-02-25,21.2102,21.4696,21.1556,21.4081,15049200
2010-02-26,21.4081,21.4081,21.1283,21.2989,13879200
2010-03-01,21.3262,21.5379,21.2238,21.4559,14182000
2010-03-02,21.4286,21.5583,21.3467,21.4081,15189500
2010-03-03,21.4559,21.7153,21.3808,21.4832,13900900
2010-03-04,21.531,21.5583,21.3672,21.4628,13777600
2010-03-05,21.5378,21.7836,21.4969,21.7085,18768700
2010-03-08,21.6266,21.8724,21.6266,21.8177,11048000
2010-03-09,21.8012,21.9732,21.7806,21.7875,15127700
2010-03-10,21.7256,21.925,21.6293,21.8081,10532400
2010-03-11,21.7187,22.1589,21.6774,22.097,15316800
2010-03-12,22.1657,22.4202,22.0901,22.317,14953600
2010-03-15,22.3445,22.4958,22.2001,22.4821,12049100
2010-03-16,22.4271,22.5646,22.2483,22.3858,13690400
2010-03-17,22.3445,22.4477,22.2414,22.3652,14730700
2010-03-18,22.317,22.3927,22.1657,22.2826,17763500
2010-03-19,22.2551,22.3996,22.0763,22.2551,22430600
2010-03-22,22.1038,22.5509,22.1038,22.4683,11737300
2010-03-23,22.4133,22.4408,22.1932,22.4133,11511400
2010-03-24,22.3102,22.4202,22.1726,22.2276,11804400
2010-03-25,22.3514,22.6403,22.3239,22.434,12956600
2010-03-26,22.4683,22.6815,22.4408,22.5233,12346300
2010-03-29,22.544,22.6196,22.3514,22.4202,8929400
2010-03-30,22.3927,22.6128,22.3514,22.4821,8666400
2010-03-31,22.3789,22.4477,22.1451,22.2483,10342100
2010-04-01,22.2895,22.4408,22.1176,22.2689,9432500
2010-04-05,22.2483,22.5165,22.1176,22.4615,11381200
2010-04-06,22.434,22.5096,22.2964,22.3858,9399600
2010-04-07,22.3514,22.5027,22.2689,22.4271,11070100
2010-04-08,22.3239,22.7503,22.2827,22.6747,13825000
2010-04-09,22.7159,22.9704,22.5853,22.8672,13060700
2010-04-12,22.8466,23.0873,22.7916,23.0254,12251500
2010-04-13,22.9773,23.8094,22.9773,23.6169,30322500
2010-04-14,23.6031,24.1189,23.5893,24.057,24720700
2010-04-15,24.0295,24.1739,23.892,24.167,17975700
2010-04-16,24.0639,24.1258,23.8713,24.0776,28512200
2010-04-19,24.0157,24.2564,23.8919,24.1877,17571800
2010-04-20,24.2908,24.4078,24.0776,24.1946,14848400
2010-04-21,24.1739,24.3734,24.1327,24.2565,19597400
2010-04-22,24.1739,24.6828,24.0914,24.5659,21648900
2010-04-23,24.5934,25.0611,24.5522,25.0267,21336400
2010-04-26,25.1161,25.4669,25.0749,25.0955,22057300
2010-04-27,25.0198,25.0198,24.2152,24.2702,20588400
2010-04-28,24.3665,24.5178,24.0914,24.2014,19371600
2010-04-29,24.3803,24.731,24.3459,24.4559,16263800
2010-04-30,24.5522,24.7516,24.2289,24.2289,15800700
2010-05-03,24.339,24.7998,24.1877,24.6691,12644500
2010-05-04,24.4559,24.4765,23.9263,24.3596,25531100
2010-05-05,24.2289,24.5315,24.0914,24.2358,24373800
2010-05-06,24.0157,24.3321,22.0557,23.3555,31183100
2010-05-07,23.2042,23.6031,22.4408,22.991,28620700
2010-05-10,23.8232,24.3459,23.7819,24.2702,21683400
2010-05-11,24.1602,24.731,24.1189,24.504,26625400
2010-05-12,24.5315,24.7172,24.3321,24.6828,19130600
2010-05-13,24.6553,24.7585,24.1533,24.2565,20229800
2010-05-14,24.2496,24.394,23.9057,24.2083,22621300
2010-05-17,24.0501,24.5453,23.4381,24.4765,33494400
2010-05-18,24.6278,24.9648,23.5412,23.8851,49088700
2010-05-19,23.6444,23.775,23.1423,23.6444,27200100
2010-05-20,23.1492,23.3074,22.5509,22.6196,29536800
2010-05-21,22.1864,23.0254,22.1795,22.709,36007500
2010-05-24,22.5921,23.0873,22.5302,22.8466,24263400
2010-05-25,22.3789,23.4105,22.2964,23.3693,30507700
2010-05-26,23.7613,24.0364,23.3349,23.4105,25393100
2010-05-27,23.7338,23.8507,23.5068,23.7613,16379300
2010-05-28,23.775,23.8232,23.2592,23.2867,17549000
2010-06-01,23.1455,23.6649,23.0069,23.2286,17273700
2010-06-02,23.284,23.464,23.1247,23.4571,14262300
2010-06-03,23.4779,23.5887,22.9723,23.1524,15651600
2010-06-04,22.7715,22.7853,22.1205,22.2659,20061800
2010-06-07,22.3421,22.4529,21.8157,21.8504,20853000
2010-06-08,21.8365,22.0651,21.6426,22.0304,16153400
2010-06-09,22.072,22.439,21.8988,21.9958,15788600
2010-06-10,22.3282,22.6884,22.2243,22.6607,15343000
2010-06-11,22.3767,22.5083,22.0097,22.3144,13693000
2010-06-14,22.4944,22.6053,22.1551,22.2036,20280100
2010-06-15,22.2244,22.4252,21.8504,22.3421,19748300
2010-06-16,22.1343,22.3421,21.9404,22.259,16321600
2010-06-17,22.2936,22.3698,21.7811,22.0997,23934100
2010-06-18,22.1274,22.3629,22.0166,22.1205,19785600
2010-06-21,22.2798,22.3005,21.6357,21.7673,16599700
2010-06-22,21.788,21.885,21.144,21.1994,22902300
2010-06-23,21.1786,21.324,20.9639,21.1232,24796400
2010-06-24,20.8739,20.9085,20.4791,20.5484,28837400
2010-06-25,20.486,20.95,20.486,20.9154,43592400
2010-06-28,20.8808,20.9362,20.486,20.4929,15451400
2010-06-29,20.1882,20.1882,19.6826,19.8281,22817400
2010-06-30,19.7588,19.9874,19.3848,19.4403,20940900
2010-07-01,19.6757,19.7381,19.0386,19.3364,27119600
2010-07-02,19.3987,19.3987,19.1009,19.2256,15404500
2010-07-06,19.3848,19.4818,18.7685,18.9347,18300200
2010-07-07,19.0386,19.4541,18.9139,19.3987,21796200
2010-07-08,19.6342,19.6549,19.1978,19.4956,15975800
2010-07-09,19.461,19.6134,19.3433,19.5718,13507400
2010-07-12,19.5511,19.9181,19.5511,19.6065,14259400
2010-07-13,19.7311,20.0428,19.5926,19.835,22058600
2010-07-14,19.7727,19.7727,19.4541,19.5857,13638600
2010-07-15,19.5441,19.6757,19.3364,19.6272,13535300
2010-07-16,19.4957,19.5857,18.7338,18.7754,21870900
2010-07-19,18.81,18.8793,18.5953,18.7477,17061600
2010-07-20,18.5261,19.4125,18.436,19.3433,23279400
2010-07-21,19.2394,19.3987,18.9416,19.0247,17161300
2010-07-22,19.1909,19.7173,19.1909,19.5441,26142700
2010-07-23,19.4887,19.6411,19.3225,19.5649,18979200
2010-07-26,19.558,20.1328,19.5511,20.0774,16149800
2010-07-27,20.2436,20.3406,19.7658,19.7935,14851100
2010-07-28,19.7935,20.0497,19.3918,19.4472,13917900
2010-07-29,19.5788,19.7519,19.2325,19.4264,15504300
2010-07-30,19.2186,19.7796,19.1355,19.745,14837700
2010-08-02,19.9597,20.2505,19.8627,20.1674,17882200
2010-08-03,20.1467,20.209,19.6757,19.7034,11724700
2010-08-04,19.8142,20.0359,19.745,19.8904,10987700
2010-08-05,19.7519,20.0359,19.6203,19.8835,9101200
2010-08-06,19.7588,19.8627,19.5372,19.8627,11372800
2010-08-09,19.925,20.0636,19.8627,19.8766,8354900
2010-08-10,19.6688,19.7519,19.4056,19.558,13866400
2010-08-11,19.3433,19.4333,19.1147,19.1909,11672600
2010-08-12,19.0663,19.2186,18.9139,19.1217,9886800
2010-08-13,19.0524,19.1909,18.8862,18.9139,9316000
2010-08-16,19.0455,19.4402,18.8931,18.9624,12152400
2010-08-17,19.4125,19.9458,19.1909,19.6065,22537900
2010-08-18,19.6342,20.0843,19.6134,19.9874,13733000
2010-08-19,19.7796,19.9805,19.371,19.5441,14149300
2010-08-20,19.4472,19.6134,19.3156,19.5095,12430300
2010-08-23,19.7796,19.835,19.2533,19.274,11447300
2010-08-24,19.0801,19.4472,18.7685,19.2394,16615700
2010-08-25,19.1078,19.738,19.1078,19.6203,14357500
2010-08-26,19.6619,19.7796,19.5788,19.6549,12712200
2010-08-27,19.7519,19.9735,19.5718,19.9043,12750900
2010-08-30,19.9043,19.9458,19.3779,19.3848,9632800
2010-08-31,19.2982,19.6125,19.2424,19.4309,12408200
2010-09-01,19.6125,20.0735,19.5986,20.0246,12772500
2010-09-02,20.0875,20.6393,20.0735,20.5415,14321400
2010-09-03,20.8907,21.1771,20.6183,20.8488,12769800
2010-09-07,20.7161,20.8139,20.4507,20.4856,8605900
2010-09-08,20.4786,20.6812,20.4507,20.5694,9560100
2010-09-09,20.7999,20.8767,20.4647,20.5415,7879000
2010-09-10,20.5904,20.7999,20.5694,20.7301,7330900
2010-09-13,20.9117,21.0583,20.7929,20.9466,9961400
2010-09-14,20.9745,21.1142,20.8698,20.9326,14073800
2010-09-15,20.7999,20.9605,20.7091,20.9117,9804100
2010-09-16,20.8697,20.9885,20.744,20.9186,9352500
2010-09-17,20.9885,21.0863,20.8139,20.8767,13015200
2010-09-20,20.9815,21.4704,20.8837,21.4076,11541200
2010-09-21,21.5053,21.8406,21.4355,21.5892,13833500
2010-09-22,21.4704,21.8057,21.4704,21.5682,11663500
2010-09-23,21.3796,21.7149,21.3587,21.5403,16047000
2010-09-24,21.8406,22.1339,21.8196,22.099,11421600
2010-09-27,22.1479,22.2457,21.9593,22.0711,7991000
2010-09-28,22.099,22.3854,21.9035,22.2178,12505200
2010-09-29,22.1689,22.3016,22.113,22.2178,9178300
2010-09-30,22.2667,22.5111,22.0851,22.127,11401200
2010-10-01,22.2178,22.3784,22.106,22.2247,8648800
2010-10-04,22.1479,22.3365,22.0222,22.12,10321100
2010-10-05,21.8965,22.3016,21.8266,22.1689,15975000
2010-10-06,22.1898,22.2597,22.0292,22.1689,9957300
2010-10-07,22.2387,22.4273,22.0641,22.1689,13163400
2010-10-08,22.2317,22.4483,22.1409,22.2736,10578500
2010-10-11,22.2736,22.2736,22.092,22.2038,8358700
2010-10-12,22.1689,22.1968,21.8266,21.9384,12539000
2010-10-13,22.092,22.106,21.6101,21.652,15267600
2010-10-14,21.7009,21.7847,21.3098,21.5193,11242500
2010-10-15,21.652,21.7079,21.2469,21.4425,12945300
2010-10-18,21.4145,21.4774,21.0793,21.3237,10701300
2010-10-19,21.1631,21.4914,21.1282,21.2399,12047100
2010-10-20,21.3168,21.6311,21.1841,21.4634,18500800
2010-10-21,21.5752,22.3784,21.5682,22.2178,22203300
2010-10-22,22.1898,22.2247,21.9314,21.9873,9102000
2010-10-25,21.9454,22.2317,21.8755,21.9314,8561300
2010-10-26,21.8406,22.0082,21.652,21.8546,9277900
2010-10-27,21.6869,21.6869,21.2679,21.5822,11575100
2010-10-28,21.7777,21.8476,21.5682,21.7847,7932400
2010-10-29,21.7149,21.7777,21.5612,21.5822,9499200
2010-11-01,21.652,21.8685,21.3447,21.4495,8229900
2010-11-02,21.652,22.3295,21.6381,22.0082,15092700
2010-11-03,22.0781,22.106,21.68,21.9733,9073300
2010-11-04,22.2317,22.3365,22.1828,22.3086,11096000
2010-11-05,22.3155,22.553,22.1898,22.2946,10750000
2010-11-08,22.092,22.099,21.7917,21.9943,9696400
2010-11-09,21.9873,22.0082,21.7777,21.9803,10268600
2010-11-10,21.9873,22.1409,21.8266,22.127,11175200
2010-11-11,21.9104,22.3016,21.8825,22.1409,9226300
2010-11-12,21.9803,22.1828,21.8965,21.9593,10594800
2010-11-15,21.9523,22.3295,21.8965,21.9244,9645900
2010-11-16,22.1409,22.9232,22.0292,22.1479,25568500
2010-11-17,22.113,22.1479,21.4215,21.5333,19411800
2010-11-18,21.645,21.7149,21.4774,21.5612,26258300
2010-11-19,21.5123,21.8057,21.5123,21.8057,25364400
2010-11-22,21.6869,21.8965,21.5682,21.7149,23205700
2010-11-23,21.638,21.652,21.5333,21.5892,11698400
2010-11-24,21.7777,21.8965,21.7079,21.7638,9748600
2010-11-26,21.5961,21.7638,21.5473,21.652,4182200
2010-11-29,21.5612,21.5961,21.1841,21.4355,11838700
2010-11-30,21.1582,21.5453,21.1019,21.2638,12889600
2010-12-01,21.5383,22.3477,21.5383,22.2492,17102400
2010-12-02,22.2562,23.6006,22.2562,23.4809,25843400
2010-12-03,23.3542,23.6217,23.2275,23.5654,16353500
2010-12-06,23.5443,23.6147,23.4387,23.4669,9357000
2010-12-07,23.6991,23.8821,23.5935,23.6147,12615800
2010-12-08,23.5372,24.037,23.5161,23.9525,11406300
2010-12-09,24.3537,24.4593,23.8469,24.1566,15158700
2010-12-10,24.227,24.3045,24.037,24.213,11475700
2010-12-13,24.213,24.3889,24.1707,24.3256,12755700
2010-12-14,24.3608,24.5649,24.2622,24.4382,11134100
2010-12-15,24.3326,24.6986,24.3185,24.4875,13972800
2010-12-16,24.5226,24.7901,24.4171,24.7197,11193300
2010-12-17,24.6282,24.8253,24.586,24.7056,17797200
2010-12-20,24.8112,24.9802,24.6775,24.776,8956500
2010-12-21,24.8887,24.9802,24.6845,24.6916,7002600
2010-12-22,24.7479,24.8816,24.6423,24.762,6448100
2010-12-23,24.7268,24.9168,24.6564,24.6986,6238800
2010-12-27,24.593,24.9238,24.4593,24.8042,5111100
2010-12-28,24.7901,24.8464,24.6141,24.6986,4081700
2010-12-29,24.6845,24.8464,24.5578,24.5578,6126800
2010-12-30,24.4875,24.6775,24.4593,24.5367,6563300
2010-12-31,24.4523,24.6916,24.3748,24.6775,5411300
2011-01-03,24.776,25.0365,24.769,24.8535,7464300
2011-01-04,24.8253,25.0294,24.3819,24.403,14359700
2011-01-05,24.3678,24.5438,24.2341,24.3256,11479400
2011-01-06,24.3748,24.4945,24.1003,24.227,11526700
2011-01-07,24.227,24.3537,24.0581,24.1989,11735800
2011-01-10,24.044,24.2622,23.9807,24.2059,9825600
2011-01-11,24.3608,24.7831,24.2763,24.5367,12408600
2011-01-12,24.4945,24.6845,24.396,24.5156,8963300
2011-01-13,24.5015,24.8323,24.4311,24.8253,10713100
2011-01-14,24.7127,25.3391,24.6493,25.2617,13844200
2011-01-18,25.318,25.4869,25.2406,25.3532,10765000
2011-01-19,25.3391,25.3391,24.9731,25.0787,9110300
2011-01-20,25.1561,25.7896,25.1491,25.684,13483000
2011-01-21,25.9163,26.036,25.67,25.6981,11886200
2011-01-24,25.6629,25.7966,25.5503,25.7966,8884200
2011-01-25,25.6981,26.1697,25.6066,26.1556,14228300
2011-01-26,26.1627,26.7328,26.1486,26.3386,14228300
2011-01-27,26.402,26.8313,26.3316,26.7328,10722100
2011-01-28,26.6694,26.7187,25.7826,25.8318,12588000
2011-01-31,26.1345,26.1697,25.7263,25.8811,11189800
2011-02-01,26.0008,26.1345,25.6911,26.036,9623200
2011-02-02,25.8389,26.0148,25.6066,25.7333,7782400
2011-02-03,25.7474,26.0782,25.6699,25.8318,5664700
2011-02-04,25.8741,26.1486,25.7051,25.9022,7559900
2011-02-07,25.9022,25.9585,25.7403,25.7614,7046400
2011-02-08,25.7826,26.233,25.6277,26.1556,6137400
2011-02-09,26.0923,26.1838,26.0219,26.1626,6812400
2011-02-10,26.1415,26.3597,26.0852,26.2612,6009500
2011-02-11,26.0641,26.3808,25.8107,26.3808,10053400
2011-02-14,26.3738,26.5075,26.233,26.4512,9070800
2011-02-15,26.4583,26.5568,26.2682,26.5287,6538400
2011-02-16,26.5639,26.8102,26.4583,26.6483,6801500
2011-02-17,26.6272,26.9017,26.4724,26.8736,8196500
2011-02-18,26.8384,27.0988,26.7398,27.0847,12894800
2011-02-22,27.6619,27.7182,26.5779,26.8102,20604500
2011-02-23,26.7539,26.9439,25.9726,26.2542,15127800
2011-02-24,26.2049,26.5146,25.8881,26.1415,9342800
2011-02-25,26.1838,26.3808,25.8881,26.0993,9723700
2011-02-28,26.1486,26.4231,26.0852,26.3738,9736700
2011-03-01,26.1415,26.5498,25.8248,25.8741,10015500
2011-03-02,25.7615,26.036,25.5714,25.8037,12677300
2011-03-03,26.0571,26.4794,26.0078,26.4301,8060300
2011-03-04,26.3597,26.6483,25.8881,26.1978,9269600
2011-03-07,26.226,26.5357,25.9233,25.9515,8888200
2011-03-08,26.0224,26.405,25.8948,26.2491,14254200
2011-03-09,26.2846,26.7736,26.157,26.6956,9339800
2011-03-10,26.4688,26.5751,26.1783,26.2704,8897300
2011-03-11,26.242,26.4688,25.9869,26.32,7729400
2011-03-14,26.1641,26.1783,25.7105,25.994,8729100
2011-03-15,25.4412,25.909,25.3846,25.7176,8897300
2011-03-16,25.6113,25.6964,25.1082,25.2853,13998700
2011-03-17,25.5617,25.6042,25.1649,25.342,9726300
2011-03-18,25.5405,25.7035,25.342,25.5121,11368200
2011-03-21,25.7176,26.0082,25.7105,25.8168,7704500
2011-03-22,25.7672,25.9515,25.6964,25.7176,6506200
2011-03-23,25.5688,25.994,25.5334,25.9515,8496900
2011-03-24,26.1145,26.7523,26.072,26.4759,9999300
2011-03-25,26.5113,26.8019,26.4617,26.5184,7611400
2011-03-28,26.5468,26.5822,25.9515,25.9727,8585300
2011-03-29,26.483,26.7948,26.3271,26.7169,18370800
2011-03-30,26.6176,26.8161,26.3696,26.6247,7722000
2011-03-31,26.4263,26.5468,26.0861,26.2633,8917300
2011-04-01,26.3058,26.8373,26.1924,26.6176,9247500
2011-04-04,26.561,26.7381,26.3838,26.5539,6571700
2011-04-05,26.4121,26.8161,26.398,26.646,10098700
2011-04-06,26.7169,26.7806,26.3696,26.5751,10077900
2011-04-07,26.5326,26.8586,26.3909,26.809,10395700
2011-04-08,26.8586,26.9011,26.3909,26.5468,9848100
2011-04-11,26.5397,26.8869,26.5043,26.646,7032900
2011-04-12,26.5184,26.9224,26.4759,26.7594,8542600
2011-04-13,26.8161,26.9082,26.3413,26.6956,10337800
2011-04-14,26.646,26.9082,26.5397,26.8161,6608300
2011-04-15,26.894,27.2129,26.8869,27.0499,10440600
2011-04-18,26.7736,26.8019,26.3696,26.7594,8250600
2011-04-19,26.8515,26.9436,26.6247,26.7665,7023300
2011-04-20,27.1279,27.2909,26.8161,26.8869,8887400
2011-04-21,26.9791,27.0499,26.6035,26.7877,8406800
2011-04-25,26.6531,26.7239,26.4263,26.6176,8594000
2011-04-26,26.4192,26.6106,26.1783,26.3696,14100000
2011-04-27,26.4334,26.6106,26.2066,26.4476,12615000
2011-04-28,26.3413,26.6956,26.3342,26.5539,9730800
2011-04-29,26.5468,26.6177,26.235,26.3271,15945000
2011-05-02,26.5326,26.6956,26.3483,26.4688,7918500
2011-05-03,26.2775,26.5184,26.2633,26.4688,8833000
2011-05-04,26.4334,26.6602,26.2917,26.3554,11319900
2011-05-05,26.2208,26.5255,26.0649,26.2279,13661700
2011-05-06,26.4617,26.5609,26.0578,26.2137,10677800
2011-05-09,26.1712,26.2846,26.0082,26.1924,6550000
2011-05-10,26.1428,26.483,26.1428,26.4121,6818400
2011-05-11,26.2279,26.4617,26.1641,26.3838,9594900
2011-05-12,26.3271,26.5255,26.1358,26.4263,9749400
2011-05-13,26.4405,26.4759,26.0649,26.2279,8666600
2011-05-16,26.0011,26.4405,25.9019,26.2066,11603500
2011-05-17,26.4688,26.8869,26.3554,26.5043,17428400
2011-05-18,26.4617,26.6035,26.3271,26.5468,9069300
2011-05-19,26.5397,26.5397,26.2846,26.4972,7015200
2011-05-20,26.4476,26.483,26.1499,26.2562,8154000
2011-05-23,26.0011,26.2208,25.8877,26.0932,9662800
2011-05-24,26.1287,26.1428,25.8381,25.9019,10580400
2011-05-25,25.9019,26.0153,25.7389,25.9586,12316900
2011-05-26,25.831,25.9869,25.5901,25.6468,8083300
2011-05-27,25.7672,25.8098,25.4483,25.5121,9596500
2011-05-31,25.6397,25.7105,25.5263,25.7105,8628100
2011-06-01,25.5972,25.6964,25.0869,25.0869,10483000
2011-06-02,24.9806,25.0231,24.5979,24.8672,11346600
2011-06-03,24.5342,24.7042,24.3995,24.5412,8840300
2011-06-06,24.4704,24.6688,24.3003,24.3003,7485400
2011-06-07,24.4208,24.8176,24.3145,24.3286,9335000
2011-06-08,24.2365,24.3216,24.109,24.1656,9432400
2011-06-09,24.1869,24.4916,24.1727,24.3286,6934100
2011-06-10,24.2153,24.2719,23.6837,23.7192,12388200
2011-06-13,23.7121,24.0097,23.6767,23.7475,11743300
2011-06-14,24.1759,24.8685,24.0688,24.8114,17534700
2011-06-15,24.5258,24.6115,24.1474,24.1902,14608600
2011-06-16,24.3259,24.8328,24.283,24.6329,14084900
2011-06-17,24.7828,24.9399,24.4972,24.6543,18322400
2011-06-20,24.483,24.9756,24.4758,24.8257,7866600
2011-06-21,24.9114,25.3183,24.7043,25.2969,14805200
2011-06-22,25.1827,25.2755,24.9113,24.9399,9901700
2011-06-23,24.6829,25.4683,24.6614,25.454,17098000
2011-06-24,25.4326,25.4825,25.047,25.047,15738100
2011-06-27,25.0113,25.2683,24.7614,25.1327,8424900
2011-06-28,25.2326,25.9038,25.1755,25.7467,17004200
2011-06-29,25.811,25.9252,25.5539,25.6896,12298200
2011-06-30,25.8395,25.9252,25.661,25.861,11945200
2011-07-01,25.9109,26.3893,25.8895,26.2251,9777900
2011-07-05,26.1537,26.3108,26.0109,26.1251,9938900
2011-07-06,26.0252,26.2322,25.9324,26.1109,7031700
2011-07-07,26.2894,26.5964,26.2394,26.4536,9850200
2011-07-08,26.1394,26.1965,25.9252,26.1465,9822700
2011-07-11,25.8895,26.1751,25.8181,25.9609,8283800
2011-07-12,25.9895,26.2394,25.7753,25.7824,8931500
2011-07-13,25.9466,26.1537,25.7467,25.7967,10563600
2011-07-14,25.8467,26.0894,25.5754,25.6753,10861100
2011-07-15,25.7681,25.7681,25.3397,25.6396,9923500
2011-07-18,25.5754,25.6682,25.2326,25.4825,6908300
2011-07-19,25.5968,25.8967,25.5111,25.7824,9689400
2011-07-20,25.8681,26.118,25.6468,25.9966,11320700
2011-07-21,26.1109,26.5678,26.0823,26.218,12431800
2011-07-22,26.2037,26.2894,25.9681,26.0752,8011500
2011-07-25,25.9681,26.3965,25.8752,26.168,8622300
2011-07-26,26.1251,26.3893,25.9681,25.9823,9886700
2011-07-27,25.9252,25.9609,25.3826,25.4397,12291900
2011-07-28,25.4397,25.7824,25.0327,25.097,13821200
2011-07-29,24.8185,25.1612,24.7257,24.9399,12097800
2011-08-01,25.0399,25.0399,24.1902,24.4544,14037800
2011-08-02,24.1759,24.2759,23.4119,23.4334,18396800
2011-08-03,23.4619,23.5476,23.0978,23.5262,14224700
2011-08-04,23.1406,23.362,22.6266,22.6337,18946100
2011-08-05,22.8979,22.955,21.8626,21.9483,36483500
2011-08-08,21.5056,21.6698,20.6488,20.6559,38047000
2011-08-09,20.9058,21.6055,20.0847,21.527,26132600
2011-08-10,20.9344,21.1771,20.3061,20.3561,23457600
2011-08-11,20.2275,21.7055,20.2204,21.4556,20127300
2011-08-12,21.5913,21.884,21.27,21.834,18736700
2011-08-15,21.8911,22.4695,21.7555,22.4623,15899400
2011-08-16,23.5833,23.8546,23.3334,23.6476,28972400
2011-08-17,23.9546,24.2688,23.5048,23.8546,16303100
2011-08-18,23.1478,23.4262,22.6694,22.9621,18497300
2011-08-19,22.7408,23.4619,22.698,22.7622,15469100
2011-08-22,23.1335,23.2834,22.8693,23.0478,12720900
2011-08-23,23.1763,23.669,23.0264,23.6404,12545000
2011-08-24,23.5476,24.6043,23.4762,24.5401,19880300
2011-08-25,24.6043,24.8185,24.0046,24.1616,15470400
2011-08-26,24.3473,24.6115,23.9974,24.2759,18409800
2011-08-29,24.6186,24.6186,24.1331,24.2687,14713500
2011-08-30,24.2616,24.3335,23.9523,24.1465,16123400
2011-08-31,24.3407,24.391,23.8659,24.0098,17507500
2011-09-01,24.1177,24.2975,23.643,23.6861,15358200
2011-09-02,23.2114,23.4344,22.9596,23.1467,12277400
2011-09-06,22.4058,23.1035,22.3554,23.0531,12043700
2011-09-07,23.4416,23.643,23.2689,23.643,13313200
2011-09-08,23.5207,23.6573,23.233,23.3481,9915100
2011-09-09,23.0603,23.2689,22.6863,22.9237,11734600
2011-09-12,22.4346,23.2833,22.4202,23.2689,12102200
2011-09-13,23.2833,23.6214,23.1179,23.4919,12607700
2011-09-14,23.5423,24.4558,23.5063,24.1249,15407500
2011-09-15,24.3767,24.6716,24.2328,24.6572,12017900
2011-09-16,24.9089,25.1751,24.801,24.8945,20791300
2011-09-19,24.4989,24.8082,24.3335,24.7075,8805400
2011-09-20,24.8154,25.4124,24.6068,25.0384,13980300
2011-09-21,25.0887,25.1966,24.3047,24.3407,11896600
2011-09-22,23.5926,24.2903,23.4344,23.7724,19984900
2011-09-23,23.7221,24.3551,23.6717,24.2544,12993800
2011-09-26,24.2687,24.4558,23.7221,24.4558,17329700
2011-09-27,24.8729,24.9305,24.2328,24.3694,13172200
2011-09-28,24.4773,24.6715,24.1465,24.168,9723100
2011-09-29,24.4845,24.801,23.7724,24.3047,14233100
2011-09-30,23.9163,24.204,23.6214,23.643,10915500
2011-10-03,23.5926,23.7365,22.7151,22.7223,17929700
2011-10-04,22.3914,23.4128,22.3195,23.3553,15100000
2011-10-05,22.9021,23.7652,22.8374,23.6142,16324600
2011-10-06,23.384,24.0242,23.3049,24.0098,9052800
2011-10-07,24.1968,24.7003,24.0817,24.3982,12809500
2011-10-10,24.6644,24.9305,24.578,24.9305,8757300
2011-10-11,24.8873,25.0456,24.6212,24.9665,8010300
2011-10-12,25.1103,25.2398,24.9665,24.9737,10671200
2011-10-13,24.8298,24.9665,24.4917,24.7507,8943700
2011-10-14,25.0456,25.2326,24.8082,25.211,7648700
2011-10-17,25.0672,25.5203,24.8801,24.9233,8837700
2011-10-18,24.988,26.0382,24.7651,25.8584,15042600
2011-10-19,25.7433,25.9087,25.3836,25.4628,9948800
2011-10-20,25.6066,25.7864,25.2901,25.7001,9481300
2011-10-21,26.0022,26.5129,25.8871,26.5129,14116400
2011-10-24,26.6999,26.8654,26.2971,26.3978,11163800
2011-10-25,26.2684,26.4338,25.8728,25.9231,10883800
2011-10-26,26.1821,26.3691,25.6426,26.2899,11159200
2011-10-27,27.002,27.0812,26.4626,26.7719,11760900
2011-10-28,26.5561,26.7431,25.9159,25.9806,14076900
2011-10-31,25.7793,25.9087,25.6642,25.7505,10288000
2011-11-01,24.988,25.88,24.873,25.5635,13087000
2011-11-02,25.9735,26.0382,25.7217,25.8871,9894700
2011-11-03,26.067,26.254,25.6714,26.218,9028600
2011-11-04,25.9878,26.1964,25.7864,26.1748,6245200
2011-11-07,26.405,26.9157,26.3043,26.8582,12573600
2011-11-08,27.0164,27.3329,26.815,27.2898,9872600
2011-11-09,26.9373,27.1747,26.6352,26.7287,10918000
2011-11-10,26.9517,27.002,26.6496,26.7575,7287700
2011-11-11,26.9733,27.6062,26.9733,27.3761,10185600
2011-11-14,27.4408,27.7213,27.2969,27.5127,13926600
2011-11-15,27.7501,27.8652,27.225,27.3833,15280400
2011-11-16,27.0812,27.8724,27.0308,27.2178,11800000
2011-11-17,27.2178,27.3976,26.7862,27.0596,11376300
2011-11-18,27.2106,27.2969,26.8222,27.2466,11816000
2011-11-21,26.9733,27.225,26.3907,26.6568,11602100
2011-11-22,26.6208,26.9517,26.4554,26.6855,8235700
2011-11-23,26.4554,26.5345,26.2324,26.2684,6710500
2011-11-25,26.2468,26.5777,26.1892,26.2324,3616800
2011-11-28,26.7503,27.1315,26.664,26.8294,8060800
2011-11-29,27.1121,28.3445,27.0106,28.243,20793800
2011-11-30,28.5982,28.8447,27.9748,28.4315,19655000
2011-12-01,28.1705,28.678,28.1198,28.5185,9621900
2011-12-02,28.7722,29.3304,28.7577,28.9534,17909600
2011-12-05,29.0912,29.4246,28.8447,29.1637,13964300
2011-12-06,29.0622,29.5189,28.9752,29.2289,12500900
2011-12-07,29.0549,29.6711,29.0259,29.5261,12196100
2011-12-08,29.3521,29.5769,28.8809,28.9317,12008200
2011-12-09,29.0839,29.2941,28.9897,29.1637,10311000
2011-12-12,28.8882,29.0767,28.4967,29.0332,11089400
2011-12-13,29.1564,29.1782,28.533,28.6417,11351400
2011-12-14,28.5402,28.6852,28.156,28.3735,12084800
2011-12-15,28.7215,28.9679,28.5475,28.5765,10784900
2011-12-16,28.8157,29.3884,28.8085,29.3014,20212600
2011-12-19,29.2217,29.5841,29.0767,29.1419,8901900
2011-12-20,29.5624,30.4395,29.5624,30.4105,20396200
2011-12-21,30.3888,30.483,30.1278,30.4468,12073900
2011-12-22,30.396,30.5483,30.193,30.3888,9880000
2011-12-23,30.4323,30.541,30.222,30.512,4353700
2011-12-27,30.4395,30.7875,30.3888,30.6063,4763300
2011-12-28,30.6135,30.7295,30.0988,30.1061,5136600
2011-12-29,30.2365,30.4685,30.1423,30.454,6297000
2011-12-30,30.5555,30.6788,30.454,30.4758,4773800
2012-01-03,30.744,31.0992,30.4975,30.5483,8452900
2012-01-04,30.4903,31.1137,30.3888,30.9832,11085800
2012-01-05,30.9035,31.3167,30.7295,31.2369,10245500
2012-01-06,31.1717,31.3892,31.0267,31.3167,7285500
2012-01-09,31.3022,31.3892,30.9905,31.3384,7346600
2012-01-10,31.5559,31.6066,31.2587,31.5559,7497500
2012-01-11,31.5487,31.6066,31.2877,31.5052,8222100
2012-01-12,31.5994,31.6501,31.2659,31.4544,8449900
2012-01-13,31.2514,31.5559,31.1137,31.5414,8076200
2012-01-17,31.6139,31.8676,31.5487,31.7081,7709100
2012-01-18,31.6936,32.6143,31.6791,32.5346,13147000
2012-01-19,32.5273,32.926,32.2228,32.9188,15722900
2012-01-20,32.9478,32.984,32.1213,32.2663,12589200
2012-01-23,32.1286,32.6143,31.8821,32.5346,13779200
2012-01-24,32.4041,32.7158,32.3026,32.5925,10953000
2012-01-25,32.4983,32.9188,32.3316,32.81,9930000
2012-01-26,32.8753,32.8753,32.2373,32.5853,11174400
2012-01-27,32.4258,32.6215,32.1938,32.5273,7924800
2012-01-30,32.3171,32.4693,32.0561,32.4548,6724600
2012-01-31,32.5273,32.8028,32.0851,32.1793,10343500
2012-02-01,32.3968,32.5563,32.2011,32.2373,10906400
2012-02-02,32.2953,32.3461,32.1141,32.2301,8963500
2012-02-03,32.4911,32.8173,32.4911,32.7448,10422700
2012-02-06,32.6578,32.8245,32.6143,32.7665,8091400
2012-02-07,32.7158,33.042,32.694,32.955,9725400
2012-02-08,32.955,32.9623,32.5128,32.7448,7578800
2012-02-09,32.8173,32.8898,32.4983,32.8173,5356700
2012-02-10,32.5998,32.8608,32.5708,32.8608,5026100
2012-02-13,32.9985,33.4262,32.9478,33.2957,9184000
2012-02-14,33.245,33.4987,33.1145,33.39,7717100
2012-02-15,33.1725,33.4697,33.0927,33.1362,7486800
2012-02-16,33.2667,33.5132,33.1435,33.2957,7453800
2012-02-17,33.4552,33.8684,33.4117,33.8612,11555900
2012-02-21,34.8398,34.8471,33.8104,34.0134,20475700
2012-02-22,33.9264,34.2454,33.6727,33.7597,11639500
2012-02-23,33.7379,34.2164,33.7234,34.0351,9232100
2012-02-24,34.0714,34.1729,33.9119,34.0569,9730700
2012-02-27,33.8539,34.3396,33.7742,34.0206,9804600
2012-02-28,34.2091,34.3106,33.9482,34.2381,7947700
2012-02-29,34.2236,34.6513,34.2164,34.4846,11348600
2012-03-01,34.4556,34.7166,34.2816,34.4049,7940900
2012-03-02,34.3904,34.5281,34.2671,34.3686,5916700
2012-03-05,34.2744,34.5643,34.0279,34.3541,9044600
2012-03-06,34.0186,34.0769,33.6393,33.8363,9087000
2012-03-07,33.8508,34.6459,33.8144,34.5656,10648900
2012-03-08,34.6677,35.0033,34.6167,34.8793,10433000
2012-03-09,34.9522,35.1419,34.8866,35.0835,8799200
2012-03-12,35.0616,35.4919,35.0106,35.4409,9458800
2012-03-13,35.5211,35.864,35.4482,35.8421,10853100
2012-03-14,36.0463,36.2578,35.9077,36.0828,10076400
2012-03-15,36.039,36.0609,35.6451,35.8858,8869200
2012-03-16,36.0682,36.1192,35.6305,35.7764,13267200
2012-03-19,35.6743,35.7327,35.3607,35.616,9028200
2012-03-20,35.419,36.1046,35.419,36.0171,7629300
2012-03-21,36.0171,36.4183,35.9661,36.3162,10347800
2012-03-22,36.0827,36.3818,35.9879,36.2359,7195700
2012-03-23,36.0171,36.163,35.5576,36.1338,8655700
2012-03-26,36.2578,36.5787,36.2505,36.5642,11740100
2012-03-27,36.5058,36.7246,36.4693,36.4985,7785700
2012-03-28,36.3891,36.6517,36.1776,36.4037,7982700
2012-03-29,36.1046,36.4256,36.0317,36.4037,5491400
2012-03-30,36.4693,36.7757,36.4693,36.6954,7713000
2012-04-02,36.5423,36.6517,36.2943,36.462,8435800
2012-04-03,36.3453,36.6444,36.2578,36.4693,8669600
2012-04-04,36.3162,36.4766,36.1484,36.3599,6280000
2012-04-05,36.2432,36.958,36.1484,36.9215,9558500
2012-04-09,36.3745,36.9726,36.3745,36.8924,8302700
2012-04-10,36.7027,37.0966,36.0025,36.0025,13245100
2012-04-11,36.2359,36.4256,36.1849,36.287,7631100
2012-04-12,36.3599,36.9653,36.2213,36.9288,10472200
2012-04-13,36.907,37.4029,36.907,37.1695,10430600
2012-04-16,37.5196,37.8187,37.1549,37.702,10239000
2012-04-17,37.7749,38.0375,37.3884,37.95,9054400
2012-04-18,37.826,37.8989,37.5634,37.7895,7051600
2012-04-19,37.7822,37.9062,37.4102,37.6072,10894800
2012-04-20,37.7822,37.8771,37.3884,37.5342,11027600
2012-04-23,37.3081,37.3884,36.9507,37.2716,6801100
2012-04-24,37.3738,37.6874,37.0966,37.3665,6437400
2012-04-25,37.5561,37.95,37.5269,37.8625,6529100
2012-04-26,37.7822,37.9646,37.4905,37.8333,7361400
2012-04-27,37.9354,38.2126,37.4102,37.8916,11022100
2012-04-30,37.8552,37.8989,37.6218,37.7749,6800700
2012-05-01,37.8771,38.4752,37.6218,38.1615,8474800
2012-05-02,38.0667,38.5481,38.0302,38.446,10109100
2012-05-03,38.4387,38.57,38.1031,38.2709,10470300
2012-05-04,38.1396,38.1907,37.7093,37.8989,8564700
2012-05-07,37.6364,37.8041,37.4613,37.4832,8532000
2012-05-08,37.3592,37.4029,36.3307,36.9215,15807200
2012-05-09,36.6079,36.7392,36.3599,36.5496,17577400
2012-05-10,36.8486,37.0164,36.7392,36.9215,16080300
2012-05-11,36.6517,37.1112,36.5058,36.7173,10489700
2012-05-14,36.5714,36.8997,36.2651,36.3818,12329400
2012-05-15,34.9376,36.1046,34.4489,35.4993,28826600
2012-05-16,35.667,35.9734,35.5576,35.5722,14756500
2012-05-17,35.5138,35.5211,34.2885,34.2958,15699100
2012-05-18,34.2812,34.675,34.0769,34.3176,12962200
2012-05-21,33.9092,34.8793,33.8217,34.7261,12713000
2012-05-22,35.0033,35.4336,34.7771,35.2002,15028300
2012-05-23,34.996,35.5941,34.8866,35.5503,13489900
2012-05-24,35.616,36.2651,35.4992,36.2578,9702000
2012-05-25,36.287,36.535,35.9734,36.0609,9819200
2012-05-29,36.4057,36.6258,36.1489,36.5231,8582600
2012-05-30,36.3544,36.5231,35.8848,36.4717,11996300
2012-05-31,36.4057,36.5158,36.0682,36.2003,14217000
2012-06-01,35.8408,36.1342,35.1584,35.1878,12638700
2012-06-04,35.1511,35.8628,35.0337,35.7747,15969800
2012-06-05,35.5693,36.0095,35.4226,35.8921,9457500
2012-06-06,36.3177,37.1247,36.2003,37.1247,19333500
2012-06-07,37.5063,37.8731,37.3522,37.5943,20693300
2012-06-08,37.5723,38.416,37.4549,38.4087,13338300
2012-06-11,38.5848,38.6581,37.6236,37.675,11729100
2012-06-12,37.8144,38.372,37.7117,38.328,9006300
2012-06-13,37.9905,38.0785,37.2788,37.3962,14524800
2012-06-14,37.7484,38.5701,37.6163,38.2693,16512900
2012-06-15,38.2179,38.5187,37.8658,38.0565,17480700
2012-06-18,38.1005,38.6141,37.8951,38.3867,11636100
2012-06-19,38.7022,39.047,38.5481,38.8636,10420400
2012-06-20,38.959,39.091,38.4014,38.7609,9376400
2012-06-21,38.7462,38.8856,37.5943,37.609,20047000
2012-06-22,37.9318,38.1666,37.7117,38.1666,22946500
2012-06-25,37.8511,37.9465,37.5723,37.7997,10104700
2012-06-26,37.8804,38.3133,37.6457,38.0639,9202500
2012-06-27,38.0785,38.1005,37.7263,37.8217,12224000
2012-06-28,37.697,38.0492,37.3375,37.9244,11017000
2012-06-29,38.3427,38.8783,38.2913,38.8783,9688100
2012-07-02,38.8562,39.0617,38.5261,38.8929,9738900
2012-07-03,38.0565,38.1299,37.3228,37.8951,13270600
2012-07-05,37.6823,38.3647,37.6457,38.2326,9036100
2012-07-06,37.9978,38.35,37.9244,38.2619,7127700
2012-07-09,38.2986,38.372,37.9538,38.2399,6132600
2012-07-10,38.4747,38.7022,38.1959,38.3133,8368700
2012-07-11,38.306,38.5994,37.697,37.9098,10075500
2012-07-12,37.4695,38.0418,37.3155,37.8217,9535000
2012-07-13,38.0492,38.2986,37.9318,38.2179,7970300
2012-07-16,38.0125,38.0125,37.3669,37.7484,8484000
2012-07-17,37.3595,37.4842,36.89,37.2128,16519200
2012-07-18,37.1174,37.4402,36.9193,37.3522,9222600
2012-07-19,37.4255,37.697,37.0514,37.3889,10630900
2012-07-20,37.3302,37.4769,37.1247,37.1981,8926100
2012-07-23,36.7652,37.5943,36.5158,37.3889,10575800
2012-07-24,37.3889,37.6383,37.1321,37.5429,8847100
2012-07-25,37.7777,38.0419,37.4182,37.4696,8365500
2012-07-26,37.9611,38.8562,37.9611,38.8196,12548400
2012-07-27,38.8782,39.8247,38.8195,39.4065,9140400
2012-07-30,39.2231,39.4432,38.7462,39.069,9024400
2012-07-31,38.8709,38.8856,38.2399,38.284,11606100
2012-08-01,38.3793,38.5407,37.8217,37.9171,8327200
2012-08-02,37.8144,38.2106,37.5723,37.7043,9536700
2012-08-03,38.2986,38.4013,38.0492,38.3647,7484300
2012-08-06,38.4527,38.6948,38.1079,38.1519,7471600
2012-08-07,38.3353,38.5408,37.9905,38.4454,6519100
2012-08-08,38.2473,38.7755,38.1152,38.7315,5398200
2012-08-09,38.5481,39.1937,38.5114,38.9956,8324900
2012-08-10,38.8489,38.9516,38.5774,38.9296,9086700
2012-08-13,38.9956,39.0543,38.6288,38.7535,9982500
2012-08-14,39.7293,40.3383,39.4138,40.1402,19528000
2012-08-15,40.1695,40.6024,40.1182,40.353,9630600
2012-08-16,40.353,41.4315,40.331,41.3141,10150600
2012-08-17,41.2774,41.9524,41.138,41.6222,11263000
2012-08-20,41.5049,41.5782,41.072,41.5049,8435300
2012-08-21,41.5782,41.747,41.1747,41.3214,8382600
2012-08-22,41.3068,41.7616,41.2481,41.5562,6677800
2012-08-23,41.5122,41.769,41.4168,41.4902,6613200
2012-08-24,41.3728,41.8203,41.3728,41.791,5784000
2012-08-27,41.879,41.879,41.3948,41.5782,7164000
2012-08-28,41.475,41.9248,41.4455,41.6888,4758300
2012-08-29,41.8068,42.0428,41.6962,41.9175,4593900
2012-08-30,41.8216,41.888,41.6446,41.7552,5846200
2012-08-31,41.8953,42.0133,41.7036,41.8511,7446700
2012-09-04,41.8806,42.0355,41.6446,41.8806,5914100
2012-09-05,42.0133,42.2715,41.5709,41.6962,6068500
2012-09-06,41.6667,42.5296,41.6667,42.5148,7706900
2012-09-07,42.5959,42.6918,42.065,42.2272,6808700
2012-09-10,42.3894,42.6844,42.1977,42.2567,6903700
2012-09-11,42.2051,42.2567,41.7478,41.829,7490100
2012-09-12,41.9248,42.1092,41.6151,42.0723,7774400
2012-09-13,42.0871,43.0605,41.8953,42.9942,10772200
2012-09-14,43.3039,44.034,43.2596,43.8496,12476500
2012-09-17,43.6579,43.857,43.267,43.444,7985900
2012-09-18,43.4883,43.5473,43.149,43.4071,5216500
2012-09-19,43.6431,44.2479,43.5104,43.857,6648700
2012-09-20,43.6505,43.7316,43.3334,43.7169,6362100
2012-09-21,43.9381,44.1962,43.739,43.8201,9011000
2012-09-24,43.7685,43.8939,43.4219,43.798,5589200
2012-09-25,44.1225,44.6756,43.9676,44.0414,9723100
2012-09-26,43.9381,44.211,43.6063,43.6358,8583300
2012-09-27,43.8201,44.3953,43.6874,44.1594,5824200
2012-09-28,44.0119,44.5576,43.8054,44.5207,7740800
2012-10-01,44.8157,44.8747,44.4986,44.6682,8537400
2012-10-02,44.8894,44.9042,44.3585,44.4912,6573100
2012-10-03,44.5797,45.5605,44.5281,45.5532,8468300
2012-10-04,45.6048,46.0325,45.3688,45.531,8722300
2012-10-05,45.7007,46.6077,45.649,46.6077,9672400
2012-10-08,46.4455,46.534,45.531,45.6343,9770300
2012-10-09,45.4204,45.4794,44.9484,44.9484,9707700
2012-10-10,44.6239,45.0295,43.9602,44.0561,15262700
2012-10-11,44.211,44.2405,43.326,43.5178,10431000
2012-10-12,43.6948,44.1151,43.6284,43.9234,6554400
2012-10-15,44.1594,44.8009,44.0635,44.7272,8072200
2012-10-16,44.8821,44.9853,44.565,44.8821,7162400
2012-10-17,45.1992,45.8113,45.0959,45.2729,11372700
2012-10-18,45.2729,45.649,45.2434,45.5753,9420000
2012-10-19,45.5458,45.7449,45.3614,45.6417,10798800
2012-10-22,45.5384,45.7597,45.3024,45.7523,7785800
2012-10-23,45.3909,45.5605,45.0296,45.5384,8273900
2012-10-24,45.6859,45.8924,45.1549,45.1918,7187200
2012-10-25,45.5015,45.6416,44.4765,44.6018,9604000
2012-10-26,44.5281,44.5871,43.8349,44.2773,10458600
2012-10-31,46.2832,46.4602,44.9042,45.2655,13817800
2012-11-01,45.6859,46.0104,45.5163,45.9145,6879900
2012-11-02,46.1284,46.3939,45.708,45.7375,8905700
2012-11-05,45.7375,46.1136,45.6712,46.003,4904200
2012-11-06,46.1579,46.3865,45.9661,46.18,7017900
2012-11-07,45.9735,45.9956,45.3024,45.7154,8778000
2012-11-08,45.5753,45.7154,44.8673,44.8821,7251300
2012-11-09,44.7346,45.2434,44.4765,44.9558,6562300
2012-11-12,45.1623,45.3024,44.6166,45.1033,8353500
2012-11-13,45.9809,47.5222,45.8334,46.7405,21441300
2012-11-14,46.6372,46.829,45.2213,45.3319,13379700
2012-11-15,45.1844,45.6343,45.0148,45.1697,8204600
2012-11-16,45.0074,45.9293,45.0074,45.8113,9059100
2012-11-19,46.0841,46.711,45.944,46.7036,10036100
2012-11-20,46.6225,47.1018,46.5708,47.0649,8560400
2012-11-21,46.947,47.3305,46.829,47.2641,5574000
2012-11-23,47.4042,47.8098,47.2862,47.8024,3721900
2012-11-26,47.6402,47.854,47.3157,47.6918,6719200
2012-11-27,47.4177,47.7511,47.077,47.5288,8234300
2012-11-28,47.314,48.04,46.9436,48.0252,7759600
2012-11-29,47.8251,48.1659,47.4844,47.5881,7629200
2012-11-30,47.7066,48.3215,47.4399,48.203,9271800
2012-12-03,48.1511,48.8326,48.077,48.1363,6696200
2012-12-04,48.0992,48.1437,47.5807,47.5881,7787600
2012-12-05,47.5362,47.7659,47.0029,47.4251,6050500
2012-12-06,47.4548,47.7437,47.1436,47.6622,5837400
2012-12-07,47.8548,47.9659,47.4399,47.7437,6092800
2012-12-10,47.6622,47.6622,46.6917,46.6992,8150000
2012-12-11,46.8695,47.0399,46.4843,46.588,6880200
2012-12-12,46.8103,46.8473,46.4102,46.6177,7216500
2012-12-13,46.6992,46.8769,46.188,46.2325,5875900
2012-12-14,46.1732,46.2399,45.7732,45.9732,5783500
2012-12-17,46.0399,46.9214,45.9213,46.8992,8188700
2012-12-18,46.9584,46.9584,46.4473,46.6695,7751400
2012-12-19,46.7658,46.7732,45.7435,45.7583,7597900
2012-12-20,45.5213,45.9139,45.3583,45.9065,8436700
2012-12-21,45.425,45.7213,44.8546,45.425,15929900
2012-12-24,45.1954,45.9065,45.188,45.6102,3022600
2012-12-26,45.5732,45.7065,45.188,45.2917,4453800
2012-12-27,45.2102,45.4991,44.6027,45.2398,7184600
2012-12-28,44.8991,45.5732,44.6472,44.9287,6508700
2012-12-31,44.7509,45.8324,44.6916,45.8176,7880800
2013-01-02,47.0918,47.1955,46.3806,47.0251,9067200
2013-01-03,47.2473,47.3585,46.7288,46.8918,6056800
2013-01-04,46.8251,46.9436,46.6695,46.8029,4779100
2013-01-07,46.3732,46.6695,46.2102,46.551,5466500
2013-01-08,46.4843,47.0103,46.4695,46.8325,5433000
2013-01-09,47.0473,47.1362,46.6769,46.7955,4712400
2013-01-10,46.951,47.1288,46.5065,47.1288,6714100
2013-01-11,47.0177,47.2325,46.9214,47.1881,4567100
2013-01-14,47.1584,47.3362,46.9584,47.0251,4532200
2013-01-15,47.0399,47.4177,47.0029,47.3733,5119400
2013-01-16,47.1436,47.4103,47.0769,47.3066,3915400
2013-01-17,47.5511,48.3659,47.4399,48.1881,7796000
2013-01-18,48.2622,48.5067,48.1215,48.4993,6534400
2013-01-22,48.44,48.8845,48.3141,48.7067,6574000
2013-01-23,48.4993,49.2475,48.3807,49.2326,6795500
2013-01-24,49.3067,50.1438,49.3067,49.8919,8484600
2013-01-25,50.0846,50.4698,49.8475,50.2401,7494700
2013-01-28,50.4846,50.4846,49.8253,50.0623,6561200
2013-01-29,50.0031,50.2253,49.6104,49.7808,6504300
2013-01-30,49.7956,50.0623,49.6401,49.8104,5102200
2013-01-31,49.803,50.0475,49.5734,49.5734,5615900
2013-02-01,50.0919,50.1808,49.7882,49.8549,4983300
2013-02-04,49.529,49.7956,49.1289,49.1586,4741000
2013-02-05,49.3586,49.5808,49.1215,49.1808,7112000
2013-02-06,48.9215,49.4252,48.8919,49.3882,5187000
2013-02-07,49.3734,49.4104,48.7659,49.1215,5743500
2013-02-08,49.2993,49.6475,49.1956,49.6401,4459000
2013-02-11,49.5363,49.6178,49.0548,49.1734,3953500
2013-02-12,49.4104,49.9512,49.2771,49.8697,4932500
2013-02-13,50.0179,50.129,49.766,49.966,3668900
2013-02-14,49.729,49.9808,49.603,49.8845,5439700
2013-02-15,50.0179,50.366,49.4845,50.0179,8131200
2013-02-19,50.0994,50.3142,49.5956,50.0401,5455500
2013-02-20,49.9586,50.0771,49.166,49.2178,5598400
2013-02-21,48.7882,48.8326,47.6251,47.6918,10622400
2013-02-22,48.0029,48.6993,47.7807,48.5807,7500700
2013-02-25,48.8623,49.2993,47.277,47.3511,10268800
2013-02-26,48.5659,50.3735,48.5141,50.0475,22792900
2013-02-27,50.0623,50.5809,49.9068,50.4179,14180400
2013-02-28,50.3068,51.255,50.2697,50.7438,8705100
2013-03-01,50.6549,51.1957,50.4401,51.1365,6241800
2013-03-04,51.0772,52.0773,51.0624,52.0699,8375900
2013-03-05,52.2847,52.5662,51.9439,52.2032,8323800
2013-03-06,52.2032,52.5662,52.0625,52.2106,5276600
2013-03-07,52.1513,52.2254,51.8106,52.0402,4998300
2013-03-08,52.2921,52.9292,52.144,52.8699,6470300
2013-03-11,52.8329,52.8773,52.5958,52.8329,4902500
2013-03-12,52.8105,52.9893,52.4828,52.6988,4450400
2013-03-13,52.7286,52.8403,52.4009,52.7063,5826700
2013-03-14,52.7882,52.8552,52.2742,52.3189,6308900
2013-03-15,52.1625,52.2817,51.4325,51.4325,11275100
2013-03-18,50.9856,52.0731,50.9856,51.656,6011200
2013-03-19,51.805,51.9465,51.0675,51.2389,7657600
2013-03-20,51.6858,51.805,51.2761,51.3059,6112000
2013-03-21,51.1346,51.6262,50.9633,51.358,8045600
2013-03-22,51.5666,51.8199,51.2463,51.8124,5291800
2013-03-25,51.9912,52.4083,51.5964,51.7453,7027100
2013-03-26,51.8869,52.4381,51.805,52.1774,4661200
2013-03-27,51.5517,51.9167,51.3953,51.8794,4156300
2013-03-28,51.723,52.1103,51.6411,51.9763,6752100
2013-04-01,51.7752,52.7137,51.7752,51.8943,5357700
2013-04-02,52.0656,52.9222,52.0135,52.8999,7291600
2013-04-03,52.7733,52.8403,52.155,52.4083,7796000
2013-04-04,52.4083,52.736,52.1997,52.6541,6613700
2013-04-05,52.1401,52.3263,51.8496,52.1848,6986100
2013-04-08,51.9763,53.0712,51.9763,53.0489,6097200
2013-04-09,53.0563,53.3096,52.8478,53.034,5994800
2013-04-10,53.1829,53.4734,52.8626,53.3989,5423200
2013-04-11,53.5032,54.0767,53.4287,53.5553,7627800
2013-04-12,53.9352,54.8663,53.7416,54.8365,10493000
2013-04-15,54.6354,55.2611,53.7863,53.8012,8360600
2013-04-16,54.0395,54.2257,53.6522,53.9725,8119700
2013-04-17,53.7937,54.3524,53.5852,54.2257,8838600
2013-04-18,54.1289,54.3002,53.8459,53.9874,7549200
2013-04-19,54.3151,55.3281,54.1662,55.1196,9579900
2013-04-22,55.06,55.2835,54.5535,55.0153,7223500
2013-04-23,55.2239,55.5591,54.0991,54.6578,7898800
2013-04-24,54.7844,55.0079,54.5684,54.5833,6248300
2013-04-25,54.6056,54.9631,54.5237,54.6503,5645200
2013-04-26,54.5535,54.8887,54.4715,54.6354,4983000
2013-04-29,54.7024,55.1345,54.6652,54.8738,4518700
2013-04-30,54.7471,55.127,54.5386,54.6354,6601900
2013-05-01,54.5088,54.8142,54.1066,54.1959,5554700
2013-05-02,54.2034,54.7322,54.0246,54.6205,3722900
2013-05-03,54.911,55.425,54.911,55.0898,4953100
2013-05-06,55.0302,56.14,55.0302,56.0581,5731200
2013-05-07,56.0432,56.073,55.5665,55.9166,5582300
2013-05-08,56.006,56.2369,55.8048,56.1773,6536600
2013-05-09,56.1326,56.7434,56.1326,56.5125,6338300
2013-05-10,56.7136,56.7583,56.1698,56.6167,5169700
2013-05-13,56.6167,57.2424,56.572,57.1083,4466100
2013-05-14,57.1903,57.667,57.1679,57.5925,6071700
2013-05-15,57.8011,58.2852,57.6819,58.0096,6706200
2013-05-16,57.7266,58.5012,57.1232,57.1679,8299200
2013-05-17,56.8626,57.4659,56.7583,57.2499,8735000
2013-05-20,57.1828,57.3542,56.9817,57.1754,8867700
2013-05-21,59.0897,59.194,58.1437,58.6279,14108500
2013-05-22,59.0375,60.7507,58.9779,59.3578,14832400
2013-05-23,58.7619,59.0301,57.9426,58.7768,9634900
2013-05-24,58.4714,59.1344,58.3299,58.8364,6188200
2013-05-28,59.544,60.058,59.2088,59.4547,7715800
2013-05-29,59.1269,59.4919,58.9109,59.2088,7127000
2013-05-30,59.2535,59.6632,58.9407,59.1716,5449100
2013-05-31,59.2461,59.8718,58.5906,58.5906,6905600
2013-06-03,58.5832,58.9035,58.1363,58.9035,6191400
2013-06-04,58.7612,59.0008,56.9497,57.3614,8791700
2013-06-05,56.9722,57.5261,56.0664,56.2161,8761500
2013-06-06,56.1563,57.9154,56.1488,57.833,11515700
2013-06-07,58.1848,59.113,58.08,58.9409,6555900
2013-06-10,59.0906,59.6445,58.0351,58.1849,7627800
2013-06-11,57.8106,58.7837,57.6085,58.095,5979700
2013-06-12,58.4169,58.6115,57.1593,57.1893,7360200
2013-06-13,57.1519,57.5112,56.9498,57.2866,9194600
2013-06-14,57.0545,57.601,56.9422,57.3315,8613100
2013-06-17,57.6983,57.9977,56.6578,56.9946,9315500
2013-06-18,56.9797,57.9154,56.9797,57.7806,6421500
2013-06-19,57.6908,57.8405,56.83,56.8375,8027600
2013-06-20,56.4632,56.4632,55.243,55.2954,12373500
2013-06-21,55.7595,55.9093,54.6592,55.258,15552500
2013-06-24,54.5694,55.4077,54.2026,55.026,10214400
2013-06-25,55.4452,55.9317,55.2431,55.4976,8520800
2013-06-26,55.9841,56.7925,55.8269,56.6428,7390100
2013-06-27,56.8824,57.5037,56.7402,57.092,6674500
2013-06-28,57.0096,58.2298,56.83,57.9902,12475000
2013-07-01,58.11,58.2447,57.3614,57.5411,7471000
2013-07-02,57.8555,58.4768,57.6085,57.8705,6886300
2013-07-03,57.6309,58.3795,57.5785,58.1849,3025600
2013-07-05,58.3196,58.8062,57.9378,58.6041,4991500
2013-07-08,58.8061,59.5397,58.7912,59.3002,6051200
2013-07-09,59.5398,59.9964,59.3826,59.6595,4986400
2013-07-10,59.637,59.6595,58.8436,59.4349,5459400
2013-07-11,60.0862,60.3931,59.5697,59.7793,6845700
2013-07-12,59.8242,60.4455,59.8242,60.2883,5178300
2013-07-15,60.3556,60.7449,60.0113,60.1835,5041400
2013-07-16,60.191,60.4006,59.7643,60.0488,5031500
2013-07-17,60.453,60.8048,60.176,60.2134,5700200
2013-07-18,60.1311,60.2209,59.8541,59.899,5297800
2013-07-19,59.8466,59.9739,59.4499,59.8017,5886200
2013-07-22,59.8691,59.929,59.3227,59.8841,5957900
2013-07-23,59.9888,60.2359,59.7793,60.0263,4985800
2013-07-24,60.2209,60.2359,59.5697,60.0862,4813300
2013-07-25,59.9514,59.9589,58.3046,59.128,9967600
2013-07-26,58.7013,59.4125,58.5741,58.9409,5577600
2013-07-29,58.866,59.1205,58.6639,58.8885,5179000
2013-07-30,59.2628,59.3376,58.7762,58.8361,4813400
2013-07-31,58.9035,59.682,58.9035,59.158,5915000
2013-08-01,59.5247,59.8616,58.8436,58.866,6727400
2013-08-02,58.866,60.2583,58.7612,60.0562,5964400
2013-08-05,59.8466,59.8466,59.4125,59.6296,3578500
2013-08-06,59.5996,60.1311,58.9409,59.9215,6311100
2013-08-07,59.5547,59.5622,58.8361,59.0083,5322200
2013-08-08,59.4574,60.0487,59.2029,59.914,4467900
2013-08-09,59.6445,59.6819,58.7837,59.113,5299300
2013-08-12,58.8511,59.5397,58.8211,59.2852,3844400
2013-08-13,59.2403,59.6146,58.4468,59.4649,6956400
2013-08-14,59.2478,59.3077,57.7731,57.9678,8648100
2013-08-15,57.2492,57.339,56.0365,56.2461,13702000
2013-08-16,56.2835,57.1519,56.0889,56.4258,9138200
2013-08-19,56.5081,57.2192,56.276,56.2985,9184100
2013-08-20,57.6684,58.0127,55.1308,55.6099,17038100
2013-08-21,55.8419,56.3883,54.9661,55.1907,10788400
2013-08-22,55.3254,55.5425,54.9062,55.3928,6668700
2013-08-23,55.5051,55.5425,54.7266,55.3104,7730800
2013-08-26,55.2655,57.0021,55.258,56.4632,10362900
2013-08-27,56.029,56.3135,55.3553,55.4826,8264200
2013-08-28,55.4751,56.3808,55.4002,56.1638,7076000
2013-08-29,56.1189,56.6354,55.9916,56.1787,5704200
2013-08-30,56.2311,56.2386,55.5275,55.7595,6331300
2013-09-03,56.3089,56.6249,55.4435,55.6091,7802800
2013-09-04,55.6693,56.0681,55.4887,55.7896,8271600
2013-09-05,55.7369,55.8423,54.8114,54.9243,11039000
2013-09-06,55.3457,55.3532,54.3373,54.7061,9968400
2013-09-09,54.9167,55.5263,54.8565,55.3682,5781800
2013-09-10,55.6542,56.1734,55.4886,56.1358,6438700
2013-09-11,56.1809,56.5196,55.8047,56.4669,6441500
2013-09-12,56.5722,56.9936,56.4142,56.7378,6872200
2013-09-13,56.6851,56.7453,56.3164,56.5196,4888400
2013-09-16,57.2269,57.4075,56.5873,56.8431,8054400
2013-09-17,56.9184,57.3021,56.8657,57.0388,6825600
2013-09-18,57.0162,58.6792,56.7002,58.2202,10594300
2013-09-19,58.5739,59.2361,58.4234,59.078,7693700
2013-09-20,59.3038,59.3038,57.9417,57.9417,14158300
2013-09-23,57.5354,57.7612,57.0162,57.1215,6248800
2013-09-24,57.0388,57.7837,56.8732,57.2194,5412700
2013-09-25,57.099,57.4225,56.6324,56.8281,6785600
2013-09-26,56.9033,57.5053,56.9033,57.2419,3798200
2013-09-27,56.9259,57.257,56.7227,57.1592,4058700
2013-09-30,56.5723,57.2495,56.4067,57.0764,6276200
2013-10-01,57.099,57.5053,56.9184,57.3849,4411700
2013-10-02,57.084,57.4753,56.7679,57.4301,5118400
2013-10-03,57.4903,57.8138,56.8206,57.099,6979700
2013-10-04,57.0388,57.3774,56.798,57.0237,4855800
2013-10-07,56.7378,57.0764,56.5045,56.5346,5087000
2013-10-08,56.4518,56.64,55.8122,55.8875,8997900
2013-10-09,55.9477,56.1659,55.6091,55.7896,6817600
2013-10-10,56.4669,56.8205,56.2411,56.8205,6092800
2013-10-11,56.7754,57.6634,56.7529,57.4301,6936700
2013-10-14,56.9936,57.5806,56.8807,57.4526,4119000
2013-10-15,57.2946,57.3699,56.5045,56.5722,6645400
2013-10-16,56.7679,56.8808,56.1132,56.3916,12877900
2013-10-17,56.0681,57.0463,56.0681,56.9936,7176400
2013-10-18,56.6324,56.813,55.4886,56.2035,14334800
2013-10-21,56.1358,56.2863,55.7972,56.1509,7578700
2013-10-22,56.4669,56.5346,56.1283,56.3314,6867000
2013-10-23,56.0906,56.7453,56.0681,56.497,5526100
2013-10-24,56.7528,57.8214,56.7453,57.7762,7927400
2013-10-25,57.6031,57.6483,57.1968,57.3774,5944200
2013-10-28,57.3022,57.4903,57.0388,57.2344,7728100
2013-10-29,57.5279,58.3556,57.4827,58.318,7248000
2013-10-30,58.4535,59.1458,58.3331,58.604,7251900
2013-10-31,58.6867,59.0329,58.3331,58.6115,7577600
2013-11-01,58.6792,58.7168,57.8214,57.9343,7178300
2013-11-04,58.0772,58.2578,57.6483,57.9417,3906500
2013-11-05,57.7762,57.7913,57.242,57.6784,6035300
2013-11-06,57.7311,57.7837,57.1216,57.5053,5059600
2013-11-07,57.8063,58.0848,56.941,56.956,5424600
2013-11-08,56.6475,56.971,56.2712,56.798,9229700
2013-11-11,56.6399,56.9409,56.3841,56.7152,5774000
2013-11-12,57.0689,57.6332,56.9786,57.3247,6629200
2013-11-13,56.956,58.461,56.956,58.3933,7064700
2013-11-14,58.7996,59.7026,58.7394,59.4016,6843800
2013-11-15,59.3264,60.267,59.1157,60.2218,10414800
2013-11-18,60.1992,60.5529,59.5897,59.9509,8613000
2013-11-19,61.8698,61.9074,60.3949,60.4852,12236700
2013-11-20,60.7485,60.7485,59.7327,60.0111,7236900
2013-11-21,60.2444,60.2444,59.7176,60.0713,5618600
2013-11-22,59.8983,60.0638,59.2812,59.5822,7786200
2013-11-25,59.6725,60.2293,59.6725,60.0111,5496100
2013-11-26,60.3572,60.8765,60.2669,60.4626,9360700
2013-11-27,60.4551,60.7636,60.2895,60.6959,5450000
2013-11-29,60.8614,61.2452,60.6733,60.7034,3372600
2013-12-02,60.5379,60.7636,59.838,60.0262,5915600
2013-12-03,59.7086,60.1018,59.217,59.5195,7276900
2013-12-04,59.096,59.5498,58.7558,59.2851,7148800
2013-12-05,59.2246,60.1471,59.1868,59.391,6264900
2013-12-06,59.7993,60.5328,59.5951,60.374,5094600
2013-12-09,60.4269,60.9487,60.1396,60.1925,5799800
2013-12-10,59.9808,60.4421,59.2851,59.4439,7448400
2013-12-11,59.27,60.3513,59.27,59.7388,7834500
2013-12-12,59.7312,59.89,59.1944,59.3834,8535200
2013-12-13,59.8069,60.1698,59.3758,59.7464,6027100
2013-12-16,59.8976,60.3135,59.6859,59.8144,7099700
2013-12-17,59.9732,60.0186,59.4439,59.4515,6226000
2013-12-18,59.5876,60.5404,59.2171,60.5328,8170300
2013-12-19,60.5555,60.8504,60.2228,60.4572,6620800
2013-12-20,60.6311,61.1226,60.5252,60.5252,11232900
2013-12-23,60.5479,61.1907,60.5252,60.9185,3941300
2013-12-24,60.9185,61.2209,60.9185,60.979,1819800
2013-12-26,61.1302,61.8108,61.1075,61.6671,3848800
2013-12-27,61.7427,62.1889,61.4176,61.7352,3961900
2013-12-30,61.7578,61.9922,61.599,61.962,3526400
2013-12-31,61.9998,62.3628,61.7957,62.2645,4493600
2014-01-02,62.0906,62.4384,61.8562,62.0225,4253400
2014-01-03,61.9393,62.3703,61.8788,61.9242,3897900
2014-01-06,61.7427,61.9923,61.3268,61.3268,11188800
2014-01-07,61.4856,61.9469,61.3117,61.6293,4630900
2014-01-08,61.6595,61.962,61.2739,61.9544,4662300
2014-01-09,61.9318,61.962,61.2285,61.6822,4966000
2014-01-10,61.7956,62.0376,61.5688,62.0149,4981000
2014-01-13,61.7125,62.1057,61.2209,61.2285,6952400
2014-01-14,61.4629,61.6217,60.9563,61.2588,5217300
2014-01-15,61.1378,61.5764,61.0546,61.3041,5196800
2014-01-16,61.1756,61.5385,61.0848,61.4478,4871200
2014-01-17,61.4932,61.5159,60.9865,61.2512,6178000
2014-01-21,61.4781,61.6293,60.3513,60.8429,6932800
2014-01-22,60.9941,61.1075,60.4345,60.6462,5821600
2014-01-23,60.2076,60.7219,59.8825,60.6765,6387000
2014-01-24,60.2001,60.495,59.8598,59.8598,7118300
2014-01-27,59.633,59.8674,59.3759,59.6935,6591200
2014-01-28,59.3002,59.6859,58.8465,59.391,10586500
2014-01-29,59.1944,59.5498,57.9467,57.9845,9195300
2014-01-30,58.4004,58.8011,57.9618,58.1735,6820900
2014-01-31,57.6215,58.5819,57.3568,58.113,10592200
2014-02-03,57.9542,58.0223,56.6611,56.7821,9527000
2014-02-04,57.0997,57.3568,56.0864,56.6914,9573400
2014-02-05,56.5099,57.13,55.9276,56.9107,10080300
2014-02-06,56.8577,57.6215,56.8426,57.5912,6107100
2014-02-07,57.5988,57.924,57.3568,57.8105,6194200
2014-02-10,57.8937,57.9164,57.3795,57.7803,6343600
2014-02-11,57.803,58.2189,57.5988,57.9996,6292900
2014-02-12,58.1584,58.476,57.9769,58.4382,7345900
2014-02-13,58.4835,58.8843,58.1811,58.6726,6586900
2014-02-14,58.7936,59.0809,58.4684,58.9297,4752300
2014-02-18,58.9221,59.0431,58.2794,58.6575,4954700
2014-02-19,58.4155,58.6197,57.7727,57.8105,7767800
2014-02-20,57.9164,58.6499,57.8786,58.5894,5852200
2014-02-21,58.4987,59.0129,58.4987,58.786,7764500
2014-02-24,58.8616,59.1717,58.5743,58.8843,11739500
2014-02-25,60.253,61.2512,59.9884,61.2361,13421700
2014-02-26,61.2436,62.5443,61.0924,61.7805,9737800
2014-02-27,61.7503,62.1586,60.9563,61.9847,6040900
2014-02-28,61.9242,62.8392,61.5461,62.0301,7239600
2014-03-03,61.047,62.03,60.9638,62.0074,8359500
2014-03-04,62.6804,62.9148,62.5443,62.6653,6367600
2014-03-05,62.6955,62.9148,62.446,62.6955,5069900
2014-03-06,62.5972,62.6804,62.1813,62.3174,6168400
2014-03-07,62.4687,62.514,62.0377,62.4233,5287700
2014-03-10,62.3401,62.4157,61.8032,62.1435,4139000
2014-03-11,62.1283,62.25,61.6415,61.8241,4667900
2014-03-12,61.3982,61.4894,61.0255,61.2689,7048700
2014-03-13,61.6491,61.6491,59.8695,59.9303,7665800
2014-03-14,59.9455,60.7517,59.9227,60.3714,6739000
2014-03-17,60.5159,60.9875,60.2726,60.5235,5547600
2014-03-18,60.5768,61.2689,60.554,60.7061,5032600
2014-03-19,60.8202,61.2156,60.3867,60.6528,6568400
2014-03-20,60.6224,61.0255,60.4399,60.9114,5097800
2014-03-21,61.4362,62.288,61.0331,61.1624,10086100
2014-03-24,61.1548,61.1928,60.2345,60.5844,7574200
2014-03-25,60.881,60.9114,60.2041,60.4399,5375500
2014-03-26,60.4551,60.6756,59.8543,59.9836,6364600
2014-03-27,59.8011,60.0977,59.6033,59.8391,5803300
2014-03-28,60.0216,60.4627,59.6946,59.8695,5132700
2014-03-31,60.2421,60.3334,59.9607,60.1813,5736200
2014-04-01,60.265,61.0635,60.265,60.3714,6697600
2014-04-02,60.4931,61.421,60.4551,60.8049,6611700
2014-04-03,60.8049,60.8582,60.0672,60.3867,5505400
2014-04-04,60.5692,60.6148,59.6946,59.8695,6422000
2014-04-07,59.8467,59.8467,58.5842,58.6602,11121300
2014-04-08,58.4929,58.896,58.1203,58.645,7371000
2014-04-09,58.7439,59.2687,58.6678,59.1394,8027600
2014-04-10,59.0329,59.4892,58.3332,58.394,6201500
2014-04-11,58.2724,58.607,57.5346,57.5727,8399100
2014-04-14,58.029,58.4549,57.4282,57.778,8677200
2014-04-15,58.0214,58.1051,56.7437,57.7172,7022900
2014-04-16,58.1203,58.2419,57.6487,58.2419,6104700
2014-04-17,57.9986,59.0785,57.7324,58.6298,6875000
2014-04-21,59.5881,59.5881,59.0709,59.2915,6253300
2014-04-22,59.8847,61.0179,59.801,60.592,11188400
2014-04-23,60.7441,60.881,59.6565,59.7174,7497000
2014-04-24,60.0596,60.6985,59.8695,60.668,7271600
2014-04-25,60.3943,60.6148,60.1052,60.3714,6381400
2014-04-28,60.4855,61.7176,60.3334,60.9723,14562400
2014-04-29,61.0863,61.0863,60.4779,60.4779,5146500
2014-04-30,60.6453,60.6453,59.8771,60.4703,8524700
2014-05-01,60.4703,60.5768,60.0444,60.3334,3936700
2014-05-02,60.3258,60.9647,60.2041,60.3867,3738400
2014-05-05,60.1129,60.2193,59.7478,59.8467,3521000
2014-05-06,59.8087,59.8999,58.8276,58.8808,6475800
2014-05-07,59.2078,59.2915,58.1963,58.6222,5378600
2014-05-08,58.5157,59.1165,58.3028,58.5994,5485100
2014-05-09,58.607,59.1318,58.4169,59.1014,4345800
2014-05-12,59.185,59.6565,59.1318,59.5272,4324200
2014-05-13,59.5957,59.8391,58.5918,58.7667,5455500
2014-05-14,58.8123,58.8428,57.9301,58.0366,6870000
2014-05-15,57.8388,58.0214,57.2836,57.9833,6304700
2014-05-16,58.4016,58.8428,58.3028,58.8352,7039400
2014-05-19,58.2419,58.6146,58.0822,58.1811,7733800
2014-05-20,59.2611,59.9456,58.8656,59.2915,15432200
2014-05-21,59.512,59.7098,59.1318,59.3827,6693900
2014-05-22,59.1394,60.1205,59.1394,59.9151,5265900
2014-05-23,59.9075,60.3866,59.7098,60.2193,5003100
2014-05-27,60.3714,60.843,60.3106,60.6072,4760600
2014-05-28,60.6528,60.843,60.2878,60.5996,4002200
2014-05-29,60.7517,60.8354,60.4171,60.7669,4408900
2014-05-30,60.668,61.0483,60.5235,61.0179,4528000
2014-06-02,61.0331,61.6492,60.9723,61.4818,6817700
2014-06-03,61.3442,61.872,61.3136,61.7113,5477700
2014-06-04,61.4436,61.8796,61.2447,61.6119,4961600
2014-06-05,61.7113,61.8567,61.413,61.4895,5666400
2014-06-06,61.6425,62.1703,61.5889,61.6884,4460300
2014-06-09,61.6807,62.2085,61.5201,61.6654,3718600
2014-06-10,61.3977,61.849,61.3671,61.7649,4249500
2014-06-11,61.5507,61.7572,61.0152,61.0534,4918100
2014-06-12,60.9922,61.0305,59.8218,59.9978,7643300
2014-06-13,60.0437,60.1202,59.4776,59.7224,7971800
2014-06-16,59.6382,60.5026,59.6382,60.3573,7164400
2014-06-17,60.3114,61.5507,60.2273,61.2141,9587300
2014-06-18,61.2217,61.7802,61.0382,61.7419,8071500
2014-06-19,61.7419,61.849,61.1605,61.5354,5095400
2014-06-20,61.7266,61.8108,61.0917,61.3288,13661000
2014-06-23,61.3212,61.8108,61.1758,61.6884,4920400
2014-06-24,61.4895,61.8337,61.0688,61.5277,5579300
2014-06-25,61.4742,61.6654,61.2906,61.6042,4486300
2014-06-26,61.543,61.9408,61.2906,61.7725,5165200
2014-06-27,61.696,62.3233,61.6807,62.0632,5011000
2014-06-30,61.9791,62.1397,61.566,61.9332,5045300
2014-07-01,62.2085,62.7058,62.1321,62.591,5234600
2014-07-02,62.6063,62.8664,62.438,62.7134,4185700
2014-07-03,62.7823,62.9965,62.5758,62.767,2764000
2014-07-07,62.5222,62.7976,62.0709,62.2851,6071000
2014-07-08,62.2851,62.3692,61.6195,61.7802,7322900
2014-07-09,62.0479,62.1397,61.3365,61.7572,6980600
2014-07-10,60.472,60.8775,59.6305,60.7398,11530900
2014-07-11,60.8851,61.1223,60.5944,60.9004,4746400
2014-07-14,61.1376,61.2447,60.5791,60.7857,7657200
2014-07-15,60.8163,61.2447,60.7551,61.0917,6051900
2014-07-16,61.2294,61.3824,60.7245,60.9387,9033700
2014-07-17,60.778,61.107,60.6097,60.8545,7697300
2014-07-18,61.0458,61.413,60.778,61.26,5323200
2014-07-21,61.2064,61.2217,60.8392,60.9769,4112800
2014-07-22,61.4742,61.7725,61.3518,61.6119,6336100
2014-07-23,61.5507,62.0326,61.3594,61.979,3669200
2014-07-24,62.1091,62.3769,61.8796,62.1168,4359600
2014-07-25,62.0403,62.1933,61.8796,61.9867,4680100
2014-07-28,62.1168,62.2239,61.7037,62.0173,3441600
2014-07-29,62.1244,62.5834,61.8796,61.9485,4536500
2014-07-30,62.3463,62.614,62.0173,62.5452,5807300
2014-07-31,62.0326,62.4075,61.849,61.849,5748900
2014-08-01,61.6272,62.025,60.9999,61.0075,8708000
2014-08-04,60.9693,61.39,60.9387,61.2217,7025000
2014-08-05,61.0305,61.8567,61.0305,61.2217,5895500
2014-08-06,61.1529,61.9791,61.084,61.5966,4228200
2014-08-07,61.7725,62.0173,61.4206,61.5583,4045900
2014-08-08,62.0173,63.0806,61.872,63.0577,7226500
2014-08-11,63.1954,63.5473,63.1112,63.4019,3952000
2014-08-12,63.3025,63.5626,63.2489,63.4325,3657100
2014-08-13,63.4785,63.7921,63.2949,63.5855,4498700
2014-08-14,63.5626,64.2358,63.2948,64.1516,4923000
2014-08-15,64.2893,64.3276,63.379,64.0216,5383500
2014-08-18,64.4194,64.733,63.7156,63.9451,9475300
2014-08-19,66.4772,68.076,66.2247,67.4946,18244600
2014-08-20,67.4487,69.6672,67.3798,69.4224,13394200
2014-08-21,69.3688,70.2332,69.3612,69.7284,8315900
2014-08-22,69.4147,69.8661,69.3459,69.6366,6939200
2014-08-25,69.8048,70.2409,69.5753,69.7666,7328700
2014-08-26,69.5983,70.2486,69.5371,70.0956,5396400
2014-08-27,70.1338,70.348,69.8508,70.2792,4320200
2014-08-28,69.9196,70.937,69.8202,70.7687,7575700
2014-08-29,70.9447,71.5414,70.8452,71.5261,7672200
2014-09-02,71.5338,71.7414,69.0812,70.0807,20753200
2014-09-03,70.0499,70.2036,68.4122,68.4276,15410400
2014-09-04,68.4276,69.7731,68.4276,69.1426,8452200
2014-09-05,68.935,70.4574,68.6429,70.4343,7746400
2014-09-08,70.2575,70.565,69.6347,69.8269,4885900
2014-09-09,69.3579,69.4502,68.2585,68.3738,8103000
2014-09-10,68.1662,68.7352,67.9125,68.6198,6245400
2014-09-11,68.4814,68.7505,68.1354,68.5967,4537800
2014-09-12,68.7198,68.812,68.0124,68.3046,4593700
2014-09-15,68.566,68.8428,68.1201,68.7198,3935000
2014-09-16,68.6352,69.7654,68.0663,69.4041,5045100
2014-09-17,69.6808,70.3805,69.1503,70.1344,7068800
2014-09-18,70.6035,71.0725,70.1191,70.8034,6025100
2014-09-19,71.3877,72.0796,70.8879,70.9956,12498800
2014-09-22,70.7188,71.0571,70.4881,70.6496,5208800
2014-09-23,70.5727,70.9033,70.3113,70.342,6330000
2014-09-24,70.4881,71.5876,70.2344,71.5184,6381400
2014-09-25,71.3493,71.503,70.3882,70.6573,4972100
2014-09-26,70.9571,71.503,70.5804,71.38,4571400
2014-09-29,71.0186,71.6337,70.6957,71.4107,3894600
2014-09-30,71.5261,71.6645,70.2729,70.5343,6773000
2014-10-01,70.8418,70.9956,69.9038,69.9807,5970700
2014-10-02,70.2037,71.0879,70.0192,70.9187,5991200
2014-10-03,71.134,72.0258,70.9956,71.9182,6200100
2014-10-06,72.0566,72.4641,71.5491,71.7029,4951700
2014-10-07,71.5338,71.9336,71.0725,71.0955,5030300
2014-10-08,71.1724,72.3949,70.9187,72.3411,6618900
2014-10-09,72.2027,72.8793,71.5184,71.5568,6674700
2014-10-10,71.6799,72.1643,71.1494,71.1571,6349800
2014-10-13,71.4108,71.4569,69.5271,69.6578,7372200
2014-10-14,69.481,69.604,68.0586,69.2734,9711300
2014-10-15,67.7279,68.5583,66.5977,67.5434,12987500
2014-10-16,66.3902,68.9812,66.3902,68.3353,7147600
2014-10-17,68.6582,70.0575,68.466,69.381,7007300
2014-10-20,69.0965,70.788,69.0196,70.6188,5609400
2014-10-21,71.1417,72.5563,70.8264,72.4256,6604700
2014-10-22,72.5025,73.033,71.6875,71.7644,5908900
2014-10-23,72.6563,73.4405,72.6102,72.8869,5923100
2014-10-24,72.7332,73.1868,72.3718,73.033,4825200
2014-10-27,73.01,73.5635,72.8177,73.4021,4465100
2014-10-28,73.7404,74.2709,73.4251,74.2632,5260100
2014-10-29,74.2862,74.7706,73.6558,74.1325,4275400
2014-10-30,73.9018,75.1935,73.8326,74.9782,4115800
2014-10-31,75.947,76.316,74.8321,74.9782,6335900
2014-11-03,74.4323,74.4477,73.7942,73.8787,7614200
2014-11-04,73.8557,73.9479,73.1868,73.7788,5349600
2014-11-05,74.2632,74.4631,73.156,73.6404,5002700
2014-11-06,74.0787,74.9705,73.8173,74.8014,4016900
2014-11-07,74.7091,75.155,74.3401,75.0782,3429600
2014-11-10,75.0705,75.478,74.5784,75.4703,3662300
2014-11-11,75.7009,75.9239,75.255,75.4549,3818400
2014-11-12,75.5779,75.8854,75.0474,75.724,4629400
2014-11-13,76.0393,76.3929,75.6087,76.1161,3182800
2014-11-14,76.0392,76.1161,75.3626,75.5318,4085500
2014-11-17,75.478,76.0777,75.1935,75.3703,8581600
2014-11-18,74.6937,75.1243,73.7942,73.7942,10384400
2014-11-19,74.2324,74.8168,73.8096,74.3478,6831100
2014-11-20,73.8711,75.3242,73.8249,75.0167,4958800
2014-11-21,76.1008,76.193,75.2089,75.5626,6806800
2014-11-24,75.8701,76.0392,75.5164,75.6548,5043600
2014-11-25,75.8393,76.0162,74.1248,74.5861,7992000
2014-11-26,74.6246,75.1243,74.5861,75.1166,4337900
2014-11-28,75.3934,76.7312,75.3473,76.4237,3305800
2014-12-01,76.4928,76.5851,75.5856,76.0238,4393700
2014-12-02,76.1861,76.4796,75.6994,75.8307,4677700
2014-12-03,75.7844,76.2788,75.738,76.1629,4357200
2014-12-04,75.823,76.5646,75.5372,76.441,5220000
2014-12-05,76.3019,77.0049,76.217,76.974,4649100
2014-12-08,77.0281,77.9861,76.9895,77.5843,6624300
2014-12-09,77.0127,77.2367,76.1629,76.974,5280500
2014-12-10,76.7577,77.4298,76.3406,76.4333,5357000
2014-12-11,76.6959,78.3337,76.5955,77.4607,6864000
2014-12-12,77.0127,78.2178,76.7809,77.0822,5983300
2014-12-15,77.2599,78.2101,76.7037,77.2908,5488300
2014-12-16,76.7732,77.4298,74.9269,74.9809,7829300
2014-12-17,75.3904,76.5878,75.0041,76.4333,6096400
2014-12-18,77.5148,77.7852,76.7114,77.7697,6594000
2014-12-19,77.9629,78.7972,77.8779,78.7431,12500600
2014-12-22,78.9903,80.0101,78.9749,79.956,5418900
2014-12-23,80.0796,80.4967,79.8169,80.1568,4067700
2014-12-24,80.3809,80.6358,80.0023,80.0023,1819000
2014-12-26,80.3268,80.5895,79.9405,80.1491,2594900
2014-12-29,80.0178,80.9603,79.7706,80.7517,3492700
2014-12-30,80.6822,80.9139,80.2264,80.5508,2927800
2014-12-31,80.9216,81.9027,80.7748,81.0916,5821600
2015-01-02,81.2384,81.6246,79.3148,79.9019,4323700
2015-01-05,79.3998,79.3998,77.8625,78.2256,5878100
2015-01-06,78.8513,78.8513,77.5148,77.986,4910100
2015-01-07,79.0212,80.7053,78.7972,80.659,5091000
2015-01-08,81.4006,82.6521,81.1302,82.4435,6464600
2015-01-09,82.5671,82.5671,80.9757,81.0298,5717600
2015-01-12,81.2461,81.3388,80.3886,80.6667,4992900
2015-01-13,81.4315,81.9182,79.6856,80.1337,5395200
2015-01-14,79.1217,79.8865,78.7045,79.2916,5384400
2015-01-15,79.8169,80.0718,77.8856,78.0324,6895000
2015-01-16,77.9165,80.5817,77.4376,80.435,6403800
2015-01-20,80.9912,81.0761,79.0676,79.7629,5331300
2015-01-21,79.6084,80.3886,79.1835,79.9792,5899200
2015-01-22,80.6358,82.1267,79.9869,81.9413,5804100
2015-01-23,82.0495,82.2581,81.3542,81.4006,4072300
2015-01-26,81.3929,82.2735,81.1611,82.1654,4192300
2015-01-27,80.9448,81.7405,80.6513,81.2384,4606500
2015-01-28,81.3543,82.992,80.8058,80.9139,4917300
2015-01-29,81.2229,83.2315,80.7362,83.1388,6529300
2015-01-30,82.1654,82.5517,80.6358,80.6667,7000000
2015-02-02,80.9448,81.1148,78.465,80.6744,5012800
2015-02-03,81.0298,82.907,80.968,82.8452,5969200
2015-02-04,82.7293,84.2048,82.4667,83.7491,6765200
2015-02-05,84.1894,84.4675,83.5482,84.1971,4471800
2015-02-06,84.4211,84.7765,83.7877,84.2357,4223700
2015-02-09,84.1121,84.5602,83.4632,83.695,4243800
2015-02-10,84.0426,85.634,83.9422,85.495,5414400
2015-02-11,85.4409,85.5954,84.8306,85.2169,4552900
2015-02-12,85.6031,86.6769,85.1396,86.646,4592200
2015-02-13,86.5301,86.8237,85.9817,86.4374,5098600
2015-02-17,86.2829,86.7001,85.4563,86.5224,6028600
2015-02-18,86.2134,86.6537,85.7499,86.5147,3731600
2015-02-19,86.5301,86.87,85.4718,85.7035,5910600
2015-02-20,85.6031,86.7155,85.016,86.7078,7276100
2015-02-23,87.2872,87.4185,86.3679,86.7387,5638000
2015-02-24,90.7713,91.0957,88.9404,90.1919,12775500
2015-02-25,90.6554,90.6554,89.4966,89.852,7328200
2015-02-26,89.6125,89.9369,88.9945,89.1335,5649900
2015-02-27,88.9868,89.3576,88.5001,88.6469,5732600
2015-03-02,88.7318,90.4314,88.7318,89.7052,5971900
2015-03-03,89.6975,89.7052,88.6855,89.6666,3784800
2015-03-04,89.1413,89.2031,88.2606,88.6546,3799000
2015-03-05,89.0177,89.6898,88.8863,89.543,4088700
2015-03-06,89.5816,89.5816,88.0675,88.4151,5169200
2015-03-09,88.361,89.2108,88.3533,89.0331,5351200
2015-03-10,88.4041,88.7846,87.4025,87.4025,5685000
2015-03-11,87.4956,88.3653,87.286,87.7985,4356500
2015-03-12,88.4041,90.4308,88.342,90.1512,5742000
2015-03-13,90.0658,90.3143,88.5206,89.1573,4626900
2015-03-16,89.5534,90.5473,89.5456,90.4619,4820300
2015-03-17,89.6465,90.1357,89.4058,89.7475,3715900
2015-03-18,89.6155,90.3997,87.9848,90.1357,4773600
2015-03-19,90.2367,90.4075,89.3515,89.4214,3545600
2015-03-20,89.7242,91.6188,89.5534,91.2306,8446000
2015-03-23,90.8812,91.4325,90.128,90.128,4095200
2015-03-24,90.2289,91.4946,90.1047,90.1901,4026900
2015-03-25,90.0425,90.5473,88.2411,88.2721,4725800
2015-03-26,88.0237,88.078,86.6415,87.2549,5409600
2015-03-27,87.0297,88.6992,86.9676,88.4119,3879300
2015-03-30,89.2661,90.1124,88.9322,89.0098,3968400
2015-03-31,88.2877,89.5844,88.1712,88.2178,4128800
2015-04-01,88.4275,88.5206,87.3015,87.8451,4737700
2015-04-02,87.4413,89.235,87.3714,88.9399,4064800
2015-04-06,88.0936,89.7242,88.0625,89.2583,3248900
2015-04-07,89.1651,89.9105,88.6992,88.7536,3188300
2015-04-08,88.4973,89.9261,88.3886,89.7552,3753500
2015-04-09,89.6543,90.2677,88.6293,88.9632,4674000
2015-04-10,88.8856,89.8018,88.8467,89.4835,3658100
2015-04-13,89.2661,89.631,88.7924,88.8623,2982000
2015-04-14,88.6759,89.2816,87.8295,88.5595,4072500
2015-04-15,88.971,89.4602,88.0392,88.0936,4210800
2015-04-16,88.0081,88.5129,87.7597,88.0314,4013000
2015-04-17,87.6742,87.8295,86.789,87.0453,6245200
2015-04-20,87.7441,88.2799,87.4957,87.6354,4396300
2015-04-21,88.1324,88.5051,87.3559,87.8762,3899500
2015-04-22,87.8994,87.9848,87.1152,87.7364,4065500
2015-04-23,87.5422,88.9166,87.4025,88.4896,3945300
2015-04-24,88.4274,88.5517,87.6665,88.2877,2878300
2015-04-27,88.5595,88.6061,86.4086,86.494,5618000
2015-04-28,86.1135,86.789,85.4535,85.865,5743300
2015-04-29,85.5466,85.6553,83.916,84.413,7238900
2015-04-30,84.2965,84.8012,82.7901,83.0696,9041600
2015-05-01,83.0696,85.2516,82.9687,85.0652,6696900
2015-05-04,85.368,85.764,84.8866,85.4612,3366800
2015-05-05,84.7935,85.3215,83.8461,83.9082,4164800
2015-05-06,84.0169,84.5683,83.2715,84.1024,3996600
2015-05-07,84.1722,85.9737,84.0557,85.4457,5400200
2015-05-08,87.2782,88.1168,87.053,87.3326,6435300
2015-05-11,87.154,87.6742,86.8201,86.89,3725200
2015-05-12,86.2843,87.6043,86.0591,87.3714,4053800
2015-05-13,87.682,87.7053,86.2688,86.3387,4340700
2015-05-14,87.0064,87.1384,86.0591,86.921,3815700
2015-05-15,86.9055,88.0547,86.8279,88.0159,4575800
2015-05-18,88.4197,88.9865,87.8684,88.7769,6878200
2015-05-19,90.1668,90.4463,87.2316,87.2316,11133200
2015-05-20,87.1152,87.6587,86.362,87.0453,7004500
2015-05-21,86.9521,87.2239,86.6725,86.9754,4238600
2015-05-22,86.8667,87.3792,86.5483,87.0919,3694000
2015-05-26,86.9676,87.1074,85.9504,86.1368,4612600
2015-05-27,86.2222,87.3792,86.0436,87.0919,4147800
2015-05-28,86.8977,87.5112,86.8589,87.1152,2806100
2015-05-29,86.8434,87.4257,86.4784,86.5172,5310600
2015-06-01,86.9443,87.2316,86.3852,86.7114,5114500
2015-06-02,86.4538,87.5701,86.3679,87.1095,6088200
2015-06-03,87.211,88.5849,87.0002,88.3351,6337500
2015-06-04,87.8355,88.3351,86.7816,87.008,4328600
2015-06-05,86.9143,86.93,86.0791,86.1572,4505400
2015-06-08,85.9776,86.5006,85.7356,85.8137,3449000
2015-06-09,85.7044,86.0635,85.1111,85.5014,3659000
2015-06-10,85.7903,86.7973,85.3921,86.6333,3967900
2015-06-11,86.6489,87.6872,86.6489,86.8753,3642800
2015-06-12,86.5631,87.1095,86.1962,86.3367,4301900
2015-06-15,86.0479,86.2274,85.517,85.8761,3965200
2015-06-16,85.7902,86.2196,85.6732,86.0479,3466600
2015-06-17,86.4382,86.8753,85.8371,86.2352,5722200
2015-06-18,86.6958,87.6638,86.4616,87.3125,7222600
2015-06-19,87.1485,88.4444,86.9924,87.7652,9255100
2015-06-22,88.1555,88.6942,88.0384,88.2648,3190200
2015-06-23,88.3975,88.6707,88.1555,88.3507,3075900
2015-06-24,88.1633,88.741,87.7028,87.7028,3716100
2015-06-25,88.3975,88.7644,87.6169,87.6169,4466300
2015-06-26,88.0306,88.4756,87.6091,87.8979,4208500
2015-06-29,87.0861,87.6793,86.2274,86.2898,5187400
2015-06-30,86.766,87.2422,86.3288,86.7504,5938800
2015-07-01,87.7808,88.0618,87.0158,87.4842,4216200
2015-07-02,87.8823,88.015,86.727,87.0315,3845000
2015-07-06,86.0791,87.3749,86.001,86.8987,3864700
2015-07-07,87.211,87.9292,86.4147,87.7418,5515900
2015-07-08,87.211,87.7886,86.4928,86.6489,3794100
2015-07-09,87.6793,87.8901,86.8051,86.9456,3643700
2015-07-10,87.9526,88.5849,87.4998,88.2882,4631400
2015-07-13,89.1547,89.787,89.0454,89.6934,4171900
2015-07-14,89.3811,90.1851,89.2952,90.0524,3688900
2015-07-15,90.0993,90.6691,89.8261,90.2242,3364600
2015-07-16,90.4506,90.4818,88.8581,89.5607,5234800
2015-07-17,89.3733,89.7714,88.9908,89.3577,5497600
2015-07-20,87.6247,89.0767,87.5623,88.5302,6107500
2015-07-21,88.5302,88.9674,87.9604,88.8815,4660600
2015-07-22,88.9596,89.8339,88.8347,89.6934,5485200
2015-07-23,89.9354,90.6379,89.3265,89.4514,4308900
2015-07-24,89.5685,89.951,88.5458,88.6707,4427800
2015-07-27,88.499,88.9049,87.9838,88.2648,4468200
2015-07-28,88.8034,89.7948,88.3507,89.6465,4176800
2015-07-29,89.8963,91.1453,89.8573,90.8409,5104000
2015-07-30,90.5052,91.1297,90.0446,90.9111,3291100
2015-07-31,91.3171,92.2148,90.8409,91.3561,4301200
2015-08-03,91.8166,91.8791,90.6769,91.2468,3645000
2015-08-04,91.0438,91.9728,90.7472,91.7464,3008200
2015-08-05,92.4099,92.527,91.4107,92.1133,4299100
2015-08-06,92.4177,92.5036,90.6067,90.9892,4768900
2015-08-07,91.0985,91.4576,90.3803,91.278,3986100
2015-08-10,91.7464,92.3787,91.6137,91.801,3408900
2015-08-11,91.3483,92.2226,91.1453,91.8713,4080000
2015-08-12,91.4342,92.0196,90.3179,91.8713,4575800
2015-08-13,92.1133,93.7838,91.9494,92.9095,6255500
2015-08-14,93.1281,93.5886,92.4724,93.4794,5135500
2015-08-17,92.9719,94.26,92.6831,93.4403,7255600
2015-08-18,95.103,96.6409,94.5722,95.8603,11021900
2015-08-19,95.7588,96.6331,95.3372,95.829,6490300
2015-08-20,95.2202,95.6495,94.0961,94.0961,5555500
2015-08-21,93.3154,93.9556,90.6691,90.6769,10190700
2015-08-24,85.9074,90.4584,71.9499,87.8511,13983100
2015-08-25,91.3327,91.3327,86.5631,86.6255,10221100
2015-08-26,89.0376,90.5754,87.492,90.4974,9313200
2015-08-27,91.723,92.1835,90.029,91.8479,7579100
2015-08-28,91.6683,92.4724,91.2702,91.7386,5016000
2015-08-31,91.3405,91.7152,90.4974,90.9111,5444500
2015-09-01,89.4361,90.0324,88.3141,88.7142,7392900
2015-09-02,90.0951,91.3897,89.695,91.3897,6487400
2015-09-03,91.8212,92.6451,91.1543,91.4839,5302900
2015-09-04,89.9775,90.7699,89.0438,89.7735,5752000
2015-09-08,90.7699,91.5153,90.0167,91.3505,5775800
2015-09-09,91.884,92.1665,89.2086,89.4204,5316400
2015-09-10,89.4439,90.5502,89.2007,89.8284,5259100
2015-09-11,89.4204,90.5894,89.2085,90.5737,4472800
2015-09-14,90.6208,90.762,89.7735,90.0167,4248700
2015-09-15,90.0559,91.5074,89.3655,91.1543,4994000
2015-09-16,91.0759,92.6059,90.9896,92.4411,5285100
2015-09-17,92.8412,94.0103,92.0096,92.5117,6607100
2015-09-18,91.4133,91.9546,90.2128,90.3227,11366700
2015-09-21,90.9817,91.884,90.4404,91.4682,5201100
2015-09-22,90.5423,91.3191,90.1422,90.8562,4631600
2015-09-23,90.8954,91.4446,90.7464,91.1465,4084900
2015-09-24,90.4953,91.5231,90.103,91.2799,5172300
2015-09-25,91.9782,92.7157,91.0445,91.5937,5478900
2015-09-28,91.429,92.0959,89.3262,89.5224,5994600
2015-09-29,89.6087,90.1736,87.7178,88.5887,7908800
2015-09-30,89.7342,90.7228,89.4439,90.613,5395600
2015-10-01,91.1936,91.8997,90.0245,91.8213,5215200
2015-10-02,90.6679,92.5038,90.001,92.4332,4359800
2015-10-05,93.1708,93.5945,92.5117,93.5238,4528700
2015-10-06,93.4454,93.5238,92.5588,93.1158,5275400
2015-10-07,93.5238,94.026,92.9668,93.8769,4680100
2015-10-08,93.6101,95.1166,93.4846,94.9832,4958200
2015-10-09,95.1479,95.3284,94.5202,95.195,3893500
2015-10-12,95.3206,96.0738,94.9361,95.6422,2861900
2015-10-13,95.5402,95.9482,95.0459,95.4147,2971400
2015-10-14,95.195,95.6265,93.8063,94.3633,5200400
2015-10-15,94.6379,95.7442,94.4653,95.5716,3448900
2015-10-16,95.4304,96.3641,95.4304,96.3013,4068800
2015-10-19,96.1993,96.6622,95.8776,96.5838,3097700
2015-10-20,96.419,96.6387,95.9953,96.3876,3318400
2015-10-21,96.7328,97.3056,96.3091,96.7407,3491800
2015-10-22,97.2115,97.6665,96.4112,97.5724,5855300
2015-10-23,98.0823,98.6629,96.4818,97.7685,5281600
2015-10-26,97.7214,98.5923,97.3056,98.0823,4550200
2015-10-27,97.69,98.1451,97.1487,97.6586,3674800
2015-10-28,97.588,97.7528,95.8933,97.1487,6821500
2015-10-29,96.8348,97.3448,96.3092,96.9996,4635300
2015-10-30,96.7171,97.8783,96.7171,97.0074,4991500
2015-11-02,97.4782,97.792,96.8034,97.6116,3715600
2015-11-03,97.4704,98.8905,97.1408,98.5923,4313700
2015-11-04,98.4511,98.7571,97.7763,98.3726,4101200
2015-11-05,98.4354,98.8669,98.0352,98.6394,3059400
2015-11-06,98.2863,98.9454,97.9332,98.8434,3752000
2015-11-09,98.7021,98.9532,97.0623,97.6822,4988800
2015-11-10,97.6743,98.3962,97.3213,98.2785,3872900
2015-11-11,98.4119,98.4119,97.6979,97.8469,3240200
2015-11-12,97.4311,98.0509,96.5524,97.1408,4285700
2015-11-13,96.5838,96.7014,94.073,94.1515,8728800
2015-11-16,94.1908,94.9597,93.0609,94.8106,7785700
2015-11-17,97.9646,99.1258,96.5837,99.0003,10517100
2015-11-18,99.2043,99.4318,97.8077,99.2828,6502000
2015-11-19,99.2749,100.1301,98.8198,99.5338,4662200
2015-11-20,99.9261,102.1622,99.7143,102.1622,8191900
2015-11-23,102.1622,104.0688,102.1622,103.9589,6329700
2015-11-24,103.5117,105.0809,103.3626,104.822,6672700
2015-11-25,104.8926,106.1087,104.7828,105.6458,5300900
2015-11-27,105.7714,106.2892,105.5517,105.7165,3337700
2015-11-30,106.0773,106.1715,104.3591,105.0417,8057900
2015-12-01,105.223,106.0977,105.018,105.9401,5267600
2015-12-02,106.0426,106.1135,105.2624,105.4515,5022700
2015-12-03,105.2229,105.6958,103.0794,103.1818,6688000
2015-12-04,103.6705,106.2553,103.5129,106.0189,5387100
2015-12-07,105.6012,106.2238,104.9629,105.546,5444300
2015-12-08,104.5846,106.0425,104.3482,105.4751,4731400
2015-12-09,104.9787,106.2159,103.6389,103.9463,5055600
2015-12-10,103.9936,105.2781,103.8675,104.4506,4185600
2015-12-11,104.4506,104.4506,102.6932,102.7957,5300800
2015-12-14,103.308,104.1276,103.0085,104.033,5960100
2015-12-15,104.5137,105.1993,103.3868,103.4656,4921800
2015-12-16,104.1591,105.0338,102.7327,104.7343,4711700
2015-12-17,104.8604,105.2387,103.237,103.5128,4345800
2015-12-18,103.0242,103.4813,102.4568,102.6775,9840600
2015-12-21,103.237,103.7178,102.5908,103.4813,3414800
2015-12-22,103.5286,104.2457,102.8115,103.9305,3401900
2015-12-23,104.4113,105.0811,103.9305,104.8999,3244800
2015-12-24,104.6555,105.1914,104.5452,104.7343,1517100
2015-12-28,104.2221,104.7344,103.9384,104.561,2607200
2015-12-29,105.1047,105.8613,105.0338,105.3648,3037400
2015-12-30,105.2702,105.6485,105.0338,105.089,2484700
2015-12-31,104.8762,105.2623,104.2142,104.2221,3178700
2016-01-04,102.5357,103.2922,102.0155,103.2922,8050900
2016-01-05,103.3552,103.9778,102.4884,102.7878,5320900
2016-01-06,101.6609,102.3701,101.3141,101.7239,8199600
2016-01-07,100.0296,100.7782,98.2722,98.8238,12551000
2016-01-08,99.6434,99.7144,97.3265,97.6417,7104500
2016-01-11,98.4062,99.3597,97.7915,99.1233,6811600
2016-01-12,99.9114,101.5033,99.1627,100.4709,5695700
2016-01-13,100.4552,100.4552,95.3327,95.6716,8932200
2016-01-14,95.5849,95.7661,93.1497,94.2688,13389100
2016-01-15,92.2986,95.4746,91.4948,93.9615,10515000
2016-01-19,94.9938,96.0577,93.6226,94.3791,6350700
2016-01-20,92.9054,93.5123,89.5167,91.7785,11331400
2016-01-21,92.5035,96.0971,92.3144,94.7416,8993900
2016-01-22,95.8607,98.2485,95.8134,96.7433,6554500
2016-01-25,97.2319,97.6023,95.7977,95.9159,4854700
2016-01-26,95.9316,96.499,95.0726,96.302,4475600
2016-01-27,96.5069,97.9727,95.246,95.8055,5431000
2016-01-28,96.1208,96.6882,94.8126,96.3651,4871600
2016-01-29,97.0664,99.1075,96.7355,99.1075,7616200
2016-02-01,98.4456,100.1557,97.7127,99.6986,4674100
2016-02-02,98.8317,99.6356,98.2801,98.7214,5832200
2016-02-03,99.3124,99.4228,95.7819,97.555,7485700
2016-02-04,97.4447,97.6417,94.1348,95.443,9171800
2016-02-05,95.2696,95.3563,91.1717,91.7548,8117700
2016-02-08,90.5727,91.3923,86.3881,88.1455,11286600
2016-02-09,87.4283,90.8564,87.2234,89.7295,7572900
2016-02-10,90.2339,91.5421,89.8792,90.0999,5307600
2016-02-11,89.1148,89.9896,88.4371,89.2646,6447100
2016-02-12,90.5333,91.7548,89.4616,91.6682,5361600
2016-02-16,93.0867,94.5683,92.7557,94.1191,6966400
2016-02-17,94.9229,95.8922,94.4658,95.5218,5970700
2016-02-18,95.3011,95.443,94.2215,94.5446,4460700
2016-02-19,94.4264,95.908,93.5832,95.9001,5435500
2016-02-22,96.9324,98.0909,96.2468,96.8142,7796900
2016-02-23,100.0847,100.2345,97.2083,98.1382,11168700
2016-02-24,97.7599,99.1233,96.8694,98.9893,7935500
2016-02-25,99.1075,99.9744,98.4219,99.9744,4738800
2016-02-26,100.5497,100.6758,99.2415,99.5016,4608200
2016-02-29,99.5016,100.0769,97.76,97.8151,5575300
2016-03-01,98.3352,99.273,97.7048,99.0603,4916900
2016-03-02,98.8869,99.1942,98.083,98.9735,3967500
2016-03-03,98.6662,100.2896,98.3352,99.9271,5009700
2016-03-04,100.3763,100.4788,98.6347,98.9499,6448200
2016-03-07,98.5165,99.7222,98.5165,99.4306,4161200
2016-03-08,99.2246,101.586,99.0503,100.4132,5280900
2016-03-09,100.6589,101.0472,99.3118,99.8665,4047000
2016-03-10,100.0012,100.6351,98.5035,99.7555,4503700
2016-03-11,100.6113,102.0297,100.4211,101.792,4626600
2016-03-14,101.7682,102.7429,101.5067,102.0931,3653200
2016-03-15,102.0456,103.3926,101.9188,102.7825,4033900
2016-03-16,102.7191,103.8918,102.0693,103.3689,3609600
2016-03-17,103.0915,103.9552,102.4735,103.7096,4130900
2016-03-18,103.9156,104.6684,103.67,104.082,8069200
2016-03-21,104.2247,104.7001,103.2263,103.8126,3817000
2016-03-22,103.4957,103.979,102.9489,103.4798,3946500
2016-03-23,103.4798,103.9473,102.9727,103.1866,3625300
2016-03-24,102.6478,103.6145,102.5844,103.3768,3448700
2016-03-28,103.4878,104.4466,103.4006,103.8681,2621100
2016-03-29,103.8047,105.3103,103.5749,104.9695,3405400
2016-03-30,105.4767,106.1264,105.2627,105.7223,3138300
2016-03-31,105.8332,106.4117,105.3895,105.7302,3685900
2016-04-01,105.4688,107.1328,105.4688,106.8555,4259400
2016-04-04,107.8222,107.949,106.4593,106.8555,3547600
2016-04-05,106.3404,107.529,106.1027,106.6415,4068600
2016-04-06,106.38,107.5607,106.0393,107.323,3364800
2016-04-07,106.7604,107.1645,105.4846,106.0789,3953700
2016-04-08,106.6732,106.6732,105.437,105.8808,2924400
2016-04-11,105.8491,107.0377,105.3578,105.3974,3472700
2016-04-12,105.6272,106.7524,105.4767,106.483,4251400
2016-04-13,106.8634,106.8634,105.5638,106.0551,4324800
2016-04-14,105.7857,106.7445,105.2944,106.4751,4183300
2016-04-15,106.5068,107.1962,106.1581,106.9822,3508900
2016-04-18,106.8237,108.4006,106.7683,108.4006,3964300
2016-04-19,108.4007,108.5591,106.8555,107.323,4649500
2016-04-20,107.5686,107.8301,106.5623,107.1249,4760200
2016-04-21,107.1566,107.3626,106.4909,106.6573,3542200
2016-04-22,106.8555,107.5132,105.7144,107.4973,4180900
2016-04-25,107.1169,107.5528,106.4038,107.4894,2835400
2016-04-26,107.0456,107.9569,106.8792,107.2437,3507200
2016-04-27,107.2675,107.9886,106.7841,107.5686,3488100
2016-04-28,106.8238,107.323,104.9854,105.1756,5553600
2016-04-29,105.1597,106.4196,104.399,106.0947,4610100
2016-05-02,106.4751,107.9648,106.4276,107.8063,4284400
2016-05-03,107.3309,107.6399,106.2136,106.6098,3408700
2016-05-04,105.857,107.2913,105.4925,107.1011,3192100
2016-05-05,106.8713,107.2675,105.9838,106.7128,3474900
2016-05-06,106.5623,107.6162,106.4276,107.529,3356800
2016-05-09,107.4418,108.1392,107.1645,107.9569,3552300
2016-05-10,108.0203,109.2089,108.0044,108.9632,3662800
2016-05-11,108.4006,108.5987,106.2136,106.4196,6058400
2016-05-12,106.9743,106.9743,105.4687,106.3325,5355600
2016-05-13,106.0314,107.2358,105.4133,105.4925,5295800
2016-05-16,106.0551,108.2025,105.4529,107.2437,8394800
2016-05-17,105.5084,106.5702,103.8839,104.5971,15989600
2016-05-18,103.8285,105.2073,103.0281,104.4148,8258900
2016-05-19,104.1613,104.7001,103.6303,104.3831,4577200
2016-05-20,104.5099,105.437,104.399,104.4782,5089800
2016-05-23,104.4703,104.9775,104.0424,104.1375,3854500
2016-05-24,104.7397,106.0789,104.6367,105.6748,5181500
2016-05-25,105.754,106.594,105.4291,105.548,5017500
2016-05-26,105.4925,106.4672,105.2786,106.2215,3996800
2016-05-27,106.2374,106.8951,105.6906,106.1344,4025300
2016-05-31,106.3892,106.5724,104.9157,105.2343,6366900
2016-06-01,105.2343,105.2343,104.4617,105.0033,4744300
2016-06-02,105.0193,105.6963,104.6051,105.4653,3858500
2016-06-03,105.5609,105.7202,104.2785,104.9316,4155900
2016-06-06,104.1989,104.2387,102.3271,102.9006,8051700
2016-06-07,103.0519,104.1829,103.0041,103.482,4434000
2016-06-08,103.5537,103.7767,102.9484,103.2192,3742400
2016-06-09,102.9643,103.4183,102.7811,102.9882,3450500
2016-06-10,102.3111,102.9324,102.12,102.6138,3926000
2016-06-13,102.7014,103.1076,101.7854,101.8173,4830900
2016-06-14,101.4031,101.5067,99.3322,99.7543,7303500
2016-06-15,100.1526,101.7536,99.9535,100.7819,5140000
2016-06-16,100.3995,101.5863,100.0889,101.4429,4431800
2016-06-17,101.5704,101.7775,100.9412,101.2677,7541900
2016-06-20,102.0563,102.6298,101.4908,101.6501,3880300
2016-06-21,101.9208,102.1996,101.3872,101.7456,3600900
2016-06-22,101.7058,102.7253,101.4748,101.6341,3723700
2016-06-23,102.7333,102.8289,101.5147,102.1837,4784500
2016-06-24,100.4394,101.7934,99.9615,100.6783,8979800
2016-06-27,99.834,100.1606,98.464,99.3004,5656900
2016-06-28,100.2721,101.5783,100.0411,101.5783,5385000
2016-06-29,101.8731,102.3271,101.0766,101.4509,5782100
2016-06-30,101.3713,101.8412,100.4394,101.7058,6642000
2016-07-01,102.1837,103.7289,102.0483,103.243,5645200
2016-07-05,103.2271,103.928,102.351,103.028,4096600
2016-07-06,102.9085,104.8281,102.7731,104.7963,4933200
2016-07-07,104.5413,105.2821,103.9918,104.4697,3973600
2016-07-08,105.4016,107.0185,105.3379,107.0026,4806200
2016-07-11,107.3928,108.2292,107.0902,107.6477,4577000
2016-07-12,107.7194,108.3168,106.9707,107.4008,3615800
2016-07-13,107.4008,107.6876,106.0149,106.3813,4235500
2016-07-14,107.0503,107.361,106.5963,107.1619,3122300
2016-07-15,107.6238,107.9982,107.2495,107.353,5323000
2016-07-18,107.8946,108.7071,107.3769,108.5956,3730900
2016-07-19,108.3805,109.1611,107.9743,109.1053,3831500
2016-07-20,109.4398,109.4797,108.9381,109.4478,3092000
2016-07-21,108.9301,109.2328,107.9026,108.3805,4938100
2016-07-22,108.6513,108.8345,108.2929,108.739,2627200
2016-07-25,108.7628,109.0018,108.4442,108.723,3352600
2016-07-26,108.723,109.5275,108.3726,108.9221,2575600
2016-07-27,109.1292,109.6709,108.2929,108.5717,3030800
2016-07-28,108.4761,110.0133,108.4044,109.8859,3230000
2016-07-29,109.4876,110.4912,109.4717,110.1089,3662600
2016-08-01,109.9655,110.6665,109.7983,110.5311,3157800
2016-08-02,110.6426,110.7143,108.9779,109.2965,3898100
2016-08-03,109.2248,109.2965,108.0858,109.1691,3642600
2016-08-04,108.1575,109.2806,107.8947,108.3646,3802900
2016-08-05,109.1213,109.7107,108.8027,109.0496,3022100
2016-08-08,109.0496,109.4399,108.4522,108.4921,3182800
2016-08-09,108.5398,109.1929,107.799,108.4124,3180400
2016-08-10,108.5637,109.0337,107.576,108.0062,3438000
2016-08-11,108.5717,109.5195,107.6636,109.1531,4183300
2016-08-12,108.3247,109.4319,108.03,108.7787,4090000
2016-08-15,109.2089,109.8939,109.0655,109.1691,6327400
2016-08-16,109.639,110.4355,108.0539,108.5079,7286100
2016-08-17,107.9265,108.6991,107.3291,108.4442,5222200
2016-08-18,108.3486,108.4442,107.0822,107.3689,4430800
2016-08-19,107.0663,108.1336,106.9867,107.8947,3959000
2016-08-22,108.0062,108.2053,107.5442,107.7991,2752500
2016-08-23,108.269,108.7629,108.269,108.5,2961100
2016-08-24,108.1415,108.5239,107.3769,107.576,4113000
2016-08-25,107.3132,108.4522,107.0264,107.8707,3168900
2016-08-26,107.8707,108.4681,106.668,107.0185,4193400
2016-08-29,107.4168,107.7672,107.1937,107.7194,3227700
2016-08-30,107.9196,108.1197,106.9829,107.3592,3440600
2016-08-31,107.191,107.8235,106.9589,107.3752,4650600
2016-09-01,107.6634,108.1277,107.0069,107.4632,3851800
2016-09-02,107.8955,108.7842,107.7194,108.1997,3402600
2016-09-06,108.0477,108.6561,107.183,107.3592,4220400
2016-09-07,106.7187,107.175,105.806,106.3104,4676000
2016-09-08,105.3176,106.4304,104.9734,105.0854,5019600
2016-09-09,104.5891,104.7892,102.2594,102.2674,6315000
2016-09-12,101.2746,103.156,100.8744,102.9479,7882600
2016-09-13,102.2674,102.4755,100.418,100.6502,6376300
2016-09-14,100.5621,101.6349,100.5301,101.0825,4313900
2016-09-15,100.8503,102.1873,100.6422,101.6429,5100700
2016-09-16,101.691,101.691,100.6342,100.9624,6941200
2016-09-19,101.4188,101.9712,101.0105,101.1065,4525400
2016-09-20,101.5629,101.9392,101.1386,101.5389,3627100
2016-09-21,102.0913,102.9479,101.3147,102.5636,5367400
2016-09-22,103.132,103.7965,103.052,103.076,4099700
2016-09-23,102.9799,103.4362,102.3074,102.3074,4464700
2016-09-26,101.755,101.8591,100.354,100.434,5338500
2016-09-27,100.7143,101.667,100.362,101.5309,4433600
2016-09-28,101.8431,102.8999,101.723,102.6917,5751100
2016-09-29,102.8758,104.6692,102.4035,102.4195,5987500
2016-09-30,102.3715,103.4683,102.1793,103.02,6044600
2016-10-03,102.6357,103.1321,102.4516,102.8759,3652700
2016-10-04,102.8998,104.0127,102.4355,102.6357,4848600
2016-10-05,102.7317,103.3001,102.0913,102.1393,4115400
2016-10-06,101.5709,104.437,101.2186,104.2288,7472400
2016-10-07,103.9406,104.405,102.3795,102.7237,5511900
2016-10-10,102.8358,103.2281,101.8751,101.8751,4349700
2016-10-11,101.5549,101.739,100.442,100.7543,5113900
2016-10-12,100.7543,101.803,100.6422,101.4268,3545900
2016-10-13,101.0745,101.4027,100.2099,101.1065,3655700
2016-10-14,101.5949,102.1233,101.2106,101.2106,4462100
2016-10-17,101.0185,101.5149,99.9777,100.1859,3753000
2016-10-18,100.9945,101.0745,100.1939,100.6662,3563300
2016-10-19,100.6822,100.9464,99.6815,100.7863,4094800
2016-10-20,100.8343,101.739,100.5301,101.0745,3543200
2016-10-21,100.3219,101.5148,100.2739,101.3547,3234100
2016-10-24,101.8591,102.5876,101.8591,102.2994,3824800
2016-10-25,101.0905,101.0905,98.7048,98.7448,8731900
2016-10-26,98.3365,99.073,97.9922,98.2404,5456100
2016-10-27,98.2404,98.8409,97.5519,97.8802,4261600
2016-10-28,98.2324,99.3452,97.8401,98.937,4497700
2016-10-31,98.7528,98.8729,97.3678,97.68,5671500
2016-11-01,97.4238,97.8721,95.4303,95.9827,7492600
2016-11-02,96.0148,97.1036,95.9267,96.303,4846000
2016-11-03,96.343,96.8154,96.1349,96.2149,5113500
2016-11-04,96.5032,97.592,96.1189,96.7994,4607600
2016-11-07,98.0723,99.2572,97.9202,99.0731,5510400
2016-11-08,99.2331,100.41,98.9529,99.4733,6105900
2016-11-09,96.8314,101.0825,96.327,100.8904,8052500
2016-11-10,101.4508,104.1568,101.2827,103.3001,8737000
2016-11-11,103.3242,104.1808,103.052,103.9566,5496100
2016-11-14,104.477,104.5891,101.6269,102.2113,11438500
2016-11-15,101.731,102.2113,98.4085,99.5934,13445400
2016-11-16,98.9529,100.6342,98.6968,100.338,9793400
2016-11-17,100.7703,103.3882,100.6342,103.2201,6801200
2016-11-18,103.2201,103.5643,102.2513,102.7397,4428900
2016-11-21,102.6997,103.1961,102.0032,102.6517,4072100
2016-11-22,102.7798,105.1175,102.7798,104.8613,5535800
2016-11-23,105.1655,105.6699,104.7652,105.0455,3582700
2016-11-25,105.5659,105.79,104.9334,105.3337,2545800
2016-11-28,105.0774,105.3977,104.2128,104.5891,4859000
2016-11-29,104.9111,105.2571,104.0257,104.3235,4127100
2016-11-30,104.0981,104.8869,103.6716,104.1464,6973800
2016-12-01,104.0982,104.9111,103.8245,104.2028,5398700
2016-12-02,103.8567,105.1284,103.7521,104.5247,3738300
2016-12-05,104.8869,104.9996,104.2752,104.3718,4065400
2016-12-06,104.734,104.742,103.567,103.6153,4292600
2016-12-07,103.6233,107.0922,103.6233,106.6093,6987300
2016-12-08,106.408,107.1485,105.901,106.6656,4975400
2016-12-09,106.6495,107.3658,105.5147,107.3578,5174600
2016-12-12,107.1485,108.3799,107.1485,108.3155,6276500
2016-12-13,108.2914,110.1747,108.2914,109.893,6886300
2016-12-14,109.4986,110.1667,109.2572,109.4423,7036300
2016-12-15,109.8689,110.5208,109.2733,109.3296,5839800
2016-12-16,109.5469,109.9493,108.6938,108.7421,9429300
2016-12-19,108.7018,109.8608,108.4845,109.0077,3463600
2016-12-20,109.1767,110.4564,108.9997,110.3518,4301500
2016-12-21,110.2069,110.4564,109.9091,110.1264,2704700
2016-12-22,109.6596,110.2632,108.7984,108.9996,4094800
2016-12-23,109.1767,109.4503,108.4845,108.6938,2337300
2016-12-27,108.4604,109.233,108.4202,108.8628,2254900
2016-12-28,109.1123,109.3457,108.3799,108.7099,3369400
2016-12-29,108.6696,109.3377,108.3558,108.734,2777900
2016-12-30,109.1686,109.3135,107.7119,107.9131,4149100
2017-01-03,108.734,109.064,107.5187,108.0982,5299700
2017-01-04,108.1224,109.4101,108.0177,109.056,4055300
2017-01-05,108.6374,109.0238,107.6716,107.7682,3821100
2017-01-06,107.8246,108.1143,107.0841,107.4704,3827500
2017-01-09,107.2209,108.4604,107.1565,108.0982,4310200
2017-01-10,107.8487,109.7642,107.6636,109.5389,5928300
2017-01-11,109.5389,109.7723,108.4443,109.2169,4643700
2017-01-12,109.064,109.0801,107.8004,108.7099,3600000
2017-01-13,108.5892,109.2572,108.4604,108.6857,3117600
2017-01-17,108.726,109.8447,108.4604,109.4021,3976900
2017-01-18,109.3779,109.6918,108.5892,109.5872,3869700
2017-01-19,109.4584,110.0862,108.5972,108.9674,5078700
2017-01-20,108.8628,109.4584,108.3316,109.1365,4853900
2017-01-23,108.9031,111.2854,108.6536,111.1244,7056200
2017-01-24,110.9715,111.3739,110.5047,111.1164,4055100
2017-01-25,111.4303,112.1707,110.6093,110.6496,3631700
2017-01-26,111.0761,112.0178,110.8347,111.4383,2931200
2017-01-27,111.7119,111.7361,110.8266,111.3337,3149500
2017-01-30,111.06,111.4624,110.1505,111.4463,2705000
2017-01-31,110.7703,111.567,110.1425,110.73,3227000
2017-02-01,110.7944,111.0359,109.885,110.6174,2968800
2017-02-02,110.6415,110.7059,109.9091,110.223,2197600
2017-02-03,110.4725,111.4463,110.2391,111.052,2654700
2017-02-06,110.6093,110.9876,109.8205,109.8527,3864100
2017-02-07,110.392,110.8266,109.724,109.9815,3242000
2017-02-08,110.1747,110.9956,110.1184,110.9715,2882700
2017-02-09,110.9715,111.9937,110.5932,111.6395,2931900
2017-02-10,111.551,113.1365,111.2693,112.557,3297000
2017-02-13,113.0641,113.2009,111.9132,112.5731,2753000
2017-02-14,112.6375,113.7804,112.1466,113.7723,4775800
2017-02-15,113.6999,114.8186,113.4424,114.4404,4343500
2017-02-16,114.6013,115.0842,113.4021,113.9172,4295800
2017-02-17,113.7723,115.1889,113.4826,115.0923,5108400
2017-02-21,117.1849,117.2251,115.2935,116.7181,9275900
2017-02-22,116.7422,117.0803,115.873,116.9032,5037800
2017-02-23,117.5953,117.7724,116.3076,116.4686,4184000
2017-02-24,116.4203,117.5712,116.4203,117.4666,3516900
2017-02-27,117.4022,117.5149,116.541,116.9434,4388400
2017-02-28,116.6858,117.209,116.2754,116.6295,4211900
2017-03-01,118.0863,118.8751,117.4183,118.0541,6213500
2017-03-02,118.376,119.3016,117.8207,119.0762,4053400
2017-03-03,119.0762,119.3257,118.1668,118.9635,3412300
2017-03-06,118.4163,118.7221,117.9736,118.4163,3998000
2017-03-07,118.4892,118.9912,118.0843,118.2381,3996300
2017-03-08,118.4001,119.1288,118.1571,118.9669,3614500
2017-03-09,119.0965,119.1613,118.6511,118.724,3594000
2017-03-10,119.226,119.4041,118.5863,118.9102,3123200
2017-03-13,119.2989,119.5742,118.6268,119.3799,2933300
2017-03-14,119.2503,119.5094,118.5944,119.1612,3272500
2017-03-15,119.3151,120.1491,118.8373,119.8009,3670500
2017-03-16,120.1653,120.805,119.8495,120.4325,3544500
2017-03-17,120.9751,121.4528,119.9467,121.137,9002000
2017-03-20,120.9589,121.1289,119.5985,119.6795,5906100
2017-03-21,120.1087,120.4083,118.4325,118.7159,4530000
2017-03-22,118.813,119.7847,118.2705,119.3231,3169000
2017-03-23,119.2584,120.1734,119.056,119.8333,3219400
2017-03-24,119.72,121.5824,119.0398,119.6066,4735400
2017-03-27,119.0884,119.5823,118.4325,118.9264,2943000
2017-03-28,119.2665,119.3151,118.1734,119.1936,4635600
2017-03-29,118.5215,119.3717,118.1895,119.064,3730000
2017-03-30,118.805,119.3394,118.5702,118.9912,2450800
2017-03-31,118.9264,119.1774,118.7483,118.894,3248700
2017-04-03,118.9831,119.1936,118.2948,118.724,3775300
2017-04-04,118.6268,118.9507,118.2624,118.4972,3124200
2017-04-05,118.7321,120.1977,118.6916,118.7402,3390400
2017-04-06,119.0641,119.809,119.0317,119.226,2699100
2017-04-07,119.1126,119.6795,118.9507,119.1369,2869100
2017-04-10,118.9993,120.6512,118.8292,120.0115,5044500
2017-04-11,119.7685,120.3677,119.1126,120.0033,2844800
2017-04-12,119.3718,119.4932,118.5215,118.6592,4445600
2017-04-13,118.562,119.0398,118.1167,118.1491,2346900
2017-04-17,118.1409,119.2827,118.0276,119.2827,3467700
2017-04-18,119.0802,119.9872,118.8454,119.6471,2969400
2017-04-19,119.7848,120.1654,119.0479,119.2099,3461000
2017-04-20,119.5661,120.6917,119.388,120.4245,3700500
2017-04-21,120.2382,121.5824,120.1653,121.4609,5019900
2017-04-24,122.3354,123.1289,122.1492,122.9913,5077200
2017-04-25,123.7201,125.2262,123.7201,123.9144,5496500
2017-04-26,123.9792,125.3558,123.4043,124.878,5120200
2017-04-27,125.2585,126.5379,124.6108,126.4165,5881400
2017-04-28,126.3274,126.5218,124.7808,126.4003,4983000
2017-05-01,126.4975,126.538,124.8699,124.8699,3152900
2017-05-02,125.0966,125.6392,124.5055,125.4691,3295100
2017-05-03,125.6392,125.8254,125.1776,125.5096,2445500
2017-05-04,125.8821,126.0279,124.9104,125.3963,3793100
2017-05-05,125.7849,126.1169,124.7727,126.1007,2500600
2017-05-08,126.1978,127.2586,125.9063,127.04,3184600
2017-05-09,127.1614,127.7283,126.5541,127.6797,3004400
2017-05-10,127.5501,128.0603,127.372,128.0441,2617600
2017-05-11,127.4125,127.6959,125.7768,126.4813,3929100
2017-05-12,126.6351,127.291,126.1169,127.0643,2926400
2017-05-15,127.3558,127.8092,126.8538,127.3963,6068900
2017-05-16,129.6474,130.2547,127.9793,128.1494,10120900
2017-05-17,128.1493,128.1493,126.2302,126.3922,5937000
2017-05-18,125.8982,126.8618,125.7039,126.0764,4858600
2017-05-19,126.3517,126.9186,125.7687,126.5623,4781800
2017-05-22,126.7161,127.129,126.1574,126.2869,3802100
2017-05-23,126.2465,126.6675,125.2505,125.3719,4640900
2017-05-24,125.2667,125.8578,124.1249,125.5096,4558700
2017-05-25,126.4813,126.8781,125.793,126.6918,3110800
2017-05-26,126.4003,126.6594,125.2181,125.4286,4284700
2017-05-30,125.4205,125.8765,125.0296,125.3227,3504300
2017-05-31,125.7136,125.7299,124.834,125.0214,7158400
2017-06-01,125.0296,126.3652,124.3943,126.357,3385100
2017-06-02,126.0638,126.9353,125.7625,126.5199,3485600
2017-06-05,126.6665,126.7398,125.6078,126.0638,2651800
2017-06-06,125.7788,125.958,125.1354,125.5834,3260300
2017-06-07,125.9824,126.4792,125.7055,126.2023,3159000
2017-06-08,126.2023,126.4222,124.9155,125.0133,4041600
2017-06-09,125.4205,125.4205,124.4269,124.5735,4705300
2017-06-12,124.4432,124.8504,123.5717,123.9382,4473900
2017-06-13,124.0441,125.453,123.8405,125.4123,3753800
2017-06-14,125.8277,128.0918,125.3879,127.6683,5999400
2017-06-15,127.1552,128.0836,126.1697,127.6764,3972300
2017-06-16,127.2529,127.6113,126.5688,127.5706,9105400
2017-06-19,127.7904,129.517,127.3669,129.3378,5196100
2017-06-20,129.2727,129.6718,128.3524,128.4094,4201200
2017-06-21,128.6049,129.1098,127.3995,127.5298,4071300
2017-06-22,127.4077,127.9208,126.6177,126.6258,3347400
2017-06-23,126.3652,126.4222,122.9039,123.2297,11422200
2017-06-26,123.5229,123.7672,123.0831,123.3193,4128500
2017-06-27,123.0261,124.8097,122.7736,123.9871,4567100
2017-06-28,124.4024,124.9725,124.0848,124.7934,5087000
2017-06-29,124.4187,124.606,123.4007,123.9219,2855400
2017-06-30,124.207,125.4204,124.0115,124.9318,3640900
2017-07-03,125.7381,126.0638,125.1843,125.4286,1658500
2017-07-05,125.4287,125.6567,123.3519,124.3536,4432500
2017-07-06,123.6043,124.1826,123.1564,123.8324,3408500
2017-07-07,123.8242,124.5002,123.7102,123.979,3775400
2017-07-10,123.9708,124.0034,122.9772,123.1238,5081100
2017-07-11,123.3437,123.6369,122.57,122.6515,5642000
2017-07-12,123.3518,124.72,123.0505,124.2721,4275900
2017-07-13,124.4595,125.5264,124.2803,124.8422,3288000
2017-07-14,124.7853,125.1517,123.6451,124.5084,3588400
2017-07-17,124.5246,125.8277,124.378,125.3309,4166600
2017-07-18,125.2169,125.3065,123.7754,123.9301,3783600
2017-07-19,124.2396,125.4205,124.2396,124.8504,2808400
2017-07-20,124.2477,124.2559,118.5875,119.744,18264100
2017-07-21,119.744,120.0942,119.011,119.4345,9120200
2017-07-24,119.4019,119.4671,117.4799,117.7487,7295900
2017-07-25,118.6934,120.0453,118.3187,119.6951,5002400
2017-07-26,119.6055,119.9231,118.8725,119.4671,2836000
2017-07-27,119.0517,120.4199,118.8155,120.314,5399000
2017-07-28,120.4525,120.7539,119.9802,120.5991,3421100
2017-07-31,120.534,122.1465,120.1594,121.8371,5253300
2017-08-01,122.3583,122.4804,121.3077,122.0407,4110600
2017-08-02,122.1139,122.8632,122.0977,122.57,3754200
2017-08-03,122.7329,123.8161,122.57,122.8062,5146600
2017-08-04,122.9854,124.4025,122.8144,124.4025,3258600
2017-08-07,124.4676,125.8033,124.1744,124.8911,3833600
2017-08-08,124.8667,125.5834,124.6712,124.8911,3218900
2017-08-09,124.8911,126.6991,124.8667,126.4466,3844900
2017-08-10,126.3896,127.033,125.3227,125.3227,4433700
2017-08-11,125.5101,126.8213,125.4042,126.1372,3650500
2017-08-14,127.0819,127.09,125.0621,125.6322,6662500
2017-08-15,125.6485,126.072,120.7457,122.3013,13528700
2017-08-16,123.3437,124.5653,123.1075,123.9953,6043900
2017-08-17,123.6369,123.9138,121.8452,121.894,4460900
2017-08-18,121.8452,121.8452,119.687,120.1186,6989100
2017-08-21,119.801,122.0651,119.63,121.5113,4222500
2017-08-22,121.5846,122.6352,121.5846,122.0895,3268100
2017-08-23,121.0064,121.7393,120.0698,121.4299,5235400
2017-08-24,121.9429,122.6514,120.5177,120.7376,3736000
2017-08-25,120.9493,122.5944,120.8597,121.8778,3048000
2017-08-28,123.7428,124.1093,122.513,123.2949,6845400
2017-08-29,122.9426,123.6225,122.0906,122.7541,5368700
2017-08-30,122.8852,123.09,122.2954,122.8852,3641000
2017-08-31,123.3849,123.6471,122.7623,122.7787,6083300
2017-09-01,123.0982,123.6553,122.6886,123.5242,3383000
2017-09-05,124.2861,126.0966,124.2779,125.2856,7488800
2017-09-06,126.8667,128.6445,126.2851,128.2594,8126000
2017-09-07,129.5784,130.4878,128.4479,129.3818,8273100
2017-09-08,130.332,131.6428,129.0458,130.799,10088600
2017-09-11,129.7832,130.0453,127.9809,129.7422,8847900
2017-09-12,130.3075,131.8395,130.0208,131.0038,5794600
2017-09-13,131.3971,132.2081,130.7089,131.094,4713700
2017-09-14,131.3643,131.7739,130.5287,130.5696,5290800
2017-09-15,131.0612,131.0694,129.6767,129.7668,9124200
2017-09-18,130.2584,130.2584,129.1852,129.2835,4010600
2017-09-19,129.2752,129.7013,128.7509,129.1606,3713400
2017-09-20,129.0868,130.5778,128.9148,129.9962,4599200
2017-09-21,130.1519,130.7171,130.029,130.414,3082100
2017-09-22,130.373,131.1513,130.2665,131.053,3576500
2017-09-25,131.1185,132.2491,130.8727,131.9787,4897700
2017-09-26,132.3474,132.716,131.7247,132.1098,3222600
2017-09-27,132.2081,132.4621,131.1923,131.8313,3966200
2017-09-28,131.6675,133.0847,131.6183,133.011,4614100
2017-09-29,133.1257,134.035,132.8389,133.994,3467400
2017-10-02,134.5184,134.5593,133.7155,134.3709,2721400
2017-10-03,134.4037,135.4031,134.3545,135.313,3046400
2017-10-04,135.5752,136.0585,135.1,135.4113,2746500
2017-10-05,135.2311,136.1978,134.5675,136.0913,3504900
2017-10-06,136.1405,136.5091,135.78,135.8701,2916300
2017-10-09,136.1077,136.5092,135.5179,135.7555,2131800
2017-10-10,135.7472,135.8292,134.8788,135.3049,2755400
2017-10-11,135.3294,135.8865,134.7232,135.3786,2319300
2017-10-12,135.5097,135.5097,134.7396,134.8379,3397800
2017-10-13,135.1082,136.0504,134.6413,134.7396,3259000
2017-10-16,134.7396,134.9034,133.7483,134.5347,2586700
2017-10-17,134.5347,135.1082,132.3146,133.822,4189200
2017-10-18,133.8793,134.5511,133.822,133.9039,2757900
2017-10-19,133.9449,134.4446,133.3468,133.7319,2676100
2017-10-20,134.33,134.4774,133.3223,133.8876,4166500
2017-10-23,134.3873,136.2142,134.1497,134.9608,3995100
2017-10-24,134.9035,136.3699,134.8871,136.0176,3686700
2017-10-25,136.0831,136.7713,135.4851,136.0503,4189400
2017-10-26,136.3125,137.5823,136.0831,137.3447,3750500
2017-10-27,136.6484,137.4266,136.3698,137.0908,3720400
2017-10-30,136.804,136.804,135.0754,135.4277,3906300
2017-10-31,135.5014,136.2715,135.2557,135.8127,2922400
2017-11-01,136.337,136.5992,135.272,135.485,3568300
2017-11-02,135.1819,135.1819,131.5118,133.2977,6518900
2017-11-03,133.5435,135.1656,133.2731,134.674,3080900
2017-11-06,135.0099,135.0754,133.5435,134.5347,3275500
2017-11-07,134.4282,134.6822,133.396,134.076,3198100
2017-11-08,133.8138,134.9116,133.7565,134.3955,2912900
2017-11-09,134.4364,134.4692,132.9454,133.7564,3405200
2017-11-10,133.8138,134.8297,133.4779,134.4446,3554900
2017-11-13,134.8788,136.5173,134.5593,135.4605,7189300
2017-11-14,134.0432,137.7461,133.6581,137.6806,10284000
2017-11-15,137.1727,137.1727,135.4605,135.5588,5534500
2017-11-16,136.5501,137.4348,136.0421,137.2218,4587900
2017-11-17,136.8122,137.9837,136.0421,137.4184,4530100
2017-11-20,137.7461,139.8352,137.4676,139.6386,4699900
2017-11-21,139.7041,141.6129,139.3928,141.6129,6229000
2017-11-22,141.6375,141.6785,140.9412,140.9576,4133500
2017-11-24,140.9985,141.8096,140.6954,141.1787,1853600
2017-11-27,141.6211,143.2923,141.2197,142.6779,4539100
2017-11-28,143.276,144.8162,141.7195,144.6523,6049000
2017-11-29,145.3851,146.9166,144.6523,145.945,4902200
2017-11-30,146.6202,148.761,146.0767,148.0611,9180700
2017-12-01,148.4728,148.7033,145.4921,148.5551,4683400
2017-12-04,150.8359,153.4049,150.8359,152.2439,6193800
2017-12-05,150.4489,152.2521,150.0701,150.5559,6347600
2017-12-06,148.4151,149.9796,147.1224,148.868,6892500
2017-12-07,148.2505,150.3336,148.0199,149.8561,5484300
2017-12-08,150.2678,151.4205,149.9878,151.0171,5092100
2017-12-11,149.7408,150.6465,149.1315,150.0619,6038900
2017-12-12,150.4736,150.8524,149.5761,149.6914,5275500
2017-12-13,149.8643,151.2312,149.8561,150.7042,5177400
2017-12-14,151.1653,151.5029,149.9055,149.9631,3542500
2017-12-15,150.6712,150.8524,149.9631,150.3336,8202200
2017-12-18,151.0912,152.7133,151.0912,152.1039,5011900
2017-12-19,152.5239,153.7425,151.9969,153.1332,4576300
2017-12-20,153.973,154.714,153.1825,154.2282,5383700
2017-12-21,154.7058,155.488,154.3353,154.8623,5859100
2017-12-22,155.1752,155.1752,154.1953,154.9035,3256600
2017-12-26,155.2328,156.789,155.0763,156.7396,2969200
2017-12-27,156.9372,157.67,156.4514,156.5996,5912600
2017-12-28,157.1925,157.2501,156.1468,156.262,3175700
2017-12-29,157.0525,157.0525,156.0562,156.0562,4637800
2018-01-02,156.6161,157.036,154.8046,154.8211,4684700
2018-01-03,154.7964,155.9162,154.6482,155.628,4530500
2018-01-04,156.3361,157.1595,155.1834,156.8631,4047400
2018-01-05,157.2089,158.5346,156.8631,158.5016,4224800
2018-01-08,157.8594,159.5062,157.7606,158.1229,3508500
2018-01-09,158.6663,159.3003,157.7935,158.9956,3012300
2018-01-10,158.7157,159.0945,157.8017,157.9252,3119500
2018-01-11,157.8265,160.3378,157.5959,160.2966,3899200
2018-01-12,160.9718,164.1995,160.4119,161.7293,6748400
2018-01-16,162.915,163.8125,161.1365,161.6387,5692700
2018-01-17,162.6185,164.5288,162.0751,164.5288,3996100
2018-01-18,164.4959,164.8746,162.7503,163.302,4474600
2018-01-19,164.5206,165.7721,163.9607,165.7721,5809600
2018-01-22,165.9944,168.3575,165.9203,168.3493,4857700
2018-01-23,168.7034,169.9055,168.0941,168.7116,3621700
2018-01-24,168.9586,170.523,168.4234,169.7984,4370700
2018-01-25,170.276,170.3007,167.8388,169.0986,3537700
2018-01-26,169.288,170.696,168.3329,170.6301,3778100
2018-01-29,170.6301,170.943,168.5552,168.7281,3632900
2018-01-30,165.8874,167.2707,157.7359,166.1674,5979600
2018-01-31,167.3283,168.8598,164.8664,165.4181,4547300
2018-02-01,164.1336,166.5296,163.2608,164.5947,3553800
2018-02-02,164.0595,164.1006,159.2756,159.712,6179000
2018-02-05,156.5008,159.9838,148.5222,150.7701,10618500
2018-02-06,147.073,158.057,144.4382,157.2995,11682700
2018-02-07,157.0442,160.1649,156.2126,157.5053,6016800
2018-02-08,157.3818,157.3818,148.975,149.2138,7241800
2018-02-09,150.8854,153.1497,144.7429,151.6017,9059200
2018-02-12,153.6025,153.9812,151.0171,151.5522,6783700
2018-02-13,150.8689,151.4946,148.9421,151.2723,4273800
2018-02-14,149.7573,152.3756,149.0739,152.071,6767000
2018-02-15,153.7589,154.1295,150.8936,152.5486,5113300
2018-02-16,152.3756,154.7882,152.211,153.9483,7619200
2018-02-20,156.3608,157.6288,153.4049,153.7342,8922100
2018-02-21,154.1459,154.7799,150.5642,150.7289,7527200
2018-02-22,151.2723,153.3307,150.6053,152.7132,5653900
2018-02-23,153.3143,155.134,152.8367,155.0846,4315400
2018-02-26,155.7598,156.2703,154.6811,155.1752,4648000
2018-02-27,155.5127,155.8256,152.2933,152.3098,4618800
2018-02-28,151.8405,153.6848,150.0784,150.0784,6419900
2018-03-01,150.4736,151.8322,146.7684,147.9129,6123900
2018-03-02,146.332,147.5424,145.1957,146.9413,5671000
2018-03-05,146.4473,150.0702,146.3156,149.642,5748600
2018-03-06,150.4737,150.6795,147.8059,149.5597,5306800
2018-03-07,148.0774,149.0545,146.4212,147.8786,4799200
2018-03-08,148.5908,149.038,146.3467,147.3487,4750700
2018-03-09,148.2265,150.9094,147.3321,150.8432,4477200
2018-03-12,151.0668,151.5885,148.6819,148.8144,4993300
2018-03-13,148.715,149.8412,147.2824,147.6882,6128100
2018-03-14,148.3093,148.773,145.6511,146.9098,4531500
2018-03-15,147.1417,148.9386,146.3384,147.4563,3936700
2018-03-16,147.7544,149.3858,147.3735,148.1933,8410900
2018-03-19,147.9367,148.4915,145.7423,146.6532,4744500
2018-03-20,147.1003,148.1354,146.7028,147.5309,4148300
2018-03-21,147.6882,149.1704,147.1334,147.4149,3494400
2018-03-22,146.9181,147.8621,144.9804,145.1543,5255100
2018-03-23,145.9409,146.62,142.0655,142.2643,6021300
2018-03-26,144.1772,146.4047,143.6886,146.0569,7323600
2018-03-27,146.8849,148.0028,143.7548,144.6491,4713900
2018-03-28,145.1129,147.0092,144.0198,144.7154,4318600
2018-03-29,145.4937,147.9283,145.3281,147.5971,4423500
2018-04-02,146.6945,147.1417,141.1215,143.1751,7229300
2018-04-03,143.0758,144.8645,142.786,143.8873,5283300
2018-04-04,141.4362,147.2659,141.1215,146.9347,4757300
2018-04-05,147.3984,149.0877,146.827,148.3341,3799900
2018-04-06,147.3818,147.829,143.5478,144.4587,5236900
2018-04-09,144.9638,145.2039,142.7363,142.8522,5079800
2018-04-10,144.1109,144.2434,142.6286,143.6637,4783000
2018-04-11,142.4299,144.9638,142.2643,143.142,4228400
2018-04-12,143.5147,144.2848,143.1752,143.5561,3396700
2018-04-13,144.4918,145.3364,142.6203,143.0923,4311200
2018-04-16,144.2765,145.411,143.5229,144.4421,3534200
2018-04-17,145.5435,145.941,144.1689,144.8396,3106500
2018-04-18,144.9141,149.2615,144.9058,148.9303,5858900
2018-04-19,148.6406,148.8062,145.5518,146.6366,5407300
2018-04-20,147.2742,148.1354,146.0072,146.5786,5008600
2018-04-23,147.0837,147.7131,145.8499,147.1168,2987700
2018-04-24,148.4749,149.0546,144.9556,145.9575,4435400
2018-04-25,145.8084,147.4563,144.5415,146.8932,5587300
2018-04-26,147.7793,153.9651,147.4646,153.7912,8782500
2018-04-27,153.6007,154.8843,152.2592,154.404,4382400
2018-04-30,154.8428,155.5136,153.0293,153.0293,4173200
2018-05-01,152.9714,152.9714,150.2139,152.8886,3423900
2018-05-02,152.7726,154.9505,152.1598,153.9485,3866500
2018-05-03,153.0873,153.1121,150.0482,151.6961,4123900
2018-05-04,151.3318,154.3129,150.5782,153.2198,3896200
2018-05-07,153.5262,153.609,151.2655,152.0025,3582300
2018-05-08,151.9114,153.4433,151.1247,153.228,4168200
2018-05-09,153.2198,154.4371,152.0108,154.3211,3392300
2018-05-10,153.9982,155.6543,153.9236,154.9836,3850100
2018-05-11,155.3728,157.9978,155.1409,157.592,5355100
2018-05-14,158.5774,158.7016,157.2194,158.2296,7035900
2018-05-15,156.9213,157.0786,154.1058,155.6626,10147000
2018-05-16,156.7391,156.7391,153.9402,154.3377,5044800
2018-05-17,154.23,155.0002,153.0873,153.4682,4227700
2018-05-18,153.816,155.8531,153.6504,155.1989,4697900
2018-05-21,155.8448,157.8902,155.6792,157.1615,4147800
2018-05-22,157.385,157.9813,154.4536,154.7435,4585600
2018-05-23,154.9339,155.1161,153.1784,154.5779,7387400
2018-05-24,154.6772,155.1907,152.9217,154.9754,3941300
2018-05-25,154.611,155.5385,154.0645,154.7269,2730400
2018-05-29,153.6504,154.7103,152.5739,153.1949,4725500
2018-05-30,153.9111,156.3843,153.2283,155.7931,3976000
2018-05-31,155.8513,156.0178,154.2608,155.3433,4839900
2018-06-01,155.8929,157.2419,155.3183,156.0095,3706200
2018-06-04,156.734,159.4986,156.5258,159.3487,4103300
2018-06-05,158.5826,160.1981,157.9664,159.8317,4231300
2018-06-06,160.7727,161.2057,159.2238,161.2057,4134700
2018-06-07,161.4055,164.2118,161.4055,163.3541,4378700
2018-06-08,163.1043,165.2943,162.3881,165.1528,4006200
2018-06-11,165.6358,166.9764,165.1611,166.2436,4243000
2018-06-12,166.4101,167.6592,166.1353,167.6342,4616700
2018-06-13,167.6259,167.8591,166.2603,166.8015,5128100
2018-06-14,166.7599,167.3761,165.0112,166.2686,4305900
2018-06-15,165.6691,167.8758,165.2944,166.9931,7820900
2018-06-18,165.6607,167.3012,164.9696,167.118,3396300
2018-06-19,165.0528,166.4601,164.9612,165.8855,5501100
2018-06-20,166.5434,166.6517,164.9779,165.7773,3389600
2018-06-21,165.8855,167.3261,165.3859,166.8015,4695100
2018-06-22,167.2012,167.5427,164.1868,164.3867,6785800
2018-06-25,164.3867,164.7447,162.4298,163.529,5127200
2018-06-26,163.6955,164.3201,162.8795,163.5123,3270600
2018-06-27,163.7622,164.8697,162.3882,162.3965,3771700
2018-06-28,162.3798,163.2209,161.1391,162.5547,2994000
2018-06-29,163.0959,165.5691,162.3715,162.4631,4106600
2018-07-02,161.3972,161.697,159.9816,161.5638,3822800
2018-07-03,161.9135,162.971,161.0558,161.2307,1608400
2018-07-05,161.9551,162.1633,160.8226,161.8885,3040600
2018-07-06,162.0301,162.6713,160.6728,161.9468,2552400
2018-07-09,162.9627,163.8038,162.4048,163.2792,2575100
2018-07-10,163.6789,164.6781,163.529,164.5532,2842400
2018-07-11,164.2284,164.6781,163.1709,164.0036,3309300
2018-07-12,165.0445,165.2776,164.0452,164.8363,2709200
2018-07-13,165.261,166.4851,165.261,165.4525,2308100
2018-07-16,165.8272,165.8938,164.7863,165.6107,2530500
2018-07-17,165.4026,167.7342,165.4026,167.4594,4662800
2018-07-18,167.3928,168.1422,166.7016,167.3512,3787800
2018-07-19,167.2845,169.2331,167.0014,168.7334,3691100
2018-07-20,168.2755,169.6744,168.059,168.5836,3564100
2018-07-23,168.5919,169.3663,168.1256,168.4004,2264300
2018-07-24,169.4829,170.0824,167.6676,168.2005,5058100
2018-07-25,167.7092,168.4503,165.769,167.3761,4382700
2018-07-26,167.8175,168.3088,165.6358,166.0438,4280000
2018-07-27,166.7183,166.9514,163.7788,164.1618,3871200
2018-07-30,163.6538,164.5199,163.5456,164.2784,2331100
2018-07-31,164.6198,164.9029,163.937,164.4782,2795900
2018-08-01,163.9287,164.6615,162.8795,163.4624,3086800
2018-08-02,162.4631,163.0793,161.1723,162.9294,3543500
2018-08-03,163.2375,163.5456,162.588,162.9127,2309000
2018-08-06,162.8961,163.2625,162.4714,162.9544,2515700
2018-08-07,163.504,164.2118,162.9128,164.0869,3052500
2018-08-08,164.4116,165.6357,164.2951,164.8946,2176700
2018-08-09,165.7106,166.3269,164.9112,164.9445,2466000
2018-08-10,164.3284,164.8197,162.9128,163.4624,2873000
2018-08-13,163.4623,164.5365,161.5471,161.6637,5294400
2018-08-14,162.5214,163.1959,159.2738,160.7977,11488000
2018-08-15,159.6735,161.697,159.1239,161.5388,6049300
2018-08-16,161.5637,163.2875,161.3139,162.7046,5690100
2018-08-17,162.8794,163.1959,162.2299,162.8461,3885800
2018-08-20,163.0793,165.2444,162.7129,164.8197,2956700
2018-08-21,165.5692,167.1596,165.2194,166.735,4124600
2018-08-22,167.2096,169.4996,165.4192,165.6857,5007000
2018-08-23,166.0354,167.7175,165.8272,166.6766,3595000
2018-08-24,166.8349,168.6252,166.5434,167.6259,3054300
2018-08-27,168.9,169.0,167.5344,168.1922,2521300
2018-08-28,168.4587,168.5586,167.068,168.1839,3516300
2018-08-29,168.3261,169.0627,167.9913,168.8032,2488000
2018-08-30,168.234,168.6023,166.6438,166.7777,2825400
2018-08-31,166.8781,168.1587,166.8028,168.0415,4023300
2018-09-04,167.9746,172.352,167.8156,171.649,4612800
2018-09-05,171.4397,172.9797,170.0335,170.8705,3667100
2018-09-06,171.2389,173.3313,170.5776,172.3269,3490400
2018-09-07,171.9587,173.4485,171.9419,172.6115,3672700
2018-09-10,174.2018,177.1229,174.2018,176.3445,5586600
2018-09-11,178.2779,179.6673,177.0224,178.9893,5969500
2018-09-12,179.14,180.3117,176.5286,177.4241,5660100
2018-09-13,176.9722,176.9722,174.6789,175.3066,4701100
2018-09-14,175.9259,176.2105,173.7163,174.9885,3622400
2018-09-17,174.9969,175.8004,174.3106,174.4278,3074700
2018-09-18,174.6203,177.2149,174.2269,176.6207,4338500
2018-09-19,177.441,178.0017,176.3194,177.1731,2579100
2018-09-20,177.1563,177.9515,176.6123,176.6541,4020800
2018-09-21,176.8551,177.9934,176.1938,177.7674,9749200
2018-09-24,177.0392,177.307,174.0595,174.0846,4623700
2018-09-25,174.796,175.1811,173.0886,173.641,4443300
2018-09-26,174.5784,175.0471,173.4484,173.6912,2965800
2018-09-27,173.6744,173.9506,172.1428,173.122,3218800
2018-09-28,172.7872,174.8044,172.7119,173.3815,3966100
2018-10-01,174.5282,175.5912,173.5657,173.7582,3670500
2018-10-02,173.6661,174.1264,171.3058,171.3728,4428000
2018-10-03,172.5529,172.804,170.4521,170.5274,4162500
2018-10-04,170.452,170.5441,165.9491,166.4345,5996200
2018-10-05,166.6187,167.146,162.8523,164.3672,5016600
2018-10-08,164.25,166.2755,163.2624,166.0663,3731800
2018-10-09,165.6812,166.7107,163.6976,163.8399,4466800
2018-10-10,166.6521,166.7609,161.8311,162.124,6157900
2018-10-11,162.1324,164.6099,157.7466,158.8096,5831400
2018-10-12,161.3289,162.032,159.1611,161.0945,5450200
2018-10-15,161.0025,161.7809,159.6131,160.0065,3642800
2018-10-16,160.5589,162.4421,159.5378,162.0237,4057400
2018-10-17,158.7259,159.588,153.9886,154.9846,8985700
2018-10-18,154.2229,155.1771,150.264,151.0257,9262000
2018-10-19,150.942,151.486,149.4605,150.5318,7004300
2018-10-22,151.3437,151.8291,148.6151,149.6111,4866700
2018-10-23,147.117,150.2305,146.8408,149.427,7004900
2018-10-24,149.4689,152.641,147.5689,148.1213,6791700
2018-10-25,148.5817,151.0759,148.0041,149.879,5228000
2018-10-26,148.046,148.431,143.0492,144.154,9472200
2018-10-29,145.4178,147.301,143.0826,144.9659,5918400
2018-10-30,144.9324,147.6694,144.4972,147.5103,5657100
2018-10-31,148.9667,149.6949,146.9663,147.209,6339500
2018-11-01,148.0125,151.3772,147.2258,151.0424,5225300
2018-11-02,152.7247,153.1767,148.4728,150.5988,4730600
2018-11-05,151.5111,152.6745,150.0715,152.4904,3885300
2018-11-06,152.2727,152.8754,150.6992,152.3397,3338800
2018-11-07,153.8295,157.0854,152.3816,156.7088,4673400
2018-11-08,156.6251,157.9308,155.4449,157.3532,4054000
2018-11-09,157.6211,157.755,154.8089,155.6709,4761100
2018-11-12,155.0348,156.4744,149.8371,150.1803,7590400
2018-11-13,148.3975,152.0133,144.6729,149.8204,14274000
2018-11-14,152.8419,153.0846,149.9459,150.5737,7561100
2018-11-15,149.8288,150.3812,145.3091,148.4478,8663100
2018-11-16,145.6271,148.6569,145.2253,148.1631,6834900
2018-11-19,147.9037,149.7199,144.2126,145.2923,6203400
2018-11-20,141.6598,143.9615,139.7765,141.4924,8661000
2018-11-21,142.2875,143.0659,141.576,141.7016,5752100
2018-11-23,141.777,142.5637,141.007,141.325,2711000
2018-11-26,142.4549,144.2879,141.3417,142.1369,6140500
2018-11-27,141.5426,145.1165,141.2999,144.9826,7084200
2018-11-28,145.5888,149.5799,143.6607,149.3946,7133600
2018-11-29,148.8642,149.26,147.2813,147.9044,4329300
2018-11-30,147.9801,151.8701,147.4412,151.828,8942400
2018-12-03,154.3287,154.5055,151.0113,153.0236,7610600
2018-12-04,152.4511,153.4362,146.9697,147.6012,7059600
2018-12-06,146.0856,148.2243,143.526,148.1569,7571200
2018-12-07,147.6433,150.1777,145.0247,145.4878,6226100
2018-12-10,145.993,146.4982,141.2273,144.5616,5373800
2018-12-11,146.7592,147.8538,144.1827,144.9995,5229400
2018-12-12,146.2961,148.9231,145.5047,146.6835,5912500
2018-12-13,146.7676,147.2729,144.8816,146.3972,6102200
2018-12-14,145.6478,147.4665,144.7805,145.0668,4265200
2018-12-17,144.4101,144.8142,140.5537,141.4294,5631700
2018-12-18,142.2125,144.7806,141.8757,143.1723,4462200
2018-12-19,143.9133,147.3065,140.419,141.0842,6996900
2018-12-20,140.0065,140.8737,136.5964,138.2214,7675600
2018-12-21,137.0848,141.421,134.8619,135.1229,13034100
2018-12-24,134.8535,135.8975,133.1105,133.1526,4547400
2018-12-26,134.2641,141.6904,134.2472,141.6904,6141500
2018-12-27,140.1411,143.526,137.5478,143.4081,5069300
2018-12-28,144.1659,145.7657,141.9599,143.3239,4552000
2018-12-31,144.3763,145.8667,143.6859,144.6711,4206000
2019-01-02,142.8945,145.8162,142.3388,145.1679,4242900
2019-01-03,144.6879,144.6879,141.6315,141.9683,4810500
2019-01-04,143.2902,147.1297,142.7345,146.1867,4762600
2019-01-07,146.3635,150.0262,146.3635,149.0663,4928800
2019-01-08,150.3545,151.2133,147.8622,149.7819,4722400
2019-01-09,149.7651,152.6279,149.1168,151.3312,4922000
2019-01-10,149.8998,150.9187,148.4769,150.7671,3605300
2019-01-11,149.8157,151.7775,149.1337,151.0618,3285100
2019-01-14,149.5294,150.9103,148.9484,150.5567,3871400
2019-01-15,148.258,149.723,147.517,148.5863,5016100
2019-01-16,149.1084,149.8157,148.0728,149.0663,4075400
2019-01-17,146.515,147.7359,144.8226,147.2391,6499200
2019-01-18,149.0158,151.5922,148.3422,151.2049,6371100
2019-01-22,149.4451,150.3798,147.6517,149.1252,6272700
2019-01-23,148.6874,149.9251,146.9529,148.94,4910400
2019-01-24,149.0326,149.4789,147.6012,149.2768,3860100
2019-01-25,151.3733,152.2911,150.3882,151.8954,4501800
2019-01-28,150.6913,151.5501,149.3778,151.4154,4091400
2019-01-29,150.6829,151.6849,149.9504,151.2975,3686900
2019-01-30,151.9543,155.0949,151.3733,153.3941,5197700
2019-01-31,152.8216,155.4907,152.4511,154.5308,5138000
2019-02-01,154.9518,155.8948,153.9414,155.238,4513100
2019-02-04,155.1791,156.9726,154.7918,156.9726,3050200
2019-02-05,157.3599,157.4441,155.5075,156.9389,4135200
2019-02-06,157.1915,157.1915,154.9771,155.5328,3072500
2019-02-07,154.7076,155.7012,153.6214,154.9855,2793400
2019-02-08,154.1266,155.4149,153.8488,155.3812,2792300
2019-02-11,155.7685,156.1222,153.8741,154.0172,3729200
2019-02-12,154.7918,156.9473,154.5224,156.2064,3773200
2019-02-13,156.8632,158.8671,156.5432,158.6398,4146900
2019-02-14,157.8735,159.0775,156.6105,158.0503,2600600
2019-02-15,159.869,162.1845,159.1786,161.9909,4997900
2019-02-19,161.4183,162.6645,161.0563,161.9404,3828400
2019-02-20,161.9909,161.9993,160.9132,161.5362,3970100
2019-02-21,161.5362,161.974,160.4921,161.5109,3094200
2019-02-22,161.4015,162.1172,161.3425,161.9909,3321600
2019-02-25,162.294,162.8581,159.9448,159.9617,6190700
2019-02-26,156.2653,158.6903,153.9162,158.5471,13635100
2019-02-27,158.2103,158.7155,154.2613,154.6487,8766200
2019-02-28,154.5898,155.9285,154.1772,155.8864,8060600
2019-03-01,156.459,157.082,153.9667,155.9117,5481300
2019-03-04,156.7789,156.8126,153.3267,154.7665,5046800
2019-03-05,155.1287,155.8696,154.2951,154.9266,3691000
2019-03-06,155.3728,155.7433,154.7918,155.3054,4460900
2019-03-07,155.2549,155.4486,152.8889,153.672,4122200
2019-03-08,152.8131,153.1668,151.1544,152.5942,3867100
2019-03-11,153.2425,154.2529,152.5689,153.613,3866200
2019-03-12,154.4466,155.1539,153.5204,154.9266,3777000
2019-03-13,155.4355,155.8936,153.6033,153.6542,4528300
2019-03-14,153.7729,154.1631,153.1113,154.0528,4393000
2019-03-15,154.6382,154.7993,152.3224,154.5788,8059100
2019-03-18,154.8332,155.6391,154.6636,155.5882,4395800
2019-03-19,156.2414,157.6241,155.6391,156.1905,4437100
2019-03-20,156.3347,158.7268,155.5967,157.8615,4772600
2019-03-21,157.3526,161.1698,157.3526,161.1443,4755700
2019-03-22,160.5844,162.9087,160.0416,160.1094,5173600
2019-03-25,160.1094,162.6203,159.9058,160.8983,3845900
2019-03-26,161.7551,163.0275,160.101,160.6099,4143300
2019-03-27,160.8729,162.5355,159.804,160.5336,4298400
2019-03-28,161.0934,162.3573,160.4572,161.2206,3326100
2019-03-29,161.8908,162.9002,161.2885,162.773,4674100
2019-04-01,163.706,166.1745,163.5873,165.9539,5381400
2019-04-02,165.8352,165.8352,164.5797,164.8257,2717800
2019-04-03,165.3941,168.626,164.6561,168.4733,4581500
2019-04-04,168.8041,170.0681,167.9728,170.0341,3138400
2019-04-05,170.3819,172.3074,170.1698,171.3998,3615300
2019-04-08,170.8145,172.8673,170.7042,172.6637,3040900
2019-04-09,171.5695,171.9512,170.0426,170.4158,3721700
2019-04-10,170.7212,171.0096,167.9728,169.1689,3587500
2019-04-11,169.5676,170.9248,168.8296,170.9078,2465100
2019-04-12,171.4592,173.266,171.4592,172.9182,3097900
2019-04-15,173.1811,174.0124,172.5364,173.7749,3049900
2019-04-16,174.1057,174.7334,173.2914,173.4441,3271400
2019-04-17,174.1821,175.4545,174.1651,175.2085,3271900
2019-04-18,174.7589,176.2518,173.9785,174.4535,3162500
2019-04-22,173.1387,174.954,173.0454,173.707,2593900
2019-04-23,174.0124,175.8701,172.5619,174.7843,3702600
2019-04-24,174.8777,176.6929,174.3517,175.3527,2750900
2019-04-25,174.7504,176.2009,173.9446,175.1661,3292100
2019-04-26,174.6401,174.8607,172.4856,172.7146,3560300
2019-04-29,172.4601,172.8758,169.9408,171.4846,3785200
2019-04-30,170.9672,172.8334,170.3225,172.791,3415600
2019-05-01,172.3668,172.6383,168.5157,168.6345,4644700
2019-05-02,169.0586,170.5515,168.6345,170.5091,2810000
2019-05-03,171.3489,171.6118,169.9238,170.1274,3583400
2019-05-06,168.5836,169.593,168.2188,169.3385,2619400
2019-05-07,166.8955,167.659,163.6806,165.216,4622100
2019-05-08,164.9785,166.7768,164.2914,165.5553,3122600
2019-05-09,163.9775,165.4789,162.5185,165.0548,2917700
2019-05-10,163.8927,165.8267,161.1782,165.0548,3863600
2019-05-13,162.018,162.5779,160.4403,161.4582,3325900
2019-05-14,161.5939,163.511,161.1783,162.544,3663600
2019-05-15,161.8568,163.5533,161.3987,162.6626,3355800
2019-05-16,163.2649,165.3771,163.0359,163.1886,3854000
2019-05-17,161.8992,164.9869,161.8059,163.3583,5223800
2019-05-20,162.1283,163.5958,161.6872,161.9756,4782800
2019-05-21,158.7353,163.3074,158.0651,162.3997,8555600
2019-05-22,161.5854,163.0529,159.5156,160.2451,5706000
2019-05-23,159.8549,163.3243,158.0057,162.8663,7754000
2019-05-24,163.3243,164.444,161.5175,164.215,3799500
2019-05-28,164.8851,166.658,162.3149,162.4845,5165800
2019-05-29,161.4073,162.7645,159.4987,161.1613,4569900
2019-05-30,161.2801,163.2905,161.2461,162.0859,3029800
2019-05-31,160.8644,161.4158,160.0331,161.0425,3681500
2019-06-03,160.7626,162.756,160.1094,160.805,4620200
2019-06-04,162.51,165.8351,162.3742,165.6231,5118100
2019-06-05,165.7256,168.0405,164.9312,168.0149,3704600
2019-06-06,167.9808,168.835,166.5372,168.425,3732900
2019-06-07,168.4506,170.0053,167.6049,168.536,3522300
2019-06-10,169.6123,170.7142,168.5531,169.1766,3154500
2019-06-11,170.0053,171.56,167.2889,169.1425,3708500
2019-06-12,169.8258,171.0046,169.1168,169.9369,2551500
2019-06-13,170.7996,173.1316,170.3725,172.8498,3630900
2019-06-14,171.9614,176.3948,171.9614,175.7712,4898000
2019-06-17,176.8218,178.3509,175.9676,176.8047,4620500
2019-06-18,177.7615,179.5297,176.9158,177.2319,3891300
2019-06-19,177.5906,178.0861,175.8822,177.6248,3648200
2019-06-20,179.0172,180.8025,178.7951,180.4523,5171500
2019-06-21,180.4608,181.0844,178.5986,178.8634,9855000
2019-06-24,177.8042,178.7524,175.2159,175.5405,4943500
2019-06-25,176.2239,176.9072,174.43,174.8913,3587900
2019-06-26,175.4038,177.0952,174.8144,176.3264,3071200
2019-06-27,177.3429,177.6761,175.9762,176.8389,2286800
2019-06-28,177.4796,178.5303,177.155,177.6505,11069000
2019-07-01,179.1282,181.3577,177.8213,179.6236,4097700
2019-07-02,179.5895,179.6065,178.069,179.504,3160500
2019-07-03,179.2307,181.7336,179.1282,181.1783,2183700
2019-07-05,179.3588,181.2381,179.1538,180.6316,2547800
2019-07-08,180.2216,182.323,179.8885,181.8703,2705300
2019-07-09,181.0331,182.229,180.4095,181.0929,2397400
2019-07-10,179.9995,180.512,178.385,180.0251,3457400
2019-07-11,181.3064,182.8697,180.2558,182.8355,3450100
2019-07-12,183.6555,186.4317,183.3224,186.4146,4429800
2019-07-15,187.0297,187.3286,185.2017,186.8161,3141300
2019-07-16,185.6202,186.5171,185.1333,185.586,2657400
2019-07-17,185.1333,185.8594,184.1766,184.1766,3037300
2019-07-18,184.0827,184.7062,181.9557,183.1772,3068000
2019-07-19,183.3736,183.852,181.8873,181.9813,3254800
2019-07-22,181.9471,182.1692,179.7091,180.4693,2764900
2019-07-23,181.5798,182.9124,180.8623,182.0155,2589900
2019-07-24,182.1094,183.4761,182.0069,183.4078,2207100
2019-07-25,183.0405,184.4414,182.4853,184.1254,2335300
2019-07-26,184.1083,185.5433,182.8867,185.2871,2675500
2019-07-29,185.1846,186.4488,184.8087,186.2523,2407200
2019-07-30,185.8082,186.7222,185.2444,185.6715,2172600
2019-07-31,184.8087,186.0473,181.2381,182.5365,3426400
2019-08-01,182.9209,185.885,181.11,181.8019,3431500
2019-08-02,180.9733,182.0667,180.307,181.221,2884900
2019-08-05,178.983,179.3503,174.3275,175.0621,4553200
2019-08-06,175.122,178.6072,174.6863,178.3594,3646800
2019-08-07,176.0018,178.1032,173.5161,177.5992,3901100
2019-08-08,179.1282,180.8281,178.2911,180.7256,2968000
2019-08-09,180.6231,181.4431,177.6333,179.4016,2912100
2019-08-12,177.7615,179.077,176.0958,176.8304,2005000
2019-08-13,176.2324,180.7683,174.9255,177.9579,3876700
2019-08-14,174.6521,175.4209,172.1322,172.2005,4582100
2019-08-15,173.405,174.0542,170.0309,172.3714,4199700
2019-08-16,174.0457,174.6266,172.2689,173.9603,4093600
2019-08-19,176.8048,178.3766,175.3697,177.6334,6413600
2019-08-20,182.3743,186.0901,181.2382,185.4409,12452600
2019-08-21,186.8418,188.6784,185.159,188.2683,7938600
2019-08-22,187.9693,190.1988,187.8241,188.7979,4544600
2019-08-23,187.8412,188.6698,184.5183,185.7655,5769300
2019-08-26,186.6111,187.4995,184.6635,186.7734,3680200
2019-08-27,187.5423,188.2769,186.1413,186.3976,4311700
2019-08-28,186.1157,189.7119,185.4579,189.5923,3066700
2019-08-29,191.258,194.504,191.1384,194.1794,4184200
2019-08-30,195.1276,195.8452,193.6413,194.6834,3768300
2019-09-03,193.4363,194.4442,190.8138,191.4032,4139400
2019-09-04,192.4689,192.6408,189.65,192.6408,3132900
2019-09-05,194.4886,196.62,194.4456,196.0785,3373100
2019-09-06,196.5512,198.8459,195.8465,198.6396,3237900
2019-09-09,198.9576,200.9945,197.7372,200.135,4449100
2019-09-10,199.6022,200.264,197.4193,200.2468,4210600
2019-09-11,200.1866,200.8311,198.5451,199.9545,2978300
2019-09-12,200.6078,202.3868,200.3413,200.9343,3366100
2019-09-13,201.3898,201.9398,199.6709,201.089,3805500
2019-09-16,200.0147,200.771,198.1927,198.5193,3120200
2019-09-17,194.9097,197.9521,194.6347,197.849,3732500
2019-09-18,197.9865,198.9834,196.8176,198.3818,3341800
2019-09-19,198.6568,198.8717,195.9067,196.0528,3134000
2019-09-20,195.941,197.7114,192.7096,193.0877,7687700
2019-09-23,192.6494,195.2105,192.4689,194.4456,2754000
2019-09-24,196.0699,197.8747,193.1822,193.7237,4511300
2019-09-25,194.7378,196.3363,192.9416,196.0356,3716700
2019-09-26,197.3934,198.631,196.809,197.488,4200600
2019-09-27,199.0522,199.1725,196.9208,197.5482,3152000
2019-09-30,197.8318,199.8944,197.7716,199.4045,3249200
2019-10-01,200.2553,201.5445,198.2873,198.5966,3335400
2019-10-02,198.1841,198.1841,192.8041,193.844,4336100
2019-10-03,193.3713,194.9269,190.8962,194.9269,2777700
2019-10-04,195.2363,196.9896,195.1074,195.8895,3163100
2019-10-07,195.5285,196.0613,194.2737,194.8667,2917600
2019-10-08,193.6807,196.62,193.4573,194.8066,3438500
2019-10-09,196.3793,197.2903,194.755,196.7575,2657600
2019-10-10,197.1012,199.5936,196.8778,199.0522,2781500
2019-10-11,201.3812,203.4266,200.8999,201.6734,3459200
2019-10-14,201.2952,202.3867,201.1577,201.2609,2183900
2019-10-15,201.6992,203.5641,201.6218,202.4984,2663300
2019-10-16,202.3266,202.9711,200.9687,202.7391,2388100
2019-10-17,203.1344,204.69,202.4039,203.4868,2250500
2019-10-18,203.6759,205.1713,202.5156,204.4837,3662500
2019-10-21,204.7673,205.3947,202.4899,203.4266,2041700
2019-10-22,203.9423,204.8017,203.2719,203.8564,2003200
2019-10-23,203.3923,204.0368,201.4156,201.682,2110500
2019-10-24,201.8023,203.143,200.3069,201.0117,2173900
2019-10-25,200.6679,202.3266,199.86,201.4328,2210900
2019-10-28,201.9227,203.6501,201.5875,203.5126,2705000
2019-10-29,203.547,204.1142,201.0374,201.2265,2558000
2019-10-30,200.6851,203.3408,200.1437,203.0314,1956700
2019-10-31,203.5642,204.0197,200.4358,201.6047,2824100
2019-11-01,202.8852,204.0712,202.0172,203.9767,2197400
2019-11-04,204.776,204.8791,201.0031,201.8969,2542400
2019-11-05,201.7422,201.8969,197.9005,199.5592,3624600
2019-11-06,200.1007,201.1406,199.2928,201.1148,2631900
2019-11-07,201.1062,202.6446,199.1811,200.1952,2832500
2019-11-08,200.0749,200.4702,199.0694,200.1093,2088400
2019-11-11,198.0982,199.628,197.8232,199.2155,2309600
2019-11-12,199.5163,201.6476,199.3873,200.3499,2991100
2019-11-13,199.4647,201.8797,198.399,201.7937,2399600
2019-11-14,201.9656,203.6329,201.1406,203.2978,2282200
2019-11-15,204.2775,204.5869,203.1344,203.9337,3524700
2019-11-18,204.9221,205.6698,203.4782,205.2744,5747400
2019-11-19,198.1841,200.3499,193.7151,194.1104,14972200
2019-11-20,192.9846,193.3713,189.5641,189.8477,10225400
2019-11-21,190.7415,191.0594,187.785,187.8194,7823700
2019-11-22,187.7851,188.3265,187.1921,187.3811,5786500
2019-11-25,187.3553,187.8108,186.3927,187.6991,8865400
2019-11-26,188.0085,189.8993,187.6905,189.7274,9981400
2019-11-27,190.518,192.0392,189.6414,191.6525,6687500
2019-11-29,191.9103,191.9361,189.3235,189.5125,2952900
2019-12-02,189.8477,190.0969,186.8912,187.0287,4416300
2019-12-03,186.0232,186.0232,182.998,183.9176,6505400
2019-12-04,184.6615,185.9243,184.3933,185.1804,4256200
2019-12-05,185.4053,185.5264,183.1651,184.229,4580500
2019-12-06,185.2756,186.2703,185.0075,185.3361,4193700
2019-12-09,185.3448,188.4498,185.2496,187.2822,5111100
2019-12-10,187.2736,187.4206,186.0454,186.7373,4663000
2019-12-11,182.5251,184.7912,182.1619,183.3641,8284800
2019-12-12,183.7966,185.2064,182.2656,183.3987,9915100
2019-12-13,183.4679,185.2929,182.2137,185.1631,6869200
2019-12-16,185.4659,187.4466,185.3534,186.4173,5850300
2019-12-17,186.8411,189.8078,186.7113,188.3115,7574400
2019-12-18,188.7353,189.9289,188.2423,188.5536,6677400
2019-12-19,188.9688,190.9495,188.7958,190.4738,5405000
2019-12-20,190.7938,191.6414,190.1105,191.3127,7778200
2019-12-23,192.0133,192.0133,189.5396,189.6002,3943700
2019-12-24,189.851,191.183,189.6088,190.863,2260700
2019-12-26,190.9235,191.2781,189.9289,190.9927,2649200
2019-12-27,191.3214,191.8317,190.0932,190.2576,3082800
2019-12-30,190.6035,190.7073,187.2995,187.9568,3952400
2019-12-31,187.7752,188.9947,187.2044,188.8823,3789900
2020-01-02,189.4877,190.0758,188.4152,189.9894,3935700
2020-01-03,187.8098,190.0067,187.4725,189.358,3423200
2020-01-06,187.2476,190.2835,187.1698,190.2489,5682800
2020-01-07,189.851,190.7678,187.6022,189.0034,5685400
2020-01-08,189.2456,192.8523,189.1331,191.8317,4916200
2020-01-09,192.5669,195.0838,191.8836,194.7724,4843600
2020-01-10,194.3919,195.0319,192.9042,193.9335,4226600
2020-01-13,194.1756,194.1843,192.6015,193.1723,6060900
2020-01-14,192.4285,194.5648,192.2814,192.7139,3915100
2020-01-15,192.2555,194.5908,192.1258,194.2535,3444300
2020-01-16,195.4125,197.9467,194.9541,197.9121,5390800
2020-01-17,198.5954,201.1815,197.99,200.5847,7979200
2020-01-21,200.2561,202.0984,199.8495,201.4843,4873500
2020-01-22,202.2108,204.5807,201.4237,201.441,4030800
2020-01-23,200.775,203.1017,199.4863,202.0897,4617900
2020-01-24,202.7903,203.6293,199.4171,200.6626,4467500
2020-01-27,197.3758,201.069,197.3758,199.9619,3595600
2020-01-28,200.5069,203.4736,200.1004,202.2713,3621900
2020-01-29,203.1709,204.0185,201.8735,202.4097,2564000
2020-01-30,200.6626,201.787,200.2907,201.3459,4685700
2020-01-31,201.4929,201.7264,197.1077,197.2894,5304700
2020-02-03,199.1922,201.9859,198.3706,200.2647,5100900
2020-02-04,202.4184,204.4337,202.4184,203.2574,3505100
2020-02-05,205.0737,206.1289,204.0011,205.9472,3868600
2020-02-06,205.8521,207.0717,205.4024,206.5787,3930300
2020-02-07,206.5786,207.1754,204.572,205.2467,2456100
2020-02-10,204.6413,208.1096,204.278,208.1096,2568000
2020-02-11,208.1096,209.7011,207.755,209.0005,2692400
2020-02-12,209.4243,209.5713,206.5787,208.9572,3592100
2020-02-13,208.4209,210.6957,207.9279,209.6232,2468100
2020-02-14,210.5573,212.0795,209.8567,211.9325,2841600
2020-02-18,211.7682,212.8667,210.3152,210.9898,2892600
2020-02-19,211.8288,212.3391,210.1854,210.7303,2713300
2020-02-20,210.7735,213.7402,209.4416,213.6537,3701800
2020-02-21,213.204,213.9479,211.0417,212.2007,3881100
2020-02-24,206.2672,210.2718,205.5926,207.3224,5350100
2020-02-25,212.858,213.6105,204.5375,205.3159,8061500
2020-02-26,206.8035,208.4815,202.6692,203.4995,6963000
2020-02-27,199.8582,203.1017,194.2362,194.3746,7612800
2020-02-28,189.0986,191.2003,183.6496,188.4153,11809600
2020-03-02,190.2662,198.9327,188.9774,198.8808,7150800
2020-03-03,198.9587,203.9666,195.1011,197.151,8432500
2020-03-04,201.5361,208.7237,200.4896,208.5161,6770000
2020-03-05,204.6412,207.2447,201.6572,203.093,6473900
2020-03-06,196.8309,199.1835,192.2295,197.644,7399900
2020-03-09,184.9815,186.9795,179.2557,182.0321,10120500
2020-03-10,187.8703,195.326,182.4991,195.2135,7206600
2020-03-11,189.2057,190.8165,183.2848,185.3658,7253900
2020-03-12,170.1457,179.8716,160.9423,165.9489,10928700
2020-03-13,174.5341,179.2099,165.4352,179.0792,10292300
2020-03-16,158.4434,162.0394,142.0218,143.6326,12536600
2020-03-17,146.4624,152.183,135.2215,151.1904,16234400
2020-03-18,139.1397,141.3426,122.4482,135.5088,14681900
2020-03-19,133.3582,141.8476,123.6411,140.2978,13499100
2020-03-20,141.7345,148.2126,132.1828,132.4788,12602400
2020-03-23,130.659,143.6065,127.4199,141.3949,12241600
2020-03-24,150.9727,161.665,149.7711,160.8379,14676600
2020-03-25,160.5766,166.7848,156.7281,158.2605,11497400
2020-03-26,159.7669,172.5751,158.9049,169.9716,10170300
2020-03-27,164.1205,170.9904,162.3878,165.9141,7121700
2020-03-30,165.9315,172.5751,163.3542,170.7466,6936700
2020-03-31,169.6146,170.2154,161.4735,162.5706,7335400
2020-04-01,153.1669,159.1313,152.3745,155.5352,7858200
2020-04-02,152.331,159.0964,151.5038,157.8687,6353900
2020-04-03,156.345,157.9036,152.3223,155.5962,7299800
2020-04-06,163.6938,167.5336,161.1949,166.5933,7454000
2020-04-07,176.6848,177.7209,167.046,167.4291,6438800
2020-04-08,169.1009,171.33,166.7761,169.6321,6094700
2020-04-09,173.9682,179.3579,171.0948,175.4745,7125100
2020-04-13,174.5341,174.5341,170.1109,173.0888,4415600
2020-04-14,175.7793,182.6143,174.2555,180.3853,5655400
2020-04-15,172.9843,176.0927,171.1906,172.8188,5693900
2020-04-16,173.3761,176.0666,171.3735,174.0117,7262800
2020-04-17,180.3853,183.0671,179.5059,182.3444,6717600
2020-04-20,179.4798,183.7463,178.8094,179.4102,4753100
2020-04-21,174.7954,177.9212,173.7157,174.6735,4845000
2020-04-22,175.788,179.1141,175.1349,177.7732,4067700
2020-04-23,177.0331,180.2112,176.0492,176.1624,3565500
2020-04-24,178.2608,185.4006,177.4946,184.7476,5025200
2020-04-27,187.2379,192.3751,186.341,189.6062,5472800
2020-04-28,195.0307,195.231,188.8661,189.493,5080700
2020-04-29,192.7233,195.1874,191.3998,193.1325,4381100
2020-04-30,188.7616,193.3938,188.5265,191.4085,5152700
2020-05-01,188.7441,191.2953,187.8734,190.3114,3819300
2020-05-04,188.6658,193.8726,187.3858,193.1586,4090900
2020-05-05,195.8579,199.2623,194.6998,196.4412,4655200
2020-05-06,197.9737,198.9054,194.8653,194.9698,3321100
2020-05-07,197.2249,201.6829,197.1465,199.7848,4501300
2020-05-08,202.6146,205.0961,201.2649,204.1209,4365200
2020-05-11,201.8049,207.8998,201.3521,205.9756,4378300
2020-05-12,207.7257,208.3178,202.7887,202.7887,4399600
2020-05-13,202.9107,205.7492,198.9924,200.3508,6237200
2020-05-14,197.103,204.3212,196.955,204.1645,6434500
2020-05-15,202.6929,211.7832,202.6146,208.3874,16176300
2020-05-18,214.0557,216.2151,212.4885,213.6291,8314800
2020-05-19,209.3626,211.1128,207.0552,207.3165,9387000
2020-05-20,210.7122,210.9473,204.5737,207.3948,7534200
2020-05-21,206.8985,209.9982,205.3051,209.737,4772700
2020-05-22,209.5803,211.0082,207.804,210.6077,3041800
2020-05-26,216.0671,216.128,210.7732,211.1301,4535200
2020-05-27,211.313,215.4053,209.6499,215.3792,4664800
2020-05-28,217.26,219.6196,212.828,213.4462,5259300
2020-05-29,213.3766,217.4254,213.0892,216.3544,5341600
2020-06-01,217.1642,217.4864,214.0819,215.3183,3407800
2020-06-02,216.485,220.0462,215.0658,220.0375,5301000
2020-06-03,220.5543,221.4565,219.3193,219.8536,4638100
2020-06-04,218.7763,220.8784,216.7617,218.058,4759400
2020-06-05,221.0273,224.1018,219.3106,223.2697,5054300
2020-06-08,221.1587,224.9426,220.9572,224.9076,3811900
2020-06-09,223.6463,226.239,222.3587,224.8989,3716100
2020-06-10,225.5032,227.1149,222.674,222.8755,3589800
2020-06-11,217.9791,219.5207,209.1149,209.7543,6563700
2020-06-12,212.9076,215.8156,207.6346,212.3645,5238500
2020-06-15,208.1339,212.1631,205.2347,211.4098,6250900
2020-06-16,218.4521,220.4229,212.7324,218.9339,5291600
2020-06-17,221.4039,223.0244,219.0477,219.7222,4234000
2020-06-18,218.4171,220.5105,216.4638,218.2857,3347800
2020-06-19,221.693,222.7441,215.8069,216.0434,11114600
2020-06-22,215.2113,219.0303,215.0449,218.242,3815200
2020-06-23,221.6054,221.9908,219.0915,219.2492,3105300
2020-06-24,217.0594,219.2317,212.6098,215.5879,3873000
2020-06-25,214.4229,215.7806,212.1456,214.931,2938400
2020-06-26,214.9047,215.5616,210.4375,211.1032,5002700
2020-06-29,212.5485,215.912,210.5164,215.5791,3468300
2020-06-30,216.3499,220.4229,215.5528,219.4244,4524600
2020-07-01,218.6711,219.2667,216.2886,217.3573,3677300
2020-07-02,220.677,220.9923,217.1558,217.6638,3369800
2020-07-06,219.2142,220.2916,216.385,218.5836,3133800
2020-07-07,216.674,219.6609,216.4113,216.6565,2927800
2020-07-08,217.112,218.7937,215.6667,218.2507,2294000
2020-07-09,218.6799,219.4244,215.7806,217.1909,2994700
2020-07-10,217.4799,219.2668,216.0346,219.0741,2745300
2020-07-13,220.6595,225.8624,218.1806,218.6449,4437500
2020-07-14,218.1018,226.1426,217.6288,225.8011,4614200
2020-07-15,227.8594,228.8667,223.4886,225.8098,4343700
2020-07-16,224.8988,228.1747,224.2331,226.055,2511200
2020-07-17,227.7631,228.3061,225.7397,228.0697,3091300
2020-07-20,226.8959,228.7878,226.0024,227.8857,2451100
2020-07-21,229.1558,231.1266,228.3674,229.8565,2439900
2020-07-22,230.0054,232.6332,229.4886,232.2653,2750000
2020-07-23,234.5689,234.5689,229.3134,231.074,2680100
2020-07-24,232.1514,233.7719,230.3558,232.3879,2984500
2020-07-27,232.1952,235.3397,232.1952,234.2361,2412500
2020-07-28,235.2346,235.6813,231.8273,232.3616,2227000
2020-07-29,231.9412,233.9645,231.3894,231.8186,2874100
2020-07-30,230.6624,234.1748,229.0945,233.2638,2347800
2020-07-31,232.1164,234.0171,228.2711,232.5456,3640600
2020-08-03,233.6316,235.252,232.7032,233.1499,2363500
2020-08-04,233.544,234.6477,231.1002,234.6301,2224000
2020-08-05,235.0857,235.0857,232.8959,234.2886,1959900
2020-08-06,233.5178,236.8813,233.4565,235.9441,2203400
2020-08-07,237.0302,240.8054,236.3295,237.9324,2846300
2020-08-10,238.6157,240.8755,238.0726,240.639,2393100
2020-08-11,243.2317,244.7032,240.3587,240.8054,3321300
2020-08-12,245.0361,247.8565,242.5923,246.639,3867900
2020-08-13,246.271,247.5761,245.0272,246.709,2202400
2020-08-14,246.2536,247.0069,244.5456,245.7368,2490400
2020-08-17,249.109,253.3309,248.382,252.4725,5584400
2020-08-18,253.0506,254.5222,247.9178,249.6346,6934300
2020-08-19,251.7893,252.2361,246.9455,247.7601,4986800
2020-08-20,245.728,246.928,244.7645,245.8506,3530000
2020-08-21,245.2287,248.3645,243.8711,248.0842,5519100
2020-08-24,249.6258,251.255,246.9368,251.1674,4430900
2020-08-25,251.6229,251.8069,248.6623,250.6244,2854500
2020-08-26,252.0259,255.8711,250.747,255.7047,4001900
2020-08-27,255.9586,256.598,251.001,252.8141,3430900
2020-08-28,252.5338,252.9892,249.433,250.7645,3100100
2020-08-31,249.6345,251.1148,247.7688,249.6696,4105400
2020-09-01,248.7849,251.106,248.3206,250.4579,3235100
2020-09-02,250.8189,253.6278,249.7183,252.8882,3464600
2020-09-03,252.9762,253.3285,239.6539,241.8199,5380100
2020-09-04,242.63,243.7042,233.0498,237.4437,5253500
2020-09-08,235.1983,238.6588,231.4121,237.0915,5241200
2020-09-09,239.9092,246.3194,239.284,243.942,4754700
2020-09-10,244.7961,247.4113,238.7733,240.1205,3156300
2020-09-11,241.2476,244.7697,240.7897,243.3168,3729200
2020-09-14,245.2716,248.7145,244.8049,247.1207,3055800
2020-09-15,249.2252,252.4479,248.6441,251.4617,4174900
2020-09-16,251.4882,252.3423,247.1472,247.9837,3379100
2020-09-17,244.708,248.9434,243.8715,246.5131,3166600
2020-09-18,245.1484,246.3987,238.4564,242.3131,6072900
2020-09-21,239.3896,240.2966,234.6876,239.8123,3548000
2020-09-22,239.2223,240.8425,238.2978,240.6576,2972000
2020-09-23,242.5155,243.5722,233.0674,234.7052,4467600
2020-09-24,233.9656,237.4789,232.3542,233.9568,3095600
2020-09-25,232.6272,237.8751,232.3894,236.4663,2457700
2020-09-28,239.4425,241.4589,238.0072,239.7947,3061100
2020-09-29,240.7369,241.1243,238.7205,239.601,2048900
2020-09-30,240.8074,246.478,239.962,244.532,4778800
2020-10-01,246.0553,246.5483,242.8942,244.4527,2696900
2020-10-02,242.0929,247.4994,241.3533,245.9408,2943600
2020-10-05,247.3585,248.6793,246.2843,248.3975,2330700
2020-10-06,248.7497,249.19,242.8237,243.4401,2992500
2020-10-07,247.2968,250.0705,246.5484,249.0051,3423700
2020-10-08,249.9296,250.907,247.5786,250.5284,2256200
2020-10-09,251.3649,252.9586,250.1497,251.7611,2240100
2020-10-12,253.0555,253.8832,251.8844,252.6328,2411900
2020-10-13,251.5673,256.0316,251.5673,255.6706,2699900
2020-10-14,254.9221,255.6177,251.083,252.7912,2221000
2020-10-15,250.1762,255.5738,249.2957,253.1876,2699400
2020-10-16,253.8128,257.6871,252.9322,253.2932,3108600
2020-10-19,255.1423,255.4505,249.5245,249.8327,2428100
2020-10-20,251.0743,255.1688,250.185,251.8668,2281500
2020-10-21,251.2944,253.6102,249.4365,250.5195,2304500
2020-10-22,250.0088,251.5497,247.1207,247.5698,2787000
2020-10-23,248.644,249.3573,246.1521,249.19,1750600
2020-10-26,246.2314,247.8956,239.5041,243.0615,2911900
2020-10-27,243.898,246.3106,243.1319,243.7659,3014100
2020-10-28,237.9632,240.9746,236.5896,237.4965,3255900
2020-10-29,237.4701,241.0011,235.3745,237.4173,2872500
2020-10-30,236.704,237.4084,230.7252,234.8461,3872800
2020-11-02,237.8751,241.952,236.4398,238.3946,2956400
2020-11-03,242.0136,246.1345,241.0186,244.2325,3037500
2020-11-04,243.6955,252.7473,243.0351,248.9434,3525300
2020-11-05,253.9009,254.4732,250.141,251.6996,2516600
2020-11-06,252.4744,252.5184,249.0579,250.2818,2839100
2020-11-09,253.5751,253.9625,237.2765,237.7167,7856400
2020-11-10,240.1998,242.8414,237.0827,242.6477,4828500
2020-11-11,244.1886,248.0365,243.176,244.5672,2987900
2020-11-12,249.1899,249.7975,241.1243,243.2375,3818600
2020-11-13,243.3961,246.3107,242.3747,244.0565,3939200
2020-11-16,245.8263,247.6842,243.3784,246.1697,5360200
2020-11-17,239.5922,240.8514,237.2148,239.918,8532200
2020-11-18,238.1833,242.4803,236.8625,237.5934,5122200
2020-11-19,238.1129,239.8387,236.5984,238.562,3929400
2020-11-20,239.0198,239.8299,236.7481,237.5758,4111000
2020-11-23,237.7519,240.9923,237.3468,238.9758,3294200
2020-11-24,241.2651,242.63,240.006,240.6576,4773400
2020-11-25,240.8074,241.9168,238.8085,241.23,3001700
2020-11-27,242.3571,243.537,241.5822,243.0175,1625300
2020-11-30,242.3395,244.576,239.4337,244.2678,4624100
2020-12-01,245.4301,245.6238,242.63,243.5546,3942400
2020-12-02,242.5541,242.6781,238.6587,240.0132,4168600
2020-12-03,239.5971,240.7481,236.5073,237.3927,4168900
2020-12-04,236.7995,237.9151,232.6827,233.7186,7732800
2020-12-07,233.2847,234.1701,231.0714,232.5234,6379000
2020-12-08,231.7089,232.3994,229.0617,231.7089,5338100
2020-12-09,234.2674,235.2944,232.1781,235.1262,4550100
2020-12-10,233.7983,235.5601,232.0542,234.4446,4234300
2020-12-11,233.1608,234.9314,232.5322,234.2143,3454500
2020-12-14,235.622,237.7999,234.8518,235.1262,4576800
2020-12-15,236.8349,237.9416,235.6751,237.251,3754100
2020-12-16,237.738,239.7034,236.835,238.6764,4669600
2020-12-17,240.9517,242.8728,240.1903,242.5541,4247000
2020-12-18,243.103,244.1211,239.3049,239.4378,9817000
2020-12-21,237.7645,240.7658,235.3919,239.9159,4339000
2020-12-22,239.0925,240.2434,237.7202,239.0748,3140100
2020-12-23,239.0925,239.9247,237.4458,238.8712,2337100
2020-12-24,238.5436,240.2434,238.5082,239.8539,1093900
2020-12-28,240.9605,241.0314,238.3665,238.3754,2633800
2020-12-29,239.0216,239.4466,234.6746,235.6662,2572100
2020-12-30,235.5954,236.649,234.5419,234.8429,2511400
2020-12-31,235.1174,235.4538,233.3555,235.1616,2607900
2021-01-04,235.5069,235.8876,231.1245,233.6566,5002000
2021-01-05,232.5411,235.9673,232.1869,235.5423,3822600
2021-01-06,233.7805,238.8358,231.8416,236.888,3949200
2021-01-07,236.3391,237.9592,235.6485,235.7282,3833200
2021-01-08,236.6933,239.6857,236.3834,238.2337,3757700
2021-01-11,236.7995,242.0229,236.6136,240.1283,3764400
2021-01-12,240.022,246.0689,239.6148,244.6435,4030900
2021-01-13,246.3965,248.3177,242.5276,242.625,3921400
2021-01-14,243.0233,243.3775,236.9765,237.5697,4641400
2021-01-15,237.8266,244.6967,237.2688,243.9884,5131700
2021-01-19,246.122,246.122,241.7131,241.8636,3615800
2021-01-20,241.9167,245.4226,240.3674,242.8463,3498400
2021-01-21,244.5461,248.5124,244.0592,247.0516,4397900
2021-01-22,247.2376,252.3902,246.007,251.434,4501900
2021-01-25,251.3012,253.001,249.1499,252.3902,4025900
2021-01-26,252.6911,252.8948,249.3977,250.1945,2472200
2021-01-27,247.8838,248.6098,241.7662,242.625,4337000
2021-01-28,244.5019,250.5133,243.4041,246.1663,3463000
2021-01-29,244.1832,245.2898,239.066,239.7654,4079500
2021-02-01,240.1283,241.3855,236.6047,239.1013,3707800
2021-02-02,239.0393,244.0769,239.0305,240.9517,4111800
2021-02-03,240.7127,244.1035,239.668,242.7312,2802700
2021-02-04,242.8021,247.3969,242.8021,246.848,2976000
2021-02-05,248.1495,249.4509,245.9539,246.8835,2389900
2021-02-08,247.6183,248.2646,245.1394,247.9193,3475600
2021-02-09,247.5917,248.0698,244.9003,245.0331,2507800
2021-02-10,246.1486,246.9454,244.5727,246.7329,2410600
2021-02-11,246.06,248.114,244.3602,245.2898,2595300
2021-02-12,245.3429,246.7506,244.8649,245.6882,2392200
2021-02-16,245.2456,246.6798,243.3598,243.8113,2873500
2021-02-17,243.9441,249.4774,243.8201,248.7072,3536400
2021-02-18,248.601,252.0361,247.7422,250.593,3532000
2021-02-19,250.4336,251.3543,247.3969,247.574,4079900
2021-02-22,246.3079,246.5558,242.2531,244.2185,3995500
2021-02-23,238.4905,238.7472,228.0435,236.5958,12111000
2021-02-24,233.0457,236.3745,224.9006,230.1595,14512700
2021-02-25,229.9648,230.9829,225.5027,225.9808,6545400
2021-02-26,228.2118,230.3985,226.7421,228.7164,7871200
2021-03-01,229.1326,232.3817,228.8315,231.6203,4528900
2021-03-02,231.6734,232.9395,229.9825,230.4428,3740300
2021-03-03,229.5487,230.6288,226.6536,227.8488,4257500
2021-03-04,226.6447,227.4061,218.7653,222.1561,7154900
2021-03-05,223.3336,225.0512,218.3138,224.4492,6351800
2021-03-08,225.0777,233.0457,223.5638,229.3273,5037400
2021-03-09,232.603,236.888,231.7708,234.5773,6625300
2021-03-10,236.9025,239.4237,235.2633,237.1876,3798400
2021-03-11,239.2901,241.2322,238.0429,239.5128,4371300
2021-03-12,238.2656,243.9316,237.6509,243.2991,4190500
2021-03-15,244.5462,249.1342,244.4037,248.1454,4355200
2021-03-16,248.1454,251.6911,247.3525,251.2991,4458900
2021-03-17,250.4617,252.9027,248.778,249.4729,5908400
2021-03-18,248.5819,254.3192,247.4505,252.2613,4808100
2021-03-19,252.6889,257.5531,251.6109,257.5531,13729200
2021-03-22,255.2368,258.6489,253.1878,257.4106,5564700
2021-03-23,258.0074,261.4106,257.4105,258.3371,4801200
2021-03-24,257.6957,264.3951,257.4551,260.8048,4842000
2021-03-25,261.0542,265.375,260.5464,264.7514,5373500
2021-03-26,264.8939,270.8272,263.7269,270.6579,5865900
2021-03-29,270.2036,272.2081,267.2013,269.2236,4642900
2021-03-30,268.7336,272.3239,267.2993,271.5577,5045400
2021-03-31,272.1635,274.4085,270.9519,271.9407,4744100
2021-04-01,273.3929,274.8806,270.7292,274.1679,3923900
2021-04-05,276.0299,281.3841,275.9408,280.9832,4697200
2021-04-06,279.3886,281.4643,278.961,279.54,3988600
2021-04-07,278.7025,280.7516,277.001,278.3729,3799300
2021-04-08,278.5778,280.8495,276.698,280.119,4035600
2021-04-09,280.9565,284.4754,280.4041,284.3953,4607800
2021-04-12,283.0501,286.2483,282.6848,285.7851,3556800
2021-04-13,285.5534,285.883,282.4086,285.4376,3635100
2021-04-14,284.8229,287.4866,284.4487,285.0991,3440600
2021-04-15,285.2684,288.1103,285.1259,287.5223,3508200
2021-04-16,289.3931,292.8052,288.5913,292.2796,6213100
2021-04-19,290.863,292.9477,289.9276,291.1838,4494300
2021-04-20,290.4265,291.9321,287.0056,288.6091,4462900
2021-04-21,289.5,292.1281,288.5468,290.382,3740100
2021-04-22,290.6048,290.8097,284.0479,286.382,4875000
2021-04-23,287.0323,290.0078,284.7071,288.5468,3405700
2021-04-26,288.3597,288.6448,284.4755,285.0724,2848500
2021-04-27,285.5266,287.2817,285.4197,285.6068,3335800
2021-04-28,286.8184,287.7182,284.4576,284.8228,2713400
2021-04-29,286.6046,290.2394,286.0434,289.8385,3261900
2021-04-30,289.5802,290.275,286.5155,288.3508,3118700
2021-05-03,290.6759,295.4332,290.1414,294.2305,3683700
2021-05-04,293.206,296.8676,292.9922,296.4577,3954400
2021-05-05,297.7763,297.7763,295.0235,295.8163,3227200
2021-05-06,297.2596,300.9478,296.8676,300.7429,3539600
2021-05-07,299.9411,302.7295,298.9166,302.2307,2998100
2021-05-10,303.2998,307.968,302.4891,303.8966,4840600
2021-05-11,300.7162,301.1171,292.3954,294.578,5500900
2021-05-12,290.8897,292.9209,281.7582,282.4086,5822000
2021-05-13,284.1903,291.6915,283.9142,289.9098,5159800
2021-05-14,290.6848,291.6024,286.7382,288.3151,3998000
2021-05-17,285.9722,287.6025,280.9031,285.0902,4388000
2021-05-18,285.0812,289.1436,280.4309,282.1859,7010300
2021-05-19,277.9542,280.4041,275.3439,280.1369,5242100
2021-05-20,280.5289,284.8229,280.5289,281.4286,3854700
2021-05-21,282.4086,284.4398,280.1369,281.3128,3920600
2021-05-24,282.266,283.9587,280.2615,280.4843,2930600
2021-05-25,281.099,282.4977,279.9587,282.1859,3523300
2021-05-26,283.1302,286.3107,282.1235,282.7026,2881600
2021-05-27,282.6758,285.4464,282.6758,283.9854,3734800
2021-05-28,285.4108,286.4265,284.0567,284.1102,3194000
2021-06-01,285.6692,286.2037,280.7783,281.7939,3549800
2021-06-02,282.5282,283.8716,279.7789,280.5132,3380100
2021-06-03,278.5162,280.2446,277.3431,278.9013,2652500
2021-06-04,279.5102,280.7103,277.0385,278.5251,2638700
2021-06-07,278.6237,279.7073,275.7221,277.5849,3974800
2021-06-08,278.758,279.6714,276.7072,278.4266,2913500
2021-06-09,278.9192,280.2894,274.8444,275.2384,3603700
2021-06-10,275.5161,277.3072,274.1638,276.1072,3286300
2021-06-11,276.9669,278.7312,276.143,278.3102,2785100
2021-06-14,276.6624,277.6744,274.2354,277.0117,3393500
2021-06-15,276.5012,276.6803,271.7906,274.4415,5270600
2021-06-16,274.6564,275.2475,269.713,271.1548,4492500
2021-06-17,271.3966,273.331,268.6921,271.4593,4481100
2021-06-18,267.9934,272.095,267.2322,271.0025,8792700
2021-06-21,273.3668,276.4743,273.0265,275.4713,3774200
2021-06-22,276.8415,282.0178,276.0982,280.0476,4418400
2021-06-23,279.4296,280.8983,278.1848,279.1162,2564500
2021-06-24,280.4148,281.9551,279.1163,279.2685,2649200
2021-06-25,279.6267,282.5104,279.0088,280.8716,11733500
2021-06-28,280.8984,282.3402,278.8476,281.4536,2635400
2021-06-29,282.8059,286.8448,282.5999,285.0,3150100
2021-06-30,284.7313,286.8358,284.5074,285.5821,3061500
2021-07-01,286.4955,288.0896,285.2328,287.9553,2578000
2021-07-02,288.8418,289.3702,287.7851,288.9941,2201600
2021-07-06,289.1105,290.0061,283.7104,285.9135,3109500
2021-07-07,285.2238,290.5344,285.0089,289.6926,2939900
2021-07-08,285.7433,286.8717,281.9193,285.2687,3663000
2021-07-09,287.0597,289.5404,286.7373,288.4478,2587400
2021-07-12,287.5344,290.1584,287.0508,288.1344,2521800
2021-07-13,288.7613,289.5225,283.7373,283.9343,3213800
2021-07-14,285.4567,286.6299,284.794,285.8776,3381600
2021-07-15,284.2298,289.2269,284.2119,289.0031,2603900
2021-07-16,290.1583,292.2002,287.8299,287.9553,3623700
2021-07-19,284.7761,285.6806,282.0178,285.5642,3752600
2021-07-20,285.2328,292.0659,285.0268,291.3673,4251700
2021-07-21,293.3823,294.1614,291.027,292.2718,2832600
2021-07-22,293.6868,293.7137,291.3494,292.5405,2208100
2021-07-23,295.057,298.6213,293.6868,298.075,2786400
2021-07-26,295.5943,296.9287,292.7375,296.5884,2752000
2021-07-27,297.1347,297.2153,292.0032,293.0779,2910300
2021-07-28,292.3256,294.9316,290.7942,291.5196,2376200
2021-07-29,292.3883,294.242,291.4479,293.2301,2172400
2021-07-30,292.7107,295.6302,292.254,293.9107,2381200
2021-08-02,295.5317,295.5317,292.3256,293.042,2016400
2021-08-03,294.054,298.2273,293.7674,297.269,2405900
2021-08-04,296.1495,297.2511,294.9853,295.8092,1783700
2021-08-05,297.2869,300.9049,296.5078,298.3168,2284000
2021-08-06,299.7318,300.6452,294.7435,295.3883,2656600
2021-08-09,294.8421,296.4899,293.1316,294.4212,1995300
2021-08-10,294.3406,298.4332,292.9793,296.8571,1868100
2021-08-11,298.9347,303.1886,298.5765,301.8005,3258600
2021-08-12,302.1139,302.8483,297.5735,299.1317,2554200
2021-08-13,298.9885,300.7258,296.4093,296.7138,2217000
2021-08-16,296.1675,300.5736,293.7137,300.0542,3496300
2021-08-17,287.4716,289.7911,283.5402,287.2477,9322800
2021-08-18,285.985,293.6151,285.6806,287.9642,4880600
2021-08-19,285.4925,291.2241,284.6059,289.1732,2974700
2021-08-20,288.9404,295.2451,288.7882,294.851,2929900
2021-08-23,295.5316,296.0063,293.1853,293.5077,2792700
2021-08-24,294.4211,294.4928,290.615,290.9643,2359500
2021-08-25,290.2926,292.4509,289.3612,290.0508,2586900
2021-08-26,289.4508,291.0449,287.4717,287.9016,2952300
2021-08-27,287.3643,290.2032,286.2627,289.6031,2985400
2021-08-30,291.8689,295.0839,291.242,292.9346,2926900
2021-08-31,292.845,293.9824,289.818,292.1107,4183100
2021-09-01,293.0378,293.2358,288.2852,291.3096,3339100
2021-09-02,292.5607,295.396,291.3636,295.0,3109000
2021-09-03,292.8307,297.8443,292.6777,297.3402,2774800
2021-09-07,297.9612,299.3384,294.2438,296.089,2555200
2021-09-08,296.0891,298.7714,294.901,298.4564,2219500
2021-09-09,299.2394,300.3916,297.8173,298.6273,3011900
2021-09-10,300.6345,301.7417,298.3393,298.7893,3178600
2021-09-13,301.4897,303.4699,299.5095,301.9398,3908700
2021-09-14,302.4618,303.776,299.2125,299.8425,2857200
2021-09-15,300.0585,301.2377,297.1242,300.0675,2875500
2021-09-16,301.2827,304.091,300.7877,302.7859,3043800
2021-09-17,301.4897,305.7202,301.4897,302.1378,7098400
2021-09-20,298.6814,301.8858,295.6211,298.1234,4036600
2021-09-21,299.7616,303.308,298.8345,300.8327,3171100
2021-09-22,302.2999,305.1352,300.1486,302.3719,2872800
2021-09-23,304.091,305.6032,302.0748,302.3538,2426600
2021-09-24,303.137,304.0911,302.0298,303.776,2004900
2021-09-27,303.2179,309.4016,303.2179,307.3044,2966100
2021-09-28,307.2684,307.2684,299.2485,300.4546,3304100
2021-09-29,300.0585,305.0271,300.0585,303.2719,2424000
2021-09-30,304.451,304.8741,294.9009,295.468,4255000
2021-10-01,295.369,299.4915,292.1557,296.9082,2814200
2021-10-04,295.6841,297.5833,291.7776,293.8568,2919900
2021-10-05,294.2438,299.0054,293.7308,296.5661,2514300
2021-10-06,295.378,297.6193,292.8937,297.3582,2226800
2021-10-07,300.1845,305.3331,299.6085,303.767,2789500
2021-10-08,299.7345,301.9038,297.8263,300.9407,2912200
2021-10-11,302.0748,306.8093,301.1747,303.308,2589100
2021-10-12,305.2612,306.9804,303.695,304.055,2960300
2021-10-13,303.623,306.2513,302.9299,304.4871,2477400
2021-10-14,306.5124,309.9688,306.1253,309.6807,2824300
2021-10-15,311.9219,315.8913,311.2108,315.4053,3473500
2021-10-18,314.1362,320.3919,314.1362,319.5458,3487500
2021-10-19,321.283,322.3181,319.0148,322.2281,2375600
2021-10-20,322.0031,323.6503,320.6259,322.4441,2574800
2021-10-21,322.4171,328.4028,322.3451,328.1957,2885400
2021-10-22,328.5378,330.365,325.9725,329.4289,2734700
2021-10-25,330.5181,334.5325,329.4289,334.1725,2923400
2021-10-26,336.0897,336.6837,332.2102,332.3183,2989500
2021-10-27,332.9213,337.6739,332.4173,335.1266,2840300
2021-10-28,335.7386,336.5847,333.8394,334.4515,2553500
2021-10-29,333.3353,337.6738,333.0653,334.6045,3820200
2021-11-01,335.7387,336.2517,328.2678,329.87,3380500
2021-11-02,329.6179,332.0392,328.4838,330.599,2367100
2021-11-03,330.005,332.4622,328.7628,332.1112,2378800
2021-11-04,333.7404,335.9457,332.5073,335.0005,3210000
2021-11-05,336.4677,337.0078,330.8511,331.5982,3090200
2021-11-08,333.2364,335.6577,331.1032,331.7692,2357200
2021-11-09,332.7413,336.5307,331.8772,333.6234,2183300
2021-11-10,331.4632,334.1275,330.9861,331.7602,2161400
2021-11-11,333.9384,334.8385,329.2849,330.9051,2387300
2021-11-12,332.2462,336.1887,330.068,335.4056,2793300
2021-11-15,336.9899,337.4219,332.3994,334.0105,3650600
2021-11-16,343.8396,354.9829,341.1393,353.1376,8648200
2021-11-17,353.5877,359.5284,351.7695,355.4059,4647000
2021-11-18,358.2412,365.9281,356.522,365.3071,4503700
2021-11-19,366.9092,369.1325,363.7408,367.8633,3542000
2021-11-22,368.8625,374.9472,367.8724,367.9534,4006400
2021-11-23,365.1451,368.7545,362.7508,367.5753,3557000
2021-11-24,363.3359,371.5178,362.6338,370.9417,2676300
2021-11-26,366.5762,372.7689,362.0667,362.4717,3007800
2021-11-29,366.2522,369.7716,365.4781,366.1802,3725500
2021-11-30,363.2728,367.6293,360.2664,360.5905,7773500
2021-12-01,363.4105,370.7948,361.7294,361.9102,3516200
2021-12-02,363.1665,371.2015,362.4344,368.5533,3705000
2021-12-03,370.4332,375.9284,365.5525,368.5894,5237500
2021-12-06,373.7502,380.1583,371.6714,375.7206,4624500
2021-12-07,376.8956,378.3056,373.2984,376.1544,4204500
2021-12-08,376.1544,379.4714,369.0142,371.6985,4079400
2021-12-09,371.2918,375.3139,369.0232,371.7799,3822900
2021-12-10,372.5482,375.6393,370.8038,375.4495,2625200
2021-12-13,375.4494,376.4436,365.6067,366.2665,3766400
2021-12-14,364.6487,366.6642,359.7952,363.519,4662800
2021-12-15,362.0908,368.6978,360.9792,368.5894,4421400
2021-12-16,369.1226,369.5474,359.8313,361.1057,4632800
2021-12-17,358.7919,359.7048,350.1604,350.6665,11097500
2021-12-20,347.3314,352.6459,344.2674,351.95,4294800
2021-12-21,353.9655,355.8907,346.3824,352.9171,3038200
2021-12-22,353.396,357.7073,351.4618,357.5898,3267800
2021-12-23,359.985,361.3859,356.6679,358.8823,2743900
2021-12-27,360.6628,365.5525,359.9126,365.2271,2228300
2021-12-28,366.0407,367.8754,364.2421,367.1524,2521400
2021-12-29,367.2969,372.7108,367.2336,371.328,2209300
2021-12-30,372.2409,373.6779,369.1227,370.5146,1804400
2021-12-31,370.5598,376.4708,370.4694,375.097,2386100
2022-01-03,376.5069,377.6548,364.477,369.3396,3715700
2022-01-04,369.3396,373.8316,368.9328,373.1356,3266500
2022-01-05,374.1841,374.3829,367.6855,368.0742,4443200
2022-01-06,369.2672,369.7282,364.26,366.7365,3315100
2022-01-07,364.5673,365.2271,355.0953,355.755,4520700
2022-01-10,350.1423,350.3141,344.2765,350.1966,6440000
2022-01-11,350.7478,354.1552,347.3585,349.4825,4385400
2022-01-12,350.9467,355.6105,349.2204,351.95,3623300
2022-01-13,354.7609,356.3878,348.7504,349.7628,3466300
2022-01-14,344.6561,345.2707,335.7715,336.2234,6336200
2022-01-18,330.8907,332.6893,325.4045,331.4511,6435200
2022-01-19,331.8669,333.2407,324.8442,325.0973,5175100
2022-01-20,326.5796,327.0496,315.4535,315.9596,5440600
2022-01-21,317.8938,325.4588,313.7904,315.5258,7718400
2022-01-24,310.7174,329.3362,310.5637,328.821,8584300
2022-01-25,323.6964,326.7513,318.3186,324.4556,5536700
2022-01-26,325.3775,330.71,320.3613,322.9191,6103300
2022-01-27,325.766,329.1011,319.8731,322.1507,3941000
2022-01-28,325.5311,331.4512,318.9061,331.2885,4551300
2022-01-31,329.7248,332.0748,327.3749,331.6862,4084600
2022-02-01,333.9367,335.0393,327.5195,333.2407,3406800
2022-02-02,332.9516,338.6366,332.3912,337.787,3839300
2022-02-03,334.5874,336.3318,328.2697,329.7248,4009700
2022-02-04,328.5408,329.5983,320.1804,325.0792,3728100
2022-02-07,325.6126,327.0044,321.2561,322.9824,2809300
2022-02-08,322.9823,328.0709,320.6776,326.679,3225100
2022-02-09,330.1768,332.12,328.0889,329.3272,2777500
2022-02-10,324.329,328.0889,318.9332,320.9397,4291800
2022-02-11,320.5782,322.9733,315.0377,316.6013,3308700
2022-02-14,314.5315,318.9693,313.474,317.7491,3654300
2022-02-15,321.3645,323.0456,317.5865,319.2857,3552500
2022-02-16,317.695,318.9242,312.4709,316.4206,3594900
2022-02-17,315.4264,318.4271,313.9803,314.4774,3927000
2022-02-18,314.8841,316.8815,311.0066,313.5102,5526100
2022-02-22,302.8632,304.3093,282.3102,285.7628,19752800
2022-02-23,288.6098,289.586,277.5651,278.7852,11026000
2022-02-24,271.1479,283.2953,270.5061,283.1145,8416700
2022-02-25,283.0603,286.9106,277.9898,286.1966,6510600
2022-02-28,282.8705,285.6814,280.62,285.4554,5735100
2022-03-01,284.3347,291.4207,283.5846,289.4504,5640900
2022-03-02,290.1825,299.3382,288.9352,295.8856,5645600
2022-03-03,297.5306,298.8773,291.7822,293.1651,3858400
2022-03-04,291.2219,295.2439,288.7816,293.0748,3630900
2022-03-07,293.0747,297.9011,289.3238,291.728,4670000
2022-03-08,288.9984,296.8979,285.5639,286.2779,5092500
2022-03-09,290.9698,293.2067,288.1693,288.4239,4443600
2022-03-10,285.8415,289.3877,280.7404,289.0967,3895200
2022-03-11,290.3151,292.5974,287.5418,288.051,2973300
2022-03-14,293.6159,294.607,287.5237,289.4786,3604200
2022-03-15,291.2881,300.2263,291.2699,298.7351,3775300
2022-03-16,301.4993,303.6543,294.8161,300.8901,3942400
2022-03-17,299.2807,305.8456,298.0986,305.8456,3123200
2022-03-18,303.3634,309.8283,302.1631,309.8283,9409600
2022-03-21,307.3733,309.7828,297.4075,299.4898,4521200
2022-03-22,299.4443,301.2447,294.6161,299.8171,4852800
2022-03-23,297.2438,298.4168,287.1963,288.2874,5207700
2022-03-24,288.3784,290.4243,285.7869,287.1327,4599900
2022-03-25,289.5877,289.8787,280.3312,282.4953,5176500
2022-03-28,282.7863,285.8324,281.1769,285.7688,3936600
2022-03-29,288.1601,291.879,284.532,288.8875,5306100
2022-03-30,284.7049,286.6416,278.3308,280.4767,7223800
2022-03-31,278.4309,280.0221,271.775,272.175,11044600
2022-04-01,273.2388,275.8484,271.7839,274.5027,5554600
2022-04-04,274.139,278.6764,272.3932,277.858,4659500
2022-04-05,278.4763,281.0587,274.7937,277.2033,4376100
2022-04-06,271.0474,273.3843,268.2287,271.4566,6499900
2022-04-07,269.8655,276.9578,266.9557,275.2848,5241000
2022-04-08,274.1118,283.9593,273.9481,282.8863,5741900
2022-04-11,279.8857,285.6687,278.1763,278.8946,4100600
2022-04-12,281.3678,284.8685,277.4215,278.5035,4122600
2022-04-13,278.3399,283.4229,277.9853,282.259,3185300
2022-04-14,282.6317,283.9229,276.7214,276.8941,4569200
2022-04-18,275.5121,278.5036,271.6203,272.9752,3192400
2022-04-19,273.3389,280.1767,272.6114,279.8766,3389700
2022-04-20,282.7863,287.4237,281.6497,286.5508,4720800
2022-04-21,288.242,289.515,281.6406,282.2043,3014200
2022-04-22,281.7134,281.7134,272.5842,272.8842,4043200
2022-04-25,272.7842,277.4761,269.3926,277.2761,4396900
2022-04-26,274.8301,279.6584,272.5296,272.7478,3415200
2022-04-27,273.9662,278.6218,271.984,274.239,3446200
2022-04-28,277.1033,286.0052,275.5212,283.4774,4149500
2022-04-29,280.1948,283.441,272.5205,273.1479,4878200
2022-05-02,274.5937,280.7768,272.7024,279.1219,4233900
2022-05-03,277.958,280.9677,275.5302,277.2942,3336600
2022-05-04,276.4941,287.1054,275.4484,286.7053,4021300
2022-05-05,282.7862,283.1136,267.0648,271.9749,4959600
2022-05-06,269.4198,269.829,263.1549,267.6104,4325300
2022-05-09,263.946,273.4571,262.3275,270.0836,5243600
2022-05-10,271.384,273.7572,261.5637,264.7462,4392900
2022-05-11,265.0099,266.7193,256.9355,257.2901,3880500
2022-05-12,256.0262,266.5829,255.1714,263.4095,4447700
2022-05-13,263.646,272.2569,262.282,269.1744,3949100
2022-05-16,267.4013,272.3932,263.5005,269.138,4267900
2022-05-17,278.6946,282.7318,264.5098,273.6481,12425900
2022-05-18,266.4192,268.6379,255.6715,259.3087,7799500
2022-05-19,259.5997,265.9646,259.1087,261.6547,5211500
2022-05-20,263.5278,264.1461,254.2258,261.1364,5621800
2022-05-23,262.864,264.0006,254.8896,260.0816,4305600
2022-05-24,258.2357,263.0731,255.1896,261.8001,4241900
2022-05-25,259.8815,268.6834,259.7451,266.9376,4612900
2022-05-26,270.3474,277.9035,270.0564,275.3393,4170800
2022-05-27,276.0031,280.5131,274.2391,280.4767,3899300
2022-05-31,278.7855,279.9403,273.5389,275.2848,5966600
2022-06-01,276.0991,277.2338,271.7894,271.9358,3080800
2022-06-02,273.4181,280.0246,270.7463,279.8782,4086400
2022-06-03,277.554,282.248,276.2455,279.1552,2956600
2022-06-06,279.5945,281.4703,277.4808,278.0664,2562000
2022-06-07,269.9867,276.6847,267.7358,276.1265,3547800
2022-06-08,274.3056,275.0376,270.554,272.2468,3003100
2022-06-09,272.4573,280.8024,272.0822,274.3789,4168400
2022-06-10,266.7293,271.3044,264.1123,264.6613,4623900
2022-06-13,260.196,262.447,257.3778,259.098,4704600
2022-06-14,259.1437,262.0444,253.0863,254.9896,3987000
2022-06-15,257.1216,259.4915,252.0615,255.9595,4050400
2022-06-16,251.5582,252.6471,246.8093,250.2223,6181000
2022-06-17,247.9713,253.1137,247.4131,247.7242,10775600
2022-06-21,250.4327,250.6432,244.6955,246.3243,5498400
2022-06-22,243.753,248.6758,242.0328,246.1229,4678400
2022-06-23,247.0563,252.1713,246.9556,252.0157,3747500
2022-06-24,253.8915,259.3725,250.6432,258.9516,10310700
2022-06-27,260.2876,260.7817,257.5699,258.668,2538600
2022-06-28,259.6653,261.3306,246.8916,247.1935,4052100
2022-06-29,248.502,252.6928,245.9674,250.5974,2460500
2022-06-30,247.7242,253.498,245.2628,250.9634,4058000
2022-07-01,252.2994,256.8928,251.2196,255.3647,2818300
2022-07-05,252.0889,259.6196,251.6589,259.6196,3241300
2022-07-06,260.7725,261.6235,256.6823,259.4823,2206100
2022-07-07,258.8052,262.5842,257.5333,262.328,3133900
2022-07-08,261.6875,263.5176,259.7843,262.1267,1891000
2022-07-11,260.9463,264.9816,260.9097,262.0535,2453200
2022-07-12,264.4142,268.6874,259.3267,260.8914,2696100
2022-07-13,257.698,265.1646,255.9869,262.7764,2941600
2022-07-14,257.8993,265.6221,257.7163,264.881,2822200
2022-07-15,269.758,270.3436,266.226,267.562,2647200
2022-07-18,271.9907,273.1253,267.1868,268.1476,2664000
2022-07-19,270.3344,274.5161,268.3854,274.3513,2614900
2022-07-20,275.3579,277.8834,272.9331,276.6115,2533400
2022-07-21,277.1148,279.3108,273.473,279.0821,1965000
2022-07-22,281.5161,284.2703,278.4965,280.537,2391500
2022-07-25,280.7291,281.3055,278.0114,280.1343,1910500
2022-07-26,271.7619,275.0926,270.7645,272.8416,2690200
2022-07-27,272.8691,274.7906,266.9946,273.5096,3233700
2022-07-28,269.9319,275.6416,268.2574,274.1684,3992100
2022-07-29,274.507,275.8246,272.1554,275.3671,3236000
2022-08-01,275.0926,282.2389,274.5161,279.8324,3303900
2022-08-02,279.448,279.6402,274.5161,275.1566,3091000
2022-08-03,277.5723,281.8912,274.818,280.3356,3329400
2022-08-04,278.6612,283.6297,278.5697,281.0677,2718400
2022-08-05,279.4298,283.4559,278.6246,283.3735,2029100
2022-08-08,285.3591,288.9643,284.0598,285.4598,2505100
2022-08-09,282.6415,283.6206,277.5357,279.2742,2607000
2022-08-10,283.1997,286.384,282.7879,285.1029,3863400
2022-08-11,287.1709,287.8846,283.2729,284.2885,2444100
2022-08-12,286.0454,288.1683,283.8219,288.1317,2273800
2022-08-15,285.5239,288.9278,283.7945,287.8755,3917300
2022-08-16,286.384,304.6844,286.2925,299.5603,10089800
2022-08-17,300.2099,301.5001,296.5316,298.0779,3162600
2022-08-18,297.346,300.0727,294.8388,297.5747,2899600
2022-08-19,297.3551,298.5904,292.597,294.0153,3489100
2022-08-22,291.0597,292.5695,285.2219,285.6794,3144200
2022-08-23,284.7644,285.0481,279.6677,280.8206,3317500
2022-08-24,279.1278,283.6389,277.7553,281.9278,2495600
2022-08-25,282.4128,283.6206,279.8416,283.4559,2529700
2022-08-26,283.9317,285.0389,272.6952,272.7684,3315500
2022-08-29,271.3685,274.2416,269.2822,271.1397,2711800
2022-08-30,273.1893,274.4155,266.8849,268.1933,2892400
2022-08-31,268.9394,269.363,265.504,265.633,4376200
2022-09-01,265.6145,270.3852,264.0672,270.1918,3742500
2022-09-02,272.7154,273.3509,267.1986,268.838,2753600
2022-09-06,270.0537,271.2326,264.5646,266.6645,4110000
2022-09-07,267.4934,274.1798,267.3645,273.968,3016000
2022-09-08,272.614,276.473,271.2694,276.2059,2703200
2022-09-09,275.8191,278.5913,274.76,276.0862,2769200
2022-09-12,277.0349,278.9045,272.9365,274.0324,3632900
2022-09-13,268.9393,270.8457,255.4099,255.9717,4797200
2022-09-14,257.3255,257.4545,251.5878,254.5073,4194400
2022-09-15,255.9349,256.0454,249.1656,250.0866,3896100
2022-09-16,247.7932,254.7099,247.6551,254.1665,9535100
2022-09-19,251.9654,259.011,251.901,258.265,3047200
2022-09-20,255.0047,256.7545,249.93,252.5088,2940700
2022-09-21,254.1942,257.9979,250.059,250.1142,3173500
2022-09-22,249.7919,249.7919,246.6881,247.8762,3515800
2022-09-23,246.725,249.8656,245.279,249.534,3527900
2022-09-26,249.9853,251.947,244.6251,245.5184,4181800
2022-09-27,248.0788,252.0667,245.8869,247.4617,3701000
2022-09-28,253.4758,261.1017,251.1641,259.8952,5816600
2022-09-29,256.5059,256.7362,253.0246,256.3401,4518600
2022-09-30,255.8704,259.5268,253.0522,254.1389,4789100
2022-10-03,258.7992,263.4595,257.4638,261.2859,3580000
2022-10-04,264.7856,268.2946,263.9199,266.6829,3641300
2022-10-05,263.6344,269.0314,262.8239,266.95,2728000
2022-10-06,266.6829,269.8235,265.0344,267.4474,2641500
2022-10-07,264.8133,265.8264,260.107,261.8569,2406000
2022-10-10,261.1569,262.3542,258.0808,260.1438,2115400
2022-10-11,258.8913,263.5884,258.7071,260.5399,2771900
2022-10-12,261.949,262.1516,258.3295,258.3571,2258200
2022-10-13,252.9601,262.3266,247.4986,260.4846,3881600
2022-10-14,263.9936,263.9936,254.1482,254.5902,2783100
2022-10-17,257.5098,261.4424,257.2703,259.0386,3426700
2022-10-18,265.2001,266.9591,260.853,262.5384,3166500
2022-10-19,260.1531,260.4294,251.4497,253.7245,4323000
2022-10-20,253.218,256.0362,246.7065,248.1709,3959500
2022-10-21,247.1394,253.9271,246.8262,253.7613,3429100
2022-10-24,255.0876,261.995,255.0876,260.8806,2937100
2022-10-25,262.9529,269.0499,262.9529,267.3276,2791600
2022-10-26,267.6407,268.8104,263.5607,267.2263,2615000
2022-10-27,268.792,271.0208,266.5816,268.0644,3041500
2022-10-28,267.0881,275.5244,267.0881,275.0547,3243100
2022-10-31,271.1497,275.6349,269.4366,272.7338,4210900
2022-11-01,276.6388,278.3334,270.1735,272.6693,3309100
2022-11-02,271.8773,276.4547,265.7251,265.9185,4426400
2022-11-03,261.1661,263.3581,258.3479,259.2596,4823900
2022-11-04,263.3028,266.0197,255.5756,261.5897,4401600
2022-11-07,263.8647,268.6538,260.4938,267.3368,3260200
2022-11-08,269.3262,270.1643,264.9054,268.1381,3371800
2022-11-09,266.1671,269.3906,263.6436,264.0949,3071400
2022-11-10,274.2166,289.8735,273.6087,287.0737,7794000
2022-11-11,287.3499,292.5812,285.729,290.0576,4945400
2022-11-14,289.5235,291.0156,282.1372,282.6714,6394800
2022-11-15,280.0373,291.6142,279.2913,287.2855,9290400
2022-11-16,281.6951,291.4116,280.4517,290.0301,5249500
2022-11-17,287.35,288.8972,281.9622,286.8342,3642100
2022-11-18,289.3209,291.034,285.7475,288.4368,3559300
2022-11-21,291.9181,293.6496,289.3762,291.7523,4069000
2022-11-22,294.7179,300.9991,294.1469,299.2123,6054700
2022-11-23,300.9439,301.9201,295.1232,296.1086,4243400
2022-11-25,297.3796,303.0805,296.4678,300.5938,3393500
2022-11-28,299.3782,302.8227,292.7378,293.7233,4733700
2022-11-29,291.0339,294.7179,290.684,290.9971,3505600
2022-11-30,289.9501,300.3832,288.6251,300.1979,15106500
2022-12-01,302.3475,305.4608,300.6149,303.0517,3830100
2022-12-02,297.5015,304.3581,296.8066,303.9041,3644100
2022-12-05,301.2727,301.6155,296.0747,296.575,5057300
2022-12-06,296.1673,298.0297,291.4418,294.1381,3341500
2022-12-07,292.7576,299.1694,291.3492,296.6399,4038200
2022-12-08,295.1573,300.6889,295.1573,300.2905,3483600
2022-12-09,297.8722,300.6148,296.436,296.9456,3738800
2022-12-12,299.2806,304.2284,297.6961,303.8949,4900200
2022-12-13,319.0627,321.7498,305.7294,308.4443,5787700
2022-12-14,306.2576,314.1612,304.8492,308.9446,4546000
2022-12-15,305.2477,305.7851,299.6234,303.5428,5056900
2022-12-16,299.679,303.8578,295.7967,299.5956,9615000
2022-12-19,296.0376,298.2706,292.8131,294.0269,3000600
2022-12-20,290.3114,293.6193,288.0043,291.7198,2632200
2022-12-21,294.694,296.121,291.6271,295.9078,2610400
2022-12-22,293.1653,293.1653,287.9117,292.9058,3064400
2022-12-23,291.0805,295.667,290.0705,295.3242,2064900
2022-12-27,295.0277,297.9371,294.1938,296.084,1610200
2022-12-28,297.0105,297.8259,292.3314,292.5445,1568200
2022-12-29,295.2501,298.1966,294.2679,296.8809,1559100
2022-12-30,294.1753,294.8053,290.0335,292.6649,2581600
2023-01-03,294.1103,295.7781,288.8845,292.7112,2822400
2023-01-04,297.4923,298.8266,293.1467,296.2507,3560900
2023-01-05,294.4902,294.7218,290.228,292.3035,2935100
2023-01-06,293.0634,295.4354,286.3087,294.2123,4022500
2023-01-09,296.5009,298.8636,293.7768,294.4717,3466300
2023-01-10,293.0726,297.1773,290.9044,297.0846,2111300
2023-01-11,298.8636,304.8771,298.4652,304.84,2864800
2023-01-12,307.8143,307.8143,302.7182,305.6461,2481800
2023-01-13,302.5144,307.9811,302.0604,306.8878,2798600
2023-01-17,306.0723,310.5476,303.0795,303.4779,3988900
2023-01-18,305.7665,309.9546,299.2157,299.9199,2952200
2023-01-19,296.816,297.7425,287.819,288.0507,5359300
2023-01-20,287.2445,292.0904,284.8169,291.868,3725100
2023-01-23,290.5153,294.2123,288.2452,292.3128,3237900
2023-01-24,291.9793,294.7404,289.6721,294.3605,2127900
2023-01-25,292.1738,294.7589,288.6714,293.9621,2060400
2023-01-26,291.0805,295.8153,289.5795,290.7655,3555300
2023-01-27,289.1069,294.8701,288.4676,293.434,2761200
2023-01-30,292.637,294.7774,290.6542,291.1638,2643100
2023-01-31,292.7854,300.5315,291.9608,300.3647,3526800
2023-02-01,298.7154,306.2762,294.3142,303.9968,3076500
2023-02-02,308.9633,316.3943,308.2591,314.8377,4776600
2023-02-03,308.1108,310.1307,306.0723,307.1564,3389700
2023-02-06,304.8307,306.7024,303.4131,305.0901,2229700
2023-02-07,300.2072,302.9869,297.168,301.3191,3865500
2023-02-08,299.225,300.1979,296.1025,297.2329,2777200
2023-02-09,299.3732,300.1052,291.7105,292.3777,3063300
2023-02-10,290.8025,293.9065,289.7833,293.295,2768800
2023-02-13,294.0363,299.92,292.4333,299.7717,2432500
2023-02-14,297.0661,299.2435,292.4889,295.0462,3380800
2023-02-15,292.6834,297.9185,292.6,297.1402,2585500
2023-02-16,291.8681,299.9662,291.8032,297.6498,3169200
2023-02-17,295.2778,297.0569,289.9686,294.6015,4985500
2023-02-21,283.112,285.3913,273.3645,273.8,10891800
2023-02-22,275.6995,278.3402,273.4202,274.5413,5922100
2023-02-23,274.9953,277.8584,272.9847,277.3303,4354500
2023-02-24,270.9277,276.4222,270.5571,274.8748,3713300
2023-02-27,277.3766,278.4236,273.3738,274.2726,3238300
2023-02-28,273.3368,276.7651,272.6974,274.7637,3949500
2023-03-01,270.483,272.1508,267.4624,269.4359,5905100
2023-03-02,267.277,272.5121,266.1744,271.5022,4103700
2023-03-03,273.0032,276.6816,272.1878,276.5334,4036700
2023-03-06,276.1164,278.0715,275.1713,276.311,3763200
2023-03-07,277.0986,277.0986,269.0931,269.3525,4512400
2023-03-08,270.1271,272.9456,269.0351,272.0403,4680300
2023-03-09,273.4963,274.7282,268.5499,268.7833,3248000
2023-03-10,269.3058,273.5989,265.1434,267.206,4730900
2023-03-13,265.0408,272.8337,263.7436,267.402,3892100
2023-03-14,269.9964,270.4631,262.6142,266.5153,5116000
2023-03-15,265.0035,269.8658,263.8089,268.7552,4835500
2023-03-16,267.8499,268.8112,265.9834,267.598,4400200
2023-03-17,268.6152,272.4697,267.1593,269.1472,8342000
2023-03-20,268.2513,270.4911,267.486,269.9592,3677800
2023-03-21,271.9843,273.3469,268.4099,270.1178,4788200
2023-03-22,270.7338,271.779,263.6036,263.7529,3723400
2023-03-23,266.2261,267.0193,261.5223,264.9661,6005800
2023-03-24,263.7062,265.9181,262.0917,264.1355,3851000
2023-03-27,264.8169,265.9275,262.1664,262.5023,4269700
2023-03-28,262.0636,264.3875,261.2516,262.0823,3633300
2023-03-29,262.4836,265.0408,262.4836,264.4528,3607500
2023-03-30,266.3194,267.01,264.9102,266.3194,3432800
2023-03-31,267.8406,275.8294,267.6259,275.4281,5800600
2023-04-03,275.1948,278.088,275.0735,277.864,4007600
2023-04-04,277.6493,279.7959,274.7562,275.2788,2965700
2023-04-05,275.3161,275.9787,269.2312,269.4085,4002400
2023-04-06,268.0832,270.4538,265.2741,269.3525,3193400
2023-04-10,267.038,273.1136,266.5993,271.7417,2799900
2023-04-11,273.1603,275.4095,272.2923,274.1682,2497000
2023-04-12,276.4361,278.5266,270.2578,271.0604,3341400
2023-04-13,271.4804,272.955,267.262,272.6563,3505800
2023-04-14,272.6563,276.4361,271.9377,272.6937,2653200
2023-04-17,272.2363,275.7828,272.0963,275.6894,2621900
2023-04-18,276.5481,279.2733,276.1748,279.0026,2847800
2023-04-19,276.6694,278.3866,275.3628,277.0987,2889300
2023-04-20,276.2214,281.2051,275.7828,278.6479,3371800
2023-04-21,281.4944,282.969,279.3759,280.0199,3506700
2023-04-24,279.9825,281.7557,279.2546,281.5131,2515400
2023-04-25,281.3824,282.493,276.3707,276.5574,4529500
2023-04-26,275.7175,276.2214,267.9246,268.8486,4037400
2023-04-27,268.7832,275.0455,268.5965,274.3175,3133600
2023-04-28,274.1682,280.7478,273.8043,280.4865,4063400
2023-05-01,279.0306,279.5719,277.528,277.836,2970000
2023-05-02,278.5266,278.7413,271.6297,274.6442,3413200
2023-05-03,274.9055,278.8253,272.9829,273.5242,2743400
2023-05-04,273.1883,274.9335,266.2914,266.6834,4422500
2023-05-05,268.0086,271.4617,267.01,270.2951,3806600
2023-05-08,269.7165,270.5005,265.4608,268.7179,3736500
2023-05-09,267.0753,271.639,266.6927,271.191,2570000
2023-05-10,272.2457,273.9816,266.842,269.7445,3571000
2023-05-11,269.4739,270.1365,266.0021,268.4939,3859700
2023-05-12,268.7832,271.555,268.2699,271.0884,3438300
2023-05-15,270.5751,271.5084,267.7939,269.2872,5353600
2023-05-16,262.9503,267.0007,258.6012,263.4916,12362100
2023-05-17,263.3236,274.4295,262.4463,272.8803,7956900
2023-05-18,273.1229,276.184,272.143,275.4654,4547000
2023-05-19,276.0255,276.0255,270.6031,271.4711,4470600
2023-05-22,271.3311,273.4403,268.8579,271.2658,3736200
2023-05-23,269.9779,277.9014,269.9779,275.2602,5352200
2023-05-24,277.528,277.668,270.8178,271.6764,4978200
2023-05-25,272.3204,272.3204,266.9727,267.6166,5355900
2023-05-26,267.85,273.7296,266.6274,273.291,4626100
2023-05-30,273.7109,274.8029,269.6699,272.8896,5193300
2023-05-31,272.2128,272.5982,265.0407,266.4413,18288800
2023-06-01,267.0053,271.8651,263.1795,271.0849,4305100
2023-06-02,273.2092,278.4356,272.335,278.1818,4515600
2023-06-05,277.881,277.975,273.886,275.5122,3028800
2023-06-06,274.3091,279.103,274.1492,278.2382,2855400
2023-06-07,279.4696,284.0662,279.2816,283.5962,4842700
2023-06-08,284.0286,287.1212,282.7408,283.0228,3757300
2023-06-09,282.9194,283.3424,278.3322,279.5072,3485800
2023-06-12,280.4942,284.4516,279.7892,282.8066,4456600
2023-06-13,284.2542,285.8709,280.748,282.0734,4043400
2023-06-14,282.9287,284.3951,277.8904,281.7255,4176000
2023-06-15,282.7878,285.2223,281.6034,283.8969,4109700
2023-06-16,286.0777,287.6193,282.1298,282.3553,10809300
2023-06-20,281.782,284.5832,280.3344,283.3236,3371100
2023-06-21,284.696,285.354,282.1674,282.6562,2713300
2023-06-22,283.4082,284.6583,281.6222,283.1074,3052000
2023-06-23,282.299,284.179,281.1522,282.7596,8525900
2023-06-26,284.508,290.6555,283.8594,289.4148,4440100
2023-06-27,289.6591,296.5305,289.4147,294.9137,5342500
2023-06-28,293.2781,294.1617,287.6945,288.1176,4025600
2023-06-29,288.3714,289.6404,285.7864,289.349,3279700
2023-06-30,291.0033,292.7423,289.8001,291.9997,3230700
2023-07-03,291.1913,292.7141,290.3641,291.4169,1483300
2023-07-05,291.8681,293.5601,291.3887,292.1501,2496000
2023-07-06,288.4277,289.4993,283.4458,283.8969,4828300
2023-07-07,283.8687,287.2903,282.8348,284.6395,2951900
2023-07-10,285.0062,291.8963,285.0062,291.6613,3246700
2023-07-11,294.1334,295.6938,292.0936,294.8384,2913800
2023-07-12,297.3295,301.9825,297.0475,298.4669,5300500
2023-07-13,299.0121,299.3129,294.6599,295.7221,3235600
2023-07-14,295.9477,297.8841,295.3649,297.5081,2942100
2023-07-17,296.7749,298.7489,295.2991,297.0851,2002500
2023-07-18,295.6563,299.2189,293.4003,297.7525,2315600
2023-07-19,297.9781,300.7417,297.6867,300.3093,2361400
2023-07-20,301.1176,302.161,298.8052,299.9426,2101900
2023-07-21,301.8038,302.5746,300.3186,301.2398,3673400
2023-07-24,301.7099,306.1185,301.6911,305.6014,2621900
2023-07-25,305.5638,307.284,304.3982,305.6202,2890800
2023-07-26,305.2067,311.1004,304.7836,309.8126,3448100
2023-07-27,311.8054,313.4316,309.1922,309.9254,2608600
2023-07-28,312.0779,313.0179,309.728,311.4857,2268200
2023-07-31,311.749,314.0238,311.5892,313.8076,2690000
2023-08-01,311.8524,314.8698,311.0252,312.1438,2547200
2023-08-02,310.2262,312.5762,308.2428,308.788,2752600
2023-08-03,308.0172,312.172,307.9796,310.057,2451300
2023-08-04,308.4684,309.7468,305.8082,306.8422,3591600
2023-08-07,307.5754,309.6434,306.9926,309.4178,2111000
2023-08-08,306.9832,308.8162,303.9846,308.1394,3272600
2023-08-09,307.707,311.0628,307.1524,308.5154,2698900
2023-08-10,310.8184,312.924,309.2016,309.634,3075100
2023-08-11,308.8068,311.6925,308.647,311.2413,3108400
2023-08-14,311.5703,313.7605,308.7222,310.151,3974800
2023-08-15,311.8524,317.8778,308.8068,312.2096,5860900
2023-08-16,312.6608,317.5393,311.7772,313.0462,3753900
2023-08-17,313.7418,315.509,307.4344,307.6412,3885100
2023-08-18,305.5544,309.1546,304.9622,307.7258,3472000
2023-08-21,307.0114,308.1958,304.088,304.6144,3109700
2023-08-22,305.7518,306.7294,302.7063,305.0092,2582200
2023-08-23,305.0468,307.3122,304.6332,306.5226,2728000
2023-08-24,305.6108,309.258,302.9694,303.2326,2490000
2023-08-25,304.0222,306.7576,301.9261,303.4864,2418100
2023-08-28,303.806,307.7916,303.4958,306.3534,2099900
2023-08-29,307.1806,310.0476,307.1618,309.6152,2628200
2023-08-30,310.2869,313.7114,310.1639,312.7748,2256200
2023-08-31,313.3141,314.6385,311.8761,312.4626,2914700
2023-09-01,314.0709,315.4426,313.2573,315.0925,2317400
2023-09-05,313.9195,314.3547,309.6909,310.0788,3141400
2023-09-06,309.8422,310.8639,307.9786,308.3948,3199700
2023-09-07,307.4772,312.1032,306.7866,310.6842,2454000
2023-09-08,309.8138,311.6964,309.0381,310.9585,2210300
2023-09-11,311.5073,312.0654,309.8801,310.6369,2087800
2023-09-12,309.18,311.0153,308.2908,308.6598,2190500
2023-09-13,308.4327,310.249,307.4488,308.2813,2564300
2023-09-14,309.7098,312.4626,307.7042,311.8288,2707600
2023-09-15,309.6436,311.3937,303.0311,304.0433,7117800
2023-09-18,302.8702,304.2798,299.7958,300.1269,2740400
2023-09-19,298.8876,299.8147,295.4726,297.62,2776500
2023-09-20,297.9889,299.266,294.0157,294.0724,2320000
2023-09-21,292.6913,293.4765,289.8155,290.1939,2766500
2023-09-22,289.6263,291.0358,288.9641,289.2195,2289200
2023-09-25,288.0654,290.6953,288.0654,289.9385,1882300
2023-09-26,288.0748,289.2952,285.3409,286.2018,2655500
2023-09-27,286.637,287.7911,283.7044,285.5207,2513900
2023-09-28,285.3788,288.4059,284.5084,287.1005,2369600
2023-09-29,288.4816,289.1627,283.6287,285.8423,3502600
2023-10-02,284.2909,287.0627,282.3421,283.6382,2806800
2023-10-03,281.8218,282.1907,274.4052,276.1742,3609200
2023-10-04,277.5175,278.3216,274.6795,276.5999,2956300
2023-10-05,276.231,276.8649,274.5661,275.9472,2469300
2023-10-06,275.058,278.6339,271.87,277.0067,2922500
2023-10-09,274.6228,279.5704,274.0363,279.4096,1929900
2023-10-10,280.6678,284.4328,279.2299,283.0611,3116300
2023-10-11,283.553,284.6031,279.9204,281.9543,2292800
2023-10-12,281.6232,281.6232,275.0674,277.1959,2546400
2023-10-13,277.1202,278.8136,275.181,276.1553,2092700
2023-10-16,278.5298,282.257,277.7257,281.2732,2567000
2023-10-17,280.6677,282.2475,278.596,279.9582,2139700
2023-10-18,277.177,277.4891,273.9416,274.566,2720100
2023-10-19,275.285,275.6067,270.9524,271.2834,3028600
2023-10-20,270.4226,271.6713,268.2941,270.9429,2885300
2023-10-23,270.3847,272.6835,268.9751,269.6752,2590900
2023-10-24,271.255,272.3619,266.7994,268.0103,2705200
2023-10-25,266.5345,267.9346,264.1223,265.7588,2962800
2023-10-26,265.3803,267.944,262.7505,262.987,3108200
2023-10-27,263.9141,264.5669,259.449,261.5302,2907300
2023-10-30,262.4857,267.0737,262.0032,266.2791,3074400
2023-10-31,267.3292,269.9874,266.4115,269.3158,3036000
2023-11-01,270.1672,271.3402,266.7899,271.151,2747300
2023-11-02,274.5754,278.7473,274.3389,278.6243,3628000
2023-11-03,278.2933,281.7272,278.2838,279.646,3071900
2023-11-06,278.8324,280.4312,277.3851,278.6622,2890300
2023-11-07,278.7,280.015,277.7067,278.8514,2629000
2023-11-08,279.0973,281.9164,278.227,279.9393,2454900
2023-11-09,276.1837,276.931,272.1443,272.324,4059100
2023-11-10,273.6106,275.8432,271.3024,275.8432,3653500
2023-11-13,272.2483,274.2728,271.728,272.5132,4586700
2023-11-14,284.6409,291.594,283.9314,287.2329,7952800
2023-11-15,287.6775,292.2467,287.5924,291.5467,3985900
2023-11-16,289.3614,291.3196,287.8951,289.8911,3114000
2023-11-17,291.8399,292.0386,288.9547,290.6764,2770300
2023-11-20,290.6007,292.9467,289.229,291.5467,3459000
2023-11-21,289.0682,289.5412,286.0126,288.8506,2977200
2023-11-22,290.7899,293.1265,289.929,292.5021,2873500
2023-11-24,292.4832,294.5644,291.6602,293.9211,1259900
2023-11-27,293.9117,295.9929,293.0224,294.1293,2992600
2023-11-28,293.9305,297.5915,292.6818,296.4185,3116900
2023-11-29,299.0946,299.0946,296.0947,296.1995,3083800
2023-11-30,297.647,298.8089,293.8853,298.5518,4493700
2023-12-01,298.8756,304.8468,298.0852,304.3897,3613600
2023-12-04,304.3897,309.5895,303.7612,308.58,3827900
2023-12-05,306.6563,308.4848,304.7612,308.0848,3269800
2023-12-06,309.5133,312.6656,308.7609,310.5704,3030800
2023-12-07,310.5704,311.8085,309.2085,310.6276,2742300
2023-12-08,310.4657,311.6847,309.5705,310.9133,2889300
2023-12-11,314.0941,316.2655,313.1418,315.5417,3520700
2023-12-12,314.6941,318.5796,314.5798,317.3226,2893400
2023-12-13,318.9416,327.4556,316.0941,327.0365,5822700
2023-12-14,333.0744,336.2458,331.4174,335.0458,7594800
2023-12-15,331.6269,337.4933,330.2269,337.1314,11212800
2023-12-18,336.8553,338.0076,333.6268,334.0934,4420500
2023-12-19,334.7124,336.141,333.703,335.2934,4654700
2023-12-20,334.2744,337.8647,331.7126,332.0459,3259500
2023-12-21,335.1029,335.4648,330.465,332.3411,2794200
2023-12-22,332.4078,334.5982,330.1698,331.9793,2029900
2023-12-26,331.8268,333.4077,331.5697,332.6649,1585500
2023-12-27,333.2363,333.322,330.6364,331.9221,2764300
2023-12-28,331.8936,332.4078,329.3222,330.8079,2859400
2023-12-29,329.3508,330.9888,326.6747,330.0365,10325700
2024-01-02,327.8079,330.7507,326.8651,328.6365,2833600
2024-01-03,326.1604,326.3699,320.551,322.1415,3309600
2024-01-04,323.7319,326.5795,322.4082,322.4558,3652400
2024-01-05,321.7701,327.4461,321.7225,326.5985,2664300
2024-01-08,327.0651,331.8554,326.8937,331.3507,2736200
2024-01-09,329.3317,332.4744,328.7984,329.6936,2338100
2024-01-10,333.9125,339.8552,333.6173,339.798,4109300
2024-01-11,340.0742,343.7979,336.4267,339.5409,3530400
2024-01-12,341.4456,341.4456,336.5886,338.7599,1956100
2024-01-16,340.998,342.5123,339.2362,341.3504,3669400
2024-01-17,339.6361,342.617,337.179,338.7504,2646100
2024-01-18,339.1504,341.617,337.16,340.8456,2510700
2024-01-19,341.7122,345.6645,339.3028,345.1407,3234600
2024-01-22,342.236,344.236,338.7409,339.6933,4003700
2024-01-23,338.8933,338.9219,332.4268,334.0649,3878400
2024-01-24,335.1696,336.0553,330.5317,330.7221,3474400
2024-01-25,335.7887,336.0649,331.665,334.2459,3064200
2024-01-26,334.722,340.0361,334.2935,338.3695,3177700
2024-01-29,338.2266,339.3885,336.1886,338.7504,2732000
2024-01-30,337.6076,341.8265,337.1696,340.0837,2336500
2024-01-31,340.8647,341.8742,335.5601,336.1411,3377900
2024-02-01,336.56,342.9789,335.5315,342.9122,2439100
2024-02-02,337.3029,342.417,333.3411,340.2076,3697600
2024-02-05,336.8077,339.1028,334.0459,338.2172,2653800
2024-02-06,337.9409,340.9408,337.4171,339.2742,2045300
2024-02-07,341.398,346.3978,340.6742,345.4074,3272200
2024-02-08,345.5693,348.2263,344.4169,346.3883,2521900
2024-02-09,346.7788,347.0645,343.6074,345.8455,2389900
2024-02-12,346.8645,351.1501,346.7026,348.0359,3119700
2024-02-13,341.3885,342.3027,337.0172,340.5504,3106500
2024-02-14,340.1504,341.8742,337.1124,341.1599,2998900
2024-02-15,341.798,344.4075,339.8457,343.8741,2662800
2024-02-16,343.4932,346.6454,342.0361,345.0836,3899600
2024-02-20,338.379,347.8454,337.6648,345.2931,4830000
2024-02-21,343.4074,347.712,341.8456,346.7787,3277800
2024-02-22,349.931,355.188,349.6549,353.6452,3387500
2024-02-23,354.3499,356.4165,352.6071,354.2356,3398200
2024-02-26,355.7118,357.0165,353.0548,353.8928,2461000
2024-02-27,354.9023,357.8927,352.95,357.6641,2802900
2024-02-28,357.664,361.7401,357.1879,359.6163,2282500
2024-02-29,360.7402,363.5877,360.1306,362.4734,4382800
2024-03-01,362.2354,366.7495,361.7306,366.1305,2750900
2024-03-04,364.6543,366.2066,361.9973,362.2449,2619000
2024-03-05,361.9878,362.8259,359.0545,360.4164,3011600
2024-03-06,362.6486,363.8845,360.1194,361.6044,2496300
2024-03-07,362.0163,364.3444,359.8224,360.7517,2368500
2024-03-08,359.2667,360.8188,356.4884,357.686,2162900
2024-03-11,355.9711,357.3315,353.3939,355.9327,2833700
2024-03-12,356.8812,360.129,356.7854,358.826,2843800
2024-03-13,360.2535,366.6533,360.014,363.0893,3761200
2024-03-14,362.1408,364.2485,356.5554,359.5253,3877500
2024-03-15,358.4236,362.5432,356.9099,357.571,9234900
2024-03-18,360.6942,361.7577,355.5687,356.3064,3455600
2024-03-19,359.1614,363.5396,357.4752,363.4917,3493800
2024-03-20,363.5013,368.7322,360.4452,368.282,2750400
2024-03-21,372.1141,380.2192,371.9991,378.6192,4212200
2024-03-22,378.1306,379.788,373.7236,373.9056,2910900
2024-03-25,372.7752,373.5033,366.8257,367.4197,2683900
2024-03-26,366.3658,368.1382,363.4821,363.9899,2720200
2024-03-27,364.8713,370.1118,364.7659,369.6999,2536500
2024-03-28,370.8878,371.3477,363.7887,367.5059,4108200
2024-04-01,365.4653,367.0652,352.4071,352.5891,4333200
2024-04-02,349.2072,351.4682,347.7318,347.7702,4650500
2024-04-03,346.8122,347.1954,343.938,344.8003,4723000
2024-04-04,347.3966,349.6863,341.9357,342.6734,4381600
2024-04-05,342.6733,344.2541,341.083,342.8554,3243400
2024-04-08,343.047,347.3582,342.271,346.86,4339600
2024-04-09,348.3738,349.1594,343.6794,346.2565,3022600
2024-04-10,337.1071,339.1382,334.118,335.8521,4805200
2024-04-11,336.312,337.1455,331.2823,332.796,4104700
2024-04-12,331.5984,331.5984,327.1818,328.4847,3550300
2024-04-15,331.4068,331.56,323.043,323.752,4209200
2024-04-16,322.6886,323.9245,318.9905,320.7821,4525500
2024-04-17,322.6503,323.1005,318.0133,318.866,4273800
2024-04-18,321.5676,322.8131,317.4289,318.9235,3717300
2024-04-19,320.6671,321.7785,318.6265,321.2899,3076600
2024-04-22,324.0299,325.2083,319.7091,322.0084,3112800
2024-04-23,323.8191,325.9172,322.1808,324.7771,3697400
2024-04-24,322.9281,323.388,317.8984,319.0385,4029200
2024-04-25,315.8865,318.9426,313.1848,318.0517,3787800
2024-04-26,317.1128,321.7401,317.1032,321.0312,2465300
2024-04-29,320.945,323.1868,320.1306,322.6694,2427400
2024-04-30,321.6347,323.2826,318.8947,320.1977,3089900
2024-05-01,319.0385,321.3186,315.6086,318.0421,3267500
2024-05-02,321.424,321.903,317.0936,321.4527,3213600
2024-05-03,326.9615,332.3265,326.0896,328.4656,4165100
2024-05-06,331.4834,331.8475,326.1567,327.9291,3366100
2024-05-07,329.1841,331.0427,326.0992,326.3962,2930700
2024-05-08,324.5664,326.1567,323.4646,324.6143,3123200
2024-05-09,325.0166,333.4091,324.6622,332.863,3801400
2024-05-10,332.8822,335.1336,330.238,331.8954,3413700
2024-05-13,333.457,334.1564,326.1183,326.6548,4055600
2024-05-14,320.9928,329.8069,319.0289,326.2142,5854300
2024-05-15,330.6978,335.7371,330.2284,334.0414,4151100
2024-05-16,333.3995,333.639,328.2932,328.3506,3101600
2024-05-17,330.2955,330.4583,326.3004,329.7686,2739000
2024-05-20,326.8178,328.1782,323.3784,323.6466,3237400
2024-05-21,324.7772,324.7772,318.387,322.0467,4275100
2024-05-22,320.6192,321.1845,315.1296,316.72,4024400
2024-05-23,317.0936,317.1128,312.3226,313.1752,4021100
2024-05-24,312.6962,313.7979,310.8088,311.4603,2736900
2024-05-28,311.7382,317.1032,310.8664,314.9093,3807500
2024-05-29,312.8303,313.0794,310.1861,312.2363,3506200
2024-05-30,314.7445,318.5648,314.2139,317.5615,2921800
2024-05-31,318.4008,323.3401,316.4328,323.0507,5557800
2024-06-03,321.8737,321.8737,315.3041,316.4328,3712800
2024-06-04,315.333,318.15,313.6255,316.674,4296800
2024-06-05,316.9055,318.7963,314.4166,318.6034,2422400
2024-06-06,318.1596,320.1276,316.481,319.4137,2979400
2024-06-07,314.2333,317.2142,312.4968,315.4874,2583800
2024-06-10,315.4584,321.0537,314.9761,320.8222,2691000
2024-06-11,321.2467,324.4399,318.6613,323.8707,3250900
2024-06-12,334.7815,338.1194,330.9516,331.9935,4793000
2024-06-13,333.6913,336.3829,330.9612,335.6015,3380800
2024-06-14,332.6399,335.2349,329.63,334.5982,2589000
2024-06-17,332.717,338.3123,332.2443,337.1643,2680200
2024-06-18,340.4925,343.8304,339.6821,341.38,3655000
2024-06-20,339.576,342.393,337.2511,340.9652,3661200
2024-06-21,342.3158,343.676,339.6243,343.2419,6596400
2024-06-24,344.3031,345.0652,338.3412,338.4956,4278900
2024-06-25,334.0869,334.7429,322.7227,326.379,4879600
2024-06-26,327.4787,330.4982,325.6168,329.7554,3365300
2024-06-27,330.7297,332.5916,326.5043,329.437,2912600
2024-06-28,329.302,333.0932,328.6845,332.0899,6344000
2024-07-01,331.7813,332.4855,323.5523,324.3241,2643600
2024-07-02,323.1761,324.9415,320.7933,323.1472,2995900
2024-07-03,325.1055,327.6523,321.7676,321.8641,1733000
2024-07-05,320.9669,324.0636,319.9347,322.7709,3437500
2024-07-08,324.025,328.7328,323.1761,327.6137,3534500
2024-07-09,326.9867,327.2858,323.726,325.1924,2254300
2024-07-10,326.6876,332.1382,325.7036,332.0321,3263100
2024-07-11,338.3991,341.6309,332.8231,341.3029,4146900
2024-07-12,342.4702,351.1043,341.5923,347.0718,4019900
2024-07-15,346.4641,348.432,342.4991,345.808,2884000
2024-07-16,347.3516,356.3813,346.8114,356.0918,3210400
2024-07-17,353.6994,361.9476,352.5224,358.7641,3991100
2024-07-18,356.8443,362.4781,352.8697,353.1591,2395000
2024-07-19,353.4968,354.6255,349.1749,350.5351,2474500
2024-07-22,351.6348,354.3167,348.3355,350.429,4049300
2024-07-23,352.5321,352.5321,346.6956,346.9271,2535700
2024-07-24,346.2615,348.6925,337.6467,337.9457,3508100
2024-07-25,337.8396,346.165,337.0003,340.8205,3297600
2024-07-26,342.4798,348.9047,342.4798,346.821,2439000
2024-07-29,346.5316,350.0817,346.2808,348.9048,2142100
2024-07-30,350.0142,351.8182,346.5798,350.8535,2788800
2024-07-31,352.1172,359.3428,350.2264,355.1657,3526100
2024-08-01,356.9311,358.3685,341.2643,345.9238,3759000
2024-08-02,342.4026,343.02,334.5017,342.8849,3764600
2024-08-05,338.4956,341.4476,333.0547,337.6563,3827900
2024-08-06,336.4408,346.001,335.0227,341.4187,2831100
2024-08-07,342.6438,343.6954,330.1992,330.3149,3429100
2024-08-08,330.1606,336.4311,329.2923,336.0453,3591100
2024-08-09,335.6112,339.1227,333.209,336.3347,2314800
2024-08-12,338.3895,339.0937,330.0544,333.6046,3830200
2024-08-13,329.8036,340.9171,327.3919,337.7142,6388600
2024-08-14,337.2125,346.9946,337.0678,343.1069,4814800
2024-08-15,349.6668,352.5127,345.4993,347.3612,3575800
2024-08-16,347.2647,350.8631,347.2647,349.281,3308300
2024-08-19,349.7054,351.8181,349.3195,350.2553,3634900
2024-08-20,347.9208,354.6641,347.7761,354.3071,3459400
2024-08-21,356.4102,359.7095,355.513,357.3845,4587600
2024-08-22,358.3878,359.3139,351.741,352.4645,4097300
2024-08-23,353.7187,363.0377,352.3005,362.3335,3426200
2024-08-26,363.7708,365.2179,360.1918,360.9057,2452100
2024-08-27,360.3076,361.0697,357.9055,360.0085,1780300
2024-08-28,359.8349,362.1598,357.1337,359.5358,2218300
2024-08-29,361.6419,362.3311,356.1291,356.2553,2698400
2024-08-30,358.3711,359.5067,354.1395,357.6529,3216700
2024-09-03,357.0705,358.507,352.2177,354.0035,3598100
2024-09-04,353.4504,355.1586,349.4128,353.9357,3221300
2024-09-05,354.1589,354.4015,347.0543,351.1987,2789200
2024-09-06,352.2371,354.683,348.8402,349.4516,2228800
2024-09-09,352.0819,355.3818,349.4322,354.7606,2747600
2024-09-10,354.9354,360.6228,351.8101,359.9532,2787400
2024-09-11,358.672,360.2831,351.4801,359.5843,2937700
2024-09-12,360.9917,363.9519,359.6523,363.4084,2367700
2024-09-13,364.5051,370.7555,364.4565,368.8047,2514700
2024-09-16,370.7556,372.6967,368.3583,370.7653,2877800
2024-09-17,372.1435,376.5207,370.445,371.959,2947600
2024-09-18,372.784,381.1114,369.8529,372.7063,3549400
2024-09-19,379.3353,380.335,375.6181,378.85,3753500
2024-09-20,376.8992,380.2962,375.6084,378.3842,6584200
2024-09-23,379.3256,381.092,375.8607,380.4223,2502300
2024-09-24,383.0817,389.303,382.0432,388.8663,4057700
2024-09-25,388.8663,388.8663,383.9746,385.2461,2787300
2024-09-26,387.7404,388.2257,383.8485,385.0229,2849500
2024-09-27,387.886,391.6615,386.5854,387.7695,2452300
2024-09-30,388.4198,393.3794,387.2745,393.2726,3442000
2024-10-01,392.1273,398.4748,389.5942,397.0092,3476200
2024-10-02,395.699,399.3483,393.0397,399.1542,3431300
2024-10-03,396.9608,400.8139,394.8255,399.4648,3320700
2024-10-04,397.9993,399.6978,387.6919,396.3396,3989000
2024-10-07,392.9717,397.7469,389.4291,396.0484,3267800
2024-10-08,397.7372,403.0656,396.4172,401.9883,3693900
2024-10-09,407.637,407.6661,398.6593,403.8227,3627800
2024-10-10,397.6596,402.2795,395.6311,397.8925,3040800
2024-10-11,398.4748,400.9789,396.8054,399.7754,2717400
2024-10-14,399.3678,404.1624,399.1931,403.1918,2088700
2024-10-15,405.6473,409.1511,402.8036,403.3471,3693000
2024-10-16,401.6874,406.4141,401.6874,406.2879,2429000
2024-10-17,406.2879,406.6664,402.3571,403.3665,2013800
2024-10-18,404.3856,404.3953,401.0759,402.7841,2436600
2024-10-21,403.8227,404.2982,392.467,394.4373,3699500
2024-10-22,386.7698,391.0889,384.5472,390.0212,4486700
2024-10-23,388.7692,392.3797,385.0131,387.8763,3159000
2024-10-24,390.4483,392.3021,386.3719,390.8268,2550300
2024-10-25,391.6421,391.6421,386.1196,387.1678,1941400
2024-10-28,391.5741,393.8938,390.1183,391.0306,2586500
2024-10-29,382.3441,387.3619,377.598,383.4408,3822700
2024-10-30,383.3729,385.9837,380.4029,380.9659,2795600
2024-10-31,379.0053,384.0232,379.0053,382.1597,2518600
2024-11-01,383.1787,386.9736,380.4709,381.0338,3277800
2024-11-04,380.4127,388.6916,379.5586,383.9261,2690500
2024-11-05,383.3437,388.4489,382.2664,388.313,2496500
2024-11-06,382.4411,382.4411,370.4838,376.938,7133400
2024-11-07,379.4906,387.9927,379.2965,387.6822,4323100
2024-11-08,392.1079,394.4373,390.458,393.952,3448700
2024-11-11,395.7669,399.4842,393.884,396.2716,4071500
2024-11-12,402.0562,403.7741,390.3512,391.215,5647100
2024-11-13,397.0869,400.5906,394.7479,398.1157,3083100
2024-11-14,395.9902,399.3871,392.4864,393.7773,3348100
2024-11-15,391.0403,396.8734,391.0403,396.1649,3239500
2024-11-18,393.5638,400.3966,392.0594,398.3584,3394300
2024-11-19,396.359,397.116,387.6045,394.8255,3239400
2024-11-20,394.049,394.7284,388.148,388.2256,4732200
2024-11-21,389.5165,399.2804,388.5945,398.3681,3722200
2024-11-22,399.9598,407.7729,398.8534,407.637,4932500
2024-11-25,412.4898,417.5852,411.9657,416.0518,4544200
2024-11-26,415.9838,426.4368,412.1986,416.8767,2758600
2024-11-27,418.1744,419.6379,415.5986,416.7987,2293500
2024-11-29,418.1354,420.516,417.1402,418.6915,2028700
2024-12-02,418.5646,419.9306,412.8667,416.5742,2617100
2024-12-03,419.2769,420.2038,413.0228,418.9062,2714000
2024-12-04,416.0376,418.3988,415.1498,417.5109,1968800
2024-12-05,416.223,419.3062,415.5205,416.1645,2523500
2024-12-06,418.2719,425.1504,416.6231,420.877,3161400
2024-12-09,421.8332,425.7456,417.6182,418.7403,3426000
2024-12-10,416.5157,416.9158,411.1593,412.3106,3354900
2024-12-11,414.8864,417.589,411.0129,411.13,4211200
2024-12-12,411.1788,412.4667,403.1295,404.3393,3673600
2024-12-13,405.6564,407.9688,404.1051,406.837,2649500
2024-12-16,407.6858,408.3005,400.7,400.7195,2879600
2024-12-17,400.0268,400.4171,396.3485,398.534,3726500
2024-12-18,397.0998,400.7196,383.8111,384.2404,4225500
2024-12-19,385.138,385.5283,375.5276,375.6544,4576100
2024-12-20,374.0446,383.7233,373.7324,383.0501,8046400
2024-12-23,381.5865,383.6745,377.6155,382.9037,2433800
2024-12-24,382.5915,386.504,381.0012,386.504,1392600
2024-12-26,382.972,386.1527,382.0939,385.5283,1319500
2024-12-27,382.6013,385.8503,381.85,383.3037,1942700
2024-12-30,381.0304,381.6939,376.2984,379.9572,2444700
2024-12-31,380.523,381.9378,377.8789,379.5278,2179700
2025-01-02,382.5915,383.1184,376.9814,379.0108,2415700
2025-01-03,380.3377,381.4988,376.4253,379.7133,2231600
2025-01-06,381.0012,384.4063,378.5912,379.8987,3274500
2025-01-07,381.3914,382.3671,373.7811,374.8837,2274300
2025-01-08,373.6836,378.2595,370.8541,377.7814,2848500
2025-01-10,379.4498,383.3525,375.2642,380.406,5323400
2025-01-13,380.5036,386.2308,378.2693,379.7133,3512900
2025-01-14,381.0889,384.6111,380.1523,383.2257,3405200
2025-01-15,396.7583,398.0755,391.9873,396.2119,4584800
2025-01-16,396.3875,400.1341,394.0947,399.3731,2305900
2025-01-17,403.4319,404.3686,398.5926,399.4219,3229000
2025-01-21,402.9538,409.9982,402.9538,408.2517,3568100
2025-01-22,407.3932,407.3932,399.3731,400.1244,3581400
2025-01-23,401.5586,404.6027,398.8072,404.3101,3840300
2025-01-24,404.0173,404.915,400.7683,404.4174,2369800
2025-01-27,404.8076,415.823,403.9295,414.5351,3699200
2025-01-28,412.9447,412.9447,406.5638,408.642,2818300
2025-01-29,409.9982,411.1202,401.7733,403.3636,2384900
2025-01-30,406.2809,407.1688,401.5098,404.4174,3081300
2025-01-31,403.1198,406.2517,400.3391,401.9587,2761000
2025-02-03,396.2412,401.8806,391.2555,398.817,2896200
2025-02-04,399.5487,402.544,396.2119,401.4806,2150800
2025-02-05,405.0516,405.0516,398.2121,403.7539,2212100
2025-02-06,404.8174,407.6274,402.9539,404.0857,2023700
2025-02-07,403.149,404.2125,396.612,397.4608,2530200
2025-02-10,400.6513,404.8564,398.8462,403.9197,2617600
2025-02-11,403.9295,406.437,402.7001,406.2321,1441800
2025-02-12,398.6413,399.6853,392.3385,397.2364,3387000
2025-02-13,398.7682,402.9343,397.5779,402.3977,3067900
2025-02-14,404.9052,407.8322,398.6218,399.539,3004400
2025-02-18,398.3779,398.9243,390.4847,393.4995,3994000
2025-02-19,387.5577,388.9432,383.3818,385.8112,3780000
2025-02-20,383.4403,385.1575,381.5866,385.0405,2703500
2025-02-21,386.7576,388.1431,374.5617,375.9276,5287000
2025-02-24,376.6984,377.1473,369.0004,373.1177,5722000
2025-02-25,375.635,391.2555,374.8447,383.7233,6823900
2025-02-26,385.6258,389.1675,379.1083,380.9816,3871500
2025-02-27,380.4255,385.8503,378.8839,380.7767,2825100
2025-02-28,384.8258,387.2162,380.7865,386.9528,4263500
2025-03-03,387.2943,387.4114,377.0692,380.2109,3397600
2025-03-04,376.757,378.523,369.6833,372.3957,4384800
2025-03-05,369.7809,377.7034,368.815,376.9521,2780300
2025-03-06,374.1714,378.3278,371.4688,372.4445,4222000
2025-03-07,370.2687,371.3907,359.9265,367.6344,4573900
2025-03-10,368.2589,373.8007,363.5464,365.5367,3710500
2025-03-11,365.1172,365.8099,356.8337,359.2046,4013300
2025-03-12,362.9219,362.9512,352.9505,355.858,3368000
2025-03-13,355.3474,355.4358,338.9994,340.9533,7062400
2025-03-14,344.2916,345.0182,339.1565,344.9396,5510700
2025-03-17,345.3815,349.1027,344.596,347.7085,3681300
2025-03-18,347.1194,347.4729,341.2871,343.2312,3008200
2025-03-19,345.6171,348.0031,342.6617,347.0114,2990200
2025-03-20,348.2584,355.21,345.8135,349.0733,3391200
2025-03-21,345.7055,346.982,340.0009,344.7826,8205400
2025-03-24,348.1896,357.8217,347.8558,357.1737,4023200
2025-03-25,354.9744,357.0559,352.0386,354.4442,2799500
2025-03-26,353.855,358.1163,353.5899,355.5635,3140900
2025-03-27,355.3376,358.5876,354.6012,356.1526,3036600
2025-03-28,356.5748,356.6141,349.7115,351.6556,2980200
2025-03-31,347.0899,362.0536,346.2554,359.8444,4498800
2025-04-01,357.537,360.6299,355.3573,358.892,2801600
2025-04-02,355.9856,365.5588,355.6911,364.1646,3189500
2025-04-03,349.3286,353.5114,345.3324,349.4563,5407100
2025-04-04,344.3505,358.8134,342.7108,347.4827,7531100
2025-04-07,338.0567,347.7969,327.4526,335.3174,6950500
2025-04-08,344.0265,347.5809,323.7608,329.161,4868000
2025-04-09,322.6415,349.5839,320.393,348.9457,6793000
2025-04-10,346.4517,348.8475,333.5009,347.2078,5574800
2025-04-11,343.9578,348.0423,337.9586,347.4434,3576400
2025-04-14,351.312,352.5098,347.1881,350.7229,2841800
2025-04-15,350.0945,354.886,346.9132,347.6889,2883100
2025-04-16,345.4601,347.3845,338.0764,339.7161,2637200
2025-04-17,342.2297,351.0174,342.053,348.6217,3232400
2025-04-21,347.8656,347.9343,335.6021,340.6096,4015200
2025-04-22,344.7924,349.7606,344.0658,348.0031,2802400
2025-04-23,355.3573,358.2243,348.4155,349.957,3283300
2025-04-24,350.0355,353.8648,348.1798,353.1186,2749500
2025-04-25,351.2138,352.4902,348.3074,351.0959,2811300
2025-04-28,351.4985,353.5703,348.0816,350.4479,2413000
2025-04-29,349.4366,354.0415,348.2976,352.4902,2836900
2025-04-30,350.0355,354.719,345.9902,353.9532,3741500
2025-05-01,353.7764,356.2999,351.2334,351.8029,3210100
2025-05-02,355.5143,359.5891,354.611,357.9101,2283300
2025-05-05,355.5635,357.6549,353.207,355.1707,2563500
2025-05-06,352.176,355.7009,350.6541,352.8633,2299700
2025-05-07,353.9434,357.1835,353.2364,356.1722,2657200
2025-05-08,357.4094,362.6133,355.6911,358.244,3035800
2025-05-09,355.5635,358.9411,354.9449,356.133,1970700
2025-05-12,368.2001,371.8526,366.7076,369.7612,3831400
2025-05-13,374.0913,374.0913,366.1873,366.8255,2726800
2025-05-14,365.1563,368.9758,364.1057,366.0498,2587400
2025-05-15,365.3527,372.4515,364.7832,371.7643,2830500
2025-05-16,373.3353,374.2582,371.293,373.8753,3129100
2025-05-19,367.4048,374.2484,367.3753,372.5007,4428200
2025-05-20,379.3639,382.6826,367.2673,370.2129,6287400
2025-05-21,371.1261,371.4697,361.9161,364.1155,3966000
2025-05-22,361.327,362.5347,357.9592,359.4909,2957300
2025-05-23,355.809,358.1065,354.6013,356.133,3115000
2025-05-27,359.2553,363.8307,358.5385,363.6835,3998500
2025-05-28,362.1322,364.4199,360.7673,361.3859,2986100
2025-05-29,363.2908,363.6344,357.4585,361.6118,3034800
2025-05-30,360.3943,362.9373,358.4993,361.6118,4110400
2025-06-02,358.5287,361.3663,355.2787,361.2877,2506900
2025-06-03,361.2877,366.7666,360.3451,366.3149,3359500
2025-06-04,366.3149,368.5634,364.9206,365.6472,2428800
2025-06-05,366.5265,367.0897,363.0884,364.8371,2324100
2025-06-06,367.0403,368.1666,361.5669,362.9106,2349700
2025-06-09,362.9007,362.9303,359.9763,360.8062,2619700
2025-06-10,361.5373,364.1159,358.1881,363.4836,3014900
2025-06-11,364.6988,364.6988,354.987,356.1232,3793500
2025-06-12,356.469,360.6778,354.1967,358.7907,2921900
2025-06-13,355.6688,358.4252,348.5554,350.393,3364400
2025-06-16,351.5983,352.8135,347.6662,349.3062,3688600
2025-06-17,347.7057,350.0275,343.2302,344.5837,4230100
2025-06-18,345.8681,346.6782,341.6396,342.8548,4453900
2025-06-20,343.3093,346.9845,342.6473,345.4136,8056500
2025-06-23,345.7594,352.774,344.3269,352.6653,3862400
2025-06-24,352.3788,357.3582,351.4995,356.0837,4089600
2025-06-25,354.7994,359.2255,354.0287,357.5064,4159600
2025-06-26,358.85,360.8358,356.2615,359.1266,3187900
2025-06-27,359.2353,365.6966,358.6327,364.3036,5503700
2025-06-30,364.8371,366.487,360.332,362.2289,4600700
2025-07-01,359.9565,375.1218,358.5833,368.6704,5152600
2025-07-02,369.1545,369.4707,364.926,367.3762,3011400
2025-07-03,367.3367,368.6902,363.8985,367.2082,2573600
2025-07-07,366.5364,368.3049,360.3418,363.2168,3433100
2025-07-08,361.6163,365.9436,360.7173,363.0785,2531700
2025-07-09,363.0884,366.6056,360.4012,366.576,3384200
2025-07-10,364.5605,373.3929,364.0764,368.8087,3701700
2025-07-11,365.9041,367.3268,362.6932,365.6176,3068900
2025-07-14,366.0227,366.8229,362.0412,365.6571,2481100
2025-07-15,365.5287,366.2894,354.2066,354.3251,3868700
2025-07-16,355.5304,356.6073,348.2195,353.1,4259800
2025-07-17,352.2504,355.9849,350.393,354.7203,3128900
2025-07-18,355.649,356.2616,352.6752,355.076,3361600
2025-07-21,356.3801,361.3792,355.5107,359.6602,3503900
2025-07-22,360.0949,367.722,359.344,366.5463,3095400
2025-07-23,367.228,373.3336,367.0798,371.822,3238000
2025-07-24,370.9625,373.3336,367.7813,368.6013,3088000
2025-07-25,370.1524,371.4664,368.5617,370.8242,2221000
2025-07-28,369.2434,376.4951,368.4926,372.6915,4062800
2025-07-29,372.4642,375.1614,370.2611,372.8001,2931600
2025-07-30,373.1361,373.9758,365.1829,367.6034,3110700
2025-07-31,364.7284,368.3246,362.4265,363.0884,3091600
2025-08-01,363.3947,370.2907,361.3496,369.1644,3008200
2025-08-04,370.3302,377.3052,369.194,376.2383,2844300
2025-08-05,377.2657,382.2846,376.3766,380.773,2931400
2025-08-06,381.435,384.2507,379.8937,382.1463,2812800
2025-08-07,383.9444,386.7404,378.7477,381.5239,2433000
2025-08-08,382.4229,384.6064,381.5535,383.1837,2326700
2025-08-11,385.2881,386.8095,378.6884,382.8675,2605800
2025-08-12,386.7107,391.6111,384.3198,391.2356,2911300
2025-08-13,394.6836,402.9134,393.9525,402.2811,5187500
2025-08-14,396.3731,398.7541,394.5552,395.5037,3600200
2025-08-15,397.3709,397.944,390.6725,394.575,3841400
2025-08-18,391.7988,393.3499,387.7876,389.9513,4407100
2025-08-19,396.1952,409.3747,396.1952,402.3009,7629300
2025-08-20,404.751,406.2231,396.8374,396.9066,4195300
2025-08-21,395.0986,399.5642,391.4036,392.9152,2942600
2025-08-22,396.047,409.5131,393.5178,407.8236,5284700
2025-08-25,405.4228,406.1243,402.6466,403.9804,3579500
2025-08-26,403.0913,404.1188,399.8408,402.6368,3180900
2025-08-27,403.8717,406.7368,402.3009,403.3283,2487800
2025-08-28,402.1033,404.0298,399.9396,402.5479,4051600
2025-08-29,402.8245,403.9804,400.5225,401.876,2210300
2025-09-02,398.8232,403.6742,397.9044,401.4216,3328600
2025-09-03,400.0681,404.099,398.7146,402.8047,3025100
2025-09-04,405.8848,410.5646,404.5833,409.0444,3873100
2025-09-05,413.9129,417.6984,411.3594,416.2578,5855600
2025-09-08,415.8106,417.8772,413.0783,417.2414,3742600
2025-09-09,415.4331,416.0292,410.0976,412.6709,3516000
2025-09-10,412.8498,414.7475,409.094,410.5745,2897800
2025-09-11,413.0286,422.4875,411.588,420.699,5316400
2025-09-12,417.5692,420.7884,416.1882,419.9737,5004200
2025-09-15,419.7551,420.5798,415.0654,419.9936,4884700
2025-09-16,421.0269,421.8019,417.3904,418.7417,3726700
2025-09-17,421.7125,424.0076,413.1379,414.3203,4771700
2025-09-18,414.8667,418.6821,413.1876,414.7972,3677200
2025-09-19,414.6879,415.8901,412.4325,413.0187,6718400
2025-09-22,411.4488,412.2139,408.488,409.3524,2656300
2025-09-23,409.3524,411.0713,404.8416,408.2694,2597000
2025-09-24,404.1759,408.0111,402.4073,407.1367,3220700
2025-09-25,404.0368,408.2197,403.0035,404.8317,2554300
2025-09-26,405.5371,408.7662,403.232,407.4547,2316600
2025-09-29,407.4149,408.3091,401.2548,404.1858,3008400
2025-09-30,404.0169,404.3845,400.8871,402.5862,3211600
2025-10-01,401.7913,402.5266,392.7697,394.4687,3787800
2025-10-02,392.9584,394.8264,391.2594,392.4716,2964700
2025-10-03,391.5973,394.7668,390.1069,392.5213,2951300
2025-10-06,391.9649,391.9649,383.2413,386.8281,3653700
2025-10-07,386.9473,387.2454,383.0326,384.3243,2505700
2025-10-08,383.9765,383.9765,380.5189,381.3237,2517600
2025-10-09,380.4394,381.89,375.0343,375.2629,3321400
2025-10-10,377.8164,377.8164,372.3716,373.3354,2992400
2025-10-13,376.634,379.8532,374.7661,376.9321,2925900
2025-10-14,376.4353,386.3909,375.5808,385.2284,4399900
2025-10-15,386.7287,391.8357,384.2448,385.8047,3690100
2025-10-16,387.156,387.4938,381.5025,384.9006,2783700
2025-10-17,386.0034,390.5838,384.7118,389.3816,2657700
2025-10-20,388.8947,390.6533,385.5961,386.3909,2761100
2025-10-21,385.0695,391.1005,383.3804,388.388,2306900
2025-10-22,388.7357,390.5242,385.6756,386.4704,2857000
2025-10-23,384.6422,386.222,378.8497,382.5557,2767300
2025-10-24,387.1957,387.1957,383.1916,384.1951,2426800
2025-10-27,385.2086,386.7883,380.4394,382.7942,3065800
2025-10-28,381.9496,387.5037,380.3698,383.2711,2372800
2025-10-29,380.5388,382.5259,372.7889,375.6107,3852300
2025-10-30,375.2828,382.2279,373.693,377.1109,2384300
2025-10-31,374.5376,378.492,372.6001,377.1507,2643500
2025-11-03,374.5873,376.0478,371.2786,375.9186,2897600
2025-11-04,374.9251,381.2144,374.3289,380.6182,2590000
2025-11-05,380.3301,380.9561,368.1489,371.4376,4763000
2025-11-06,369.4306,370.2652,365.188,366.6983,3622100
2025-11-07,366.6188,371.2488,365.2079,368.7252,2766400
2025-11-10,367.4137,368.2781,361.1144,368.0495,3257900
2025-11-11,369.5995,373.5838,368.5265,371.8351,2407300
2025-11-12,369.6691,371.1594,366.6387,368.7451,3375800
2025-11-13,369.2716,371.1197,364.264,365.7047,3034800
2025-11-14,363.5586,364.9694,357.4878,360.0314,3413300
2025-11-17,358.8093,361.4423,353.8116,355.7292,5127200
2025-11-18,337.7952,346.5585,333.8507,334.3177,10168500
2025-11-19,338.7789,339.5538,329.2405,332.3504,7595000
2025-11-20,334.1985,336.7221,329.9957,330.244,4025300
2025-11-21,332.42,344.6906,330.8601,341.1138,7441300
2025-11-24,340.001,341.5012,334.3872,334.4171,6132900
2025-11-25,336.8215,350.7316,336.6725,348.814,6316600
2025-11-26,348.0092,355.0337,346.7572,353.1857,4517300
2025-11-28,352.6491,355.5305,351.2283,354.6264,2119600
2025-12-01,351.7748,359.9619,350.6123,355.0337,5107100
2025-12-02,354.5369,355.2026,349.0424,351.7549,3965300
2025-12-03,352.2219,358.1535,351.4767,355.61,4166700
2025-12-04,356.29,357.51,350.0,351.17,4022800
2025-12-05,350.65,355.62,349.53,354.61,5959200
2025-12-08,351.95,352.09,345.7,349.91,7273000
2025-12-09,347.76,356.67,344.96,345.27,5063100
2025-12-10,344.1,352.02,344.0,351.13,6316100
2025-12-11,356.0,362.72,353.94,357.46,6609800
2025-12-12,359.26,360.76,356.05,359.65,3861200
2025-12-15,359.39,362.67,355.62,356.99,4387400
2025-12-16,356.9,358.74,351.81,352.68,3497200
2025-12-17,351.97,357.5,350.98,356.75,3875200
2025-12-18,363.54,366.3,354.56,354.99,4805200
2025-12-19,354.11,354.11,344.92,345.0,12825600
2025-12-22,345.31,347.9,343.7,346.39,3523700
2025-12-23,344.0,347.5,341.94,344.97,3873400
