date,open,high,low,close,volume
2005-01-03,22.7082,22.7082,22.2131,22.2695,2020400
2005-01-04,22.2569,22.3133,21.9937,22.0877,1876200
2005-01-05,22.2444,22.7834,22.1755,22.4951,2846400
2005-01-06,22.5891,22.8712,22.5703,22.821,2185400
2005-01-07,22.8837,23.0404,22.821,22.8524,1730300
2005-01-10,22.6894,22.8461,22.3823,22.7458,2390600
2005-01-11,22.5766,22.6894,22.3886,22.5453,1260500
2005-01-12,22.4324,22.5265,22.2883,22.5077,1596200
2005-01-13,22.4888,22.6205,22.3008,22.3447,1462000
2005-01-14,22.4074,22.7584,22.4011,22.7019,1178400
2005-01-18,22.6894,22.8774,22.539,22.8022,1769200
2005-01-19,22.8524,22.8649,22.5703,22.6518,1610600
2005-01-20,22.5641,22.5641,22.1755,22.2068,1348900
2005-01-21,22.1002,22.2945,21.9686,22.1379,1541400
2005-01-24,22.1629,22.2193,20.878,20.878,4611300
2005-01-25,21.3418,22.0689,21.2792,21.7555,4231800
2005-01-26,21.3105,21.4171,20.8153,21.3606,3445900
2005-01-27,21.3606,21.3732,21.0849,21.3732,2361900
2005-01-28,21.4045,21.4672,21.2792,21.3481,2903900
2005-01-31,21.5612,21.9247,21.5299,21.8871,1720100
2005-02-01,22.1566,22.1629,21.8621,21.9874,1555600
2005-02-02,21.9874,22.0943,21.8491,21.956,1117000
2005-02-03,21.8491,21.9183,21.5096,21.541,1432200
2005-02-04,21.6102,22.1949,21.5536,22.132,1419000
2005-02-07,22.1383,22.6099,22.0692,22.1886,1896400
2005-02-08,22.088,22.2955,21.7108,22.2326,2369200
2005-02-09,22.4024,22.4716,22.2075,22.3332,1884600
2005-02-10,22.3332,22.6225,22.2767,22.503,1720200
2005-02-11,22.503,22.6979,22.2389,22.4778,2125200
2005-02-14,22.4464,22.4779,21.9434,22.1823,1418300
2005-02-15,22.1949,22.2201,21.8742,22.0063,2072500
2005-02-16,22.0,22.0063,21.6982,21.7862,1250900
2005-02-17,21.7799,22.2012,21.5599,21.8805,2610400
2005-02-18,21.9434,22.4401,21.8994,22.2515,2195600
2005-02-22,22.2578,22.2955,21.629,21.629,1712100
2005-02-23,21.8491,22.3521,21.7548,22.1257,1719900
2005-02-24,22.1509,22.6728,22.1006,22.6665,1975600
2005-02-25,22.7797,23.0752,22.7231,22.9871,1920000
2005-02-28,22.9494,23.1066,22.5407,22.5659,1959100
2005-03-01,22.8237,23.1883,22.6665,22.9306,1669900
2005-03-02,22.6665,22.9054,22.547,22.6916,1046400
2005-03-03,22.8488,23.1758,22.7231,23.138,1301300
2005-03-04,23.2638,23.4273,22.9494,23.2324,1948800
2005-03-07,23.3581,23.8297,23.3141,23.6473,1858400
2005-03-08,23.7228,23.8297,23.5467,23.6536,2160500
2005-03-09,23.5782,23.6662,23.2764,23.4839,1853200
2005-03-10,23.6536,23.7668,23.3267,23.5845,1708900
2005-03-11,23.5845,23.8611,23.5719,23.7416,1469000
2005-03-14,23.7479,23.7919,23.4336,23.7479,1925600
2005-03-15,23.7102,23.7982,23.2889,23.2889,1856100
2005-03-16,23.2638,23.2638,22.8237,23.006,1416800
2005-03-17,23.1066,23.597,23.1066,23.4839,1612300
2005-03-18,23.5593,23.6788,23.421,23.6788,2465500
2005-03-21,23.88,24.1252,23.7039,23.7542,2789200
2005-03-22,24.3641,24.515,23.9554,24.0183,2523000
2005-03-23,24.0372,24.2698,23.8297,24.1315,1946600
2005-03-24,24.2069,24.3452,23.8925,23.9051,1829700
2005-03-28,24.0497,24.1063,23.4273,23.5656,2162400
2005-03-29,23.3832,23.6473,22.7231,22.874,2719600
2005-03-30,22.874,23.3141,22.874,23.3141,1893700
2005-03-31,23.3267,23.4524,23.1066,23.2952,1413600
2005-04-01,23.5467,23.7542,22.9934,23.1255,1622900
2005-04-04,23.138,23.5153,23.1317,23.3518,1713700
2005-04-05,23.3518,23.4964,23.0752,23.0752,1847500
2005-04-06,23.1066,23.2575,22.8677,22.9683,1863800
2005-04-07,22.9808,23.2135,22.8928,23.1946,1394900
2005-04-08,23.2009,23.2009,21.8051,21.9057,3629400
2005-04-11,22.0629,22.2452,21.6416,22.176,2148300
2005-04-12,22.1823,22.2263,21.6416,22.0063,1833800
2005-04-13,21.9434,21.9874,20.8431,21.0506,2843600
2005-04-14,20.2772,20.5979,19.7742,19.9943,5432400
2005-04-15,19.7742,20.1578,19.2083,19.2712,3908400
2005-04-18,18.8877,19.7679,18.85,19.661,3100000
2005-04-19,19.9566,20.6545,19.8497,20.447,3269300
2005-04-20,20.535,20.535,19.9188,20.0572,3456400
2005-04-21,20.3401,20.9437,20.3401,20.7425,3481000
2005-04-22,20.5664,20.7739,20.3464,20.5727,2311000
2005-04-25,20.8808,21.1009,20.6042,21.1009,2259900
2005-04-26,20.9563,21.0506,20.6545,20.7236,1894900
2005-04-27,20.2772,20.5036,19.4913,20.1452,3848500
2005-04-28,19.9,20.2584,19.8434,19.9063,2765400
2005-04-29,19.9628,20.0257,19.6296,19.7428,3830200
2005-05-02,19.9503,20.4533,19.9125,20.3841,2433600
2005-05-03,20.5036,20.5287,19.8622,20.0194,2916300
2005-05-04,20.2024,20.2718,19.8428,20.2466,2492000
2005-05-05,20.3097,20.5431,20.0952,20.2213,1564900
2005-05-06,20.2844,20.3664,20.0636,20.215,1056200
2005-05-09,20.0194,20.4106,19.8869,20.398,2097400
2005-05-10,20.3223,20.3286,19.7481,19.8175,3236300
2005-05-11,19.9059,20.1645,19.7355,20.0825,3098300
2005-05-12,19.8869,20.0257,19.4011,19.4137,2644700
2005-05-13,19.4579,19.6156,18.6756,19.0604,2872400
2005-05-16,19.1677,19.42,19.1677,19.4074,2834700
2005-05-17,19.2434,19.7986,19.2118,19.7292,1867500
2005-05-18,19.9374,20.3538,19.8869,20.234,1493000
2005-05-19,20.2529,20.2529,20.0005,20.2213,1096500
2005-05-20,20.1582,20.2403,19.9753,20.2213,1643500
2005-05-23,20.1898,20.2213,19.868,20.1519,2056800
2005-05-24,20.1772,20.1772,19.7797,19.9563,2045200
2005-05-25,19.9627,20.0573,19.7481,19.969,1553500
2005-05-26,20.0636,20.2529,20.0573,20.0951,1575300
2005-05-27,20.1898,20.2276,20.0951,20.1456,1143100
2005-05-31,20.0762,20.2466,19.9248,20.1393,1909600
2005-06-01,20.1393,20.4043,20.0636,20.398,1695000
2005-06-02,20.398,20.5053,20.2466,20.4043,1084300
2005-06-03,20.316,20.4043,20.1961,20.2466,1347000
2005-06-06,20.3475,20.48,20.0825,20.234,1313600
2005-06-07,20.3728,20.7387,20.3034,20.562,1882000
2005-06-08,20.6693,20.6693,19.9753,19.9816,1999100
2005-06-09,19.9374,19.9437,19.5336,19.8869,2664300
2005-06-10,20.0194,20.0636,19.704,19.8049,1837900
2005-06-13,19.8238,20.2592,19.8175,19.9563,1601800
2005-06-14,20.0257,20.1267,19.8428,19.9248,1735200
2005-06-15,20.051,20.2781,19.8491,20.2781,1750500
2005-06-16,20.3475,20.6062,20.2844,20.5747,1671900
2005-06-17,20.8775,21.0479,20.7261,20.7829,2678100
2005-06-20,20.4169,20.5683,20.316,20.4737,1890600
2005-06-21,20.4737,20.6314,20.4106,20.4422,1765400
2005-06-22,20.4926,20.6125,20.215,20.3349,3711000
2005-06-23,20.2718,20.2781,19.6346,19.6661,2508100
2005-06-24,19.6661,19.6661,19.0857,19.1424,3481100
2005-06-27,19.1992,19.2055,18.7891,18.9342,3688400
2005-06-28,19.0478,19.7355,18.909,19.7229,4368200
2005-06-29,19.7986,19.8806,19.5589,19.7481,2209800
2005-06-30,19.8743,19.9374,19.4579,19.5336,2141100
2005-07-01,19.6598,19.969,19.622,19.8428,1696200
2005-07-05,19.786,19.786,19.3696,19.7292,2913200
2005-07-06,19.8743,20.1204,19.7734,19.8365,2104600
2005-07-07,19.7229,19.7608,19.4516,19.7166,1667900
2005-07-08,19.7166,20.3538,19.6156,20.2844,2554300
2005-07-11,20.6945,20.6945,20.4422,20.5747,2200600
2005-07-12,20.5747,20.5936,20.2024,20.3601,1842400
2005-07-13,20.3412,20.5368,20.2213,20.2529,1222200
2005-07-14,20.5179,20.6314,20.3286,20.581,1627200
2005-07-15,20.663,20.9469,20.5873,20.928,2540100
2005-07-18,20.9721,21.1362,20.9343,21.0857,1925400
2005-07-19,21.1803,21.3886,20.9469,21.0542,2220900
2005-07-20,20.9658,22.2845,20.9343,22.2024,3550500
2005-07-21,22.2088,22.4737,22.0132,22.1583,2064600
2005-07-22,22.1267,22.2719,21.9185,22.0132,1240600
2005-07-25,21.9501,22.1457,21.6788,21.7734,1376600
2005-07-26,21.8239,21.9438,21.6094,21.786,1770200
2005-07-27,22.234,22.7766,22.2088,22.7766,3881800
2005-07-28,22.7766,23.5968,22.7451,23.5337,4227600
2005-07-29,23.8429,24.1142,23.4454,23.4769,2454000
2005-08-01,23.6473,23.6536,23.3634,23.4896,1857000
2005-08-02,23.5526,23.6978,23.4769,23.6347,2059500
2005-08-03,23.7106,23.7739,23.5207,23.603,1344900
2005-08-04,23.4574,23.5903,23.3877,23.4764,2236000
2005-08-05,23.4384,23.5397,23.2991,23.4384,1550900
2005-08-08,23.4574,23.7296,23.3118,23.3624,1126000
2005-08-09,23.4131,23.603,23.3244,23.584,1433500
2005-08-10,23.6093,23.7043,23.2738,23.3561,1399200
2005-08-11,23.4131,23.5334,23.2991,23.4257,1622500
2005-08-12,23.4257,23.584,23.2421,23.4574,1174200
2005-08-15,23.4574,23.4827,23.1472,23.2675,1314500
2005-08-16,23.2864,23.3751,22.9319,23.0459,1220600
2005-08-17,23.0459,23.1028,22.8243,22.9762,1566100
2005-08-18,22.8623,22.9572,22.628,22.9002,1691900
2005-08-19,23.0395,23.3181,23.0015,23.1915,1404000
2005-08-22,23.2611,23.4701,23.1662,23.3371,1605500
2005-08-23,23.2928,23.489,22.9002,22.9192,1609200
2005-08-24,22.9256,23.4131,22.8812,23.0775,1587000
2005-08-25,22.7926,23.3497,22.7863,23.2928,1541600
2005-08-26,23.2041,23.3054,22.9382,23.0965,758700
2005-08-29,22.9256,23.1598,22.7293,22.9256,1521400
2005-08-30,22.7926,22.8433,22.3114,22.5583,2330700
2005-08-31,22.5583,22.609,22.3747,22.5457,2577100
2005-09-01,22.5584,22.8053,22.5457,22.7483,1876800
2005-09-02,22.7609,22.9509,22.7293,22.8306,1232500
2005-09-06,22.9572,23.2864,22.8876,22.9825,1471900
2005-09-07,22.9825,23.0079,22.6786,22.8116,1693700
2005-09-08,22.7926,22.9509,22.7103,22.7736,1559400
2005-09-09,22.7293,22.9192,22.666,22.8243,1453100
2005-09-12,22.8559,23.2041,22.8369,23.1661,1931700
2005-09-13,23.1218,23.1978,22.8116,23.0648,1483200
2005-09-14,23.0775,23.1598,22.9699,23.0332,1638400
2005-09-15,23.0775,23.1915,23.0332,23.1535,939300
2005-09-16,23.2295,23.641,23.1788,23.622,2466000
2005-09-19,23.584,23.698,23.4384,23.5903,1661600
2005-09-20,23.7423,24.8693,23.698,24.1982,4742900
2005-09-21,24.0462,24.5527,24.0399,24.2741,2695500
2005-09-22,24.3944,24.5717,24.1982,24.3184,2426500
2005-09-23,24.2235,24.749,24.1728,24.6223,1971000
2005-09-26,24.9896,24.9896,24.4324,24.54,3052200
2005-09-27,24.5337,24.6287,24.3754,24.4641,2264200
2005-09-28,24.6857,25.4834,24.5907,25.3568,2554300
2005-09-29,25.4201,25.7113,25.3251,25.5277,2959200
2005-09-30,25.3441,25.9139,25.3251,25.6797,2866700
2005-10-03,25.6227,25.8949,25.5151,25.7367,2543300
2005-10-04,25.9266,26.1039,25.4581,25.4644,2161000
2005-10-05,25.3251,25.4327,24.9199,24.9959,2535600
2005-10-06,25.1352,25.6164,24.9832,25.2428,2248100
2005-10-07,25.3631,25.7936,25.2301,25.5657,2419300
2005-10-10,25.629,25.6353,24.9452,25.0275,1827900
2005-10-11,25.1668,25.2491,24.9072,24.9832,1533400
2005-10-12,24.692,25.0402,24.3818,24.597,2024900
2005-10-13,24.4071,25.1035,24.0652,25.0149,2815300
2005-10-14,25.0719,25.0972,24.578,24.9896,1375200
2005-10-17,24.9009,25.2745,24.768,25.1985,963300
2005-10-18,25.6987,25.705,24.8439,24.9706,2617700
2005-10-19,24.8186,25.1352,24.4704,24.8819,3989800
2005-10-20,25.4074,25.4771,24.806,24.9073,1715600
2005-10-21,25.0719,25.2998,24.5337,24.5844,1956800
2005-10-24,24.692,25.2302,24.654,25.1668,2005000
2005-10-25,25.1732,26.0722,25.1732,25.5784,3365100
2005-10-26,24.3754,24.9832,24.2235,24.4261,4347000
2005-10-27,24.597,25.2302,24.5654,25.0719,4273000
2005-10-28,25.2618,25.6987,25.0275,25.1732,2818600
2005-10-31,25.2048,25.5594,25.1985,25.4517,2874100
2005-11-01,25.5151,25.781,25.4834,25.6417,2458600
2005-11-02,25.5782,26.2768,25.4511,26.226,2858000
2005-11-03,26.5119,27.0263,26.3594,26.658,3920900
2005-11-04,26.6579,26.6643,26.1371,26.3912,2311500
2005-11-07,26.5373,26.8104,26.4229,26.6516,2141700
2005-11-08,26.3086,26.55,26.0355,26.2832,1474400
2005-11-09,26.4293,26.893,26.2959,26.5881,3060800
2005-11-10,26.7596,26.9628,26.2705,26.7405,2251400
2005-11-11,26.7405,26.9565,26.4674,26.9247,1528100
2005-11-14,26.9247,26.9311,26.4928,26.785,1657500
2005-11-15,26.677,26.9819,26.569,26.8929,1670500
2005-11-16,26.8993,26.9819,26.569,26.6516,1893300
2005-11-17,26.804,27.1851,26.804,27.1724,3283800
2005-11-18,27.2487,27.8838,27.1851,27.8648,2752400
2005-11-21,27.6488,27.9728,27.4392,27.9474,2022200
2005-11-22,27.6933,27.8902,27.255,27.7504,2441800
2005-11-23,27.8838,28.1696,27.833,27.9537,2054900
2005-11-25,27.9156,28.0426,27.6869,27.8775,478100
2005-11-28,27.8838,28.1061,27.7885,27.96,1965300
2005-11-29,27.9918,28.5762,27.9664,28.1188,1551000
2005-11-30,28.0617,28.4745,27.96,28.0998,2239300
2005-12-01,28.1569,28.3856,28.0236,28.0807,1551600
2005-12-02,28.0871,28.2522,27.9537,28.0299,1293300
2005-12-05,28.0362,28.0362,27.0899,27.4773,2624600
2005-12-06,27.6679,27.8775,27.5218,27.5408,2096300
2005-12-07,27.6107,27.7886,27.0263,27.0962,1769400
2005-12-08,27.3122,27.4392,27.02,27.1851,1802000
2005-12-09,27.2487,27.4392,27.0962,27.255,1403300
2005-12-12,27.4011,27.598,26.9311,27.2868,1573900
2005-12-13,27.2995,27.4646,27.02,27.363,1889000
2005-12-14,27.3693,27.9092,27.3185,27.7758,1423800
2005-12-15,27.9346,27.9537,27.5154,27.617,1659000
2005-12-16,27.617,27.833,27.2931,27.3185,2078500
2005-12-19,27.2614,27.4074,27.02,27.0708,997700
2005-12-20,26.9946,27.4202,26.9755,27.2677,1425100
2005-12-21,27.4519,28.2141,27.3947,28.0109,2133300
2005-12-22,27.9982,28.2649,27.9219,28.1696,1592200
2005-12-23,28.2395,28.7222,28.2077,28.7095,1502100
2005-12-27,28.862,29.097,28.3856,28.4618,1293200
2005-12-28,28.4618,28.627,28.2332,28.5507,885300
2005-12-29,28.6079,29.0906,28.5444,28.5571,1007500
2005-12-30,28.519,28.6841,28.284,28.4745,756600
2006-01-03,28.5825,28.5825,27.0454,27.598,4053100
2006-01-04,27.7187,28.0363,27.6043,27.6615,2535900
2006-01-05,27.617,27.6234,27.1407,27.2169,2358900
2006-01-06,26.7723,27.0517,26.1816,26.7786,6493900
2006-01-09,26.677,27.2614,26.677,26.9247,3576600
2006-01-10,26.7405,28.0934,26.5182,26.9438,3134500
2006-01-11,26.9628,27.1661,26.893,26.9946,2414400
2006-01-12,26.893,27.0708,26.7786,26.9438,1939500
2006-01-13,26.8675,27.1026,26.8612,26.9819,1442400
2006-01-17,26.7088,27.0899,26.7024,26.9374,2371000
2006-01-18,26.9438,27.5281,26.8294,27.3122,2373900
2006-01-19,27.598,28.3983,27.5472,28.3284,2849500
2006-01-20,28.4555,28.4555,27.8267,28.1188,2819500
2006-01-23,28.519,28.9509,28.4491,28.8683,3141900
2006-01-24,29.1986,29.5988,28.9636,29.0906,4255500
2006-01-25,30.3292,30.6913,29.8592,30.2593,5136300
2006-01-26,30.488,31.6948,30.3864,31.6631,4591500
2006-01-27,31.6821,31.6821,31.1041,31.4281,3474500
2006-01-30,31.3963,31.7139,31.2756,31.536,2507800
2006-01-31,31.5043,31.7202,31.2947,31.6567,3679300
2006-02-01,31.7778,31.7969,30.9685,31.5739,2623600
2006-02-02,31.4464,31.5229,30.7519,31.0896,2614500
2006-02-03,31.0832,31.5866,30.9749,31.3763,2126000
2006-02-06,31.3445,31.9689,31.2425,31.7013,3168500
2006-02-07,31.7013,31.714,31.0641,31.1915,1682500
2006-02-08,31.2234,31.2234,30.4587,30.7774,2837900
2006-02-09,30.7646,31.0131,30.6818,30.8283,2097100
2006-02-10,30.8283,31.2744,30.4396,31.2234,1845300
2006-02-13,31.4082,31.4146,30.6435,30.7582,1949700
2006-02-14,30.8283,31.8606,30.8283,31.6312,2733500
2006-02-15,31.3126,32.364,31.2616,32.3513,2942000
2006-02-16,32.4978,32.4978,31.7077,31.8606,2493900
2006-02-17,31.7459,31.7778,31.2616,31.4464,1949100
2006-02-21,31.8543,32.0199,31.5484,31.9881,2259700
2006-02-22,32.141,32.4851,31.9944,32.3704,3102200
2006-02-23,32.4914,32.4978,32.0199,32.0518,1634800
2006-02-24,31.8479,32.1346,31.7204,31.8351,1289500
2006-02-27,32.141,32.7527,31.9881,32.7017,1782400
2006-02-28,32.4978,32.689,32.1792,32.6125,2779000
2006-03-01,32.6125,33.2625,32.6125,33.186,2660500
2006-03-02,33.1924,33.3262,32.8037,32.8865,2392300
2006-03-03,32.8228,33.3708,32.6253,33.2115,1936000
2006-03-06,33.1478,33.2051,32.6699,32.9566,2244700
2006-03-07,32.7208,32.8355,31.5675,31.9498,2564100
2006-03-08,31.542,31.8606,30.6627,31.1979,2845900
2006-03-09,31.268,31.8543,31.2362,31.4464,1708100
2006-03-10,31.5101,32.3895,31.4528,32.3895,2182300
2006-03-13,32.638,32.8738,32.4787,32.6317,1802000
2006-03-14,32.7145,32.9948,32.4022,32.8101,1603200
2006-03-15,33.9316,34.4095,33.5492,34.3585,3586700
2006-03-16,34.5815,34.5879,34.0144,34.1865,2164900
2006-03-17,34.4095,34.6389,33.8997,34.3712,2285300
2006-03-20,34.3776,34.8173,34.0399,34.4031,1239700
2006-03-21,34.5943,35.0021,34.0017,34.1164,1682400
2006-03-22,34.0335,34.8874,34.0335,34.8746,1175000
2006-03-23,34.8746,34.881,33.6321,33.7022,2191000
2006-03-24,33.8487,34.0463,33.3071,33.9634,1377500
2006-03-27,33.3581,34.6261,33.3581,34.2183,1519100
2006-03-28,34.1482,34.2948,33.6958,34.1355,1357700
2006-03-29,34.0335,34.3712,33.8423,34.0909,1966400
2006-03-30,34.059,34.5624,34.0271,34.282,1716400
2006-03-31,34.3394,34.6708,34.2311,34.4541,1635300
2006-04-03,34.7281,35.2187,34.6835,35.1486,2156300
2006-04-04,35.1741,35.8623,35.1168,35.5118,1877900
2006-04-05,35.3462,35.8305,35.2697,35.7731,1992400
2006-04-06,35.6839,36.0662,35.6393,35.9006,1539900
2006-04-07,35.6839,35.8623,34.5369,34.6643,2749900
2006-04-10,34.6325,34.7727,34.0463,34.4923,1854100
2006-04-11,34.2884,34.5943,33.8678,34.4222,3393400
2006-04-12,34.5369,34.9065,34.059,34.7982,1951500
2006-04-13,34.9129,35.1295,34.0463,34.3075,2047900
2006-04-17,34.0909,34.7026,34.059,34.3139,1497900
2006-04-18,34.435,36.0025,34.4095,35.9069,3191800
2006-04-19,36.3848,36.627,35.5246,35.601,2367100
2006-04-20,35.8177,36.0981,35.104,35.4418,1707800
2006-04-21,35.805,36.3211,35.4609,35.7986,1891600
2006-04-24,35.6966,36.3848,35.5564,36.1108,2131400
2006-04-25,35.6839,35.6839,34.282,34.5688,4407300
2006-04-26,35.3334,35.7986,35.0148,35.2888,2843600
2006-04-27,34.0463,35.1869,34.0463,34.6707,2381800
2006-04-28,34.8364,35.3207,34.3394,34.4095,2036700
2006-05-01,34.6644,35.2124,34.5752,35.0148,2301900
2006-05-02,35.4163,35.5246,34.5879,35.3589,1822500
2006-05-03,35.442,35.8254,35.1736,35.7232,1604700
2006-05-04,35.9788,36.2664,35.8254,35.9149,1851800
2006-05-05,36.3942,36.49,35.8446,35.9149,2005900
2006-05-08,35.9149,36.2664,35.6848,35.8254,1487200
2006-05-09,35.9149,36.3622,35.6529,36.1961,1557600
2006-05-10,36.1705,36.8798,36.1066,36.6498,1715600
2006-05-11,36.4261,36.5539,35.6081,35.7935,1764500
2006-05-12,35.7999,35.7999,34.5154,34.7454,1779400
2006-05-15,34.4706,34.7646,33.544,34.3556,2905800
2006-05-16,34.5473,34.9627,33.9466,34.4195,1589100
2006-05-17,34.2022,34.509,32.6941,32.9944,2418800
2006-05-18,33.0391,33.4737,31.6396,31.761,3702300
2006-05-19,32.0614,32.7132,31.4671,32.2851,2834200
2006-05-22,32.285,32.9816,31.9208,32.7068,2982400
2006-05-23,32.7196,34.1255,32.7196,33.3906,4079700
2006-05-24,33.2053,33.7996,32.2787,32.8346,3118400
2006-05-25,33.0264,33.4545,32.8602,33.3395,1597400
2006-05-26,33.6654,33.8827,33.4865,33.8316,1009600
2006-05-30,33.8252,33.9977,32.9497,33.0455,1506200
2006-05-31,33.3267,33.8507,33.2309,33.7165,2054100
2006-06-01,33.4865,34.0425,33.3075,33.7741,1878500
2006-06-02,34.0616,34.5026,33.8699,34.2533,1929100
2006-06-05,34.8541,34.8541,32.9113,32.9752,2620900
2006-06-06,33.0647,33.0903,31.9528,32.8858,2646800
2006-06-07,33.2117,33.3714,31.4862,31.5757,2556000
2006-06-08,31.5693,31.8185,29.5052,31.7994,6503300
2006-06-09,31.9272,32.2659,30.8536,31.0197,2982100
2006-06-12,31.5501,31.7291,30.7897,30.8536,2471700
2006-06-13,30.7513,31.7291,30.3615,30.9686,2746800
2006-06-14,30.3935,31.8313,30.3551,31.793,2139500
2006-06-15,32.0997,32.5599,31.6844,32.4768,2918100
2006-06-16,32.202,32.4896,31.8825,32.2211,2460900
2006-06-19,32.4384,32.5279,31.5757,31.6652,1942800
2006-06-20,31.6716,32.2595,31.6013,31.6652,2186300
2006-06-21,31.6652,32.6941,31.6524,32.6493,1655500
2006-06-22,32.7452,32.8794,31.9527,32.5023,1791300
2006-06-23,32.5087,33.0327,32.2851,32.5215,1369400
2006-06-26,32.579,32.7324,32.0933,32.5599,1493600
2006-06-27,32.4896,32.7388,31.7419,31.7419,2124900
2006-06-28,31.7419,32.9113,31.5629,32.579,2776900
2006-06-29,32.5918,33.6462,32.2531,33.5951,2067000
2006-06-30,33.8699,34.247,33.6271,34.0105,2768300
2006-07-03,34.4259,34.4706,34.1255,34.3492,919500
2006-07-05,34.5026,34.509,33.6718,34.3364,1867400
2006-07-06,34.3364,34.4003,33.0711,33.397,2186700
2006-07-07,33.3139,33.4673,32.5982,32.9433,1661400
2006-07-10,33.1669,33.4929,32.8346,33.1669,1603300
2006-07-11,32.988,33.3203,32.7708,33.1222,1726200
2006-07-12,33.1669,33.3011,32.0166,32.1828,2565000
2006-07-13,32.1828,32.2914,31.4096,31.9847,2835800
2006-07-14,31.8058,31.8888,30.8919,31.5054,2278200
2006-07-17,31.3776,31.8122,31.2498,31.6013,2528800
2006-07-18,31.761,32.3362,31.6844,32.2339,3412800
2006-07-19,31.6524,32.8986,31.6332,32.5279,2895600
2006-07-20,32.5279,32.841,30.3998,30.4318,2865900
2006-07-21,30.0356,30.3871,28.93,29.633,4608200
2006-07-24,29.6585,30.1953,29.6585,30.0036,2512600
2006-07-25,29.3965,29.5052,28.521,28.9172,5000000
2006-07-26,27.4794,27.4794,24.987,26.4569,14125700
2006-07-27,26.8147,28.3676,26.7764,27.6455,6941900
2006-07-28,27.6072,28.2462,27.3196,27.965,4157900
2006-07-31,27.9586,28.0481,27.6775,27.7478,3954600
2006-08-01,27.5049,27.5049,26.7892,26.8978,3599200
2006-08-02,27.1995,27.5589,27.0069,27.4113,3897900
2006-08-03,26.9427,27.9119,26.9107,27.7386,4757900
2006-08-04,28.1237,28.6949,26.7438,26.9107,5565400
2006-08-07,26.9107,27.1866,26.4742,26.6539,3632800
2006-08-08,26.7823,27.1545,26.6347,26.7759,3094900
2006-08-09,26.962,27.1289,25.9929,26.0892,3175900
2006-08-10,25.9159,26.532,25.8774,26.378,3494700
2006-08-11,26.3651,26.4999,26.0763,26.2689,2731000
2006-08-14,26.5705,27.084,26.4742,26.6283,3169400
2006-08-15,27.5974,27.745,26.9107,27.745,2697500
2006-08-16,28.0531,28.9837,27.8605,28.9323,3326800
2006-08-17,28.6949,29.1441,28.4189,28.5023,2721800
2006-08-18,28.5023,28.5601,28.0723,28.4253,2292500
2006-08-21,28.4189,28.4253,27.0647,27.2508,3145100
2006-08-22,27.1545,27.546,27.0775,27.4177,2733700
2006-08-23,27.546,27.6551,27.1224,27.2829,1976200
2006-08-24,27.3535,27.4177,26.4614,26.6475,2090900
2006-08-25,26.4486,27.3278,26.4101,27.2123,1903300
2006-08-28,27.1481,27.5781,27.0198,27.1674,2457200
2006-08-29,27.1032,27.2316,26.6283,27.1481,1906500
2006-08-30,27.2829,27.4049,26.7053,26.9941,1559300
2006-08-31,27.161,27.5332,26.8786,27.4241,2190700
2006-09-01,27.469,27.5396,27.0133,27.3471,1766500
2006-09-05,27.2765,27.2829,26.7245,26.9877,4026100
2006-09-06,26.9941,26.9941,26.4935,26.609,4218600
2006-09-07,26.5063,26.7246,26.3138,26.7246,4087400
2006-09-08,26.8208,26.9235,26.4357,26.5128,2823700
2006-09-11,26.4742,26.8657,26.0892,26.7053,2574500
2006-09-12,26.6283,27.3856,26.6283,27.3663,1762900
2006-09-13,27.3663,28.3996,27.3471,28.0402,3024000
2006-09-14,28.0466,28.8168,28.0338,28.1301,2315800
2006-09-15,28.451,28.451,27.5139,27.6295,2692500
2006-09-18,27.7257,29.0543,27.6295,28.7526,4154900
2006-09-19,28.3675,28.3675,27.3278,27.7386,3640500
2006-09-20,27.745,28.1237,27.1032,27.2829,3115800
2006-09-21,27.2829,27.4177,26.5705,26.6732,4101900
2006-09-22,26.4742,26.9171,26.4742,26.808,3614100
2006-09-25,27.0262,27.0968,26.5384,26.9813,3907700
2006-09-26,27.0711,27.7707,27.039,27.6872,3380200
2006-09-27,27.591,28.2649,27.546,28.021,4103000
2006-09-28,27.5974,28.0787,27.5845,27.8862,3008600
2006-09-29,27.7899,28.3547,27.5589,28.2713,3415400
2006-10-02,28.1686,28.2649,27.469,27.5525,3682600
2006-10-03,27.6102,28.1172,27.5589,28.0017,4687000
2006-10-04,27.9568,29.189,27.8092,29.189,5201500
2006-10-05,29.234,30.1902,29.0286,29.6319,5059600
2006-10-06,29.6191,29.6255,28.958,29.3302,2857400
2006-10-09,29.4201,29.7346,29.0735,29.3623,1578200
2006-10-10,29.542,29.7282,29.157,29.4458,2848500
2006-10-11,29.388,29.4971,28.9837,29.3367,3223800
2006-10-12,29.542,29.8308,29.4201,29.6191,2787600
2006-10-13,29.7089,30.2609,29.4714,30.0491,3093300
2006-10-16,29.9143,30.9476,29.8244,30.7871,4634000
2006-10-17,30.7871,30.7871,30.0041,30.6074,2548700
2006-10-18,31.1273,31.8654,30.8834,31.2171,4227800
2006-10-19,30.9989,31.2556,30.6138,31.1145,2552600
2006-10-20,31.6086,31.615,30.8192,30.9347,4144000
2006-10-23,30.6716,31.5701,30.5561,31.2557,2624000
2006-10-24,30.9347,31.3519,30.7037,31.3198,2996600
2006-10-25,32.09,35.3439,32.09,34.4839,10206400
2006-10-26,34.6443,34.6572,33.9063,34.3363,3697000
2006-10-27,33.9576,34.4968,33.6624,34.2272,2268700
2006-10-30,34.0154,34.3812,33.9063,34.1887,3967400
2006-10-31,33.8421,34.2978,33.457,33.7394,5682900
2006-11-01,33.8103,34.4929,33.5784,33.8489,5014500
2006-11-02,33.7265,34.3899,33.5784,34.3705,3659300
2006-11-03,34.377,34.3899,33.1276,33.3788,5192100
2006-11-06,33.675,34.0356,33.3788,33.4818,3483200
2006-11-07,33.5204,34.6861,33.5204,34.0421,3413000
2006-11-08,33.9519,34.319,33.6493,34.0099,2928600
2006-11-09,33.9519,34.1323,33.7845,33.8811,2839900
2006-11-10,33.6943,33.8875,32.928,33.8811,3329200
2006-11-13,33.9004,33.997,33.6814,33.9262,2223100
2006-11-14,33.8811,33.9069,31.2922,32.1358,8276000
2006-11-15,32.329,33.1534,32.329,32.6704,5189600
2006-11-16,32.709,33.192,32.3226,32.9988,4646400
2006-11-17,32.9988,33.1856,32.7412,32.9022,2218800
2006-11-20,32.6446,32.8958,32.4643,32.4643,1636200
2006-11-21,32.49,32.8442,32.4321,32.4578,2122000
2006-11-22,32.4321,32.4321,31.9233,32.2002,2510600
2006-11-24,31.9491,32.2904,31.9426,32.0521,479600
2006-11-27,32.123,32.2646,31.962,32.0843,2275200
2006-11-28,31.9298,31.9362,30.6289,31.2729,5237900
2006-11-29,31.5627,31.7752,31.1441,31.3308,5366300
2006-11-30,31.2729,32.1487,31.1763,31.7172,4483100
2006-12-01,31.6013,31.9169,31.3502,31.5176,2698200
2006-12-04,31.7366,32.4772,31.6206,32.3484,3228600
2006-12-05,32.5351,33.2178,32.5287,33.1856,3331400
2006-12-06,32.8507,33.0117,32.387,32.6575,3483300
2006-12-07,32.5867,32.9666,32.3419,32.8958,2527800
2006-12-08,32.8442,33.0374,32.5287,32.6188,1749800
2006-12-11,32.6639,32.9151,32.4321,32.812,2121800
2006-12-12,32.6768,32.8249,32.1101,32.4514,2419000
2006-12-13,32.4579,32.5609,31.9684,32.0779,3540300
2006-12-14,32.1358,33.4754,32.0135,33.2113,4094100
2006-12-15,33.2113,33.3466,32.8314,32.928,3641000
2006-12-18,33.0439,33.0696,32.651,32.8829,1726300
2006-12-19,32.5866,32.9602,32.2518,32.9408,2232500
2006-12-20,32.5931,32.5995,31.6786,31.7365,3414600
2006-12-21,31.8782,32.2389,31.7494,32.0199,2099800
2006-12-22,32.0392,32.1358,31.3115,31.5112,1631300
2006-12-26,31.4145,31.801,31.3952,31.6721,1231300
2006-12-27,31.8654,32.4643,31.7366,32.4063,1417300
2006-12-28,32.2453,32.6317,32.0457,32.5222,1750300
2006-12-29,32.3355,32.7026,32.2518,32.387,2420600
2007-01-03,32.4965,32.8314,31.5176,31.7043,3402600
2007-01-04,31.8396,31.8525,30.8736,31.1763,3983100
2007-01-05,31.5562,31.9555,31.3115,31.685,4319400
2007-01-08,31.524,31.7816,31.2342,31.5047,2320300
2007-01-09,31.5756,31.6915,31.0861,31.2793,1879000
2007-01-10,30.9766,31.1183,30.5387,31.0346,2285600
2007-01-11,31.1956,31.7108,31.0926,31.6464,2970900
2007-01-12,31.7172,32.3934,31.7172,32.3934,1922300
2007-01-16,32.2904,33.572,32.2904,33.5011,4241900
2007-01-17,33.5011,33.5462,32.4643,33.1083,3589900
2007-01-18,33.617,34.1065,33.0503,33.8038,4186100
2007-01-19,34.0035,34.5509,33.6493,34.1194,3961200
2007-01-22,34.1194,34.1194,33.2629,33.5591,2499000
2007-01-23,33.411,34.6732,32.8893,34.6024,4794200
2007-01-24,34.1258,34.1258,32.4385,32.5931,6977800
2007-01-25,32.4578,32.5094,31.3179,31.4403,5358800
2007-01-26,31.4274,31.4403,30.7834,30.9122,7968400
2007-01-29,30.9122,31.1441,30.4292,30.6289,7175100
2007-01-30,30.5838,30.8285,30.5323,30.616,4429000
2007-01-31,30.603,32.2982,30.4413,32.1235,7908700
2007-02-01,32.0588,32.8481,31.9941,32.5764,5477900
2007-02-02,32.5828,33.2234,32.5117,32.9193,4538600
2007-02-05,32.7058,32.8611,32.2594,32.3435,3206200
2007-02-06,32.337,32.4405,32.0782,32.2658,4204300
2007-02-07,32.4146,32.9322,31.9941,32.1494,5543300
2007-02-08,32.1235,32.1752,31.6124,31.7094,3328200
2007-02-09,31.8,32.2594,31.5153,31.6641,3833700
2007-02-12,31.7094,31.8323,31.153,31.3277,3862500
2007-02-13,31.5412,32.7511,31.3924,32.6152,4902800
2007-02-14,32.6734,33.9933,32.5764,33.8057,5108400
2007-02-15,33.9998,34.0839,32.9387,33.3463,6470300
2007-02-16,33.2946,33.5792,32.7511,33.1134,4386300
2007-02-20,32.9969,33.3851,32.764,33.2751,2725400
2007-02-21,32.6734,33.8963,32.4535,33.6633,2785900
2007-02-22,33.7086,34.0321,32.9387,33.1199,3988300
2007-02-23,32.984,33.1199,32.4923,32.9646,2517700
2007-02-26,32.8999,32.8999,32.0717,32.1558,3458700
2007-02-27,31.6706,31.8129,30.2019,30.6354,4731000
2007-02-28,30.7648,31.1077,30.4154,30.6807,3624800
2007-03-01,30.5254,30.6677,29.8331,30.4154,5999500
2007-03-02,30.4154,30.8036,29.8331,29.9819,3942200
2007-03-05,29.6002,30.3248,29.3608,29.7878,3107400
2007-03-06,30.2148,30.4219,29.9884,30.1501,3521100
2007-03-07,30.1501,31.1465,29.9754,30.8489,4583100
2007-03-08,30.9589,31.5153,30.8748,31.4247,3138300
2007-03-09,31.7029,31.8129,30.9589,31.4053,2747400
2007-03-12,31.2759,31.9811,31.2177,31.7094,2846700
2007-03-13,31.4571,31.7612,30.9007,31.0624,4922400
2007-03-14,30.9912,31.3342,29.8008,30.5254,6553900
2007-03-15,30.5254,31.2889,30.4736,31.0042,4982200
2007-03-16,31.0042,31.8259,30.299,31.5541,6745700
2007-03-19,31.5347,31.8194,31.0754,31.7159,5233800
2007-03-20,31.7159,31.9553,31.6641,31.7871,2819900
2007-03-21,31.7482,32.3111,31.6577,31.9617,5551400
2007-03-22,31.9618,32.4405,31.7288,32.2594,4044900
2007-03-23,32.2594,33.6763,32.0653,33.6245,6854000
2007-03-26,33.3787,33.838,32.7058,32.8352,4968200
2007-03-27,32.8417,32.8417,32.3435,32.6023,3994900
2007-03-28,32.6087,33.0228,32.3499,32.3758,4351200
2007-03-29,32.8675,33.1005,32.1429,32.3046,5280500
2007-03-30,32.4405,33.4757,32.3693,32.7381,5139300
2007-04-02,32.7381,32.9775,32.5246,32.7187,4100900
2007-04-03,32.9193,33.2428,32.7123,32.887,3728800
2007-04-04,32.9969,33.191,32.9258,33.0358,2917200
2007-04-05,32.3435,33.3205,32.1559,32.984,5934800
2007-04-09,34.0062,35.0803,33.9674,34.2198,7485600
2007-04-10,33.8445,34.6274,33.8445,34.1227,4739800
2007-04-11,34.1939,34.3363,33.3075,33.5534,3897300
2007-04-12,33.5792,35.3261,33.1199,35.1709,7853700
2007-04-13,35.5849,35.5849,34.375,34.8668,3826700
2007-04-16,35.0997,35.5073,35.0479,35.4879,4579000
2007-04-17,35.4555,35.5202,34.7891,34.9638,3814700
2007-04-18,35.0932,36.219,35.035,35.6367,5286900
2007-04-19,35.8761,36.3419,35.1773,36.1737,5315500
2007-04-20,36.4907,36.6719,36.1219,36.2708,2940100
2007-04-23,35.9861,36.3161,35.8437,36.0573,3057400
2007-04-24,35.7531,36.3807,35.5396,35.9537,3040200
2007-04-25,36.012,36.5554,34.7956,35.9861,5232100
2007-04-26,35.9861,35.9861,34.4398,34.4721,5449100
2007-04-27,34.4203,35.0673,34.0774,34.6921,4781700
2007-04-30,34.7115,35.022,34.4462,34.4527,4839400
2007-05-01,34.6144,34.8732,34.0516,34.0645,9255600
2007-05-02,34.0645,34.4478,33.9021,34.006,4419800
2007-05-03,34.3114,35.5978,34.3114,34.9026,3489700
2007-05-04,35.065,35.1365,34.6037,35.0326,2274400
2007-05-07,35.0845,35.182,34.5258,34.6687,3142800
2007-05-08,34.7597,35.7667,34.6362,35.4809,5022300
2007-05-09,35.5718,35.7798,35.221,35.5848,2661600
2007-05-10,35.5848,35.7797,34.7337,35.0845,4137500
2007-05-11,35.2145,35.8967,34.9351,35.8772,4708400
2007-05-14,35.8967,36.0396,35.5393,35.6823,2594800
2007-05-15,35.7343,36.5334,35.7213,36.2995,4641000
2007-05-16,36.7543,36.8972,36.4814,36.8972,4596900
2007-05-17,36.9947,38.2097,36.9297,37.8913,10279500
2007-05-18,37.9173,37.9173,37.1961,37.7679,4083700
2007-05-21,37.6119,37.8328,37.2286,37.3585,3715900
2007-05-22,37.2416,37.3975,36.7608,37.2221,3182900
2007-05-23,37.3585,37.7419,37.2026,37.456,3538100
2007-05-24,37.5859,37.9888,36.9817,37.2481,2584300
2007-05-25,37.6119,37.9108,37.0922,37.1831,2396400
2007-05-29,37.3066,37.534,37.0402,37.443,2636700
2007-05-30,37.4235,37.4755,37.0142,37.3326,3539800
2007-05-31,37.3391,37.9173,37.2351,37.6054,4226000
2007-06-01,37.6834,38.4565,37.6834,38.0992,2809800
2007-06-04,38.1512,38.3006,37.8783,38.0667,1449100
2007-06-05,38.0602,38.2357,37.339,37.6639,2310300
2007-06-06,37.4235,37.43,36.3385,36.7283,2694700
2007-06-07,36.202,36.4944,35.1235,35.1625,5594500
2007-06-08,35.3249,35.9552,35.221,35.6628,3797500
2007-06-11,35.5004,35.8317,35.3119,35.4094,3496700
2007-06-12,35.4094,35.4094,34.7012,34.7012,3826000
2007-06-13,34.8506,35.6368,34.6232,35.5069,3305800
2007-06-14,35.5068,36.293,35.5068,36.0006,2866500
2007-06-15,36.215,36.8712,36.1306,36.306,4518900
2007-06-18,36.319,36.358,35.7602,35.8902,1415200
2007-06-19,35.3574,36.6309,35.3574,36.5399,3040500
2007-06-20,36.5789,36.7348,35.7343,35.8187,1847200
2007-06-21,35.8187,36.1306,35.26,35.9357,1819900
2007-06-22,35.5588,35.7992,34.9156,35.0261,3190700
2007-06-25,35.3899,35.3899,34.5258,34.6622,2713700
2007-06-26,34.8831,35.0391,33.9151,33.9475,4332200
2007-06-27,33.8176,34.3829,33.2394,34.2724,4179500
2007-06-28,33.7266,34.8117,33.4732,34.5908,2426300
2007-06-29,34.8636,34.9221,33.9475,34.1555,2391000
2007-07-02,34.4024,35.0326,34.3244,34.8117,2271300
2007-07-03,34.8831,35.4029,34.8052,35.2275,1230500
2007-07-05,35.3574,35.3639,34.5323,34.7597,1867700
2007-07-06,34.6232,35.2145,34.4413,35.0975,1839900
2007-07-09,35.4159,35.9292,35.3444,35.7602,2976600
2007-07-10,35.6693,35.7018,34.7402,34.7792,2491600
2007-07-11,34.5323,35.6888,34.4998,35.4549,3716700
2007-07-12,35.6043,36.2735,35.4354,36.2475,4102900
2007-07-13,35.7083,36.384,35.3899,36.2865,2803300
2007-07-16,36.4684,37.1181,35.9941,36.8128,2490500
2007-07-17,37.1831,37.5405,36.7023,36.7868,3466900
2007-07-18,37.6834,38.3006,37.5405,37.7809,9344900
2007-07-19,38.3266,38.8334,37.2286,37.5729,2988700
2007-07-20,37.0727,37.7549,36.4879,36.9297,2059500
2007-07-23,37.2156,37.456,36.8713,37.0012,1942200
2007-07-24,36.0266,36.7348,35.5004,36.0721,4777500
2007-07-25,36.4489,37.0272,34.8571,35.3964,5177400
2007-07-26,34.8247,35.3964,33.8176,34.3504,7505000
2007-07-27,34.8441,34.8441,32.9405,34.006,8699300
2007-07-30,35.0196,35.3964,34.149,34.9936,4929600
2007-07-31,35.2665,35.9747,34.9156,34.9416,4539100
2007-08-01,34.4911,35.4509,34.2887,35.1309,7671900
2007-08-02,34.6282,35.6206,34.5238,35.1244,3667400
2007-08-03,35.6206,35.6271,33.1332,33.1919,6870100
2007-08-06,33.5184,33.7403,32.5652,32.8328,6481400
2007-08-07,32.748,33.1658,32.1473,32.7349,6625300
2007-08-08,33.2115,33.7664,32.2322,32.761,6400000
2007-08-09,32.5717,32.6631,31.1745,31.9384,9837700
2007-08-10,31.0766,33.5575,31.0766,33.4922,7819500
2007-08-13,34.1059,34.2757,33.4661,33.8122,4218100
2007-08-14,33.3617,33.8187,32.2191,32.6957,5152900
2007-08-15,32.6957,33.2964,31.7882,32.2322,6044100
2007-08-16,31.9972,33.0875,30.3062,32.7349,7798300
2007-08-17,33.3812,34.2496,32.7414,33.2768,7578500
2007-08-20,32.7153,35.255,32.6957,34.2496,5303600
2007-08-21,34.3018,34.8894,33.8774,34.0211,3565200
2007-08-22,34.354,34.7327,34.2496,34.5564,2105900
2007-08-23,35.0591,35.1505,33.0613,33.2833,5029400
2007-08-24,33.4074,33.897,33.205,33.6424,2549600
2007-08-27,33.6946,33.9166,32.7741,33.2833,3162200
2007-08-28,33.1462,33.2964,32.6566,32.7806,2913300
2007-08-29,32.8198,33.8056,32.7676,33.6685,2627100
2007-08-30,33.4792,33.8056,32.8328,32.9634,3428400
2007-08-31,33.4269,33.786,32.9699,33.4335,2820400
2007-09-04,33.2637,33.9427,32.872,33.6489,2780400
2007-09-05,33.3094,33.4596,32.5717,32.9177,3330600
2007-09-06,32.8851,33.2964,32.4476,32.9112,2304600
2007-09-07,32.4999,32.5651,31.9972,32.4215,2746000
2007-09-10,32.6761,32.761,31.5989,32.0559,2411200
2007-09-11,32.1473,32.7545,32.1212,32.6435,2659000
2007-09-12,32.5129,33.2376,32.4607,33.0091,3146400
2007-09-13,33.2964,34.0668,32.8916,33.6685,3461500
2007-09-14,33.2311,33.3029,32.748,33.2376,3699300
2007-09-17,32.9961,33.1658,32.5521,32.65,2256200
2007-09-18,32.8328,34.1386,32.6109,34.0798,4496000
2007-09-19,34.2757,34.5368,33.2964,33.6228,3219900
2007-09-20,33.6228,33.8121,33.0222,33.4531,2345600
2007-09-21,33.5902,33.884,33.3225,33.4596,2817200
2007-09-24,33.4139,33.773,32.8589,32.9961,2931100
2007-09-25,32.8394,33.6685,32.8067,33.6293,2661000
2007-09-26,33.9492,34.341,33.5445,33.9035,2580300
2007-09-27,34.1973,34.3801,33.7925,33.9492,1878500
2007-09-28,33.8905,34.132,33.7012,33.8905,1914400
2007-10-01,33.8383,34.4716,33.7273,34.0668,2461200
2007-10-02,33.9949,34.4389,33.8513,33.9884,2075200
2007-10-03,33.7991,33.9231,32.8916,33.0222,3363000
2007-10-04,33.329,33.5836,32.9177,33.4008,1587200
2007-10-05,33.4726,35.0526,33.4726,34.8633,3487600
2007-10-08,34.7588,34.8437,34.3344,34.5695,2049300
2007-10-09,34.5695,35.4966,34.3214,35.2746,4311500
2007-10-10,35.2746,35.4965,34.4193,34.798,2246900
2007-10-11,34.8698,35.5814,34.1255,34.6217,5296200
2007-10-12,34.7653,35.366,34.6086,34.9938,3122000
2007-10-15,35.0591,35.2028,34.3279,34.7,2323200
2007-10-16,34.7392,34.7392,33.7599,34.0472,2843100
2007-10-17,34.6282,34.7457,33.9949,34.3671,2182100
2007-10-18,34.0145,35.0983,34.0145,34.8437,2864800
2007-10-19,34.7,34.9873,33.884,33.8905,3613800
2007-10-22,33.675,34.4911,33.5967,34.3801,2603000
2007-10-23,34.7914,35.6336,34.7066,35.255,3967800
2007-10-24,34.6674,34.8306,33.4139,34.1647,3708500
2007-10-25,34.2757,34.2757,32.9699,33.5836,3938100
2007-10-26,33.8644,33.8644,33.0026,33.3943,3277600
2007-10-29,33.662,34.0994,33.4988,33.8448,2020500
2007-10-30,33.7534,34.0994,33.329,33.4269,2310500
2007-10-31,33.4073,34.0372,33.4007,33.8928,3268600
2007-11-01,33.6435,33.7747,32.9807,32.9873,2861200
2007-11-02,33.3941,33.4401,32.7445,33.3613,2593000
2007-11-05,32.7248,33.5713,32.7248,33.381,3102400
2007-11-06,33.4073,33.6107,33.1907,33.6041,2426000
2007-11-07,32.9938,33.5582,32.9938,33.066,3706400
2007-11-08,32.9807,33.4729,32.7707,33.4269,3734000
2007-11-09,32.8101,33.4532,32.8101,33.1185,3409200
2007-11-12,32.9938,33.381,32.1802,32.3048,3729100
2007-11-13,32.5083,33.0529,32.3048,33.0135,2558500
2007-11-14,33.2826,33.4335,32.7642,32.7904,2431400
2007-11-15,32.7248,33.3023,32.6198,32.8823,2882800
2007-11-16,32.8823,33.3023,32.7248,33.0988,3746900
2007-11-19,32.8232,33.3744,32.2327,32.4623,3321300
2007-11-20,32.4492,33.0989,32.0883,32.528,3671500
2007-11-21,32.318,32.4295,31.8127,31.9374,4284000
2007-11-23,32.0817,32.6198,32.0817,32.5148,1169700
2007-11-26,32.5148,32.902,32.1145,32.1145,2536400
2007-11-27,32.2195,32.9348,32.108,32.8757,3311000
2007-11-28,33.0595,33.7944,32.9348,33.6829,2470600
2007-11-29,33.5057,33.5516,33.0923,33.3088,2183700
2007-11-30,33.7747,33.9782,33.3285,33.6041,3068800
2007-12-03,33.7813,34.1159,33.3088,33.7419,2352500
2007-12-04,33.5582,34.0766,33.3613,33.591,2002600
2007-12-05,33.8338,34.1225,33.7157,34.0766,2751300
2007-12-06,34.0635,34.9231,33.9585,34.7722,2091200
2007-12-07,34.7656,35.4284,34.7656,34.9887,2039100
2007-12-10,35.015,35.2512,34.4244,34.595,2562200
2007-12-11,34.5819,34.9362,33.591,33.7222,2746900
2007-12-12,34.5491,34.8509,32.9086,33.4138,3981300
2007-12-13,33.3154,34.1094,33.1645,33.801,2299200
2007-12-14,33.4532,33.4663,33.1776,33.2301,2179400
2007-12-17,33.1514,33.4991,32.8101,32.8495,2791900
2007-12-18,33.1382,33.171,32.6133,32.8364,2716800
2007-12-19,32.2458,32.7379,31.5174,32.213,4049800
2007-12-20,32.3836,32.4623,31.9374,32.4492,3402400
2007-12-21,32.8954,33.4597,32.6395,32.8035,5029600
2007-12-24,32.8167,33.5123,32.7576,33.4466,1013500
2007-12-26,33.5319,33.591,33.2826,33.5188,1010000
2007-12-27,33.4663,33.7026,33.322,33.3679,1378200
2007-12-28,33.6632,33.7485,33.2367,33.4663,1376500
2007-12-31,33.2957,33.3679,33.0332,33.0988,1246800
2008-01-02,32.4886,33.1841,32.2523,32.4229,3251900
2008-01-03,32.4098,32.5936,31.5305,31.9833,5686000
2008-01-04,31.6683,31.7995,31.3336,31.4189,3931000
2008-01-07,31.5502,31.7471,31.1368,31.6158,3651800
2008-01-08,31.7143,31.8521,30.6906,30.6906,3884400
2008-01-09,30.789,31.4059,30.52,31.0253,4772700
2008-01-10,30.8218,31.9177,30.6184,31.3599,3807500
2008-01-11,31.1368,31.2024,30.3165,30.4872,4033300
2008-01-14,30.789,31.1368,30.5003,31.0384,3161600
2008-01-15,30.3034,30.7431,30.2313,30.3494,3769600
2008-01-16,30.2706,30.7103,29.8572,30.3165,4795700
2008-01-17,30.3494,30.6906,29.3847,29.4569,4680100
2008-01-18,29.6341,30.0409,28.7548,28.9713,6252900
2008-01-22,27.1405,29.7916,27.1405,29.5751,9117400
2008-01-23,29.726,32.8298,29.1222,32.4229,13192700
2008-01-24,32.5083,33.7222,32.5083,33.2957,5789500
2008-01-25,33.6763,33.8272,32.9085,33.2957,4173900
2008-01-28,33.3876,34.1488,32.7117,34.1225,4879400
2008-01-29,34.1225,34.7787,33.7813,34.5884,4511100
2008-01-30,34.7996,35.0173,33.9418,34.3707,5657800
2008-01-31,33.8956,36.3568,33.5393,35.8883,13531400
2008-02-01,35.9411,37.2476,35.8751,37.142,9711300
2008-02-04,37.0892,37.0892,35.9609,36.0598,4786900
2008-02-05,35.3604,35.532,34.4829,34.9513,5684200
2008-02-06,35.1229,35.9147,34.9909,35.4924,3954800
2008-02-07,35.2285,35.9741,34.9513,35.499,4311300
2008-02-08,35.367,36.1588,35.2285,35.9015,2852400
2008-02-11,35.9609,36.4162,35.2549,36.4096,3513000
2008-02-12,36.6537,36.8385,35.334,35.631,3956800
2008-02-13,36.0467,36.5019,35.7497,36.3832,2552300
2008-02-14,36.5613,36.845,35.631,35.8685,3140800
2008-02-15,35.7959,35.9477,35.1031,35.5914,2447100
2008-02-19,35.9345,36.1918,34.8194,35.1097,3591800
2008-02-20,34.8656,35.1295,34.5225,35.0569,5335200
2008-02-21,35.2483,35.5848,34.595,34.6742,2704700
2008-02-22,34.7468,35.1229,34.3971,35.0899,2465200
2008-02-25,34.826,35.8025,34.6016,35.7629,4311300
2008-02-26,35.8091,36.6867,35.2746,36.5085,4950600
2008-02-27,36.3502,36.8451,36.0401,36.3502,3572500
2008-02-28,36.0137,36.3304,35.6969,36.0137,2256700
2008-02-29,35.4924,35.6507,34.7072,34.8985,3344400
2008-03-03,34.7864,35.4,34.6412,35.3538,2610300
2008-03-04,35.0965,35.4396,34.6874,35.334,3116100
2008-03-05,35.3142,36.2908,35.1229,35.9081,3003400
2008-03-06,35.8685,35.9345,34.4433,34.5422,4363100
2008-03-07,34.4103,35.3934,34.1067,34.2717,4154600
2008-03-10,34.2321,34.8062,33.5591,33.7438,4324200
2008-03-11,34.3047,34.9975,34.0276,34.9711,3485400
2008-03-12,35.0833,35.7563,34.7798,35.1295,3225100
2008-03-13,34.5818,35.7431,34.4433,35.6244,3206100
2008-03-14,35.8091,35.9477,34.4499,34.9249,4043600
2008-03-17,33.988,35.3472,33.9682,34.9447,5122200
2008-03-18,35.3208,37.5841,35.3208,37.5379,6301900
2008-03-19,37.0628,37.5841,34.4697,34.5818,6968000
2008-03-20,34.7336,35.3076,33.7438,35.0173,5454800
2008-03-24,35.2285,36.2116,35.2087,35.8553,1839300
2008-03-25,35.9741,37.4323,35.5518,37.1222,3458600
2008-03-26,36.7395,36.8978,35.6903,35.9213,2966700
2008-03-27,35.9345,36.3172,35.3142,35.7959,3123500
2008-03-28,36.0401,36.172,35.664,35.7959,2438400
2008-03-31,35.7167,36.0137,35.2021,35.8421,2284400
2008-04-01,36.2116,36.4689,35.7959,36.3634,2840600
2008-04-02,36.4492,37.2146,36.3436,36.9836,3242400
2008-04-03,36.6867,37.8348,36.6141,37.5181,4857000
2008-04-04,37.5115,38.0987,37.2211,37.4785,3163600
2008-04-07,37.8282,38.3033,37.2476,37.6237,3227100
2008-04-08,37.5973,37.7424,37.0958,37.4785,2193900
2008-04-09,37.241,37.4455,35.9807,36.2512,3957400
2008-04-10,36.2248,36.7329,35.8685,36.5877,2955000
2008-04-11,36.1918,37.0958,36.1126,36.2842,2600500
2008-04-14,36.337,37.5445,36.1456,37.076,4147100
2008-04-15,37.1948,38.1251,37.0958,38.0261,4024800
2008-04-16,38.8575,39.8869,38.4946,39.6295,6400300
2008-04-17,39.5372,39.8473,38.5078,39.2798,4293800
2008-04-18,39.8605,40.7446,39.6295,40.6721,4156900
2008-04-21,40.4543,40.7117,40.1376,40.5401,2811100
2008-04-22,40.2432,40.837,39.9858,40.3422,3888900
2008-04-23,39.2666,39.5899,38.1713,38.7586,5387400
2008-04-24,39.3194,39.8407,38.3957,39.5438,3480200
2008-04-25,39.6625,39.9199,39.293,39.6757,3015900
2008-04-28,39.8869,39.9793,39.458,39.7219,2540100
2008-04-29,39.7483,40.2498,39.326,39.5834,2744100
2008-04-30,39.6961,40.4188,39.4441,39.5038,3060400
2008-05-01,39.4507,40.4254,39.1723,40.253,3307900
2008-05-02,40.4453,40.4453,39.3844,39.9082,2980900
2008-05-05,39.716,40.1602,39.285,39.9082,2665800
2008-05-06,39.4309,41.5526,39.285,41.2874,4855000
2008-05-07,41.4664,41.4664,40.3591,40.5647,3666000
2008-05-08,40.7702,41.3669,40.6509,41.294,2575200
2008-05-09,40.9956,41.2078,40.6376,41.042,1712800
2008-05-12,41.2343,42.1095,40.6442,42.0233,2956300
2008-05-13,42.0499,42.8787,41.8045,42.7129,3977700
2008-05-14,42.872,43.0179,42.2421,42.2952,3464200
2008-05-15,42.1095,42.8057,41.7979,42.7593,2646500
2008-05-16,42.7527,43.25,42.335,42.64,3321800
2008-05-19,42.7394,44.2511,42.2952,42.9317,5775900
2008-05-20,42.8124,43.25,42.2952,43.0378,4760800
2008-05-21,43.0974,43.7472,42.1824,42.2952,4561800
2008-05-22,42.4145,42.5339,41.7714,42.1029,2920300
2008-05-23,41.9836,42.1891,41.3338,41.599,2779700
2008-05-27,41.6056,42.567,41.6056,42.3747,2477700
2008-05-28,42.4543,42.567,41.8841,42.5604,5888900
2008-05-29,43.3229,44.9142,42.9317,44.3241,5420900
2008-05-30,44.8081,44.9142,43.8997,44.6755,3877200
2008-06-02,44.5363,44.6291,43.7008,44.271,3264000
2008-06-03,44.4898,44.9009,43.1372,43.429,4797600
2008-06-04,43.6213,43.8135,42.9383,43.0975,3806000
2008-06-05,43.2566,44.397,43.2566,44.3904,3077200
2008-06-06,43.9329,44.092,42.5538,42.5538,3643700
2008-06-09,42.9715,43.4953,42.5604,43.25,3404600
2008-06-10,42.9383,43.2367,42.1891,42.8256,3717300
2008-06-11,42.4344,42.567,40.2729,40.3525,7194200
2008-06-12,40.4917,41.599,40.4519,41.0288,3897000
2008-06-13,41.3868,42.5869,41.3868,42.0499,3173400
2008-06-16,41.8509,42.6665,41.4465,42.2554,4469800
2008-06-17,42.5538,42.5538,41.0951,41.1879,3886400
2008-06-18,41.0023,41.5526,40.326,41.1481,3958200
2008-06-19,41.3338,43.0179,41.1614,42.8787,3695500
2008-06-20,42.6333,42.6731,41.7647,42.262,2826200
2008-06-23,42.5272,42.567,41.3603,41.5592,2261000
2008-06-24,41.3603,42.3482,41.0222,41.5194,3132900
2008-06-25,41.5062,42.2687,41.4465,41.6918,2371900
2008-06-26,41.3006,41.6852,40.5448,40.5713,3597600
2008-06-27,40.4055,40.8763,40.1138,40.4718,5069400
2008-06-30,40.4519,42.0101,40.2928,41.5526,3988400
2008-07-01,41.1547,41.1547,39.4905,40.5182,4619400
2008-07-02,40.8232,40.9492,38.2639,38.3368,4481400
2008-07-03,38.3302,40.0939,38.3302,39.0596,2840200
2008-07-07,39.6033,39.9215,38.4032,39.0264,3996600
2008-07-08,39.1524,41.2211,39.0529,41.1614,3918000
2008-07-09,41.2078,41.5725,39.7756,40.0143,2793900
2008-07-10,41.0089,41.8509,40.8166,41.3139,4356400
2008-07-11,40.916,41.6852,39.948,40.9625,3574500
2008-07-14,41.546,42.1029,40.1801,40.5978,3074100
2008-07-15,40.1933,40.7901,39.1524,40.3525,4992500
2008-07-16,40.4851,42.2819,40.4851,42.2488,4736600
2008-07-17,42.5604,42.7527,41.3205,42.0896,2725200
2008-07-18,41.9835,42.3747,41.1813,42.0499,2951500
2008-07-21,41.9703,42.3814,41.652,42.1294,2292200
2008-07-22,42.0366,43.8401,41.7117,43.555,5014500
2008-07-23,44.7484,46.8635,44.3572,46.3861,6465900
2008-07-24,46.8105,48.3023,46.28,46.3729,6260500
2008-07-25,46.2336,46.6514,45.186,46.4856,3420400
2008-07-28,46.9033,47.0558,45.7231,45.7629,4183500
2008-07-29,45.8159,48.1962,45.5839,48.1962,4927700
2008-07-30,48.5625,50.3007,48.123,49.042,5997900
2008-07-31,48.6358,49.042,47.75,47.8965,4486700
2008-08-01,47.9498,47.9765,46.3248,47.0308,3248500
2008-08-04,47.0641,47.4836,45.9186,46.7178,3968700
2008-08-05,47.8099,48.669,46.9575,48.5758,4909100
2008-08-06,48.9288,48.9288,47.7234,48.376,4033100
2008-08-07,47.9032,48.4293,47.0041,47.2505,3489800
2008-08-08,46.9109,49.0553,46.6179,48.9821,3576700
2008-08-11,48.8489,49.6147,47.6435,48.1097,3656800
2008-08-12,48.1429,48.1496,45.1194,45.7787,6288300
2008-08-13,45.5124,46.8643,44.2204,46.5579,4742300
2008-08-14,46.2449,47.9498,45.9919,46.9442,4170500
2008-08-15,46.9908,47.2639,46.4647,47.0041,3910400
2008-08-18,47.0907,47.2772,46.0185,46.2516,3048100
2008-08-19,45.832,46.0984,45.0994,45.2593,3274600
2008-08-20,45.4724,45.7588,44.8131,45.2127,3529200
2008-08-21,44.7465,46.6312,44.62,46.3115,2746400
2008-08-22,46.7178,47.4437,46.5313,47.2772,2036800
2008-08-25,47.0441,47.1506,46.2849,46.6179,2473200
2008-08-26,46.6712,47.0041,46.1317,46.9708,2226700
2008-08-27,46.9575,48.1097,46.7977,47.9365,2281800
2008-08-28,48.1363,49.1419,48.0763,49.0353,2942600
2008-08-29,48.8022,49.8811,48.8022,48.9687,3996000
2008-09-02,48.2428,49.6147,46.3848,46.6046,6580900
2008-09-03,46.4314,47.0175,45.5723,46.0918,4097800
2008-09-04,45.6722,45.6722,44.1804,44.3602,4247000
2008-09-05,43.9607,44.3602,42.2691,44.2137,6417900
2008-09-08,45.1261,45.9519,44.247,44.9596,5232500
2008-09-09,45.1461,45.1461,41.3167,41.663,7688800
2008-09-10,42.6886,44.3336,42.2824,43.601,6956700
2008-09-11,43.6676,45.9386,43.6676,45.6056,6170400
2008-09-12,45.3259,45.7854,44.4535,45.266,4408500
2008-09-15,43.5344,45.0795,43.4612,43.8674,5328900
2008-09-16,43.5211,45.832,42.9883,45.832,7162200
2008-09-17,44.9663,45.9053,44.4068,44.9796,7355400
2008-09-18,45.7921,47.2705,42.8485,46.0318,6810300
2008-09-19,47.9431,48.3227,44.6266,46.8576,4807000
2008-09-22,46.4181,47.417,44.4535,44.6,3674500
2008-09-23,44.8397,46.2116,43.9607,44.3536,4626800
2008-09-24,44.6333,45.0861,43.6476,43.8541,2973100
2008-09-25,44.4135,45.9319,44.1338,45.1994,3529600
2008-09-26,44.3403,46.7844,44.267,46.5713,5091500
2008-09-29,45.9452,46.3049,42.682,43.621,4751500
2008-09-30,44.0006,45.0129,43.5211,44.0939,4001800
2008-10-01,43.6343,44.3403,42.2891,43.3147,4779500
2008-10-02,42.8818,42.8818,37.0679,37.7205,10056100
2008-10-03,37.8803,40.3444,36.6416,37.4075,6344800
2008-10-06,36.4219,38.3798,33.9711,37.9403,6375600
2008-10-07,38.7661,39.1856,36.1954,36.302,5636700
2008-10-08,34.8435,38.4398,33.9977,36.3686,7077000
2008-10-09,36.635,38.5064,34.6304,34.737,5590600
2008-10-10,32.4127,36.6283,30.0086,34.6637,8862800
2008-10-13,36.3087,38.493,34.6304,38.4864,5424800
2008-10-14,40.158,40.3977,35.7093,36.8481,5745400
2008-10-15,36.7216,36.7216,32.486,33.4783,6721300
2008-10-16,34.1243,35.383,32.0531,35.2831,6671700
2008-10-17,34.364,37.2277,33.8579,34.9901,5098600
2008-10-20,35.4296,37.2743,34.9634,37.201,4036900
2008-10-21,36.8281,38.3132,35.7493,35.8758,4111400
2008-10-22,36.3952,37.594,35.0367,36.322,7351200
2008-10-23,37.2277,37.5807,33.9378,36.3486,6455200
2008-10-24,33.6315,36.595,33.6315,35.3763,5137100
2008-10-27,35.323,37.2943,34.6371,34.8502,4553200
2008-10-28,35.8558,38.26,34.1576,38.18,4708100
2008-10-29,38.7461,41.6697,37.2277,38.5663,5758600
2008-10-30,39.8649,40.7307,37.554,39.1856,5172100
2008-10-31,39.179,41.0104,38.2999,39.9182,4125800
2008-11-03,40.4177,40.9039,38.6795,39.0325,3514300
2008-11-04,39.9582,41.4233,39.6318,40.5575,4851000
2008-11-05,40.263,41.1199,38.0001,38.2076,5028100
2008-11-06,37.3306,38.5959,35.6301,36.005,5815000
2008-11-07,36.3197,36.8419,35.0075,35.9649,4601400
2008-11-10,36.7549,37.3306,36.2059,36.8352,4002900
2008-11-11,36.7482,37.6118,35.0811,36.641,4495900
2008-11-12,35.9916,36.4335,33.9363,34.1907,5007100
2008-11-13,34.4652,36.4134,31.794,36.2126,9063400
2008-11-14,35.4895,36.8218,34.4719,34.8,5196800
2008-11-17,34.2644,34.887,32.8116,33.5145,4387100
2008-11-18,33.5748,34.3447,32.517,33.5547,4323500
2008-11-19,33.5078,33.6016,30.1671,30.3479,6710100
2008-11-20,30.0399,31.091,27.7302,28.9821,7360100
2008-11-21,29.6717,30.5822,28.3729,30.5822,5697800
2008-11-24,31.1981,32.8451,30.0064,32.0283,5840900
2008-11-25,32.6911,33.307,31.5195,32.3697,4107300
2008-11-26,31.7806,33.5145,31.5061,33.153,3830400
2008-11-28,33.1463,33.6418,32.276,33.1196,1820400
2008-12-01,32.2827,32.2961,30.3947,30.5219,4503500
2008-12-02,31.0709,31.9546,30.6692,31.881,3737700
2008-12-03,31.3119,31.7873,29.819,31.0374,7086500
2008-12-04,30.6291,32.0149,30.2274,30.8567,4414100
2008-12-05,30.4081,31.0709,29.1227,30.8901,5247000
2008-12-08,31.7873,33.2534,31.4659,32.6844,4795300
2008-12-09,32.3764,32.3764,30.8366,31.3789,3910200
2008-12-10,31.7471,32.5304,31.2852,32.3965,4408800
2008-12-11,32.0015,32.7848,30.542,30.937,3735600
2008-12-12,30.1805,30.8701,28.9218,29.8056,4056400
2008-12-15,30.2943,30.8299,28.8683,29.4708,3404900
2008-12-16,29.7052,31.3789,29.5914,31.004,4180700
2008-12-17,30.4952,32.9723,30.4952,32.1019,4046600
2008-12-18,32.2827,32.6844,30.3278,30.7295,4178800
2008-12-19,30.5219,30.9504,29.6985,29.8324,5096200
2008-12-22,29.5646,30.06,29.2566,29.8792,3302800
2008-12-23,29.9997,30.0332,29.1227,29.424,3049100
2008-12-24,29.5177,29.8926,29.1361,29.2365,881100
2008-12-26,29.3972,29.752,29.3035,29.6985,1026100
2008-12-29,29.5846,29.8658,28.7679,29.4842,3292900
2008-12-30,29.6315,30.5086,29.3905,30.4617,2967300
2008-12-31,30.5889,31.9412,30.368,31.4994,3474300
2009-01-02,31.4057,33.0995,31.1914,32.8518,3025000
2009-01-05,32.7112,33.0325,32.0417,32.4701,3456500
2009-01-06,32.1756,33.5681,32.1756,33.4074,3420500
2009-01-07,33.1396,33.5815,31.64,31.8542,3009000
2009-01-08,31.6735,32.209,30.9638,31.8944,2143300
2009-01-09,31.8944,32.2023,30.7094,31.1646,2961200
2009-01-12,30.5286,30.5286,28.6875,28.9955,5534400
2009-01-13,29.3771,29.7319,27.4624,28.2122,6812300
2009-01-14,27.9042,28.0917,26.1435,26.4581,8346800
2009-01-15,26.3644,26.8732,24.8045,25.9761,8624700
2009-01-16,26.4046,26.5987,24.9183,25.3133,6229800
2009-01-20,24.9987,25.5209,23.4856,23.6195,6562100
2009-01-21,23.9677,24.597,22.3944,23.6999,9152400
2009-01-22,23.3919,24.2087,22.9634,23.8137,7575200
2009-01-23,23.2111,23.4388,22.4078,22.863,6201900
2009-01-26,22.8697,23.8873,22.7626,23.6329,5492800
2009-01-27,23.8471,25.6213,23.345,25.2062,8491800
2009-01-28,26.4447,27.2481,25.5476,26.6858,7635200
2009-01-29,26.3711,26.4381,25.387,25.5811,3729400
2009-01-30,25.6213,25.9426,25.0321,25.6815,4736000
2009-02-02,25.3133,25.5878,24.7443,25.1393,4107200
2009-02-03,25.3334,25.628,24.5769,25.3736,5830900
2009-02-04,25.6235,26.5355,25.4141,26.0964,4500700
2009-02-05,26.0964,26.88,25.3398,26.6909,4073900
2009-02-06,26.7179,28.6027,26.5558,27.8799,6433300
2009-02-09,27.7853,28.1095,26.9273,27.8461,4153900
2009-02-10,27.6569,27.8461,25.4952,25.941,6707400
2009-02-11,26.1504,26.3464,25.2655,25.6843,3510700
2009-02-12,25.3128,25.3128,23.8874,24.8669,6126100
2009-02-13,24.8331,25.9478,24.6575,25.4884,5102600
2009-02-17,24.9615,25.3398,23.732,24.0968,5640400
2009-02-18,24.1035,24.6575,23.7252,24.0225,3450700
2009-02-19,23.2253,24.0157,22.8673,22.9956,4393800
2009-02-20,22.82,23.3604,22.3674,22.9484,6483300
2009-02-23,23.1443,23.3942,21.6851,21.7662,5092900
2009-02-24,21.854,22.8943,21.7121,22.6106,5621900
2009-02-25,22.5295,22.5295,21.5162,21.9958,5753600
2009-02-26,22.1985,22.3944,21.7391,21.8675,5702600
2009-02-27,21.3878,21.9688,20.7866,21.4284,6066500
2009-03-02,20.7731,20.996,19.8881,19.9692,5810500
2009-03-03,20.2056,20.334,19.5233,19.6787,8123700
2009-03-04,19.9489,20.638,19.449,20.2529,8877100
2009-03-05,19.6517,19.9489,18.152,18.4087,9668200
2009-03-06,18.5776,19.3477,18.1385,18.5168,6988600
2009-03-09,18.8073,18.8816,18.0304,18.206,7952600
2009-03-10,18.5911,19.145,18.4695,19.0572,9281500
2009-03-11,19.3071,19.5166,18.868,19.2058,4869000
2009-03-12,19.2126,20.3542,18.8072,20.2259,7063900
2009-03-13,20.3678,20.6447,19.5233,19.78,5144500
2009-03-16,20.2597,21.6648,20.057,20.969,7533100
2009-03-17,20.8879,21.327,20.5637,21.2798,4191300
2009-03-18,21.0974,21.4824,20.2732,21.1446,7324500
2009-03-19,21.3406,21.7864,20.942,21.246,4818200
2009-03-20,21.3541,21.577,20.4826,20.5772,5247500
2009-03-23,20.8609,22.543,20.8609,22.5295,5203300
2009-03-24,22.2255,23.6442,21.6851,23.1105,8132300
2009-03-25,23.1713,23.4415,22.0161,22.6714,6861000
2009-03-26,23.1375,24.3873,22.9889,24.2792,7627300
2009-03-27,23.9955,24.0225,23.3807,23.5631,5466300
2009-03-30,22.9619,23.151,22.0161,22.3809,5095300
2009-03-31,22.8808,23.3267,22.1647,22.7997,5930500
2009-04-01,22.5363,23.5564,22.2863,23.3334,5993100
2009-04-02,23.8198,25.6978,23.8198,24.9277,7481300
2009-04-03,24.9953,25.3668,24.8602,25.2993,4575400
2009-04-06,25.0898,25.0898,23.9009,24.5832,5212000
2009-04-07,24.2319,24.4751,23.5293,23.7658,3895900
2009-04-08,23.8266,24.6507,23.8266,24.4819,4880400
2009-04-09,25.1101,25.5019,24.8872,25.2317,4612200
2009-04-13,25.0628,25.2114,24.2792,24.9885,4871300
2009-04-14,24.6913,25.1844,24.4211,24.6237,3564800
2009-04-15,25.0696,25.7249,24.5697,25.002,6467200
2009-04-16,25.1101,25.4479,24.6507,25.1439,4094700
2009-04-17,25.1844,25.9883,25.0425,25.5289,3996200
2009-04-20,25.1709,25.333,23.8401,24.0833,4221000
2009-04-21,23.9144,25.4884,23.7117,25.2452,7205200
2009-04-22,23.3402,26.5558,23.3402,25.333,22727600
2009-04-23,25.4546,26.7922,25.0831,25.7924,10719000
2009-04-24,26.0694,26.3531,25.3263,25.5289,5816400
2009-04-27,25.002,25.2587,23.9279,24.2657,7646200
2009-04-28,23.9414,24.1981,23.2051,23.4888,6421400
2009-04-29,23.98,24.6349,23.7344,24.2256,4086300
2009-04-30,24.5121,25.017,24.1028,24.3416,5367900
2009-05-01,23.9595,24.7987,23.4137,24.4234,5727600
2009-05-04,24.6759,26.4496,24.6622,25.8629,7796700
2009-05-05,25.7265,26.0949,24.9283,25.2148,3937500
2009-05-06,25.5286,26.0608,25.0374,25.7197,5365300
2009-05-07,25.8834,26.0676,24.9283,25.2626,6606600
2009-05-08,25.515,26.2177,25.4126,25.9311,5366000
2009-05-11,25.6378,25.7674,24.8396,24.8601,5292000
2009-05-12,25.283,25.324,24.5394,24.9078,6960400
2009-05-13,24.5121,24.6622,23.7617,23.8504,5550500
2009-05-14,23.6184,24.478,23.5365,23.5365,4123800
2009-05-15,23.5434,24.3006,23.5434,23.9322,4943600
2009-05-18,24.3347,24.7782,23.9527,24.7304,4307400
2009-05-19,24.8942,25.2012,24.5258,24.6008,3272600
2009-05-20,24.8464,26.0949,24.7577,25.0169,4325800
2009-05-21,24.669,24.7509,23.1681,23.4888,6296700
2009-05-22,23.5229,24.2733,23.4752,24.0209,3341200
2009-05-26,24.1369,25.2148,23.6525,24.8737,5245300
2009-05-27,24.901,24.9487,23.7071,23.8299,4620100
2009-05-28,24.2392,24.2461,23.4274,24.1369,3302400
2009-05-29,24.2938,25.3785,24.1983,25.3785,4616100
2009-06-01,25.631,27.2274,25.3103,26.9545,7209400
2009-06-02,26.9203,27.8891,26.8453,27.3774,5868200
2009-06-03,27.2001,27.432,26.1631,26.6065,4347300
2009-06-04,26.7498,27.6367,26.4155,27.5889,5350200
2009-06-05,27.971,28.5713,27.4866,27.7663,5111300
2009-06-08,27.2751,28.3189,27.2683,27.93,4358900
2009-06-09,27.8686,28.585,27.7868,28.0597,4088800
2009-06-10,28.4417,28.4417,27.1182,27.6572,4704200
2009-06-11,27.6367,28.1279,27.5343,27.5957,2989000
2009-06-12,27.5548,28.2439,27.3092,28.1279,3589300
2009-06-15,27.5275,27.9028,26.3814,26.7498,4993500
2009-06-16,27.2205,27.432,26.4837,26.5383,4209900
2009-06-17,26.4496,26.7089,25.938,26.1699,4203400
2009-06-18,26.3336,26.3336,25.6037,26.0062,3301900
2009-06-19,26.1699,26.5451,25.8902,26.2381,5001700
2009-06-22,25.7538,25.9243,24.785,24.8328,3646800
2009-06-23,24.9215,25.1602,24.5053,24.8669,2965200
2009-06-24,25.2012,25.9857,25.0033,25.1739,5212700
2009-06-25,25.017,26.7566,25.017,26.5929,4320200
2009-06-26,26.4428,26.9749,26.1017,26.7361,4511400
2009-06-29,26.5042,26.8044,25.8561,26.0744,3716300
2009-06-30,26.204,26.4155,25.3513,25.6992,4069000
2009-07-01,25.5969,26.7907,25.5969,26.0471,3950400
2009-07-02,25.7606,25.8493,25.1398,25.1739,3126700
2009-07-06,24.9283,25.3922,24.6963,25.3376,3746700
2009-07-07,25.2284,25.3376,24.3757,24.4712,4883400
2009-07-08,24.5394,24.8874,24.0687,24.6281,5066000
2009-07-09,24.7577,25.1807,24.5872,24.7168,3022100
2009-07-10,24.6008,25.515,24.3075,25.0033,2086800
2009-07-13,24.9215,25.515,24.403,25.5082,3110400
2009-07-14,25.8834,26.8931,25.8834,26.4564,5247700
2009-07-15,26.8112,27.6367,26.702,27.5275,4340800
2009-07-16,27.4866,28.1074,27.2205,27.9164,3647100
2009-07-17,27.8072,28.4281,27.5275,28.237,3309700
2009-07-20,28.3121,29.3013,28.1415,29.2331,4562800
2009-07-21,29.3354,29.8266,28.9875,29.5878,4748600
2009-07-22,29.5332,30.2564,29.0011,29.9426,3806800
2009-07-23,29.8266,31.0751,29.7516,30.9454,4864000
2009-07-24,30.7135,31.0341,30.0517,30.5907,2666600
2009-07-27,30.8568,30.9045,30.2018,30.7817,2943200
2009-07-28,30.3587,30.8022,29.5333,29.7652,5527800
2009-07-29,28.8647,29.2808,28.3871,29.199,5197500
2009-07-30,29.4719,29.9494,29.2126,29.3013,3762800
2009-07-31,29.3218,29.8334,29.1103,29.506,3720900
2009-08-03,29.8334,30.4952,29.7174,30.2632,4063100
2009-08-04,30.1268,30.5498,29.8471,30.3178,3095900
2009-08-05,30.5928,30.5928,29.5753,29.8641,2326600
2009-08-06,29.9328,30.1184,29.5272,29.6509,2158900
2009-08-07,30.091,32.3046,30.0222,31.8784,5775000
2009-08-10,31.7959,31.7959,30.8472,31.0534,2937500
2009-08-11,30.7715,32.1534,30.5172,31.9265,4402500
2009-08-12,31.9265,32.5933,31.6309,32.2084,4650200
2009-08-13,32.3596,33.4458,31.9128,33.4046,5062600
2009-08-14,33.3427,33.3427,32.2015,32.4971,3213500
2009-08-17,31.9265,31.9609,30.9984,31.1634,3175100
2009-08-18,31.239,31.7546,31.1634,31.6996,2685900
2009-08-19,31.349,31.8371,30.9365,31.3971,3051100
2009-08-20,31.4934,32.119,31.1772,31.9403,4224400
2009-08-21,32.0984,32.9027,31.8303,32.6827,2814500
2009-08-24,32.7446,32.999,32.0021,32.3184,2630300
2009-08-25,32.6002,32.9715,32.1465,32.2221,2434200
2009-08-26,32.119,32.4559,31.6446,31.7684,3067900
2009-08-27,31.7821,32.174,30.9709,31.9678,2800400
2009-08-28,32.2634,32.504,31.7615,32.2496,2735000
2009-08-31,31.6927,32.0365,31.3834,31.5346,2383000
2009-09-01,31.3834,32.1809,31.0259,31.1772,2870100
2009-09-02,31.1084,31.1153,30.4141,30.5859,2876100
2009-09-03,30.8609,32.284,30.7303,32.1877,4376600
2009-09-04,32.1327,33.1365,31.9196,32.9715,3341700
2009-09-08,33.2327,33.4596,32.5727,32.6621,3279300
2009-09-09,32.5177,33.8652,32.5177,33.2671,4384200
2009-09-10,33.3221,34.0302,33.0058,33.8446,3074200
2009-09-11,34.0164,34.4427,33.0815,33.4665,4575600
2009-09-14,33.2602,33.9133,32.999,33.7071,2238600
2009-09-15,33.9202,33.9202,33.1571,33.5283,3395800
2009-09-16,33.8308,34.0233,32.229,32.6484,5573800
2009-09-17,32.6002,32.7927,31.8921,32.064,3921800
2009-09-18,32.2909,32.3527,31.6996,31.8578,3352900
2009-09-21,31.4728,31.8921,31.3284,31.5621,2742200
2009-09-22,31.899,32.394,31.7753,31.9471,2520000
2009-09-23,32.3184,32.3184,31.4109,31.459,2443100
2009-09-24,31.5621,31.7478,30.8678,30.9709,2579200
2009-09-25,30.8059,30.909,29.7335,30.2216,3879100
2009-09-28,30.4003,30.8747,30.1391,30.5653,1874600
2009-09-29,30.6409,30.6753,30.0703,30.1459,2569300
2009-09-30,30.2078,30.3797,29.4035,29.6372,4474700
2009-10-01,29.2728,30.3797,29.2728,29.9878,6210500
2009-10-02,29.6647,30.0703,29.3622,29.7403,3802200
2009-10-05,29.9397,30.359,29.5135,30.2972,2520000
2009-10-06,30.4484,30.8953,30.2559,30.4965,3581400
2009-10-07,30.5584,30.8678,30.2559,30.5309,2489900
2009-10-08,30.964,31.624,30.7441,31.514,4700200
2009-10-09,31.5071,31.8027,31.2184,31.734,2463900
2009-10-12,31.8578,32.2359,31.2115,31.5896,2418100
2009-10-13,31.5828,31.5828,31.074,31.404,3425300
2009-10-14,31.8646,33.2396,31.8646,33.1915,6619900
2009-10-15,33.1021,33.4733,32.8615,33.4321,4476800
2009-10-16,33.0952,33.9546,32.889,33.7896,4132100
2009-10-19,33.8927,34.5114,33.5765,34.1539,3750400
2009-10-20,34.2364,34.2433,33.6108,34.0439,3027000
2009-10-21,33.9271,34.4427,33.384,33.4252,3088800
2009-10-22,33.219,33.5902,32.7308,33.4458,4003500
2009-10-23,33.0815,33.0815,31.6309,32.229,6028500
2009-10-26,32.2496,32.9302,31.9884,32.2634,4079300
2009-10-27,32.2359,32.6621,31.6309,31.6584,6077900
2009-10-28,32.5521,34.2021,31.7546,31.7959,9205000
2009-10-29,32.0434,32.7377,31.7959,32.4009,3622300
2009-10-30,32.2015,32.5659,31.7959,32.0503,4982300
2009-11-02,32.0846,32.8752,31.5827,32.0571,3464400
2009-11-03,34.1471,34.3739,32.6896,33.7896,12993300
2009-11-04,34.2257,34.8764,34.0526,34.5165,8373100
2009-11-05,34.7934,35.3749,34.5441,35.3056,3842100
2009-11-06,35.2572,36.3025,35.001,36.0464,5548200
2009-11-09,36.3925,36.4548,35.7418,35.9633,7035700
2009-11-10,35.7418,36.261,35.6587,35.8595,3096800
2009-11-11,35.8802,36.3579,35.7556,35.9702,3645600
2009-11-12,36.2679,36.5794,35.3679,35.4856,5457100
2009-11-13,35.7556,35.8802,35.4926,35.7695,4383500
2009-11-16,35.9494,35.9979,35.5964,35.7625,6332600
2009-11-17,35.5687,35.7971,35.3402,35.7764,5201700
2009-11-18,35.7902,35.9425,35.368,35.7349,2800800
2009-11-19,35.4303,35.4787,34.8972,35.2503,2959700
2009-11-20,35.0149,35.6864,35.008,35.5825,3444700
2009-11-23,35.8871,36.2748,35.8802,36.0117,2504200
2009-11-24,35.9425,36.0117,35.4856,35.6448,2616500
2009-11-25,35.6587,35.9356,35.5479,35.8871,1891700
2009-11-27,35.2502,35.6795,34.821,35.4372,1466800
2009-11-30,35.5202,35.7487,35.1395,35.5825,2232700
2009-12-01,35.7625,36.4548,35.7625,36.2402,1736000
2009-12-02,36.3094,36.3579,35.9287,36.1502,1324600
2009-12-03,36.1364,36.1987,35.5618,35.6379,1818100
2009-12-04,35.9979,36.6832,35.9979,36.5794,2456900
2009-12-07,36.4825,36.6486,36.1779,36.2264,2041800
2009-12-08,36.0256,36.0394,35.3126,35.5133,2673200
2009-12-09,35.6587,35.6587,35.0633,35.4925,1658700
2009-12-10,35.811,36.2748,35.6587,36.1641,1863500
2009-12-11,36.1987,36.3717,36.0117,36.1502,1707200
2009-12-14,36.2264,36.8148,36.2264,36.7456,1782000
2009-12-15,36.7871,36.7871,36.351,36.5379,1641600
2009-12-16,36.6279,36.7732,36.4756,36.5933,1638300
2009-12-17,36.2194,36.3925,35.9771,36.0394,1675700
2009-12-18,36.2887,36.351,35.8525,36.0256,2264200
2009-12-21,36.171,36.8771,36.1641,36.7456,1597000
2009-12-22,36.9671,37.0917,36.5448,36.6971,1757600
2009-12-23,36.6971,37.3409,36.5863,37.2578,1194800
2009-12-24,37.2163,37.7632,37.2163,37.5486,594400
2009-12-28,37.5555,37.6801,36.8771,37.0986,799700
2009-12-29,37.2232,37.3755,36.8909,36.8979,1021500
2009-12-30,36.8286,37.0363,36.7456,36.8563,993800
2009-12-31,36.8217,36.8979,36.261,36.2887,1164900
2010-01-04,36.5725,36.5725,36.0256,36.4064,1884500
2010-01-05,36.3856,37.1194,36.344,36.9671,1803900
2010-01-06,36.7802,37.3547,36.6971,36.8632,2116000
2010-01-07,36.6971,36.7109,36.0741,36.3787,3161500
2010-01-08,36.3025,37.9086,36.3025,37.6316,3042400
2010-01-11,37.8878,37.8878,37.1955,37.5417,1452500
2010-01-12,37.2717,37.6109,37.0917,37.3963,2466200
2010-01-13,37.4032,37.5347,36.9048,37.3824,1497600
2010-01-14,37.2094,37.3547,36.524,36.794,2677100
2010-01-15,36.9394,36.9394,36.2125,36.5379,2805900
2010-01-19,36.621,36.794,36.3233,36.7248,1779200
2010-01-20,36.0048,36.0533,35.2364,35.8248,3114800
2010-01-21,35.721,36.344,34.8764,34.8903,3712600
2010-01-22,34.8903,35.2364,34.3019,34.3711,2728300
2010-01-25,34.7518,34.8418,34.2672,34.5234,1600900
2010-01-26,34.4126,34.9595,34.1842,34.4403,2461000
2010-01-27,34.3088,35.0772,34.0526,34.911,3019000
2010-01-28,34.5649,34.5718,33.0973,33.2911,4524100
2010-01-29,33.2288,33.6027,32.5227,32.5781,3038300
2010-02-01,32.7304,33.575,32.7304,33.2842,2305800
2010-02-02,33.5196,34.2949,33.2635,33.9211,2867500
2010-02-03,33.8723,34.3324,33.6353,33.7747,1710700
2010-02-04,33.468,33.5656,32.6036,32.6454,2929400
2010-02-05,32.5757,32.9661,32.1923,32.8336,3011500
2010-02-08,32.7709,33.1822,32.2411,32.2829,3128000
2010-02-09,32.9521,33.2867,32.7151,32.8615,1898500
2010-02-10,32.8336,33.0288,32.2829,32.7569,2391300
2010-02-11,32.6593,34.1024,32.5966,33.8653,3510200
2010-02-12,33.5307,33.8444,33.2867,33.7956,2419000
2010-02-16,33.9978,34.7995,33.7399,34.7785,2512100
2010-02-17,34.7855,34.8552,34.0814,34.3394,2253500
2010-02-18,34.43,35.0992,34.3115,35.0295,2693600
2010-02-19,34.8343,35.7615,34.8343,35.5593,3290700
2010-02-22,35.7196,35.8102,35.4268,35.6499,1665500
2010-02-23,35.5593,35.6778,34.9807,35.3293,1997400
2010-02-24,35.4338,35.6639,35.2386,35.629,1715300
2010-02-25,35.3223,36.0682,34.918,36.0054,2563100
2010-02-26,35.9915,36.0612,35.5802,35.8521,2579400
2010-03-01,36.6468,36.9884,36.3889,36.6956,2915200
2010-03-02,36.9605,37.0162,36.584,36.7444,1423400
2010-03-03,36.7583,36.9465,36.347,36.4028,1834400
2010-03-04,36.2703,36.7932,36.2494,36.5771,2614400
2010-03-05,36.8001,37.0511,36.6677,36.9256,2668300
2010-03-08,37.0232,37.2114,36.6398,36.9256,1839300
2010-03-09,36.9117,37.6715,36.8699,37.4624,2369400
2010-03-10,37.6436,37.9434,37.1696,37.553,1979600
2010-03-11,37.6088,38.027,37.553,37.8946,1878900
2010-03-12,38.1944,38.1944,37.6297,37.9573,1272100
2010-03-15,37.8876,38.1177,37.6367,38.034,1277700
2010-03-16,38.1386,38.4871,38.0061,38.4314,2142400
2010-03-17,38.4871,38.7241,38.3338,38.5359,1742900
2010-03-18,38.3616,39.0518,38.3268,38.8148,2248900
2010-03-19,38.5708,39.1564,38.3477,38.5708,3175700
2010-03-22,38.3617,38.8357,38.0271,38.6196,2811500
2010-03-23,38.7381,38.9124,37.9643,38.5081,2933700
2010-03-24,38.3686,38.3686,37.7412,38.1037,2841400
2010-03-25,38.3826,38.8984,38.0619,38.1316,2887700
2010-03-26,38.3547,38.3826,37.7482,38.2222,1909200
2010-03-29,38.4593,38.9891,38.3129,38.9054,1796200
2010-03-30,38.8705,39.3864,38.8287,39.1773,3059800
2010-03-31,38.8845,39.1006,38.6266,38.9612,1945800
2010-04-01,39.2121,39.7349,39.2121,39.728,2853800
2010-04-05,39.8465,40.2996,39.4422,40.1253,2602200
2010-04-06,39.9511,40.2717,39.8116,40.1462,2509200
2010-04-07,40.0486,40.3693,39.6652,40.209,3886500
2010-04-08,40.0208,40.8224,39.9998,40.7527,4164100
2010-04-09,40.7527,40.8643,39.9441,40.3693,2643900
2010-04-12,40.3484,40.7179,40.1044,40.7039,2503500
2010-04-13,40.69,41.3244,40.3414,41.2477,2902900
2010-04-14,41.6938,42.2515,41.415,41.9169,3401700
2010-04-15,41.8332,42.363,41.6659,42.2515,2565600
2010-04-16,42.0981,42.2376,40.8294,41.4568,2910500
2010-04-19,41.3453,41.4986,40.8782,41.401,1605000
2010-04-20,41.7566,42.2097,41.5753,41.9587,1695800
2010-04-21,41.9657,42.0563,41.6032,41.9587,2266900
2010-04-22,41.6171,42.2376,41.1013,42.2027,2448900
2010-04-23,41.9866,42.4537,41.7705,42.4397,2923900
2010-04-26,42.4676,42.7116,42.3003,42.5861,1973400
2010-04-27,42.4118,42.5861,41.4917,41.5823,2900400
2010-04-28,40.8503,41.638,40.5157,41.2477,5057700
2010-04-29,41.5405,42.4397,41.415,42.1818,4304700
2010-04-30,42.1818,42.6279,41.3034,41.3592,2971900
2010-05-03,41.6729,42.9347,41.652,42.6279,3149900
2010-05-04,41.9448,42.0563,41.178,41.5823,3007600
2010-05-05,40.8602,41.5052,40.6078,40.9022,3226600
2010-05-06,40.6989,41.1897,36.4082,39.5281,4866400
2010-05-07,39.4509,39.8436,38.203,38.7148,4769300
2010-05-10,41.0635,41.2387,40.124,41.2177,3508100
2010-05-11,40.6778,41.8487,40.6778,41.4701,2832700
2010-05-12,41.7646,42.7111,41.5262,42.5778,2121800
2010-05-13,42.3745,42.5989,41.7856,41.9188,1999400
2010-05-14,41.4911,41.7365,40.5517,40.8672,2287100
2010-05-17,40.8812,41.2808,39.6472,40.755,2212500
2010-05-18,41.0845,41.1336,39.6823,40.0399,2748800
2010-05-19,39.8926,40.4255,38.5255,39.2476,3431500
2010-05-20,38.3222,38.7008,37.2565,37.4458,3468700
2010-05-21,36.7517,38.7919,36.5063,38.4273,3747700
2010-05-24,38.2661,38.9812,38.0908,38.1188,2252900
2010-05-25,37.0672,38.1118,36.8078,38.0768,2949900
2010-05-26,38.5044,39.2336,38.2661,38.5535,2795900
2010-05-27,39.0092,39.8155,38.5956,39.7664,2538000
2010-05-28,39.8646,39.9978,39.0934,39.5842,2747400
2010-06-01,39.2336,40.1661,38.5395,38.5816,6398700
2010-06-02,38.883,39.7734,38.4904,39.7454,3437200
2010-06-03,39.9698,40.2502,39.3177,39.8225,2698200
2010-06-04,38.8971,39.1495,37.2214,37.4388,4303000
2010-06-07,37.5159,37.7683,36.5694,36.5905,3348700
2010-06-08,36.7517,37.5299,36.4572,37.3967,3002200
2010-06-09,37.7332,38.8971,37.3967,37.579,2996200
2010-06-10,38.3432,39.4159,38.3432,39.3738,3581200
2010-06-11,38.8831,39.8997,38.8129,39.8225,2177900
2010-06-14,40.2432,40.3834,39.3388,39.3878,2220400
2010-06-15,39.7874,41.0284,39.7874,40.9863,2965900
2010-06-16,40.5797,41.2598,40.5166,40.8672,4798300
2010-06-17,40.8742,41.2177,40.138,41.1266,3418500
2010-06-18,41.1616,41.435,41.0074,41.428,3610200
2010-06-21,42.017,42.655,41.7155,42.045,4853000
2010-06-22,41.9679,42.0731,40.124,40.2923,3363700
2010-06-23,40.3203,40.4746,39.5912,40.2923,2617000
2010-06-24,40.138,40.159,39.2266,39.4229,2428000
2010-06-25,39.479,39.9698,39.1845,39.7384,3063100
2010-06-28,39.9697,40.1661,39.507,39.6823,1773100
2010-06-29,38.9812,38.9812,37.1373,37.4668,5458300
2010-06-30,37.4388,38.0137,37.0742,37.1934,4090300
2010-07-01,37.2355,37.7963,36.4713,36.948,5716100
2010-07-02,37.0462,37.1583,35.5879,35.693,5808600
2010-07-06,36.1558,36.3591,35.0761,35.4056,5546400
2010-07-07,35.5598,36.3591,35.3916,36.289,8498900
2010-07-08,36.7447,36.8078,36.1488,36.4292,8140800
2010-07-09,37.1022,37.8033,36.7587,37.7262,5546500
2010-07-12,37.6701,38.0557,37.2985,37.9926,4187100
2010-07-13,38.6727,39.3458,38.2871,38.7638,8167700
2010-07-14,38.4624,39.0373,38.203,38.5605,3817800
2010-07-15,38.5605,38.6797,37.8805,38.5816,3085900
2010-07-16,38.217,38.3432,37.2565,37.4107,4347600
2010-07-19,37.6421,37.6842,36.8358,37.1163,3672800
2010-07-20,36.3871,37.9155,36.2539,37.8524,4252900
2010-07-21,38.0768,38.1118,36.927,37.2635,3321100
2010-07-22,37.9506,38.9882,37.9366,38.3642,3692100
2010-07-23,38.3502,39.7174,38.2661,39.5842,5270100
2010-07-26,39.7875,40.5727,39.5771,40.0749,4370800
2010-07-27,40.2922,40.4114,39.3738,39.6262,3961200
2010-07-28,38.2591,39.3528,38.0978,39.2827,5759600
2010-07-29,39.6122,39.7524,38.9321,39.2126,3149900
2010-07-30,38.7919,39.6332,38.5535,39.451,2253500
2010-08-02,40.1941,40.3483,39.6753,40.3133,2526600
2010-08-03,40.0889,40.5166,39.6963,40.2642,1971800
2010-08-04,40.4476,40.7581,40.2995,40.6452,2491000
2010-08-05,40.4053,40.9204,40.3065,40.8639,2077500
2010-08-06,40.5041,40.7722,39.594,40.2572,2817400
2010-08-09,40.5323,40.9204,40.2713,40.8639,1998600
2010-08-10,40.2995,40.9062,39.9891,40.7228,2350500
2010-08-11,39.8268,40.0596,38.6909,38.9872,3195400
2010-08-12,38.2746,38.8814,38.0983,38.7403,2176600
2010-08-13,38.5498,38.9802,38.451,38.578,1696600
2010-08-16,38.2817,38.6556,38.0912,38.4863,1795000
2010-08-17,39.0013,39.6434,38.8884,39.1424,2480900
2010-08-18,39.1566,39.7351,38.8461,39.5728,2021100
2010-08-19,39.4105,39.4246,37.9078,38.4933,3030600
2010-08-20,38.2111,38.4863,37.6397,38.4087,2560300
2010-08-23,38.6697,38.6697,37.5973,37.7173,2617600
2010-08-24,37.1952,37.4774,36.3556,37.174,3787200
2010-08-25,36.8001,37.6326,36.4826,37.4139,3527400
2010-08-26,37.682,38.1053,37.3575,37.428,2270600
2010-08-27,37.7737,38.5498,37.3927,38.4863,2262100
2010-08-30,38.4228,38.7685,37.7385,37.7808,1770100
2010-08-31,37.555,38.4299,37.4421,37.8725,3493200
2010-09-01,38.3381,39.6504,38.2746,39.5234,3483300
2010-09-02,39.5093,40.3066,39.467,40.3066,2199200
2010-09-03,40.5747,41.3578,40.4688,40.8569,2272500
2010-09-07,40.6523,41.0121,40.3418,40.6805,2565000
2010-09-08,40.7158,41.3719,40.6311,41.1885,2612800
2010-09-09,41.6118,41.647,40.6311,40.8639,1974900
2010-09-10,40.998,41.6259,40.998,41.52,2440800
2010-09-13,42.0068,42.0774,41.5906,41.7599,2376100
2010-09-14,41.7105,41.9151,41.4424,41.4636,2283300
2010-09-15,41.3366,41.8234,41.2025,41.6188,2137600
2010-09-16,41.4777,41.6612,41.0474,41.2237,1768900
2010-09-17,41.4495,41.5553,40.9627,41.2378,3206300
2010-09-20,41.3789,41.8305,41.2308,41.5765,2502100
2010-09-21,41.6894,42.3314,41.5694,41.8799,2527800
2010-09-22,41.7176,41.9081,41.2237,41.5765,2957600
2010-09-23,41.1038,41.5553,40.7863,40.9133,2069800
2010-09-24,41.0262,42.3243,41.0262,42.2467,2981200
2010-09-27,42.2961,42.3949,42.0069,42.028,3187600
2010-09-28,42.1691,42.1832,41.3366,42.0774,2947700
2010-09-29,41.8728,42.6559,41.6118,42.1691,3690100
2010-09-30,42.5219,42.8958,41.7458,41.9857,2409600
2010-10-01,41.6894,41.9434,41.2026,41.64,2614400
2010-10-04,41.5624,41.9927,40.8569,41.1814,2186500
2010-10-05,41.6964,42.2044,41.5271,41.9857,4465600
2010-10-06,41.9786,42.2044,41.6611,42.0986,3312500
2010-10-07,42.2961,42.3243,41.5906,42.0704,3008200
2010-10-08,42.0069,42.8041,41.8234,42.7053,2389300
2010-10-11,42.6842,43.1428,42.3314,42.797,1586300
2010-10-12,42.5854,42.5854,41.6682,42.1409,3614600
2010-10-13,42.79,44.2434,42.7476,43.8906,4924200
2010-10-14,43.8906,43.8906,43.1428,43.5872,2537100
2010-10-15,43.8624,43.9329,43.0722,43.3967,2341700
2010-10-18,43.5308,43.559,43.1921,43.3826,1503400
2010-10-19,42.7477,43.2133,42.2679,42.7124,2549300
2010-10-20,42.8676,43.9259,42.8253,43.6507,2160800
2010-10-21,43.559,43.6719,42.8605,43.432,2277900
2010-10-22,43.4814,43.8412,43.3897,43.813,1137600
2010-10-25,44.0811,44.575,43.7001,43.7213,1974700
2010-10-26,43.5096,44.2222,43.3967,43.8835,2163900
2010-10-27,43.4744,43.5096,42.6277,43.2839,3589700
2010-10-28,43.2697,43.2838,41.9857,42.8888,4376800
2010-10-29,42.8676,43.7213,42.5995,43.3826,2862800
2010-11-01,43.686,44.3633,43.3544,43.5802,2760900
2010-11-02,43.8977,44.1446,43.4532,44.0105,2148300
2010-11-03,44.2376,44.3937,43.6202,44.0886,2118300
2010-11-04,44.5853,45.1601,44.2873,44.5073,4515100
2010-11-05,44.3654,44.9331,44.0602,44.2163,2779300
2010-11-08,44.0957,44.4931,43.968,44.2518,1536600
2010-11-09,44.3086,44.4505,43.6415,43.7693,2053600
2010-11-10,43.5706,44.1667,43.3293,44.0673,2077100
2010-11-11,43.7409,44.1525,43.5848,43.9751,1740000
2010-11-12,43.5919,43.9041,42.9745,43.2583,2049800
2010-11-15,43.4783,44.2092,43.4641,43.5209,1681100
2010-11-16,43.2867,43.3861,42.7049,42.9674,2379500
2010-11-17,42.6055,42.9603,42.2933,42.8184,3210200
2010-11-18,43.4145,43.9396,43.308,43.3932,2385400
2010-11-19,43.2867,43.5635,43.1377,43.5564,2209500
2010-11-22,43.3506,43.5067,42.8893,43.3293,1518500
2010-11-23,42.8468,42.9461,42.0094,42.3146,2912200
2010-11-24,42.7048,43.4641,42.641,43.3009,1915800
2010-11-26,42.8255,43.5067,42.8113,43.1732,1055400
2010-11-29,42.861,43.2654,42.5629,43.2229,2207300
2010-11-30,42.8184,43.159,42.5203,42.6978,2744000
2010-12-01,43.3506,43.7551,43.3506,43.6557,2944000
2010-12-02,43.6699,44.6279,43.6699,44.3441,2843200
2010-12-03,44.2376,44.706,44.2092,44.6208,1398100
2010-12-06,44.5286,44.6847,44.2092,44.5002,1218000
2010-12-07,44.9898,45.1814,44.486,44.5853,2469200
2010-12-08,44.6421,44.7273,43.897,44.0389,2400400
2010-12-09,44.3015,44.6989,44.1525,44.3441,1436900
2010-12-10,44.5711,44.6137,44.266,44.486,1434100
2010-12-13,44.7415,44.7486,44.1596,44.1667,2005500
2010-12-14,44.3583,44.7273,44.0815,44.2518,2231700
2010-12-15,44.0815,44.6847,44.0815,44.3653,2040900
2010-12-16,44.4079,44.7414,43.9254,44.6989,1512900
2010-12-17,44.5995,44.6563,44.1099,44.4718,2652700
2010-12-20,44.6421,44.6563,44.0389,44.2021,1575200
2010-12-21,44.2944,44.5782,44.2447,44.4576,1497000
2010-12-22,44.5427,44.6776,44.2021,44.4718,1208400
2010-12-23,44.6066,44.6776,44.1596,44.3086,1337300
2010-12-27,44.1028,44.6421,44.0957,44.5498,942100
2010-12-28,44.6208,44.6705,44.266,44.5002,1024100
2010-12-29,44.5711,44.7982,44.5073,44.5215,1156700
2010-12-30,44.5428,44.7273,44.3583,44.5215,1178200
2010-12-31,44.4363,44.7131,44.4221,44.5782,1132300
2011-01-03,44.8834,45.5291,44.8834,45.224,3477900
2011-01-04,45.2666,45.3162,44.5924,44.9827,2261300
2011-01-05,44.6989,45.3446,44.6989,45.2169,2874200
2011-01-06,45.3162,45.4227,45.0111,45.2737,2600000
2011-01-07,45.4014,46.3523,45.4014,46.1536,4310200
2011-01-10,45.9904,46.771,45.8059,46.5581,2964700
2011-01-11,46.8348,46.8348,45.8555,46.0968,3301300
2011-01-12,46.5226,46.6361,46.0188,46.4232,1746900
2011-01-13,46.4587,46.8348,46.2671,46.6077,1389900
2011-01-14,46.5723,46.7355,46.2387,46.409,2214600
2011-01-18,46.5794,46.7355,45.9691,46.3239,2437500
2011-01-19,46.3736,46.3736,45.7704,46.0188,2688200
2011-01-20,45.5859,45.8059,45.0253,45.5433,3503800
2011-01-21,45.9691,46.0968,45.1743,45.2524,3202200
2011-01-24,45.1601,45.7917,45.0962,45.6356,3306100
2011-01-25,45.3872,45.6214,44.5286,44.6492,8380800
2011-01-26,44.6279,45.153,44.0531,44.5144,5082500
2011-01-27,44.5712,44.8621,44.188,44.2163,3013400
2011-01-28,44.2376,44.3512,42.7332,42.8468,5749800
2011-01-31,42.9745,43.5635,42.9461,43.4216,4333100
2011-02-01,43.7906,44.1525,43.6912,44.0815,3050000
2011-02-02,44.0672,44.3815,43.4244,43.4958,2775400
2011-02-03,43.4959,43.8315,43.3459,43.4459,3856500
2011-02-04,43.4673,43.6744,43.1673,43.6173,3027200
2011-02-07,43.8672,44.1458,43.6387,43.9244,2007000
2011-02-08,43.9244,44.0743,43.6387,43.9958,1977500
2011-02-09,43.8244,44.4743,43.7958,44.3672,2612500
2011-02-10,44.1886,45.1528,44.1386,45.0243,3505700
2011-02-11,44.7314,45.9527,44.7314,45.7813,2999200
2011-02-14,45.6385,46.1242,45.4885,46.017,2465600
2011-02-15,45.9599,46.1599,45.8813,46.0385,2227400
2011-02-16,46.267,46.7813,46.1456,46.3599,3055000
2011-02-17,46.4099,46.7241,46.1884,46.567,2661900
2011-02-18,46.5098,46.7455,46.267,46.4241,3136200
2011-02-22,45.9099,46.4956,45.7171,45.9956,4641000
2011-02-23,46.0599,46.0956,44.8457,45.4957,5796600
2011-02-24,45.4456,46.0456,45.1242,45.7885,3955600
2011-02-25,46.067,46.4099,45.917,46.1813,1917800
2011-02-28,46.4813,46.9027,46.3456,46.8384,3063200
2011-03-01,47.0669,47.1455,46.1742,46.2813,3658700
2011-03-02,46.2456,46.9312,46.167,46.5384,2324800
2011-03-03,46.8741,47.0026,46.4813,46.9455,2842900
2011-03-04,46.9312,46.9598,46.217,46.6384,2776600
2011-03-07,46.8884,47.0812,45.9099,46.3099,2720700
2011-03-08,46.4313,46.9955,46.2384,46.8955,2774700
2011-03-09,46.7098,47.0812,46.3527,46.7098,2094700
2011-03-10,46.4027,46.7455,45.7099,46.3884,3519300
2011-03-11,46.9455,47.7954,46.7027,47.5169,4716800
2011-03-14,47.0241,47.3169,46.4027,47.0884,3330000
2011-03-15,45.7456,47.1384,45.6385,46.8241,3508900
2011-03-16,46.7527,46.8741,45.6671,45.9456,3846400
2011-03-17,46.6741,47.674,46.4741,47.0241,3587000
2011-03-18,47.7669,47.9311,47.1312,47.3383,3607000
2011-03-21,47.8526,48.5668,47.7026,48.4311,1986500
2011-03-22,48.5025,48.9168,47.974,48.0668,2241900
2011-03-23,47.9168,48.0883,47.4955,47.624,1919700
2011-03-24,47.7883,48.4168,47.7526,48.3882,2125500
2011-03-25,48.4525,49.281,48.4311,49.0525,2271200
2011-03-28,49.0882,49.281,48.8739,49.1167,1700400
2011-03-29,49.0525,49.7024,48.9168,49.681,1978700
2011-03-30,49.9667,49.9952,49.2239,49.2739,2956800
2011-03-31,49.1239,49.9666,49.1239,49.4738,2126900
2011-04-01,49.7381,49.9952,49.4024,49.5096,1382400
2011-04-04,49.731,49.9238,49.3381,49.6953,1431200
2011-04-05,49.4881,49.5024,49.0096,49.1024,1845800
2011-04-06,49.3167,49.3953,48.5668,49.0239,1588700
2011-04-07,48.8739,49.1453,48.5096,48.6596,1228500
2011-04-08,48.9739,48.9739,47.924,48.3454,1961200
2011-04-11,48.4311,48.6311,48.124,48.324,1369200
2011-04-12,48.124,48.7596,47.9311,48.4025,1659900
2011-04-13,48.5311,48.7025,48.174,48.4454,1549400
2011-04-14,47.874,47.9383,47.3669,47.8383,2721000
2011-04-15,47.9883,48.5668,47.8026,48.3811,2414700
2011-04-18,47.9383,48.0954,47.4098,47.7812,2556200
2011-04-19,47.8526,48.1668,47.6597,48.0311,2157800
2011-04-20,48.3382,48.6525,47.0955,47.624,3464300
2011-04-21,47.8454,48.1454,47.2455,47.3312,2787900
2011-04-25,47.474,47.9454,47.3669,47.8811,2092600
2011-04-26,48.0168,48.9167,47.8954,48.8667,2000000
2011-04-27,48.8525,49.1524,48.5596,48.8596,2529600
2011-04-28,51.3951,53.1092,50.7166,52.7592,6960900
2011-04-29,52.6307,53.5377,52.445,53.3378,3575000
2011-05-02,53.2806,53.5663,52.9235,53.2878,2978100
2011-05-03,52.9521,53.4449,52.7521,53.3163,2130500
2011-05-04,52.8281,53.1943,51.8012,51.9233,3486300
2011-05-05,51.514,52.4403,51.2124,51.8587,3120000
2011-05-06,52.6054,52.7778,52.1315,52.3828,2398300
2011-05-09,52.2895,52.7275,51.9377,52.5193,1708000
2011-05-10,53.0865,53.4743,52.785,53.2948,1908400
2011-05-11,53.3092,53.3092,52.2321,52.4403,2416300
2011-05-12,52.4259,52.6413,51.8156,52.4044,1800000
2011-05-13,52.4187,52.5624,51.1621,51.3919,2369700
2011-05-16,51.2627,51.8156,51.1621,51.2483,1967700
2011-05-17,51.1981,51.4709,50.6451,50.8749,2683400
2011-05-18,50.7959,51.873,50.4943,51.7797,1939100
2011-05-19,51.9951,52.627,51.9736,52.2105,1738900
2011-05-20,52.0454,52.1962,51.5355,51.8874,1596200
2011-05-23,51.2268,51.6504,50.8534,51.5427,2075700
2011-05-24,51.5786,51.7222,50.8893,51.1119,1800600
2011-05-25,51.2052,52.0095,50.6739,51.8012,1840400
2011-05-26,51.2196,51.7797,50.9539,51.7079,2542100
2011-05-27,51.9951,52.4187,51.952,52.11,1602800
2011-05-31,52.5049,52.7562,51.9951,52.6413,2265200
2011-06-01,52.6055,52.7778,50.7888,50.8318,3156100
2011-06-02,50.9324,51.83,50.9036,51.4278,2025700
2011-06-03,50.6954,51.1262,50.4943,50.7816,2149800
2011-06-06,50.6236,51.2124,50.4297,50.5302,2105200
2011-06-07,50.7241,51.4997,50.6093,51.1837,2435500
2011-06-08,51.0185,51.0329,50.5159,50.6451,2471800
2011-06-09,50.76,51.6002,50.559,51.2986,2058500
2011-06-10,51.1693,51.3919,50.4656,50.5302,2250300
2011-06-13,50.6092,51.1119,50.3579,50.6882,1642400
2011-06-14,51.277,52.1315,51.2268,51.7797,2518300
2011-06-15,51.3919,51.7079,50.8175,50.9898,2687500
2011-06-16,51.0688,51.2196,50.0276,50.4154,2806900
2011-06-17,51.0329,51.2268,50.5661,50.9611,2444800
2011-06-20,50.4369,51.7007,50.4369,51.4206,2008300
2011-06-21,51.672,52.7563,51.593,52.548,1867600
2011-06-22,52.3757,53.1225,52.3182,52.5624,2505200
2011-06-23,51.3345,52.0526,51.3345,51.9664,2907200
2011-06-24,51.952,52.1315,51.356,51.4637,2563900
2011-06-27,51.2698,51.9951,51.2555,51.7869,1570300
2011-06-28,52.0741,52.5265,51.7366,52.4403,1629500
2011-06-29,52.7634,53.3809,52.5767,53.2876,2705900
2011-06-30,53.2948,54.4437,53.2517,53.8046,2161300
2011-07-01,53.8549,55.3485,53.4456,55.2408,2896000
2011-07-05,55.0971,55.1474,54.4078,54.5442,2060500
2011-07-06,54.5155,55.1546,54.3791,54.8817,1790200
2011-07-07,55.3485,55.4346,54.7094,55.2838,2091800
2011-07-08,54.4796,54.8315,54.0057,54.3432,1841000
2011-07-11,53.6754,53.8333,53.3738,53.6179,1672800
2011-07-12,53.3882,53.6467,52.9142,53.0794,1987600
2011-07-13,53.4743,54.2067,53.2732,53.5748,1489900
2011-07-14,53.7687,54.1062,52.8065,53.1656,1826800
2011-07-15,53.3953,53.3953,52.469,53.0722,1827100
2011-07-18,52.9932,53.0291,52.2105,52.7347,2125300
2011-07-19,53.0004,53.6323,52.8496,53.5892,1477200
2011-07-20,54.1708,54.1708,53.3953,53.9195,2142200
2011-07-21,54.2355,55.3628,54.2355,55.0397,1934800
2011-07-22,54.9751,55.212,54.5442,54.7237,1161500
2011-07-25,54.1924,55.2049,54.0775,54.8961,1438900
2011-07-26,54.7955,54.7955,53.3451,54.2498,2359700
2011-07-27,54.8602,56.2963,54.573,54.6591,5142200
2011-07-28,54.7453,55.9301,54.5945,54.9392,2850300
2011-07-29,54.415,54.6591,53.3953,54.3575,2852000
2011-08-01,55.0038,55.0469,53.3953,54.0272,3199400
2011-08-02,53.4169,53.9195,52.3039,52.39,3707500
2011-08-03,52.6428,52.6428,51.1476,51.9061,4273000
2011-08-04,51.3138,51.7544,49.7247,49.7391,4739300
2011-08-05,50.3531,50.8659,48.54,49.9775,4166800
2011-08-08,47.7238,48.6917,46.8354,46.8859,6617900
2011-08-09,47.8972,49.1757,46.1925,49.0312,6109000
2011-08-10,48.4534,49.768,47.5938,48.1861,6414900
2011-08-11,48.345,49.7319,47.7599,49.1179,4802300
2011-08-12,49.6958,50.1797,48.9084,49.2407,3399900
2011-08-15,49.5874,50.1292,49.1685,50.0642,2007900
2011-08-16,49.6524,49.9414,48.7351,49.2768,3305900
2011-08-17,49.4935,50.0208,48.7206,49.3346,2382900
2011-08-18,47.9983,48.02,45.8097,46.402,4497500
2011-08-19,45.8675,47.1243,45.3907,45.5496,3645400
2011-08-22,46.4309,46.6909,45.0151,45.1885,4270100
2011-08-23,45.3257,46.5898,44.6829,46.5898,3446000
2011-08-24,46.5898,47.3482,46.0192,47.2616,2778500
2011-08-25,47.4566,47.8972,46.272,46.3948,2847200
2011-08-26,46.0697,47.1099,44.8562,47.081,3601300
2011-08-29,47.825,48.0778,47.2038,48.0055,2090100
2011-08-30,47.8177,49.1179,47.695,48.8362,3906200
2011-08-31,49.1179,49.6163,48.3739,48.8868,2718200
2011-09-01,48.9157,49.5585,48.2078,48.2872,2489600
2011-09-02,47.3843,47.6155,46.7415,47.0376,2849400
2011-09-06,45.6002,47.0087,45.109,46.9726,4578700
2011-09-07,47.6299,48.3378,47.4638,48.2945,4213200
2011-09-08,47.8033,48.4606,47.6516,48.02,4283300
2011-09-09,47.4855,47.7599,46.5537,46.8282,4404600
2011-09-12,46.077,46.8209,45.6074,46.7776,3089500
2011-09-13,46.9437,48.5184,46.8354,48.3089,3580700
2011-09-14,48.4389,49.638,47.1604,49.3346,3739400
2011-09-15,49.898,50.4109,49.3635,50.3603,3748300
2011-09-16,50.5626,51.1332,50.3603,50.8659,4526400
2011-09-19,49.9341,49.9341,48.7134,49.2768,3187600
2011-09-20,49.2696,50.2086,48.7062,48.7856,2340100
2011-09-21,47.5938,48.0055,44.6973,44.7334,8745100
2011-09-22,43.5416,45.2029,42.9059,43.6572,6787900
2011-09-23,42.9637,44.7117,42.8193,44.4445,3621500
2011-09-26,44.8707,45.3113,43.8594,45.2318,2854300
2011-09-27,46.1781,46.6476,45.5713,45.8602,3332400
2011-09-28,45.918,46.0336,44.2567,44.3361,2525100
2011-09-29,45.1235,45.853,44.8706,45.8458,3131200
2011-09-30,45.0729,45.2463,44.0761,44.0761,3004300
2011-10-03,43.7077,44.4156,43.2238,43.3466,3581600
2011-10-04,42.552,44.7262,41.5841,44.6034,4200000
2011-10-05,44.4373,45.9253,44.105,45.7375,2443800
2011-10-06,45.4268,47.2977,45.0585,47.276,3734500
2011-10-07,47.5577,47.7022,46.337,46.857,2799600
2011-10-10,47.7166,48.7423,47.5071,48.7206,2050300
2011-10-11,48.1283,49.3418,47.8177,48.5473,3060000
2011-10-12,48.634,49.4719,48.2511,48.7134,2464000
2011-10-13,48.3523,48.8868,47.8611,48.4245,2322200
2011-10-14,48.7929,49.3274,48.4678,49.2407,1805500
2011-10-17,49.1612,49.1612,47.8611,47.9477,1706200
2011-10-18,47.89,49.9414,47.8033,49.4502,2540000
2011-10-19,49.4574,49.8908,48.5039,48.6701,2963200
2011-10-20,48.9012,50.0136,48.9012,49.6885,2596200
2011-10-21,50.1436,51.2704,50.0569,51.2127,2143400
2011-10-24,51.2849,51.3643,50.6276,50.9815,3686800
2011-10-25,50.4398,50.5987,49.3346,50.1147,2076600
2011-10-26,50.7937,50.9598,49.8402,50.3964,3216300
2011-10-27,53.0257,54.7954,53.0185,54.2897,5424100
2011-10-28,53.7552,54.5353,53.2785,54.1597,3749200
2011-10-31,53.6396,54.2247,53.134,53.4446,2741900
2011-11-01,51.2271,53.3218,50.707,52.5128,4387900
2011-11-02,53.828,54.3657,52.4256,52.9851,3051700
2011-11-03,53.7699,53.8207,52.8979,53.6972,2988100
2011-11-04,53.0287,53.5446,52.0333,53.4356,3591700
2011-11-07,53.4429,53.9007,52.6872,53.6464,2453900
2011-11-08,53.8789,54.0969,52.7889,54.046,2580700
2011-11-09,52.68,53.0069,52.0769,52.2803,2580800
2011-11-10,53.0505,53.9007,52.6945,53.6173,2484600
2011-11-11,54.2567,55.3684,54.2567,54.9979,2452200
2011-11-14,54.5982,54.9615,54.2494,54.5038,1464900
2011-11-15,54.2785,55.1287,53.9588,54.7581,1657500
2011-11-16,54.1041,54.8453,53.7699,53.828,1782300
2011-11-17,53.3775,53.581,52.1568,52.8035,3704800
2011-11-18,53.0796,53.5228,52.709,53.254,2892400
2011-11-21,52.571,52.8543,51.6845,52.1059,3225500
2011-11-22,52.0986,52.5928,51.7789,52.0623,2976900
2011-11-23,51.5537,51.6264,50.9724,51.1177,2505700
2011-11-25,51.0668,51.7353,50.8634,51.1831,1662600
2011-11-28,52.8616,53.1886,52.5855,53.0723,3120400
2011-11-29,53.145,53.937,52.9924,53.0142,3000400
2011-11-30,54.6128,55.2231,54.3076,54.8889,3367500
2011-12-01,54.6346,54.8235,54.1768,54.3366,2859500
2011-12-02,54.6418,55.2086,54.3875,54.5038,2345900
2011-12-05,55.0923,55.5792,54.591,55.0415,2022900
2011-12-06,55.0705,55.2812,53.9297,54.3948,2422100
2011-12-07,54.1477,54.6854,53.7699,54.3076,1929300
2011-12-08,53.8716,54.1477,52.927,53.0723,2397400
2011-12-09,53.3412,53.8208,52.9343,53.6173,2254100
2011-12-12,53.2685,53.4502,52.5927,53.1014,1622500
2011-12-13,53.1305,53.6173,51.6191,51.8879,2397300
2011-12-14,51.5537,51.6336,50.6817,50.8779,4003900
2011-12-15,51.6045,51.6191,50.1949,50.6163,3079300
2011-12-16,51.2776,51.5827,50.4056,50.7326,5309400
2011-12-19,51.0015,51.4229,50.1658,50.2748,3799900
2011-12-20,51.0087,51.7644,51.0087,51.4883,2167500
2011-12-21,51.3357,52.2004,51.0305,52.0115,2084900
2011-12-22,52.3166,52.5637,52.0115,52.5201,1491900
2011-12-23,52.5928,53.0215,52.3966,52.8689,920200
2011-12-27,52.8761,53.2104,52.6582,52.8689,669000
2011-12-28,53.0505,53.1377,51.9751,52.1568,1283500
2011-12-29,52.1713,52.9924,52.1713,52.9343,1217100
2011-12-30,52.9343,53.3048,52.8035,52.9415,1050300
2012-01-03,53.7626,54.3149,53.4502,53.6173,2032300
2012-01-04,53.6027,54.62,53.2976,54.5328,1933700
2012-01-05,54.6854,55.4775,54.0605,55.0488,2795600
2012-01-06,55.165,55.4266,54.6564,54.7218,1506700
2012-01-09,55.1795,55.6882,54.6273,55.5429,2056800
2012-01-10,56.2404,56.6764,56.0079,56.4729,2426200
2012-01-11,56.3857,56.8871,56.2549,56.6764,2282000
2012-01-12,56.9016,57.0397,56.0951,56.8507,1946400
2012-01-13,56.3058,56.3058,54.4892,55.5864,2994300
2012-01-17,56.0515,56.1169,54.4965,55.4484,2828500
2012-01-18,55.2231,55.7172,54.838,55.4629,2755100
2012-01-19,55.8989,56.7417,55.383,56.6328,4088100
2012-01-20,56.7853,56.8362,55.6446,56.1387,2445900
2012-01-23,56.3058,56.4511,54.9979,55.1868,2543600
2012-01-24,54.6637,55.0778,54.1768,54.8453,3807300
2012-01-25,53.5882,54.7872,52.6073,54.62,5402500
2012-01-26,54.7218,55.0851,54.1041,54.4021,3062800
2012-01-27,54.0242,54.3948,53.69,53.7263,3443000
2012-01-30,52.6945,53.5664,52.3966,53.174,5473300
2012-01-31,53.4284,53.6246,52.244,52.462,8481800
2012-02-01,53.0105,53.7272,52.8715,53.1568,4378200
2012-02-02,52.9739,53.2738,52.813,52.9374,3201000
2012-02-03,53.5663,54.1222,53.2957,53.837,3351200
2012-02-06,53.4274,53.5079,52.6814,52.7619,3112400
2012-02-07,52.6594,53.1275,52.1109,52.9081,3922400
2012-02-08,52.9081,53.186,52.3888,53.0617,2786800
2012-02-09,53.2445,53.4566,52.674,52.9008,2103300
2012-02-10,52.3742,52.7764,51.95,52.3157,2810700
2012-02-13,52.6814,52.9447,51.4015,51.9646,2672600
2012-02-14,51.9061,52.089,51.1894,51.4893,2609900
2012-02-15,51.6501,51.8915,49.4121,49.6169,6510300
2012-02-16,49.6608,50.3848,49.6169,50.0557,5179900
2012-02-17,50.1654,50.7213,50.063,50.3263,4287900
2012-02-21,50.0192,50.4287,49.7778,50.2605,4640100
2012-02-22,50.2166,50.7505,49.8363,50.063,3727000
2012-02-23,50.2093,50.7652,49.6608,50.692,3331300
2012-02-24,50.4726,51.46,50.4726,51.2186,3621000
2012-02-27,50.8529,52.1841,50.831,51.6282,3912900
2012-02-28,51.7964,51.9281,50.7505,50.8822,4497400
2012-02-29,50.8456,51.0796,50.1654,50.3922,4850500
2012-03-01,50.3556,50.714,50.0265,50.4434,3116600
2012-03-02,50.3702,50.7359,49.5876,49.807,3429800
2012-03-05,49.7924,50.2824,48.9367,49.4999,3219700
2012-03-06,48.8562,48.8562,47.8177,48.2346,5800900
2012-03-07,48.571,48.571,47.7226,47.7373,4304100
2012-03-08,48.0591,49.083,47.8908,48.8343,4535200
2012-03-09,48.9879,49.1854,48.315,48.6222,2500100
2012-03-12,48.7758,48.8343,48.2565,48.337,2773600
2012-03-13,48.6953,49.0683,48.3004,49.0391,2958000
2012-03-14,48.944,49.0464,47.3496,47.5032,4353900
2012-03-15,47.1668,50.458,46.8815,50.1216,8076900
2012-03-16,50.1947,50.7505,49.9533,50.4507,5423000
2012-03-19,50.2313,50.4946,49.7339,49.9533,2751500
2012-03-20,49.6388,49.7485,48.9294,48.966,2854600
2012-03-21,49.0976,49.3682,48.8489,49.1488,2190300
2012-03-22,48.6807,48.6807,47.196,47.3203,4278100
2012-03-23,47.5544,47.7299,47.0644,47.1375,3356700
2012-03-26,47.6934,48.454,47.6934,48.3662,2739100
2012-03-27,48.3809,48.6003,48.059,48.4906,3381800
2012-03-28,48.5271,48.5857,47.942,48.198,3681400
2012-03-29,47.7884,48.4467,47.4301,48.3955,3151000
2012-03-30,48.6222,48.8563,48.0225,48.1468,2825000
2012-04-02,48.0225,49.3682,47.8469,49.0172,3086200
2012-04-03,48.8709,48.9879,48.1102,48.4759,4351500
2012-04-04,48.2492,49.1927,48.2492,48.9879,4236600
2012-04-05,48.71,49.7778,48.6368,49.6096,3999200
2012-04-09,49.061,49.2146,48.6588,48.7904,2861800
2012-04-10,48.7246,48.7466,47.474,47.7738,3567900
2012-04-11,48.3955,48.8636,48.2492,48.3955,2403400
2012-04-12,48.4906,50.0411,48.4906,49.6681,2822500
2012-04-13,49.434,49.8656,49.2,49.3243,2585800
2012-04-16,49.6023,50.341,49.4414,49.9094,2532700
2012-04-17,50.1362,50.7798,49.8217,50.5019,2855700
2012-04-18,50.6774,51.1382,50.1069,50.9553,3213500
2012-04-19,50.7871,51.1674,49.9094,50.2459,3522700
2012-04-20,50.3629,50.8895,50.2605,50.8529,2831600
2012-04-23,50.1947,50.8456,49.8802,50.7578,3010000
2012-04-24,50.948,51.5185,50.8017,51.3576,2887700
2012-04-25,52.6741,53.7346,52.5058,53.325,4901700
2012-04-26,53.1933,53.7492,52.8496,53.559,2368600
2012-04-27,53.7273,53.9467,53.0398,53.6614,2286900
2012-04-30,53.6249,53.8004,52.93,53.3396,2265200
2012-05-01,53.3469,54.7731,53.2957,54.4221,2553400
2012-05-02,54.1203,54.4662,53.7302,54.2602,2077500
2012-05-03,54.3926,54.6944,53.5977,53.7081,1744500
2012-05-04,53.4358,53.4431,52.5893,52.7218,2923400
2012-05-07,52.5231,53.3548,52.5231,52.9868,1701400
2012-05-08,52.6261,52.7218,51.4927,51.6914,4926400
2012-05-09,51.2719,51.5589,50.2709,50.3371,4858500
2012-05-10,50.8082,50.948,50.0721,50.1752,3290000
2012-05-11,49.9323,50.9627,49.9323,50.3739,2270300
2012-05-14,49.844,50.5726,49.6894,50.0574,1819500
2012-05-15,50.0353,50.4549,49.7704,49.9691,1783900
2012-05-16,50.131,50.683,49.6894,50.0059,2924400
2012-05-17,50.1163,50.4328,48.6737,48.7325,2653100
2012-05-18,48.9386,49.1079,47.9376,48.0922,2553700
2012-05-21,47.8861,49.6747,47.8861,49.6158,2259600
2012-05-22,50.1678,50.3297,49.2331,49.5201,2294000
2012-05-23,49.1079,50.2488,48.7473,50.1163,2122100
2012-05-24,50.0501,50.3592,49.0932,49.6379,2200400
2012-05-25,49.7777,49.8366,48.7988,48.8945,1894600
2012-05-29,49.314,49.5201,48.9239,48.946,2746400
2012-05-30,48.578,48.6442,48.0039,48.0922,2732100
2012-05-31,48.0922,48.6884,47.5917,48.2247,3821800
2012-06-01,47.3488,48.0701,47.2605,47.3194,3584300
2012-06-04,47.1501,47.6138,46.2374,46.8778,2473800
2012-06-05,46.7674,47.1427,46.4803,46.863,1712000
2012-06-06,47.2458,48.2468,47.2311,48.2468,1940900
2012-06-07,48.8209,49.4465,48.4014,48.578,3106600
2012-06-08,48.3498,48.9828,47.8935,48.9019,2071900
2012-06-11,49.4244,49.498,48.3793,48.5191,2349600
2012-06-12,48.6295,49.4612,48.5118,49.4539,2049300
2012-06-13,49.2331,50.0501,48.9239,49.4391,1862600
2012-06-14,49.4686,50.499,49.2183,50.1973,2103400
2012-06-15,50.6389,50.9701,50.3445,50.764,3075800
2012-06-18,50.5653,52.3317,50.396,52.3097,2460700
2012-06-19,52.501,52.8102,52.1109,52.4863,2164500
2012-06-20,52.42,52.8101,51.9416,52.766,2209300
2012-06-21,52.8175,53.1193,52.2876,52.3612,3281000
2012-06-22,51.8312,52.0594,51.2792,51.5221,3228500
2012-06-25,50.9701,51.0584,50.1752,50.5947,2825300
2012-06-26,50.7861,51.2645,50.3665,51.0143,1888900
2012-06-27,51.1835,51.5589,50.8229,51.3455,1287600
2012-06-28,51.0437,51.6325,50.6021,51.5736,1688500
2012-06-29,52.4495,52.8249,52.2802,52.8249,1776300
2012-07-02,52.8249,52.9942,52.2434,52.5673,1745500
2012-07-03,52.5894,52.9721,52.4937,52.9279,771400
2012-07-05,52.766,53.1708,52.5158,52.9279,1101400
2012-07-06,52.4274,53.1782,52.3538,53.1414,1676100
2012-07-09,52.8322,53.3475,52.7734,53.0457,1644300
2012-07-10,53.4579,53.5683,52.0889,52.2508,1687600
2012-07-11,52.3612,53.1635,52.2066,52.4569,2044100
2012-07-12,52.2581,53.1487,52.2287,52.8764,3124000
2012-07-13,52.8396,54.2381,52.8396,54.2381,1997200
2012-07-16,53.9436,54.2896,53.664,54.2822,2172000
2012-07-17,54.2381,54.687,53.6787,54.3853,2413900
2012-07-18,54.3558,54.6797,53.8332,54.319,2382800
2012-07-19,54.481,55.1066,54.3926,54.5987,2348400
2012-07-20,53.951,54.1571,53.5756,53.7228,1896300
2012-07-23,53.0162,53.3327,52.4348,53.134,1766700
2012-07-24,53.031,53.4284,52.3097,52.9647,2049800
2012-07-25,52.7292,53.5241,52.4274,52.7733,2015900
2012-07-26,53.6345,53.8774,53.1929,53.7302,1859300
2012-07-27,54.0982,55.3715,54.0172,54.9741,2148500
2012-07-30,54.8342,55.2391,54.3411,54.5987,1547700
2012-07-31,54.5178,55.2023,54.481,54.503,2120800
2012-08-01,54.8931,54.9667,53.8921,53.9584,1362800
2012-08-02,53.7523,54.0541,53.2739,54.0246,1579500
2012-08-03,54.7018,55.3568,54.6502,55.1581,1494200
2012-08-06,55.1802,55.3421,54.9667,54.9962,1273900
2012-08-07,55.0771,55.5261,55.0182,55.1802,1468800
2012-08-08,54.9814,55.4672,54.9005,55.0624,1200200
2012-08-09,54.7067,54.7808,54.3511,54.603,1473100
2012-08-10,54.5141,55.2625,54.2473,55.2477,1256300
2012-08-13,55.1439,55.181,54.766,55.0402,874100
2012-08-14,55.3736,55.4329,54.766,54.8994,897200
2012-08-15,54.6845,55.4996,54.6771,55.3662,996500
2012-08-16,55.2477,55.6848,55.1662,55.344,1353800
2012-08-17,55.5144,55.8182,55.4477,55.6478,1135700
2012-08-20,55.5514,55.6996,55.1884,55.4477,936100
2012-08-21,55.4477,55.9887,55.3218,55.4848,1025900
2012-08-22,55.4477,55.507,55.0327,55.3291,1133200
2012-08-23,55.2625,55.2625,54.0472,54.5215,1861700
2012-08-24,54.4029,54.6845,54.2325,54.5363,1549600
2012-08-27,54.5808,54.8105,54.2844,54.3659,863200
2012-08-28,54.277,54.6697,54.2177,54.5808,1255200
2012-08-29,54.5289,54.6475,54.1584,54.5808,1362600
2012-08-30,54.1362,54.2399,53.5138,53.825,1503800
2012-08-31,54.1065,54.2992,53.6101,53.6916,1695600
2012-09-04,53.2767,53.3507,52.3652,52.6542,2152100
2012-09-05,52.5579,52.6616,51.6465,51.9281,2022200
2012-09-06,52.2985,53.3804,52.1874,53.3656,1820600
2012-09-07,53.3581,53.4619,53.0469,53.2915,1317600
2012-09-10,53.4323,54.0102,53.247,53.6472,1669400
2012-09-11,53.6842,54.6919,53.6471,54.477,1504900
2012-09-12,54.6252,54.9735,54.2992,54.8475,1122200
2012-09-13,55.0254,55.4996,54.2918,55.2254,1499100
2012-09-14,55.1884,55.6774,55.0624,55.344,1476600
2012-09-17,55.2032,55.2699,54.7512,55.0031,1131900
2012-09-18,54.9809,55.055,54.0695,54.7808,1526400
2012-09-19,53.736,54.3807,53.247,53.862,2412500
2012-09-20,50.4165,50.7203,48.5936,48.9864,12189700
2012-09-21,49.2605,49.2605,48.1268,48.1639,6849200
2012-09-24,48.2306,49.2753,48.1194,49.1123,3570600
2012-09-25,49.2827,49.2827,48.2157,48.2157,2700200
2012-09-26,48.0231,48.2306,47.6822,47.8452,3327200
2012-09-27,48.1861,48.2676,47.534,47.5563,3186000
2012-09-28,47.4303,47.4451,46.8671,47.1487,3930800
2012-10-01,47.4303,48.0453,47.2599,47.7563,4173500
2012-10-02,48.3343,48.5344,47.5933,48.1787,3951300
2012-10-03,48.527,48.8456,48.0009,48.6085,3253100
2012-10-04,48.8233,49.1345,48.6529,49.0382,2270100
2012-10-05,49.305,49.6458,49.2087,49.5717,2343200
2012-10-08,49.3198,49.9496,49.2753,49.8533,1590500
2012-10-09,49.8311,50.0163,49.2753,49.6088,1953600
2012-10-10,49.5273,49.7422,48.8456,49.2012,1494800
2012-10-11,49.2309,49.4976,48.8678,48.8752,2061000
2012-10-12,49.0234,49.9867,48.89,49.8533,2800500
2012-10-15,49.8607,50.1423,49.4606,50.0978,1652200
2012-10-16,50.246,50.3942,50.083,50.1719,1706400
2012-10-17,50.2238,50.2905,49.0456,49.8014,3337700
2012-10-18,49.5569,49.8459,49.3494,49.4235,4619500
2012-10-19,49.2827,49.3272,48.564,48.6381,3650000
2012-10-22,48.6381,49.7496,48.5714,49.5199,3350100
2012-10-23,48.9567,49.1938,48.3417,48.9123,2745400
2012-10-24,46.5782,46.7264,45.1703,45.2666,11507400
2012-10-25,45.3778,46.5263,45.3778,46.3633,4009400
2012-10-26,46.5559,46.6745,46.2744,46.5115,2891600
2012-10-31,46.8924,46.9746,45.772,45.8243,4023400
2012-11-01,46.011,46.7131,45.8019,46.138,5165500
2012-11-02,45.9812,46.6982,45.66,45.66,4030700
2012-11-05,45.5629,46.3248,45.3463,45.5554,3520900
2012-11-06,45.6973,46.0409,45.4583,45.9363,4570700
2012-11-07,45.1297,45.5479,44.7935,44.801,3976700
2012-11-08,44.8159,44.9504,44.1512,44.1736,5077100
2012-11-09,44.0317,44.3304,43.2399,43.3221,5314900
2012-11-12,43.3893,43.7926,43.2847,43.3669,3468600
2012-11-13,43.1428,44.1362,43.1428,43.703,2833300
2012-11-14,43.7404,43.9271,42.7843,42.9561,3741000
2012-11-15,42.9187,43.0831,42.3735,42.5901,3443000
2012-11-16,42.5826,42.6573,41.8656,42.0822,3885700
2012-11-19,42.4332,43.3445,42.3212,43.3445,2932700
2012-11-20,43.2548,43.2548,42.1942,42.5079,3295600
2012-11-21,42.6648,42.8216,42.3959,42.5975,1819800
2012-11-23,42.7245,43.1652,42.6349,43.1428,924300
2012-11-26,42.9635,43.6059,42.8963,43.5088,2142100
2012-11-27,43.4565,44.2856,43.4042,44.0242,4038100
2012-11-28,43.7628,44.6516,43.4416,44.5993,3572900
2012-11-29,44.8384,45.3015,44.7338,45.1745,4095200
2012-11-30,45.1969,45.2566,44.8159,45.0998,3228500
2012-12-03,45.3164,45.3537,44.2632,44.3902,2469600
2012-12-04,44.4051,45.0774,44.3902,44.9728,3004200
2012-12-05,45.1147,46.3472,45.0475,46.0036,3760700
2012-12-06,46.0484,46.1754,45.4284,45.8467,1989600
2012-12-07,45.9363,46.2202,45.7272,45.9438,1585200
2012-12-10,45.9438,46.377,45.8915,46.3696,1835800
2012-12-11,46.5488,46.6011,45.7795,45.9737,2248800
2012-12-12,46.2127,46.5264,45.899,45.9587,2241200
2012-12-13,46.0185,46.4816,45.6301,45.7421,1791800
2012-12-14,45.645,46.3696,45.645,45.8318,2226300
2012-12-17,46.138,46.4592,45.772,46.026,1991900
2012-12-18,46.0484,46.8102,46.0185,46.6384,8857300
2012-12-19,46.7729,46.87,46.3621,46.4218,2435700
2012-12-20,46.4592,47.0493,46.1604,47.0343,3173900
2012-12-21,46.2724,46.8551,46.2724,46.7206,3707200
2012-12-24,46.7057,46.7206,46.138,46.3023,1015600
2012-12-26,46.3471,46.6235,45.899,46.011,1412200
2012-12-27,45.9438,46.0558,45.2566,45.7272,1935100
2012-12-28,45.3463,46.0783,45.3089,45.6152,1625600
2012-12-31,45.4284,46.2202,45.3388,46.1903,2009900
2013-01-02,47.1613,47.6468,46.9148,47.2733,2395700
2013-01-03,46.7953,48.1771,46.7953,47.4003,2516800
2013-01-04,47.6618,49.1108,47.6319,48.827,2779800
2013-01-07,48.6477,48.6925,48.0128,48.4236,2573400
2013-01-08,48.4012,48.7597,47.6991,47.7962,2745400
2013-01-09,48.0352,48.7224,47.9008,48.3639,2143400
2013-01-10,48.1771,48.4834,47.7887,48.3041,2356000
2013-01-11,48.4983,48.7075,47.6169,47.8335,2401600
2013-01-14,48.7075,49.0361,48.1846,48.4535,2292100
2013-01-15,48.3863,48.9689,48.2369,48.8942,2316300
2013-01-16,48.7299,49.0585,48.5506,48.8867,1746300
2013-01-17,49.1556,49.3573,48.9241,49.2602,2299700
2013-01-18,49.2303,49.8503,48.9838,49.8204,2554000
2013-01-22,49.7681,50.164,49.432,49.9996,3004000
2013-01-23,50.0519,51.4039,49.671,51.0976,4520800
2013-01-24,51.1873,52.2479,51.1126,52.1583,3605100
2013-01-25,52.2853,52.2853,51.5831,52.0537,2121500
2013-01-28,52.4496,52.5467,51.9417,52.2479,2442700
2013-01-29,52.0985,53.2114,52.0985,52.8305,2646400
2013-01-30,53.2066,53.2217,51.7924,51.8225,2850400
2013-01-31,51.815,52.2739,51.6269,51.8075,3953200
2013-02-01,52.1008,52.4243,51.8676,52.3566,2907600
2013-02-04,52.3566,52.4619,51.5968,51.6194,2098700
2013-02-05,52.0858,52.0858,51.642,51.7999,1798500
2013-02-06,51.5592,52.3942,51.4088,52.0181,5516500
2013-02-07,52.0482,52.0482,51.2884,51.7397,2231900
2013-02-08,51.7924,52.0256,51.6043,51.9052,1178100
2013-02-11,52.0482,53.1766,52.0181,53.0863,2315000
2013-02-12,53.0186,53.8987,52.7327,53.8912,2820400
2013-02-13,53.9815,54.7262,53.7934,54.0717,2022600
2013-02-14,53.8009,54.162,53.5527,54.1394,1497700
2013-02-15,54.0416,54.0492,53.5226,53.7859,1934800
2013-02-19,54.0793,55.1098,53.9213,55.0647,2465700
2013-02-20,54.997,55.2302,54.2673,54.3501,2386200
2013-02-21,54.3501,54.5682,53.7107,53.8235,2548000
2013-02-22,53.9288,55.1474,53.7031,54.997,2338200
2013-02-25,55.1775,55.2904,53.7332,53.7407,2690700
2013-02-26,53.8461,53.9138,53.2819,53.6655,1879200
2013-02-27,53.658,54.9443,53.5301,54.6886,2927100
2013-02-28,54.8089,55.5085,54.6284,54.9519,2420200
2013-03-01,54.6209,55.7417,54.32,55.4785,3252900
2013-03-04,55.2979,55.9674,55.0722,55.8696,2429700
2013-03-05,56.0426,56.7497,55.9147,56.6369,2617300
2013-03-06,56.7874,56.9529,55.6966,55.9674,1871200
2013-03-07,56.0652,56.0727,54.997,55.2076,2507400
2013-03-08,55.5461,56.3661,55.5461,56.2457,2202700
2013-03-11,56.1178,56.5767,56.0727,56.4338,1749300
2013-03-12,56.4188,56.6595,55.7793,56.0276,1486300
2013-03-13,56.1705,56.2758,55.5838,55.8922,1773600
2013-03-14,56.0802,56.4639,55.7116,56.4639,1410500
2013-03-15,56.2984,56.8852,56.0727,56.8852,2775200
2013-03-18,56.2984,57.0281,56.2156,56.5015,1774700
2013-03-19,56.9453,57.2086,56.1179,56.7573,1436500
2013-03-20,56.9905,57.3666,56.8776,57.186,1710600
2013-03-21,56.9002,57.2161,56.2307,56.3134,1997700
2013-03-22,56.4188,56.7798,56.005,56.1555,2103300
2013-03-25,56.5542,56.6896,55.7041,55.9524,2461700
2013-03-26,56.3059,56.9829,56.1856,56.9829,1474200
2013-03-27,56.5542,57.4945,56.2834,57.3816,1590200
2013-03-28,57.5471,58.2392,57.2011,57.9834,1795900
2013-04-01,57.8781,57.9232,57.171,57.2613,1655100
2013-04-02,57.5998,58.1715,57.171,57.3591,1578100
2013-04-03,57.4418,57.5847,56.2833,56.5391,2420600
2013-04-04,55.9749,56.1479,55.1324,55.5612,4070300
2013-04-05,54.7111,56.2683,54.3576,56.0577,3132900
2013-04-08,56.005,56.7874,55.9223,56.6896,1637000
2013-04-09,56.7197,56.983,55.9298,55.9524,2612800
2013-04-10,56.2157,57.0507,56.1404,57.0431,1816800
2013-04-11,56.9002,57.5697,56.5015,57.3139,2032600
2013-04-12,57.7502,58.7357,57.4569,57.7803,2192900
2013-04-15,57.3816,57.4042,55.7267,55.7492,3155100
2013-04-16,56.1856,57.1936,55.9524,57.0732,1919100
2013-04-17,56.667,56.667,55.2452,55.4483,2225300
2013-04-18,55.6214,55.8771,54.9744,55.5612,1824200
2013-04-19,55.5762,56.3511,55.1851,56.2307,1737200
2013-04-22,56.2307,56.7949,55.7568,56.4639,1344000
2013-04-23,56.8852,57.4268,56.8325,57.0507,1398300
2013-04-24,57.3591,57.3591,55.4107,56.3586,2799300
2013-04-25,56.4188,57.2237,56.3812,57.0507,1934900
2013-04-26,57.0582,57.3365,56.6294,56.84,1767800
2013-04-29,56.9077,58.0812,56.84,57.6223,1665600
2013-04-30,57.4869,58.3746,57.186,58.2392,2709800
2013-05-01,58.1862,58.2543,56.7174,56.9369,2319000
2013-05-02,57.0808,58.0045,56.7022,57.8985,1807200
2013-05-03,58.4209,59.6551,58.4209,58.9131,2223200
2013-05-06,58.8676,59.3522,58.7692,58.9206,1315800
2013-05-07,58.9282,59.4279,58.7237,59.3673,1865000
2013-05-08,59.2386,59.9049,58.8828,59.8898,1573100
2013-05-09,59.9731,60.0715,59.3446,59.5036,1478900
2013-05-10,59.5566,59.8216,59.3295,59.8216,1408200
2013-05-13,59.6248,59.7913,59.0418,59.3598,1115900
2013-05-14,59.3673,60.6166,59.0645,60.6091,1598500
2013-05-15,60.397,60.9195,60.1775,60.8437,1571900
2013-05-16,60.5333,60.7151,59.8141,60.0639,2071600
2013-05-17,60.1169,60.8135,59.8519,60.7453,1324400
2013-05-20,60.7453,61.1693,60.4273,60.7605,1899000
2013-05-21,60.8286,61.3283,60.5258,60.5561,1179000
2013-05-22,60.6469,60.7075,58.7843,58.9282,3882600
2013-05-23,58.2998,58.8071,57.6941,58.6405,2460400
2013-05-24,58.5042,58.9055,58.1484,58.7843,1153900
2013-05-28,59.6551,59.7913,58.7162,58.7616,2185400
2013-05-29,58.3225,58.9282,57.9742,58.2165,2353800
2013-05-30,58.4209,59.3446,58.2846,58.8828,1895200
2013-05-31,58.5572,59.5415,57.9666,57.9893,2639800
2013-06-03,58.3073,58.5193,57.4366,58.3528,2036200
2013-06-04,58.2695,58.7313,57.906,58.2997,1769500
2013-06-05,58.0045,58.1029,57.0732,57.2701,2526000
2013-06-06,57.1413,58.1559,56.0738,58.1559,1875000
2013-06-07,58.3603,59.3295,58.2998,58.6102,2275900
2013-06-10,59.019,59.0948,58.5193,59.0418,2254200
2013-06-11,58.5572,58.9661,57.8909,57.9288,1996600
2013-06-12,58.5496,58.6405,57.2095,57.2776,1820000
2013-06-13,57.2473,58.3527,56.9747,58.2997,1576800
2013-06-14,58.0424,58.6102,57.6411,57.6714,1924600
2013-06-17,57.9591,58.2543,57.4896,57.8909,1440900
2013-06-18,57.9818,58.5496,57.8303,58.3225,1473600
2013-06-19,58.3679,58.5875,57.1035,57.1262,2070500
2013-06-20,56.3691,56.5508,55.3166,55.6346,3997900
2013-06-21,56.0587,56.0587,54.7639,55.1955,3510900
2013-06-24,54.5974,54.6125,53.2042,53.3481,3352000
2013-06-25,53.8554,54.9608,53.6737,54.8927,2338300
2013-06-26,55.4681,56.2101,55.0441,55.5362,2341900
2013-06-27,55.9678,56.3009,55.2637,55.6422,2396500
2013-06-28,55.4984,55.8012,54.9911,55.0062,3102300
2013-07-01,55.2637,55.5741,54.6958,54.9759,2028000
2013-07-02,54.8699,55.5135,54.3551,54.6958,2011200
2013-07-03,54.5595,54.7034,54.1431,54.2566,1530100
2013-07-05,54.8321,55.1046,54.2112,54.7639,1923200
2013-07-08,54.8775,55.5059,54.5974,55.1652,1349000
2013-07-09,55.5438,56.4448,55.5211,56.3237,2070800
2013-07-10,55.9829,56.0814,55.0668,55.5892,2443900
2013-07-11,56.4826,56.8233,56.2555,56.7401,1791500
2013-07-12,56.4296,57.1792,56.3009,56.9369,1569200
2013-07-15,56.8763,57.5351,56.8763,57.2625,1189500
2013-07-16,57.3003,57.9363,57.0581,57.6638,2041300
2013-07-17,58.0802,58.5496,57.7016,57.8985,1704600
2013-07-18,57.9893,58.8752,57.7395,58.7843,1704900
2013-07-19,58.807,59.1932,58.6632,59.1175,1669500
2013-07-22,59.1553,59.2083,58.3452,58.5875,1457900
2013-07-23,58.8297,58.8297,58.1408,58.2013,1807300
2013-07-24,56.5583,57.5275,54.8623,56.5281,6425000
2013-07-25,56.4069,56.4221,55.7255,56.0814,2469700
2013-07-26,55.9451,56.0662,55.4151,55.9678,1457800
2013-07-29,55.9299,56.2933,55.7482,55.9223,1168200
2013-07-30,56.2706,56.4069,55.3621,55.6877,1830900
2013-07-31,56.0308,56.3358,55.6953,55.7868,1831100
2013-08-01,56.3968,58.0439,56.3892,57.9524,3025400
2013-08-02,57.9371,58.3718,57.4186,57.5711,1848500
2013-08-05,57.5635,57.6778,56.8924,57.0526,1220500
2013-08-06,56.8009,57.1746,56.2748,56.3739,1511900
2013-08-07,56.2748,56.5951,55.9469,56.4959,1346600
2013-08-08,56.7171,56.9306,56.3434,56.7399,1317600
2013-08-09,56.8162,56.8162,56.0994,56.4121,1294800
2013-08-12,56.1223,56.7323,55.9393,56.6942,923100
2013-08-13,56.6332,56.8543,56.1985,56.6484,1006700
2013-08-14,56.3434,56.5188,56.1909,56.2519,1628400
2013-08-15,55.6266,56.2824,55.2835,56.0842,1634300
2013-08-16,56.1146,56.6255,55.9316,56.4273,1706200
2013-08-19,56.29,56.3815,55.6038,55.6266,1147200
2013-08-20,55.741,56.0841,55.4055,55.68,1469500
2013-08-21,55.6495,55.68,55.192,55.2987,1785400
2013-08-22,55.4131,56.4197,55.3216,56.2366,1055900
2013-08-23,56.2824,56.8009,55.985,56.7781,1215700
2013-08-26,56.8162,57.1898,56.7171,56.9229,1768300
2013-08-27,56.1756,56.4044,55.5275,55.5809,1507900
2013-08-28,55.5275,55.9469,55.0319,55.7258,1090900
2013-08-29,55.5809,55.8096,55.3369,55.436,1082300
2013-08-30,55.6495,55.6495,54.7955,55.0242,1322300
2013-09-03,55.5809,55.9545,54.8107,55.3369,1283500
2013-09-04,55.3903,56.5569,55.3903,56.3815,1400900
2013-09-05,56.3358,56.7476,56.2214,56.5264,1181500
2013-09-06,56.5264,57.4414,56.2214,56.7247,1431300
2013-09-09,57.0449,57.2966,56.6027,57.1669,1181100
2013-09-10,57.5787,58.3031,57.5787,58.2116,1805000
2013-09-11,58.2116,58.3336,57.6092,58.1964,1728600
2013-09-12,58.2269,58.2574,57.3957,57.4948,872300
2013-09-13,57.4949,57.9066,57.3957,57.6779,890400
2013-09-16,58.4022,58.6539,58.1887,58.2879,2170800
2013-09-17,58.2116,58.6539,57.8837,58.6081,1381400
2013-09-18,58.6463,59.5842,58.326,59.3402,1589500
2013-09-19,59.4164,59.8587,59.3554,59.607,1181000
2013-09-20,59.79,60.1027,59.1114,59.2639,1762800
2013-09-23,59.0199,59.6375,58.997,59.5613,1496100
2013-09-24,59.5155,60.1484,59.0428,59.6909,1890500
2013-09-25,59.7977,60.1713,59.1724,59.3706,1816700
2013-09-26,59.4317,59.7824,59.18,59.7062,1108500
2013-09-27,59.5461,59.7443,58.936,59.3173,1072100
2013-09-30,58.7378,59.2792,58.631,58.9818,2043300
2013-10-01,58.997,60.0646,58.8827,59.6528,1706200
2013-10-02,59.4011,59.8892,59.1419,59.8739,1843100
2013-10-03,59.7443,59.7824,58.4022,58.997,2258500
2013-10-04,58.7988,59.1571,58.2574,59.1038,2053700
2013-10-07,58.6463,59.1724,58.3336,58.5776,1513400
2013-10-08,58.57,58.7454,58.0134,58.1582,2100500
2013-10-09,58.204,58.8369,58.1049,58.6234,1665700
2013-10-10,59.2868,60.362,59.2792,60.2094,1573100
2013-10-11,60.2094,60.4306,60.0341,60.0493,1321200
2013-10-14,59.7596,60.3162,59.6299,60.2857,1152900
2013-10-15,60.2018,60.3543,59.8358,60.0417,1785300
2013-10-16,60.3086,60.9796,59.9044,60.9339,2504500
2013-10-17,60.1179,60.1179,59.0656,59.8739,2665600
2013-10-18,60.2476,60.9948,60.1942,60.9186,2288600
2013-10-21,60.9186,61.0025,60.5526,61.0025,1374000
2013-10-22,60.7432,61.5972,60.7432,61.46,2397600
2013-10-23,62.802,66.0199,62.802,65.6234,5226100
2013-10-24,64.594,67.0494,64.4491,67.0036,3359700
2013-10-25,66.9273,67.0341,66.4698,66.8358,2289200
2013-10-28,66.9197,67.667,66.7215,67.1866,1834500
2013-10-29,67.4077,67.8576,67.0036,67.0951,1949400
2013-10-30,67.2869,67.3943,66.1516,66.3664,2254100
2013-10-31,66.19,66.6195,65.8831,65.9828,1804900
2013-11-01,66.2743,66.9954,66.1593,66.7346,2027400
2013-11-04,67.0874,67.4096,66.3587,66.6118,1651000
2013-11-05,66.4277,66.6885,66.1669,66.2973,1574400
2013-11-06,66.4201,66.6809,65.8294,66.3203,1839800
2013-11-07,66.6655,66.9954,65.3769,65.5686,1763600
2013-11-08,65.6223,65.7834,65.2005,65.676,2090600
2013-11-11,65.5303,66.6272,65.5149,66.2436,1492600
2013-11-12,66.2053,66.5428,65.9062,66.4661,1511300
2013-11-13,66.1363,67.2332,65.9905,67.2102,1382100
2013-11-14,67.3099,67.3943,66.9417,66.9954,1636500
2013-11-15,66.957,67.2102,66.5812,66.8496,1320400
2013-11-18,66.7346,67.3176,66.6962,66.911,1018200
2013-11-19,66.9417,66.9417,65.9522,66.1976,1270700
2013-11-20,66.3587,66.6042,65.8448,66.0059,1185800
2013-11-21,66.2206,66.819,65.7911,66.5965,1443100
2013-11-22,66.5812,66.888,66.282,66.8266,890300
2013-11-25,66.8496,67.0644,66.6962,66.7499,710100
2013-11-26,66.9033,66.9494,66.3127,66.7192,918500
2013-11-27,66.7269,67.4019,66.5812,67.2485,1079100
2013-11-29,67.1871,67.8238,66.842,67.2638,907200
2013-12-02,67.2715,68.169,67.0414,67.6934,1501200
2013-12-03,67.4403,67.6704,66.934,67.3406,1463400
2013-12-04,67.1411,67.655,66.3894,66.8803,2763400
2013-12-05,66.9571,68.2611,66.6579,67.6321,2381800
2013-12-06,68.2994,68.844,68.0769,68.7826,1570400
2013-12-09,69.1278,69.8412,68.9514,69.4116,2520400
2013-12-10,69.4116,69.7722,68.798,68.867,1102500
2013-12-11,68.6369,68.8593,67.4786,67.5476,1681800
2013-12-12,67.3022,67.5323,67.0107,67.1258,1343900
2013-12-13,67.2792,67.9389,67.1104,67.4786,765400
2013-12-16,68.1383,68.913,68.0463,68.5832,1408000
2013-12-17,68.5372,68.7289,68.192,68.3914,1790200
2013-12-18,68.4681,69.6418,68.0233,69.6034,1472900
2013-12-19,69.3042,69.4423,68.6522,69.427,1453600
2013-12-20,69.3963,70.5699,69.2505,70.0483,2850100
2013-12-23,70.5469,70.8307,70.2938,70.4395,1695600
2013-12-24,70.4088,70.8767,70.3321,70.7233,414300
2013-12-26,70.8767,71.4674,70.8077,71.2373,1054100
2013-12-27,71.3063,71.4214,70.6543,70.8231,743400
2013-12-30,70.8077,71.1068,70.3705,70.5392,855500
2013-12-31,70.6466,71.36,70.6083,71.2066,892100
2014-01-02,70.823,71.0225,69.8565,70.0406,1319900
2014-01-03,70.4165,70.9764,69.9102,70.0867,1016100
2014-01-06,70.1787,70.6773,68.9974,69.0358,1690200
2014-01-07,69.3426,69.6034,69.0971,69.45,1672400
2014-01-08,69.45,69.519,68.4145,68.9667,1435900
2014-01-09,69.2659,70.0943,69.0818,70.0406,1451200
2014-01-10,69.8028,70.4395,69.6264,70.2554,892900
2014-01-13,70.2937,70.6006,68.9667,69.1815,1284300
2014-01-14,69.2275,69.9332,68.798,69.6187,1421800
2014-01-15,69.6724,69.9409,69.3503,69.9256,1344300
2014-01-16,67.8775,68.2534,66.842,67.3176,3841300
2014-01-17,67.2178,68.9437,67.2025,68.261,2862300
2014-01-21,68.4681,68.8363,67.6934,68.0462,2420300
2014-01-22,70.217,72.6793,70.0406,71.2909,5877200
2014-01-23,71.9583,72.9478,71.5211,71.8432,3194600
2014-01-24,70.5852,70.6773,68.7213,68.7366,3062500
2014-01-27,68.8824,69.9332,68.5755,69.2812,2963400
2014-01-28,69.2199,70.5699,69.1202,70.0023,1660000
2014-01-29,69.4423,69.6264,68.5218,68.8824,2195200
2014-01-30,69.5267,71.5441,69.5114,71.1529,2081300
2014-01-31,70.2017,71.5517,70.0406,71.0225,2540900
2014-02-03,71.4367,71.8739,68.6216,68.7136,2960800
2014-02-04,70.056,70.9534,68.7136,70.4088,8301200
2014-02-05,70.5168,71.0801,69.3749,70.8023,3272900
2014-02-06,70.9104,72.3378,70.7406,72.1989,2505500
2014-02-07,72.2993,73.2483,71.6048,73.1017,2643400
2014-02-10,72.932,73.0323,71.5508,71.6974,2522800
2014-02-11,71.952,72.3455,71.7283,71.844,2345500
2014-02-12,72.114,72.2838,71.5045,72.2221,2372000
2014-02-13,71.4273,71.5662,70.9566,71.3501,2076300
2014-02-14,71.3193,71.8748,71.1573,71.6356,1847000
2014-02-18,71.6588,71.6665,69.7761,70.5246,3351700
2014-02-19,70.3317,70.648,69.6604,69.6912,3099700
2014-02-20,69.8147,70.5786,69.5446,70.2313,2112100
2014-02-21,70.4166,70.7098,69.6758,69.807,2484200
2014-02-24,70.1079,71.0261,69.7607,70.4242,2309700
2014-02-25,70.3008,70.3779,69.3826,69.9381,2149800
2014-02-26,70.023,70.7483,69.7761,69.9767,1680600
2014-02-27,69.7607,69.9921,69.2591,69.915,1929200
2014-02-28,69.9767,71.3579,69.8841,70.9181,1923400
2014-03-03,70.1851,71.0801,70.1388,70.8023,2409100
2014-03-04,71.7051,73.2483,71.6202,72.6465,2544100
2014-03-05,72.8856,73.4952,72.3378,72.523,2337400
2014-03-06,72.7622,73.1557,72.3841,72.9165,1647800
2014-03-07,73.3486,73.3563,72.4921,72.7545,2314500
2014-03-10,72.7468,73.1171,72.114,72.8625,2100700
2014-03-11,72.8625,74.0662,72.3455,73.881,2883600
2014-03-12,73.6341,74.4597,73.2175,74.1434,2037900
2014-03-13,74.4597,74.7684,73.2252,73.4875,2058200
2014-03-14,73.4104,73.5492,72.5462,72.9397,2058600
2014-03-17,73.2792,74.4675,73.2406,73.9428,1277300
2014-03-18,74.1202,74.7607,73.8888,74.5832,1531700
2014-03-19,74.8224,75.5322,74.7143,75.077,2948200
2014-03-20,74.807,74.9381,74.236,74.8301,1499500
2014-03-21,75.4783,75.5477,74.344,74.4366,2904500
2014-03-24,74.7452,74.9613,73.773,74.4983,2004500
2014-03-25,75.1079,75.6403,74.9536,75.1388,1978400
2014-03-26,75.3393,75.6866,74.0893,74.1048,1441200
2014-03-27,74.0045,74.344,73.4412,73.503,1313700
2014-03-28,73.8347,74.7298,73.6341,74.344,1168900
2014-03-31,74.7067,75.3317,74.452,74.9767,1524300
2014-04-01,75.2313,75.6943,74.6603,75.6788,1202500
2014-04-02,75.5245,75.6248,74.9844,75.3702,1957700
2014-04-03,74.7221,75.2931,74.1357,75.2082,1382300
2014-04-04,75.6634,75.7097,74.4289,74.5678,1359400
2014-04-07,74.0431,74.915,73.8502,73.9813,1507900
2014-04-08,73.6727,74.1202,73.3563,73.5107,1420100
2014-04-09,73.8579,74.3131,73.7036,74.29,1463500
2014-04-10,74.1974,74.398,72.9011,72.9165,1507000
2014-04-11,72.4227,72.5385,71.5199,71.8749,2575800
2014-04-14,72.4536,72.5616,71.7668,72.3764,1875900
2014-04-15,72.4304,73.6804,72.0137,72.9088,3036300
2014-04-16,72.6928,73.5415,70.9181,73.4953,2456000
2014-04-17,73.7421,74.5292,73.364,74.2822,1292100
2014-04-21,74.2592,74.9613,74.1203,74.7607,1205200
2014-04-22,74.8224,75.2159,74.3594,74.7838,1655000
2014-04-23,73.2792,73.9273,71.952,73.3101,3488300
2014-04-24,73.5106,73.7653,72.7853,73.3872,1452300
2014-04-25,73.3872,73.3872,72.253,72.5539,1472000
2014-04-28,72.7082,73.0168,71.9057,72.7236,1664100
2014-04-29,72.8779,73.1943,72.3455,73.0786,1257500
2014-04-30,73.1484,73.4666,72.7837,73.3579,1299900
2014-05-01,73.2415,73.4666,72.5198,72.6207,1342300
2014-05-02,72.6983,72.9156,72.3568,72.6129,1316600
2014-05-05,72.3957,72.7682,71.9301,72.6673,1109000
2014-05-06,72.4655,73.4123,72.3103,72.7526,2135800
2014-05-07,72.9466,73.8701,72.7914,73.6916,1152100
2014-05-08,73.6684,74.4987,73.6684,74.1107,1229900
2014-05-09,74.1961,74.2969,73.7304,73.9555,1113900
2014-05-12,74.4676,75.1583,74.328,75.0885,1037600
2014-05-13,75.329,76.0352,75.1816,75.7248,1346000
2014-05-14,75.7248,75.849,75.0341,75.6006,1031400
2014-05-15,75.3679,75.3679,74.165,74.8324,1294900
2014-05-16,74.9022,75.5696,74.7858,75.5386,968700
2014-05-19,75.4144,75.9732,75.1971,75.8723,953600
2014-05-20,75.8955,76.4931,75.6782,75.9499,1500200
2014-05-21,76.0508,76.8423,75.9964,76.6949,1009000
2014-05-22,76.7104,77.1682,76.3146,76.8578,998100
2014-05-23,77.0285,77.7037,76.9509,76.982,2112900
2014-05-27,77.4786,77.6028,77.2769,77.4554,1055200
2014-05-28,77.5252,78.1848,77.4088,77.7114,1024100
2014-05-29,77.9753,78.4409,77.8123,78.4099,934600
2014-05-30,78.2314,78.6349,77.921,78.1848,1472300
2014-06-02,78.4254,78.7901,77.9287,78.0529,1215900
2014-06-03,77.3157,77.6571,76.4698,76.7336,2007900
2014-06-04,76.6793,77.1527,76.6017,76.9665,1191400
2014-06-05,77.0751,78.0529,77.0518,77.9831,1562700
2014-06-06,78.0839,79.1083,77.9287,78.9686,1132400
2014-06-09,78.9686,79.8455,78.9221,79.4653,1333400
2014-06-10,79.8765,79.9697,78.5651,79.0928,1121300
2014-06-11,78.8444,79.2868,78.6737,78.9608,902700
2014-06-12,78.7979,78.8134,77.6028,77.758,1121300
2014-06-13,78.0064,78.6272,77.9365,78.503,981700
2014-06-16,78.4564,79.217,78.1693,78.8134,1391700
2014-06-17,78.6271,79.0074,78.1926,78.7668,1124900
2014-06-18,78.9065,79.8455,78.7824,79.7912,1345900
2014-06-19,79.7136,80.2258,79.4653,80.0551,1068000
2014-06-20,80.2801,81.0872,80.0783,81.0251,1633300
2014-06-23,80.9164,81.1958,79.9852,80.2025,1228900
2014-06-24,80.0473,80.4198,79.2247,79.2557,1150500
2014-06-25,79.2945,79.7369,78.922,79.3877,1365900
2014-06-26,79.4575,79.5196,78.503,78.8755,2002300
2014-06-27,78.5108,79.1316,78.3944,78.8833,2032200
2014-06-30,79.6748,81.157,79.3644,79.9542,1853700
2014-07-01,80.0939,80.5129,79.5196,79.5817,1829600
2014-07-02,79.993,80.4198,79.3954,80.3654,1664300
2014-07-03,80.5672,80.932,80.3034,80.5828,782500
2014-07-07,80.381,80.5827,79.9386,80.1094,1190400
2014-07-08,80.0706,80.3111,79.3566,79.6903,1393800
2014-07-09,80.1481,80.575,79.7989,80.2413,963000
2014-07-10,79.3488,79.7136,79.0229,79.473,1365400
2014-07-11,79.5041,80.7535,79.3877,80.6681,1356000
2014-07-14,80.8776,81.5218,80.8776,81.0406,1032200
2014-07-15,80.7612,81.5683,80.7612,80.9785,2011100
2014-07-16,81.0872,81.7701,80.6836,81.7158,1122900
2014-07-17,81.1027,81.8477,80.963,81.0018,1479500
2014-07-18,81.2191,82.4297,81.1958,82.3987,1152900
2014-07-21,82.0417,82.5461,81.8865,82.4297,1148500
2014-07-22,83.0117,83.6636,82.5694,83.5084,1696100
2014-07-23,84.137,84.4629,82.2978,82.9108,1922400
2014-07-24,83.1825,84.0438,82.9419,83.6403,1673300
2014-07-25,83.5239,83.7257,83.1282,83.423,989100
2014-07-28,83.0583,83.3454,81.4984,81.739,1650800
2014-07-29,81.677,81.7934,80.2724,80.2879,1879800
2014-07-30,80.7794,81.193,80.5141,80.8809,1663400
2014-07-31,80.7327,80.7327,79.2422,79.3281,1341700
2014-08-01,79.2344,79.609,78.1498,78.9691,1581100
2014-08-04,78.9769,79.1408,77.9235,79.1018,2143200
2014-08-05,78.5243,79.5309,78.3917,78.5711,1741700
2014-08-06,78.0171,78.696,77.744,78.1029,1662800
2014-08-07,78.0951,78.8911,77.8454,78.0327,1764300
2014-08-08,78.103,79.1564,77.8923,79.1018,1720800
2014-08-11,79.211,80.7014,79.1252,80.2488,1467900
2014-08-12,79.8119,80.4049,79.6012,79.9445,1053500
2014-08-13,79.9757,80.6624,79.9757,80.5532,903000
2014-08-14,80.6,81.2164,80.5298,81.1306,914200
2014-08-15,81.5051,81.6846,80.7872,81.5364,1178200
2014-08-18,82.2855,82.8239,81.9422,82.7381,1358100
2014-08-19,82.8473,83.1751,82.5586,82.7771,1103000
2014-08-20,82.8005,83.4326,82.6991,82.9956,2115600
2014-08-21,83.1595,83.1985,81.3257,82.0748,2992200
2014-08-22,82.0202,82.621,81.9656,82.3089,1155400
2014-08-25,82.6757,82.7771,82.2309,82.3635,590200
2014-08-26,82.621,82.7615,82.3323,82.3479,916600
2014-08-27,82.8239,83.4404,82.7147,83.3545,1238600
2014-08-28,82.9722,83.3155,82.8005,83.1673,815900
2014-08-29,83.3389,83.495,82.941,83.495,699300
2014-09-02,83.495,84.1739,83.2141,83.5028,1317100
2014-09-03,83.7603,84.6577,83.7603,84.2441,1267700
2014-09-04,83.1829,85.2274,83.1829,84.7123,1731700
2014-09-05,84.7982,85.5317,84.5094,85.4848,1808300
2014-09-08,85.3756,85.6019,84.408,84.7747,1365000
2014-09-09,84.7747,85.2117,84.369,84.884,1240100
2014-09-10,84.9542,85.1571,84.0803,84.2675,1485400
2014-09-11,84.0412,84.7825,83.9164,84.7747,888600
2014-09-12,84.8528,84.9932,83.932,84.1895,867300
2014-09-15,84.33,84.5797,83.7447,84.408,889200
2014-09-16,84.3768,85.2585,83.9164,85.1883,1550500
2014-09-17,85.4224,87.8492,85.4224,87.2172,2894900
2014-09-18,87.2718,87.74,87.1313,87.5137,1255500
2014-09-19,87.9429,88.138,87.3498,87.3966,1668700
2014-09-22,87.4669,87.8726,86.5773,86.6163,1496000
2014-09-23,86.5149,86.5773,85.836,85.8828,956900
2014-09-24,86.0779,87.0923,85.914,86.9674,1226500
2014-09-25,86.6788,86.6788,85.36,85.6799,1259400
2014-09-26,85.8048,87.1782,85.6799,86.8582,1151700
2014-09-29,86.1091,87.0299,85.7033,86.944,956800
2014-09-30,86.9674,88.4969,86.7802,87.0845,2342300
2014-10-01,86.5071,86.5929,84.408,84.7825,2396300
2014-10-02,85.2585,86.1091,84.8996,85.9296,2037200
2014-10-03,86.3432,87.8648,86.3432,87.7634,2077600
2014-10-06,88.1224,88.5671,86.6553,86.7022,1802900
2014-10-07,86.1481,86.2262,84.4158,84.4704,2112200
2014-10-08,84.4548,85.2507,82.8941,85.1727,2322300
2014-10-09,84.7279,84.9776,82.0436,82.2699,2500100
2014-10-10,82.3167,82.3167,79.4373,79.8743,2683000
2014-10-13,82.9722,86.8114,80.2254,80.5376,5190100
2014-10-14,81.1618,82.8786,80.9043,81.5052,2164300
2014-10-15,80.4127,82.4806,79.4373,82.0904,2732500
2014-10-16,80.0226,82.8083,79.8197,81.7783,2743900
2014-10-17,82.7069,83.6589,82.5664,83.1361,1832500
2014-10-20,82.4494,83.6745,82.0748,83.5496,2054400
2014-10-21,84.5875,85.7267,84.4392,85.7189,2320700
2014-10-22,83.1126,85.5941,82.9566,83.1048,4253000
2014-10-23,84.088,84.8528,83.495,84.1739,2711200
2014-10-24,84.369,85.399,84.01,85.36,1496800
2014-10-27,85.1103,85.7111,84.6265,85.3366,1243300
2014-10-28,85.6721,86.9128,85.6721,86.8504,1596100
2014-10-29,86.9441,87.3732,85.3756,86.3666,1515800
2014-10-30,85.7658,86.1403,85.1181,85.477,2304700
2014-10-31,86.8348,86.944,85.6487,86.3354,3024700
2014-11-03,86.2262,86.5773,84.7045,85.3756,2623600
2014-11-04,85.3912,85.914,84.6421,84.8918,2677800
2014-11-05,84.8918,86.5313,84.8212,86.1234,1765400
2014-11-06,86.5313,87.1902,85.8959,86.8529,1699700
2014-11-07,89.3709,89.7396,87.802,88.5316,2252100
2014-11-10,90.0142,91.4654,89.9436,91.4654,2620300
2014-11-11,91.434,91.7635,90.7751,91.4889,1744700
2014-11-12,90.8692,91.9831,90.83,91.5124,2025300
2014-11-13,91.6772,91.7164,90.3358,90.5633,1834000
2014-11-14,90.5868,91.3948,90.4378,91.0182,1028300
2014-11-17,90.4299,91.1673,90.0926,90.8614,1236100
2014-11-18,90.8221,91.3163,90.0848,90.5084,1055400
2014-11-19,90.2573,90.6731,89.7631,90.3436,1151800
2014-11-20,89.8573,90.5554,89.8416,90.5084,875800
2014-11-21,91.1281,91.1281,89.9593,90.4927,1700700
2014-11-24,90.7594,91.7164,90.6809,91.2693,960300
2014-11-25,91.4811,92.2812,91.4105,91.8811,1168600
2014-11-26,91.8027,92.0223,91.4575,91.936,716500
2014-11-28,91.6144,91.6536,87.3549,87.5746,2390500
2014-12-01,87.1353,87.1353,81.958,83.4327,5433400
2014-12-02,83.519,85.7939,83.017,85.739,3604600
2014-12-03,86.0135,87.802,85.99,87.7707,2570600
2014-12-04,86.6803,87.1039,83.9191,84.1701,3494200
2014-12-05,84.8526,85.4017,83.723,83.9897,2944000
2014-12-08,83.5347,83.5347,80.6637,81.1108,2849300
2014-12-09,80.1303,81.6678,79.5655,81.6442,2312900
2014-12-10,81.205,81.3383,79.2439,79.4478,2427400
2014-12-11,80.3185,81.4167,79.3458,80.5068,2511800
2014-12-12,80.091,81.6364,79.6517,79.6596,2979800
2014-12-15,80.1381,80.852,79.5106,79.7537,2535100
2014-12-16,79.4243,81.9345,79.2752,80.2715,2335100
2014-12-17,80.397,82.8287,79.5811,82.562,3251000
2014-12-18,83.7622,85.5037,83.6759,85.488,3755700
2014-12-19,85.6449,85.9743,84.7898,85.5429,3011100
2014-12-22,85.8331,86.5391,84.8761,86.3038,1793200
2014-12-23,86.7038,87.5118,86.4293,87.2294,1286600
2014-12-24,87.4647,87.7001,86.7666,87.3941,754700
2014-12-26,87.5118,87.904,87.0882,87.4961,918300
2014-12-29,86.9392,87.904,86.6568,87.6922,954400
2014-12-30,87.3628,88.0295,86.6019,86.9313,993200
2014-12-31,87.253,87.253,85.8253,85.9822,1045200
2015-01-02,86.8372,87.1196,84.6486,85.6213,1424900
2015-01-05,85.2762,85.4174,83.3464,83.4563,2801100
2015-01-06,82.813,83.0484,80.4362,80.797,4233200
2015-01-07,81.3461,81.7619,80.0204,80.797,3746700
2015-01-08,81.354,82.3031,80.7343,81.5736,3064400
2015-01-09,81.4873,82.1306,80.499,80.9304,2909900
2015-01-12,80.1773,80.5539,79.2438,79.9891,3320000
2015-01-13,80.9853,81.4167,78.5457,79.6125,2914200
2015-01-14,78.3025,79.636,78.2868,79.283,3238500
2015-01-15,79.8635,80.8519,79.4635,79.8871,2607000
2015-01-16,79.8479,81.3226,79.8479,81.252,2512000
2015-01-20,81.5815,81.8482,80.6245,81.15,1997300
2015-01-21,80.9461,82.3502,80.4833,81.856,1272400
2015-01-22,82.7189,83.5818,82.4522,83.2209,1474100
2015-01-23,83.2523,83.2523,82.1698,82.1933,1920600
2015-01-26,80.2009,84.1544,79.589,83.2366,2763200
2015-01-27,82.2718,82.413,81.1029,81.7305,2110400
2015-01-28,82.3973,82.5463,80.7264,80.797,2040500
2015-01-29,80.7029,81.5971,79.9812,81.4167,1897900
2015-01-30,80.5303,81.0873,79.9498,79.9891,2527100
2015-02-02,80.1695,81.6285,80.0832,81.605,2113600
2015-02-03,82.562,84.2329,82.0835,84.1466,2753900
2015-02-04,83.6023,84.3674,83.3657,83.8863,2844900
2015-02-05,84.115,85.3218,84.0361,85.0694,2651300
2015-02-06,85.3218,85.5742,84.6671,85.0221,2818200
2015-02-09,84.9038,85.5585,84.6435,85.1799,2333600
2015-02-10,85.4638,85.8819,84.9275,85.661,1644100
2015-02-11,85.385,86.3709,85.2588,86.0633,1376900
2015-02-12,86.2684,86.8915,86.2053,86.8284,1242500
2015-02-13,86.8994,87.4673,86.3709,86.6943,1575700
2015-02-17,86.2921,87.3569,86.1659,87.2938,1652100
2015-02-18,86.931,87.7355,86.86,87.7197,1654800
2015-02-19,87.3727,88.3823,87.1913,88.0195,1835300
2015-02-20,87.7749,88.2797,87.3017,88.1299,1500800
2015-02-23,87.5777,87.6724,87.0966,87.4989,1599000
2015-02-24,87.4831,87.7986,87.3096,87.4515,1253700
2015-02-25,87.838,88.0589,87.2228,87.4279,1133700
2015-02-26,87.3963,87.6487,86.5366,86.7259,2955700
2015-02-27,86.9467,86.9941,85.9292,86.1027,2512000
2015-03-02,86.4577,86.9625,86.2605,86.9625,2227100
2015-03-03,85.945,86.1974,85.1089,85.4796,3251500
2015-03-04,84.9906,86.087,84.7855,85.9292,2330400
2015-03-05,86.2132,86.2526,85.5979,86.1027,1917300
2015-03-06,85.2903,85.9765,85.0615,85.3534,1698000
2015-03-09,85.0931,86.0239,85.0537,86.0002,1881700
2015-03-10,85.1878,85.4875,84.7066,84.8565,2342600
2015-03-11,84.9985,85.7557,84.9827,85.3613,2132600
2015-03-12,85.5427,86.2842,85.5427,86.158,1284000
2015-03-13,85.9765,86.1343,85.2982,85.7005,1233000
2015-03-16,85.8661,87.5146,85.8661,87.2228,1428700
2015-03-17,86.7653,87.1124,86.5445,86.6707,1323900
2015-03-18,86.3631,87.9091,85.8188,87.6567,1320600
2015-03-19,87.3963,87.6014,86.3078,87.0098,1406000
2015-03-20,87.2465,88.1536,87.1045,87.1045,3114900
2015-03-23,86.3552,86.5997,84.0441,84.0519,3277900
2015-03-24,83.8705,84.4068,83.484,83.6654,1798600
2015-03-25,83.8626,83.8705,81.9774,82.0721,2637300
2015-03-26,80.4314,82.3087,80.4235,81.9617,3043200
2015-03-27,81.5988,81.8276,81.0625,81.7329,2596900
2015-03-30,82.0327,82.4034,81.662,82.0327,1402200
2015-03-31,81.6225,81.9774,81.1019,81.1808,1998500
2015-04-01,80.9678,81.5752,80.5182,81.2123,1640100
2015-04-02,81.5594,82.6558,81.1492,82.151,2186800
2015-04-06,81.6462,82.6321,81.5594,82.3718,2575200
2015-04-07,82.4823,82.6952,81.8907,82.3955,2579100
2015-04-08,82.4349,82.5769,81.7724,82.2851,1863000
2015-04-09,82.2614,83.4761,82.1036,83.4288,1403400
2015-04-10,83.8074,84.186,83.4919,83.8863,1293800
2015-04-13,83.4367,83.7995,82.6243,82.7189,2049300
2015-04-14,78.0809,79.3508,77.1501,79.2641,8715500
2015-04-15,79.5638,79.903,78.7119,79.4613,3637800
2015-04-16,79.3587,79.3587,78.7593,79.0905,2367700
2015-04-17,78.4043,79.5086,78.3254,79.3903,2681500
2015-04-20,79.6663,81.8434,79.5559,81.2754,3086700
2015-04-21,81.9853,81.9853,79.0511,80.7785,2708400
2015-04-22,80.6207,82.9713,80.6207,82.7978,2584100
2015-04-23,82.4113,84.6435,82.2693,83.7759,2373900
2015-04-24,83.768,84.0046,82.3718,83.0502,1753900
2015-04-27,83.2316,83.3105,82.3482,82.427,1798300
2015-04-28,82.3088,82.5769,81.8434,82.3245,1978600
2015-04-29,82.7529,82.8639,80.9998,81.8485,1951700
2015-04-30,81.0394,81.325,79.7623,80.0003,3540500
2015-05-01,80.5476,81.8723,80.4603,81.8723,2352300
2015-05-04,82.2214,82.9591,81.8406,82.3324,2749200
2015-05-05,82.2531,82.7211,79.7385,79.794,2021100
2015-05-06,80.0573,80.3765,78.9721,79.8818,2911900
2015-05-07,79.7382,81.0149,79.6185,80.576,1212400
2015-05-08,81.2861,81.5335,80.2408,80.2967,2405500
2015-05-11,80.0733,80.8393,79.9217,79.9217,1620700
2015-05-12,79.4429,79.5945,78.9482,79.028,3066000
2015-05-13,78.9242,79.6663,77.6156,77.9747,2935000
2015-05-14,77.2406,77.9667,76.6342,77.1688,3079600
2015-05-15,77.456,77.9747,77.1049,77.847,1940700
2015-05-18,77.7513,78.3338,77.5598,78.1742,1647900
2015-05-19,78.0784,78.3976,77.4561,77.6236,1287500
2015-05-20,76.9214,77.3523,76.3868,76.6501,1559200
2015-05-21,76.6501,78.2939,76.6022,77.488,2503700
2015-05-22,77.2885,77.6316,76.2113,76.2272,1988300
2015-05-26,76.2512,76.5624,75.2697,75.4612,1740700
2015-05-27,75.8682,75.9878,75.1979,75.6687,1582600
2015-05-28,75.4053,75.4452,74.0488,74.7749,2114900
2015-05-29,74.5914,74.6154,73.2908,73.4105,2521200
2015-06-01,73.7935,74.2563,73.2908,74.0169,1598500
2015-06-02,73.8414,74.8547,73.6339,73.969,1777100
2015-06-03,73.9291,74.6712,73.4344,73.8094,1568100
2015-06-04,73.4185,74.2563,73.0833,73.3786,2135700
2015-06-05,73.61,74.0009,73.2988,73.8174,1624400
2015-06-08,73.6259,73.7376,72.5966,72.6604,1480200
2015-06-09,72.6125,72.812,72.1258,72.1657,1473200
2015-06-10,72.6126,72.6126,71.5992,72.2455,1981100
2015-06-11,72.4689,74.0409,72.1498,73.8334,2996700
2015-06-12,73.3227,74.0807,72.9078,73.1711,1965700
2015-06-15,72.804,73.3386,72.5247,72.8998,1331500
2015-06-16,72.7881,73.4025,72.7482,72.8998,1132900
2015-06-17,72.9477,73.2828,72.6125,73.1711,1439200
2015-06-18,73.3706,74.3999,73.2749,74.1765,1742800
2015-06-19,73.9451,74.3042,73.4663,73.6658,2141200
2015-06-22,73.9451,74.4478,73.7217,74.0568,1575600
2015-06-23,73.985,74.2802,73.61,73.6578,1546600
2015-06-24,73.3786,73.6658,71.8066,71.8385,2117400
2015-06-25,72.0779,72.3093,70.8092,70.8252,1945400
2015-06-26,71.0885,71.5194,70.6257,70.9129,2984700
2015-06-29,70.3783,70.7534,69.3729,69.4048,1722600
2015-06-30,69.716,70.131,69.2133,69.7081,2404000
2015-07-01,70.123,70.3225,69.9235,70.2985,2323600
2015-07-02,70.4661,70.7374,69.9953,70.0831,2217000
2015-07-06,69.6043,70.2028,68.9739,69.3729,1466400
2015-07-07,69.341,70.3863,68.7186,70.0751,2097900
2015-07-08,69.3969,69.8118,67.9606,68.1441,1986100
2015-07-09,68.8143,69.2691,68.3116,68.3196,1838100
2015-07-10,69.0857,69.1734,68.551,68.9021,1627600
2015-07-13,69.3809,69.5884,68.7585,68.9899,1781500
2015-07-14,68.8383,69.5564,68.4712,69.1973,3043000
2015-07-15,69.5006,70.2028,69.2772,69.3889,2807700
2015-07-16,69.341,69.9634,68.2079,68.3037,1727200
2015-07-17,68.3036,69.2851,68.3036,68.5749,1906400
2015-07-20,68.7585,69.1256,68.4314,68.6947,1270900
2015-07-21,68.7026,69.3968,68.2957,68.559,1522300
2015-07-22,68.567,68.9819,67.8568,68.1201,1237600
2015-07-23,67.9606,67.9606,66.3328,66.612,1943100
2015-07-24,66.612,67.1387,65.9099,66.1971,2048400
2015-07-27,65.6784,67.5616,65.6784,66.0694,2039500
2015-07-28,66.229,67.8728,66.229,67.7611,2041800
2015-07-29,67.7132,68.6548,67.41,68.5989,2021900
2015-07-30,68.2877,68.7106,68.2318,68.4632,2107300
2015-07-31,68.192,68.551,67.1227,67.2903,2610300
2015-08-03,67.2424,67.4499,65.9737,66.237,2438200
2015-08-04,66.0295,66.6838,65.8141,66.3727,6077500
2015-08-05,66.8227,67.5218,66.2842,66.3646,2911600
2015-08-06,66.2842,66.4289,65.0386,65.577,2905600
2015-08-07,65.4565,65.7779,64.9984,65.1833,2541300
2015-08-10,65.6896,66.67,65.0466,66.3968,2711900
2015-08-11,65.7297,65.8664,64.6689,65.0788,1698300
2015-08-12,64.6609,65.6413,64.2349,65.3681,1692600
2015-08-13,65.3199,65.5128,64.9743,65.1109,1136600
2015-08-14,64.8859,66.003,64.8699,65.6896,1464600
2015-08-17,65.4806,66.0673,65.0306,66.0191,1420800
2015-08-18,66.0271,66.2842,65.8101,66.1798,1513100
2015-08-19,65.6494,65.9789,65.2315,65.4967,1531100
2015-08-20,64.8377,64.9663,64.0823,64.251,2315900
2015-08-21,63.7206,64.243,62.6679,62.6679,3243500
2015-08-24,58.5291,62.1134,57.9425,60.0641,3599000
2015-08-25,61.9285,61.9285,58.1836,58.2157,2551500
2015-08-26,59.606,59.8712,58.3925,59.5658,2860400
2015-08-27,60.4659,62.6277,60.265,62.6197,3186900
2015-08-28,62.3143,64.3314,62.3062,63.6483,3264300
2015-08-31,63.3188,63.351,62.4509,62.6116,1773000
2015-09-01,61.2615,61.7839,60.5623,60.8436,2034300
2015-09-02,61.6231,61.7678,60.7472,61.5106,2846700
2015-09-03,61.8964,62.684,61.5428,62.0089,1568200
2015-09-04,61.2374,61.9124,60.9561,61.5026,1914000
2015-09-08,62.7161,63.2626,62.4991,63.2385,1822400
2015-09-09,63.7447,64.2912,63.15,63.4393,3485600
2015-09-10,63.4795,63.7287,62.692,63.5197,3590100
2015-09-11,63.8734,64.5404,63.3751,63.6242,2556900
2015-09-14,63.6242,63.6403,63.1179,63.2385,2656000
2015-09-15,63.5679,64.902,63.2545,64.7091,1527100
2015-09-16,64.6448,65.8262,64.5564,65.6494,2657000
2015-09-17,65.4163,66.1396,65.0306,65.1833,2180000
2015-09-18,64.3314,64.5002,63.2706,63.4474,3592600
2015-09-21,63.7528,64.4198,63.2224,63.9456,1929600
2015-09-22,63.0938,63.1179,61.9125,62.2259,1771000
2015-09-23,62.2178,62.3866,61.0767,61.3499,1524900
2015-09-24,60.6829,61.149,60.056,60.8275,2179000
2015-09-25,61.3338,61.6874,60.5382,60.7713,2004500
2015-09-28,60.3052,60.5704,59.9355,59.9998,1920600
2015-09-29,60.1284,60.3212,59.7587,60.2007,1600600
2015-09-30,60.9079,61.4785,60.4337,61.3981,1559600
2015-10-01,62.0651,62.6598,61.6151,62.1455,1896800
2015-10-02,61.2374,63.5278,61.0124,63.4956,1805000
2015-10-05,63.0777,64.7252,62.7563,64.2752,2201500
2015-10-06,64.2269,64.7091,63.7849,63.8331,1745100
2015-10-07,64.1144,65.6655,64.1144,65.2556,2314400
2015-10-08,65.0467,66.8388,65.0467,66.6861,1720700
2015-10-09,66.7665,67.5058,66.0351,66.6298,2055200
2015-10-12,66.1075,66.1959,64.3475,65.0788,2337000
2015-10-13,64.452,64.8216,63.6564,63.7206,1366200
2015-10-14,63.2947,64.0582,62.3625,62.8688,1886500
2015-10-15,63.4715,63.9617,62.6357,63.8572,1442200
2015-10-16,64.0903,64.1305,62.7241,62.9732,1617300
2015-10-19,62.5071,62.8286,62.1294,62.4991,1100700
2015-10-20,62.3786,63.793,62.1375,63.359,1035800
2015-10-21,63.6081,63.8572,63.1581,63.2465,1372200
2015-10-22,63.6885,65.4886,63.6563,64.7091,1852600
2015-10-23,65.0467,65.5128,64.5966,65.0949,1539800
2015-10-26,65.0788,65.3118,64.2751,64.5162,1301200
2015-10-27,64.0421,64.0421,62.041,62.2339,3055200
2015-10-28,63.7126,66.2441,63.7126,65.577,3549800
2015-10-29,65.352,66.0271,64.91,65.1672,2171800
2015-10-30,65.0225,65.4083,64.2269,64.3153,1724900
2015-11-02,63.5519,64.7895,63.5278,64.5966,1893600
2015-11-03,64.3957,65.2154,64.3796,64.8377,1317900
2015-11-04,64.862,65.3396,64.611,65.0482,2179900
2015-11-05,65.1129,65.5906,64.5705,64.8863,1731500
2015-11-06,64.7648,65.1372,64.0524,64.6596,1428900
2015-11-09,64.4815,73.6376,63.5262,71.7432,8631000
2015-11-10,70.1565,72.0185,69.3955,71.7028,4610900
2015-11-11,71.7837,72.3585,71.0713,71.9618,2468800
2015-11-12,71.2251,72.8604,70.8042,71.8485,2589000
2015-11-13,71.6299,72.6904,71.4842,72.0185,1860000
2015-11-16,71.897,72.5771,70.367,71.4842,2376000
2015-11-17,71.4275,71.4275,68.0921,70.4075,2988300
2015-11-18,73.419,75.8477,73.2247,74.8763,8541200
2015-11-19,74.4795,79.256,73.5647,78.4059,5417500
2015-11-20,78.1712,79.9441,76.9568,78.9807,4150500
2015-11-23,78.8512,79.4503,76.8516,77.3616,3031200
2015-11-24,76.3982,77.8554,76.3011,76.5439,1836700
2015-11-25,76.6573,77.8554,76.212,77.2321,1646700
2015-11-27,77.4669,77.5883,76.8759,77.2159,638100
2015-11-30,77.2159,77.6611,76.1149,76.9568,3061900
2015-12-01,77.0702,77.6207,76.2201,76.7544,1611000
2015-12-02,76.4711,76.6573,74.342,74.601,2772900
2015-12-03,74.4958,76.0906,74.3662,75.3782,2426400
2015-12-04,72.0266,74.8843,70.0998,74.5281,5803100
2015-12-07,75.9287,76.382,73.9614,74.091,2766900
2015-12-08,71.1604,72.6824,69.1689,69.8813,4932300
2015-12-09,69.5655,71.3304,69.4279,70.877,3031600
2015-12-10,71.5004,71.6218,70.6746,70.9823,1840400
2015-12-11,72.1561,72.8119,71.047,72.4071,3170200
2015-12-14,72.5366,73.4676,71.9699,72.3342,2338900
2015-12-15,72.9981,74.1477,72.6257,73.6862,1609500
2015-12-16,73.9372,74.3176,71.6299,72.6904,2226600
2015-12-17,72.4638,72.5366,68.7398,68.8612,2554400
2015-12-18,68.4807,69.6141,67.3797,68.2217,3228300
2015-12-21,68.8936,69.2417,67.7521,68.0679,1306100
2015-12-22,68.7236,70.0027,68.4969,69.6789,1043900
2015-12-23,70.1727,70.5208,69.6222,70.3103,865300
2015-12-24,70.3508,70.6989,69.7598,70.2537,434000
2015-12-28,70.0836,70.4156,69.2093,69.2903,862700
2015-12-29,69.5089,69.8732,69.2174,69.266,829300
2015-12-30,69.2174,69.2741,68.6345,68.6993,843300
2015-12-31,68.1326,68.9584,68.0759,68.4807,920100
2016-01-04,67.7116,67.7278,65.4934,66.2301,2558100
2016-01-05,66.1897,66.8373,65.8982,66.6025,1043500
2016-01-06,65.7525,66.1411,63.9634,64.3439,1345400
2016-01-07,63.1943,63.8177,62.7814,63.1457,1900900
2016-01-08,63.3886,63.9553,62.7814,62.9757,1417600
2016-01-11,63.1619,63.421,60.717,61.5023,1524400
2016-01-12,61.9638,62.6195,59.5837,61.4699,1862200
2016-01-13,61.6561,61.9233,56.7421,57.835,1988100
2016-01-14,57.8836,59.5837,57.8512,58.4098,1916800
2016-01-15,56.8554,58.3126,56.8149,58.1021,1786600
2016-01-19,58.4989,58.7498,57.2278,58.1669,1552300
2016-01-20,57.2521,58.5636,54.9287,57.6245,2123100
2016-01-21,57.4383,57.7217,53.8439,56.7259,3863900
2016-01-22,57.7055,58.005,55.5197,55.5278,2322100
2016-01-25,55.5682,56.1511,54.6534,54.8315,1704200
2016-01-26,55.0501,56.143,55.0339,55.7787,1551700
2016-01-27,55.1311,57.2845,54.953,56.5802,1829300
2016-01-28,56.6045,57.8026,56.054,56.7583,1396200
2016-01-29,57.3169,57.8593,56.7016,57.074,2058000
2016-02-01,56.7988,57.1145,55.8597,56.823,1468600
2016-02-02,55.9649,56.2725,53.8034,53.9167,1426000
2016-02-03,54.6273,55.2808,52.6915,54.9867,1876400
2016-02-04,55.1501,57.1676,55.1501,56.6612,2092800
2016-02-05,56.4651,57.674,55.9996,57.2901,1514000
2016-02-08,56.6448,58.45,56.4815,57.576,2735900
2016-02-09,56.9307,59.8712,56.457,58.3356,4331800
2016-02-10,58.9482,60.1652,58.5479,59.6424,1607300
2016-02-11,58.5888,58.989,57.1676,58.5398,1860100
2016-02-12,58.5398,60.108,58.0415,59.2667,1523200
2016-02-16,59.5853,60.7125,59.2667,60.4347,1389400
2016-02-17,60.7288,62.0928,60.1407,61.8886,2035100
2016-02-18,61.807,62.248,60.5164,61.1209,1049200
2016-02-19,60.8513,61.6681,60.4838,61.2597,1437200
2016-02-22,61.2597,63.0159,61.2597,62.0439,1846000
2016-02-23,62.1745,62.8443,60.2142,60.3367,948700
2016-02-24,59.2422,60.6389,58.8175,60.3939,781400
2016-02-25,60.6308,61.2352,59.3321,60.1734,977900
2016-02-26,60.4021,62.1991,60.2714,61.0147,1333000
2016-02-29,61.0065,61.5701,59.7568,59.765,1536800
2016-03-01,60.1897,61.8152,59.8794,61.5129,1852600
2016-03-02,62.1337,63.2446,61.7907,62.4033,1730500
2016-03-03,62.4604,64.094,62.4604,62.8933,1616500
2016-03-04,63.0975,64.2737,63.0894,63.2201,1116300
2016-03-07,62.926,65.3356,62.6483,65.115,3191600
2016-03-08,64.8291,65.115,62.0438,62.3706,5996200
2016-03-09,62.8688,63.3017,61.4803,61.8723,2479000
2016-03-10,62.779,62.9341,61.0147,61.8805,2232000
2016-03-11,62.6238,64.7801,62.2481,64.5351,1851400
2016-03-14,63.9633,65.3764,63.9062,64.5024,1538100
2016-03-15,63.9306,64.6004,63.1384,64.5269,987200
2016-03-16,64.2002,66.4954,63.3671,66.1523,1461000
2016-03-17,66.136,67.7859,65.5806,67.6307,1670500
2016-03-18,67.8839,69.0765,67.8839,68.6272,3346500
2016-03-21,68.3985,69.6237,67.982,68.6436,1019800
2016-03-22,68.0963,69.6319,68.0146,68.8559,1808700
2016-03-23,68.9131,69.052,67.5817,67.6798,1101200
2016-03-24,67.1325,68.5455,66.4872,68.5047,640200
2016-03-28,68.4312,68.4312,66.0543,66.7731,1539100
2016-03-29,66.2749,68.0636,65.7439,67.6307,874900
2016-03-30,68.0555,70.7836,67.9901,69.2235,1814900
2016-03-31,68.9458,68.9458,67.9166,67.9983,1576100
2016-04-01,67.3285,68.1617,66.8466,67.7696,1391700
2016-04-04,67.9003,68.6844,67.3204,67.3775,935200
2016-04-05,66.7731,67.0672,66.0135,66.3239,1119600
2016-04-06,66.1115,66.5608,64.9517,66.2831,1065600
2016-04-07,65.9073,66.8711,65.1395,65.4254,1657100
2016-04-08,65.8746,67.4429,65.8746,66.5607,1805400
2016-04-11,64.6249,66.3075,63.8326,64.7556,3142900
2016-04-12,64.8863,65.0905,63.8898,64.2982,2634100
2016-04-13,64.8863,66.7813,64.7801,66.2749,4334200
2016-04-14,66.5607,67.3285,66.3238,67.0916,1877400
2016-04-15,67.2387,67.4674,66.4709,66.6751,1476100
2016-04-18,66.6506,67.157,65.9155,66.6016,1769200
2016-04-19,67.3285,68.1126,67.0917,67.6062,2321200
2016-04-20,67.7614,68.2352,67.0835,67.9248,1608300
2016-04-21,68.0146,68.6109,67.4429,67.4919,2020300
2016-04-22,72.9481,74.6797,72.1476,74.598,6173300
2016-04-25,74.5327,74.6307,73.0624,74.6307,2571300
2016-04-26,74.4592,76.7054,74.255,76.0029,2475300
2016-04-27,75.9539,76.8605,75.3086,76.1499,1742800
2016-04-28,75.7905,76.5502,74.9411,75.1289,1085500
2016-04-29,74.794,75.1208,73.1033,73.6015,2555900
2016-05-02,74.1814,74.3693,73.4382,74.0998,1390100
2016-05-03,73.9364,73.9364,71.9516,72.8092,1828000
2016-05-04,72.3405,73.5739,72.3405,73.0723,1608000
2016-05-05,73.3026,74.1988,72.9161,73.1381,1217800
2016-05-06,72.3241,73.9521,72.209,73.7219,1292500
2016-05-09,73.319,73.8288,72.3488,72.5872,1649600
2016-05-10,72.949,74.5771,72.5955,74.2564,1197200
2016-05-11,74.059,74.4126,73.0148,73.0312,1438000
2016-05-12,73.3601,73.6972,72.0528,72.505,1313300
2016-05-13,72.2008,72.875,70.1287,70.6878,1828400
2016-05-16,70.7125,72.0528,70.7125,70.9099,1587900
2016-05-17,70.803,72.357,70.4659,70.5974,2171800
2016-05-18,70.4247,72.1679,69.5614,70.3096,2085200
2016-05-19,70.3178,70.581,68.7967,69.3394,1624800
2016-05-20,69.7176,70.5069,69.512,70.252,1418800
2016-05-23,70.1863,70.5398,69.4298,69.6354,1669600
2016-05-24,69.8903,70.252,66.996,67.6127,3320100
2016-05-25,67.6702,68.8625,67.5469,68.5007,3812500
2016-05-26,68.624,69.2983,68.1224,68.9282,1726400
2016-05-27,69.0187,69.3558,68.4267,69.068,1000500
2016-05-31,69.0434,70.4248,68.3774,69.1174,1695000
2016-06-01,68.4925,68.5829,67.2509,68.254,1525700
2016-06-02,67.9169,68.4349,67.4729,68.3856,1003600
2016-06-03,67.9004,68.6322,67.3495,68.3362,1554800
2016-06-06,68.6898,69.3147,67.9005,68.4678,1493700
2016-06-07,68.5007,69.7094,68.5007,68.8543,1139900
2016-06-08,69.0598,71.2799,68.7967,70.6714,1862800
2016-06-09,70.1287,70.4987,68.92,70.3836,1817600
2016-06-10,70.0054,70.0218,68.624,69.142,1168100
2016-06-13,69.068,69.3969,68.4185,68.4349,1617000
2016-06-14,68.4349,69.2736,67.9005,68.0814,1071000
2016-06-15,68.4349,69.2818,67.9416,68.6569,1774700
2016-06-16,68.2705,69.4792,67.6538,69.2243,1553700
2016-06-17,69.1914,70.4823,68.9365,70.0465,2195200
2016-06-20,70.8852,71.5265,70.285,70.4247,1777000
2016-06-21,69.3312,70.3343,69.3312,69.8985,1200500
2016-06-22,70.0794,71.1565,69.9067,70.7536,1488700
2016-06-23,71.4772,71.9458,70.8769,71.5347,1291900
2016-06-24,68.9694,69.767,67.8265,67.9498,2196800
2016-06-27,67.1358,67.3907,64.7349,65.516,2009000
2016-06-28,66.4204,67.7935,66.1244,67.6127,1538100
2016-06-29,68.2622,69.2243,68.1718,68.8625,951500
2016-06-30,69.1996,69.9972,68.4349,69.9972,1460800
2016-07-01,69.7998,70.4165,69.6436,70.0547,1239900
2016-07-05,69.7423,70.0136,68.4349,68.9858,1406700
2016-07-06,68.9283,70.1041,68.4925,69.8492,1839000
2016-07-07,69.9067,70.2192,68.7885,69.1009,1452000
2016-07-08,69.7176,71.4854,69.6189,71.0578,2131400
2016-07-11,71.247,71.9212,71.2388,71.4936,1466300
2016-07-12,72.0363,73.1464,72.0363,72.7023,1491600
2016-07-13,73.171,75.1773,71.9212,74.6346,2658300
2016-07-14,75.0293,76.1722,74.7004,75.4733,2310800
2016-07-15,75.5637,75.8926,74.6428,75.2266,1204000
2016-07-18,75.054,75.4157,74.7415,75.3253,895800
2016-07-19,74.8648,75.4651,74.7086,75.1526,1154700
2016-07-20,75.1526,75.6542,74.5771,75.4404,1371700
2016-07-21,74.9224,75.7775,74.4373,75.2842,1453700
2016-07-22,75.1033,75.7282,74.651,75.6542,1047000
2016-07-25,75.646,76.2462,74.799,75.6131,1277500
2016-07-26,75.6131,76.5422,75.2348,76.2626,2141500
2016-07-27,76.0077,76.0571,73.3272,74.1166,2736400
2016-07-28,73.7959,74.8484,73.0806,74.0179,1525900
2016-07-29,73.7795,74.2564,73.2615,73.8206,1218800
2016-08-01,73.7301,73.7301,72.5872,72.8092,1639500
2016-08-02,72.5626,72.7846,71.4608,71.6746,1002400
2016-08-03,71.6088,72.7928,71.5348,72.6283,1424000
2016-08-04,72.4876,73.1001,71.9164,72.5207,1684800
2016-08-05,72.976,73.9859,72.5207,73.572,1466900
2016-08-08,73.6713,74.8882,73.6713,74.1018,1273300
2016-08-09,74.0273,74.3832,73.812,73.8783,1044000
2016-08-10,74.1349,74.1349,73.1581,73.3154,806700
2016-08-11,73.4809,74.6978,73.0753,74.0687,1653500
2016-08-12,74.0687,74.0687,72.8188,73.1416,1108600
2016-08-15,73.5554,74.2011,73.3982,73.6051,780400
2016-08-16,73.4478,73.9859,72.9015,73.7707,1286000
2016-08-17,73.7458,74.3915,73.3568,74.3501,950600
2016-08-18,74.3584,75.8814,74.2094,75.8814,1580900
2016-08-19,75.5752,76.1215,75.3682,75.807,1078400
2016-08-22,75.7407,75.807,75.3351,75.6248,811500
2016-08-23,76.0719,76.3119,75.7573,76.1795,723000
2016-08-24,76.1381,76.4278,75.9808,76.2374,793700
2016-08-25,76.0802,76.7093,76.0305,76.2209,1075400
2016-08-26,76.2871,76.9576,76.0719,76.3781,1322700
2016-08-29,76.345,78.0585,76.2539,77.8184,1721000
2016-08-30,77.8184,78.1164,77.4294,78.1164,1398900
2016-08-31,77.8681,78.1661,77.1976,77.7274,1544700
2016-09-01,77.9012,78.0171,76.883,77.6446,1142600
2016-09-02,77.8846,78.4724,77.5535,77.9426,774200
2016-09-06,77.9426,78.7621,77.8433,78.7621,1553600
2016-09-07,78.58,79.4409,77.6115,77.7605,2427700
2016-09-08,77.8102,78.5717,77.1811,77.8019,1271600
2016-09-09,77.2224,77.2224,75.1199,75.1447,1646200
2016-09-12,75.0703,77.0072,74.6729,76.4692,1413500
2016-09-13,75.6911,76.2539,74.7474,75.1116,1102300
2016-09-14,74.9295,75.8732,74.6812,75.0537,1714200
2016-09-15,74.7971,76.105,74.4329,75.749,1476500
2016-09-16,75.3765,75.9725,74.8633,75.6166,2074000
2016-09-19,75.956,76.7092,75.956,76.1795,1111100
2016-09-20,76.4692,76.5933,75.8318,76.0884,1369500
2016-09-21,76.1795,77.239,76.0636,77.0734,1253700
2016-09-22,77.6281,78.133,77.5122,77.7357,1280100
2016-09-23,77.3797,78.0005,77.1893,77.4956,889500
2016-09-26,77.0403,77.8515,76.8499,77.2142,1114700
2016-09-27,77.1893,78.4061,77.1065,78.2075,1086500
2016-09-28,78.224,79.1511,77.9509,79.0766,1100000
2016-09-29,79.0932,79.3581,78.5055,78.7621,1796500
2016-09-30,79.0684,80.5252,78.878,80.3431,1921300
2016-10-03,79.9541,80.3928,79.7389,80.219,1350200
2016-10-04,80.3845,80.8977,78.9442,79.2919,1456800
2016-10-05,79.6561,80.4342,79.5071,80.3266,1200000
2016-10-06,80.3266,80.9722,80.0038,80.666,1638500
2016-10-07,80.5418,80.6246,79.5071,80.1113,1441700
2016-10-10,80.4756,80.7818,79.2091,79.325,1743000
2016-10-11,79.9541,80.2935,78.0171,78.3648,3044200
2016-10-12,77.686,78.0916,77.1479,77.33,2167300
2016-10-13,76.8251,78.6627,76.5437,78.4889,1923000
2016-10-14,79.0601,79.7968,78.5138,78.5883,1473600
2016-10-17,78.4889,79.0766,78.282,78.5055,1021400
2016-10-18,78.8449,79.2091,78.2075,78.6214,999300
2016-10-19,78.8449,79.7803,78.5552,79.1677,1009200
2016-10-20,78.6462,78.7621,76.9327,77.09,1569400
2016-10-21,76.4443,76.9907,76.2126,76.9162,1884700
2016-10-24,77.6777,78.0337,76.8582,76.941,1350500
2016-10-25,76.8086,77.4459,76.6182,77.2059,2111300
2016-10-26,76.0718,76.4609,74.4577,74.5239,2340800
2016-10-27,75.0371,75.807,74.9378,75.6166,2478600
2016-10-28,75.749,77.1148,75.6249,76.3781,2454700
2016-10-31,76.7589,77.4294,76.5023,76.9824,1833800
2016-11-01,77.2142,77.2225,75.3103,75.8235,1552300
2016-11-02,76.1651,77.0899,76.0818,76.64,1687900
2016-11-03,76.8233,77.0899,76.2734,76.4484,1295700
2016-11-04,76.4733,76.9732,76.0484,76.3317,766900
2016-11-07,77.0566,79.1394,77.0566,79.1061,1490200
2016-11-08,78.7728,80.2641,78.3896,79.9808,1553900
2016-11-09,79.7392,83.9216,79.231,82.3136,5764400
2016-11-10,83.1385,84.3048,82.5386,83.73,4422300
2016-11-11,83.2384,84.0882,82.4136,84.0715,2738100
2016-11-14,84.1465,87.3707,84.0715,86.6376,3119900
2016-11-15,86.6376,87.2958,85.6379,87.1292,1974200
2016-11-16,86.7042,86.9625,85.5628,85.8128,2213600
2016-11-17,85.8128,86.1794,85.4712,85.9294,2567600
2016-11-18,85.7545,86.6293,85.6128,86.1877,1870200
2016-11-21,86.446,87.729,86.3294,87.1458,1717700
2016-11-22,87.4207,87.8956,86.4376,86.5793,1828000
2016-11-23,86.4376,87.2874,86.4376,86.6792,1505300
2016-11-25,86.8459,87.1125,86.571,86.9292,919900
2016-11-28,86.4126,86.8459,85.6212,86.6376,1627100
2016-11-29,86.496,87.3624,86.0044,86.9542,2261800
2016-11-30,87.4791,89.4119,87.2708,88.6954,3335100
2016-12-01,89.037,89.8868,88.7954,89.0037,2059500
2016-12-02,88.8537,89.2287,87.5541,87.979,1781800
2016-12-05,88.4788,89.0787,87.9956,88.2789,1745400
2016-12-06,88.2789,88.5205,87.6124,88.4871,1356600
2016-12-07,88.8454,91.5281,88.3539,91.4365,1920600
2016-12-08,91.5447,91.9613,90.8116,91.6614,1360500
2016-12-09,91.5531,92.2446,90.9199,92.1446,1457000
2016-12-12,92.2946,92.8361,91.1448,92.2196,1854500
2016-12-13,92.3362,92.8028,90.3534,91.5031,1793200
2016-12-14,91.2615,91.8447,89.5286,89.6286,1867100
2016-12-15,89.337,91.0116,88.9704,90.0701,1374800
2016-12-16,90.0535,90.1284,88.4039,88.8704,2614000
2016-12-19,88.7787,89.2869,88.4538,89.087,1302300
2016-12-20,89.3536,90.2701,89.187,90.1201,1197400
2016-12-21,90.2534,90.7949,89.6202,90.0201,1292200
2016-12-22,89.6869,90.6367,89.5286,90.6283,1645400
2016-12-23,90.5283,91.4698,90.1368,91.0449,2118500
2016-12-27,91.0948,91.5364,91.0782,91.1865,856000
2016-12-28,91.1532,91.8613,90.495,90.5783,1034300
2016-12-29,90.6949,91.0782,89.7868,90.6616,926800
2016-12-30,90.6866,90.8033,89.5619,90.0368,1487300
2017-01-03,90.7366,91.2448,88.4372,89.137,1770100
2017-01-04,89.6202,92.4612,89.2703,92.1779,2705500
2017-01-05,91.7947,93.0194,91.778,91.8863,3135300
2017-01-06,91.7947,94.1358,91.5781,93.0277,2009200
2017-01-09,92.3862,92.3862,90.2117,90.9616,2081800
2017-01-10,91.0032,91.6864,90.2534,91.0282,1814500
2017-01-11,91.1032,92.1863,90.62,92.103,1180200
2017-01-12,92.153,92.8445,91.1115,92.4862,1239600
2017-01-13,92.4862,93.1861,92.103,92.9694,1702800
2017-01-17,92.6278,92.8528,90.37,90.7283,1876300
2017-01-18,89.112,91.6781,88.2206,91.6197,2589600
2017-01-19,96.2853,96.6435,93.7776,95.3272,5852900
2017-01-20,94.7107,94.8106,93.1027,94.6357,2656400
2017-01-23,94.7273,94.9023,93.6276,94.6023,1951200
2017-01-24,94.9773,97.5516,94.3941,97.1601,3460700
2017-01-25,97.8183,101.0591,97.3184,100.4176,3832900
2017-01-26,98.968,101.784,98.5764,99.5678,2586500
2017-01-27,100.126,100.4926,99.1013,100.2677,2190000
2017-01-30,99.3679,100.0594,97.9516,99.6678,2510300
2017-01-31,99.5095,99.7678,97.5683,97.8599,3474900
2017-02-01,98.2954,100.498,98.1949,100.4394,2913800
2017-02-02,99.761,100.498,98.4964,100.0541,2305300
2017-02-03,100.3472,101.5197,99.6103,100.8832,1683900
2017-02-06,100.6068,101.1177,99.3255,100.3891,2205800
2017-02-07,100.632,102.5917,100.498,101.2349,2004300
2017-02-08,100.8832,101.4192,99.7359,101.2852,1440800
2017-02-09,101.2852,102.1646,100.9251,101.0423,1817400
2017-02-10,101.3355,101.9636,100.4561,101.436,1929900
2017-02-13,101.6118,103.2617,101.4778,102.3488,1565000
2017-02-14,102.0306,103.0104,101.8547,102.5833,1326200
2017-02-15,102.5414,103.3622,101.4695,102.7676,2285800
2017-02-16,102.7006,103.2784,101.9385,102.9518,1482100
2017-02-17,102.7089,103.1612,101.9803,102.8262,1267000
2017-02-21,103.0858,104.6854,102.8513,103.4543,1486000
2017-02-22,102.8932,103.0858,102.0892,102.4409,1734800
2017-02-23,103.0021,103.0523,99.7945,100.5231,2379000
2017-02-24,99.6605,100.5817,99.3674,100.565,2370600
2017-02-27,100.6655,101.5197,99.6019,101.436,1872100
2017-02-28,101.5532,102.3321,100.9837,101.3606,1305600
2017-03-01,102.3404,104.2667,102.0138,103.3036,1582200
2017-03-02,103.203,103.2449,101.9217,101.9803,1108100
2017-03-03,102.1143,102.6,101.1931,102.5079,1790000
2017-03-06,101.6202,103.1026,101.5197,102.9518,1542800
2017-03-07,102.9602,103.1528,101.8631,102.173,1961200
2017-03-08,102.1729,102.2902,100.1965,100.3891,1807900
2017-03-09,100.3975,101.0088,99.5684,99.9955,1658700
2017-03-10,100.3807,101.1596,99.6354,100.2132,1362900
2017-03-13,100.2802,100.7157,99.5935,100.1044,1536200
2017-03-14,100.1462,100.1462,98.6471,99.1161,1664300
2017-03-15,97.952,98.7644,97.081,98.4126,3160300
2017-03-16,98.3205,98.5467,96.4194,96.6037,3952800
2017-03-17,96.6623,96.9303,95.6489,96.0677,4796600
2017-03-20,96.2184,96.746,95.6741,96.1766,2530200
2017-03-21,96.4027,96.8382,92.701,93.3794,3362600
2017-03-22,93.5804,94.3425,93.0444,93.6055,2378200
2017-03-23,92.6591,93.7479,92.3828,92.5838,2412600
2017-03-24,92.7931,93.3877,92.2404,92.6759,1276700
2017-03-27,91.7128,93.5469,91.5118,93.0695,1777000
2017-03-28,92.9606,95.7913,92.7764,94.9036,2243800
2017-03-29,94.5184,95.2386,94.242,94.8115,1148900
2017-03-30,94.9706,96.6372,94.9706,95.6825,1283600
2017-03-31,95.1046,95.247,93.7479,93.773,2209100
2017-04-03,93.9907,95.4145,93.7144,95.0543,2288000
2017-04-04,95.247,96.5199,94.8533,96.4697,2089400
2017-04-05,96.8047,98.5131,95.8499,96.0844,1726500
2017-04-06,96.0258,97.2988,96.0258,97.0475,1526400
2017-04-07,97.1229,97.9353,96.5786,97.0643,2126400
2017-04-10,97.1397,97.9855,96.3273,96.7209,2187300
2017-04-11,96.52,96.6121,94.5184,96.4948,1823400
2017-04-12,96.6874,96.6874,93.4129,93.6222,1774300
2017-04-13,93.4966,94.4765,93.0193,93.4464,1340600
2017-04-17,93.706,94.7947,93.2789,94.7947,1092800
2017-04-18,94.0159,95.314,93.6725,94.51,1900000
2017-04-19,95.1465,95.5568,94.1331,94.2504,1274400
2017-04-20,96.118,97.9856,96.118,96.989,2444600
2017-04-21,97.0224,97.7008,96.4362,97.4579,2081300
2017-04-24,98.823,98.9738,97.8515,98.0274,1613900
2017-04-25,98.2033,98.5383,97.6422,97.8013,1967200
2017-04-26,97.2569,99.7526,96.7209,98.6723,4000200
2017-04-27,99.3004,101.1177,99.2501,99.493,2274100
2017-04-28,99.4595,100.1713,98.2284,98.3959,1710700
2017-05-01,98.5299,99.2083,98.019,98.5801,1528600
2017-05-02,98.4294,99.0408,97.9185,99.024,1671400
2017-05-03,98.1822,98.8809,98.0727,98.6704,1398900
2017-05-04,99.0156,99.4449,98.1569,98.359,1072700
2017-05-05,98.3674,98.7125,98.1906,98.5021,2046700
2017-05-08,98.4937,98.8388,97.0878,97.4414,1685000
2017-05-09,97.3067,98.6704,97.2646,98.2159,1413800
2017-05-10,98.3506,98.5863,97.9633,98.4179,1127000
2017-05-11,97.9212,98.8388,97.9212,98.2664,1066400
2017-05-12,97.9296,98.5273,97.6603,98.46,977000
2017-05-15,98.6115,98.7294,98.2075,98.6031,965700
2017-05-16,99.1419,99.2176,97.8286,98.3758,1132900
2017-05-17,98.3758,98.3758,94.2424,94.3856,1734600
2017-05-18,94.1835,95.8419,93.6195,94.958,2308900
2017-05-19,95.2442,96.1365,95.1348,95.3536,1143400
2017-05-22,95.7914,96.2965,95.3537,96.1282,1259000
2017-05-23,96.1029,96.5238,95.4968,96.2797,995400
2017-05-24,96.2965,96.8521,95.9682,96.7848,1006800
2017-05-25,97.1551,101.0107,96.8437,100.8255,4589800
2017-05-26,100.573,103.4604,100.3457,102.9806,2747500
2017-05-30,102.6102,104.7484,102.0462,104.4959,3115600
2017-05-31,104.3444,104.5885,103.4099,104.4117,2387500
2017-06-01,104.7232,105.3545,104.2602,104.8074,1508500
2017-06-02,104.74,105.4892,103.9824,104.0834,1316300
2017-06-05,104.2602,104.277,103.09,103.1237,1521700
2017-06-06,102.4502,102.8543,101.7515,101.8189,1608200
2017-06-07,102.5008,102.5934,100.9181,101.2043,2156600
2017-06-08,101.2043,101.5579,100.9097,101.3811,1817000
2017-06-09,101.5411,101.9956,98.8304,100.11,2497000
2017-06-12,100.1689,100.9602,99.2176,100.7666,2376700
2017-06-13,101.1286,101.9872,100.5814,101.6337,1784000
2017-06-14,101.9957,102.2314,99.2766,99.5796,1686800
2017-06-15,98.5947,99.9079,98.4347,99.5796,1534900
2017-06-16,99.9248,100.3288,99.4028,100.2952,1550500
2017-06-19,100.6235,101.2464,99.9837,101.1202,1065600
2017-06-20,100.7161,100.7161,99.0829,99.1082,1428300
2017-06-21,99.5628,99.5628,98.561,98.8893,1494800
2017-06-22,98.8725,99.2092,97.9044,98.8304,1144300
2017-06-23,98.6873,101.0191,98.3589,100.4214,2369300
2017-06-26,100.9686,101.6505,100.0679,100.5814,938800
2017-06-27,100.6067,101.3222,99.7564,100.211,1167800
2017-06-28,101.137,101.8778,100.5898,101.6253,947600
2017-06-29,101.962,102.0714,100.1016,100.6151,1001800
2017-06-30,101.1286,102.9553,100.7834,102.4502,1374300
2017-07-03,102.9721,104.1339,102.1977,103.7803,972000
2017-07-05,103.6456,103.8982,102.8796,103.2668,1242000
2017-07-06,102.1135,102.6607,101.2548,102.063,1680000
2017-07-07,102.3829,103.1995,102.0293,102.989,960300
2017-07-10,102.9301,104.2433,102.5933,103.5446,1179000
2017-07-11,103.6877,103.6877,101.9704,103.1237,1167600
2017-07-12,103.7129,104.5884,103.1237,103.7803,984800
2017-07-13,103.8224,104.3949,103.149,103.1995,809200
2017-07-14,103.4099,104.4538,103.191,104.3864,818800
2017-07-17,104.2349,104.4033,103.351,103.9655,1006000
2017-07-18,103.9655,104.2854,103.3594,103.7635,1497500
2017-07-19,102.9133,102.9133,100.5646,101.5832,2416500
2017-07-20,102.0882,102.1303,99.4028,99.7732,2917800
2017-07-21,99.1418,99.6554,98.2327,99.2092,1979200
2017-07-24,99.2765,100.1773,98.5947,98.9146,1494200
2017-07-25,99.6133,100.3962,99.3355,100.1689,2188900
2017-07-26,100.9265,101.861,96.4059,97.997,3613400
2017-07-27,97.5845,97.736,94.495,95.1348,3376500
2017-07-28,95.0422,96.2797,95.0422,96.1618,1656300
2017-07-31,95.7409,96.4144,94.6802,94.7728,1784900
2017-08-01,95.4462,95.9092,94.495,95.1011,2398100
2017-08-02,94.4361,95.059,93.8131,94.6886,2227600
2017-08-03,95.3234,97.0417,95.2219,96.009,3286300
2017-08-04,96.0852,97.3379,95.8905,97.0078,2376500
2017-08-07,97.4648,98.599,97.4479,98.0912,2473100
2017-08-08,97.795,100.1819,97.6595,99.2085,1887100
2017-08-09,98.8953,99.5809,98.4552,99.4201,1484500
2017-08-10,99.2085,99.7925,97.6849,97.7103,1415800
2017-08-11,97.2448,99.2423,97.2448,98.6583,1101300
2017-08-14,99.2846,101.3668,99.0392,101.1891,2021700
2017-08-15,100.9436,101.807,100.5543,101.6038,1360900
2017-08-16,101.57,102.6872,101.3922,101.9339,1180300
2017-08-17,101.6292,101.7054,99.3862,99.4539,1320200
2017-08-18,99.3439,101.2483,98.836,100.4104,1448200
2017-08-21,100.512,100.8505,99.2339,99.5978,1745500
2017-08-22,100.0295,102.0355,99.7756,101.9086,1316500
2017-08-23,101.3922,101.7393,100.5204,100.6728,951200
2017-08-24,100.7743,101.2568,99.1154,99.6571,959800
2017-08-25,100.3257,101.1722,99.7586,100.0549,989800
2017-08-28,100.3681,100.3681,99.2169,99.674,2371000
2017-08-29,98.9461,101.1891,98.9461,101.0621,1047900
2017-08-30,101.0452,102.6703,100.859,102.2386,1195500
2017-08-31,102.8057,103.1951,101.7562,102.0101,1427600
2017-09-01,102.5688,103.6183,102.4333,102.5518,1051400
2017-09-05,102.5857,103.1612,101.68,102.5095,2587900
2017-09-06,103.0597,104.9472,102.5688,103.6352,2601000
2017-09-07,104.0331,105.2519,103.5252,104.8964,1373400
2017-09-08,104.7864,105.1588,104.1092,104.8879,1049700
2017-09-11,105.6243,107.004,104.9895,107.004,1349800
2017-09-12,106.8601,107.4779,106.8601,107.1394,1576000
2017-09-13,107.0717,107.3171,106.2253,107.2917,1173500
2017-09-14,106.8855,108.2905,106.6739,107.4356,922600
2017-09-15,107.6049,108.4175,107.114,108.3751,1656000
2017-09-18,108.6968,108.6968,107.6557,107.7911,1083900
2017-09-19,108.0874,108.409,107.3848,108.172,1142700
2017-09-20,108.2736,110.8975,108.1128,110.8636,1044600
2017-09-21,110.542,111.1514,110.1019,110.6351,1200600
2017-09-22,110.4743,111.0075,109.9156,110.8721,1232300
2017-09-25,110.8805,111.2276,109.6025,110.3388,1222300
2017-09-26,110.6097,111.2699,110.0341,110.8805,1122700
2017-09-27,111.1937,112.1925,110.8636,112.1586,1162000
2017-09-28,112.0063,113.259,112.0063,112.3956,1140100
2017-09-29,112.201,112.8358,111.8032,111.9301,1438600
2017-10-02,112.2771,112.4041,110.7874,111.4222,1699700
2017-10-03,110.9229,111.7185,110.542,111.363,3011100
2017-10-04,110.8552,111.4646,110.1696,110.4573,2298100
2017-10-05,110.4996,111.1683,109.9241,110.9821,1790800
2017-10-06,110.8213,111.2022,109.848,110.4235,1281700
2017-10-09,110.4573,110.9059,110.3473,110.7028,764100
2017-10-10,111.236,111.2868,109.6194,110.0341,1237000
2017-10-11,110.0934,111.3546,109.9072,111.2953,1192500
2017-10-12,111.4561,113.3944,111.4561,113.1574,1311900
2017-10-13,113.5045,113.8599,111.363,111.4307,896800
2017-10-16,110.7536,111.1937,109.4586,109.8648,1696200
2017-10-17,108.993,110.542,108.883,109.594,1894300
2017-10-18,110.178,111.2614,110.068,110.4743,1220100
2017-10-19,109.958,110.3219,109.0862,110.2373,1844400
2017-10-20,110.7282,112.4718,110.4573,112.3618,1831400
2017-10-23,112.5818,113.2251,111.5323,111.6169,1275000
2017-10-24,112.2687,113.7668,111.7608,111.9893,2063000
2017-10-25,109.7887,111.0752,106.4792,108.9253,3623400
2017-10-26,110.8806,113.1066,110.2881,112.785,2319500
2017-10-27,112.6072,113.7753,112.184,113.1236,1688800
2017-10-30,112.4972,113.3436,112.1163,112.4041,1240500
2017-10-31,112.5734,112.5734,111.1853,111.236,1228000
2017-11-01,112.1079,112.1079,110.6436,111.5915,978400
2017-11-02,111.2259,112.4334,110.5201,112.3738,1231100
2017-11-03,112.3399,112.4079,110.3075,110.8517,1229400
2017-11-06,110.9538,111.1409,110.4096,110.6477,950300
2017-11-07,110.4095,111.1748,109.7973,110.0779,980000
2017-11-08,110.0949,110.2055,109.0065,109.9759,1582200
2017-11-09,109.2616,109.9418,108.5303,108.8364,1103700
2017-11-10,108.5473,109.0915,107.9605,108.1221,1301000
2017-11-13,107.5439,108.7004,106.7956,108.5218,925900
2017-11-14,108.1306,108.6749,107.4078,107.9776,1141900
2017-11-15,107.3653,113.3093,107.0507,107.5014,1345400
2017-11-16,108.2072,110.0779,107.6289,109.8823,1368100
2017-11-17,109.1851,110.0779,108.3347,108.4538,1206900
2017-11-20,108.5728,108.5728,107.6034,108.0541,974900
2017-11-21,108.5048,109.9334,108.2922,109.7803,1049500
2017-11-22,110.0014,110.5116,109.5252,109.8908,621100
2017-11-24,110.1034,111.4725,110.0779,110.5541,585800
2017-11-27,109.1595,109.7293,107.4844,108.4027,1642500
2017-11-28,108.6834,110.7922,107.884,110.6732,1522200
2017-11-29,111.0473,116.6852,110.6902,115.9964,3635200
2017-11-30,115.6732,119.0321,114.9504,117.8841,3097800
2017-12-01,118.1477,118.5644,114.6528,116.9232,2417000
2017-12-04,118.1988,120.5883,117.8587,118.9556,2217600
2017-12-05,119.1852,119.7039,117.9522,118.0627,2308400
2017-12-06,118.0032,118.6409,117.6545,117.9692,1215700
2017-12-07,118.0542,120.4352,117.8841,119.925,1488100
2017-12-08,120.3757,121.3961,119.5764,119.7464,1062000
2017-12-11,120.1291,121.0729,119.5933,120.3672,1405300
2017-12-12,120.8434,120.8859,119.7804,120.2906,1208100
2017-12-13,120.2056,121.8978,120.1375,120.6052,1425500
2017-12-14,121.0899,121.5491,119.4913,119.7804,990500
2017-12-15,118.9471,120.4267,117.7821,119.993,2766300
2017-12-18,121.1325,122.3825,119.925,122.1359,1885400
2017-12-19,122.7481,122.9862,121.2175,122.2124,1433100
2017-12-20,122.8162,123.6665,122.1954,123.1648,1812000
2017-12-21,123.7601,123.7601,121.5066,122.6886,1073900
2017-12-22,122.9692,123.1223,122.0253,122.8927,578800
2017-12-26,122.8587,123.692,122.493,122.9607,465800
2017-12-27,123.2923,124.4318,122.7056,124.0747,919500
2017-12-28,124.1512,124.4234,122.7652,123.5645,569900
2017-12-29,123.743,124.2107,123.2158,123.2158,700800
2018-01-02,124.1172,124.976,123.1563,124.9675,1050200
2018-01-03,124.8826,125.4608,124.0577,124.9761,1172500
2018-01-04,125.6223,126.3536,124.925,125.3247,1545100
2018-01-05,126.2261,129.1258,126.2261,127.7822,1573100
2018-01-08,127.5526,129.9676,127.5441,129.738,1374100
2018-01-09,130.0782,131.4727,129.8656,130.6139,1304900
2018-01-10,130.2397,131.039,128.7516,128.9217,1123200
2018-01-11,129.3298,131.4982,128.9557,130.9795,1781500
2018-01-12,132.0425,132.7228,131.1496,131.2432,1850500
2018-01-16,131.7023,133.6326,130.0611,130.1037,2492300
2018-01-17,129.9081,131.2432,129.0748,130.9966,2084900
2018-01-18,131.2091,131.5577,130.0186,130.4523,1757000
2018-01-19,130.6649,130.8264,128.6921,128.7431,3040900
2018-01-22,128.7771,129.2618,127.3996,128.8026,2403700
2018-01-23,128.5135,129.4829,126.7363,128.9642,2632500
2018-01-24,128.1904,129.2533,125.1461,127.5016,2928000
2018-01-25,127.2975,128.6921,125.6903,126.0475,1649700
2018-01-26,126.5237,128.7176,126.2176,128.3775,2148600
2018-01-29,128.3774,129.5934,128.1138,128.7346,1566400
2018-01-30,128.1224,128.7516,127.2975,127.5952,1471600
2018-01-31,127.7822,128.9727,127.3315,128.3009,1690100
2018-02-01,127.549,128.4632,126.3699,126.8569,1427000
2018-02-02,125.7291,126.3272,123.5588,123.9177,1774600
2018-02-05,123.67,125.3703,118.0649,118.4323,2508900
2018-02-06,117.0482,122.5678,114.9633,122.226,2455000
2018-02-07,121.4057,123.4221,120.7905,121.9098,1464500
2018-02-08,121.8585,122.4139,116.9456,116.9627,2657200
2018-02-09,117.9624,119.1842,112.6222,118.0991,2382500
2018-02-12,118.9791,120.4145,117.4582,119.543,1762700
2018-02-13,118.7228,120.4317,117.3643,119.8848,1344400
2018-02-14,119.3038,121.7048,117.9111,121.5424,1646300
2018-02-15,122.1918,122.431,119.9959,121.6535,1378800
2018-02-16,121.3288,123.0975,121.1237,121.8756,1277100
2018-02-20,121.081,121.3117,118.8253,119.6456,1763300
2018-02-21,119.7481,122.0893,118.5946,118.6801,1739800
2018-02-22,119.4747,122.1063,118.6801,120.8845,1810900
2018-02-23,121.6193,122.5335,120.5769,121.8585,1348300
2018-02-26,122.3968,124.7636,121.8927,124.3364,1596000
2018-02-27,124.7294,126.1221,122.0038,122.038,1595500
2018-02-28,121.8585,122.5677,118.8082,118.8339,1693400
2018-03-01,119.15,120.6367,116.7405,118.4835,2167700
2018-03-02,117.5181,119.1159,116.2962,118.475,1339400
2018-03-05,117.7744,120.6282,116.6209,120.3291,1495200
2018-03-06,120.7735,121.0212,119.2013,120.5428,1185000
2018-03-07,119.056,121.1921,118.8253,120.2351,1288500
2018-03-08,120.8674,121.568,118.9791,119.9959,1540200
2018-03-09,121.0639,124.7209,120.8418,124.3449,1759200
2018-03-12,124.2168,124.738,121.551,121.8073,1410600
2018-03-13,122.5335,123.6187,121.4313,121.6535,1402800
2018-03-14,122.5079,122.5079,116.1168,116.7491,2705300
2018-03-15,116.8431,118.2102,116.1424,117.595,1972600
2018-03-16,117.7743,119.2098,117.7743,118.4152,2177100
2018-03-19,117.9026,119.1842,116.9114,118.9108,2054300
2018-03-20,119.3978,119.4833,118.2614,119.0219,1395200
2018-03-21,119.2867,121.2177,118.5604,119.15,1193400
2018-03-22,117.6462,118.3212,114.5788,114.6557,2971100
2018-03-23,114.8608,116.2364,112.6564,112.9383,1973800
2018-03-26,114.4506,116.544,112.6222,116.3646,1957700
2018-03-27,116.6294,117.7146,113.4595,114.1431,1993900
2018-03-28,114.3567,115.9972,112.9725,114.4677,1838800
2018-03-29,115.2538,117.4839,114.9121,116.0143,1589900
2018-04-02,115.8348,116.6551,111.9472,113.4937,1908700
2018-04-03,113.9038,114.5275,112.7247,113.9551,2352800
2018-04-04,112.306,113.0579,111.8361,112.7674,2876100
2018-04-05,113.357,114.6301,112.6136,114.237,2650300
2018-04-06,113.3143,114.1345,109.1874,110.5288,2298500
2018-04-09,111.2124,112.007,109.9991,110.1529,1203200
2018-04-10,111.4174,112.4342,110.5032,111.0757,1841200
2018-04-11,110.4007,112.7504,110.2212,111.9728,1705600
2018-04-12,112.4769,114.4165,112.3573,113.7842,1495000
2018-04-13,114.3054,114.912,113.5791,114.0747,1790300
2018-04-16,115.1257,116.9968,115.1257,116.6124,1464100
2018-04-17,117.2532,117.2532,115.1769,115.8178,1327800
2018-04-18,117.1507,119.8934,117.1507,118.4323,2189800
2018-04-19,117.7487,118.9791,116.5184,118.6459,1623200
2018-04-20,118.475,119.15,116.2791,116.8431,1369900
2018-04-23,116.8003,117.9794,116.1681,117.706,1558900
2018-04-24,118.1674,119.1671,114.0405,115.3222,2746600
2018-04-25,120.2778,125.0968,119.2184,124.7123,4979400
2018-04-26,123.5332,126.3186,121.5937,123.6272,3739300
2018-04-27,123.6272,125.5668,122.4566,125.2762,1413700
2018-04-30,125.601,126.2332,122.2943,122.5848,2471700
2018-05-01,122.337,123.1231,120.1582,121.7474,1835300
2018-05-02,121.4228,123.7468,120.6623,121.6706,1566600
2018-05-03,121.4817,121.7908,118.8023,121.0351,1771000
2018-05-04,120.5027,124.4444,120.391,123.5942,1346300
2018-05-07,123.9807,125.2259,123.6973,124.9253,1463600
2018-05-08,124.4444,126.8747,124.0751,125.4578,1432800
2018-05-09,126.1105,130.7049,125.6897,129.6142,2193800
2018-05-10,129.7859,130.5159,128.9529,130.327,1692200
2018-05-11,130.5331,132.0188,129.9405,130.8766,1200400
2018-05-14,131.0999,131.7612,128.9444,129.1934,1242200
2018-05-15,128.4549,129.5885,128.1028,129.4511,1418600
2018-05-16,129.6056,130.1981,128.6438,129.5712,1658500
2018-05-17,129.6829,132.0187,129.6829,130.9453,1322700
2018-05-18,130.6877,131.555,129.9148,130.9539,1091800
2018-05-21,131.6151,132.8088,130.8079,131.0226,1363500
2018-05-22,131.0312,132.4138,130.3184,130.3614,1412300
2018-05-23,129.846,130.0951,127.9482,129.2363,1994500
2018-05-24,129.3308,132.2678,129.1333,131.3833,2101900
2018-05-25,130.722,131.7869,130.6361,131.409,1355900
2018-05-29,130.1036,131.1599,128.9443,130.2239,1439900
2018-05-30,131.1256,133.5645,130.6189,132.972,2084200
2018-05-31,132.7917,133.2812,130.0608,130.2325,1899100
2018-06-01,131.3833,133.9682,130.9968,133.3069,1663000
2018-06-04,133.7277,134.1141,129.9835,130.327,1415100
2018-06-05,130.2841,131.0398,128.953,129.6142,1601500
2018-06-06,129.6829,130.619,127.6133,130.5846,1962700
2018-06-07,131.306,131.6323,129.6056,130.7049,1321000
2018-06-08,130.6963,132.4653,130.473,132.4482,1166300
2018-06-11,132.0188,135.0674,131.9071,134.0712,1835600
2018-06-12,134.492,136.1837,133.5645,134.2086,1560300
2018-06-13,134.2601,134.8355,131.8212,132.3966,1758700
2018-06-14,132.9806,133.0321,131.409,131.7955,1466700
2018-06-15,131.7353,133.0407,130.4042,132.8174,2476100
2018-06-18,131.6409,132.972,130.9539,132.0617,918300
2018-06-19,130.3785,130.7306,128.472,129.597,1467200
2018-06-20,130.327,130.7564,129.1247,129.7344,1094300
2018-06-21,129.5369,129.889,128.0512,128.7984,886400
2018-06-22,130.0007,131.452,129.8031,130.3785,1666800
2018-06-25,132.4223,132.4309,129.5111,130.7306,1883700
2018-06-26,130.9969,130.9969,129.099,129.7259,2403100
2018-06-27,130.035,131.9758,128.8499,128.8499,1882800
2018-06-28,128.0684,129.4682,126.4282,128.5751,1803200
2018-06-29,128.7297,131.3403,128.7039,129.5627,1318500
2018-07-02,129.1333,131.2115,128.7211,130.7134,901900
2018-07-03,131.2115,132.0531,129.3566,129.6142,622400
2018-07-05,130.2841,131.5808,130.1295,131.4606,1174800
2018-07-06,131.7181,133.3498,130.8164,132.6971,1232200
2018-07-09,133.6418,135.1447,132.7917,134.9472,1114200
2018-07-10,134.9128,136.5788,134.5607,136.2955,2365900
2018-07-11,134.9557,135.1189,132.7745,133.7621,1647900
2018-07-12,135.1533,135.9691,134.1657,135.2649,2080900
2018-07-13,135.0073,137.7124,134.8613,136.9395,1748800
2018-07-16,137.6695,137.6695,132.2506,133.3069,2167700
2018-07-17,133.2811,133.762,131.5808,133.075,2105600
2018-07-18,136.0721,138.262,135.8059,137.3259,2202400
2018-07-19,135.5569,138.1246,134.6981,137.8155,1916000
2018-07-20,136.9395,139.6961,136.9051,138.992,1662900
2018-07-23,139.0263,140.7954,138.1761,139.971,1546600
2018-07-24,140.7439,141.2248,137.1371,137.8155,2865200
2018-07-25,134.6122,144.926,133.4099,144.5825,3612300
2018-07-26,146.4203,148.4041,144.4366,145.6217,2470300
2018-07-27,145.6303,145.7677,143.2257,144.4795,1862800
2018-07-30,144.5482,146.7982,144.5053,144.6856,1294800
2018-07-31,145.3297,147.1675,145.0377,145.1322,1687000
2018-08-01,145.1665,145.7677,143.8956,144.2133,1728500
2018-08-02,143.552,145.7505,143.2085,145.3984,1310400
2018-08-03,146.2871,148.1595,145.7004,148.0818,1667100
2018-08-06,147.9525,149.704,147.4347,149.0051,1646900
2018-08-07,149.3244,150.5064,149.1604,149.4193,1260700
2018-08-08,149.1432,149.6954,148.3839,149.1345,901200
2018-08-09,148.8584,149.4279,148.1336,148.1422,952900
2018-08-10,147.5469,148.9447,146.848,148.358,1191800
2018-08-13,149.1518,149.471,147.5037,147.6504,1408000
2018-08-14,148.1164,149.9197,148.1164,148.5737,1634600
2018-08-15,148.8411,149.2553,147.2449,148.2889,2003100
2018-08-16,149.0482,150.2821,148.2026,149.6781,1370400
2018-08-17,149.9543,150.9983,149.9111,150.1959,1136600
2018-08-20,150.4978,151.9647,150.2131,150.8861,1039800
2018-08-21,151.283,152.4565,151.0501,151.9302,1278700
2018-08-22,151.7662,152.0682,150.2303,150.2303,1174400
2018-08-23,150.2389,150.8429,149.3761,149.8248,1603800
2018-08-24,150.3425,151.7403,149.8852,150.8775,1381500
2018-08-27,151.8697,152.7239,151.4124,151.4901,1675800
2018-08-28,152.353,152.5428,150.9379,151.1191,1898400
2018-08-29,151.6109,152.793,150.6272,150.7567,1221400
2018-08-30,150.2994,151.5246,150.006,150.2994,1572700
2018-08-31,149.8938,150.4547,149.3157,149.9973,2089700
2018-09-04,149.9629,150.8344,149.8593,150.4461,1609800
2018-09-05,150.3425,151.145,149.4193,150.981,1670000
2018-09-06,150.9033,151.9129,150.5927,150.6617,1581600
2018-09-07,150.2131,153.4574,149.9111,152.8103,1700700
2018-09-10,153.4833,155.5886,153.1295,155.416,2128600
2018-09-11,155.1572,155.278,153.3366,153.5782,1849000
2018-09-12,153.4056,154.9932,153.2158,153.5954,1150400
2018-09-13,154.1131,154.2684,152.8879,153.1295,1712600
2018-09-14,153.4488,155.4333,152.9052,154.7948,1448500
2018-09-17,154.907,156.1409,154.2253,154.6999,1565600
2018-09-18,158.3066,161.2748,158.0305,161.1022,4374900
2018-09-19,160.4896,161.1799,159.4887,160.2135,1855100
2018-09-20,160.6708,161.2058,158.7553,159.0055,1897500
2018-09-21,158.7553,160.3257,158.5827,158.971,2243600
2018-09-24,158.7984,159.7217,157.3834,157.4783,1663900
2018-09-25,158.1944,158.8675,157.0986,157.3402,1338400
2018-09-26,157.2884,157.7889,155.5972,155.8129,2177900
2018-09-27,156.5119,157.8666,155.8734,157.323,1417600
2018-09-28,157.0382,157.5128,155.4419,155.7439,2573100
2018-10-01,157.3747,160.0668,157.2453,159.1522,1693300
2018-10-02,158.6604,158.7553,156.322,156.4601,1891500
2018-10-03,157.1072,158.3238,156.2875,157.2539,1901300
2018-10-04,158.5654,158.5654,156.5636,158.2721,1516800
2018-10-05,157.9097,159.3076,157.1677,157.9184,1479700
2018-10-08,157.8924,159.2299,156.7621,158.7553,1186800
2018-10-09,158.8502,159.411,156.5895,156.7707,1307700
2018-10-10,156.7966,156.7966,147.7108,148.0646,3207500
2018-10-11,148.0646,150.4547,144.1041,145.0705,3713500
2018-10-12,147.3744,148.7808,145.5796,146.848,1980500
2018-10-15,146.8307,147.823,145.9333,146.2094,2366200
2018-10-16,147.4434,149.7299,146.615,148.7118,2351800
2018-10-17,149.471,150.1095,144.5097,145.8212,2753800
2018-10-18,143.7159,144.9843,141.4552,141.645,4485700
2018-10-19,141.9815,142.6977,140.8081,141.4379,2745100
2018-10-22,140.8943,142.4129,139.9107,141.4552,2180700
2018-10-23,138.9616,139.2204,133.7413,135.4411,4492500
2018-10-24,138.3748,141.507,136.1659,138.2195,4901300
2018-10-25,142.8444,144.4493,140.1092,141.7141,3522000
2018-10-26,139.6001,141.1101,138.1419,139.7295,2471500
2018-10-29,140.9461,143.1463,137.046,138.996,2788600
2018-10-30,139.3154,143.8798,139.0047,143.5002,1944200
2018-10-31,144.6909,146.9515,144.13,144.8117,2161200
2018-11-01,145.774,147.1178,144.9937,145.9474,2076400
2018-11-02,146.693,148.7737,145.6613,146.1641,2127200
2018-11-05,146.9531,147.1872,144.829,144.9591,1728700
2018-11-06,144.4735,146.4676,143.8493,144.829,1780300
2018-11-07,146.8491,150.4037,145.8694,150.0309,2087000
2018-11-08,149.32,150.5598,148.4357,149.424,1518300
2018-11-09,148.9038,149.5887,146.8144,147.664,1529100
2018-11-12,147.9588,148.6697,144.6382,144.7943,1980100
2018-11-13,145.4359,146.6584,143.5112,144.6296,1741800
2018-11-14,145.5833,147.7941,143.9187,145.1324,1547100
2018-11-15,144.0487,150.2303,143.7279,149.8835,2788000
2018-11-16,149.1466,151.418,148.8778,149.1639,2049800
2018-11-19,148.349,149.1379,146.2595,147.8461,2455700
2018-11-20,145.1758,145.1758,140.078,141.101,3582000
2018-11-21,141.6646,145.9388,141.6472,144.1355,1681600
2018-11-23,142.2194,143.5979,141.7165,142.098,602900
2018-11-26,142.965,144.3435,141.6732,142.2801,1573200
2018-11-27,141.9853,143.0083,139.7312,141.1443,2787900
2018-11-28,141.5431,146.3115,141.5431,145.5399,2786800
2018-11-29,145.1064,147.5426,144.5256,146.0341,1741100
2018-11-30,145.7826,149.0512,145.67,148.0281,2352600
2018-12-03,150.2216,152.1203,148.583,149.2766,2008600
2018-12-04,148.4616,148.9038,143.095,143.8233,2477900
2018-12-06,141.3438,141.7599,136.8615,140.6155,3631900
2018-12-07,141.049,142.6442,136.0551,136.1072,2446900
2018-12-10,135.2749,136.1072,131.885,135.1449,2914800
2018-12-11,137.9712,138.6908,133.9918,134.8327,2371900
2018-12-12,137.4597,138.4133,135.7344,135.8557,2189100
2018-12-13,136.2025,136.9481,134.616,136.5667,2226800
2018-12-14,135.1015,136.2719,130.3157,130.8099,2693600
2018-12-17,130.1337,130.3331,127.0212,127.9489,3210700
2018-12-18,128.6078,131.6076,127.8536,128.6252,2411900
2018-12-19,128.6252,133.3069,126.163,127.3854,3628600
2018-12-20,126.6744,128.8506,125.5647,126.5271,2602300
2018-12-21,126.8652,129.0847,124.4897,125.1746,4046200
2018-12-24,124.3336,124.611,120.5969,121.1951,1057400
2018-12-26,121.9494,127.9576,120.2068,127.6888,2002900
2018-12-27,125.8334,129.102,123.9608,129.102,1391100
2018-12-28,129.917,130.203,127.7928,128.3217,1418200
2018-12-31,128.9979,129.8736,128.5471,129.6482,1321600
2019-01-02,127.4114,129.7696,125.53,129.6482,1745000
2019-01-03,129.0673,129.0673,124.4984,124.8625,2244900
2019-01-04,127.2466,130.5758,127.238,130.5065,1988500
2019-01-07,130.4978,131.833,128.5558,131.4081,1787400
2019-01-08,133.6016,137.3643,133.6016,135.8037,3538400
2019-01-09,135.9077,138.5174,135.639,137.8584,2361800
2019-01-10,137.1042,140.1473,135.8991,139.9393,2014800
2019-01-11,139.1416,141.8206,138.5868,141.8206,2054100
2019-01-14,140.7368,142.5228,140.1126,141.9419,1529100
2019-01-15,142.0287,142.2801,139.9479,140.8756,1207900
2019-01-16,141.4304,141.942,140.5288,141.153,1728000
2019-01-17,141.075,143.5372,140.6328,143.121,1702600
2019-01-18,144.118,147.612,143.7192,146.5629,2726600
2019-01-22,145.7567,145.826,142.9824,143.3465,2388600
2019-01-23,143.6933,144.5256,140.8929,142.3668,2149900
2019-01-24,144.5689,145.4619,143.2424,143.8666,2619400
2019-01-25,139.5837,145.5052,138.8815,143.1557,4409300
2019-01-28,142.15,144.0487,141.0836,143.7366,1613100
2019-01-29,143.7279,146.1468,143.7193,144.725,1648200
2019-01-30,145.5919,146.6583,143.8926,145.9821,1387800
2019-01-31,145.8694,146.0774,144.2048,145.4272,1738300
2019-02-01,145.9675,147.9718,145.5143,147.7365,1670400
2019-02-04,147.3967,148.181,146.5078,148.1026,1654700
2019-02-05,147.9893,148.0764,145.8193,147.1701,1792200
2019-02-06,147.2747,148.7039,146.5078,147.2573,2026400
2019-02-07,146.6037,148.6167,145.8019,148.5557,2215000
2019-02-08,147.3357,149.5143,147.1788,149.4185,2037000
2019-02-11,152.4859,157.2266,152.1025,154.2027,4588800
2019-02-12,155.1612,158.1852,154.9172,157.3922,2382500
2019-02-13,157.4096,157.9586,156.3551,157.6885,1875600
2019-02-14,156.9826,159.0741,156.4249,158.3682,1468100
2019-02-15,159.0566,159.6841,158.3159,159.3616,1256200
2019-02-19,156.5208,160.2942,156.4685,159.2658,1516200
2019-02-20,159.3181,160.268,158.9695,159.902,1463500
2019-02-21,160.024,160.024,158.682,159.4227,1244400
2019-02-22,159.6754,160.3377,158.3508,159.7364,1259900
2019-02-25,159.9891,160.0937,157.9848,158.0893,1563600
2019-02-26,157.3486,157.7756,156.634,157.3051,1483700
2019-02-27,156.9478,157.6972,156.6428,157.5752,1021900
2019-02-28,157.5752,157.5752,155.658,156.2506,1390200
2019-03-01,156.7821,157.5577,155.0392,155.8758,1549200
2019-03-04,156.9565,158.5687,155.2833,156.6863,1611400
2019-03-05,157.0262,157.0698,154.8911,154.9783,1340300
2019-03-06,155.3704,156.6689,154.5687,155.9369,1327700
2019-03-07,155.7626,156.3203,154.8824,155.7364,1029700
2019-03-08,154.5164,154.6994,151.8323,154.0545,1125500
2019-03-11,153.9587,157.7669,153.4794,157.5926,1312700
2019-03-12,157.8279,157.8977,155.9369,156.2942,1254900
2019-03-13,156.7909,158.7342,156.1983,156.6776,1494100
2019-03-14,156.573,157.0349,154.8824,155.9804,1269400
2019-03-15,156.817,158.2549,156.1373,156.4423,3432600
2019-03-18,156.268,159.2396,156.1896,159.0654,1541300
2019-03-19,159.3965,159.4052,155.4227,155.7975,1510800
2019-03-20,155.8846,156.8867,153.9848,155.3443,1194100
2019-03-21,154.3769,157.8976,154.3769,157.3922,794000
2019-03-22,157.0436,157.3224,154.8301,155.0654,1021600
2019-03-25,154.7692,158.3595,154.6123,156.6951,1198900
2019-03-26,157.732,158.7168,156.7299,158.1068,1011800
2019-03-27,157.8105,159.3094,157.2963,158.9695,964300
2019-03-28,159.0828,162.6122,159.0828,162.4292,1739600
2019-03-29,163.8583,164.2592,162.4902,162.8649,1949600
2019-04-01,165.5751,168.8692,164.7036,168.66,2188100
2019-04-02,168.66,169.5402,167.9803,168.1894,1568000
2019-04-03,168.9127,169.6099,167.2395,167.562,1358000
2019-04-04,167.4923,167.9716,166.5337,166.891,998700
2019-04-05,166.8474,168.294,166.6557,167.4836,1366800
2019-04-08,167.6665,169.1654,166.9345,169.087,929900
2019-04-09,167.7711,168.6949,165.8888,167.9716,1041000
2019-04-10,168.1023,168.233,166.6731,167.8495,999500
2019-04-11,168.4596,169.1742,167.6927,168.3463,753000
2019-04-12,169.4008,171.3005,169.3049,170.9345,1044100
2019-04-15,170.5598,171.2308,168.7123,168.8169,859800
2019-04-16,169.1654,169.1654,168.05,168.3811,1036100
2019-04-17,171.5968,172.7558,170.5946,171.7624,1748900
2019-04-18,173.6099,174.2896,172.416,173.0521,1715000
2019-04-22,172.843,175.954,172.5728,175.588,1580200
2019-04-23,175.6316,176.6337,174.2721,175.7449,1823000
2019-04-24,179.7274,184.2764,179.2743,180.1283,2749100
2019-04-25,179.1174,179.1174,176.5379,176.7383,1421800
2019-04-26,177.0607,177.9671,176.869,177.8973,922000
2019-04-29,177.5575,177.8102,176.2765,176.7645,1115900
2019-04-30,176.4594,178.0803,174.8995,177.7927,1067300
2019-05-01,177.2263,177.5836,173.8887,174.4639,1671100
2019-05-02,174.2976,176.2318,173.1423,176.0305,1047600
2019-05-03,176.6432,179.7852,176.6432,179.4701,772300
2019-05-06,176.4681,179.3388,175.5404,178.7699,947400
2019-05-07,176.7219,177.6934,173.1773,176.083,1447500
2019-05-08,176.0918,178.1048,175.4616,176.3981,1031900
2019-05-09,174.5776,177.5358,174.2276,177.4133,1093100
2019-05-10,176.2318,177.9209,173.0635,177.3083,1057300
2019-05-13,174.6039,174.7702,169.8865,172.2496,2009100
2019-05-14,173.2473,177.3083,173.0985,175.5054,1182300
2019-05-15,174.4638,176.3455,174.2538,175.7416,1129800
2019-05-16,176.4943,180.9141,176.1268,179.6101,1266100
2019-05-17,177.4483,179.5576,177.2033,178.1222,1242100
2019-05-20,177.4221,179.5313,177.2558,178.9624,1040400
2019-05-21,180.5465,180.7828,178.9449,179.1024,890000
2019-05-22,179.0149,179.1374,176.5118,178.0784,671600
2019-05-23,175.978,175.978,172.0133,174.9977,1658600
2019-05-24,176.2055,176.2055,172.0658,174.4026,1132000
2019-05-28,174.989,176.9669,172.5734,173.0023,1904300
2019-05-29,171.7945,172.0833,169.5802,170.8318,1286200
2019-05-30,171.6982,173.7287,171.5319,173.4049,829900
2019-05-31,171.6282,172.8272,169.939,170.788,1494200
2019-06-03,170.7792,173.4574,170.1841,171.8382,1187100
2019-06-04,173.3611,176.2405,172.4421,176.1092,1102400
2019-06-05,177.5183,178.9799,176.7919,177.6321,1502800
2019-06-06,177.317,178.0347,173.1685,174.9189,2086900
2019-06-07,175.9254,178.2622,175.5841,177.7021,1164700
2019-06-10,179.1199,181.6668,176.0567,176.2755,1394500
2019-06-11,177.5533,178.5948,173.1248,174.14,1694300
2019-06-12,174.1488,175.3391,172.6259,174.3676,1115300
2019-06-13,174.2013,175.2865,171.3306,171.987,1749100
2019-06-14,171.812,172.4071,169.2039,170.4379,2273700
2019-06-17,170.1841,170.3591,166.8583,166.9633,2170600
2019-06-18,168.3199,170.3416,167.2959,169.3001,3926900
2019-06-19,169.6502,170.0003,167.0596,168.3899,2807000
2019-06-20,170.4029,172.3021,169.7202,171.812,1635700
2019-06-21,171.987,174.9627,171.2956,172.5821,1956700
2019-06-24,172.3809,172.8098,168.9763,169.1339,1467800
2019-06-25,168.67,169.2389,164.539,168.2674,1940500
2019-06-26,168.7137,169.729,168.0486,168.7312,1229900
2019-06-27,169.3351,170.6655,168.88,169.2651,1499300
2019-06-28,169.9828,174.4901,169.5102,174.4551,2947900
2019-07-01,175.8554,177.3082,175.0327,175.8466,1757800
2019-07-02,176.5819,177.0545,174.8402,175.4266,1321400
2019-07-03,175.8029,177.9297,175.5316,177.2383,873100
2019-07-05,176.1617,177.4396,173.7549,175.8642,913300
2019-07-08,174.5864,175.2603,173.2298,174.1138,949500
2019-07-09,173.1423,174.5076,172.4859,173.0373,1087400
2019-07-10,175.0765,175.8117,172.4159,173.4749,981400
2019-07-11,173.5974,176.9407,172.5997,176.3543,1557700
2019-07-12,177.5446,180.669,177.0194,180.2052,1531800
2019-07-15,179.7676,179.9077,177.7109,178.6386,1309600
2019-07-16,179.6364,182.437,178.6124,180.6954,1601700
2019-07-17,175.2078,176.3456,167.1822,167.1822,4474600
2019-07-18,170.1053,171.9258,169.6065,171.4182,2999300
2019-07-19,172.4159,174.0263,170.4729,170.8318,1517900
2019-07-22,170.7442,173.4399,170.7442,171.8032,1376500
2019-07-23,172.6084,172.6084,170.3416,172.127,1734800
2019-07-24,160.0317,168.635,158.6226,161.9046,6221700
2019-07-25,162.1322,164.9066,162.0272,164.1539,2436000
2019-07-26,165.0379,167.2346,164.0139,166.2807,1957200
2019-07-29,166.1406,168.2761,166.0794,168.0311,1621900
2019-07-30,167.1559,168.8888,166.6832,168.4862,1501300
2019-07-31,168.4774,168.845,165.6067,167.2696,1663800
2019-08-01,167.0071,167.926,161.7558,162.7711,3243800
2019-08-02,162.0586,162.5688,159.5516,160.1146,2554600
2019-08-05,157.4579,159.0677,156.9653,158.276,3278400
2019-08-06,159.789,160.8974,157.1765,159.5339,1392800
2019-08-07,157.8362,158.7775,155.5228,157.4844,1957500
2019-08-08,158.5311,159.5515,157.4668,158.7862,1742800
2019-08-09,158.3376,158.5927,155.1445,156.3144,1733800
2019-08-12,155.0741,155.2677,152.5231,153.5259,1799600
2019-08-13,152.9366,157.7923,152.5847,156.1385,1688000
2019-08-14,153.9921,154.6431,150.2272,150.4999,1651500
2019-08-15,150.799,151.1948,148.2216,149.4091,2037200
2019-08-16,150.6934,153.0069,150.6934,152.18,1325100
2019-08-19,154.6959,156.2528,152.9805,153.3852,1249000
2019-08-20,152.6287,153.4907,151.0189,151.1421,1177200
2019-08-21,152.3472,153.649,152.2504,153.2356,1305100
2019-08-22,153.4291,154.9949,152.5495,152.875,1176500
2019-08-23,152.1888,152.8486,148.3359,148.9077,1898200
2019-08-26,150.6671,151.5291,149.4707,150.7287,1561200
2019-08-27,151.0981,151.4148,149.0925,149.4971,1481900
2019-08-28,149.2772,152.0833,149.0309,151.6963,1321300
2019-08-29,153.2445,155.6283,152.5231,153.4556,1442800
2019-08-30,154.8014,156.2001,152.8926,153.1037,1147200
2019-09-03,151.4235,152.4087,149.0925,150.2976,1452600
2019-09-04,150.9397,152.6902,150.3503,150.9221,1499700
2019-09-05,152.9014,155.5228,152.8926,155.0653,1661700
2019-09-06,155.4788,156.1737,153.8778,153.9922,876300
2019-09-09,154.432,156.7367,154.1153,155.9802,1225000
2019-09-10,155.4787,157.5196,155.0917,157.0885,1658400
2019-09-11,157.458,157.889,154.1065,155.7514,1887200
2019-09-12,155.8218,157.7922,154.4759,157.0709,1609400
2019-09-13,157.933,160.7127,157.6515,160.2641,1771400
2019-09-16,158.6279,162.1026,157.8275,160.3433,1329300
2019-09-17,160.3432,160.4752,157.5371,158.9798,1303500
2019-09-18,157.7571,160.5104,156.7455,160.352,1092700
2019-09-19,160.2201,161.9442,159.1909,160.6248,1137200
2019-09-20,161.8298,162.56,157.282,158.7686,2878600
2019-09-23,157.2557,158.5663,155.7426,157.9066,1197300
2019-09-24,160.0617,164.4864,160.0617,160.8974,2639300
2019-09-25,160.5016,161.4076,159.446,160.7127,1498200
2019-09-26,160.9853,162.0673,160.3344,160.9502,1037100
2019-09-27,161.3724,161.909,158.8126,159.1029,1182300
2019-09-30,160.1321,160.6687,157.6339,158.0385,1995700
2019-10-01,158.6895,160.2025,153.3324,153.9218,1569600
2019-10-02,152.4615,152.7958,149.0397,149.2684,2023400
2019-10-03,149.3212,150.667,146.5327,150.0777,2283100
2019-10-04,150.8606,152.0745,150.1569,152.0217,1343600
2019-10-07,151.3971,152.4439,150.4295,151.0101,1118700
2019-10-08,148.9605,149.2244,146.5239,146.6734,1403200
2019-10-09,148.723,149.3652,147.773,148.7582,1021300
2019-10-10,148.2304,151.3356,148.2304,151.318,1166900
2019-10-11,152.9893,157.9857,152.9893,157.0181,1884200
2019-10-14,156.0153,157.1413,154.9598,157.0533,1191600
2019-10-15,157.0533,159.6131,156.332,158.9622,1569300
2019-10-16,158.2936,160.1409,157.9066,159.3316,1762900
2019-10-17,160.2113,162.5687,159.833,161.6011,2371500
2019-10-18,161.1525,161.8914,158.971,160.0178,1593200
2019-10-21,160.9678,163.9498,160.9678,163.7827,1876700
2019-10-22,163.6947,166.4656,162.4368,166.2193,2275700
2019-10-23,163.3693,165.5508,160.8622,162.6216,3119900
2019-10-24,162.7359,163.6419,160.5192,161.1349,1594900
2019-10-25,161.5396,165.8147,160.8006,165.5948,1619000
2019-10-28,165.7091,167.7323,163.9322,165.1637,1625500
2019-10-29,164.1785,165.3045,162.6831,162.7711,1586500
2019-10-30,162.6303,162.9822,160.0618,162.7271,1288000
2019-10-31,161.6484,162.7271,159.0048,160.9146,1427300
2019-11-01,162.3292,167.9259,161.781,167.917,1953700
2019-11-04,169.1371,170.8701,167.4131,170.3219,2760700
2019-11-05,169.7207,173.3987,169.7207,171.3298,2443200
2019-11-06,171.374,171.489,169.2167,170.6048,1921200
2019-11-07,171.9841,174.7692,171.8515,172.9213,2009700
2019-11-08,172.6737,173.7347,171.9487,172.7975,895500
2019-11-11,171.4713,171.9222,170.1008,171.5066,883200
2019-11-12,171.3299,171.5509,169.9152,170.6491,1283100
2019-11-13,169.3051,169.924,168.3591,168.7658,943500
2019-11-14,168.6243,169.6057,167.7137,168.8365,658800
2019-11-15,170.3484,170.764,168.6509,168.9338,963900
2019-11-18,168.4829,171.0823,167.1921,170.9674,1265000
2019-11-19,171.0469,171.5243,169.6588,170.2865,1097200
2019-11-20,170.1893,170.375,167.6518,167.8817,1298800
2019-11-21,167.9701,168.8012,166.6262,168.5271,969600
2019-11-22,168.7746,170.9496,168.2707,170.7993,1042400
2019-11-25,171.2768,174.1767,170.5871,174.1325,1447900
2019-11-26,173.6728,174.6012,172.8594,173.4783,2279700
2019-11-27,173.4783,174.1945,172.4085,173.0628,967500
2019-11-29,172.0991,172.1698,170.4103,171.0823,948200
2019-12-02,171.2945,171.6304,167.7667,168.0497,1377500
2019-12-03,165.2204,166.3079,163.5759,164.6369,3387000
2019-12-04,165.9365,167.5811,165.521,165.6536,2889100
2019-12-05,166.7411,167.1744,164.7076,166.1311,1988800
2019-12-06,168.5094,169.9771,167.5545,168.81,1281300
2019-12-09,168.0054,168.5359,166.4228,167.0683,1156000
2019-12-10,166.131,168.1381,165.2911,166.8207,1038000
2019-12-11,166.7323,168.9868,166.3432,168.8807,1182800
2019-12-12,168.8012,171.8869,167.7137,168.4387,1819600
2019-12-13,167.6076,169.6765,166.6085,168.0497,1648600
2019-12-16,170.4546,171.2061,168.0674,168.4829,1297000
2019-12-17,169.1372,170.8612,168.0939,168.3679,1464000
2019-12-18,168.7658,171.1884,168.032,170.2335,1957700
2019-12-19,169.6323,171.0115,169.2432,169.6853,1638400
2019-12-20,171.1176,172.3555,168.8012,172.046,2213200
2019-12-23,171.5597,172.3554,170.9673,171.7807,1914100
2019-12-24,172.1079,172.5942,171.5863,172.3289,386300
2019-12-26,172.4527,172.4615,170.8347,171.9222,693700
2019-12-27,172.3024,172.9213,171.5332,172.5853,490800
2019-12-30,172.5853,172.8506,170.3838,171.1795,755200
2019-12-31,170.932,171.8957,170.5783,171.6393,800700
2020-01-02,172.4527,173.9999,171.7631,173.9999,1458800
2020-01-03,170.8082,173.8143,170.8082,173.6817,2003700
2020-01-06,172.5588,173.443,171.7012,173.2308,2076800
2020-01-07,173.7524,174.8222,172.5234,173.9204,1478900
2020-01-08,174.0176,176.2545,173.2749,174.7338,1133600
2020-01-09,175.7859,175.9274,174.7338,175.3262,1812000
2020-01-10,175.8655,177.4658,174.3801,174.6631,1459400
2020-01-13,174.3625,177.1652,173.9469,177.0768,1418400
2020-01-14,177.1741,179.8619,176.8027,178.3323,1315900
2020-01-15,178.3853,180.2243,177.5542,179.3844,1584600
2020-01-16,180.3481,182.6646,180.1094,182.3551,1851100
2020-01-17,181.4179,185.1402,180.2332,185.0694,2247200
2020-01-21,184.3445,184.6186,180.1713,180.914,1455200
2020-01-22,181.7362,181.7981,179.1015,179.6055,1447800
2020-01-23,178.907,184.6451,178.3411,184.4417,1301500
2020-01-24,183.9024,185.5823,182.9387,183.7787,1129400
2020-01-27,179.7115,181.9838,179.128,179.181,1314100
2020-01-28,179.4817,181.8866,179.0926,181.0378,1456600
2020-01-29,192.0365,194.4061,189.9411,189.9411,3193400
2020-01-30,187.607,190.1798,187.0323,189.6493,1917100
2020-01-31,187.6688,188.1021,183.478,184.0881,2163300
2020-02-03,185.5999,186.0243,182.7795,183.0094,1971800
2020-02-04,185.1756,188.5618,184.9634,187.324,2551200
2020-02-05,189.9765,190.0472,188.4734,189.0304,1409800
2020-02-06,189.5633,190.5223,188.2845,188.8706,1001800
2020-02-07,187.6806,188.3555,185.5848,186.6504,2260000
2020-02-10,185.5315,186.3041,184.4126,185.8246,2338300
2020-02-11,187.0501,189.4301,185.6647,185.7535,1425200
2020-02-12,187.1744,188.915,186.3841,187.3076,891700
2020-02-13,186.2242,187.7161,185.6026,186.9258,848600
2020-02-14,186.8814,187.5652,185.4161,185.9134,711400
2020-02-18,185.2562,186.837,183.8531,184.7323,977600
2020-02-19,185.3095,186.8902,184.9365,185.7535,703400
2020-02-20,185.7358,187.4586,184.8388,187.2099,949100
2020-02-21,187.1922,187.9204,183.6489,184.7589,1363400
2020-02-24,178.7468,180.8604,177.6101,180.2742,1557300
2020-02-25,180.7805,181.0113,172.2196,173.0367,2171000
2020-02-26,173.5606,174.9371,168.2145,168.7918,1956000
2020-02-27,165.0353,171.4381,162.7441,163.6499,4335700
2020-02-28,159.1476,162.1403,156.6521,161.936,3173500
2020-03-02,163.1704,163.9519,157.6201,162.1492,2540600
2020-03-03,161.9094,166.6249,155.4888,157.0606,2129600
2020-03-04,159.3873,163.8276,157.7533,163.6145,1832100
2020-03-05,157.6112,159.4229,154.5208,155.7197,1912400
2020-03-06,149.9562,155.6308,149.228,155.0536,2163600
2020-03-09,141.6085,145.8623,134.4242,137.2038,3101100
2020-03-10,142.8784,143.7664,135.3477,142.5409,2673400
2020-03-11,138.2428,139.3973,131.991,134.4153,2527800
2020-03-12,121.956,126.041,114.7717,118.5548,3940400
2020-03-13,125.4282,130.8542,121.0146,130.4191,3268500
2020-03-16,117.6845,125.9789,112.1963,112.2851,2617600
2020-03-17,114.1678,126.2186,111.477,123.963,2662000
2020-03-18,114.6207,117.8532,105.9355,116.1925,2745000
2020-03-19,113.9635,123.7143,111.7523,121.0679,2349100
2020-03-20,123.2348,123.2348,109.6831,109.8607,2712100
2020-03-23,108.1912,109.9762,100.0123,105.5714,3417400
2020-03-24,112.8002,125.3217,111.7257,124.5314,2723000
2020-03-25,121.6629,133.8648,120.7305,124.6823,2947700
2020-03-26,127.1599,132.4083,124.5935,130.4724,2522600
2020-03-27,125.0553,130.206,123.1815,127.3109,1565300
2020-03-30,127.2931,133.1365,126.1387,131.689,2010000
2020-03-31,130.5701,133.1099,128.5187,129.6554,2316800
2020-04-01,123.1637,126.4762,122.3822,124.336,2067700
2020-04-02,122.6309,127.977,121.3521,127.6307,2982400
2020-04-03,127.2576,128.2167,124.9309,126.3874,2285900
2020-04-06,133.8647,138.4471,133.0388,137.4258,2698100
2020-04-07,141.8128,143.8553,135.9072,136.3424,2062400
2020-04-08,138.0564,142.319,136.9907,141.1734,1385900
2020-04-09,142.4078,146.2353,139.4417,141.4665,2213600
2020-04-13,141.3155,141.4664,135.6497,137.0173,1335700
2020-04-14,139.1487,141.1912,137.0262,138.083,1093800
2020-04-15,134.2644,137.186,133.4562,136.6266,1282200
2020-04-16,135.9161,136.4045,132.7902,136.0937,1356300
2020-04-17,139.788,143.3491,138.527,142.6831,1753000
2020-04-20,140.4718,140.8803,134.4597,136.4934,1698000
2020-04-21,132.5593,134.6906,130.872,133.2076,2496400
2020-04-22,135.8806,137.9409,133.8559,136.5644,1541500
2020-04-23,139.3795,142.168,137.2748,138.4115,1968600
2020-04-24,139.6371,143.0561,137.932,142.692,1691100
2020-04-27,144.8411,149.0238,143.3847,148.189,1705100
2020-04-28,151.5369,153.4019,148.8195,151.5369,1991900
2020-04-29,158.3661,164.1562,157.3537,160.1422,2290400
2020-04-30,154.6984,158.8279,151.3416,151.9455,2205400
2020-05-01,149.752,151.7678,147.9404,151.6169,1505200
2020-05-04,150.7466,150.7466,146.4484,149.2013,1226700
2020-05-05,151.2972,153.6327,151.235,152.1763,978000
2020-05-06,152.8246,154.3698,148.9883,149.3612,1107800
2020-05-07,152.1475,154.3265,150.7633,151.442,1046000
2020-05-08,153.5228,156.5145,153.121,156.0591,767100
2020-05-11,154.4427,156.5681,153.112,155.4429,891500
2020-05-12,155.1213,155.4964,148.8611,148.9504,1389100
2020-05-13,147.7002,148.3967,144.5388,146.9411,1326300
2020-05-14,144.9317,149.0129,140.6362,148.7718,1266300
2020-05-15,146.6196,147.0929,142.1097,143.2082,2041300
2020-05-18,149.5041,153.63,147.7805,152.469,1314300
2020-05-19,152.0939,154.4247,149.5577,149.7274,1345500
2020-05-20,154.3712,157.4968,153.1299,155.0856,1311600
2020-05-21,154.2194,154.7641,150.7722,152.3172,1178900
2020-05-22,152.8441,153.7996,151.2902,153.1299,1151100
2020-05-26,158.0684,161.9085,156.8449,160.4975,1326600
2020-05-27,162.2835,165.561,162.1764,165.1948,1332200
2020-05-28,166.2933,166.4451,160.3099,160.9797,1314100
2020-05-29,160.551,160.8993,158.3899,159.2204,2190300
2020-06-01,159.0685,160.5689,156.9967,159.265,1937400
2020-06-02,161.06,165.3377,160.7207,164.3732,1769300
2020-06-03,167.4007,173.0536,165.9986,171.8391,1761500
2020-06-04,170.1155,172.5535,169.794,171.0175,1321100
2020-06-05,178.6083,179.0995,172.9732,173.4733,1955300
2020-06-08,173.6252,176.3579,170.4459,171.0085,1532200
2020-06-09,168.4009,172.4017,166.7487,171.5087,1370300
2020-06-10,171.2854,171.5533,168.3205,168.383,1578600
2020-06-11,162.7657,163.4266,155.4428,155.6214,1394800
2020-06-12,160.6136,161.4441,154.8356,159.1222,1323200
2020-06-15,154.1926,159.7741,152.9691,158.6132,1208700
2020-06-16,165.2127,165.2127,157.5236,159.6133,1390700
2020-06-17,160.7832,161.0065,157.6397,158.0416,1106700
2020-06-18,156.8896,157.7112,155.1124,155.7286,1567200
2020-06-19,157.5058,157.8719,150.9777,152.0493,2572700
2020-06-22,151.7992,153.1566,149.6916,153.1299,1507600
2020-06-23,155.2017,156.9967,153.9515,155.8268,1664600
2020-06-24,154.2819,155.3267,150.6561,151.058,1981300
2020-06-25,150.7901,153.505,148.2449,153.3174,1163500
2020-06-26,152.4601,154.0586,149.5041,151.6474,2105500
2020-06-29,152.3083,154.4962,150.9776,154.2104,1060200
2020-06-30,153.7103,158.0059,153.5139,156.7913,1257800
2020-07-01,156.961,158.631,152.5226,153.1745,1116600
2020-07-02,157.22,158.7203,154.7909,155.8447,964700
2020-07-06,158.4345,160.4439,157.854,159.5151,1245400
2020-07-07,157.3897,159.265,155.2463,155.4964,1055800
2020-07-08,155.5053,156.5591,154.0764,156.5144,1214200
2020-07-09,155.9787,156.5949,151.4777,152.6297,1815000
2020-07-10,152.5404,153.3263,151.058,152.5762,1283300
2020-07-13,153.9425,158.4345,152.9601,156.3984,1144600
2020-07-14,155.4339,159.3186,154.8445,158.8989,1045300
2020-07-15,161.9174,162.6586,159.9974,161.8906,1357300
2020-07-16,161.6405,165.9182,161.0154,163.3552,1431300
2020-07-17,164.4715,168.8028,164.159,168.1151,1979400
2020-07-20,166.7934,167.6596,164.6233,166.2576,1943000
2020-07-21,166.5523,169.4725,166.3201,167.1595,1335100
2020-07-22,166.1057,170.7317,166.0432,168.8563,1436000
2020-07-23,167.8114,168.6063,165.8914,166.9809,1844600
2020-07-24,167.0077,168.2133,166.6594,167.0077,1099300
2020-07-27,166.5255,170.3388,165.3646,169.6154,1418300
2020-07-28,169.0796,169.5975,164.5072,165.302,1850700
2020-07-29,167.9543,173.1429,165.3824,172.1963,2315500
2020-07-30,170.5352,170.6424,166.2397,168.6688,1631700
2020-07-31,170.5352,172.5535,165.1413,171.6516,1746200
2020-08-03,171.8034,172.5178,168.3919,170.0977,1224300
2020-08-04,169.1957,171.9552,168.8117,171.8123,1319900
2020-08-05,173.1876,173.902,171.6516,172.4106,1129900
2020-08-06,172.1055,176.2515,171.8901,175.6861,1388400
2020-08-07,175.058,178.8989,175.058,178.5758,1375400
2020-08-10,180.3796,183.6193,179.8681,183.5206,1942700
2020-08-11,185.5577,189.9999,184.6693,184.9385,1891800
2020-08-12,185.7641,186.9756,183.7988,183.8347,1397200
2020-08-13,182.8655,184.1218,182.2821,183.4129,806900
2020-08-14,183.2962,186.9307,182.5782,185.4141,977800
2020-08-17,186.0692,188.4204,185.4141,186.9756,998900
2020-08-18,187.514,187.7743,184.4987,185.1628,934900
2020-08-19,185.9884,186.5448,184.2564,184.3282,800100
2020-08-20,183.1437,186.159,182.2911,185.0731,770700
2020-08-21,185.1449,188.1961,184.0859,187.4961,1573400
2020-08-24,190.3589,190.5563,188.214,190.4486,763600
2020-08-25,190.6999,192.2973,189.8204,191.705,1099200
2020-08-26,190.7268,192.3601,189.3627,191.2204,829800
2020-08-27,191.355,192.5126,190.4486,191.0139,750600
2020-08-28,191.5524,193.2754,190.7717,192.9703,677500
2020-08-31,192.7997,194.7382,190.5562,190.7267,1151000
2020-09-01,190.637,193.7062,189.1024,193.2126,973700
2020-09-02,192.9972,194.3164,191.1844,192.369,1855100
2020-09-03,194.7472,194.7472,187.6756,188.9858,1485400
2020-09-04,190.8434,192.046,185.7013,187.6487,1357200
2020-09-08,186.5538,187.873,184.4539,185.5397,1566900
2020-09-09,187.3166,193.419,186.8051,190.5204,3595500
2020-09-10,191.0768,192.9434,190.0537,191.3011,1303700
2020-09-11,192.037,196.6497,191.8485,195.2318,1720800
2020-09-14,197.0176,198.7496,196.3087,197.6907,1516400
2020-09-15,197.8792,200.1048,196.9459,199.2522,926100
2020-09-16,201.056,201.9085,198.0137,198.2471,1121900
2020-09-17,195.3933,201.6303,193.0062,200.0688,1070300
2020-09-18,199.665,201.2893,197.592,198.3548,1770000
2020-09-21,194.9177,196.174,189.1922,192.3241,1279700
2020-09-22,193.1588,194.9087,192.4229,194.1908,973100
2020-09-23,195.3754,197.7266,190.1614,191.5344,1475400
2020-09-24,191.3101,194.9715,189.6768,192.4318,939000
2020-09-25,193.0421,197.1432,192.4318,196.6766,946900
2020-09-28,199.1445,199.9612,197.251,198.3458,1129900
2020-09-29,197.8791,198.7676,193.6613,193.6703,1535900
2020-09-30,195.2138,196.533,191.014,192.037,1669500
2020-10-01,193.5985,193.6972,188.905,190.1165,1457500
2020-10-02,187.541,193.8498,186.8141,190.8434,2294700
2020-10-05,193.4011,194.3703,192.3062,193.087,1173300
2020-10-06,194.6574,195.8689,191.355,191.6152,987700
2020-10-07,192.396,196.0574,192.396,194.6126,878500
2020-10-08,197.0446,198.0766,191.6511,194.1908,1584200
2020-10-09,196.9817,197.0894,194.0562,195.9856,730200
2020-10-12,197.2958,198.6689,194.6754,194.9446,1265900
2020-10-13,194.7382,196.7215,192.4498,192.9254,788200
2020-10-14,193.8228,196.6945,193.769,195.0523,908200
2020-10-15,192.1806,197.224,191.8306,196.8471,938400
2020-10-16,197.951,198.6689,194.9985,196.3087,866200
2020-10-19,196.1382,197.2689,191.4896,191.7498,1056400
2020-10-20,192.3152,196.4163,192.1536,193.7241,594600
2020-10-21,192.4947,193.9216,190.7088,190.7537,1349100
2020-10-22,191.2472,194.3702,189.955,191.2652,1219400
2020-10-23,191.5973,194.0831,191.5973,193.3024,801300
2020-10-26,190.7627,190.7986,187.4871,189.0486,1158100
2020-10-27,189.2101,189.2101,182.4885,182.7488,1771200
2020-10-28,177.1759,180.8373,176.0272,177.7861,2077700
2020-10-29,177.481,187.0653,177.481,184.5257,2082700
2020-10-30,183.4757,187.7294,183.4757,187.6666,2214300
2020-11-02,190.1076,193.069,187.4602,192.9973,1740300
2020-11-03,195.4741,201.8098,194.8639,200.5714,2096500
2020-11-04,202.2944,205.7584,198.1035,198.1394,1967700
2020-11-05,200.6809,205.6197,200.3384,203.4928,1305900
2020-11-06,202.2401,203.2945,200.6178,201.1225,906000
2020-11-09,212.6495,219.7423,206.3047,207.6656,1842600
2020-11-10,208.8282,213.1271,206.6922,212.8568,1691200
2020-11-11,215.4163,215.4163,208.1252,210.0719,1272000
2020-11-12,209.2788,210.4595,206.2326,207.8819,974000
2020-11-13,208.2244,216.2635,208.2244,215.6326,1950100
2020-11-16,217.5072,222.8336,216.9394,222.401,1382300
2020-11-17,220.2019,221.5178,217.4982,221.3826,900200
2020-11-18,221.2654,223.4915,217.9308,217.9849,1240200
2020-11-19,217.1467,218.814,214.2717,218.1922,959500
2020-11-20,218.2372,219.7874,216.5248,217.0205,810200
2020-11-23,219.3007,220.3101,216.0652,218.8681,1601500
2020-11-24,221.0401,221.6439,217.5343,218.5707,1241600
2020-11-25,218.5977,218.7509,214.9116,217.6154,1340900
2020-11-27,218.5797,219.9226,216.9484,218.7509,537200
2020-11-30,217.9578,220.3462,213.3975,213.6138,2149000
2020-12-01,216.66,219.3367,214.8575,215.1729,1822900
2020-12-02,214.3889,217.2008,214.0374,216.0021,1180100
2020-12-03,217.2459,218.3093,213.2353,213.731,1308700
2020-12-04,214.2177,216.642,214.2177,216.4708,906200
2020-12-07,215.3983,216.4798,213.713,215.4524,904300
2020-12-08,213.9473,216.0021,213.6138,215.1009,932500
2020-12-09,214.9116,217.7235,214.5331,217.0746,972000
2020-12-10,215.3983,216.597,212.5684,213.1452,1212100
2020-12-11,211.6942,213.8662,211.2075,212.0186,1161200
2020-12-14,213.5777,213.6318,206.2957,206.6111,2004900
2020-12-15,208.2694,209.1527,205.2773,207.1068,1205900
2020-12-16,207.4583,207.936,204.3039,206.1154,1081800
2020-12-17,207.3952,208.1973,205.4756,207.9089,1097100
2020-12-18,207.963,210.0178,206.2236,209.441,2162200
2020-12-21,205.7009,208.7651,203.7632,207.4132,891600
2020-12-22,207.0707,209.5492,206.8544,207.7377,806200
2020-12-23,209.0174,211.0723,207.7377,210.0989,1209200
2020-12-24,210.1891,211.7392,208.7561,211.2435,383100
2020-12-28,212.8928,214.9206,211.9645,213.3344,785100
2020-12-29,213.5327,214.8305,209.4951,210.883,929900
2020-12-30,211.1985,213.5417,210.892,212.6765,665900
2020-12-31,213.1001,214.5421,211.2435,214.1456,698300
2021-01-04,214.7764,216.1373,208.3505,210.3873,1558300
2021-01-05,209.9908,214.1185,209.8376,212.4332,1368500
2021-01-06,212.28,220.4002,212.28,219.3187,1199400
2021-01-07,220.8058,225.3391,220.1749,225.1768,1350700
2021-01-08,226.006,232.2516,224.2125,228.953,1563200
2021-01-11,227.3218,231.3504,227.1145,229.2505,832200
2021-01-12,228.7728,232.3958,227.1596,231.1161,1015300
2021-01-13,232.3958,232.6752,227.9166,229.3496,1029600
2021-01-14,229.656,230.7736,227.0064,227.5291,690000
2021-01-15,225.8618,228.2321,223.5997,227.9707,1065500
2021-01-19,229.2775,231.1341,224.8884,225.1678,1038000
2021-01-20,226.1682,228.8359,223.4014,228.4033,1077000
2021-01-21,225.9519,227.0334,220.923,221.1302,1148000
2021-01-22,220.8328,221.3736,216.9124,220.1028,1205500
2021-01-25,218.3364,222.1396,216.3717,221.671,1300700
2021-01-26,222.5092,222.7345,213.9924,214.5782,1194900
2021-01-27,211.0813,217.2729,207.4222,212.3701,1708600
2021-01-28,215.4884,220.8959,211.2435,217.9127,1297500
2021-01-29,215.7858,218.4085,212.7847,213.2533,1413100
2021-02-01,214.7133,217.2999,214.4249,216.2184,928800
2021-02-02,217.2008,223.7078,216.9484,222.0225,1277100
2021-02-03,222.3739,223.3202,220.3732,221.9323,813200
2021-02-04,222.9277,224.9275,220.5841,222.2129,1225500
2021-02-05,223.8146,225.8053,222.2672,222.2944,972400
2021-02-08,222.6744,222.9639,217.8785,220.6112,919400
2021-02-09,220.8555,223.5702,218.6657,222.4391,820500
2021-02-10,223.4073,224.3756,221.0003,221.9595,747400
2021-02-11,222.24,225.6876,221.5975,225.2352,997300
2021-02-12,224.7285,231.6327,224.5384,230.6012,1303100
2021-02-16,231.9494,233.8226,230.0763,232.0128,1325000
2021-02-17,227.9679,230.5831,226.7101,228.9633,920800
2021-02-18,227.2259,228.5832,223.5611,227.7688,938500
2021-02-19,228.8366,234.3021,228.4837,233.4877,976100
2021-02-22,233.0082,237.1435,231.8408,235.4875,1323400
2021-02-23,235.9943,237.234,231.5603,233.3611,957600
2021-02-24,232.7367,238.9895,232.2028,236.8811,974000
2021-02-25,233.153,236.2115,228.4114,229.9316,2629600
2021-02-26,230.9993,232.7457,227.4974,228.0856,1389300
2021-03-01,231.2798,235.2794,230.5649,233.3067,1255300
2021-03-02,232.3838,234.0398,231.4065,231.9947,1708600
2021-03-03,231.2889,232.7186,229.5063,229.9406,1076600
2021-03-04,229.3886,230.4292,218.0413,221.4346,1873600
2021-03-05,223.715,232.7367,220.0321,231.6508,1404800
2021-03-08,232.8543,239.6681,231.497,234.5645,995400
2021-03-09,236.0667,238.2203,234.3293,234.465,1260900
2021-03-10,235.8223,237.6049,233.6234,234.6279,1468700
2021-03-11,235.9581,237.5869,234.6369,235.949,1008600
2021-03-12,237.3607,239.2157,236.4467,236.5734,861900
2021-03-15,236.5191,236.7001,231.4698,235.5147,983900
2021-03-16,235.9581,236.0757,230.013,232.0038,1291400
2021-03-17,232.4562,235.6594,230.6011,233.6053,847600
2021-03-18,233.6054,239.2881,233.1349,238.0484,1110600
2021-03-19,237.8855,238.6185,234.0036,235.6866,2112400
2021-03-22,242.3466,244.283,234.8903,235.8314,2261000
2021-03-23,234.0397,238.7089,233.7592,235.5147,1260300
2021-03-24,236.311,241.7132,236.311,239.1704,871100
2021-03-25,239.1704,242.8171,235.7409,242.5094,1201100
2021-03-26,243.0253,247.0882,241.6498,246.9525,940000
2021-03-29,246.5634,247.8302,243.0253,245.2151,826300
2021-03-30,243.6677,246.129,243.6677,244.5817,885600
2021-03-31,244.3102,245.9933,242.6904,242.98,1379000
2021-04-01,244.6359,246.0023,243.2695,245.387,914800
2021-04-05,247.3415,249.839,246.7171,248.5088,821500
2021-04-06,248.9885,249.8843,245.1879,245.4232,943200
2021-04-07,245.7851,246.4547,243.8487,245.6584,976600
2021-04-08,245.7309,246.1562,241.6408,242.2109,1331600
2021-04-09,243.3058,246.5815,241.7132,246.5724,992400
2021-04-12,245.4775,247.4773,245.378,245.7218,917600
2021-04-13,244.5455,245.2242,242.1204,244.6179,752500
2021-04-14,245.3598,247.2872,244.7626,245.9842,608400
2021-04-15,246.2285,248.355,245.8123,246.2557,794500
2021-04-16,248.4003,248.6627,244.283,245.0974,1484200
2021-04-19,244.8169,244.9255,242.6904,244.7355,911800
2021-04-20,246.3733,251.8931,245.0974,247.3144,1385400
2021-04-21,246.8619,255.8203,246.7443,253.7843,1685800
2021-04-22,252.1917,256.5442,251.4407,252.047,993700
2021-04-23,253.0333,256.1913,252.0922,255.1779,836400
2021-04-26,255.6846,258.0011,254.2097,254.3997,914200
2021-04-27,255.7932,256.5261,253.9744,255.0421,1095700
2021-04-28,254.8793,260.0914,254.8793,257.0691,1119200
2021-04-29,259.8833,259.8833,253.3681,254.0015,1632700
2021-04-30,253.7029,254.3544,250.59,252.6803,1638900
2021-05-03,254.7345,257.7478,254.5987,256.1371,813500
2021-05-04,255.7388,260.6705,255.3407,260.3176,1314600
2021-05-05,262.2722,263.3852,259.268,259.7114,1163100
2021-05-06,260.6103,261.3004,258.6763,260.574,1093000
2021-05-07,261.3912,263.5614,259.5116,263.1527,943600
2021-05-10,264.6782,267.9925,263.5251,263.6431,933800
2021-05-11,261.7816,263.2798,258.7851,260.2924,1282500
2021-05-12,259.6569,260.6375,255.362,255.7887,1209500
2021-05-13,256.7785,261.3549,256.4426,260.6104,767500
2021-05-14,261.2277,264.996,260.7737,263.1709,795900
2021-05-17,262.6624,263.4615,258.2948,259.4571,993500
2021-05-18,260.1199,260.356,254.3268,254.4448,1194300
2021-05-19,251.521,253.9999,248.9513,253.7456,840900
2021-05-20,253.4641,254.1361,250.5131,251.4393,1508400
2021-05-21,252.9556,255.1077,251.2032,251.8297,1179300
2021-05-24,253.0919,255.1349,250.8218,254.6809,1295400
2021-05-25,255.3619,257.7681,252.202,252.3927,1451100
2021-05-26,252.4018,257.1053,251.4575,253.9273,921200
2021-05-27,256.052,256.1246,252.9193,253.6367,1422700
2021-05-28,254.0634,255.8159,253.3643,255.0623,911300
2021-06-01,257.2597,258.1314,255.253,255.5527,868200
2021-06-02,256.0157,256.1428,253.1009,253.4551,959800
2021-06-03,252.4291,255.7706,251.7118,253.8547,1170800
2021-06-04,255.1985,255.4164,252.1385,253.6095,845300
2021-06-07,254.2451,254.2451,249.5234,249.5415,927600
2021-06-08,249.4417,251.176,246.2182,250.1227,1045000
2021-06-09,250.1953,250.6039,248.4519,248.579,818400
2021-06-10,250.1137,250.7583,244.7019,245.2739,1337900
2021-06-11,246.6268,247.2352,245.2648,246.5178,1172100
2021-06-14,246.3544,247.889,245.8005,246.5451,985000
2021-06-15,247.0263,249.3145,246.0094,248.0978,1169400
2021-06-16,248.1523,248.2522,245.7188,246.4361,1024000
2021-06-17,246.3635,246.6904,240.0619,242.3682,1189800
2021-06-18,239.29,240.4523,237.2742,237.3832,1923100
2021-06-21,238.8179,242.1412,238.8179,240.4069,1299600
2021-06-22,240.9517,242.35,239.5806,239.7894,1271100
2021-06-23,240.4886,241.1786,238.6271,238.9903,1030700
2021-06-24,239.7349,241.206,238.609,240.5703,1184400
2021-06-25,241.56,243.2036,240.8609,241.3966,1452100
2021-06-28,242.1321,242.1685,238.8088,239.2719,963800
2021-06-29,239.2446,240.6248,237.1289,237.9825,1658200
2021-06-30,238.6,241.324,238.155,240.9971,1282900
2021-07-01,242.1503,244.6382,241.9505,244.5111,1192500
2021-07-02,244.5929,246.872,243.9119,245.9912,1433400
2021-07-06,245.2829,246.2817,241.0425,244.5656,1796800
2021-07-07,243.7393,249.2692,243.6122,248.2068,1354100
2021-07-08,240.8336,242.6406,229.8285,230.4368,3737800
2021-07-09,239.9983,241.1061,236.0848,239.39,1880900
2021-07-12,237.1562,238.7815,235.8759,237.7101,1000700
2021-07-13,237.0472,238.5182,236.6749,237.247,897700
2021-07-14,238.3185,239.4262,237.3741,237.6829,1084000
2021-07-15,236.0847,239.9166,236.0847,239.172,1310900
2021-07-16,239.744,239.9892,236.5206,236.5841,1724700
2021-07-19,231.5446,232.7341,229.0476,230.4732,1343100
2021-07-20,230.8999,234.7136,230.8999,233.2063,995300
2021-07-21,234.2777,237.5648,234.2777,236.6749,1346800
2021-07-22,240.7792,241.8779,238.8723,239.626,1303000
2021-07-23,240.08,241.9777,239.5624,240.9153,1039900
2021-07-26,240.425,242.5226,239.1266,240.879,899900
2021-07-27,238.9813,242.35,237.9098,238.7452,982900
2021-07-28,238.5454,239.3354,230.3642,233.288,1507800
2021-07-29,233.9145,236.4298,232.3618,232.489,1011000
2021-07-30,232.2529,234.1688,231.6354,234.1143,1044700
2021-08-02,235.2493,237.3287,231.9169,232.5979,829900
2021-08-03,233.288,236.4479,232.3527,234.9406,769300
2021-08-04,233.4968,234.3504,229.4289,230.2734,1054100
2021-08-05,231.3539,232.7977,229.5016,231.0634,983500
2021-08-06,232.0847,234.6655,231.6744,233.4618,1001900
2021-08-09,232.8508,233.9451,232.2671,233.1517,858500
2021-08-10,233.8083,237.4833,233.6168,236.2522,933500
2021-08-11,236.9362,242.7907,236.4346,242.3074,1395200
2021-08-12,241.5232,245.5265,241.432,245.3168,1124600
2021-08-13,245.3623,246.1922,243.5567,245.2347,1072900
2021-08-16,245.0432,246.411,243.3196,245.9733,1084300
2021-08-17,245.2165,245.2165,240.3559,243.2376,912300
2021-08-18,242.5354,246.1284,241.8788,241.9244,862900
2021-08-19,239.7905,243.1737,237.5107,239.1066,1127000
2021-08-20,239.526,240.5748,238.4591,239.1704,724000
2021-08-23,239.827,243.1191,239.4075,240.3924,743200
2021-08-24,240.4289,240.9669,236.1793,236.5806,1547800
2021-08-25,236.5531,238.9697,235.8327,238.1581,1257300
2021-08-26,238.3041,240.0732,234.6928,236.6991,1066700
2021-08-27,237.2736,238.9333,236.7812,237.839,772000
2021-08-30,237.9302,237.9758,234.9847,235.4862,1026300
2021-08-31,235.9786,236.1428,229.8505,231.2093,1932700
2021-09-01,231.0634,232.4951,228.4826,230.0329,1504700
2021-09-02,230.3977,232.3766,230.1971,231.337,1057700
2021-09-03,230.4159,231.3096,227.4522,228.3458,1317700
2021-09-07,228.2091,229.1575,225.5463,226.294,1284900
2021-09-08,226.5038,228.5738,225.145,227.6437,1075600
2021-09-09,227.2515,227.8078,224.9535,225.8107,924600
2021-09-10,226.8229,227.6345,225.145,225.3821,1231900
2021-09-13,227.3701,227.6254,222.1995,223.9139,1283100
2021-09-14,224.3334,224.3334,220.6492,223.2299,1696600
2021-09-15,223.5582,227.2515,223.54,226.7226,1846100
2021-09-16,227.2971,228.5373,225.8107,226.1572,1092300
2021-09-17,225.1632,226.9506,223.5582,224.3699,2296300
2021-09-20,221.6432,222.1721,218.4788,220.2844,1311100
2021-09-21,222.7375,222.7375,217.6034,218.1688,1208900
2021-09-22,219.0533,221.4882,218.0776,218.4241,1068800
2021-09-23,219.6735,221.935,219.4637,220.8407,1331500
2021-09-24,220.941,224.9717,220.5398,223.4853,1178100
2021-09-27,223.5126,227.1877,223.5035,223.9868,1249000
2021-09-28,223.6221,224.7984,221.7709,223.6221,1374100
2021-09-29,223.6768,224.9626,222.3636,222.7284,1388400
2021-09-30,223.9777,224.3151,218.1049,218.1779,1210200
2021-10-01,219.4728,223.3394,218.0229,222.0901,1033700
2021-10-04,224.306,227.0965,223.8774,226.0478,1620400
2021-10-05,226.9141,234.4375,225.9657,232.6684,1676600
2021-10-06,230.4889,240.1735,230.3612,239.4075,1984500
2021-10-07,241.4502,242.4625,236.4255,236.7903,988400
2021-10-08,237.7478,241.8879,237.3648,241.5505,1096900
2021-10-11,241.4776,244.3684,240.8119,241.1493,1356100
2021-10-12,240.4471,241.286,237.7569,238.0761,1091700
2021-10-13,238.1034,240.748,236.088,239.1521,929000
2021-10-14,241.2313,246.3655,240.2647,246.0645,1328700
2021-10-15,247.6695,252.7581,246.8397,251.3081,1135600
2021-10-18,250.0405,252.1197,249.0739,251.4631,742500
2021-10-19,253.3417,253.3417,250.1318,250.761,938600
2021-10-20,250.7792,255.3479,250.077,254.664,844900
2021-10-21,257.1535,261.4396,257.1262,257.8922,1352300
2021-10-22,257.8922,263.4094,257.5731,261.3028,1110400
2021-10-25,261.5946,264.9322,260.7556,262.0232,1250000
2021-10-26,263.2543,264.4672,261.1386,261.4852,1244300
2021-10-27,264.6131,267.7501,261.7679,261.777,1520400
2021-10-28,264.5766,267.7227,264.5036,267.3489,1366000
2021-10-29,265.7347,269.9843,265.2514,267.2394,984000
2021-11-01,267.5313,268.3885,260.8469,263.2635,893900
2021-11-02,262.5066,263.537,260.1903,260.8286,1468400
2021-11-03,260.5095,262.5886,258.0381,262.2877,666400
2021-11-04,262.9285,263.1939,259.5873,260.4752,698100
2021-11-05,262.6721,264.2649,259.7337,259.8801,1269500
2021-11-08,261.4913,261.4913,258.8183,260.5576,583900
2021-11-09,260.2372,261.4639,258.2051,260.521,1040800
2021-11-10,260.521,261.5646,257.2256,257.8755,694900
2021-11-11,256.3468,256.3468,251.2755,252.5662,1375800
2021-11-12,252.6486,254.4794,251.3945,252.2733,1298300
2021-11-15,254.0217,254.4153,251.3121,252.0993,936500
2021-11-16,251.7332,254.6991,250.7171,250.7903,893900
2021-11-17,250.7904,253.5,249.5454,251.3671,1114700
2021-11-18,251.8613,254.3146,250.6072,252.4838,818900
2021-11-19,252.7218,252.7218,249.5271,250.5615,957800
2021-11-22,251.129,255.9714,250.7995,253.6189,803700
2021-11-23,253.2619,256.182,251.4403,256.063,1534500
2021-11-24,254.2139,256.2827,253.5915,254.278,810400
2021-11-26,248.3004,248.8405,244.2727,246.8358,973500
2021-11-29,249.3806,249.8108,245.8563,246.0028,1129600
2021-11-30,243.7601,246.4513,242.213,242.8263,1720300
2021-12-01,246.1492,254.2596,245.0508,246.2957,2017900
2021-12-02,247.7786,258.1867,246.6802,255.2299,2057300
2021-12-03,257.0699,262.3517,254.6075,257.4452,2138200
2021-12-06,260.0358,265.3085,258.7634,262.9285,1472200
2021-12-07,264.8233,267.0477,262.5531,263.139,1308700
2021-12-08,263.1939,264.5578,260.5484,262.2602,910100
2021-12-09,261.5096,264.8233,259.5873,262.6722,905400
2021-12-10,264.329,265.7661,262.7453,265.0338,969200
2021-12-13,263.8072,266.4069,259.926,260.4203,1704600
2021-12-14,260.4294,262.7088,258.141,259.7337,1148400
2021-12-15,261.0244,263.5051,259.038,263.4227,1047500
2021-12-16,264.5487,267.185,263.3678,265.8394,1349600
2021-12-17,265.6655,265.6655,260.1914,260.6949,2517700
2021-12-20,257.8938,258.1317,254.0216,257.6375,1216000
2021-12-21,259.9717,261.9215,258.4888,261.0428,952000
2021-12-22,260.3562,262.6538,259.4042,261.1526,794100
2021-12-23,260.9787,264.9423,260.878,263.2031,1354200
2021-12-27,264.2008,267.2949,263.4411,266.8646,951300
2021-12-28,266.5351,270.0411,266.5351,268.4758,935700
2021-12-29,268.5123,271.5423,267.9814,270.7276,610200
2021-12-30,271.0846,271.7528,268.906,269.7939,689800
2021-12-31,269.4918,273.8857,268.5032,272.5218,764600
2022-01-03,273.2449,273.6935,264.8874,267.6153,768600
2022-01-04,265.7752,272.4027,265.6562,269.7847,1024500
2022-01-05,270.9382,273.2999,269.1074,269.7756,1224800
2022-01-06,271.5514,273.016,268.7869,271.5423,815300
2022-01-07,271.1212,273.4737,268.2652,271.6979,897500
2022-01-10,271.7436,271.8535,262.6904,263.6058,1479200
2022-01-11,264.3565,264.9148,257.3262,262.187,1230400
2022-01-12,262.8643,265.1711,262.8369,263.798,982700
2022-01-13,264.2741,266.8829,263.8072,265.519,971200
2022-01-14,263.679,265.7478,262.2052,263.8896,1118000
2022-01-18,261.6927,263.0566,250.6164,252.4747,2099000
2022-01-19,253.9119,256.658,251.9712,254.5343,1480900
2022-01-20,254.3604,261.1709,254.3604,255.587,1014600
2022-01-21,255.7243,257.2256,249.0877,253.0331,2021100
2022-01-24,247.7512,253.2619,245.0416,252.9323,1523700
2022-01-25,248.4469,253.3351,244.1446,251.5593,1438500
2022-01-26,255.3947,256.3101,243.6136,246.2682,1969500
2022-01-27,249.6553,251.367,244.7304,246.9274,1310600
2022-01-28,247.4125,249.4446,241.6089,248.9778,1053600
2022-01-31,248.0258,249.6003,246.0119,248.9778,1054700
2022-02-01,249.6369,253.5548,248.4195,251.184,1050000
2022-02-02,251.2572,256.5939,250.9917,256.3834,1349200
2022-02-03,254.6824,258.0568,253.2756,253.6066,961200
2022-02-04,251.7309,253.7169,247.9795,248.6415,1132000
2022-02-07,249.9011,249.9011,241.4972,242.7753,1457200
2022-02-08,243.9338,248.4392,243.4281,248.2737,1041700
2022-02-09,250.6459,252.8986,249.6713,251.8963,768800
2022-02-10,248.9357,254.5169,247.9151,250.3977,2161300
2022-02-11,249.7448,252.0251,243.4005,245.69,1039100
2022-02-14,246.4991,251.17,245.1292,250.3425,1287200
2022-02-15,252.5952,255.4915,251.4091,252.9722,1043500
2022-02-16,252.4021,255.2616,250.1494,254.4709,1181500
2022-02-17,252.4389,253.7997,250.6092,251.2252,908400
2022-02-18,251.4091,254.0388,248.2094,248.4576,1141700
2022-02-22,249.0001,250.1126,237.1666,237.5436,3359700
2022-02-23,238.3067,238.8676,230.289,233.2313,2816800
2022-02-24,230.9143,233.9761,227.8984,233.5807,1829600
2022-02-25,235.0518,241.2858,234.7392,239.4561,1330900
2022-02-28,235.8333,238.0217,233.2313,235.8609,2734500
2022-03-01,236.0265,238.4446,233.3048,234.5277,1848500
2022-03-02,236.7528,249.2483,235.8057,247.5381,2300000
2022-03-03,248.5955,254.8387,248.5955,250.0942,1492300
2022-03-04,247.8231,261.799,247.4094,261.6519,2168000
2022-03-07,261.5232,267.4077,255.611,255.896,1958000
2022-03-08,256.9075,258.1671,243.7499,244.274,1907500
2022-03-09,248.7151,249.6713,240.6422,242.5455,1536700
2022-03-10,239.9801,249.1564,239.0883,248.1174,1969600
2022-03-11,248.6783,251.7309,245.5797,245.8095,837900
2022-03-14,247.8507,248.3105,242.6742,244.6602,944500
2022-03-15,247.1336,247.9243,242.0214,246.4716,903200
2022-03-16,248.6323,251.878,247.0049,251.308,1353100
2022-03-17,250.5631,252.3285,247.6024,252.2917,1105700
2022-03-18,244.2373,253.009,244.2373,252.6964,2460700
2022-03-21,253.4963,258.3787,252.7975,255.749,1039200
2022-03-22,257.3304,257.45,252.6044,256.4846,1026600
2022-03-23,255.8776,258.2498,253.9192,254.903,1149800
2022-03-24,255.2432,259.5463,255.2432,257.0361,924500
2022-03-25,257.7626,260.6589,256.5489,260.5393,912300
2022-03-28,260.8152,261.9277,257.9557,261.6979,759000
2022-03-29,262.5621,263.2701,256.7971,262.6541,1025800
2022-03-30,265.67,266.2493,262.3507,265.8631,1653300
2022-03-31,264.7965,268.0698,262.2496,262.2496,1365600
2022-04-01,262.2312,262.5714,243.2258,244.4303,2387400
2022-04-04,243.8143,245.5981,240.7065,245.405,1482400
2022-04-05,244.7154,250.7838,240.7617,241.1295,1816400
2022-04-06,240.1916,240.541,233.5898,236.2379,2053100
2022-04-07,235.8702,239.2998,232.2291,237.8286,1399300
2022-04-08,235.1989,239.833,233.6358,237.3597,1150800
2022-04-11,237.3045,238.9411,234.1231,235.2081,1200700
2022-04-12,235.7138,240.4675,235.5391,237.8838,1293700
2022-04-13,237.8838,240.9456,237.8838,239.9158,937100
2022-04-14,240.7433,243.419,240.2284,241.8743,2129500
2022-04-18,240.8904,243.8327,239.5848,241.3686,1759100
2022-04-19,243.3179,244.3201,241.9938,243.5293,1394600
2022-04-20,244.3844,248.43,244.3844,246.3336,1223000
2022-04-21,248.5312,254.3698,247.06,248.0898,1571600
2022-04-22,246.4532,246.9313,237.6447,237.7642,1404000
2022-04-25,236.8356,239.263,232.7991,238.8216,1165800
2022-04-26,237.6907,239.217,234.1323,234.1323,1652600
2022-04-27,234.2611,242.7386,232.6336,241.3869,2340800
2022-04-28,241.6812,247.3818,240.918,244.4396,1470400
2022-04-29,242.6834,244.4763,236.3115,237.1114,1591100
2022-05-02,237.3597,239.6491,231.5578,235.9437,1397100
2022-05-03,235.2909,238.178,234.1967,235.4564,1648400
2022-05-04,237.6447,243.9522,236.6701,243.3546,1781100
2022-05-05,241.1097,242.5231,235.3453,237.2945,1159800
2022-05-06,236.8049,236.9435,230.8003,236.2506,1124500
2022-05-09,233.8026,235.0035,229.5809,230.4862,1319600
2022-05-10,232.8141,234.8003,223.7702,227.0219,1453300
2022-05-11,227.3176,232.3707,226.6247,227.7517,876400
2022-05-12,227.105,229.5993,222.0611,227.3083,1352100
2022-05-13,229.082,233.7748,228.0104,230.3199,1116400
2022-05-16,229.9688,231.2898,227.6686,228.2691,745100
2022-05-17,230.8834,233.5254,229.3129,232.5185,1189600
2022-05-18,231.5762,231.7148,219.105,219.4653,1700100
2022-05-19,211.4283,215.9549,208.0103,210.6523,1698100
2022-05-20,211.2066,212.075,205.5807,211.4191,1518600
2022-05-23,213.2667,215.7794,212.2597,215.0496,1160200
2022-05-24,213.4699,214.9387,209.8948,214.6061,1091800
2022-05-25,215.0311,216.7309,213.2297,214.8833,1147200
2022-05-26,216.8233,221.1836,216.6478,218.6616,950000
2022-05-27,220.1951,223.5023,219.4745,222.6616,1077800
2022-05-31,222.7078,223.687,219.918,221.396,2465200
2022-06-01,223.4099,225.47,221.5808,223.5023,1164200
2022-06-02,225.5161,228.2875,222.2274,228.0011,1004600
2022-06-03,226.6247,228.7494,224.6848,226.015,803000
2022-06-06,226.9203,227.2529,224.0381,226.0335,721700
2022-06-07,221.3037,230.9942,220.2413,230.3938,1088100
2022-06-08,228.2414,229.2021,223.5023,224.306,939900
2022-06-09,223.3175,225.0635,219.1143,219.3545,846200
2022-06-10,214.8279,216.2228,210.6708,211.881,1341400
2022-06-13,207.5484,209.747,204.8232,206.0704,1425700
2022-06-14,208.1489,211.2066,204.5645,205.8301,1215200
2022-06-15,207.8625,211.4745,204.0195,207.3914,1134200
2022-06-16,202.7816,207.493,202.5969,205.8117,1582600
2022-06-17,203.299,206.3105,203.2805,204.5923,2192800
2022-06-21,208.075,209.5346,206.1719,207.1142,1057200
2022-06-22,204.3706,208.9249,204.3706,207.0588,1118600
2022-06-23,207.7054,208.6939,203.3082,204.7955,1106000
2022-06-24,205.5438,213.4699,205.5438,212.8695,1486600
2022-06-27,213.1188,213.4329,209.359,210.3752,973000
2022-06-28,213.5345,216.0565,208.777,209.1373,945000
2022-06-29,209.8763,211.0403,206.2089,209.8209,751700
2022-06-30,207.4837,210.7539,206.1904,209.9687,1091300
2022-07-01,209.7932,212.7124,207.5207,211.1327,698200
2022-07-05,208.463,209.8579,204.5923,207.0957,932500
2022-07-06,206.8278,209.9595,206.4583,208.5368,1075500
2022-07-07,208.8971,211.7055,207.8902,211.3175,767300
2022-07-08,210.9479,211.6962,205.4237,208.9618,899900
2022-07-11,207.5946,210.1719,207.2066,208.3798,983100
2022-07-12,204.6015,206.9294,202.9479,205.4144,1363200
2022-07-13,202.6338,206.5692,201.2851,204.5923,1118700
2022-07-14,200.971,205.1003,200.4629,204.8047,941300
2022-07-15,211.5022,212.7493,208.2689,210.523,3217900
2022-07-18,211.9641,214.5415,211.0588,211.6038,955000
2022-07-19,213.7009,218.4861,212.7032,218.1905,1049400
2022-07-20,218.1997,220.3245,216.2505,219.7425,1358400
2022-07-21,219.4284,224.8233,219.4284,223.6593,1455100
2022-07-22,223.844,226.56,222.9295,224.5739,1064400
2022-07-25,224.0566,228.2044,223.336,228.0843,1002600
2022-07-26,226.8002,228.8418,225.5623,225.9688,1097300
2022-07-27,223.0681,225.9319,218.1258,224.7032,2024500
2022-07-28,226.9757,227.2252,222.56,226.172,1257100
2022-07-29,226.6155,232.888,226.2275,232.0289,1280800
2022-08-01,230.052,235.0497,229.0728,233.7287,1150800
2022-08-02,233.313,233.313,228.9065,229.1189,1446700
2022-08-03,230.1536,232.2136,230.0427,231.2252,758600
2022-08-04,231.5208,233.8118,230.7079,231.8072,1467800
2022-08-05,230.4053,233.5247,230.0247,233.0419,627600
2022-08-08,234.648,235.957,231.7329,231.8536,1220900
2022-08-09,232.095,233.5711,231.2316,231.4823,701900
2022-08-10,235.5486,240.2183,234.5366,239.1228,1352300
2022-08-11,240.5154,245.1944,240.5154,241.5737,1140500
2022-08-12,242.4,243.1891,241.5459,243.087,863500
2022-08-15,242.0008,242.6414,238.3523,238.6494,1127000
2022-08-16,237.5075,240.4876,237.3032,239.16,1456500
2022-08-17,236.7833,239.8098,235.465,239.3363,949900
2022-08-18,239.9212,240.6732,238.3337,240.0791,729600
2022-08-19,238.965,239.4199,236.839,237.4332,822000
2022-08-22,234.7501,238.9,233.4133,238.5101,1296600
2022-08-23,238.3523,240.6361,237.6467,239.8006,985500
2022-08-24,239.7541,242.3535,239.4013,241.2117,1185900
2022-08-25,242.8364,244.5167,242.0008,244.1547,726400
2022-08-26,244.0525,245.2965,234.7687,234.8708,816500
2022-08-29,233.9332,236.7183,232.6149,233.8125,906900
2022-08-30,233.7754,233.8403,224.7886,227.2396,1858700
2022-08-31,228.3722,228.3722,225.355,225.717,1431700
2022-09-01,223.9995,224.8165,222.0592,223.8603,2038600
2022-09-02,226.4412,226.599,220.7687,222.1242,1881700
2022-09-06,220.0353,225.1971,219.5897,222.7276,1379300
2022-09-07,221.6136,226.5804,221.6136,225.8006,1199600
2022-09-08,225.16,228.4372,224.5194,228.3165,856100
2022-09-09,229.4769,232.8005,229.4769,231.9557,1581200
2022-09-12,233.5618,234.1189,230.9252,232.6335,1138900
2022-09-13,228.5764,230.4703,224.9465,225.8748,1112000
2022-09-14,224.9372,225.2807,216.4054,220.9916,2008700
2022-09-15,226.404,227.0074,220.1467,221.7528,1378100
2022-09-16,216.7953,219.1163,212.3762,217.2224,2843800
2022-09-19,216.3218,220.2025,215.7462,219.1812,921900
2022-09-20,216.034,217.3059,211.1507,213.1467,1774900
2022-09-21,214.8735,217.6958,211.4478,211.5685,945900
2022-09-22,210.8537,211.1508,207.5858,208.6163,905900
2022-09-23,205.7661,206.2303,200.5579,202.0619,1410200
2022-09-26,200.8736,201.9226,197.4571,199.3789,1521000
2022-09-27,199.6017,201.4027,196.5009,198.5247,1266700
2022-09-28,197.3736,202.6746,197.0672,201.1985,1215200
2022-09-29,199.0446,200.6693,197.3179,199.1839,990300
2022-09-30,198.6733,199.3325,194.5792,194.6349,1246300
2022-10-03,196.2688,202.7953,196.0181,201.2727,890100
2022-10-04,203.6215,207.4558,203.6215,207.1865,928500
2022-10-05,204.912,206.8988,203.5473,205.1905,1013100
2022-10-06,204.3364,205.924,202.5446,203.2502,785500
2022-10-07,200.4651,201.5141,197.7171,199.2025,987100
2022-10-10,201.1149,201.4584,196.9094,197.0394,977700
2022-10-11,195.6561,199.8709,195.0805,197.55,1310500
2022-10-12,197.1415,200.4001,196.1388,196.1853,884700
2022-10-13,190.8192,202.034,189.6309,200.168,1117800
2022-10-14,201.9319,202.981,197.9213,198.1998,978500
2022-10-17,201.1707,203.5937,201.05,203.4081,1372000
2022-10-18,207.2237,208.5327,203.668,206.416,1806700
2022-10-19,205.172,205.7476,201.9319,202.034,1402700
2022-10-20,198.302,201.5791,189.0646,190.1972,3397700
2022-10-21,191.0513,195.6653,189.9836,193.1401,5178900
2022-10-24,195.3776,199.2118,194.9134,197.9585,1594300
2022-10-25,198.4319,201.9969,197.7635,200.3166,2527700
2022-10-26,204.7449,210.4823,202.5911,206.2118,2118900
2022-10-27,207.8643,210.5473,207.2051,207.5765,1534400
2022-10-28,208.4399,213.286,207.8457,212.729,1475300
2022-10-31,211.1971,214.5765,211.1879,211.7356,1783300
2022-11-01,213.7131,214.92,211.4664,213.5181,1314400
2022-11-02,212.4504,217.9,209.2104,209.2568,1206600
2022-11-03,206.9137,214.2511,206.3256,212.104,1538800
2022-11-04,214.5592,218.4239,214.0551,218.2559,1661100
2022-11-07,219.3575,220.8511,217.7332,219.9643,1216000
2022-11-08,221.0751,221.9713,216.921,220.6084,1280800
2022-11-09,219.4602,220.1323,214.7273,215.2127,1014400
2022-11-10,223.0355,227.171,222.0647,226.8256,1034400
2022-11-11,229.9716,235.9087,228.3099,234.2284,1641100
2022-11-14,232.212,239.1573,232.212,234.9472,1546600
2022-11-15,237.7944,237.9904,229.2341,231.6425,1937200
2022-11-16,231.8853,235.1806,231.6145,233.1175,1406800
2022-11-17,229.1594,230.6157,225.8547,229.2341,1079800
2022-11-18,231.2691,231.7172,229.0287,230.3543,889300
2022-11-21,229.7102,232.7441,226.5175,232.6881,1113500
2022-11-22,234.2004,237.0289,232.0533,234.4057,1088200
2022-11-23,233.0708,236.2541,232.4827,234.4151,896400
2022-11-25,235.2739,237.5704,234.9845,235.5446,347500
2022-11-28,233.3696,235.5727,230.9237,232.0253,948800
2022-11-29,234.0137,236.6555,232.7908,236.5155,855200
2022-11-30,236.0674,240.2402,232.604,239.4467,1577900
2022-12-01,241.1737,241.7618,237.0289,239.316,1314400
2022-12-02,236.03,238.5599,233.7336,237.1783,1127600
2022-12-05,234.5831,234.9659,230.7464,230.8677,1181100
2022-12-06,230.8864,231.6332,221.1778,226.4242,1756500
2022-12-07,226.3495,228.2912,224.3051,225.4907,1445100
2022-12-08,226.6296,230.1209,226.3869,229.3368,897800
2022-12-09,228.7393,229.8782,227.7311,227.8245,697400
2022-12-12,228.8607,236.5435,227.7965,236.2261,1402500
2022-12-13,242.1259,243.7036,238.2238,240.7816,1929500
2022-12-14,240.3896,244.3103,239.3067,241.2391,1482100
2022-12-15,237.7011,239.1574,234.0697,235.5166,1316000
2022-12-16,231.7732,234.3684,229.7662,233.939,2077400
2022-12-19,234.1537,235.4513,229.0567,230.5783,1036200
2022-12-20,229.7382,230.0929,224.6692,226.7696,1369300
2022-12-21,228.8793,230.317,226.8536,230.2983,1144600
2022-12-22,228.4406,229.2341,226.5829,229.1314,927600
2022-12-23,228.6179,231.9786,228.6179,231.0451,545300
2022-12-27,231.6052,233.4442,230.5783,232.9308,750000
2022-12-28,233.1268,233.7616,229.1314,229.4488,560500
2022-12-29,230.8024,232.8934,229.7942,231.7079,520000
2022-12-30,230.2703,231.2224,227.7218,230.0369,637500
2023-01-03,230.681,231.7919,228.4312,231.2318,941600
2023-01-04,230.1303,234.7792,229.8595,234.2191,988100
2023-01-05,232.7814,234.2657,230.3823,231.0264,982600
2023-01-06,233.7803,239.5401,232.0253,238.784,897100
2023-01-09,239.4374,240.3803,236.2074,237.3277,1098800
2023-01-10,237.2156,237.9158,234.4337,237.7197,618300
2023-01-11,239.2413,239.3347,235.8713,239.1107,800200
2023-01-12,240.4643,240.4643,237.1876,237.2716,1127100
2023-01-13,234.9845,238.8306,234.8165,238.1678,929300
2023-01-17,239.3534,242.3126,236.9823,239.5961,1526400
2023-01-18,239.8108,242.9007,237.1129,237.7384,1237300
2023-01-19,236.4408,236.9262,232.6881,233.2669,985900
2023-01-20,234.2564,237.4957,232.8935,236.7956,3083900
2023-01-23,235.8807,242.406,235.6753,239.3907,1397900
2023-01-24,236.3008,240.623,233.5282,238.868,1429900
2023-01-25,234.5458,235.1806,224.2024,226.8163,2644000
2023-01-26,227.6471,229.0941,219.7682,225.1453,1676500
2023-01-27,225.1826,228.3939,221.934,222.9328,1690900
2023-01-30,221.4018,224.9212,221.4018,222.3727,1070100
2023-01-31,223.0355,229.6261,222.5221,229.4674,2112800
2023-02-01,228.0298,233.6309,226.5922,232.2493,1093500
2023-02-02,232.7468,240.1899,232.4652,239.195,1142800
2023-02-03,237.1113,239.6456,235.5251,236.642,1048100
2023-02-06,234.9431,235.2153,230.6725,231.3295,1070800
2023-02-07,229.9591,233.2536,228.6169,232.4652,1146600
2023-02-08,231.1887,233.0847,229.9779,231.4797,826700
2023-02-09,232.7092,233.6572,224.1867,224.3087,1109200
2023-02-10,223.3888,227.7815,223.0416,227.7158,1193500
2023-02-13,222.4315,227.9974,221.69,224.9939,2889300
2023-02-14,224.3368,224.3368,217.2222,220.8358,2941500
2023-02-15,218.0576,223.999,214.8851,223.6611,2207500
2023-02-16,220.8171,223.2293,215.88,215.8988,3169500
2023-02-17,214.5659,218.3391,212.5948,214.1435,5012400
2023-02-21,213.0642,214.4251,208.7466,210.7646,2837500
2023-02-22,211.3934,213.0078,206.522,208.3617,2384900
2023-02-23,210.3798,210.8397,206.738,210.117,1968200
2023-02-24,207.3762,211.1869,206.9538,210.9711,1503900
2023-02-27,214.0028,218.2265,211.1682,211.4779,1755200
2023-02-28,210.6144,213.9277,209.6383,211.018,1573200
2023-03-01,210.3985,212.9515,210.2577,211.5718,1096900
2023-03-02,209.948,215.6641,209.8354,214.5753,1198900
2023-03-03,215.101,215.345,212.8671,214.3689,1499400
2023-03-06,213.6649,213.8807,208.6902,208.7653,1538100
2023-03-07,207.6672,207.93,201.1532,201.9698,2692500
2023-03-08,201.7352,203.8001,201.2565,203.0304,1574500
2023-03-09,203.4716,203.5655,199.1915,200.1208,1622600
2023-03-10,200.2615,204.4477,196.7793,197.5302,1630300
2023-03-13,195.8031,199.8673,194.6956,194.8833,1873000
2023-03-14,198.0371,199.1071,192.6682,195.3057,1501800
2023-03-15,192.2552,194.9959,190.5282,192.5837,2039300
2023-03-16,190.4531,195.7374,189.9744,194.705,1980800
2023-03-17,195.0992,195.2494,190.256,191.3823,2713800
2023-03-20,191.8797,193.6631,191.4011,192.7245,1131200
2023-03-21,194.6487,196.141,191.739,192.7808,1823200
2023-03-22,192.7996,194.2075,188.0221,188.2661,1636300
2023-03-23,188.9513,190.2466,186.1167,187.1773,1647500
2023-03-24,185.3659,188.3318,184.2771,187.9658,1398000
2023-03-27,189.6271,190.8379,188.2849,190.4718,1174000
2023-03-28,189.7397,192.1519,189.5802,192.0299,1571300
2023-03-29,194.3296,194.9866,193.1563,194.5267,1343700
2023-03-30,196.4602,197.7085,195.0147,196.019,997500
2023-03-31,196.5728,199.6139,196.1692,198.985,1451700
2023-04-03,197.7554,199.0226,194.7331,195.9627,1111300
2023-04-04,197.1923,197.4645,191.4761,192.4335,2551900
2023-04-05,192.4148,193.0718,190.2184,190.5751,2342800
2023-04-06,190.8848,193.1657,189.7116,192.7996,3111500
2023-04-10,191.1289,192.3115,189.5239,189.8899,2572200
2023-04-11,191.2697,194.123,191.1852,193.1844,2325700
2023-04-12,194.5173,195.944,193.0155,193.6538,1080200
2023-04-13,194.1231,194.8927,192.3773,194.2732,1393100
2023-04-14,194.5173,196.6761,193.8509,194.8458,1432800
2023-04-17,195.5403,197.1078,194.6674,196.8356,1283700
2023-04-18,197.1266,198.8912,196.2631,196.8168,1305200
2023-04-19,195.7468,197.5583,195.6529,196.9576,1002700
2023-04-20,197.0233,200.2522,197.0233,198.8161,1109000
2023-04-21,199.5013,201.9698,198.45,198.619,3479600
2023-04-24,198.3656,199.9331,198.0089,198.9006,1056800
2023-04-25,197.1078,197.2862,193.5129,194.4046,1301300
2023-04-26,192.4148,194.9959,187.9845,188.6791,1896600
2023-04-27,188.5665,189.5896,185.6849,188.5289,1478900
2023-04-28,187.3838,193.0718,187.29,190.5657,1211500
2023-05-01,190.6971,196.3569,190.6971,195.8032,1766700
2023-05-02,194.6862,195.5028,189.965,191.3729,1460000
2023-05-03,192.4054,194.1231,190.378,190.5188,1143400
2023-05-04,189.6684,192.7299,188.4967,192.692,1264900
2023-05-05,194.185,199.1362,193.7787,197.2181,1183100
2023-05-08,198.352,199.3441,195.3378,195.6685,1414000
2023-05-09,194.9503,197.426,193.3818,196.8212,1194200
2023-05-10,198.2291,198.8811,194.6574,197.0102,1591400
2023-05-11,197.7378,199.6654,195.6401,198.7205,1802600
2023-05-12,199.7598,200.3362,198.059,200.2323,1250700
2023-05-15,200.837,202.7457,199.363,201.1866,1312700
2023-05-16,201.5079,201.8859,200.0717,200.752,1157600
2023-05-17,202.0654,204.8245,201.3945,203.1331,1374000
2023-05-18,202.2922,204.7205,197.1708,204.2575,2225000
2023-05-19,205.7977,206.6953,204.1252,205.741,2127000
2023-05-22,211.5994,211.6466,205.2213,206.2135,1875400
2023-05-23,205.2591,206.4591,200.6008,202.2071,2378300
2023-05-24,200.9315,203.0103,198.0023,199.3535,1418300
2023-05-25,198.6448,200.5819,198.3425,199.5803,1041300
2023-05-26,199.5803,200.3551,197.9268,198.9661,1145000
2023-05-30,199.0323,199.8166,196.4433,199.552,851500
2023-05-31,197.8323,198.7583,195.5173,196.7079,1596900
2023-06-01,198.0024,200.8181,197.4165,200.5158,922900
2023-06-02,202.4244,205.9772,201.3473,203.9741,1052800
2023-06-05,203.9268,203.9268,201.8953,202.5378,816200
2023-06-06,201.5362,202.7741,199.3063,200.5063,1118100
2023-06-07,200.4496,206.4024,198.9378,206.1379,1591400
2023-06-08,205.9773,206.1001,202.4812,205.6182,1079000
2023-06-09,205.9961,207.0828,203.3315,204.267,975600
2023-06-12,203.7662,204.4654,200.752,204.0402,809000
2023-06-13,204.0024,206.4403,202.8969,206.2324,1091200
2023-06-14,207.2434,213.2718,206.4308,209.1993,1700200
2023-06-15,208.5473,211.7978,208.5473,210.9946,1052800
2023-06-16,213.234,213.5458,211.3253,211.7883,1996900
2023-06-20,209.5206,210.8812,207.9048,208.2544,870500
2023-06-21,207.1489,210.097,206.6954,208.6229,984700
2023-06-22,208.5568,208.8781,207.2623,207.9804,624000
2023-06-23,206.6765,207.045,204.456,205.9867,1186700
2023-06-26,206.667,210.5978,206.478,209.6245,1030500
2023-06-27,209.8041,212.2513,209.1237,210.3237,940400
2023-06-28,209.9741,211.4954,207.8859,210.8623,859200
2023-06-29,210.1064,213.6403,209.53,213.5269,867000
2023-06-30,214.6136,215.0482,211.6277,214.2639,1458200
2023-07-03,212.6576,217.1553,211.8828,216.2671,561800
2023-07-05,213.6498,214.9726,213.0072,214.6702,1235800
2023-07-06,212.6009,215.3978,211.9489,214.6891,1306800
2023-07-07,214.1033,216.4088,213.5553,214.2261,786400
2023-07-10,214.2451,216.4089,214.2451,216.3144,842200
2023-07-11,218.705,219.8011,216.9853,219.2341,1206300
2023-07-12,220.9066,220.9444,217.8829,218.242,1138300
2023-07-13,218.7994,221.0294,218.1096,220.6514,777800
2023-07-14,220.6987,221.9176,220.0278,221.842,948200
2023-07-17,221.4829,221.4829,218.6482,220.3301,882200
2023-07-18,220.1601,222.5507,219.6498,222.1821,803000
2023-07-19,222.0499,224.705,222.0404,224.3271,809200
2023-07-20,225.3475,225.6688,223.0703,224.4026,992800
2023-07-21,220.1034,222.0499,214.8781,220.1695,2689900
2023-07-24,220.1412,223.4294,220.1412,222.3995,966700
2023-07-25,221.738,224.4593,221.0861,224.1097,1056100
2023-07-26,225.5932,225.8295,221.2089,223.8735,2003600
2023-07-27,223.883,224.6389,219.2624,222.3711,2041200
2023-07-28,223.2121,224.7901,221.6908,223.6184,1281600
2023-07-31,222.7113,223.3255,220.3585,220.7176,1130300
2023-08-01,220.3774,222.5696,219.4609,221.0767,992000
2023-08-02,220.0845,220.453,217.1175,217.5333,1255600
2023-08-03,216.925,217.3147,215.5278,216.022,951800
2023-08-04,215.6419,217.9515,212.2487,213.5128,1772600
2023-08-07,214.929,215.1476,211.7259,213.1706,1110200
2023-08-08,211.6214,211.9446,208.3138,208.7035,1789200
2023-08-09,208.3518,208.4944,206.6124,207.2017,1400400
2023-08-10,207.9336,208.6369,206.1657,206.717,967500
2023-08-11,205.8426,206.2228,204.0652,205.2153,1192700
2023-08-14,204.0652,205.0536,202.5254,204.759,834300
2023-08-15,204.0081,204.0081,198.1628,198.5049,1467300
2023-08-16,198.2293,199.9592,196.7466,197.3549,1008000
2023-08-17,197.6115,200.5389,197.583,198.1628,980700
2023-08-18,197.3549,202.3924,197.3549,201.6035,1184700
2023-08-21,200.5865,201.9646,198.8756,199.6835,1170700
2023-08-22,200.2253,200.9857,197.3739,198.3814,817700
2023-08-23,198.3814,200.3774,198.2768,200.1683,626000
2023-08-24,199.4079,200.8146,198.1438,198.2293,629700
2023-08-25,199.2178,201.0807,198.505,200.2158,668000
2023-08-28,199.6455,203.9036,199.6455,200.7385,882000
2023-08-29,200.5009,200.8621,197.0507,197.4404,1603500
2023-08-30,198.2483,200.6625,197.9537,199.0562,1234200
2023-08-31,199.1988,199.1988,194.7411,194.8551,1320400
2023-09-01,195.8722,198.3054,194.646,196.1573,962600
2023-09-05,195.2258,195.2258,190.8632,191.1293,1628000
2023-09-06,191.2053,191.8041,187.9262,188.5916,1356800
2023-09-07,188.1258,189.7321,185.9683,186.472,1246000
2023-09-08,186.6906,188.0498,184.9608,185.9493,1071100
2023-09-11,187.0803,187.8977,185.7307,186.2629,1028600
2023-09-12,185.398,189.6846,184.438,188.7151,1520900
2023-09-13,188.8958,191.5951,187.356,190.7872,1500200
2023-09-14,192.574,196.7276,192.2224,196.3664,1587000
2023-09-15,195.7676,196.4424,193.1443,193.9237,1668600
2023-09-18,194.2659,195.5585,192.0513,194.0188,931000
2023-09-19,193.477,194.7506,189.6181,191.9087,1116500
2023-09-20,192.8117,196.4139,192.8117,195.1213,1585900
2023-09-21,194.0378,194.2659,191.1579,191.3099,1162000
2023-09-22,190.7301,194.7126,190.7111,192.4695,1059300
2023-09-25,191.3194,193.2394,191.3194,192.8307,1100300
2023-09-26,191.6046,192.2984,188.354,188.449,931200
2023-09-27,189.3425,189.9888,184.7612,186.5006,1028600
2023-09-28,186.377,189.1523,185.6831,187.6031,986700
2023-09-29,189.409,189.6466,186.5861,187.1754,740300
2023-10-02,179.7998,182.4991,177.5662,182.0143,2073300
2023-10-03,180.6647,184.9988,180.5887,182.8888,989400
2023-10-04,182.6131,184.3905,181.3585,183.402,820200
2023-10-05,182.5751,183.288,179.2865,181.2445,1037700
2023-10-06,180.0469,183.9913,179.1629,182.0238,1157600
2023-10-09,182.0238,187.1659,181.8528,186.0538,1143300
2023-10-10,187.451,191.2053,186.8807,190.8632,1430900
2023-10-11,191.0533,193.3249,190.6161,191.9943,1109300
2023-10-12,192.3554,192.4695,188.4585,191.0247,1062300
2023-10-13,191.7186,193.9997,190.6256,190.9868,752100
2023-10-16,192.5265,199.7596,191.9182,197.2694,2043100
2023-10-17,196.1953,199.8261,196.1953,197.5355,1021600
2023-10-18,196.1573,196.8226,193.2203,193.3629,911000
2023-10-19,195.3399,195.8816,190.0173,190.1788,1226300
2023-10-20,190.483,193.2013,189.6656,191.7091,1246400
2023-10-23,190.445,191.557,186.6716,187.1469,1450700
2023-10-24,188.335,189.1809,184.7137,186.5196,1667800
2023-10-25,176.8343,185.341,174.0209,176.5872,2553600
2023-10-26,176.8914,180.313,175.3991,176.1215,1706700
2023-10-27,175.0284,177.5281,174.6577,175.3896,1202100
2023-10-30,176.2925,180.18,175.4751,178.279,1127800
2023-10-31,178.9348,182.4136,178.4501,181.3395,989600
2023-11-01,182.0904,183.2594,179.6382,180.7692,958900
2023-11-02,182.4731,184.7323,181.8892,183.6602,1215300
2023-11-03,186.4075,187.4509,185.5651,186.2448,985900
2023-11-06,186.149,187.6519,184.3015,186.934,1428500
2023-11-07,186.082,186.9244,184.7515,186.0916,1037800
2023-11-08,187.1637,187.6041,185.9193,186.4841,1504400
2023-11-09,187.2977,187.6232,184.895,185.5268,918700
2023-11-10,186.2639,188.7624,185.5364,188.4656,1214300
2023-11-13,187.5945,190.8396,187.3935,190.562,1598400
2023-11-14,193.1753,197.6649,192.8307,195.3962,1314400
2023-11-15,196.1428,200.1921,196.1428,198.1627,1253900
2023-11-16,199.1104,200.0581,196.9087,199.4358,1187900
2023-11-17,201.0249,202.5756,199.3305,202.0204,1219300
2023-11-20,201.5131,203.4755,199.6943,203.0543,1682800
2023-11-21,202.7671,204.1934,200.6037,203.9924,1169300
2023-11-22,205.0262,205.39,203.3797,204.7678,923900
2023-11-24,205.055,206.8738,204.2796,206.6344,606000
2023-11-27,205.4379,205.6389,202.1066,202.8245,1619200
2023-11-28,203.5616,205.9165,203.2075,203.3223,988600
2023-11-29,203.8297,206.2898,202.748,205.8878,972200
2023-11-30,206.845,209.1425,205.1603,208.8361,2078800
2023-12-01,212.512,217.2505,210.7124,216.791,1385700
2023-12-04,216.0443,219.4426,215.3934,218.2843,1444400
2023-12-05,216.9441,217.2696,213.9575,214.3404,921900
2023-12-06,215.4891,218.964,214.3021,218.3322,1877300
2023-12-07,219.2511,219.3182,215.6327,217.6717,924800
2023-12-08,217.7387,217.911,211.4303,211.5548,1480600
2023-12-11,212.4546,213.431,211.4016,212.2727,1106000
2023-12-12,212.5886,213.5842,211.5739,212.7705,1066200
2023-12-13,212.244,218.0546,210.8464,217.8823,1012300
2023-12-14,218.1503,223.8939,217.3845,223.779,1537100
2023-12-15,220.7923,224.7171,220.7062,222.3431,1920200
2023-12-18,223.578,225.9424,222.1516,222.2665,841900
2023-12-19,222.5058,223.8938,220.9168,223.6354,916000
2023-12-20,221.5581,225.6169,219.7106,219.9595,793100
2023-12-21,219.7489,224.6309,219.7489,224.4012,927500
2023-12-22,224.9181,226.4593,223.5875,224.114,793300
2023-12-26,224.1236,227.4836,224.0566,226.2392,927900
2023-12-27,225.1287,226.5359,224.6692,225.4638,648200
2023-12-28,225.8754,226.8231,225.3489,226.421,552100
2023-12-29,226.3923,227.0911,225.1192,226.2775,686600
2024-01-02,225.502,228.0579,224.2289,225.5882,711100
2024-01-03,225.5116,225.5116,222.0751,223.0132,841400
2024-01-04,222.8313,223.4344,220.9742,221.1465,932800
2024-01-05,221.2039,221.9985,218.6768,219.232,1247600
2024-01-08,218.8012,220.1222,216.4176,219.8925,1299400
2024-01-09,218.2364,218.9927,216.5899,217.9205,993000
2024-01-10,217.3175,219.1267,216.6091,219.0693,657600
2024-01-11,218.2556,218.2556,214.8286,216.9155,790700
2024-01-12,218.112,219.95,216.5804,219.7202,629300
2024-01-16,218.7438,220.486,217.0973,219.299,1067600
2024-01-17,215.5466,218.763,214.9052,216.4751,1055700
2024-01-18,216.7623,226.2009,215.5465,224.248,2866700
2024-01-19,224.6884,225.8945,222.7547,224.047,1416600
2024-01-22,229.4364,231.6189,226.9571,229.8767,1669700
2024-01-23,231.4945,232.289,228.862,231.2361,1642100
2024-01-24,232.0401,232.0401,226.3923,226.938,1267300
2024-01-25,228.6036,229.5991,225.1766,227.6846,2550600
2024-01-26,222.927,225.1383,217.5089,224.248,3665600
2024-01-29,221.7496,229.0056,219.5671,228.2207,2765200
2024-01-30,226.7752,228.2685,224.4778,226.7274,1798600
2024-01-31,227.6942,228.6993,225.0043,225.1862,1740400
2024-02-01,241.0047,246.2808,238.0297,245.732,4001300
2024-02-02,244.2108,244.5574,239.1177,241.7365,2538100
2024-02-05,241.4669,243.4598,239.0406,239.2332,1252400
2024-02-06,239.2429,244.0664,238.7903,242.4874,952200
2024-02-07,243.0458,243.8161,240.7833,241.2262,1103800
2024-02-08,241.4862,244.9233,241.4862,244.5959,975200
2024-02-09,244.7885,246.8199,244.2493,245.3469,929200
2024-02-12,245.1736,245.6454,242.7089,244.4708,710400
2024-02-13,242.603,242.9784,239.031,240.9566,977900
2024-02-14,241.6209,244.6922,241.101,242.8725,1572100
2024-02-15,243.7872,247.4362,243.7872,244.8751,1520300
2024-02-16,244.0568,244.9618,241.8809,242.6607,1154900
2024-02-20,246.3964,248.1583,241.9868,244.3456,1535100
2024-02-21,251.6339,251.6435,246.2326,248.0331,1347200
2024-02-22,247.9657,248.5433,246.3386,246.6563,1401400
2024-02-23,247.2532,249.5158,246.4734,248.4086,1207100
2024-02-26,247.1088,249.2077,244.0568,245.0773,1573800
2024-02-27,244.75,246.5119,242.7955,243.0843,1461500
2024-02-28,242.8725,245.732,242.0638,244.1145,1083200
2024-02-29,244.8077,246.3386,243.4887,243.9509,1490300
2024-03-01,243.4887,248.2545,243.4406,247.9079,1070300
2024-03-04,249.1114,251.0851,247.9946,249.5254,830900
2024-03-05,249.381,251.0081,246.7044,247.7731,808000
2024-03-06,247.3302,249.0729,244.6537,244.9232,1754900
2024-03-07,246.406,247.3784,245.0292,245.8572,1088600
2024-03-08,246.3001,250.1993,246.3001,249.8816,882300
2024-03-11,249.6602,250.103,246.2519,248.6493,839200
2024-03-12,248.3123,251.7302,247.9176,251.0947,807800
2024-03-13,250.1801,253.8483,249.535,253.338,1125900
2024-03-14,251.7109,252.7315,245.5876,248.8611,1385500
2024-03-15,245.8861,249.044,245.6165,246.3097,2068800
2024-03-18,246.6948,248.0427,246.0016,246.6852,736600
2024-03-19,247.1281,248.4471,245.7031,247.051,664100
2024-03-20,248.3989,251.8361,246.6082,251.5087,962400
2024-03-21,252.4715,253.0781,247.8983,248.1968,1463100
2024-03-22,248.5626,249.2462,244.5959,244.6633,910400
2024-03-25,243.1132,244.5382,236.3737,238.7999,2349200
2024-03-26,238.7711,241.6691,236.4604,238.0201,1515200
2024-03-27,239.4932,242.5933,238.5593,242.3526,954300
2024-03-28,243.171,246.2519,241.0625,245.3854,1001300
2024-04-01,244.9425,245.087,241.178,242.6222,619400
2024-04-02,241.3321,242.8244,240.2923,241.4284,718500
2024-04-03,241.7172,244.5189,241.1973,242.4585,629500
2024-04-04,244.0375,245.9149,237.7794,239.2621,705700
2024-04-05,239.7916,241.3225,238.6363,240.7255,668900
2024-04-08,241.4187,242.8533,240.3597,240.947,861900
2024-04-09,243.431,246.9067,240.6774,243.9605,1296100
2024-04-10,237.5483,241.3513,236.2101,240.3597,1077800
2024-04-11,240.5907,242.2371,237.2787,240.4367,751300
2024-04-12,237.9334,239.6087,234.9007,236.5952,1090600
2024-04-15,242.0734,242.0734,234.7274,236.4315,857800
2024-04-16,236.1138,236.9129,233.0521,233.8705,823400
2024-04-17,233.8705,234.2267,230.183,230.4333,1011100
2024-04-18,232.8114,235.0354,230.8377,231.3287,922200
2024-04-19,233.5432,234.9199,231.4058,232.3011,963400
2024-04-22,232.9462,237.1151,230.7703,235.5072,976100
2024-04-23,236.0657,237.972,234.9007,235.9116,1148600
2024-04-24,231.0206,232.7825,223.5109,227.4295,2577900
2024-04-25,228.1804,233.3602,224.3678,231.8679,1854400
2024-04-26,229.2491,233.6105,229.2491,231.011,1461100
2024-04-29,231.0592,233.6972,229.0662,232.4552,1385000
2024-04-30,231.0592,234.8911,220.7573,221.749,3569800
2024-05-01,221.2772,225.4557,219.6212,221.9993,1618500
2024-05-02,223.5101,228.5074,221.1858,226.4252,1643100
2024-05-03,229.5242,230.0085,226.5995,228.12,1072700
2024-05-06,229.3306,229.4661,221.9993,223.2002,1605600
2024-05-07,225.3018,225.8441,223.0549,224.9919,1296300
2024-05-08,222.9968,226.0571,222.9968,224.8175,1182700
2024-05-09,213.0411,220.1011,213.0411,219.1908,4719200
2024-05-10,220.6338,223.2099,219.2199,223.0259,1986700
2024-05-13,223.6166,224.4979,223.0065,223.6941,2171900
2024-05-14,225.1371,225.1371,219.3845,222.6869,1831400
2024-05-15,224.5948,224.9628,222.9872,224.0621,1501300
2024-05-16,223.8975,225.2243,221.8637,225.2146,1290100
2024-05-17,226.0572,226.3477,223.4617,224.1687,1310800
2024-05-20,223.9072,224.3236,221.825,223.0646,850100
2024-05-21,221.8444,222.9484,217.2636,217.6219,901600
2024-05-22,217.2151,226.2121,217.2151,223.3455,1777000
2024-05-23,224.9822,225.1662,218.416,219.1617,1111000
2024-05-24,218.9293,219.7331,217.5057,219.7041,784900
2024-05-28,219.3748,219.4813,214.9199,215.7818,881600
2024-05-29,214.0289,214.087,211.7337,212.1017,1063500
2024-05-30,212.2663,213.8643,211.5206,213.719,974000
2024-05-31,213.8256,217.8447,213.0508,217.7091,1934200
2024-06-03,219.0262,219.1424,214.3679,216.7309,980900
2024-06-04,217.0311,218.7259,214.4938,214.7165,1041600
2024-06-05,216.6147,216.9343,213.4672,216.2564,569600
2024-06-06,216.4985,218.1158,215.3267,217.6122,760800
2024-06-07,217.3701,219.6944,215.4816,217.0021,781500
2024-06-10,216.9246,218.5613,216.5082,218.0093,752500
2024-06-11,216.2758,218.3483,216.0918,217.835,999500
2024-06-12,220.1883,222.4448,216.237,217.0602,944400
2024-06-13,216.0917,216.0917,213.196,214.8424,843300
2024-06-14,213.0605,214.0676,209.8839,212.9636,925800
2024-06-17,211.8693,214.978,211.4335,213.9321,807200
2024-06-18,214.5422,215.4913,213.9321,214.9393,801200
2024-06-20,213.9999,218.0771,213.8837,217.4185,798500
2024-06-21,218.2417,218.2417,215.3654,217.7769,1231000
2024-06-24,218.1545,221.7378,211.5497,211.7821,1893600
2024-06-25,206.4653,208.7024,200.1897,206.6396,2823600
2024-06-26,208.1988,208.1988,205.0416,205.7873,1521300
2024-06-27,206.136,206.5718,202.2331,203.2791,2031500
2024-06-28,204.1991,208.3731,203.5502,207.918,1584800
2024-07-01,208.1213,209.5353,205.4678,207.3078,749300
2024-07-02,207.3272,208.7799,206.9786,208.7508,1051100
2024-07-03,208.4312,210.5715,207.9276,209.4772,410000
2024-07-05,209.6999,210.3004,207.2885,209.0511,945700
2024-07-08,206.4168,208.2472,205.1482,207.4918,1120400
2024-07-09,206.0392,207.6081,204.2378,207.0076,1288300
2024-07-10,207.4918,208.7992,206.5427,208.0535,1035000
2024-07-11,209.3319,214.2032,208.3053,213.9708,1200900
2024-07-12,214.6294,216.4501,213.9514,214.3679,942800
2024-07-15,215.1717,221.825,214.3291,220.5757,1058400
2024-07-16,221.0599,228.3233,221.0599,227.3839,1133400
2024-07-17,226.5704,228.7979,225.5923,227.0547,1056900
2024-07-18,225.9603,227.045,222.9291,223.1131,991400
2024-07-19,224.6239,224.6239,219.2489,220.7597,1205000
2024-07-22,221.9703,223.2099,218.1255,220.8372,897800
2024-07-23,219.675,220.3142,216.8472,217.2055,840000
2024-07-24,217.1861,217.496,213.1767,214.3582,1539900
2024-07-25,216.082,222.2995,213.5738,215.869,2155100
2024-07-26,234.3665,242.0464,233.0107,239.4219,2993300
2024-07-29,239.6737,242.1917,237.7271,239.8189,2284700
2024-07-30,239.8867,243.1892,236.8651,241.8333,1227900
2024-07-31,241.1748,244.6516,239.1507,241.6881,918300
2024-08-01,242.4531,243.4022,236.962,238.6858,959200
2024-08-02,238.0042,238.0042,231.1195,237.0304,1255000
2024-08-05,235.4334,235.4821,228.2857,233.3981,1630500
2024-08-06,233.9143,240.3023,233.6221,237.4589,940800
2024-08-07,237.4588,240.5847,233.3494,233.6903,909900
2024-08-08,234.1285,236.9622,233.2618,235.6866,625200
2024-08-09,235.2678,235.5113,231.4116,233.3397,710900
2024-08-12,233.8461,234.5862,230.0483,230.9637,719700
2024-08-13,231.6843,233.2618,228.9966,233.0963,705900
2024-08-14,233.0768,236.4364,231.1584,235.6281,929100
2024-08-15,238.2086,238.9877,234.2453,234.8296,1022100
2024-08-16,234.3817,235.0925,232.882,234.1382,853100
2024-08-19,234.8004,235.7645,233.7292,234.8491,636000
2024-08-20,235.3165,236.0663,233.9143,234.4596,628900
2024-08-21,235.6378,236.8648,232.6191,235.1996,803900
2024-08-22,235.3165,235.5989,230.2139,230.8858,1178700
2024-08-23,232.3075,234.518,231.6843,234.3427,637100
2024-08-26,235.6573,237.5173,234.1577,236.0176,772200
2024-08-27,235.7547,243.1653,234.5959,242.3668,1570700
2024-08-28,242.2012,244.9376,241.2372,243.7301,1219500
2024-08-29,245.5219,247.1773,242.7466,245.4147,824400
2024-08-30,245.999,249.787,245.4245,249.4462,1453500
2024-09-03,248.0537,249.7481,246.7293,247.8882,1300100
2024-09-04,248.5796,253.1369,248.5017,252.8837,1289900
2024-09-05,253.429,253.8575,245.0934,246.1353,1039100
2024-09-06,246.1938,247.8492,242.4544,243.4574,732900
2024-09-09,244.1975,251.0238,243.9346,250.0792,1879000
2024-09-10,250.8582,251.871,247.596,250.6245,1112400
2024-09-11,249.0859,250.5758,244.3046,247.1189,1574500
2024-09-12,244.4215,248.19,243.3698,247.9174,1268900
2024-09-13,248.8717,250.1084,239.0169,239.3577,2446600
2024-09-16,241.3248,245.1713,240.0978,240.5945,1137400
2024-09-17,241.5098,242.2499,238.6955,239.7862,1020800
2024-09-18,241.5001,244.9473,240.0004,242.7563,1036700
2024-09-19,245.2589,246.9631,243.584,245.2589,967400
2024-09-20,243.3405,243.3405,240.0491,241.3638,1904400
2024-09-23,241.987,243.1458,239.0266,239.5525,1007100
2024-09-24,239.8349,241.4319,236.8746,240.4581,1223700
2024-09-25,240.536,241.4514,236.7383,236.9233,855600
2024-09-26,238.569,240.0297,237.0304,237.936,872900
2024-09-27,239.4746,243.5743,238.5008,240.0102,889500
2024-09-30,240.536,243.1068,238.1113,241.987,1016000
2024-10-01,240.8866,244.4117,237.9847,241.6364,1316400
2024-10-02,241.5196,244.0709,240.4776,240.5555,968300
2024-10-03,239.6499,240.6626,236.3098,238.4619,1213500
2024-10-04,240.2634,242.8244,239.348,241.4222,1173100
2024-10-07,239.124,241.0327,235.8326,237.3712,681900
2024-10-08,238.939,240.7113,235.9105,236.8259,604700
2024-10-09,238.0042,239.9226,236.6603,238.7345,755800
2024-10-10,238.5203,239.7083,237.1083,239.4649,1235200
2024-10-11,240.2536,243.993,239.4454,243.6132,1039700
2024-10-14,243.0874,247.6837,241.5488,247.187,1012400
2024-10-15,247.4792,250.235,246.7586,247.6642,1077900
2024-10-16,248.5601,252.3871,247.7518,248.9496,690900
2024-10-17,244.8694,245.1421,239.5525,241.7338,1996100
2024-10-18,242.542,246.4469,240.9255,245.7555,1332500
2024-10-21,244.9181,245.7166,241.2079,241.6559,1278400
2024-10-22,250.7998,255.8148,248.1511,253.6043,2406200
2024-10-23,252.7084,253.9354,248.6185,250.2448,1568100
2024-10-24,251.0919,252.5039,245.0934,246.778,1400800
2024-10-25,248.6867,248.9885,244.0514,244.5091,1027400
2024-10-28,245.6192,247.2649,244.7428,246.9436,964700
2024-10-29,246.4275,248.9496,244.5286,245.7945,865000
2024-10-30,245.1421,247.7713,245.0155,246.1159,1075300
2024-10-31,245.1323,247.6837,243.7593,243.8664,1310000
2024-11-01,246.0693,248.233,244.6692,244.8552,749800
2024-11-04,244.7182,245.8539,241.0271,242.4076,1089900
2024-11-05,242.3782,247.2246,241.732,246.833,849600
2024-11-06,260.7847,271.7894,260.7847,271.202,3226400
2024-11-07,269.8607,270.0858,262.7722,265.0436,1341900
2024-11-08,265.3178,270.3698,264.1233,265.9836,1301700
2024-11-11,268.2256,270.6342,264.6422,265.4353,1093400
2024-11-12,264.1429,264.5345,260.4616,261.8519,1153200
2024-11-13,262.2239,264.3387,260.4518,263.624,771600
2024-11-14,261.6463,263.0953,258.1804,259.2182,1223500
2024-11-15,256.8391,260.8239,254.8418,255.7915,1152100
2024-11-18,255.0963,258.5622,254.7047,256.7314,794800
2024-11-19,254.411,255.8502,252.0514,254.2739,981100
2024-11-20,255.1355,256.1635,252.7368,253.5102,922500
2024-11-21,253.5886,259.1888,252.7465,258.7287,1199000
2024-11-22,260.5105,263.7904,259.9231,263.3205,1314400
2024-11-25,265.5919,270.8887,265.259,270.1544,1747400
2024-11-26,268.8229,270.7712,266.0031,270.311,1185800
2024-11-27,270.174,271.4761,269.097,269.6159,626700
2024-11-29,268.2158,271.7502,268.0298,270.076,655600
2024-12-02,268.8718,269.1264,264.5052,267.041,1029100
2024-12-03,266.9626,267.3346,262.4491,264.466,754100
2024-12-04,263.5555,264.3289,259.179,262.0281,848200
2024-12-05,262.5568,262.8799,258.1608,258.4741,725200
2024-12-06,259.7273,260.5399,254.7341,255.3215,754500
2024-12-09,254.734,256.0754,251.0919,251.464,1445000
2024-12-10,250.6611,253.4025,247.2246,250.7199,1426400
2024-12-11,250.5632,251.4738,241.4677,242.0747,2214400
2024-12-12,242.9656,245.1686,240.9292,243.1125,1600800
2024-12-13,243.3377,244.0328,241.0271,241.0662,1068300
2024-12-16,241.0663,241.9181,236.0045,237.7374,1276600
2024-12-17,236.2884,239.8718,235.9261,237.3947,1556000
2024-12-18,237.4535,239.7935,232.5386,232.8225,1759000
2024-12-19,231.5595,234.3205,225.6949,225.7732,1635300
2024-12-20,226.5467,231.7945,225.1858,229.2489,2698700
2024-12-23,229.0629,231.5889,227.8097,230.835,1409200
2024-12-24,231.0798,232.94,229.2,232.94,518700
2024-12-26,231.6868,233.0477,231.4322,232.2155,605500
2024-12-27,230.1497,233.3316,228.8377,230.3259,526200
2024-12-30,228.681,229.4643,226.3509,228.6027,643200
2024-12-31,229.2685,231.491,228.9062,229.7874,942500
2025-01-02,232.5288,232.5288,227.9957,229.6895,1049100
2025-01-03,230.1496,232.0294,228.681,230.9427,1001300
2025-01-06,232.5288,235.3681,231.1385,232.0001,1112300
2025-01-07,233.0183,234.3401,231.0406,232.7833,760800
2025-01-08,230.8742,232.6854,229.3174,231.9511,850300
2025-01-10,228.9552,232.4113,228.1328,229.0433,1022500
2025-01-13,228.9846,233.0183,228.3677,232.3917,894500
2025-01-14,233.5079,234.8296,232.4211,234.2324,960500
2025-01-15,237.7864,238.0703,233.968,235.3289,940800
2025-01-16,235.1821,242.6132,234.389,241.9376,1269900
2025-01-17,242.809,242.809,239.7249,240.2047,1024000
2025-01-21,241.4187,248.2526,241.4187,246.5784,1513400
2025-01-22,245.4525,248.468,243.9153,246.5784,1724200
2025-01-23,250.7982,252.3843,247.0288,250.7786,1567000
2025-01-24,248.3212,250.6318,246.0399,249.3394,1385800
2025-01-27,250.6415,255.7718,247.8022,254.3228,1487500
2025-01-28,251.5717,253.941,246.5588,247.0386,2207200
2025-01-29,259.1986,264.3583,250.7688,251.366,2255100
2025-01-30,254.1662,254.9005,248.8401,251.8164,1415600
2025-01-31,251.7773,254.7928,249.9073,249.9562,1475200
2025-02-03,244.8748,249.1142,242.0845,245.0804,1338600
2025-02-04,245.2469,248.5659,244.7378,247.626,828900
2025-02-05,248.3309,248.6834,246.7449,247.2246,774700
2025-02-06,248.5757,248.5757,244.8944,246.2161,830900
2025-02-07,247.2891,248.4408,244.2967,245.2023,725400
2025-02-10,246.5902,250.3504,246.1079,249.4645,1204000
2025-02-11,249.3563,252.9983,248.6081,252.4373,1036800
2025-02-12,247.2202,252.4176,247.2202,249.937,876500
2025-02-13,249.7303,254.2288,248.6967,253.1952,880400
2025-02-14,253.9138,255.8333,251.512,251.9845,908800
2025-02-18,252.3881,254.5339,250.2717,254.3765,935900
2025-02-19,252.9098,254.0713,244.1293,245.1531,2441000
2025-02-20,244.6806,245.8716,242.3772,245.5074,1208400
2025-02-21,244.8282,245.0743,240.0935,243.8832,1493700
2025-02-24,244.1195,244.7987,239.5127,240.2805,1209400
2025-02-25,241.0581,243.46,238.1937,241.2649,2116600
2025-02-26,240.5364,240.9695,237.9673,238.2724,1142700
2025-02-27,237.8688,240.6743,236.4317,238.3905,876900
2025-02-28,240.3396,242.2591,237.6031,241.9047,1099200
2025-03-03,243.017,245.8027,239.3847,241.3042,1112100
2025-03-04,239.0599,240.0049,234.6894,234.778,1137900
2025-03-05,236.2447,238.1838,233.1144,234.9059,1497600
2025-03-06,234.1874,235.9001,231.9824,234.4728,1178700
2025-03-07,234.522,240.5561,233.5377,238.4299,1221500
2025-03-10,237.2782,242.7906,234.0003,235.3587,1969800
2025-03-11,234.4925,235.0438,228.5569,229.3345,1499500
2025-03-12,226.3913,228.1238,222.0011,227.3461,1893200
2025-03-13,228.0548,228.0548,222.5031,224.1273,1470100
2025-03-14,226.0369,229.5412,224.5604,228.6652,1081000
2025-03-17,228.8325,232.0119,228.2025,230.7224,909800
2025-03-18,231.4607,232.8683,227.9367,230.8799,997600
2025-03-19,230.8799,232.2974,229.2656,230.9882,735200
2025-03-20,229.1278,231.441,228.3698,229.8857,959300
2025-03-21,227.9269,229.0294,225.3873,228.1238,1248300
2025-03-24,231.3623,232.7797,230.5453,231.8643,1294900
2025-03-25,231.441,232.7109,229.679,230.3386,939900
2025-03-26,230.2303,232.071,228.5962,232.071,1276700
2025-03-27,232.5435,233.5279,230.6535,231.5296,1260800
2025-03-28,231.1457,231.2442,226.6964,226.9425,835300
2025-03-31,226.6079,234.4039,226.5783,233.144,1682600
2025-04-01,230.8996,233.0751,228.7439,232.9077,788700
2025-04-02,230.0334,235.5458,230.0334,234.8371,827100
2025-04-03,228.3305,229.1179,216.5576,217.286,2057600
2025-04-04,214.205,216.1245,206.9208,207.6295,2308400
2025-04-07,205.2671,213.7423,198.475,204.7946,2229800
2025-04-08,211.498,212.1575,199.3807,203.1113,1622600
2025-04-09,200.5619,219.1563,199.7744,218.546,3668100
2025-04-10,215.5437,215.5437,207.5705,212.0887,1519800
2025-04-11,211.7244,215.2878,208.604,214.8941,1401100
2025-04-14,217.6404,219.3728,215.8981,217.9357,977000
2025-04-15,217.2073,220.2982,213.9097,214.3133,843200
2025-04-16,212.9746,214.5003,208.919,210.681,1275300
2025-04-17,211.3307,217.9259,211.1437,216.4001,1362700
2025-04-21,214.3133,215.8784,211.4193,215.5142,1496100
2025-04-22,217.6601,218.8512,214.5889,216.5576,1895900
2025-04-23,221.4794,227.5922,218.359,218.4771,1853400
2025-04-24,215.5831,224.8754,213.9294,223.1331,1798700
2025-04-25,220.8986,223.2611,217.0399,218.2409,1306900
2025-04-28,217.6896,220.3474,216.3607,218.2605,958700
2025-04-29,216.6462,221.1545,216.6462,219.865,1053000
2025-04-30,217.857,221.0856,215.5043,220.5442,1111400
2025-05-01,219.9142,221.253,217.2368,218.2999,1088600
2025-05-02,221.5781,223.6084,219.9439,222.202,1051000
2025-05-05,220.4391,223.024,219.6072,220.142,749800
2025-05-06,217.8839,219.221,215.9527,216.5271,1023600
2025-05-07,217.3987,218.8248,216.7846,217.8641,813500
2025-05-08,219.7558,224.5591,217.9038,221.9148,1029100
2025-05-09,221.6771,222.7962,219.8647,221.3503,718600
2025-05-12,230.5707,237.0775,230.1251,236.8101,1491500
2025-05-13,236.2456,238.7612,235.9386,237.9491,1645400
2025-05-14,236.7606,239.2861,235.6316,238.8602,1456500
2025-05-15,238.5829,242.0988,238.5334,241.564,1355400
2025-05-16,242.6435,244.2974,240.9004,243.7329,1090000
2025-05-19,241.1183,242.9307,240.7618,241.4253,894500
2025-05-20,239.9001,243.3764,239.811,241.7323,1525100
2025-05-21,239.3752,240.7915,236.7705,237.1172,1398500
2025-05-22,237.1172,238.6424,234.8987,237.3351,957200
2025-05-23,234.0965,238.1967,234.0965,237.7114,1414600
2025-05-27,240.3161,243.208,238.8008,242.4355,1204400
2025-05-28,243.0892,243.6636,240.0883,240.2072,1070000
2025-05-29,241.0589,244.4262,240.3161,243.931,2178800
2025-05-30,244.3172,247.8232,243.2971,244.7431,2785800
2025-06-02,242.2771,243.1288,239.4941,242.901,1183000
2025-06-03,241.7224,245.9117,241.356,245.5948,1407800
2025-06-04,245.8622,247.0012,243.6537,245.0204,1193700
2025-06-05,245.6047,246.3277,242.8317,244.545,1044000
2025-06-06,248.4966,251.2301,246.7635,248.358,1145000
2025-06-09,249.0017,251.1509,247.5558,248.1599,847200
2025-06-10,249.1008,255.4689,246.5951,250.4873,2161700
2025-06-11,251.1013,251.1013,247.6449,248.9126,1029000
2025-06-12,247.6449,249.2394,246.7635,249.0513,985000
2025-06-13,247.8925,249.7841,245.4661,246.2089,916900
2025-06-16,247.5558,250.2298,246.4268,249.7049,1049000
2025-06-17,248.3877,250.3487,246.9913,248.0114,1333300
2025-06-18,249.0215,251.9333,248.2391,250.4972,1410900
2025-06-20,251.646,253.0623,249.8931,250.7448,1849300
2025-06-23,250.7349,254.3993,249.1998,254.1121,1036000
2025-06-24,255.5185,255.8057,252.5176,254.9836,1193300
2025-06-25,254.3894,254.944,251.8342,252.7553,922100
2025-06-26,253.7952,253.7952,250.111,253.0524,1402800
2025-06-27,253.4386,255.0728,251.7352,253.3495,1905800
2025-06-30,253.4585,254.5182,252.577,253.508,1466200
2025-07-01,253.3198,262.1342,252.9534,259.8563,1309400
2025-07-02,260.2228,260.817,257.7963,259.48,2002600
2025-07-03,259.9059,261.2825,259.4206,259.9752,928500
2025-07-07,258.9254,259.8068,256.3107,257.4893,870300
2025-07-08,256.7961,260.8764,256.1622,258.6877,1222100
2025-07-09,259.0541,259.8761,257.5388,257.5388,941900
2025-07-10,257.6577,262.4511,256.7564,260.609,902900
2025-07-11,258.4896,265.4123,258.45,264.006,1718300
2025-07-14,262.8968,262.9463,258.4896,260.3615,1553800
2025-07-15,260.3614,260.3614,256.7762,256.9941,1120000
2025-07-16,258.4896,258.8461,255.0134,257.8162,1083500
2025-07-17,261.5598,267.819,261.4706,267.2148,3024600
2025-07-18,275.3558,277.3068,271.1269,273.999,6134200
2025-07-21,275.4945,276.6037,273.2067,274.7121,1689100
2025-07-22,277.0295,278.4854,274.2961,277.5644,2041800
2025-07-23,277.812,278.4755,275.6727,277.5742,1703500
2025-07-24,285.2299,285.3388,272.6025,275.3261,5379400
2025-07-25,274.8408,280.7335,272.9194,279.6639,4530300
2025-07-28,279.6342,285.2101,279.4064,283.6651,3822100
2025-07-29,272.7709,280.179,271.3646,275.029,9749600
2025-07-30,276.2868,281.2585,275.5737,276.3165,5866700
2025-07-31,274.712,277.6436,274.1376,275.3261,3690900
2025-08-01,273.5148,275.0872,271.7931,273.5347,2727400
2025-08-04,275.2166,279.1676,274.3806,276.789,3123800
2025-08-05,277.0677,278.7198,276.1223,278.5307,1778300
2025-08-06,279.2074,284.2333,277.7743,281.5959,2281200
2025-08-07,283.0688,284.0939,277.9932,279.1278,2187500
2025-08-08,280.0633,282.0637,278.1226,278.6899,1295400
2025-08-11,278.7198,279.705,275.5052,276.9881,1280900
2025-08-12,278.451,279.0581,275.754,276.9084,1650900
2025-08-13,277.0279,281.3471,276.0028,280.4912,1520400
2025-08-14,279.8941,281.3073,277.6947,281.1481,1761800
2025-08-15,281.3471,282.0239,279.1377,279.3965,1939900
2025-08-18,278.1525,279.9041,277.4757,278.451,1392300
2025-08-19,278.9984,286.1142,278.9984,284.1636,2127000
2025-08-20,283.8849,287.2587,283.7257,284.1238,1742900
2025-08-21,283.6759,284.0541,281.8049,282.9892,1899600
2025-08-22,284.9996,290.2941,268.0212,283.238,4575300
2025-08-25,283.1186,283.1186,274.0821,276.0626,2649500
2025-08-26,273.674,275.5749,272.4002,275.346,2275300
2025-08-27,275.0375,275.6147,270.7779,271.0467,2525300
2025-08-28,277.4658,279.4164,274.9578,276.4706,3031700
2025-08-29,276.172,278.7795,276.172,278.6402,1543100
2025-09-02,276.6398,277.3364,273.8333,276.9184,1718700
2025-09-03,276.8886,278.2719,275.1967,276.8587,2085400
2025-09-04,277.2269,278.9387,275.9232,278.4212,923300
2025-09-05,278.4809,278.8989,275.2763,276.4208,1302000
2025-09-08,275.6744,276.4507,273.5148,274.2711,1946200
2025-09-09,274.1716,275.3062,272.022,272.1414,1362800
2025-09-10,271.1164,272.6987,266.9464,271.0566,1979400
2025-09-11,270.5988,274.301,270.5789,272.6888,1447200
2025-09-12,272.5494,274.9081,272.4499,273.4053,2243800
2025-09-15,275.6744,276.1322,273.465,275.8336,1169500
2025-09-16,276.6696,279.6453,276.2815,276.7592,1707100
2025-09-17,277.6151,278.7695,275.2265,276.6696,2854900
2025-09-18,277.0478,281.7651,276.4308,281.3272,1095400
2025-09-19,282.4419,283.3973,281.2576,282.3523,2712300
2025-09-22,283.3276,293.3693,281.6059,289.1595,2918200
2025-09-23,289.6074,292.2348,288.4231,290.6822,1734400
2025-09-24,291.0505,294.9617,291.0505,291.9163,2405200
2025-09-25,292.5035,294.1257,292.1353,293.1603,1666900
2025-09-26,293.2698,296.9919,291.9262,296.0663,1835400
2025-09-29,295.8076,299.47,295.8076,298.1862,1118000
2025-09-30,297.5691,299.1615,297.2407,298.9724,1089400
2025-10-01,297.7482,299.3605,295.7777,297.2506,1594800
2025-10-02,297.8776,300.0273,296.2057,296.8725,1292900
2025-10-03,296.8824,300.7936,296.8824,298.7136,1839400
2025-10-06,299.9974,300.087,297.1412,298.216,2076600
2025-10-07,298.5146,299.3903,293.3992,294.4441,912200
2025-10-08,293.5783,296.1161,291.5481,295.2005,886400
2025-10-09,296.1062,296.1062,293.0608,293.4788,926400
2025-10-10,294.3048,296.146,286.9303,286.99,925800
2025-10-13,288.1146,290.0254,286.4128,288.1843,1057300
2025-10-14,286.3033,290.7121,285.6266,288.9207,745600
2025-10-15,289.0202,290.324,287.0497,288.3136,938200
2025-10-16,290.0553,290.0553,285.9749,287.1094,1115800
2025-10-17,288.1743,291.1699,287.8558,288.3932,991300
2025-10-20,288.1843,291.4884,288.1146,289.7567,1348100
2025-10-21,288.7217,290.6822,287.5971,288.3932,993100
2025-10-22,288.8212,291.14,287.1592,287.2487,1232100
2025-10-23,287.2587,288.234,282.0537,282.4717,1124000
2025-10-24,282.1234,283.7157,278.5804,279.1577,1466700
2025-10-27,280.6007,281.2277,278.7297,280.2922,1086300
2025-10-28,281.3571,283.2579,278.9686,279.0581,1535300
2025-10-29,278.66,280.1529,277.0777,278.1923,1048500
2025-10-30,278.2918,282.0537,278.1525,280.2723,816700
2025-10-31,279.0681,283.1684,278.1624,282.0239,1062600
2025-11-03,281.0884,282.6409,280.1827,280.8197,1558800
2025-11-04,280.2026,282.7504,279.0681,282.4419,1420000
2025-11-05,281.6756,283.3177,279.4164,279.4264,878600
2025-11-06,278.9387,281.6059,278.471,280.75,1088100
2025-11-07,281.02,284.28,281.02,284.25,1090400
2025-11-10,283.39,287.71,282.97,286.92,1369200
2025-11-11,287.97,288.41,286.34,287.57,727500
2025-11-12,286.6,289.63,286.35,286.49,960100
2025-11-13,286.05,286.58,283.0,283.53,1295500
2025-11-14,283.37,286.03,282.64,283.98,2086700
2025-11-17,283.98,285.23,281.41,281.41,1568400
2025-11-18,281.37,282.75,280.14,280.74,2076600
2025-11-19,281.4,283.0,280.47,281.77,1505100
2025-11-20,283.29,285.63,280.09,280.22,2600400
2025-11-21,281.58,286.96,281.26,286.29,1337500
2025-11-24,286.53,287.08,282.3,283.11,2112500
2025-11-25,285.14,289.67,285.01,289.06,1022500
2025-11-26,289.06,291.57,288.77,290.03,951200
2025-11-28,289.67,293.28,288.88,292.09,453400
2025-12-01,291.36,294.0,289.77,289.83,1592500
2025-12-02,289.82,292.53,287.42,291.75,2389900
2025-12-03,292.09,295.25,290.71,294.05,1479200
2025-12-04,293.21,295.96,292.89,295.13,1553500
2025-12-05,293.7,295.59,293.31,294.19,1045100
2025-12-08,295.01,296.03,292.64,293.0,967800
2025-12-09,292.39,292.67,289.47,289.53,1704000
2025-12-10,289.71,295.8,289.71,294.26,1652500
2025-12-11,292.42,294.59,291.32,294.06,1946500
2025-12-12,295.31,297.89,294.17,296.98,1690100
2025-12-15,298.0,299.84,295.91,299.49,1570100
2025-12-16,299.54,300.42,293.72,294.0,2334400
2025-12-17,294.0,295.66,293.02,294.43,1118600
2025-12-18,294.82,296.6,291.21,291.83,1274200
2025-12-19,291.05,293.08,289.2,291.41,1368300
2025-12-22,291.52,292.67,289.27,291.6,1017100
2025-12-23,291.53,292.44,290.67,291.88,1069800
