date,open,high,low,close,volume
2005-01-03,14.4495,14.5046,13.8743,13.8853,6142000
2005-01-04,13.888,14.2513,13.6954,13.7945,6182400
2005-01-05,13.9954,14.188,13.5825,13.6734,3940800
2005-01-06,13.6734,13.6789,13.2247,13.5413,7530800
2005-01-07,13.7752,13.9128,13.3761,13.577,5010200
2005-01-10,13.7064,13.9156,13.6238,13.7394,3919200
2005-01-11,13.7394,13.7394,12.9495,13.3101,7262800
2005-01-12,13.3789,13.5495,12.9935,13.5495,7169800
2005-01-13,13.5688,14.0642,13.4284,13.8743,8174000
2005-01-14,14.3119,14.5046,14.2046,14.3945,6081000
2005-01-18,14.1468,14.5293,14.0119,14.2926,4002400
2005-01-19,14.2706,14.389,14.133,14.1935,3048000
2005-01-20,14.188,14.188,13.9101,13.9789,3343000
2005-01-21,14.0504,14.5211,14.0504,14.2046,4232000
2005-01-24,14.3119,14.488,14.0835,14.0972,3050400
2005-01-25,14.422,14.9119,14.422,14.6284,7506000
2005-01-26,14.7027,14.8844,14.2073,14.5734,7670800
2005-01-27,14.6422,15.044,14.4963,14.9587,10761400
2005-01-28,15.0413,15.2339,14.9284,15.1101,6813400
2005-01-31,14.6009,15.8477,14.5926,15.4568,10144000
2005-02-01,15.5257,15.6357,15.2146,15.4183,5268200
2005-02-02,15.4871,15.6192,15.3825,15.5669,3688400
2005-02-03,15.344,16.0541,15.0275,15.6853,6988200
2005-02-04,15.688,15.8504,15.055,15.5642,6489800
2005-02-07,15.688,16.0018,15.5779,15.6825,5748200
2005-02-08,15.6853,15.8036,15.5229,15.6963,3567000
2005-02-09,15.7376,15.7541,15.1238,15.1651,4530200
2005-02-10,15.2614,15.644,15.1293,15.5587,3500400
2005-02-11,15.5614,15.7486,15.3302,15.6633,3381600
2005-02-14,15.7321,16.0844,15.7156,15.8339,4084400
2005-02-15,15.9908,16.0596,15.5504,15.6165,4669800
2005-02-16,15.633,16.555,15.6165,16.4257,8273600
2005-02-17,16.4834,16.5412,16.1312,16.1752,4403800
2005-02-18,16.2798,16.7477,16.2275,16.5825,4378600
2005-02-22,16.5137,16.9266,15.8752,15.9908,6384000
2005-02-23,16.3073,16.4312,16.0954,16.2935,4360600
2005-02-24,16.3623,17.0146,16.3568,16.9734,6021200
2005-02-25,16.9871,17.5844,16.9871,17.4467,4649000
2005-02-28,17.4495,17.6724,16.9926,17.1578,5138800
2005-03-01,17.2706,17.2761,16.555,16.5963,7863000
2005-03-02,16.4862,16.899,16.1422,16.8082,6088800
2005-03-03,16.9266,17.0146,16.6183,16.6789,3613200
2005-03-04,16.9266,17.6807,16.8688,17.5678,7847000
2005-03-07,17.2844,17.4192,17.0201,17.0284,6086000
2005-03-08,16.9678,16.9706,16.2633,16.4724,9950800
2005-03-09,16.7807,16.8275,16.1614,16.2,6971800
2005-03-10,16.2,16.3486,15.5642,15.8669,7622800
2005-03-11,16.789,17.2513,16.6458,17.2156,13581600
2005-03-14,17.2018,17.2045,16.6789,17.0119,6901000
2005-03-15,17.0614,17.5651,16.8715,17.3311,6046200
2005-03-16,17.2431,17.2458,16.5192,16.7945,9790000
2005-03-17,16.8633,17.133,16.6981,17.0642,4847600
2005-03-18,17.0642,17.1743,16.7422,16.9678,4504000
2005-03-21,17.2623,17.6146,16.9486,17.4302,6834800
2005-03-22,17.4991,18.0357,17.1605,17.2376,8210400
2005-03-23,17.2403,17.422,16.7779,16.8357,6131800
2005-03-24,17.0367,17.2568,16.9403,16.9899,3566800
2005-03-28,16.9816,17.0642,16.5633,16.6018,6222400
2005-03-29,16.6239,16.6875,15.4908,15.5378,13999800
2005-03-30,15.6704,15.944,15.3609,15.8362,10898200
2005-03-31,16.0297,16.2342,15.8501,15.9081,6981000
2005-04-01,15.9468,16.3033,15.8501,16.1403,6092800
2005-04-04,16.1264,16.2259,15.7091,15.9883,5641600
2005-04-05,16.2093,16.4028,15.8915,15.9799,5296200
2005-04-06,15.8086,16.1098,15.698,15.9578,5053400
2005-04-07,16.0021,16.0933,15.6732,15.8362,4847800
2005-04-08,15.5599,15.64,15.2227,15.2752,7952000
2005-04-11,15.2752,15.477,15.1232,15.3028,5304600
2005-04-12,15.2006,15.5599,15.0762,15.4908,8640000
2005-04-13,15.4548,15.4908,14.4267,14.4654,11734400
2005-04-14,14.0951,14.2858,13.6114,13.7911,15286400
2005-04-15,13.8159,14.1365,13.3599,13.4843,12673000
2005-04-18,13.6114,14.4461,13.5838,14.2802,11118400
2005-04-19,14.3576,14.8026,14.3576,14.7225,7716600
2005-04-20,14.7225,14.7225,14.3051,14.3079,5749800
2005-04-21,14.634,14.9214,13.9597,14.8137,9858400
2005-04-22,14.7031,15.0679,14.482,14.6893,5846200
2005-04-25,14.8413,15.0652,14.6838,14.7446,6261200
2005-04-26,14.7584,14.8938,14.2277,14.2609,7625600
2005-04-27,14.2609,14.2885,13.6363,13.9237,9007600
2005-04-28,13.8187,14.2581,13.7386,13.7551,7848400
2005-04-29,13.9569,14.1227,13.6612,14.1227,7928600
2005-05-02,14.1227,14.1504,13.8685,14.0951,5514800
2005-05-03,13.9293,14.3024,13.921,14.1365,5811000
2005-05-04,14.178,14.7169,14.1642,14.5649,5191000
2005-05-05,14.6008,14.7307,14.3079,14.4571,4671400
2005-05-06,14.7031,14.8634,14.6478,14.7915,4588800
2005-05-09,14.7584,14.9657,14.5677,14.8275,4218200
2005-05-10,14.0951,14.5096,14.0426,14.1006,7570800
2005-05-11,14.1642,14.3853,13.9099,14.3383,6112000
2005-05-12,14.2747,14.3383,13.2383,13.5175,13332800
2005-05-13,13.4871,13.6999,13.0227,13.2549,11343200
2005-05-16,13.2107,13.5755,13.0034,13.5451,5690000
2005-05-17,13.5009,13.9983,13.4926,13.9293,7188400
2005-05-18,14.0674,14.8137,14.0315,14.576,8709400
2005-05-19,14.5732,14.576,14.2637,14.388,5005800
2005-05-20,14.33,14.5041,14.1614,14.2637,4436000
2005-05-23,14.236,14.5787,14.189,14.4378,4483000
2005-05-24,14.4461,14.5179,14.2803,14.3024,4446200
2005-05-25,14.0674,14.2333,13.7192,14.1227,8653000
2005-05-26,14.2471,14.6091,14.2056,14.6009,6735000
2005-05-27,14.9518,15.1232,14.7584,14.8634,6453000
2005-05-31,14.6893,14.7142,14.529,14.6368,5926000
2005-06-01,14.5787,15.0873,14.5787,14.985,4761600
2005-06-02,14.7915,15.2669,14.7915,14.9463,4346600
2005-06-03,15.0845,15.2724,14.7971,14.8717,3857400
2005-06-06,14.9242,14.9933,14.5898,14.6174,5025400
2005-06-07,14.3715,14.775,14.3438,14.5566,5988400
2005-06-08,14.5428,14.6561,14.3024,14.3245,5482200
2005-06-09,14.3217,14.3991,13.9873,14.2194,6166400
2005-06-10,14.0813,14.3466,14.0536,14.2139,5147400
2005-06-13,14.1448,14.4157,14.0232,14.2692,4962200
2005-06-14,14.2139,14.2664,14.0398,14.1476,3954200
2005-06-15,14.1642,14.7031,14.1642,14.6727,6753600
2005-06-16,14.6478,15.0099,14.5677,14.8413,7347600
2005-06-17,15.0486,15.1868,14.8966,15.0237,5475800
2005-06-20,14.8772,14.938,14.5539,14.6285,4440200
2005-06-21,14.1642,14.4433,13.9624,14.0066,11110200
2005-06-22,14.0011,14.1089,13.7496,13.8132,5197800
2005-06-23,13.6667,13.6805,13.0504,13.1278,8303400
2005-06-24,13.1195,13.3074,12.8238,12.8514,7372200
2005-06-27,12.8597,13.0891,12.7961,12.8707,5258200
2005-06-28,13.282,13.4626,13.1458,13.2459,5366400
2005-06-29,13.3098,13.4265,13.0375,13.0792,4925600
2005-06-30,13.3376,13.3376,12.6568,12.6762,8165800
2005-07-01,12.8513,13.0597,12.7096,12.8985,3612200
2005-07-05,12.8958,13.1986,12.8624,13.1847,5005000
2005-07-06,13.2403,13.5376,13.0125,13.2987,5999000
2005-07-07,13.2542,13.4682,13.118,13.432,9246400
2005-07-08,13.4765,13.6849,13.4181,13.6599,6661400
2005-07-11,13.6432,14.0739,13.6432,14.0322,5617200
2005-07-12,13.9489,14.0433,13.7405,13.8933,6576800
2005-07-13,13.7544,14.0795,13.7432,14.0406,4434800
2005-07-14,14.1712,14.2267,13.7627,13.7683,5428200
2005-07-15,13.9211,13.9544,13.6488,13.8183,5025600
2005-07-18,13.7405,13.9794,13.6154,13.8655,4379400
2005-07-19,13.9072,14.4212,13.7127,14.324,7328400
2005-07-20,14.2239,15.0714,14.2045,14.9631,8717200
2005-07-21,14.7269,15.2604,14.6991,15.102,9414200
2005-07-22,15.4354,15.6939,15.1854,15.3715,7310400
2005-07-25,15.3854,15.5271,15.052,15.0881,4511600
2005-07-26,15.0826,15.6438,14.7297,15.4327,7424200
2005-07-27,15.4327,15.5188,15.1048,15.3243,5179800
2005-07-28,15.4188,15.655,15.3938,15.6161,4162200
2005-07-29,15.5883,15.5883,15.3382,15.4077,4016400
2005-08-01,15.4049,15.5049,15.2465,15.4688,2391000
2005-08-02,15.6994,16.333,15.6994,16.2357,6168600
2005-08-03,16.2357,16.4635,15.9078,15.9495,4519200
2005-08-04,15.9078,15.9773,15.7216,15.8106,3004000
2005-08-05,15.7411,15.9439,15.3771,15.5744,3300600
2005-08-08,15.6383,16.0634,15.6383,15.855,5317200
2005-08-09,16.0245,16.0356,15.7661,15.8356,2961800
2005-08-10,15.8689,16.4747,15.8383,16.094,5457800
2005-08-11,16.1273,16.5191,15.9745,16.2551,3838000
2005-08-12,16.2551,16.3385,15.9078,16.1551,2629400
2005-08-15,16.1551,16.3941,16.0051,16.2718,2719400
2005-08-16,16.2135,16.2635,15.6716,15.68,3753600
2005-08-17,15.68,15.9773,15.6327,15.7494,4290200
2005-08-18,15.6244,15.705,15.2548,15.2965,4254200
2005-08-19,15.3938,15.491,15.2159,15.2882,4327800
2005-08-22,15.4216,15.7467,15.4188,15.5188,3556200
2005-08-23,15.5049,15.5216,14.9603,15.1465,4792400
2005-08-24,15.0214,15.0825,14.7741,14.8603,4444600
2005-08-25,14.8658,15.2215,14.8658,15.0965,3058000
2005-08-26,15.0742,15.1409,14.5685,14.913,4684000
2005-08-29,14.8519,15.5383,14.8297,15.4605,4862400
2005-08-30,15.4605,15.5049,15.202,15.3354,4393200
2005-08-31,15.3354,15.7411,15.3021,15.6939,4048600
2005-09-01,15.8661,16.2135,15.8606,16.0884,5284000
2005-09-02,16.1857,16.2024,15.9495,16.1134,4485200
2005-09-06,16.3079,16.3079,15.9217,16.019,3829000
2005-09-07,16.2968,16.5441,16.2051,16.269,5911800
2005-09-08,16.1996,16.433,16.1412,16.3246,2422600
2005-09-09,16.3496,16.7803,16.1857,16.747,3295600
2005-09-12,17.061,17.061,16.533,16.6636,5424400
2005-09-13,16.5997,16.7053,16.4802,16.5219,3091000
2005-09-14,16.5469,16.6108,16.358,16.3774,3572600
2005-09-15,16.4497,16.6247,16.3524,16.3802,3009400
2005-09-16,16.5219,16.6997,16.5108,16.5886,3509000
2005-09-19,16.6497,16.9193,16.4719,16.5358,3642600
2005-09-20,16.2135,16.4358,15.7161,15.8272,10211400
2005-09-21,15.9078,16.4302,15.9078,16.1107,6035200
2005-09-22,16.1857,16.3218,16.0384,16.2135,3507800
2005-09-23,16.1162,16.6664,16.0078,16.5469,3653400
2005-09-26,16.583,16.872,16.383,16.5052,3566000
2005-09-27,16.3941,16.4608,15.9773,16.2051,3744800
2005-09-28,16.3115,16.4765,16.2051,16.3031,2688200
2005-09-29,16.2779,16.4513,16.0876,16.1604,2978200
2005-09-30,16.1296,16.6528,16.1296,16.5045,3899000
2005-10-03,16.4933,16.6472,16.2163,16.3982,2853000
2005-10-04,16.3982,16.4989,15.9421,15.9673,4539600
2005-10-05,15.7799,15.8358,15.3574,15.3574,6840600
2005-10-06,15.377,15.7715,15.2147,15.4161,4959800
2005-10-07,15.4553,15.9365,15.4553,15.6735,4535000
2005-10-10,15.6679,15.8358,15.3658,15.3798,2567400
2005-10-11,15.4581,15.7211,15.4022,15.4497,4174800
2005-10-12,15.3602,15.5253,14.9349,15.2231,6329600
2005-10-13,14.9433,15.1252,14.5012,14.9041,6810600
2005-10-14,15.0328,15.3042,14.7698,15.2175,4369000
2005-10-17,15.279,15.598,15.2678,15.4357,2415400
2005-10-18,15.4049,15.4077,14.9265,15.1084,5694200
2005-10-19,15.0105,15.57,14.6411,15.5281,4962400
2005-10-20,16.0596,16.2331,15.1252,15.1923,9844200
2005-10-21,15.4581,15.9617,15.2231,15.9058,6213800
2005-10-24,15.9841,16.5269,15.9841,16.5073,5430000
2005-10-25,16.5325,16.9354,16.3702,16.5409,5601200
2005-10-26,16.5409,16.9829,16.4877,16.5884,4004600
2005-10-27,16.5073,16.5073,15.8834,16.1352,4375200
2005-10-28,16.3115,16.8011,16.096,16.7647,5223400
2005-10-31,16.7647,16.9941,16.7199,16.7451,4172800
2005-11-01,16.8151,17.4614,16.7983,17.439,5262600
2005-11-02,17.3942,17.7356,17.3579,17.7216,4710800
2005-11-03,17.7803,17.8894,17.4194,17.4642,4626000
2005-11-04,17.4446,17.4558,16.9326,17.4054,4307600
2005-11-07,17.3187,17.5453,16.9997,17.5229,3375800
2005-11-08,17.4866,17.5901,17.2627,17.4754,2298400
2005-11-09,17.5565,17.9706,17.4586,17.7663,5461800
2005-11-10,17.7663,17.8783,17.2851,17.6376,4604200
2005-11-11,17.6516,18.1692,17.6488,18.144,3087200
2005-11-14,18.172,18.186,17.7244,17.7747,3715800
2005-11-15,17.3942,18.0461,17.2515,17.5621,5926000
2005-11-16,17.5705,17.7495,17.467,17.7104,2994000
2005-11-17,17.8223,18.0909,17.6404,18.0797,3716400
2005-11-18,17.9398,18.0797,17.5957,17.7216,4779600
2005-11-21,17.6264,18.3259,17.6208,18.3091,4174600
2005-11-22,18.0601,18.0741,17.7579,18.0461,5079000
2005-11-23,18.3259,18.726,18.1021,18.3203,5565000
2005-11-25,18.0685,18.519,17.9062,18.4238,1911000
2005-11-28,18.5162,18.6477,18.1552,18.172,4138000
2005-11-29,18.2979,18.8519,18.2923,18.6449,4645600
2005-11-30,18.6896,18.8967,18.407,18.768,4101400
2005-12-01,18.8575,19.3471,18.7792,19.2324,4713200
2005-12-02,19.1597,19.1988,18.8463,19.0394,3250400
2005-12-05,19.1708,19.4171,19.1652,19.2156,3855000
2005-12-06,19.2156,19.6129,19.1373,19.3723,2773000
2005-12-07,19.3723,19.6437,19.1401,19.2352,3995000
2005-12-08,18.9946,19.0086,18.6896,18.9386,4582800
2005-12-09,18.9274,19.0254,18.6756,18.7316,2643600
2005-12-12,18.8015,18.9163,18.6029,18.7568,2509800
2005-12-13,18.3399,18.7288,18.3343,18.712,4431800
2005-12-14,18.6421,18.684,18.4238,18.4434,2748000
2005-12-15,18.4518,18.712,18.3623,18.4602,2687600
2005-12-16,18.5637,19.003,18.4434,18.5329,3147600
2005-12-19,18.5777,18.933,18.2559,18.3399,2391800
2005-12-20,18.3259,18.4406,18.0041,18.3399,3199600
2005-12-21,18.4518,19.0198,18.4518,18.9974,3446000
2005-12-22,19.0813,19.0953,18.4406,18.8127,3602800
2005-12-23,18.8015,19.0394,18.7148,19.0254,1430600
2005-12-27,19.0813,19.0841,18.7596,18.8127,2092200
2005-12-28,18.9003,19.0868,18.8523,18.9935,2215200
2005-12-29,18.9286,19.2082,18.8042,19.1094,2233600
2005-12-30,19.0274,19.0303,18.7308,18.8495,1768800
2006-01-03,19.2111,19.7196,19.0048,19.5953,5824600
2006-01-04,19.649,20.0699,19.4992,19.9032,3819800
2006-01-05,19.6631,19.7987,19.4992,19.7563,3484400
2006-01-06,19.988,20.5389,19.8043,20.327,3707400
2006-01-09,20.2281,20.6519,20.0671,20.4654,3126600
2006-01-10,19.9739,20.5445,19.9174,20.3666,4368600
2006-01-11,20.4541,20.666,20.2875,20.2959,3585800
2006-01-12,20.101,20.2423,19.7479,19.7733,4473600
2006-01-13,19.6913,19.9456,19.5925,19.6264,2713800
2006-01-17,19.6772,20.005,19.649,19.9315,2626600
2006-01-18,19.762,19.8044,19.3382,19.3382,3394200
2006-01-19,19.406,20.1462,19.406,19.9174,3242600
2006-01-20,19.8609,20.0671,19.4512,19.7874,4659200
2006-01-23,19.8326,20.4824,19.8298,20.4541,3848800
2006-01-24,20.6943,21.6464,20.6943,21.4232,7407600
2006-01-25,21.4288,21.8583,21.2311,21.8498,6089800
2006-01-26,22.0023,22.816,21.8667,22.7199,8413400
2006-01-27,23.9432,24.1551,23.1465,24.1551,12525400
2006-01-30,24.1551,24.6495,23.8867,23.9008,9456400
2006-01-31,23.576,24.0817,23.4771,23.7963,7839800
2006-02-01,23.6607,23.8246,23.3217,23.5731,4963000
2006-02-02,23.5618,24.0619,22.8923,22.9516,5235000
2006-02-03,22.9516,23.7455,22.8555,23.3443,4860000
2006-02-06,23.7313,24.9687,23.655,24.8077,8850400
2006-02-07,24.3387,24.528,23.1126,23.1945,7534800
2006-02-08,23.3076,23.3641,22.5024,22.621,8730200
2006-02-09,22.912,23.2341,22.3131,22.3611,6546000
2006-02-10,22.4261,22.9233,21.9797,22.7227,6761400
2006-02-13,22.7228,22.8132,22.2849,22.4205,4275400
2006-02-14,22.4176,23.4714,22.4176,23.3612,4696400
2006-02-15,23.3612,23.3612,22.4883,22.8584,5781000
2006-02-16,22.9968,23.672,22.9431,23.6607,5244000
2006-02-17,23.6607,23.6692,23.2002,23.2934,3161200
2006-02-21,23.3499,23.9263,23.2878,23.7652,3564600
2006-02-22,23.7822,24.2681,23.3217,24.124,3420800
2006-02-23,24.5195,25.0733,24.0251,24.3896,5567400
2006-02-24,24.2568,24.8727,24.2427,24.4941,3156000
2006-02-27,24.706,24.7992,24.3387,24.5704,4189200
2006-02-28,24.4094,24.5478,23.9319,24.3105,4078600
2006-03-01,24.3811,24.8473,24.2116,24.723,3544200
2006-03-02,24.7201,25.1721,24.4094,25.1298,2861600
2006-03-03,25.2004,25.3417,24.6156,24.7908,5182600
2006-03-06,25.2569,26.0451,25.062,25.4405,7390000
2006-03-07,25.3699,25.3869,24.6806,24.8247,5028200
2006-03-08,24.6834,25.1863,24.2851,25.1015,6887000
2006-03-09,25.5649,25.9886,25.4292,25.4547,6376000
2006-03-10,26.1327,26.8786,25.8813,26.8616,8462000
2006-03-13,27.1215,27.1356,25.966,26.2033,7888800
2006-03-14,25.9915,27.0791,25.9547,27.065,5399800
2006-03-15,27.1102,27.5001,26.9774,27.4662,4486000
2006-03-16,27.5594,27.8278,27.1356,27.3673,3785400
2006-03-17,27.5453,28.2375,27.3758,27.8674,5742000
2006-03-20,28.2431,28.551,27.5933,27.9691,5353800
2006-03-21,27.9691,28.2657,27.5227,27.5764,5686000
2006-03-22,27.6357,28.2516,27.6159,28.0425,4416200
2006-03-23,28.1809,28.8731,28.1103,28.7036,4454000
2006-03-24,28.5397,28.9579,28.407,28.907,3495600
2006-03-27,29.1274,29.5229,28.7855,29.472,3873000
2006-03-28,29.472,30.1077,29.1811,29.3167,5636800
2006-03-29,29.6375,30.2081,29.5864,30.0377,4308600
2006-03-30,31.1704,31.1704,30.0945,30.2762,6158200
2006-03-31,30.0633,30.1939,29.6233,29.7482,6833200
2006-04-03,29.9497,31.0313,29.9355,30.6708,6032600
2006-04-04,30.4323,30.9916,30.3557,30.6367,4667000
2006-04-05,30.6367,31.582,30.5629,31.4259,4782800
2006-04-06,31.3975,31.7978,31.1761,31.4714,4810600
2006-04-07,31.4713,31.4855,30.509,30.756,4562600
2006-04-10,30.685,31.0711,30.2932,30.8298,5149000
2006-04-11,30.9433,31.1846,30.1201,30.1853,4693600
2006-04-12,30.2308,30.6878,29.981,30.4352,4917000
2006-04-13,30.2904,31.1392,29.9923,31.0995,4132400
2006-04-17,31.372,31.9426,31.2584,31.9114,4828000
2006-04-18,32.2492,33.1945,32.1385,33.1775,5739600
2006-04-19,33.1576,33.8304,32.7006,33.7197,5172400
2006-04-20,32.8453,33.0583,31.6559,31.8319,7845800
2006-04-21,32.0874,32.6182,31.8319,32.2208,5465800
2006-04-24,32.164,32.428,31.6757,32.0647,5684800
2006-04-25,32.3202,32.4905,31.5735,31.7808,4437600
2006-04-26,32.0732,32.34,31.5366,31.6672,3448200
2006-04-27,31.5253,31.5253,30.1399,30.2961,6237000
2006-04-28,30.3756,31.1875,30.3756,30.8922,4314600
2006-05-01,31.2272,32.9816,31.2272,32.6097,7068200
2006-05-02,32.7744,33.169,32.306,32.9504,4591800
2006-05-03,33.2116,33.3109,32.235,33.2769,4246600
2006-05-04,33.4983,33.9326,33.0015,33.8673,3644000
2006-05-05,33.7963,34.2364,33.1292,33.2286,3641400
2006-05-08,33.6544,33.9496,33.2485,33.8503,3225800
2006-05-09,33.8503,33.8929,33.0866,33.186,4110600
2006-05-10,33.2002,33.7793,32.8538,33.768,4775800
2006-05-11,33.9951,34.0518,31.9568,32.1044,6132600
2006-05-12,32.1072,32.6636,31.3833,31.653,6553800
2006-05-15,31.1988,32.0817,30.8496,31.4146,6462200
2006-05-16,31.7212,31.8631,30.597,31.5139,6334000
2006-05-17,31.23,32.0192,29.6232,29.9213,8454600
2006-05-18,30.0917,30.7985,29.6375,29.751,6553600
2006-05-19,29.751,30.3983,29.0044,29.7936,7803400
2006-05-22,29.7084,29.7936,27.4317,28.4593,12106000
2006-05-23,29.1832,30.1626,29.0129,29.047,8389000
2006-05-24,29.047,30.3188,28.7886,29.68,10673000
2006-05-25,29.751,30.9831,29.751,30.9206,7809200
2006-05-26,31.0001,32.1328,30.6765,31.8972,6246400
2006-05-30,31.795,31.795,30.1371,30.1371,7649800
2006-05-31,30.4607,31.0796,29.6659,29.8844,11159000
2006-06-01,29.6715,30.4267,28.9505,30.3074,8247000
2006-06-02,31.2272,31.2272,30.0406,30.6027,6374300
2006-06-05,30.1201,30.455,28.4338,28.6212,6365900
2006-06-06,28.5417,29.2968,27.9058,29.1832,7586000
2006-06-07,29.1832,29.3933,27.0995,27.2074,6975800
2006-06-08,26.6396,27.9341,25.436,27.7638,8564400
2006-06-09,27.9625,28.8142,27.5765,27.9682,6685500
2006-06-12,28.3657,28.5303,26.634,26.8043,6541700
2006-06-13,26.8667,27.5651,25.8845,26.2422,6891800
2006-06-14,26.2876,27.2188,26.2876,27.145,5558200
2006-06-15,27.7071,29.0924,27.6503,28.9221,6472500
2006-06-16,28.8653,28.9277,28.1669,28.7006,5119700
2006-06-19,29.24,29.2741,27.355,27.6048,5576300
2006-06-20,28.0591,28.6722,27.6389,27.9228,4895800
2006-06-21,27.6503,29.3195,27.6503,28.8256,5261800
2006-06-22,28.7006,28.8085,28.042,28.2351,4292900
2006-06-23,28.377,29.3876,28.1613,29.1662,5004800
2006-06-26,29.4103,29.6318,28.9675,29.4728,3680900
2006-06-27,29.7226,30.086,29.2116,29.5182,5098300
2006-06-28,29.725,30.5579,29.5929,30.4028,3760100
2006-06-29,30.6728,31.5631,30.2764,31.5114,5646000
2006-06-30,31.7354,31.7411,31.0174,31.161,4353900
2006-07-03,31.879,32.1317,31.5401,32.1317,2356900
2006-07-05,31.7067,31.8043,30.5062,31.0231,3770200
2006-07-06,31.138,31.4252,30.4602,30.6842,3361900
2006-07-07,30.4487,31.6148,30.3568,31.1265,3223500
2006-07-10,31.362,31.7182,30.4775,31.5746,3488000
2006-07-11,31.3908,31.7354,30.6383,31.3046,4315800
2006-07-12,31.2184,31.856,31.0059,31.138,2731700
2006-07-13,30.891,31.0174,28.5188,28.5935,7253700
2006-07-14,29.1506,29.1793,28.1799,28.9381,5346100
2006-07-17,28.536,28.8806,27.6916,27.9271,4163200
2006-07-18,28.1454,28.7198,27.8869,28.5935,4667200
2006-07-19,28.7198,30.5464,28.7026,30.2707,5061000
2006-07-20,30.9887,31.4424,28.49,28.8002,7299000
2006-07-21,29.0932,29.0932,27.1115,27.8295,8165000
2006-07-24,28.2718,28.8519,27.3125,28.8289,6407200
2006-07-25,28.9496,29.6101,28.6911,29.4665,4625800
2006-07-26,29.5929,29.8571,28.7256,29.6389,4099800
2006-07-27,30.0409,30.6268,29.3057,29.3804,4491900
2006-07-28,29.2942,30.2305,28.8921,30.1845,4010500
2006-07-31,29.6101,30.9312,29.6101,30.5406,3951800
2006-08-01,30.443,30.443,29.2999,29.6216,3324600
2006-08-02,29.7824,31.0921,29.5355,30.713,4989600
2006-08-03,29.7824,30.9025,29.6446,30.3626,3222700
2006-08-04,31.0174,31.0174,29.0357,29.4206,5534100
2006-08-07,29.6388,30.3453,29.3229,29.9835,3204900
2006-08-08,30.1271,30.5292,29.3402,29.7422,4958600
2006-08-09,30.0984,30.5004,29.2597,29.7652,4015900
2006-08-10,29.3057,29.7422,28.8979,29.4493,4092200
2006-08-11,29.1793,29.2655,27.8984,28.0133,4943900
2006-08-14,28.4326,28.5245,27.6514,28.0593,3716600
2006-08-15,28.5475,29.2195,28.1569,29.0127,3614300
2006-08-16,29.1736,30.1845,29.1276,30.0294,4066100
2006-08-17,30.0294,30.0582,28.9898,29.1678,3679000
2006-08-18,29.2942,29.6273,29.0587,29.6273,2466400
2006-08-21,29.4838,29.8054,29.2023,29.4952,2572400
2006-08-22,29.3517,29.8456,29.3517,29.7595,2930600
2006-08-23,29.6388,29.8686,28.7773,28.8806,3427000
2006-08-24,28.8347,28.9783,28.1454,28.5762,3808400
2006-08-25,28.4901,28.9783,28.3752,28.4613,2420700
2006-08-28,27.9731,28.7773,27.8352,28.6566,3229500
2006-08-29,29.2942,29.2942,28.1569,28.7198,2818400
2006-08-30,28.7198,28.8519,27.9386,27.9386,3226500
2006-08-31,28.1971,28.289,27.8812,28.0708,3844700
2006-09-01,28.1799,28.8002,27.8352,28.536,2626300
2006-09-05,28.289,30.0811,28.2546,29.7193,5676100
2006-09-06,29.277,29.4723,28.7256,28.9209,4249700
2006-09-07,28.4326,29.1046,28.1626,28.5819,4828300
2006-09-08,28.49,28.8921,28.0765,28.5302,3308100
2006-09-11,28.3867,28.4039,26.5371,26.6348,7516800
2006-09-12,27.077,27.1862,26.4509,26.652,5420500
2006-09-13,26.7094,27.5538,26.7094,27.4102,3885500
2006-09-14,27.4044,27.594,26.5371,26.8013,3510700
2006-09-15,27.123,27.2838,26.5945,26.8588,3441300
2006-09-18,26.8128,28.3809,26.8071,28.0133,4737500
2006-09-19,27.9214,28.1454,27.347,27.6514,4352200
2006-09-20,27.8123,28.3005,27.5825,27.9961,4005800
2006-09-21,27.9616,28.4154,26.8875,27.3815,5971400
2006-09-22,27.6285,27.7146,26.6462,26.9794,4614200
2006-09-25,26.4222,27.0943,25.9168,27.0943,6868600
2006-09-26,27.1115,28.5992,26.7094,28.4154,6115200
2006-09-27,27.9386,28.9561,27.4851,28.5724,5279600
2006-09-28,28.1072,28.9677,27.9618,28.8282,5139300
2006-09-29,28.2875,29.3282,28.2875,28.7759,2607800
2006-10-02,28.9561,29.3632,28.6073,29.0317,3268900
2006-10-03,28.5084,28.6538,28.0258,28.113,4133400
2006-10-04,28.113,28.5724,27.6188,28.3456,4709600
2006-10-05,28.6363,30.5551,28.6363,30.2237,7249900
2006-10-06,29.3922,30.0551,29.241,29.7236,5420700
2006-10-09,30.2062,31.5552,30.026,30.6249,6509900
2006-10-10,30.2353,30.9214,30.2353,30.8924,4627500
2006-10-11,30.7005,31.0784,30.3284,30.5784,4473600
2006-10-12,30.5726,31.4622,30.5667,31.404,3713000
2006-10-13,31.0842,32.6948,31.0552,31.8517,5566300
2006-10-16,32.0959,32.8925,32.0029,32.4913,4066800
2006-10-17,32.2413,32.2762,31.2703,31.8924,3206000
2006-10-18,32.2122,32.532,31.1831,31.5726,4429800
2006-10-19,30.9854,32.2239,30.6132,31.8052,6079700
2006-10-20,31.7238,31.7413,31.1017,31.4273,4065200
2006-10-23,31.3284,32.0494,31.1075,32.0436,4047200
2006-10-24,31.9215,35.823,31.7878,35.8056,10743700
2006-10-25,35.3811,35.8754,34.1427,34.3985,6944000
2006-10-26,34.8578,35.1427,34.0089,34.6718,3621000
2006-10-27,34.5904,35.0381,33.8403,33.9333,3663500
2006-10-30,33.8519,34.2299,33.3693,33.567,3110000
2006-10-31,33.6077,34.2182,33.2589,33.9624,3445500
2006-11-01,33.4391,34.5206,33.2705,33.3286,3956300
2006-11-02,33.1774,33.5961,32.66,33.3868,3531200
2006-11-03,33.6426,34.0147,33.3519,33.4333,3200000
2006-11-06,34.1601,35.2474,33.8519,34.6427,3863900
2006-11-07,34.6834,35.1951,33.9682,34.0263,4251400
2006-11-08,33.724,34.4276,33.381,33.5496,3697300
2006-11-09,33.8403,35.5905,33.6426,34.9509,5279600
2006-11-10,34.7532,35.2997,33.8577,34.1368,3007900
2006-11-13,33.9217,34.6543,33.2123,34.2648,3851700
2006-11-14,34.3345,34.5962,33.3228,33.9042,3669800
2006-11-15,33.9391,34.3636,33.4391,33.8112,4410000
2006-11-16,33.9275,33.9275,32.0146,32.0901,5169300
2006-11-17,32.2704,34.0438,32.2704,33.2065,5815200
2006-11-20,34.3055,34.7648,33.2356,33.4158,6278000
2006-11-21,34.0148,34.7474,33.6136,34.7125,3779900
2006-11-22,34.6834,34.8346,34.0322,34.509,2287800
2006-11-24,33.974,34.5206,33.9566,34.2066,981600
2006-11-27,34.2124,34.7357,33.8984,34.0903,4051600
2006-11-28,33.788,34.1194,33.2937,33.5612,3733700
2006-11-29,33.8403,35.1776,33.7822,34.8927,4236400
2006-11-30,34.8637,35.1369,34.1427,34.7997,3661600
2006-12-01,34.4508,34.6834,33.6019,34.0961,4076600
2006-12-04,34.5671,37.3464,34.131,36.858,8538200
2006-12-05,37.2127,37.4743,36.1719,36.9569,6212400
2006-12-06,36.9569,37.7476,36.3231,37.2185,4490300
2006-12-07,37.5034,39.2768,37.4453,38.2826,6104100
2006-12-08,38.1604,38.4977,37.329,38.1139,3568900
2006-12-11,38.2651,38.2942,37.2825,37.4162,3632900
2006-12-12,35.323,35.4102,33.8403,34.6543,13009600
2006-12-13,34.2473,35.1544,34.0147,34.7532,7035800
2006-12-14,34.8869,35.0613,33.7996,33.9159,5926700
2006-12-15,33.7938,34.7008,33.724,34.4683,4943800
2006-12-18,34.0612,34.2706,32.9565,33.1949,5895700
2006-12-19,32.2064,33.7589,32.2064,33.4391,3754500
2006-12-20,33.1542,33.4333,32.4797,32.5378,3815800
2006-12-21,32.5611,33.0263,32.0436,32.3576,2729900
2006-12-22,32.1948,32.6018,31.8866,32.0785,2097800
2006-12-26,32.0785,32.4448,31.9738,32.2936,1708300
2006-12-27,32.2701,32.8462,32.2584,32.7345,1930900
2006-12-28,32.7697,33.093,32.3877,32.4935,1789800
2006-12-29,32.2936,32.4759,32.0938,32.1291,1443600
2007-01-03,32.1291,32.4759,31.2709,32.035,4668400
2007-01-04,31.9175,32.3759,31.7411,32.2819,3401400
2007-01-05,32.2055,32.7345,31.8352,32.1702,4263700
2007-01-08,32.564,32.952,32.1996,32.8873,4712500
2007-01-09,32.3936,33.093,32.229,32.711,4505600
2007-01-10,32.6463,32.9226,32.182,32.7639,3921900
2007-01-11,32.7521,33.3223,32.5111,32.8991,3572700
2007-01-12,32.9579,33.4751,32.8109,33.0931,2856900
2007-01-16,33.1518,33.1753,32.6933,32.8638,2821400
2007-01-17,32.8227,33.3517,32.8168,33.0989,2837200
2007-01-18,33.2047,33.6691,32.3407,32.5405,2831400
2007-01-19,32.8285,33.7279,32.6875,33.6162,3081600
2007-01-22,33.6221,34.0218,33.2929,33.4516,2599600
2007-01-23,33.5515,34.7565,33.4986,34.7389,3330500
2007-01-24,34.5331,35.1974,34.2275,34.7977,3978500
2007-01-25,36.5552,37.7484,36.1496,36.8256,7486400
2007-01-26,36.8315,37.0313,35.9556,36.1378,4280100
2007-01-29,36.4435,37.237,36.2319,36.373,4260100
2007-01-30,37.0313,37.7367,36.2966,37.4663,5265000
2007-01-31,37.096,38.1364,37.0901,37.9365,4409600
2007-02-01,37.9894,38.2069,37.3957,38.1011,3176200
2007-02-02,37.8954,38.2069,37.2194,38.107,3513400
2007-02-05,37.7014,38.201,37.0666,37.3428,2791700
2007-02-06,37.6779,37.9012,37.1724,37.7425,2249800
2007-02-07,37.7661,38.4597,37.3957,37.7484,2804100
2007-02-08,37.5897,37.6955,36.902,37.2488,2781500
2007-02-09,37.0137,37.143,36.0791,36.2378,2540200
2007-02-12,36.3847,37.0548,36.2084,36.6375,2147400
2007-02-13,37.1782,38.007,36.9196,37.6308,2933400
2007-02-14,38.154,38.3303,37.4486,37.7719,2511100
2007-02-15,37.8718,38.8182,37.7131,38.3832,3998800
2007-02-16,38.1422,38.3538,37.7954,38.0423,2691100
2007-02-20,37.6955,38.154,37.1018,37.9541,3387000
2007-02-21,37.866,39.0945,37.5133,39.0122,4221200
2007-02-22,39.3649,39.3766,38.248,38.4479,2779300
2007-02-23,38.5067,38.7947,37.8013,37.8601,2398100
2007-02-26,38.0071,38.7242,37.4193,37.6955,4147900
2007-02-27,36.3553,37.0431,34.927,35.2855,7161600
2007-02-28,35.5207,36.2084,35.0445,35.7793,6235700
2007-03-01,34.9564,36.3259,34.5332,35.7499,4728800
2007-03-02,35.8968,36.2672,34.3568,34.5273,4852800
2007-03-05,34.2275,34.8388,33.7044,34.0335,4312200
2007-03-06,34.7977,35.5912,34.2157,35.2914,4103500
2007-03-07,35.2914,35.8381,35.0387,35.2385,2960400
2007-03-08,36.2672,37.7014,35.938,37.1018,7038600
2007-03-09,37.4898,37.9718,36.8961,37.7719,4668500
2007-03-12,37.0313,37.9424,36.2672,37.143,4916800
2007-03-13,36.8432,37.5956,35.6206,35.6617,4603200
2007-03-14,36.3142,37.3252,35.7499,37.2194,6851600
2007-03-15,36.755,37.766,36.7433,37.2311,4200100
2007-03-16,37.1959,37.478,36.0791,36.2437,4038200
2007-03-19,37.0195,37.5133,36.4905,37.4545,4440500
2007-03-20,37.6367,38.3538,37.2076,37.4428,5209000
2007-03-21,37.7073,38.5184,37.5133,38.5008,3746000
2007-03-22,38.2774,38.5596,38.0012,38.0306,3261600
2007-03-23,38.589,38.589,37.5427,38.3009,2082600
2007-03-26,38.442,38.6301,37.8542,38.5361,4140900
2007-03-27,38.5184,38.9652,38.3421,38.6184,4051900
2007-03-28,38.7429,38.8023,37.9716,38.476,4198200
2007-03-29,39.0337,39.6626,38.648,39.2235,4525200
2007-03-30,39.1642,39.5973,38.5649,38.6421,4272400
2007-04-02,38.565,38.743,38.0903,38.4285,3351700
2007-04-03,38.7311,39.0396,38.1971,38.7014,3384400
2007-04-04,38.7608,39.3125,38.4463,38.9565,2693400
2007-04-05,39.1345,39.9533,38.8498,39.4609,3698000
2007-04-09,40.0185,40.4042,39.716,40.0482,3017400
2007-04-10,40.3033,40.3033,39.5854,39.7812,2561000
2007-04-11,39.716,40.1966,39.2591,39.4787,2831000
2007-04-12,39.7219,40.2143,39.4134,39.5736,3743800
2007-04-13,39.6863,39.8999,39.2354,39.627,2149400
2007-04-16,39.6032,40.1669,39.4549,40.0364,2634900
2007-04-17,40.0838,40.4992,39.4609,39.5914,2651100
2007-04-18,39.3896,39.6448,38.8616,39.0277,2861700
2007-04-19,38.7963,39.8287,38.0488,39.532,4749600
2007-04-20,40.0601,40.4339,39.532,40.161,4445400
2007-04-23,40.3449,41.0272,39.8524,40.6652,2817100
2007-04-24,40.0482,40.333,39.2769,39.5795,3963700
2007-04-25,40.0364,40.3449,39.6032,39.6685,4310300
2007-04-26,39.5736,39.6685,39.0396,39.2651,2503500
2007-04-27,39.1286,39.1286,38.4463,38.5294,2944700
2007-04-30,38.6717,38.9091,37.6275,37.6513,2505700
2007-05-01,37.9716,38.5234,37.1766,38.1556,4048700
2007-05-02,38.2386,38.6836,38.0903,38.3692,2587700
2007-05-03,38.9031,39.004,38.0547,38.8616,2650800
2007-05-04,39.2472,39.4905,38.648,38.7904,2361400
2007-05-07,39.1583,39.6744,39.1345,39.4193,2199700
2007-05-08,39.8346,39.8939,38.8141,39.1167,3956400
2007-05-09,39.1405,39.2235,38.7311,39.1583,3694100
2007-05-10,38.7845,39.3719,38.2505,38.4463,3129800
2007-05-11,38.6539,39.1523,38.5649,39.0693,2306800
2007-05-14,39.6032,39.6032,38.9565,39.1583,2899900
2007-05-15,39.0989,39.8406,39.0752,39.2829,3253200
2007-05-16,39.3541,39.5202,38.6777,39.3778,2861100
2007-05-17,38.8913,39.2295,38.6836,39.01,2095600
2007-05-18,39.3007,39.538,38.8201,39.538,2739200
2007-05-21,39.8109,40.0482,39.3066,39.3896,2995400
2007-05-22,38.9862,39.8584,38.8557,39.004,2878800
2007-05-23,39.271,39.3362,38.12,38.4226,3625800
2007-05-24,38.6124,39.0337,37.6928,37.9182,2921000
2007-05-25,38.0547,39.0989,37.9835,38.9981,2745300
2007-05-29,39.4549,39.5142,38.8319,39.1523,3040400
2007-05-30,38.3929,40.3152,38.3395,40.2737,4320400
2007-05-31,40.4991,40.9975,39.8228,40.072,4017500
2007-06-01,40.1372,41.49,40.1076,41.0865,3316300
2007-06-04,40.1965,41.0984,40.1965,40.5585,2844100
2007-06-05,40.3211,41.0568,39.7516,40.1728,3411100
2007-06-06,40.0482,40.2381,39.3956,39.7812,2735200
2007-06-07,39.6744,40.0898,38.1556,38.4463,4713000
2007-06-08,38.4522,39.7516,38.2386,39.5202,4763700
2007-06-11,37.3427,37.9123,36.785,37.1766,7930300
2007-06-12,36.6011,36.785,35.6696,35.7645,6882700
2007-06-13,35.9781,36.5596,35.7171,36.4765,6569100
2007-06-14,36.7554,37.7343,36.6782,37.1232,3718500
2007-06-15,37.6513,38.0073,37.2063,37.3902,3806500
2007-06-18,37.4021,37.7937,37.0876,37.1351,3371400
2007-06-19,37.2241,37.7047,36.8918,37.5385,3116200
2007-06-20,37.5682,37.9539,36.524,36.524,3633000
2007-06-21,36.4884,37.0105,35.8951,36.9393,5015200
2007-06-22,36.696,37.1944,36.3579,36.524,3166900
2007-06-25,36.4291,36.5121,35.4264,35.4679,4925800
2007-06-26,35.5154,35.6815,34.4118,34.5305,5761500
2007-06-27,34.4285,34.7223,33.6191,34.5904,4948900
2007-06-28,34.6564,35.4418,34.6564,34.8902,3016400
2007-06-29,34.9202,35.3999,34.8962,35.166,3675600
2007-07-02,35.7596,36.0654,35.4658,35.7836,2568400
2007-07-03,35.8376,35.9155,35.4119,35.5018,1405800
2007-07-05,35.5858,35.9515,35.4119,35.7057,2696100
2007-07-06,35.7057,36.6051,35.5738,36.5751,3352400
2007-07-09,36.7789,37.3785,36.5871,36.629,2936300
2007-07-10,36.1674,36.5811,35.8376,36.0235,2714300
2007-07-11,36.6051,37.6963,36.6051,36.9888,3971800
2007-07-12,37.7683,38.128,36.9888,37.8762,3238400
2007-07-13,38.182,38.8235,38.0261,38.2359,3142300
2007-07-16,38.0021,38.2599,36.9648,37.3486,3535400
2007-07-17,37.5284,38.0441,37.2526,37.4085,3963100
2007-07-18,37.7443,37.7443,36.8029,37.3665,3369600
2007-07-19,36.4252,36.9348,35.9155,36.653,6261700
2007-07-20,37.0907,37.0907,36.1913,36.3113,4759900
2007-07-23,36.2333,36.3952,34.7164,35.1361,5893100
2007-07-24,34.9802,35.5917,33.9129,34.1527,5549600
2007-07-25,34.7703,34.7763,32.7797,33.5352,7527000
2007-07-26,33.0974,33.1874,30.4712,31.4606,9938100
2007-07-27,31.6884,32.2101,30.771,31.0648,7946500
2007-07-30,31.3706,31.6884,30.6331,31.4725,4580400
2007-07-31,31.8683,32.4199,30.0275,30.0995,7006900
2007-08-01,29.9796,30.4592,29.2121,30.3333,8582200
2007-08-02,30.6391,30.9269,30.1774,30.4413,6184900
2007-08-03,30.7291,31.3886,30.5792,30.807,8739500
2007-08-06,31.1787,32.0482,30.4592,32.0482,7388700
2007-08-07,31.5085,32.348,31.1488,32.1381,6830000
2007-08-08,32.36,33.2773,32.36,32.9116,6594100
2007-08-09,32.1081,32.4799,31.2627,31.5385,7535300
2007-08-10,31.2687,33.0075,30.789,31.3826,8885900
2007-08-13,31.8983,32.0901,30.2314,30.4113,6555300
2007-08-14,30.4053,31.0169,29.5659,29.5898,4878400
2007-08-15,29.6618,29.9796,27.6472,27.887,6623200
2007-08-16,27.2934,27.911,24.955,27.4973,14825100
2007-08-17,28.4806,29.9256,28.1808,29.7457,10507500
2007-08-20,29.9796,30.3453,28.9962,29.7457,5892200
2007-08-21,29.2301,30.7351,29.2301,29.9796,6786100
2007-08-22,30.1654,32.318,30.1654,32.1141,7396400
2007-08-23,32.6118,32.9416,30.3093,30.8969,6459900
2007-08-24,31.6344,33.2413,31.5025,33.0435,6880900
2007-08-27,32.7257,33.2773,31.9282,32.0602,4599600
2007-08-28,31.6285,31.7604,30.6032,30.7111,3897200
2007-08-29,31.3047,31.6704,30.9929,31.6464,3039100
2007-08-30,31.1128,31.8143,30.6751,31.1068,3765700
2007-08-31,31.9582,32.228,31.6644,31.7184,3084700
2007-09-04,31.7784,31.7784,31.0588,31.3586,5331200
2007-09-05,31.1787,31.9462,31.1488,31.7484,4432000
2007-09-06,32.1621,33.4512,31.8323,33.2353,7140700
2007-09-07,32.4979,33.1634,31.9942,32.3,5064200
2007-09-10,32.7377,33.1034,31.3886,31.9522,5912000
2007-09-11,32.1681,32.8276,31.8263,32.1021,4659300
2007-09-12,31.0049,32.3899,30.861,32.0541,12015900
2007-09-13,32.7916,34.0208,32.6777,33.757,6985400
2007-09-14,33.4572,34.8363,33.2294,34.2187,5312100
2007-09-17,34.1048,34.2906,33.3253,33.4872,4753200
2007-09-18,33.5651,35.4598,32.9655,35.3159,6582800
2007-09-19,36.1134,36.653,34.9082,35.238,6400100
2007-09-20,35.154,35.8676,34.6024,34.8722,5231800
2007-09-21,35.0821,35.6877,34.7523,35.6757,4499200
2007-09-24,35.6397,35.8376,35.0701,35.5258,5143900
2007-09-25,35.0821,35.9575,34.6983,35.7536,5913900
2007-09-26,36.4382,36.9228,36.1232,36.4079,4412900
2007-09-27,36.6502,36.9228,36.3897,36.6744,2819400
2007-09-28,36.6502,36.8319,35.6385,36.0262,3799100
2007-10-01,36.0262,36.0262,35.2145,35.481,4890400
2007-10-02,35.7294,35.7415,34.8268,35.6446,3423900
2007-10-03,35.4689,35.5477,34.4512,34.6329,3332800
2007-10-04,34.4997,34.954,33.7606,34.5239,3083300
2007-10-05,34.7238,35.7173,34.4815,35.16,3488200
2007-10-08,35.16,35.2811,34.6026,34.6935,2757200
2007-10-09,34.7238,35.7415,34.3724,35.6022,3271300
2007-10-10,35.372,35.9414,34.8026,35.3175,4211600
2007-10-11,35.7536,36.0384,33.6213,34.2876,6159500
2007-10-12,34.0998,34.2755,33.5546,34.0514,4287400
2007-10-15,34.0332,34.5905,33.3911,33.7545,3256200
2007-10-16,33.5243,34.009,32.7853,33.7424,5865100
2007-10-17,34.53,34.9782,34.015,34.6208,5793100
2007-10-18,34.6026,37.3832,34.433,36.4866,8230800
2007-10-19,36.3594,36.947,35.6628,35.8203,6152100
2007-10-22,35.3417,36.0262,34.6148,35.9354,5366900
2007-10-23,36.2746,37.7043,35.8566,37.5225,4943500
2007-10-24,37.05,37.4741,36.1171,37.4317,5411000
2007-10-25,37.4801,38.2919,37.3711,37.7225,4421300
2007-10-26,38.0435,38.6796,37.8073,38.4191,3161100
2007-10-29,38.1526,39.3581,37.9829,38.4979,3125000
2007-10-30,37.5528,37.8921,36.9531,37.0258,3508400
2007-10-31,37.3953,37.7709,36.8198,37.571,4124100
2007-11-01,36.9713,37.1348,34.9177,35.0812,4921000
2007-11-02,35.1963,35.7597,34.4148,35.0812,5820300
2007-11-05,34.7844,34.8328,34.1362,34.5299,4015200
2007-11-06,34.5602,36.0323,34.5602,35.79,4017600
2007-11-07,35.3781,35.3781,34.0271,34.0756,3676300
2007-11-08,34.9116,34.9116,33.1488,34.2573,4501700
2007-11-09,33.8757,33.9726,32.8701,33.1911,3914000
2007-11-12,32.761,33.0639,31.3374,31.4525,7049600
2007-11-13,31.6525,32.3431,31.392,32.2885,6209900
2007-11-14,32.549,33.2335,32.0159,32.1916,5716800
2007-11-15,32.1068,32.4763,30.459,30.8831,6548000
2007-11-16,31.1557,32.1795,30.3561,31.7797,6505400
2007-11-19,31.5192,31.5737,30.3561,30.665,5107800
2007-11-20,31.0588,32.0947,30.9073,31.4889,4006900
2007-11-21,31.1678,32.2158,30.459,31.5131,4126400
2007-11-23,31.6585,32.4036,31.5434,32.2461,1541200
2007-11-26,32.3128,32.7126,31.3556,31.3677,3501500
2007-11-27,31.4646,32.0947,30.9679,31.5555,4396600
2007-11-28,31.8584,33.5001,31.5555,33.2457,4607200
2007-11-29,33.07,35.1176,32.8156,34.7783,7140800
2007-11-30,35.5598,36.7411,35.5295,35.8687,7451600
2007-12-03,35.8627,35.8687,34.8995,35.0509,4463900
2007-12-04,34.8328,35.4204,34.4754,35.0933,2832400
2007-12-05,35.4023,36.3897,35.2266,36.2261,4613100
2007-12-06,36.2867,37.4074,36.105,37.0985,4337300
2007-12-07,37.0924,38.0072,36.8683,37.5468,3852900
2007-12-10,37.577,37.6861,36.7774,37.3893,4081400
2007-12-11,37.256,37.5528,35.6931,35.8627,4500400
2007-12-12,36.7411,37.571,36.5048,37.1833,4852200
2007-12-13,36.9289,37.147,36.0808,36.8077,4730600
2007-12-14,36.5896,36.6563,35.6082,36.3049,3132500
2007-12-17,35.8566,36.5775,35.0327,35.1842,4436300
2007-12-18,35.3781,36.1716,34.7965,35.6749,3870600
2007-12-19,35.7718,36.1353,35.0449,35.4447,2830900
2007-12-20,35.6325,35.9596,34.8025,35.79,2940700
2007-12-21,36.1413,36.7714,36.105,36.6078,4363300
2007-12-24,36.729,37.0985,36.3473,36.729,1358100
2007-12-26,36.2807,37.7588,36.2807,37.4135,3379900
2007-12-27,37.7194,37.7745,36.924,37.0403,2210100
2007-12-28,37.5359,37.7378,36.7833,37.2299,2870400
2007-12-31,36.9791,36.9913,36.0491,36.2327,2554300
2008-01-02,36.2816,36.6793,34.9111,35.4679,5502300
2008-01-03,35.6514,36.1409,34.5746,34.7826,5148300
2008-01-04,34.0117,34.4155,33.2408,33.5406,5842400
2008-01-07,33.8098,33.8098,31.6378,32.8309,6792600
2008-01-08,33.4305,33.6875,32.1456,32.1946,7384000
2008-01-09,32.3292,32.7085,31.0321,32.0844,7638000
2008-01-10,31.907,34.5991,31.1606,34.0607,7409300
2008-01-11,33.8159,33.8159,32.8676,32.9838,5394800
2008-01-14,33.3142,34.2136,33.1001,34.2014,5876000
2008-01-15,33.8343,33.8343,32.6473,32.8186,5121000
2008-01-16,32.7269,34.0301,31.5093,32.4515,7672500
2008-01-17,32.4882,33.2775,30.7078,30.7751,7417900
2008-01-18,30.9281,31.9437,30.2184,31.338,6658800
2008-01-22,29.4107,32.4271,29.4107,31.9254,7774400
2008-01-23,31.1178,32.1334,29.1966,32.0906,10596100
2008-01-24,32.9226,34.4277,32.8982,34.3604,7758500
2008-01-25,35.1681,35.3639,32.8921,33.6324,5448400
2008-01-28,33.614,33.9689,32.6901,33.7976,4972100
2008-01-29,33.4366,34.6725,33.2408,34.2564,4348200
2008-01-30,34.1769,35.682,33.7119,35.1008,5099300
2008-01-31,34.6174,35.7616,34.0178,35.3883,5163200
2008-02-01,35.4434,36.9057,35.3883,36.4529,4428900
2008-02-04,36.1959,36.6426,35.4985,35.6942,2506700
2008-02-05,35.1253,35.1253,34.1953,34.4767,4071800
2008-02-06,34.7765,35.4006,34.1096,34.2503,3913800
2008-02-07,34.1096,35.7554,33.9138,34.8316,5247200
2008-02-08,35.4189,36.924,34.6603,36.7099,7944400
2008-02-11,36.7405,37.0709,35.835,36.6793,4876800
2008-02-12,36.8323,38.0253,36.3061,36.7955,5440000
2008-02-13,36.8323,37.9091,36.5447,37.542,4029100
2008-02-14,37.9336,38.7534,37.493,38.0314,5457500
2008-02-15,37.9519,38.1844,37.0525,37.9397,3709800
2008-02-19,38.5454,39.8241,38.5454,39.0899,5114300
2008-02-20,38.8207,40.6317,38.5637,40.3748,6253100
2008-02-21,40.436,40.6868,39.096,39.249,4782700
2008-02-22,39.3163,40.3564,38.7718,40.2891,4204100
2008-02-25,40.2585,40.9927,39.5916,40.8581,4197700
2008-02-26,40.7357,41.837,40.4482,41.5495,5164200
2008-02-27,41.213,42.0818,40.4421,41.6596,4629300
2008-02-28,41.1763,42.0328,41.1701,41.6229,6520400
2008-02-29,41.2436,41.3476,39.3408,39.506,5099700
2008-03-03,39.6345,40.4727,39.1572,40.4115,7348100
2008-03-04,39.9587,41.8493,39.9587,40.7969,6357100
2008-03-05,41.4577,42.6997,41.2436,42.4917,5539400
2008-03-06,42.3632,42.7364,41.6045,41.9105,5344400
2008-03-07,40.8153,42.2164,40.1851,40.7725,5733900
2008-03-10,40.7296,40.7296,38.4108,38.7289,5972300
2008-03-11,39.6467,41.2497,39.5733,41.2497,5850900
2008-03-12,41.2497,41.782,40.3625,41.2986,4305100
2008-03-13,40.6501,44.7494,40.1423,44.3394,11068200
2008-03-14,44.5719,44.8166,42.5223,43.5624,7874400
2008-03-17,42.4183,44.2476,41.8799,43.0852,5799300
2008-03-18,43.8989,46.2973,43.4462,45.5509,10625500
2008-03-19,44.884,45.2633,41.6596,41.7881,7564100
2008-03-20,41.7208,42.8343,39.769,42.1919,6844200
2008-03-24,42.3632,44.5107,42.3632,43.5991,4644900
2008-03-25,44.0213,45.1226,43.746,44.5964,5800400
2008-03-26,45.0031,45.2126,43.937,44.0295,4990700
2008-03-27,44.0788,44.0788,42.5382,42.6491,4502900
2008-03-28,42.8833,43.3023,42.341,42.5567,3984800
2008-03-31,42.6245,43.1914,41.2564,41.7433,5796700
2008-04-01,41.694,42.8217,40.6032,42.7169,6642800
2008-04-02,42.7909,43.7892,42.7169,43.2654,4854400
2008-04-03,42.9079,43.9802,42.797,42.8895,6011600
2008-04-04,43.1359,44.0356,42.5813,43.4687,7419900
2008-04-07,43.8138,45.1757,43.3393,43.9247,6316000
2008-04-08,43.5303,44.6518,42.9819,43.9802,4336300
2008-04-09,44.1774,44.1774,42.4704,42.7662,3647700
2008-04-10,42.8525,44.3376,42.5937,44.1527,4281800
2008-04-11,43.2777,43.5981,42.0514,42.2979,4137300
2008-04-14,42.2116,42.5259,41.657,41.9713,3420200
2008-04-15,42.2424,43.3886,41.811,42.4026,5173300
2008-04-16,43.3763,44.9538,43.1359,44.7443,6138100
2008-04-17,43.6659,47.1291,42.5505,45.5023,11772500
2008-04-18,45.5331,46.2048,44.8059,45.5516,4806800
2008-04-21,45.3913,46.5868,45.1325,45.8412,3865400
2008-04-22,45.7241,46.0815,45.0524,45.9891,4060100
2008-04-23,46.0753,46.7717,45.4098,46.365,6256200
2008-04-24,46.3095,46.7778,44.8675,45.2619,5155900
2008-04-25,45.8165,46.7162,45.1387,46.6669,4541800
2008-04-28,46.8271,47.8439,46.1739,47.4495,5890300
2008-04-29,47.012,47.1907,45.9583,46.2664,5275200
2008-04-30,46.3835,47.3879,46.1924,46.5252,4231400
2008-05-01,46.5067,46.5067,44.1712,45.4899,4657300
2008-05-02,45.8412,46.5498,45.114,45.7857,4278600
2008-05-05,46.2109,47.3941,45.8412,47.3571,3844200
2008-05-06,47.0182,48.7128,46.8518,48.6881,5335800
2008-05-07,48.7498,49.5201,48.0842,48.417,5205700
2008-05-08,48.5711,50.4875,48.5711,50.4505,4720700
2008-05-09,49.859,50.2225,47.4495,48.3184,4428300
2008-05-12,48.5526,50.2595,48.2075,50.1239,4118000
2008-05-13,50.1671,50.2226,49.366,50.1548,3688900
2008-05-14,49.6002,50.7772,49.1996,49.292,3467400
2008-05-15,49.6865,50.6724,49.4461,50.1856,3629500
2008-05-16,50.1917,51.2085,49.9699,50.5738,3923900
2008-05-19,51.0175,51.492,49.7296,50.1116,4617300
2008-05-20,48.7621,49.4091,47.6837,49.1996,6658700
2008-05-21,48.9654,49.6248,46.6115,46.8395,8232400
2008-05-22,46.9873,47.8624,45.8042,45.9028,9685800
2008-05-23,44.7874,45.0524,43.9555,44.5286,22103800
2008-05-27,44.5163,44.8429,43.9124,44.658,9161400
2008-05-28,44.8614,46.2171,44.6765,46.2171,8645200
2008-05-29,46.063,46.1616,44.3684,44.923,7828900
2008-05-30,45.4899,46.3711,45.4838,46.0938,6774300
2008-06-02,45.9706,46.6608,45.6317,46.1431,5165000
2008-06-03,46.519,47.4988,45.225,45.8782,7754200
2008-06-04,45.6502,46.7532,45.4838,45.6871,5267500
2008-06-05,47.6098,50.0623,47.0305,49.631,12706600
2008-06-06,49.3044,50.0685,48.1644,48.189,7037500
2008-06-09,48.8484,49.2119,47.7577,48.6142,5592000
2008-06-10,47.7577,47.9857,46.4512,46.8949,7294600
2008-06-11,47.3941,47.4187,45.644,45.8042,6197300
2008-06-12,45.8658,46.9997,45.0339,45.5516,5848600
2008-06-13,46.0322,47.696,46.0322,47.4865,5312300
2008-06-16,47.5358,48.5341,46.9751,48.1336,6173400
2008-06-17,48.4725,48.7559,47.3571,47.4126,4330900
2008-06-18,47.4495,47.659,46.7902,47.0921,5432200
2008-06-19,47.5296,48.1767,46.9627,47.6406,4510100
2008-06-20,47.6529,48.0226,46.2417,46.5622,5703900
2008-06-23,47.012,47.5112,46.2171,47.3756,4474300
2008-06-24,48.0658,48.8299,47.1907,47.5296,7029100
2008-06-25,47.8008,48.2445,46.137,47.5604,7138300
2008-06-26,47.2378,47.6907,45.0788,45.8295,6864700
2008-06-27,45.7861,46.9525,45.2401,46.4561,6035100
2008-06-30,46.8408,47.9947,46.2824,46.3258,7269100
2008-07-01,45.8419,45.8419,43.0191,44.8121,11357400
2008-07-02,45.1533,45.1781,38.2792,38.4281,21643900
2008-07-03,38.7941,40.0101,37.5098,38.8003,9919200
2008-07-07,39.1477,41.7224,38.9368,40.9903,14281900
2008-07-08,40.9221,40.9221,37.5347,39.185,10556400
2008-07-09,40.6987,43.0873,40.4568,40.6925,11095100
2008-07-10,41.5177,41.617,39.5944,41.2137,7796500
2008-07-11,40.6367,40.7546,39.1973,40.556,7259700
2008-07-14,41.4681,41.7535,38.9368,39.9108,6627700
2008-07-15,39.1974,40.3823,37.9627,39.6254,8856900
2008-07-16,40.2645,41.9333,38.1861,41.7286,9691800
2008-07-17,40.0101,41.7658,35.0903,37.1066,21050900
2008-07-18,37.9441,38.3226,35.9464,36.3249,15525700
2008-07-21,37.0694,37.9007,36.542,37.8635,8146000
2008-07-22,37.789,37.8138,36.48,37.2927,6883900
2008-07-23,37.3982,37.3982,36.0891,36.3559,6521500
2008-07-24,36.1698,36.6661,34.2403,34.6249,10672200
2008-07-25,35.1957,35.2702,34.0294,34.7987,8519000
2008-07-28,35.2454,36.1263,35.2081,35.4253,5691400
2008-07-29,36.877,37.6091,36.48,36.7281,8277000
2008-07-30,37.6525,37.9441,36.3869,37.361,7442500
2008-07-31,36.6661,36.815,35.0654,35.4997,7071000
2008-08-01,35.841,35.841,33.2353,33.3655,8541300
2008-08-04,32.9375,33.8246,31.5477,31.8828,7979600
2008-08-05,31.8703,33.44,31.0452,32.3605,7710200
2008-08-06,32.4039,33.5951,32.3667,33.3531,5672300
2008-08-07,33.4152,33.9239,32.9002,33.2911,6733400
2008-08-08,33.1422,33.1422,31.709,32.013,6436100
2008-08-11,32.255,32.255,31.0204,31.4174,7776400
2008-08-12,31.6408,31.8517,30.2573,30.8839,8196700
2008-08-13,31.3306,32.925,30.8653,32.7203,8160600
2008-08-14,32.5714,32.6955,31.3058,31.5539,6760900
2008-08-15,31.3058,31.6408,30.5985,31.2748,4748400
2008-08-18,31.7587,32.0441,30.7102,30.8653,4170200
2008-08-19,30.6047,31.889,30.5613,31.5353,5795200
2008-08-20,32.0378,32.7327,31.8703,32.59,6713400
2008-08-21,32.7886,32.925,31.9572,32.4659,3788100
2008-08-22,32.6397,32.7141,31.6904,32.013,3864200
2008-08-25,32.0689,32.2612,30.5861,31.0328,4284400
2008-08-26,31.0204,31.6284,30.7474,31.5105,3498700
2008-08-27,32.0689,32.5714,31.9138,32.3294,3297500
2008-08-28,32.5652,33.0988,32.3605,32.7637,4312700
2008-08-29,33.0181,33.167,32.4783,32.5714,2652200
2008-09-02,31.3244,31.5725,30.2138,30.4434,8744500
2008-09-03,30.3752,31.405,29.3019,30.3007,9281200
2008-09-04,30.2015,30.9584,29.0661,29.3949,9359700
2008-09-05,29.0289,30.3069,28.303,30.0588,9222500
2008-09-08,30.8032,30.8963,28.3837,28.9544,9806300
2008-09-09,28.6939,28.849,25.933,26.1502,13889500
2008-09-10,26.9567,28.0548,26.5907,27.453,14618400
2008-09-11,26.8326,28.5574,25.7903,28.0734,14563700
2008-09-12,28.1293,30.6854,27.9307,30.6419,11823500
2008-09-15,28.7683,30.0712,27.3662,27.422,12327000
2008-09-16,26.8202,29.4694,26.0571,29.3887,11512900
2008-09-17,28.7001,29.0661,26.5286,27.3103,10322500
2008-09-18,28.0052,28.9854,26.0199,28.2037,13226000
2008-09-19,30.4,32.8816,29.6555,31.7401,12599100
2008-09-22,31.647,31.9386,29.1902,29.2894,8515100
2008-09-23,29.4321,29.9533,27.9866,28.1665,7568700
2008-09-24,28.4209,28.6566,27.7632,28.03,7516900
2008-09-25,28.2844,29.1778,27.6454,28.545,6245800
2008-09-26,27.6602,28.5387,27.3151,27.8359,7210300
2008-09-29,26.9762,27.108,22.2637,23.2049,13835600
2008-09-30,23.776,25.0686,23.2802,24.7862,8028100
2008-10-01,24.4662,24.78,23.2175,24.2529,6566300
2008-10-02,23.914,24.0019,21.3538,21.5232,9368700
2008-10-03,21.8997,23.6881,21.6801,21.8056,11281600
2008-10-06,20.08,21.5295,18.1787,21.1718,13946500
2008-10-07,21.6487,22.6653,19.3019,19.4337,11083600
2008-10-08,18.3418,21.6487,18.2916,20.331,15659700
2008-10-09,21.1091,22.0566,18.5865,18.6681,10218200
2008-10-10,17.57,20.8581,16.5032,19.2956,16864300
2008-10-13,21.0714,24.6545,20.7075,24.6545,11091300
2008-10-14,25.7902,25.9534,20.4377,21.4605,16030100
2008-10-15,20.5443,20.9773,17.206,17.206,13535200
2008-10-16,18.4046,20.2933,16.6287,19.9482,21494800
2008-10-17,19.258,22.0378,18.825,21.0589,14423700
2008-10-20,21.9186,23.4371,21.586,23.274,11819000
2008-10-21,22.5272,23.6881,21.3413,22.6276,12254000
2008-10-22,22.2762,23.0606,20.5506,21.5609,12697800
2008-10-23,21.5107,22.9037,19.4839,21.2597,13840900
2008-10-24,19.3207,22.6025,18.8375,21.9688,12030400
2008-10-27,21.8056,22.2449,19.8164,19.8541,10071400
2008-10-28,21.084,22.7469,19.2203,22.6527,11841600
2008-10-29,22.1068,23.8826,21.7429,22.9916,14102500
2008-10-30,24.0709,24.416,22.6841,24.4097,11242000
2008-10-31,23.9768,25.4639,23.2928,25.42,8103200
2008-11-03,25.0623,25.2569,23.3242,23.7383,8754400
2008-11-04,24.2403,25.3635,23.8575,24.8866,8933900
2008-11-05,24.0583,24.5352,22.2198,22.2762,8111300
2008-11-06,22.088,22.2072,19.9357,20.6573,11942900
2008-11-07,21.3726,21.9248,20.6134,21.8307,6043000
2008-11-10,22.9728,23.3995,21.3852,22.0441,5405000
2008-11-11,21.5609,22.2762,20.902,21.4856,4841500
2008-11-12,21.0526,21.335,19.145,19.2203,8926700
2008-11-13,19.3835,22.0754,18.825,21.9876,10195600
2008-11-14,21.4919,21.837,20.5381,20.5381,6825100
2008-11-17,20.1114,20.9146,19.8729,20.0047,5686300
2008-11-18,20.0863,20.469,19.1387,19.5529,8719000
2008-11-19,19.4274,19.9796,17.6767,17.7833,8937800
2008-11-20,17.5888,18.3355,15.8444,16.0138,10510200
2008-11-21,17.0492,17.9402,16.315,17.7457,10510000
2008-11-24,18.6367,20.0172,18.3732,19.5027,9584600
2008-11-25,19.9294,20.4879,18.8564,20.2494,8175000
2008-11-26,19.8478,21.9311,19.647,21.8997,7137700
2008-11-28,21.6174,22.4206,21.0212,22.3892,3101200
2008-12-01,21.3413,21.4981,19.4086,19.4274,7280300
2008-12-02,20.3749,20.7514,19.7349,20.5067,5639300
2008-12-03,20.011,20.5318,18.7246,20.2306,6636600
2008-12-04,19.9231,21.6801,19.7851,21.222,8575200
2008-12-05,20.5192,23.0983,20.262,22.8724,9048000
2008-12-08,24.5917,26.2797,24.0646,25.5455,13630300
2008-12-09,23.9077,27.8045,23.7383,25.7149,15267700
2008-12-10,26.4428,27.61,26.2546,27.4845,9595100
2008-12-11,27.108,28.363,26.6687,27.039,10168000
2008-12-12,25.9471,27.8171,25.602,27.6351,7633500
2008-12-15,27.9739,28.5826,26.5495,27.0201,7765700
2008-12-16,27.428,28.8838,27.1582,28.6454,8034200
2008-12-17,28.5512,30.302,28.3881,29.6556,9325600
2008-12-18,29.9756,29.9819,26.5683,26.9762,9202800
2008-12-19,27.3025,27.61,26.0977,26.7001,8566400
2008-12-22,27.4029,27.9802,25.5267,26.1354,6596900
2008-12-23,26.8884,27.2962,26.2169,26.995,4642400
2008-12-24,27.2084,27.6037,26.5119,27.4092,1907600
2008-12-26,27.6037,28.5952,27.3088,28.4446,3299300
2008-12-29,28.843,28.843,27.5845,28.1157,4463000
2008-12-30,28.4572,29.1781,27.9956,29.1402,4282800
2008-12-31,29.0517,29.7789,28.8177,29.2161,3958400
2009-01-02,29.6904,30.7275,29.6208,30.5441,7049300
2009-01-05,30.0824,30.9867,29.4184,29.9243,9096300
2009-01-06,29.9433,30.152,27.7742,28.8177,10552500
2009-01-07,27.9703,28.4382,27.477,27.6541,7320100
2009-01-08,27.5845,28.5015,27.1165,28.4445,6215400
2009-01-09,28.5647,28.5837,27.5402,27.6478,4874000
2009-01-12,27.2114,27.3505,25.4913,25.8455,6121500
2009-01-13,25.6431,26.9079,25.5546,26.6929,6544900
2009-01-14,26.0036,26.0605,24.7894,24.9601,9250000
2009-01-15,25.1309,26.3008,23.5436,25.7886,11864900
2009-01-16,26.383,27.1735,25.6115,26.6233,7341500
2009-01-20,25.9277,26.9648,25.1182,25.3269,7021600
2009-01-21,25.8391,26.0478,24.4922,25.8012,8387800
2009-01-22,25.4534,26.0542,24.6629,24.9348,6966200
2009-01-23,24.0495,25.7506,23.7776,24.9412,7397500
2009-01-26,24.8842,25.6874,23.3665,23.689,8124400
2009-01-27,24.5933,25.8391,23.7649,25.1688,10200100
2009-01-28,26.13,28.5015,25.9277,28.1726,11809400
2009-01-29,27.8248,27.8438,26.8889,27.2114,6748300
2009-01-30,26.5664,26.6739,25.5483,25.7949,7916700
2009-02-02,25.3838,26.3577,24.9854,25.5672,7150500
2009-02-03,25.8581,27.1924,25.6874,26.9648,6714400
2009-02-04,27.2367,28.4572,26.9395,27.0343,7832500
2009-02-05,26.9079,28.4382,26.7814,27.9829,8482100
2009-02-06,28.3118,29.2856,28.2042,29.02,8485700
2009-02-09,29.6334,29.6334,28.0398,28.6912,6073600
2009-02-10,28.3244,29.0706,26.5158,26.7814,7462000
2009-02-11,27.3379,27.8122,26.4968,27.2367,5673400
2009-02-12,26.7624,27.8564,26.3071,27.7995,6259100
2009-02-13,27.6984,28.3181,27.4391,27.7173,4439100
2009-02-17,26.9964,26.9964,25.3396,25.4281,7993100
2009-02-18,26.0415,26.2439,24.2582,24.4669,9083800
2009-02-19,24.8969,25.6115,24.6629,24.7831,6725500
2009-02-20,24.2266,25.6052,23.9546,25.2826,10024600
2009-02-23,25.6431,25.9087,22.4243,22.4812,8942300
2009-02-24,22.595,23.9673,22.2029,23.8724,8610700
2009-02-25,23.7017,23.8724,22.5571,22.7721,7264900
2009-02-26,23.2337,23.3159,22.1397,22.2156,6755000
2009-02-27,21.5136,22.7405,21.1975,21.2797,9018800
2009-03-02,20.6093,21.2797,18.8703,19.4394,11710400
2009-03-03,19.7303,20.7611,19.6039,20.3121,9514800
2009-03-04,21.4567,22.4243,21.1975,21.9626,11014900
2009-03-05,21.1848,21.4694,20.0086,20.2805,9420000
2009-03-06,20.5777,21.3682,19.7683,20.4512,6995900
2009-03-09,20.1098,20.8433,19.8315,19.9706,6471900
2009-03-10,21.2101,23.3349,21.0267,23.1262,10617600
2009-03-11,23.8851,24.1886,22.6899,23.3349,8844500
2009-03-12,22.2852,23.4551,22.165,23.3729,8103200
2009-03-13,23.6385,24.4353,22.8733,23.6385,9225200
2009-03-16,23.8029,24.3088,23.1199,23.3665,5909300
2009-03-17,20.9635,21.4314,19.9453,21.2164,19598900
2009-03-18,20.6852,22.595,20.584,22.4559,11146700
2009-03-19,22.6583,24.8842,22.6013,24.0811,11779900
2009-03-20,24.4669,24.7894,23.4171,23.6954,8428400
2009-03-23,24.372,25.4218,24.0052,25.4218,8246300
2009-03-24,24.9538,25.9656,24.5238,25.523,7442500
2009-03-25,26.1806,26.3514,23.8724,24.7135,10292500
2009-03-26,25.1562,26.2122,25.1562,25.9846,7162900
2009-03-27,25.5891,26.4693,25.385,25.857,6155000
2009-03-30,24.9513,24.9705,23.9244,24.2944,6125300
2009-03-31,24.6643,24.996,23.7969,24.3454,7078200
2009-04-01,23.8925,25.8315,23.7777,25.5254,6869300
2009-04-02,26.3992,27.6429,26.3035,27.1773,7787600
2009-04-03,27.0051,28.2233,26.6734,27.8725,7562000
2009-04-06,27.375,27.4771,26.6989,27.3049,7216700
2009-04-07,26.5331,26.8456,25.7039,25.8953,6649200
2009-04-08,26.3035,26.3099,24.8875,25.9463,6698000
2009-04-09,26.7436,27.4133,26.5714,27.273,4587700
2009-04-13,26.9349,28.1276,26.6352,27.8087,4656800
2009-04-14,27.4388,27.9172,27.0242,27.2283,4222700
2009-04-15,26.8903,27.1263,26.4693,27.088,4186200
2009-04-16,27.0625,27.9554,26.6479,27.7322,5138600
2009-04-17,27.8279,28.3828,27.4261,28.1659,5333600
2009-04-20,27.0434,27.3049,26.4183,26.5969,5453500
2009-04-21,26.3864,27.5472,26.1951,27.4643,4142700
2009-04-22,27.0115,29.0589,26.8967,28.1085,6419800
2009-04-23,26.7882,27.2602,24.7472,25.5126,13727500
2009-04-24,25.7805,27.0625,25.2065,25.857,8486100
2009-04-27,25.2256,25.991,24.5559,24.8429,6232100
2009-04-28,24.2816,24.9577,23.8543,23.9181,6900800
2009-04-29,24.2051,25.1044,23.9436,24.6324,7078600
2009-04-30,25.1363,26.227,24.9832,25.9527,7432800
2009-05-01,26.0101,26.9605,25.7103,26.4247,6787700
2009-05-04,26.8584,28.7017,26.7882,28.6251,7844200
2009-05-05,28.3828,28.7017,27.4579,28.032,5802000
2009-05-06,28.4593,28.944,27.6748,28.2616,6806100
2009-05-07,28.8101,29.0206,26.8584,27.2857,6960100
2009-05-08,27.8279,28.4465,27.3367,27.8024,4990200
2009-05-11,27.2475,27.8725,26.7819,27.2666,4726100
2009-05-12,27.4962,27.6174,26.4693,27.2538,5162200
2009-05-13,26.5267,26.7882,24.7408,25.2447,7020800
2009-05-14,24.9067,25.5381,24.5623,25.1299,6484900
2009-05-15,25.1554,25.755,24.4602,24.811,5004000
2009-05-18,25.0534,25.8315,24.9194,25.7805,4073900
2009-05-19,25.9782,26.9796,25.857,26.6862,5723400
2009-05-20,27.1837,27.5855,25.6912,25.9017,6848600
2009-05-21,25.4488,25.4552,24.6197,25.0279,5841200
2009-05-22,25.2383,26.3226,25.0279,25.57,5791900
2009-05-26,25.1554,26.4821,24.9641,26.2461,5504300
2009-05-27,26.3737,28.0001,26.3737,26.6415,7209200
2009-05-28,27.1518,27.6174,26.6862,27.3112,5874800
2009-05-29,27.6429,28.0639,27.2666,28.0065,4366700
2009-06-01,28.6698,30.0411,28.5231,29.9646,9740300
2009-06-02,29.7605,30.4939,29.4033,30.2197,6944600
2009-06-03,29.416,29.6648,27.8853,28.5295,8263400
2009-06-04,28.5741,29.7668,27.847,29.5372,8237600
2009-06-05,29.9454,30.5195,28.9185,30.3154,6814800
2009-06-08,29.6201,30.1176,28.8866,29.8242,5420600
2009-06-09,29.6074,30.6343,29.3523,30.4621,6447800
2009-06-10,30.934,31.0616,29.4479,30.2324,6892000
2009-06-11,30.2324,31.776,30.022,31.2338,7180500
2009-06-12,30.7427,30.8001,30.0156,30.2962,4133800
2009-06-15,29.6584,29.8115,28.74,29.18,5068600
2009-06-16,29.9773,30.8958,29.6074,29.888,10069700
2009-06-17,29.6457,30.1687,28.7081,29.5819,7333400
2009-06-18,29.6584,30.2324,29.0588,29.652,4594100
2009-06-19,30.1686,30.3727,29.4734,29.7732,5306800
2009-06-22,29.2183,29.2502,27.6365,27.6939,5585400
2009-06-23,28.1021,28.37,27.088,28.0511,6513400
2009-06-24,28.5422,29.0461,27.7577,28.1787,5065000
2009-06-25,27.8215,28.8675,27.7194,28.74,5278100
2009-06-26,28.6885,29.6784,28.4764,29.0228,4622500
2009-06-29,29.1449,29.6142,28.9263,29.0871,3316600
2009-06-30,29.0871,29.402,28.3993,28.56,4471300
2009-07-01,29.1385,29.1706,27.6407,27.9364,4403800
2009-07-02,27.5186,27.615,27.1201,27.1394,4886900
2009-07-06,26.5737,26.7472,25.8795,26.5544,5902300
2009-07-07,26.6444,26.9915,26.0659,26.188,5006900
2009-07-08,26.3615,26.8629,25.1981,25.9694,6739400
2009-07-09,26.4258,27.2036,26.2266,26.638,5712800
2009-07-10,26.2201,26.6572,25.7959,26.4837,3901000
2009-07-13,26.4901,27.4029,26.2523,27.3708,5550700
2009-07-14,27.4865,27.9493,27.3708,27.48,4599200
2009-07-15,28.11,28.1679,27.6793,28.0329,6433200
2009-07-16,28.0393,28.605,27.7822,28.3607,6357500
2009-07-17,28.3221,28.8749,28.2643,28.6692,4439800
2009-07-20,29.0742,29.5113,28.605,28.8042,6115900
2009-07-21,29.1706,29.4406,27.9493,28.6757,4378800
2009-07-22,28.1293,28.6885,27.9622,28.4635,4978200
2009-07-23,28.1871,28.7399,27.9686,28.5085,7782400
2009-07-24,28.3864,28.9842,28.2835,28.8171,6886600
2009-07-27,28.9199,29.2478,28.605,28.9907,4548600
2009-07-28,28.56,29.2349,28.29,29.1192,5856300
2009-07-29,28.5021,28.5343,27.5508,27.7757,6084800
2009-07-30,28.4571,28.7528,28.1421,28.2386,4428600
2009-07-31,28.1357,28.9264,27.9622,28.5857,4240300
2009-08-03,29.3249,30.4948,29.2671,30.3791,6401900
2009-08-04,30.0834,30.5784,29.9163,30.212,5424200
2009-08-05,30.4562,31.0412,29.9998,30.8355,6034700
2009-08-06,31.0412,31.4976,30.7777,31.3883,6862200
2009-08-07,31.684,32.0054,30.9705,31.5812,5166800
2009-08-10,31.3112,31.4012,29.9806,30.2763,4573300
2009-08-11,30.1413,30.347,29.3506,29.5306,5243500
2009-08-12,29.3442,30.2634,29.3442,29.9677,4463800
2009-08-13,30.3598,30.7134,29.9549,30.6684,4034200
2009-08-14,30.5527,30.6234,29.7363,30.077,3531900
2009-08-17,29.0035,29.2992,28.2836,28.6564,5820600
2009-08-18,28.8364,29.5756,28.7464,29.492,4647500
2009-08-19,28.8364,29.9099,28.7592,29.6206,3960000
2009-08-20,29.6077,30.2505,29.6013,29.9613,3567900
2009-08-21,30.2763,30.6555,30.0899,30.3084,4567400
2009-08-24,30.7519,30.9512,29.9613,30.0641,4271300
2009-08-25,30.3213,30.6748,29.7235,29.807,3991400
2009-08-26,29.762,29.9613,28.9778,29.1064,4295000
2009-08-27,29.1963,29.1963,28.0779,28.8364,6514600
2009-08-28,29.2156,29.5563,28.9971,29.4792,3586600
2009-08-31,28.9649,29.0164,28.47,28.6307,3910800
2009-09-01,28.3993,29.1449,27.8722,28.0714,4278000
2009-09-02,27.9814,28.2771,27.6536,27.8593,4063900
2009-09-03,28.2257,28.3543,27.7629,28.3286,2915800
2009-09-04,28.3221,28.5535,27.9943,28.3928,3177800
2009-09-08,28.9842,29.2542,28.6757,29.1771,4226800
2009-09-09,29.2349,29.5435,28.9264,29.3313,3942500
2009-09-10,29.2671,30.2698,28.9264,30.2313,5405100
2009-09-11,30.7327,30.7327,29.6785,29.807,5897300
2009-09-14,29.357,30.1027,29.2671,30.0898,4378700
2009-09-15,29.4085,30.8548,29.4085,30.7198,9011000
2009-09-16,30.8998,31.1055,30.437,30.9255,5667000
2009-09-17,31.3948,32.8346,31.2148,32.0376,10296800
2009-09-18,32.179,32.3975,31.5876,31.9476,4875700
2009-09-21,31.4269,31.9283,31.1762,31.6711,4205200
2009-09-22,32.0568,32.1404,31.594,31.9604,4111400
2009-09-23,32.0568,32.2304,31.3369,31.3497,3579900
2009-09-24,31.5555,31.5555,30.4498,30.7455,3529600
2009-09-25,30.4691,30.7262,29.8392,30.1156,3394300
2009-09-28,30.1609,30.9381,29.9148,30.692,3544600
2009-09-29,30.7049,30.9122,30.2645,30.3099,4160700
2009-09-30,30.6661,30.8798,30.1156,30.4459,5145700
2009-10-01,30.1868,30.407,29.1052,29.1117,5186100
2009-10-02,28.762,29.3967,28.5612,28.7296,5964700
2009-10-05,29.021,29.6687,28.8203,29.4679,4942200
2009-10-06,30.0378,30.0378,28.9433,29.319,4974200
2009-10-07,29.2348,29.7205,28.9822,29.3319,3213900
2009-10-08,30.0573,30.2775,29.2348,29.4874,6561900
2009-10-09,29.17,29.5586,28.9304,29.1829,4765700
2009-10-12,29.2866,29.5651,28.8008,29.0275,3703800
2009-10-13,29.034,29.2218,28.6584,28.9822,3889000
2009-10-14,29.5003,29.7917,29.2153,29.7075,3888800
2009-10-15,29.4744,30.0443,29.2089,29.8759,4251900
2009-10-16,29.578,29.6816,29.1311,29.293,4770400
2009-10-19,29.3578,29.9925,29.3449,29.6493,4286700
2009-10-20,29.986,30.0184,29.3643,29.5715,5722000
2009-10-21,29.4744,30.4394,29.2736,29.7917,5794700
2009-10-22,29.442,29.7011,28.5029,28.613,8575100
2009-10-23,28.7879,29.0728,28.5029,28.6065,5229500
2009-10-26,28.6648,29.2801,27.9978,28.0301,6369100
2009-10-27,28.056,28.1597,26.3916,26.5664,9649300
2009-10-28,26.4499,26.5535,25.6986,25.8735,9683900
2009-10-29,26.3527,27.0198,26.2361,26.7154,6001700
2009-10-30,26.7413,26.7867,25.3748,25.8087,7549200
2009-11-02,25.9512,26.4304,24.7854,25.2712,8276800
2009-11-03,25.0056,25.459,24.8178,25.2841,7079400
2009-11-04,25.6015,25.7245,24.9927,25.0445,6496800
2009-11-05,25.2712,25.7634,25.2517,25.7634,4564300
2009-11-06,25.4914,26.4305,25.3489,25.4784,4556000
2009-11-09,25.8605,26.819,25.7569,26.7996,6049000
2009-11-10,26.7089,26.7996,26.0354,26.3916,4960100
2009-11-11,26.7284,27.3242,26.7284,26.8514,5365100
2009-11-12,26.7543,27.1364,26.1066,26.3009,4977000
2009-11-13,26.3981,26.696,26.1002,26.4434,3530500
2009-11-16,26.7543,27.5055,26.6636,27.2076,4274200
2009-11-17,27.0328,27.3501,26.7154,27.3501,3199700
2009-11-18,27.5185,27.7711,26.7931,27.1493,4019600
2009-11-19,26.8579,26.8838,26.2167,26.696,3600000
2009-11-20,26.424,26.7089,26.2038,26.6377,3963600
2009-11-23,27.24,27.4084,26.7931,27.0328,3374800
2009-11-24,27.0716,27.2271,26.6507,27.1817,3159100
2009-11-25,27.2853,28.1467,27.104,27.9006,4639900
2009-11-27,27.0004,27.3177,26.4952,27.0781,2265900
2009-11-30,27.6545,27.6545,27.1688,27.4667,5344300
2009-12-01,28.1726,28.341,27.8099,28.0366,4043200
2009-12-02,28.2439,28.6907,28.205,28.5353,4957100
2009-12-03,28.6195,28.7037,27.8099,27.8682,4340200
2009-12-04,28.3151,28.7296,27.2012,27.9395,4724200
2009-12-07,27.7258,28.1402,27.648,27.8423,2968100
2009-12-08,27.5314,27.6675,27.2983,27.4019,3092500
2009-12-09,27.4278,28.1338,27.0975,27.8877,4714300
2009-12-10,27.7711,27.9459,27.1493,27.2271,4896000
2009-12-11,27.3436,27.6998,27.1817,27.3631,4707000
2009-12-14,27.6027,27.784,27.2465,27.7387,3903500
2009-12-15,27.5444,28.082,27.3695,27.8618,3621700
2009-12-16,27.4861,28.1532,27.4278,27.92,8264000
2009-12-17,27.7322,27.933,27.6221,27.8488,4581000
2009-12-18,27.9459,28.3993,27.8229,28.3863,7228400
2009-12-21,28.6583,28.9368,28.2892,28.898,4762000
2009-12-22,28.9109,29.3708,28.7102,29.3643,4685900
2009-12-23,29.6946,29.9018,29.4938,29.8565,3144900
2009-12-24,30.1998,30.6013,30.122,30.5042,2037800
2009-12-28,30.9122,31.087,30.2192,30.407,3900400
2009-12-29,30.6811,30.6811,29.9828,30.0611,2920100
2009-12-30,29.8653,30.7333,29.8653,30.7137,3529300
2009-12-31,30.9487,30.9487,30.4462,30.4462,2290000
2010-01-04,30.9226,31.51,30.8834,31.1902,4923600
2010-01-05,31.1771,31.4969,30.9291,31.4056,3610000
2010-01-06,31.3599,32.6978,31.3599,32.3519,6650900
2010-01-07,32.1692,32.1692,31.399,32.13,4732000
2010-01-08,32.0647,32.9197,31.8689,32.5869,6611200
2010-01-11,33.0764,33.1025,31.9538,32.3976,4522300
2010-01-12,31.8493,31.9407,31.2359,31.5948,5210800
2010-01-13,31.5948,31.9016,30.9291,31.6079,3397200
2010-01-14,31.5818,31.6797,30.9226,31.2685,4450700
2010-01-15,31.2881,31.3795,30.6811,30.9552,3922200
2010-01-19,30.9683,31.4904,30.7529,31.399,3438400
2010-01-20,31.0531,31.1249,30.642,30.7464,5049300
2010-01-21,30.7464,30.8378,29.7609,29.8196,5712900
2010-01-22,28.9973,29.6891,28.4034,28.8406,7093600
2010-01-25,29.3236,29.5977,28.7101,28.8015,5990800
2010-01-26,28.0183,29.1148,27.9008,28.4295,7585900
2010-01-27,28.3185,28.7558,27.1829,27.7964,7340000
2010-01-28,28.2663,28.2663,26.824,27.0198,6786700
2010-01-29,27.4374,27.6006,26.478,26.6281,6653700
2010-02-01,26.9545,27.5223,26.8044,27.3918,4801700
2010-02-02,27.6332,28.0901,27.2221,28.0118,5357900
2010-02-03,27.6854,28.1815,27.2808,27.3722,5049400
2010-02-04,26.5433,26.9545,25.7797,25.7797,9175200
2010-02-05,26.0865,26.4585,25.4077,26.4063,8421400
2010-02-08,26.5107,26.6608,25.8189,25.8254,4748000
2010-02-09,26.3801,26.7456,26.0277,26.4063,5038000
2010-02-10,26.1713,26.2561,25.61,26.0538,6147800
2010-02-11,26.1582,26.8696,26.0408,26.8566,5957000
2010-02-12,26.3279,27.0524,26.106,26.8435,5982400
2010-02-16,27.3983,27.9139,27.2351,27.8617,7459600
2010-02-17,28.0509,28.0509,27.5419,27.6985,4983200
2010-02-18,27.705,28.573,27.5941,28.4686,6230100
2010-02-19,28.2337,29.3954,28.1945,28.9451,7040500
2010-02-22,29.0168,29.0364,28.4099,28.4947,5398900
2010-02-23,28.3968,28.5208,27.209,27.4113,6989100
2010-02-24,27.6332,28.0052,27.2025,27.4701,5767200
2010-02-25,26.8305,27.3918,26.4324,27.333,5943500
2010-02-26,27.3983,27.457,26.6738,27.0198,6456900
2010-03-01,27.2678,27.8095,27.0785,27.6528,5729600
2010-03-02,28.0183,28.2532,27.7377,28.0052,5721400
2010-03-03,28.2141,28.7036,28.1488,28.1684,4400600
2010-03-04,28.1684,28.5078,28.0052,28.3968,4517200
2010-03-05,28.7558,29.1865,28.684,29.0821,4963900
2010-03-08,29.3301,29.539,29.1865,29.2649,5328200
2010-03-09,29.0495,29.5781,28.9189,29.3236,4952400
2010-03-10,29.3628,29.6891,29.0756,29.3889,4868800
2010-03-11,28.9777,29.3889,28.8276,29.3758,4522300
2010-03-12,29.5129,29.6695,29.2127,29.552,6052300
2010-03-15,29.3628,29.4998,29.1278,29.4476,5030800
2010-03-16,29.8849,30.1525,29.4019,30.0676,6990500
2010-03-17,29.9371,30.1655,29.2844,29.4411,7720600
2010-03-18,29.4607,29.6891,28.9255,29.1996,4503600
2010-03-19,28.9712,29.3758,28.6971,28.9712,6494500
2010-03-22,28.547,29.18,28.4164,29.1474,3256700
2010-03-23,29.2518,30.2765,29.18,30.2373,5863900
2010-03-24,30.0546,30.0937,29.7805,29.9045,4313600
2010-03-25,30.3026,30.3026,29.2126,29.291,5180200
2010-03-26,29.5063,30.0219,29.428,29.8065,4033900
2010-03-29,30.2539,30.5104,30.0631,30.2868,3409800
2010-03-30,30.5631,30.5631,29.7276,29.971,2833400
2010-03-31,29.8789,30.1486,29.7605,29.8526,3034600
2010-04-01,30.2473,30.4052,29.9776,30.2276,2971000
2010-04-05,30.5499,31.4775,30.3131,31.267,5907200
2010-04-06,31.2341,31.609,30.9972,31.3393,4088900
2010-04-07,31.2078,31.6156,31.0762,31.3196,6488500
2010-04-08,31.0828,31.3064,30.892,31.2407,4715700
2010-04-09,31.3854,31.4512,30.892,31.1814,4397600
2010-04-12,31.2143,31.3985,30.892,31.017,3261500
2010-04-13,31.017,31.2078,30.5368,30.9183,4527700
2010-04-14,31.313,31.4248,31.0301,31.359,5042100
2010-04-15,31.313,31.313,30.6091,30.6881,6026500
2010-04-16,30.4644,30.6618,29.7013,30.0236,6421000
2010-04-19,29.7934,29.9973,29.4448,29.9513,5724700
2010-04-20,30.2407,30.4249,29.425,29.7737,6513700
2010-04-21,29.8263,29.971,29.3066,29.675,5332900
2010-04-22,29.5303,29.8921,28.7277,29.7802,6567400
2010-04-23,30.0697,30.4183,29.6092,30.2999,5576600
2010-04-26,30.5236,30.7867,30.0631,30.1026,4307500
2010-04-27,30.05,30.2736,29.2671,29.3526,7392200
2010-04-28,29.6882,29.6882,29.1421,29.6092,4818900
2010-04-29,29.8592,30.2144,29.675,30.0368,4459200
2010-04-30,30.1684,30.3723,29.7868,29.8131,6374400
2010-05-03,30.1355,30.3592,29.5237,30.2144,4699300
2010-05-04,29.7671,29.9973,29.379,29.7079,5433900
2010-05-05,29.004,30.9249,29.004,30.1092,7855300
2010-05-06,29.8592,30.7144,28.0501,29.4053,7931300
2010-05-07,29.2606,30.1092,28.3133,29.5369,8373100
2010-05-10,30.642,30.767,30.1947,30.6354,5379600
2010-05-11,30.2078,30.7473,30.0171,30.2539,3919000
2010-05-12,30.4907,30.8328,30.2276,30.767,3945400
2010-05-13,30.8986,31.2341,30.3855,30.4776,4872000
2010-05-14,30.1552,30.3131,29.5895,30.1881,5772100
2010-05-17,30.2342,30.2868,29.3132,29.9513,6162700
2010-05-18,30.2868,30.5565,29.1882,29.2803,6269500
2010-05-19,28.9974,29.6882,28.7803,29.3132,6450700
2010-05-20,28.4975,28.879,27.8067,28.0962,7989000
2010-05-21,27.5173,28.5764,27.4449,28.2541,9555600
2010-05-24,28.1225,28.5961,27.7936,27.7936,4467000
2010-05-25,26.8463,28.2804,26.6818,28.2212,7794200
2010-05-26,28.4317,28.9448,27.8396,27.9251,6652500
2010-05-27,28.8132,28.8724,28.2738,28.8461,5412400
2010-05-28,28.6553,28.7606,28.037,28.3198,3816200
2010-06-01,27.9975,28.2804,27.2542,27.2542,4082000
2010-06-02,27.3791,28.1751,27.3594,28.1291,4452800
2010-06-03,28.3593,28.4185,27.5107,27.9844,3936900
2010-06-04,27.4252,27.6883,26.7542,26.9252,5618900
2010-06-07,27.0108,27.116,26.3924,26.3924,4526000
2010-06-08,26.4253,27.0042,26.2016,26.9384,6361800
2010-06-09,27.1555,27.5897,26.8858,27.0305,6426200
2010-06-10,27.5633,27.9515,27.4252,27.912,4642400
2010-06-11,27.6291,28.1422,27.6291,28.0436,3535600
2010-06-14,28.3133,28.4712,27.8528,27.912,3767600
2010-06-15,27.8528,28.1094,27.1555,28.0567,6498700
2010-06-16,27.7409,27.8725,27.5699,27.7409,4092500
2010-06-17,27.8002,27.8002,26.9779,27.4252,5274800
2010-06-18,27.4712,27.616,27.1226,27.2936,5197200
2010-06-21,27.8265,28.2409,27.287,27.4778,5653700
2010-06-22,27.4647,27.6686,26.9647,27.0239,4751300
2010-06-23,27.0239,27.6028,26.866,27.4449,4594800
2010-06-24,27.195,27.3528,26.6161,26.6687,4973600
2010-06-25,26.7476,27.1818,26.3398,27.0765,5737800
2010-06-28,27.2225,27.2225,26.612,26.6385,4063400
2010-06-29,26.2138,26.2868,25.4042,25.5369,7586400
2010-06-30,25.5037,26.028,25.3378,25.4042,4621700
2010-07-01,25.4374,25.8223,24.787,25.0591,6919700
2010-07-02,25.225,25.2648,24.7604,24.7671,3749100
2010-07-06,25.152,25.4307,24.5215,24.8003,4605700
2010-07-07,24.7405,25.9351,24.641,25.9284,5371800
2010-07-08,26.174,26.1806,25.4971,25.955,4634900
2010-07-09,25.9417,26.4925,25.8886,26.2868,2693400
2010-07-12,26.247,26.247,25.4904,25.663,3633000
2010-07-13,26.0346,26.1873,25.8223,26.0213,2781800
2010-07-14,26.1607,26.3067,25.6364,26.1474,3892400
2010-07-15,26.2337,26.2337,25.6165,26.0612,3305200
2010-07-16,25.8621,25.8621,25.225,25.2781,3872100
2010-07-19,25.4573,25.6829,25.2781,25.517,2578400
2010-07-20,25.2184,26.4859,25.1918,26.4262,4047600
2010-07-21,26.6319,26.8111,25.7426,25.955,4570300
2010-07-22,26.539,26.9836,26.0811,26.3266,4412900
2010-07-23,26.5456,26.5456,25.7891,26.4394,5863800
2010-07-26,26.393,26.6651,26.2204,26.6186,3228000
2010-07-27,26.8974,26.9372,25.9749,26.4129,3945300
2010-07-28,26.2337,26.5456,26.1408,26.247,2791200
2010-07-29,26.4195,26.5788,25.7625,25.9882,2861100
2010-07-30,25.6962,26.0744,25.6364,25.9749,2608600
2010-08-02,26.3598,26.8111,26.2536,26.7248,2310400
2010-08-03,26.6452,26.8708,26.3134,26.4527,3184300
2010-08-04,26.5987,26.7713,26.3598,26.7447,2313300
2010-08-05,26.6054,26.6186,26.2536,26.5324,2415800
2010-08-06,26.2868,26.7779,26.1607,26.539,3078900
2010-08-09,26.5921,26.6452,26.3333,26.5589,1551000
2010-08-10,26.2404,26.5456,25.882,26.3465,2791600
2010-08-11,25.9218,26.0147,25.4506,25.4573,3107400
2010-08-12,25.2051,25.7294,25.0989,25.59,2865900
2010-08-13,25.4241,25.517,25.225,25.2781,1993200
2010-08-16,25.2316,25.6033,25.1055,25.4971,1881100
2010-08-17,25.663,26.3333,25.663,26.0944,2843400
2010-08-18,26.0612,26.3067,25.8488,26.1076,2480200
2010-08-19,26.0612,26.3266,25.4573,25.5767,2837700
2010-08-20,25.4108,25.5037,25.2183,25.4639,2534900
2010-08-23,25.5634,25.6033,25.0524,25.0591,2847400
2010-08-24,24.8003,24.86,24.2893,24.3424,4952600
2010-08-25,24.1565,24.4353,23.6986,24.3424,8353900
2010-08-26,24.5348,24.6476,24.1101,24.1432,2999900
2010-08-27,24.3158,24.7339,24.1366,24.7206,3039500
2010-08-30,24.5481,24.8799,24.3291,24.3291,2604900
2010-08-31,24.2163,24.7073,24.1632,24.4087,3036400
2010-09-01,24.7671,25.2582,24.6874,25.1918,3012900
2010-09-02,25.2051,25.5103,24.9861,25.5103,1935600
2010-09-03,25.8156,25.8488,25.4241,25.6696,2966100
2010-09-07,25.5568,26.3664,25.4904,26.1342,4104500
2010-09-08,26.174,26.8443,26.1209,26.5655,3567600
2010-09-09,27.1429,27.1429,26.2934,26.4328,3022800
2010-09-10,26.4992,26.7779,26.2934,26.6054,1732500
2010-09-13,26.8509,27.1363,26.8509,26.9836,2187500
2010-09-14,26.0811,26.5788,25.2515,26.1541,6728600
2010-09-15,25.9749,26.1541,25.8953,26.0612,3623300
2010-09-16,25.8886,26.2337,25.809,25.8488,3473300
2010-09-17,25.882,25.9683,25.5833,25.7094,3206500
2010-09-20,25.4573,25.7625,25.2781,25.7227,3528800
2010-09-21,25.6099,25.6298,25.0923,25.2648,8789600
2010-09-22,25.2383,25.6763,25.0325,25.1122,4332900
2010-09-23,24.8533,24.9794,24.5016,24.5547,4822400
2010-09-24,24.8799,25.0724,24.7007,24.9794,3142800
2010-09-27,24.9794,25.0392,24.7671,24.9197,3056600
2010-09-28,25.0604,25.5161,24.7723,25.4759,4321700
2010-09-29,25.295,25.8176,25.228,25.7238,3750100
2010-09-30,25.8444,25.9985,25.4826,25.5965,3418600
2010-10-01,25.8712,26.0454,25.6702,26.0454,3526900
2010-10-04,25.8913,25.9918,25.63,25.831,3765800
2010-10-05,26.099,26.5279,25.9851,26.4877,3699000
2010-10-06,26.5011,27.017,26.4676,26.6887,3887900
2010-10-07,26.8026,26.8093,25.8913,26.1258,3896800
2010-10-08,26.0789,26.8361,26.0789,26.749,3570300
2010-10-11,26.8227,27.0907,26.6887,26.8562,2239800
2010-10-12,26.7289,26.9232,26.4877,26.7222,3222400
2010-10-13,27.0505,27.0505,26.7155,26.9031,3586900
2010-10-14,26.9031,26.9701,26.3135,26.5614,3790200
2010-10-15,26.7289,26.8026,26.0454,26.3,8579400
2010-10-18,26.1459,26.5145,26.0052,26.4743,2319100
2010-10-19,25.9985,26.4676,25.697,25.8109,3867400
2010-10-20,25.9114,26.4609,25.9114,26.3872,3214100
2010-10-21,26.2598,26.3335,25.0336,25.3888,8120100
2010-10-22,25.563,25.63,25.2614,25.3821,3429000
2010-10-25,25.63,25.7975,25.3888,25.6367,3553900
2010-10-26,25.2212,25.5094,25.047,25.3821,2870000
2010-10-27,25.1274,25.248,24.8058,25.1743,3291600
2010-10-28,25.3285,25.5295,25.2346,25.4357,2814700
2010-10-29,25.4156,25.7037,25.2614,25.6099,2297800
2010-11-01,25.7238,26.0119,25.4357,25.5965,2945900
2010-11-02,25.7975,26.2531,25.7975,25.9583,2788100
2010-11-03,26.1124,26.1124,25.3955,25.8243,3551900
2010-11-04,26.2129,26.4475,26.0655,26.4006,5102800
2010-11-05,26.3737,27.3453,26.3737,27.0706,4964700
2010-11-08,26.9299,27.0371,26.7892,26.9902,2620500
2010-11-09,27.084,27.4325,26.6686,26.749,3813700
2010-11-10,26.7758,27.1778,26.548,27.1376,2954400
2010-11-11,26.95,27.2783,26.8428,27.2314,2253400
2010-11-12,26.9165,27.2984,26.7021,26.8428,3787600
2010-11-15,26.9902,27.0371,26.3671,26.3738,2969000
2010-11-16,26.166,26.1928,25.3888,25.4424,6064900
2010-11-17,25.4156,25.831,25.2079,25.2213,4949400
2010-11-18,25.5563,25.7774,25.2681,25.3419,4029800
2010-11-19,25.362,25.6233,25.1341,25.4357,4082600
2010-11-22,25.3351,25.6769,25.1944,25.6367,3028700
2010-11-23,25.3419,25.3419,24.9599,25.1274,3066400
2010-11-24,25.2212,25.4759,25.0939,25.4357,3622300
2010-11-26,25.2279,25.248,25.047,25.1542,1233200
2010-11-29,25.047,25.2347,24.7924,25.2079,3311800
2010-11-30,24.9398,25.7238,24.9264,25.2882,4301500
2010-12-01,25.7908,26.3,25.7372,26.2799,4124100
2010-12-02,26.2531,27.017,26.2531,26.9768,4648200
2010-12-03,26.9232,26.9902,26.548,26.7423,4228800
2010-12-06,26.7289,26.7959,26.4877,26.6284,7125400
2010-12-07,27.1242,27.7675,27.1242,27.6938,7834400
2010-12-08,27.7809,28.1293,27.3453,27.6067,5489200
2010-12-09,27.7206,27.9082,27.3923,27.7675,3797100
2010-12-10,27.7943,28.0958,27.5196,28.0623,3031300
2010-12-13,28.3035,28.786,28.1695,28.6185,6524300
2010-12-14,28.6319,29.0004,28.5783,28.9401,7021300
2010-12-15,28.7927,29.2148,28.6989,29.054,5173200
2010-12-16,28.5515,29.7978,28.4108,29.7174,10680400
2010-12-17,29.7509,29.9787,29.3756,29.8715,6991300
2010-12-20,29.9586,30.0189,29.5901,29.6772,4083800
2010-12-21,29.7643,30.0658,29.4828,29.8648,3882600
2010-12-22,29.8849,29.9452,29.6437,29.8179,3369700
2010-12-23,29.7174,30.0457,29.7174,29.8648,2436200
2010-12-27,29.7978,29.9385,29.57,29.771,1731000
2010-12-28,29.8179,29.972,29.7241,29.8581,2169700
2010-12-29,29.975,30.1168,29.8601,29.8939,2316500
2010-12-30,29.8466,30.1979,29.8466,30.0358,1805300
2010-12-31,29.9344,30.0493,29.5088,29.6034,2436000
2011-01-03,29.8871,30.1236,29.6709,29.8669,3071500
2011-01-04,29.9006,30.0695,28.9211,29.6101,4724300
2011-01-05,29.4143,30.1979,29.144,29.9412,3852600
2011-01-06,29.8871,30.0695,29.5966,29.6642,2835100
2011-01-07,29.6507,30.029,29.2656,29.7183,5602700
2011-01-10,29.6304,29.8331,29.1643,29.5561,4221000
2011-01-11,29.6304,30.279,29.6169,30.2114,4475700
2011-01-12,30.3871,30.5695,29.9682,30.2182,3211900
2011-01-13,30.2182,30.5627,30.0966,30.2114,2791300
2011-01-14,30.0966,30.2249,29.7926,29.8601,3069100
2011-01-18,30.1371,30.5357,30.056,30.4276,2968700
2011-01-19,30.4479,30.5289,29.4885,29.5831,4926400
2011-01-20,29.4413,30.1574,29.2589,30.1438,5277200
2011-01-21,30.4343,30.6167,30.0222,30.0966,8182300
2011-01-24,30.1709,30.7113,30.0695,30.4479,2985700
2011-01-25,30.0898,30.5357,29.8398,30.36,4050600
2011-01-26,30.5695,31.5153,30.5695,31.4139,6451500
2011-01-27,31.5693,31.5693,30.279,30.6708,5751800
2011-01-28,31.1572,31.4139,30.3938,30.4681,5882700
2011-01-31,30.6303,31.1032,30.6168,31.0154,5621500
2011-02-01,31.2383,31.9881,31.1842,31.8868,4091100
2011-02-02,31.7855,32.8461,31.5828,32.3057,4611300
2011-02-03,32.2719,32.6299,31.8328,32.5691,3969400
2011-02-04,32.5827,32.7651,31.853,32.407,3352000
2011-02-07,32.4948,32.7853,32.3394,32.4205,2679600
2011-02-08,32.5489,32.6705,31.799,32.1706,3731800
2011-02-09,31.9949,32.1638,31.4207,31.7855,3919000
2011-02-10,31.6571,32.157,31.5085,31.9476,2677000
2011-02-11,31.8733,32.3394,31.7179,32.2989,2901400
2011-02-14,32.2651,33.0083,32.2449,32.5691,2602700
2011-02-15,32.5354,33.1704,32.5016,32.657,3010100
2011-02-16,32.9475,33.2515,32.6907,32.8326,2731400
2011-02-17,32.8394,33.1028,32.5759,33.0218,2574100
2011-02-18,33.042,33.265,32.6907,32.9272,2584100
2011-02-22,32.6097,32.9947,31.9341,31.9814,4069100
2011-02-23,31.7922,32.3395,31.2518,31.6774,4087700
2011-02-24,31.6571,32.1368,31.2653,31.6977,2766500
2011-02-25,31.8801,32.0827,31.3666,31.6977,2982200
2011-02-28,32.0084,32.4273,31.9476,32.4002,2555600
2011-03-01,32.4881,32.7516,31.4815,31.4882,3335800
2011-03-02,31.5761,32.1098,31.3869,31.6504,3750500
2011-03-03,32.0422,32.4543,31.9071,32.407,4849900
2011-03-04,32.3462,32.5421,31.9611,32.3868,4711800
2011-03-07,32.4138,32.5489,31.6436,31.6706,6112500
2011-03-08,31.7922,32.0895,31.4342,31.8868,2412200
2011-03-09,31.745,31.8463,30.8937,31.2721,3606100
2011-03-10,30.9275,31.0018,30.2317,30.4479,5325600
2011-03-11,30.2249,31.8666,30.2249,31.8125,5193300
2011-03-14,31.772,32.0895,31.2788,31.6504,3920900
2011-03-15,30.61,31.772,30.5424,31.4612,9864900
2011-03-16,31.3666,31.5018,29.9547,30.2587,7306400
2011-03-17,30.7654,30.9545,30.3398,30.5627,4030100
2011-03-18,30.9478,31.0694,30.4749,30.6505,5371100
2011-03-21,31.0086,31.0694,30.6438,30.8397,2460600
2011-03-22,30.7654,30.9005,30.4681,30.8735,2226100
2011-03-23,30.7991,31.272,30.637,31.1167,2266500
2011-03-24,31.3464,31.4139,31.0086,31.3261,1904700
2011-03-25,31.5152,31.6841,31.3396,31.4544,1895800
2011-03-28,31.468,31.6909,31.2112,31.2383,2138900
2011-03-29,31.2539,31.785,31.0973,31.7442,2357400
2011-03-30,31.9893,32.0642,31.322,31.751,2710900
2011-03-31,31.608,31.7442,31.322,31.3356,3203100
2011-04-01,31.608,31.7374,31.3016,31.4582,3088400
2011-04-04,31.4991,32.003,31.4923,31.9144,2455300
2011-04-05,31.9348,32.5477,31.785,32.3162,3114500
2011-04-06,32.4319,32.5477,32.3094,32.4387,2967600
2011-04-07,32.4387,32.6839,32.2685,32.323,3973300
2011-04-08,32.4455,32.609,31.4446,31.608,3023100
2011-04-11,31.7442,31.8259,31.2131,31.4991,2976900
2011-04-12,31.0429,31.3493,30.682,30.7841,4020600
2011-04-13,31.0837,31.1041,30.2462,30.539,3683700
2011-04-14,30.3347,30.716,30.3211,30.6207,2280200
2011-04-15,30.6683,31.1041,30.4709,30.7977,3100700
2011-04-18,30.3619,30.5798,30.0964,30.4913,2192600
2011-04-19,30.5798,31.2267,30.5798,31.1178,2450400
2011-04-20,31.6012,31.8327,31.322,31.6489,3450800
2011-04-21,32.1868,32.1868,31.1722,31.4242,3028700
2011-04-25,30.8931,31.1178,30.4641,30.7092,2702700
2011-04-26,30.859,31.6693,30.7228,31.5876,3400000
2011-04-27,31.6829,31.6829,30.8386,31.5127,3635800
2011-04-28,31.4037,31.8327,31.288,31.6557,2210300
2011-04-29,31.6693,32.0029,31.3424,31.9757,2561000
2011-05-02,31.9893,32.0029,30.9543,31.0837,2691000
2011-05-03,31.0224,31.3969,30.859,31.3833,6774300
2011-05-04,31.1926,31.4242,30.6956,30.8794,3649400
2011-05-05,30.6411,30.9543,30.2462,30.4368,3490300
2011-05-06,30.8658,30.9679,29.8989,30.1032,5984700
2011-05-09,30.2258,30.7773,30.1509,30.6071,2651100
2011-05-10,30.7296,30.7569,30.3347,30.6139,2190500
2011-05-11,30.5322,30.5322,30.0079,30.1372,3502900
2011-05-12,30.1509,30.3007,29.7491,30.1509,2918000
2011-05-13,30.2121,30.2326,29.1772,29.2521,3883300
2011-05-16,29.1431,29.8036,28.9865,29.3338,3513300
2011-05-17,29.1976,29.3882,28.6869,28.9797,3978200
2011-05-18,29.0546,29.3133,28.7482,29.2316,2910900
2011-05-19,29.4086,29.4767,28.8843,29.1703,2355600
2011-05-20,29.1908,29.1908,28.4077,28.4622,3614700
2011-05-23,28.0741,28.4077,28.0128,28.292,3342000
2011-05-24,28.5371,28.9593,28.5303,28.5575,3814300
2011-05-25,28.3941,28.6733,28.2783,28.4486,3228800
2011-05-26,28.3192,28.6733,28.0128,28.5235,4258300
2011-05-27,28.6733,28.8843,28.4894,28.6596,2231700
2011-05-31,29.0137,29.0273,28.292,28.8299,3103700
2011-06-01,28.6392,28.6392,27.7949,27.8766,4114300
2011-06-02,27.863,28.04,27.5362,27.8562,3734100
2011-06-03,27.5293,27.9379,27.4476,27.5089,2846500
2011-06-06,27.5089,27.7404,27.2297,27.2365,2703100
2011-06-07,27.4068,27.6451,27.257,27.2638,2563600
2011-06-08,27.2161,27.3114,26.8348,26.8893,3525200
2011-06-09,26.8961,27.2093,26.8689,27.0119,2885800
2011-06-10,26.8212,27.6042,26.8212,27.2229,5955200
2011-06-13,27.3523,27.3523,26.6918,26.8689,3842200
2011-06-14,27.1821,27.8698,27.0936,27.72,4239500
2011-06-15,28.0809,28.292,27.0323,27.1004,7483000
2011-06-16,27.1616,27.3932,26.4875,26.8689,4701400
2011-06-17,27.1412,27.1821,26.5624,26.862,3985000
2011-06-20,26.828,27.2365,26.7327,27.0527,2800300
2011-06-21,27.257,27.5293,27.2025,27.4544,7020300
2011-06-22,27.2842,27.8289,27.2774,27.434,3859500
2011-06-23,27.0867,27.3387,26.5692,27.2365,4935900
2011-06-24,27.3046,27.4612,26.7191,26.9369,6031800
2011-06-27,26.862,26.9369,26.6033,26.8825,3359900
2011-06-28,27.0495,27.29,26.9739,27.2763,3036200
2011-06-29,27.4481,27.9979,27.4206,27.6542,3736900
2011-06-30,27.7711,28.4171,27.5924,28.3277,4065800
2011-07-01,28.3002,28.6232,28.1078,28.5683,2533000
2011-07-05,28.4514,28.5133,28.1628,28.3208,2563500
2011-07-06,28.3002,28.3002,27.8673,28.0528,3232100
2011-07-07,28.3071,28.6576,28.1834,28.527,2584000
2011-07-08,28.204,28.2934,27.7642,28.1284,2740000
2011-07-11,27.6817,27.6817,27.1182,27.3656,3947300
2011-07-12,27.2694,27.5786,27.2144,27.2488,2170200
2011-07-13,27.3862,27.8329,27.2488,27.3656,2378800
2011-07-14,27.4137,27.6267,26.7333,26.9601,3477700
2011-07-15,27.0426,27.1663,26.8021,27.1388,2608000
2011-07-18,27.077,27.2075,26.6646,26.7471,2611500
2011-07-19,26.9533,27.1938,26.7883,27.18,2648200
2011-07-20,27.2144,27.5924,27.0082,27.3519,2858900
2011-07-21,27.5031,28.0528,27.3175,27.9223,5275700
2011-07-22,27.9498,28.4239,27.936,28.2453,3954300
2011-07-25,27.8192,28.1765,27.7985,27.9704,2640900
2011-07-26,27.881,27.881,27.1457,27.29,3640700
2011-07-27,27.1457,27.2281,26.7677,26.8021,6013900
2011-07-28,26.8021,27.1732,26.6715,26.7471,2861500
2011-07-29,26.4859,27.0014,26.3004,26.7265,2853400
2011-08-01,27.1457,27.2144,26.1492,26.431,3277300
2011-08-02,26.1629,26.4172,25.675,25.675,3680500
2011-08-03,25.6956,25.9087,25.029,25.6613,4079600
2011-08-04,25.2283,25.2352,23.9913,24.0188,6078800
2011-08-05,24.4242,24.6785,23.2697,24.0188,6097700
2011-08-08,23.359,23.5789,22.0121,22.0189,10879800
2011-08-09,22.6374,23.3384,21.6822,23.3315,9445300
2011-08-10,22.5893,23.1529,22.2457,22.2938,5983200
2011-08-11,22.5412,23.5789,22.2182,23.3865,6023100
2011-08-12,23.7782,23.8951,23.2697,23.4896,3327200
2011-08-15,23.627,23.9157,23.524,23.9088,2643600
2011-08-16,23.6339,23.9501,23.3453,23.4827,3205800
2011-08-17,23.5721,23.8538,23.1941,23.2972,2634800
2011-08-18,22.7749,22.7749,21.8609,21.9777,4825100
2011-08-19,21.6891,22.5069,21.6409,21.6547,3498200
2011-08-22,22.232,22.3213,21.5585,21.6341,2962300
2011-08-23,21.7165,22.4175,21.5447,22.4106,3190700
2011-08-24,22.8024,23.3728,22.6993,23.3659,5002900
2011-08-25,23.5102,23.6477,22.7886,22.8436,3454000
2011-08-26,22.6787,23.6339,22.3007,23.6133,3987000
2011-08-29,24.005,24.5686,23.8332,24.5411,2519100
2011-08-30,24.3486,25.0015,24.2524,24.8297,3352000
2011-08-31,25.1115,25.1596,24.5479,24.7954,4170700
2011-09-01,24.7541,24.9809,24.2937,24.3418,3736800
2011-09-02,23.7989,23.8332,23.2559,23.414,3190300
2011-09-06,22.2388,23.0429,22.2388,22.8711,4849400
2011-09-07,23.2285,23.8951,23.1529,23.8745,3065700
2011-09-08,23.579,23.8332,23.4209,23.5721,2721500
2011-09-09,23.1666,23.359,22.5893,22.7749,4853000
2011-09-12,22.4725,22.8367,22.0808,22.6443,4493000
2011-09-13,22.7474,23.2422,22.5206,23.1322,3760900
2011-09-14,23.2559,23.7095,22.7543,23.4346,3293500
2011-09-15,23.8126,24.1837,23.5927,24.1081,3438800
2011-09-16,24.1768,24.3074,23.6958,24.0806,4012100
2011-09-19,23.3796,23.7301,22.9948,23.6339,2822300
2011-09-20,23.6752,23.9569,23.3659,23.4415,2693300
2011-09-21,23.3865,23.5583,22.6168,22.6237,4895500
2011-09-22,21.9433,22.0189,21.1118,21.476,10240500
2011-09-23,21.476,22.1289,21.4279,21.6959,5115600
2011-09-26,22.0121,22.5412,21.3661,22.5343,5225500
2011-09-27,23.0773,23.6545,22.878,22.9879,3714800
2011-09-28,23.0595,23.1846,22.1077,22.1702,4075400
2011-09-29,22.7329,22.9136,22.0521,22.5523,4310100
2011-09-30,22.2605,22.5731,21.9617,21.9826,4250100
2011-10-03,21.8158,22.2188,21.3434,21.4754,5071200
2011-10-04,21.0863,21.9687,20.7181,21.934,6100000
2011-10-05,21.9201,23.0039,21.7394,22.9761,3958400
2011-10-06,23.0317,23.6431,22.8997,23.5041,3587900
2011-10-07,23.7195,23.7612,22.6704,22.8372,4444300
2011-10-10,23.386,23.8863,23.386,23.8307,3126100
2011-10-11,23.7056,24.324,23.657,24.1016,4060900
2011-10-12,24.3796,25.1091,24.3796,24.713,4639300
2011-10-13,24.456,24.7339,24.0113,24.6019,2929900
2011-10-14,24.991,25.116,24.6088,24.9284,2199200
2011-10-17,24.7269,24.8242,23.8585,24.0183,3406700
2011-10-18,23.9905,24.9145,23.6223,24.7269,3732100
2011-10-19,24.6991,24.6991,24.1155,24.2406,3678500
2011-10-20,24.581,25.0604,24.0947,24.9493,4431400
2011-10-21,25.3592,25.7483,25.1994,25.5676,3945800
2011-10-24,25.8594,26.186,25.7344,26.1234,3219200
2011-10-25,26.0401,26.1234,25.3731,25.4009,4068700
2011-10-26,25.8664,26.054,25.1994,25.8525,3486000
2011-10-27,26.6515,27.6797,26.5472,27.3671,6252300
2011-10-28,26.9919,27.3879,26.7765,27.3115,4121000
2011-10-31,26.8252,26.9502,26.2346,26.2485,4974500
2011-11-01,25.1508,26.318,24.8937,25.7691,5843600
2011-11-02,26.3875,26.6584,25.9845,26.2971,4126800
2011-11-03,26.5611,26.9224,26.1234,26.7696,2778800
2011-11-04,26.5472,27.2559,26.311,27.1031,3009700
2011-11-07,27.0961,27.4852,26.5889,27.0822,2871600
2011-11-08,27.2142,27.513,26.9572,27.4991,3123200
2011-11-09,26.6306,26.9294,26.054,26.1929,4548500
2011-11-10,26.5681,26.9363,26.2415,26.6653,3259900
2011-11-11,27.2003,27.777,27.1309,27.5825,3363900
2011-11-14,27.4504,27.5269,27.0683,27.2837,2460400
2011-11-15,27.0961,27.638,26.978,27.4782,2077500
2011-11-16,27.0961,27.5964,26.9711,27.0336,2846800
2011-11-17,26.9016,27.2073,26.2207,26.4083,3769700
2011-11-18,26.6445,26.8599,26.3249,26.5125,2472900
2011-11-21,25.8942,26.186,25.5051,26.0192,3328200
2011-11-22,25.9984,26.1721,25.5329,25.8455,2509300
2011-11-23,25.4634,25.5398,24.6158,24.6505,3818400
2011-11-25,24.4907,25.0257,24.4907,24.713,1380300
2011-11-28,25.7344,25.9636,25.2202,25.5329,4788000
2011-11-29,25.6371,25.915,25.2341,25.5885,3866700
2011-11-30,26.6515,27.4088,26.4083,27.3949,5819800
2011-12-01,27.2003,27.6311,27.0961,27.4227,4167900
2011-12-02,27.8256,28.6107,27.7284,28.0132,5630900
2011-12-05,28.5412,28.6593,28.1869,28.4092,3807700
2011-12-06,28.2981,28.8817,28.0827,28.5899,3517100
2011-12-07,28.3953,28.7219,28.0063,28.6038,8240100
2011-12-08,28.3467,28.3467,27.4088,27.4991,4192800
2011-12-09,27.7214,28.3467,27.6311,28.2147,2989500
2011-12-12,27.6867,27.7353,27.2976,27.6797,3200000
2011-12-13,27.8951,28.2008,26.8043,26.9711,4241500
2011-12-14,26.8113,27.3115,26.6376,26.9016,4368400
2011-12-15,27.1517,27.3184,26.3875,26.8252,4525100
2011-12-16,27.11,27.4435,26.8529,27.0892,4272300
2011-12-19,27.2976,27.3254,26.4569,26.5542,2861900
2011-12-20,27.1448,27.784,27.1378,27.5825,3285600
2011-12-21,27.7353,27.7839,26.9989,27.4852,3005500
2011-12-22,27.6519,28.0202,27.5477,27.8673,2279300
2011-12-23,27.9229,28.1105,27.7423,28.1035,1441500
2011-12-27,28.0341,28.2981,27.9715,28.1383,2190100
2011-12-28,28.0857,28.2259,27.5459,27.7352,2960700
2011-12-29,27.7492,27.9665,27.5879,27.7562,1995800
2011-12-30,27.644,27.9385,27.644,27.7422,1524100
2012-01-03,28.4222,28.8709,28.261,28.4082,3128000
2012-01-04,28.3311,28.7868,28.1838,28.6606,2521300
2012-01-05,28.4012,28.7377,28.0997,28.7097,2190200
2012-01-06,28.7307,28.8849,28.3241,28.8639,3428200
2012-01-09,28.9901,29.0883,28.6606,28.8008,1918500
2012-01-10,29.1163,29.3056,28.8849,29.1513,2581100
2012-01-11,29.1513,29.6281,29.0672,29.5229,3619400
2012-01-12,29.6211,29.7613,29.2775,29.6351,2666500
2012-01-13,29.2565,29.3547,28.8429,29.3476,2331400
2012-01-17,29.7262,29.7964,29.2986,29.4388,2147800
2012-01-18,29.3827,29.9856,29.1864,29.8805,2693500
2012-01-19,29.9225,30.231,29.9015,30.0768,2838200
2012-01-20,30.1329,30.2801,29.7403,30.0558,1999800
2012-01-23,30.1048,30.2801,29.8735,30.0768,1914500
2012-01-24,29.7332,30.3572,29.6141,30.2871,1898100
2012-01-25,30.3222,30.9251,30.0417,30.6657,3201300
2012-01-26,30.869,31.2686,30.7849,30.9391,2980000
2012-01-27,30.3642,31.3948,30.1819,31.1985,3737000
2012-01-30,30.7709,31.4439,30.5605,31.2686,3366600
2012-01-31,31.3107,31.542,30.9181,31.1915,3776700
2012-02-01,31.493,31.7945,31.3598,31.4229,2365600
2012-02-02,31.479,31.6402,31.2055,31.2406,2375000
2012-02-03,31.6332,32.0679,31.5,31.8365,2651600
2012-02-06,31.6823,31.8435,31.4439,31.6402,3376100
2012-02-07,31.5841,31.9838,31.2897,31.7805,2378100
2012-02-08,31.8646,32.0118,31.6472,31.7664,2103100
2012-02-09,31.9206,32.0749,31.4579,31.8295,2192800
2012-02-10,31.4159,31.4159,30.7919,31.1775,3223800
2012-02-13,31.3528,31.472,30.7779,30.7919,3280100
2012-02-14,30.7498,30.8199,30.0417,30.4063,3957800
2012-02-15,30.5255,30.5886,30.0838,30.2591,2257800
2012-02-16,30.3152,30.9461,30.0838,30.9461,2934800
2012-02-17,31.0934,31.1144,30.6727,30.7849,1801400
2012-02-21,30.9672,31.6753,30.848,31.1004,3087500
2012-02-22,30.5816,30.9672,30.4694,30.5465,2867900
2012-02-23,30.5465,30.6026,30.1819,30.5886,2026600
2012-02-24,30.6447,30.9041,30.5535,30.7498,1784800
2012-02-27,30.4694,30.9952,30.3362,30.9531,2024600
2012-02-28,31.0583,31.1074,30.7288,30.869,2854100
2012-02-29,30.869,31.0233,30.3572,30.5185,2244600
2012-03-01,30.6797,30.9532,30.6026,30.7288,1817200
2012-03-02,30.6587,30.883,30.4484,30.5465,1831300
2012-03-05,30.4624,30.4764,29.593,29.8104,3062400
2012-03-06,29.3266,29.3617,28.8078,28.9621,3988800
2012-03-07,29.0672,29.1303,28.8078,29.0602,3926300
2012-03-08,29.2635,29.4107,28.913,29.2004,1583800
2012-03-09,29.2986,30.0067,29.1654,29.6211,2167900
2012-03-12,29.565,29.9506,29.5019,29.6702,2773400
2012-03-13,29.8594,30.6026,29.6701,30.5675,3628700
2012-03-14,30.5395,31.2616,30.5255,30.7849,3687100
2012-03-15,30.3011,30.7849,29.9506,30.4624,5698500
2012-03-16,31.3808,31.3808,30.7779,31.0092,4798400
2012-03-19,31.4299,31.6893,31.1284,31.4088,4070100
2012-03-20,31.0794,31.0794,30.4554,30.7288,4507900
2012-03-21,30.7288,30.7849,30.3502,30.5535,2823100
2012-03-22,30.1819,30.203,29.6281,30.0698,2970600
2012-03-23,30.0768,30.4484,29.9015,30.2521,2382700
2012-03-26,30.5255,30.6937,30.2801,30.6797,2338100
2012-03-27,30.6938,30.9602,30.4484,30.4764,2083400
2012-03-28,30.3103,30.4587,29.7093,30.084,2479600
2012-03-29,29.7871,30.2678,29.681,30.2678,1831600
2012-03-30,30.5931,30.6708,30.0416,30.3668,2428900
2012-04-02,30.3739,31.1021,30.2184,30.7486,3896900
2012-04-03,30.6496,30.7203,29.978,30.2749,3836300
2012-04-04,29.9143,30.0062,29.5608,29.7659,2770600
2012-04-05,29.7658,30.0982,29.4053,29.476,2308600
2012-04-09,29.0942,29.3487,28.9245,29.073,2661300
2012-04-10,28.9386,29.2921,28.5286,28.776,3791100
2012-04-11,29.2214,29.3911,29.0588,29.0942,2329800
2012-04-12,29.1719,29.978,29.1719,29.8719,2139600
2012-04-13,29.8083,29.8083,29.3487,29.3911,5597300
2012-04-16,29.6456,29.9355,29.3487,29.4689,3944800
2012-04-17,29.7729,30.1618,29.6881,29.9214,2120500
2012-04-18,29.8012,30.0062,29.7163,29.8365,2187400
2012-04-19,29.6951,29.7022,28.1963,28.3447,7786500
2012-04-20,28.4437,28.5073,27.8569,28.0478,5069300
2012-04-23,27.5811,27.6377,27.164,27.5175,3940600
2012-04-24,27.5811,27.765,27.3054,27.5034,2852000
2012-04-25,27.8074,27.9559,27.6023,27.8145,2374500
2012-04-26,27.6448,27.9983,27.5034,27.9276,1780500
2012-04-27,28.0053,28.1114,27.6165,27.8074,2322700
2012-04-30,27.7013,27.8074,27.5175,27.7225,1665500
2012-05-01,27.6589,28.1609,27.5953,27.8852,1916300
2012-05-02,27.6731,27.7296,27.3407,27.567,2069400
2012-05-03,27.6023,27.7579,27.2418,27.2771,2075000
2012-05-04,27.1923,27.2418,26.6408,26.7468,2865000
2012-05-07,26.662,26.867,26.3862,26.5489,2773200
2012-05-08,26.3297,26.4499,25.9833,26.4075,2793700
2012-05-09,25.9338,26.7044,25.9338,26.3438,4537400
2012-05-10,26.5984,26.7398,26.1105,26.1954,2883500
2012-05-11,26.1247,26.5135,25.955,26.0822,2252100
2012-05-14,25.8065,26.0964,25.5166,25.962,2711300
2012-05-15,25.9691,26.0752,25.2338,25.3045,4171600
2012-05-16,25.4388,25.7287,24.7954,24.7954,3601300
2012-05-17,24.8591,25.0853,24.5409,24.5975,3181900
2012-05-18,24.746,24.8591,24.2015,24.3147,3328700
2012-05-21,24.4278,24.8803,24.3924,24.8167,2996400
2012-05-22,24.9086,25.4388,24.7884,25.0217,4117300
2012-05-23,24.8025,25.3752,24.5056,25.3752,3400000
2012-05-24,25.4954,25.6015,24.9651,25.2621,4374900
2012-05-25,25.2338,25.7217,25.2055,25.5308,2928100
2012-05-29,25.8348,26.1459,25.559,25.8843,2264400
2012-05-30,25.4883,25.5449,25.255,25.3893,2346500
2012-05-31,25.3681,25.4671,24.8025,25.2833,2991100
2012-06-01,24.8025,25.5025,24.746,25.2904,4572200
2012-06-04,25.2621,25.3752,24.7672,25.2197,4085700
2012-06-05,25.0288,25.3469,24.9369,25.2479,2826200
2012-06-06,25.5732,26.0186,25.5095,25.9974,3006400
2012-06-07,26.358,26.8529,26.2236,26.3721,8381000
2012-06-08,26.1954,26.3438,25.856,26.3156,2340500
2012-06-11,26.5913,26.6761,25.5095,25.5449,4232600
2012-06-12,25.6085,25.7782,25.255,25.5308,4728900
2012-06-13,24.8167,25.8136,24.8167,25.4954,4528800
2012-06-14,25.4954,25.9479,25.2691,25.8277,3012200
2012-06-15,25.9691,26.6125,25.856,26.5913,4055300
2012-06-18,26.4216,26.5489,26.1105,26.5418,2797700
2012-06-19,26.7398,27.3125,26.6054,27.1711,3230100
2012-06-20,27.1286,27.3195,26.8246,27.0296,2186300
2012-06-21,27.0721,27.0721,26.3933,26.4145,11346800
2012-06-22,26.563,26.6832,26.061,26.1034,8470300
2012-06-25,25.7499,25.7994,25.2833,25.4954,7914200
2012-06-26,25.6085,25.9196,25.5661,25.8065,2991800
2012-06-27,25.9243,26.2814,25.6315,26.1886,1760000
2012-06-28,25.9958,26.5171,25.9029,26.4885,2107600
2012-06-29,27.0884,27.2098,26.9027,27.067,2851000
2012-07-02,27.0813,27.2813,26.5885,27.0456,2318300
2012-07-03,27.1527,27.8455,27.1384,27.7812,2011100
2012-07-05,27.6598,27.9954,27.4955,27.7526,1965200
2012-07-06,27.4312,27.5955,27.2098,27.3884,1846200
2012-07-09,27.4027,27.4455,27.1384,27.3241,1389200
2012-07-10,27.2241,27.6383,26.7742,26.9242,2675000
2012-07-11,26.9956,27.2741,26.8385,26.9884,1844400
2012-07-12,26.6956,27.1027,26.2743,26.9242,2186800
2012-07-13,26.9813,27.5169,26.9813,27.4384,1829000
2012-07-16,27.3027,27.3598,27.017,27.1598,1815100
2012-07-17,27.3241,27.4384,27.0384,27.3384,2362100
2012-07-18,27.167,27.7026,27.1527,27.6455,2062000
2012-07-19,27.1241,27.5455,26.8599,27.3027,3590600
2012-07-20,27.1527,27.367,26.7671,27.1099,5310000
2012-07-23,26.8742,27.2027,26.4242,27.0313,2851000
2012-07-24,26.9956,27.2741,26.3028,26.5099,2124100
2012-07-25,26.6314,26.817,26.2528,26.2957,1818800
2012-07-26,26.7028,26.867,26.1457,26.6385,3161900
2012-07-27,26.8742,27.7098,26.6885,27.4812,3264000
2012-07-30,27.4598,27.5169,27.1813,27.4955,1857400
2012-07-31,27.5883,28.124,27.4955,27.9954,3071000
2012-08-01,28.1025,28.1525,27.8526,27.8597,2404000
2012-08-02,27.6026,28.0168,27.1098,27.4812,2231200
2012-08-03,27.9454,28.2739,27.8169,28.1668,1958700
2012-08-06,28.274,28.8953,28.174,28.7239,1913600
2012-08-07,28.9239,29.2024,28.8524,29.0453,2070400
2012-08-08,28.8881,29.1167,28.8096,28.9667,1603900
2012-08-09,28.831,29.2238,28.8096,29.0524,1444900
2012-08-10,29.0095,29.1952,28.7453,29.1095,2059900
2012-08-13,29.0238,29.0952,28.4953,28.6667,2009600
2012-08-14,28.7882,28.9524,28.224,28.3382,1719600
2012-08-15,28.3096,28.3382,28.0454,28.2525,1273200
2012-08-16,28.2597,28.6525,28.1882,28.5382,1328800
2012-08-17,28.531,28.8238,28.4311,28.5453,1357900
2012-08-20,28.4882,28.831,28.3882,28.7239,1523200
2012-08-21,28.8596,29.2595,28.7167,28.8096,1440800
2012-08-22,28.6739,28.981,28.5168,28.9595,1557300
2012-08-23,28.681,28.681,27.8954,27.9526,2188300
2012-08-24,27.8454,27.8669,27.4955,27.6383,2570500
2012-08-27,27.7098,27.8169,27.4526,27.4955,1811800
2012-08-28,27.3741,27.5384,27.2598,27.3527,1955900
2012-08-29,27.3955,27.4027,27.2098,27.3098,1644300
2012-08-30,27.1527,27.1527,26.817,26.9242,1335900
2012-08-31,27.1099,27.1813,26.817,26.8885,1933100
2012-09-04,26.917,27.0027,26.4814,26.5028,3427800
2012-09-05,26.5385,26.5956,26.3243,26.4242,3304900
2012-09-06,26.5957,27.2527,26.5671,27.2027,2807100
2012-09-07,27.4812,28.2311,27.4027,28.1382,2534900
2012-09-10,27.9026,28.2168,27.8811,27.9454,2600200
2012-09-11,27.9526,28.274,27.9097,28.0526,2093100
2012-09-12,28.0311,28.2025,27.5741,27.8526,2603500
2012-09-13,27.7597,28.9667,27.6383,28.9024,7389800
2012-09-14,29.0095,29.2309,28.8167,29.1024,9385200
2012-09-17,28.9881,28.9881,28.2882,28.4596,11148200
2012-09-18,28.3454,28.4811,27.7812,28.4454,3250400
2012-09-19,28.4668,28.5096,28.1382,28.2668,1978900
2012-09-20,28.0168,28.3596,27.7097,28.3596,2320100
2012-09-21,28.5168,28.5596,28.1525,28.2025,2910200
2012-09-24,28.124,28.3954,27.8954,28.2454,2308900
2012-09-25,28.3097,28.4668,27.367,27.4241,3427700
2012-09-26,27.4926,27.7522,27.1825,27.4637,2350800
2012-09-27,27.7017,27.8098,27.3051,27.6512,2307200
2012-09-28,27.5214,27.6656,27.3844,27.5863,1700200
2012-10-01,27.7017,28.1487,27.507,27.5935,2127600
2012-10-02,27.7233,27.8243,27.1825,27.2691,1870400
2012-10-03,27.3412,27.5286,27.1825,27.3844,1334700
2012-10-04,27.5575,28.0766,27.5575,27.8747,1883500
2012-10-05,28.0694,28.1992,27.7089,27.8171,1209000
2012-10-08,27.6296,28.3578,27.5431,28.3578,2054100
2012-10-09,28.4083,28.8337,28.3722,28.4804,2361800
2012-10-10,28.4155,28.502,27.9685,28.0189,1785200
2012-10-11,28.2424,28.3506,28.0117,28.1271,1431200
2012-10-12,28.0983,28.192,27.6873,27.8171,1290100
2012-10-15,27.8387,28.1848,27.6656,28.1559,1581300
2012-10-16,28.3722,28.8769,28.228,28.7472,2161500
2012-10-17,28.9274,29.2591,28.776,29.1365,4829100
2012-10-18,28.8265,29.7061,28.5597,29.5619,3756500
2012-10-19,29.4826,29.6124,29.1726,29.223,3708600
2012-10-22,29.2663,29.908,29.1581,29.6484,3342200
2012-10-23,29.1581,29.2591,28.7688,29.1077,2228900
2012-10-24,29.1798,29.2879,28.9563,29.1942,2430200
2012-10-25,29.4538,29.5259,28.8553,29.0067,2039700
2012-10-26,29.0788,29.324,28.7688,28.9995,1763900
2012-10-31,29.1942,29.5547,28.8193,28.9346,2090100
2012-11-01,29.0716,30.182,29.05,29.9441,2824700
2012-11-02,30.0594,30.2829,29.2374,29.3023,5362800
2012-11-05,29.1798,29.6701,29.1365,29.5259,1467700
2012-11-06,29.6845,30.2541,29.5836,29.908,1682100
2012-11-07,29.4321,29.461,28.9418,29.2447,2419100
2012-11-08,29.1798,29.3312,28.8121,28.8697,1566000
2012-11-09,28.8048,29.6773,28.7688,29.2302,2017500
2012-11-12,29.3817,29.3817,29.0211,29.1293,758500
2012-11-13,28.8265,29.2663,28.7832,28.9346,1916400
2012-11-14,29.0716,29.1726,28.4299,28.5164,1878400
2012-11-15,28.5164,28.7976,28.2641,28.3794,2004400
2012-11-16,28.3506,28.6606,27.9973,28.4299,2223400
2012-11-19,28.8625,29.2086,28.8265,29.2086,1644900
2012-11-20,29.0788,29.2375,28.8337,29.0788,1611000
2012-11-21,29.1654,29.497,29.0139,29.3312,950700
2012-11-23,29.497,29.771,29.3745,29.6629,692800
2012-11-26,29.5331,29.7422,29.36,29.6052,1172400
2012-11-27,29.5042,29.7854,29.1437,29.1798,1546100
2012-11-28,28.9995,29.3744,28.7255,29.3672,2002000
2012-11-29,29.6052,30.182,29.3744,29.5908,2000800
2012-11-30,29.7206,29.7854,29.5042,29.6917,1658900
2012-12-03,29.8287,29.908,29.0067,29.0428,2294100
2012-12-04,29.0428,29.5475,29.0356,29.3745,2112100
2012-12-05,29.4466,29.6557,29.0067,29.4249,2053100
2012-12-06,29.4033,29.4249,28.9707,29.3312,1762300
2012-12-07,29.4249,29.5475,29.0211,29.36,1539000
2012-12-10,29.3384,29.4682,29.1365,29.4033,1639900
2012-12-11,29.5259,30.2685,29.5259,30.1027,3327400
2012-12-12,30.182,30.2685,29.6412,29.7205,2701400
2012-12-13,29.7638,30.0811,29.5475,29.6989,1867700
2012-12-14,29.6989,30.6435,29.5908,30.4848,3476700
2012-12-17,30.5425,30.8526,30.3695,30.8309,2567900
2012-12-18,30.6002,31.624,30.6002,31.4654,4070900
2012-12-19,31.5447,31.5808,31.177,31.3284,2150700
2012-12-20,31.3212,31.7106,31.1842,31.7034,1984600
2012-12-21,31.35,31.451,31.0688,31.3789,3566300
2012-12-24,31.2491,31.5087,31.2491,31.3861,906800
2012-12-26,31.5087,31.725,31.4149,31.5375,1951200
2012-12-27,31.7607,31.848,30.9827,31.3754,2486600
2012-12-28,31.15,31.3099,30.7428,30.8591,2431300
2012-12-31,30.7937,31.419,30.7573,31.3826,2423300
2013-01-02,32.0661,32.6478,32.0589,32.5606,3100400
2013-01-03,32.5533,32.9169,32.3497,32.4951,2448000
2013-01-04,32.5024,32.9459,32.437,32.9241,1839200
2013-01-07,32.7787,33.3604,32.6333,33.0696,2484500
2013-01-08,33.0187,33.135,32.5097,32.7278,2448000
2013-01-09,32.8005,32.9678,32.7496,32.9023,1351200
2013-01-10,33.0841,33.1568,32.866,33.0623,1893200
2013-01-11,33.0041,33.0841,32.786,33.0332,1442400
2013-01-14,33.0768,33.4404,32.9169,33.1059,1811700
2013-01-15,32.9532,33.5422,32.9387,33.4913,2129500
2013-01-16,33.2804,33.4913,32.9823,33.3822,2765100
2013-01-17,33.5204,34.0875,33.3022,33.913,3114500
2013-01-18,34.0003,34.6765,33.8476,34.5529,5357800
2013-01-22,34.6329,35.171,34.4656,34.9819,3244100
2013-01-23,35.0764,35.0764,34.6329,34.8874,2294700
2013-01-24,34.9892,35.1491,34.6111,34.742,2651700
2013-01-25,34.9019,34.9019,34.3057,34.6692,2058600
2013-01-28,34.742,34.742,34.0221,34.313,3392700
2013-01-29,34.5602,34.6474,33.8185,34.2039,2732200
2013-01-30,34.1748,34.2766,33.6076,33.6658,2672900
2013-01-31,33.6804,33.7313,33.4477,33.4549,2422200
2013-02-01,33.7894,34.2693,33.5858,34.1603,2594300
2013-02-04,33.804,33.9348,33.4695,33.5349,2107900
2013-02-05,33.6294,33.7749,33.4695,33.6149,2141900
2013-02-06,33.5422,34.3784,33.4913,34.1457,2938100
2013-02-07,34.0803,34.1166,33.4549,33.6513,3010200
2013-02-08,33.7094,34.0948,33.7094,33.9857,1197200
2013-02-11,33.8912,34.233,33.8112,34.0803,1367400
2013-02-12,34.0439,34.5529,34.0221,34.3493,1516200
2013-02-13,34.3275,34.6256,34.1748,34.5165,2237600
2013-02-14,34.3929,35.1492,34.3566,35.0692,2881100
2013-02-15,35.0692,35.1273,34.851,34.9892,1985800
2013-02-19,35.0764,35.3382,34.5965,34.6983,2253600
2013-02-20,34.5747,34.7056,33.3313,33.4113,3406600
2013-02-21,33.2004,33.2732,32.2261,32.5024,4741300
2013-02-22,32.8296,33.0841,32.5751,32.8514,2359200
2013-02-25,33.0623,33.1277,31.7607,31.7826,3033200
2013-02-26,32.0225,32.117,31.5644,31.8844,2945000
2013-02-27,31.848,32.7787,31.8335,32.6696,2301400
2013-02-28,32.6915,33.1641,32.5242,32.7569,2595800
2013-03-01,32.4951,32.7133,32.1679,32.2625,2626600
2013-03-04,32.4661,32.7496,31.9789,32.7351,3116000
2013-03-05,33.1641,33.5277,32.9532,33.0187,2767100
2013-03-06,33.2004,34.0803,33.1495,33.804,3792600
2013-03-07,33.8185,34.2839,33.804,34.0148,2351200
2013-03-08,34.1384,34.8074,34.0585,34.6474,2665600
2013-03-11,34.5384,34.7492,34.1384,34.582,2985900
2013-03-12,34.5747,34.8946,34.2693,34.422,2530600
2013-03-13,34.3711,34.4075,33.3968,33.8403,4185900
2013-03-14,33.5495,33.7822,33.1786,33.7603,4328600
2013-03-15,33.484,34.1384,33.4695,33.8839,3527900
2013-03-18,33.3168,33.8112,33.3168,33.6295,2149400
2013-03-19,33.6149,33.8185,33.2586,33.5567,2328600
2013-03-20,33.8112,34.1457,33.4913,34.0076,2229400
2013-03-21,33.8331,34.3057,33.6585,33.7385,1697200
2013-03-22,33.804,33.8985,33.4259,33.5567,2754700
2013-03-25,33.6803,33.7458,33.0841,33.3677,2710800
2013-03-26,33.4241,33.7466,33.3068,33.71,3001100
2013-03-27,33.3875,33.754,33.2482,33.7247,1921200
2013-03-28,33.666,34.0398,33.3948,33.8273,2570300
2013-04-01,33.8346,33.8932,32.911,33.0869,3244400
2013-04-02,33.1822,33.5341,31.8555,31.9948,3661000
2013-04-03,31.9582,32.4126,31.2618,31.5697,3774300
2013-04-04,31.6723,32.3393,31.5184,31.8849,2767300
2013-04-05,31.4377,32.1781,31.1519,32.0754,2504100
2013-04-08,32.0461,32.2147,31.7089,32.2074,1965200
2013-04-09,32.2513,32.8377,32.2367,32.5739,2390400
2013-04-10,32.7205,33.0357,32.4419,32.9697,2622400
2013-04-11,32.9477,33.2849,32.7058,32.977,3074300
2013-04-12,32.8891,33.0723,32.2,32.4786,1999100
2013-04-15,32.1341,32.1561,31.2912,31.3645,3752200
2013-04-16,31.7163,31.8335,31.489,31.8042,1980400
2013-04-17,31.4304,31.5257,30.7781,31.1739,3082500
2013-04-18,31.3644,31.4671,30.4995,30.954,3589200
2013-04-19,31.1812,31.4597,30.2869,31.0639,4157700
2013-04-22,31.1299,31.1812,30.4922,31.0273,2455700
2013-04-23,31.1079,31.2618,30.7854,31.0053,2398700
2013-04-24,31.1372,32.1268,31.0859,32.0168,3446700
2013-04-25,32.1414,32.4199,31.687,31.8409,3034300
2013-04-26,31.7529,31.8482,31.2838,31.3645,1964900
2013-04-29,31.4671,31.7309,31.3425,31.621,1817200
2013-04-30,31.4304,31.9875,31.1006,31.9728,2057100
2013-05-01,31.8555,31.8555,31.2765,31.4671,1536900
2013-05-02,31.555,31.9948,31.2618,31.8116,1481500
2013-05-03,32.2147,33.065,32.2074,32.9257,2389500
2013-05-06,32.977,32.9843,32.5885,32.7278,1462600
2013-05-07,32.8231,33.0723,32.6911,33.0283,1310400
2013-05-08,33.1163,33.9592,32.9623,33.622,1852100
2013-05-09,33.5854,33.688,33.1969,33.3142,1549500
2013-05-10,33.3288,33.5267,32.933,33.2409,1854500
2013-05-13,33.1309,33.1822,32.7791,32.9037,984200
2013-05-14,32.8157,33.4241,32.7205,33.2336,1320500
2013-05-15,32.955,33.2775,32.6398,33.1529,1460000
2013-05-16,33.0283,33.7246,32.8744,32.977,2192500
2013-05-17,33.1822,33.666,33.1309,33.5487,1379600
2013-05-20,33.4754,33.9959,33.3362,33.8273,1716600
2013-05-21,33.8639,34.7435,33.8566,34.5236,2564200
2013-05-22,34.5969,34.7435,33.3142,33.7906,3562000
2013-05-23,33.2922,33.6367,33.1456,33.4974,1841500
2013-05-24,33.2336,33.4974,33.0283,33.1456,1160800
2013-05-28,33.5048,33.9665,33.3728,33.8273,2190100
2013-05-29,33.5121,33.7686,33.3215,33.5194,1841900
2013-05-30,33.5781,33.7613,33.3948,33.4534,1228500
2013-05-31,33.2922,33.5634,32.6252,32.6252,2471800
2013-06-03,32.7278,33.065,32.4639,32.955,1774900
2013-06-04,32.9623,33.3655,32.7131,33.1016,1700400
2013-06-05,32.8964,33.1309,32.4786,32.5006,1307600
2013-06-06,32.5226,32.6838,32.2514,32.6032,1551500
2013-06-07,32.6985,32.9477,32.244,32.6105,1534400
2013-06-10,32.5592,32.7718,32.3466,32.5226,1741100
2013-06-11,32.0241,32.288,31.8555,31.9801,1987600
2013-06-12,32.178,32.3979,31.8775,32.1927,2497500
2013-06-13,31.9288,33.3142,31.9288,33.1602,3576300
2013-06-14,33.2042,33.2922,32.4932,32.7644,2172200
2013-06-17,32.9843,33.2409,32.7644,32.9697,2087100
2013-06-18,32.9184,33.1236,32.6985,32.8891,2371200
2013-06-19,32.8011,33.2116,32.7058,32.8744,1684700
2013-06-20,32.4199,33.1676,32.0901,32.2513,3213600
2013-06-21,32.5665,32.7644,32.0828,32.2513,2763300
2013-06-24,31.8849,31.8995,30.9466,31.6137,2347800
2013-06-25,31.9582,32.1707,31.5404,32.0168,1744500
2013-06-26,32.4359,32.4359,31.7707,32.2733,1656800
2013-06-27,32.4877,32.9608,32.4877,32.5838,1353300
2013-06-28,32.5838,32.6503,31.9998,32.022,2244700
2013-07-01,32.2881,32.6577,32.1994,32.4064,1430700
2013-07-02,32.3029,32.5468,31.9406,32.3768,1634100
2013-07-03,32.0663,32.3768,31.9554,32.192,877600
2013-07-05,32.4581,32.5616,31.8667,32.4137,963200
2013-07-08,32.6133,32.7833,32.3029,32.4359,1337300
2013-07-09,32.7464,33.286,32.7464,33.1086,1844100
2013-07-10,33.1308,33.2416,32.3546,32.6429,2165900
2013-07-11,33.2638,33.9956,33.1677,33.7221,2832100
2013-07-12,33.6186,33.7073,32.9681,33.1751,1930100
2013-07-15,33.0568,33.6186,33.0199,33.4708,1112400
2013-07-16,33.5743,33.6334,32.7981,33.0864,1350900
2013-07-17,33.2934,33.5817,33.1973,33.4782,1406200
2013-07-18,33.4782,34.1656,33.3747,33.7443,2243800
2013-07-19,33.833,33.9069,33.1456,33.7369,3217100
2013-07-22,33.833,34.21,33.833,34.0548,1388800
2013-07-23,34.2913,34.4909,34.1139,34.3726,1697700
2013-07-24,34.2026,34.2026,33.5817,33.8847,2414800
2013-07-25,33.8256,34.4835,33.7221,34.4465,2018500
2013-07-26,34.2322,34.6905,34.1435,34.6757,1551600
2013-07-29,34.6461,34.8013,34.2839,34.6018,1645300
2013-07-30,34.6018,34.7792,34.2248,34.587,1321300
2013-07-31,34.6091,34.9935,34.5426,34.5796,1980100
2013-08-01,34.8679,35.0527,34.6757,34.8457,1056100
2013-08-02,34.7644,34.8974,34.4465,34.8827,1572700
2013-08-05,34.8531,34.8531,34.4539,34.5131,1176800
2013-08-06,34.4687,34.5796,34.2765,34.3726,1641500
2013-08-07,34.2839,34.5426,34.0474,34.1878,1439500
2013-08-08,34.5278,35.2597,34.5131,34.9788,2180900
2013-08-09,35.1118,36.7085,35.097,36.3832,4299700
2013-08-12,36.3241,36.7307,35.7919,35.9545,3265100
2013-08-13,36.1097,36.2058,35.4075,35.5849,2125400
2013-08-14,35.5849,35.8732,35.2744,35.2744,1888600
2013-08-15,34.9196,35.0453,34.6165,34.9122,1782500
2013-08-16,34.7866,35.0009,34.5426,34.6831,1704000
2013-08-19,34.6239,34.6683,34.0326,34.1287,1609900
2013-08-20,34.0252,34.5944,33.8774,34.3578,1649100
2013-08-21,34.2322,34.2765,33.6778,33.8034,1197200
2013-08-22,33.9661,34.6461,33.9143,34.343,1201100
2013-08-23,34.417,34.5205,34.1065,34.2396,1378100
2013-08-26,34.3209,34.5426,34.1509,34.1878,1239500
2013-08-27,33.796,33.9143,33.5521,33.6556,2222300
2013-08-28,33.6408,33.9069,33.5004,33.7517,1555800
2013-08-29,33.6039,34.0917,33.5151,33.796,1314500
2013-08-30,33.8478,33.9956,33.5004,33.626,1748900
2013-09-03,34.0104,34.3061,33.626,33.7665,1614700
2013-09-04,33.6999,34.2765,33.6334,34.2617,1088200
2013-09-05,34.2544,34.6239,34.2396,34.4465,1430300
2013-09-06,34.5722,34.7052,34.0474,34.4539,1761600
2013-09-09,34.6239,35.3188,34.6018,35.2449,1588300
2013-09-10,35.4371,35.8584,35.2818,35.4592,1410300
2013-09-11,35.4149,36.0432,35.2818,35.9841,1876900
2013-09-12,35.7771,35.8362,35.5775,35.7401,1688700
2013-09-13,35.7179,35.8214,35.511,35.7032,1443000
2013-09-16,36.228,36.3463,36.0949,36.2871,3050000
2013-09-17,36.3389,37.0559,36.3093,36.568,2738500
2013-09-18,36.5828,37.7507,36.3906,37.6029,3559400
2013-09-19,37.6916,37.8838,37.1076,37.1076,2707200
2013-09-20,37.1002,37.359,37.0485,37.2333,2995000
2013-09-23,37.115,37.3516,36.8637,36.8711,3727300
2013-09-24,36.8933,37.3072,36.812,37.1816,2684800
2013-09-25,37.2843,37.2992,36.845,36.845,1735400
2013-09-26,36.8896,37.0907,36.3684,36.7258,1721800
2013-09-27,36.4652,36.5024,36.011,36.3386,1399000
2013-09-30,35.9365,36.7929,35.8099,36.5024,1755900
2013-10-01,36.4056,36.9418,36.2939,36.4578,1399900
2013-10-02,36.2344,36.5546,36.1822,36.361,2198500
2013-10-03,36.361,36.5695,35.8769,36.0705,1947400
2013-10-04,36.0706,36.3982,35.8918,36.3237,1360900
2013-10-07,35.9589,36.361,35.7429,36.145,1151100
2013-10-08,36.1674,36.3014,35.6536,35.7578,1334200
2013-10-09,35.8918,35.8918,35.2738,35.4302,1678600
2013-10-10,35.7057,36.0482,35.6759,36.0259,1976800
2013-10-11,36.0035,36.5546,35.9663,36.4354,1259000
2013-10-14,36.1823,36.845,36.1748,36.6961,1302600
2013-10-15,36.6663,37.4481,36.6663,36.845,2339200
2013-10-16,37.2769,37.4779,36.8599,37.0982,1904200
2013-10-17,37.2099,37.9322,36.7109,37.8205,2564900
2013-10-18,37.9694,38.163,37.6045,38.0439,2703400
2013-10-21,38.1183,38.3417,37.5152,37.7758,1831200
2013-10-22,37.9024,38.446,37.8502,38.2896,1632000
2013-10-23,37.9843,38.2598,37.5449,38.1109,1177800
2013-10-24,38.3045,38.5726,38.1705,38.2375,1206200
2013-10-25,38.2375,38.3045,38.0513,38.2747,1352400
2013-10-28,38.163,38.3566,37.9247,38.0736,919900
2013-10-29,38.1928,38.4236,37.9992,38.3864,1566900
2013-10-30,38.3417,38.4609,38.0215,38.2598,1257800
2013-10-31,38.2002,38.9225,38.096,38.5502,1818700
2013-11-01,38.6396,39.6076,38.5726,39.28,2349900
2013-11-04,39.4959,39.9055,39.4959,39.6895,1869400
2013-11-05,39.4736,40.0172,39.1385,39.8533,1743100
2013-11-06,39.9948,40.3448,39.8831,40.2778,1553900
2013-11-07,40.4044,40.4342,39.7714,39.8459,1731700
2013-11-08,39.8459,40.7544,39.7044,40.6724,1543800
2013-11-11,40.6799,40.6799,40.3746,40.5608,1013500
2013-11-12,40.4416,40.4416,39.7119,40.047,1177700
2013-11-13,39.3321,39.4363,38.7438,39.0119,4295900
2013-11-14,39.1683,39.7119,38.7811,39.5406,2436500
2013-11-15,39.6299,40.0693,39.5182,39.9203,1268100
2013-11-18,39.6076,39.8533,39.2651,39.4736,1231900
2013-11-19,39.4438,39.9427,39.3768,39.6225,1236300
2013-11-20,39.697,39.9204,39.1162,39.2427,1235500
2013-11-21,39.4214,39.5406,39.1087,39.5034,994400
2013-11-22,39.0119,39.1385,38.3343,38.6991,1652800
2013-11-25,38.6917,38.6991,38.3268,38.4683,1113700
2013-11-26,38.3715,38.4609,38.1034,38.2598,1494300
2013-11-27,38.3938,38.5577,37.9173,37.9545,1273700
2013-11-29,38.1704,38.2896,37.5449,38.0215,1012400
2013-12-02,38.0885,38.0885,37.6417,37.6864,1307900
2013-12-03,37.7311,38.2077,37.4779,37.6417,1715600
2013-12-04,37.6566,38.714,37.5822,38.3268,2124600
2013-12-05,38.3268,38.7587,38.23,38.6172,1860300
2013-12-06,38.9523,39.1683,38.6545,38.8778,1288700
2013-12-09,38.863,39.2129,38.863,39.1012,1068400
2013-12-10,39.1608,39.4587,38.9598,39.3693,1591300
2013-12-11,39.3693,39.3693,38.2598,38.3119,1767600
2013-12-12,38.1853,38.3492,37.9843,38.1407,1077500
2013-12-13,38.1853,38.513,38.1704,38.4162,1094800
2013-12-16,38.4981,38.8928,38.3492,38.7587,1827100
2013-12-17,38.6843,38.7587,37.9322,38.3566,1979700
2013-12-18,38.5055,38.5428,37.5226,38.4534,1961000
2013-12-19,38.4311,39.2204,38.3492,39.0119,1617300
2013-12-20,39.1385,39.28,38.6842,38.714,2018500
2013-12-23,38.9598,39.1608,38.7513,39.0342,1394500
2013-12-24,39.1608,39.831,39.0417,39.7044,856700
2013-12-26,39.7789,40.0767,39.7193,39.9502,1089500
2013-12-27,40.1526,40.5875,40.0476,40.49,1850700
2013-12-30,40.4,40.6175,40.0476,40.1076,1167200
2013-12-31,40.1076,40.3476,39.8827,40.0251,1210900
2014-01-02,39.9576,40.0251,39.3728,39.5377,1604200
2014-01-03,39.5527,39.6952,39.3728,39.5752,849000
2014-01-06,39.6802,39.7402,39.1403,39.3878,1459600
2014-01-07,39.4553,39.8302,39.4328,39.5827,1725500
2014-01-08,39.5677,40.0401,39.3203,39.7927,2121300
2014-01-09,39.9801,40.0101,39.3803,39.5452,1684200
2014-01-10,39.6502,39.7327,39.2753,39.7027,1410700
2014-01-13,39.5752,39.7777,38.563,38.6455,2298700
2014-01-14,38.5855,38.7804,38.1056,38.6679,2686400
2014-01-15,38.638,38.9004,38.458,38.6455,1576800
2014-01-16,38.713,38.9529,38.608,38.8554,1501500
2014-01-17,38.9304,39.0654,38.4655,38.5255,3290300
2014-01-21,38.668,38.6755,37.8057,38.0531,2351700
2014-01-22,38.1656,38.3005,37.7832,38.0156,2034300
2014-01-23,37.8957,37.9481,37.4383,37.6107,1848000
2014-01-24,37.3333,37.3483,36.456,36.561,3209600
2014-01-27,36.576,36.8009,36.0136,36.306,2667100
2014-01-28,36.7409,38.2106,36.1786,36.7334,3535900
2014-01-29,36.2611,36.636,35.8562,36.3135,3126400
2014-01-30,36.4935,36.591,35.8712,36.4335,1976600
2014-01-31,36.1261,36.621,35.8187,36.2536,1873300
2014-02-03,36.1786,36.3361,34.9039,34.9564,2358200
2014-02-04,35.2038,35.2938,34.7839,35.0763,2315100
2014-02-05,35.1139,35.4813,34.9789,35.3838,2135100
2014-02-06,35.3988,36.306,35.3613,36.2311,3527700
2014-02-07,36.4335,36.5685,35.8637,36.3285,2212200
2014-02-10,36.336,36.366,36.0136,36.1486,1848100
2014-02-11,36.2086,36.7934,36.1261,36.666,4272200
2014-02-12,36.8309,37.8657,36.8309,37.6632,3051600
2014-02-13,37.3108,37.9256,37.2883,37.9032,1619400
2014-02-14,37.8957,38.5405,37.8282,38.488,1592600
2014-02-18,38.4655,38.653,38.2706,38.488,1828300
2014-02-19,38.2781,38.608,37.9631,37.9931,2038100
2014-02-20,37.9706,38.353,37.8357,38.308,1425800
2014-02-21,38.3755,38.413,37.7757,37.8057,1933200
2014-02-24,37.8806,37.8806,37.2583,37.2658,1852800
2014-02-25,37.1458,37.2433,36.486,36.9209,2132900
2014-02-26,37.0109,37.3783,36.8984,37.1608,1250400
2014-02-27,37.2208,37.8207,37.2208,37.7607,1184300
2014-02-28,37.7232,37.9406,37.3783,37.6707,1181000
2014-03-03,37.4083,37.6557,36.9584,37.1608,1813900
2014-03-04,37.5282,38.0081,37.4908,37.9331,1552400
2014-03-05,37.8582,38.1506,37.6932,38.0756,1187400
2014-03-06,38.2181,38.5705,37.8582,37.9331,2488000
2014-03-07,38.0306,38.0681,37.4383,37.6032,2197000
2014-03-10,37.3933,37.5357,37.0184,37.1758,1833300
2014-03-11,37.4083,37.4233,36.9734,37.0184,1648800
2014-03-12,36.9209,37.2358,36.6809,36.7034,1938500
2014-03-13,36.8009,37.0634,36.1711,36.4785,2471700
2014-03-14,36.0811,36.381,35.9011,36.366,3050900
2014-03-17,36.5835,37.4083,36.5835,37.0933,2087000
2014-03-18,36.9734,37.4907,36.7709,37.4083,2469300
2014-03-19,37.3858,37.3858,36.9584,37.1683,1882000
2014-03-20,36.9509,37.3408,36.8084,37.3258,1380600
2014-03-21,37.5882,38.7804,37.4458,38.413,5484500
2014-03-24,38.458,38.5555,37.7982,38.1731,2028900
2014-03-25,38.4205,38.7729,38.3306,38.4805,1835900
2014-03-26,38.7804,38.9754,38.0231,38.0231,1976200
2014-03-27,38.0156,38.1591,37.7361,37.9098,1409500
2014-03-28,38.0835,38.1515,37.6379,37.8116,1452200
2014-03-31,38.0458,38.3555,37.94,38.1742,1459600
2014-04-01,38.3706,38.499,38.0911,38.2422,1584300
2014-04-02,38.2271,38.6954,38.1893,38.6123,1378500
2014-04-03,38.6727,39.2619,38.5821,38.9371,1480200
2014-04-04,39.1939,39.4129,38.4159,38.5972,1750100
2014-04-07,38.5896,38.8615,38.1138,38.4159,1485300
2014-04-08,38.5745,39.209,38.4612,38.9522,2282300
2014-04-09,39.1334,39.8283,39.1183,39.6622,1836800
2014-04-10,39.6395,39.6395,38.5896,38.6727,2116000
2014-04-11,38.3706,38.6198,38.0307,38.2875,2165600
2014-04-14,38.7029,39.3525,38.6198,39.1486,2035000
2014-04-15,39.0428,39.0579,38.2044,39.0353,1700900
2014-04-16,39.2694,39.4356,38.7709,39.4356,1987800
2014-04-17,39.2392,39.715,39.1183,39.3827,3070000
2014-04-21,39.3525,39.6244,39.141,39.3147,1703600
2014-04-22,39.6848,39.6848,39.1561,39.4582,1829600
2014-04-23,39.4129,39.7755,39.1636,39.6848,2335800
2014-04-24,39.6848,39.6848,38.6047,38.8917,2630300
2014-04-25,38.5972,39.1259,38.3932,38.6047,1921900
2014-04-28,38.5972,38.6274,37.9627,38.3177,1722300
2014-04-29,38.5443,39.0504,38.3706,39.0202,1906700
2014-04-30,38.8766,39.1561,38.7936,39.0881,1321800
2014-05-01,39.0126,39.3978,38.8162,39.1939,1181500
2014-05-02,39.277,39.9039,39.1788,39.5413,1304900
2014-05-05,39.3827,39.4431,38.8238,39.0655,1210800
2014-05-06,39.1032,39.2014,38.7935,38.8238,757100
2014-05-07,38.8993,39.6546,38.8993,39.6244,1606600
2014-05-08,39.5715,39.9492,39.1335,39.2996,1025600
2014-05-09,39.1863,39.2996,38.8313,39.0202,1044600
2014-05-12,39.3827,40.1758,39.3525,40.1531,1430900
2014-05-13,40.1154,40.1985,39.6622,39.7453,1226400
2014-05-14,39.8661,40.3118,39.7906,39.9945,1379400
2014-05-15,39.9568,39.9794,39.0504,39.4054,1152200
2014-05-16,39.3449,39.5564,38.9068,39.3827,1165600
2014-05-19,39.3072,39.6395,39.2921,39.6017,1167400
2014-05-20,39.3374,39.564,38.5821,38.7482,1309800
2014-05-21,38.8993,39.1334,38.4688,38.7935,1952600
2014-05-22,38.8993,38.9522,38.4159,38.4763,1782200
2014-05-23,38.567,38.9144,38.4159,38.8766,999600
2014-05-27,38.9446,39.2996,38.8464,39.209,852000
2014-05-28,39.2241,39.3525,38.6878,38.7256,1008400
2014-05-29,38.8011,39.1032,38.5141,39.0504,1189100
2014-05-30,38.718,38.786,38.0987,38.2422,1892200
2014-06-02,38.3252,38.3404,37.9249,38.0609,1558600
2014-06-03,37.8645,38.0609,37.653,38.0533,1491700
2014-06-04,37.9023,38.3328,37.8418,37.9174,1877200
2014-06-05,38.076,38.7105,37.9174,38.499,1443600
2014-06-06,38.5367,38.8842,38.295,38.6954,1554600
2014-06-09,38.7029,38.8389,38.2346,38.363,1585000
2014-06-10,38.295,38.4763,38.1213,38.2875,925700
2014-06-11,38.2195,38.431,38.0835,38.363,1133000
2014-06-12,38.2573,38.2799,37.857,37.9929,1124000
2014-06-13,38.0684,38.4839,37.9853,38.4008,1301600
2014-06-16,38.4083,38.567,37.9854,38.0609,1282800
2014-06-17,37.9929,38.8313,37.8192,38.6576,1460900
2014-06-18,38.8615,39.2694,38.7029,39.2467,1509800
2014-06-19,39.2241,39.4431,38.9371,39.0353,1105100
2014-06-20,38.1213,38.6349,37.8872,38.1591,3455000
2014-06-23,38.0835,38.0911,37.4566,37.8871,2708600
2014-06-24,37.8796,38.0458,37.6228,37.6832,2177700
2014-06-25,37.6832,38.0533,37.5548,38.0005,1774500
2014-06-26,38.0689,38.2135,37.7798,37.932,1574600
2014-06-27,37.7722,37.9168,37.27,37.3537,2503500
2014-06-30,37.2852,37.5439,37.0721,37.4754,1875800
2014-07-01,37.6124,37.8102,37.3917,37.3993,1461300
2014-07-02,37.4602,37.8407,37.4374,37.7874,1382600
2014-07-03,37.8483,38.6168,37.8331,38.4494,1748000
2014-07-07,38.1526,38.2287,37.7265,37.8026,2319900
2014-07-08,37.9776,38.0461,37.5287,37.9244,1367800
2014-07-09,37.9928,38.4037,37.9624,38.1983,1932200
2014-07-10,37.932,38.1222,37.7265,37.8026,1317500
2014-07-11,37.483,37.8331,37.4298,37.6048,1809400
2014-07-14,37.8178,37.8559,37.308,37.4602,1519800
2014-07-15,37.5819,37.8407,37.4222,37.7417,1679600
2014-07-16,38.0385,38.5483,38.0157,38.4266,2014100
2014-07-17,38.1146,38.3885,37.8254,37.8939,1516300
2014-07-18,37.9853,38.419,37.9396,38.2516,1975000
2014-07-21,38.1907,38.5331,37.9852,38.3885,1536000
2014-07-22,38.5407,38.7157,38.4722,38.5711,1329400
2014-07-23,38.6016,38.8451,38.3581,38.807,2708800
2014-07-24,39.4386,40.2832,38.7386,38.8908,1858200
2014-07-25,38.8831,39.0734,38.6929,39.0581,1341800
2014-07-28,38.9744,39.2712,38.7766,38.9897,1208400
2014-07-29,39.119,39.2712,38.807,38.8222,1128300
2014-07-30,39.3092,39.4234,38.9136,38.9897,1870200
2014-07-31,38.6549,39.0049,38.1603,38.2135,1650100
2014-08-01,37.9624,38.5711,37.6809,37.9015,1517900
2014-08-04,38.0766,38.2516,37.7037,38.1907,1202600
2014-08-05,37.9776,38.4798,37.8178,38.0233,1143000
2014-08-06,37.8863,38.6777,37.8863,38.5255,1397800
2014-08-07,38.6092,38.7081,37.9548,38.1146,1242800
2014-08-08,38.0994,38.8755,38.0537,38.8603,956300
2014-08-11,39.0353,39.1799,38.7614,38.7842,1180800
2014-08-12,38.769,38.906,38.5559,38.8375,926600
2014-08-13,38.9668,39.9636,38.9364,39.9408,2239400
2014-08-14,40.0397,40.0778,39.5604,39.7125,1731000
2014-08-15,39.9713,40.0626,39.5223,39.568,1395700
2014-08-18,39.8267,40.8311,39.8038,40.8235,2672500
2014-08-19,40.9452,41.3029,40.8083,41.0898,2076500
2014-08-20,41.0137,41.3866,40.8996,41.1431,1181300
2014-08-21,41.0518,41.105,40.7778,40.8996,1205200
2014-08-22,40.7778,41.0289,40.6865,40.8996,1174300
2014-08-25,41.1355,41.3181,40.9452,41.1126,940400
2014-08-26,41.2192,41.5464,41.1735,41.3637,1066500
2014-08-27,41.3637,41.5463,41.1202,41.3257,904700
2014-08-28,40.9681,41.0974,40.7398,41.0594,841700
2014-08-29,41.2039,41.379,41.0213,41.3333,849000
2014-09-02,41.3333,41.4322,41.0213,41.0289,1482900
2014-09-03,41.4779,42.0486,41.4779,41.8659,1811700
2014-09-04,41.8507,42.6801,41.8279,42.4519,2393700
2014-09-05,42.3758,42.6649,42.216,42.6421,1240300
2014-09-08,42.6116,42.6497,41.9572,42.1779,1598700
2014-09-09,42.1399,42.3073,41.8431,42.0029,1303600
2014-09-10,41.9953,42.0333,41.5235,41.7366,1164900
2014-09-11,41.6072,41.9801,41.5768,41.9801,979400
2014-09-12,41.8583,41.9801,41.6377,41.8203,1659100
2014-09-15,42.4214,43.053,42.041,42.1171,2552000
2014-09-16,41.904,42.5203,41.7899,42.3225,1821800
2014-09-17,44.0574,44.7118,43.5628,43.9889,6157000
2014-09-18,44.3618,44.3922,43.7835,44.202,2814300
2014-09-19,44.3542,44.3694,43.753,43.8596,2781700
2014-09-22,43.5552,43.7987,43.1443,43.3421,2311000
2014-09-23,43.3421,43.5552,43.0682,43.1443,1620600
2014-09-24,43.2736,43.2889,42.4671,42.741,3379500
2014-09-25,42.566,42.6117,41.7138,42.041,2629400
2014-09-26,42.3244,42.355,41.8494,42.3091,1619300
2014-09-29,41.972,42.1559,41.7269,41.7958,1677700
2014-09-30,41.7882,42.0639,41.2443,41.5813,1782400
2014-10-01,41.5813,41.589,40.2714,40.4706,2356600
2014-10-02,40.4859,40.5701,39.4824,40.1258,2382700
2014-10-03,40.0952,40.4935,39.6968,39.8194,2003500
2014-10-06,40.0722,40.2024,39.2219,39.4134,2617100
2014-10-07,39.1836,39.5896,38.701,38.7086,2618400
2014-10-08,38.7316,39.3751,38.1494,39.3368,2863600
2014-10-09,39.3062,39.3062,37.9732,38.0192,2197400
2014-10-10,37.8353,38.2796,37.2991,37.3144,2606000
2014-10-13,37.5902,38.1035,36.8931,36.9391,3237700
2014-10-14,37.3221,38.0958,37.1152,37.5442,2461200
2014-10-15,36.9391,37.7817,36.2113,37.5902,3135800
2014-10-16,36.7016,38.3179,36.7016,37.9579,2140600
2014-10-17,38.2796,38.8312,38.0498,38.2337,2673300
2014-10-20,38.1341,38.7469,38.0651,38.6703,1275300
2014-10-21,39.13,39.8117,39.0074,39.5973,2650500
2014-10-22,39.6815,40.279,39.49,39.6126,2906700
2014-10-23,39.7351,39.7351,38.4941,39.1606,3557900
2014-10-24,39.7428,40.4935,39.3904,40.4399,3322500
2014-10-27,40.0722,40.3556,39.7198,39.9879,3017600
2014-10-28,40.2867,41.0068,40.0569,40.9225,2009700
2014-10-29,41.3745,41.5047,39.9879,40.4016,5090900
2014-10-30,40.2944,41.0681,40.1029,40.6544,2543500
2014-10-31,41.0144,41.4358,40.3327,41.4128,3121700
2014-11-03,41.2519,41.3668,40.5012,40.8689,1976200
2014-11-04,40.7157,40.8306,39.8347,40.5012,1958700
2014-11-05,40.6467,40.8229,40.1488,40.6467,1219400
2014-11-06,40.7004,41.0911,40.4935,40.9685,1355500
2014-11-07,41.0221,41.6886,41.0221,41.5047,1518100
2014-11-10,41.4971,41.8494,40.9072,40.9532,1964000
2014-11-11,40.8,40.9838,40.6467,40.8536,1358600
2014-11-12,40.6391,41.1217,40.5625,40.8076,1572200
2014-11-13,40.8689,41.2902,40.6697,40.8766,1466000
2014-11-14,40.8153,41.3745,40.6697,41.2979,1584400
2014-11-17,41.2519,41.6579,41.0451,41.4741,1416000
2014-11-18,41.3285,41.7269,41.3285,41.6426,1127300
2014-11-19,41.4511,41.52,40.7233,41.1294,1733400
2014-11-20,40.731,41.6426,40.6391,41.543,1213200
2014-11-21,42.2401,42.3704,41.3362,41.6733,2522300
2014-11-24,41.7652,42.0103,41.2826,41.2979,1871100
2014-11-25,41.4511,42.0486,41.3822,41.8648,1312600
2014-11-26,41.9644,42.0256,41.5047,41.543,1245100
2014-11-28,41.6273,41.7499,40.8459,41.0834,934300
2014-12-01,41.1217,41.1217,40.5242,40.8153,1545000
2014-12-02,40.9148,41.206,40.6008,40.708,1437500
2014-12-03,40.8995,42.1482,40.8842,42.1099,1828000
2014-12-04,42.1329,42.355,41.8801,42.2325,1452000
2014-12-05,42.1482,42.2554,41.589,41.7116,1944300
2014-12-08,41.5507,41.8801,41.2749,41.3821,1441100
2014-12-09,40.9991,41.9414,40.9455,41.8418,1283000
2014-12-10,41.4971,41.5583,40.6238,40.7999,1609900
2014-12-11,40.7923,41.206,40.4935,40.5778,1421700
2014-12-12,40.2714,40.4323,39.7275,39.7428,1564100
2014-12-15,39.85,40.0492,39.1529,39.1836,2052500
2014-12-16,38.4022,39.2449,37.2225,37.3757,4588200
2014-12-17,37.6208,38.0115,36.9773,37.9119,3569300
2014-12-18,38.4788,38.5631,37.5366,37.8277,3746300
2014-12-19,37.9656,38.3026,37.4293,37.843,3866400
2014-12-22,37.843,38.1571,37.46,37.4906,2866100
2014-12-23,37.843,38.3946,37.6515,37.9579,1602600
2014-12-24,38.1647,38.2107,37.7281,37.7894,687300
2014-12-26,38.1111,38.1111,37.5366,37.5902,1095900
2014-12-29,37.7075,38.2016,37.6072,37.9931,1245700
2014-12-30,37.9391,38.464,37.9391,38.217,1326700
2014-12-31,38.1321,38.4485,37.8387,37.8619,1141300
2015-01-02,38.0008,38.1552,37.4374,37.831,1359600
2015-01-05,37.4451,37.476,36.2564,36.3876,2794900
2015-01-06,36.4339,36.4725,35.3687,35.8627,3926900
2015-01-07,36.2255,36.4802,36.0479,36.1946,1906100
2015-01-08,36.3567,37.144,36.0634,37.0746,2660400
2015-01-09,37.0746,37.1363,36.5265,36.8816,1527100
2015-01-12,36.6655,36.6655,35.2529,35.5076,3323500
2015-01-13,35.415,35.8781,34.9364,35.2451,2126700
2015-01-14,34.6971,34.6971,33.6705,34.2803,3226000
2015-01-15,34.6122,34.9055,34.0718,34.1259,2190200
2015-01-16,34.1799,34.3961,33.8171,34.288,2555700
2015-01-20,34.1799,34.3961,33.7708,34.0333,2443300
2015-01-21,33.8943,34.288,33.794,33.9715,2637300
2015-01-22,34.1722,34.7357,33.8712,34.6199,2495700
2015-01-23,34.8978,34.9055,33.8017,33.8094,2612800
2015-01-26,33.794,34.5041,33.6241,34.2185,2584100
2015-01-27,34.0333,34.9981,33.2382,34.5967,4369600
2015-01-28,34.8206,34.9132,33.9638,33.9947,3137200
2015-01-29,33.8866,33.9406,33.1379,33.7554,3108800
2015-01-30,33.408,34.1567,33.3308,33.6936,5037700
2015-02-02,33.8634,34.2417,33.5855,34.1259,3551000
2015-02-03,34.4347,35.3841,34.1336,35.2992,4619100
2015-02-04,34.8438,35.3687,34.8438,35.1216,3462600
2015-02-05,35.2837,36.8507,35.2297,36.7658,3850200
2015-02-06,36.3876,37.7152,36.3644,37.2598,5792000
2015-02-09,37.1981,37.7847,37.0205,37.09,3335700
2015-02-10,36.9125,36.9897,36.2177,36.9047,1966400
2015-02-11,36.7426,36.9742,36.3567,36.8275,2294200
2015-02-12,37.2675,37.4914,37.0205,37.3216,2191300
2015-02-13,37.6535,37.9545,37.5145,37.7461,1902600
2015-02-17,37.7615,37.7847,37.2212,37.5763,1427400
2015-02-18,37.391,37.5994,37.1517,37.2444,1394600
2015-02-19,37.0051,37.3679,36.7658,37.1595,1189500
2015-02-20,37.1209,37.4837,36.9665,37.4219,1308900
2015-02-23,37.0591,37.2444,36.7812,37.0514,1526100
2015-02-24,37.0514,37.6612,37.0282,37.5531,1883100
2015-02-25,37.5454,37.5686,36.6114,36.8275,1732300
2015-02-26,36.9588,37.0514,36.3721,36.4802,1330700
2015-02-27,36.457,36.7195,36.0865,36.3027,2135900
2015-03-02,36.349,36.403,36.0402,36.3799,1680600
2015-03-03,36.3027,36.6886,36.1406,36.3953,1880600
2015-03-04,36.0325,36.7349,35.9785,36.596,2660800
2015-03-05,36.5805,36.7967,36.1405,36.7735,1989000
2015-03-06,36.6114,36.897,36.2641,36.3027,3017100
2015-03-09,36.2641,36.4802,36.1869,36.4262,2085500
2015-03-10,35.963,36.156,35.4613,35.6388,3252200
2015-03-11,35.5462,36.0016,35.4613,35.8781,1886500
2015-03-12,36.2023,36.4416,35.9862,36.4184,1944200
2015-03-13,36.4107,36.4107,35.7778,36.1174,2147300
2015-03-16,36.156,36.5419,35.7392,36.5111,1731600
2015-03-17,36.3799,36.7195,36.1792,36.596,1450100
2015-03-18,36.2872,38.1938,36.1637,38.0317,3547300
2015-03-19,36.9433,37.1826,35.083,35.5848,7759300
2015-03-20,35.4381,36.6191,35.4381,36.3876,7469300
2015-03-23,36.5111,37.0051,36.4956,36.7735,1944000
2015-03-24,36.7195,36.8507,36.2486,36.2949,2194600
2015-03-25,36.7581,36.7581,36.0865,36.0942,2955200
2015-03-26,36.2718,36.6269,36.1251,36.3644,2408500
2015-03-27,36.0625,36.257,35.7046,36.1792,1840600
2015-03-30,36.5294,37.0195,36.3815,36.825,1719400
2015-03-31,36.7083,37.1129,36.2181,36.9806,2508100
2015-04-01,36.4438,36.5294,35.4712,36.0314,3773100
2015-04-02,36.117,36.8483,35.7202,36.7705,2166900
2015-04-06,36.8017,36.9262,36.3193,36.366,2335700
2015-04-07,36.4905,36.7472,36.2959,36.576,1527900
2015-04-08,36.9106,37.1985,36.5916,37.0273,2269900
2015-04-09,36.8172,37.2607,36.5605,37.1829,2173600
2015-04-10,37.1051,37.6575,36.9962,37.5175,1845500
2015-04-13,37.3619,37.4319,36.7861,36.8483,1971000
2015-04-14,37.0506,37.3463,36.6694,37.1985,2117900
2015-04-15,37.4864,38.0543,37.323,37.7509,2541500
2015-04-16,37.7431,37.7431,36.8406,36.8639,2240400
2015-04-17,36.5527,36.5683,35.8291,36.1092,2603800
2015-04-20,36.2726,36.9962,36.2726,36.8639,1916200
2015-04-21,36.7939,37.1674,36.366,36.4204,1610500
2015-04-22,36.576,36.5916,36.1014,36.4282,1894000
2015-04-23,36.3115,37.8365,35.9769,37.6731,3339200
2015-04-24,37.8598,38.1166,37.2452,37.4319,2596000
2015-04-27,37.6964,38.3422,37.6964,37.8131,2607300
2015-04-28,37.8987,38.5912,37.8754,38.5601,2931900
2015-04-29,38.0855,38.5601,37.8987,38.2722,2005800
2015-04-30,38.0465,38.4278,37.852,38.0154,3100400
2015-05-01,38.3578,38.4356,37.6809,38.1244,2214400
2015-05-04,38.3266,38.4667,38.0777,38.2955,2376500
2015-05-05,38.4278,38.7546,37.9376,38.0466,1763400
2015-05-06,38.2488,38.4589,37.6653,37.8054,1847800
2015-05-07,37.5486,37.9143,37.214,37.8598,1235200
2015-05-08,38.3656,38.4278,37.9999,38.0466,1719100
2015-05-11,38.1244,38.2255,37.852,38.0699,1600600
2015-05-12,38.0388,38.0932,37.5953,37.6031,1890600
2015-05-13,37.7509,38.1788,37.6964,37.9376,1448700
2015-05-14,38.3033,38.6301,38.1632,38.5912,2588300
2015-05-15,38.6223,38.7312,38.3189,38.3733,1237500
2015-05-18,38.2022,38.3811,37.9687,38.1632,1177900
2015-05-19,37.9687,38.0699,37.144,37.3074,1955800
2015-05-20,37.1985,37.5642,37.1129,37.393,1278200
2015-05-21,37.4552,37.5097,36.9729,37.1674,1355600
2015-05-22,37.1284,37.6108,36.7239,37.4241,1752100
2015-05-26,37.2529,37.3074,36.576,36.7161,1337400
2015-05-27,36.685,37.2685,36.6227,37.1985,1337600
2015-05-28,36.9417,37.0584,36.7316,37.0195,961000
2015-05-29,36.9339,37.144,36.7939,36.8017,1451600
2015-06-01,37.0195,37.3463,36.5683,37.0273,1721400
2015-06-02,37.1518,38.5834,37.0506,38.4433,3087700
2015-06-03,38.3967,39.447,38.3344,38.7235,3568000
2015-06-04,38.3889,38.7468,37.9532,38.171,1668100
2015-06-05,38.1866,38.3189,37.8676,38.0621,1155000
2015-06-08,38.0232,38.2488,37.6575,37.7509,1590900
2015-06-09,37.8053,37.9921,37.5719,37.5875,1335900
2015-06-10,38.0232,38.2177,37.8676,38.0466,1252600
2015-06-11,37.9143,38.28,37.8054,38.0466,1159300
2015-06-12,37.8987,37.961,37.3541,37.8054,1159700
2015-06-15,37.4397,37.4397,36.895,36.9573,1420000
2015-06-16,36.825,37.4786,36.7239,37.4163,1174100
2015-06-17,37.533,37.642,36.9573,37.4397,860900
2015-06-18,36.7005,37.393,36.6772,37.2218,2501600
2015-06-19,37.0351,37.2918,36.825,36.9573,2100800
2015-06-22,36.9573,37.3463,36.5838,36.7005,1820100
2015-06-23,36.8172,37.4941,36.6149,37.4241,1547200
2015-06-24,37.3696,37.5564,36.8639,36.9028,1445800
2015-06-25,36.9573,37.3852,36.7705,36.8017,1435000
2015-06-26,36.8119,37.1648,36.2315,36.2708,2456500
2015-06-29,36.0041,36.3256,35.2356,35.2983,1996100
2015-06-30,35.612,35.6512,34.4356,34.5611,2663900
2015-07-01,34.7807,35.2042,34.6631,34.8905,2210800
2015-07-02,34.8905,35.0238,34.2474,34.7023,1968100
2015-07-06,34.1925,34.7728,33.9651,34.2239,1721700
2015-07-07,33.9259,34.7023,33.126,34.5925,3237100
2015-07-08,34.3337,34.3494,33.5259,33.5651,1922200
2015-07-09,34.0906,34.2631,33.6906,33.6906,1588500
2015-07-10,34.0827,34.3494,33.9337,33.9965,1264900
2015-07-13,34.3259,34.8121,33.9573,34.6239,1590700
2015-07-14,34.467,34.7493,34.2631,34.6474,1060300
2015-07-15,34.6474,34.6474,33.8945,34.1298,1435100
2015-07-16,34.4592,34.4592,33.8004,33.9259,1591800
2015-07-17,33.8004,33.973,33.3299,33.4789,1898200
2015-07-20,33.4554,33.4867,33.0083,33.0789,1876000
2015-07-21,33.0554,33.9259,33.0554,33.3926,2949000
2015-07-22,32.9927,33.3142,32.5143,33.0789,3162200
2015-07-23,33.3612,34.4827,33.3299,34.1063,3993200
2015-07-24,34.0749,34.1612,33.2907,33.4397,3379400
2015-07-27,33.2907,34.7336,33.1338,34.3494,4301200
2015-07-28,34.8278,35.1571,34.5141,34.8983,3862200
2015-07-29,35.0003,35.6904,34.8826,35.6355,3012900
2015-07-30,35.6041,35.8865,34.8434,35.1728,2509400
2015-07-31,35.4316,35.5414,34.5141,34.616,3127000
2015-08-03,34.5141,34.9376,34.1533,34.9219,1796600
2015-08-04,35.1022,35.3532,34.9376,35.2826,1878700
2015-08-05,35.5257,36.2002,35.5257,35.6747,2220700
2015-08-06,35.6355,36.059,35.5179,35.8394,2016800
2015-08-07,35.6355,36.1374,35.2748,35.4002,2321900
2015-08-10,35.5257,36.6315,35.2277,36.6158,2237400
2015-08-11,35.7688,36.0041,35.361,35.51,2386600
2015-08-12,35.2042,35.2669,34.3808,35.0866,2084500
2015-08-13,34.9532,35.6826,34.7964,35.6512,2025400
2015-08-14,35.6669,36.459,35.5728,36.3178,2140600
2015-08-17,36.1217,36.8589,35.9414,36.8275,2082000
2015-08-18,36.6236,36.804,36.3099,36.4354,1252300
2015-08-19,36.1923,36.4433,35.8786,36.1139,1742700
2015-08-20,36.1296,36.1766,35.0709,35.1414,2091800
2015-08-21,34.8983,34.8983,33.9886,33.9886,2745600
2015-08-24,32.2712,33.9416,31.9967,32.4986,3463200
2015-08-25,33.4632,33.6436,31.7693,31.7928,2862900
2015-08-26,32.5456,32.6554,31.8634,32.6084,3003600
2015-08-27,33.1181,33.8945,33.0868,33.8239,3527300
2015-08-28,33.6985,34.2082,33.126,33.9651,2247100
2015-08-31,33.7298,34.0514,33.3691,33.9494,2322600
2015-09-01,32.977,33.6122,32.679,32.9613,2086800
2015-09-02,33.5495,33.6044,33.024,33.5651,1547900
2015-09-03,33.9808,34.9297,33.6122,33.6279,4095200
2015-09-04,33.322,33.3848,32.6241,32.679,3412800
2015-09-08,33.7455,33.7455,32.7574,33.3769,5456400
2015-09-09,33.9651,34.0043,32.5456,32.5849,4897200
2015-09-10,32.5535,33.1966,32.5143,32.8044,3109300
2015-09-11,32.7809,33.0319,32.6005,33.0319,1506000
2015-09-14,32.8985,32.9377,31.7614,31.9418,2430500
2015-09-15,32.0045,32.1771,31.7222,32.0751,2518300
2015-09-16,32.4672,33.0868,32.3653,32.6554,2401200
2015-09-17,32.6162,33.0946,32.2555,32.428,2127100
2015-09-18,31.9653,32.0437,31.385,31.5654,2948100
2015-09-21,31.683,31.832,31.2595,31.5967,2433300
2015-09-22,30.9693,31.1968,30.3733,30.687,2466500
2015-09-23,30.836,30.8988,30.0832,30.1616,1917800
2015-09-24,29.9341,30.4674,29.7851,30.2949,4602900
2015-09-25,30.6321,30.7811,30.0204,30.2008,2732600
2015-09-28,29.8785,29.9102,29.1103,29.3004,3336400
2015-09-29,29.4271,29.7518,29.1183,29.4271,3106500
2015-09-30,29.8626,29.9973,29.3162,29.7359,2384400
2015-10-01,29.9418,30.1556,29.4904,29.7834,2791100
2015-10-02,29.5301,30.1636,29.2766,30.0923,3756800
2015-10-05,30.6625,31.589,30.6308,31.5336,3402400
2015-10-06,31.5969,31.7078,30.8604,31.6128,4242300
2015-10-07,32.1908,32.5472,31.1376,32.1354,3091600
2015-10-08,32.0404,32.8402,31.985,32.6739,2037200
2015-10-09,32.864,33.2124,32.571,32.8402,1751500
2015-10-12,32.9511,32.9511,32.4284,32.6897,1586200
2015-10-13,32.3017,33.2599,32.1671,32.8877,1786500
2015-10-14,33.0619,33.3233,32.6343,32.8877,1680700
2015-10-15,33.0698,33.4183,32.8085,33.4024,1559800
2015-10-16,33.5767,33.5767,32.959,33.3866,2052200
2015-10-19,33.0857,33.1411,32.3334,32.5789,1748100
2015-10-20,32.3334,32.8244,32.1908,32.373,1914200
2015-10-21,32.4522,32.6897,31.8424,31.9137,2257000
2015-10-22,32.1037,33.8934,31.9849,33.735,2563100
2015-10-23,34.0597,34.614,33.8538,34.4478,2757700
2015-10-26,34.2102,34.4002,33.4816,33.5608,1720700
2015-10-27,33.4975,33.7667,33.1332,33.5688,2084800
2015-10-28,33.5688,34.0201,33.2916,33.7746,2166100
2015-10-29,33.4975,33.8301,33.3787,33.5054,1930100
2015-10-30,33.6875,33.8459,33.4262,33.4975,2865600
2015-11-02,33.4816,34.7883,33.347,34.4794,2152600
2015-11-03,34.4398,34.7804,34.0201,34.3607,2974700
2015-11-04,34.3923,34.4082,33.2124,33.8301,2379000
2015-11-05,33.7588,33.8459,33.2678,33.4817,1717600
2015-11-06,33.149,33.4025,32.7293,33.3391,2032800
2015-11-09,33.3312,33.4262,32.7056,33.0857,2049300
2015-11-10,32.8639,33.0857,32.6739,33.0382,1631400
2015-11-11,33.2282,33.2441,32.3888,32.6422,1672600
2015-11-12,32.1037,32.1117,31.1455,31.7632,3717800
2015-11-13,31.7711,32.6264,31.7632,32.175,1619700
2015-11-16,32.1433,32.7927,32.0325,32.5472,1620500
2015-11-17,32.1433,32.6501,31.9849,32.1037,1871300
2015-11-18,32.4759,33.4104,32.4126,33.3945,1700000
2015-11-19,33.3153,33.5529,33.0065,33.1095,1610500
2015-11-20,33.2678,33.4975,32.571,32.7214,1878000
2015-11-23,32.666,32.9827,32.1275,32.1988,1493600
2015-11-24,32.3017,33.4658,32.1908,33.3866,3136400
2015-11-25,33.2124,33.3233,32.8402,32.9748,1512100
2015-11-27,32.8323,33.157,32.6818,33.0619,624100
2015-11-30,32.8323,33.0857,32.4126,32.8244,2900300
2015-12-01,33.0223,33.4262,32.8244,33.3866,1689800
2015-12-02,33.0699,33.252,32.6106,32.666,1818200
2015-12-03,32.8877,32.9115,32.0245,32.373,1807600
2015-12-04,32.4047,32.6185,32.1354,32.5472,1751700
2015-12-07,32.1988,32.1988,31.494,31.9137,1572300
2015-12-08,31.0901,31.8978,31.0109,31.2485,2304200
2015-12-09,31.6127,32.2304,31.5256,31.6761,1818100
2015-12-10,31.6207,32.8244,31.5573,32.4918,2437100
2015-12-11,32.0087,32.2463,31.6128,31.6682,2512800
2015-12-14,31.9058,32.3492,31.5811,31.787,2434600
2015-12-15,32.0008,32.1354,31.589,31.8107,2219300
2015-12-16,30.4486,31.0901,29.831,30.6149,5216900
2015-12-17,30.2586,30.71,29.8864,30.4645,3197100
2015-12-18,30.3378,31.0347,30.1873,30.7812,5750600
2015-12-21,31.0505,31.6523,30.9238,31.4623,3213700
2015-12-22,31.5019,32.666,31.4781,32.563,3209400
2015-12-23,32.9907,33.4183,32.2067,32.4997,3393400
2015-12-24,32.4759,32.6818,32.2146,32.5234,624400
2015-12-28,32.27,32.2779,31.6919,32.1671,1760100
2015-12-29,32.4348,32.5307,32.0032,32.3549,1539100
2015-12-30,32.1551,32.3789,32.0512,32.243,1965100
2015-12-31,32.251,32.5787,32.0752,32.211,1910800
2016-01-04,31.6835,32.0192,31.3558,31.6116,4029900
2016-01-05,31.8913,31.9952,31.5396,31.9393,3514500
2016-01-06,31.3478,31.7395,31.2519,31.4597,1631000
2016-01-07,30.8443,30.8603,29.5654,29.8532,5617100
2016-01-08,29.9411,30.1729,29.0619,29.1258,3400900
2016-01-11,29.3656,29.4295,28.6143,28.886,3334300
2016-01-12,29.1338,29.4535,28.3265,29.0059,4248900
2016-01-13,29.2617,29.6294,28.4145,28.4704,3481100
2016-01-14,28.6782,29.2457,28.3745,28.95,3819000
2016-01-15,28.1987,28.4065,27.7511,28.0947,3362300
2016-01-19,28.6063,28.6942,27.767,28.1907,3265500
2016-01-20,27.6631,28.2946,27.0956,27.9589,3579000
2016-01-21,27.9349,28.4384,27.7351,27.9828,2826100
2016-01-22,28.4864,28.6622,27.9908,28.2626,2836000
2016-01-25,28.1907,28.4384,27.831,27.863,2326500
2016-01-26,28.2386,29.4775,28.1747,29.2057,3707000
2016-01-27,28.7342,29.2777,28.4304,28.5343,3327200
2016-01-28,29.5734,29.5734,27.8949,29.2857,3970000
2016-01-29,29.3416,31.2599,29.2857,31.2279,6027800
2016-02-01,30.9402,31.3558,30.3727,31.3158,3355800
2016-02-02,30.9082,30.9802,30.5166,30.7643,2949000
2016-02-03,31.156,31.9793,30.7484,31.8993,2839600
2016-02-04,32.235,32.8984,32.0512,32.3469,2907700
2016-02-05,32.0832,32.9624,31.7075,31.9073,2782700
2016-02-08,31.8674,31.9473,31.2599,31.4837,2598000
2016-02-09,31.108,31.4757,30.6045,31.1,2720300
2016-02-10,31.164,31.9233,30.9721,31.132,1624300
2016-02-11,30.7803,30.9242,30.1409,30.6524,2095000
2016-02-12,31.3238,32.0192,30.8842,31.9952,2540800
2016-02-16,32.1551,32.3709,31.6915,32.1151,2450500
2016-02-17,32.4109,32.8345,32.3309,32.5787,2614200
2016-02-18,32.5467,32.6347,31.8354,31.9952,2544100
2016-02-19,31.8594,31.8674,31.2599,31.4837,2708700
2016-02-22,31.8514,32.0512,31.6196,31.7794,2662400
2016-02-23,31.4677,31.6196,31.0761,31.0921,2096400
2016-02-24,30.5805,31.2199,30.1889,31.188,2957700
2016-02-25,31.124,31.7714,31.0041,31.7714,2162100
2016-02-26,31.9073,32.307,31.7315,31.9393,1851300
2016-02-29,31.4198,31.8913,31.2359,31.4437,2816900
2016-03-01,31.9393,32.9304,31.6675,32.7386,2172400
2016-03-02,33.0503,33.8176,32.9384,33.7617,2974300
2016-03-03,33.8016,34.537,33.6817,34.1693,3967300
2016-03-04,34.3291,35.0405,33.7297,34.3371,3442800
2016-03-07,34.497,35.7838,34.3691,35.7758,3646300
2016-03-08,35.2803,35.9277,35.2004,35.4242,3750100
2016-03-09,35.544,35.7918,34.5929,34.8007,2827700
2016-03-10,34.8487,36.0236,34.7368,35.9597,2733700
2016-03-11,36.2554,36.3193,35.3922,36.2714,2944200
2016-03-14,35.9996,36.4872,35.7199,36.0876,2380300
2016-03-15,35.7519,36.3593,35.4801,36.0076,2126300
2016-03-16,35.7439,36.4552,35.56,36.3593,3249400
2016-03-17,36.655,37.3744,36.1675,37.2865,3108100
2016-03-18,37.3744,37.854,37.0387,37.3265,3119200
2016-03-21,37.2225,37.3184,36.655,37.0946,1804800
2016-03-22,36.711,37.4543,36.695,37.2385,1970300
2016-03-23,36.8389,37.3025,36.671,36.8069,2518500
2016-03-24,36.4153,37.1986,36.3833,37.1506,1995700
2016-03-28,37.2145,37.7181,36.9348,37.4543,2637000
2016-03-29,37.2811,38.0868,37.0313,38.0627,2679600
2016-03-30,38.3285,39.094,38.0707,38.9248,4989200
2016-03-31,38.82,38.8281,38.0788,38.111,3988300
2016-04-01,37.7323,38.3366,37.6437,38.2882,2414800
2016-04-04,38.1996,38.4977,37.547,37.6114,2356200
2016-04-05,37.4664,37.9257,37.4664,37.692,2049000
2016-04-06,37.7404,38.0707,37.3536,38.0465,1715100
2016-04-07,37.692,37.8612,37.2489,37.5148,2165000
2016-04-08,37.974,38.4736,37.8854,38.1029,2074000
2016-04-11,38.3608,38.9248,38.3286,38.4091,2827400
2016-04-12,38.7072,38.9973,38.3124,38.7475,2640600
2016-04-13,39.2712,39.8836,39.0779,39.5532,2846600
2016-04-14,39.6338,39.7789,39.3438,39.7305,2066900
2016-04-15,39.6499,39.932,39.4243,39.8917,2167600
2016-04-18,39.7628,40.2381,39.6661,40.1737,2279700
2016-04-19,40.3993,40.9149,40.2865,40.6571,2894800
2016-04-20,40.778,40.8666,40.1173,40.5121,2870600
2016-04-21,40.2542,40.3993,39.1504,39.8836,2591700
2016-04-22,39.6016,40.4073,39.6016,39.9239,2315900
2016-04-25,39.6822,40.0125,39.3438,39.5774,2533600
2016-04-26,39.8272,39.9642,39.1987,39.8917,3139900
2016-04-27,39.9722,40.8182,39.4163,40.778,2255600
2016-04-28,40.5363,41.1728,40.1253,40.2381,2601000
2016-04-29,40.2542,40.6168,39.7869,40.1092,5645600
2016-05-02,40.077,40.6088,39.8191,40.5282,2266000
2016-05-03,39.8353,39.9078,38.9167,39.2632,3838300
2016-05-04,38.9087,39.521,38.53,39.0779,3936600
2016-05-05,39.2632,39.513,38.7636,39.0456,2480200
2016-05-06,39.0054,39.4485,38.5783,39.3599,2085000
2016-05-09,38.5864,38.7798,37.4261,37.4503,3288400
2016-05-10,37.6759,38.6428,37.5228,38.6105,2705100
2016-05-11,38.6589,39.1262,38.2963,38.3608,1917400
2016-05-12,38.6589,38.82,38.0465,38.2238,2086500
2016-05-13,38.0949,38.3447,37.7565,37.9176,2309300
2016-05-16,38.1029,38.9167,38.1029,38.5219,2028600
2016-05-17,38.385,38.5219,37.3375,37.5148,3935900
2016-05-18,37.273,37.8532,36.7815,36.9507,1903900
2016-05-19,36.6204,37.5953,36.5156,37.4986,2335000
2016-05-20,37.7726,37.8532,37.3617,37.4906,1701200
2016-05-23,37.2489,37.9982,37.0877,37.7323,1794700
2016-05-24,37.9499,38.1674,37.7162,37.9982,1911800
2016-05-25,38.1755,39.102,37.9821,38.9892,2372900
2016-05-26,39.6661,39.9239,38.9409,39.0859,1939200
2016-05-27,39.0134,39.2068,38.4252,38.9892,2704000
2016-05-31,39.1665,39.5049,38.7798,39.0859,2357000
2016-06-01,38.7314,39.3841,38.6025,39.3196,1866900
2016-06-02,39.094,39.6097,38.9892,39.6097,1868700
2016-06-03,39.7386,40.2139,39.384,40.1898,2626000
2016-06-06,40.1978,40.6893,40.1253,40.6249,2112400
2016-06-07,40.496,40.8102,40.3912,40.5846,2119400
2016-06-08,41.0761,41.8899,41.0438,41.7045,3064200
2016-06-09,41.2372,41.2695,40.5765,40.7296,2969300
2016-06-10,40.4315,40.9713,40.3026,40.6893,2523700
2016-06-13,40.8746,40.9713,40.2623,40.2704,2977800
2016-06-14,40.367,40.496,39.6419,39.8997,1895600
2016-06-15,40.4073,40.8183,39.9964,40.6491,3197400
2016-06-16,40.367,40.8424,40.1334,40.8102,2178400
2016-06-17,40.9391,41.205,40.4637,40.5685,3038400
2016-06-20,41.2131,41.7771,41.1486,41.3339,2320000
2016-06-21,41.3017,41.3097,40.0206,40.2784,3880700
2016-06-22,40.5604,40.6732,39.8111,39.94,3564800
2016-06-23,40.5201,40.6893,39.8917,40.6893,3166000
2016-06-24,39.2471,39.7466,38.4414,38.5703,4073900
2016-06-27,38.1996,38.2721,37.1441,37.3133,3236000
2016-06-28,37.9185,38.5765,37.7317,38.4465,3246900
2016-06-29,38.9258,39.1857,38.8445,38.9258,2676400
2016-06-30,39.2019,40.1361,39.0557,40.1361,2364000
2016-07-01,40.0792,40.8834,40.0386,40.591,2516500
2016-07-05,40.3798,40.5016,39.5512,39.7705,3385500
2016-07-06,39.9899,41.517,39.933,41.4926,4712300
2016-07-07,41.4602,42.045,41.387,41.8419,3398900
2016-07-08,42.24,43.3122,42.1425,43.2066,3674100
2016-07-11,43.4584,44.2707,43.4584,44.2382,3465200
2016-07-12,44.88,46.0009,44.815,45.7654,5238200
2016-07-13,45.9847,46.1715,45.1399,45.8304,3009700
2016-07-14,46.0009,46.3665,45.6354,46.1309,2563200
2016-07-15,46.074,46.2934,45.741,46.0334,3015200
2016-07-18,45.8547,46.2284,45.6598,46.2203,2133100
2016-07-19,45.5948,45.8547,44.6038,45.2536,4326600
2016-07-20,44.2545,44.3032,43.4666,43.9377,5542300
2016-07-21,44.0108,44.2545,42.2968,42.4999,4505500
2016-07-22,42.3943,43.0198,42.3374,42.8248,2618200
2016-07-25,42.7436,42.9873,42.2887,42.5568,2213300
2016-07-26,42.5649,43.6453,42.5649,43.629,2614800
2016-07-27,43.9539,44.1408,43.0523,43.4259,2748500
2016-07-28,43.4584,43.7996,43.0929,43.7102,3221400
2016-07-29,43.6209,43.8646,43.2229,43.5722,2392200
2016-08-01,43.5721,43.6615,43.0198,43.2797,2156700
2016-08-02,43.1985,43.2879,42.6624,43.0523,2170400
2016-08-03,42.9223,43.4828,42.8086,43.4665,1836200
2016-08-04,43.3853,43.5559,42.9792,43.296,1723700
2016-08-05,43.3285,43.5153,43.166,43.4991,1194000
2016-08-08,43.629,43.629,43.0766,43.4665,1848400
2016-08-09,43.231,43.2554,42.8086,42.8817,1507800
2016-08-10,42.9873,43.0523,42.4837,42.5243,2846400
2016-08-11,42.703,42.8898,42.24,42.5243,2516500
2016-08-12,42.3212,42.3943,41.0946,41.1758,3193900
2016-08-15,41.4114,42.1425,41.119,41.8907,2446400
2016-08-16,41.9963,42.1344,41.2083,41.2083,1722400
2016-08-17,41.0621,41.2246,40.8428,41.0378,2378500
2016-08-18,41.2246,41.4277,40.8509,41.3789,1789400
2016-08-19,40.9565,41.1027,40.5504,40.656,3070800
2016-08-22,40.3229,40.8834,40.2986,40.8672,1594700
2016-08-23,41.1434,41.4114,40.5829,40.6397,2108300
2016-08-24,40.4854,40.5179,39.6975,39.7462,2446900
2016-08-25,39.7381,40.1605,39.5594,39.7137,2315100
2016-08-26,39.9899,40.526,39.47,39.5512,1819000
2016-08-29,39.5025,40.2742,39.5025,40.1605,1847000
2016-08-30,40.1605,40.1605,39.3644,39.4781,2824300
2016-08-31,39.2669,39.5837,39.137,39.405,3143700
2016-09-01,39.4781,40.1848,39.405,40.0467,2700600
2016-09-02,40.4366,40.8915,39.6162,39.8274,2427600
2016-09-06,39.9005,40.3554,39.5918,40.2742,2263800
2016-09-07,40.0467,40.591,39.9086,40.591,2853700
2016-09-08,40.4123,40.4123,39.8112,39.8437,1933000
2016-09-09,39.47,39.4862,38.0403,38.0403,3693100
2016-09-12,37.4149,38.9014,37.4149,38.7552,4360500
2016-09-13,38.1703,38.284,37.1631,37.3824,3451400
2016-09-14,36.96,37.1712,36.3995,36.8381,4593600
2016-09-15,36.7731,37.2443,36.5051,37.0574,3029300
2016-09-16,36.9762,37.4636,36.7,37.1549,3482500
2016-09-19,37.5936,37.7398,37.2199,37.3661,2460300
2016-09-20,37.5123,37.6586,37.2849,37.5042,3010100
2016-09-21,37.7723,38.9095,37.7723,38.877,3562500
2016-09-22,39.5187,39.7381,38.8364,38.8851,2252300
2016-09-23,38.6821,39.8112,38.6252,39.6487,5321500
2016-09-26,39.5269,39.9574,39.34,39.7381,3697700
2016-09-27,39.4781,39.9493,39.275,39.8599,2447500
2016-09-28,40.1669,40.7317,40.0523,40.7071,2125300
2016-09-29,40.658,40.9036,39.7985,39.995,2100200
2016-09-30,40.1505,40.7071,39.8804,40.4779,2745700
2016-10-03,40.3142,40.4452,39.733,39.9622,3005300
2016-10-04,39.7412,39.8394,38.9227,38.98,2642600
2016-10-05,39.3238,39.4547,39.0209,39.3319,2297300
2016-10-06,39.1519,39.4629,39.07,39.2583,2068100
2016-10-07,39.4629,39.6102,38.3251,38.7917,2361200
2016-10-10,39.0454,39.5611,38.9963,39.07,1434100
2016-10-11,38.8244,39.3401,38.6689,38.7999,2065500
2016-10-12,38.849,39.0536,38.4888,38.6771,3907200
2016-10-13,38.1041,38.276,37.572,38.0959,3182700
2016-10-14,38.3742,38.6853,38.2432,38.3578,2096900
2016-10-17,38.4397,38.7589,38.3006,38.3087,1912200
2016-10-18,38.7835,38.849,38.2351,38.5952,3142400
2016-10-19,38.7753,39.4793,38.7098,39.3156,3102200
2016-10-20,39.0291,40.0195,37.0809,39.5857,5786600
2016-10-21,39.2255,39.4629,38.718,39.1846,3547600
2016-10-24,39.5448,39.553,38.9472,39.0291,1812100
2016-10-25,39.2665,39.2665,38.3579,38.4725,2818200
2016-10-26,38.4397,38.849,38.0795,38.7507,1857800
2016-10-27,38.7344,38.7344,38.1532,38.2596,2674100
2016-10-28,38.2678,39.5366,38.1777,38.9718,2717400
2016-10-31,39.1846,40.0686,39.0291,39.9868,3179000
2016-11-01,40.2242,40.347,38.9063,39.1519,3503600
2016-11-02,38.9554,40.1014,38.9554,39.4138,2752600
2016-11-03,39.4957,40.1341,39.4793,39.9295,2057100
2016-11-04,39.8968,41.2719,39.8067,40.8872,3393300
2016-11-07,41.6239,42.1887,41.5748,42.0168,3516600
2016-11-08,41.673,42.5162,41.4111,42.0496,1893500
2016-11-09,44.3906,47.9105,44.3906,47.1656,9065600
2016-11-10,47.0837,48.9664,46.9937,48.4098,7220700
2016-11-11,48.4998,48.77,47.1901,48.0906,4541100
2016-11-14,48.639,49.1874,48.3607,48.7863,4010700
2016-11-15,47.9678,49.4003,47.8122,49.3839,4270100
2016-11-16,48.9828,49.1629,48.4998,48.991,3335500
2016-11-17,48.991,49.1383,48.4998,48.6636,2944100
2016-11-18,48.5244,48.7618,48.0251,48.1642,3053400
2016-11-21,48.6226,48.9337,48.2624,48.8354,2120900
2016-11-22,49.2857,51.0865,49.2857,51.0046,4699300
2016-11-23,50.6363,51.2993,50.3662,51.1684,2801500
2016-11-25,51.3648,51.4876,51.0374,51.4467,855100
2016-11-28,51.2993,51.3648,50.4317,50.7263,2721500
2016-11-29,49.3511,50.7673,48.5981,50.448,3220700
2016-11-30,51.1356,51.7905,50.6527,50.9064,3445500
2016-12-01,51.2338,51.5694,50.4808,50.71,2943400
2016-12-02,50.6854,51.6104,50.4808,51.594,2059900
2016-12-05,52.4126,53.3621,52.3389,53.2884,3630900
2016-12-06,53.1738,53.7304,52.7318,53.6813,2844700
2016-12-07,53.9515,54.9419,53.7468,54.639,3006900
2016-12-08,54.9174,55.6623,54.238,54.3607,3824900
2016-12-09,54.2298,54.328,52.9446,53.5094,2949000
2016-12-12,53.9433,53.976,52.298,52.4699,3319400
2016-12-13,52.7236,53.0838,51.6104,51.9214,3699200
2016-12-14,51.815,52.65,51.4876,51.6022,2942500
2016-12-15,50.5872,51.8478,49.9405,51.463,5294400
2016-12-16,51.1356,51.3894,49.6131,49.6458,7583700
2016-12-19,49.2202,49.9323,48.8109,49.5476,2448700
2016-12-20,49.6049,51.0619,49.5558,50.8491,2629300
2016-12-21,50.8655,51.5285,50.2188,50.8655,2254500
2016-12-22,50.6608,51.0046,50.3089,50.448,1930800
2016-12-23,50.3825,50.4398,49.9896,50.3334,1266800
2016-12-27,50.6772,51.0619,50.5626,50.6445,1439600
2016-12-28,51.0876,51.5158,50.1322,50.1734,1340700
2016-12-29,50.1651,50.6346,49.7698,50.1816,1217700
2016-12-30,50.2804,50.4452,48.9133,49.0203,2203400
2017-01-03,49.2015,50.1322,48.6086,49.0945,3698200
2017-01-04,49.218,50.4781,48.6991,50.4452,3568600
2017-01-05,50.3381,51.557,49.9263,50.1569,3884600
2017-01-06,50.1404,50.9476,49.6463,49.6545,3057700
2017-01-09,50.1404,50.684,49.0204,49.1192,3589700
2017-01-10,49.7451,50.6264,49.1274,50.4205,3987400
2017-01-11,50.6099,50.8899,49.8604,50.3958,2085800
2017-01-12,50.0416,50.3463,49.391,49.9181,2469500
2017-01-13,49.8192,50.4781,49.5557,49.7204,1475000
2017-01-17,49.7122,49.9922,49.1851,49.531,1534000
2017-01-18,49.6545,51.4252,49.4568,51.3758,3744100
2017-01-19,51.0793,51.2688,49.251,49.5392,2892000
2017-01-20,49.811,50.3546,49.5886,50.231,2802400
2017-01-23,50.3875,50.5111,49.0039,49.4651,3026300
2017-01-24,50.2557,51.3429,50.0581,50.1734,4368700
2017-01-25,50.0581,50.1075,48.6085,49.1768,6208900
2017-01-26,49.1192,50.0745,48.9297,50.0004,3238900
2017-01-27,50.0746,50.4287,49.5639,50.2475,2585200
2017-01-30,49.8604,50.0663,48.6168,49.498,4340000
2017-01-31,49.2592,49.2921,47.052,47.8426,9225900
2017-02-01,48.2379,48.8309,46.2778,46.8872,4771600
2017-02-02,46.9696,47.472,46.706,47.3485,3051900
2017-02-03,47.2661,47.8426,46.6649,47.2332,2570000
2017-02-06,47.3567,47.9332,47.3567,47.6449,2644000
2017-02-07,48.1556,48.3862,47.3814,47.4802,2218000
2017-02-08,47.4143,48.032,47.1096,47.9991,2408000
2017-02-09,47.9991,50.2228,47.9991,50.2146,5505500
2017-02-10,50.7581,50.9805,49.9592,50.231,5096300
2017-02-13,51.3594,52.6936,51.2605,52.3724,4343100
2017-02-14,52.1253,52.2983,51.3923,51.9606,2665100
2017-02-15,52.0347,53.2701,51.977,52.603,2963600
2017-02-16,52.6194,52.9736,51.9523,52.3888,2174800
2017-02-17,52.2818,52.6853,51.6394,52.6277,2225000
2017-02-21,53.1218,53.8631,52.9242,53.1136,2908300
2017-02-22,52.71,52.7512,51.9441,52.0841,3090400
2017-02-23,52.4712,52.5783,49.9181,50.1487,3009600
2017-02-24,49.7204,50.5193,49.5557,50.124,2228700
2017-02-27,50.264,51.9853,50.264,51.59,2652000
2017-02-28,51.5735,51.9771,51.2276,51.5323,2325100
2017-03-01,52.9159,53.2701,52.4794,52.7183,3239000
2017-03-02,52.5865,52.6689,51.5488,51.59,2578200
2017-03-03,51.5817,51.8535,51.137,51.59,2353700
2017-03-06,50.9476,51.9194,50.7746,51.73,2358100
2017-03-07,51.7053,51.977,50.1404,50.1816,2637300
2017-03-08,50.2146,50.6016,49.9263,50.2146,2339500
2017-03-09,49.8604,50.4287,49.4239,49.8604,2305200
2017-03-10,50.2887,50.5852,49.7945,49.9263,2553900
2017-03-13,50.2475,50.5193,49.7863,50.0004,1950300
2017-03-14,49.6792,50.1404,49.4239,50.0169,1581300
2017-03-15,50.4452,52.3724,50.4452,52.2571,3792800
2017-03-16,54.0855,54.3573,53.1136,53.2042,5324600
2017-03-17,53.3854,54.2172,53.0395,53.303,6201500
2017-03-20,53.1877,53.3195,52.57,53.2619,1794600
2017-03-21,53.2618,53.4348,50.4122,50.511,4247100
2017-03-22,50.7664,51.417,50.3957,51.1782,2563700
2017-03-23,51.1946,51.4582,50.1322,50.4534,2182100
2017-03-24,50.5852,50.8817,48.9462,49.218,2830700
2017-03-27,48.1309,49.1851,47.7438,49.0039,2824700
2017-03-28,48.8227,50.0498,48.6085,49.5886,2887500
2017-03-29,49.6947,49.9351,49.2886,49.5372,1482400
2017-03-30,49.5704,50.2914,49.5704,49.8107,2005800
2017-03-31,49.6698,49.8522,49.2223,49.4958,2609700
2017-04-03,49.8439,50.4655,49.0565,49.9019,2746200
2017-04-04,49.6864,50.2666,49.388,50.134,1624100
2017-04-05,50.6312,51.3855,49.3715,49.4958,2730200
2017-04-06,49.5787,50.25,49.1974,49.819,2099700
2017-04-07,49.3963,50.7058,49.3632,50.366,1713300
2017-04-10,50.5567,50.6395,49.4544,49.7942,1441900
2017-04-11,49.645,50.192,48.8742,50.1423,1913300
2017-04-12,49.7196,49.7196,47.8879,47.9708,2908900
2017-04-13,47.9377,48.4349,47.1586,47.2083,2822100
2017-04-17,47.3824,47.5979,47.026,47.4155,2249500
2017-04-18,46.9265,47.7885,46.7608,47.515,2183600
2017-04-19,47.8631,48.3355,47.6144,47.7553,2456400
2017-04-20,48.8079,50.3743,48.0951,50.0179,5916200
2017-04-21,50.0097,50.0179,48.8576,49.7279,3711400
2017-04-24,50.6561,51.0539,49.7693,50.7059,3325900
2017-04-25,51.2363,51.2446,50.2169,50.5069,3204000
2017-04-26,49.2637,51.6424,49.0317,51.3855,4377200
2017-04-27,51.402,51.4435,50.7556,51.0622,4399700
2017-04-28,51.3523,51.4601,50.6893,50.8302,3233400
2017-05-01,51.0954,51.6424,50.5567,51.1451,2071800
2017-05-02,50.9462,51.3523,50.7224,51.1368,2107100
2017-05-03,51.1368,51.1368,49.6367,49.9599,3007700
2017-05-04,49.8936,50.8053,49.7444,50.6313,2727600
2017-05-05,50.7473,50.8882,49.9268,50.1174,2207300
2017-05-08,49.9351,50.0097,49.4544,49.6201,1983900
2017-05-09,49.7361,49.7444,48.6007,48.7333,2679400
2017-05-10,48.9571,48.9654,47.7968,48.2443,4348700
2017-05-11,48.8576,48.8576,47.4072,47.6807,2652300
2017-05-12,47.4652,47.8631,47.2415,47.5067,1832200
2017-05-15,47.8133,48.0288,47.3824,47.747,3364600
2017-05-16,48.2941,48.3686,47.4818,47.8879,2639000
2017-05-17,47.8879,47.8879,46.4707,46.5121,2940600
2017-05-18,46.2386,46.711,45.6833,46.3132,2997000
2017-05-19,46.7028,47.3907,46.4873,46.9597,2480800
2017-05-22,47.1917,47.4404,46.8022,47.0426,3304400
2017-05-23,47.1006,49.0648,46.9348,48.6007,3550300
2017-05-24,49.1394,49.7279,48.294,48.609,3757900
2017-05-25,48.7416,48.8991,48.3106,48.3769,2281300
2017-05-26,48.3603,48.6339,48.0371,48.1946,1455300
2017-05-30,48.1117,48.5427,47.8962,48.3438,2027600
2017-05-31,47.9625,48.4349,47.142,48.1531,2511800
2017-06-01,48.2112,48.9737,47.8051,48.9571,2194300
2017-06-02,48.8908,48.982,48.5841,48.6504,1452100
2017-06-05,48.3935,49.1726,48.3521,48.8742,2137400
2017-06-06,48.5676,48.5676,47.8797,47.9128,2245600
2017-06-07,48.2443,48.3686,46.8105,47.4155,2799200
2017-06-08,47.4155,49.2306,47.0674,49.0151,2934100
2017-06-09,49.0151,49.5787,48.6919,49.5538,2010700
2017-06-12,49.5207,50.2251,48.9985,49.645,2411000
2017-06-13,49.645,50.1671,49.4543,50.134,1952500
2017-06-14,50.0594,50.134,48.4515,48.9902,1702600
2017-06-15,48.1614,48.2112,45.2192,45.2524,8170400
2017-06-16,45.2441,45.9651,44.7634,45.5176,4724000
2017-06-19,46.4044,47.3161,46.106,46.2469,4028800
2017-06-20,45.9403,46.9431,45.7331,46.5204,2371000
2017-06-21,47.1503,47.2,46.3298,46.3878,3569300
2017-06-22,46.5784,47.2415,46.1475,46.9928,2397000
2017-06-23,47.9957,48.2858,47.1006,47.6559,4209800
2017-06-26,47.7387,48.0537,47.1835,47.5813,2604900
2017-06-27,47.9294,48.4101,47.1255,47.1255,2143200
2017-06-28,47.6828,48.8175,47.6828,48.5338,2050400
2017-06-29,48.7841,49.0594,48.2084,48.5338,1793300
2017-06-30,48.8509,49.3264,48.2668,48.2835,2605000
2017-07-03,48.5171,49.3264,48.4838,49.1179,1794300
2017-07-05,49.1679,49.5851,48.4337,49.3598,2776800
2017-07-06,49.1429,49.9772,48.926,49.3848,2290400
2017-07-07,49.5016,49.5601,47.9164,48.5588,2530700
2017-07-10,48.3336,49.6268,48.0249,48.9844,1958800
2017-07-11,49.1178,49.4432,48.5672,48.8926,2219400
2017-07-12,49.0928,49.3431,48.734,49.1763,1751400
2017-07-13,49.4015,50.7865,48.9927,50.4778,3822100
2017-07-14,50.4945,50.5112,49.7603,49.827,2001800
2017-07-17,49.9439,50.2859,49.6685,50.1608,1691500
2017-07-18,49.9689,50.0607,48.9426,49.5183,3079600
2017-07-19,49.6936,50.7198,49.5267,50.6113,4081900
2017-07-20,49.7436,50.8449,49.0177,49.9939,4061600
2017-07-21,49.8604,50.5279,49.7937,50.2526,3382800
2017-07-24,50.2359,50.5863,49.8604,50.4862,2596800
2017-07-25,51.1286,51.9463,50.7532,50.8283,3223600
2017-07-26,50.9367,51.1286,48.4003,48.4921,4601300
2017-07-27,48.5922,49.2847,48.1917,48.951,2939800
2017-07-28,48.6256,48.6339,47.5993,47.9414,2966100
2017-07-31,48.3586,48.4504,47.7328,48.1166,2392700
2017-08-01,48.2835,48.3503,47.3574,47.6828,1862800
2017-08-02,47.3157,47.566,46.7233,47.4575,2400800
2017-08-03,47.3657,47.9081,47.2656,47.6494,1333500
2017-08-04,47.9414,48.0082,47.4742,47.9581,1259300
2017-08-07,48.3586,48.5004,47.8663,48.2752,1907200
2017-08-08,48.1584,48.4504,47.4408,48.0165,1763900
2017-08-09,47.8997,47.9581,47.3407,47.6744,1807900
2017-08-10,47.1488,47.7996,46.9736,47.1738,2246100
2017-08-11,46.9068,47.2573,46.1392,46.1976,2179900
2017-08-14,46.4146,46.7233,46.1309,46.4897,2381300
2017-08-15,46.5648,46.9152,46.206,46.3645,1359600
2017-08-16,46.6482,47.4408,46.5814,47.3323,2521100
2017-08-17,46.7233,46.7734,45.3383,45.3466,2840500
2017-08-18,45.3299,45.5802,45.0713,45.1464,2279500
2017-08-21,45.2966,45.4467,44.7209,44.8293,1487300
2017-08-22,45.1297,45.6136,44.8043,45.5969,1724200
2017-08-23,45.2799,46.0558,45.1547,45.8139,1350900
2017-08-24,45.8639,46.0475,45.3049,45.5469,1423600
2017-08-25,45.8389,45.8889,45.1213,45.647,1671800
2017-08-28,45.8139,45.8389,45.0796,45.5385,1675500
2017-08-29,45.2799,46.2811,44.9294,45.8305,1884000
2017-08-30,45.8305,46.6899,45.5802,46.4563,1504100
2017-08-31,46.8067,46.9319,45.9306,45.9807,1714400
2017-09-01,46.3979,46.5814,46.0308,46.3061,1935000
2017-09-05,46.4313,46.8818,45.2966,45.7137,2489600
2017-09-06,45.8305,46.3478,45.7471,46.1476,1615600
2017-09-07,46.0975,46.206,45.0129,45.2715,1944100
2017-09-08,45.0129,45.8556,44.6791,45.5135,2552700
2017-09-11,45.8889,45.939,44.8543,45.0296,2706900
2017-09-12,44.5707,44.6625,43.1106,44.6207,4157100
2017-09-13,44.4038,44.8293,44.3537,44.7209,2267400
2017-09-14,45.1881,45.2465,44.4956,45.0212,2520300
2017-09-15,44.5957,45.2715,44.3704,44.6374,3595300
2017-09-18,44.7042,45.5218,44.5039,45.2799,2479300
2017-09-19,45.2799,46.1643,44.8877,45.9807,2685900
2017-09-20,46.1309,46.9819,46.1059,46.7066,2800600
2017-09-21,46.4229,46.7567,45.3216,45.4801,2340000
2017-09-22,44.9044,45.7221,44.8794,45.4968,2397800
2017-09-25,45.4134,45.6637,44.5707,45.3049,2156300
2017-09-26,45.3466,45.7721,45.113,45.1297,1506200
2017-09-27,45.405,46.4313,45.2131,46.3979,2124100
2017-09-28,46.035,46.6902,45.6738,46.6146,3139900
2017-09-29,46.5054,47.1271,46.329,47.0767,1906200
2017-10-02,46.6062,47.3203,46.5642,47.085,2796200
2017-10-03,47.2111,47.2699,46.4298,47.0094,3030500
2017-10-04,47.043,47.4715,46.8162,47.1355,2131500
2017-10-05,47.5051,47.7991,47.2531,47.6059,2700700
2017-10-06,47.3875,47.4379,46.8246,47.169,1433500
2017-10-09,47.0934,47.1607,46.1442,46.539,2116200
2017-10-10,46.6734,46.9674,46.3458,46.5138,1270900
2017-10-11,46.6902,48.1687,46.5978,48.1687,3523900
2017-10-12,47.8747,48.4459,47.5555,48.2359,2213100
2017-10-13,48.8912,49.2776,48.6224,48.9836,2268300
2017-10-16,49.3364,49.3616,47.8831,48.0595,1759000
2017-10-17,48.0091,48.4207,47.8075,47.9755,2107700
2017-10-18,48.1435,48.4207,47.9923,48.1183,2048000
2017-10-19,47.6311,49.2692,47.0515,49.244,3268000
2017-10-20,49.6052,50.6301,49.58,50.4033,3982200
2017-10-23,50.4033,50.8569,49.9328,49.9412,2968900
2017-10-24,50.1009,50.3697,49.8656,50.2185,3123000
2017-10-25,50.0925,50.1681,49.4708,49.5548,2926000
2017-10-26,49.8236,50.2437,49.4288,50.1765,2461500
2017-10-27,49.6724,50.2941,49.4204,49.9748,2455700
2017-10-30,49.5968,49.706,49.0676,49.118,2581800
2017-10-31,48.7568,49.1348,48.488,48.5804,3763700
2017-11-01,49.2944,50.3697,49.1096,49.3952,2238100
2017-11-02,49.4456,49.6556,48.8996,49.1012,1471200
2017-11-03,49.16,49.16,48.4459,48.7232,1955700
2017-11-06,48.9752,49.37,48.6139,48.7064,1486000
2017-11-07,48.5971,48.6896,48.2191,48.4627,1163000
2017-11-08,48.3115,48.5972,47.9503,48.4711,1284800
2017-11-09,47.9587,48.0259,47.3371,47.4799,1954400
2017-11-10,47.6563,47.7655,46.5222,46.9002,2551600
2017-11-13,46.5138,47.0683,46.287,46.791,1836600
2017-11-14,46.5222,46.6146,45.699,46.0854,1815300
2017-11-15,45.5982,46.3458,45.1193,46.1526,2428700
2017-11-16,46.455,46.497,45.699,46.0266,1650500
2017-11-17,45.783,46.2786,45.6318,46.035,1405800
2017-11-20,45.9846,46.7322,45.867,46.6734,1517800
2017-11-21,46.8162,47.2363,46.7742,47.0262,1434800
2017-11-22,47.2026,47.5555,47.043,47.169,995200
2017-11-24,47.4127,47.5471,46.9086,46.9842,421200
2017-11-27,46.9926,47.0431,46.3458,46.917,1763000
2017-11-28,46.9506,47.4043,46.6314,47.2783,1830900
2017-11-29,47.2867,48.4796,47.2699,48.1855,2208600
2017-11-30,48.1855,49.0844,48.0511,48.3031,6640900
2017-12-01,48.5131,48.95,47.4379,48.1351,3614900
2017-12-04,48.6895,50.1176,48.6727,49.412,3643700
2017-12-05,49.1264,49.1264,48.2023,48.4207,2425200
2017-12-06,48.8828,49.6472,48.656,48.6728,2899100
2017-12-07,48.8156,49.286,48.7064,49.2188,2227300
2017-12-08,50.3193,51.2013,49.6052,50.5461,5874700
2017-12-11,50.8317,51.7222,50.4873,51.4701,5465400
2017-12-12,51.9322,52.1842,51.1593,52.0414,4733000
2017-12-13,51.8314,52.0834,51.2769,51.9574,2951100
2017-12-14,51.6549,52.2346,49.9832,50.0168,3914300
2017-12-15,50.6301,50.7309,49.7564,50.4957,6442200
2017-12-18,50.5041,52.1422,50.5041,52.0918,3147400
2017-12-19,52.0246,52.7386,51.8398,52.4446,2900800
2017-12-20,53.8895,54.1247,53.1503,53.6375,3960400
2017-12-21,54.0743,54.3767,53.6795,54.2087,2827400
2017-12-22,54.2003,54.2675,53.4107,54.2339,2247600
2017-12-26,54.2675,54.4859,54.0491,54.3767,2502700
2017-12-27,54.3851,54.3851,53.8811,54.2759,2065500
2017-12-28,54.2843,54.4787,54.0224,54.3689,1138200
2017-12-29,54.7153,54.7153,53.7182,53.7266,1519400
2018-01-02,54.259,56.2364,54.1661,56.211,3755900
2018-01-03,56.4392,57.2335,56.1434,56.9462,3772500
2018-01-04,57.0645,57.1659,56.2786,56.8025,2529300
2018-01-05,56.9293,57.3856,56.3547,57.3434,2660800
2018-01-08,57.2927,57.7405,57.056,57.6645,3118200
2018-01-09,57.656,57.656,57.2081,57.2757,3289300
2018-01-10,57.2673,58.3574,56.8786,58.256,2539300
2018-01-11,58.6025,59.3038,58.2222,59.3038,2027400
2018-01-12,59.2785,59.5573,58.1377,58.3236,2637300
2018-01-16,58.3658,59.3207,57.6898,58.2644,4299700
2018-01-17,58.6363,58.7715,57.9602,58.5264,1952200
2018-01-18,58.3405,58.67,57.8842,58.1546,2798200
2018-01-19,58.4672,58.501,57.6391,58.0701,3272800
2018-01-22,58.1968,58.3912,57.6138,58.2982,2432300
2018-01-23,58.0447,58.8813,57.2081,58.2898,2786800
2018-01-24,58.7038,59.0756,58.1884,58.3151,1872900
2018-01-25,58.9066,58.9489,57.4532,57.6645,3857400
2018-01-26,57.7997,58.7714,57.5377,58.763,2778200
2018-01-29,58.6954,59.1348,58.2813,58.3405,2448400
2018-01-30,58.8222,59.1771,55.7716,56.4645,4430800
2018-01-31,57.4025,57.4532,56.0589,56.5828,4875700
2018-02-01,56.3209,56.7011,55.6871,56.0927,3209400
2018-02-02,55.6026,55.6702,54.1492,54.2844,3814100
2018-02-05,53.7435,54.766,52.2648,52.8478,4241500
2018-02-06,51.5803,53.9379,50.9634,53.7435,5682400
2018-02-07,53.583,54.2421,53.1689,53.1689,3153200
2018-02-08,53.2703,53.3041,51.0226,51.0226,3362300
2018-02-09,52.1211,52.6197,50.279,52.1972,3291700
2018-02-12,52.6028,54.1069,52.3408,53.6083,2800300
2018-02-13,53.414,54.5294,52.9999,54.1492,3192100
2018-02-14,53.5154,55.2477,53.5154,55.0871,3077100
2018-02-15,55.6533,55.7716,54.5801,55.4167,2524100
2018-02-16,55.2477,58.7292,54.8421,57.918,5312800
2018-02-20,57.487,58.4081,56.6927,57.0899,3453400
2018-02-21,57.0898,57.6391,56.4899,56.4899,1633300
2018-02-22,56.9377,57.3941,56.4476,56.5744,2606500
2018-02-23,56.811,56.98,55.8899,56.5659,1313100
2018-02-26,57.4955,57.8335,56.5744,57.3603,1703900
2018-02-27,57.1406,57.8419,56.8448,56.8617,1717200
2018-02-28,57.149,57.2673,55.2561,55.2646,2602600
2018-03-01,56.1857,57.6898,55.7716,57.0645,5096300
2018-03-02,56.7687,57.5884,55.7378,57.3603,3877000
2018-03-05,56.8786,58.4081,56.8279,57.3434,3345100
2018-03-06,57.5462,57.7912,56.3631,57.2757,3095100
2018-03-07,57.2166,58.9742,57.2166,58.7123,3745100
2018-03-08,58.67,58.67,56.6166,57.149,3220000
2018-03-09,57.6898,58.0785,56.2955,56.7518,3154400
2018-03-12,56.5997,57.4025,56.5997,57.1997,1625900
2018-03-13,57.2842,58.2813,56.8532,57.0645,2146200
2018-03-14,57.4532,57.5631,55.6533,55.7716,2287200
2018-03-15,55.8815,56.5913,55.7716,55.9237,1627500
2018-03-16,55.9322,56.9208,55.5097,56.2702,3052300
2018-03-19,56.1688,56.2448,54.6731,55.2055,2141500
2018-03-20,55.3745,55.8392,54.2252,54.2506,2923700
2018-03-21,54.5041,55.5519,54.4111,55.2223,2549000
2018-03-22,54.597,54.597,51.5803,51.6225,3619400
2018-03-23,51.8507,52.0028,50.1099,50.2283,3206600
2018-03-26,51.0817,51.4958,50.1015,51.2085,2106400
2018-03-27,51.7662,52.231,50.5156,50.8958,2684100
2018-03-28,50.9298,51.219,49.9519,50.4451,2174300
2018-03-29,51.236,52.2054,51.0744,51.9503,2692200
2018-04-02,51.7037,52.1459,50.4111,50.8958,1887300
2018-04-03,51.355,51.9248,51.1254,51.6952,1569700
2018-04-04,50.258,52.0779,50.1305,51.9843,2346300
2018-04-05,52.4605,53.8382,52.435,53.6596,3859000
2018-04-06,53.1153,53.1409,51.0999,51.6102,1899100
2018-04-09,51.9928,52.3075,51.4146,51.4826,1401600
2018-04-10,52.4775,53.2599,52.1799,52.8602,2734800
2018-04-11,52.5286,52.7327,51.5591,51.8568,1658800
2018-04-12,52.1119,53.0388,52.0609,52.6561,1421500
2018-04-13,53.0048,53.3024,51.9163,52.4095,1490100
2018-04-16,52.8517,53.2684,52.401,53.1153,1777500
2018-04-17,53.7191,54.7226,53.5916,54.5355,2575100
2018-04-18,55.4539,56.2618,55.1818,55.6325,3854900
2018-04-19,54.6885,56.2107,53.7956,55.3859,4019200
2018-04-20,55.4454,55.4624,53.5745,54.0423,2854900
2018-04-23,53.7446,54.1188,53.1749,53.4725,2339000
2018-04-24,53.9997,54.5695,51.7462,52.9453,4538300
2018-04-25,52.7157,53.9912,52.4946,53.7276,1995600
2018-04-26,54.1868,54.2293,52.6986,53.6936,1962500
2018-04-27,53.4045,53.6596,51.9843,52.7497,2363400
2018-04-30,52.9112,53.1493,51.9078,52.401,2289700
2018-05-01,52.1884,52.5116,50.8618,51.3295,3294100
2018-05-02,51.6016,52.4095,51.5931,51.8653,2184700
2018-05-03,51.7462,52.469,51.4316,52.0609,2277900
2018-05-04,51.7037,53.7616,51.5846,53.5235,2398600
2018-05-07,53.6511,53.8382,53.1834,53.4385,1588200
2018-05-08,53.2684,53.7021,52.7837,53.2514,1847800
2018-05-09,53.5916,53.7021,53.1068,53.3279,1372500
2018-05-10,53.5746,54.7736,53.43,54.2974,2077700
2018-05-11,54.3314,54.6801,53.532,53.6766,3020600
2018-05-14,53.8977,53.9147,53.1238,53.3705,2836500
2018-05-15,52.9453,53.6086,52.7412,53.5746,2478800
2018-05-16,53.5745,55.3263,53.5405,55.2583,3516800
2018-05-17,55.4454,56.3383,55.2838,55.9216,2824300
2018-05-18,55.8111,56.2108,55.2243,55.7345,1783400
2018-05-21,55.7856,55.8196,54.7056,55.4284,1472800
2018-05-22,55.7005,56.2448,55.2753,55.3178,1548100
2018-05-23,54.8246,54.8501,54.0593,54.612,1257800
2018-05-24,54.7056,55.0457,54.1358,54.9437,3727500
2018-05-25,54.629,54.8246,54.1358,54.3994,1269300
2018-05-29,53.8552,54.2889,53.1493,53.3364,1777200
2018-05-30,53.8892,54.9267,53.8382,54.51,1942300
2018-05-31,55.3604,56.3213,54.5525,54.5865,2994000
2018-06-01,56.1512,56.3213,55.7175,55.9556,2666200
2018-06-04,56.2107,56.7805,55.4794,55.8111,1982600
2018-06-05,55.8621,56.721,55.8366,56.3638,2667800
2018-06-06,56.789,57.2482,56.2873,57.2057,2898200
2018-06-07,56.9676,57.2397,56.0832,56.4744,2415500
2018-06-08,56.4829,56.9081,56.3383,56.8485,1814000
2018-06-11,56.8996,57.5629,56.6189,57.0441,2150000
2018-06-12,57.4183,57.7755,56.7125,57.0356,1499800
2018-06-13,57.0612,57.2057,56.5849,56.7805,1200600
2018-06-14,57.869,58.4473,56.8656,58.2772,3845900
2018-06-15,58.4728,58.5408,56.4574,56.8485,3888900
2018-06-18,56.3043,57.0782,56.1682,56.7635,2435400
2018-06-19,55.5304,55.9301,54.476,55.675,3107300
2018-06-20,56.1853,56.1853,55.1053,56.0237,2227400
2018-06-21,55.7601,55.8281,54.9862,55.1648,2318600
2018-06-22,55.8026,56.4234,55.4199,56.2958,2483400
2018-06-25,55.658,55.7856,53.1834,53.9657,3126900
2018-06-26,54.1783,54.7651,53.9062,54.527,1845000
2018-06-27,54.7056,54.9862,53.549,53.566,1748500
2018-06-28,53.5147,53.8313,52.7789,53.643,1894200
2018-06-29,53.8142,54.1136,53.4548,53.4719,1763800
2018-07-02,53.0698,53.9254,53.0442,53.7714,1505300
2018-07-03,54.182,54.2762,52.6078,52.7704,1100200
2018-07-05,53.335,54.1478,53.1297,53.8997,1876900
2018-07-06,53.643,54.4045,53.2495,54.1906,1031800
2018-07-09,54.5243,54.9264,54.1307,54.9007,1257300
2018-07-10,55.0804,55.7905,54.9863,55.3798,1449700
2018-07-11,54.6184,55.3028,54.49,54.6868,2719100
2018-07-12,55.183,55.4996,54.6098,54.644,1854200
2018-07-13,54.644,55.0547,54.567,54.8579,1272200
2018-07-16,54.9863,55.3028,54.567,54.7638,1359400
2018-07-17,54.721,55.414,54.5927,55.2857,1861500
2018-07-18,55.4996,56.3808,55.3969,56.1327,2634400
2018-07-19,55.6108,55.9445,54.1906,55.3285,3770700
2018-07-20,55.6878,56.8685,55.5338,56.6802,3219800
2018-07-23,56.8856,57.6556,56.3551,57.0824,3013900
2018-07-24,58.5026,58.8961,57.6898,58.0235,4795600
2018-07-25,58.1432,58.263,57.5444,58.1604,3102600
2018-07-26,57.7497,57.9208,56.7829,57.801,2866500
2018-07-27,58.0149,58.2202,57.6128,57.8438,1672600
2018-07-30,58.0834,58.2288,57.3904,57.5016,2654900
2018-07-31,57.5016,57.9721,56.723,57.262,3188500
2018-08-01,57.2021,57.6556,55.9958,56.2011,3227900
2018-08-02,55.4825,55.8846,54.9349,55.2173,3081900
2018-08-03,55.4825,55.6793,54.8836,55.1574,1589600
2018-08-06,54.9777,55.2173,54.5585,54.7638,2436800
2018-08-07,55.4568,55.9102,55.1488,55.2173,1502500
2018-08-08,55.337,55.5766,54.8579,55.1317,1196600
2018-08-09,55.1146,55.2771,54.2077,54.2505,2159000
2018-08-10,53.8056,54.6954,53.5233,54.2847,2980300
2018-08-13,54.5157,54.9093,53.9767,54.0366,2836300
2018-08-14,54.182,54.5071,54.105,54.3788,1345700
2018-08-15,53.4976,53.6345,52.1544,52.2827,3765600
2018-08-16,52.5993,53.3008,52.4111,52.8388,3865100
2018-08-17,52.7704,53.5575,52.1287,53.3693,2155200
2018-08-20,53.6003,53.951,53.3778,53.5147,2766100
2018-08-21,53.6345,54.9777,53.6345,54.5842,2835300
2018-08-22,54.7125,54.952,54.4045,54.5756,1454400
2018-08-23,54.3189,54.3189,52.95,53.0613,2074700
2018-08-24,53.7029,54.0109,53.1468,53.489,3158000
2018-08-27,53.8655,54.6868,53.7457,54.5072,1587300
2018-08-28,54.8836,55.1745,54.2163,54.6098,1225900
2018-08-29,54.6098,55.183,53.9767,54.8322,1571100
2018-08-30,54.4644,54.5499,53.5147,53.72,2276200
2018-08-31,53.4292,53.9083,53.2581,53.4719,2203100
2018-09-04,52.8388,53.4805,52.411,53.2238,2841400
2018-09-05,53.0784,54.5841,52.9073,54.4387,3208100
2018-09-06,53.874,54.875,53.7885,54.1649,1750200
2018-09-07,54.4986,54.4986,53.5062,54.105,2100500
2018-09-10,54.2505,54.4216,53.3778,53.4206,1300100
2018-09-11,52.8217,53.7714,52.4453,53.643,2107200
2018-09-12,53.9083,54.5841,53.6003,54.3788,1536600
2018-09-13,54.9007,55.0804,54.1564,54.3275,1430800
2018-09-14,54.2419,54.2847,52.9244,53.5404,2479300
2018-09-17,53.6602,54.5756,53.643,53.9425,1310100
2018-09-18,54.3275,55.4397,54.2334,54.9863,1997000
2018-09-19,55.3969,55.9274,55.2344,55.4739,1666400
2018-09-20,56.3038,56.3808,54.9863,55.106,1730000
2018-09-21,55.2173,55.4996,54.4302,55.0804,3230200
2018-09-24,55.0975,55.6707,54.4301,54.49,1368700
2018-09-25,54.7724,55.4654,54.7553,55.3199,1817300
2018-09-26,55.1403,55.2429,54.0794,54.1478,1934800
2018-09-27,54.3286,54.6212,53.9671,54.2855,1522200
2018-09-28,54.1995,54.7847,54.1392,54.6126,1825200
2018-10-01,54.8966,55.8004,54.5868,55.3442,3059200
2018-10-02,55.2667,56.3082,55.1549,56.2049,2318200
2018-10-03,56.4459,56.489,55.9811,56.2824,2066900
2018-10-04,56.4287,56.8333,55.568,55.9467,1632000
2018-10-05,55.6799,55.9898,54.6901,55.3356,1790100
2018-10-08,55.284,55.7746,54.888,55.7057,1567200
2018-10-09,55.5852,55.6885,54.7589,54.8278,1747500
2018-10-10,54.7417,54.9827,52.5125,52.5383,3776900
2018-10-11,52.5039,53.1924,51.8153,52.0391,2474700
2018-10-12,53.1838,53.1838,51.7808,52.3403,3151900
2018-10-15,51.6948,52.2284,50.5672,50.5844,3280000
2018-10-16,50.7824,51.3591,50.4295,50.7394,3462700
2018-10-17,50.8168,50.8943,49.9303,50.8599,2446200
2018-10-18,50.6017,50.8599,48.9835,50.1799,3846100
2018-10-19,50.2746,50.6963,49.9217,50.2574,3484000
2018-10-22,50.3779,51.23,50.0938,50.9373,2767900
2018-10-23,49.6118,50.7652,49.1815,50.4553,3619000
2018-10-24,50.0938,50.791,47.8474,47.9076,4707600
2018-10-25,48.3724,50.0852,48.2605,49.6807,3944300
2018-10-26,48.424,49.3622,47.8129,48.3121,4610100
2018-10-29,49.0954,49.7323,48.3552,48.9319,3574600
2018-10-30,48.9921,50.0508,48.8888,49.8442,3865200
2018-10-31,50.5242,51.4021,50.4037,50.8857,3923000
2018-11-01,51.3677,51.7722,50.593,51.6517,3035600
2018-11-02,52.1423,52.3919,51.1869,52.0907,2868200
2018-11-05,52.3231,53.5367,52.2887,52.8137,3617300
2018-11-06,52.7535,53.7863,52.7535,53.7347,2166800
2018-11-07,54.3544,55.3012,53.8035,55.2668,4019600
2018-11-08,55.0171,55.4992,54.7503,55.1893,2922300
2018-11-09,54.4835,54.6643,53.0805,54.0359,3217000
2018-11-12,53.8035,54.4835,53.3387,53.5023,2603600
2018-11-13,53.597,55.1807,53.597,54.2941,1990400
2018-11-14,54.5265,55.0257,52.9945,53.4506,1903900
2018-11-15,53.2269,54.2855,53.0461,54.0962,2041700
2018-11-16,53.881,54.9225,53.881,54.4232,2989500
2018-11-19,54.3802,54.3802,53.0805,53.4851,1785800
2018-11-20,52.7018,52.8653,51.3074,51.798,2426800
2018-11-21,52.2628,52.874,51.3419,52.2112,1981200
2018-11-23,51.1955,51.5054,50.1196,51.1439,1019100
2018-11-26,51.3935,52.2714,51.0492,51.1267,1936800
2018-11-27,50.5242,50.791,49.1729,50.1627,3437700
2018-11-28,50.1369,51.3505,49.104,51.3419,2360600
2018-11-29,51.3763,52.0649,50.7824,51.6259,1658700
2018-11-30,51.273,52.0649,51.273,51.996,2403200
2018-12-03,53.4334,54.0359,52.0821,52.6674,2519600
2018-12-04,52.6674,53.1752,51.2902,51.3505,3068300
2018-12-06,50.1627,50.9459,49.3622,50.9373,2284600
2018-12-07,51.3161,52.1596,49.3106,49.4999,2205700
2018-12-10,49.4053,49.6635,48.2605,49.0438,1887000
2018-12-11,50.025,50.1541,48.3896,48.5962,1578100
2018-12-12,49.3708,49.6807,48.3724,48.4585,3010800
2018-12-13,48.863,49.0524,47.7871,47.942,3120500
2018-12-14,47.5978,49.4397,47.5978,48.5359,3614800
2018-12-17,48.6134,49.2331,46.5907,47.1846,3694700
2018-12-18,47.5031,48.0195,46.892,47.3137,2841700
2018-12-19,47.3395,48.424,45.8505,46.1517,2614100
2018-12-20,46.2206,46.496,44.4217,44.9812,3036300
2018-12-21,44.9812,45.8505,44.4045,44.6971,5453100
2018-12-24,44.2754,44.5164,43.0531,43.0618,994100
2018-12-26,43.4921,45.0414,42.8552,45.0242,1776600
2018-12-27,44.4045,45.1619,43.4835,45.1533,2062600
2018-12-28,45.3094,45.8038,44.7196,45.0145,1860400
2018-12-31,45.0579,45.3008,44.2513,44.9365,1681700
2019-01-02,44.1212,45.4916,43.913,45.2834,2707300
2019-01-03,44.8931,45.4309,44.1559,44.4941,3321900
2019-01-04,45.6737,46.9574,45.1446,46.6885,2662400
2019-01-07,47.0701,47.3563,46.2288,46.3329,3021800
2019-01-08,46.9921,48.0502,46.9921,47.9288,2835600
2019-01-09,48.5619,48.9002,47.5732,48.5012,2145100
2019-01-10,48.3798,49.0129,48.0675,48.9956,2042400
2019-01-11,48.7354,49.1344,48.3538,49.0823,1619900
2019-01-14,48.7527,49.117,48.3624,48.7961,1696100
2019-01-15,48.9089,49.117,48.1543,48.4665,1689300
2019-01-16,48.5706,49.516,48.4318,49.3252,2633200
2019-01-17,49.1083,50.4527,48.8655,50.0798,1926400
2019-01-18,50.4614,51.0772,49.8716,50.9384,3000500
2019-01-22,50.4093,50.4787,49.5767,50.0451,3052100
2019-01-23,50.1838,50.3053,48.9869,49.6808,2165100
2019-01-24,49.4466,49.5507,48.9956,49.3252,1884000
2019-01-25,50.1752,50.8083,49.8282,50.392,3417000
2019-01-28,50.0104,50.7476,49.3512,50.7389,2963200
2019-01-29,52.2221,53.1501,51.5109,52.1527,3435000
2019-01-30,52.2741,52.7772,51.6149,52.3348,3529200
2019-01-31,51.8144,53.393,51.0859,53.1154,4474900
2019-02-01,53.1328,53.7572,53.0634,53.3236,2904000
2019-02-04,53.3149,54.0435,53.02,53.8613,2545400
2019-02-05,53.7139,53.7139,53.0374,53.2368,2355100
2019-02-06,53.0113,53.2108,52.2828,52.4215,3132500
2019-02-07,52.0226,52.3695,51.0425,51.4675,2769300
2019-02-08,51.4501,51.9272,51.0425,51.8838,2795600
2019-02-11,51.7364,52.0746,51.1986,51.9532,2602200
2019-02-12,52.3955,53.5404,52.2134,53.4103,2430900
2019-02-13,53.7833,53.8787,52.7511,53.1241,2166400
2019-02-14,52.6471,52.6904,51.2853,51.8057,4712200
2019-02-15,52.5777,52.8032,51.2073,51.6063,3952500
2019-02-19,51.3894,52.1006,51.32,51.9445,2712800
2019-02-20,52.1874,53.5404,52.0313,53.3236,2469900
2019-02-21,53.2889,53.5144,52.6818,52.9593,2252100
2019-02-22,53.393,53.8093,52.8812,53.072,1852500
2019-02-25,53.2195,53.419,52.8899,53.3062,1766200
2019-02-26,53.046,53.5231,52.8465,52.9593,1278000
2019-02-27,52.8205,53.2802,52.4476,52.8205,2706700
2019-02-28,52.8899,52.8899,52.2915,52.5343,2428000
2019-03-01,52.7164,53.0027,51.9358,52.3608,2004800
2019-03-04,52.4736,53.1327,52.0486,52.7771,2076500
2019-03-05,52.7164,52.8292,52.2567,52.3608,1821100
2019-03-06,52.4562,52.5169,51.7103,51.7363,1807300
2019-03-07,51.6062,51.693,51.0859,51.1813,2631200
2019-03-08,50.7129,50.7129,49.9583,50.1231,2013800
2019-03-11,49.941,51.1639,49.7328,51.1466,2691100
2019-03-12,51.3374,51.7017,51.1379,51.2246,1753400
2019-03-13,51.6323,51.9098,51.3808,51.6063,2048200
2019-03-14,51.3374,51.3547,50.8951,51.0165,2536300
2019-03-15,50.9904,51.4415,50.4527,50.7649,4344000
2019-03-18,51.0598,51.5976,50.7823,51.0945,2606400
2019-03-19,51.4154,51.7797,50.8517,51.1466,2448800
2019-03-20,51.1813,51.1813,49.7155,50.4354,1622300
2019-03-21,50.0971,51.1899,49.9844,51.0165,1612400
2019-03-22,50.5048,50.6088,49.1604,49.4379,2190600
2019-03-25,49.3946,49.8629,48.9696,49.3339,1504000
2019-03-26,49.8195,49.9063,49.0476,49.3859,1926900
2019-03-27,49.4379,50.0104,49.2818,49.941,2306100
2019-03-28,50.3253,50.4825,49.7401,50.3253,1587800
2019-03-29,50.7532,51.3559,50.6921,50.9629,2882400
2019-04-01,51.714,52.1856,51.3122,52.1507,2350100
2019-04-02,52.3341,52.3341,51.548,51.9585,1675300
2019-04-03,52.4826,53.1551,52.4302,52.9105,2380000
2019-04-04,53.0328,53.2075,52.7359,53.0153,1773900
2019-04-05,53.1813,53.4258,52.7621,53.0066,1843600
2019-04-08,53.0153,53.0153,52.4826,52.8232,1728900
2019-04-09,52.4738,52.4738,51.3209,51.3908,1930500
2019-04-10,51.4869,51.5917,50.5349,50.858,2069400
2019-04-11,50.8668,51.0153,50.0545,50.3689,2387200
2019-04-12,51.0065,51.417,50.6484,51.1288,2208300
2019-04-15,51.0939,51.0939,50.4737,50.5698,1993800
2019-04-16,50.762,50.9978,50.5087,50.8493,1754900
2019-04-17,51.3908,51.7926,50.6048,50.6572,2260900
2019-04-18,50.6746,50.8231,50.0807,50.2205,3601400
2019-04-22,50.2467,50.3515,49.5829,49.7663,2421900
2019-04-23,50.3777,51.5044,49.6004,51.1987,4806300
2019-04-24,50.9803,51.6965,50.727,50.9367,2805900
2019-04-25,50.9017,51.2685,49.9584,50.1331,2598400
2019-04-26,50.1157,50.2467,49.1811,49.251,2260300
2019-04-29,49.0851,49.7314,48.9016,49.679,2300000
2019-04-30,49.6004,50.0895,49.2335,49.8449,2729500
2019-05-01,49.7488,49.9759,48.692,48.7794,2237600
2019-05-02,48.561,49.2423,48.3077,48.823,2404700
2019-05-03,49.2597,50.5873,49.2423,50.3515,2104800
2019-05-06,49.2073,49.7401,49.0326,49.5043,1680200
2019-05-07,49.085,49.3645,48.43,49.0676,2182400
2019-05-08,48.8056,49.941,48.7619,49.2772,2770100
2019-05-09,48.4649,49.5567,48.0282,49.3995,2146400
2019-05-10,49.2423,49.7226,48.7182,49.6091,1950900
2019-05-13,48.3863,48.7357,47.1985,47.7662,3261900
2019-05-14,47.9584,48.4911,47.7138,48.1942,1837600
2019-05-15,47.2946,48.133,47.0588,47.9234,1409600
2019-05-16,48.1942,48.4213,47.7138,48.0195,1173000
2019-05-17,47.1286,47.3557,45.8622,46.5435,2709800
2019-05-20,46.229,46.5085,45.8971,45.9583,1939900
2019-05-21,46.3775,47.085,46.2378,46.8841,1771000
2019-05-22,46.4998,46.7269,45.8535,46.1854,2003400
2019-05-23,45.3294,45.3382,44.5434,44.884,2553000
2019-05-24,45.4168,45.7225,44.6482,44.6831,1836700
2019-05-28,44.6831,44.9539,44.1591,44.5521,3851400
2019-05-29,44.0543,44.5434,43.8185,44.3338,2870800
2019-05-30,43.766,44.325,42.9014,43.0411,2921300
2019-05-31,41.6874,42.3948,41.1633,41.9232,3610000
2019-06-03,41.9232,43.5128,41.9144,43.4778,3432400
2019-06-04,43.8883,44.0455,43.3031,43.801,3760100
2019-06-05,43.932,44.194,43.2857,44.1853,2824200
2019-06-06,44.2813,44.5172,43.6962,44.0368,3471400
2019-06-07,44.0717,44.587,43.539,44.4036,2243900
2019-06-10,44.6394,45.1198,44.36,44.491,4174400
2019-06-11,45.5216,45.6701,44.9452,45.1897,2211700
2019-06-12,45.0499,45.2596,44.587,44.6569,1674700
2019-06-13,44.9015,45.8011,44.8491,45.539,1973500
2019-06-14,45.3382,45.5478,45.015,45.1548,1553600
2019-06-17,44.5434,45.0325,43.932,44.325,2588500
2019-06-18,44.8054,46.4474,44.8054,45.9583,2863200
2019-06-19,46.9365,47.8535,46.7531,47.3819,5546800
2019-06-20,48.0282,48.3951,46.657,46.9976,3689600
2019-06-21,47.1461,47.4955,46.8753,47.1112,4127000
2019-06-24,46.9714,47.3557,46.4124,46.9365,2439600
2019-06-25,47.1898,48.2204,46.9802,47.4169,3280500
2019-06-26,47.8885,48.4125,47.4081,48.1418,3326900
2019-06-27,48.3793,48.4849,47.825,48.0098,1593900
2019-06-28,48.3001,48.5201,47.869,48.4761,2259300
2019-07-01,48.9072,49.1183,48.5465,48.9776,1697200
2019-07-02,48.7136,48.74,48.3881,48.5113,1831000
2019-07-03,48.6521,48.8104,48.4409,48.6433,910600
2019-07-05,48.1682,48.8368,47.913,48.6609,1822700
2019-07-08,48.4321,48.7224,47.7107,47.9922,2001400
2019-07-09,47.6139,48.0538,47.1388,47.9658,3120900
2019-07-10,48.3617,48.5553,47.6227,47.6579,1529300
2019-07-11,47.4907,47.7283,46.9453,47.5963,2035600
2019-07-12,47.8602,48.6344,47.7283,48.5377,1906600
2019-07-15,48.8632,49.0128,48.1418,48.5905,1478100
2019-07-16,48.7136,49.6022,48.4761,48.8808,2215800
2019-07-17,48.6872,48.8632,47.9218,48.1242,2043900
2019-07-18,48.4585,48.6257,47.6315,48.1154,2432000
2019-07-19,48.8016,50.0685,48.3265,49.8926,4016600
2019-07-22,50.1917,50.2972,48.7488,49.5054,2922100
2019-07-23,49.7958,50.1477,48.96,49.7782,1914900
2019-07-24,49.3119,49.8926,49.2591,49.7782,1497400
2019-07-25,49.8749,49.9365,49.3031,49.4439,1723900
2019-07-26,49.3119,49.523,49.0743,49.4087,1916300
2019-07-29,49.1799,49.3647,48.7752,49.0304,1552400
2019-07-30,48.7136,49.4966,48.4849,49.4878,1693200
2019-07-31,49.5142,49.611,47.6843,47.8426,2888500
2019-08-01,47.3764,48.1594,46.2062,46.6813,2882200
2019-08-02,46.5406,46.8661,45.5992,46.2502,1805600
2019-08-05,45.3265,45.5024,44.2971,44.649,2128100
2019-08-06,44.8074,45.2473,44.1652,45.1681,1470500
2019-08-07,44.649,45.2473,44.3851,45.0889,1920800
2019-08-08,45.5376,46.0919,45.2473,45.8983,1374500
2019-08-09,45.4936,45.6696,44.5171,44.9218,1500800
2019-08-12,44.7106,44.7106,43.1798,43.4261,1983100
2019-08-13,43.2854,45.0273,43.0654,44.1387,2508000
2019-08-14,43.3558,43.7165,42.6431,42.6607,2185400
2019-08-15,42.8455,42.9862,41.6578,41.9745,1651300
2019-08-16,42.2384,43.2766,42.1504,42.8983,1381200
2019-08-19,43.7077,44.3147,43.6549,43.91,1962900
2019-08-20,43.3206,43.8572,43.0566,43.1358,1506400
2019-08-21,43.6989,43.8572,43.2414,43.2766,1673200
2019-08-22,43.4877,43.5053,42.8015,43.0478,1352100
2019-08-23,42.5024,42.7663,41.1387,41.3059,2143300
2019-08-26,41.7194,41.9921,41.3411,41.7018,1330700
2019-08-27,41.9833,42.0889,40.9715,41.0067,1274800
2019-08-28,40.8396,41.6842,40.558,41.6138,1309600
2019-08-29,42.1944,43.0126,42.1505,42.9423,2092800
2019-08-30,43.3382,43.6637,42.8719,43.0918,2361400
2019-09-03,42.5464,42.7399,42.0185,42.7223,1645400
2019-09-04,43.2502,43.5317,42.8015,43.3733,2005500
2019-09-05,43.9892,44.5787,43.8396,44.2971,1871500
2019-09-06,44.4115,44.4907,43.5757,44.13,1676600
2019-09-09,44.4027,45.1681,44.3939,45.0713,1731900
2019-09-10,45.3177,46.303,45.0098,46.303,1984000
2019-09-11,46.3118,46.9365,45.4496,46.8573,1968200
2019-09-12,46.998,47.3764,45.9775,47.2356,2763400
2019-09-13,47.8514,48.001,47.0948,47.1564,1960800
2019-09-16,46.0127,47.4731,45.9335,46.7693,2167000
2019-09-17,45.9423,46.7957,45.432,46.7077,1829300
2019-09-18,46.4526,46.8309,46.0127,46.5318,2869900
2019-09-19,45.8279,46.7605,45.7927,46.3822,2835700
2019-09-20,46.435,46.9804,46.0391,46.2942,3932900
2019-09-23,45.476,46.6901,45.2033,46.5054,3037600
2019-09-24,46.2238,46.3646,44.13,44.5435,3657300
2019-09-25,44.4291,45.6608,44.2355,45.4672,3538800
2019-09-26,44.8998,45.1392,43.4812,43.7472,2939000
2019-09-27,44.1816,44.6249,43.8713,44.3412,1809300
2019-09-30,44.2082,45.3431,44.0486,45.1392,1829200
2019-10-01,45.68,46.4248,44.616,44.6958,2079000
2019-10-02,44.155,44.3235,43.3748,43.7294,2278500
2019-10-03,43.4811,43.9599,42.825,43.9511,1600000
2019-10-04,44.0752,44.4476,43.9865,44.4033,1601000
2019-10-07,44.3501,44.82,43.8624,44.0486,1435100
2019-10-08,43.6762,43.8624,43.0733,43.1354,1400000
2019-10-09,43.5609,43.5609,42.9226,43.2684,1756300
2019-10-10,43.7028,44.6161,43.6673,44.5185,1696000
2019-10-11,45.3786,46.9834,45.3076,46.7085,2948100
2019-10-14,45.8485,46.2829,45.6978,45.8662,2606900
2019-10-15,45.7244,47.409,45.7155,46.8238,2066900
2019-10-16,46.4337,47.0809,45.4761,45.68,2006400
2019-10-17,46.2386,46.5135,45.352,45.884,1563900
2019-10-18,46.0258,46.3893,45.7687,45.8219,1489700
2019-10-21,46.744,47.0543,45.8396,45.9194,2525000
2019-10-22,46.2209,47.4267,45.6623,47.1164,3726600
2019-10-23,47.1253,47.4001,46.7617,46.9657,2625100
2019-10-24,47.276,47.5952,46.3096,46.7351,2057100
2019-10-25,46.8593,48.0474,46.8327,47.7193,2171600
2019-10-28,47.8789,48.8276,47.8789,48.5262,2078800
2019-10-29,48.3932,48.8276,48.207,48.4375,1946100
2019-10-30,47.9676,48.3488,47.6129,48.1981,1783100
2019-10-31,47.6661,48.1006,47.2583,47.7459,2952500
2019-11-01,48.2513,49.6167,48.2424,49.0759,2254400
2019-11-04,49.6522,49.9093,48.934,49.5724,1467900
2019-11-05,49.9359,50.0157,49.1379,49.1823,1836800
2019-11-06,49.2266,49.2266,48.7124,48.8897,1577500
2019-11-07,49.4837,49.6433,49.067,49.2266,1217500
2019-11-08,48.934,49.2621,48.4907,49.2621,1627100
2019-11-11,48.8808,49.3242,48.3754,49.1734,1315600
2019-11-12,49.2089,49.6877,48.8365,49.0316,1839800
2019-11-13,48.8631,49.0227,48.4641,48.473,1372000
2019-11-14,48.2424,48.7656,48.1183,48.3134,1098600
2019-11-15,48.6326,48.9252,48.4464,48.7212,1244500
2019-11-18,48.6326,49.2,48.1981,49.1734,1357500
2019-11-19,49.5369,49.599,48.5173,48.5882,1104900
2019-11-20,48.2247,48.7922,47.7991,47.9676,2282400
2019-11-21,48.1183,48.473,47.7814,48.0917,1410600
2019-11-22,48.4109,49.2178,48.4109,48.9784,1265600
2019-11-25,49.1912,49.8739,48.934,49.5813,1480800
2019-11-26,49.5015,49.9359,49.3596,49.6611,1691400
2019-11-27,49.6611,50.1044,49.4837,50.0069,1456900
2019-11-29,49.9891,50.1576,49.7054,49.9714,1608100
2019-12-02,50.1399,50.6186,49.9005,50.2197,1626100
2019-12-03,49.2798,49.5635,48.3932,49.0138,2085900
2019-12-04,49.4483,50.0689,49.3064,49.5015,1831800
2019-12-05,49.6522,50.1221,49.3862,50.0867,1322200
2019-12-06,50.8048,51.2836,50.4147,51.0797,1906500
2019-12-09,51.4255,51.86,51.2038,51.2038,1986600
2019-12-10,51.0531,51.5762,50.8758,51.195,1681000
2019-12-11,51.3723,51.9398,51.1684,51.5319,1511800
2019-12-12,50.5389,52.0462,50.2817,51.523,3511800
2019-12-13,51.2482,51.4964,50.0689,50.0689,2126900
2019-12-16,50.6452,50.8758,49.9714,50.0867,2360900
2019-12-17,50.0423,50.7162,50.0157,50.6896,1363600
2019-12-18,50.7162,50.7162,50.1044,50.5743,1341700
2019-12-19,50.6807,50.7605,50.0512,50.1221,1410900
2019-12-20,50.2995,50.8403,49.9625,50.4413,5240400
2019-12-23,50.3881,50.5388,50.0512,50.3349,1205200
2019-12-24,50.397,50.7339,50.1221,50.2374,725700
2019-12-26,50.397,50.4591,49.7497,50.3615,1274700
2019-12-27,50.4768,50.53,50.1044,50.2551,1370200
2019-12-30,50.3382,50.4186,49.8738,50.0792,1262500
2019-12-31,49.9274,50.4096,49.847,50.2578,1445400
2020-01-02,50.749,50.7757,49.1684,49.2219,2466800
2020-01-03,48.6683,49.0523,48.4272,48.57,2837400
2020-01-06,48.4093,48.7844,48.0075,48.1593,2239000
2020-01-07,47.9985,48.7486,47.8735,48.0521,2559000
2020-01-08,48.0878,48.5432,47.8914,47.936,2130200
2020-01-09,47.9985,48.061,47.3913,47.7753,2672800
2020-01-10,47.7753,48.0342,47.0073,47.1234,1646000
2020-01-13,47.3198,48.2039,47.2216,47.6592,1951100
2020-01-14,47.6681,48.3111,47.6145,48.2218,1845200
2020-01-15,47.936,48.2218,47.5342,47.7128,1196100
2020-01-16,48.0432,48.0432,47.4806,47.6413,1782500
2020-01-17,47.9003,48.2218,47.561,48.0521,2341300
2020-01-21,47.8467,47.8467,46.4983,46.7573,2282500
2020-01-22,46.9269,46.9716,46.2304,46.409,1612300
2020-01-23,46.0697,46.2483,45.2749,46.2125,1652400
2020-01-24,46.0697,46.0697,44.5069,44.9445,2009700
2020-01-27,44.1408,44.5248,43.8193,43.9175,3016400
2020-01-28,47.043,47.043,44.0872,44.1765,4406700
2020-01-29,44.0068,44.3551,42.8995,42.9174,2860800
2020-01-30,42.8191,43.6586,42.5691,43.6318,2845700
2020-01-31,42.8817,43.1138,42.2119,42.4084,3214800
2020-02-03,42.5691,43.0513,42.453,42.8102,2270000
2020-02-04,43.6764,43.989,43.087,43.6139,2984400
2020-02-05,44.3104,44.3283,43.7657,44.2211,2513100
2020-02-06,44.6498,44.6498,43.605,43.8014,2033400
2020-02-07,43.3639,43.4621,42.6495,42.7924,1988400
2020-02-10,42.5513,42.9531,42.4173,42.5602,1850700
2020-02-11,42.7745,43.7389,42.7477,43.1674,1994200
2020-02-12,43.73,43.7657,42.8549,43.1942,1770000
2020-02-13,42.8191,43.1406,42.6227,42.8191,2108600
2020-02-14,42.837,42.9442,41.7922,42.1048,1995600
2020-02-18,41.9708,42.4977,41.9172,42.3191,1822800
2020-02-19,42.4084,43.1138,42.3369,42.6048,1736700
2020-02-20,42.7924,42.9888,42.4887,42.7298,1329500
2020-02-21,42.4262,43.4442,42.4173,43.3728,2348800
2020-02-24,42.1851,42.7477,41.9797,42.2298,2793400
2020-02-25,42.3637,42.4173,40.1134,40.158,3336500
2020-02-26,40.5509,40.6045,38.9882,38.9971,2878600
2020-02-27,38.4703,39.0239,37.229,37.3362,3649800
2020-02-28,36.0502,37.2111,35.6573,36.9254,4665900
2020-03-02,37.2022,38.1488,36.0949,38.1309,4039800
2020-03-03,38.1845,39.3633,36.7825,37.3897,3277600
2020-03-04,38.1488,38.6221,37.479,38.5685,2302600
2020-03-05,37.1843,37.4165,35.9074,36.4074,2899900
2020-03-06,35.443,36.5503,34.7018,35.3716,2975000
2020-03-09,32.8712,33.5766,30.987,31.0048,3939600
2020-03-10,32.6122,33.3355,30.8262,33.1569,3648300
2020-03-11,32.1032,32.5229,30.8798,31.6388,3356500
2020-03-12,29.0759,30.8798,28.2187,28.3705,4495200
2020-03-13,30.3619,32.005,29.1027,32.005,4387700
2020-03-16,28.3526,30.085,27.0578,27.3614,3168400
2020-03-17,27.9776,29.0492,26.5666,27.6739,3875600
2020-03-18,26.0666,26.5398,24.5842,26.2094,4376500
2020-03-19,26.2898,30.2458,26.004,27.5221,3166600
2020-03-20,28.433,28.7634,26.8345,27.3525,4139900
2020-03-23,27.1114,28.0401,25.3522,25.3789,3721800
2020-03-24,27.1471,29.1563,26.9506,28.558,3644400
2020-03-25,28.8259,29.9779,27.1471,27.8615,3323900
2020-03-26,28.0937,30.1654,27.4686,29.9511,4184100
2020-03-27,29.2277,30.3083,28.6384,29.7903,3114400
2020-03-30,29.6484,31.7636,29.0699,31.5647,5136000
2020-03-31,31.5918,33.5895,31.1128,32.559,4390100
2020-04-01,30.8868,32.6675,30.7783,32.4506,5412700
2020-04-02,32.5048,33.5081,31.7003,32.4867,4188200
2020-04-03,32.2065,32.9116,32.0167,32.2246,3504600
2020-04-06,33.8064,34.4121,33.3274,33.9059,5256500
2020-04-07,35.551,35.6233,33.5714,33.7341,4768400
2020-04-08,34.0776,35.7679,33.7341,35.2979,3152100
2020-04-09,36.0481,36.9792,35.081,35.6414,3478600
2020-04-13,35.777,35.9216,34.5928,35.0629,3278100
2020-04-14,35.7408,36.1295,34.2042,34.6923,3349400
2020-04-15,32.4777,32.8121,31.6642,32.1161,3675800
2020-04-16,32.4054,32.4054,31.3839,32.098,2652600
2020-04-17,33.3726,34.0143,33.1918,33.7432,2111700
2020-04-20,32.7579,33.707,32.4054,33.02,2033800
2020-04-21,31.9534,32.9025,31.9263,32.5862,2043700
2020-04-22,33.4901,33.5533,32.5952,32.9025,1603200
2020-04-23,33.0562,34.6742,32.9839,34.0957,2363600
2020-04-24,34.6381,35.1714,34.0505,34.2313,2393500
2020-04-27,34.4121,37.3769,34.3578,36.6086,3438000
2020-04-28,35.551,37.2413,35.2979,36.5995,4238400
2020-04-29,37.5125,38.8593,37.5125,38.4164,4256700
2020-04-30,37.621,38.1723,37.0334,37.2323,4537600
2020-05-01,36.2922,37.6119,36.2109,37.0605,2802800
2020-05-04,36.3826,37.2594,36.0753,37.1148,2115100
2020-05-05,37.7385,38.1,36.7261,36.8345,2726500
2020-05-06,37.1509,37.4673,36.3464,36.6086,1563700
2020-05-07,37.2775,37.7565,36.8978,36.9792,1803000
2020-05-08,37.5215,38.2085,37.4944,38.1452,1614100
2020-05-11,37.1419,37.639,36.5001,36.7261,2326800
2020-05-12,36.934,36.934,35.2437,35.2617,1924900
2020-05-13,34.8731,34.9906,33.3997,33.7341,2895100
2020-05-14,32.8754,33.9059,32.315,33.8878,2669600
2020-05-15,33.5985,34.4844,33.2641,34.4121,3585600
2020-05-18,36.2109,37.3859,36.1657,36.934,2172800
2020-05-19,36.8165,37.2865,36.3645,36.5272,1119700
2020-05-20,36.8526,37.6752,36.6809,36.7713,1674400
2020-05-21,36.6538,37.1328,36.0933,36.1566,1533300
2020-05-22,36.1566,36.2832,35.2346,35.6866,1162200
2020-05-26,37.1238,37.9554,36.7351,37.5215,1910200
2020-05-27,38.3802,39.022,38.1543,38.9587,2246700
2020-05-28,39.3565,39.6728,38.2175,38.4616,2000200
2020-05-29,38.1181,38.317,37.3588,38.1995,3734000
2020-06-01,38.2085,38.7237,37.9283,38.3802,1580600
2020-06-02,38.7237,39.1667,38.5068,39.0763,1642700
2020-06-03,39.7723,40.2333,39.4197,39.8627,1514300
2020-06-04,39.7632,40.3598,39.2299,40.3508,1933500
2020-06-05,41.779,42.1496,40.7304,41.101,2276200
2020-06-08,41.2005,41.8513,40.857,41.1191,2600600
2020-06-09,40.3689,40.4592,39.3294,39.9983,2012800
2020-06-10,40.0434,40.6762,39.5553,39.8627,1819900
2020-06-11,37.5306,38.7237,35.7318,35.8493,2771400
2020-06-12,37.3227,37.7204,36.3736,37.2413,1897000
2020-06-15,35.9487,38.4435,35.786,37.8921,2609900
2020-06-16,40.7666,40.9655,39.1757,40.3056,3990000
2020-06-17,40.3056,40.4864,39.5011,39.7723,2170700
2020-06-18,39.3203,40.161,39.1395,39.3384,2133300
2020-06-19,39.9892,40.1067,38.2899,38.5972,2871100
2020-06-22,38.4254,38.6333,37.9825,38.2356,1544000
2020-06-23,38.8141,39.022,38.1452,38.1633,1539700
2020-06-24,37.8921,37.9554,36.6899,36.7622,2122300
2020-06-25,36.3826,37.4763,36.0662,37.4402,1839100
2020-06-26,37.0244,37.16,36.2651,36.699,2897100
2020-06-29,37.1582,37.7516,37.0121,37.3408,1709900
2020-06-30,37.0852,38.0164,36.8843,37.8064,1701600
2020-07-01,37.7973,37.8794,36.4735,36.866,2408900
2020-07-02,37.5599,38.4364,37.5599,37.7973,2072000
2020-07-06,38.692,38.7285,37.0943,38.0255,2405000
2020-07-07,37.5234,38.0255,37.076,37.5964,2659300
2020-07-08,37.7882,37.7882,35.8618,36.2087,3177100
2020-07-09,36.0626,36.163,35.1588,35.4235,2644900
2020-07-10,35.524,37.0669,35.4874,36.93,1752900
2020-07-13,37.3317,37.5873,36.4096,36.4643,2211800
2020-07-14,36.3,37.5416,36.0444,37.4869,1670200
2020-07-15,38.199,38.3725,37.213,38.0529,1864600
2020-07-16,37.8886,38.7011,37.5873,38.1259,1848000
2020-07-17,38.3177,38.6098,37.6238,37.6695,1176200
2020-07-20,37.3134,37.6877,36.9026,37.1582,2001700
2020-07-21,37.3408,38.4364,37.3317,38.2446,1808300
2020-07-22,37.8977,38.6737,37.7699,38.5824,1638900
2020-07-23,38.692,39.9519,38.409,38.8837,2444300
2020-07-24,38.8107,39.185,38.3359,39.1211,1801200
2020-07-27,38.902,40.0797,38.7194,40.0158,2301800
2020-07-28,39.678,39.8058,38.902,38.9568,2693800
2020-07-29,39.0207,39.4954,39.0207,39.4954,2119900
2020-07-30,38.8107,39.0754,38.5368,38.9841,1920800
2020-07-31,38.6829,38.8381,38.0164,38.2994,4898900
2020-08-03,38.6281,39.3311,38.2264,39.1302,2471300
2020-08-04,39.0298,39.468,38.6463,39.2672,1924500
2020-08-05,39.7145,40.4723,39.6689,39.6963,1833800
2020-08-06,40.0341,40.0615,39.3676,39.4954,1902100
2020-08-07,39.0846,40.6093,38.9385,40.4814,2190600
2020-08-10,40.7279,42.2617,40.6184,42.0883,2165600
2020-08-11,42.2891,42.6543,41.2301,41.4583,2688500
2020-08-12,41.9239,42.0244,41.3853,41.8966,1615600
2020-08-13,41.3031,41.8418,41.0749,41.5405,1437800
2020-08-14,41.2483,42.4991,41.1023,42.2161,1382900
2020-08-17,42.4809,42.7639,42.1887,42.3348,2126400
2020-08-18,42.353,42.7456,42.1978,42.3348,2102900
2020-08-19,42.4626,42.8552,41.714,41.8053,1715700
2020-08-20,41.2118,41.8326,41.1023,41.6774,1226900
2020-08-21,41.4857,41.4857,40.6001,40.801,1503000
2020-08-24,41.2209,42.0335,41.0566,42.0152,1286900
2020-08-25,42.0518,42.07,41.2757,41.6044,1246500
2020-08-26,41.5587,41.8783,41.2575,41.5405,1089400
2020-08-27,41.7322,42.0244,41.2392,41.5861,972300
2020-08-28,41.7505,42.1704,41.5953,41.9878,1245200
2020-08-31,42.2891,42.2891,41.4948,41.504,1897500
2020-09-01,41.4674,42.5813,41.1479,42.5813,2102000
2020-09-02,42.6817,43.5125,42.3987,43.3299,2764000
2020-09-03,43.2021,43.7134,42.1613,42.5539,2176600
2020-09-04,43.2934,43.4486,42.4626,42.8187,2274900
2020-09-08,42.1796,42.4078,41.4583,41.6227,2363600
2020-09-09,42.1157,42.3896,41.6592,42.0518,2257500
2020-09-10,42.1704,42.2343,41.4127,41.4401,1227400
2020-09-11,41.6774,42.2526,41.3488,41.9331,1286500
2020-09-14,42.207,42.8643,42.07,42.6634,1781900
2020-09-15,42.7913,43.2112,42.5539,42.7182,1795400
2020-09-16,42.9008,43.7773,42.4626,43.4212,1834400
2020-09-17,43.476,44.9094,42.9191,44.7085,2519700
2020-09-18,44.6263,45.6215,44.5716,44.9002,4002100
2020-09-21,43.9964,44.1151,41.1114,41.8144,2879800
2020-09-22,41.7505,42.1704,41.294,41.7048,1936200
2020-09-23,41.6957,42.4352,40.7645,40.7827,1915400
2020-09-24,40.7188,41.7596,40.2623,40.8649,1495700
2020-09-25,40.454,41.4401,40.2167,41.3122,1134800
2020-09-28,42.2252,42.8552,41.65,42.2435,1434600
2020-09-29,42.0068,42.1726,41.0397,41.2055,1190700
2020-09-30,41.5555,42.1357,41.0582,41.316,1468200
2020-10-01,41.4634,41.9515,41.2516,41.491,1812000
2020-10-02,40.8463,42.9002,40.7082,42.4028,2110200
2020-10-05,42.8817,43.8856,42.6054,43.5448,2120400
2020-10-06,43.7843,44.4198,42.9646,43.2225,2280000
2020-10-07,43.904,45.129,43.6646,44.8066,1861200
2020-10-08,45.0645,45.5803,44.8342,45.5342,1719400
2020-10-09,45.9302,45.9579,44.6777,45.0,2080700
2020-10-12,44.954,45.6631,44.8895,45.3868,1909900
2020-10-13,45.129,45.4421,44.5303,44.825,1616700
2020-10-14,44.6132,45.7552,44.6132,45.4789,1563300
2020-10-15,44.6316,45.3961,44.2264,45.3684,1475000
2020-10-16,45.5711,45.8013,45.1198,45.4329,1366100
2020-10-19,45.6355,46.3539,44.9724,45.1013,1712000
2020-10-20,45.4882,45.8381,44.6501,44.6777,2604200
2020-10-21,44.8711,45.3684,44.604,44.6132,1866600
2020-10-22,44.3093,46.2526,44.3093,45.9579,2073100
2020-10-23,46.3079,46.6947,45.6908,46.225,1845700
2020-10-26,45.6816,45.6908,44.2356,44.4658,1764400
2020-10-27,44.3185,44.9356,44.1435,44.4106,1487200
2020-10-28,43.5725,43.7843,42.5225,42.9002,2562500
2020-10-29,42.6791,44.5119,42.366,44.1527,1911100
2020-10-30,43.6554,44.1527,43.0843,43.9869,3114200
2020-11-02,44.7698,45.1566,43.8948,45.0092,1791400
2020-11-03,45.7645,46.3539,45.3776,46.096,1422700
2020-11-04,45.7184,45.7184,43.1949,43.2409,2370200
2020-11-05,43.7106,45.6816,43.7106,44.9448,1716000
2020-11-06,45.4237,45.5618,44.3922,44.5948,1350200
2020-11-09,47.5236,48.7209,46.7131,46.7499,2250100
2020-11-10,46.9986,48.0301,46.7868,47.6893,1572300
2020-11-11,47.7354,47.7354,46.6118,46.796,2111400
2020-11-12,46.2434,46.5105,45.2303,45.6908,1413400
2020-11-13,46.2802,47.8183,46.1881,47.5788,1510700
2020-11-16,49.0064,50.4155,47.9841,50.0103,3099700
2020-11-17,49.2919,49.9366,48.9972,49.605,1662200
2020-11-18,49.9458,50.0839,48.7301,48.7393,1442100
2020-11-19,48.4814,49.2458,48.2143,48.6564,1332100
2020-11-20,48.4814,48.7485,48.1683,48.3985,1016000
2020-11-23,49.1445,49.6879,48.5735,49.43,1559300
2020-11-24,50.0932,52.0365,50.0471,51.9628,2232700
2020-11-25,51.226,51.5023,50.2129,50.4523,2703900
2020-11-27,50.6181,51.3273,50.4063,50.7194,1052600
2020-11-30,50.3787,50.9681,49.4484,49.4577,2847200
2020-12-01,50.7931,51.272,50.4247,50.5905,1873500
2020-12-02,50.6826,51.5391,50.4984,50.7471,1839500
2020-12-03,50.9313,51.5115,50.2405,50.4708,1791800
2020-12-04,51.2812,52.497,50.8207,51.9628,1675100
2020-12-07,51.5668,52.2483,51.2076,51.5207,1769800
2020-12-08,51.0418,52.9575,51.0418,52.0733,2055900
2020-12-09,52.5246,52.8562,51.576,51.972,1458000
2020-12-10,51.7233,52.6996,51.3549,52.5983,1443200
2020-12-11,52.0825,52.4233,51.0694,52.1654,1492600
2020-12-14,52.8193,52.8838,51.097,51.2628,1888700
2020-12-15,52.0549,52.2851,51.2444,52.1009,1456200
2020-12-16,52.0457,52.2851,51.3733,51.9812,1476300
2020-12-17,52.4693,52.5246,51.0234,51.0694,1973500
2020-12-18,51.0786,51.0786,49.4853,49.6695,4603400
2020-12-21,48.813,49.9458,48.6011,49.8629,1450300
2020-12-22,49.9274,50.0932,48.6288,48.8959,1677700
2020-12-23,49.1445,49.3195,48.288,48.4169,1564300
2020-12-24,48.7577,48.7761,47.9012,48.2972,620100
2020-12-28,48.4446,48.8406,47.9196,47.9933,1425200
2020-12-29,48.0854,48.7485,47.8551,47.9656,1222600
2020-12-30,48.091,49.3255,48.0631,49.1398,1582400
2020-12-31,49.1491,49.5483,48.4808,49.3719,1283400
2021-01-04,50.2908,50.7271,48.4901,48.7407,2308900
2021-01-05,48.75,50.6157,48.7036,50.1887,2223500
2021-01-06,52.3143,53.4189,51.6832,52.927,3291300
2021-01-07,53.5025,53.6046,51.6739,52.1565,2229400
2021-01-08,52.1751,52.5371,50.8292,51.9988,2720800
2021-01-11,51.0056,53.3911,50.7178,52.7228,1857200
2021-01-12,52.9084,54.3193,52.2401,53.9294,2308400
2021-01-13,53.651,53.7995,52.3236,52.6392,1876000
2021-01-14,53.3168,53.3725,52.5742,52.6114,1207300
2021-01-15,51.7853,51.9338,50.3465,51.4882,1613600
2021-01-19,51.9431,52.927,51.8224,51.8688,1606700
2021-01-20,52.0916,52.3422,51.1912,51.7574,2232000
2021-01-21,51.5996,51.8317,50.495,50.5136,1724200
2021-01-22,50.0959,51.1169,49.7246,50.8478,1522100
2021-01-25,50.9963,50.9963,49.7525,50.6064,1984600
2021-01-26,51.052,51.2376,48.9913,49.0099,2531300
2021-01-27,48.0817,48.1745,47.1813,47.6454,3166000
2021-01-28,48.1559,48.258,45.5012,46.7172,3985200
2021-01-29,46.6429,46.8193,44.4988,45.232,5113700
2021-02-01,45.8075,46.2624,44.6101,45.5012,2445500
2021-02-02,45.724,47.2927,45.5291,46.8471,3365700
2021-02-03,47.7661,48.5736,47.2463,47.9517,2854100
2021-02-04,47.6825,48.8521,47.4783,48.2859,2675700
2021-02-05,48.8707,49.6504,48.8335,49.177,1811100
2021-02-08,49.8082,50.4765,49.5019,49.8453,1680700
2021-02-09,51.3304,51.6275,50.1423,50.7549,2877500
2021-02-10,51.1448,51.3304,50.1702,51.0148,2180900
2021-02-11,50.9127,51.1169,49.8824,50.9127,1421600
2021-02-12,50.6714,52.3793,50.6436,52.2958,2363400
2021-02-16,52.8527,53.8738,52.5835,53.224,3784600
2021-02-17,54.1244,54.1893,52.8806,52.9084,3737700
2021-02-18,52.7042,53.2611,52.0544,52.4443,2739500
2021-02-19,52.7506,54.3286,52.6578,53.8737,3627000
2021-02-22,53.8366,56.5841,53.8366,55.5724,3802000
2021-02-23,56.185,56.6213,55.6931,56.4913,3668600
2021-02-24,56.7976,58.5891,56.7327,58.5056,3423600
2021-02-25,58.5056,58.9233,56.844,57.0947,1883500
2021-02-26,56.6491,57.1318,55.2475,55.526,2876200
2021-03-01,56.8997,57.4567,56.5563,57.104,4016900
2021-03-02,57.3174,58.0229,56.8997,57.3731,2396000
2021-03-03,57.6609,58.9232,57.0482,57.8279,3116600
2021-03-04,57.828,58.0693,55.1918,56.0644,2052000
2021-03-05,56.9276,58.6912,56.25,58.4035,2240700
2021-03-08,58.6077,61.8471,58.4035,61.6058,2925400
2021-03-09,60.7333,62.0978,59.7029,61.1324,2751400
2021-03-10,61.1417,62.9889,60.5662,62.6176,2048200
2021-03-11,63.6015,63.9635,62.7475,62.961,2150400
2021-03-12,63.5736,65.0495,63.4529,64.7524,2346700
2021-03-15,64.836,64.9288,62.7475,64.5111,2839600
2021-03-16,64.5947,64.7803,63.4066,63.9635,2074000
2021-03-17,63.9078,65.5414,63.75,65.198,2061500
2021-03-18,65.2444,67.0359,65.0031,65.3465,2598400
2021-03-19,65.3651,66.5346,63.3601,66.2005,6491300
2021-03-22,66.2655,66.2655,64.4369,64.5575,3280800
2021-03-23,64.047,64.7246,62.1163,62.664,2948700
2021-03-24,63.9635,66.3583,63.8985,64.4833,3282600
2021-03-25,64.5483,67.7506,64.0934,67.5928,4329800
2021-03-26,69.4864,73.6448,69.1058,73.6077,7677100
2021-03-29,74.2574,76.8193,72.763,73.0971,6114000
2021-03-30,73.4657,75.5463,73.3444,75.0051,4304600
2021-03-31,76.2367,76.9458,73.8202,74.8932,5532700
2021-04-01,73.9415,74.6226,71.8889,74.5293,4185300
2021-04-05,75.7702,76.4793,74.9865,75.1171,2633000
2021-04-06,74.408,75.4437,73.6243,74.492,2740100
2021-04-07,74.5293,74.9212,73.7549,74.464,2298200
2021-04-08,74.1188,74.6599,72.5047,74.2681,2733600
2021-04-09,75.0891,75.9288,74.2121,74.9119,3958200
2021-04-12,75.0145,75.6023,74.464,75.1358,1858700
2021-04-13,74.7066,75.1171,72.7659,73.0365,2725800
2021-04-14,73.2791,75.0332,73.2604,73.7643,3096000
2021-04-15,74.2307,74.6319,72.8779,73.615,2318200
2021-04-16,74.548,75.0425,73.0085,74.1748,2227400
2021-04-19,73.8482,75.0891,72.8312,74.1188,2153400
2021-04-20,74.6879,74.6879,72.7939,73.2324,2241200
2021-04-21,72.7566,74.8186,72.2528,74.8092,2807700
2021-04-22,73.3817,73.7176,70.62,70.9932,4785200
2021-04-23,71.7396,72.654,70.536,72.6166,4065200
2021-04-26,73.0645,75.2477,72.8126,75.2011,4502900
2021-04-27,74.9025,76.0968,74.6506,75.2851,3982700
2021-04-28,74.8186,76.7406,74.6973,76.1155,3240800
2021-04-29,76.8805,77.5429,75.4063,76.8898,3463000
2021-04-30,75.9102,77.9815,75.8262,76.7499,7387000
2021-05-03,77.5616,80.9951,77.3191,79.9595,4475100
2021-05-04,79.7915,83.8222,79.7076,83.6542,5176000
2021-05-05,83.9714,86.6958,82.9451,86.6119,5123800
2021-05-06,87.2277,89.3269,86.2013,89.2803,4550400
2021-05-07,89.0004,92.6671,88.0207,92.1447,3977200
2021-05-10,93.6748,97.015,92.8351,94.5145,6084000
2021-05-11,92.9284,96.7724,92.3779,95.149,5109600
2021-05-12,95.2982,95.5222,88.5059,89.5602,4676200
2021-05-13,90.4932,94.4026,89.8028,94.048,4686800
2021-05-14,93.6655,96.0447,92.7231,95.6435,3970400
2021-05-17,95.1676,99.3102,94.9344,99.1983,5134300
2021-05-18,99.7114,100.6724,96.1286,96.5392,7802500
2021-05-19,93.4136,95.3356,90.8291,94.7291,5491400
2021-05-20,94.8131,95.0463,92.6951,94.3559,3253900
2021-05-21,95.2236,96.5205,94.5798,95.2889,2446000
2021-05-24,95.177,96.9217,94.6638,96.4365,1956100
2021-05-25,96.9497,97.155,93.3389,93.3483,3185700
2021-05-26,93.7308,94.6918,92.9844,94.0947,2140100
2021-05-27,96.2219,97.2389,94.1413,94.2813,4945000
2021-05-28,94.0573,96.1753,93.1337,95.6715,3277900
2021-06-01,97.9667,103.5368,97.6401,103.3222,7982300
2021-06-02,102.9677,103.2849,96.9777,97.9947,6173000
2021-06-03,97.0803,100.066,95.8581,99.898,2998400
2021-06-04,100.7657,101.7267,100.0753,101.4935,2572300
2021-06-07,101.1109,102.1932,98.4425,100.1779,3320100
2021-06-08,101.2322,102.8743,99.3662,102.6224,2764100
2021-06-09,101.6987,102.3332,100.3552,100.3738,2593600
2021-06-10,101.3909,102.1746,99.0397,99.1889,2154800
2021-06-11,100.2992,100.915,98.7224,99.4502,2049800
2021-06-14,98.909,99.2169,95.2143,95.8301,3797400
2021-06-15,95.2703,96.0074,92.3779,95.093,5860100
2021-06-16,94.4772,94.4772,91.5475,93.2456,3913000
2021-06-17,93.5255,93.5255,87.3863,88.8698,5508600
2021-06-18,87.9181,89.1683,86.5092,86.7891,5248400
2021-06-21,88.1607,89.7655,87.6475,89.4389,2482200
2021-06-22,89.3643,89.9614,88.1607,89.271,2221600
2021-06-23,91.0623,92.0793,89.4762,89.5415,2922200
2021-06-24,90.3253,92.7231,89.4949,91.3236,3584700
2021-06-25,92.0607,92.1726,90.1293,90.2133,2838400
2021-06-28,90.4559,90.5492,88.2447,88.7392,2378300
2021-06-29,89.5028,90.2993,88.5752,88.6689,1663400
2021-06-30,88.4815,89.9338,88.3128,89.887,1970400
2021-07-01,90.8896,91.2175,89.5028,90.5616,1778700
2021-07-02,90.9458,90.9458,89.4934,90.4398,2215900
2021-07-06,90.1494,90.7865,85.8672,86.7199,3142000
2021-07-07,87.4695,90.14,87.2727,89.6621,2568400
2021-07-08,86.7761,88.9312,85.8766,87.7974,2290100
2021-07-09,89.6808,91.3768,88.9687,91.0489,2711700
2021-07-12,89.9619,92.5762,89.0905,91.6017,1849500
2021-07-13,90.9271,91.2456,89.1093,89.2967,1580500
2021-07-14,90.2149,91.0957,88.4627,89.0905,1604100
2021-07-15,88.8001,90.5335,88.4627,89.4091,1278300
2021-07-16,89.4091,89.4279,85.8672,86.242,2313600
2021-07-19,84.1525,85.0333,82.1848,84.368,3398300
2021-07-20,84.3305,86.3638,83.0843,85.7548,2471200
2021-07-21,86.8042,88.444,86.6356,87.0478,1832100
2021-07-22,88.4253,88.9594,86.242,87.938,2838700
2021-07-23,88.9687,89.1936,86.7574,88.3878,1847900
2021-07-26,88.875,91.7235,88.7345,91.6017,3235800
2021-07-27,90.1119,92.7636,88.7813,92.1826,2848300
2021-07-28,92.1452,93.7943,90.2712,93.1384,3063200
2021-07-29,94.4408,97.7391,94.1691,96.9333,4246000
2021-07-30,96.268,98.3575,95.6964,97.4674,4793900
2021-08-02,98.1045,99.2477,95.3216,95.6496,3531700
2021-08-03,95.8557,100.016,95.1061,99.9504,3524800
2021-08-04,99.3226,99.9411,98.1608,98.2919,2499900
2021-08-05,97.9078,99.079,94.9843,95.1155,5150600
2021-08-06,96.6053,98.573,96.0806,97.7391,2668300
2021-08-09,97.1394,101.7869,96.9332,100.9905,4780400
2021-08-10,101.2903,111.4381,101.2622,110.6604,8317800
2021-08-11,114.2491,116.17,111.2695,114.9894,9300900
2021-08-12,114.3803,118.0346,112.7312,117.3506,5215000
2021-08-13,116.4886,120.6957,116.4417,118.2221,4748700
2021-08-16,116.2543,116.676,111.8785,116.4511,4085200
2021-08-17,115.4298,116.5448,110.1919,112.0378,4321300
2021-08-18,111.054,115.4485,110.473,113.1622,2816700
2021-08-19,109.3955,111.1195,108.6552,110.0326,3438200
2021-08-20,110.5573,111.738,108.4116,109.0863,2871800
2021-08-23,110.651,113.5839,109.8733,112.2814,2594100
2021-08-24,115.9076,118.0253,114.7832,115.486,2479900
2021-08-25,115.3642,116.0576,112.1502,112.4032,3463000
2021-08-26,113.0685,113.968,110.6042,110.6229,2291800
2021-08-27,111.5318,113.5651,111.5037,112.3002,2430100
2021-08-30,113.4808,115.6359,112.1128,113.4152,3042500
2021-08-31,113.1435,113.3777,108.9832,110.1544,3543700
2021-09-01,109.4329,109.9764,106.2096,108.9363,3168100
2021-09-02,109.3111,109.9014,107.4465,108.0181,2035600
2021-09-03,108.6927,109.0863,106.7344,106.8656,1879800
2021-09-07,106.8187,108.9551,106.547,107.5308,2918100
2021-09-08,106.9311,106.978,104.598,105.1133,2310800
2021-09-09,105.2539,106.2565,104.3075,105.4788,1712300
2021-09-10,106.3595,108.8988,105.0384,105.1789,2288300
2021-09-13,106.1909,106.4907,100.1097,102.3211,3494000
2021-09-14,102.5647,102.7614,99.154,99.51,2852700
2021-09-15,101.206,102.9395,100.3814,102.7239,3266700
2021-09-16,101.9931,103.5392,100.7844,102.902,3306600
2021-09-17,102.0868,102.1992,97.4861,98.2826,7501700
2021-09-20,91.6579,92.6043,88.4721,90.7771,6527500
2021-09-21,91.6486,91.7235,87.4508,90.1493,4438100
2021-09-22,92.2951,94.0848,90.8709,91.0583,3692700
2021-09-23,91.4049,95.0499,91.4049,93.1384,3986100
2021-09-24,92.5387,96.3898,92.1545,94.5626,3356400
2021-09-27,94.3003,97.6267,94.3003,97.3737,2844800
2021-09-28,96.952,97.7391,94.1316,96.4367,2421600
2021-09-29,97.5514,98.4169,93.2335,93.8732,2370600
2021-09-30,94.7387,95.7076,92.6127,92.6503,2544600
2021-10-01,92.6033,93.2524,88.2384,91.8601,4788700
2021-10-04,92.1894,93.6851,90.2515,91.0417,3073800
2021-10-05,91.6625,93.3558,90.4961,92.8478,2395400
2021-10-06,89.7247,91.5873,88.5018,90.2985,3402200
2021-10-07,92.6033,94.8422,92.1047,93.083,3234200
2021-10-08,93.2335,94.1837,91.7472,92.1611,2448400
2021-10-11,94.0237,95.8487,92.7162,92.7726,2378300
2021-10-12,93.1301,94.8798,92.5186,93.6945,2194000
2021-10-13,94.2871,94.7763,92.6879,94.3906,2692900
2021-10-14,95.4442,97.6643,94.701,95.2278,2386300
2021-10-15,96.6765,98.2005,95.623,95.7452,2489300
2021-10-18,93.5722,96.5919,92.9419,96.4508,2687600
2021-10-19,96.2438,97.335,94.6916,97.1751,2190700
2021-10-20,96.7894,100.2324,95.9428,98.9248,3660500
2021-10-21,94.2871,96.3943,92.1894,96.018,4479400
2021-10-22,96.0839,97.7584,94.8234,96.2626,3153400
2021-10-25,97.0246,103.4684,96.1591,102.9322,4507900
2021-10-26,103.2427,107.3065,100.8062,104.8231,5641700
2021-10-27,103.2051,106.554,101.2296,101.7846,3158700
2021-10-28,102.556,104.6255,102.3302,102.904,2993500
2021-10-29,104.6537,108.0779,104.174,105.03,5369700
2021-11-01,106.1777,106.1871,100.4676,102.7441,4552500
2021-11-02,101.3613,101.9069,99.922,100.8627,3297300
2021-11-03,100.9474,104.3903,100.1854,103.713,3140600
2021-11-04,103.7413,107.316,103.666,105.1711,3557100
2021-11-05,105.6979,108.7176,104.7666,105.5474,3130900
2021-11-08,111.0694,112.2453,108.3695,109.3479,4202300
2021-11-09,107.4947,108.2096,105.284,106.6763,3173400
2021-11-10,104.9924,107.3253,103.1298,103.8165,3212100
2021-11-11,105.3875,108.8023,105.3593,106.648,3301500
2021-11-12,106.5257,108.0685,105.3593,105.585,3011600
2021-11-15,104.7949,105.6509,102.0856,103.4402,3568500
2021-11-16,103.5813,106.1965,102.6689,105.0771,3187200
2021-11-17,104.3809,105.5286,102.5936,102.6406,2834600
2021-11-18,102.8194,105.9425,102.6971,105.0771,2590400
2021-11-19,104.7666,107.5323,104.1081,106.1589,2879500
2021-11-22,107.0243,114.2772,107.0243,112.5745,5089100
2021-11-23,112.6968,114.8228,110.3074,112.3017,3831700
2021-11-24,112.3205,113.487,108.7458,108.9245,2649300
2021-11-26,103.8353,108.5577,102.7723,107.2219,2825900
2021-11-29,108.5389,110.0628,105.3687,105.4251,2854000
2021-11-30,104.6161,105.8767,99.5551,99.9596,6881700
2021-12-01,101.8222,104.2116,98.4169,98.4827,4309000
2021-12-02,99.1882,102.9793,98.906,101.1825,2945000
2021-12-03,102.3866,105.8296,101.841,103.9482,4211200
2021-12-06,105.4816,106.4599,103.5813,103.7036,3084800
2021-12-07,106.7892,108.7176,106.1024,107.2501,2498700
2021-12-08,108.5106,108.6329,105.5944,106.1212,1722700
2021-12-09,105.1523,106.5352,102.8664,106.1965,1968200
2021-12-10,107.3818,107.8898,103.8071,106.4975,1890000
2021-12-13,107.2407,109.6489,104.7948,108.6988,2591500
2021-12-14,108.6329,113.8633,107.8051,111.3986,3672500
2021-12-15,106.2906,107.7016,97.241,101.8034,8675100
2021-12-16,104.6631,109.0562,104.5503,107.1466,4963900
2021-12-17,106.9961,111.662,105.745,111.0035,7103200
2021-12-20,108.6894,109.8088,103.619,104.5409,3248700
2021-12-21,105.5756,106.5164,104.3433,105.8484,2515100
2021-12-22,106.0742,107.4759,105.3593,106.902,1095600
2021-12-23,106.9679,108.0873,105.9613,107.5229,1191900
2021-12-27,107.918,110.044,106.7986,109.7336,1550600
2021-12-28,107.5135,108.8869,106.3094,107.664,1524600
2021-12-29,108.0873,108.7082,106.5351,108.0779,1079000
2021-12-30,108.333,110.1848,107.3976,107.5677,1348400
2021-12-31,107.6811,108.3236,106.3017,107.8512,1298900
2022-01-03,108.5503,111.7249,106.1883,106.8024,2243200
2022-01-04,107.7756,111.3186,106.4623,110.61,2924300
2022-01-05,111.8477,119.6803,111.6777,115.9483,7732200
2022-01-06,116.7797,117.1387,109.9959,110.166,4619400
2022-01-07,111.0163,111.2431,107.237,108.1252,3521200
2022-01-10,107.7094,108.7582,104.3648,105.6875,3050200
2022-01-11,103.9301,104.7899,101.4925,104.7238,4253700
2022-01-12,106.5662,108.9755,105.2813,108.3897,2869000
2022-01-13,107.7094,109.7597,106.0938,106.5001,2325200
2022-01-14,105.7064,106.5568,103.4011,104.7049,2428900
2022-01-18,102.4562,102.7397,99.5651,100.8122,3056100
2022-01-19,102.5129,102.9097,97.9022,98.4974,2742100
2022-01-20,97.7888,100.6327,94.5198,94.8032,4079300
2022-01-21,93.2631,93.3293,87.7643,87.9155,5790000
2022-01-24,85.2605,90.6177,83.6165,90.0508,6443900
2022-01-25,87.9721,90.1547,87.1407,88.9926,3402500
2022-01-26,90.2397,90.731,86.6305,87.906,3590200
2022-01-27,91.8837,93.5466,90.0602,91.4018,5494000
2022-01-28,92.4979,95.03,91.3546,94.2836,5878600
2022-01-31,93.8962,97.2503,93.6033,95.8047,5601400
2022-02-01,97.7038,101.7287,97.7038,101.5303,4530900
2022-02-02,101.5681,106.5284,100.1698,105.8009,4429100
2022-02-03,105.2624,108.6448,104.4687,106.056,3453600
2022-02-04,106.3489,108.0307,104.053,105.1206,3354100
2022-02-07,106.5946,107.3032,103.1743,104.9884,2414000
2022-02-08,106.0087,110.4022,105.6592,109.1928,4273400
2022-02-09,109.2495,113.6996,108.881,113.4539,4067900
2022-02-10,112.0178,116.553,111.5076,114.8806,3280400
2022-02-11,112.4713,115.3625,111.347,111.8761,3304700
2022-02-14,112.4335,113.3311,110.0904,110.8746,2348700
2022-02-15,111.1486,115.2963,110.5439,114.8712,1944300
2022-02-16,114.2665,117.5261,113.9736,115.8916,1941800
2022-02-17,114.7956,116.7608,113.6618,114.2665,2190700
2022-02-18,114.8806,117.2143,114.6539,116.1467,2243600
2022-02-22,115.9577,118.0646,111.6588,112.1595,4220600
2022-02-23,113.265,114.446,110.7517,111.4698,2377700
2022-02-24,107.4071,114.5877,105.9899,114.2287,2937300
2022-02-25,114.994,123.299,114.994,122.8738,4722500
2022-02-28,121.7117,126.9649,121.1259,124.3571,4076500
2022-03-01,125.6327,129.4025,121.2676,123.7714,3765000
2022-03-02,125.7366,131.4527,123.2517,130.3945,3691100
2022-03-03,131.6984,132.5109,128.1648,129.941,3385300
2022-03-04,128.3821,131.2354,126.9271,131.0654,2780600
2022-03-07,130.0639,131.0654,123.0628,124.6217,3623000
2022-03-08,123.5541,124.5083,118.6693,119.0095,3593500
2022-03-09,119.9071,123.9792,119.0567,122.836,3852200
2022-03-10,122.8738,126.7948,121.8156,126.1901,2691800
2022-03-11,125.3681,130.6213,123.8942,127.7869,2683200
2022-03-14,128.0514,128.845,122.1652,124.7634,3184400
2022-03-15,122.2124,128.3821,121.5794,128.0419,2977600
2022-03-16,129.2419,133.0117,124.5462,127.6546,2845500
2022-03-17,126.6531,128.7033,122.8643,127.4845,3989800
2022-03-18,127.7301,128.7222,124.7445,128.6466,6600400
2022-03-21,130.2623,136.6493,130.2623,134.873,3825200
2022-03-22,135.7422,139.1341,134.2778,136.054,2935600
2022-03-23,136.054,140.9198,135.9501,139.0208,3445800
2022-03-24,139.72,145.7857,139.2853,145.0487,3966100
2022-03-25,143.8866,148.9886,143.2913,148.9225,3524100
2022-03-28,146.9762,147.6659,142.356,145.3605,2431700
2022-03-29,141.1655,142.2898,136.5737,142.1954,3362200
2022-03-30,143.2381,144.679,139.8728,141.6929,2158000
2022-03-31,141.5982,145.9588,140.8019,140.9156,2972400
2022-04-01,143.3898,145.4753,139.4462,141.4939,2252500
2022-04-04,141.7308,142.347,140.0624,141.7403,1872200
2022-04-05,141.8446,145.9019,140.1477,141.0578,3068400
2022-04-06,140.0529,142.7831,135.569,138.868,3253800
2022-04-07,137.9295,143.9586,137.9295,143.058,2578800
2022-04-08,144.0723,145.7408,142.0152,142.9158,2624900
2022-04-11,143.6268,148.0727,142.584,144.8496,2325800
2022-04-12,146.7077,152.0827,145.7503,149.0587,2490200
2022-04-13,150.5469,155.3532,148.67,154.737,2777200
2022-04-14,155.4574,158.1591,155.2678,156.7182,2497600
2022-04-18,157.1733,163.117,157.05,161.4676,2680000
2022-04-19,159.8465,163.3066,157.6377,162.8895,2906700
2022-04-20,161.3822,163.9986,158.9744,160.4437,3599700
2022-04-21,162.5672,178.1234,160.586,166.4539,7848700
2022-04-22,167.0795,167.4492,151.6087,152.6704,4993900
2022-04-25,148.9449,153.8459,144.5937,150.31,5406400
2022-04-26,150.0635,153.1823,147.011,148.8596,3642200
2022-04-27,153.0591,153.5994,147.2765,150.7176,3270400
2022-04-28,151.5234,153.4667,146.3475,152.2912,2675400
2022-04-29,154.1872,155.4005,145.3142,146.7266,6063900
2022-05-02,146.4422,146.9731,137.8536,142.1859,3789100
2022-05-03,142.5366,145.6744,142.0058,144.243,2560000
2022-05-04,144.4326,147.1058,140.1383,146.4897,2206600
2022-05-05,145.9588,146.7551,131.4264,133.493,3674700
2022-05-06,132.7156,133.0379,127.3786,129.4451,2818800
2022-05-09,125.568,128.118,122.5629,123.2644,4802200
2022-05-10,125.8713,126.2316,120.866,122.7904,2968500
2022-05-11,124.3735,125.0466,119.245,119.4157,2460500
2022-05-12,117.4818,120.3541,115.8797,118.1549,3342000
2022-05-13,118.4961,121.0272,117.1595,117.3491,3377600
2022-05-16,115.8229,117.0173,110.0497,113.5193,5034300
2022-05-17,116.1641,119.1218,113.4055,118.5625,3727300
2022-05-18,117.5292,119.9276,112.2395,112.979,2382400
2022-05-19,112.9505,117.0457,111.6423,114.4293,2310100
2022-05-20,116.7898,118.1075,110.6659,113.7278,2869500
2022-05-23,116.7424,120.866,114.9886,119.738,2613700
2022-05-24,117.387,119.0554,114.6948,117.7567,2056800
2022-05-25,116.7519,122.6293,115.6522,121.9657,2221200
2022-05-26,123.236,126.9425,122.0605,126.1463,2015100
2022-05-27,128.2697,130.8197,125.6912,130.5733,1927700
2022-05-31,128.4877,130.5733,124.7622,125.568,6387400
2022-06-01,126.2221,127.2743,121.2073,123.909,1954500
2022-06-02,125.7007,127.2933,123.8711,124.7811,1554500
2022-06-03,122.5629,124.5442,121.2737,122.0131,1588000
2022-06-06,123.672,123.8616,120.9229,122.7335,1633300
2022-06-07,121.814,127.0468,121.0177,126.8193,2030700
2022-06-08,124.7717,126.2315,122.1174,123.1032,1771500
2022-06-09,121.3306,121.4159,117.0837,117.2259,2393000
2022-06-10,114.0122,115.6807,112.6282,113.9174,2230000
2022-06-13,109.8222,109.9454,105.1866,106.4285,3233500
2022-06-14,107.1205,109.7559,106.7318,107.803,2681900
2022-06-15,112.1826,114.7042,107.5755,110.4005,3582400
2022-06-16,106.8361,108.9975,105.0065,106.7129,3040000
2022-06-17,107.1015,110.1445,105.9924,108.059,4626100
2022-06-21,112.8083,112.8083,106.201,106.419,2527100
2022-06-22,102.6935,103.613,100.5037,102.229,3090300
2022-06-23,102.3807,103.3097,98.1622,100.5226,2211800
2022-06-24,102.1626,105.6132,101.0725,105.2814,2804700
2022-06-27,106.5991,106.5991,103.0821,104.3335,1941300
2022-06-28,104.9781,107.1584,101.9541,102.3522,1920500
2022-06-29,103.1713,103.2379,99.257,101.1903,1472900
2022-06-30,98.6189,100.5713,97.3713,99.4379,2142400
2022-07-01,99.276,101.9903,98.0951,100.6094,1831000
2022-07-05,97.1427,99.6665,95.3617,99.6189,2500400
2022-07-06,98.0094,101.7808,97.6951,100.8665,3228500
2022-07-07,104.7617,107.1046,103.1617,105.2284,3023600
2022-07-08,106.6189,106.6189,102.3522,103.8189,1998200
2022-07-11,102.2856,106.7998,102.2856,102.6951,2448400
2022-07-12,102.6951,106.276,102.2094,103.9713,2404100
2022-07-13,102.5332,105.2189,101.9427,104.4855,1551900
2022-07-14,101.4284,103.9713,100.7237,103.2094,2247700
2022-07-15,104.1332,105.1903,102.4855,105.0665,1715700
2022-07-18,107.476,110.7236,107.2093,109.0189,2833000
2022-07-19,109.4951,112.476,108.5712,111.6474,2204300
2022-07-20,111.7808,113.0189,110.0474,112.1427,2340300
2022-07-21,117.2284,122.4474,115.4189,122.3998,3426000
2022-07-22,123.0474,124.495,113.5903,114.1522,3445200
2022-07-25,115.5998,117.2379,114.5236,116.4189,1890900
2022-07-26,115.6474,118.3712,114.8951,117.4379,1704000
2022-07-27,117.3427,121.8474,115.7998,121.2665,2339300
2022-07-28,121.8855,125.7427,121.4188,124.1903,2423900
2022-07-29,125.7331,129.6379,124.4855,129.3331,3771500
2022-08-01,128.095,129.4093,126.076,128.4379,1550000
2022-08-02,127.3807,128.0474,123.1522,125.8474,2139700
2022-08-03,125.9712,126.7141,124.6284,125.1426,1530800
2022-08-04,125.476,129.7141,124.7617,127.8569,1678200
2022-08-05,126.1236,132.0379,126.1141,130.1331,1471600
2022-08-08,131.9998,133.3045,129.5617,130.0474,1891300
2022-08-09,130.9712,132.6474,129.9426,131.9902,1530800
2022-08-10,134.1236,135.7807,133.276,134.7522,1668600
2022-08-11,136.6855,138.9521,134.8759,135.1426,1607700
2022-08-12,135.3426,136.8188,134.076,136.0855,1112600
2022-08-15,134.0474,135.2569,130.714,135.114,1663800
2022-08-16,135.5521,136.9902,135.1331,135.8569,1034300
2022-08-17,133.5141,135.2379,133.1903,133.7807,1067600
2022-08-18,135.1236,136.295,134.7236,135.7521,785900
2022-08-19,134.0284,134.1046,129.9617,131.5903,1381500
2022-08-22,129.5045,130.9522,128.495,128.9617,1759600
2022-08-23,130.4188,133.5521,130.2283,130.9141,1440100
2022-08-24,129.4283,132.4569,128.8569,131.5522,1114100
2022-08-25,132.1236,137.3712,132.1236,137.3426,1476100
2022-08-26,137.7426,139.1426,133.7331,133.8188,1610300
2022-08-29,132.3331,134.7998,130.8569,132.914,1195500
2022-08-30,132.7712,132.914,127.1045,128.7617,1924200
2022-08-31,128.7807,129.7522,124.8379,126.6093,2333200
2022-09-01,124.0379,124.3522,120.676,124.1903,2110200
2022-09-02,126.3807,127.895,123.7426,124.5522,1087900
2022-09-06,124.7617,128.5998,124.2093,128.0474,2076700
2022-09-07,126.0474,129.5236,124.1617,129.1522,1389700
2022-09-08,128.6188,133.0093,127.8284,132.7807,1489800
2022-09-09,134.2855,137.1808,133.9617,136.7236,1636900
2022-09-12,137.7807,138.5141,134.0664,134.9712,1416100
2022-09-13,131.9426,133.9712,128.7046,129.6189,1705100
2022-09-14,124.7522,125.5903,113.6474,114.9617,5548600
2022-09-15,115.457,115.4665,111.0474,111.6855,3278300
2022-09-16,110.1998,112.1331,108.7141,111.5046,3869800
2022-09-19,110.5617,113.457,109.7141,113.1617,1728100
2022-09-20,110.6379,111.0951,107.4474,108.1141,2324300
2022-09-21,108.7522,109.9998,105.1617,105.2379,2553600
2022-09-22,107.076,107.2665,102.7903,103.6665,2436900
2022-09-23,100.9427,101.476,98.6379,100.8284,1982200
2022-09-26,99.5713,101.1903,97.9617,98.4665,2078900
2022-09-27,99.9046,100.8189,98.8094,100.276,1590300
2022-09-28,99.657,102.2951,99.0379,101.8284,1555200
2022-09-29,101.4744,101.905,99.3502,100.7472,1425100
2022-09-30,100.4505,104.4502,99.8573,102.3738,2251400
2022-10-03,105.0721,110.0382,104.5554,109.3971,2398300
2022-10-04,111.0046,114.3632,110.5645,114.1622,2198100
2022-10-05,112.3155,113.6455,111.263,112.7652,1612300
2022-10-06,111.1673,115.2626,111.1673,112.727,2171800
2022-10-07,111.9519,112.3825,109.0239,110.0478,1923500
2022-10-10,112.105,113.502,111.1482,112.9758,1285000
2022-10-11,111.9232,115.9994,111.3778,113.7317,1655300
2022-10-12,113.6455,114.9469,112.4877,114.1622,1316000
2022-10-13,111.4256,119.5398,109.9042,118.6499,2177900
2022-10-14,119.0422,119.3388,112.9375,113.5881,1978400
2022-10-17,116.43,119.0326,116.1142,116.8223,1473500
2022-10-18,119.5015,120.3722,117.406,119.0901,1247700
2022-10-19,118.8604,120.487,116.5639,116.6309,2132600
2022-10-20,112.2868,120.9655,111.0716,119.5302,3323800
2022-10-21,119.9225,129.7111,119.8747,129.7111,3678600
2022-10-24,129.0509,129.8738,126.5727,128.9361,2190600
2022-10-25,127.0798,130.6871,126.831,130.6201,1844200
2022-10-26,131.3665,133.883,129.1753,131.1081,1867300
2022-10-27,130.1226,131.51,128.9456,129.6537,1551400
2022-10-28,128.6012,131.0794,126.6109,128.2184,2051800
2022-10-31,127.252,129.07,125.367,125.7115,2954700
2022-11-01,129.1753,130.467,124.9651,128.6969,1792800
2022-11-02,127.3477,128.3333,123.0418,123.1662,1852000
2022-11-03,122.085,125.3096,121.0994,123.2141,1364600
2022-11-04,128.4672,131.4909,126.1995,127.7974,1740100
2022-11-07,129.1274,130.4383,127.3573,128.5246,1599000
2022-11-08,129.3379,132.8879,127.2041,128.6873,1862100
2022-11-09,127.8453,129.5102,125.0991,125.4149,1601800
2022-11-10,130.4001,133.395,128.9744,133.0314,2287200
2022-11-11,135.7776,137.7678,131.8928,132.7731,2772800
2022-11-14,131.7205,138.5237,131.3282,136.0646,2300500
2022-11-15,138.0644,139.3658,136.9354,137.8348,2402800
2022-11-16,135.4331,137.1268,134.5911,135.4906,1321200
2022-11-17,132.9548,136.122,131.2899,135.9689,1206400
2022-11-18,136.9162,137.0693,132.6582,135.902,1600100
2022-11-21,135.1365,142.9062,134.6772,142.6095,2644800
2022-11-22,144.2458,146.5613,142.887,145.5853,2507200
2022-11-23,145.1165,145.1165,141.7962,143.2698,1233200
2022-11-25,143.3272,144.418,142.0928,142.7531,578000
2022-11-28,141.423,142.8105,139.9686,141.1647,1735300
2022-11-29,143.2411,144.485,140.0547,140.648,1459400
2022-11-30,141.4039,143.6908,138.7725,143.4803,3562100
2022-12-01,143.509,145.4418,142.6287,142.8105,1409100
2022-12-02,141.1073,147.7096,140.8776,147.5469,2277000
2022-12-05,146.9441,148.2262,143.2506,144.4945,1786600
2022-12-06,146.169,148.1689,144.4945,146.3795,1644800
2022-12-07,145.2026,148.2932,143.1167,143.3367,1829900
2022-12-08,146.2647,147.1354,143.3845,144.3414,1298300
2022-12-09,144.1309,144.8964,140.4757,140.7245,1239700
2022-12-12,140.9637,141.7866,138.1314,141.6718,1266100
2022-12-13,146.0447,146.4082,142.2938,143.0018,2056000
2022-12-14,141.624,143.0784,139.7103,141.5474,2064600
2022-12-15,137.5956,137.9018,127.9218,128.3141,3334800
2022-12-16,124.8408,128.7351,123.8839,127.8357,6122200
2022-12-19,127.74,128.2184,125.3957,126.0751,1676100
2022-12-20,126.7353,130.046,126.6875,128.1897,1727800
2022-12-21,129.8738,131.9215,128.8021,131.5196,1888300
2022-12-22,131.0507,131.577,127.386,131.0029,1369400
2022-12-23,131.6249,132.0459,129.0222,130.2087,960100
2022-12-27,131.2325,132.8879,129.8738,130.6489,1074500
2022-12-28,130.9359,130.9359,127.9697,128.4002,1154600
2022-12-29,129.3415,129.8602,127.7279,128.285,836500
2022-12-30,127.2861,128.333,125.6052,126.6041,1138400
2023-01-03,126.6041,128.1505,124.6927,125.8837,1653300
2023-01-04,126.4984,132.7129,126.4696,131.5891,2183100
2023-01-05,131.1089,132.9723,129.0534,131.6372,1712300
2023-01-06,133.7983,140.1376,133.7695,138.2454,2092500
2023-01-09,139.3692,139.8783,135.4504,135.4984,1670800
2023-01-10,136.5165,145.3147,136.3628,145.1898,2801100
2023-01-11,145.1802,148.4556,145.1802,148.3979,2274500
2023-01-12,149.3489,150.1941,146.9092,149.5602,1698600
2023-01-13,148.8878,151.8077,148.3787,151.3371,1330300
2023-01-17,150.9913,153.6135,147.7928,149.0031,2028900
2023-01-18,150.4918,153.3253,146.2368,146.3329,1769800
2023-01-19,145.0362,146.7075,143.7395,144.8441,1389400
2023-01-20,144.7192,147.4182,143.8932,147.4086,1564600
2023-01-23,147.6296,148.7534,146.1216,147.7737,1246100
2023-01-24,147.0244,148.5036,144.5559,147.9465,1688300
2023-01-25,146.1311,150.7512,145.8046,150.4822,1552600
2023-01-26,153.6807,163.8237,153.2965,163.1129,4133200
2023-01-27,162.6902,164.7745,158.9058,160.2794,2383400
2023-01-30,158.6465,162.8535,158.6465,159.7991,1592100
2023-01-31,158.7426,162.5078,157.2634,162.3445,3212700
2023-02-01,161.1246,168.8087,159.5398,168.0691,2397900
2023-02-02,168.29,170.1342,165.0051,169.7019,2181000
2023-02-03,169.4714,175.4649,168.8375,169.6539,2211500
2023-02-06,168.0114,168.7414,162.3253,163.1609,1999300
2023-02-07,163.1609,163.8717,158.003,160.5771,2108100
2023-02-08,158.6273,161.797,158.2431,159.7415,1369100
2023-02-09,162.0851,162.6903,156.764,157.1289,1649900
2023-02-10,156.0916,158.9251,155.6594,157.6284,1481700
2023-02-13,157.7148,162.3733,155.8419,160.9902,1722400
2023-02-14,159.7703,165.5814,159.559,164.496,1878000
2023-02-15,162.2676,163.4586,159.8471,163.3626,1354100
2023-02-16,162.0852,166.2826,161.6529,163.1129,1372900
2023-02-17,162.7863,163.1321,160.5483,161.432,1229600
2023-02-21,161.2015,164.2463,156.3606,157.0809,1333600
2023-02-22,157.0809,159.4725,156.3221,157.0137,1411000
2023-02-23,158.0798,158.464,153.796,156.8408,1140400
2023-02-24,153.9208,156.1684,152.384,156.1108,1316200
2023-02-27,158.5217,159.5206,157.0905,157.7917,1272000
2023-02-28,158.1951,163.3338,157.0425,160.8269,2330700
2023-03-01,163.718,165.9656,162.4501,163.9965,1805000
2023-03-02,163.7852,168.9143,162.8055,168.8375,1445500
2023-03-03,170.2878,171.8342,168.9335,171.3252,2106400
2023-03-06,169.2985,170.7297,167.147,168.6069,1842100
2023-03-07,167.5985,168.7222,164.2751,164.448,1358600
2023-03-08,164.3808,166.6475,163.5835,166.4458,1125600
2023-03-09,166.2538,168.3765,160.8461,161.2207,1322600
2023-03-10,161.6241,161.7202,150.9337,152.605,2466400
2023-03-13,149.0223,152.0863,145.8046,149.2912,1968500
2023-03-14,152.4897,153.2869,148.1674,150.0692,1652000
2023-03-15,145.3243,146.1984,136.5453,139.0906,3214200
2023-03-16,134.4706,140.2433,133.539,139.6766,2848700
2023-03-17,140.7139,140.8292,137.1793,138.4279,5407600
2023-03-20,140.8196,143.9892,138.8986,142.0298,1940300
2023-03-21,145.065,147.8985,144.2389,146.0927,1758900
2023-03-22,145.6317,146.5153,141.6552,141.7224,1407900
2023-03-23,143.1055,146.8131,140.8099,142.1546,1645400
2023-03-24,139.8591,143.97,138.5336,142.779,1493100
2023-03-27,144.9593,145.4972,142.1162,143.4033,1349500
2023-03-28,143.0575,144.3542,141.8665,142.3852,951700
2023-03-29,144.8057,144.9786,142.7694,143.9988,1030600
2023-03-30,146.0517,146.8805,144.9915,145.8782,1077700
2023-03-31,146.6492,149.3768,146.1288,148.8756,1791900
2023-04-03,148.066,150.6682,147.4588,148.8563,1947200
2023-04-04,147.8058,148.3937,136.7705,138.6209,2938000
2023-04-05,136.4717,140.4617,136.1729,138.2739,2230800
2023-04-06,137.8113,141.0207,136.7512,140.2593,2292000
2023-04-10,140.269,145.3963,140.1051,141.5219,1525400
2023-04-11,144.0277,145.2421,143.1989,143.3338,1533100
2023-04-12,143.9121,145.0301,141.6954,142.3122,1540700
2023-04-13,142.9001,143.7289,140.7316,141.5122,1858200
2023-04-14,141.2039,142.6399,140.163,140.8955,1265600
2023-04-17,141.3581,142.6784,140.616,142.3219,1465800
2023-04-18,143.2471,145.8493,143.1025,145.6084,1474300
2023-04-19,143.7675,144.5289,141.7628,142.264,1967600
2023-04-20,145.0494,152.6151,144.0952,150.0899,3801300
2023-04-21,149.0201,149.4057,144.9144,147.8925,2478400
2023-04-24,147.0444,149.7815,146.6396,149.4249,1584700
2023-04-25,146.7167,147.1504,142.5146,142.5917,1744600
2023-04-26,142.8037,143.1218,138.4667,139.2666,2033500
2023-04-27,140.0955,143.1218,138.9679,142.9194,1442200
2023-04-28,141.6857,143.1218,140.4135,142.8134,1646400
2023-05-01,143.5555,144.5096,142.3315,142.6495,915200
2023-05-02,142.264,142.8808,138.0041,141.252,1782300
2023-05-03,141.9749,144.8855,140.8473,140.8955,1490800
2023-05-04,139.71,141.2521,133.8502,134.814,2831600
2023-05-05,137.2234,139.1799,136.3657,137.1656,2149400
2023-05-08,139.5943,140.0377,135.8934,136.491,1124300
2023-05-09,135.2477,136.7801,134.6887,135.0935,1622200
2023-05-10,137.2234,137.821,129.8409,132.6358,1812200
2023-05-11,129.118,133.1852,128.5783,132.5298,2507800
2023-05-12,133.5996,135.373,132.8382,134.043,1432000
2023-05-15,135.0839,135.7778,133.6767,135.3923,1164900
2023-05-16,134.7272,134.8815,131.4793,131.8263,974400
2023-05-17,133.9755,135.2573,132.8575,134.5827,1074100
2023-05-18,133.4454,135.4404,132.4142,135.1995,1140800
2023-05-19,136.3368,136.7415,132.8768,133.6478,1329100
2023-05-22,134.1104,135.5946,133.2719,134.8911,1260800
2023-05-23,132.3371,132.7611,128.7614,131.9612,1930600
2023-05-24,131.2673,131.2673,127.8362,128.5398,1539400
2023-05-25,128.7229,130.5251,127.9807,129.8119,1276900
2023-05-26,130.1589,132.4142,129.8023,131.2094,992600
2023-05-30,130.2938,130.9974,127.2483,128.1928,1074600
2023-05-31,126.7085,127.8458,125.0894,127.2772,2394300
2023-06-01,128.9445,129.1566,127.123,128.2121,1498300
2023-06-02,133.4165,136.7319,132.9057,136.1729,2141100
2023-06-05,135.8934,138.4571,133.3105,135.8356,1862900
2023-06-06,134.2453,138.7559,133.8695,138.3125,1180400
2023-06-07,138.4378,143.1025,138.4378,142.5724,1869000
2023-06-08,143.1989,144.1145,139.816,141.5219,1258400
2023-06-09,141.6761,141.917,139.3919,140.2786,1090800
2023-06-12,139.7582,143.6326,138.6595,143.1025,1229400
2023-06-13,144.5674,148.943,143.941,148.7792,1681900
2023-06-14,150.2731,151.0826,144.1049,145.1843,1620400
2023-06-15,144.5771,147.2275,144.1434,145.7047,1030100
2023-06-16,146.4083,147.0829,144.0374,145.9264,3178700
2023-06-20,144.2108,144.6927,142.1773,144.1048,1191100
2023-06-21,143.9699,148.2684,143.4013,146.3986,1203800
2023-06-22,146.2155,147.9793,144.9723,147.7769,1103800
2023-06-23,145.8493,148.9045,145.3867,148.2202,1449500
2023-06-26,149.0394,152.3838,148.8081,149.743,1128600
2023-06-27,150.5429,155.7377,150.3887,154.9474,1288600
2023-06-28,153.627,155.7666,152.8174,155.2847,1730300
2023-06-29,155.0044,158.0306,155.0044,157.9146,880200
2023-06-30,158.746,159.0844,156.3869,158.543,1240200
2023-07-03,158.3013,161.5982,157.6052,160.119,765500
2023-07-05,158.5043,159.9063,154.666,155.1301,2577700
2023-07-06,153.6218,156.619,151.485,154.811,1913600
2023-07-07,155.1397,159.5002,154.7627,156.5803,1560600
2023-07-10,155.6231,158.9781,155.2847,158.717,979400
2023-07-11,159.5872,162.9615,158.8717,162.7584,1240500
2023-07-12,164.3634,166.5871,163.8606,164.0443,1134800
2023-07-13,165.2045,165.3496,163.3579,163.6479,904100
2023-07-14,164.025,164.025,159.0071,161.2405,1153300
2023-07-17,160.206,162.2073,159.5582,161.8786,787500
2023-07-18,161.5015,166.0844,161.2888,165.601,1333400
2023-07-19,164.373,164.4504,160.5637,161.5789,1085100
2023-07-20,162.333,162.5167,159.3745,160.5154,1164900
2023-07-21,160.9021,161.1534,157.9435,158.3979,1178400
2023-07-24,159.3165,162.1977,158.2529,161.1245,1295500
2023-07-25,158.5333,168.4725,158.0596,167.1479,1861900
2023-07-26,164.3247,166.3164,161.2212,163.3095,1327400
2023-07-27,162.6134,164.2957,161.8109,162.8454,1246300
2023-07-28,163.3965,164.9532,160.8344,163.3385,979800
2023-07-31,165.0595,167.7183,164.4407,166.3841,1719800
2023-08-01,164.0153,167.8247,163.3385,167.2639,1268400
2023-08-02,165.2239,166.9352,163.5706,163.967,1726000
2023-08-03,164.3634,168.9366,163.8026,166.0844,1468200
2023-08-04,166.1617,167.0802,161.9173,162.1977,1299800
2023-08-07,163.1742,165.2239,162.5941,163.6479,949400
2023-08-08,161.2888,164.8758,159.3455,164.2764,1120500
2023-08-09,165.0595,165.8814,163.4062,163.764,1104500
2023-08-10,164.3634,165.1079,158.8814,160.7474,1270600
2023-08-11,160.177,161.9366,159.7902,160.9988,1053500
2023-08-14,164.7888,168.7142,161.9366,166.3357,2145200
2023-08-15,164.7405,165.1949,162.6328,163.6383,1208200
2023-08-16,163.2129,165.3399,162.8745,162.8938,895700
2023-08-17,164.3827,166.5871,161.6756,162.362,1174300
2023-08-18,160.6507,163.4836,160.4477,162.7584,1051000
2023-08-21,163.0292,163.5706,160.9601,162.101,715100
2023-08-22,163.5803,164.8275,162.4781,162.8358,1035700
2023-08-23,162.333,163.2999,161.1438,161.4725,1338600
2023-08-24,159.6065,161.2888,157.6632,159.5485,1213900
2023-08-25,160.6604,161.1341,157.7115,159.9159,1017900
2023-08-28,159.9353,162.7101,159.6452,161.4049,942900
2023-08-29,161.0568,166.1424,160.6701,166.0264,1047500
2023-08-30,165.9393,165.9877,164.3247,164.6148,647100
2023-08-31,165.0015,166.7322,164.141,166.3938,1264700
2023-09-01,168.2211,169.1203,165.6396,166.8578,977300
2023-09-05,166.4615,166.4615,163.2419,164.5955,1446600
2023-09-06,164.3054,166.2101,160.351,163.0098,1443500
2023-09-07,161.4822,164.0056,161.1051,163.2998,1554400
2023-09-08,162.3524,163.1259,159.0748,159.4712,1424800
2023-09-11,161.9463,162.9905,156.6673,157.7598,1397900
2023-09-12,156.8413,159.6258,155.5651,157.6148,1075000
2023-09-13,157.5955,157.7115,154.7916,155.7875,1110200
2023-09-14,158.7267,160.38,157.3055,160.0416,1575500
2023-09-15,156.851,157.3441,149.7641,150.2668,4859200
2023-09-18,150.2668,152.0651,149.126,149.5417,1643900
2023-09-19,150.0541,153.6024,150.0348,152.945,1486800
2023-09-20,154.2502,154.8207,150.0734,150.2378,1053500
2023-09-21,148.7102,149.532,146.3608,146.5155,1205000
2023-09-22,147.0665,149.9767,146.8345,148.0527,1156200
2023-09-25,147.8014,150.5956,147.3373,150.1025,1247900
2023-09-26,149.3096,150.3345,146.4768,146.7088,1270600
2023-09-27,148.4782,152.1135,147.5307,150.5472,1869700
2023-09-28,151.0128,154.1751,150.7315,153.0304,1232200
2023-09-29,154.2042,154.9511,151.1195,151.6628,1213600
2023-10-02,151.7694,153.1566,149.1989,150.1398,1460200
2023-10-03,148.8885,151.8955,148.8012,151.2941,1487900
2023-10-04,151.6821,153.4864,150.5181,152.2253,1458300
2023-10-05,151.3232,152.9916,150.6733,151.7403,1215800
2023-10-06,151.8664,154.0587,149.519,152.5163,1539200
2023-10-09,152.5163,153.0596,149.4608,150.9934,1025100
2023-10-10,152.041,154.0878,151.1195,151.2262,1264100
2023-10-11,151.6142,152.982,148.743,150.2174,1258800
2023-10-12,148.8012,148.8109,142.0013,143.1265,2089400
2023-10-13,142.2826,144.5331,140.4784,142.6512,1534800
2023-10-16,145.0666,145.5613,143.5437,144.5331,879200
2023-10-17,142.5639,145.9493,142.1856,145.0763,1097200
2023-10-18,143.5631,144.1936,140.6918,140.7597,1575000
2023-10-19,140.8373,143.4078,139.13,139.4405,1762300
2023-10-20,139.683,140.6142,136.9184,137.1221,1570700
2023-10-23,136.6177,138.1892,135.8708,136.2782,1807200
2023-10-24,138.9361,144.3585,137.9078,142.7579,2139300
2023-10-25,143.0974,143.6212,138.9942,140.265,1565100
2023-10-26,141.5066,145.9687,141.5066,143.8638,1891500
2023-10-27,144.116,144.6883,141.9819,143.6698,1491300
2023-10-30,144.989,145.5031,142.593,144.4846,1201100
2023-10-31,143.951,145.1539,142.6512,143.3593,1454300
2023-11-01,143.3593,143.7377,140.9925,143.5534,1724800
2023-11-02,145.1248,147.5595,144.9405,146.7253,899800
2023-11-03,148.4229,150.4987,147.7244,147.7439,1174800
2023-11-06,148.84,150.5763,147.7341,148.5393,1007300
2023-11-07,147.288,148.2289,146.5701,146.8999,1116200
2023-11-08,146.5216,149.5481,146.5216,148.3744,1184000
2023-11-09,149.8876,149.8876,146.0948,146.6283,1026600
2023-11-10,147.0454,148.4035,145.7068,148.0446,915100
2023-11-13,147.7051,148.7818,146.5119,148.355,733200
2023-11-14,150.3532,151.6142,149.3832,150.3338,1239700
2023-11-15,150.8285,152.6133,150.7315,151.8761,820100
2023-11-16,151.3426,152.3805,148.0543,150.295,1334800
2023-11-17,151.7015,152.5648,150.9061,152.0604,983100
2023-11-20,152.2156,153.9811,152.138,152.3418,856600
2023-11-21,152.138,154.4661,151.3814,153.0596,1021800
2023-11-22,152.9723,153.3021,151.2359,152.6812,695000
2023-11-24,152.8559,153.2536,151.0516,152.4485,435100
2023-11-27,152.1186,156.8911,151.6918,156.3964,1349400
2023-11-28,156.2121,158.5499,155.4943,156.3285,1472500
2023-11-29,156.7068,158.9476,156.2994,158.87,1252600
2023-11-30,159.7139,165.6601,159.258,164.8744,5483700
2023-12-01,166.3294,167.6293,164.6804,165.3012,2038800
2023-12-04,163.9335,165.1945,162.3135,162.3814,1580600
2023-12-05,161.8285,161.8285,158.6372,160.7906,1476700
2023-12-06,160.1698,161.848,157.1433,157.3762,1532000
2023-12-07,157.9388,159.3259,156.668,158.3268,1228100
2023-12-08,157.7351,160.1116,156.9979,157.2307,928500
2023-12-11,155.7659,159.84,154.2527,159.646,1321300
2023-12-12,160.0825,161.3435,157.4732,158.8506,1063300
2023-12-13,158.8506,162.6628,157.0561,161.7218,1469800
2023-12-14,159.6654,166.0966,158.0552,165.728,2399500
2023-12-15,166.2033,170.2677,164.4185,167.639,3915600
2023-12-18,170.452,172.8286,168.3374,168.997,1994800
2023-12-19,169.5402,172.8189,168.027,172.5279,1718200
2023-12-20,171.5288,173.915,170.3938,170.4229,1543500
2023-12-21,172.1302,172.8383,170.7236,171.325,955900
2023-12-22,171.6937,173.5464,171.6743,172.7219,927400
2023-12-26,172.7316,173.7986,172.4309,172.9062,477000
2023-12-27,172.7801,173.4979,171.9653,172.5376,855800
2023-12-28,171.7495,172.3916,170.2122,170.4554,1002300
2023-12-29,170.2705,170.6889,168.8305,169.3365,903600
2024-01-02,168.9959,171.7592,168.6554,170.6889,1208000
2024-01-03,168.3246,173.2284,167.7797,171.7981,1624200
2024-01-04,171.7592,172.8197,167.2932,167.4197,1809100
2024-01-05,166.8068,167.9549,165.2792,165.9603,1489800
2024-01-08,165.4738,168.2078,162.7592,168.0813,1274700
2024-01-09,166.5732,167.2349,162.4186,162.5938,2199000
2024-01-10,162.5938,164.5494,162.1754,164.2965,1203300
2024-01-11,164.2965,165.0457,162.1754,163.6446,824000
2024-01-12,163.8781,165.6294,162.9927,164.3257,774100
2024-01-16,164.3257,166.4662,163.0705,166.1841,1534700
2024-01-17,164.7635,167.0403,164.0143,164.4814,1632700
2024-01-18,165.8532,166.1743,161.4262,161.9029,2470000
2024-01-19,161.8835,163.664,160.8229,162.2824,1219500
2024-01-22,161.5819,166.1549,161.5527,165.8338,1642900
2024-01-23,167.4197,169.6089,167.0694,167.0986,1479600
2024-01-24,168.13,169.0349,166.6705,167.9646,1379600
2024-01-25,169.2684,170.8835,167.9257,169.9786,1624200
2024-01-26,170.4651,172.45,169.4143,170.3678,1370600
2024-01-29,170.757,172.304,168.4511,171.8662,2203700
2024-01-30,173.1895,185.5852,172.0997,183.7949,3647800
2024-01-31,183.7949,185.7992,181.5181,181.8781,3037400
2024-02-01,182.8608,184.7387,180.2046,180.6035,2250100
2024-02-02,180.5841,180.5841,177.8889,178.4338,2097100
2024-02-05,177.1981,178.2878,176.3322,177.383,1508800
2024-02-06,177.3052,178.3657,176.1765,176.4489,1264900
2024-02-07,177.4219,182.7441,177.4219,181.1776,1663700
2024-02-08,180.8954,182.3257,179.5722,181.2554,1003900
2024-02-09,181.5181,182.0435,180.156,181.4987,1198700
2024-02-12,181.557,182.9095,180.5646,181.0706,1171800
2024-02-13,178.5019,178.7451,173.4035,174.6295,1530700
2024-02-14,175.3592,177.7722,174.8338,176.1668,1357900
2024-02-15,176.517,181.9462,175.8846,181.3235,1194000
2024-02-16,181.7613,184.4565,179.6403,180.5646,1908000
2024-02-20,178.6576,180.2338,177.743,179.0176,1421600
2024-02-21,179.0176,179.5722,177.8695,179.3776,885400
2024-02-22,179.6792,182.9192,179.6792,181.6057,1259300
2024-02-23,182.1019,185.6922,181.1678,184.8554,1095600
2024-02-26,184.33,187.6479,184.1354,186.4122,1298100
2024-02-27,186.8306,188.6695,186.0619,187.9008,1234000
2024-02-28,186.4997,188.6403,185.8381,186.996,963300
2024-02-29,187.4241,188.0857,185.9841,187.103,1998500
2024-03-01,187.2392,189.73,183.9992,185.5462,1420100
2024-03-04,185.8381,187.5506,181.3041,182.1019,1306500
2024-03-05,180.5841,181.6641,178.1516,179.8057,1348000
2024-03-06,181.1484,182.8511,179.4554,179.6597,1038200
2024-03-07,181.3138,183.8435,180.5938,181.3722,945400
2024-03-08,182.2576,184.7095,180.2338,180.7981,1210600
2024-03-11,179.2998,180.2144,175.7192,179.8252,1169900
2024-03-12,180.9051,181.236,176.7895,177.9473,1073400
2024-03-13,179.4652,180.623,176.77,179.1246,1825500
2024-03-14,178.1808,179.183,175.6511,177.1689,1487500
2024-03-15,177.2759,183.8241,176.0111,183.3862,3369700
2024-03-18,184.7387,186.743,183.2014,184.6706,1083000
2024-03-19,185.1181,187.0446,184.1549,185.7895,1094800
2024-03-20,185.77,189.3895,184.6511,188.2706,1090200
2024-03-21,189.73,191.8998,187.9981,191.0727,1591500
2024-03-22,191.6176,192.6295,188.9614,189.1852,873300
2024-03-25,190.45,193.2424,189.9732,190.197,951100
2024-03-26,190.3722,191.5592,188.5819,188.8154,1015600
2024-03-27,190.2595,193.8012,189.8497,193.7329,859000
2024-03-28,193.8695,194.1622,191.723,193.0889,1051900
2024-04-01,194.8647,196.6209,193.0792,195.1379,907300
2024-04-02,194.9915,195.0989,191.5083,193.5475,1012000
2024-04-03,193.85,197.9577,192.5133,195.2843,1308600
2024-04-04,196.2112,197.4991,193.4597,194.2598,819900
2024-04-05,193.8988,196.5721,193.1475,196.0843,563600
2024-04-08,197.1673,197.5283,194.8647,195.9965,912500
2024-04-09,197.5186,198.065,192.3279,195.0208,908600
2024-04-10,194.211,194.211,190.7278,193.3621,806200
2024-04-11,193.6548,194.3086,191.8108,192.5426,781900
2024-04-12,192.445,194.1525,188.3276,189.8009,1186200
2024-04-15,192.3084,192.9816,188.0642,189.2935,855100
2024-04-16,186.6006,188.5617,184.7273,187.4397,1142900
2024-04-17,189.596,191.1961,186.9616,188.0934,1152500
2024-04-18,189.4399,189.4399,184.3565,186.1323,1051900
2024-04-19,186.4543,187.1568,184.5322,186.7079,1622600
2024-04-22,186.3372,188.9033,183.8882,186.9714,1609800
2024-04-23,173.38,179.4781,170.1603,170.3944,4855700
2024-04-24,170.7457,173.985,167.7796,168.5601,2587000
2024-04-25,167.2234,171.897,166.6673,171.6043,1623600
2024-04-26,172.297,172.5312,170.1017,171.1555,1253900
2024-04-29,171.7018,172.3068,170.0334,170.9798,1198700
2024-04-30,170.0529,170.1407,164.1207,164.433,2179100
2024-05-01,165.4672,167.8674,163.6524,164.5695,1254900
2024-05-02,165.4867,166.6868,164.3647,166.3746,1303100
2024-05-03,167.4966,170.3847,166.9405,169.6919,1054700
2024-05-06,171.253,171.4384,165.7014,166.8624,1588300
2024-05-07,166.8429,167.9552,165.9453,167.6137,1400700
2024-05-08,166.2965,167.6527,165.4477,165.6721,1247800
2024-05-09,165.8965,170.5115,165.8965,170.131,1230800
2024-05-10,170.6481,171.3603,169.487,170.2285,1149400
2024-05-13,169.6626,171.1262,168.7943,169.5163,812200
2024-05-14,170.2188,171.1262,167.7991,168.4235,1021600
2024-05-15,168.9992,172.1897,168.9016,171.9263,1467500
2024-05-16,172.0141,172.297,169.1065,169.2138,1215800
2024-05-17,170.5505,170.7359,167.3503,167.9357,1245000
2024-05-20,168.004,168.6284,166.0624,166.7746,1474900
2024-05-21,166.9112,168.3455,166.0819,167.9357,901500
2024-05-22,166.8624,168.687,166.0916,166.9405,884300
2024-05-23,167.3307,167.9357,166.316,167.36,950100
2024-05-24,168.6577,168.7943,165.3501,167.1063,1056100
2024-05-28,166.9893,167.0966,163.8378,164.2964,1571400
2024-05-29,163.1938,166.5697,161.8961,162.5499,1337500
2024-05-30,162.1596,163.9549,161.8766,162.6182,1380200
2024-05-31,162.5986,164.8623,161.1546,164.7452,2484600
2024-06-03,163.7988,164.6671,160.8912,162.7548,1442000
2024-06-04,160.979,161.2132,157.0763,157.2616,1643700
2024-06-05,157.2616,159.1447,157.2128,157.7592,1251400
2024-06-06,157.3104,159.5935,157.0958,159.3691,1081100
2024-06-07,158.1788,159.896,156.1103,157.086,1674700
2024-06-10,156.364,157.4665,153.2613,153.4857,1707000
2024-06-11,152.4515,152.8125,149.622,151.6514,1784700
2024-06-12,152.1198,153.3296,150.0708,150.6855,1282600
2024-06-13,150.1879,150.7733,147.9145,150.3733,1226900
2024-06-14,146.3534,152.3149,145.4948,150.9294,2206500
2024-06-17,150.1879,154.3346,148.4512,153.554,2168600
2024-06-18,154.0711,155.6127,150.8025,151.8465,1726200
2024-06-20,152.188,154.8614,151.6124,152.9978,1262200
2024-06-21,152.6174,154.1199,152.11,153.7492,4060000
2024-06-24,154.1297,155.0371,151.7392,151.7783,1634100
2024-06-25,151.1733,151.4465,146.5583,147.7974,2105900
2024-06-26,147.2315,150.9587,147.0754,150.8026,1616400
2024-06-27,150.4123,152.1295,149.7684,150.9489,1208900
2024-06-28,153.6023,157.0879,152.0749,154.7772,3517800
2024-07-01,155.2962,156.148,151.8693,153.7198,1475100
2024-07-02,153.4359,154.5716,152.4176,153.1911,1143000
2024-07-03,153.9841,155.7759,152.7505,153.1519,737500
2024-07-05,152.3001,152.7407,150.0873,150.6258,1348100
2024-07-08,150.5377,151.2329,148.7068,149.2844,1084000
2024-07-09,148.5403,150.0286,147.1011,147.1108,1500000
2024-07-10,147.9529,150.5671,147.7864,150.1559,1422900
2024-07-11,151.6049,156.804,151.3895,155.6389,1927800
2024-07-12,157.0683,159.0363,155.4137,157.7341,1414600
2024-07-15,159.6042,163.5109,159.5944,161.4254,1653500
2024-07-16,160.4267,163.3248,159.7511,162.6688,1457700
2024-07-17,162.6101,163.3836,160.2994,160.5735,1323200
2024-07-18,159.8392,164.0004,159.7119,162.2086,1490300
2024-07-19,162.4339,162.5807,158.8993,159.1049,1564500
2024-07-22,158.9091,160.084,157.3229,159.9273,1434700
2024-07-23,157.1466,161.4547,155.5997,158.1747,2212900
2024-07-24,157.6264,158.0083,151.4678,151.556,2553600
2024-07-25,153.054,155.6487,151.6735,153.7394,1390700
2024-07-26,153.6121,159.0265,153.0638,157.5285,1252600
2024-07-29,156.9117,157.5187,154.7675,156.0795,1134300
2024-07-30,155.8836,157.4012,155.4626,156.099,835400
2024-07-31,156.6571,162.2967,156.3242,159.5357,2438600
2024-08-01,159.1734,160.3288,151.4972,152.5253,2517600
2024-08-02,150.4692,152.3197,146.2394,147.8941,2175900
2024-08-05,143.4392,148.8732,142.3523,147.3752,2011200
2024-08-06,147.1598,150.1461,146.4548,146.8269,1180500
2024-08-07,148.7263,149.3138,141.7845,142.1565,1725000
2024-08-08,143.2923,143.9581,142.1468,142.6069,1204900
2024-08-09,142.3817,143.1454,140.5312,142.1076,954300
2024-08-12,142.2838,142.3034,137.4373,138.3968,1651700
2024-08-13,138.7101,140.2864,137.9366,139.8948,1141100
2024-08-14,139.8262,139.885,136.4973,138.3086,1218100
2024-08-15,143.6839,144.4183,140.5998,142.1859,1478900
2024-08-16,141.667,143.5273,141.3341,142.1957,881400
2024-08-19,142.1761,143.684,140.3158,141.06,1268400
2024-08-20,141.0599,141.5789,139.8752,140.4039,752500
2024-08-21,141.8726,144.1833,141.5103,143.4,1019000
2024-08-22,143.1258,143.8504,141.6474,143.165,709500
2024-08-23,143.9777,144.9666,142.9692,144.6435,947500
2024-08-26,146.9346,149.3628,146.0044,147.2969,1226200
2024-08-27,146.9933,148.4816,145.4855,147.2283,1388000
2024-08-28,145.9163,146.6898,144.2225,144.947,1126900
2024-08-29,145.838,148.178,145.0155,146.8856,997600
2024-08-30,147.0129,149.1082,146.9248,148.7362,1441400
2024-09-03,146.6409,146.866,140.9229,141.4124,1544600
2024-09-04,140.8935,142.3524,138.2989,138.7493,1544700
2024-09-05,139.415,139.8263,135.7434,136.6833,1662600
2024-09-06,136.5267,138.6513,135.0286,135.8902,1310500
2024-09-09,138.6415,140.5116,137.7995,137.9757,1350700
2024-09-10,138.2988,138.3184,135.1461,136.6931,1094800
2024-09-11,135.6161,136.2721,130.6324,134.8916,1889700
2024-09-12,135.9784,137.7995,134.8426,137.6624,1358100
2024-09-13,138.3968,142.1076,138.3968,140.59,1144800
2024-09-16,141.2558,141.7257,139.3269,139.9731,1390200
2024-09-17,136.5365,141.432,135.5084,139.2094,2296500
2024-09-18,140.0123,142.5482,138.5338,139.9927,1426900
2024-09-19,143.635,146.2786,142.558,145.8869,1939900
2024-09-20,144.9568,145.4561,142.2349,143.2532,3915300
2024-09-23,143.5566,144.3105,141.9215,143.9287,1486600
2024-09-24,146.9248,148.9614,146.3178,147.4633,1465000
2024-09-25,147.0619,147.2283,145.2603,145.7695,986100
2024-09-26,149.0005,149.353,146.7584,147.4437,1382300
2024-09-27,148.4362,149.7725,147.1686,147.5223,895000
2024-09-30,147.5223,148.3084,146.3235,147.7287,1415700
2024-10-01,147.2963,150.8535,147.2963,150.0575,1262500
2024-10-02,150.5095,152.4551,148.0529,148.8194,1547700
2024-10-03,147.483,149.0159,146.9327,148.6622,1715300
2024-10-04,150.6274,151.6985,148.3084,148.8096,1036200
2024-10-07,147.3946,150.7355,147.3946,150.0968,1208500
2024-10-08,147.8171,148.6131,144.0733,145.5374,1702600
2024-10-09,145.1837,149.7726,144.7906,149.183,1291000
2024-10-10,148.2298,150.0968,147.7778,148.279,1055900
2024-10-11,148.3576,151.1581,148.3576,149.2714,1594600
2024-10-14,148.3969,150.372,147.3455,150.1853,1075900
2024-10-15,148.8685,152.18,148.6818,149.0061,1843000
2024-10-16,149.6841,151.7083,149.6841,151.5904,1232000
2024-10-17,152.1112,155.5406,151.8066,155.3441,2044600
2024-10-18,156.4053,156.7198,154.3909,155.4915,1954000
2024-10-21,155.7862,156.4446,152.7106,153.3985,2062400
2024-10-22,150.765,151.1777,140.3196,143.4837,5247000
2024-10-23,143.4542,144.938,139.0717,139.1994,2785500
2024-10-24,139.4058,141.5086,137.981,138.885,1984600
2024-10-25,139.8578,141.9213,138.9833,139.0128,1741400
2024-10-28,140.7422,145.6652,140.1428,145.164,1864700
2024-10-29,144.8201,146.7559,143.5722,144.6432,1707300
2024-10-30,143.5721,145.449,140.0838,140.2214,2094000
2024-10-31,140.5162,141.5872,138.3151,139.3763,2299800
2024-11-01,139.3468,141.5971,139.3468,141.0664,1106000
2024-11-04,140.6832,142.678,139.622,140.1231,1345700
2024-11-05,140.0838,142.6681,138.8752,142.0982,1227600
2024-11-06,161.8294,167.5582,157.3781,164.8264,7506300
2024-11-07,165.1605,165.4946,158.0954,158.3706,2608900
2024-11-08,157.1128,158.1249,154.7643,156.081,1704800
2024-11-11,157.2209,158.3706,155.9042,156.2972,2141800
2024-11-12,154.7643,155.3146,149.1338,151.217,2170600
2024-11-13,150.8436,152.0031,148.7997,149.5564,2465100
2024-11-14,149.0945,149.5564,143.2086,143.8375,1792500
2024-11-15,144.8201,146.8934,143.8571,144.5253,1519600
2024-11-18,144.4467,145.9207,143.3953,144.6924,1569000
2024-11-19,142.5699,143.6311,141.2138,142.167,1810000
2024-11-20,143.3756,147.3356,142.9629,145.5964,2260600
2024-11-21,145.4293,148.2298,144.0635,147.3848,1738900
2024-11-22,146.9917,150.5881,146.9917,149.2812,1276300
2024-11-25,150.2049,153.762,149.8904,150.7748,2694000
2024-11-26,152.4551,154.2239,149.6939,151.3251,1728500
2024-11-27,150.4899,154.0666,150.146,152.0817,1098800
2024-11-29,152.7106,153.4672,151.3153,152.0031,920700
2024-12-02,154.0863,154.8724,152.7597,153.6539,1837300
2024-12-03,155.5406,155.7273,151.954,152.2881,2043700
2024-12-04,151.8066,152.1898,145.6357,146.7166,2160900
2024-12-05,146.412,146.4218,140.8699,143.0415,2115800
2024-12-06,143.8374,143.8473,139.8381,140.0936,1838800
2024-12-09,142.3439,144.5646,140.8503,142.0687,1551600
2024-12-10,141.4792,141.9803,137.1851,138.1186,1676200
2024-12-11,138.5804,138.5804,135.3082,136.0354,2082700
2024-12-12,133.3037,134.3944,128.3807,129.1275,2699300
2024-12-13,128.4888,128.4888,122.8288,123.0745,2790700
2024-12-16,121.8462,123.9097,120.8734,122.0034,3090900
2024-12-17,119.7925,122.5733,117.3654,118.8787,3290400
2024-12-18,119.3798,121.0208,115.5279,115.9111,2605800
2024-12-19,116.3435,118.0336,113.2875,113.769,2869000
2024-12-20,112.6782,115.8718,111.9609,114.5551,10452500
2024-12-23,114.4765,114.8105,112.8846,114.5845,1668600
2024-12-24,114.5551,115.8227,113.7002,115.3903,886500
2024-12-26,114.6926,116.992,113.7297,116.5793,1565300
2024-12-27,116.0388,118.2203,114.7025,115.2429,1330800
2024-12-30,114.7025,114.7025,113.1794,113.8476,1448600
2024-12-31,114.4992,116.1875,114.2326,115.2298,1240000
2025-01-02,116.306,117.1748,112.9294,113.0281,1383100
2025-01-03,113.4033,114.5979,110.8264,113.9858,2080200
2025-01-06,116.7503,120.275,116.5331,119.0902,3500000
2025-01-07,119.2285,121.8843,118.715,119.7419,2223100
2025-01-08,119.0014,119.4654,115.447,116.6812,2360000
2025-01-10,115.2397,117.3328,114.7658,116.6614,2647800
2025-01-13,116.8589,121.9831,116.1085,121.3216,3023300
2025-01-14,121.6869,122.0127,118.5176,120.2059,2501700
2025-01-15,122.6939,122.7236,120.3836,121.519,2054600
2025-01-16,122.3286,122.6248,121.1735,121.7955,1189100
2025-01-17,122.6939,124.5402,122.2398,122.9506,1858500
2025-01-21,124.8957,126.1199,122.536,123.4838,2220400
2025-01-22,123.158,124.2342,120.117,120.5416,2739800
2025-01-23,120.5317,122.8124,120.275,120.512,3000000
2025-01-24,122.4274,122.9605,119.8208,120.6206,2399900
2025-01-27,121.134,121.7066,119.6234,120.4231,3103900
2025-01-28,120.4231,126.1693,117.787,124.945,4913300
2025-01-29,125.1425,127.1467,124.165,125.261,2738900
2025-01-30,126.3766,127.2159,125.0931,127.048,3125300
2025-01-31,126.6926,129.7928,125.0536,126.8012,4010000
2025-02-03,128.5389,131.7378,124.6291,129.6348,5054100
2025-02-04,127.364,129.5657,126.4458,129.1609,3320500
2025-02-05,129.5262,131.7279,129.0918,131.5304,2669200
2025-02-06,133.2484,134.3542,130.6517,131.5107,2891100
2025-02-07,132.2018,134.0086,128.4204,128.608,3571400
2025-02-10,135.065,139.034,134.6405,135.7858,5613100
2025-02-11,137.5926,139.7054,135.5192,136.3584,4278800
2025-02-12,134.6602,135.7364,131.7674,131.8562,2827200
2025-02-13,131.8266,134.2061,130.7307,133.8309,2423400
2025-02-14,134.4924,136.1807,133.5643,136.0227,2108900
2025-02-18,138.2244,141.2456,136.467,140.7125,3061000
2025-02-19,137.3655,140.2682,136.6349,137.9974,2372000
2025-02-20,138.4713,140.7915,137.4148,138.1751,1895700
2025-02-21,138.9254,139.5968,133.2089,133.5149,2277600
2025-02-24,133.5939,135.4303,132.113,134.4529,1742200
2025-02-25,134.4529,135.0551,131.7279,134.3542,2066700
2025-02-26,135.8154,137.6419,131.9056,132.8633,1773300
2025-02-27,133.3273,135.3513,132.5375,133.1003,1439100
2025-02-28,133.4853,135.8253,132.3499,135.7265,3848100
2025-03-03,137.8888,138.3429,130.316,132.3697,3209200
2025-03-04,130.3457,130.9578,124.8265,127.8675,4662000
2025-03-05,129.4176,131.6884,128.3809,130.8097,2787100
2025-03-06,129.8125,131.7476,127.8477,130.316,2668100
2025-03-07,131.1059,133.663,129.8619,132.0241,3383900
2025-03-10,128.9239,130.4246,124.1255,125.0931,3432900
2025-03-11,125.0931,130.2864,124.5303,128.2525,3149300
2025-03-12,127.8774,131.1947,126.9789,129.2004,2154700
2025-03-13,128.9832,132.1228,127.5022,127.9168,1969300
2025-03-14,130.2074,131.4021,128.8351,130.4148,2111300
2025-03-17,128.8252,129.2991,125.9817,127.8576,3702500
2025-03-18,128.3513,128.835,126.8209,128.1637,2168100
2025-03-19,128.687,129.852,127.4726,129.388,1860800
2025-03-20,127.8576,129.0128,126.7518,127.8576,2799400
2025-03-21,123.6516,124.9746,118.0535,120.4626,10007400
2025-03-24,125.3893,127.7885,123.9083,125.7842,4234100
2025-03-25,125.6658,127.1369,125.0141,125.9422,2662000
2025-03-26,125.2807,127.4726,124.9746,125.6855,2337400
2025-03-27,124.402,127.2257,123.3061,125.8534,2156000
2025-03-28,125.8731,126.3075,120.3145,120.4034,2737200
2025-03-31,119.0149,119.7488,116.1585,119.3521,2700200
2025-04-01,118.9355,119.6794,117.3288,118.6777,1914500
2025-04-02,117.0908,122.4365,117.0908,122.02,2123600
2025-04-03,117.3982,117.6561,108.6407,108.8887,4247500
2025-04-04,105.3381,105.7348,98.9509,102.3726,3820000
2025-04-07,98.4055,107.1927,96.7888,104.1082,4103300
2025-04-08,108.6011,109.8606,100.7163,102.8288,3178200
2025-04-09,102.7892,115.8114,101.6188,114.5518,4111100
2025-04-10,111.4376,111.6359,105.1794,108.5415,2850600
2025-04-11,108.8093,111.0805,106.4985,110.3268,1779400
2025-04-14,112.1517,112.9153,109.692,109.9102,2010400
2025-04-15,109.4342,111.8442,109.2358,109.573,1366600
2025-04-16,108.4027,110.6937,106.915,108.0556,1757500
2025-04-17,108.125,111.2392,108.006,109.5928,2125600
2025-04-21,108.4325,109.0275,105.0504,105.7943,1823500
2025-04-22,107.2225,108.9779,105.6951,108.7201,1939300
2025-04-23,112.6575,114.8989,110.2177,111.0111,1726600
2025-04-24,110.416,114.7997,110.3169,114.3435,1784100
2025-04-25,113.8575,115.3056,113.3319,114.77,1562700
2025-04-28,114.8196,117.2792,114.1848,115.613,2271000
2025-04-29,114.165,118.1619,112.0624,117.795,3053500
2025-04-30,114.0857,118.6975,113.8476,118.39,2970000
2025-05-01,119.0149,120.8794,118.4198,118.7372,1719100
2025-05-02,119.8281,122.9324,119.2926,121.9605,2085700
2025-05-05,120.5918,121.8811,119.4314,119.5008,1368400
2025-05-06,118.0528,119.1438,115.7816,115.8907,2378500
2025-05-07,117.0809,117.0809,113.074,114.2047,2928900
2025-05-08,115.0874,116.1982,113.5501,114.5419,2084100
2025-05-09,114.9485,115.851,113.3121,114.2741,1715200
2025-05-12,119.4909,121.3951,118.3603,119.1339,2250300
2025-05-13,119.848,120.3736,117.7454,117.9834,1929100
2025-05-14,117.7156,118.7173,115.613,116.1387,1864800
2025-05-15,114.6212,115.0576,113.1236,114.5121,2020100
2025-05-16,114.1551,115.3849,112.955,115.2064,1833400
2025-05-19,113.0244,115.0973,112.6079,114.8692,1630700
2025-05-20,114.6609,114.6609,113.6691,114.0559,1198400
2025-05-21,112.7963,113.8079,110.5549,110.8028,1959300
2025-05-22,110.2772,110.7136,108.8788,109.7813,1526900
2025-05-23,107.8969,109.7813,105.9133,107.5993,3908400
2025-05-27,108.6705,109.0771,106.9348,108.482,2620400
2025-05-28,108.8589,109.692,107.5398,107.9465,1548800
2025-05-29,107.9762,108.3829,105.7348,108.0457,2437400
2025-05-30,106.8654,108.6011,105.3381,108.4622,3548200
2025-06-02,121.901,124.7177,116.9222,119.4116,7457300
2025-06-03,118.0627,121.4348,114.403,121.3158,4854700
2025-06-04,121.3753,122.982,120.0463,120.8596,2248800
2025-06-05,120.9984,121.2266,117.1701,117.7751,2429900
2025-06-06,119.2132,122.0596,119.0049,120.572,2061200
2025-06-09,122.3473,122.8332,119.0149,121.5241,1642500
2025-06-10,121.9902,124.5292,121.6729,123.6564,1881800
2025-06-11,119.0149,119.481,115.256,116.1684,3617300
2025-06-12,115.0874,117.6164,114.7105,117.4776,2132400
2025-06-13,116.5651,121.0381,116.2478,120.9191,3304200
2025-06-16,121.891,122.4266,119.4909,120.6711,2517300
2025-06-17,120.8298,122.4365,119.4116,121.1968,1855500
2025-06-18,125.4317,128.0402,124.2813,125.1441,4038500
2025-06-20,128.0997,128.427,122.3076,123.2796,5239700
2025-06-23,122.2382,125.3524,121.8117,124.9557,1789500
2025-06-24,126.5326,128.1889,125.4615,127.1475,2039100
2025-06-25,127.0186,127.6732,126.7012,127.1575,1713600
2025-06-26,128.3873,130.2419,127.7228,129.5378,1838300
2025-06-27,129.5973,130.7378,128.8038,130.351,2860500
2025-06-30,130.3012,131.347,128.9766,129.0164,2578600
2025-07-01,128.7077,134.1058,127.9408,133.568,2092900
2025-07-02,134.4544,138.5378,133.8369,138.2988,1970600
2025-07-03,137.5319,138.7071,136.9243,137.3128,1029100
2025-07-07,135.9483,138.5478,135.3906,136.3965,1546800
2025-07-08,137.3028,140.6891,136.8247,139.1652,1975000
2025-07-09,139.0358,139.7728,137.4223,139.1354,1459000
2025-07-10,141.9739,144.4538,140.9679,142.7308,1967700
2025-07-11,141.9739,143.169,140.46,141.8244,1243000
2025-07-14,140.2907,142.3324,140.1014,140.9978,1419900
2025-07-15,141.4261,141.6551,137.7012,137.8207,1486200
2025-07-16,137.751,138.5976,135.0519,137.2331,1535900
2025-07-17,137.2928,140.4699,136.9542,140.1811,1109800
2025-07-18,140.2807,140.6293,138.6971,140.0616,1492200
2025-07-21,142.5017,143.5375,141.1771,141.5755,1362000
2025-07-22,141.5555,143.8562,140.7389,143.1889,1473300
2025-07-23,143.8861,145.5593,143.5774,144.414,1685100
2025-07-24,143.0993,143.8363,140.0616,140.8584,2069700
2025-07-25,141.2368,145.4099,139.733,145.2406,1983700
2025-07-28,145.2406,146.5553,143.4778,143.9359,2404200
2025-07-29,134.2054,140.4699,133.4883,140.0716,4232700
2025-07-30,140.1015,143.0993,138.5378,142.3722,2675200
2025-07-31,141.9838,144.0853,140.8783,142.4918,2753300
2025-08-01,138.8167,139.723,136.755,138.1095,1721000
2025-08-04,138.1494,139.3246,136.3467,136.4264,1190900
2025-08-05,136.4961,139.3744,136.1276,138.8864,1035300
2025-08-06,138.1693,138.9362,137.1833,137.9601,852000
2025-08-07,139.9222,141.0775,135.8089,137.2331,1225700
2025-08-08,138.1992,139.225,137.2729,138.4183,1066800
2025-08-11,138.0199,138.0896,135.2511,137.1634,1474300
2025-08-12,138.4382,141.8145,137.8904,140.8584,1011300
2025-08-13,141.4261,145.5095,141.1373,145.2505,1342700
2025-08-14,142.7507,143.9757,141.0377,143.7666,1155100
2025-08-15,150.3897,150.7084,144.2546,144.8223,2180300
2025-08-18,145.0912,147.0532,143.7068,144.0654,1118500
2025-08-19,144.6231,146.8541,143.6471,145.3203,1383700
2025-08-20,145.629,145.629,142.5714,142.8901,1190900
2025-08-21,142.1631,143.3881,141.8244,142.671,986200
2025-08-22,142.7507,148.3878,142.7507,147.3321,1410300
2025-08-25,147.7305,149.7025,147.7106,148.9456,1083500
2025-08-26,148.597,150.4395,146.8441,147.352,1469200
2025-08-27,146.854,150.0511,146.6051,149.7224,943400
2025-08-28,150.4495,150.5491,147.4417,149.1945,1083300
2025-08-29,149.2842,150.1407,147.6907,148.1289,911600
2025-09-02,145.3701,146.4059,143.4678,145.8083,1202300
2025-09-03,145.5991,145.5991,142.1531,144.6231,1125000
2025-09-04,144.3143,144.5733,141.7249,144.3542,1141000
2025-09-05,145.9378,149.6328,144.6928,146.6648,1374700
2025-09-08,146.9835,146.9835,142.9499,143.4379,2331300
2025-09-09,144.1351,145.5294,140.4102,140.45,1689700
2025-09-10,140.8484,143.169,140.5994,141.3066,1439200
2025-09-11,141.207,145.0812,141.0078,143.169,1515200
2025-09-12,142.7009,142.9997,140.6891,140.7787,929900
2025-09-15,140.5297,141.5954,138.6573,140.9978,1548000
2025-09-16,142.0635,144.3343,141.4161,142.3523,2037300
2025-09-17,141.4161,145.8282,140.4301,142.2228,1485600
2025-09-18,135.4503,137.5418,133.2493,133.7572,3676100
2025-09-19,134.046,134.2054,132.1139,132.7612,4919200
2025-09-22,132.5122,135.0818,131.3968,134.1357,2225400
2025-09-23,134.7332,137.5418,134.0361,134.7133,1828100
2025-09-24,134.0361,136.018,134.0361,135.8487,1669400
2025-09-25,135.2611,136.1077,134.1556,134.2153,1701200
2025-09-26,134.5141,138.0,134.5141,137.5717,1214800
2025-09-29,138.0298,138.1295,134.3647,135.53,2047700
2025-09-30,135.39,135.81,134.27,135.43,1793400
2025-10-01,135.23,136.85,134.98,135.39,1552600
2025-10-02,135.5,139.29,135.14,139.02,1473100
2025-10-03,139.4,139.83,137.8,138.04,889400
2025-10-06,137.99,138.53,135.56,135.59,1158600
2025-10-07,136.48,137.6,134.6,135.8,1729200
2025-10-08,136.56,138.71,135.81,137.84,1223400
2025-10-09,139.25,141.61,137.59,138.17,1376100
2025-10-10,138.37,139.0,133.61,133.65,1146800
2025-10-13,136.51,138.65,135.98,136.97,1051300
2025-10-14,135.35,139.78,134.35,138.51,1327000
2025-10-15,139.24,139.67,135.76,136.76,1091600
2025-10-16,137.01,137.68,131.55,132.66,1365400
2025-10-17,131.85,133.62,131.32,131.78,1836600
2025-10-20,134.55,136.78,133.78,136.61,1291700
2025-10-21,135.16,141.37,135.16,140.52,1609500
2025-10-22,139.2,140.49,136.29,136.65,1406600
2025-10-23,136.65,139.05,135.59,138.45,1182900
2025-10-24,138.9,140.77,138.34,138.7,1360300
2025-10-27,140.22,144.83,139.21,144.16,2765600
2025-10-28,146.22,154.78,145.69,151.99,3402700
2025-10-29,152.2,155.83,151.15,154.43,2290500
2025-10-30,151.29,153.45,149.43,149.74,1766000
2025-10-31,149.5,152.0,147.85,150.05,1992600
2025-11-03,149.51,150.0,144.78,148.12,1642400
2025-11-04,145.4,146.71,143.85,144.29,1748900
2025-11-05,144.0,146.64,142.53,145.25,1466200
2025-11-06,145.77,147.35,144.5,144.66,1191300
2025-11-07,144.3,144.74,142.05,144.31,1134200
2025-11-10,144.78,144.98,140.93,142.66,1508400
2025-11-11,143.0,144.72,141.33,144.04,908700
2025-11-12,145.0,150.33,145.0,148.38,1580900
2025-11-13,149.01,149.96,144.13,145.81,1492400
2025-11-14,145.13,150.62,143.41,147.78,1160500
2025-11-17,147.01,151.19,146.1,148.67,1655000
2025-11-18,147.61,150.62,146.52,148.51,1334300
2025-11-19,149.17,150.26,147.02,148.58,981400
2025-11-20,149.84,153.6,147.16,147.2,1392200
2025-11-21,147.0,152.67,146.0,152.35,1523200
2025-11-24,151.72,153.93,150.86,153.65,1640400
2025-11-25,154.5,157.84,153.63,156.25,1364800
2025-11-26,156.25,159.42,155.98,159.13,1077900
2025-11-28,159.45,159.95,158.63,159.49,604600
2025-12-01,158.73,162.22,158.65,160.7,1096500
2025-12-02,161.62,161.94,160.18,161.09,959700
2025-12-03,161.14,166.27,160.72,164.71,2198300
2025-12-04,164.0,164.71,160.54,162.54,1475100
2025-12-05,162.59,162.78,159.14,159.45,1974000
2025-12-08,159.75,160.5,158.0,159.3,1292500
2025-12-09,158.0,159.39,157.22,158.14,1296000
2025-12-10,159.81,165.16,159.08,164.33,1907400
2025-12-11,163.96,168.07,163.26,166.57,1260000
2025-12-12,167.22,167.42,163.72,165.11,1200100
2025-12-15,165.73,165.73,160.59,162.02,1695800
2025-12-16,162.73,163.82,161.5,162.26,1349600
2025-12-17,156.99,161.68,156.58,160.69,2032600
2025-12-18,159.64,160.87,157.15,157.83,2031700
2025-12-19,156.51,159.21,155.0,159.15,3430900
2025-12-22,160.07,164.36,159.13,164.26,1702100
2025-12-23,165.08,165.82,163.29,163.69,1241000
