date,open,high,low,close,volume
2005-01-03,20.1738,20.3888,20.0624,20.1308,7464486
2005-01-04,20.1308,20.2539,19.8982,19.8982,7562687
2005-01-05,19.9588,20.082,19.7008,19.7497,7554424
2005-01-06,19.7008,19.9393,19.6852,19.7614,6265109
2005-01-07,19.7888,19.8376,19.4116,19.5484,5842435
2005-01-10,19.5152,19.7458,19.4194,19.4937,6066484
2005-01-11,19.3881,19.6911,19.3881,19.5758,5552919
2005-01-12,19.5933,19.9842,19.5484,19.9236,9193954
2005-01-13,19.9237,19.9549,19.5836,19.6618,5377176
2005-01-14,19.6618,20.0038,19.6618,19.7282,4775263
2005-01-18,19.652,20.0526,19.6422,19.9745,6381106
2005-01-19,19.9354,20.0038,19.7087,19.7497,4595388
2005-01-20,19.7008,19.8474,19.3686,19.5015,9314718
2005-01-21,19.6911,19.865,19.4859,19.5601,9786333
2005-01-24,19.5992,19.609,19.3373,19.349,6294982
2005-01-25,19.4214,19.7302,19.3529,19.4624,6881959
2005-01-26,19.4956,19.7497,19.4507,19.7048,7213107
2005-01-27,19.6129,20.0624,19.4468,19.9666,8387695
2005-01-28,19.9686,20.1171,19.7477,19.9354,7116813
2005-01-31,19.9373,19.9842,19.5523,19.6774,8299665
2005-02-01,19.6227,19.6442,19.4898,19.5484,8168731
2005-02-02,19.4409,19.5093,19.1634,19.4722,10436234
2005-02-03,19.4722,19.6442,19.3686,19.6422,5416583
2005-02-04,19.5836,19.8806,19.5445,19.8806,7533449
2005-02-07,19.8279,19.8376,19.4722,19.5797,5989577
2005-02-08,19.4956,19.7986,19.4174,19.7399,5805888
2005-02-09,19.6911,19.7047,19.5308,19.6422,5821778
2005-02-10,19.6402,20.125,19.6383,20.0644,7208657
2005-02-11,19.9842,20.0859,19.7595,19.8181,9668747
2005-02-14,19.7204,19.824,19.6618,19.7986,4183201
2005-02-15,19.8005,20.0956,19.7302,20.0859,8118519
2005-02-16,20.0859,20.239,20.0525,20.1879,6564159
2005-02-17,20.1585,20.2292,19.8876,19.9229,6104938
2005-02-18,19.9229,19.9229,19.7267,19.8071,5236391
2005-02-22,19.707,19.762,19.3616,19.3616,7828050
2005-02-23,19.5461,19.6913,19.4362,19.5795,6955689
2005-02-24,19.6089,19.656,19.3733,19.6324,4963400
2005-02-25,19.711,19.8876,19.6187,19.8287,3775464
2005-02-28,19.7267,19.8405,19.5677,19.605,5149949
2005-03-01,19.603,19.7463,19.552,19.6089,5194441
2005-03-02,19.4362,19.7208,19.4342,19.5363,5102915
2005-03-03,19.6187,19.6874,19.3714,19.5716,5676861
2005-03-04,19.762,19.9131,19.654,19.7738,6890857
2005-03-07,19.8543,20.1467,19.8307,19.8837,4803865
2005-03-08,19.9073,20.1978,19.8955,20.0721,5504296
2005-03-09,20.0721,20.1133,19.707,19.7345,6035022
2005-03-10,19.8542,20.0446,19.8013,19.9877,4075149
2005-03-11,20.0015,20.0466,19.8248,19.8955,5480779
2005-03-14,19.9092,20.2821,19.8955,20.2134,6196782
2005-03-15,20.2174,20.4529,20.08,20.08,6014683
2005-03-16,20.0819,20.1879,19.8385,19.9249,7696163
2005-03-17,20.0211,20.2115,19.9602,20.0937,5919978
2005-03-18,20.2822,20.5511,20.0211,20.3646,14585749
2005-03-21,20.4137,20.5118,20.3351,20.3803,5258637
2005-03-22,20.3842,20.4824,20.1663,20.1663,5373045
2005-03-23,20.1958,20.2311,19.9681,19.9936,6290851
2005-03-24,20.0898,20.186,19.972,20.0074,4327800
2005-03-28,20.0564,20.2036,19.972,20.0054,4897934
2005-03-29,20.0054,20.2174,19.8739,19.9151,5496669
2005-03-30,19.9033,20.1958,19.8366,20.1644,4682465
2005-03-31,20.08,20.1683,19.8974,19.9544,5817647
2005-04-01,20.0486,20.0564,19.6697,19.813,6378564
2005-04-04,19.6972,19.7267,19.495,19.5991,7740337
2005-04-05,19.5696,19.6266,19.4715,19.5814,8044154
2005-04-06,19.6383,19.7659,19.6128,19.7051,4447611
2005-04-07,19.7797,19.9877,19.6678,19.9563,5187767
2005-04-08,19.9583,20.0211,19.7875,19.7875,3586691
2005-04-11,19.9072,19.9072,19.6815,19.8189,3171644
2005-04-12,19.7404,20.0702,19.5225,20.0368,6297525
2005-04-13,20.0368,20.1821,19.7777,19.8346,5159165
2005-04-14,19.7914,20.0525,19.55,19.5598,7752731
2005-04-15,19.5618,19.6383,19.1182,19.1476,10020234
2005-04-18,19.1869,19.3596,19.0102,19.2752,7940233
2005-04-19,19.3537,19.4224,19.1967,19.2889,9688133
2005-04-20,19.8248,19.8601,19.4126,19.4401,9932521
2005-04-21,19.6285,20.1016,19.6207,20.0976,8090870
2005-04-22,20.0976,20.1762,19.6972,19.9347,5938729
2005-04-25,20.0761,20.2036,19.9661,20.0741,4806725
2005-04-26,20.0211,20.1487,19.8641,19.8817,4993909
2005-04-27,19.8385,20.0054,19.6324,19.9387,6098264
2005-04-28,19.764,19.9465,19.5696,19.5971,6961727
2005-04-29,19.7463,20.0054,19.6383,19.9661,6662677
2005-05-02,20.0015,20.0603,19.7698,19.9151,5343171
2005-05-03,19.8327,19.9818,19.7267,19.817,8663864
2005-05-04,19.9014,20.1192,19.7502,20.0623,6977935
2005-05-05,20.0446,20.1978,19.9877,20.0976,5384485
2005-05-06,20.1192,20.2115,19.9916,20.027,8258351
2005-05-09,20.025,20.237,19.9916,20.2233,6499328
2005-05-10,20.1722,20.2134,19.9053,20.0093,4973570
2005-05-11,19.9838,20.4372,19.9838,20.4078,6718928
2005-05-12,20.4569,20.4569,20.0113,20.0132,8762064
2005-05-13,20.0623,20.1447,19.6383,19.8444,6582909
2005-05-16,19.9033,20.2174,19.8601,20.1742,5043804
2005-05-17,20.1251,20.5766,20.0329,20.5412,7502940
2005-05-18,20.6142,20.8842,20.6024,20.8448,9253700
2005-05-19,20.7798,20.7817,20.5629,20.697,6185341
2005-05-20,20.7857,20.7857,20.5018,20.7265,5393702
2005-05-23,20.7265,21.2883,20.7009,21.2173,8095002
2005-05-24,21.1188,21.1602,20.9039,21.0912,7432071
2005-05-25,21.0262,21.0912,20.9631,21.0577,4878866
2005-05-26,21.1898,21.239,20.9867,21.2134,6293076
2005-05-27,21.2134,21.2883,21.1582,21.2647,3215818
2005-05-31,21.1858,21.1858,20.9828,21.0321,6570197
2005-06-01,21.0754,21.2962,21.0025,21.1878,5755676
2005-06-02,21.1405,21.1523,20.9926,21.1089,3685844
2005-06-03,21.0124,21.0715,20.898,20.9434,5534169
2005-06-06,20.9434,21.172,20.9079,21.0813,3609890
2005-06-07,21.0912,21.3139,21.0873,21.0971,7128890
2005-06-08,21.1208,21.1602,20.8665,20.9374,6520938
2005-06-09,20.8665,20.9394,20.7462,20.8822,6739902
2005-06-10,20.8448,20.8468,20.4486,20.6832,29324359
2005-06-13,20.5984,21.0399,20.488,20.7837,6654096
2005-06-14,20.9926,21.0951,20.8113,20.8704,4786863
2005-06-15,20.8704,20.9335,20.5156,20.6418,7330852
2005-06-16,20.5708,20.76,20.559,20.7088,5729775
2005-06-17,21.0124,21.0281,20.7127,20.9493,7588746
2005-06-20,20.7798,21.0478,20.7206,21.0124,5050637
2005-06-21,20.9532,20.9926,20.7995,20.8547,4509423
2005-06-22,20.8902,21.0478,20.8783,20.8783,4499730
2005-06-23,20.8823,20.9927,20.626,20.6457,5195871
2005-06-24,20.6497,20.76,20.2633,20.5472,11615272
2005-06-27,20.4052,20.4526,20.1451,20.3106,5120394
2005-06-28,20.4171,20.9611,20.3422,20.902,5734383
2005-06-29,20.8941,20.8941,20.5984,20.7009,4838664
2005-06-30,20.63,20.697,20.1529,20.2436,9186009
2005-07-01,20.2633,20.4959,20.216,20.2554,3433670
2005-07-05,20.2594,20.5353,20.1451,20.3579,4126315
2005-07-06,20.3264,20.4565,19.8494,19.9282,4580293
2005-07-07,19.7508,20.011,19.5774,20.0031,5114991
2005-07-08,20.0465,20.4092,19.9755,20.3185,4440302
2005-07-11,20.4604,20.4604,20.2515,20.4171,3751311
2005-07-12,20.3776,20.3816,20.149,20.1726,4749839
2005-07-13,20.2357,20.3146,20.1451,20.283,3789765
2005-07-14,20.3225,20.4959,20.1569,20.3461,5726597
2005-07-15,20.4368,20.4999,20.2554,20.3855,3767678
2005-07-18,20.3855,20.421,20.1884,20.2515,2684774
2005-07-19,20.4604,20.7364,20.2988,20.4407,5098465
2005-07-20,20.2042,20.492,20.0623,20.4762,6527771
2005-07-21,20.5393,20.6339,20.3737,20.421,5849109
2005-07-22,20.3698,20.4486,20.1096,20.1608,6363309
2005-07-25,20.2436,20.354,19.7902,19.8888,8064652
2005-07-26,19.9282,19.9834,19.7902,19.8533,7732710
2005-07-27,19.8336,20.0859,19.8218,20.0307,7148275
2005-07-28,20.3027,20.4013,20.1608,20.2436,6778833
2005-07-29,20.2199,20.2239,19.9479,19.9874,4375788
2005-08-01,19.7114,19.9676,19.7114,19.7193,6073476
2005-08-02,19.8099,19.9282,19.7981,19.8099,6251921
2005-08-03,19.81,19.81,19.7075,19.7508,5249897
2005-08-04,19.7429,19.7902,19.4551,19.5222,8380704
2005-08-05,19.5655,19.672,19.396,19.463,5245925
2005-08-08,19.6247,19.7114,19.4315,19.4551,5329188
2005-08-09,19.4552,19.8533,19.4,19.6207,7761153
2005-08-10,19.7824,19.9006,19.6444,19.7035,10358373
2005-08-11,19.8415,20.4407,19.8178,20.354,9701004
2005-08-12,20.4959,20.6221,20.4013,20.4131,7592401
2005-08-15,20.3027,20.4801,20.2199,20.4013,4473830
2005-08-16,20.4171,20.5353,20.283,20.283,4521023
2005-08-17,20.3385,20.4929,20.2236,20.4374,4039556
2005-08-18,20.3503,20.4691,20.1999,20.3899,4362441
2005-08-19,20.4889,20.6671,20.4374,20.4849,4403596
2005-08-22,20.5483,20.7225,20.4731,20.5364,3506764
2005-08-23,20.5404,20.5879,20.3503,20.4018,3235999
2005-08-24,20.4097,20.4889,20.0732,20.089,5309008
2005-08-25,20.0969,20.188,20.0098,20.0415,4452855
2005-08-26,19.9782,20.0257,19.796,19.9109,3703006
2005-08-29,19.7446,20.0059,19.7446,19.9386,3607030
2005-08-30,19.804,19.9425,19.6694,19.7565,4997564
2005-08-31,19.7089,19.8317,19.5229,19.796,7710781
2005-09-01,19.6971,20.0296,19.6852,19.804,4876323
2005-09-02,19.8238,20.1326,19.804,20.0336,5185066
2005-09-06,20.184,20.2316,20.0534,20.2038,6374115
2005-09-07,20.192,20.3305,20.1286,20.3147,4173191
2005-09-08,20.192,20.2711,20.0653,20.1405,3256814
2005-09-09,20.1405,20.3701,20.093,20.3662,3335152
2005-09-12,20.3622,20.3701,20.2474,20.3266,3859204
2005-09-13,20.3662,20.576,20.2909,20.3978,4722031
2005-09-14,20.3662,20.4137,20.1167,20.1761,4836916
2005-09-15,20.2118,20.3622,20.0098,20.0653,5090997
2005-09-16,20.2514,20.3978,20.1524,20.3424,10312610
2005-09-19,20.3266,20.3266,20.0415,20.1445,5922044
2005-09-20,20.1445,20.3899,20.1445,20.192,4057194
2005-09-21,20.0138,20.2197,19.994,20.0257,5950487
2005-09-22,20.093,20.1999,19.9623,20.1484,4220225
2005-09-23,20.1484,20.5602,20.0771,20.4691,4607464
2005-09-26,20.5879,20.6671,20.4612,20.5047,5233213
2005-09-27,20.5047,20.6354,20.4018,20.5681,3874935
2005-09-28,20.5364,20.5998,20.4256,20.5523,4906355
2005-09-29,20.4572,20.5245,20.2276,20.3899,6240321
2005-09-30,20.3939,20.5404,20.3503,20.5245,5298362
2005-10-03,20.4454,20.6037,20.3385,20.4691,4806884
2005-10-04,20.4691,20.5166,19.9505,19.9663,5596458
2005-10-05,19.9544,20.0455,19.7367,19.804,6224113
2005-10-06,19.895,20.0217,19.5149,19.7129,7035615
2005-10-07,19.796,19.8871,19.6139,19.8554,5574371
2005-10-10,19.8356,19.8515,19.6456,19.796,3704118
2005-10-11,19.7366,19.8752,19.6614,19.7604,4098031
2005-10-12,19.7763,19.9544,19.61,19.8475,4995498
2005-10-13,19.8475,20.0574,19.796,19.99,4930667
2005-10-14,20.093,20.4414,19.994,20.4414,7314167
2005-10-17,20.3305,20.3345,20.0534,20.2355,5815581
2005-10-18,20.1365,20.3582,19.6535,19.7762,9552909
2005-10-19,19.796,20.5681,19.796,20.5404,7401562
2005-10-20,20.58,20.7304,20.3622,20.5166,6392388
2005-10-21,20.5166,20.77,20.0336,20.1563,6789003
2005-10-24,20.2118,20.477,20.0455,20.4295,5462188
2005-10-25,20.386,20.4572,20.1722,20.283,4657359
2005-10-26,20.192,20.4414,20.1088,20.1524,5620134
2005-10-27,20.1524,20.2197,19.9029,19.9584,4150468
2005-10-28,20.0138,20.3701,19.9623,20.3424,4459052
2005-10-31,20.3385,20.4493,20.2751,20.3028,5451541
2005-11-01,20.2038,20.2514,20.089,20.1524,5412929
2005-11-02,20.1722,20.2276,20.0692,20.1445,6152767
2005-11-03,20.3107,20.5404,20.2316,20.3939,5859120
2005-11-04,20.5681,20.6354,20.3939,20.4414,3934841
2005-11-07,20.4889,20.4889,20.3781,20.4454,4054651
2005-11-08,20.4493,20.4612,20.3464,20.4018,3410947
2005-11-09,20.4018,20.8611,20.3345,20.8017,7707921
2005-11-10,20.8809,20.968,20.7067,20.9363,8320004
2005-11-11,20.968,21.162,20.8848,21.162,7316233
2005-11-14,21.1224,21.2728,21.0432,21.2016,6523322
2005-11-15,21.2055,21.2689,21.059,21.1461,8579647
2005-11-16,21.2455,21.3886,21.2137,21.2972,6597051
2005-11-17,21.3648,21.4085,21.2495,21.3688,4983263
2005-11-18,21.6471,21.6471,21.1104,21.2853,6111612
2005-11-21,21.3489,21.4443,21.0706,21.3886,4812445
2005-11-22,21.3688,21.6431,21.3131,21.6153,5636660
2005-11-23,21.655,21.7465,21.5397,21.6272,3964873
2005-11-25,21.7345,21.7464,21.5278,21.5914,1262461
2005-11-28,21.6113,21.7067,21.4761,21.5,4067681
2005-11-29,21.6471,21.818,21.5278,21.5397,5167269
2005-11-30,21.5477,21.663,21.3966,21.4045,6482326
2005-12-01,21.5477,21.7186,21.5278,21.5556,6294824
2005-12-02,21.6868,21.9293,21.6073,21.8617,5683535
2005-12-05,21.8657,21.8657,21.5994,21.6749,4731724
2005-12-06,21.7624,22.0247,21.5834,21.8538,5208583
2005-12-07,21.7544,21.8299,21.6312,21.7862,4836439
2005-12-08,21.8379,22.0446,21.7703,21.985,4723779
2005-12-09,22.0526,22.2354,22.0049,22.0327,5518756
2005-12-12,22.2513,22.3825,22.0526,22.0844,6177555
2005-12-13,22.0645,22.5853,21.985,22.3348,6856535
2005-12-14,22.3825,22.8477,22.3547,22.6966,5805570
2005-12-15,22.7205,23.1101,22.7205,22.8994,8138699
2005-12-16,23.13,23.4122,23.0266,23.0703,11204198
2005-12-19,22.9709,23.0345,22.6926,22.7165,5105139
2005-12-20,22.7483,22.963,22.7284,22.8278,5607422
2005-12-21,22.8994,23.0345,22.7801,22.8119,5421032
2005-12-22,22.8795,23.0982,22.8199,22.9988,5317430
2005-12-23,23.0186,23.0425,22.7284,22.7722,2768515
2005-12-27,22.8596,22.967,22.4899,22.5615,4078327
2005-12-28,22.5614,22.6688,22.4024,22.6091,3077575
2005-12-29,22.5813,22.7403,22.3905,22.3945,2429581
2005-12-30,22.2831,22.315,22.1003,22.2275,3994905
2006-01-03,22.4422,22.5257,22.0486,22.474,5905519
2006-01-04,22.5813,22.5813,22.1997,22.3388,4948941
2006-01-05,22.3825,22.4581,22.1162,22.2553,4955932
2006-01-06,22.4422,22.5296,22.303,22.3269,4567263
2006-01-09,22.4104,22.6211,22.3269,22.5813,3920381
2006-01-10,22.4382,22.6688,22.2832,22.5972,5843230
2006-01-11,22.5416,22.5694,22.1003,22.2553,5022988
2006-01-12,22.1639,22.2315,21.9134,22.0486,6396202
2006-01-13,22.0844,22.2434,22.0844,22.1281,3395057
2006-01-17,22.2036,22.4541,22.1917,22.2553,4914141
2006-01-18,22.3229,22.474,22.0208,22.1202,4083094
2006-01-19,22.1241,22.3865,21.977,22.2553,4164133
2006-01-20,22.2553,22.2871,21.7465,21.8697,6977935
2006-01-23,21.8697,21.8975,21.5477,21.655,5145818
2006-01-24,22.1679,22.5535,21.9254,22.4422,10814416
2006-01-25,22.4422,22.6608,22.4342,22.6608,10305460
2006-01-26,22.8477,22.8795,22.4541,22.8676,10607528
2006-01-27,23.1538,23.5911,22.8994,23.3566,9985594
2006-01-30,23.2731,23.3764,23.0027,23.2015,7400768
2006-01-31,23.0584,23.448,23.0504,23.2055,6325968
2006-02-01,23.1061,23.3924,22.8994,23.0584,7347854
2006-02-02,23.1379,23.2174,22.9113,22.959,5829405
2006-02-03,22.963,23.0504,22.6608,22.7324,7768939
2006-02-06,22.8,22.804,22.6052,22.6966,5757106
2006-02-07,22.7443,22.7483,22.5615,22.6171,5264357
2006-02-08,22.5774,22.6648,22.466,22.5495,4418850
2006-02-09,22.5972,22.6966,22.3428,22.5455,4724256
2006-02-10,22.633,22.8437,22.4501,22.7125,4637973
2006-02-13,22.7205,22.8437,22.6171,22.796,4009683
2006-02-14,22.796,23.1975,22.7244,23.1101,4266942
2006-02-15,23.1141,23.3016,23.0063,23.1979,3788176
2006-02-16,23.1859,23.2777,23.0821,23.2258,4160955
2006-02-17,23.2657,23.3136,23.0103,23.146,5164886
2006-02-21,23.2458,23.5211,23.1739,23.4772,5066368
2006-02-22,23.5211,23.5411,23.3575,23.4972,5512877
2006-02-23,23.4972,23.5251,23.3455,23.3655,3642624
2006-02-24,23.2857,23.6049,23.1739,23.5012,3933728
2006-02-27,23.4972,23.6648,23.4493,23.4493,5159642
2006-02-28,23.4253,23.6049,23.2218,23.3455,5612030
2006-03-01,23.3455,23.581,23.3096,23.4253,5423257
2006-03-02,23.3455,23.4732,23.154,23.2617,5242270
2006-03-03,23.1141,23.4134,23.0023,23.0901,5494762
2006-03-06,23.1061,23.126,22.9065,23.0343,5237821
2006-03-07,23.0063,23.3216,22.9185,23.0462,4834374
2006-03-08,23.1061,23.1779,22.8826,23.0821,3744002
2006-03-09,22.9584,23.0263,22.8028,22.9065,5001854
2006-03-10,22.7868,23.2338,22.7709,23.0742,4617157
2006-03-13,23.126,23.2617,23.0901,23.146,3657084
2006-03-14,23.1659,23.3296,23.1141,23.2697,3652317
2006-03-15,23.1699,23.2458,22.9664,23.1181,6538417
2006-03-16,23.0781,23.4094,22.9904,23.2378,4940201
2006-03-17,23.4174,23.6129,23.3455,23.4652,7618302
2006-03-20,23.4054,23.5051,23.3415,23.4253,4187492
2006-03-21,23.3056,23.5051,23.2497,23.3216,4797350
2006-03-22,23.3655,23.6688,23.3655,23.5969,3695855
2006-03-23,23.6368,23.6408,23.2697,23.4453,3328955
2006-03-24,23.585,23.9202,23.5411,23.6568,4349570
2006-03-27,23.6089,23.7127,23.4652,23.6329,3822816
2006-03-28,23.6847,23.8444,23.1859,23.2577,5236867
2006-03-29,23.4852,23.6049,23.1659,23.2697,5241952
2006-03-30,23.2378,23.4014,23.0382,23.154,4562496
2006-03-31,23.1181,23.2697,23.0542,23.134,4862181
2006-04-03,23.1779,23.4972,23.158,23.2178,3556341
2006-04-04,23.1181,23.3775,22.9704,23.2059,3502156
2006-04-05,23.146,23.3774,23.146,23.2378,3602740
2006-04-06,23.138,23.3096,22.9943,23.2378,3259039
2006-04-07,23.2976,23.4533,22.8866,22.9943,5455832
2006-04-10,23.0941,23.2258,22.9744,23.0183,3401255
2006-04-11,23.166,23.2258,22.7948,22.9105,4360216
2006-04-12,22.9704,23.0263,22.7749,22.9225,3714605
2006-04-13,22.5953,22.9066,22.5793,22.8028,6171358
2006-04-17,22.7469,23.0303,22.695,22.9465,3909576
2006-04-18,23.0462,23.565,22.7669,23.5052,9691788
2006-04-19,24.4629,25.1733,24.3831,25.0615,19740147
2006-04-20,25.2571,25.6482,25.1573,25.6242,12709299
2006-04-21,25.9195,25.9195,25.4805,25.6282,8162534
2006-04-24,25.4566,25.8597,25.4406,25.7519,5546722
2006-04-25,25.7798,25.8038,25.4446,25.6003,6637253
2006-04-26,25.6043,25.708,25.4606,25.6242,5697360
2006-04-27,25.265,25.6521,25.265,25.5005,6389051
2006-04-28,25.6003,25.6402,24.9817,25.0655,10724797
2006-05-01,25.1413,25.1613,24.9418,25.1134,5918548
2006-05-02,25.2012,25.3688,24.9817,25.3648,4088020
2006-05-03,25.4806,25.4806,25.1054,25.285,3655812
2006-05-04,25.4327,25.5404,25.285,25.4486,4406774
2006-05-05,25.6601,25.9395,25.5444,25.9036,5395132
2006-05-08,25.9395,26.0991,25.7958,25.8956,6474857
2006-05-09,25.9195,26.1191,25.8277,25.9674,5102597
2006-05-10,26.0193,26.4782,25.9953,26.3984,8402473
2006-05-11,26.3505,26.4942,26.1949,26.2667,7008443
2006-05-12,26.135,26.135,25.8197,25.8996,11446203
2006-05-15,25.9195,26.1031,25.4925,25.8517,7691078
2006-05-16,25.9794,26.1111,25.9195,26.0153,8050351
2006-05-17,25.9852,26.0173,25.248,25.5445,7526457
2006-05-18,25.4643,25.6887,25.0596,25.1077,5420079
2006-05-19,25.2319,25.284,24.8753,25.1237,6540165
2006-05-22,25.1237,25.3962,24.9034,25.2199,4841683
2006-05-23,25.2359,25.3842,25.0396,25.0396,5697042
2006-05-24,25.0917,25.244,24.7431,24.8673,7552358
2006-05-25,24.9995,25.1237,24.7431,24.9995,4381826
2006-05-26,25.1237,25.2239,24.9555,25.0837,3755919
2006-05-30,25.1037,25.284,24.8713,25.0196,5377971
2006-05-31,25.1398,25.268,24.9354,25.0516,6769140
2006-06-01,25.1838,25.4403,25.1197,25.3241,4904290
2006-06-02,25.3241,25.4203,25.0436,25.256,5483957
2006-06-05,25.0556,25.244,24.5628,24.6229,5912669
2006-06-06,24.5467,24.7631,23.8856,24.0619,12083551
2006-06-07,24.3985,24.4987,23.9617,24.0499,7481012
2006-06-08,24.0939,24.2382,23.5811,24.1661,9462018
2006-06-09,24.122,24.3103,24.0419,24.0619,6221730
2006-06-12,24.122,24.3063,23.8535,23.8896,5960657
2006-06-13,23.7534,24.142,23.6612,23.8215,6962998
2006-06-14,23.7614,23.9898,23.6011,23.8896,5800486
2006-06-15,23.8415,24.4385,23.7614,24.3664,7219939
2006-06-16,24.4025,24.8873,24.3224,24.7431,9534636
2006-06-19,24.723,24.7511,24.146,24.4025,4673249
2006-06-20,24.5187,24.5427,24.2422,24.4345,3554752
2006-06-21,24.3223,24.8553,24.2863,24.6389,5384644
2006-06-22,24.5507,24.9074,24.4025,24.7992,4324781
2006-06-23,24.6549,25.1278,24.5708,24.9555,4903018
2006-06-26,24.9194,25.0436,24.7551,24.9394,3675516
2006-06-27,24.5788,25.0075,24.5788,24.6028,4011431
2006-06-28,24.5628,24.683,24.2823,24.5748,3292408
2006-06-29,24.6429,25.4603,24.6429,25.3602,5982267
2006-06-30,25.3602,25.4764,25.1879,25.4122,5888357
2006-07-03,25.6447,25.6527,25.4764,25.6406,2759934
2006-07-05,25.6406,25.6767,25.3882,25.5845,5392113
2006-07-06,25.6647,25.9171,25.4804,25.5845,4409316
2006-07-07,25.5445,25.5845,25.0436,25.284,4576161
2006-07-10,25.3642,25.4323,25.1117,25.1919,3397441
2006-07-11,25.2439,25.6847,25.0997,25.5805,4641151
2006-07-12,25.7048,25.7969,25.2159,25.3401,5196348
2006-07-13,25.3521,25.3762,24.5988,24.6148,6601659
2006-07-14,24.6189,24.6309,23.3607,23.565,12083551
2006-07-17,23.6452,23.9016,23.0201,23.2244,11333860
2006-07-18,23.7854,23.9577,23.3286,23.5931,15659595
2006-07-19,23.7814,24.6229,23.6452,24.4706,13224929
2006-07-20,24.8232,24.8713,24.142,24.142,9956038
2006-07-21,24.1621,24.1661,23.7133,24.0258,8933517
2006-07-24,24.106,24.691,24.0699,24.6229,8473501
2006-07-25,24.5027,24.9394,24.4265,24.8553,7028624
2006-07-26,24.8593,24.9234,24.5227,24.7511,6605632
2006-07-27,24.9314,25.0436,24.6028,24.695,6657116
2006-07-28,24.7631,25.0316,24.7631,24.9034,5763144
2006-07-31,24.7831,24.9755,24.7431,24.9194,3667094
2006-08-01,24.9194,25.0436,24.6149,24.715,5814151
2006-08-02,24.8793,25.0516,24.7431,24.9595,3933570
2006-08-03,24.9434,25.3281,24.7431,25.1398,6692709
2006-08-04,25.3401,25.4042,24.7551,25.0717,4283626
2006-08-07,25.1278,25.3401,24.9555,25.28,4943856
2006-08-08,25.28,25.3121,24.6469,24.7952,5526860
2006-08-09,24.9715,25.0636,24.0939,24.1661,8095002
2006-08-10,24.0459,24.3143,23.8415,24.2222,6162937
2006-08-11,24.0859,24.2262,23.8655,24.102,3164970
2006-08-14,24.3945,24.5868,24.1821,24.2302,3961536
2006-08-15,24.4746,24.6629,24.3424,24.4546,3249028
2006-08-16,24.6498,25.1488,24.5491,25.02,4184314
2006-08-17,24.8671,25.0683,24.7785,24.9315,3771809
2006-08-18,25.0884,25.1126,24.7625,24.8872,4055128
2006-08-21,24.7423,24.7866,24.5331,24.7343,2965869
2006-08-22,24.694,24.8268,24.3882,24.5089,3454486
2006-08-23,24.4123,24.6538,24.3037,24.4566,2983824
2006-08-24,24.5129,24.6538,24.4566,24.5451,3637221
2006-08-25,24.3479,24.5451,24.1507,24.4164,2771057
2006-08-28,24.3198,24.8711,24.2996,24.7625,4101050
2006-08-29,24.6699,25.1206,24.5371,25.02,5408638
2006-08-30,24.9114,25.2534,24.8389,25.0603,3704754
2006-08-31,25.016,25.342,24.9556,25.2373,4437759
2006-09-01,25.354,25.5472,25.2293,25.4587,4443162
2006-09-05,25.2534,25.7122,25.1609,25.6438,4933527
2006-09-06,25.6036,25.6398,25.354,25.4868,6400333
2006-09-07,25.3178,25.4627,25.0361,25.2615,4099461
2006-09-08,25.2253,25.5311,25.2253,25.4909,2563534
2006-09-11,25.4989,25.5512,25.2856,25.3178,4793854
2006-09-12,25.2575,25.4909,25.0723,25.4426,5817011
2006-09-13,25.354,25.8209,25.3058,25.7122,4098667
2006-09-14,25.5955,25.7082,25.2856,25.3541,5260226
2006-09-15,25.6961,26.0543,25.5392,26.002,8986748
2006-09-18,25.9175,25.9698,25.7243,25.7847,4893008
2006-09-19,25.6841,25.845,25.3943,25.8169,3679012
2006-09-20,25.8168,25.9537,25.7082,25.7162,5584699
2006-09-21,25.7243,25.7726,25.1528,25.3138,7599234
2006-09-22,25.1649,25.2615,25.0281,25.0723,5768865
2006-09-25,25.2494,25.5271,25.2051,25.4466,6704309
2006-09-26,25.68,25.6961,25.2615,25.5995,5918072
2006-09-27,25.6277,25.676,25.3782,25.4104,4659107
2006-09-28,25.507,25.6478,25.1367,25.6197,5902499
2006-09-29,25.4708,25.6961,25.3178,25.4949,7132544
2006-10-02,25.5231,25.9577,25.4868,25.7162,4446975
2006-10-03,25.6197,26.1589,25.5633,26.0784,5403395
2006-10-04,26.0342,26.2797,25.9577,26.2193,5533216
2006-10-05,26.2797,26.5614,26.2636,26.497,4547559
2006-10-06,26.497,26.5413,26.171,26.3239,3972977
2006-10-09,26.3481,26.4688,26.1388,26.2394,3360576
2006-10-10,26.34,26.4849,26.2314,26.2797,3851895
2006-10-11,26.2797,26.4165,26.0503,26.3682,3965032
2006-10-12,26.5332,26.7867,26.4366,26.7143,4417420
2006-10-13,26.6217,26.9195,26.5332,26.7626,5727709
2006-10-16,26.7626,27.153,26.7385,26.8793,5504296
2006-10-17,27.0443,27.1489,26.171,26.2716,10769765
2006-10-18,26.2636,26.4004,26.0785,26.3883,7738589
2006-10-19,26.2636,26.3602,26.0422,26.1589,5875804
2006-10-20,26.3561,26.3561,25.9778,26.167,6710188
2006-10-23,26.167,26.2917,26.0221,26.1509,4026526
2006-10-24,25.9819,26.2193,25.9577,26.2072,4304760
2006-10-25,26.2756,26.3561,26.1026,26.2595,4532940
2006-10-26,26.2555,26.3119,25.8692,26.2555,4894279
2006-10-27,26.1589,26.2595,25.8732,26.1348,4531351
2006-10-30,26.2314,26.4245,26.1026,26.3682,3333881
2006-10-31,26.4889,26.6056,26.3722,26.4487,6606903
2006-11-01,26.4406,26.5091,25.6398,25.8571,8814819
2006-11-02,25.6961,25.9497,25.6076,25.8893,4205924
2006-11-03,26.1066,26.1509,25.6478,25.7444,4653545
2006-11-06,25.9577,26.3441,25.7444,26.2193,5674796
2006-11-07,26.2716,26.5171,26.1388,26.3642,4647348
2006-11-08,26.3642,26.4648,26.1589,26.3843,4353066
2006-11-09,26.3078,26.4205,26.0986,26.1227,4718059
2006-11-10,26.0342,26.3199,25.9497,26.1831,4115033
2006-11-13,26.2314,26.501,26.1831,26.2877,5019174
2006-11-14,26.2917,26.5412,26.1589,26.4044,4559953
2006-11-15,26.3903,26.5883,26.3903,26.5075,5230988
2006-11-16,26.6449,27.0449,26.5721,26.9762,6143392
2006-11-17,26.9802,26.9924,26.6448,26.7055,6883866
2006-11-20,26.6327,26.8267,26.5236,26.6166,3333722
2006-11-21,26.5519,26.661,26.5479,26.6004,4194007
2006-11-22,26.556,26.7135,26.5479,26.5842,2705908
2006-11-24,26.5479,26.6731,26.4266,26.6651,1482378
2006-11-27,26.6489,26.7014,26.2004,26.2004,6264315
2006-11-28,26.1236,26.16,25.9256,26.0751,5531627
2006-11-29,26.0751,26.3014,25.9943,26.16,5306783
2006-11-30,26.2206,26.3014,25.9094,26.0751,6113360
2006-12-01,26.0145,26.1559,25.6347,25.8044,7637211
2006-12-04,25.9498,26.463,25.8731,26.2246,6465800
2006-12-05,26.2004,26.3337,26.0711,26.1519,4570441
2006-12-06,26.1761,26.2569,26.0872,26.2489,6039630
2006-12-07,26.3418,26.4509,26.1074,26.16,4243742
2006-12-08,26.1842,26.362,26.063,26.1519,5292006
2006-12-11,26.1195,26.2933,26.0185,26.2691,5388458
2006-12-12,26.3458,26.358,26.1115,26.1842,7560621
2006-12-13,26.3256,26.366,25.9054,25.9458,6568449
2006-12-14,25.3558,25.5821,24.972,25.077,27121529
2006-12-15,25.2225,25.2508,25.0568,25.2346,13079377
2006-12-18,25.2185,25.2831,25.1094,25.1579,8070054
2006-12-19,25.1215,25.3356,24.9841,25.2468,10225533
2006-12-20,25.3195,25.6751,25.17,25.5458,8980869
2006-12-21,25.5458,25.6953,25.3154,25.3599,6455471
2006-12-22,25.3074,25.3801,25.2144,25.2791,4852965
2006-12-26,25.2548,25.5862,25.2144,25.5498,3037374
2006-12-27,25.6953,25.9458,25.3639,25.4326,3598449
2006-12-28,25.5094,25.5134,25.271,25.3801,4026208
2006-12-29,25.376,25.4609,25.2346,25.2629,3013539
2007-01-03,25.2952,25.6953,25.2144,25.3801,7602412
2007-01-04,25.2952,25.4569,25.2346,25.4043,7830910
2007-01-05,25.2952,25.4528,25.0811,25.3276,6918983
2007-01-08,25.2387,25.6953,25.0568,25.5336,5318701
2007-01-09,25.4448,25.4973,25.1457,25.2427,7190225
2007-01-10,25.1417,25.4043,24.9922,25.3316,8205914
2007-01-11,25.4528,25.8407,25.3437,25.7397,7955646
2007-01-12,25.6549,26.1519,25.6185,26.0307,8439020
2007-01-16,26.1923,26.265,25.9701,26.0751,6537782
2007-01-17,26.1357,26.2933,26.063,26.1923,6929947
2007-01-18,26.1963,26.3176,25.865,26.2287,6687307
2007-01-19,26.4266,26.4428,26.2044,26.3377,6650124
2007-01-22,26.2448,26.2448,25.7357,25.8973,7810094
2007-01-23,26.3458,26.9641,26.265,26.7257,12899025
2007-01-24,26.661,27.057,26.5883,27.0045,8331763
2007-01-25,27.0611,27.1136,26.7095,26.754,7432865
2007-01-26,26.7136,26.8914,26.5317,26.6853,7307652
2007-01-29,26.5156,26.7661,26.4347,26.5438,6866069
2007-01-30,26.6449,27.1863,26.6287,27.053,12030319
2007-01-31,27.0045,27.5742,26.9115,27.4853,8272652
2007-02-01,27.4975,27.7722,27.4368,27.7116,9379549
2007-02-02,27.7803,27.7803,27.4086,27.4773,7213107
2007-02-05,27.4732,27.7359,27.2388,27.3843,5612189
2007-02-06,27.4894,27.7197,27.3964,27.6429,5730570
2007-02-07,27.6429,27.7803,27.5096,27.6833,4579975
2007-02-08,27.6833,27.7722,27.4126,27.4974,4777011
2007-02-09,27.5379,27.6591,27.251,27.3075,3242990
2007-02-12,27.3116,27.3116,26.9843,27.0893,6527930
2007-02-13,27.0934,27.255,27.0732,27.154,4794172
2007-02-14,27.3223,27.7645,27.2209,27.655,6033274
2007-02-15,27.7929,28.1337,27.6915,27.9633,8578693
2007-02-16,28.1013,28.1905,27.7402,27.8619,5275798
2007-02-20,27.9268,27.9917,27.5779,27.6388,9714352
2007-02-21,27.586,27.5982,27.3832,27.4157,7238054
2007-02-22,27.3873,27.6104,27.2047,27.3832,4979449
2007-02-23,27.2818,27.4197,27.1844,27.4035,4161591
2007-02-26,27.5049,27.6672,27.0992,27.2737,5057469
2007-02-27,26.8761,27.0992,26.2676,26.5556,11066273
2007-02-28,26.5759,26.9045,26.4055,26.6286,9824469
2007-03-01,26.2392,26.5029,25.9917,26.4177,11154621
2007-03-02,26.2473,26.3731,26.085,26.1053,8254378
2007-03-05,25.8619,26.1459,25.7402,25.7767,8225776
2007-03-06,25.8944,26.0729,25.8011,26.0363,7729691
2007-03-07,26.0323,26.1865,25.9633,26.0688,6471361
2007-03-08,26.2108,26.3244,26.1297,26.1905,3885582
2007-03-09,26.2879,26.369,26.0364,26.1662,4067999
2007-03-12,26.1662,26.5597,26.1621,26.511,4028592
2007-03-13,26.4501,26.4501,26.0769,26.0891,6516966
2007-03-14,26.1499,26.3244,25.797,26.2676,7588746
2007-03-15,26.2311,26.3082,26.008,26.1256,6304993
2007-03-16,26.223,26.2838,25.9755,26.2067,8688970
2007-03-19,26.5232,26.6327,26.3406,26.3974,5315682
2007-03-20,26.4826,26.5069,26.2716,26.4664,4195119
2007-03-21,26.5678,26.9694,26.5313,26.8477,6247948
2007-03-22,26.8315,26.9775,26.6368,26.8071,4940360
2007-03-23,26.726,27.1398,26.6327,27.0708,5408162
2007-03-26,27.2615,27.3021,26.7463,26.941,11681851
2007-03-27,26.8518,26.9369,26.7422,26.8193,6525387
2007-03-28,26.7544,26.7869,26.3122,26.5191,6270989
2007-03-29,26.5759,26.6976,26.3284,26.3649,7705856
2007-03-30,26.3122,26.4501,26.0891,26.369,8027787
2007-04-02,26.3812,26.5313,26.227,26.2554,6595780
2007-04-03,26.4623,26.5718,26.4136,26.4785,6916758
2007-04-04,26.5637,26.5881,26.223,26.3406,11359920
2007-04-05,26.2757,26.3812,26.2067,26.3406,6590695
2007-04-09,26.369,26.438,26.2676,26.3933,6243181
2007-04-10,26.3731,26.4096,26.0566,26.1459,13224453
2007-04-11,26.1256,26.1662,25.8416,25.9958,10769924
2007-04-12,25.9349,26.296,25.8213,26.2635,6562570
2007-04-13,26.2635,26.4015,26.1297,26.3893,5769818
2007-04-16,26.5881,26.7138,26.4461,26.6895,6736248
2007-04-17,26.7706,26.8518,26.5516,26.8477,7568407
2007-04-18,27.2128,27.3142,26.8315,27.1479,11303669
2007-04-19,27.1804,27.3021,26.8558,27.2696,7856016
2007-04-20,27.7848,27.7848,27.2209,27.3751,12117078
2007-04-23,27.4035,27.6023,27.3751,27.4968,9679076
2007-04-24,27.6144,27.6875,27.4116,27.4927,8422653
2007-04-25,27.5495,27.6063,27.2656,27.6023,6153879
2007-04-26,27.5333,27.6591,27.4197,27.4441,6045827
2007-04-27,27.3223,27.4927,27.2412,27.4603,5308849
2007-04-30,27.5171,27.5658,27.2209,27.2331,5950328
2007-05-01,27.1722,27.5414,27.1722,27.4765,5181729
2007-05-02,27.3832,27.8416,27.3588,27.7483,7029418
2007-05-03,27.6915,27.7483,27.4806,27.5576,7403787
2007-05-04,27.7037,27.8781,27.5252,27.586,5369549
2007-05-07,27.6469,28.0242,27.5982,28.012,6668874
2007-05-08,27.8416,27.8903,27.6266,27.724,5227174
2007-05-09,27.6672,27.9106,27.6104,27.8984,5148996
2007-05-10,27.8294,27.9065,27.582,27.5941,5105457
2007-05-11,27.6225,27.7889,27.6144,27.7442,3894480
2007-05-14,27.7402,27.8294,27.586,27.6875,4800051
2007-05-15,27.797,28.1702,27.7361,27.7889,8964344
2007-05-16,27.9049,28.0923,27.6769,27.8887,5211761
2007-05-17,27.9049,28.3285,27.8439,28.2511,6735612
2007-05-18,28.3651,28.4466,28.1004,28.1778,7518989
2007-05-21,28.0638,28.1411,27.9212,28.0678,8058455
2007-05-22,28.1004,28.2226,27.9782,28.1859,6634870
2007-05-23,28.2022,28.2226,27.9742,28.0393,6035181
2007-05-24,28.1004,28.304,27.7828,27.7991,6356318
2007-05-25,27.7217,28.0801,27.6932,27.9457,4636861
2007-05-29,28.0271,28.2144,27.9212,28.0963,5210172
2007-05-30,27.9212,28.2755,27.8153,28.2755,5726120
2007-05-31,28.3529,28.7846,28.3529,28.7317,8600939
2007-06-01,28.8742,29.1674,28.7195,28.8253,7266338
2007-06-04,28.6421,28.9842,28.5647,28.8416,4788134
2007-06-05,28.7317,28.9108,28.6421,28.8131,6978888
2007-06-06,28.6095,28.7683,28.357,28.4751,5731364
2007-06-07,28.471,28.4995,28.0393,28.0475,6779627
2007-06-08,28.0923,28.6258,28.0394,28.6014,9229230
2007-06-11,28.4466,28.6299,28.3081,28.581,5088614
2007-06-12,28.5036,28.6706,28.3122,28.3733,7165913
2007-06-13,28.4588,28.805,28.3448,28.805,7900667
2007-06-14,28.6421,29.0697,28.6421,29.029,5372886
2007-06-15,29.2815,29.4444,29.1959,29.3263,9747879
2007-06-18,29.5217,29.5258,29.2082,29.3996,5630463
2007-06-19,29.3996,29.4444,29.0819,29.2081,6789797
2007-06-20,29.3996,29.5828,29.2122,29.2529,6934078
2007-06-21,29.1959,29.4403,29.09,29.3018,6405895
2007-06-22,29.3425,29.3914,28.9394,29.0697,9719913
2007-06-25,29.0453,29.2733,28.8783,29.0249,6900074
2007-06-26,29.0615,29.1267,28.6584,28.7398,6524911
2007-06-27,28.6054,29.143,28.5606,29.1185,6216963
2007-06-28,29.029,29.1226,28.8864,28.9516,5371615
2007-06-29,29.1511,29.2041,28.7113,28.8864,6399539
2007-07-02,29.1063,29.5258,29.0778,29.5095,6494402
2007-07-03,29.5258,29.6724,29.4077,29.5136,2739913
2007-07-05,29.481,29.6154,29.3466,29.371,5067480
2007-07-06,29.4403,29.6806,29.3344,29.5665,3969481
2007-07-09,29.4525,29.6073,29.3222,29.534,5488247
2007-07-10,29.2733,29.5054,29.1959,29.3507,8479222
2007-07-11,29.3466,29.7294,29.3181,29.7294,6982702
2007-07-12,29.7539,30.1367,29.7294,30.1326,6289898
2007-07-13,30.2385,30.6294,30.0186,30.5439,7795316
2007-07-16,30.8942,31.3503,30.7516,31.224,11689955
2007-07-17,31.5824,31.6924,31.2322,31.2933,13905021
2007-07-18,30.9512,31.0326,30.4828,30.772,13850836
2007-07-19,31.0245,31.5214,30.5806,31.4318,13309464
2007-07-20,31.4358,31.4521,30.886,30.9634,10707477
2007-07-23,31.1833,31.2933,30.939,31.0408,8188117
2007-07-24,30.8453,31.0774,30.4218,30.438,9381456
2007-07-25,30.5765,30.8453,30.4258,30.6213,7525345
2007-07-26,30.4462,31.1263,30.0593,30.32,14800899
2007-07-27,30.438,30.4828,29.7702,29.8475,11719193
2007-07-30,29.6968,30.1896,29.6968,29.986,7897012
2007-07-31,30.5439,30.5439,29.7172,29.7172,9406880
2007-08-01,29.7498,30.4381,29.5055,30.4014,11157958
2007-08-02,30.2874,30.5317,30.0675,30.4462,7741449
2007-08-03,30.5317,30.7109,30.0715,30.1082,9956674
2007-08-06,31.1874,31.2403,29.819,30.4829,9698303
2007-08-07,30.4788,30.4829,29.9412,30.1978,8738864
2007-08-08,30.1652,30.6376,29.9331,30.157,8483035
2007-08-09,30.153,30.5114,29.4729,29.4729,9847828
2007-08-10,29.1023,30.0064,28.9434,29.762,9334581
2007-08-13,29.762,30.2955,29.7498,30.1408,6121940
2007-08-14,30.157,30.2385,29.5584,29.6398,6276868
2007-08-15,29.7012,29.783,29.2226,29.3003,7213901
2007-08-16,28.8749,29.2063,28.2245,29.0754,14996664
2007-08-17,29.6726,30.3598,29.2717,30.1961,13401626
2007-08-20,30.1471,30.687,29.8444,30.5561,10160702
2007-08-21,30.5111,30.5561,29.6889,29.8362,8773505
2007-08-22,29.918,30.3598,29.8648,30.2166,7108868
2007-08-23,30.1921,30.2698,29.8975,29.9834,5527178
2007-08-24,30.008,30.4579,29.8648,30.4048,4735379
2007-08-27,30.2943,30.3598,30.0653,30.1553,4234208
2007-08-28,29.9834,30.1511,29.4108,29.4517,6670622
2007-08-29,29.5458,30.4661,29.5008,30.4129,6561776
2007-08-30,30.0284,30.4948,29.9712,30.2043,4398988
2007-08-31,30.462,30.8834,30.4048,30.5275,6247154
2007-09-04,30.5766,30.6093,30.1471,30.4457,7113159
2007-09-05,30.2289,30.4538,29.9057,30.0448,7183869
2007-09-06,30.1634,30.7238,30.0448,30.6829,5847361
2007-09-07,30.2698,30.4538,30.1225,30.1839,6054726
2007-09-10,30.3884,30.6584,29.9057,30.4702,4862499
2007-09-11,30.5561,30.6706,30.1511,30.5438,8793685
2007-09-12,30.5766,30.8834,30.4211,30.6134,5573259
2007-09-13,30.8097,30.8425,30.5029,30.687,6389210
2007-09-14,30.6993,31.2392,30.6706,31.1451,6496627
2007-09-17,30.9652,31.186,30.8915,31.0183,4124091
2007-09-18,31.0511,32.0287,30.867,31.9714,8578852
2007-09-19,32.0164,32.3109,31.9264,32.2741,8155225
2007-09-20,32.1146,32.3314,32.0082,32.2046,6060923
2007-09-21,32.5564,32.7036,32.2046,32.4909,10286868
2007-09-24,32.495,32.6218,32.1718,32.1882,6131633
2007-09-25,32.1882,32.7241,32.1187,32.6955,7418882
2007-09-26,32.6873,33.0309,32.5646,32.8059,7393140
2007-09-27,32.9286,33.0431,32.6995,33.0063,5384168
2007-09-28,32.8509,33.125,32.7691,32.9204,5080033
2007-10-01,32.9204,33.6935,32.9204,33.5708,7337208
2007-10-02,33.5422,33.7467,32.8141,32.9777,6907224
2007-10-03,32.8877,33.0104,32.4745,32.5891,6995096
2007-10-04,32.5605,33.0104,32.5605,32.7609,3577634
2007-10-05,32.8223,33.1945,32.8223,33.0677,6413045
2007-10-08,33.0677,33.2477,32.81,32.8713,5103868
2007-10-09,32.8468,33.3213,32.8059,33.2149,4699785
2007-10-10,33.264,33.3377,32.4746,32.9286,5524635
2007-10-11,33.0759,33.2149,32.1678,32.4173,7520419
2007-10-12,32.5523,32.9777,32.3478,32.855,4698991
2007-10-15,33.2027,33.2027,32.4255,32.6709,5147566
2007-10-16,32.7773,33.0227,32.3682,32.5809,6375863
2007-10-17,32.7568,32.9245,30.912,31.4151,22773071
2007-10-18,31.4028,32.0042,31.3006,31.6728,10386340
2007-10-19,31.6074,31.7424,31.0347,31.0879,15833591
2007-10-22,30.8793,31.3129,30.732,31.0061,9380979
2007-10-23,31.272,31.3333,30.8506,31.0961,6501870
2007-10-24,31.0102,31.3538,30.7606,31.2883,8376414
2007-10-25,31.3947,31.4765,30.8384,30.9733,8855020
2007-10-26,31.1329,31.2188,30.6543,30.8588,9165829
2007-10-29,30.9529,31.1042,30.7647,30.9979,4748250
2007-10-30,30.9038,31.2883,30.8384,31.0142,5966059
2007-10-31,31.0388,31.3783,30.8015,31.3292,8407876
2007-11-01,30.7238,31.1001,30.5111,30.5643,8420747
2007-11-02,30.6379,31.047,30.4743,30.9447,6064260
2007-11-05,30.6788,31.2965,30.6788,31.1329,6192015
2007-11-06,31.1574,31.3947,30.9284,31.3415,5612189
2007-11-07,31.1329,31.2801,30.4211,30.4579,7873018
2007-11-08,30.6052,30.7361,30.278,30.5561,9820338
2007-11-09,30.3966,30.462,30.0325,30.0693,10947416
2007-11-12,29.9548,30.6052,29.9548,30.2411,8375937
2007-11-13,30.4334,30.8302,30.2698,30.8138,6929470
2007-11-14,31.0932,31.1507,30.6947,30.7768,5812562
2007-11-15,30.7152,30.7481,30.1442,30.3784,7431435
2007-11-16,30.6454,30.7111,30.1401,30.5221,7420789
2007-11-19,30.3373,30.4318,29.9183,30.2058,8783039
2007-11-20,30.3168,30.8097,30.2182,30.5304,8471277
2007-11-21,29.869,30.4523,29.8567,29.8977,6983019
2007-11-23,30.0374,30.2058,29.906,30.1771,2340915
2007-11-26,30.1689,30.4893,29.8238,29.8567,6260978
2007-11-27,30.0456,30.5057,29.8238,30.3989,8334305
2007-11-28,30.6906,31.3273,30.5715,31.1589,9131665
2007-11-29,31.1178,31.1876,30.8878,30.9905,5069546
2007-11-30,31.2903,31.4506,30.6002,30.7152,8494000
2007-12-03,30.4071,30.933,30.4071,30.781,7597645
2007-12-04,30.5345,30.9699,30.5345,30.707,5466796
2007-12-05,31.3027,31.6025,31.2205,31.5697,7702995
2007-12-06,31.5573,32.0585,31.3109,32.038,7230586
2007-12-07,31.9887,32.2064,31.8038,32.0709,5755994
2007-12-10,32.0955,32.4323,32.0955,32.383,3815348
2007-12-11,32.3831,32.5761,31.3273,31.393,8896811
2007-12-12,32.1489,32.1489,31.1384,31.5409,8300936
2007-12-13,31.4505,31.964,31.0151,31.8819,5495080
2007-12-14,31.6724,32.0298,31.4054,31.504,8048603
2007-12-17,31.4177,31.4875,30.7399,30.8261,7103466
2007-12-18,31.1383,31.2944,30.6577,31.1876,6987469
2007-12-19,31.241,31.467,30.7892,31.1383,6105891
2007-12-20,31.3027,31.4177,31.0356,31.3848,5516372
2007-12-21,31.4629,32.0421,31.4629,31.9723,10594816
2007-12-24,31.9517,32.3913,31.9394,32.116,3937224
2007-12-26,32.1078,32.1777,31.697,31.9682,4019217
2007-12-27,32.0749,32.1242,31.4382,31.5656,3760369
2007-12-28,31.734,31.849,31.4711,31.5779,3130171
2007-12-31,31.5368,31.6888,31.3314,31.4423,3920222
2008-01-02,31.4834,31.6888,30.7481,30.896,6773748
2008-01-03,30.9371,31.504,30.8179,31.3355,6921366
2008-01-04,31.0932,31.2986,30.7686,30.8179,8803537
2008-01-07,30.9453,31.0973,30.44,30.6741,9297080
2008-01-08,30.8878,30.8878,29.3473,29.4911,13110680
2008-01-09,29.4376,30.0169,28.9858,29.5609,14670125
2008-01-10,29.3966,29.8936,28.7681,29.7375,11332112
2008-01-11,29.5239,29.7704,29.2815,29.4459,9059842
2008-01-14,29.6225,29.7827,29.4171,29.6554,6819829
2008-01-15,29.5527,29.6964,29.2405,29.3144,7249813
2008-01-16,29.2815,29.68,29.0104,29.183,11274908
2008-01-17,29.1583,29.2528,27.7945,27.9711,14624362
2008-01-18,28.1724,28.7557,27.815,27.9547,14376636
2008-01-22,26.8989,27.9506,26.7839,27.6219,17923920
2008-01-23,27.2358,29.3267,27.1454,29.1583,19565039
2008-01-24,29.3349,29.9347,29.2281,29.8074,13367304
2008-01-25,30.2058,30.4893,29.7827,29.8854,12722011
2008-01-28,29.7622,30.3784,29.5732,30.288,9247821
2008-01-29,30.5098,30.5304,29.869,30.062,7792774
2008-01-30,29.9676,30.5673,29.717,29.8854,10426065
2008-01-31,29.4335,30.3989,29.4335,30.099,11154303
2008-02-01,30.1935,30.5057,30.0908,30.4482,7323701
2008-02-04,30.4482,30.5263,30.2346,30.4194,5313775
2008-02-05,29.947,30.2921,29.6595,29.7211,9990996
2008-02-06,29.8649,29.9635,29.4541,29.5239,7464804
2008-02-07,29.3842,29.5403,29.0967,29.3596,11642921
2008-02-08,29.2569,29.6143,29.0967,29.3103,7946907
2008-02-11,29.3596,29.4376,28.9283,29.4007,5769341
2008-02-12,29.528,30.1935,29.4623,29.9142,8007766
2008-02-13,30.269,30.335,29.8894,30.335,7452410
2008-02-14,30.4052,30.4093,29.9059,29.9761,6361562
2008-02-15,29.9142,29.9142,29.2787,29.5139,8376731
2008-02-19,29.91,29.9761,29.6212,29.6872,6248901
2008-02-20,29.485,29.7491,29.254,29.7285,5868336
2008-02-21,29.778,29.7821,29.2251,29.2499,7279527
2008-02-22,29.1673,29.8894,29.1673,29.8028,5890105
2008-02-25,29.8812,30.3557,29.7904,30.2896,10162926
2008-02-26,30.0875,30.4299,29.9926,30.2401,8225300
2008-02-27,30.1411,30.3103,29.9142,30.0916,8025880
2008-02-28,29.9348,30.0627,29.6212,29.778,6703832
2008-02-29,29.3943,29.646,29.0312,29.0931,7430959
2008-03-03,28.8579,28.8579,28.1399,28.6351,13089070
2008-03-04,28.4288,28.5031,28.14,28.4288,12877574
2008-03-05,28.1771,28.9982,28.1771,28.7712,8495430
2008-03-06,28.6887,28.961,28.3958,28.3999,7798335
2008-03-07,28.2596,28.5856,27.7934,27.847,10738780
2008-03-10,27.8924,27.8924,27.29,27.3271,11240745
2008-03-11,27.8883,28.2101,27.4509,28.2101,9518428
2008-03-12,28.2637,28.4783,28.0781,28.14,6884025
2008-03-13,27.8057,28.4659,27.6778,28.2679,8218149
2008-03-14,28.5319,28.5319,27.6242,27.9378,9569753
2008-03-17,27.3519,28.1358,27.3519,27.8759,12340492
2008-03-18,28.4205,28.8249,28.2018,28.8125,11212937
2008-03-19,28.7259,29.0848,28.371,28.371,9691947
2008-03-20,28.4081,28.7506,28.1152,28.4742,10182471
2008-03-24,28.6433,29.1715,28.5525,29.0229,6862732
2008-03-25,29.0559,29.1302,28.697,28.9487,7347536
2008-03-26,28.8414,28.8455,28.5567,28.7217,6729892
2008-03-27,28.8868,29.122,28.5815,28.6392,6822213
2008-03-28,28.7754,28.9817,28.1977,28.2844,7694256
2008-03-31,28.3298,28.6062,28.1234,28.3958,8245003
2008-04-01,28.5691,29.5428,28.5691,29.3943,11692021
2008-04-02,29.5965,29.6418,29.2292,29.3695,8462537
2008-04-03,29.3448,29.353,28.9528,29.1962,5796990
2008-04-04,29.1838,29.8729,29.1715,29.5965,7213583
2008-04-07,29.7491,29.9431,29.4933,29.6212,6222206
2008-04-08,29.4397,29.6253,29.2953,29.6253,4912552
2008-04-09,29.5841,29.7161,29.0064,29.2169,6896578
2008-04-10,29.1632,29.7821,29.1261,29.646,7082173
2008-04-11,29.1673,29.2911,28.6144,28.6887,12390069
2008-04-14,28.6227,29.0518,28.6227,28.8785,8105489
2008-04-15,29.0889,29.4809,28.9033,29.2292,6997797
2008-04-16,29.3571,30.2154,29.3571,29.9678,10216952
2008-04-17,29.4314,29.4685,28.9198,29.2086,10589732
2008-04-18,29.7615,29.9596,29.3737,29.9183,11178297
2008-04-21,29.6996,29.8482,29.5428,29.745,5756788
2008-04-22,29.5634,29.6666,29.2622,29.4768,6505684
2008-04-23,29.646,29.8482,29.3118,29.6501,7204049
2008-04-24,29.7079,30.1741,29.6088,29.9967,7180850
2008-04-25,30.1205,30.1659,29.745,29.9884,5399740
2008-04-28,29.9265,30.368,29.9265,30.137,6452770
2008-04-29,30.1576,30.269,29.8482,30.1659,5372091
2008-04-30,30.1659,30.4671,29.844,29.9018,8001727
2008-05-01,29.9142,30.8219,29.9142,30.7394,8210681
2008-05-02,30.9044,31.1107,30.7765,30.987,8735051
2008-05-05,30.8178,30.9457,30.7064,30.7889,5380672
2008-05-06,30.7311,30.9127,30.4671,30.8136,4074673
2008-05-07,30.8879,30.9457,30.1329,30.1329,6911356
2008-05-08,30.2649,30.6734,30.2154,30.5578,6079355
2008-05-09,30.3804,30.3804,29.8688,30.1741,6337250
2008-05-12,30.1906,30.7683,30.1741,30.7683,5296455
2008-05-13,30.7848,31.0365,30.6032,30.9127,5397515
2008-05-14,31.1116,31.4348,30.9376,31.1447,7117131
2008-05-15,31.0163,31.0867,30.6889,30.7842,7830592
2008-05-16,30.7718,30.8961,30.4527,30.6475,9072713
2008-05-19,30.577,31.0784,30.5646,30.8132,5764415
2008-05-20,30.7055,30.7676,30.2538,30.4154,7982500
2008-05-21,30.5273,30.6724,29.7814,29.8436,9556405
2008-05-22,29.8436,29.9845,29.6488,29.769,6230151
2008-05-23,29.5287,29.5991,28.961,29.0107,11169876
2008-05-27,28.9527,29.3546,28.9361,29.338,7340227
2008-05-28,29.4334,29.5121,28.8947,29.1019,7882076
2008-05-29,28.99,29.4624,28.7994,29.1019,9118000
2008-05-30,29.1309,29.5162,28.9071,29.4375,8430598
2008-06-02,29.1847,29.4333,29.0107,29.309,6938369
2008-06-03,29.4085,29.4624,28.6999,28.9071,11020033
2008-06-04,28.7621,28.8864,28.5714,28.6999,11367229
2008-06-05,28.7745,29.048,28.6212,28.9941,8650834
2008-06-06,28.7703,28.7703,27.7344,27.7675,18800730
2008-06-09,27.9126,28.07,27.5438,27.9913,9889936
2008-06-10,27.8463,28.0162,27.7717,27.7966,8282345
2008-06-11,27.7841,27.8463,27.5935,27.6184,9693695
2008-06-12,27.896,28.5922,27.8255,28.1446,12765549
2008-06-13,28.3684,28.6502,28.2068,28.4098,8032713
2008-06-16,28.3228,28.6875,28.1405,28.5424,7836471
2008-06-17,28.7455,28.7455,28.2565,28.3477,8296010
2008-06-18,28.1156,28.4637,28.1156,28.2068,7978687
2008-06-19,28.2482,28.5922,27.7593,28.5176,8359729
2008-06-20,28.356,28.5673,28.0866,28.5093,14018953
2008-06-23,28.6875,28.6875,28.356,28.5176,7338638
2008-06-24,28.4678,28.5922,28.1571,28.2441,9182354
2008-06-25,28.1363,28.2938,27.2744,27.3573,17425133
2008-06-26,27.1045,27.2164,25.9609,26.0189,23160152
2008-06-27,25.994,26.0023,25.2978,25.3393,21492814
2008-06-30,25.3393,25.7537,25.0741,25.5672,15592539
2008-07-01,25.2357,25.418,24.6763,25.1445,23232928
2008-07-02,25.2854,25.3641,24.7384,24.7384,14352484
2008-07-03,24.8959,25.3144,24.8586,25.2978,8582825
2008-07-07,25.3559,25.7164,24.9539,25.1031,11544880
2008-07-08,25.0699,25.8821,25.0699,25.5962,11048794
2008-07-09,25.6749,25.7661,25.2854,25.3269,13388755
2008-07-10,25.3269,25.8573,25.3269,25.762,10794872
2008-07-11,25.4056,25.6086,24.7633,25.1487,13709256
2008-07-14,25.4014,25.5092,24.9249,25.2978,7109504
2008-07-15,25.1445,25.2108,24.3945,24.8959,10714309
2008-07-16,24.9291,25.3807,24.4318,25.3227,13637910
2008-07-17,26.7275,27.0631,25.9318,26.8103,22954058
2008-07-18,26.9347,26.9347,26.2716,26.5576,12681015
2008-07-21,26.7192,26.7192,26.2343,26.541,7452728
2008-07-22,26.5576,27.0714,26.4001,27.0465,10415895
2008-07-23,27.1294,27.3324,26.8269,27.2579,10170077
2008-07-24,27.3242,27.3407,26.5368,26.6031,10345661
2008-07-25,26.6819,27.0548,26.6736,27.0299,8075139
2008-07-28,27.1336,27.1336,26.5244,26.5493,7385990
2008-07-29,26.5368,27.1957,26.5203,27.1501,9057141
2008-07-30,27.1999,27.6059,27.0921,27.4526,9053963
2008-07-31,27.2661,27.3697,26.4995,26.512,10875593
2008-08-01,26.5493,26.657,26.081,26.3379,9684002
2008-08-04,26.3006,26.6156,25.9609,26.4208,8024132
2008-08-05,26.5866,27.1833,26.3835,27.1584,8964185
2008-08-06,27.0962,27.6557,26.9015,27.5769,11359761
2008-08-07,27.2786,27.3283,26.7855,26.8269,11078826
2008-08-08,26.8891,27.7427,26.7275,27.7054,9391149
2008-08-11,27.6349,28.012,27.4941,27.8546,7531383
2008-08-12,27.7468,27.8628,27.4733,27.5603,6973803
2008-08-13,27.5395,27.7144,27.1523,27.5229,6922320
2008-08-14,27.3605,27.8976,27.1939,27.5312,7264749
2008-08-15,27.627,28.0225,27.4937,27.8144,7064535
2008-08-18,27.9434,27.9434,27.1815,27.4105,7054524
2008-08-19,27.1856,27.2564,26.9025,27.044,6255099
2008-08-20,27.0565,27.1273,26.6443,26.9608,7182916
2008-08-21,26.6901,26.9316,26.4486,26.7359,6474698
2008-08-22,27.0149,27.5062,26.2321,27.4729,6511881
2008-08-25,27.3563,27.3938,26.8483,27.0482,7293987
2008-08-26,26.9191,27.119,26.7984,27.0191,4963559
2008-08-27,27.0066,27.1898,26.8567,27.0857,5844342
2008-08-28,27.2273,27.8893,27.069,27.781,5689415
2008-08-29,27.6228,27.8518,27.2439,27.3105,6335025
2008-09-02,27.6603,28.2932,27.3563,27.5479,8795115
2008-09-03,28.2307,28.2307,27.6062,28.0725,9247186
2008-09-04,27.781,27.8935,26.7484,27.0149,13626628
2008-09-05,26.8483,27.094,26.5152,26.6818,10812192
2008-09-08,27.1773,27.5146,26.7734,27.3896,11699489
2008-09-09,27.298,27.4812,26.6943,26.6943,11823431
2008-09-10,26.8358,26.8358,26.1905,26.3653,9884375
2008-09-11,26.2279,26.6193,25.949,26.6193,11406319
2008-09-12,26.4028,27.0232,26.3778,26.84,9292313
2008-09-15,26.1613,26.6984,26.0322,26.2821,12926833
2008-09-16,25.8823,26.5611,25.7741,26.2779,15255195
2008-09-17,25.9281,26.0572,25.2286,25.2786,14335005
2008-09-18,25.5367,26.1405,24.833,26.0197,16979260
2008-09-19,26.8608,27.8935,25.4035,26.7734,17582603
2008-09-22,26.4528,26.8983,25.5159,25.6575,11848061
2008-09-23,25.6908,26.0114,24.9663,25.0454,10439730
2008-09-24,24.8289,25.2827,24.6207,24.8289,9338553
2008-09-25,25.0288,25.1745,24.5124,24.6374,12753791
2008-09-26,24.2001,25.366,24.0627,25.341,9715146
2008-09-29,24.9371,25.0662,23.3799,23.5922,15591268
2008-09-30,23.8712,25.1328,23.7213,25.0079,14407781
2008-10-01,24.7664,24.9663,24.4083,24.6165,13133085
2008-10-02,24.3376,24.5208,22.8552,22.8927,16624754
2008-10-03,23.4673,23.7754,22.8136,22.8427,15463830
2008-10-06,22.4347,22.6845,20.9482,21.9225,20281996
2008-10-07,21.8767,22.4805,20.8316,20.8691,17357918
2008-10-08,20.3195,21.6477,20.2612,20.6859,22235830
2008-10-09,21.1272,21.2147,19.291,19.291,18716513
2008-10-10,18.7414,21.0814,18.021,19.8323,33350885
2008-10-13,20.5277,22.5638,20.3778,22.5388,21823008
2008-10-14,23.9961,23.9961,21.4895,21.8726,24989409
2008-10-15,21.3979,22.6054,20.3278,20.5068,23119473
2008-10-16,20.6942,22.264,19.8323,22.0183,25580834
2008-10-17,21.9558,22.2806,20.9607,21.1148,18146698
2008-10-20,21.3812,21.7726,20.5068,21.7477,17478523
2008-10-21,21.3188,21.7726,20.9898,21.2147,11553778
2008-10-22,20.7483,21.0939,19.7823,20.2362,15576490
2008-10-23,20.3861,20.8025,19.1827,20.2737,19101369
2008-10-24,18.8122,20.3653,18.7539,19.6991,14549043
2008-10-27,19.4367,19.8948,18.7372,18.8122,13174558
2008-10-28,19.2577,21.427,19.0162,21.3563,17620103
2008-10-29,21.5686,22.4847,21.1939,21.6852,18340715
2008-10-30,22.468,22.8344,21.5436,22.3056,12818304
2008-10-31,22.4847,23.1592,21.8601,22.8844,11790380
2008-11-03,22.8844,23.1925,22.5221,22.5887,6552242
2008-11-04,23.3174,24.0003,23.0634,23.8379,12765867
2008-11-05,23.509,23.7088,22.2765,22.3472,12882023
2008-11-06,22.1432,22.5679,20.9149,21.0731,13927903
2008-11-07,21.2022,21.6352,20.8816,21.5728,9638397
2008-11-10,22.0766,22.5846,21.4062,21.731,10918655
2008-11-11,21.4062,22.0683,20.8191,21.5686,10706682
2008-11-12,21.3106,21.3316,20.5262,20.5597,11009545
2008-11-13,20.8911,22.0028,19.5361,21.9315,18792150
2008-11-14,21.5162,22.4684,20.8659,21.0715,11484656
2008-11-17,20.8114,21.2016,20.1402,20.1989,12756174
2008-11-18,19.9892,20.7653,19.8004,20.6898,14399677
2008-11-19,20.6143,20.7862,19.2383,19.2928,15801493
2008-11-20,19.0034,19.4606,17.9378,18.1308,26195142
2008-11-21,18.3657,19.7291,17.5183,19.5781,25126221
2008-11-24,19.7878,20.9205,19.3516,20.6017,15885869
2008-11-25,20.975,20.975,19.5445,19.771,20570082
2008-11-26,19.3767,20.0395,19.1712,20.0227,13691301
2008-11-28,19.9514,20.4297,19.9514,20.3584,6317546
2008-12-01,20.1067,20.1067,19.0663,19.1376,14704765
2008-12-02,19.4774,19.5487,18.8985,19.3222,15021294
2008-12-03,19.2215,19.9305,18.9614,19.8508,12681809
2008-12-04,19.6074,20.2199,19.4732,19.7836,15443968
2008-12-05,19.5739,20.7233,19.2215,20.5597,14979026
2008-12-08,21.0212,21.1848,20.3584,20.4087,15867277
2008-12-09,20.3164,20.4632,19.7836,20.1234,15506574
2008-12-10,20.3248,20.5429,19.8046,20.1402,11419031
2008-12-11,19.792,20.4045,19.5697,19.7501,10705252
2008-12-12,19.2173,20.5345,19.0957,20.48,15846779
2008-12-15,20.7611,21.017,20.501,20.8198,12694521
2008-12-16,21.2477,21.7385,20.5891,21.6756,14329125
2008-12-17,21.3526,21.5917,21.0673,21.2267,10250798
2008-12-18,21.3022,21.6966,21.1973,21.3148,12619520
2008-12-19,21.8979,21.9692,21.1009,21.5497,19258998
2008-12-22,21.2477,21.7763,20.954,21.7049,12550717
2008-12-23,21.814,21.965,21.1386,21.2351,9329178
2008-12-24,21.3064,21.5623,21.1638,21.4574,2240808
2008-12-26,21.4868,21.6127,21.2309,21.4491,3149398
2008-12-29,21.361,21.533,21.1344,21.533,6214261
2008-12-30,21.7217,22.2923,21.5749,22.2503,7672963
2008-12-31,22.2965,22.6866,22.2503,22.4852,7357865
2009-01-02,22.4265,23.1732,22.2461,23.0515,7452887
2009-01-05,22.7873,23.0641,22.5691,22.7789,8679595
2009-01-06,22.9047,23.2865,22.695,23.0222,8198922
2009-01-07,22.5062,22.6153,22.1664,22.4517,9223033
2009-01-08,22.3048,22.5523,22.137,22.4475,9489985
2009-01-09,22.5901,22.653,22.0447,22.1077,7029736
2009-01-12,22.0951,22.2839,21.814,21.965,7191337
2009-01-13,21.8476,22.0531,21.1009,21.3106,11097894
2009-01-14,20.9331,21.1848,20.6604,20.9876,9412283
2009-01-15,20.9876,21.189,20.2115,20.845,10112873
2009-01-16,21.2057,21.6043,20.8156,21.4365,13003899
2009-01-20,21.3526,21.4994,20.6184,20.7065,12569626
2009-01-21,20.803,20.9289,19.7962,20.6604,19011591
2009-01-22,20.4129,20.7023,20.027,20.5345,12492400
2009-01-23,19.9053,20.1989,19.6913,19.8885,9889459
2009-01-26,20.0941,20.7359,19.9221,20.4171,10202016
2009-01-27,20.6646,20.9121,20.3584,20.6562,8035414
2009-01-28,20.7401,21.4239,20.7401,21.2519,8048603
2009-01-29,20.975,21.0547,20.3458,20.4213,9786174
2009-01-30,20.4464,20.9121,19.8633,20.1318,10778187
2009-02-02,19.8256,20.2073,19.6914,19.9431,9959534
2009-02-03,20.2367,20.4045,19.7794,20.2661,8626840
2009-02-04,20.2493,20.4968,19.8633,19.9389,8887118
2009-02-05,19.813,20.3584,19.5152,20.157,10534434
2009-02-06,20.2073,20.7946,20.1318,20.5681,11399168
2009-02-09,20.5933,20.9205,20.3877,20.8156,11096305
2009-02-10,20.6604,20.8827,19.6116,19.7417,12868358
2009-02-11,19.8256,20.1486,19.7165,19.9766,7171475
2009-02-12,19.5487,19.7207,19.0495,19.6788,10144494
2009-02-13,19.7752,20.1192,19.6242,19.7543,7066442
2009-02-17,19.2844,19.5949,18.953,19.1628,17277197
2009-02-18,19.3553,19.4187,18.8349,18.9745,10109695
2009-02-19,19.1226,19.4314,18.873,18.9195,8789871
2009-02-20,18.6276,18.9111,18.3103,18.6107,13555600
2009-02-23,18.6741,18.818,17.8619,17.9169,11951346
2009-02-24,17.9253,18.3399,17.6672,18.1918,14991262
2009-02-25,18.048,18.048,17.3711,17.5657,16282483
2009-02-26,17.663,17.8026,17.3499,17.388,12507178
2009-02-27,17.1807,17.4938,16.965,17.2738,20708643
2009-03-02,17.02,17.0623,16.5334,16.5715,21078403
2009-03-03,16.7027,16.7238,16.25,16.3092,18272706
2009-03-04,16.5715,16.8549,16.4488,16.5673,15476542
2009-03-05,16.1146,16.4446,15.9115,16.0427,17156910
2009-03-06,16.1781,16.4065,15.9665,16.305,19368639
2009-03-09,16.0892,16.3938,15.8227,15.8904,12328892
2009-03-10,16.1992,17.2569,16.0469,17.2569,19292208
2009-03-11,17.2822,17.6376,17.0707,17.3711,16024747
2009-03-12,17.2696,17.7645,16.9226,17.6842,12222906
2009-03-13,17.5403,17.7349,17.0496,17.1638,14433205
2009-03-16,17.2992,17.8619,17.2611,17.3965,13330439
2009-03-17,17.4303,17.6545,17.0073,17.6461,11532326
2009-03-18,17.553,17.9719,17.1215,17.718,13798240
2009-03-19,17.883,17.883,17.2992,17.3669,11264262
2009-03-20,17.6038,17.7349,17.0876,17.1469,16500017
2009-03-23,17.498,18.4245,17.4472,18.3949,12843410
2009-03-24,18.1749,18.5641,18.1199,18.2807,10045181
2009-03-25,18.3991,18.9153,18.0734,18.4838,16773484
2009-03-26,18.5303,19.2876,18.4288,19.2368,14585749
2009-03-27,19.0464,19.1691,18.7334,18.818,8761587
2009-03-30,18.4457,18.5768,17.828,18.0226,10377600
2009-03-31,18.0353,18.5557,18.0226,18.1834,10235067
2009-04-01,17.9592,18.6911,17.7942,18.5641,11456213
2009-04-02,19.0084,19.7783,18.9068,19.4357,16207641
2009-04-03,19.571,19.5964,19.0168,19.3045,10334062
2009-04-06,19.1649,19.6133,18.8814,19.5922,8864078
2009-04-07,19.2834,19.4949,18.9957,19.1057,9309315
2009-04-08,19.1564,19.1987,18.5684,18.8772,10696354
2009-04-09,19.3807,20.0956,19.351,20.0068,12400715
2009-04-13,19.8164,19.8164,19.2664,19.626,8072120
2009-04-14,19.461,19.571,19.1099,19.2707,9611702
2009-04-15,19.2072,19.9687,19.1691,19.7826,9623461
2009-04-16,19.9518,20.2564,19.4483,20.0956,8924777
2009-04-17,20.1972,20.4172,20.0026,20.0195,10621829
2009-04-20,19.7276,19.7868,19.2495,19.3807,9341572
2009-04-21,19.9899,20.6668,19.8799,20.3029,17114801
2009-04-22,20.1506,20.4933,19.8164,19.8376,13075404
2009-04-23,19.7953,20.3706,19.571,20.3241,12720898
2009-04-24,20.4172,21.0179,20.2395,20.8868,12237525
2009-04-27,20.6752,20.8741,20.3749,20.5018,7598598
2009-04-28,20.176,20.5441,20.028,20.2945,5691480
2009-04-29,20.506,21.0095,20.3706,20.6922,8793208
2009-04-30,20.9333,21.2718,20.5272,20.6625,10399528
2009-05-01,20.8445,21.0645,20.5864,20.9502,7143032
2009-05-04,20.9925,21.7456,20.9925,21.6525,11030202
2009-05-05,21.5341,21.9571,21.5341,21.9275,7834247
2009-05-06,22.1433,22.359,21.7921,22.1221,7927839
2009-05-07,22.1179,22.321,21.661,21.881,10028338
2009-05-08,22.1771,22.6806,21.5891,22.6552,11645304
2009-05-11,22.2956,22.4775,22.046,22.211,8484942
2009-05-12,22.376,22.4521,21.8894,22.3548,10363935
2009-05-13,21.9222,21.9222,21.2532,21.5685,12822118
2009-05-14,21.6495,22.1822,21.6282,21.9521,10606893
2009-05-15,21.8967,22.1353,21.7006,21.8541,11273478
2009-05-18,21.8029,22.6169,21.8029,22.5785,9532093
2009-05-19,22.5189,22.6595,22.2504,22.2888,8855815
2009-05-20,22.455,22.5402,21.9862,22.0501,9742000
2009-05-21,21.7518,21.8114,21.2659,21.6325,9817795
2009-05-22,21.641,22.0586,21.5302,21.7518,6824755
2009-05-26,21.7518,22.5999,21.5813,22.4763,8468417
2009-05-27,22.5189,22.6723,21.918,21.9222,7903845
2009-05-28,22.1012,22.4038,21.7134,22.3229,7960413
2009-05-29,22.3868,22.4592,22.0458,22.4209,7592878
2009-06-01,22.7959,23.6866,22.6766,23.5545,9493957
2009-06-02,23.5289,23.8315,23.2988,23.6866,8705813
2009-06-03,23.4906,23.5971,23.0985,23.3073,7899078
2009-06-04,23.3798,23.6141,23.2988,23.4948,8101834
2009-06-05,23.8187,24.2875,23.8059,24.0318,13427209
2009-06-08,23.9721,24.279,23.5587,24.0744,8339072
2009-06-09,24.1085,24.1426,23.4778,23.661,9338712
2009-06-10,23.8869,23.9593,23.2476,23.6525,9547665
2009-06-11,23.742,24.002,23.5758,23.6738,8120585
2009-06-12,23.5843,23.8528,23.3414,23.7974,5738991
2009-06-15,23.5715,23.6099,23.0005,23.3201,9155977
2009-06-16,23.3329,23.5588,23.1624,23.2604,9611543
2009-06-17,23.2093,23.5374,23.1624,23.303,8891408
2009-06-18,23.2988,23.5673,23.2519,23.4096,8596967
2009-06-19,23.5332,23.546,23.026,23.0985,13356340
2009-06-22,22.9493,22.9493,22.2973,22.4081,9021706
2009-06-23,22.5104,22.57,22.0117,22.0927,8713599
2009-06-24,22.276,22.3825,21.4961,21.6538,10298309
2009-06-25,21.5771,22.3101,21.5387,22.1737,9709267
2009-06-26,22.0501,22.195,21.8157,21.9691,19555029
2009-06-29,22.0757,22.4337,22.0331,22.3612,8116453
2009-06-30,22.3314,22.4209,21.7987,22.1439,11115214
2009-07-01,22.2248,22.455,22.178,22.2802,7422219
2009-07-02,22.0331,22.0586,21.2659,21.4108,8766195
2009-07-06,21.2532,21.7262,21.023,21.6921,9982734
2009-07-07,21.6879,21.7305,21.0443,21.0656,9983528
2009-07-08,21.1978,21.3299,20.8866,21.1722,11124748
2009-07-09,21.3895,21.577,21.0912,21.1594,6894512
2009-07-10,20.9719,21.3043,20.8824,21.1551,7632603
2009-07-13,21.2446,21.9606,21.1424,21.9137,8988655
2009-07-14,21.9904,22.0501,21.6793,21.9819,5742328
2009-07-15,22.2589,22.9834,22.1694,22.9067,10547305
2009-07-16,22.928,23.1241,22.5871,23.0005,6611035
2009-07-17,22.9408,23.009,22.6894,22.928,7047533
2009-07-20,23.0303,23.4522,22.9919,23.4266,6992712
2009-07-21,23.205,23.286,22.8215,23.0005,11732064
2009-07-22,22.9323,23.1326,22.5487,22.6382,12760941
2009-07-23,22.6936,22.9024,22.4337,22.749,17759935
2009-07-24,22.749,22.8129,22.097,22.2589,12181115
2009-07-27,22.2291,22.3569,22.0416,22.2078,9666364
2009-07-28,22.0927,22.4251,22.0075,22.3484,8350195
2009-07-29,22.2206,22.732,22.1396,22.6723,7678843
2009-07-30,22.8854,23.4352,22.7703,23.1113,12049546
2009-07-31,23.124,23.367,23.0175,23.2135,9165988
2009-08-03,23.0644,23.6014,23.0644,23.5161,9882468
2009-08-04,23.4394,23.5928,23.2349,23.3499,9733737
2009-08-05,23.3755,23.4138,22.8726,23.107,7049122
2009-08-06,23.2391,23.5502,22.9664,23.465,9628069
2009-08-07,23.6823,23.8656,23.4863,23.6909,8903644
2009-08-10,23.6355,24.0488,23.5886,23.8187,7832658
2009-08-11,23.8443,23.8741,23.6269,23.7676,8836270
2009-08-12,23.742,25.0546,23.7377,24.7904,13772340
2009-08-13,24.752,24.7691,24.2662,24.4622,9433575
2009-08-14,24.3813,24.5816,24.0233,24.3813,6967765
2009-08-17,24.1895,24.2918,23.7633,23.921,8595696
2009-08-18,23.9934,24.3472,23.9636,24.2108,6105574
2009-08-19,23.9769,24.2945,23.8353,24.0284,10483269
2009-08-20,24.0113,24.5691,23.9598,24.5691,8050986
2009-08-21,24.7493,25.247,24.5519,25.1912,10842383
2009-08-24,25.2856,25.6246,25.217,25.4444,9147555
2009-08-25,25.4916,26.0151,25.3328,25.6203,10802817
2009-08-26,25.616,25.7319,25.3886,25.6461,5913305
2009-08-27,25.5817,25.9335,25.5431,25.749,6487728
2009-08-28,25.8692,25.9035,25.483,25.5903,6112247
2009-08-31,25.4358,25.4701,25.2427,25.4701,5974640
2009-09-01,25.4659,25.9164,25.144,25.3414,9823834
2009-09-02,25.3114,25.4401,25.1741,25.2513,5917277
2009-09-03,25.2556,25.6375,25.2513,25.5946,7522167
2009-09-04,25.6074,26.0408,25.5173,25.9679,5440895
2009-09-08,26.0623,26.1223,25.6718,25.9078,7867934
2009-09-09,25.955,26.3326,25.955,26.2768,7825825
2009-09-10,26.2811,26.6029,26.0623,26.5815,7267609
2009-09-11,26.6201,26.6201,26.3498,26.5986,7572538
2009-09-14,26.3927,26.4999,26.2339,26.4141,7688059
2009-09-15,26.4613,26.487,26.2511,26.2983,8599827
2009-09-16,26.4742,26.7531,26.324,26.5815,11542814
2009-09-17,26.5686,27.0492,26.5686,26.826,10620558
2009-09-18,26.9118,27.1521,26.8174,26.9548,10863993
2009-09-21,26.8046,27.0406,26.7316,26.8904,5864999
2009-09-22,27.1221,27.1607,26.9462,27.1307,7284294
2009-09-23,27.2379,27.3409,26.8904,26.9204,7465917
2009-09-24,27.0019,27.032,26.6072,26.7488,7468141
2009-09-25,26.6844,26.6844,26.1781,26.4055,7417293
2009-09-28,26.56,26.6673,26.4141,26.4484,8526415
2009-09-29,26.457,26.5729,26.2811,26.3068,6433702
2009-09-30,26.2468,26.4012,25.7319,26.1438,10320714
2009-10-01,26.1009,26.1652,25.7061,25.7404,9733578
2009-10-02,25.4787,25.719,25.4487,25.586,7409189
2009-10-05,25.7447,25.9507,25.4744,25.9293,5661130
2009-10-06,26.1223,26.5686,26.0408,26.3841,5921885
2009-10-07,26.1138,26.3712,26.1138,26.2039,3774511
2009-10-08,26.4313,26.723,26.2983,26.5085,7093773
2009-10-09,26.5342,26.6973,26.5085,26.6758,4468109
2009-10-12,26.7402,26.8132,26.191,26.3755,5741534
2009-10-13,26.3755,26.6673,26.2639,26.59,5852605
2009-10-14,26.9204,27.4053,26.7102,27.3581,8319527
2009-10-15,27.2294,27.6499,27.2294,27.6327,9007564
2009-10-16,27.5297,27.9288,27.5126,27.8429,9862605
2009-10-19,27.903,28.2592,27.8,28.0789,9502220
2009-10-20,27.637,28.2677,27.3752,28.0618,10435599
2009-10-21,27.9502,28.4308,27.7872,28.0618,9264029
2009-10-22,28.0017,28.345,27.8472,28.2763,7630219
2009-10-23,28.3192,28.4737,28.1219,28.2377,8839289
2009-10-26,28.2377,28.4308,27.6413,27.8172,8670696
2009-10-27,27.8987,28.0746,27.4224,27.4997,8908887
2009-10-28,27.3667,27.5984,26.8518,26.8647,7954057
2009-10-29,26.9075,27.3495,26.7488,27.2808,7930699
2009-10-30,27.2122,27.3667,26.354,26.3669,12995795
2009-11-02,26.4785,27.0062,26.3583,26.8861,7289220
2009-11-03,26.6758,27.1822,26.6758,27.1178,7042607
2009-11-04,27.268,27.7357,27.1993,27.2808,7065489
2009-11-05,27.4739,28.1047,27.4182,28.0832,5806206
2009-11-06,28.0446,28.1991,27.7571,27.9202,6189473
2009-11-09,28.1605,28.641,27.9373,28.6325,6093338
2009-11-10,28.6367,28.8341,28.4437,28.6325,5645081
2009-11-11,28.6882,28.9414,28.5895,28.7354,5416901
2009-11-12,28.8127,28.9929,28.5381,28.6196,7415545
2009-11-13,28.6882,29.2846,28.6024,29.1731,7867457
2009-11-16,29.3061,29.7781,29.1817,29.7523,8537697
2009-11-17,29.7695,30.0184,29.6408,30.0055,7645156
2009-11-18,30.0896,30.0983,29.5115,29.6884,9468533
2009-11-19,29.546,29.546,29.0326,29.3432,6687942
2009-11-20,29.2224,29.3864,29.1189,29.326,5340788
2009-11-23,29.5633,29.8264,29.464,29.6539,5181252
2009-11-24,29.5546,29.6539,29.3001,29.4554,6175649
2009-11-25,29.5417,29.5417,29.3044,29.4727,4328277
2009-11-27,28.8772,29.1577,28.627,28.9937,4129811
2009-11-30,28.9808,29.1059,28.7004,29.011,6850656
2009-12-01,29.3389,29.6366,29.2958,29.3389,6127502
2009-12-02,29.2224,29.6194,29.1318,29.4036,4223562
2009-12-03,29.3605,29.5503,28.9851,29.0196,6018496
2009-12-04,29.2483,29.6927,29.1232,29.477,6974757
2009-12-07,29.477,29.8566,29.4252,29.71,5539890
2009-12-08,29.5633,29.5633,29.0757,29.4381,6527135
2009-12-09,29.2267,29.2958,28.7996,29.0843,7684086
2009-12-10,29.244,29.7704,29.1577,29.3087,7605749
2009-12-11,29.6927,30.0508,29.6194,29.9429,9224463
2009-12-14,30.1587,30.1932,29.9731,30.163,7944206
2009-12-15,30.1069,30.3312,29.9257,30.3097,8688493
2009-12-16,30.3744,30.5254,30.2406,30.3097,8319210
2009-12-17,30.2277,30.2536,29.9688,30.0206,5909173
2009-12-18,30.1587,30.2018,29.8221,29.9688,15200056
2009-12-21,30.0077,30.2148,29.8912,29.9257,6506161
2009-12-22,29.9343,30.1414,29.8609,29.9214,6367123
2009-12-23,29.9257,30.1069,29.8264,29.9904,4571712
2009-12-24,30.0638,30.4175,30.0638,30.3571,1992447
2009-12-28,30.3313,30.5384,30.1975,30.4003,3212799
2009-12-29,30.4564,30.5858,30.3312,30.3312,3600674
2009-12-30,30.3313,30.4348,30.2018,30.4132,3481658
2009-12-31,30.4909,30.5297,29.9084,29.9473,4200680
2010-01-04,30.2924,31.0043,30.1414,30.9051,9699415
2010-01-05,30.9094,30.9094,30.3226,30.4434,7952786
2010-01-06,30.4434,30.5599,30.2148,30.2838,7511044
2010-01-07,30.2061,30.4693,30.0163,30.4132,6776132
2010-01-08,30.314,30.5038,30.3097,30.4736,7396477
2010-01-11,30.5168,31.1769,30.5168,31.1338,8787170
2010-01-12,30.9784,31.0431,30.6592,30.9525,7423808
2010-01-13,30.9871,31.3495,30.9741,31.3063,7749712
2010-01-14,31.1683,31.4314,31.1165,31.4142,5643016
2010-01-15,31.4228,31.466,30.9267,31.0604,8490504
2010-01-19,31.0604,31.4703,30.9094,31.1898,5848632
2010-01-20,31.069,31.1683,30.4736,30.8188,5836715
2010-01-21,30.8274,31.0,30.094,30.2579,8121856
2010-01-22,30.1457,30.3269,29.7704,29.8049,9238446
2010-01-25,29.9904,29.9904,29.5805,29.5935,7944047
2010-01-26,29.3389,29.71,29.2526,29.5417,7939280
2010-01-27,29.0196,29.2742,28.6917,29.1706,12220522
2010-01-28,29.2052,29.2656,28.7133,29.0671,8864554
2010-01-29,29.0757,29.5503,28.7521,29.1145,11491807
2010-02-01,29.2354,29.326,28.9937,29.1448,7812636
2010-02-02,29.2915,29.5244,29.2052,29.3519,9739458
2010-02-03,29.2613,29.5244,29.2095,29.4425,6595939
2010-02-04,29.2828,29.3173,28.6227,28.6399,9507305
2010-02-05,28.64,28.9075,28.0661,28.6917,12434402
2010-02-08,28.5968,28.6184,28.1783,28.2171,8358776
2010-02-09,28.5623,28.9549,28.3509,28.7004,8385948
2010-02-10,28.7004,28.8772,28.5235,28.7521,7838696
2010-02-11,28.6313,28.8427,28.4156,28.7823,8746015
2010-02-12,28.4329,28.5882,28.0489,28.3422,12644309
2010-02-16,28.5019,28.6615,28.2862,28.6184,9996399
2010-02-17,28.7899,29.324,28.5815,29.2459,9515727
2010-02-18,29.324,29.654,29.2763,29.5759,6554307
2010-02-19,29.6323,29.9189,29.5759,29.7539,8415503
2010-02-22,29.8929,29.9276,29.5845,29.7018,5261656
2010-02-23,29.6931,29.8538,29.4065,29.4369,6598005
2010-02-24,29.6106,29.8321,29.4369,29.7973,7694574
2010-02-25,29.3414,29.8321,29.1156,29.819,9407833
2010-02-26,29.8191,29.9537,29.5889,29.8104,6313415
2010-03-01,29.8929,30.3097,29.8929,30.2403,5884385
2010-03-02,30.3488,30.3966,30.2403,30.288,9464561
2010-03-03,30.3271,30.5616,30.1491,30.2229,7683768
2010-03-04,30.2489,30.7396,30.2403,30.5572,8980551
2010-03-05,30.6441,30.9654,30.6441,30.9394,6447209
2010-03-08,30.9133,31.0132,30.7266,30.7266,6385397
2010-03-09,31.0523,31.3736,30.9003,31.1695,8835635
2010-03-10,31.252,31.3606,30.9958,31.1739,7788960
2010-03-11,31.2433,31.2824,30.9437,31.2824,7919099
2010-03-12,31.1739,31.4605,30.8916,31.061,9225098
2010-03-15,31.0523,31.3128,30.9698,31.1956,8680866
2010-03-16,31.252,31.4822,31.087,31.4387,8190501
2010-03-17,31.5386,31.6124,31.2911,31.3476,7128731
2010-03-18,31.2998,31.5039,31.2911,31.4822,5044439
2010-03-19,31.8035,32.0206,31.5777,31.8035,14617370
2010-03-22,31.5516,31.7123,31.5126,31.5299,8226094
2010-03-23,31.5777,31.7731,31.5169,31.7384,7887955
2010-03-24,31.6906,31.9338,31.5951,31.7167,6643450
2010-03-25,31.8773,32.0554,31.7775,31.8165,6254781
2010-03-26,31.899,32.1639,31.899,31.9685,7617189
2010-03-29,32.0423,32.2725,31.9728,32.1335,4821026
2010-03-30,32.2291,32.5026,32.1118,32.19,4570123
2010-03-31,32.1031,32.2768,31.8817,31.9642,5977182
2010-04-01,32.0771,32.342,31.9338,32.19,5492061
2010-04-05,32.2725,32.546,32.2291,32.5026,7158445
2010-04-06,32.368,32.5547,32.3159,32.4245,5862774
2010-04-07,32.3724,32.4114,31.9294,32.1292,8303161
2010-04-08,31.9989,32.0944,31.8209,32.0033,5328394
2010-04-09,32.0076,32.1335,31.8773,32.1292,4478279
2010-04-12,32.2898,32.2898,31.9555,32.0293,6029619
2010-04-13,31.9512,32.0076,31.6689,31.899,7019090
2010-04-14,31.8426,32.1552,31.7557,32.1335,5377017
2010-04-15,32.0858,32.4462,32.0293,32.3984,5340311
2010-04-16,32.4201,32.4722,31.7905,31.9989,12028094
2010-04-19,31.899,32.051,31.6993,32.0293,8139335
2010-04-20,32.19,32.4288,31.8165,32.2204,7909883
2010-04-21,31.9728,33.4753,31.9728,33.4058,17012311
2010-04-22,33.2756,33.3277,32.976,33.1887,13681926
2010-04-23,33.2278,33.3407,32.9065,33.2061,7485620
2010-04-26,33.2495,33.471,33.1149,33.1757,5493650
2010-04-27,33.0932,33.154,32.1639,32.2725,9910752
2010-04-28,32.4114,32.5243,31.9425,32.4201,9728811
2010-04-29,32.7024,33.154,32.6372,33.0107,7904163
2010-04-30,33.0107,33.2148,32.5243,32.546,8053847
2010-05-03,32.6807,33.167,32.6286,33.1236,6539688
2010-05-04,32.8326,32.8326,31.8947,32.203,8622867
2010-05-05,31.9555,32.2681,31.6255,31.9555,9818908
2010-05-06,31.721,32.1335,28.2992,30.935,14730030
2010-05-07,30.7657,31.0306,29.9015,30.1621,16350810
2010-05-10,31.4995,31.8513,31.2651,31.7167,12222906
2010-05-11,31.4127,32.2421,31.4083,31.7557,9488555
2010-05-12,31.9064,32.0724,31.7011,31.9501,8051781
2010-05-13,31.9326,32.3694,31.7666,31.8234,8387854
2010-05-14,31.6007,31.7142,30.8756,31.2644,10564784
2010-05-17,31.3211,31.4478,30.5393,31.0241,9502856
2010-05-18,31.2556,31.4216,30.7839,30.8713,9596924
2010-05-19,30.6441,30.9018,29.989,30.2903,13508566
2010-05-20,29.6134,29.9453,28.9844,29.015,17311837
2010-05-21,28.2069,29.312,28.2069,29.0193,16885985
2010-05-24,29.1154,29.1722,28.7442,28.8839,8493364
2010-05-25,28.1021,28.9626,27.8619,28.897,12486998
2010-05-26,29.1853,29.5915,28.8272,28.8927,10424635
2010-05-27,29.4124,29.7488,29.2596,29.7488,8064811
2010-05-28,29.8099,29.8798,29.2814,29.4299,7642137
2010-06-01,29.0849,29.4692,28.7966,28.849,8146644
2010-06-02,29.0324,29.4954,28.8097,29.4648,6833336
2010-06-03,29.5959,29.8099,29.3862,29.6352,6216486
2010-06-04,29.098,29.1809,28.338,28.4515,10265417
2010-06-07,28.5039,28.5869,27.5824,27.6129,13205702
2010-06-08,27.626,28.0715,27.4644,28.0453,11799120
2010-06-09,28.1502,28.3074,27.6348,27.7003,12709458
2010-06-10,28.1851,28.6612,27.8924,28.6044,9332833
2010-06-11,28.3598,28.9538,28.1938,28.9276,7283340
2010-06-14,29.0412,29.6265,29.0193,29.2203,10580992
2010-06-15,29.2727,29.989,29.2465,29.9628,7857605
2010-06-16,29.7793,30.0108,29.7225,29.9584,6447685
2010-06-17,29.9846,30.0065,29.574,29.9453,6910561
2010-06-18,29.9846,30.2467,29.9235,30.2161,9832414
2010-06-21,30.7228,30.845,30.1549,30.2991,7181327
2010-06-22,30.2685,30.4301,29.6352,29.6963,6670781
2010-06-23,29.7793,30.0021,29.4648,29.6963,8057660
2010-06-24,29.6527,29.9235,29.3338,29.4168,8748716
2010-06-25,29.4518,29.6527,29.181,29.6396,12584086
2010-06-28,29.6614,29.6832,29.1853,29.312,5268806
2010-06-29,28.8665,29.1635,28.0934,28.3773,11168128
2010-06-30,28.386,28.7616,28.1414,28.3511,10425906
2010-07-01,28.3249,28.3511,27.7876,28.1239,9020594
2010-07-02,28.1502,28.3598,27.8837,28.0803,6338203
2010-07-06,28.3074,28.4865,27.9143,28.2113,9184420
2010-07-07,28.2157,29.0849,28.1982,29.0674,8351307
2010-07-08,29.2945,29.3688,28.9538,29.3644,5780623
2010-07-09,29.3862,29.5697,29.2115,29.4867,4639244
2010-07-12,29.3426,29.5216,28.9451,29.1242,6017861
2010-07-13,29.3426,29.8405,29.3426,29.5959,8002045
2010-07-14,29.5391,29.8492,29.4299,29.7051,5468226
2010-07-15,29.6832,29.858,29.3382,29.7662,6896578
2010-07-16,29.6789,29.7094,28.7747,28.8403,7148434
2010-07-19,29.0106,29.2203,28.8796,28.9975,7518671
2010-07-20,28.718,29.5871,28.718,29.4998,8352420
2010-07-21,29.5566,30.0196,29.0586,29.277,10485334
2010-07-22,29.7051,30.535,29.7051,30.369,8263595
2010-07-23,30.3471,31.0722,30.2074,30.9674,7406329
2010-07-26,30.8451,31.3561,30.7271,31.2687,7206751
2010-07-27,31.4303,31.4347,30.9018,31.0503,7337208
2010-07-28,31.0416,31.2163,30.9149,31.0591,5819077
2010-07-29,31.2207,31.4478,30.7883,31.0765,8201624
2010-07-30,30.8189,31.2294,30.4825,31.0547,7509137
2010-08-02,31.4653,31.8191,31.3474,31.7142,6033274
2010-08-03,31.557,31.7885,31.4391,31.4609,5653344
2010-08-04,31.5395,31.8584,31.474,31.7404,4461594
2010-08-05,31.6138,32.0375,31.4959,31.972,4872033
2010-08-06,31.6225,31.9763,31.3081,31.7667,5106410
2010-08-09,32.0331,32.1466,31.8365,32.0374,4236910
2010-08-10,31.806,32.2384,31.4172,32.0549,6505207
2010-08-11,31.5177,31.5919,30.9106,31.129,7689012
2010-08-12,30.7271,30.9848,30.7009,30.8276,4547718
2010-08-13,30.6922,31.0023,30.631,30.88,3929279
2010-08-16,30.6616,30.9149,30.3559,30.7271,4123296
2010-08-17,30.9455,31.1552,30.5349,30.797,10305142
2010-08-18,30.9091,31.0233,30.4477,30.7289,7856969
2010-08-19,30.5927,30.8212,29.8896,30.1049,9650474
2010-08-20,29.6831,30.1884,29.6216,29.9335,6073794
2010-08-23,30.1181,30.3071,29.5337,29.5381,6284495
2010-08-24,29.147,29.2524,28.7339,28.8526,8400249
2010-08-25,28.6241,28.8921,28.3736,28.6768,10498364
2010-08-26,28.7866,28.9273,28.5406,28.5845,8889819
2010-08-27,28.9976,29.3008,28.5581,29.2524,8063539
2010-08-30,29.2085,29.2085,28.7339,28.7339,5356678
2010-08-31,28.6153,28.8833,28.4175,28.6548,8261847
2010-09-01,29.0152,29.6963,28.8614,29.604,8312059
2010-09-02,29.4897,29.6347,29.4018,29.6347,6097470
2010-09-03,29.894,30.1269,29.6523,29.9951,6858124
2010-09-07,29.8852,30.061,29.7358,29.872,5973528
2010-09-08,29.9072,30.2939,29.894,30.0874,4882838
2010-09-09,30.474,30.518,29.9907,30.1533,4269325
2010-09-10,30.2763,30.3861,30.0917,30.2719,4808950
2010-09-13,30.4652,30.6718,30.0039,30.228,7113635
2010-09-14,30.1972,30.4565,30.039,30.1972,5509222
2010-09-15,30.1884,30.1884,29.9028,29.9995,5867700
2010-09-16,29.9511,30.1796,29.8808,30.1137,4454444
2010-09-17,30.2939,30.5971,30.1269,30.5531,8264866
2010-09-20,30.6278,31.0321,30.4301,30.9222,4700262
2010-09-21,30.9926,31.2958,30.8827,31.0233,7102194
2010-09-22,30.9486,31.2914,30.9486,31.0145,4858209
2010-09-23,30.7421,31.0101,30.5927,30.6718,5423257
2010-09-24,30.953,31.4979,30.953,31.4188,4752858
2010-09-27,31.3485,31.4012,31.1332,31.1595,5921726
2010-09-28,31.265,31.5506,30.7773,31.4628,5552443
2010-09-29,31.3309,31.5418,31.2738,31.4144,4657836
2010-09-30,31.5594,32.0516,31.1991,31.3001,7969312
2010-10-01,31.4979,31.6517,31.1903,31.2562,7940551
2010-10-04,31.6121,31.6517,30.8607,30.9926,7035139
2010-10-05,31.3353,31.9988,31.3045,31.8626,8804967
2010-10-06,31.8055,32.056,31.8055,32.0208,6279410
2010-10-07,31.9988,32.0999,31.8187,31.9813,4792265
2010-10-08,32.0735,32.1658,31.7703,32.0384,5569763
2010-10-11,32.1263,32.1263,31.9066,32.0472,3900359
2010-10-12,31.9022,32.1966,31.5506,32.0691,6256846
2010-10-13,32.302,32.781,32.2361,32.5965,7930540
2010-10-14,32.6009,32.6052,32.2537,32.5833,7709987
2010-10-15,32.6668,32.8997,32.2537,32.5613,7423490
2010-10-18,32.636,32.9129,32.5086,32.7634,6089048
2010-10-19,32.4295,32.5964,32.012,32.346,9228594
2010-10-20,31.6429,32.6404,31.6034,32.4822,13922500
2010-10-21,32.658,33.2117,32.6272,32.9436,14042946
2010-10-22,33.0666,33.0666,32.7327,32.9304,5029344
2010-10-25,33.1589,33.2073,32.8689,32.9612,6465482
2010-10-26,32.7239,32.8777,32.5305,32.8118,5599795
2010-10-27,32.614,32.7547,32.2098,32.7195,5272938
2010-10-28,32.9612,33.1238,32.5086,32.825,4991049
2010-10-29,32.658,32.9041,32.5613,32.8557,4210850
2010-11-01,33.0754,33.2951,32.5657,32.7986,5405142
2010-11-02,33.0491,33.2292,32.9919,33.0666,4459211
2010-11-03,33.0622,33.1897,32.6536,32.9788,5699425
2010-11-04,33.4006,33.7917,33.1589,33.5017,8743631
2010-11-05,33.6115,33.7873,33.4577,33.7258,7476881
2010-11-08,33.6247,33.7961,33.5412,33.673,5004238
2010-11-09,33.6994,33.739,33.5456,33.6994,6054408
2010-11-10,33.6291,33.6687,33.3083,33.4621,6392865
2010-11-11,33.3391,33.3742,32.9744,33.1282,5571670
2010-11-12,32.9304,33.0535,32.7019,32.904,7581278
2010-11-15,32.9656,33.2775,32.8996,33.093,7497061
2010-11-16,32.8689,32.9304,32.4163,32.5877,9517792
2010-11-17,32.5855,32.7357,32.4529,32.5457,6192810
2010-11-18,32.8595,33.3677,32.8064,33.16,5803981
2010-11-19,33.1865,33.3279,32.9876,33.2837,6390958
2010-11-22,33.1026,33.3633,32.8197,33.1954,5470450
2010-11-23,32.8683,32.9169,32.5722,32.7843,6530313
2010-11-24,33.0407,33.6815,32.9523,33.6285,6224749
2010-11-26,33.4163,33.4473,33.2351,33.2705,3120637
2010-11-29,33.023,33.1821,32.6518,33.0584,6926133
2010-11-30,32.7534,33.4517,32.7225,33.2661,8809098
2010-12-01,33.8274,34.6892,33.8274,34.5875,12631597
2010-12-02,34.645,35.0737,34.5168,34.782,7696639
2010-12-03,34.6582,34.8306,34.6008,34.7997,5125320
2010-12-06,34.729,34.8262,34.5743,34.6538,4288870
2010-12-07,35.0958,35.0958,34.6361,34.7113,7114906
2010-12-08,34.7643,34.9234,34.1853,34.3356,8552475
2010-12-09,34.5345,34.5654,34.2163,34.3091,6138625
2010-12-10,34.6892,34.8394,34.5036,34.6494,6074588
2010-12-13,34.8439,34.8439,34.5212,34.5389,5962723
2010-12-14,34.3931,34.919,34.3931,34.8483,5639679
2010-12-15,34.7864,35.0958,34.7289,34.8925,6309125
2010-12-16,34.8394,35.0251,34.7334,34.9234,4845814
2010-12-17,34.8394,34.9499,34.6406,34.8262,8559149
2010-12-20,35.0825,35.1356,34.8218,34.8704,4453173
2010-12-21,34.9278,35.1223,34.7201,35.0692,4504338
2010-12-22,35.0825,35.2239,34.9455,35.1444,3374400
2010-12-23,35.1311,35.1797,35.003,35.1356,2959036
2010-12-27,35.0781,35.0914,34.9057,35.0339,2206803
2010-12-28,35.1665,35.1665,34.9322,35.0427,3283351
2010-12-29,35.1179,35.2107,34.9543,34.9588,2477410
2010-12-30,34.8792,34.9676,34.7422,34.8483,2390492
2010-12-31,34.8262,34.835,34.5831,34.7908,2831916
2011-01-03,34.9985,35.1002,34.8969,34.9101,4862022
2011-01-04,34.7334,35.1267,34.6494,34.9676,5814151
2011-01-05,34.7334,35.1621,34.7334,35.0162,4481933
2011-01-06,35.0958,35.246,34.9323,34.9809,5539890
2011-01-07,34.9764,35.2195,34.751,34.9499,4404549
2011-01-10,34.592,34.7776,34.3886,34.6759,5246242
2011-01-11,34.7378,34.9941,34.6803,34.8792,5521139
2011-01-12,35.1665,35.3123,35.0206,35.1046,5151856
2011-01-13,35.1311,35.2505,34.9809,35.1356,4281561
2011-01-14,35.0029,35.0516,34.7776,34.9499,7347536
2011-01-18,35.0383,35.246,34.9985,35.1665,6029778
2011-01-19,35.2107,35.3565,34.9897,35.3168,6529042
2011-01-20,35.1886,35.3167,34.9057,35.1576,6262249
2011-01-21,35.3123,35.5775,35.2505,35.4449,7330375
2011-01-24,35.4714,36.0372,35.4714,36.0283,7533767
2011-01-25,36.0018,36.1211,35.7454,36.1211,7143667
2011-01-26,36.099,36.2183,35.6924,35.9797,8444264
2011-01-27,36.2139,36.678,36.152,36.5012,7071050
2011-01-28,36.6249,36.7178,35.6703,35.9885,7251560
2011-01-31,36.152,36.236,35.6482,35.9311,6821100
2011-02-01,36.0769,36.2669,35.9885,36.1653,5600748
2011-02-02,36.1697,36.4791,36.099,36.3112,4367684
2011-02-03,36.3112,36.3774,36.0548,36.3377,3618471
2011-02-04,36.3863,36.5056,36.2449,36.4703,4503862
2011-02-07,36.6161,37.0448,36.5631,36.9741,5678292
2011-02-08,36.731,37.0978,36.7266,37.0713,4094059
2011-02-09,37.0006,37.1243,36.7796,37.1155,4909057
2011-02-10,37.2879,37.6326,37.2746,37.4558,7033709
2011-02-11,37.4072,37.7696,37.3276,37.6547,4726481
2011-02-14,37.5972,37.7608,37.5221,37.6591,4423458
2011-02-15,37.6149,37.6149,37.3409,37.5354,4477961
2011-02-16,37.6931,37.813,37.4932,37.7819,4760326
2011-02-17,37.6087,37.7553,37.4221,37.5509,5271825
2011-02-18,37.6398,37.7686,37.5687,37.7597,6052183
2011-02-22,37.5509,37.6175,36.9468,37.1156,6632645
2011-02-23,37.2045,37.4221,36.5338,36.7736,8321752
2011-02-24,36.6981,37.0357,36.3383,36.7425,5612030
2011-02-25,37.0135,37.1112,36.8225,37.0312,4142841
2011-02-28,37.1245,37.3999,37.0046,37.1067,5097989
2011-03-01,37.1911,37.3244,36.3872,36.4582,6376816
2011-03-02,36.5471,36.6626,36.1651,36.4449,6143074
2011-03-03,36.6182,37.4221,36.5782,37.2444,6330099
2011-03-04,37.1689,37.2267,36.5115,36.8047,6333595
2011-03-07,36.8802,37.1823,36.3783,36.5471,6120987
2011-03-08,36.6803,37.3333,36.4893,36.9824,5492537
2011-03-09,36.9246,36.9557,36.436,36.818,6046781
2011-03-10,36.4982,36.5382,35.7875,35.943,10488989
2011-03-11,35.8186,36.2539,35.6498,36.1029,6648058
2011-03-14,35.863,36.0807,35.672,35.863,5922839
2011-03-15,34.8592,35.5388,34.224,35.3167,9102110
2011-03-16,35.2323,35.3567,34.7304,34.7926,9778229
2011-03-17,35.259,35.4899,35.0902,35.3078,7219780
2011-03-18,35.7564,35.9385,35.4544,35.6054,9623937
2011-03-21,36.1118,36.4316,35.943,36.1828,5181252
2011-03-22,36.2095,36.2139,35.7875,35.9252,7172269
2011-03-23,35.9163,36.5382,35.8941,36.3605,6245088
2011-03-24,36.4183,36.8225,36.3205,36.7603,5176485
2011-03-25,36.8713,37.1289,36.7736,37.0979,6383808
2011-03-28,37.2,37.3555,37.0223,37.0756,5648577
2011-03-29,37.1201,37.4221,36.9824,37.3644,5458692
2011-03-30,37.4976,37.5642,37.2977,37.4132,3879544
2011-03-31,37.3022,37.8041,37.2933,37.5998,5667804
2011-04-01,37.7952,38.1772,37.7108,37.8974,5244018
2011-04-04,38.0528,38.0706,37.7197,37.8574,3298605
2011-04-05,37.7553,38.0218,37.5687,37.9329,3829172
2011-04-06,38.115,38.195,37.8396,38.0484,3196909
2011-04-07,37.9551,38.1994,37.6042,37.9152,4106771
2011-04-08,38.0351,38.1861,37.391,37.6709,4107247
2011-04-11,37.7552,38.004,37.662,37.7464,3843314
2011-04-12,37.5376,37.6531,37.089,37.3022,5190151
2011-04-13,37.5243,37.6531,37.0223,37.4043,5954301
2011-04-14,37.1911,37.3199,36.7336,37.3022,4841047
2011-04-15,37.3466,37.3999,36.938,37.0668,7090913
2011-04-18,36.6981,36.7025,36.0629,36.2894,8723292
2011-04-19,36.2983,36.6315,36.2983,36.5826,5418172
2011-04-20,37.6753,38.577,37.3111,38.155,12631120
2011-04-21,38.2616,38.7635,38.0484,38.688,9296127
2011-04-25,38.6436,38.6836,38.3282,38.4393,5565949
2011-04-26,38.5459,39.2921,38.4792,39.0256,9534000
2011-04-27,39.0744,39.1411,38.7946,39.0256,5525589
2011-04-28,39.0478,39.7274,38.9323,39.5364,6566701
2011-04-29,39.603,39.8873,39.5275,39.7896,5788091
2011-05-02,39.9895,40.2737,39.7496,39.9761,6009598
2011-05-03,39.8473,40.1893,39.7452,39.9095,5684965
2011-05-04,39.9539,40.1272,39.3943,39.7008,7102036
2011-05-05,39.5719,39.7718,39.0434,39.3232,7848389
2011-05-06,39.8162,40.2249,39.5098,39.6252,7969947
2011-05-09,39.4787,40.0561,39.4787,39.7629,4106612
2011-05-10,39.8918,40.0295,39.834,39.8918,5452336
2011-05-11,39.9273,40.0561,39.6696,39.7629,6639319
2011-05-12,39.5941,39.8429,39.4209,39.7851,6038200
2011-05-13,39.9362,39.985,39.2432,39.5231,5418808
2011-05-16,39.2921,39.643,39.1278,39.4787,5344443
2011-05-17,39.3587,39.4875,38.688,39.0078,8123286
2011-05-18,38.8783,39.0659,38.6997,38.923,9116093
2011-05-19,39.1418,39.5974,39.1061,39.3472,5991960
2011-05-20,39.3473,39.3562,38.856,39.0793,6249537
2011-05-23,38.5925,38.6416,38.3111,38.4496,6546362
2011-05-24,38.454,38.5478,38.2084,38.2396,5412293
2011-05-25,38.128,38.7309,38.0565,38.5255,6423850
2011-05-26,38.4362,38.6729,38.1503,38.5835,5598365
2011-05-27,38.6639,38.7443,38.4406,38.5567,4619859
2011-05-31,38.856,39.2088,38.6684,39.1999,7540441
2011-06-01,38.9766,39.0927,37.6278,37.6501,11067067
2011-06-02,37.659,37.7617,37.3821,37.6456,6977617
2011-06-03,37.1186,37.3464,36.8149,37.1767,8061950
2011-06-06,37.0382,37.5384,36.9623,37.3866,8688811
2011-06-07,37.4938,37.5831,37.1767,37.1811,5298044
2011-06-08,37.3509,37.3509,36.931,37.0874,4980721
2011-06-09,37.2169,37.7484,37.0561,37.5563,6176761
2011-06-10,37.3419,37.4536,36.8909,36.9355,6804416
2011-06-13,37.0338,37.1722,36.8551,36.9668,5379560
2011-06-14,37.2303,37.7037,37.2213,37.525,6390164
2011-06-15,37.1588,37.4938,36.9936,37.1901,5629350
2011-06-16,37.2213,37.8019,37.1097,37.6724,7820899
2011-06-17,37.9583,38.0789,37.735,37.7707,9852436
2011-06-20,37.6769,38.3558,37.601,38.2039,5690368
2011-06-21,38.3156,38.454,38.0253,38.2128,6971738
2011-06-22,38.0833,38.5031,38.0387,38.1592,5391795
2011-06-23,37.659,38.0476,37.3777,38.0163,7947066
2011-06-24,38.0074,38.0833,37.4447,37.6635,7006696
2011-06-27,37.5206,38.3111,37.4,38.1101,5064938
2011-06-28,38.3513,38.6729,38.1726,38.655,6871154
2011-06-29,38.9676,38.9676,38.4049,38.6193,6700336
2011-06-30,38.7265,40.0395,38.6907,39.5304,7308606
2011-07-01,39.6242,40.4325,39.4634,40.2539,7124599
2011-07-05,40.1333,40.4504,39.8475,39.977,6430524
2011-07-06,40.0306,40.4683,39.9055,40.3834,6882754
2011-07-07,40.6469,41.0131,40.5353,40.8166,10032469
2011-07-08,40.4192,40.6291,40.1735,40.3522,7185458
2011-07-11,39.9055,40.1601,39.6688,39.8073,7798335
2011-07-12,39.9457,39.9547,39.45,39.508,7982818
2011-07-13,39.6152,39.9011,39.2981,39.3785,5932532
2011-07-14,39.2624,39.8207,39.1284,39.2222,5000106
2011-07-15,39.3562,39.5706,39.1329,39.4455,6596098
2011-07-18,39.3071,39.3607,38.7711,39.1329,5859755
2011-07-19,39.2937,39.9993,39.2758,39.6688,7955487
2011-07-20,39.1463,39.1463,38.262,38.9542,9929820
2011-07-21,39.517,39.7492,39.2177,39.3964,7863484
2011-07-22,39.6644,39.709,39.1552,39.1686,5792223
2011-07-25,38.6997,39.2445,38.5433,38.9989,5273891
2011-07-26,38.8694,38.9632,38.2307,38.4897,7337684
2011-07-27,38.1905,38.2307,37.2973,37.4,9693218
2011-07-28,37.5608,37.6814,36.9891,37.0338,7410302
2011-07-29,36.7077,37.3955,36.3996,36.998,7736682
2011-08-01,37.2079,37.4357,36.2834,36.7747,7068984
2011-08-02,36.4755,36.6854,35.2517,35.2517,10685231
2011-08-03,35.2562,35.5063,34.6801,35.4215,11792605
2011-08-04,34.89,35.0284,33.1526,33.2152,15607317
2011-08-05,33.626,33.9655,32.4514,33.1124,16543079
2011-08-08,32.1254,32.7551,31.1339,31.1473,19292526
2011-08-09,30.3523,32.0093,29.9772,31.9646,18652635
2011-08-10,31.1786,31.3617,30.0174,30.1201,16535929
2011-08-11,30.1692,31.5537,30.0174,31.1473,14054387
2011-08-12,31.2143,32.4068,31.1831,32.3577,15019228
2011-08-15,32.6971,32.9159,32.246,32.8445,11414105
2011-08-16,32.4559,32.9963,32.1522,32.4023,9551956
2011-08-17,32.708,32.7934,32.1415,32.3933,7509296
2011-08-18,31.4087,31.4806,30.3207,30.6264,15294920
2011-08-19,30.1993,31.0445,30.1948,30.3252,13802531
2011-08-22,31.031,31.094,30.1993,30.4286,9456457
2011-08-23,30.6714,31.4402,30.4915,31.4402,10469921
2011-08-24,31.3278,32.1865,31.2468,32.1056,8128688
2011-08-25,32.164,32.6541,31.656,31.8089,11891917
2011-08-26,31.5885,32.3888,30.9636,32.173,8397388
2011-08-29,32.6766,33.279,32.6586,33.2116,6457537
2011-08-30,33.1756,33.4184,32.9643,33.1621,8765719
2011-08-31,33.4903,33.886,33.1846,33.3824,8094366
2011-09-01,33.4139,33.8455,32.807,32.8429,8019206
2011-09-02,32.209,32.3169,31.7684,31.9392,7688694
2011-09-06,30.8287,31.7684,30.7928,31.6964,7537104
2011-09-07,32.4068,32.807,32.1371,32.8025,7331646
2011-09-08,32.5642,33.0182,32.5012,32.6541,8495589
2011-09-09,32.182,32.3394,31.5256,31.7099,8423607
2011-09-12,31.3548,32.0202,31.13,31.9797,7969947
2011-09-13,32.1865,32.6991,31.7819,32.5732,6728303
2011-09-14,32.735,33.6072,32.0516,33.1262,7777837
2011-09-15,33.4679,34.0388,33.4094,33.9939,8567570
2011-09-16,34.2322,34.2771,33.5937,33.9444,14227429
2011-09-19,33.3689,34.1153,33.2071,33.9669,8447442
2011-09-20,34.2636,34.5963,33.7016,34.1737,9189664
2011-09-21,34.1467,34.8796,33.6342,33.6612,11071993
2011-09-22,31.4941,31.6919,30.2667,30.7118,20851811
2011-09-23,31.022,31.3547,30.7298,30.9861,13923295
2011-09-26,31.4132,32.2405,31.0805,32.1685,12660993
2011-09-27,33.0407,33.6567,32.5327,32.8879,10872097
2011-09-28,32.9913,33.3914,32.2135,32.3034,10133689
2011-09-29,32.8699,32.9553,31.8853,32.5597,7496584
2011-09-30,31.7909,32.3663,31.4896,31.6335,10962193
2011-10-03,31.4177,31.8853,31.049,31.1839,9643323
2011-10-04,30.7658,31.3278,30.0644,31.2648,13665400
2011-10-05,31.2693,31.4447,30.9321,31.2963,15532157
2011-10-06,31.3637,31.9347,31.0985,31.9123,9206189
2011-10-07,32.1865,32.5417,31.8718,32.128,8279167
2011-10-10,32.6856,33.1576,32.5732,33.1576,5421509
2011-10-11,33.0992,33.2745,32.798,33.1531,5773790
2011-10-12,33.4004,33.7196,33.1936,33.3779,8097862
2011-10-13,33.6432,33.6836,32.5462,33.0632,7555059
2011-10-14,33.4723,33.6522,33.2655,33.5578,5022511
2011-10-17,33.4858,33.5263,32.3484,32.4248,6371731
2011-10-18,32.5777,33.6837,32.236,33.324,7953104
2011-10-19,33.0452,33.6207,32.5956,32.9373,10210437
2011-10-20,33.0812,33.5623,32.6271,33.3824,7980594
2011-10-21,33.7196,34.0973,33.5083,33.9714,9614880
2011-10-24,34.1917,34.5783,34.0748,34.4615,6672211
2011-10-25,33.7916,34.3266,33.7016,33.8455,6660929
2011-10-26,34.3446,34.5514,33.7331,34.1962,7892404
2011-10-27,35.01,35.9541,34.983,35.6529,9747244
2011-10-28,35.5225,35.9316,35.5,35.7473,6552242
2011-10-31,35.5899,35.5944,35.0414,35.0594,5896461
2011-11-01,34.2277,34.2861,33.4319,33.805,9308839
2011-11-02,34.412,34.7942,34.2456,34.5783,7526616
2011-11-03,34.983,35.3606,34.6863,35.2662,7003676
2011-11-04,35.1403,35.1403,34.403,34.9785,6565430
2011-11-07,35.1044,35.2258,34.5604,35.2213,5476171
2011-11-08,35.3517,35.518,35.028,35.4596,5969873
2011-11-09,34.8121,34.911,34.1512,34.367,7440651
2011-11-10,34.7492,35.1224,34.5559,34.8301,5822573
2011-11-11,35.3651,36.1294,35.3651,35.8912,7267609
2011-11-14,35.5989,35.8462,35.3741,35.5405,5004556
2011-11-15,35.4326,35.8777,35.1314,35.6664,5999270
2011-11-16,35.2412,35.689,34.9833,35.0331,9135956
2011-11-17,34.9472,35.0195,33.8932,34.237,7822965
2011-11-18,34.4903,34.5672,34.047,34.427,5469815
2011-11-21,33.7621,33.8525,32.9479,33.5042,7456065
2011-11-22,33.4002,33.45,32.8076,33.0429,6066961
2011-11-23,32.4639,32.7624,32.102,32.102,7489910
2011-11-25,31.8487,32.5724,31.8487,32.1337,3007341
2011-11-28,32.8438,33.2826,32.7895,33.0836,6397473
2011-11-29,33.3459,33.4228,32.9976,33.0112,5942701
2011-11-30,34.0832,34.7979,34.0787,34.6486,8453957
2011-12-01,34.4677,34.8974,34.4677,34.6396,4347981
2011-12-02,35.1055,35.4266,34.5808,34.6215,7512315
2011-12-05,35.2095,35.3316,34.3953,34.6667,7177195
2011-12-06,34.816,34.8296,34.436,34.5175,5641109
2011-12-07,34.332,34.6622,33.7847,34.4903,8233880
2011-12-08,34.228,34.436,33.5133,33.6399,6823325
2011-12-09,33.7847,34.6396,33.7394,34.5175,6275438
2011-12-12,34.2099,34.2687,33.5404,33.6897,7698228
2011-12-13,33.9294,34.3591,33.3595,33.563,8574562
2011-12-14,33.364,33.563,32.9071,33.0971,8224664
2011-12-15,33.2916,33.4861,32.984,33.26,6046304
2011-12-16,33.3233,33.6128,32.5046,32.7443,18548238
2011-12-19,32.8438,33.1469,32.387,32.4548,6826185
2011-12-20,33.1197,33.7711,32.9659,33.6535,7592242
2011-12-21,33.7756,33.8842,32.9569,33.3007,9805401
2011-12-22,33.3459,33.4002,32.9931,33.2509,9199039
2011-12-23,33.355,33.5811,33.1333,33.554,3615293
2011-12-27,33.459,33.7394,33.373,33.4861,4030499
2011-12-28,33.4635,33.5042,32.9976,33.079,4047024
2011-12-29,32.7353,33.4138,32.6946,33.3911,3972659
2011-12-30,33.4092,33.459,33.0564,33.0609,3857774
2012-01-03,33.8842,34.2144,33.6671,33.7711,7746693
2012-01-04,33.5992,34.038,33.5133,33.9475,9805242
2012-01-05,33.6806,33.7982,33.3233,33.6218,7320682
2012-01-06,33.5721,33.7078,33.3007,33.4273,5544180
2012-01-09,33.6987,33.6987,33.364,33.5178,6873378
2012-01-10,34.0335,34.5355,33.8525,34.3908,7503576
2012-01-11,34.1872,34.816,34.1511,34.6939,7306381
2012-01-12,34.9019,35.0603,34.6079,34.9381,5901069
2012-01-13,34.6305,34.712,34.2913,34.4134,5519550
2012-01-17,34.9245,35.3814,34.825,34.8476,8173975
2012-01-18,34.7391,35.2186,34.6351,35.101,5980202
2012-01-19,35.1236,35.214,34.8612,34.9155,7142555
2012-01-20,34.7074,35.1779,34.237,34.6893,10356308
2012-01-23,34.5898,35.0738,34.5898,34.7662,6873696
2012-01-24,34.6622,35.1914,34.6034,35.1824,8908729
2012-01-25,34.8069,35.5804,34.2099,35.1236,11590802
2012-01-26,35.6709,35.6709,34.8386,35.015,7823442
2012-01-27,34.9019,35.2231,34.7889,35.11,6472633
2012-01-30,34.8115,35.1145,34.5672,35.1055,7584774
2012-01-31,35.119,35.6211,35.119,35.4402,9542898
2012-02-01,35.7207,36.3584,35.7207,36.2861,10773102
2012-02-02,36.4037,36.4715,36.0961,36.1956,7990922
2012-02-03,36.6208,36.8651,36.5484,36.6615,8557401
2012-02-06,36.4127,36.553,36.2408,36.4444,6123370
2012-02-07,36.3403,36.4082,36.0373,36.3132,4448723
2012-02-08,36.4263,37.0279,36.0825,36.9736,10986028
2012-02-09,37.4259,38.1361,37.3174,37.8964,14154018
2012-02-10,37.5073,37.7697,37.3852,37.7697,7165437
2012-02-13,38.0863,38.5387,38.0321,38.3939,8842308
2012-02-14,38.204,38.2899,37.9823,38.2854,5649213
2012-02-15,38.5037,38.5219,37.5211,37.5757,10283055
2012-02-16,37.553,37.9078,37.5211,37.8577,6626925
2012-02-17,38.1352,38.299,37.9715,38.1125,6065849
2012-02-21,38.3491,38.5037,37.8759,38.1944,5721512
2012-02-22,38.1671,38.3491,37.9578,38.1898,5045870
2012-02-23,38.3036,38.5037,37.7622,37.9806,7473862
2012-02-24,38.0807,38.4582,38.017,38.1989,5226221
2012-02-27,37.9033,38.2672,37.6803,38.0443,4852965
2012-02-28,38.0852,38.1171,37.8077,37.9715,4089133
2012-02-29,38.1216,38.3582,37.9988,38.1534,6637889
2012-03-01,38.1489,38.4127,38.0625,38.2854,6413681
2012-03-02,38.1762,38.5037,38.1671,38.4582,5722307
2012-03-05,38.2672,38.3036,37.694,37.8896,5015837
2012-03-06,37.5803,37.6121,36.8524,37.0253,7690919
2012-03-07,37.2573,37.6985,37.1709,37.5621,6778833
2012-03-08,37.9942,38.2081,37.7622,37.9988,4353224
2012-03-09,37.9806,38.1762,37.8623,38.0079,3990138
2012-03-12,38.1398,38.3172,38.0716,38.208,5708324
2012-03-13,38.4446,39.4545,38.2399,39.3817,12067978
2012-03-14,39.2816,39.5318,39.0542,39.4909,11116485
2012-03-15,39.5273,39.8048,39.0769,39.5273,11445885
2012-03-16,39.5773,39.7411,38.7721,38.8859,12724076
2012-03-19,38.995,38.995,38.4673,38.4946,7327356
2012-03-20,38.1534,38.2535,37.7895,37.8759,7242821
2012-03-21,37.9851,37.9942,37.4893,37.6303,5371456
2012-03-22,37.3938,37.4893,37.0935,37.3346,8194155
2012-03-23,37.321,37.4347,37.0844,37.2118,6069186
2012-03-26,37.5575,37.9942,37.5348,37.9851,5657476
2012-03-27,37.9533,37.9851,37.6894,37.8077,5772996
2012-03-28,37.876,37.876,36.9024,37.0844,7743515
2012-03-29,36.907,37.4756,36.8478,37.4483,5963358
2012-03-30,37.7395,37.8805,37.4301,37.7304,5557210
2012-04-02,37.5302,38.017,37.2618,37.6349,5302016
2012-04-03,37.5894,37.8077,37.1981,37.3937,5188244
2012-04-04,37.1845,37.3437,37.0344,37.2664,4719966
2012-04-05,37.0981,37.3755,37.0207,37.1208,3945646
2012-04-09,36.766,36.766,36.3747,36.4976,5087184
2012-04-10,36.3065,36.4248,35.6423,35.7015,7984884
2012-04-11,36.1382,36.4066,35.9972,36.2246,5895826
2012-04-12,36.211,37.0571,36.2064,36.9252,4358468
2012-04-13,36.6477,36.816,36.2747,36.302,5167746
2012-04-16,36.4521,36.8296,36.2155,36.3383,5058264
2012-04-17,36.5613,37.1208,36.443,36.957,4801322
2012-04-18,36.8297,37.0526,36.7796,36.9388,4137756
2012-04-19,36.8888,37.1117,36.3929,36.5749,4227693
2012-04-20,36.6704,37.0935,36.6704,36.8479,5753610
2012-04-23,36.4384,36.5067,36.1154,36.2792,7739860
2012-04-24,36.4976,36.7341,36.0563,36.3247,5931260
2012-04-25,36.6841,36.8842,36.0927,36.3065,6558439
2012-04-26,36.3338,37.0116,36.1791,36.9616,4907150
2012-04-27,37.1344,37.3483,37.0571,37.3028,4399782
2012-04-30,37.2937,37.512,36.9934,37.139,3941197
2012-05-01,37.0753,37.4119,36.6977,37.0435,3852213
2012-05-02,36.9297,37.1526,36.7751,37.0981,3531394
2012-05-03,37.0526,37.1481,36.6386,36.8069,3667412
2012-05-04,36.6932,36.7205,36.07,36.1564,4012225
2012-05-07,35.888,36.1291,35.8562,35.8971,4488448
2012-05-08,35.7197,35.938,35.3421,35.8561,4814670
2012-05-09,35.2693,35.4422,34.919,35.0328,7940869
2012-05-10,35.2375,35.4467,35.0646,35.1601,4538820
2012-05-11,34.9645,35.4922,34.9008,35.1101,3754489
2012-05-14,34.728,34.8463,34.4141,34.5506,6974757
2012-05-15,34.5005,35.0509,34.3959,34.6506,6322631
2012-05-16,34.8521,34.8933,34.1562,34.1974,7005901
2012-05-17,34.1791,34.1883,33.5473,33.5702,6704786
2012-05-18,33.6755,33.6938,33.0254,33.1353,9157089
2012-05-21,33.2315,33.7625,33.1307,33.7396,6217916
2012-05-22,33.941,34.2432,33.6892,33.8495,7897966
2012-05-23,33.5794,33.9868,33.1628,33.9044,6715432
2012-05-24,33.9548,33.9731,33.236,33.6481,5460757
2012-05-25,33.5519,33.8037,33.3184,33.4283,4017945
2012-05-29,33.7671,34.3943,33.6252,34.3759,9154388
2012-05-30,34.028,34.1333,33.7076,33.7579,5622835
2012-05-31,33.9914,34.2295,33.7625,33.9273,6382060
2012-06-01,33.2864,33.5473,32.8606,32.9705,7727625
2012-06-04,32.9247,32.9934,32.412,32.7096,6656003
2012-06-05,32.4807,32.673,32.3708,32.4486,7063264
2012-06-06,32.7462,33.7213,32.7279,33.7121,6691438
2012-06-07,34.3027,34.8337,34.1928,34.5179,9128328
2012-06-08,34.408,34.6735,34.289,34.5636,4701215
2012-06-11,34.875,34.9665,34.1104,34.1608,3777689
2012-06-12,33.7076,34.1516,33.7076,34.0372,10484858
2012-06-13,34.0372,34.0829,33.4008,33.6664,13081919
2012-06-14,33.6893,34.2112,33.6618,33.9411,12445048
2012-06-15,33.9822,34.1059,33.703,34.1013,10612613
2012-06-18,34.0143,34.4492,33.8815,34.3347,5103074
2012-06-19,34.6048,35.2503,34.6048,34.9756,6767710
2012-06-20,34.9574,35.1222,34.5408,34.7513,5462982
2012-06-21,35.0489,35.2732,34.2157,34.2523,6584180
2012-06-22,34.4034,34.5545,34.2478,34.4263,8042882
2012-06-25,34.1974,34.1974,33.6755,33.7625,4436488
2012-06-26,33.79,33.877,33.3368,33.7076,5494126
2012-06-27,33.8678,34.0051,33.7671,33.9502,4292366
2012-06-28,33.6389,33.6893,32.8973,33.236,7661840
2012-06-29,33.8495,34.5957,33.8358,34.5774,8155701
2012-07-02,34.5179,34.8521,34.115,34.3531,5589149
2012-07-03,34.2661,34.7697,34.234,34.6781,2426085
2012-07-05,34.6049,34.7559,34.4034,34.5133,3691883
2012-07-06,34.2066,34.234,33.5886,33.9182,5752180
2012-07-09,33.877,34.1562,33.7671,34.028,5122777
2012-07-10,34.6689,34.7788,33.6984,33.9456,6653302
2012-07-11,33.9136,33.9136,33.0804,33.1948,7932606
2012-07-12,32.8057,33.1399,32.4807,32.8881,6016907
2012-07-13,32.9339,33.7213,32.9339,33.6893,4909216
2012-07-16,33.6206,33.6801,33.1033,33.5153,4122819
2012-07-17,33.6709,34.0143,33.117,33.6938,4889512
2012-07-18,33.7213,34.4172,33.4787,34.2661,4981038
2012-07-19,34.2981,34.7925,34.115,34.7101,5703716
2012-07-20,34.495,34.5453,33.9273,33.9823,7151930
2012-07-23,33.7671,33.7671,32.9843,33.5473,4599202
2012-07-24,33.4649,33.5702,32.6867,32.9339,5848156
2012-07-25,33.1628,33.529,32.9156,33.2406,6489635
2012-07-26,33.41,34.4767,33.117,33.3871,10272091
2012-07-27,33.6252,34.3256,33.2544,34.0051,7899555
2012-07-30,34.0006,34.6003,34.0006,34.321,7051982
2012-07-31,34.1699,34.3714,34.0097,34.0784,5572146
2012-08-01,34.289,34.5041,34.0646,34.2386,6575759
2012-08-02,33.996,34.2386,33.4649,34.0784,7139695
2012-08-03,34.2981,35.3648,34.2981,35.1634,6747530
2012-08-06,35.351,35.5616,35.0764,35.0901,5336815
2012-08-07,35.3419,35.9416,35.2961,35.7631,7780221
2012-08-08,35.7356,35.9187,35.3602,35.4701,5091315
2012-08-09,35.4655,35.493,34.9436,35.2641,4074196
2012-08-10,35.1222,35.6715,35.0169,35.6578,4344644
2012-08-13,35.58,35.6532,35.1771,35.4655,3529010
2012-08-14,35.5662,35.8272,35.4426,35.6074,4895391
2012-08-15,35.6097,36.0338,35.5221,35.9508,5150426
2012-08-16,35.6881,36.4671,35.6881,36.3104,5817329
2012-08-17,36.6239,37.0618,36.4164,37.0479,7746852
2012-08-20,37.0065,37.4259,36.7806,36.9143,9750899
2012-08-21,36.9281,37.1263,36.5086,36.5409,5919184
2012-08-22,36.4395,36.8543,36.421,36.7207,5793971
2012-08-23,36.6008,36.693,36.315,36.5086,3961854
2012-08-24,36.4395,36.9696,36.4164,36.9143,5248944
2012-08-27,37.0157,37.3891,36.7944,37.1355,7524710
2012-08-28,37.0433,37.3107,36.8589,37.1724,6008962
2012-08-29,37.2323,37.2738,36.9004,36.9558,3907192
2012-08-30,36.6607,36.8221,36.126,36.4441,5888040
2012-08-31,36.7806,37.0987,36.4902,36.8083,5109112
2012-09-04,36.7391,36.9097,35.9186,36.1168,7514063
2012-09-05,36.103,36.103,35.7204,35.9693,8840402
2012-09-06,36.2966,36.7437,36.2551,36.6008,7280480
2012-09-07,36.9235,37.0341,36.4395,36.6054,7346106
2012-09-10,36.5086,36.6884,36.232,36.2366,6066643
2012-09-11,36.2413,36.587,36.1998,36.3058,5211920
2012-09-12,36.3427,36.587,36.1859,36.3381,5486340
2012-09-13,36.3841,37.2876,36.2781,37.1217,7406170
2012-09-14,37.3384,38.0298,37.1908,38.0068,11829628
2012-09-17,37.9745,38.0575,37.7117,37.8685,5900275
2012-09-18,37.6057,37.7993,37.3798,37.5596,6512675
2012-09-19,37.5043,37.6979,37.0157,37.6703,6481054
2012-09-20,37.5181,37.5688,36.9604,37.3015,9000414
2012-09-21,37.4259,37.4997,36.9788,37.2231,20199686
2012-09-24,37.0756,37.0756,36.6146,36.8912,5783642
2012-09-25,36.9189,36.988,36.2689,36.3104,8666565
2012-09-26,36.3703,36.4441,36.0984,36.1998,7429370
2012-09-27,36.3473,36.4164,35.937,36.1168,7638482
2012-09-28,35.7157,36.1444,35.4622,36.0891,9653016
2012-10-01,36.2136,36.587,36.0384,36.1168,5593280
2012-10-02,36.2228,36.4118,35.9462,36.1352,4805454
2012-10-03,36.2182,36.3058,35.9232,36.2136,5837192
2012-10-04,36.3841,36.5224,36.1583,36.1998,4660696
2012-10-05,36.4625,36.5409,36.0384,36.1905,4325258
2012-10-08,36.043,36.1998,35.8541,36.126,3116188
2012-10-09,36.0523,36.1813,35.6466,35.6466,6543979
2012-10-10,35.5867,35.6743,34.9644,35.0427,7931335
2012-10-11,35.2732,35.5636,35.052,35.0566,7004153
2012-10-12,35.0335,35.1856,34.8906,35.0151,6818717
2012-10-15,35.0935,35.2871,34.9782,35.1027,4535642
2012-10-16,35.347,35.8218,35.2179,35.7711,4601585
2012-10-17,35.831,36.3104,35.7342,36.2044,5737720
2012-10-18,36.1076,36.5824,35.9785,36.5224,5270713
2012-10-19,36.3334,36.481,35.7895,35.9508,6526659
2012-10-22,35.7941,36.3473,35.642,35.8771,5811132
2012-10-23,35.2686,36.1859,35.1949,35.5268,10463565
2012-10-24,35.7711,36.0984,35.3977,35.9094,9084472
2012-10-25,36.0661,36.232,35.5037,35.6282,7197058
2012-10-26,35.7019,36.1537,35.6282,36.0476,6870200
2012-10-31,36.4994,36.4994,35.8863,36.0292,6506637
2012-11-01,36.1675,37.0572,36.0108,36.4441,9566733
2012-11-02,36.5501,36.8313,35.9693,35.9877,7777361
2012-11-05,35.9555,36.1076,35.8218,35.9094,5585335
2012-11-06,35.9831,36.9972,35.9094,36.8636,7306381
2012-11-07,36.4902,36.4902,35.453,35.8079,8230226
2012-11-08,35.6973,35.8172,35.1027,35.1073,5402282
2012-11-09,35.0381,35.3101,34.8676,34.9598,6125754
2012-11-12,35.1119,35.5821,34.9229,35.4714,4857891
2012-11-13,35.2087,35.8586,35.1534,35.4945,5929036
2012-11-14,35.6453,35.65,34.5545,34.652,6792022
2012-11-15,34.7541,34.9676,34.6056,34.7402,5759966
2012-11-16,34.8005,35.1347,34.5684,34.9305,6808071
2012-11-19,35.3158,35.6175,35.093,35.5479,6061876
2012-11-20,35.3808,35.6593,35.2415,35.5989,4478438
2012-11-21,35.6546,36.1328,35.4922,35.896,4626374
2012-11-23,36.1235,36.5134,36.026,36.4902,2266391
2012-11-26,36.1003,36.5598,36.1003,36.5227,4672296
2012-11-27,36.4113,36.6712,36.1606,36.5923,8359570
2012-11-28,36.4391,37.1354,36.3788,37.0426,6783123
2012-11-29,37.0704,37.2282,36.7223,37.024,6687465
2012-11-30,37.1168,37.3025,36.959,37.1865,12447749
2012-12-03,37.4743,37.7621,37.0147,37.0426,5264993
2012-12-04,37.1215,37.4696,36.9265,37.2004,6216327
2012-12-05,37.2932,37.4835,36.829,37.2422,6608333
2012-12-06,37.2747,37.5532,37.1029,37.5392,5015996
2012-12-07,37.6182,37.7667,37.2654,37.595,5997998
2012-12-10,37.595,37.7528,37.5114,37.6042,4514667
2012-12-11,37.8085,37.906,37.5764,37.6878,5950646
2012-12-12,37.9617,38.022,37.4371,37.5996,5838463
2012-12-13,37.7017,37.776,37.2236,37.3072,6458649
2012-12-14,37.1261,37.4835,37.0565,37.1261,7424761
2012-12-17,37.1958,37.2561,36.9033,37.1308,9194272
2012-12-18,37.1818,38.2773,37.089,38.1706,9590886
2012-12-19,38.1659,38.7926,38.0174,38.5419,11861408
2012-12-20,38.5791,38.8251,38.3748,38.6069,6572422
2012-12-21,38.2355,38.4676,37.7853,38.3145,11390270
2012-12-24,38.3377,38.4351,38.1241,38.1752,1928093
2012-12-26,38.2216,38.268,37.8781,38.1149,3463702
2012-12-27,38.1381,38.2727,37.6599,38.0963,4692953
2012-12-28,37.841,37.9802,37.4511,37.5114,3515663
2012-12-31,37.3722,38.1798,37.2654,38.0684,5845613
2013-01-02,38.7276,38.9922,38.579,38.9922,7126983
2013-01-03,38.8761,39.2057,38.7183,39.1361,6016907
2013-01-04,39.2104,39.4517,39.0247,39.4471,6127025
2013-01-07,39.2428,39.4517,39.1639,39.2568,5368437
2013-01-08,39.1732,39.3217,38.644,38.7833,7675823
2013-01-09,38.9643,39.6003,38.9133,39.2475,5990530
2013-01-10,39.4564,39.4657,39.1593,39.4424,5627444
2013-01-11,39.396,39.6838,39.2939,39.5399,4740940
2013-01-14,39.5724,39.9066,39.5724,39.8277,4966261
2013-01-15,39.5399,39.9809,39.4146,39.902,4383733
2013-01-16,39.707,39.8324,39.526,39.721,3888760
2013-01-17,39.9577,40.1991,39.7302,40.1062,5451382
2013-01-18,40.2501,40.5519,40.032,40.3615,6705580
2013-01-22,40.213,40.6169,40.0784,40.6029,6543025
2013-01-23,40.5194,41.0253,40.2966,40.8814,6292281
2013-01-24,40.8536,41.2946,40.6308,41.276,8504646
2013-01-25,41.2481,41.6891,41.2481,41.6798,7227567
2013-01-28,41.7448,41.7773,41.4756,41.6845,7067236
2013-01-29,41.6891,41.7123,41.3642,41.6659,6943294
2013-01-30,41.6009,41.6474,41.3224,41.3596,7117290
2013-01-31,41.1228,41.3595,40.6493,40.6493,9124038
2013-02-01,40.8443,41.8284,40.8443,41.7031,10763092
2013-02-04,41.977,42.1255,41.3967,41.5638,9365566
2013-02-05,41.898,42.0558,41.3363,41.4338,8114070
2013-02-06,41.1553,41.5591,41.1553,41.4849,5314728
2013-02-07,41.5638,41.7541,41.1321,41.7541,6007532
2013-02-08,41.8238,42.1905,41.6613,41.8191,6116538
2013-02-11,41.8098,41.9259,41.4802,41.5963,4892531
2013-02-12,41.6845,41.8145,41.5684,41.7681,5267694
2013-02-13,41.9432,41.9432,41.5602,41.7937,5680198
2013-02-14,41.6677,42.0272,41.4669,41.8825,5767117
2013-02-15,42.0506,42.3914,41.9572,42.3914,7023221
2013-02-19,42.5082,42.7323,42.3214,42.5035,7026717
2013-02-20,42.5035,42.5876,42.0786,42.1019,4798462
2013-02-21,41.9245,41.9385,41.3361,41.7517,6014683
2013-02-22,41.9759,42.2561,41.8731,42.2561,5798579
2013-02-25,42.4475,42.4708,41.2661,41.2661,6357589
2013-02-26,41.5649,41.8077,41.4062,41.6536,4142682
2013-02-27,41.6069,42.3821,41.2847,42.2934,5342377
2013-02-28,42.3728,42.6436,42.1346,42.2841,6096357
2013-03-01,42.1486,42.3775,41.691,42.0879,4302694
2013-03-04,41.8124,41.8918,41.3221,41.621,4998041
2013-03-05,41.8825,42.6296,41.7984,42.5035,5343489
2013-03-06,42.7697,42.8958,42.4475,42.5269,4075308
2013-03-07,42.5876,42.9098,42.5782,42.8257,4014450
2013-03-08,42.9752,43.3861,42.9098,42.9938,4958951
2013-03-11,43.0359,43.4748,42.9191,43.3861,4081029
2013-03-12,43.3627,43.5402,43.0779,43.4935,4810539
2013-03-13,43.5169,43.6289,43.2927,43.4655,6079037
2013-03-14,43.6056,43.6383,43.4141,43.6383,5194282
2013-03-15,43.5682,43.6616,43.4281,43.5589,8863124
2013-03-18,43.4141,43.699,43.2507,43.3207,4735538
2013-03-19,43.4281,43.7363,43.1853,43.4795,5881048
2013-03-20,43.811,43.8951,43.5916,43.6383,4786068
2013-03-21,43.4328,43.5729,43.0919,43.162,3531553
2013-03-22,43.3301,43.727,43.2413,43.7036,5097194
2013-03-25,43.7924,43.8951,43.1153,43.3347,3740029
2013-03-26,43.5589,43.6523,43.2133,43.2647,4773674
2013-03-27,43.1199,43.316,42.6296,43.246,3881450
2013-03-28,43.4748,43.769,43.4328,43.6289,6430206
2013-04-01,43.5028,43.6196,43.288,43.3908,4041463
2013-04-02,43.4982,43.6803,43.3581,43.4235,4109790
2013-04-03,43.4982,43.8811,43.4328,43.5215,7003359
2013-04-04,43.6009,43.8017,43.4094,43.5028,4813876
2013-04-05,42.9612,43.3114,42.9145,43.26,4075467
2013-04-08,43.3534,43.7643,43.1573,43.7597,3791354
2013-04-09,43.8671,44.1659,43.6056,44.1052,5055086
2013-04-10,44.2313,44.6889,44.194,44.4461,6006738
2013-04-11,44.6049,44.7543,44.4414,44.745,6211242
2013-04-12,44.6563,44.6843,44.4415,44.6843,4035424
2013-04-15,44.5348,44.5862,43.6616,43.671,6286402
2013-04-16,44.0819,44.278,43.7644,44.1333,4518163
2013-04-17,43.797,43.8437,43.1526,43.3581,5611871
2013-04-18,43.3861,43.4795,42.6109,42.751,6972214
2013-04-19,42.8304,43.5635,42.8304,43.5309,6013094
2013-04-22,43.5309,43.9231,43.2133,43.7223,4978655
2013-04-23,43.5682,44.0118,42.3308,43.3768,10335809
2013-04-24,43.302,43.4608,42.8771,42.9611,6718451
2013-04-25,43.1479,43.5168,42.9612,43.0125,5707847
2013-04-26,42.9752,43.0592,42.5549,42.5642,4651639
2013-04-29,42.6203,42.8631,42.3167,42.7837,4756830
2013-04-30,43.0079,43.0686,42.5129,42.6296,6634393
2013-05-01,42.5129,42.7977,42.4568,42.5175,6327239
2013-05-02,42.6296,43.0499,42.6296,42.8444,4329707
2013-05-03,43.302,43.6523,43.162,43.4795,4906991
2013-05-06,43.4048,43.8157,43.3347,43.6569,3278584
2013-05-07,43.7036,43.8484,43.5542,43.8344,4015562
2013-05-08,43.7784,44.0726,43.7036,44.0726,4141252
2013-05-09,44.1332,44.6376,44.0445,44.25,5773314
2013-05-10,44.32,44.4788,44.1613,44.4788,4018581
2013-05-13,44.3761,44.5115,44.2547,44.3387,3120478
2013-05-14,44.3481,44.815,44.3481,44.7963,5665580
2013-05-15,44.8316,45.0241,44.5122,44.9912,4834691
2013-05-16,44.8503,45.0006,44.6343,44.6907,4669912
2013-05-17,44.7423,45.7426,44.5498,45.7144,6684287
2013-05-20,45.5688,45.8881,45.5219,45.658,4171602
2013-05-21,45.813,46.0901,45.6533,45.8083,4435852
2013-05-22,45.8318,46.1042,45.1321,45.1979,6865275
2013-05-23,44.7893,45.0664,44.578,44.841,5197142
2013-05-24,44.6109,44.7377,44.2305,44.6297,4155871
2013-05-28,45.0523,45.3716,44.8457,45.0664,5452018
2013-05-29,44.794,44.9067,44.5216,44.6672,5039514
2013-05-30,44.8175,45.3199,44.7048,45.0617,5881525
2013-05-31,44.9067,45.3669,44.5639,44.5639,6724648
2013-06-03,44.686,44.963,44.146,44.7189,6942023
2013-06-04,44.5733,44.8081,43.9722,44.2728,5456149
2013-06-05,44.1131,44.1554,43.6106,43.6764,6028348
2013-06-06,43.6294,43.7374,43.127,43.5543,7386308
2013-06-07,44.0098,44.4324,43.0988,44.3761,7643090
2013-06-10,44.4183,44.5263,44.1178,44.207,5528926
2013-06-11,43.822,44.4371,43.6153,43.991,4175256
2013-06-12,44.423,44.5357,43.4228,43.5214,4045435
2013-06-13,43.5872,44.3573,43.2913,44.2774,6502506
2013-06-14,44.3009,44.5404,43.9769,44.1507,3552051
2013-06-17,44.5968,45.0053,44.4606,44.6015,4776852
2013-06-18,44.5874,45.2777,44.5874,45.1603,4900635
2013-06-19,45.1039,45.2683,44.2258,44.2258,5412770
2013-06-20,43.7844,43.8924,43.296,43.3665,5969873
2013-06-21,43.6341,43.6952,42.9016,43.2866,9104017
2013-06-24,42.8593,43.4228,42.4038,42.9626,6127661
2013-06-25,43.2631,43.4087,42.8875,43.0988,5059376
2013-06-26,43.4979,43.8501,43.2678,43.6623,4046706
2013-06-27,43.8454,43.9487,43.5355,43.9112,7018613
2013-06-28,43.775,44.0661,43.3993,43.6435,7280162
2013-07-01,43.8173,44.7189,43.8173,44.4888,6180416
2013-07-02,44.4747,44.6625,43.9018,44.0473,5872944
2013-07-03,43.93,44.6625,43.728,44.4841,2760093
2013-07-05,44.8457,45.3763,44.8081,45.3293,4220225
2013-07-08,45.5735,45.9116,45.4561,45.5406,4596977
2013-07-09,45.9116,46.2685,45.813,46.029,5369867
2013-07-10,46.0243,46.0666,45.7285,45.921,4993909
2013-07-11,46.4563,46.8555,46.4047,46.8132,5937299
2013-07-12,46.7757,47.2875,46.4986,46.879,7513269
2013-07-15,46.9963,47.1936,46.8273,47.0715,4597454
2013-07-16,47.0105,47.2687,46.8884,46.9541,3660897
2013-07-17,47.3439,47.4284,47.1513,47.3626,3997765
2013-07-18,47.4002,47.6538,47.3063,47.5881,4295067
2013-07-19,47.6256,48.1328,47.5223,48.1234,5198414
2013-07-22,48.6164,48.6164,47.9074,47.9496,4806884
2013-07-23,48.5084,49.6166,48.3816,49.3631,8563598
2013-07-24,49.5275,49.5415,48.7245,49.3021,6645357
2013-07-25,49.3443,49.349,48.7855,49.2081,5306466
2013-07-26,49.0156,49.3349,48.8278,49.2927,4201475
2013-07-29,49.0344,49.4053,48.9921,49.3396,3684573
2013-07-30,49.5415,49.781,49.2926,49.5744,4704235
2013-07-31,49.6683,50.0346,49.4617,49.5744,5016632
2013-08-01,49.9735,50.6451,49.9735,50.3304,4789246
2013-08-02,50.2741,50.6498,50.0534,50.6075,5219547
2013-08-05,50.4056,50.4244,50.0534,50.0769,4773992
2013-08-06,49.9876,49.9876,49.1987,49.4006,5281042
2013-08-07,49.2598,49.8749,49.1659,49.7904,3764341
2013-08-08,50.044,50.3211,49.5932,49.8984,3337536
2013-08-09,49.8045,50.0064,49.2974,49.5979,3030541
2013-08-12,49.3678,49.6448,49.2645,49.5603,3569847
2013-08-13,49.6918,50.4291,49.4711,50.152,4171920
2013-08-14,50.1591,50.3337,49.522,49.5833,3411424
2013-08-15,49.0642,49.1633,48.4601,48.6064,4365460
2013-08-16,48.5922,48.9509,48.4789,48.6488,5273097
2013-08-19,48.5308,48.814,48.3893,48.4365,3532188
2013-08-20,48.4365,48.5828,48.0919,48.3279,4706300
2013-08-21,48.2335,48.3657,47.7663,47.9975,4886175
2013-08-22,48.1816,49.083,47.9739,48.5922,4295703
2013-08-23,48.6111,48.965,48.4459,48.5167,4142364
2013-08-26,48.5639,48.8376,48.2807,48.2807,2633291
2013-08-27,47.7663,48.0542,47.0536,47.1669,4898410
2013-08-28,47.0961,47.3746,47.0583,47.1858,3809151
2013-08-29,47.0678,47.6152,46.9592,47.4123,3692042
2013-08-30,47.5397,47.5681,47.0678,47.2424,3960583
2013-09-03,47.7144,48.6724,47.7096,48.4506,7362632
2013-09-04,48.3468,48.8046,48.1674,48.781,4080393
2013-09-05,48.7196,49.1444,48.5355,48.932,2657920
2013-09-06,49.1397,49.2718,48.2241,48.7196,3883675
2013-09-09,48.8659,49.4606,48.8659,49.3096,3486902
2013-09-10,49.673,50.2204,49.555,50.1496,4578068
2013-09-11,50.3903,50.8906,50.2251,50.8906,4959746
2013-09-12,50.8764,51.5041,50.8056,50.8906,5583746
2013-09-13,50.9756,51.1549,50.6877,51.1549,3526150
2013-09-16,51.6929,51.9147,51.4664,51.7731,4480186
2013-09-17,51.7259,52.6085,51.674,52.0988,5341265
2013-09-18,51.9619,52.4292,51.4003,52.3914,5909014
2013-09-19,52.6321,53.0757,52.5472,52.8586,4917478
2013-09-20,52.8586,52.9483,51.7165,51.7165,9150098
2013-09-23,51.7637,52.3112,51.49,51.641,4919385
2013-09-24,51.7024,52.1979,51.49,51.9147,4004280
2013-09-25,51.8487,52.3348,51.5513,51.5655,3905762
2013-09-26,51.759,52.0941,51.4947,51.7543,4095330
2013-09-27,51.4381,51.7118,51.1124,51.6127,2934565
2013-09-30,51.3767,51.4475,50.7348,50.8859,5296137
2013-10-01,51.0086,51.1974,50.1921,50.6782,7937532
2013-10-02,50.3762,50.3856,49.3426,49.5455,8905551
2013-10-03,49.4747,49.5455,48.4836,48.9367,6776767
2013-10-04,48.9745,49.3756,48.7527,49.2104,3355174
2013-10-07,48.8187,49.437,48.6111,49.0972,3438755
2013-10-08,49.0877,49.3096,48.4836,48.4978,3496595
2013-10-09,48.6111,48.7951,48.2382,48.5356,5638725
2013-10-10,49.2576,49.9892,49.0736,49.9892,5433586
2013-10-11,49.8759,50.513,49.7296,50.5036,5087342
2013-10-14,50.0411,50.5319,49.8759,50.4517,3869692
2013-10-15,50.4139,50.4564,49.9184,49.9325,4306508
2013-10-16,50.2676,50.565,50.0128,50.2299,5158212
2013-10-17,50.0175,51.0464,50.0175,50.9803,3288436
2013-10-18,51.0086,51.1785,50.5272,50.8481,4303330
2013-10-21,50.9236,50.9425,50.4753,50.7915,4700262
2013-10-22,50.7915,51.2351,49.588,50.0883,9267366
2013-10-23,50.1213,50.4611,49.8665,50.211,5401011
2013-10-24,50.6641,50.7301,50.126,50.5272,4218318
2013-10-25,50.4564,50.749,50.2771,50.7443,4341943
2013-10-28,50.5414,50.6122,49.9845,50.0222,5218594
2013-10-29,50.0364,50.2393,49.9137,50.2252,3569689
2013-10-30,50.3054,50.6074,49.8759,50.0033,3227895
2013-10-31,49.9797,50.6121,49.8995,50.1449,4709478
2013-11-01,50.2393,50.8434,50.2204,50.7396,3989979
2013-11-04,51.1171,51.1785,50.7254,50.9614,3644689
2013-11-05,50.7773,51.0935,50.362,50.8198,3638174
2013-11-06,51.0794,51.4334,51.018,51.2871,5005827
2013-11-07,51.339,51.5702,50.5414,50.6263,4029704
2013-11-08,50.5036,51.2493,50.3998,51.2304,4688980
2013-11-11,51.2257,51.254,50.867,51.0086,3829013
2013-11-12,50.9189,50.9567,50.5697,50.7113,4773992
2013-11-13,50.5641,51.0339,50.3126,50.996,4445386
2013-11-14,51.4895,51.7126,51.0055,51.5797,4069429
2013-11-15,51.6414,51.7268,51.3424,51.5322,4726322
2013-11-18,51.537,52.1587,51.537,51.7885,3837753
2013-11-19,51.6888,51.9593,51.6319,51.7743,2983665
2013-11-20,51.8692,52.0448,51.537,51.6461,3559201
2013-11-21,51.7838,52.1302,51.7221,52.0922,3120955
2013-11-22,52.078,52.358,51.836,52.2963,3920540
2013-11-25,52.6522,52.6712,52.2441,52.3485,3424454
2013-11-26,52.3959,52.9132,52.32,52.6475,4490355
2013-11-27,52.7851,53.103,52.7139,52.918,2813325
2013-11-29,52.8183,52.9654,52.5336,52.6095,2067289
2013-12-02,52.7566,52.8657,52.2536,52.3485,3323076
2013-12-03,52.1634,52.4529,51.8502,52.0543,5234484
2013-12-04,51.8881,51.9926,51.2475,51.6983,3989979
2013-12-05,51.295,52.0021,51.295,51.7505,3216136
2013-12-06,52.3153,52.7708,52.2346,52.7329,3903379
2013-12-09,52.6997,52.9369,52.5383,52.7613,4453967
2013-12-10,52.5193,52.9654,52.2441,52.6664,4464454
2013-12-11,52.7139,52.7708,51.5607,51.5655,5491425
2013-12-12,51.4895,51.6936,50.9485,51.295,5803187
2013-12-13,50.3791,51.2001,50.2557,50.9438,7181644
2013-12-16,51.1621,51.7838,51.015,51.5038,5206676
2013-12-17,51.7221,51.7885,50.958,51.0719,5484751
2013-12-18,51.2523,52.1302,50.754,52.1112,5904406
2013-12-19,52.0258,52.1966,51.817,51.9641,4651639
2013-12-20,51.8312,52.7376,51.7601,52.5146,7338002
2013-12-23,52.8753,52.899,52.4719,52.5905,3126358
2013-12-24,52.581,52.9607,52.5241,52.899,1188413
2013-12-26,52.9654,53.5112,52.9417,53.4779,3892097
2013-12-27,53.5539,53.644,53.3593,53.5301,2532707
2013-12-30,53.5776,53.5776,53.1979,53.4969,2566076
2013-12-31,53.701,54.0711,53.663,54.0047,3341985
2014-01-02,53.5776,53.7247,53.2976,53.383,4210056
2014-01-03,53.6013,53.8671,53.4969,53.5776,3678376
2014-01-06,53.8054,54.0237,53.2264,53.5254,4698355
2014-01-07,53.682,54.0854,53.5776,53.8671,3972977
2014-01-08,53.5966,54.0711,53.4162,53.9335,4991685
2014-01-09,54.1328,54.2087,53.6488,53.962,3373765
2014-01-10,54.2183,54.4366,53.6251,54.0189,3572390
2014-01-13,53.7484,54.2657,53.4447,53.5301,5179346
2014-01-14,53.4684,53.8196,53.2074,53.4494,5451065
2014-01-15,53.421,54.2325,53.4115,54.1328,3609890
2014-01-16,54.0427,54.2847,53.905,54.204,4215776
2014-01-17,53.9525,54.3226,53.9335,54.1993,6807753
2014-01-21,54.4982,55.0392,54.3179,54.5694,7527411
2014-01-22,55.7558,56.0927,54.7877,55.1057,8013009
2014-01-23,54.6121,55.0107,54.3321,54.4982,6493290
2014-01-24,54.1091,54.2657,53.0413,53.0556,8135362
2014-01-27,53.0935,54.484,52.9464,53.9999,12179685
2014-01-28,53.905,54.0664,53.6203,54.0332,5819077
2014-01-29,53.6535,54.1233,53.3546,53.7532,6167227
2014-01-30,54.0901,54.7023,53.9335,54.4223,5101961
2014-01-31,53.6156,54.5409,53.3261,54.1091,5532898
2014-02-03,54.1518,54.4508,52.2536,52.2773,8361636
2014-02-04,51.4278,52.2109,51.015,51.7743,15508004
2014-02-05,51.3946,51.6746,50.7777,51.2096,10907691
2014-02-06,51.2997,51.9641,51.2997,51.9404,5907425
2014-02-07,52.2156,52.7566,52.1966,52.5478,6328193
2014-02-10,52.4813,52.9986,52.358,52.9606,6505366
2014-02-11,53.0318,53.7199,52.861,53.606,5345396
2014-02-12,53.6824,53.8398,53.4152,53.8017,4777011
2014-02-13,53.5154,54.1833,53.2817,54.0497,4005710
2014-02-14,54.0307,54.4505,53.6061,54.3217,5508427
2014-02-18,54.3836,54.4361,53.8875,54.2596,3802159
2014-02-19,54.1165,54.9943,54.1022,54.4027,6667762
2014-02-20,54.5554,55.0515,54.1308,54.8845,4920815
2014-02-21,54.999,55.3759,54.7271,55.042,5815740
2014-02-24,55.228,56.0915,55.0038,55.5715,5293754
2014-02-25,55.3616,55.6574,55.1279,55.2853,4082936
2014-02-26,55.2853,55.7146,55.1517,55.3902,4690092
2014-02-27,55.3998,55.6383,55.1708,55.6288,3411742
2014-02-28,55.7766,56.2489,55.4332,55.8243,5199526
2014-03-03,55.1469,55.8625,55.0754,55.7003,4966578
2014-03-04,56.1965,56.373,55.8864,56.0963,5111972
2014-03-05,56.3682,56.4922,55.9722,56.0104,3952479
2014-03-06,56.33,56.3873,55.9388,56.1774,2839384
2014-03-07,56.4063,56.4827,56.101,56.4397,4628598
2014-03-10,56.3873,56.4827,55.7671,56.1821,3931663
2014-03-11,56.1917,56.206,55.0992,55.166,5323786
2014-03-12,55.0563,55.2566,54.6269,55.2471,5059694
2014-03-13,55.3473,55.5763,53.5822,53.8541,9417050
2014-03-14,53.9257,54.5554,53.6299,53.7158,6695728
2014-03-17,53.9877,54.8034,53.9304,54.5792,6345830
2014-03-18,54.7224,54.999,54.5459,54.708,4059736
2014-03-19,54.689,54.9084,53.8303,54.3884,4723144
2014-03-20,54.398,54.6222,53.9066,54.2739,4600950
2014-03-21,55.5858,56.1011,54.5793,54.6556,16434074
2014-03-24,54.8464,54.9561,53.8732,54.2644,4965466
2014-03-25,54.5602,54.9752,54.2835,54.9561,5487294
2014-03-26,55.2662,55.4761,54.6603,54.6603,5502071
2014-03-27,54.522,54.7176,54.0497,54.2882,3818685
2014-03-28,54.479,55.0706,54.4409,54.77,3904332
2014-03-31,55.0897,55.7957,54.9943,55.7385,5728981
2014-04-01,55.8577,56.2919,55.7098,56.2537,5250056
2014-04-02,57.0599,57.308,56.6497,57.1839,11874915
2014-04-03,57.2412,57.2459,56.8261,57.1362,5998952
2014-04-04,57.3604,57.4797,56.2823,56.3777,5879300
2014-04-07,55.9102,56.6067,55.3902,55.4236,5551648
2014-04-08,55.2519,55.5047,54.8321,55.228,3881768
2014-04-09,55.3711,55.8482,55.1469,55.8339,4055605
2014-04-10,55.8196,56.0104,54.6174,54.6508,4887128
2014-04-11,54.4552,54.9609,54.1642,54.3503,4944809
2014-04-14,54.7271,55.0038,54.3598,54.8321,3624032
2014-04-15,55.0038,55.3759,54.3503,55.2614,4439666
2014-04-16,55.8148,56.3348,55.2948,56.3252,4650050
2014-04-17,56.5304,56.9073,56.3396,56.5638,5266105
2014-04-21,56.6162,56.7975,56.3825,56.4349,4266465
2014-04-22,56.9025,57.5608,56.7689,56.8596,6656798
2014-04-23,56.8071,57.2173,56.7403,57.079,4263764
2014-04-24,57.2841,57.2841,56.5542,56.7594,3416827
2014-04-25,56.5113,56.6973,55.7623,55.915,5465207
2014-04-28,56.206,56.4731,55.5238,56.1487,5367801
2014-04-29,56.2537,56.4588,55.8434,56.0819,4740623
2014-04-30,56.1058,56.6878,56.039,56.4493,4514508
2014-05-01,56.3061,56.5399,55.6287,55.7194,6550017
2014-05-02,55.3521,56.0152,55.2662,55.5858,9220014
2014-05-05,55.3521,55.8864,55.104,55.7289,4489402
2014-05-06,55.4952,55.6335,55.2948,55.3425,3111262
2014-05-07,55.4666,55.8482,55.1613,55.7719,4139822
2014-05-08,55.7528,56.3348,55.7098,55.8243,4004598
2014-05-09,55.7289,55.9484,55.4093,55.81,3471965
2014-05-12,56.0247,56.6496,56.0009,56.5924,4441732
2014-05-13,56.7785,56.8596,56.6163,56.6449,3300512
2014-05-14,56.8414,56.8462,56.1702,56.2469,2809034
2014-05-15,56.1175,56.2134,55.2977,55.4703,4551214
2014-05-16,55.5518,55.7196,54.8854,54.9333,7128731
2014-05-19,54.6888,55.4079,54.6169,55.1443,5093222
2014-05-20,55.0532,55.197,53.984,54.2237,5960657
2014-05-21,54.4634,55.1155,54.4634,55.0579,5291529
2014-05-22,54.8806,55.3792,54.7895,55.1538,3458300
2014-05-23,55.1634,55.4511,55.1011,55.3936,2391604
2014-05-27,55.6572,55.7723,55.4463,55.5422,3159409
2014-05-28,55.5805,55.8778,55.5326,55.5901,3142089
2014-05-29,55.7243,55.9257,55.5134,55.7819,3621649
2014-05-30,55.7531,55.9928,55.5086,55.7196,5818600
2014-06-02,55.8106,56.3572,55.71,56.2853,4275522
2014-06-03,56.573,56.6784,56.362,56.4867,8521171
2014-06-04,56.525,56.5634,56.0072,56.1606,4414878
2014-06-05,56.2278,56.7647,56.06,56.6545,4454444
2014-06-06,56.7791,57.0045,56.7072,57.0045,3111262
2014-06-09,57.0524,57.6229,56.8031,57.575,5048412
2014-06-10,57.3832,57.4551,56.8414,57.1147,4163339
2014-06-11,56.8606,56.9038,56.5058,56.7168,3443681
2014-06-12,56.501,56.688,55.8826,56.0216,4032088
2014-06-13,56.0551,56.2229,55.7579,55.9928,3050403
2014-06-16,55.8682,56.1942,55.71,56.0312,2875613
2014-06-17,55.7915,56.2661,55.71,56.0983,3565716
2014-06-18,56.1366,56.3188,55.5805,56.2038,4602221
2014-06-19,56.3188,56.4483,55.9305,56.3716,3586214
2014-06-20,56.6257,56.7072,56.3045,56.5682,8341773
2014-06-23,56.4674,56.5394,55.9545,56.1558,3338489
2014-06-24,55.9449,56.0887,55.4463,55.4607,4402007
2014-06-25,55.4415,55.7771,55.3073,55.6716,3920540
2014-06-26,55.6428,55.7196,55.1634,55.4942,4630505
2014-06-27,55.4846,55.8922,55.3648,55.8922,14498036
2014-06-30,55.8011,55.8011,55.2306,55.3504,5366371
2014-07-01,55.5997,55.8394,55.3744,55.5805,5156782
2014-07-02,55.6045,55.6045,54.9908,55.2018,6072364
2014-07-03,55.384,55.6141,55.3216,55.3888,2774394
2014-07-07,55.4271,55.5182,54.9956,55.1826,6005149
2014-07-08,55.0148,55.1826,54.6313,54.6888,4547559
2014-07-09,54.823,54.8949,54.358,54.5785,5336498
2014-07-10,54.0751,54.6169,53.9073,54.4203,5807477
2014-07-11,54.5593,54.9189,54.4347,54.7175,5875486
2014-07-14,55.1251,55.3025,54.9765,55.0771,4794649
2014-07-15,55.2114,55.7339,54.9621,55.0579,7132544
2014-07-16,55.2641,55.2641,54.7655,54.8278,5567379
2014-07-17,54.6217,54.708,54.0416,54.0655,7747328
2014-07-18,54.1806,54.4922,54.0751,54.4491,6745146
2014-07-21,54.3772,54.4155,53.9697,54.1662,8243414
2014-07-22,54.5881,54.6552,52.3108,53.1498,16727721
2014-07-23,53.0491,53.1738,52.5218,52.6081,11108381
2014-07-24,52.7375,52.8286,52.1574,52.2341,10824109
2014-07-25,52.0855,52.354,51.9848,52.2005,6910402
2014-07-28,52.2628,52.3396,51.817,52.2533,8566935
2014-07-29,52.167,52.3779,51.3999,51.4574,8708832
2014-07-30,51.6876,51.8506,50.8533,51.002,9498248
2014-07-31,50.6759,51.093,50.3883,50.4123,10373787
2014-08-01,50.302,50.7287,49.9808,50.2205,7518036
2014-08-04,50.3595,50.5033,50.0527,50.3643,6328510
2014-08-05,50.254,50.6855,50.091,50.3499,8865508
2014-08-06,49.9808,50.1246,49.4486,49.7602,8594424
2014-08-07,50.0479,50.1342,49.7363,49.9664,6603407
2014-08-08,50.1821,50.8102,49.9184,50.8006,7118402
2014-08-11,51.093,51.2273,50.6664,50.6855,5184271
2014-08-12,50.5081,50.7239,50.2301,50.2972,6916758
2014-08-13,50.519,50.9963,50.519,50.8951,5541955
2014-08-14,50.8902,51.1313,50.8661,50.9963,3697921
2014-08-15,51.2567,51.2808,50.5961,50.9288,4936546
2014-08-18,51.4254,52.1293,51.3386,52.1149,8003634
2014-08-19,52.1583,52.3511,51.922,52.3415,6294982
2014-08-20,52.3608,52.9731,52.3415,52.8959,7153996
2014-08-21,53.0358,53.1418,52.7947,53.0647,4524836
2014-08-22,52.9345,53.0068,52.6693,52.7417,3757826
2014-08-25,52.8815,53.1081,52.8815,52.949,2753419
2014-08-26,52.9876,53.1177,52.8622,52.8815,3213753
2014-08-27,53.1322,53.1997,52.4909,52.597,4048931
2014-08-28,52.4572,52.6645,52.2065,52.6067,3375354
2014-08-29,52.6067,52.7224,51.9317,52.0618,7495790
2014-09-02,52.1968,52.5874,51.9365,52.5729,6582909
2014-09-03,53.0309,53.0358,52.4668,52.65,4178593
2014-09-04,52.7899,52.867,52.5825,52.6597,4539137
2014-09-05,52.7995,52.7995,52.2547,52.409,4438236
2014-09-08,52.5054,52.5247,52.3029,52.3608,6015001
2014-09-09,52.4379,52.544,52.2692,52.3945,3360099
2014-09-10,52.3945,52.6597,52.1149,52.3126,3757349
2014-09-11,52.2065,52.4234,52.0956,52.3174,3607983
2014-09-12,52.1727,52.38,52.0474,52.2402,4640516
2014-09-15,52.2065,52.2981,51.9509,52.2258,3996335
2014-09-16,51.9895,52.4861,51.7291,52.3318,4909692
2014-09-17,52.3897,52.5295,51.8883,52.0859,6529201
2014-09-18,51.787,52.3897,51.787,52.3222,5465683
2014-09-19,52.6018,52.6501,52.1486,52.2884,9450578
2014-09-22,52.0859,52.2933,51.2856,51.3338,6582115
2014-09-23,51.3386,51.3386,50.6443,50.8276,6100330
2014-09-24,50.9288,51.2277,50.6925,51.1409,6080785
2014-09-25,51.1072,51.1361,50.2875,50.3792,6254622
2014-09-26,50.2634,50.8083,50.2634,50.7408,6477400
2014-09-29,50.3358,50.8613,50.2731,50.6636,4603015
2014-09-30,50.8854,51.2084,50.6588,50.9143,7967405
2014-10-01,50.7215,50.7456,49.8729,50.0658,9319008
2014-10-02,50.0031,50.1284,49.3956,49.7765,6410503
2014-10-03,50.0995,50.4225,49.95,50.3454,4838187
2014-10-06,50.654,50.8854,50.0224,50.249,4738239
2014-10-07,50.0658,50.1381,48.8797,48.899,9520494
2014-10-08,49.034,49.5161,48.547,49.4824,9930297
2014-10-09,49.2991,49.5209,48.1324,48.1854,10709224
2014-10-10,48.2095,48.5856,47.8527,48.1854,10611501
2014-10-13,48.2384,48.6772,47.8383,47.8817,8121697
2014-10-14,48.0745,48.7495,48.0118,48.2722,7266497
2014-10-15,47.7611,48.0167,46.9125,47.8142,11289845
2014-10-16,47.3272,48.2577,47.2259,47.8431,9691470
2014-10-17,48.359,49.169,48.33,48.952,11571098
2014-10-20,48.899,49.0677,48.682,48.9279,10160543
2014-10-21,50.2008,50.2152,48.5422,49.169,19948465
2014-10-22,49.7138,49.7138,48.7254,48.7833,9822245
2014-10-23,49.5981,50.114,49.4004,49.7475,9043794
2014-10-24,49.7379,50.0802,49.5643,50.0561,5812403
2014-10-27,50.0417,50.2875,49.897,50.2345,4699468
2014-10-28,50.6058,51.3579,50.5575,51.2374,6631692
2014-10-29,51.4543,51.7195,50.8276,51.0349,6452452
2014-10-30,50.7263,51.3917,50.4804,51.2711,4593005
2014-10-31,51.9895,52.0474,51.5797,51.5893,7088688
2014-11-03,51.7918,51.8304,51.1217,51.2518,7289696
2014-11-04,51.5893,51.7292,51.2663,51.5315,6343924
2014-11-05,51.8545,52.2836,51.6279,52.0377,10644552
2014-11-06,52.0233,52.4717,51.9654,52.3511,5690686
2014-11-07,52.3077,52.5922,52.0474,52.5922,5169812
2014-11-10,52.5777,52.6645,52.3945,52.5536,5599159
2014-11-11,52.5536,52.626,52.086,52.1968,4686756
2014-11-12,52.1969,52.4829,52.0466,52.4247,5057151
2014-11-13,52.512,52.8271,52.3423,52.4247,6692391
2014-11-14,52.318,52.5604,52.0611,52.0902,4664510
2014-11-17,51.9738,52.2259,51.9447,52.0514,3804861
2014-11-18,52.2114,52.8852,52.0126,52.7446,4257408
2014-11-19,52.6235,52.7543,52.4586,52.6768,3608937
2014-11-20,52.3568,52.7737,52.2938,52.7543,3488967
2014-11-21,53.4088,53.6221,53.3118,53.4718,5676067
2014-11-24,52.8222,54.1505,52.5556,52.7398,15423787
2014-11-25,53.37,54.422,53.1809,54.1554,12876303
2014-11-26,54.1941,54.2911,53.2488,53.4039,8372123
2014-11-28,53.6366,53.7142,53.2876,53.3652,3371064
2014-12-01,52.8707,53.4621,52.6962,53.1761,5496033
2014-12-02,53.244,53.6803,53.0791,53.1713,4375629
2014-12-03,53.2779,54.0148,53.1228,53.8063,5420715
2014-12-04,53.5542,53.9178,53.3022,53.913,7313531
2014-12-05,54.0439,54.1263,53.5397,53.9517,4801481
2014-12-08,54.4171,55.5321,54.0632,54.805,10090468
2014-12-09,54.4075,55.7503,54.0826,55.7455,9357144
2014-12-10,55.5079,55.7649,54.9504,55.0231,12495102
2014-12-11,55.314,55.6824,54.9068,55.2849,8399613
2014-12-12,53.5882,55.1007,53.3749,54.3687,9323140
2014-12-15,54.6159,54.9989,54.1117,54.2523,7305269
2014-12-16,54.4075,55.6049,53.9711,54.8922,8166348
2014-12-17,55.028,55.4303,54.2087,55.217,7982500
2014-12-18,55.823,56.7005,55.5079,56.7005,7531860
2014-12-19,56.3709,56.812,55.9345,56.0364,12507972
2014-12-22,55.8861,56.8168,55.8861,56.7878,4859321
2014-12-23,56.9623,57.2143,56.6811,56.8217,4315565
2014-12-24,57.0398,57.1707,56.6569,56.6763,1617443
2014-12-26,56.972,57.1077,56.7683,56.8362,2537156
2014-12-29,56.4048,56.8847,56.4048,56.652,3957722
2014-12-30,56.6666,56.6666,56.2012,56.3321,3460842
2014-12-31,56.526,56.6714,55.7309,55.7503,3755602
2015-01-02,55.8182,56.0606,55.1686,55.7697,4989619
2015-01-05,55.5322,55.9733,54.7032,54.8389,7572062
2015-01-06,54.4268,54.8001,53.4379,54.0633,9172185
2015-01-07,54.4656,54.9456,54.3057,54.6499,4929396
2015-01-08,55.2267,55.7503,54.9262,55.5806,6196941
2015-01-09,55.7164,55.8133,54.965,55.2752,6078084
2015-01-12,55.4885,55.6291,54.7904,55.4837,7970742
2015-01-13,56.0072,56.6423,55.0231,55.4304,6668080
2015-01-14,54.8632,55.3479,54.5965,55.0328,5575483
2015-01-15,55.3479,55.6,54.8098,55.0328,5038083
2015-01-16,54.8729,56.3999,54.8583,56.3078,9173615
2015-01-20,56.5163,57.0738,56.1866,56.9768,8685474
2015-01-21,56.8944,57.8349,56.8168,57.704,11405206
2015-01-22,58.0579,58.5039,57.5731,58.3924,10428448
2015-01-23,58.3536,58.6348,58.1403,58.1645,6830158
2015-01-26,58.0918,58.1355,57.3404,57.5683,9047607
2015-01-27,56.4775,58.3488,55.7552,57.767,11644351
2015-01-28,57.8737,57.8737,56.6181,56.6811,6898008
2015-01-29,56.6617,56.7344,55.4934,56.4533,10056145
2015-01-30,55.76,56.3466,55.5709,55.6437,7346106
2015-02-02,55.8327,56.5744,55.2898,56.5163,5588354
2015-02-03,57.0011,57.9416,56.4387,57.6361,7136994
2015-02-04,57.5683,57.6895,56.938,57.1029,5098148
2015-02-05,57.3307,58.3488,57.1659,58.2276,7448120
2015-02-06,58.1742,58.6687,57.8737,58.0821,4496234
2015-02-09,57.9028,58.1452,57.6458,57.8446,4068952
2015-02-10,58.1209,58.2809,57.6507,57.8834,4067840
2015-02-11,57.7615,58.0296,57.4983,57.8493,4302376
2015-02-12,58.0832,58.4682,57.9126,58.2879,4603333
2015-02-13,58.166,59.1603,58.166,59.097,6041537
2015-02-17,58.9752,59.4138,58.7656,59.1311,5150267
2015-02-18,59.1311,59.7842,58.98,59.4577,5522093
2015-02-19,59.2578,59.9499,59.2578,59.9061,5413723
2015-02-20,59.945,60.6566,59.4625,60.4909,6454836
2015-02-23,60.257,60.5153,59.9841,60.3009,4349570
2015-02-24,60.1546,60.5056,59.9451,60.335,3901631
2015-02-25,60.3642,60.5982,59.9256,60.1303,4565038
2015-02-26,60.1059,60.218,59.5356,59.7891,3969640
2015-02-27,59.7306,59.8768,59.3602,59.4187,4902542
2015-03-02,59.4187,60.1936,59.2432,60.0425,3695855
2015-03-03,59.4528,59.8963,59.0288,59.3163,5064938
2015-03-04,59.097,59.1652,58.7412,58.9947,3373765
2015-03-05,59.1165,59.214,58.6583,58.8728,3064069
2015-03-06,58.1953,58.6632,57.9418,58.2099,5820666
2015-03-09,58.1417,59.5552,58.1417,59.3407,6557962
2015-03-10,58.7558,58.9654,57.1912,57.2205,8872658
2015-03-11,57.4057,57.9565,57.2059,57.6787,5955413
2015-03-12,58.6583,59.2042,58.6242,59.0921,7798494
2015-03-13,58.8582,59.2676,57.3667,57.8736,11697424
2015-03-16,58.1222,58.5657,58.015,58.5219,7428098
2015-03-17,58.2538,58.5511,57.8785,58.4195,6074429
2015-03-18,58.1368,58.7802,57.1474,58.6388,8390238
2015-03-19,58.5072,58.6388,58.0198,58.1856,4577591
2015-03-20,58.3951,58.6827,58.2245,58.2245,13040923
2015-03-23,58.2245,58.3366,57.6055,57.8444,7218509
2015-03-24,58.0198,58.5755,57.6348,57.9613,6409708
2015-03-25,58.0978,58.166,56.7282,56.7623,7081379
2015-03-26,56.5186,56.8403,56.0605,56.5576,6975233
2015-03-27,56.6064,57.123,56.5625,56.9768,4455556
2015-03-30,57.357,58.1125,57.2205,57.9175,4768271
2015-03-31,57.3521,57.5861,57.0987,57.123,5601861
2015-04-01,57.2059,57.2595,56.2262,56.4992,5444232
2015-04-02,56.8257,57.357,56.5333,57.0889,6717180
2015-04-06,56.504,57.859,56.504,57.4447,4540250
2015-04-07,57.396,57.781,57.2449,57.2644,3605600
2015-04-08,57.3716,57.8297,57.0548,57.435,3947235
2015-04-09,57.3667,57.8736,57.1133,57.4544,3318468
2015-04-10,57.5812,57.9711,57.2351,57.7372,3582718
2015-04-13,57.4983,57.8152,57.1425,57.2254,4815306
2015-04-14,57.0499,57.5665,56.8208,57.3618,4141570
2015-04-15,57.552,57.8931,57.279,57.4496,4408363
2015-04-16,57.1961,57.664,56.9866,57.2595,4616204
2015-04-17,56.6892,56.7916,55.9825,56.1044,6862097
2015-04-20,56.5479,57.1084,56.4845,56.7867,6367918
2015-04-21,57.8687,58.0003,56.5917,57.0012,7285565
2015-04-22,57.0207,57.2351,56.4066,57.0061,4437918
2015-04-23,56.7428,57.4691,56.5528,57.1523,4183519
2015-04-24,57.24,57.3667,56.5674,56.6161,5598206
2015-04-27,56.8598,56.9622,56.3919,56.4114,6229357
2015-04-28,56.1482,56.6551,56.0264,56.5771,4364506
2015-04-29,56.3335,56.6503,56.1336,56.236,4598248
2015-04-30,56.0166,56.3578,55.2173,55.4415,6195829
2015-05-01,55.8509,56.4017,55.8119,56.2652,4420121
2015-05-04,56.4309,57.0938,56.3919,56.7575,6237302
2015-05-05,56.543,56.967,55.9094,56.0849,4811810
2015-05-06,56.8111,56.8111,55.6949,56.0897,5863887
2015-05-07,56.1141,56.8111,55.8509,56.5576,5014407
2015-05-08,57.3716,57.9272,57.1766,57.7225,5891694
2015-05-11,57.24,57.7518,57.24,57.3667,4804818
2015-05-12,57.0499,57.4301,56.5479,57.201,4455715
2015-05-13,57.3235,57.8283,57.2696,57.5196,4828494
2015-05-14,57.7401,58.4997,57.7401,58.387,4336063
2015-05-15,58.3576,58.5095,57.7891,58.0684,4710908
2015-05-18,58.088,58.3772,58.0243,58.0782,3869374
2015-05-19,58.1224,58.5389,58.0783,58.3527,4462548
2015-05-20,58.6418,58.6418,58.1223,58.2547,3863812
2015-05-21,58.2253,58.6418,58.1714,58.3772,3370587
2015-05-22,58.3184,58.6418,58.0978,58.1321,3797074
2015-05-26,58.0978,58.1321,57.0491,57.2745,5457579
2015-05-27,57.5342,57.7695,57.1814,57.6519,5347144
2015-05-28,57.4705,57.8283,57.4705,57.6764,4613820
2015-05-29,57.5882,57.6372,57.0589,57.4216,8042565
2015-06-01,57.4509,57.647,57.0736,57.3382,3720802
2015-06-02,57.2059,57.8528,56.9658,57.5049,5566744
2015-06-03,57.843,58.3772,57.5343,58.0782,4973411
2015-06-04,57.745,58.0341,57.2353,57.4069,5691162
2015-06-05,57.1373,57.5244,56.9364,57.3382,4238499
2015-06-08,57.1128,57.5147,56.9021,56.9364,5143752
2015-06-09,57.0981,57.4607,56.8579,56.9952,3971706
2015-06-10,57.5832,57.8283,57.2941,57.5832,4998676
2015-06-11,57.8234,58.0243,57.549,57.9851,4302218
2015-06-12,57.5637,57.843,57.348,57.6323,3726682
2015-06-15,56.461,56.6178,56.064,56.167,9490938
2015-06-16,56.118,56.5443,56.0249,56.3287,7843622
2015-06-17,56.4953,56.5933,55.8582,56.3924,6037247
2015-06-18,56.0101,57.1226,56.0101,56.7991,5964470
2015-06-19,56.6521,56.9217,56.3042,56.3042,6690008
2015-06-22,56.5541,56.7403,56.3385,56.4953,4721078
2015-06-23,56.4414,56.6129,56.3189,56.4708,5772519
2015-06-24,56.2111,56.2748,55.7798,55.8533,6786937
2015-06-25,55.9856,56.1866,55.525,55.525,6016272
2015-06-26,55.6083,55.8631,55.4024,55.6328,5827975
2015-06-29,55.2505,55.3926,54.6183,54.6575,6610876
2015-06-30,55.0055,55.1231,54.2116,54.3635,9390672
2015-07-01,54.9026,54.9712,53.9763,54.3096,6557485
2015-07-02,54.5595,54.6869,53.5255,53.6921,8198446
2015-07-06,53.104,53.8146,52.9031,53.5941,6666014
2015-07-07,53.6823,54.0156,52.9521,53.9519,7519307
2015-07-08,53.3,53.7705,53.055,53.2559,6048211
2015-07-09,53.9077,54.1234,53.3785,53.3785,4059895
2015-07-10,54.094,54.535,53.6676,53.9959,6847954
2015-07-13,54.4909,54.8781,54.2753,54.682,6185818
2015-07-14,54.6428,54.7115,54.4076,54.6477,4747138
2015-07-15,54.6428,54.8046,54.3047,54.5203,4519911
2015-07-16,55.0447,55.0643,54.4174,54.5252,4868378
2015-07-17,54.5252,54.6281,54.2018,54.2704,5506044
2015-07-20,54.3831,54.4027,53.6676,54.143,11896843
2015-07-21,51.1388,51.4329,49.8794,50.3351,31049219
2015-07-22,50.1146,50.2322,49.4432,49.7666,14990149
2015-07-23,50.0754,50.0803,49.3697,49.5657,9415937
2015-07-24,49.4971,49.5902,48.6444,48.6689,10468332
2015-07-27,48.4091,48.7816,48.2131,48.4532,12013476
2015-07-28,48.5317,48.6542,48.0367,48.5023,8871387
2015-07-29,48.5611,48.8012,47.826,48.6934,18965986
2015-07-30,48.7032,49.6392,48.517,49.3648,10708430
2015-07-31,49.4579,49.7372,49.1295,49.1589,11468131
2015-08-03,49.159,49.159,48.1151,48.7228,11319559
2015-08-04,49.0217,49.0658,48.4729,48.5317,8831026
2015-08-05,48.9923,49.0707,48.3846,48.4532,6190108
2015-08-06,48.5121,48.6199,48.2033,48.5072,6671258
2015-08-07,48.3797,48.5121,48.0269,48.169,4603492
2015-08-10,48.4434,48.9041,48.4434,48.7865,9642688
2015-08-11,48.3601,48.463,48.0269,48.3258,12189855
2015-08-12,47.9707,48.755,47.6747,48.681,7339273
2015-08-13,48.607,48.8339,48.3702,48.5281,7452251
2015-08-14,48.3949,48.7747,48.3357,48.6859,7012734
2015-08-17,48.4048,49.046,48.1483,49.0115,6718928
2015-08-18,48.8142,49.337,48.8142,49.0361,7516606
2015-08-19,48.6859,49.0164,48.2765,48.4442,5751862
2015-08-20,48.094,48.4146,47.2653,47.2653,9667476
2015-08-21,46.8411,46.9693,45.8348,45.8792,12115172
2015-08-24,43.7384,45.968,42.9985,44.8236,17470896
2015-08-25,46.0519,46.2442,43.7483,43.8025,13162482
2015-08-26,44.7348,45.2281,43.8075,45.164,11727297
2015-08-27,45.6375,46.111,45.159,46.0075,11875868
2015-08-28,45.8003,46.1456,45.7115,45.9927,8310788
2015-08-31,44.9913,45.6868,44.6608,45.1886,11239633
2015-09-01,44.1429,44.7299,44.0393,44.2563,10783907
2015-09-02,44.8581,45.016,44.3797,45.0061,8965138
2015-09-03,45.381,45.6671,45.2034,45.3366,7205479
2015-09-04,44.7989,44.9617,44.572,44.7299,7250289
2015-09-08,45.455,45.8545,45.3563,45.7855,7650717
2015-09-09,46.1949,46.2886,45.2528,45.307,7600982
2015-09-10,45.4007,45.4254,44.8335,45.085,9725792
2015-09-11,44.9864,45.5487,44.8877,45.5438,7134928
2015-09-14,45.529,45.598,45.0801,45.2971,5210649
2015-09-15,45.6868,45.9285,45.4205,45.7164,6527135
2015-09-16,45.7362,46.4218,45.7164,46.338,5568174
2015-09-17,46.3133,46.8214,45.9433,46.0272,8272016
2015-09-18,45.5832,45.677,44.6559,44.9223,16634923
2015-09-21,45.0505,45.4648,44.8877,45.159,4737127
2015-09-22,43.8913,44.2465,43.2402,43.5066,12571691
2015-09-23,43.4819,43.5954,42.372,42.8949,11638154
2015-09-24,42.2981,42.9097,42.1747,42.8259,11324485
2015-09-25,43.2254,43.4918,42.7815,43.0626,11834236
2015-09-28,42.7173,43.1465,42.5644,42.8308,8491139
2015-09-29,42.7075,43.4474,42.6483,43.3981,6542866
2015-09-30,43.7236,44.1824,43.4474,43.8963,8049715
2015-10-01,43.8519,44.1133,43.1761,43.5855,5829405
2015-10-02,43.1564,44.3402,42.8259,44.281,7347854
2015-10-05,44.6115,45.6178,44.503,45.5093,7805963
2015-10-06,45.455,45.8003,45.3859,45.6523,5381307
2015-10-07,46.3675,46.4465,45.6622,46.1258,5587083
2015-10-08,45.8052,46.5599,45.7954,46.5303,6438310
2015-10-09,46.698,47.3245,46.6191,47.0433,6514741
2015-10-12,46.8312,47.0927,46.6684,47.0729,5076696
2015-10-13,46.4514,46.7375,46.19,46.5057,6482008
2015-10-14,46.5007,46.7918,45.2626,45.4649,8911589
2015-10-15,45.7312,45.9877,45.455,45.9631,6085552
2015-10-16,46.3675,46.4415,45.6918,45.8743,5002808
2015-10-19,45.6276,45.8003,44.9913,45.4057,8761428
2015-10-20,46.5303,48.1877,45.9137,47.1666,14309263
2015-10-21,47.4725,48.6761,47.364,48.3258,16682752
2015-10-22,48.4837,49.4406,48.39,49.2236,9092894
2015-10-23,49.5541,49.7711,49.416,49.633,7997278
2015-10-26,49.633,49.8106,49.3272,49.4406,4291889
2015-10-27,49.2285,49.3124,48.6909,48.7747,5397039
2015-10-28,49.0164,49.0904,48.4245,48.9918,6085711
2015-10-29,48.9523,49.1348,48.459,48.8586,5223520
2015-10-30,48.8487,48.9227,48.4689,48.5429,6373320
2015-11-02,48.7451,49.12,48.5133,49.0263,4874258
2015-11-03,49.0213,49.4949,48.7352,49.3272,4910010
2015-11-04,49.5344,49.8402,49.3272,49.49,4951483
2015-11-05,49.5393,49.8155,49.1891,49.7218,4500684
2015-11-06,49.3469,49.7218,48.977,49.7218,4346074
2015-11-09,49.6231,49.7415,48.9375,49.1595,5028708
2015-11-10,49.0651,49.358,48.6282,48.9907,4351477
2015-11-11,49.1694,49.3481,48.6878,48.7822,3441615
2015-11-12,48.2857,49.5119,48.097,49.2588,13996230
2015-11-13,49.0105,49.4673,47.8538,47.8985,9881832
2015-11-16,47.9382,48.5836,47.8488,48.5687,8101834
2015-11-17,48.7375,48.802,48.3552,48.4297,7196263
2015-11-18,48.4694,48.5836,48.0772,48.5091,6676978
2015-11-19,48.6382,49.0949,48.5687,48.802,6938527
2015-11-20,48.9708,49.4226,48.7226,48.7623,7783240
2015-11-23,48.7424,48.941,48.5985,48.6978,6637412
2015-11-24,48.4396,48.5935,47.8885,48.3353,8491775
2015-11-25,48.3602,48.6779,48.2807,48.2906,6890540
2015-11-27,48.1616,48.241,47.9282,48.0573,3050403
2015-11-30,48.1864,48.2807,47.6304,47.685,8836429
2015-12-01,47.68,48.38,47.6701,48.0077,7302250
2015-12-02,47.8885,48.0722,47.2282,47.2878,6185183
2015-12-03,47.3126,47.5609,46.8658,47.0148,9664298
2015-12-04,47.1587,47.9729,47.0594,47.5261,14664722
2015-12-07,47.4715,47.7843,47.3474,47.6155,7438427
2015-12-08,47.1538,47.3226,46.6176,46.7814,11141750
2015-12-09,46.4587,47.4516,46.275,46.7467,10982215
2015-12-10,46.702,46.9999,45.4906,46.6027,9238605
2015-12-11,46.1757,46.98,46.136,46.3197,15798791
2015-12-14,46.3197,46.4538,45.7736,46.1857,10722890
2015-12-15,46.5084,46.9949,46.285,46.2999,10516002
2015-12-16,46.6523,47.3772,46.3892,47.2282,15680729
2015-12-17,47.2282,47.5261,46.5878,46.6027,7630855
2015-12-18,46.3247,46.8311,45.8431,45.8431,13769956
2015-12-21,46.1807,46.6126,46.0169,46.4736,13838283
2015-12-22,46.8211,47.3672,46.6672,47.0991,7379475
2015-12-23,47.4119,47.958,47.3772,47.8091,7432071
2015-12-24,47.6055,47.9183,47.5956,47.8091,2197110
2015-12-28,47.6502,47.8141,47.5112,47.7048,5731205
2015-12-29,47.9928,48.5389,47.8339,48.2906,5230035
2015-12-30,48.1169,48.4049,47.9183,48.107,5023782
2015-12-31,47.8637,47.9978,47.5162,47.6949,4689139
2016-01-04,46.8907,47.4814,46.6474,47.4467,8552316
2016-01-05,47.2332,47.6602,47.0644,47.5211,6758176
2016-01-06,46.6176,46.985,45.9424,46.2304,13189653
2016-01-07,45.4112,46.3445,45.3913,45.6247,11098847
2016-01-08,45.4608,45.6147,44.7906,44.88,11919566
2016-01-11,45.2225,45.3764,44.6417,44.9296,11417283
2016-01-12,45.1729,45.2523,44.5176,44.9296,12231010
2016-01-13,45.014,45.014,43.892,44.1005,13647603
2016-01-14,44.2246,44.4729,43.619,44.1899,11752085
2016-01-15,43.1871,43.7183,42.4324,42.5119,16661618
2016-01-19,42.8693,42.8693,41.936,42.3182,11869830
2016-01-20,41.9211,42.487,41.3998,42.1147,15256307
2016-01-21,42.1147,43.0878,41.9707,42.4821,9125468
2016-01-22,43.1672,43.3807,42.636,42.8693,7384719
2016-01-25,42.6856,42.77,42.0452,42.1494,16595516
2016-01-26,42.3431,42.9289,42.3033,42.5218,11748748
2016-01-27,42.5466,43.475,42.075,42.6012,12845317
2016-01-28,42.8445,43.2913,42.6558,42.919,9148191
2016-01-29,43.1275,43.5346,43.0729,43.5346,12533238
2016-02-01,43.2218,43.609,42.919,43.47,8003634
2016-02-02,42.78,43.058,42.2388,42.4076,11754945
2016-02-03,42.6906,42.8792,41.8466,42.6757,13197440
2016-02-04,42.7402,44.041,42.7104,43.7481,9409581
2016-02-05,43.7083,43.9417,43.4105,43.609,8289495
2016-02-08,43.3608,43.3906,42.6062,43.0828,10897998
2016-02-09,42.8246,43.5743,42.6608,43.3112,11696470
2016-02-10,43.3707,43.9119,43.0629,43.1722,5750273
2016-02-11,42.3927,42.9686,41.6282,42.0303,12254050
2016-02-12,42.1941,42.7601,42.1494,42.6707,9353331
2016-02-16,43.3608,43.4402,42.4771,42.9338,11060076
2016-02-17,43.369,44.2593,43.334,44.0742,8169208
2016-02-18,44.2893,44.5344,44.0942,44.1943,7941345
2016-02-19,44.1893,44.5094,43.7241,44.1292,18778008
2016-02-22,44.6094,47.4703,44.4494,46.1999,34685169
2016-02-23,46.1299,46.2299,45.2596,45.8148,18381075
2016-02-24,45.5697,47.0902,45.5697,46.8201,27002354
2016-02-25,46.9702,49.3809,46.8551,49.0508,26794989
2016-02-26,50.1212,50.2912,48.2656,48.8608,23286477
2016-02-29,48.7307,49.451,48.2706,48.3256,14069324
2016-03-01,46.1249,47.5403,46.0499,47.5403,19630347
2016-03-02,47.3953,48.0155,47.2152,47.7804,8655760
2016-03-03,47.6154,48.0905,47.5503,48.0705,7306063
2016-03-04,48.1005,48.6657,47.9055,48.5157,7427145
2016-03-07,48.2906,48.7457,48.0405,48.4756,10022776
2016-03-08,48.0855,48.7607,48.0805,48.4656,8507665
2016-03-09,48.6757,48.7557,48.2156,48.3156,6608492
2016-03-10,48.3156,48.5757,47.5403,48.1055,7640865
2016-03-11,48.6057,48.8408,48.2506,48.3906,6405418
2016-03-14,48.1656,48.7007,48.1606,48.4306,6315481
2016-03-15,48.0455,48.3656,47.9555,48.1605,4369909
2016-03-16,48.1155,49.0158,48.0155,48.7607,7306699
2016-03-17,48.9258,49.651,48.7107,49.436,6619933
2016-03-18,49.621,50.1612,49.426,49.541,15106464
2016-03-21,49.556,49.8161,49.411,49.601,6350756
2016-03-22,49.3559,49.651,49.1709,49.3459,5578026
2016-03-23,49.4009,49.751,49.1559,49.571,5140892
2016-03-24,49.0908,49.556,49.0158,49.546,4523883
2016-03-28,49.496,49.661,49.3409,49.471,3622443
2016-03-29,49.2209,50.1762,49.0558,50.0762,5985127
2016-03-30,50.4263,50.5163,49.9661,50.1412,4784002
2016-03-31,50.0562,50.2262,49.511,50.0662,6089843
2016-04-01,49.711,50.2462,49.426,50.0011,6416541
2016-04-04,50.1662,50.6063,49.9161,50.1512,5891059
2016-04-05,49.8911,50.1912,49.686,49.9461,4958316
2016-04-06,49.8111,50.2862,49.2259,50.2012,8056866
2016-04-07,49.9661,50.7214,49.8511,50.4613,6109228
2016-04-08,50.7364,51.1915,50.4963,50.6764,4378490
2016-04-11,50.8064,51.4816,50.5713,51.0865,7283182
2016-04-12,51.1615,51.7567,51.1615,51.5566,5066844
2016-04-13,51.8317,52.3919,51.8217,52.3219,5822891
2016-04-14,52.5169,52.732,50.6413,52.3569,8290290
2016-04-15,52.2519,52.597,52.1218,52.3019,5982108
2016-04-18,52.3319,52.687,52.0318,52.582,4463660
2016-04-19,52.817,53.1621,52.2719,52.5169,6118445
2016-04-20,52.727,53.0721,52.617,52.782,6075383
2016-04-21,52.797,52.9971,52.642,52.732,4176528
2016-04-22,52.8821,53.1722,52.4819,52.8671,4865359
2016-04-25,52.612,52.617,52.1568,52.617,4398352
2016-04-26,52.742,52.9021,51.8267,52.4169,8763335
2016-04-27,53.1772,53.5523,52.4569,52.9621,10072194
2016-04-28,52.592,52.812,51.8617,52.1318,7421266
2016-04-29,51.7817,52.4869,51.7817,52.2018,4852806
2016-05-02,51.9618,52.4669,51.7867,52.2018,6711300
2016-05-03,51.7467,51.9518,50.9514,51.0815,7612263
2016-05-04,50.7114,50.9064,50.1312,50.3513,8943369
2016-05-05,50.5763,50.6313,49.9711,50.1612,5609647
2016-05-06,50.1462,50.6613,49.9211,50.5763,5951600
2016-05-09,50.1812,50.7014,50.0061,50.0611,6092544
2016-05-10,50.1662,51.2265,50.1162,51.0965,5834808
2016-05-11,51.2916,51.3566,50.7364,50.8164,4442685
2016-05-12,50.9064,51.1565,50.5913,50.7464,4555186
2016-05-13,50.6363,50.8764,49.9961,50.1512,5212715
2016-05-16,50.0411,51.0565,50.0411,50.9264,5512877
2016-05-17,50.8464,50.9865,49.8861,50.0462,6659499
2016-05-18,50.0713,50.6,49.739,49.9908,5307896
2016-05-19,49.6786,49.8146,49.3111,49.5981,4987712
2016-05-20,49.9203,50.2928,49.6786,49.8951,6851927
2016-05-23,49.8196,49.88,49.4772,49.7944,4224992
2016-05-24,50.0915,50.5295,50.0562,50.3029,4693429
2016-05-25,50.4943,50.8215,50.4943,50.5094,3740824
2016-05-26,50.5698,50.8517,50.4942,50.5547,3980127
2016-05-27,50.5949,50.7359,50.3935,50.7309,4243107
2016-05-31,50.7359,50.9524,50.5245,50.6403,8367197
2016-06-01,50.3936,50.6,49.7189,50.5245,4460164
2016-06-02,50.4741,50.7561,50.3835,50.746,3922447
2016-06-03,50.7259,50.741,50.2929,50.5647,3577634
2016-06-06,50.7208,51.1387,50.605,51.033,5989259
2016-06-07,51.2445,51.5566,51.0783,51.0783,4035583
2016-06-08,51.0783,51.4156,51.043,51.3904,4078645
2016-06-09,51.1387,51.5314,51.0984,51.5163,5733748
2016-06-10,51.1286,51.5516,50.9574,51.3552,5723101
2016-06-13,51.3451,51.5566,50.9474,50.9575,7141761
2016-06-14,50.9575,51.3099,50.605,50.9474,5887563
2016-06-15,51.1035,51.2243,50.6201,50.6201,7118720
2016-06-16,50.4942,51.1236,50.021,50.9121,7229791
2016-06-17,50.7762,51.1991,50.5144,50.9524,9044429
2016-06-20,51.3653,51.7882,51.184,51.2042,7067713
2016-06-21,51.3502,51.4055,51.0531,51.1387,5273732
2016-06-22,51.2394,51.3401,50.9021,51.028,4186221
2016-06-23,51.6069,51.6069,51.2193,51.5214,4885857
2016-06-24,50.0562,50.5547,49.7239,49.7894,11832330
2016-06-27,49.3413,49.447,48.7824,48.9435,9909799
2016-06-28,49.4168,49.9052,49.306,49.8599,8871705
2016-06-29,50.3382,50.7007,50.0764,50.5849,7527570
2016-06-30,50.7863,51.6422,50.6352,51.6321,9276105
2016-07-01,51.5969,52.4578,51.5264,51.7228,10453872
2016-07-05,51.4056,51.5264,50.454,50.6604,6850338
2016-07-06,50.6252,51.0984,50.0008,51.0431,8306498
2016-07-07,51.1186,51.4257,51.038,51.3401,4848992
2016-07-08,51.8134,52.2313,51.6422,52.191,5566108
2016-07-11,52.191,52.6089,52.1608,52.342,5270872
2016-07-12,52.478,52.8959,52.4075,52.6139,5945085
2016-07-13,52.9009,52.9714,52.6592,52.911,4687709
2016-07-14,53.3591,53.3641,52.8354,52.9361,5255459
2016-07-15,53.0419,53.1929,52.8002,53.1174,4507834
2016-07-18,53.1073,53.3339,52.8052,53.1123,3472442
2016-07-19,52.8606,53.3389,52.8103,53.1778,5551807
2016-07-20,53.213,53.5101,53.1476,53.3893,4746979
2016-07-21,53.5554,53.7417,53.1728,53.2936,6052342
2016-07-22,52.7499,52.9664,52.6139,52.9311,5583587
2016-07-25,52.8908,52.9663,52.5736,52.6894,5500006
2016-07-26,53.8928,54.356,53.6209,54.3207,7014482
2016-07-27,54.4063,54.6228,54.1143,54.22,6348691
2016-07-28,54.22,54.3711,53.923,54.1646,4459846
2016-07-29,54.1243,54.4164,53.9683,54.1999,5136601
2016-08-01,54.1042,54.1999,53.6209,53.8424,4864882
2016-08-02,53.6158,53.7367,53.3137,53.5051,3788335
2016-08-03,53.5051,53.6309,53.3792,53.5151,4743801
2016-08-04,53.6461,53.9079,53.5302,53.5504,2960148
2016-08-05,53.7971,54.2452,53.7115,54.2452,4252323
2016-08-08,54.2452,54.5473,54.1193,54.2704,4800210
2016-08-09,54.3811,54.5775,54.3107,54.5473,3516616
2016-08-10,54.6077,54.6278,54.2653,54.4365,2635674
2016-08-11,54.6278,55.0256,54.6077,54.9702,3186263
2016-08-12,54.8897,54.9702,54.653,54.8141,2873548
2016-08-15,54.9652,55.2975,54.9652,55.227,3248711
2016-08-16,54.9853,55.1917,54.8796,54.9601,3835369
2016-08-17,54.9855,55.2185,54.8082,55.183,3508512
2016-08-18,55.2387,55.4262,55.1374,55.3806,3114122
2016-08-19,55.2185,55.4262,55.1628,55.2843,3795803
2016-08-22,54.9703,55.2084,54.7778,54.9601,3893845
2016-08-23,55.2134,55.3907,54.7069,54.7069,4868855
2016-08-24,54.717,54.869,54.5043,54.6866,3884628
2016-08-25,54.5802,54.7778,54.408,54.565,2850030
2016-08-26,54.6765,54.8538,54.1699,54.3574,3990138
2016-08-29,54.4941,54.7829,54.4181,54.6917,2849236
2016-08-30,54.641,54.7677,54.2966,54.3776,3798981
2016-08-31,54.1953,54.2966,53.8711,53.9116,5321879
2016-09-01,54.0686,54.1851,53.5418,54.0585,5134854
2016-09-02,54.2966,54.565,53.9369,54.1649,4872986
2016-09-06,54.2003,54.4485,53.4304,53.6988,5832742
2016-09-07,53.5519,53.8407,53.3341,53.6178,4010954
2016-09-08,53.4962,53.7748,53.4506,53.5671,4465408
2016-09-09,53.1872,53.2379,52.007,52.012,6766280
2016-09-12,51.7689,52.858,51.6119,52.6959,6120510
2016-09-13,52.2096,52.3514,51.6929,51.8297,5630304
2016-09-14,51.7638,52.1032,51.3839,51.4954,6502506
2016-09-15,51.3839,52.1285,51.2927,52.0272,4989301
2016-09-16,51.9563,51.9563,50.5785,50.7052,12273754
2016-09-19,50.9078,51.2522,50.771,50.8774,5269283
2016-09-20,51.0445,51.4143,50.7761,50.7761,4941949
2016-09-21,50.9838,51.7081,50.8926,51.6473,4997087
2016-09-22,52.0374,52.4173,51.9817,52.1741,5680039
2016-09-23,51.7182,52.1741,51.622,51.9513,4205130
2016-09-26,51.7486,52.1539,51.5562,51.7841,5330459
2016-09-27,51.7081,52.0374,51.5562,51.8449,6831588
2016-09-28,52.0121,52.1083,51.5004,51.8449,7962002
2016-09-29,52.0627,52.0627,51.1003,51.1914,5911080
2016-09-30,51.3738,51.6828,51.1914,51.465,8030012
2016-10-03,51.465,52.007,51.3079,51.8854,6311031
2016-10-04,51.9563,52.0779,51.313,51.3789,5091474
2016-10-05,51.5156,51.8348,51.3789,51.7942,4360375
2016-10-06,51.7233,51.779,51.3434,51.7081,5802234
2016-10-07,51.1408,51.1661,50.5583,50.9483,6257800
2016-10-10,50.7356,51.1763,50.4722,50.6444,7178784
2016-10-11,50.4266,50.5887,49.8744,50.0315,6856217
2016-10-12,50.0517,50.2746,49.915,50.1125,6067120
2016-10-13,49.844,50.7001,49.7174,50.5785,5987670
2016-10-14,50.8673,51.0547,50.69,50.7356,5040308
2016-10-17,50.7204,50.8774,50.4772,50.5076,3896864
2016-10-18,50.9027,50.9483,50.4924,50.6494,4836598
2016-10-19,50.7862,50.8723,50.5228,50.5329,6378087
2016-10-20,50.5279,50.7457,50.2847,50.2949,6160076
2016-10-21,49.8339,50.0365,49.4489,49.9808,6506955
2016-10-24,50.3202,50.5836,50.1885,50.4114,6813791
2016-10-25,51.2168,51.7183,50.8875,51.3434,10729405
2016-10-26,51.161,51.5764,51.0344,51.1661,5933485
2016-10-27,51.4042,51.4751,50.6494,50.69,5640950
2016-10-28,50.9179,51.7385,50.9179,51.5866,7069620
2016-10-31,51.6727,51.9715,51.6169,51.7689,6379041
2016-11-01,51.8753,52.1336,51.313,51.6727,6426711
2016-11-02,51.5916,51.9513,51.2421,51.4346,6539530
2016-11-03,51.5663,51.622,51.0192,51.1864,3883834
2016-11-04,51.2826,51.5511,51.0293,51.3282,4143794
2016-11-07,52.1589,52.3464,51.9259,52.1995,6715432
2016-11-08,52.2907,52.6402,51.9817,52.3616,4010954
2016-11-09,51.2066,53.3341,51.2066,53.091,7951197
2016-11-10,53.3797,54.9399,53.3595,54.9145,9701798
2016-11-11,54.6562,55.1729,54.2003,55.1425,6594191
2016-11-14,55.4262,55.4262,54.5701,54.6359,6576077
2016-11-15,54.6309,54.717,54.0281,54.5448,6031208
2016-11-16,54.3409,54.7283,54.2033,54.5142,4302218
2016-11-17,54.5499,54.7588,54.3358,54.3817,3537909
2016-11-18,54.3613,54.5142,54.2135,54.2797,4254548
2016-11-21,54.4581,54.5652,54.1319,54.4581,3459889
2016-11-22,54.6416,54.7028,54.4683,54.504,4196072
2016-11-23,54.7232,55.187,54.7232,55.1003,3779437
2016-11-25,55.3653,55.6558,55.192,55.4418,1602824
2016-11-28,55.2991,55.5437,55.1921,55.2736,3898612
2016-11-29,55.3857,55.7782,55.3755,55.4724,4979767
2016-11-30,55.5692,56.0636,54.9015,54.9015,6534127
2016-12-01,55.0442,55.1309,54.5703,54.7792,6444348
2016-12-02,55.0646,55.3348,54.7792,55.1564,4964672
2016-12-05,55.4112,55.452,54.7181,54.7486,4890624
2016-12-06,54.6875,54.8913,54.5753,54.7537,3463226
2016-12-07,54.7894,55.982,54.5753,55.9005,6772000
2016-12-08,55.8954,55.9005,55.1156,55.2634,5034747
2016-12-09,55.3195,56.0585,55.0748,55.9566,5447569
2016-12-12,55.768,56.3184,55.4469,56.2623,7116654
2016-12-13,56.5121,56.9249,56.1961,56.2216,6050276
2016-12-14,56.242,56.2878,55.5998,55.6915,4387547
2016-12-15,55.5743,55.7731,55.1054,55.1105,5738038
2016-12-16,55.2532,55.6864,55.0901,55.3093,12690072
2016-12-19,55.8444,56.6089,55.4928,56.4815,6099059
2016-12-20,56.5376,56.5733,56.14,56.3949,3584784
2016-12-21,56.5427,56.6395,56.3031,56.3133,3303054
2016-12-22,56.3592,56.4509,55.9056,56.298,3317673
2016-12-23,56.242,56.4866,56.084,56.3949,2070785
2016-12-27,56.5936,56.6395,56.3184,56.5631,1695940
2016-12-28,56.5733,56.6191,56.1146,56.1604,3010837
2016-12-29,56.2063,56.4815,56.0789,56.3439,4613820
2016-12-30,56.3643,56.4662,55.7476,55.8699,3496595
2017-01-03,56.2624,56.5529,56.0636,56.4866,4353224
2017-01-04,56.8077,56.93,56.3592,56.5223,4912235
2017-01-05,56.6599,57.0523,56.349,56.7516,5315046
2017-01-06,56.7873,57.506,56.6038,57.3632,4166358
2017-01-09,57.4397,57.4397,56.7109,56.8281,3867785
2017-01-10,56.9555,56.9963,56.6038,56.7058,2860836
2017-01-11,56.8893,56.8893,56.3592,56.5733,4363712
2017-01-12,56.6446,56.6446,55.9158,56.4815,4202269
2017-01-13,56.5376,56.7058,55.9871,56.1757,4577273
2017-01-17,55.9515,56.2012,55.7578,56.0483,3559519
2017-01-18,56.1655,56.5172,55.9719,56.2777,4131877
2017-01-19,56.5885,56.8791,56.0738,56.4356,4494010
2017-01-20,56.5478,56.6242,56.0789,56.4662,4980403
2017-01-23,56.4917,56.7262,56.0534,56.2369,3649297
2017-01-24,56.4102,56.9249,56.2369,56.8841,5148360
2017-01-25,57.0167,57.3429,55.4418,56.5529,8030806
2017-01-26,56.4713,56.823,55.824,56.2471,6349644
2017-01-27,56.14,56.5223,55.8648,55.9107,4496870
2017-01-30,55.7119,55.8597,55.1717,55.6406,4623831
2017-01-31,55.5743,55.9668,55.243,55.8954,6269717
2017-02-01,55.875,56.0177,54.9933,55.136,7420789
2017-02-02,55.085,55.3908,54.4581,55.2277,7491341
2017-02-03,55.3144,55.9515,55.2991,55.8852,5420397
2017-02-06,55.9668,56.7007,55.9005,56.4102,6720834
2017-02-07,56.7669,56.9453,56.5579,56.7007,4408522
2017-02-08,56.6191,56.6191,56.242,56.2675,3292885
2017-02-09,56.2675,56.4305,56.0636,56.1095,4217206
2017-02-10,56.191,56.7058,56.1043,56.5987,4257249
2017-02-13,56.8841,57.1339,56.7873,57.0931,4498141
2017-02-14,57.0778,57.246,56.8026,56.8638,4404549
2017-02-15,56.9766,57.4636,56.9407,57.3765,4171125
2017-02-16,57.4944,57.5918,57.3252,57.4585,4452537
2017-02-17,57.3867,57.5918,57.2227,57.4995,4023030
2017-02-21,57.52,57.8328,57.4431,57.679,3395534
2017-02-22,57.6021,57.7866,57.2791,57.761,3504698
2017-02-23,57.7815,57.8738,57.4072,57.4688,5516531
2017-02-24,57.3303,57.7764,57.2944,57.6585,4636543
2017-02-27,57.7251,57.9199,57.438,57.8379,4340195
2017-02-28,57.9199,58.0327,57.5969,57.7046,4675633
2017-03-01,58.2634,58.6736,58.1711,58.2839,8080860
2017-03-02,58.3609,58.4685,57.7456,57.7764,4577591
2017-03-03,57.7764,58.1558,57.5098,57.5969,4939089
2017-03-06,57.3354,57.5764,57.1868,57.2483,5994026
2017-03-07,57.3508,57.6328,57.1662,57.5662,3904491
2017-03-08,57.6687,57.761,57.2432,57.2944,4102480
2017-03-09,57.356,57.5969,54.8847,57.3867,4639562
2017-03-10,57.6226,57.72,57.0586,57.4944,5116898
2017-03-13,57.7097,57.7969,57.4021,57.5815,4729341
2017-03-14,57.3611,57.5098,57.1919,57.3355,3487537
2017-03-15,57.4841,58.0891,57.356,57.9763,5035700
2017-03-16,57.8174,58.0481,57.397,57.5969,4661808
2017-03-17,57.7712,58.4224,57.561,58.166,11825815
2017-03-20,58.1404,58.489,57.8482,58.1968,4858844
2017-03-21,58.2737,58.5249,57.4124,57.5046,5676067
2017-03-22,57.6123,57.638,57.1253,57.3867,3379803
2017-03-23,57.3867,57.6533,57.197,57.3406,3634679
2017-03-24,57.4124,57.5662,57.0791,57.3201,3574773
2017-03-27,56.9509,57.3867,56.6279,57.3355,3957881
2017-03-28,57.1201,58.0122,57.074,57.802,5176485
2017-03-29,57.7046,57.7046,57.3765,57.4534,3176093
2017-03-30,57.4021,57.761,57.3457,57.6533,2354262
2017-03-31,57.679,57.7456,57.3457,57.5303,3946599
2017-04-03,57.5662,57.6687,57.033,57.3867,3373447
2017-04-04,57.5611,58.0635,57.5457,57.9302,4720760
2017-04-05,58.0071,58.6428,57.6533,57.679,4785909
2017-04-06,57.7149,57.8994,57.52,57.6328,3473077
2017-04-07,57.7456,58.043,57.5405,57.9302,3280014
2017-04-10,57.9302,58.3198,57.7712,57.8738,3332928
2017-04-11,57.679,58.0225,57.5508,58.0071,3803272
2017-04-12,57.8225,57.843,57.4944,57.5457,4139504
2017-04-13,57.4482,57.7815,57.3303,57.4688,3592570
2017-04-17,57.6944,58.0789,57.5764,58.0738,5567538
2017-04-18,57.9097,58.2839,57.843,58.2224,4324464
2017-04-19,58.4224,58.5813,57.7866,57.8943,4078486
2017-04-20,57.9148,58.607,57.8379,58.4173,3928485
2017-04-21,58.448,59.1043,58.448,58.9556,8991992
2017-04-24,59.4683,59.7759,59.335,59.6375,5013613
2017-04-25,59.8631,60.1451,59.6836,59.9195,5278817
2017-04-26,60.1604,61.1397,59.7349,60.6014,8108190
2017-04-27,60.6834,61.1294,60.5501,60.8987,5409751
2017-04-28,61.1089,61.3243,60.8013,61.0064,7115224
2017-05-01,61.032,61.3704,60.8423,60.9705,4064026
2017-05-02,60.9859,61.273,60.8834,61.1756,4765252
2017-05-03,61.1653,61.7601,61.0115,61.678,5761873
2017-05-04,61.8472,62.0369,61.6011,62.0369,5048253
2017-05-05,61.6319,62.2677,61.5858,62.2164,3873346
2017-05-08,62.2266,62.3189,61.9805,62.0779,4306667
2017-05-09,62.2728,62.524,62.0882,62.2728,3092194
2017-05-10,62.1241,62.2061,61.5857,62.0472,3389178
2017-05-11,61.6986,62.2318,61.4063,62.1805,4371975
2017-05-12,62.0421,62.1343,61.8575,61.9498,3910370
2017-05-15,61.9344,62.1856,61.8677,61.9959,3471171
2017-05-16,62.0831,62.283,61.9293,62.242,3213435
2017-05-17,62.242,62.242,61.5615,61.644,5335544
2017-05-18,61.6028,61.8502,60.8089,61.5358,4108995
2017-05-19,61.7317,62.5565,61.5512,62.4585,5099260
2017-05-22,62.6647,62.9173,62.608,62.7163,3468946
2017-05-23,62.7163,63.139,62.7008,62.9276,5409433
2017-05-24,62.9431,63.3246,62.8142,62.9328,3830285
2017-05-25,63.1132,63.206,62.9122,63.0204,4348775
2017-05-26,63.0514,63.1184,62.6751,62.8142,3378532
2017-05-30,62.7885,62.8555,62.4482,62.5152,4236115
2017-05-31,62.6647,62.675,62.376,62.5204,6543661
2017-06-01,62.4791,62.9689,62.4173,62.7833,5107364
2017-06-02,62.9276,63.3297,62.7421,62.9534,3810581
2017-06-05,63.0307,63.0719,62.3399,62.3657,5088296
2017-06-06,62.0513,62.2884,61.6853,61.9224,4746979
2017-06-07,62.1853,62.2111,61.5358,61.7471,2854162
2017-06-08,61.7471,62.1235,61.3863,61.8296,5638884
2017-06-09,61.9482,62.2833,61.7678,62.1905,3383299
2017-06-12,61.9894,62.1441,61.5254,61.7987,4869014
2017-06-13,61.8244,61.943,61.6492,61.8914,3745273
2017-06-14,61.8915,62.0719,61.6543,61.8657,2811100
2017-06-15,61.7729,62.3348,61.7523,62.2472,3094736
2017-06-16,62.4327,62.7472,61.9946,62.0822,7215490
2017-06-19,62.4946,63.0256,62.3761,62.8142,5392907
2017-06-20,62.6647,63.1596,62.6183,62.639,4263923
2017-06-21,62.8761,62.9947,62.6287,62.7627,4341784
2017-06-22,62.8039,63.3864,62.7988,62.9792,4793377
2017-06-23,62.8967,63.1184,62.6286,63.005,6119398
2017-06-26,63.1029,63.4534,62.7936,62.8245,2613111
2017-06-27,62.8503,62.9637,62.639,62.6802,2706226
2017-06-28,62.9276,63.2008,62.7317,63.1493,2862107
2017-06-29,63.1081,63.1287,62.1801,62.7111,3747815
2017-06-30,62.8967,63.2215,62.6956,62.9482,3829808
2017-07-03,63.206,63.4844,62.9225,62.9328,1837202
2017-07-05,63.0823,63.4122,62.9792,63.2988,2761682
2017-07-06,63.1802,63.4071,62.8297,62.8349,4859480
2017-07-07,63.0359,63.3555,62.9122,63.206,2801248
2017-07-10,63.2679,63.7885,63.072,63.438,3262376
2017-07-11,63.4895,63.7576,63.0771,63.6854,3104112
2017-07-12,63.9329,64.3298,63.7473,63.7731,3776894
2017-07-13,63.7524,63.7834,63.3246,63.4431,4271073
2017-07-14,63.6339,63.737,63.2988,63.6184,2827626
2017-07-17,63.7834,63.7834,63.4019,63.4637,2927574
2017-07-18,63.3143,63.3813,62.8555,63.2163,2990021
2017-07-19,63.4328,63.5256,63.1751,63.4483,2718779
2017-07-20,63.3349,63.5565,63.0513,63.1235,2910095
2017-07-21,63.0411,63.6648,62.8194,63.6597,3928803
2017-07-24,63.6597,63.7937,63.3246,63.4741,5847202
2017-07-25,62.84,62.8915,61.8554,62.077,7629425
2017-07-26,62.0771,62.1544,61.4946,61.6234,4757307
2017-07-27,61.5358,61.5615,60.7522,61.1852,6764850
2017-07-28,61.2368,61.577,60.979,61.278,3417621
2017-07-31,61.4275,61.5203,61.0563,61.1234,3451785
2017-08-01,61.3451,61.4739,61.0151,61.2832,2468194
2017-08-02,61.2419,62.0616,61.1698,62.041,3717307
2017-08-03,62.0564,62.4328,61.7884,62.4276,3227577
2017-08-04,62.4895,62.7163,62.1956,62.6286,2865920
2017-08-07,61.5048,61.7317,60.7574,61.0976,7906387
2017-08-08,61.0615,61.3399,60.8347,60.9275,4396604
2017-08-09,61.1234,61.2213,60.3295,60.4171,5058423
2017-08-10,60.2573,60.4635,59.8449,60.1903,5018698
2017-08-11,60.314,60.7058,59.9789,60.2573,3322440
2017-08-14,60.4687,60.5976,60.2831,60.3914,2949184
2017-08-15,60.3759,60.3759,59.649,59.7779,3631024
2017-08-16,60.1202,61.2508,60.0683,61.199,5485864
2017-08-17,61.0848,61.0848,60.2032,60.2135,4325099
2017-08-18,60.1824,60.3017,59.8246,59.892,4386276
2017-08-21,59.9646,60.0061,59.4771,59.7883,3040075
2017-08-22,59.9439,60.0735,59.6586,60.0009,3823929
2017-08-23,59.8557,61.6502,59.6067,60.6959,9857362
2017-08-24,60.7892,60.7892,59.6171,59.7986,6881959
2017-08-25,60.0476,60.2084,59.6534,59.6794,3569053
2017-08-28,59.7935,60.0476,59.7416,59.8142,5529561
2017-08-29,59.6742,61.5828,59.3526,61.562,8855338
2017-08-30,61.6917,62.1636,61.3598,62.0288,8285523
2017-08-31,62.0443,62.3348,61.6191,62.091,6322631
2017-09-01,62.1014,62.3192,61.1056,61.1575,4202428
2017-09-05,59.9491,60.1098,57.6359,57.6774,22592720
2017-09-06,57.5685,57.6152,56.5831,56.8476,14601480
2017-09-07,56.8476,57.0862,56.5831,57.0395,8188276
2017-09-08,57.1069,57.2262,56.7128,56.8165,6998115
2017-09-11,57.0551,57.4285,56.6765,56.8632,8935265
2017-09-12,57.0862,57.2106,56.8943,56.9773,6302610
2017-09-13,57.1277,57.2936,56.9513,57.1951,6071410
2017-09-14,57.1899,58.751,57.1017,58.6784,11175119
2017-09-15,58.9844,59.0829,58.4658,58.6473,10375534
2017-09-18,58.8132,58.9377,58.4243,58.4865,6418924
2017-09-19,58.6058,58.9429,58.4813,58.9429,5288828
2017-09-20,58.7251,59.2437,58.7199,59.1763,5458692
2017-09-21,59.2178,59.5549,58.9014,59.3837,4076103
2017-09-22,59.3422,59.7053,59.1918,59.6482,4502273
2017-09-25,59.6016,59.643,58.974,59.2748,5879459
2017-09-26,59.4252,59.6482,59.2437,59.4978,6388098
2017-09-27,59.5704,60.9189,59.5601,60.7737,8859470
2017-09-28,60.6751,60.7011,59.8401,60.0787,9580399
2017-09-29,59.809,60.2291,59.3786,60.2032,5196666
2017-10-02,60.2343,61.0174,60.1306,60.9811,3703641
2017-10-03,61.199,61.199,60.8255,61.0485,3513438
2017-10-04,61.1315,61.3131,60.95,61.0071,4449041
2017-10-05,61.0071,61.3701,60.9085,61.2871,4252959
2017-10-06,61.1471,61.3442,60.9915,61.3182,2844469
2017-10-09,61.3494,61.6554,61.2456,61.5257,2779956
2017-10-10,61.5153,61.6242,61.0693,61.2612,4234049
2017-10-11,61.3597,61.5101,60.9033,61.0693,4903495
2017-10-12,61.0278,61.6813,61.0071,61.6242,3774828
2017-10-13,61.7539,62.2103,61.5724,61.5724,5517803
2017-10-16,61.6346,61.9769,61.4064,61.7228,3437960
2017-10-17,61.5257,61.9095,61.2923,61.9043,3220109
2017-10-18,61.9769,61.9769,61.5101,61.8109,2948548
2017-10-19,61.7694,61.9925,61.313,61.9717,2592771
2017-10-20,62.2155,62.7186,62.1118,62.7186,3995858
2017-10-23,62.6304,62.8482,62.48,62.6978,4095806
2017-10-24,62.2103,63.9374,61.6917,62.1014,8632243
2017-10-25,62.0858,62.3866,61.6502,61.7124,5859120
2017-10-26,61.951,62.2726,61.7176,62.1999,5372091
2017-10-27,62.0391,62.2103,61.6968,61.7539,4533099
2017-10-30,61.9302,62.5111,61.6398,62.1481,7043084
2017-10-31,62.257,62.3607,61.9769,62.1118,5467113
2017-11-01,62.5215,62.7549,62.1999,62.2985,4275363
2017-11-02,62.2829,63.0194,62.0858,62.9934,3119366
2017-11-03,63.1438,63.1438,62.4333,62.7912,3822657
2017-11-06,62.8897,62.9934,62.4281,62.4385,3838388
2017-11-07,62.5837,62.9935,62.4333,62.6252,2945370
2017-11-08,62.5059,62.7497,62.2414,62.3814,3195479
2017-11-09,62.3815,62.4178,61.2456,61.3909,4473035
2017-11-10,61.199,61.4479,61.199,61.256,4961653
2017-11-13,61.173,61.199,60.6388,60.7166,3522654
2017-11-14,60.7166,61.728,60.6803,61.6139,4541203
2017-11-15,61.339,61.396,60.4625,60.976,4175892
2017-11-16,61.2003,61.6751,61.096,61.5081,3371222
2017-11-17,61.2994,61.3725,60.7725,60.7986,4463024
2017-11-20,60.9551,61.1377,60.6786,60.7203,4631776
2017-11-21,60.7672,61.3725,60.7672,61.0646,3961377
2017-11-22,61.0438,61.1429,60.809,60.9029,4545493
2017-11-24,61.0438,61.1272,60.7046,60.9968,2361890
2017-11-27,60.9499,61.1586,60.7516,61.1064,4082936
2017-11-28,61.2786,61.576,60.9916,61.4142,4343849
2017-11-29,61.482,61.8055,61.3934,61.649,4400418
2017-11-30,62.0507,63.5221,61.8838,63.3655,8539922
2017-12-01,63.4751,63.6264,61.9777,62.6716,6168180
2017-12-04,63.2247,63.616,62.6194,62.6299,4380714
2017-12-05,63.6473,63.929,62.7134,62.7603,5004238
2017-12-06,63.2142,63.3394,62.802,63.2351,4143159
2017-12-07,63.2977,64.0855,63.1621,63.8612,5733589
2017-12-08,63.8612,64.2212,63.7881,64.0751,4766523
2017-12-11,64.1377,64.4507,63.9134,64.3307,4985488
2017-12-12,64.4507,64.7794,64.1586,64.4247,5606469
2017-12-13,64.4351,65.0664,64.3203,64.8525,8274082
2017-12-14,64.9621,65.1499,64.3829,64.5707,4820390
2017-12-15,65.1134,65.969,64.7795,65.8282,9841630
2017-12-18,66.1255,66.5429,65.8803,66.1099,6713684
2017-12-19,66.3707,66.3707,65.5464,66.1464,5788886
2017-12-20,66.4543,66.7256,65.8908,66.2612,5197301
2017-12-21,66.3916,66.5534,66.1829,66.4229,4804977
2017-12-22,66.5325,66.5742,66.2351,66.3812,2549551
2017-12-26,66.496,66.7516,66.256,66.3342,1672740
2017-12-27,66.5012,66.5795,66.2195,66.5638,2877361
2017-12-28,66.6421,66.8716,66.4125,66.8455,2245257
2017-12-29,66.9499,67.0386,66.5586,66.5586,2871164
2018-01-02,66.7308,67.2421,66.3499,66.8664,4918591
2018-01-03,67.5603,67.9308,67.4716,67.8473,7958983
2018-01-04,68.2542,68.2803,67.9308,68.0612,5820666
2018-01-05,68.4003,69.0577,68.0664,68.6456,5835444
2018-01-08,70.5343,70.8473,68.9742,69.2977,10526807
2018-01-09,69.5586,70.1534,69.4073,70.0542,6724489
2018-01-10,69.976,70.6908,69.7829,70.3829,5216528
2018-01-11,70.3047,71.0925,70.3047,70.4299,7633874
2018-01-12,70.7534,71.2595,70.5551,71.2595,8285523
2018-01-16,71.8595,71.8595,69.8455,69.8977,8288065
2018-01-17,70.2577,70.409,69.3655,70.1325,6219028
2018-01-18,70.2003,70.7795,70.1012,70.2317,5098465
2018-01-19,70.4664,70.9047,70.1691,70.9047,5140892
2018-01-22,70.4195,70.6803,69.7047,70.5447,6520938
2018-01-23,70.863,71.2073,70.1743,70.9725,9101156
2018-01-24,70.4455,72.1986,69.9238,70.7899,8806238
2018-01-25,71.3899,72.1517,70.9621,71.8699,7217874
2018-01-26,72.089,72.2612,71.3117,71.9899,5090520
2018-01-29,72.0264,72.6473,71.223,71.3064,5530356
2018-01-30,70.9569,71.4995,70.5969,71.2177,5675590
2018-01-31,71.5412,72.1673,71.2438,72.0056,9389719
2018-02-01,71.4734,72.5221,71.2282,72.1673,6674277
2018-02-02,71.7082,71.9691,70.1221,70.2317,7443988
2018-02-05,69.6421,69.9864,65.6873,66.3864,10984757
2018-02-06,64.7794,67.7273,64.3047,67.7273,13781079
2018-02-07,67.5082,69.569,67.336,68.8542,12563270
2018-02-08,68.7916,69.0577,66.4542,66.5116,11691068
2018-02-09,67.3829,67.8473,63.762,65.2334,19253277
2018-02-12,64.2107,67.0542,64.1742,66.4595,15172249
2018-02-13,65.9273,66.2403,65.2021,65.6195,8052258
2018-02-14,65.2073,66.1568,64.6699,66.1047,11043073
2018-02-15,67.1487,68.2242,67.0438,68.2032,7240596
2018-02-16,68.1718,68.7331,67.6366,67.815,7602888
2018-02-20,67.5474,67.8202,66.0417,66.346,7364856
2018-02-21,66.4877,68.8381,66.3565,67.815,12340333
2018-02-22,68.623,70.6113,68.623,70.0815,12827679
2018-02-23,70.6061,70.7845,68.9272,69.8559,7316709
2018-02-26,70.2074,71.1622,70.1759,71.073,7548386
2018-02-27,71.1622,71.477,70.2388,70.2546,6848431
2018-02-28,70.3648,72.6627,70.3018,70.69,14665993
2018-03-01,70.9314,71.1937,68.0878,68.3606,10061230
2018-03-02,67.794,68.3606,67.3061,68.1718,9265618
2018-03-05,67.8465,69.4624,67.1644,69.1004,7570791
2018-03-06,69.3574,69.4466,68.3711,69.0479,4830878
2018-03-07,68.1298,68.8695,68.0511,68.6912,4718059
2018-03-08,69.1214,69.2997,68.0091,68.8643,6279092
2018-03-09,69.1528,70.4015,68.9954,70.3385,6629308
2018-03-12,70.669,70.669,68.7803,68.9902,5778716
2018-03-13,69.5043,69.5201,67.9514,68.2819,6134335
2018-03-14,68.4655,68.7226,67.2326,67.9829,5154080
2018-03-15,68.2872,68.5023,67.0858,67.8098,4779076
2018-03-16,67.794,68.1193,67.0385,67.3271,11507220
2018-03-19,67.154,67.6471,66.1729,66.7343,6069662
2018-03-20,66.7605,67.5055,66.5349,66.7132,4472717
2018-03-21,66.6975,67.4163,66.2936,66.6293,5542273
2018-03-22,66.1361,66.5978,65.0134,65.0921,7916239
2018-03-23,65.1551,65.6482,64.0795,64.1687,6138148
2018-03-26,65.0239,66.5611,64.7616,66.4404,18321011
2018-03-27,66.5558,67.2484,65.2442,65.7269,14319115
2018-03-28,66.0627,66.1204,65.0449,65.2915,4961017
2018-03-29,65.5276,66.4457,65.26,66.0102,4509423
2018-04-02,65.9211,66.1099,63.5916,64.7826,10481839
2018-04-03,64.8403,65.601,64.3576,65.5328,6045351
2018-04-04,63.5444,66.047,63.3031,65.984,11538047
2018-04-05,66.3408,66.4195,65.5591,65.9788,6481372
2018-04-06,65.3597,65.9683,64.1163,64.4048,7077724
2018-04-09,64.9767,65.26,64.0586,64.1215,5649531
2018-04-10,65.0764,65.2233,64.1792,64.5098,6561299
2018-04-11,64.1478,64.6881,63.9484,64.2422,4164610
2018-04-12,64.5517,64.9819,64.4206,64.6619,5136125
2018-04-13,64.9452,65.0554,63.9274,64.3786,5512241
2018-04-16,65.0029,65.0711,64.4468,64.9557,5573259
2018-04-17,65.4331,66.0784,65.1341,65.3335,6679203
2018-04-18,65.8004,65.8109,65.1446,65.4751,6561299
2018-04-19,65.4279,65.8791,64.6094,64.9767,7665495
2018-04-20,65.5118,65.5118,64.2684,64.5727,8543894
2018-04-23,64.5937,64.7983,64.2684,64.7721,5212873
2018-04-24,66.367,66.7919,63.3765,64.0586,12952734
2018-04-25,64.1373,64.5308,62.6263,63.7176,7501510
2018-04-26,63.7438,65.1813,63.387,64.4363,5698154
2018-04-27,64.1583,64.3996,63.4867,64.2475,4609848
2018-04-30,64.2842,64.4206,63.0355,63.0355,7058497
2018-05-01,62.9568,63.0932,61.4039,62.4112,6588471
2018-05-02,62.4112,62.8519,62.002,62.1699,4859321
2018-05-03,61.6557,62.1909,60.5435,61.7502,8062745
2018-05-04,61.6085,63.0355,61.2045,62.6998,10399369
2018-05-07,62.8362,63.7281,62.7837,63.4238,4596500
2018-05-08,63.4815,63.9169,63.3136,63.8959,4867902
2018-05-09,64.2527,64.6409,63.9064,64.5885,5643810
2018-05-10,64.7721,65.2075,64.5308,65.1079,3715718
2018-05-11,65.0187,65.5328,64.8088,65.3072,4318108
2018-05-14,65.26,65.9158,65.2075,65.5695,7024016
2018-05-15,65.218,65.4489,64.7721,65.3439,5377971
2018-05-16,65.5958,65.622,65.1131,65.4646,5861821
2018-05-17,65.6809,65.9606,65.3169,65.7442,5290893
2018-05-18,65.7337,66.1663,65.5121,66.0502,3670749
2018-05-21,66.4618,67.7069,66.4618,67.5592,7470048
2018-05-22,67.67,68.0762,67.3428,67.4642,6296730
2018-05-23,66.9208,67.3904,66.5251,67.3112,6370142
2018-05-24,67.1635,67.4537,66.7942,67.2163,2916292
2018-05-25,67.2426,67.364,66.7572,67.021,2749129
2018-05-29,66.5673,66.7836,65.7337,66.0081,4411223
2018-05-30,66.1716,66.8206,66.0872,66.5831,4421551
2018-05-31,66.3615,66.4354,65.5437,65.855,5430249
2018-06-01,66.4459,66.7677,66.0977,66.3773,4258361
2018-06-04,66.6886,67.1266,66.4829,66.6306,5114991
2018-06-05,66.4934,66.9155,66.0239,66.4512,3450196
2018-06-06,66.7783,66.9102,66.3985,66.9102,4674202
2018-06-07,66.9155,67.3587,66.9102,67.3112,3993952
2018-06-08,66.9682,67.3692,66.8786,67.327,4388500
2018-06-11,67.2954,67.8546,67.2901,67.6225,6155945
2018-06-12,67.8599,67.9338,67.1898,67.4537,3989661
2018-06-13,67.5012,67.6172,66.9208,66.9736,4458893
2018-06-14,67.1846,67.3956,66.6306,66.9736,6260819
2018-06-15,66.9894,67.2004,66.2138,66.9577,11852033
2018-06-18,66.7678,67.3165,66.5198,67.2637,6185024
2018-06-19,67.0263,67.0263,65.8076,65.9764,9243054
2018-06-20,66.2085,66.3246,65.7759,66.1399,6264950
2018-06-21,66.045,66.045,64.9898,65.148,7310353
2018-06-22,65.6967,66.0239,65.4804,65.8814,6050912
2018-06-25,65.3169,65.8339,65.1217,65.7442,10027067
2018-06-26,65.9447,66.6517,65.5121,66.2877,8867573
2018-06-27,66.6834,67.2004,65.6018,65.6124,8265501
2018-06-28,65.4382,65.9553,65.1481,65.739,5215893
2018-06-29,65.8761,66.7098,65.855,65.9658,6055520
2018-07-02,65.3538,65.9711,64.9476,65.9658,6706692
2018-07-03,66.409,66.9894,65.8234,65.9078,3918474
2018-07-05,66.4354,66.4354,65.2325,65.9236,5456944
2018-07-06,65.8709,66.3985,65.4804,66.161,3665346
2018-07-09,66.4829,66.9999,66.3774,66.8364,5400534
2018-07-10,66.9208,67.6225,66.773,67.0368,5083052
2018-07-11,66.3826,66.3826,65.5385,65.8867,5806047
2018-07-12,66.4565,67.2637,65.9605,67.1898,7329739
2018-07-13,67.2954,68.5036,67.1635,68.3295,7378045
2018-07-16,68.3453,68.7463,67.9443,68.0499,6454359
2018-07-17,68.1554,69.1156,68.1554,68.9626,7483713
2018-07-18,69.1209,69.9808,69.0734,69.4796,5969237
2018-07-19,69.295,69.4058,68.7304,68.7779,4090245
2018-07-20,68.5722,69.105,68.5247,68.7252,5109906
2018-07-23,68.53,68.6566,67.9918,68.2556,6132904
2018-07-24,68.1395,70.8725,67.6911,70.825,12897913
2018-07-25,70.4663,71.2155,69.907,71.0941,8814978
2018-07-26,71.1838,72.1018,70.7723,71.6692,9750899
2018-07-27,72.0174,72.0174,70.8778,70.978,6031844
2018-07-30,71.1416,71.2471,70.1708,70.2236,5871991
2018-07-31,70.7353,71.7219,70.6984,71.6164,8112481
2018-08-01,70.9306,71.933,70.9306,71.1733,5982744
2018-08-02,70.6878,71.0572,70.366,70.7617,3547919
2018-08-03,71.0783,71.0783,70.2816,70.6404,3093147
2018-08-06,70.5296,70.7617,70.097,70.6668,3091876
2018-08-07,70.7512,71.1574,70.5348,70.9569,3491669
2018-08-08,70.9675,71.189,70.7511,71.073,2900720
2018-08-09,71.4001,72.0596,70.7248,70.825,5203657
2018-08-10,70.4557,70.5665,69.7962,70.2236,3825676
2018-08-13,70.1919,70.4452,69.4322,69.7382,4015721
2018-08-14,70.0072,70.1708,69.6327,69.8648,5073359
2018-08-15,69.6432,69.6643,68.3822,69.5113,7253626
2018-08-16,70.2221,70.8586,70.2221,70.7101,6771365
2018-08-17,70.9275,71.5004,70.6994,71.3094,6773271
2018-08-20,71.5852,71.8345,71.3253,71.6807,8489074
2018-08-21,71.8186,72.3862,71.8186,72.1263,3551733
2018-08-22,71.6383,71.6542,70.6623,70.6729,5965265
2018-08-23,70.8161,70.8161,70.1213,70.3441,5603132
2018-08-24,70.3388,70.7896,70.3388,70.7366,4575684
2018-08-27,71.214,71.9778,71.145,71.7974,4819596
2018-08-28,72.1369,72.3172,71.2405,71.3412,3571913
2018-08-29,71.6701,71.6701,70.8055,70.8745,6034704
2018-08-30,70.7101,70.8108,70.1266,70.3282,4610801
2018-08-31,70.0789,70.3123,69.4795,69.8561,4381668
2018-09-04,69.9887,69.9887,69.2355,69.9622,4653387
2018-09-05,69.75,70.5085,69.5272,70.4289,4185108
2018-09-06,70.6835,71.389,70.4183,70.8214,5728345
2018-09-07,70.6146,70.6888,69.4583,70.0205,5056834
2018-09-10,70.4767,71.2086,70.4767,70.8904,6670304
2018-09-11,70.8851,71.076,70.1001,70.8692,3257450
2018-09-12,70.7366,71.3412,70.6411,71.0177,5549741
2018-09-13,71.2245,71.8982,71.0654,71.8823,4450789
2018-09-14,71.9724,73.1818,71.9724,73.0916,8720432
2018-09-17,73.1022,73.622,72.9007,73.0704,7567136
2018-09-18,73.1871,74.4336,72.9113,74.0358,6855105
2018-09-19,73.813,74.72,73.8077,74.5238,6344400
2018-09-20,75.0595,75.6429,74.7359,75.2398,6158646
2018-09-21,76.2105,76.4598,75.208,75.3618,11648482
2018-09-24,75.2186,75.8498,74.179,74.4389,4023825
2018-09-25,74.3593,74.651,73.9403,74.1047,5196666
2018-09-26,74.0517,74.5927,73.6592,74.0252,3763388
2018-09-27,74.2638,74.6139,73.5637,74.0888,2917881
2018-09-28,74.0729,74.2745,73.7971,74.1578,3935317
2018-10-01,74.8685,75.0595,74.3965,74.7465,5268965
2018-10-02,74.7624,75.5262,74.5715,75.0276,5877870
2018-10-03,75.3035,75.3671,74.6829,74.7996,5461711
2018-10-04,74.842,75.2929,73.8926,74.4654,5409274
2018-10-05,74.4654,74.7094,73.5213,73.76,4578227
2018-10-08,73.744,74.0676,72.8954,74.0411,5042692
2018-10-09,73.8713,74.232,71.9724,72.0732,7576670
2018-10-10,71.7232,71.7868,69.506,69.5484,9112597
2018-10-11,69.4158,70.3016,68.164,68.6202,12920318
2018-10-12,69.5856,70.0682,67.692,68.7581,8156496
2018-10-15,68.8695,69.7606,68.5141,69.1294,5177121
2018-10-16,69.4211,70.3335,68.7528,70.2857,5576913
2018-10-17,70.0948,70.3494,68.7104,68.9915,5924587
2018-10-18,68.7422,69.3628,67.9413,68.3921,5420079
2018-10-19,68.1534,68.8748,67.676,68.2542,7269198
2018-10-22,68.2542,68.4186,66.6736,67.0449,8711216
2018-10-23,66.7001,69.506,66.2545,68.965,11171623
2018-10-24,69.0763,69.6386,64.5784,64.7481,13442463
2018-10-25,65.4536,66.5569,64.9497,65.984,7501351
2018-10-26,65.2308,66.3288,64.4882,65.3634,7456541
2018-10-29,66.2227,66.5463,63.2205,64.2283,7856334
2018-10-30,64.2177,65.1354,63.8624,65.0399,7725400
2018-10-31,65.8143,66.5357,65.4695,65.8833,9773145
2018-11-01,66.6736,67.8617,66.3394,67.6708,8884576
2018-11-02,68.3444,68.7581,66.9494,67.5912,9839247
2018-11-05,67.6177,67.8246,67.0714,67.4957,8702953
2018-11-06,67.5222,67.9625,67.1828,67.8617,5171083
2018-11-07,68.4186,69.437,67.9147,69.2461,8579329
2018-11-08,69.4317,69.994,69.1506,69.6651,7543778
2018-11-09,69.6917,69.7076,68.79,69.331,7956282
2018-11-12,69.4529,69.5007,67.9413,68.0526,6669669
2018-11-13,68.3391,69.3363,68.0155,68.4876,5454719
2018-11-14,68.9809,69.3203,68.2065,68.3656,9136432
2018-11-15,67.8615,69.6699,67.5627,69.2058,7307811
2018-11-16,68.8164,69.846,68.699,69.4192,8238012
2018-11-19,69.3498,69.3498,67.9468,68.2029,7928633
2018-11-20,67.8721,67.8721,66.5012,67.216,6969831
2018-11-21,67.3707,67.9895,67.0453,67.0613,4335904
2018-11-23,66.6772,69.4992,66.5705,68.8377,15454773
2018-11-26,69.2378,70.6301,68.1282,68.2722,16858972
2018-11-27,65.973,66.7572,63.6045,65.4449,26805953
2018-11-28,65.749,65.877,64.0526,65.4716,13559890
2018-11-29,65.5036,65.5836,64.0579,64.6554,9781407
2018-11-30,64.4207,65.2529,64.0366,64.9968,15312716
2018-12-03,66.0371,67.2107,65.7597,65.9357,10925328
2018-12-04,65.733,65.845,63.6418,64.4794,12213849
2018-12-06,63.7539,64.8314,63.1884,64.7888,14831249
2018-12-07,64.6394,65.1835,63.5511,63.7218,11923220
2018-12-10,63.4924,64.3567,62.3615,63.7005,8448713
2018-12-11,65.1355,65.1515,63.2897,63.4444,6883230
2018-12-12,63.9992,64.7781,63.7805,63.8338,4905720
2018-12-13,64.1059,64.2233,63.4124,63.6151,9081135
2018-12-14,62.927,63.7218,62.5055,63.3751,6374432
2018-12-17,63.3431,63.4178,61.2092,61.5133,8063381
2018-12-18,61.9347,62.6496,61.4493,61.764,6003560
2018-12-19,61.652,62.6176,60.3183,60.7078,16601078
2018-12-20,60.6544,60.7184,58.0885,58.4779,22699660
2018-12-21,58.5046,59.3208,56.5788,56.6428,19808474
2018-12-24,56.2107,56.4081,54.3863,54.445,6793611
2018-12-26,54.9144,56.7708,53.6021,56.5521,11301604
2018-12-27,54.733,56.4188,54.2316,56.4188,10412081
2018-12-28,56.7068,57.1763,55.976,56.1947,8925413
2018-12-31,56.3334,56.8028,56.1413,56.8028,7049281
2019-01-02,56.0987,57.8004,55.6079,57.7737,9361752
2019-01-03,57.3736,57.6137,55.0691,55.2025,8884258
2019-01-04,55.5439,57.1869,55.2185,57.0909,10083317
2019-01-07,57.1123,57.299,56.3014,57.0642,8314601
2019-01-08,58.0618,58.3872,57.267,58.0938,5951282
2019-01-09,58.4459,58.4886,57.9018,58.3179,6726873
2019-01-10,58.0191,58.9687,58.0031,58.8993,5368119
2019-01-11,58.4459,58.67,57.9445,58.654,5759807
2019-01-14,58.2539,59.4702,58.0405,59.1341,5049524
2019-01-15,59.0807,59.3314,58.4352,59.2461,4444751
2019-01-16,59.2621,59.5288,58.9207,59.1447,6177238
2019-01-17,58.878,60.5477,58.8407,60.1583,5079239
2019-01-18,60.9692,61.1879,60.2277,60.7611,7366763
2019-01-22,60.2863,60.3664,59.0274,59.2461,9039980
2019-01-23,62.5749,63.6631,61.0012,62.4362,19960859
2019-01-24,62.815,63.6685,61.1025,61.6467,14356933
2019-01-25,62.0628,62.3615,61.3906,61.78,7375185
2019-01-28,61.4546,61.4866,60.6918,61.3906,14161009
2019-01-29,61.652,63.0657,61.6147,62.863,17208552
2019-01-30,63.2684,64.1486,62.5482,63.5458,11627984
2019-01-31,63.7858,63.7858,62.7509,62.9856,9663345
2019-02-01,63.7965,64.0312,63.007,63.4711,6572581
2019-02-04,63.4764,63.6151,62.8843,63.5565,7857128
2019-02-05,63.9192,64.4367,63.5244,64.426,7192132
2019-02-06,64.474,64.9381,64.1966,64.7407,5565473
2019-02-07,64.2073,64.5433,63.4764,64.3993,7384719
2019-02-08,64.1699,65.3596,64.1326,65.3436,6263679
2019-02-11,65.5623,65.6743,64.8207,65.4662,6222365
2019-02-12,65.8077,66.3358,65.4609,66.1384,5624266
2019-02-13,66.3358,66.6238,66.2664,66.3731,3914660
2019-02-14,66.086,66.7515,65.8499,66.6119,5957638
2019-02-15,67.4008,68.6404,67.0949,68.5599,10850328
2019-02-19,68.356,69.3004,68.0769,69.0321,9680983
2019-02-20,69.0643,69.5688,68.5975,68.9194,10012607
2019-02-21,68.7692,69.0053,67.5242,67.7872,5179822
2019-02-22,68.7155,68.8765,68.0447,68.5653,5018221
2019-02-25,69.0643,69.2897,68.7745,68.8336,4245967
2019-02-26,68.5706,68.9302,68.0286,68.254,5397833
2019-02-27,68.195,68.3399,67.6691,68.0984,3969322
2019-02-28,67.9857,68.3291,67.3847,67.4383,7017342
2019-03-01,68.1413,68.3399,67.2076,67.492,6073158
2019-03-04,67.771,68.3667,67.1325,67.4759,5526065
2019-03-05,67.4223,68.0662,67.4223,67.5832,5141845
2019-03-06,67.712,68.0769,67.2773,67.2881,5592486
2019-03-07,67.0841,67.1271,65.9626,66.789,6616437
2019-03-08,66.4617,66.6173,65.6245,66.5529,4912394
2019-03-11,65.2435,67.7174,65.1899,67.6208,7398066
2019-03-12,67.4598,68.1038,66.8212,66.9017,6108434
2019-03-13,67.0627,68.3023,67.0627,67.9589,7713801
2019-03-14,67.9589,68.1199,67.4598,68.093,6236984
2019-03-15,68.2433,68.3828,67.5618,67.5725,15396933
2019-03-18,67.6745,68.1521,67.3632,68.0984,6181051
2019-03-19,68.4848,68.7799,67.5671,67.8891,4704076
2019-03-20,67.8515,67.8837,66.8266,67.2451,4680876
2019-03-21,66.8373,68.2486,66.7192,68.0876,4127904
2019-03-22,67.6154,67.7925,66.247,67.1593,6152926
2019-03-25,67.0573,67.5242,66.8588,67.2935,3608460
2019-03-26,67.712,68.1252,67.111,67.6905,5091474
2019-03-27,67.6798,68.2272,67.4222,67.7764,4336063
2019-03-28,67.9964,68.3667,67.7174,68.297,2974767
2019-03-29,68.8282,69.2736,68.4096,69.1663,4839617
2019-04-01,69.7566,71.6026,69.7566,71.4738,8422971
2019-04-02,71.4094,71.5704,70.5937,70.7815,4616840
2019-04-03,71.1626,71.2216,70.0893,70.4649,4512760
2019-04-04,70.5669,71.5167,70.2181,71.2108,3546171
2019-04-05,71.4577,71.8011,71.1357,71.7582,3973771
2019-04-08,71.0123,71.7099,70.4005,71.6723,4318425
2019-04-09,71.184,71.3235,70.4059,70.9694,3320692
2019-04-10,70.9908,71.0123,69.9015,70.6528,4324622
2019-04-11,70.7118,71.3718,70.5562,71.2752,2767879
2019-04-12,71.8119,72.6168,71.7206,72.6061,4553280
2019-04-15,72.4451,72.5846,71.946,72.2036,2979216
2019-04-16,72.37,72.6383,72.1285,72.6276,3176411
2019-04-17,72.7617,73.1427,72.3002,72.869,4425365
2019-04-18,72.9871,73.9209,72.9871,73.5184,3970117
2019-04-22,73.1695,73.7706,72.8154,73.47,4694224
2019-04-23,75.0692,76.3947,74.5272,75.139,9030605
2019-04-24,74.9511,75.2195,74.0174,74.9082,4344803
2019-04-25,74.4521,75.2624,74.0711,74.9833,3712381
2019-04-26,75.1282,75.5736,74.9029,75.5468,3273022
2019-04-29,75.6649,76.4752,75.5897,76.2659,5417378
2019-04-30,76.4376,76.6952,76.003,76.5289,5232736
2019-05-01,76.7381,77.4894,75.9439,75.9761,3487537
2019-05-02,75.5414,75.9117,74.4789,75.0209,4379761
2019-05-03,75.6917,76.0352,75.1068,76.003,4513396
2019-05-06,74.4789,75.4878,74.0013,75.2356,3776100
2019-05-07,74.2374,74.4145,72.2734,72.6812,7794522
2019-05-08,72.7134,74.1355,72.6276,73.5559,3807721
2019-05-09,72.6919,73.5881,71.9192,73.4432,4066569
2019-05-10,72.5685,73.7008,71.6777,73.6096,4214823
2019-05-13,71.9246,72.268,69.9712,70.8138,6545091
2019-05-14,70.8406,72.4505,70.8406,71.8977,4305078
2019-05-15,71.2645,72.3485,70.6527,71.8977,3861588
2019-05-16,72.3267,73.4221,72.0029,72.9796,4463819
2019-05-17,72.3753,73.0929,72.0623,72.1702,2551298
2019-05-20,71.8573,72.1756,71.5659,72.0245,3091558
2019-05-21,72.7908,73.476,72.4454,73.4005,3480863
2019-05-22,73.039,73.557,72.8123,73.066,3086791
2019-05-23,71.5065,72.208,69.8176,70.3896,8983570
2019-05-24,70.4921,71.1612,70.1522,70.9022,4952595
2019-05-28,71.0263,71.8087,70.082,70.1036,6419719
2019-05-29,69.7097,70.0334,69.2349,69.8608,4444592
2019-05-30,69.8985,70.3248,69.0838,69.2834,4367525
2019-05-31,68.6737,68.7492,67.7348,68.1503,5646829
2019-06-03,68.2312,69.1809,67.956,68.4524,4307779
2019-06-04,69.2348,69.9795,68.8086,69.8068,3805973
2019-06-05,70.4112,70.9022,69.9039,70.8806,3770538
2019-06-06,70.9345,71.3177,70.4058,71.0479,3197068
2019-06-07,71.2853,71.7494,71.1396,71.3069,2930752
2019-06-10,73.1145,73.2386,69.0568,69.073,21901664
2019-06-11,69.1863,69.2241,65.9272,66.3372,17434985
2019-06-12,66.9362,67.6701,66.6988,66.947,15850911
2019-06-13,67.3085,67.4326,66.3265,67.3463,7317027
2019-06-14,68.0478,68.2582,67.4057,67.6107,4873145
2019-06-17,67.8373,67.9722,66.429,67.0333,5317589
2019-06-18,67.4812,68.5172,67.4812,68.3229,7208181
2019-06-19,68.582,68.7384,68.1611,68.3985,5172354
2019-06-20,69.2295,70.2655,68.9974,70.1629,6906906
2019-06-21,70.0443,70.6108,69.3806,69.4723,9087332
2019-06-24,70.2115,70.681,69.877,70.2439,5842594
2019-06-25,70.2493,70.6108,69.4453,69.618,4439825
2019-06-26,69.6288,69.9579,68.9165,68.9381,4643853
2019-06-27,69.1809,69.7097,68.9381,69.591,3199452
2019-06-28,69.6395,70.4651,69.1485,70.2547,8637486
2019-07-01,70.7835,71.2691,70.6,70.8698,6233329
2019-07-02,71.0317,71.3878,70.8159,71.2044,5394655
2019-07-03,71.4687,71.8033,71.0694,71.7655,3237746
2019-07-05,71.6306,71.6306,70.6054,71.5173,5636024
2019-07-08,71.1612,71.2637,70.2978,70.6162,5088455
2019-07-09,70.2007,70.4327,69.5748,70.3572,4803229
2019-07-10,70.6863,71.3662,70.2493,70.3896,3717148
2019-07-11,70.3842,71.1126,70.1845,70.8698,3874141
2019-07-12,71.1774,72.2026,71.0695,72.154,5088455
2019-07-15,71.9058,72.2134,71.7008,71.8896,3779754
2019-07-16,71.9544,72.1325,71.6091,71.8681,5085118
2019-07-17,71.7979,71.9004,70.1845,70.2007,4347663
2019-07-18,70.082,70.8752,70.0173,70.8482,4638132
2019-07-19,71.0317,71.7008,70.6486,71.4364,5138985
2019-07-22,71.3824,71.8681,70.9831,71.7386,5399422
2019-07-23,73.557,73.6541,71.2313,72.8123,12855169
2019-07-24,72.5102,73.8538,72.289,72.44,5684171
2019-07-25,72.8016,74.6308,72.7908,73.5786,6339633
2019-07-26,73.2818,73.7512,73.0012,73.1847,3521383
2019-07-29,73.1469,73.5839,73.0497,73.2332,3259675
2019-07-30,73.0498,73.2332,72.5425,73.0066,3584148
2019-07-31,72.9796,73.4005,71.7655,72.0893,5348733
2019-08-01,71.9328,73.1199,71.0425,71.1396,4633524
2019-08-02,70.9184,71.1558,69.8284,70.5838,3443681
2019-08-05,69.5208,69.5694,67.3031,67.8535,6322790
2019-08-06,67.7186,69.6395,67.7186,69.4993,6042808
2019-08-07,68.5927,70.2115,67.5244,69.6126,6835401
2019-08-08,69.9201,71.0587,69.9201,70.9454,4253117
2019-08-09,70.9022,71.2368,69.8932,70.8159,3767360
2019-08-12,70.0658,70.2709,68.814,69.0784,4135055
2019-08-13,68.992,70.5299,68.9057,69.5802,3813918
2019-08-14,68.582,68.6683,66.7851,67.0711,5337769
2019-08-15,67.3072,67.5352,66.4605,67.1661,6295618
2019-08-16,67.8446,68.2191,67.3181,67.8772,4023348
2019-08-19,68.7891,69.1039,68.3874,68.7402,2896906
2019-08-20,68.382,69.0822,68.0726,68.7619,3161474
2019-08-21,69.4241,69.5978,68.8216,69.1147,2732286
2019-08-22,69.4784,69.6955,68.5665,69.4567,2593248
2019-08-23,68.7619,69.3699,66.6667,66.9924,5532580
2019-08-26,67.8392,68.2137,67.1118,68.116,3325936
2019-08-27,68.0888,68.3928,67.2963,67.6166,3459571
2019-08-28,67.4972,68.9139,67.2041,68.865,3252047
2019-08-29,69.4838,70.7106,69.4838,70.298,7271105
2019-08-30,70.6943,71.2154,70.6617,70.6943,3702529
2019-09-03,69.8421,70.1189,69.283,70.005,4028433
2019-09-04,70.9386,71.5031,70.716,71.134,3585102
2019-09-05,72.2358,72.5724,71.921,72.2087,4231348
2019-09-06,72.6321,72.8709,72.2739,72.567,3375513
2019-09-09,73.088,73.4951,72.6538,72.7949,3675834
2019-09-10,72.7895,73.126,72.1001,72.6864,4552326
2019-09-11,72.4638,73.8208,72.2358,73.7937,4557093
2019-09-12,74.0705,74.901,73.9294,74.6133,4805931
2019-09-13,74.9064,75.6663,74.6133,74.939,4807520
2019-09-16,75.4601,75.4601,74.5373,74.9498,3355968
2019-09-17,74.5753,74.7653,74.1628,74.4776,3369316
2019-09-18,74.3202,74.7924,73.7937,74.7219,2773600
2019-09-19,74.8738,74.9173,74.2605,74.6513,3479433
2019-09-20,74.6893,75.1561,73.582,73.5874,8439656
2019-09-23,72.9578,73.8914,72.7895,73.6417,4137597
2019-09-24,73.8425,73.9294,73.0935,73.5386,4506881
2019-09-25,73.7883,74.4451,73.354,74.2714,3357875
2019-09-26,74.2334,75.0638,74.0976,74.6513,4278541
2019-09-27,74.9227,75.0367,73.924,74.0325,3395375
2019-09-30,74.445,74.4667,73.9131,74.1031,4079122
2019-10-01,74.331,74.7382,72.3064,72.6212,5539095
2019-10-02,72.1001,72.1924,70.4663,70.8191,5175532
2019-10-03,70.9765,71.2859,69.8204,71.2208,4609053
2019-10-04,71.2642,72.3607,71.0797,72.3064,3009884
2019-10-07,72.0784,72.7135,71.7202,72.0241,2662052
2019-10-08,71.286,71.8613,70.7486,70.9929,3970911
2019-10-09,71.4868,71.997,71.172,71.6279,3864448
2019-10-10,71.5953,72.7678,71.2697,72.6918,3710633
2019-10-11,73.316,74.4668,73.278,73.9022,4849469
2019-10-14,73.8208,74.0651,73.4571,73.7774,2637740
2019-10-15,73.9674,74.7544,73.8968,73.9022,3964078
2019-10-16,73.7882,74.483,73.6417,74.2062,3339125
2019-10-17,74.5265,75.3081,74.4559,74.9987,4103751
2019-10-18,75.0313,75.1453,74.0977,74.2551,5413246
2019-10-21,74.9987,75.4492,74.7653,75.0964,5951758
2019-10-22,76.4371,77.2079,75.4112,76.7574,10544286
2019-10-23,76.4425,76.7736,75.5632,75.9432,5324262
2019-10-24,76.2634,78.0764,76.0083,77.8593,7235353
2019-10-25,77.8104,78.2718,77.5173,77.5987,5074154
2019-10-28,77.767,78.5052,77.2459,77.6421,3773081
2019-10-29,77.3219,77.8973,76.9311,77.0776,5647306
2019-10-30,77.2133,78.3098,77.0776,78.0764,4040191
2019-10-31,77.8593,78.0764,77.4413,77.9353,4852647
2019-11-01,78.3749,79.6776,78.3478,79.6179,6444348
2019-11-04,80.0576,80.329,79.4659,80.0684,6823166
2019-11-05,80.1499,80.6438,79.6288,80.253,6453406
2019-11-06,80.2367,80.5407,79.8622,80.5027,5015679
2019-11-07,80.7795,81.0672,80.5787,80.7307,4407092
2019-11-08,80.0467,80.8881,79.9707,80.8121,2701618
2019-11-11,80.3344,80.671,80.0793,80.4538,2341233
2019-11-12,80.5515,80.8989,80.3344,80.5461,2562421
2019-11-13,80.2693,80.6112,80.025,80.5027,2926302
2019-11-14,80.4345,80.9745,80.4345,80.7945,2757551
2019-11-15,80.8873,81.7219,80.8709,81.4764,3160839
2019-11-18,81.34,81.4328,80.9746,81.34,2948866
2019-11-19,81.6183,81.6346,80.9255,80.9364,4495758
2019-11-20,80.74,81.0509,79.6926,79.9981,4204335
2019-11-21,79.9926,80.7072,79.8072,80.3527,3731131
2019-11-22,80.8709,81.0236,80.2872,80.5709,3783568
2019-11-25,81.04,81.1382,80.2981,80.4727,3818367
2019-11-26,80.5709,81.0727,80.4072,80.8,5722625
2019-11-27,80.9418,81.3073,80.5654,81.1818,2401456
2019-11-29,81.0236,81.0673,80.4618,80.92,1575494
2019-12-02,80.9473,81.0673,79.0326,79.0926,6121940
2019-12-03,78.5143,78.6616,77.887,78.4052,5938729
2019-12-04,79.0653,79.5726,78.7162,78.8362,4829130
2019-12-05,79.3653,79.409,78.7762,79.2398,3720644
2019-12-06,80.2654,80.4018,79.7581,80.1836,4143953
2019-12-09,80.1345,80.3799,79.7253,79.7635,2403045
2019-12-10,79.518,79.6435,79.2889,79.2998,4246761
2019-12-11,79.9599,80.3909,79.6381,80.3363,3603693
2019-12-12,80.68,81.6291,80.2872,81.5037,4327483
2019-12-13,80.8818,81.9074,80.8818,81.3182,3762911
2019-12-16,81.6783,82.191,81.34,81.531,5162502
2019-12-17,81.3891,81.4873,80.7073,81.0727,5759172
2019-12-18,80.7891,81.0673,80.2926,80.5763,6036929
2019-12-19,80.9037,81.3673,80.2981,81.1218,4755241
2019-12-20,82.3165,82.3165,81.3891,81.5473,7252673
2019-12-23,81.8037,82.1256,81.5855,81.7273,4361328
2019-12-24,81.8637,82.0001,81.5201,81.591,1596786
2019-12-26,81.7982,82.2401,81.6891,82.2128,2231274
2019-12-27,82.371,82.4092,81.8528,81.9783,2928050
2019-12-30,82.0656,82.262,81.5964,81.7601,2674605
2019-12-31,81.711,81.9401,81.3346,81.6946,3227100
2020-01-02,81.6837,83.5821,81.6837,83.5384,4451584
2020-01-03,82.3328,84.3621,82.1037,83.653,4969756
2020-01-06,83.7075,83.9203,83.1893,83.833,4139504
2020-01-07,82.862,83.8057,82.862,83.5657,4348775
2020-01-08,83.5275,84.3076,83.3148,83.6912,3772445
2020-01-09,83.8984,84.1112,83.5275,83.8166,4672455
2020-01-10,84.013,84.013,82.6056,82.8402,4605240
2020-01-13,82.9275,83.1893,82.6056,82.9438,4910010
2020-01-14,82.5729,83.1402,82.4365,82.6656,4987712
2020-01-15,82.7202,83.5002,82.4529,82.8947,4937023
2020-01-16,83.2493,84.0185,83.2493,83.7621,5671300
2020-01-17,84.1767,84.8422,83.833,84.2258,7365492
2020-01-21,83.9312,84.8313,83.342,84.2639,7797382
2020-01-22,84.2148,84.5858,83.6421,83.893,5546881
2020-01-23,83.7948,84.1385,83.2384,83.8984,6369348
2020-01-24,83.6803,84.2367,83.1293,83.5657,5879141
2020-01-27,82.3656,82.8947,81.831,82.3874,6889427
2020-01-28,82.1146,84.2312,80.7618,83.3857,9083677
2020-01-29,83.9639,83.9803,82.6274,83.3639,6079832
2020-01-30,82.611,84.1221,82.611,84.0075,6958867
2020-01-31,83.5712,83.7784,81.6183,81.9346,7325131
2020-02-03,82.4038,83.0856,81.711,81.7983,7450027
2020-02-04,82.6165,83.6421,82.5947,83.4621,6090160
2020-02-05,84.3894,84.8967,83.6802,84.8967,5727709
2020-02-06,85.3004,85.5022,84.6512,85.2077,6011664
2020-02-07,85.0986,86.1132,84.8858,85.5513,7886048
2020-02-10,85.9823,86.1786,84.5367,85.3986,6419878
2020-02-11,86.3096,86.4296,84.4821,84.6894,8577104
2020-02-12,84.6349,84.9786,83.7675,84.6513,9167100
2020-02-13,84.4238,84.7636,83.8154,83.8921,5420874
2020-02-14,83.9031,84.4347,83.6236,84.1114,6175331
2020-02-18,83.4208,83.4427,82.4123,82.9165,4553280
2020-02-19,83.0645,83.2947,82.2862,82.5876,5339993
2020-02-20,82.4287,82.6205,81.0804,82.1601,5380831
2020-02-21,82.0286,83.0974,81.5134,83.048,6796948
2020-02-24,80.7844,81.2119,79.7704,80.3404,10190257
2020-02-25,80.5213,80.8557,75.8844,76.0817,12089748
2020-02-26,76.8435,78.4769,75.687,75.846,13401785
2020-02-27,74.5306,75.3418,72.4204,72.4478,16203986
2020-02-28,69.6854,71.812,68.9728,71.5763,19610008
2020-03-02,72.0751,73.5166,70.2938,73.4837,14433840
2020-03-03,73.4125,75.7419,71.9984,72.6396,14444010
2020-03-04,73.6865,76.6463,72.7493,76.2078,9077480
2020-03-05,74.0428,74.262,68.6276,69.3017,13601522
2020-03-06,66.6818,69.6799,65.7719,69.3236,13614711
2020-03-09,63.2617,65.2567,61.6667,63.2288,13778378
2020-03-10,65.6459,66.0405,62.2257,65.4267,14774045
2020-03-11,63.4809,64.0345,58.5261,58.9262,16346679
2020-03-12,51.5871,59.7867,50.8636,56.1802,30644501
2020-03-13,59.7702,60.713,54.0152,57.7697,26649596
2020-03-16,52.2668,54.3386,49.6469,49.8387,19586014
2020-03-17,49.9099,51.2199,45.3881,50.8856,25522359
2020-03-18,47.0489,47.0927,37.8298,43.5191,36292760
2020-03-19,43.4259,46.8625,39.5618,45.9088,25171667
2020-03-20,46.5063,48.6932,40.1647,45.2347,22923550
2020-03-23,43.8534,43.8973,39.6276,41.0801,19084526
2020-03-24,43.9028,47.9313,43.8535,47.5531,20411023
2020-03-25,48.167,54.9086,47.29,52.7217,19096125
2020-03-26,53.7138,57.545,53.1657,57.3531,23079589
2020-03-27,53.7138,55.7582,52.9026,53.2479,16126443
2020-03-30,52.6614,54.6729,51.9105,53.9823,12019832
2020-03-31,53.3191,54.3715,51.4501,51.7022,11616702
2020-04-01,49.044,50.4252,48.4136,50.0799,19658472
2020-04-02,49.1262,50.5622,46.6488,47.142,20980044
2020-04-03,44.4174,46.4206,41.8482,43.4855,18932300
2020-04-06,47.4483,51.2978,45.8458,50.1307,28777500
2020-04-07,54.3635,56.1663,49.8346,50.3049,27110200
2020-04-08,50.8188,55.7221,50.4269,54.5376,26540900
2020-04-09,58.3523,59.3104,55.3128,56.3579,24734300
2020-04-13,55.9399,56.0879,52.3342,53.8496,15181800
2020-04-14,55.4173,56.9066,54.5202,56.6714,16758300
2020-04-15,56.6105,56.7063,53.3271,54.2851,16662100
2020-04-16,54.3983,54.6248,53.388,54.3896,14108100
2020-04-17,56.3927,57.9169,55.8963,57.5424,14111000
2020-04-20,56.175,58.2914,55.4957,56.593,10564000
2020-04-21,55.4086,56.2186,54.1283,54.5638,9877400
2020-04-22,56.0182,56.5234,54.9557,55.2605,9439900
2020-04-23,55.6437,56.506,55.0863,55.1212,9320000
2020-04-24,55.7221,55.8092,54.4331,55.2431,8557100
2020-04-27,56.114,56.9762,55.6002,56.6714,8305700
2020-04-28,57.9343,58.6049,56.445,56.9501,10477000
2020-04-29,58.6571,59.9113,57.5336,59.1362,10327900
2020-04-30,58.7442,58.7442,56.3492,56.445,12472200
2020-05-01,55.3041,55.3999,52.4474,53.2225,13680400
2020-05-04,52.2732,52.2819,50.1395,51.2542,15623300
2020-05-05,52.4823,52.6652,51.2717,51.3849,12776400
2020-05-06,51.6462,51.7245,50.2962,50.4443,8822100
2020-05-07,51.0626,51.5939,49.1553,49.6517,26893800
2020-05-08,50.2701,51.1672,49.9478,51.0975,10177300
2020-05-11,50.2701,50.453,49.0595,49.9566,10652600
2020-05-12,49.974,50.8972,49.3992,49.3992,10906200
2020-05-13,48.8505,48.8505,46.3161,47.1173,13948000
2020-05-14,46.2782,47.3677,44.9251,47.3238,16745200
2020-05-15,46.6033,46.8054,45.3908,46.3309,22048800
2020-05-18,48.8966,51.5062,48.7824,50.8735,19741400
2020-05-19,50.8647,52.8417,50.4342,50.9087,14442300
2020-05-20,51.5852,51.9015,50.689,50.7857,10344800
2020-05-21,51.225,52.9032,51.1371,52.8065,10309900
2020-05-22,53.0614,53.3952,52.13,52.7187,6510700
2020-05-26,54.968,57.5952,54.7923,56.6462,15937800
2020-05-27,58.8692,59.7391,57.2613,58.5617,13951600
2020-05-28,60.4332,60.4332,58.1136,59.1064,12683200
2020-05-29,57.6391,58.5177,56.3563,56.6902,13950600
2020-06-01,57.1119,58.0257,56.2948,56.3387,11314000
2020-06-02,55.9697,56.409,54.968,55.7061,14938400
2020-06-03,56.6726,59.5106,56.6199,59.2822,15875900
2020-06-04,58.9571,59.5985,58.2629,59.3173,10135000
2020-06-05,62.4101,64.7913,62.3838,63.3239,14203100
2020-06-08,63.7018,65.8369,63.7018,65.1603,11945500
2020-06-09,63.8335,63.8335,61.9532,61.9796,9964900
2020-06-10,61.6281,61.7599,59.7918,60.0642,9765900
2020-06-11,56.2245,57.7358,55.1965,55.2228,13709000
2020-06-12,57.9642,58.0521,55.6709,57.437,9589500
2020-06-15,55.3546,59.537,54.8626,58.9131,13553100
2020-06-16,61.1712,61.593,58.0345,59.5897,11523900
2020-06-17,59.7478,59.9236,58.5441,58.7813,9294400
2020-06-18,57.8412,59.247,57.6479,58.7638,6431100
2020-06-19,60.0642,60.0642,56.6462,57.0153,19144400
2020-06-22,56.945,57.4809,56.1718,57.1471,7566100
2020-06-23,57.5161,57.7973,56.3739,56.7077,6935100
2020-06-24,56.2245,56.2421,53.6588,54.23,9880500
2020-06-25,53.527,53.9312,52.6835,53.6501,12717400
2020-06-26,53.6149,53.9664,51.7873,51.9279,17537900
2020-06-29,52.8856,54.4057,52.543,54.4057,8908700
2020-06-30,53.6413,54.353,52.789,54.1421,10746400
2020-07-01,54.2827,55.2668,53.7994,54.1333,6860300
2020-07-02,55.0647,55.7588,54.1421,54.2915,8238300
2020-07-06,55.4073,56.0839,54.5814,55.6358,6128200
2020-07-07,54.9505,55.2053,53.5446,53.6061,8783000
2020-07-08,53.4919,54.1597,52.8944,53.6061,9306900
2020-07-09,53.2986,53.4919,51.0141,51.0581,10778900
2020-07-10,51.9279,52.8944,51.638,52.4024,10458000
2020-07-13,52.9647,53.4216,51.6116,52.1476,7440800
2020-07-14,51.84,53.2107,51.3568,53.1317,7256800
2020-07-15,54.7835,55.5479,54.5199,55.3019,9036900
2020-07-16,54.7396,55.1877,53.9927,54.8011,5684100
2020-07-17,54.8889,55.012,54.2212,54.6517,10789100
2020-07-20,54.2827,54.5023,53.4392,53.9576,6688300
2020-07-21,54.476,55.7764,54.3266,55.3985,7395200
2020-07-22,55.0032,55.996,54.6254,55.9082,5758700
2020-07-23,55.873,56.5232,55.2492,55.4601,6043300
2020-07-24,55.5391,56.2069,54.2915,54.5375,6058900
2020-07-27,54.1685,54.3442,53.2898,53.6764,10194300
2020-07-28,54.2475,54.3178,52.499,53.5973,13111800
2020-07-29,53.3337,53.5885,51.8928,52.1915,11162500
2020-07-30,51.5062,51.5325,50.32,50.4869,12292100
2020-07-31,50.3991,50.4166,49.3008,49.8016,11437200
2020-08-03,49.6171,50.5396,48.9669,50.5309,8789300
2020-08-04,50.7154,50.8823,50.1882,50.5309,7844600
2020-08-05,50.8296,52.7626,50.6978,52.745,10115900
2020-08-06,52.2794,53.0789,52.1036,52.6045,5786700
2020-08-07,52.6045,53.8521,52.1476,53.7994,6263100
2020-08-10,54.0367,56.6199,53.9136,56.4354,10042600
2020-08-11,57.2789,58.1224,56.3036,56.4617,12120800
2020-08-12,57.2261,57.2349,55.6885,56.4881,7327000
2020-08-13,55.8198,56.6872,55.4568,56.0322,9452000
2020-08-14,55.5896,56.8643,55.4037,56.3332,5124400
2020-08-17,56.2801,56.5456,55.4834,55.5631,6408400
2020-08-18,55.5188,55.9171,54.908,54.97,4727700
2020-08-19,54.8992,55.687,54.4389,54.5628,5381200
2020-08-20,53.9963,54.3681,53.4121,53.9874,4689200
2020-08-21,53.7042,54.2441,53.3147,53.3501,7067400
2020-08-24,53.4652,54.9169,53.2262,54.7752,6379800
2020-08-25,54.3149,54.3504,52.7924,53.952,12678800
2020-08-26,53.6776,53.9255,53.1022,53.7927,8659600
2020-08-27,53.7838,54.8461,53.4475,53.9078,8749800
2020-08-28,54.1025,55.3506,53.6688,55.0939,18550100
2020-08-31,55.0496,56.2712,53.9255,53.9963,10885700
2020-09-01,53.7219,54.3061,53.2173,53.713,9308800
2020-09-02,53.9963,55.0143,53.7838,54.8815,7511900
2020-09-03,55.0497,55.9437,53.4829,53.8724,8515700
2020-09-04,54.43,55.0673,53.058,54.1468,6785900
2020-09-08,53.4475,53.6334,52.0666,52.4472,10523800
2020-09-09,52.9075,53.3855,52.1285,52.7393,7560700
2020-09-10,53.3766,54.5982,52.5623,52.6862,8670400
2020-09-11,52.6685,53.9078,52.58,53.6865,9780900
2020-09-14,54.2441,55.0851,54.0671,54.8549,6548600
2020-09-15,54.6513,55.2709,53.9609,54.3858,7069300
2020-09-16,54.2087,56.4128,53.9166,55.6958,8873300
2020-09-17,55.0851,56.6607,54.492,55.5985,6062800
2020-09-18,55.386,56.0588,54.97,55.1913,16814200
2020-09-21,54.5097,55.386,52.7836,53.1288,8845200
2020-09-22,53.058,53.8015,52.1639,52.9252,5883200
2020-09-23,52.9518,53.8901,51.6063,51.6328,7280000
2020-09-24,51.385,51.624,50.1192,50.7919,7737300
2020-09-25,50.3405,51.1106,49.8713,50.8893,11955200
2020-09-28,51.4204,52.7305,51.4204,52.1285,5457500
2020-09-29,51.9427,52.04,50.8893,50.9867,6362100
2020-09-30,50.9955,51.8807,50.5441,50.9335,7708400
2020-10-01,51.1814,51.7391,50.5352,50.8627,6525600
2020-10-02,50.0307,52.5623,50.0218,52.5269,8381200
2020-10-05,52.9783,53.4032,52.3764,52.6774,6077800
2020-10-06,52.9429,53.6245,51.7214,51.7391,7187200
2020-10-07,52.5003,53.058,52.1817,52.8367,4925800
2020-10-08,52.9518,53.8635,52.8278,53.8192,4483000
2020-10-09,54.191,54.2884,53.0137,53.0314,3996200
2020-10-12,52.9695,53.713,52.7216,53.5802,5378900
2020-10-13,52.8898,53.1996,51.8099,52.6862,8836700
2020-10-14,52.4738,53.4121,52.4118,53.058,5971800
2020-10-15,52.5534,53.5537,52.1551,53.5448,6166000
2020-10-16,53.9963,54.9169,53.6776,54.6602,8287700
2020-10-19,54.5274,55.4745,53.9963,54.4035,7373300
2020-10-20,54.8638,55.1559,54.0317,54.2087,5960800
2020-10-21,53.4829,54.0848,53.2793,53.4209,5647200
2020-10-22,53.3147,55.7401,53.3058,55.5896,6990100
2020-10-23,55.8286,56.4659,55.2532,55.386,5864600
2020-10-26,54.5716,54.6602,53.0049,53.8281,7596800
2020-10-27,52.9075,52.9341,49.9598,50.0395,14785900
2020-10-28,48.8622,49.6323,46.2509,46.3306,19787500
2020-10-29,46.4722,47.3397,45.9588,47.0387,14994500
2020-10-30,47.021,48.1983,46.844,48.0832,14571800
2020-11-02,49.0392,49.5703,47.7203,49.3491,9750800
2020-11-03,50.0218,50.907,49.8713,50.4909,7740500
2020-11-04,50.7742,51.863,49.6943,50.2962,8662000
2020-11-05,50.5529,52.0666,50.3405,51.5886,7446700
2020-11-06,51.0132,52.0931,50.668,51.8364,7849800
2020-11-09,57.6432,58.7674,55.3152,57.5282,19021200
2020-11-10,58.5107,60.3253,58.2009,60.0952,14358600
2020-11-11,59.8828,59.927,57.6432,58.2894,10124700
2020-11-12,56.9565,57.6341,56.4126,57.0545,8345100
2020-11-13,57.7589,59.2033,57.5271,58.9804,6824200
2020-11-16,60.2376,61.5572,59.872,61.2184,12885000
2020-11-17,60.2019,62.0743,60.0593,61.4056,11134200
2020-11-18,62.1189,63.5901,61.8158,61.9763,13392600
2020-11-19,61.2095,63.5099,60.8083,63.4029,8929000
2020-11-20,63.1265,63.4118,62.1011,62.1992,5833800
2020-11-23,63.1443,64.9453,62.7163,64.767,7208800
2020-11-24,66.0599,67.1565,65.8013,66.3006,10570500
2020-11-25,65.5784,66.149,64.9988,65.8102,5374200
2020-11-27,65.7745,66.3363,65.4357,65.8994,5103400
2020-11-30,65.1682,65.5784,63.6257,63.9467,10730800
2020-12-01,64.8383,65.0345,63.492,63.5098,6544600
2020-12-02,63.4742,64.5085,63.0284,64.1429,5401600
2020-12-03,64.2945,66.3274,64.1162,65.3466,6893900
2020-12-04,65.4268,66.5681,65.4268,65.8994,9297900
2020-12-07,65.4268,65.7567,64.6868,65.1237,4913800
2020-12-08,65.2574,66.4344,64.9008,66.4076,4364900
2020-12-09,66.3987,66.7107,65.3377,65.5695,5329300
2020-12-10,65.0612,65.7478,64.5976,65.0702,7497900
2020-12-11,64.7849,65.6051,64.5174,64.9899,7185900
2020-12-14,65.4446,65.828,63.0462,63.1264,10849300
2020-12-15,63.7506,64.0181,62.5023,63.3404,7769000
2020-12-16,63.4385,63.4653,62.8144,62.9214,5621100
2020-12-17,63.6525,63.7417,62.8679,62.9838,5769900
2020-12-18,62.9214,63.0908,62.2437,62.5647,16809800
2020-12-21,61.2451,62.6271,60.4338,62.1189,8351700
2020-12-22,61.9584,62.5112,61.4948,61.7444,4028200
2020-12-23,62.2259,63.6703,62.0476,63.0551,4312900
2020-12-24,63.2602,63.2602,62.3151,62.6539,1758600
2020-12-28,63.0373,63.7149,62.7163,62.9749,2938000
2020-12-29,63.3048,63.3939,62.1189,62.7163,3670100
2020-12-30,62.859,63.8754,62.7163,63.6258,5015500
2020-12-31,63.6168,63.9289,63.2513,63.7595,4177000
2021-01-04,63.6436,63.8041,60.9063,61.0133,7660500
2021-01-05,61.3075,62.3061,60.9866,61.896,6436800
2021-01-06,61.0757,63.7417,61.0312,62.6628,8753800
2021-01-07,62.7252,63.1889,62.1368,62.217,8771400
2021-01-08,62.3775,62.4845,61.254,62.2883,5158100
2021-01-11,61.3343,62.2794,61.0936,62.2348,4569000
2021-01-12,62.1368,63.9467,62.0298,63.7684,5356200
2021-01-13,63.5723,63.706,62.2259,62.859,7032600
2021-01-14,63.3048,64.5263,62.9035,63.2513,9712500
2021-01-15,62.6896,62.7074,61.477,61.6999,6980800
2021-01-19,62.217,62.4577,61.6553,61.8425,7381800
2021-01-20,61.9406,61.9941,61.1738,61.3789,4657700
2021-01-21,60.9241,61.254,60.4962,60.728,7366800
2021-01-22,60.3803,60.728,59.8453,60.2555,4558100
2021-01-25,58.8824,59.3103,57.9729,59.0963,10514000
2021-01-26,61.6999,63.2424,59.9077,59.9166,13322200
2021-01-27,59.3371,60.4159,58.178,58.4009,12377000
2021-01-28,59.239,61.7801,59.0339,60.7815,8753200
2021-01-29,59.8364,60.2376,58.9448,59.4976,15649100
2021-02-01,60.2733,60.2733,58.9626,59.7026,5994000
2021-02-02,60.3357,62.7876,60.2287,62.538,8710600
2021-02-03,62.1992,63.2334,61.8514,62.9303,8370000
2021-02-04,63.3672,64.9186,63.064,64.8027,9024300
2021-02-05,65.4001,65.8726,64.1964,64.4906,7952700
2021-02-08,64.446,64.8027,64.027,64.6333,4964300
2021-02-09,64.4193,65.3912,63.813,65.1237,6263000
2021-02-10,64.874,65.2128,64.3212,64.6154,3930200
2021-02-11,64.6154,65.2574,63.4563,64.4906,4535800
2021-02-12,64.2766,64.9275,64.0359,64.7403,4207500
2021-02-16,64.9453,65.3109,64.2321,64.7403,6110200
2021-02-17,64.455,65.2752,64.2677,65.1415,5186900
2021-02-18,64.6154,65.1326,64.2142,64.981,4903800
2021-02-19,65.4268,66.256,65.1772,66.2115,6275900
2021-02-22,64.4193,66.2115,64.3926,65.088,10506900
2021-02-23,65.4536,65.9885,64.6689,65.9707,11686700
2021-02-24,66.149,69.6977,65.5517,69.2519,11159300
2021-02-25,68.7719,69.1846,65.4437,65.7756,9483300
2021-02-26,66.3228,66.3228,64.5824,64.5824,8000700
2021-03-01,65.946,67.5877,65.5782,66.7086,10910500
2021-03-02,66.6637,67.6595,66.565,66.9867,5792300
2021-03-03,67.1033,68.5297,66.9687,67.3455,5960700
2021-03-04,67.3007,68.5925,65.2553,66.7624,8284200
2021-03-05,67.489,67.7941,65.5782,67.4442,6661900
2021-03-08,68.2785,69.3819,67.7672,67.83,7232100
2021-03-09,68.2157,68.8078,67.0584,67.1302,6558300
2021-03-10,67.6416,69.2115,67.2737,68.6822,6776600
2021-03-11,68.6912,70.0458,68.3592,69.1218,6314900
2021-03-12,69.974,70.7545,69.6869,70.4405,6075900
2021-03-15,70.6737,71.822,70.288,71.3825,7848900
2021-03-16,71.2659,71.4722,69.983,70.1893,5941500
2021-03-17,70.3867,71.6247,70.2521,71.3735,6685900
2021-03-18,71.0685,71.6964,69.8664,69.9202,6093500
2021-03-19,69.974,70.4674,68.2875,70.297,15023800
2021-03-22,70.297,70.4585,68.7091,69.0052,7457100
2021-03-23,68.422,69.2294,67.2917,67.4442,8285400
2021-03-24,68.3861,69.8215,67.7761,67.7761,7722600
2021-03-25,67.3724,69.678,66.9508,69.5524,6359100
2021-03-26,69.4447,70.2073,68.6912,70.1265,6193900
2021-03-29,70.2521,70.8621,69.5524,69.6869,7136700
2021-03-30,69.6331,70.3777,69.3102,69.8125,5540000
2021-03-31,69.8305,70.1714,69.1218,69.3191,6003300
2021-04-01,69.6242,69.7946,69.0141,69.3281,6166200
2021-04-05,69.8484,70.3777,69.5613,69.8933,5637900
2021-04-06,69.6062,70.0547,69.2563,69.5344,8489200
2021-04-07,69.5165,70.0727,69.1218,69.6152,5334700
2021-04-08,69.1935,69.5793,68.6194,69.5075,5043000
2021-04-09,70.4584,70.7635,69.66,70.2342,5423400
2021-04-12,70.1983,70.7096,70.0906,70.6199,5485800
2021-04-13,69.974,70.0458,68.8437,69.7049,5490700
2021-04-14,69.974,70.593,69.7677,69.9381,4855200
2021-04-15,70.1176,70.2252,69.059,69.9471,5106500
2021-04-16,70.5033,70.5033,69.1218,70.1714,7629700
2021-04-19,70.0817,70.6289,69.7408,70.5033,6265600
2021-04-20,69.7946,69.8933,68.2426,69.1577,8692700
2021-04-21,68.9065,70.8173,68.5387,70.7545,5186900
2021-04-22,70.8621,71.6875,70.4674,70.6379,6706800
2021-04-23,70.7007,72.45,70.7007,72.2526,7139200
2021-04-26,72.6653,73.6252,72.4859,72.6653,12145600
2021-04-27,74.2442,75.0785,72.5577,74.2891,11082400
2021-04-28,73.0959,74.5672,73.0959,74.5313,7164200
2021-04-29,74.9619,75.1772,74.02,74.3429,6237000
2021-04-30,74.0558,74.8273,73.8764,74.6748,5616000
2021-05-03,75.1772,75.7603,74.7107,75.4822,5828800
2021-05-04,75.4643,75.8859,74.5941,75.3028,9306900
2021-05-05,75.0247,75.9577,74.944,75.4733,4658200
2021-05-06,76.0833,76.164,74.935,75.9667,4903900
2021-05-07,76.0833,77.088,75.4822,76.8907,6056000
2021-05-10,77.9223,78.0838,76.1909,76.2896,9042600
2021-05-11,75.5719,76.4331,74.7735,75.6527,6708100
2021-05-12,75.563,76.1282,73.7598,73.8136,6086800
2021-05-13,73.8316,75.6078,73.688,75.1593,4701200
2021-05-14,75.7603,77.2136,75.6796,77.0432,4989200
2021-05-17,76.3076,77.6622,76.3076,77.6622,5059800
2021-05-18,77.3303,78.0121,76.5677,76.5946,7438300
2021-05-19,76.1102,76.496,74.9799,76.4421,9296500
2021-05-20,76.4782,77.2183,75.8916,76.9204,10059900
2021-05-21,77.48,78.6081,77.2093,77.4439,5803800
2021-05-24,78.0576,78.4728,77.6154,78.0486,5113300
2021-05-25,78.1839,78.7706,77.6063,77.85,7606300
2021-05-26,77.9132,78.2742,77.6154,78.0666,4826200
2021-05-27,79.8716,80.1514,79.1587,79.9709,10492200
2021-05-28,79.7814,80.1695,79.4565,80.0612,4850300
2021-06-01,81.0539,81.1622,80.1785,80.3139,4302200
2021-06-02,80.5485,80.5485,79.8265,79.989,4429100
2021-06-03,79.5197,80.2958,79.3211,80.0341,4083200
2021-06-04,80.007,80.5395,79.9168,80.341,4082800
2021-06-07,80.2958,80.4583,79.8536,80.2958,5693900
2021-06-08,80.5034,81.0269,80.1063,80.729,4777000
2021-06-09,80.6478,80.8374,80.1605,80.1875,4594500
2021-06-10,81.0449,81.2073,79.5648,79.646,4826300
2021-06-11,80.0522,80.2958,79.5738,80.1514,4082700
2021-06-14,80.0702,80.4944,79.646,80.0702,5924900
2021-06-15,80.2778,81.0449,80.1424,80.6839,5336700
2021-06-16,80.5305,80.711,79.3753,79.8085,8033800
2021-06-17,79.8536,80.0792,77.9042,78.6352,7480500
2021-06-18,77.5252,78.2742,77.2725,77.5432,10387200
2021-06-21,78.2922,79.5467,78.0847,79.4204,5097400
2021-06-22,79.1316,79.4745,78.3915,78.8608,4150100
2021-06-23,78.8969,79.0684,78.1298,78.1569,3524500
2021-06-24,78.6803,78.6803,77.85,78.3825,5335200
2021-06-25,78.545,78.8789,78.2291,78.2652,6611000
2021-06-28,77.9674,77.9764,76.4963,76.8121,5738300
2021-06-29,77.0558,77.4981,76.1172,76.2075,6496800
2021-06-30,76.1172,77.3175,75.9367,76.9926,4744500
2021-07-01,77.0919,77.841,76.9566,77.8139,3903900
2021-07-02,78.0666,78.5179,77.462,78.2471,4185400
2021-07-06,77.7508,78.0576,76.6497,77.3898,4140000
2021-07-07,76.8663,77.6515,76.5504,77.462,4127200
2021-07-08,76.3519,77.4168,75.8284,77.11,4665500
2021-07-09,78.0666,78.2923,77.6334,77.9583,4556200
2021-07-12,77.2183,77.9764,76.7309,77.8139,5464400
2021-07-13,77.7688,77.832,76.9475,77.0107,4595000
2021-07-14,76.8753,77.5161,76.2255,76.6317,3665400
2021-07-15,75.8916,77.1912,75.7562,76.6948,3460800
2021-07-16,77.2724,77.3898,75.1786,75.3862,4023800
2021-07-19,73.8249,73.9693,71.9477,73.148,9221300
2021-07-20,73.3736,76.8302,73.1209,76.5324,7935000
2021-07-21,76.9566,78.4818,76.758,78.1388,5398300
2021-07-22,77.8591,78.0666,76.8844,77.4529,4124300
2021-07-23,78.2742,78.2742,77.2634,77.4439,2607600
2021-07-26,77.3717,77.7959,77.0919,77.5703,3759800
2021-07-27,79.0594,80.7381,78.8879,79.6189,8429700
2021-07-28,80.4312,80.4312,78.4728,78.6984,5517100
2021-07-29,79.989,80.007,78.9601,79.1045,4135400
2021-07-30,78.8518,79.2038,78.211,78.4727,4443600
2021-08-02,78.6442,80.0882,78.0757,78.1659,4049200
2021-08-03,78.2381,79.4204,77.0107,79.3933,4629200
2021-08-04,78.4006,78.8699,77.2995,77.4529,5286000
2021-08-05,77.9854,78.906,77.7869,78.4096,3604600
2021-08-06,78.924,79.4024,78.6713,79.0414,3020200
2021-08-09,78.572,78.906,78.0937,78.5901,3265600
2021-08-10,78.6894,79.4745,78.5179,79.1045,2909100
2021-08-11,79.2489,80.016,78.906,79.9799,3724800
2021-08-12,79.7814,80.0161,78.8608,79.4024,2816500
2021-08-13,79.5106,79.5467,78.6442,78.7435,3051300
2021-08-16,78.2652,78.7526,77.2273,78.6442,3895900
2021-08-17,77.9764,78.6713,77.2995,78.1659,3999200
2021-08-18,77.6605,78.4457,77.0829,77.1461,4256200
2021-08-19,76.565,77.0281,75.3303,75.6753,5707000
2021-08-20,75.6208,76.7012,75.3575,76.3108,4502400
2021-08-23,76.792,77.6999,76.7284,77.137,3367700
2021-08-24,77.2732,78.1539,77.1733,77.5637,4751800
2021-08-25,77.7362,78.4807,77.1733,77.8361,3195200
2021-08-26,77.7725,77.8996,76.7375,76.9554,2596000
2021-08-27,77.3368,78.2084,77.3095,77.5365,3590400
2021-08-30,77.6182,77.6454,76.9009,76.9917,2936800
2021-08-31,76.8555,77.5546,76.5741,76.9554,3969600
2021-09-01,77.3004,77.3004,76.1928,76.3562,4109000
2021-09-02,76.447,77.1279,76.3834,76.7557,3471600
2021-09-03,76.6104,76.8374,75.8114,75.9476,3300100
2021-09-07,75.6843,75.9476,74.7764,75.3575,5701400
2021-09-08,75.2031,75.7933,74.6312,75.2395,3911400
2021-09-09,75.2939,76.5832,75.1123,75.9567,4521200
2021-09-10,76.4288,76.6831,75.1759,75.3575,3893400
2021-09-13,76.0656,76.4742,75.1396,75.9385,4768000
2021-09-14,76.0838,76.1201,74.6856,75.1214,5253300
2021-09-15,75.5209,77.2278,75.2031,77.0553,5673400
2021-09-16,77.1188,77.2913,76.1564,76.2836,5907500
2021-09-17,75.8932,76.2745,74.7855,75.7116,23128700
2021-09-20,74.3588,75.9022,74.0137,75.766,8217100
2021-09-21,75.9749,76.4016,75.0579,75.4574,5900300
2021-09-22,76.2382,78.0449,75.9113,77.4185,6233700
2021-09-23,77.6999,78.9892,77.6364,78.7622,5906800
2021-09-24,78.5988,79.5975,78.4081,79.1344,4665900
2021-09-27,79.6519,80.3238,79.198,79.2978,4162100
2021-09-28,79.08,79.652,78.508,78.8439,5781200
2021-09-29,79.1435,79.7337,78.7077,78.9801,3612600
2021-09-30,79.434,79.4431,77.9541,78.0449,5642900
2021-10-01,78.8076,79.8335,78.2084,79.425,5499500
2021-10-04,78.9892,79.8971,78.4716,79.6156,5490600
2021-10-05,79.8971,81.2499,79.652,80.5508,4820500
2021-10-06,80.0787,81.1682,79.3977,81.0501,4354100
2021-10-07,81.6131,82.2849,81.4859,81.8491,3750900
2021-10-08,81.9853,82.4665,81.4769,82.2759,3342700
2021-10-11,82.3666,82.9658,81.5676,81.613,3048000
2021-10-12,81.3589,82.2214,80.9503,81.4587,3404100
2021-10-13,81.5404,81.7129,80.1876,81.4224,3285500
2021-10-14,82.0034,82.1396,80.9049,80.9593,4225300
2021-10-15,81.5767,82.8841,81.4133,82.5482,4581600
2021-10-18,81.8037,82.7298,81.0956,82.4393,3898700
2021-10-19,82.6027,83.0657,82.1215,82.8297,4195100
2021-10-20,82.3394,83.447,81.7855,83.2382,3916600
2021-10-21,82.9205,83.2291,82.2395,83.1747,4274900
2021-10-22,83.2292,83.8193,82.7843,83.4017,4160800
2021-10-25,83.2292,83.5106,82.3485,82.8932,5953900
2021-10-26,80.1604,82.7934,78.9892,80.9503,9122500
2021-10-27,80.9412,82.2214,80.5235,80.9503,4273200
2021-10-28,81.1319,81.5404,80.5689,80.9775,4179900
2021-10-29,80.8595,81.495,80.3601,80.6779,5202300
2021-11-01,80.7233,80.9775,79.8608,80.3964,4588800
2021-11-02,80.3783,80.6325,79.1707,79.7155,4554100
2021-11-03,79.0073,80.6143,78.9438,80.5054,4148500
2021-11-04,80.2058,80.8867,79.6792,79.9516,3711700
2021-11-05,81.5041,82.8297,80.8595,82.7843,4330400
2021-11-08,82.9023,83.2292,81.9944,82.3576,4469100
2021-11-09,82.3576,82.6844,81.6857,82.6118,3372900
2021-11-10,82.639,83.0203,81.84,81.8764,3503200
2021-11-11,81.7855,82.0942,80.5235,80.8504,4993600
2021-11-12,80.9684,81.032,80.46,80.6779,3273100
2021-11-15,81.377,81.377,80.6597,81.1228,3423100
2021-11-16,81.0501,81.5495,80.6325,80.7142,4746200
2021-11-17,80.5871,80.8504,79.1617,79.3977,3910600
2021-11-18,79.626,80.174,78.8498,79.3703,4376300
2021-11-19,78.7676,78.7676,77.6808,78.0187,5478200
2021-11-22,78.3658,80.037,78.247,79.2699,6819800
2021-11-23,79.7448,80.1283,79.2151,79.7356,5950700
2021-11-24,79.3886,79.8909,79.1603,79.6261,3464500
2021-11-26,76.3109,76.3383,74.3566,75.7995,7113600
2021-11-29,76.795,77.1237,75.3612,75.7448,5835000
2021-11-30,74.9959,75.3429,73.3155,73.9,7966000
2021-12-01,75.0141,75.0141,72.1465,72.1922,8499000
2021-12-02,73.1055,75.0963,72.6123,74.5758,6409100
2021-12-03,74.5301,74.9959,73.1694,74.0735,6038900
2021-12-06,75.1146,77.0689,74.5849,76.4936,4964200
2021-12-07,77.1055,78.3566,76.7584,77.6352,5102900
2021-12-08,78.3931,80.0461,78.3566,78.9959,6749500
2021-12-09,78.5393,79.0598,78.1009,78.6854,4241900
2021-12-10,79.3703,79.4342,78.2653,78.6854,3294400
2021-12-13,78.037,78.4845,76.7493,77.0141,4173900
2021-12-14,76.3749,77.3886,76.0096,76.2562,6144700
2021-12-15,76.2196,76.4571,74.9502,76.1922,5388300
2021-12-16,76.9502,77.1877,75.3064,75.5256,4546300
2021-12-17,75.5256,75.8178,74.1283,75.142,8892600
2021-12-20,74.0004,74.2927,72.7767,74.0004,5828400
2021-12-21,74.5849,76.6397,74.5849,76.4205,7301900
2021-12-22,76.2379,77.3977,76.1922,76.7767,3852800
2021-12-23,77.2242,77.8087,77.1877,77.5347,2650000
2021-12-27,77.3703,77.9913,76.932,77.8452,2743700
2021-12-28,77.69,78.8589,77.4251,78.5575,3220100
2021-12-29,78.1557,78.6032,77.827,78.4388,2085300
2021-12-30,78.5758,78.9959,78.2653,78.3566,2459400
2021-12-31,78.2927,78.8407,78.0827,78.5941,2667700
2022-01-03,78.6123,79.5804,78.6032,79.4251,5169200
2022-01-04,80.2471,82.2562,80.0918,82.2105,6044200
2022-01-05,82.3749,83.5895,81.6443,81.7996,6833600
2022-01-06,82.5576,83.0416,81.8361,82.2471,5559000
2022-01-07,82.4297,83.4434,82.2745,82.5941,4835300
2022-01-10,82.8133,82.9137,81.4982,81.9457,4884200
2022-01-11,81.9548,82.9594,81.5256,82.8498,4529800
2022-01-12,83.1055,83.6078,82.9594,83.1694,4613100
2022-01-13,83.4526,84.4389,83.069,83.6169,5026300
2022-01-14,83.1512,84.4571,82.8498,84.3201,4987400
2022-01-18,83.4069,83.9274,82.448,82.8772,6010200
2022-01-19,82.8589,83.416,81.8087,81.9183,4887800
2022-01-20,82.1557,82.9503,80.5941,80.6945,5354700
2022-01-21,80.8407,81.1055,79.2881,79.6443,5846500
2022-01-24,78.3292,80.6397,77.4434,80.4754,8849700
2022-01-25,77.626,83.3704,77.626,82.4754,10377400
2022-01-26,82.174,83.5804,79.8817,81.2607,9829100
2022-01-27,82.1192,83.5439,80.7311,81.5347,6998700
2022-01-28,81.2516,82.5302,79.8909,82.4936,5877600
2022-01-31,81.8361,82.5667,81.2882,82.3658,6419700
2022-02-01,82.2836,83.0507,81.5256,82.8589,6558400
2022-02-02,82.4662,84.6489,82.4206,84.5119,5978600
2022-02-03,84.1557,84.9229,83.6717,84.7585,7171700
2022-02-04,84.3475,85.7539,84.1192,84.9411,6321400
2022-02-07,85.3521,86.5119,84.9411,85.8727,4932700
2022-02-08,85.69,87.0508,84.8133,86.8224,8173200
2022-02-09,87.6991,87.964,87.1969,87.6717,5394900
2022-02-10,87.0507,88.5485,86.3475,86.8133,6534300
2022-02-11,86.9868,87.7174,85.9183,87.0051,6532900
2022-02-14,87.2243,87.3065,84.8316,85.4526,6419200
2022-02-15,85.4708,86.6672,85.4525,85.8818,4616000
2022-02-16,85.8544,87.0051,85.7722,86.5302,4560900
2022-02-17,85.8179,86.9138,85.3338,86.174,5753300
2022-02-18,85.9731,86.7676,84.9229,85.2699,6544800
2022-02-22,85.4982,86.5211,84.7403,85.4252,5862200
2022-02-23,86.1192,86.3293,84.0644,84.2379,6903300
2022-02-24,85.4042,86.9194,82.0156,86.5521,9698500
2022-02-25,86.6807,90.2438,86.5062,90.106,8692300
2022-02-28,90.9325,94.5507,90.3632,94.312,16726100
2022-03-01,94.3762,95.818,93.8344,94.3395,12340900
2022-03-02,93.8528,94.1375,91.6304,92.512,12834600
2022-03-03,92.8059,93.0722,90.5744,91.6764,8613500
2022-03-04,91.7866,91.7866,90.207,91.456,8627200
2022-03-07,93.0171,94.6793,90.106,90.1703,12759000
2022-03-08,90.005,90.3632,86.9562,87.1031,9410600
2022-03-09,87.4704,90.9876,87.4704,90.4734,7100500
2022-03-10,90.152,91.6488,89.6836,90.4642,5118400
2022-03-11,90.7121,91.6029,88.8938,89.004,4354300
2022-03-14,89.2336,89.6836,87.6174,89.1142,5581700
2022-03-15,89.8856,90.0877,88.6826,89.6469,5417600
2022-03-16,89.1142,89.6652,86.3868,87.9755,8813000
2022-03-17,88.7102,89.803,88.0031,89.7663,6537200
2022-03-18,89.9958,90.253,88.4622,89.555,10438500
2022-03-21,89.8489,92.5855,89.8122,91.7774,6673700
2022-03-22,91.6488,93.3294,90.8315,93.0998,6048300
2022-03-23,92.8977,94.1099,92.8518,92.962,4471800
2022-03-24,93.3569,93.8528,92.8702,93.4028,3894600
2022-03-25,93.6691,94.5599,93.5957,94.064,3521400
2022-03-28,93.3661,93.8161,92.6773,93.2926,4053300
2022-03-29,92.6131,93.1181,91.2539,92.8243,5038200
2022-03-30,93.3294,94.0181,91.6121,92.5947,5168100
2022-03-31,91.1713,92.6682,90.9141,90.9784,5505600
2022-04-01,91.6121,92.2457,90.8958,91.9886,3608600
2022-04-04,91.9427,92.1998,90.5101,91.1897,3812300
2022-04-05,91.355,92.3008,90.556,90.7397,4217100
2022-04-06,90.2897,91.1713,90.1152,90.4183,5260800
2022-04-07,90.2254,92.9988,89.904,92.7324,6151500
2022-04-08,93.6508,94.3487,91.8968,92.1998,4811400
2022-04-11,92.4202,94.5415,92.4202,93.7701,5707600
2022-04-12,93.8345,95.4874,93.7334,94.2201,4839200
2022-04-13,94.8813,95.919,94.2569,94.9272,5351900
2022-04-14,95.4048,96.4057,95.2027,95.7537,4027400
2022-04-18,95.7445,96.8465,95.4231,95.7813,3873300
2022-04-19,95.9098,97.0302,95.6527,96.0109,4572800
2022-04-20,97.0486,97.3608,95.7629,96.3966,4232200
2022-04-21,97.2047,97.3608,93.1181,93.4212,5795300
2022-04-22,93.1641,94.1834,92.1723,92.2825,4683300
2022-04-25,91.6947,91.759,89.601,91.4743,5612500
2022-04-26,88.9857,92.7049,88.8755,91.0886,7199200
2022-04-27,91.1162,91.7498,89.6285,90.7672,6632100
2022-04-28,90.9141,91.1529,88.9857,90.0693,6544200
2022-04-29,90.4274,90.8131,86.8827,87.1582,5883000
2022-05-02,86.7909,87.5439,84.8532,86.5246,7870600
2022-05-03,87.4062,88.2786,86.6164,87.6082,5612200
2022-05-04,87.2317,90.0142,87.1949,89.7754,6160800
2022-05-05,89.8122,90.1795,87.6174,88.453,5906500
2022-05-06,87.8929,88.2051,86.0654,87.5164,5295000
2022-05-09,86.8092,87.048,83.7971,84.2563,6071900
2022-05-10,84.8899,86.194,83.8982,84.2012,7526300
2022-05-11,83.8155,86.4419,83.3931,83.5676,6493900
2022-05-12,83.4298,84.9175,82.5941,84.0084,6356200
2022-05-13,84.5318,85.0461,83.6502,84.4124,5465600
2022-05-16,84.3481,85.9001,84.3114,84.9267,5158500
2022-05-17,86.6256,87.3694,85.8634,87.1949,4447200
2022-05-18,86.6256,87.4245,84.743,85.0461,5843100
2022-05-19,84.4179,85.4156,82.7181,83.374,5234700
2022-05-20,83.919,84.2239,81.6926,83.2169,6585500
2022-05-23,83.6973,85.0091,83.143,84.8336,4701300
2022-05-24,84.2516,86.3024,83.5772,86.1084,5932000
2022-05-25,86.2101,86.9307,85.5357,86.4318,3742000
2022-05-26,87.3186,88.5565,86.9399,87.7621,5545800
2022-05-27,88.3441,89.351,87.9468,89.3418,3394200
2022-05-31,88.0946,88.6582,87.4203,87.8729,6478700
2022-06-01,88.6951,88.9445,86.9306,87.5865,4245900
2022-06-02,88.4734,88.9723,86.8937,88.9076,3460300
2022-06-03,88.0946,89.2587,88.03,88.9907,2837000
2022-06-06,89.6004,90.0623,89.0462,89.8037,3080300
2022-06-07,89.776,93.0093,89.2956,92.8523,5634600
2022-06-08,92.1317,92.686,91.4204,91.6698,6666600
2022-06-09,90.8384,91.6144,89.9053,89.9607,4566900
2022-06-10,88.5196,89.3233,87.254,88.2147,5615900
2022-06-13,86.3671,86.404,84.4178,84.9444,5419200
2022-06-14,85.3879,85.6465,83.8174,84.3624,3977900
2022-06-15,85.083,86.09,83.8821,85.2493,4139200
2022-06-16,84.113,84.2331,82.2284,82.6996,4517700
2022-06-17,82.6442,83.1523,80.9351,82.1083,7577200
2022-06-21,83.9282,86.2378,83.2446,85.8405,5834200
2022-06-22,84.2516,86.672,84.1407,85.508,4481500
2022-06-23,85.4525,86.2101,83.8543,84.7689,3310500
2022-06-24,85.4525,87.1801,84.8798,87.023,4782200
2022-06-27,87.2447,87.8083,86.6904,87.5865,2942600
2022-06-28,88.1593,89.4157,86.5426,86.635,3358800
2022-06-29,87.0415,87.1154,85.2678,86.1916,2504100
2022-06-30,85.8867,88.9353,85.6465,88.7875,6319100
2022-07-01,88.7321,89.9053,88.0762,89.6282,4221000
2022-07-05,87.6882,88.1778,84.4456,85.8405,4938700
2022-07-06,85.9145,87.5034,85.2124,86.7644,4294700
2022-07-07,87.3464,87.7621,86.6627,86.7828,3212600
2022-07-08,87.1062,88.4272,86.7828,87.8729,2763200
2022-07-11,87.1062,87.8914,86.8844,87.4942,2501400
2022-07-12,86.9861,87.993,86.6627,87.3002,4667400
2022-07-13,85.7389,87.1431,84.7227,84.8151,5653700
2022-07-14,83.18,83.7897,82.2654,83.2169,5029700
2022-07-15,84.0668,84.4918,83.4202,84.2793,3965200
2022-07-18,85.2124,85.2863,82.6626,82.9583,5364300
2022-07-19,82.4594,86.8475,82.4132,86.672,5027600
2022-07-20,86.4687,87.8914,86.0345,87.605,3849200
2022-07-21,87.3741,87.799,86.4503,87.6604,3124500
2022-07-22,87.9006,88.418,86.8013,87.0323,3254200
2022-07-25,87.4018,88.1408,86.866,87.3648,4769200
2022-07-26,85.4618,86.2563,83.3186,83.3647,8253200
2022-07-27,83.9098,83.9098,82.2746,83.3924,5558900
2022-07-28,83.374,85.6096,83.374,85.3509,4490900
2022-07-29,84.9722,86.2747,84.889,86.1084,4848400
2022-08-01,86.4595,87.7251,85.9976,86.1362,5623100
2022-08-02,86.5981,87.5588,85.6373,86.6073,4066800
2022-08-03,86.6073,87.6974,85.3694,87.3279,4491100
2022-08-04,87.4295,87.6328,85.6558,85.7112,4443700
2022-08-05,85.1384,86.0068,84.8428,85.9422,3320200
2022-08-08,86.5611,86.5611,84.0299,84.2516,4607400
2022-08-09,84.538,85.2678,84.1222,84.9352,3137500
2022-08-10,85.8867,86.5796,85.4063,86.3024,3351300
2022-08-11,86.5981,87.254,85.9699,86.053,3487900
2022-08-12,86.1731,87.8267,86.1731,87.7713,3652200
2022-08-15,87.1523,88.8244,86.7921,88.806,3376600
2022-08-16,88.418,88.9168,87.6512,87.8083,5851000
2022-08-17,86.9399,88.3533,86.6627,87.7528,3311100
2022-08-18,88.1338,88.2917,87.567,88.0037,2694500
2022-08-19,87.5763,88.2825,86.5449,86.7865,5024700
2022-08-22,85.7736,86.3683,85.1604,85.2812,5769600
2022-08-23,85.4206,86.0896,85.2626,85.8851,2633900
2022-08-24,86.3869,86.9537,86.229,86.7028,3065800
2022-08-25,87.186,89.4068,87.121,89.3232,4257700
2022-08-26,89.7785,89.9736,86.8701,86.898,2805700
2022-08-29,86.0989,86.4055,84.8166,85.5971,3799000
2022-08-30,85.848,85.9595,83.9338,84.3984,3463000
2022-08-31,84.5471,84.7794,83.3577,83.3949,4665700
2022-09-01,83.079,83.2091,81.2857,81.7967,6151900
2022-09-02,82.6702,83.4042,81.1091,81.3879,4171600
2022-09-06,81.4994,82.1033,80.4587,80.9883,4557400
2022-09-07,80.2078,81.4994,79.3065,81.2578,5333100
2022-09-08,80.7003,80.9233,79.3994,80.4308,5758400
2022-09-09,80.9326,82.1033,80.3658,81.806,4126800
2022-09-12,82.0847,82.41,81.3135,81.583,5437000
2022-09-13,80.0498,80.7839,77.4388,77.7919,5867700
2022-09-14,78.3308,81.3507,77.3923,80.2821,7737900
2022-09-15,79.9569,80.7932,79.1021,79.5481,5054600
2022-09-16,78.814,80.0963,78.5167,79.1671,8211100
2022-09-19,78.4702,79.2972,78.0892,78.9348,5587000
2022-09-20,78.5817,79.4273,77.7919,79.1206,3861500
2022-09-21,80.9883,81.7595,78.3122,78.3494,7047100
2022-09-22,78.0521,78.5445,77.3087,77.541,4950300
2022-09-23,77.0021,77.1507,75.0415,76.2216,6725900
2022-09-26,75.8127,76.5561,75.0136,75.3481,4843500
2022-09-27,75.7941,76.2401,74.5862,75.2645,6119300
2022-09-28,75.4689,77.9406,75.0694,77.4016,6066600
2022-09-29,76.8162,77.0857,75.6547,76.5096,6989900
2022-09-30,76.6025,77.0021,75.98,76.0636,6403900
2022-10-03,77.0392,78.1171,76.203,77.2251,4303400
2022-10-04,78.2844,80.1799,78.08,79.4737,4432100
2022-10-05,78.5724,79.8919,78.1636,79.1764,3800400
2022-10-06,78.7768,79.418,78.0707,78.3122,3192700
2022-10-07,77.8291,78.1357,76.8534,78.0614,4417500
2022-10-10,78.8233,79.8826,77.699,78.2008,3645400
2022-10-11,77.8105,79.483,77.4109,78.6003,4547700
2022-10-12,78.5353,78.6375,77.0578,77.1136,5489100
2022-10-13,75.6826,79.1113,75.2552,78.8605,5049000
2022-10-14,79.3715,79.3715,76.3331,76.7419,4614600
2022-10-17,78.2472,79.3901,77.8941,78.4888,4442000
2022-10-18,79.8361,81.8153,79.3715,81.1741,5779100
2022-10-19,80.979,82.6516,80.7003,81.425,4573700
2022-10-20,81.5923,82.1777,80.6538,81.0627,3663100
2022-10-21,81.0812,82.6051,80.3472,82.2706,5422900
2022-10-24,82.791,84.0454,82.698,83.3764,7727800
2022-10-25,82.2241,82.698,79.7711,82.1033,7561000
2022-10-26,82.3263,85.6714,82.3263,84.1104,6668600
2022-10-27,84.5007,86.7679,84.4728,85.2998,6420800
2022-10-28,85.9502,88.4219,85.5507,88.3475,6360800
2022-10-31,88.0223,88.3754,87.2046,88.1059,4933000
2022-11-01,88.5798,89.2767,88.3196,88.7842,5217500
2022-11-02,88.4126,89.8063,87.3719,87.4834,5326000
2022-11-03,86.7679,89.0444,86.4427,88.0873,4141600
2022-11-04,88.617,89.1094,86.7679,88.4776,4247800
2022-11-07,88.9143,89.5276,88.5984,89.3603,3295600
2022-11-08,89.4161,89.7971,88.3289,89.4532,3927500
2022-11-09,89.0537,89.6019,88.2918,88.394,3478700
2022-11-10,90.0387,91.0793,88.9236,90.9121,4764100
2022-11-11,90.2616,90.3174,86.2104,87.0188,6937600
2022-11-14,87.0188,87.8457,86.3404,86.3683,4942400
2022-11-15,86.9909,89.1559,86.7307,89.0072,7506500
2022-11-16,88.8028,89.4439,87.5763,87.6692,4813000
2022-11-17,86.9308,88.4543,86.8093,88.3515,3256300
2022-11-18,89.445,90.3516,88.987,89.1272,4073300
2022-11-21,89.0338,90.1834,88.7347,89.9123,3271700
2022-11-22,90.7161,91.2115,90.2021,90.5198,3031500
2022-11-23,90.5105,90.8657,90.2955,90.7815,2172300
2022-11-25,90.9872,91.4078,90.8283,91.0993,1313200
2022-11-28,90.7255,91.5947,90.1553,90.5666,4662300
2022-11-29,90.4731,91.5106,90.2955,91.0619,2916100
2022-11-30,91.1461,92.3798,89.7628,92.2676,6191200
2022-12-01,92.6415,93.4266,92.034,92.9967,4084200
2022-12-02,92.2302,94.5388,92.2302,94.4079,4339700
2022-12-05,93.221,94.6696,92.9966,94.0995,4532000
2022-12-06,94.6977,94.8566,91.7536,92.277,3809700
2022-12-07,92.4265,93.1182,92.034,92.5667,3220500
2022-12-08,93.1275,93.7257,92.7069,92.9873,2780100
2022-12-09,92.7536,93.7817,91.8097,91.847,3328400
2022-12-12,92.1555,93.0995,92.062,93.0527,4578700
2022-12-13,94.9313,95.2958,93.1462,93.3611,7098700
2022-12-14,93.735,94.3051,92.9219,93.4172,4939100
2022-12-15,93.2303,93.2677,90.9404,92.0527,4843000
2022-12-16,91.09,92.1835,89.9684,91.9125,7610800
2022-12-19,92.062,92.7162,90.7722,91.1647,4732700
2022-12-20,91.0339,92.4919,90.9311,91.7629,3907000
2022-12-21,92.548,93.3238,92.2489,93.2397,3610000
2022-12-22,92.9593,93.0995,90.6414,92.0714,3165000
2022-12-23,92.0713,92.9125,91.6227,92.8097,2119300
2022-12-27,93.0901,93.6883,92.8378,93.1462,2600200
2022-12-28,93.2303,93.7817,92.6321,92.6602,2418700
2022-12-29,92.7443,94.0247,92.6041,93.7724,2940600
2022-12-30,93.7257,94.408,93.2584,94.3238,2984100
2023-01-03,94.3893,94.6136,93.5574,94.221,3532300
2023-01-04,93.9406,95.4267,93.8472,94.2491,5635100
2023-01-05,93.7163,94.8285,93.1462,94.2864,4967200
2023-01-06,95.2398,97.1558,94.679,95.7632,6411700
2023-01-09,96.0155,96.0623,92.3237,93.0901,6377300
2023-01-10,92.9219,94.4734,92.548,93.3892,4701900
2023-01-11,93.5761,93.7724,92.4639,93.0808,4518700
2023-01-12,93.3238,94.1556,93.0247,94.0995,4221400
2023-01-13,91.3517,92.5761,91.1367,92.2302,4968000
2023-01-17,92.763,93.1369,91.9312,91.9966,3959000
2023-01-18,92.2116,92.2116,89.417,89.4824,5321800
2023-01-19,89.0057,89.2861,88.0057,88.0804,4641500
2023-01-20,87.9963,88.2674,87.2393,88.1926,8216200
2023-01-23,88.6038,90.5946,88.3328,89.9591,5686600
2023-01-24,92.4078,93.2957,87.8748,92.9686,8308000
2023-01-25,92.8097,93.4733,91.2021,93.4733,5967300
2023-01-26,94.0995,94.3332,92.6508,93.6976,4302900
2023-01-27,93.3238,93.9687,92.8378,93.0901,3365800
2023-01-30,92.9967,93.277,91.4638,92.2583,4607300
2023-01-31,92.3424,93.4453,91.8097,93.3238,4099500
2023-02-01,93.3985,93.4546,91.2208,91.9872,5155100
2023-02-02,91.8657,91.9872,90.2675,90.6227,6035700
2023-02-03,90.4357,91.3984,90.0899,90.174,3844300
2023-02-06,90.4264,91.5853,90.3797,91.2582,5243000
2023-02-07,90.8096,91.7816,89.5385,91.4732,3814500
2023-02-08,90.9778,91.8283,90.8937,91.2676,3789500
2023-02-09,91.6414,92.0714,90.9311,91.4545,3670900
2023-02-10,91.8096,94.1182,91.7816,94.0341,5291000
2023-02-13,94.5108,94.7912,93.5668,93.9874,5238600
2023-02-14,93.707,95.3893,93.6976,94.7444,3699700
2023-02-15,94.3986,94.894,94.1182,94.8286,2551000
2023-02-16,93.8472,94.8285,93.3985,94.3706,3524300
2023-02-17,94.2584,94.9594,93.7537,94.8753,6507500
2023-02-21,95.5202,95.9408,93.8191,94.0715,3853000
2023-02-22,94.1462,94.5108,93.3051,93.9406,4489800
2023-02-23,94.4669,94.5891,92.8505,93.6399,3227800
2023-02-24,93.3204,93.6305,92.4652,93.6211,3915000
2023-02-27,93.9594,94.0064,93.0572,93.1888,2986700
2023-02-28,93.2922,93.4801,91.9295,92.1832,4470000
2023-03-01,92.1363,92.6343,91.6288,92.1363,3739900
2023-03-02,91.6288,93.3486,91.6288,93.0384,4134400
2023-03-03,93.2076,93.3392,92.343,93.0572,5072800
2023-03-06,93.0572,94.0628,92.8881,93.5177,5064700
2023-03-07,93.7057,93.9124,92.2584,92.2678,5139300
2023-03-08,92.0987,92.6719,90.8393,91.5348,4299000
2023-03-09,92.0799,92.0799,89.768,90.1533,4912700
2023-03-10,89.8902,91.2059,89.4767,90.2191,6340100
2023-03-13,89.1759,92.3242,89.0256,91.5912,7757700
2023-03-14,92.3524,93.17,91.5536,92.3994,6407400
2023-03-15,91.1213,91.4032,89.035,90.0593,5755300
2023-03-16,89.6082,92.7001,89.2793,92.1738,4635500
2023-03-17,91.8731,91.8825,89.7398,89.9842,8157800
2023-03-20,90.6044,91.9201,90.5104,91.657,3972700
2023-03-21,93.0102,93.3204,92.0705,92.108,5135500
2023-03-22,92.3524,92.6249,90.8675,90.8769,4042000
2023-03-23,91.4408,91.5818,89.8902,90.2191,4352100
2023-03-24,89.6646,90.8582,89.2229,90.6326,4711900
2023-03-27,91.5442,91.5442,90.5856,91.0743,3591700
2023-03-28,90.9615,91.2717,90.7924,90.9709,2324600
2023-03-29,91.3468,91.8919,91.3468,91.8167,3187400
2023-03-30,91.8167,91.9577,91.3374,91.5066,5296700
2023-03-31,92.0799,92.1456,91.6194,92.0329,4652700
2023-04-03,92.3524,94.7676,92.1926,94.5233,4312500
2023-04-04,94.5233,95.3503,93.123,93.5177,3239800
2023-04-05,93.264,93.5929,92.7565,92.8129,3841700
2023-04-06,92.8223,93.5271,92.155,92.296,3430400
2023-04-10,92.0611,93.7621,91.7697,93.6211,3947600
2023-04-11,93.7151,94.4857,93.4238,93.7151,3408600
2023-04-12,94.918,96.1867,94.7582,95.4067,4710100
2023-04-13,95.059,95.7262,94.4481,95.5571,3932500
2023-04-14,95.0966,95.5853,94.8898,95.5571,3017700
2023-04-17,95.7732,97.0701,95.6698,96.9009,4007400
2023-04-18,97.1547,98.4046,96.9949,98.3576,4949200
2023-04-19,98.3294,98.5925,97.6058,97.8219,5004500
2023-04-20,96.901,97.0983,96.1491,96.6472,3937600
2023-04-21,96.807,97.0231,95.7356,96.0927,3315300
2023-04-24,96.2055,96.4498,95.5007,96.2901,3962100
2023-04-25,95.5665,96.4405,93.997,95.0026,4638900
2023-04-26,94.4199,94.7207,91.328,91.7979,5219300
2023-04-27,91.7979,93.6963,91.5818,93.4049,4010600
2023-04-28,93.1042,93.8936,92.8411,93.8842,2875900
2023-05-01,93.9124,95.2751,93.8279,94.2884,3481400
2023-05-02,94.1286,94.1286,92.3524,92.9163,3377500
2023-05-03,92.8599,93.1888,91.1965,91.3092,3610800
2023-05-04,91.1589,91.4126,89.1477,90.1439,4414800
2023-05-05,90.5292,90.9615,89.9465,90.7642,3260400
2023-05-08,90.8675,91.5724,89.6928,89.7868,4243600
2023-05-09,89.8714,90.9521,89.58,90.4728,2928400
2023-05-10,90.9897,91.1589,89.6646,90.501,3329300
2023-05-11,89.8996,90.3883,89.2041,89.7868,3327100
2023-05-12,90.1909,90.7454,89.909,90.2097,2756000
2023-05-15,90.1909,90.9051,90.0781,90.8769,2556100
2023-05-16,90.736,90.736,89.674,89.7116,2534100
2023-05-17,89.9935,91.4972,89.9935,90.7548,4626800
2023-05-18,90.5751,91.1519,89.9038,90.8966,4277600
2023-05-19,91.3315,91.5301,90.3009,90.8966,3528700
2023-05-22,90.6791,91.0384,89.8659,90.4522,3976100
2023-05-23,89.6674,90.0834,88.9487,88.9582,4388700
2023-05-24,88.6745,89.4404,88.0788,88.5611,3670500
2023-05-25,88.4192,88.6178,87.0482,88.0505,5340500
2023-05-26,88.6178,89.4877,88.0505,88.1829,4056700
2023-05-30,87.9465,88.4665,87.2846,87.7668,4559300
2023-05-31,87.3413,87.8141,86.9442,87.1238,9972500
2023-06-01,87.2562,89.0149,87.2278,88.9677,5636400
2023-06-02,89.7903,91.1708,89.4499,90.8493,5559200
2023-06-05,91.3505,91.6341,90.4427,90.5373,3811400
2023-06-06,90.9061,92.3717,90.1685,92.1353,4947600
2023-06-07,92.2298,93.4118,91.3694,93.2227,4275400
2023-06-08,93.0714,94.1115,92.8444,93.686,3269300
2023-06-09,94.0169,94.0831,93.4685,93.9318,2518100
2023-06-12,93.9791,94.3574,93.6576,94.0075,3527500
2023-06-13,94.5559,95.1989,94.102,94.2628,4053500
2023-06-14,94.2817,94.3857,91.2937,91.5869,6363800
2023-06-15,91.8894,93.0147,91.7571,92.6648,4530100
2023-06-16,92.8539,93.6198,91.5396,92.4189,9037900
2023-06-20,93.043,93.5725,92.2298,92.3811,6935100
2023-06-21,92.3811,94.5086,92.088,93.6765,4776500
2023-06-22,93.2321,93.2605,91.341,91.6436,4531500
2023-06-23,91.4356,91.9934,91.0952,91.6341,6213400
2023-06-26,90.7548,91.3505,89.5917,91.2937,3993600
2023-06-27,91.1046,91.4828,90.6318,91.2748,4048200
2023-06-28,91.1424,91.1519,89.9416,90.6508,4014900
2023-06-29,90.7737,92.5608,90.6318,92.4757,4071400
2023-06-30,92.7594,93.0336,91.984,92.627,4402000
2023-07-03,92.1826,93.4591,92.0218,93.0336,2149900
2023-07-05,92.6837,93.0997,92.1353,92.8917,3247400
2023-07-06,92.5702,93.3645,92.0502,92.7121,3679600
2023-07-07,92.7404,93.1092,92.0691,92.1164,4569600
2023-07-10,92.1069,92.9768,91.9745,92.1731,3300300
2023-07-11,91.8138,92.7499,91.2843,92.6932,6209900
2023-07-12,93.27,93.4212,91.4545,91.549,4943300
2023-07-13,91.3315,92.1542,91.0479,91.88,3357600
2023-07-14,91.8043,91.8611,90.5184,90.9344,3454600
2023-07-17,90.8588,91.6058,90.3955,91.0763,3268800
2023-07-18,91.1708,92.3622,90.2914,90.5468,5464600
2023-07-19,90.6224,91.2181,90.0834,90.3671,4133300
2023-07-20,90.9628,91.984,90.7453,91.8705,4314600
2023-07-21,91.9083,92.1353,91.1235,91.1424,3274900
2023-07-24,91.6247,91.8894,91.2559,91.7287,4741800
2023-07-25,81.1857,82.5,76.9212,82.3582,49625600
2023-07-26,82.0934,82.4527,80.2401,81.6017,20124000
2023-07-27,81.129,82.4717,79.8336,80.5333,14092700
2023-07-28,80.8453,82.7837,80.7507,82.5851,11617700
2023-07-31,82.6891,83.8616,82.4717,83.143,10177400
2023-08-01,82.4055,83.4078,82.3298,83.1808,6780400
2023-08-02,82.7364,83.1336,80.6278,80.8075,8610900
2023-08-03,80.8737,81.0912,79.7674,80.0605,7947300
2023-08-04,80.4198,80.5616,79.7485,79.947,5573300
2023-08-07,80.1362,81.1006,80.0983,80.817,6740900
2023-08-08,80.382,81.7247,80.051,81.5166,7220000
2023-08-09,81.3937,83.1241,81.2897,82.9917,8802600
2023-08-10,82.5662,83.2754,81.4126,81.5261,5359700
2023-08-11,81.2424,82.1407,81.2235,82.1124,3778800
2023-08-14,82.1124,82.3677,81.5356,81.7341,3521800
2023-08-15,81.4315,81.5356,80.9304,80.9966,4174900
2023-08-16,80.8831,81.1195,80.4576,80.5049,4207700
2023-08-17,80.8953,81.6189,80.4859,81.0762,5090700
2023-08-18,80.5906,82.1045,80.5715,81.6951,8150400
2023-08-21,81.5237,81.8951,81.1428,81.4285,4494800
2023-08-22,81.7141,81.7141,80.9905,81.2476,3924500
2023-08-23,81.4571,82.0284,81.219,81.9236,4462000
2023-08-24,81.4094,82.0379,81.0762,81.0762,3905800
2023-08-25,81.419,81.6285,80.6001,80.6382,4737600
2023-08-28,80.781,81.9331,80.7525,81.638,4834600
2023-08-29,81.657,82.0188,81.1905,81.2666,5130900
2023-08-30,81.5428,82.5806,81.4571,82.295,4469800
2023-08-31,82.552,82.8567,81.9141,81.9236,4914500
2023-09-01,82.4663,82.5425,81.7808,82.1521,2583000
2023-09-05,82.1236,82.1712,80.9524,80.981,4973800
2023-09-06,80.8096,80.9048,79.2671,79.5147,7528800
2023-09-07,79.8003,80.3716,79.6956,80.2954,6376700
2023-09-08,80.2954,80.3621,78.9719,79.4861,5984000
2023-09-11,76.363,76.6487,72.3544,73.2209,24520700
2023-09-12,71.1262,72.0878,70.1359,71.945,17931800
2023-09-13,71.945,72.9924,71.8498,71.945,11613000
2023-09-14,70.155,72.0212,70.0978,71.8879,15600400
2023-09-15,71.507,72.7448,71.488,72.1735,16049800
2023-09-18,72.2783,72.8496,71.5261,71.5832,9847200
2023-09-19,71.3928,71.8212,70.8595,71.488,11389300
2023-09-20,72.3164,72.5163,70.8215,70.8691,10817900
2023-09-21,70.7262,70.8881,68.9743,69.1647,12456600
2023-09-22,69.1362,69.2123,68.0126,68.1554,9673000
2023-09-25,67.8888,68.6505,67.6222,68.6029,10430100
2023-09-26,68.0126,68.9552,67.9079,68.8029,10323600
2023-09-27,69.2694,69.8217,68.9838,69.3932,9391800
2023-09-28,68.7648,69.5837,68.5077,68.5553,8490600
2023-09-29,68.841,69.0504,68.1364,68.5268,6366300
2023-10-02,68.3078,68.4982,67.508,67.9269,6791300
2023-10-03,67.9936,68.7934,67.07,67.2033,8175800
2023-10-04,66.7748,66.851,65.9083,66.7653,10264000
2023-10-05,66.7081,67.0033,65.9464,66.0607,7402600
2023-10-06,65.7941,67.0223,65.2799,66.432,8540300
2023-10-09,69.2694,69.7455,68.3839,69.498,13726200
2023-10-10,69.9455,70.1359,69.1742,69.8407,10633900
2023-10-11,69.8217,69.8217,69.1457,69.8027,7349800
2023-10-12,69.8979,70.0312,68.8315,69.7931,6921300
2023-10-13,70.393,70.8405,69.6027,69.7455,8661900
2023-10-16,70.1169,70.5549,69.1171,70.4406,6299700
2023-10-17,70.2216,71.3356,69.8407,70.3549,8035100
2023-10-18,70.4692,71.3166,70.3835,70.6881,7791000
2023-10-19,70.4406,71.269,70.3168,70.3549,7421400
2023-10-20,70.5453,70.6025,69.0124,69.079,7995600
2023-10-23,69.1076,70.4692,69.0504,69.6313,8357200
2023-10-24,74.9824,75.03,73.278,74.6301,25548200
2023-10-25,75.5537,75.5537,74.0493,74.6587,22157600
2023-10-26,74.2683,76.0107,74.1826,75.3633,33222400
2023-10-27,74.7729,75.9536,74.6682,75.3728,21946800
2023-10-30,75.2871,75.9822,74.0493,74.811,23380600
2023-10-31,75.0776,77.6484,74.9634,77.4961,18663800
2023-11-01,78.0769,78.8386,77.439,78.2197,20200200
2023-11-02,78.4102,79.2195,78.2959,78.8196,15755700
2023-11-03,79.1909,79.8479,78.7148,78.7625,21269500
2023-11-06,78.7434,78.9815,78.134,78.4578,5950700
2023-11-07,78.4578,78.7339,78.2007,78.7148,6352900
2023-11-08,78.8862,79.2957,78.5625,79.2195,9844700
2023-11-09,79.6575,79.8384,78.2102,78.4863,9638100
2023-11-10,78.8006,78.8958,77.8674,78.2864,10351200
2023-11-13,78.3245,78.8482,77.696,78.1055,7740300
2023-11-14,78.2483,78.3149,76.7534,76.8296,13128900
2023-11-15,76.6582,77.3628,75.9631,76.7724,10757800
2023-11-16,77.1849,77.5302,76.6669,76.9547,7578700
2023-11-17,77.3479,77.3863,76.1778,76.4271,7343900
2023-11-20,76.312,76.5614,75.7653,75.938,8359300
2023-11-21,75.7078,75.8708,74.9212,74.9596,7125000
2023-11-22,74.8253,76.6094,74.8157,76.5614,7024900
2023-11-24,76.5614,76.8204,76.1874,76.7149,2346300
2023-11-27,76.5039,76.7245,75.8996,76.2257,9378400
2023-11-28,76.7245,77.4918,76.3216,76.9163,7094800
2023-11-29,76.9451,78.0098,76.8492,77.6453,6852100
2023-11-30,77.8275,78.5757,77.7412,78.1537,8366100
2023-12-01,78.1537,79.0457,78.0482,78.9594,5487400
2023-12-04,78.7196,79.7938,78.5949,79.7363,5525300
2023-12-05,79.5445,79.9473,79.2855,79.3143,5945700
2023-12-06,79.2471,80.0241,78.969,79.3334,6125800
2023-12-07,79.6116,79.7555,78.1057,78.1728,5443900
2023-12-08,78.3551,78.7483,77.8467,78.0002,5535000
2023-12-11,78.0098,78.9306,78.0098,78.5469,5897300
2023-12-12,77.8947,78.2496,77.6069,77.7316,6811200
2023-12-13,77.8755,79.9953,77.2328,79.8226,8057900
2023-12-14,80.4461,80.6571,78.0865,78.5182,11124700
2023-12-15,78.403,78.6428,76.4175,77.0026,19196600
2023-12-18,77.0794,78.1632,77.0794,77.3959,7701100
2023-12-19,77.6165,79.2855,77.6165,79.2471,9912600
2023-12-20,78.8443,79.5157,78.2304,78.3071,6961800
2023-12-21,78.6908,79.602,78.0482,78.662,7732800
2023-12-22,78.7388,80.4365,78.6908,79.8322,9769500
2023-12-26,79.7555,80.8585,79.6883,80.6187,4442600
2023-12-27,80.4749,81.0216,80.283,80.7338,5440600
2023-12-28,80.7338,81.1559,80.6571,80.7338,4622700
2023-12-29,80.7722,80.9641,80.3598,80.7051,4624800
2024-01-02,80.6187,82.5083,80.5324,81.741,10455600
2024-01-03,81.9904,83.3524,81.8657,82.1151,9957500
2024-01-04,82.4795,83.055,81.8561,81.9232,6656500
2024-01-05,82.2589,82.2589,81.3957,81.8944,6796100
2024-01-08,81.4436,82.6618,81.2614,82.3357,7625700
2024-01-09,82.2589,82.4699,81.5012,82.2973,5400500
2024-01-10,82.2973,82.9304,82.163,82.5659,5706500
2024-01-11,82.4028,82.4987,81.271,81.8369,5860100
2024-01-12,83.0263,83.1893,82.4795,82.8057,5277300
2024-01-16,82.5946,82.7577,81.5683,82.0095,9568200
2024-01-17,81.9424,83.2661,81.4532,81.5779,7669600
2024-01-18,81.5779,82.3357,81.3381,81.9808,6594800
2024-01-19,82.0959,82.2973,80.9832,82.0383,7509600
2024-01-22,82.3069,82.6618,81.5396,81.5492,14052800
2024-01-23,84.6281,88.6087,84.3691,85.8942,19434800
2024-01-24,85.9709,86.3738,85.0789,85.8366,12872300
2024-01-25,86.5656,87.3905,85.923,87.2275,10584600
2024-01-26,86.9877,87.496,86.4601,86.7191,5987400
2024-01-29,86.7479,86.9781,86.0381,86.4026,8488700
2024-01-30,86.4793,87.3713,86.3834,86.9014,9073500
2024-01-31,87.1507,88.1099,86.9877,87.4001,5560700
2024-02-01,87.9564,88.4168,87.0548,88.4072,13827100
2024-02-02,88.4744,88.9156,87.7167,88.225,6067800
2024-02-05,87.5344,88.8677,87.1795,88.4744,6764600
2024-02-06,87.7166,88.8868,87.4673,88.5128,4718000
2024-02-07,88.8005,89.0211,88.0715,88.177,4625200
2024-02-08,88.1003,88.6183,87.2179,87.3234,6197500
2024-02-09,87.4097,87.8701,86.6424,86.815,5948100
2024-02-12,86.815,88.1579,86.5464,87.4193,5483500
2024-02-13,87.4769,87.9756,86.1916,86.8918,6039600
2024-02-14,87.2466,87.8605,87.1507,87.6591,6677900
2024-02-15,87.6783,88.484,87.5728,88.0428,5267200
2024-02-16,87.6207,88.3305,87.2371,87.2946,4949800
2024-02-20,87.7646,88.5224,86.8822,87.2658,6023700
2024-02-21,87.2562,87.7166,86.3354,86.5273,13186100
2024-02-22,86.6238,86.73,85.8321,86.4404,7600000
2024-02-23,86.4114,87.3672,86.2087,86.9038,5810000
2024-02-26,86.9521,87.7148,86.8266,86.9135,5293500
2024-02-27,86.9231,87.3576,86.3631,87.2997,4853900
2024-02-28,87.29,88.101,86.45,86.8169,5626100
2024-02-29,87.29,87.4348,86.17,86.5755,5874800
2024-03-01,86.6238,86.9328,85.8804,86.7011,13566500
2024-03-04,86.981,87.0293,86.0638,86.8073,6926100
2024-03-05,86.6141,87.7245,86.5079,86.9521,6747600
2024-03-06,86.759,87.6183,86.6431,87.1452,5563800
2024-03-07,87.4059,88.0914,86.9231,87.4252,6778500
2024-03-08,87.1645,87.7727,87.0293,87.7438,5727600
2024-03-11,87.0776,88.661,87.0776,88.2458,7273200
2024-03-12,87.7341,87.9176,86.3535,86.8459,9439800
2024-03-13,86.9617,87.5893,86.7204,87.4348,8664500
2024-03-14,88.8831,89.7906,88.3231,88.5934,12161400
2024-03-15,87.9079,89.8582,87.9079,89.723,35743600
2024-03-18,89.6361,90.6789,89.1631,90.2347,7075400
2024-03-19,91.1906,92.0981,90.7851,91.5864,7998800
2024-03-20,91.7216,92.2237,91.0844,91.5768,7854200
2024-03-21,91.7216,92.1947,90.8334,91.0071,6477500
2024-03-22,90.9396,92.523,90.9396,92.243,6802000
2024-03-25,92.4071,92.9188,91.9823,92.3299,5229300
2024-03-26,92.3299,93.2181,92.2816,92.745,5474300
2024-03-27,93.1023,94.1353,93.0057,94.0871,7267800
2024-03-28,94.3188,94.6953,94.1064,94.1643,10701000
2024-04-01,94.0967,94.7822,93.7878,94.3864,9504500
2024-04-02,94.3864,95.2939,94.2126,95.1491,6759600
2024-04-03,93.9133,94.676,93.6815,94.1836,15885400
2024-04-04,94.8884,95.9118,94.5215,95.8829,13373200
2024-04-05,96.018,98.2387,96.018,98.1807,10216500
2024-04-08,98.1808,98.7311,97.7752,98.3642,9901300
2024-04-09,97.5821,98.1325,96.829,98.0938,9652900
2024-04-10,97.4373,98.2483,96.7711,97.8621,5532900
2024-04-11,97.8525,98.0649,96.3463,97.3021,6786100
2024-04-12,98.2097,98.818,96.0373,96.6456,7327300
2024-04-15,98.0552,98.3063,96.4525,96.5684,9636600
2024-04-16,96.7904,97.8235,96.7711,97.3601,7088600
2024-04-17,97.7656,98.2773,96.6939,97.2732,5377600
2024-04-18,97.0511,98.3835,97.0415,97.2346,4238600
2024-04-19,98.0263,98.7311,97.5435,98.0552,10328800
2024-04-22,98.48,98.7214,97.8718,98.0552,7594100
2024-04-23,97.5145,100.3048,96.4332,97.8814,8568200
2024-04-24,98.2097,98.3738,96.5587,97.5339,7722100
2024-04-25,97.418,98.3642,97.1187,98.2001,6186100
2024-04-26,98.0359,98.2869,96.8291,97.9104,4428300
2024-04-29,98.3352,99.069,98.1421,98.9049,4469700
2024-04-30,98.8083,99.2717,97.9683,98.0166,5421800
2024-05-01,97.8235,98.509,97.6497,97.7269,9982500
2024-05-02,97.7076,98.3931,97.5339,98.3738,6084400
2024-05-03,98.48,98.6442,97.1959,97.9007,13324700
2024-05-06,98.2773,98.5283,98.1132,98.3932,3408700
2024-05-07,98.7407,99.6966,98.5959,99.6676,6933000
2024-05-08,99.6772,100.4979,99.2621,100.3531,5177600
2024-05-09,100.5172,102.1103,100.4883,102.091,7211300
2024-05-10,102.342,102.8537,101.8979,102.651,5626100
2024-05-13,102.7668,104.0992,102.033,102.1489,6045500
2024-05-14,102.1489,102.622,102.0041,102.0523,3726200
2024-05-15,101.8496,102.3227,101.5117,101.7144,5688300
2024-05-16,101.5007,102.3361,101.1608,101.2482,8723800
2024-05-17,101.6853,101.7727,100.7334,101.1899,8500900
2024-05-20,101.4133,102.3943,101.3551,102.0058,4412800
2024-05-21,102.1807,102.8897,102.0835,102.4041,4754800
2024-05-22,102.5983,103.3948,102.3846,103.2588,3626300
2024-05-23,103.3851,104.2398,102.3166,102.3846,5787100
2024-05-24,102.7926,103.5113,102.7926,103.2199,3431300
2024-05-28,102.9868,103.2977,102.2584,102.4915,5137200
2024-05-29,102.0058,102.2001,101.5007,101.5687,4796800
2024-05-30,101.8893,102.812,101.5784,102.6857,4391300
2024-05-31,102.7829,104.7837,102.4332,104.7157,10411800
2024-06-03,104.1621,105.5316,103.7542,104.2884,5908800
2024-06-04,104.3272,105.2791,103.8513,104.8032,7998000
2024-06-05,104.91,105.4054,104.3952,105.3277,3141000
2024-06-06,105.2694,105.3568,104.6575,105.0751,3875000
2024-06-07,104.9974,105.4442,104.7837,105.0071,3526500
2024-06-10,104.9003,104.9974,103.6085,104.0164,5917400
2024-06-11,103.3365,104.0747,103.0937,103.8513,5769500
2024-06-12,103.9387,104.6283,103.521,103.7056,3429800
2024-06-13,103.5113,103.793,100.8597,102.0155,7112900
2024-06-14,101.5882,101.9767,100.4712,101.2385,4917200
2024-06-17,101.0151,101.491,100.5003,101.4716,3943500
2024-06-18,101.5687,102.2875,101.3842,101.763,3991300
2024-06-20,101.627,102.6954,101.5493,102.0544,6996400
2024-06-21,102.1709,103.1422,101.6756,102.5789,13310900
2024-06-24,102.7052,104.3952,98.0429,99.0336,13704800
2024-06-25,98.48,99.7524,97.159,98.6548,9330900
2024-06-26,98.0332,98.48,97.2756,98.3538,6953800
2024-06-27,98.5577,98.8588,97.5476,97.7321,6955400
2024-06-28,98.0041,98.0041,97.1882,97.5087,13853200
2024-07-01,97.9846,98.7617,96.4597,96.6928,4475200
2024-07-02,96.4403,97.7418,96.2266,97.5281,8299900
2024-07-03,98.0041,98.14,97.499,97.8487,2149200
2024-07-05,97.6058,97.6835,96.7025,97.4893,6153300
2024-07-08,97.7612,98.3052,97.1105,97.227,8738100
2024-07-09,97.363,98.7617,97.1493,98.208,5648900
2024-07-10,98.0041,98.276,96.5665,97.7904,6483600
2024-07-11,97.635,99.7038,97.3436,98.8005,7592400
2024-07-12,99.0725,99.8981,98.1206,98.3732,6003000
2024-07-15,99.3542,99.7038,98.6063,98.7034,3776300
2024-07-16,98.9462,100.714,98.8297,100.7043,4341200
2024-07-17,100.8403,102.2584,100.8403,101.9767,5433000
2024-07-18,101.9864,102.4332,100.8014,100.8597,4450100
2024-07-19,101.5007,101.5007,99.6941,99.8592,7229600
2024-07-22,99.733,100.8403,99.6747,100.7917,6207900
2024-07-23,100.7917,102.5497,100.646,101.9573,7602000
2024-07-24,102.035,102.8217,101.0345,101.8213,7180200
2024-07-25,107.0663,112.4959,106.3087,110.2133,14997000
2024-07-26,110.6892,111.9228,110.2424,110.6795,7526300
2024-07-29,110.7281,111.34,110.0482,111.1555,4138900
2024-07-30,111.8936,113.6711,111.272,113.5254,6074400
2024-07-31,114.1276,114.827,113.1175,114.1179,6780400
2024-08-01,114.3413,114.6036,112.729,113.3895,5135100
2024-08-02,112.9135,114.9047,111.7674,113.0981,4578400
2024-08-05,111.8062,113.0981,111.0875,111.8645,5888600
2024-08-06,112.2724,113.4671,110.8446,111.1166,4642400
2024-08-07,111.0195,112.6513,110.3493,110.8738,5553200
2024-08-08,110.631,112.5153,110.4367,111.7965,8889100
2024-08-09,111.7382,112.9524,111.5731,112.8164,5534300
2024-08-12,113.506,114.0694,112.4376,113.2535,8602000
2024-08-13,113.438,113.8945,112.7387,113.506,5911900
2024-08-14,113.4866,114.4482,113.302,114.2733,5826700
2024-08-15,115.1086,115.5749,114.1568,114.9629,5629900
2024-08-16,115.0997,115.832,114.8067,115.1778,5251500
2024-08-19,115.2266,115.7344,115.2071,115.5684,5389900
2024-08-20,115.5488,115.8906,114.4845,115.1778,6129200
2024-08-21,115.7149,115.8516,114.2013,114.504,3050900
2024-08-22,114.6017,115.2852,114.4259,115.2461,3743600
2024-08-23,115.5098,116.0957,115.1387,115.7344,3427500
2024-08-26,115.9004,116.9159,115.6074,115.9101,6260400
2024-08-27,115.8906,116.7792,115.6074,116.6816,4101200
2024-08-28,116.955,118.4979,116.8671,117.9999,4287200
2024-08-29,118.244,119.8552,117.7069,119.4158,3547800
2024-08-30,119.1814,120.7926,119.0935,120.4411,6372000
2024-09-03,120.2263,120.7536,117.8436,118.1463,5543900
2024-09-04,118.2537,119.4451,117.9315,118.2635,4484200
2024-09-05,118.3416,118.7518,115.8613,116.8281,5764500
2024-09-06,116.8378,117.9315,115.295,115.6563,3983700
2024-09-09,116.8281,118.4783,116.3691,118.3123,4492000
2024-09-10,118.6541,118.8494,117.0917,117.4726,3806700
2024-09-11,117.0527,117.0527,114.5919,116.457,4857200
2024-09-12,116.2031,117.3261,116.0078,117.2773,4229700
2024-09-13,117.0819,117.3749,116.0957,116.3203,4708000
2024-09-16,117.1503,117.7167,115.2852,116.3984,6025400
2024-09-17,115.7149,116.2422,114.9825,115.9395,5101500
2024-09-18,116.1738,116.7988,115.002,115.2657,4434800
2024-09-19,115.9102,116.4082,114.504,116.0273,5270600
2024-09-20,115.4219,116.0957,115.0899,115.3731,16958300
2024-09-23,115.8809,117.6483,115.4317,117.4433,6755400
2024-09-24,117.3065,117.4237,116.2812,117.2187,5844600
2024-09-25,117.6776,118.5955,117.5311,118.0584,5713600
2024-09-26,117.414,119.0154,117.3065,117.4921,6202600
2024-09-27,117.121,118.3905,116.8085,117.5604,7941800
2024-09-30,117.8436,118.4393,116.955,118.3123,5475700
2024-10-01,118.3319,121.6617,117.3163,121.4664,7206900
2024-10-02,122.2769,122.5796,120.734,121.1246,3802900
2024-10-03,121.5738,121.9644,120.3044,120.7633,4765700
2024-10-04,120.7926,122.0426,120.2556,121.9742,3055900
2024-10-07,121.9156,122.7261,121.3297,122.1109,4606100
2024-10-08,122.482,122.98,120.3727,120.5973,3194500
2024-10-09,120.1384,121.8082,119.7185,121.0368,3210400
2024-10-10,120.7243,121.1539,119.533,120.0505,2785300
2024-10-11,120.1091,121.0172,120.0114,121.0172,2556200
2024-10-14,120.8317,121.8961,120.3727,121.7105,1929700
2024-10-15,123.0093,123.8393,121.7691,122.0914,7521300
2024-10-16,121.8375,123.2729,121.2809,123.2534,3127400
2024-10-17,123.4975,124.0151,122.189,122.7945,2463700
2024-10-18,123.185,123.3022,122.1011,122.9604,4356300
2024-10-21,122.9409,123.4585,121.7691,122.9409,4768600
2024-10-22,124.9818,125.6751,120.6266,122.5796,5746100
2024-10-23,123.9272,124.5033,122.6773,124.2201,5451400
2024-10-24,123.4096,123.7026,122.1793,122.2281,4171800
2024-10-25,123.0972,123.2827,121.8668,122.2183,4716200
2024-10-28,122.2867,122.9507,121.7008,122.482,4453200
2024-10-29,122.4625,122.5503,119.7966,119.904,5102700
2024-10-30,119.4646,119.9235,118.8885,118.9959,4852100
2024-10-31,118.4491,119.2205,117.746,118.1463,4112700
2024-11-01,118.6444,118.7615,115.9492,115.959,5234900
2024-11-04,116.2715,116.8183,115.0606,115.2266,6856100
2024-11-05,115.7051,116.3007,114.9336,116.1836,8093600
2024-11-06,119.6697,119.9724,117.4335,118.7322,9631900
2024-11-07,119.1326,119.3767,117.1405,117.2577,4415200
2024-11-08,118.1073,121.3004,118.0585,120.6462,6381600
2024-11-11,121.1637,122.5894,121.1051,121.6324,4012300
2024-11-12,121.9547,122.3355,119.4255,120.4704,3896200
2024-11-13,120.4802,121.0368,120.07,120.8415,2802500
2024-11-14,120.3044,120.5973,114.7969,116.125,6113200
2024-11-15,115.9876,116.6747,114.9862,116.3606,6970500
2024-11-18,116.2035,117.5288,116.2035,117.2048,4462300
2024-11-19,119.021,119.129,116.3312,116.7827,4654100
2024-11-20,116.6747,117.0969,115.5163,116.9692,3990700
2024-11-21,117.411,118.6676,116.6845,118.324,4847900
2024-11-22,118.5105,119.6493,118.2945,118.5596,3585200
2024-11-25,118.1571,118.7854,115.8599,116.4784,8322400
2024-11-26,116.6944,118.8246,116.4195,118.4025,3175800
2024-11-27,118.8246,119.5216,118.1276,118.1375,3604000
2024-11-29,118.4712,119.6395,118.4516,119.6002,2728600
2024-12-02,119.6002,119.7573,116.3704,116.5078,4468700
2024-12-03,116.8416,117.2638,115.7323,115.9385,3620300
2024-12-04,115.6047,117.1852,115.3494,117.0478,3774300
2024-12-05,116.6257,116.8318,115.536,116.3508,3328800
2024-12-06,115.8599,116.1839,115.2513,115.8305,4792100
2024-12-09,115.2022,115.693,112.1295,114.4463,7255400
2024-12-10,114.4659,116.0563,113.8769,115.4574,3725400
2024-12-11,115.6832,115.8207,114.1714,114.7997,4298000
2024-12-12,114.7997,115.104,113.5039,113.926,3848600
2024-12-13,114.1321,115.7716,113.8474,115.5949,5061600
2024-12-16,115.2807,116.1839,114.6623,115.9483,3986400
2024-12-17,115.536,115.9679,114.8586,115.2709,3012400
2024-12-18,114.7212,115.3004,112.2767,112.3553,4113600
2024-12-19,113.5824,115.104,113.1406,113.3468,5446900
2024-12-20,112.8363,114.6426,112.5025,114.3481,13389200
2024-12-23,114.0634,114.7506,113.6707,114.4954,3588700
2024-12-24,113.8278,114.8193,113.7591,114.6917,1663000
2024-12-26,114.6328,115.4672,114.2598,114.8979,2147000
2024-12-27,114.142,115.3789,113.7198,114.5739,3847500
2024-12-30,113.3271,113.7984,112.4338,113.1112,2822000
2024-12-31,113.4548,113.9751,112.8069,113.602,2445000
2025-01-02,114.8291,115.3004,113.4253,113.8867,3207500
2025-01-03,114.1714,114.5346,113.71,113.7493,2902600
2025-01-06,114.1518,114.1518,111.6484,112.0117,3832300
2025-01-07,112.0117,113.1701,111.8448,112.6989,3588400
2025-01-08,112.8265,114.0732,112.316,113.7984,4294200
2025-01-10,113.7198,114.3972,112.7087,113.0032,4287300
2025-01-13,112.4829,115.7716,112.4829,115.585,5414900
2025-01-14,116.5864,117.3325,116.017,117.2834,3804900
2025-01-15,117.9509,118.1669,116.0072,116.9103,4279600
2025-01-16,117.1656,118.3044,116.9202,118.2553,3896900
2025-01-17,118.3927,119.129,117.6662,118.8934,4368600
2025-01-21,120.4837,123.5073,120.2579,123.4484,6071100
2025-01-22,123.3797,123.5761,121.3869,122.1035,5103800
2025-01-23,123.4583,124.6756,122.4177,123.9786,5501300
2025-01-24,123.2227,123.9687,122.7907,123.0165,3483000
2025-01-27,124.3025,125.6474,122.1035,122.7613,6207800
2025-01-28,128.7791,130.0062,123.8215,126.0009,8451600
2025-01-29,125.0682,127.385,122.722,122.8398,5179000
2025-01-30,123.3601,126.8549,123.2521,126.6193,4343600
2025-01-31,126.7764,127.5519,125.1762,126.5899,5569300
2025-02-03,126.1481,128.1508,125.2155,127.5421,6067300
2025-02-04,127.1691,128.0722,125.6769,126.0205,4036800
2025-02-05,127.2869,127.5127,125.9419,126.796,4881500
2025-02-06,126.6979,127.3752,125.1959,126.423,3363300
2025-02-07,126.4426,126.639,124.9995,125.6082,3827300
2025-02-10,125.726,126.1481,124.5774,125.9027,5344900
2025-02-11,126.7371,127.0513,125.4609,126.747,3320600
2025-02-12,125.4707,126.2463,124.1258,124.4596,5154900
2025-02-13,125.2057,125.3038,122.9772,123.5368,6580400
2025-02-14,123.1539,123.1539,119.1584,120.1696,7715900
2025-02-18,121.9661,123.0361,121.1513,121.4949,5386200
2025-02-19,122.133,124.2927,121.8286,123.1147,5124600
2025-02-20,122.4766,123.0165,120.9353,122.8202,3132000
2025-02-21,122.8991,123.8068,121.0442,121.646,4846100
2025-02-24,123.3332,124.5468,122.9682,123.7575,4461000
2025-02-25,124.2311,126.2242,123.9844,125.642,6007900
2025-02-26,125.8196,126.6188,125.1487,125.6124,3904500
2025-02-27,126.7076,129.2434,126.1255,128.7796,5758900
2025-02-28,129.5393,131.3153,128.8783,131.2167,7461000
2025-03-03,132.5487,133.5551,131.1476,132.0455,6215800
2025-03-04,131.7396,132.9335,126.7767,126.9839,7911200
2025-03-05,127.7535,128.7993,126.5202,127.9114,5774900
2025-03-06,126.8951,127.1418,124.2804,126.5695,6258300
2025-03-07,125.3066,127.1812,124.5764,126.6879,6418500
2025-03-10,125.3066,128.1087,124.7244,126.8063,4916800
2025-03-11,126.974,127.3292,125.4052,126.4018,4404800
2025-03-12,126.6386,126.8359,125.1191,126.2538,4701800
2025-03-13,126.5991,127.9114,126.2932,127.4772,3434100
2025-03-14,127.2207,128.9474,126.2932,128.2567,5380700
2025-03-17,128.2666,130.9404,128.2666,130.2892,4934600
2025-03-18,130.309,131.493,129.9538,130.9207,4128400
2025-03-19,132.2231,133.93,131.7297,133.5156,7080700
2025-03-20,132.3316,133.5156,132.1047,132.6769,4311300
2025-03-21,132.0455,132.7066,129.9439,130.6049,9545900
2025-03-24,130.8911,133.0914,130.1807,132.894,5525300
2025-03-25,132.9828,134.1274,132.1935,133.8511,3990600
2025-03-26,134.1569,134.3543,132.2724,132.5388,4464500
2025-03-27,133.1111,133.1604,131.3844,131.6508,3914000
2025-03-28,131.197,131.858,129.8847,129.9636,3935200
2025-03-31,129.3124,131.3647,128.8388,130.6938,5521100
2025-04-01,130.5161,131.266,129.6084,131.0786,4799300
2025-04-02,129.6084,131.8975,129.4604,131.3745,3352900
2025-04-03,129.2532,131.9271,128.2074,128.4935,4605200
2025-04-04,124.3199,124.6948,115.7852,115.8839,8526700
2025-04-07,112.401,118.321,110.773,115.7556,8774800
2025-04-08,121.3698,122.317,117.1172,118.8538,8108600
2025-04-09,117.433,127.2108,116.5943,126.7175,6747400
2025-04-10,125.2178,127.566,122.1196,125.3756,6457800
2025-04-11,124.4778,127.5956,123.3332,126.5498,3654100
2025-04-14,127.5266,128.2172,126.5695,127.418,4099900
2025-04-15,126.7866,128.2172,126.53,126.9247,6315600
2025-04-16,128.1778,128.4639,126.7274,127.5266,5382800
2025-04-17,127.6351,128.7599,125.9972,127.1714,5228300
2025-04-21,126.7865,127.0135,123.0668,124.4383,6397400
2025-04-22,113.0028,115.6274,111.1282,112.2332,17094400
2025-04-23,115.8148,120.985,115.7162,118.6762,10456300
2025-04-24,118.4295,120.4324,117.9164,120.3436,4512800
2025-04-25,121.0935,123.8266,120.7778,123.5503,6205900
2025-04-28,124.2508,124.6258,122.0308,123.1359,5460100
2025-04-29,123.1359,124.3594,122.7314,124.0535,4313600
2025-04-30,124.1127,124.8823,121.9519,124.4482,5674100
2025-05-01,124.7146,126.382,123.7575,125.7111,4820900
2025-05-02,127.6548,129.2532,126.1452,128.4738,5002200
2025-05-05,128.2666,128.3258,126.5695,126.8754,3293300
2025-05-06,125.8788,126.9543,125.2178,126.4511,2596100
2025-05-07,126.1058,127.0924,125.6815,125.7999,4029200
2025-05-08,126.2834,128.7895,125.7999,126.9543,4748300
2025-05-09,127.1319,127.1319,124.3495,126.9543,4857600
2025-05-12,128.158,129.0559,125.6913,128.8191,4686400
2025-05-13,129.2532,130.2793,128.7204,128.9769,4334700
2025-05-14,129.7367,130.0919,127.3884,129.046,4843600
2025-05-15,130.1807,133.8412,129.9932,133.713,6772200
2025-05-16,133.9004,134.5812,132.6868,133.6735,4776000
2025-05-19,134.0682,135.8836,133.3874,135.3705,5180800
2025-05-20,134.5714,135.9132,134.078,135.3508,4998600
2025-05-21,136.6532,136.9689,133.0519,133.1505,5514900
2025-05-22,132.8052,133.1801,131.7297,132.2823,3790900
2025-05-23,130.7551,132.2823,130.2295,131.2509,5510000
2025-05-27,133.3732,133.7797,131.0526,133.0757,5160800
2025-05-28,133.5219,133.8789,129.813,131.7468,5426300
2025-05-29,131.0228,133.9682,130.8046,133.6806,3634700
2025-05-30,133.8789,136.1598,133.2542,135.3466,8195100
2025-06-02,135.2871,136.378,134.3053,136.3185,3946200
2025-06-03,136.2689,137.6375,135.297,136.3582,3493900
2025-06-04,137.0127,137.7069,136.5069,137.3994,3200400
2025-06-05,138.044,138.163,137.092,137.9151,3510800
2025-06-06,138.5201,139.482,137.1714,137.9449,4511000
2025-06-09,138.044,139.9184,137.1317,139.8093,7104300
2025-06-10,139.3332,139.9481,136.7945,137.3697,6303500
2025-06-11,137.8457,140.6819,134.3053,140.6324,6370300
2025-06-12,139.1052,140.8803,138.9663,139.8093,4664400
2025-06-13,142.824,144.8074,141.1381,144.4801,11765200
2025-06-16,145.2834,145.8487,143.7066,145.2438,7986100
2025-06-17,146.2057,147.9411,144.5991,147.247,7251800
2025-06-18,147.3263,148.0205,144.4504,144.6586,7116900
2025-06-20,144.6487,146.9197,142.705,145.4223,9220600
2025-06-23,145.6008,145.8487,143.8951,144.5992,6548500
2025-06-24,142.3083,142.8438,139.3432,140.672,8242100
2025-06-25,141.0985,141.2373,139.3035,140.2059,10395000
2025-06-26,140.7315,142.2092,140.0869,141.4852,5407500
2025-06-27,140.8902,143.5083,140.7514,143.4587,9173900
2025-06-30,144.2719,145.1942,143.7959,144.8074,5939500
2025-07-01,144.4405,144.5892,141.4753,142.9926,4819500
2025-07-02,142.467,143.5182,141.7728,143.3199,3253300
2025-07-03,143.2901,145.1743,143.1711,144.5396,1888700
2025-07-07,145.0454,145.5611,143.9248,144.7082,4532500
2025-07-08,144.4405,144.7876,141.7926,143.7066,4331300
2025-07-09,144.5198,145.2834,143.5281,144.9661,2666200
2025-07-10,144.8966,145.3231,143.8256,145.1842,4130900
2025-07-11,144.9661,145.8487,144.2917,145.6503,3468800
2025-07-14,146.6619,148.3279,145.8586,148.0403,4461000
2025-07-15,148.556,149.4981,147.1676,147.4453,4530500
2025-07-16,147.6139,149.1114,147.0288,148.9229,3361700
2025-07-17,149.3097,150.7278,148.9428,150.2419,4326500
2025-07-18,150.5493,151.5807,149.8254,150.2419,5928600
2025-07-21,150.7179,152.1162,149.8055,150.3014,7116000
2025-07-22,144.2719,149.0221,142.3678,147.9312,10722700
2025-07-23,148.7544,155.2896,147.8718,155.1905,8667100
2025-07-24,154.9524,155.9342,153.8616,153.931,4865300
2025-07-25,153.9211,156.0235,152.979,155.5772,4728200
2025-07-28,155.845,156.0235,154.3376,154.7739,4022900
2025-07-29,156.4202,157.4713,155.0318,155.8152,4341800
2025-07-30,156.1425,157.4119,155.121,157.0846,3998700
2025-07-31,156.797,156.916,155.4483,156.2615,4796000
2025-08-01,154.9921,156.1722,152.4732,155.5078,4420700
2025-08-04,155.8252,157.0945,155.4384,156.0731,3961900
2025-08-05,155.964,156.7276,154.4665,155.0318,4993900
2025-08-06,155.3491,156.4202,154.3475,154.4566,4112100
2025-08-07,153.3657,154.4665,151.9674,154.4665,5105800
2025-08-08,155.2995,155.6169,153.4352,153.574,3667300
2025-08-11,153.4451,154.3773,152.86,153.5145,3572900
2025-08-12,153.6831,154.6351,153.2765,154.1988,2962300
2025-08-13,154.7045,155.0417,151.3923,154.4169,5012300
2025-08-14,154.3079,155.0318,153.3657,153.7922,2766600
2025-08-15,153.6527,154.2603,152.7264,153.4834,4593800
2025-08-18,153.822,155.5651,153.7922,154.8878,3679300
2025-08-19,153.9615,154.5193,152.6069,153.0551,3008600
2025-08-20,153.1647,156.4915,152.4873,155.9735,3766500
2025-08-21,156.1727,157.129,155.605,155.7046,3179800
2025-08-22,156.4317,157.3182,155.595,155.6249,4252700
2025-08-25,156.0134,157.0194,155.3859,155.6548,2431100
2025-08-26,156.1429,159.0713,155.7644,158.9418,5096100
2025-08-27,159.3402,159.5793,158.374,159.2107,2992300
2025-08-28,159.5195,160.6252,158.6231,160.0275,3117700
2025-08-29,160.4259,160.4658,157.8063,157.9756,3774900
2025-09-02,157.5772,158.0055,155.7544,157.3879,3260100
2025-09-03,157.3282,157.7167,155.8341,157.4876,2738900
2025-09-04,157.6071,158.5434,156.9298,158.0553,3218800
2025-09-05,157.9756,158.3741,154.9476,156.8999,4046300
2025-09-08,156.3022,156.3819,153.0551,153.6129,5522800
2025-09-09,153.0351,153.0949,150.0171,151.1526,5461300
2025-09-10,151.4016,154.4296,151.053,154.3898,4520400
2025-09-11,154.4197,157.3879,153.7523,157.0294,4289900
2025-09-12,157.129,157.5174,155.2066,155.2365,3194400
2025-09-15,155.3161,157.8561,155.097,157.7465,3891400
2025-09-16,159.2207,159.3203,157.0194,157.9557,6525200
2025-09-17,157.9458,158.6928,156.9995,157.6868,3999200
2025-09-18,156.6907,157.6668,155.8839,157.5672,3696100
2025-09-19,158.0752,158.0752,156.0731,157.6171,7083700
2025-09-22,157.4477,159.1709,157.0493,158.8024,3296700
2025-09-23,159.1211,160.7646,158.3243,159.908,3287100
2025-09-24,160.5156,162.3882,160.0674,160.7447,4269800
2025-09-25,161.5017,161.6611,159.0613,159.8781,3917700
2025-09-26,161.3622,164.6991,161.0535,162.7069,3961700
2025-09-29,166.7709,167.6175,162.1491,162.9858,6216100
2025-09-30,163.6432,166.8406,163.2249,166.6713,4893700
2025-10-01,165.217,167.0597,164.4301,166.5418,4034500
2025-10-02,166.482,167.5876,165.2369,165.974,3498100
2025-10-03,166.1533,166.6015,164.8485,165.9242,2678300
2025-10-06,166.3426,169.0817,166.3426,168.1355,3816900
2025-10-07,168.6933,169.6893,168.1554,168.6036,5186500
2025-10-08,169.4005,170.1774,167.7669,167.9064,4683700
2025-10-09,168.3247,168.4841,161.2626,161.5415,5962400
2025-10-10,161.3722,161.8204,156.8202,157.0792,7776400
2025-10-13,157.8262,158.9219,156.7505,158.2247,5322300
2025-10-14,157.5772,159.9478,156.6708,158.7725,3590500
2025-10-15,158.8621,160.0275,155.0273,156.3819,5954700
2025-10-16,157.1489,157.7067,155.4855,156.4317,3926600
2025-10-17,155.7146,157.9159,155.4855,157.3282,5435200
2025-10-20,159.0414,161.432,158.8223,160.0773,6517800
2025-10-21,171.1336,178.0563,169.5897,172.3588,12296700
2025-10-22,173.8031,178.0164,173.2353,177.2793,10219100
2025-10-23,176.9008,179.2714,175.8052,178.7336,5249400
2025-10-24,179.7496,179.7894,177.5881,177.9467,3471600
2025-10-27,178.7236,178.9228,176.8012,178.5344,4039700
2025-10-28,178.5941,180.5962,177.857,177.9666,3344100
2025-10-29,177.0901,178.2754,175.3071,175.6657,4285200
2025-10-30,176.4227,178.2953,176.1239,176.7215,3637300
2025-10-31,176.8012,178.4049,176.0542,177.7973,4347100
2025-11-03,177.7873,177.8471,174.7593,176.343,3843800
2025-11-04,175.8649,177.1897,174.7493,174.9187,3837800
2025-11-05,174.2214,176.0641,173.2353,173.315,4493800
2025-11-06,173.325,174.6995,172.9166,174.4107,3631300
2025-11-07,174.57,176.9905,173.066,176.2733,3774300
2025-11-10,176.1438,178.8432,175.6059,178.3252,2739000
2025-11-11,178.1061,179.2914,176.7116,178.5145,3387700
2025-11-12,177.8969,179.1918,176.6717,176.9905,4470500
2025-11-13,177.9268,178.0861,172.4484,173.2752,3617800
2025-11-14,173.2752,175.4665,171.8209,174.8788,3224700
2025-11-17,175.4067,175.6059,173.9425,174.9386,3913600
2025-11-18,176.0044,177.2295,173.6238,174.0322,3742500
2025-11-19,172.8269,174.082,171.8209,173.0859,3902400
2025-11-20,175.845,176.851,171.8209,172.05,4221000
2025-11-21,172.26,172.3,168.62,169.68,6108400
2025-11-24,169.28,173.65,168.9,173.21,8116600
2025-11-25,172.76,173.63,169.52,172.15,5511700
2025-11-26,172.56,174.03,172.02,173.19,3564400
2025-11-28,173.04,174.94,173.0,174.91,1680400
2025-12-01,173.7,174.0,167.9,168.02,4885600
2025-12-02,169.38,169.38,168.04,168.8,4053600
2025-12-03,169.05,169.19,166.74,168.45,5452200
2025-12-04,168.9,172.09,168.65,171.31,7486500
2025-12-05,172.0,172.0,168.94,171.1,3032700
2025-12-08,171.39,171.99,169.54,171.52,3498200
2025-12-09,172.52,175.71,171.24,171.93,4816400
2025-12-10,171.17,177.13,170.35,174.72,5611300
2025-12-11,174.7,179.14,174.3,177.42,4865500
2025-12-12,179.4,179.45,176.63,178.66,6440100
2025-12-15,179.74,182.28,179.17,182.11,3691700
2025-12-16,180.51,181.88,178.89,179.93,4321900
2025-12-17,178.92,180.33,176.54,177.2,6632700
2025-12-18,178.49,180.5,178.09,178.29,4090600
2025-12-19,178.96,183.24,178.66,182.01,11455900
2025-12-22,182.86,185.87,181.76,185.68,3208300
2025-12-23,185.75,188.0,185.26,185.76,3354700
