date,open,high,low,close,volume
2005-01-03,20.9478,20.96,20.7224,20.8747,326400
2005-01-04,20.8747,20.9966,20.3324,20.4421,322800
2005-01-05,20.4969,20.6614,20.2228,20.2288,187100
2005-01-06,20.1679,20.3385,20.0643,20.2471,169200
2005-01-07,20.2471,20.3812,20.1984,20.2959,238700
2005-01-10,20.2288,20.3873,20.2167,20.2959,272000
2005-01-11,20.2898,20.3081,20.0704,20.1496,611400
2005-01-12,20.1557,20.5335,20.0522,20.5274,292800
2005-01-13,20.5213,20.5944,20.1923,20.2349,265000
2005-01-14,20.241,20.6858,20.2288,20.4726,173900
2005-01-18,20.4787,20.8625,20.3202,20.8625,173800
2005-01-19,20.765,20.7711,20.4177,20.4726,153900
2005-01-20,20.4726,20.503,20.0765,20.1131,197400
2005-01-21,20.1435,20.6005,20.1314,20.4604,316200
2005-01-24,20.436,20.436,19.7901,19.912,292200
2005-01-25,19.9242,20.2349,19.9242,20.0278,147600
2005-01-26,20.0522,20.0704,19.7719,20.0095,234600
2005-01-27,19.9486,20.2654,19.9242,20.0887,267100
2005-01-28,20.0461,20.1618,19.8937,20.1496,275200
2005-01-31,20.1679,20.3446,19.9851,20.174,254300
2005-02-01,20.174,20.3081,20.0887,20.2959,296200
2005-02-02,20.2959,20.2959,20.0643,20.2288,426500
2005-02-03,20.107,20.436,19.7414,20.436,676200
2005-02-04,20.5335,21.417,20.4604,21.3195,1047900
2005-02-07,21.2464,21.5693,21.1245,21.4474,473600
2005-02-08,21.3256,21.5145,21.2342,21.4353,326500
2005-02-09,21.4353,21.4414,21.1733,21.2342,1007800
2005-02-10,21.2281,21.3682,21.1733,21.3012,328100
2005-02-11,21.3012,21.3317,21.1915,21.1915,458300
2005-02-14,21.2037,21.2647,20.8381,20.9783,518800
2005-02-15,20.9844,21.1072,20.9169,20.923,400500
2005-02-16,20.8924,20.9599,20.7819,20.8433,365600
2005-02-17,20.8003,20.8985,20.6837,20.7389,223800
2005-02-18,20.7389,20.8678,20.6837,20.7144,265900
2005-02-22,20.7144,20.7819,20.3952,20.4075,192500
2005-02-23,20.4075,20.4689,20.2541,20.3707,206000
2005-02-24,20.4075,20.5057,20.2847,20.4382,181500
2005-02-25,20.4382,20.4382,20.2418,20.254,794200
2005-02-28,20.2602,20.4811,20.162,20.3154,458500
2005-03-01,20.3461,20.3952,20.1988,20.3216,487400
2005-03-02,20.2847,20.3645,20.1804,20.34,351800
2005-03-03,20.3461,20.5609,20.297,20.3216,316400
2005-03-04,20.4075,20.6223,20.3768,20.4566,223900
2005-03-07,20.4566,20.5302,20.2847,20.3338,202100
2005-03-08,20.3522,20.4811,20.1313,20.2234,152400
2005-03-09,20.2295,20.2847,19.9533,19.9533,156000
2005-03-10,19.9595,20.119,19.8613,19.9472,144800
2005-03-11,19.8858,20.1067,19.8551,19.8674,140000
2005-03-14,19.9165,20.1743,19.9103,20.0699,139500
2005-03-15,20.0515,20.1988,19.9472,20.0208,156300
2005-03-16,19.8367,19.9226,19.6342,19.7569,188000
2005-03-17,19.7324,19.806,19.493,19.5421,146400
2005-03-18,19.5482,19.7753,19.2966,19.4746,309800
2005-03-21,19.4746,19.4746,19.2659,19.3334,139800
2005-03-22,19.2843,19.5237,19.272,19.3764,242100
2005-03-23,19.2843,19.3948,19.2045,19.2782,184900
2005-03-24,19.3396,19.4255,19.1616,19.2352,233100
2005-03-28,19.2168,19.4684,19.18,19.358,327700
2005-03-29,19.3948,19.4807,19.0327,19.1247,293800
2005-03-30,19.1984,19.6035,19.1984,19.5298,381200
2005-03-31,19.4684,19.8367,19.4562,19.5114,310300
2005-04-01,19.671,19.7815,19.137,19.3211,349600
2005-04-04,19.3027,19.5175,19.2413,19.4439,183600
2005-04-05,19.4623,19.6833,19.4255,19.6648,301000
2005-04-06,19.6587,19.7815,19.6096,19.671,195000
2005-04-07,19.6342,19.6587,19.5053,19.6219,489900
2005-04-08,19.628,19.628,19.4316,19.5544,332000
2005-04-11,19.6096,19.6403,19.4132,19.5789,297300
2005-04-12,19.7937,20.0392,19.5114,19.7569,865700
2005-04-13,19.6587,19.6955,19.3948,19.6035,437200
2005-04-14,19.5789,19.5789,19.002,19.0327,348900
2005-04-15,19.0265,19.0327,18.7626,18.8424,320700
2005-04-18,19.2475,19.4316,19.0449,19.1922,430200
2005-04-19,19.2536,19.4562,19.2536,19.4562,393100
2005-04-20,19.5237,19.6096,19.1493,19.3089,366900
2005-04-21,19.5789,20.5609,19.5482,20.4382,1770900
2005-04-22,20.1927,20.2234,19.7937,20.1067,1080800
2005-04-25,20.1129,20.254,20.0699,20.254,949200
2005-04-26,20.254,20.5793,20.119,20.2356,599000
2005-04-27,20.205,20.4689,20.0454,20.3768,518100
2005-04-28,20.2847,20.34,20.027,20.1313,453300
2005-04-29,20.2234,20.4075,20.1006,20.3584,557900
2005-05-02,20.3645,20.4689,20.0576,20.2111,423600
2005-05-03,20.2111,20.3952,20.0699,20.2786,315000
2005-05-04,20.2786,20.5609,20.1743,20.5302,422600
2005-05-05,20.5548,20.8248,20.4627,20.5855,304300
2005-05-06,20.653,20.8371,20.4996,20.6284,231500
2005-05-09,20.5916,20.6714,20.4382,20.61,247100
2005-05-10,20.5793,20.5916,20.4198,20.5609,306500
2005-05-11,20.5671,20.6223,20.3891,20.6039,311000
2005-05-12,20.6039,20.7389,20.4627,20.4996,236200
2005-05-13,20.5364,20.6837,20.2418,20.4075,271400
2005-05-16,20.4136,20.5916,20.3829,20.5487,182200
2005-05-17,20.4382,20.7328,20.3584,20.6775,251500
2005-05-18,20.7765,21.0918,20.727,20.9249,189100
2005-05-19,20.9249,21.0238,20.8198,20.9805,211100
2005-05-20,20.9805,21.0053,20.727,20.9991,197400
2005-05-23,21.0053,21.2588,20.9929,21.1784,202000
2005-05-24,21.1784,21.1784,20.9311,20.9805,245800
2005-05-25,20.9187,21.0857,20.8692,21.0424,298700
2005-05-26,21.0733,21.0918,20.9249,21.0115,102000
2005-05-27,21.0547,21.3144,20.8816,21.2897,245200
2005-05-31,21.333,21.4196,21.2217,21.3392,440000
2005-06-01,21.2773,21.5123,21.1166,21.2897,313700
2005-06-02,21.2959,21.2959,21.0238,21.0547,187500
2005-06-03,21.0671,21.0857,20.7888,20.894,181800
2005-06-06,20.894,20.9063,20.7146,20.7827,203400
2005-06-07,20.7827,21.0362,20.7827,20.863,234600
2005-06-08,20.9249,20.9558,20.7332,20.894,189600
2005-06-09,20.9002,20.9125,20.5724,20.9063,207200
2005-06-10,20.9063,20.9805,20.7146,20.9311,190100
2005-06-13,20.9311,21.0424,20.8198,20.9867,189700
2005-06-14,20.9311,21.0115,20.8445,20.962,189900
2005-06-15,21.0238,21.2402,20.9002,21.2093,219800
2005-06-16,21.1475,21.3763,21.0857,21.2712,139600
2005-06-17,21.4567,21.568,21.3392,21.568,267400
2005-06-20,21.5618,21.5618,21.2464,21.2588,219600
2005-06-21,21.333,21.469,21.2712,21.4567,141500
2005-06-22,21.5185,21.5556,21.3454,21.5061,172000
2005-06-23,21.5432,21.5432,21.2093,21.2093,176500
2005-06-24,21.1784,21.3268,21.03,21.1846,348000
2005-06-27,21.1846,21.2093,20.9187,21.0053,130500
2005-06-28,21.0053,21.3886,20.9682,21.3577,107600
2005-06-29,21.3948,21.4752,21.0918,21.1599,217100
2005-06-30,21.1908,21.4628,21.1413,21.2093,146300
2005-07-01,21.2402,21.4381,21.0671,21.197,173900
2005-07-05,21.1351,21.4752,21.03,21.3825,139500
2005-07-06,21.3454,21.4814,21.2341,21.2526,210900
2005-07-07,21.1166,21.3577,21.0424,21.3577,201200
2005-07-08,21.3454,21.5494,21.2835,21.5123,143200
2005-07-11,21.5123,21.5927,21.4196,21.4257,197400
2005-07-12,21.4505,21.5185,21.3144,21.4567,106700
2005-07-13,21.5123,21.5742,21.4567,21.5556,168800
2005-07-14,21.6298,21.7782,21.4876,21.6978,157800
2005-07-15,21.704,21.7535,21.4628,21.5185,153600
2005-07-18,21.5185,21.7473,21.4628,21.4938,302500
2005-07-19,21.5185,21.5494,21.3639,21.5,167500
2005-07-20,21.5123,21.8215,21.4567,21.6731,203700
2005-07-21,21.704,21.8586,21.5989,21.704,133200
2005-07-22,21.6978,21.8895,21.6422,21.8524,126700
2005-07-25,21.9142,22.1059,21.8277,21.9575,314900
2005-07-26,21.9204,22.0688,21.9019,21.939,167500
2005-07-27,21.939,21.9513,21.4319,21.4938,220600
2005-07-28,22.1121,23.3797,21.9204,23.0829,1271700
2005-07-29,23.0829,23.1448,22.6315,22.681,250700
2005-08-01,22.7552,22.7676,22.5821,22.6068,256800
2005-08-02,22.5944,22.7923,22.5264,22.6995,222200
2005-08-03,22.6377,22.6995,22.4336,22.6068,245600
2005-08-04,22.545,22.6686,22.3966,22.4275,239800
2005-08-05,22.4089,22.4089,22.1059,22.1368,135000
2005-08-08,22.1678,22.2914,22.075,22.1554,110500
2005-08-09,22.2605,22.3224,22.1121,22.1863,191700
2005-08-10,22.2481,22.3842,22.0255,22.1121,156600
2005-08-11,22.075,22.242,22.0256,22.1245,123600
2005-08-12,22.0874,22.2049,22.0132,22.1554,210100
2005-08-15,22.1554,22.3223,22.0441,22.2667,252900
2005-08-16,22.2605,22.2914,21.9699,21.9823,287100
2005-08-17,22.0072,22.0881,21.9013,22.0134,123500
2005-08-18,22.001,22.1691,21.783,22.1193,303400
2005-08-19,22.1193,22.1691,21.9075,21.9387,154100
2005-08-22,21.9947,22.1504,21.8889,21.9885,131500
2005-08-23,21.9885,22.0757,21.8515,21.9137,105000
2005-08-24,21.8079,22.0445,21.6958,21.7083,116000
2005-08-25,21.7145,22.1628,21.7145,22.057,243200
2005-08-26,22.057,22.1504,21.7643,22.0445,172000
2005-08-29,22.0009,22.2874,21.8141,22.113,153600
2005-08-30,22.113,22.1691,21.8639,21.9823,152500
2005-08-31,22.057,22.1068,21.8204,22.1068,336400
2005-09-01,22.1068,22.3434,22.0632,22.2936,228800
2005-09-02,22.2189,22.3559,22.1566,22.1691,94300
2005-09-06,22.2438,22.4929,22.1691,22.4618,207500
2005-09-07,22.4182,22.5178,22.3808,22.4493,223700
2005-09-08,22.4493,22.4493,22.2376,22.3434,180400
2005-09-09,22.3683,22.5676,22.3559,22.5427,113500
2005-09-12,22.4804,22.5427,22.4182,22.4555,96200
2005-09-13,22.4182,22.5053,22.2002,22.3061,252000
2005-09-14,22.3061,22.3061,21.8203,21.8203,244500
2005-09-15,21.9449,22.0757,21.783,21.7954,134200
2005-09-16,21.8639,22.0944,21.8266,21.9636,261800
2005-09-19,21.9013,22.0819,21.7954,22.0757,201700
2005-09-20,22.0321,22.0943,21.4093,21.4218,316200
2005-09-21,21.3907,21.4031,20.9174,21.154,464900
2005-09-22,21.098,21.4654,20.9236,21.4218,196200
2005-09-23,21.3284,21.6273,21.1727,21.5713,255100
2005-09-26,21.6522,21.8888,21.4903,21.6522,167100
2005-09-27,21.5775,21.702,21.3222,21.6709,303900
2005-09-28,21.7332,22.0134,21.6398,21.7519,377700
2005-09-29,21.7207,22.0445,21.6522,22.0445,163300
2005-09-30,22.0445,22.4929,21.9823,22.4929,362200
2005-10-03,22.4867,22.5676,22.3808,22.4306,312100
2005-10-04,22.4306,22.5863,22.4182,22.4182,280700
2005-10-05,22.4244,22.5116,22.2251,22.3683,489500
2005-10-06,22.4431,22.4431,22.2189,22.3746,424900
2005-10-07,22.4368,22.605,22.1068,22.3248,486000
2005-10-10,22.3248,22.3434,22.0072,22.0508,456400
2005-10-11,22.0694,22.3061,22.0694,22.1379,270900
2005-10-12,22.1566,22.3061,22.0383,22.0757,299400
2005-10-13,22.0757,22.3372,22.0134,22.2563,477200
2005-10-14,22.387,22.6174,22.0943,22.5801,588000
2005-10-17,22.6548,22.798,22.605,22.7669,408100
2005-10-18,22.7669,22.7669,22.3933,22.6548,743400
2005-10-19,22.661,23.2464,22.5427,23.1966,468200
2005-10-20,23.209,23.2402,23.0284,23.1343,630200
2005-10-21,23.1343,23.3336,22.9786,23.2215,411700
2005-10-24,23.2838,23.4581,23.1032,23.2651,512300
2005-10-25,23.3149,23.3211,22.7108,22.8105,884700
2005-10-26,22.6797,22.6859,21.7954,21.9449,1873600
2005-10-27,21.8266,22.0445,21.7083,21.7954,892800
2005-10-28,21.8702,22.3497,21.8702,22.3497,518700
2005-10-31,22.3559,22.4804,22.2936,22.4306,585000
2005-11-01,22.3559,22.4493,22.1068,22.4119,406400
2005-11-02,22.4119,22.7171,22.2936,22.5801,371000
2005-11-03,22.5925,22.6112,22.2936,22.3995,422600
2005-11-04,22.3995,22.4867,21.9075,22.1566,497900
2005-11-07,22.1566,22.4369,22.1504,22.4182,258700
2005-11-08,22.4182,22.4867,22.1566,22.4306,468400
2005-11-09,22.4804,22.5801,22.2999,22.3933,219600
2005-11-10,22.3933,22.3933,22.2313,22.3248,545600
2005-11-11,22.3621,22.9599,22.3621,22.9599,417500
2005-11-14,22.9911,22.9911,22.7046,22.7794,321200
2005-11-15,22.7794,22.7918,22.5863,22.7669,295800
2005-11-16,22.8233,22.955,22.7355,22.9362,245000
2005-11-17,23.0114,23.3563,22.9111,23.3563,344700
2005-11-18,23.4503,23.4503,23.2309,23.3751,241800
2005-11-21,23.3751,23.513,23.1995,23.513,96500
2005-11-22,23.513,23.5632,23.2873,23.5632,200000
2005-11-23,23.6384,23.9519,23.5883,23.6949,400700
2005-11-25,23.6949,23.7388,23.5005,23.6447,147200
2005-11-28,23.7011,23.7137,23.3187,23.3187,392800
2005-11-29,23.4441,23.6071,23.3876,23.3939,162100
2005-11-30,23.419,23.513,23.2998,23.4315,310400
2005-12-01,23.513,23.7764,23.4315,23.6823,300400
2005-12-02,23.6886,24.1526,23.6886,24.0084,344400
2005-12-05,23.9206,24.0084,23.7701,23.9582,239400
2005-12-06,23.9833,24.1777,23.977,24.046,280200
2005-12-07,24.0335,24.0335,23.6071,23.7011,198600
2005-12-08,23.7325,23.8955,23.6761,23.7262,163400
2005-12-09,23.745,23.9833,23.745,23.9143,228400
2005-12-12,23.9833,24.115,23.8892,23.9519,132100
2005-12-13,23.9081,23.9645,23.8077,23.9519,142600
2005-12-14,23.9018,23.977,23.8579,23.883,164200
2005-12-15,23.9206,23.952,23.7325,23.7388,170600
2005-12-16,23.8265,24.2717,23.8203,24.1651,385600
2005-12-19,24.1087,24.115,23.7701,23.814,151500
2005-12-20,23.814,23.8704,23.6886,23.7137,193900
2005-12-21,23.8266,23.9833,23.7074,23.7513,111100
2005-12-22,23.7513,23.977,23.7388,23.9645,141900
2005-12-23,23.9645,23.9645,23.8077,23.8893,175100
2005-12-27,23.8955,24.0147,23.6573,23.6823,197000
2005-12-28,23.651,23.7952,23.6322,23.745,155800
2005-12-29,23.6384,23.814,23.6134,23.6322,180600
2005-12-30,23.582,23.814,23.4942,23.5507,386400
2006-01-03,23.5507,24.1589,23.2748,24.1589,766800
2006-01-04,24.1589,24.3909,23.9206,24.3846,605200
2006-01-05,24.3344,24.4661,24.2905,24.4661,532900
2006-01-06,24.579,24.6417,24.4598,24.51,172200
2006-01-09,24.51,24.974,24.4222,24.9113,677600
2006-01-10,24.8674,24.9364,24.7483,24.8799,243200
2006-01-11,24.9175,24.9238,24.4724,24.6291,209100
2006-01-12,24.579,24.6291,24.3846,24.4097,124100
2006-01-13,24.441,24.5351,24.3344,24.3407,102900
2006-01-17,24.2027,24.3031,24.0648,24.2654,147500
2006-01-18,24.0899,24.3532,24.0774,24.2717,119900
2006-01-19,24.278,24.347,24.1526,24.2466,212000
2006-01-20,24.2466,24.2466,23.9896,23.9896,217900
2006-01-23,24.0146,24.3971,24.0084,24.2028,240100
2006-01-24,24.278,24.51,24.278,24.4912,240200
2006-01-25,24.5476,24.6166,24.2905,24.3909,187900
2006-01-26,24.3971,24.5288,24.1589,24.278,430100
2006-01-27,24.2216,24.9301,23.9582,24.9238,369800
2006-01-30,24.836,25.0492,24.7044,25.0492,234400
2006-01-31,25.0179,25.2373,24.7921,25.1621,390100
2006-02-01,25.1934,25.2311,24.4975,24.4975,472300
2006-02-02,24.579,24.8925,23.9833,24.1087,965100
2006-02-03,24.0146,24.2529,23.8265,23.8328,623500
2006-02-06,23.8265,24.2592,23.7952,24.0773,575800
2006-02-07,23.9519,23.9519,23.4817,23.6071,935900
2006-02-08,23.6071,23.6259,23.4378,23.5569,327400
2006-02-09,23.6008,23.6886,23.4441,23.4441,411700
2006-02-10,23.4503,23.6949,23.3814,23.6134,391800
2006-02-13,23.6196,24.0272,23.6008,24.0021,392500
2006-02-14,24.0711,24.5664,23.9143,24.4348,473900
2006-02-15,24.4347,24.6431,24.3274,24.4853,349500
2006-02-16,24.4726,24.8578,24.4726,24.8452,321500
2006-02-17,24.8262,24.9146,24.6242,24.7315,220600
2006-02-21,24.7315,24.8767,24.58,24.7126,222600
2006-02-22,24.7568,25.1672,24.7441,24.9336,283300
2006-02-23,24.9146,24.9272,24.5168,24.7062,537300
2006-02-24,24.681,24.9462,24.3842,24.9272,180900
2006-02-27,25.003,25.0283,24.8199,24.9083,280000
2006-02-28,24.4663,24.8451,24.4537,24.5737,343900
2006-03-01,24.6242,24.7252,24.2769,24.4347,442500
2006-03-02,24.2769,24.3969,24.1506,24.3148,421100
2006-03-03,24.3211,24.6368,24.2264,24.3527,339200
2006-03-06,24.3022,24.3401,24.1064,24.2138,212000
2006-03-07,24.2201,24.5989,23.8665,23.9738,281900
2006-03-08,23.9802,24.0875,23.7339,23.9802,284900
2006-03-09,23.9044,24.0559,23.8412,24.0307,233900
2006-03-10,24.0433,24.0559,23.8602,23.8981,263500
2006-03-13,23.9675,24.0307,23.8476,23.9044,174000
2006-03-14,23.8539,24.1633,23.7529,24.1569,420500
2006-03-15,24.0938,24.4158,24.0307,24.3337,317700
2006-03-16,24.3337,24.5673,24.3022,24.5421,313000
2006-03-17,24.561,24.9335,24.5168,24.782,456900
2006-03-20,24.782,24.8388,24.6684,24.8388,239900
2006-03-21,24.8388,24.902,24.6494,24.7504,244000
2006-03-22,24.6873,24.8262,24.6873,24.801,315900
2006-03-23,24.7189,24.8262,24.5168,24.7504,243400
2006-03-24,24.6747,24.7126,24.359,24.5168,301400
2006-03-27,24.4663,24.4979,24.34,24.4032,288200
2006-03-28,24.4284,24.6305,24.2706,24.3085,146800
2006-03-29,24.3085,24.6052,24.3085,24.5547,187800
2006-03-30,24.5737,24.6052,24.1569,24.2706,190000
2006-03-31,24.2201,24.3463,23.9801,24.0685,263700
2006-04-03,24.3716,24.6115,24.1506,24.2643,213500
2006-04-04,24.1696,24.4284,23.917,24.2453,226600
2006-04-05,24.2264,24.4284,24.1317,24.3842,129000
2006-04-06,24.3211,24.3211,23.8412,23.9928,268900
2006-04-07,24.1064,24.2516,23.7718,23.7781,213100
2006-04-10,23.7781,23.9044,23.6266,23.8981,208300
2006-04-11,23.9233,23.9738,23.7339,23.8412,255500
2006-04-12,23.8412,23.9865,23.8034,23.8034,118000
2006-04-13,23.8034,23.9297,23.7276,23.7402,151900
2006-04-17,23.7844,23.9486,23.4687,23.6329,228000
2006-04-18,23.7276,24.0496,23.7087,23.9738,488600
2006-04-19,23.9738,24.1759,23.9549,24.1254,331300
2006-04-20,24.2074,24.3779,23.9991,24.1633,224200
2006-04-21,24.2201,24.2769,23.9928,23.9991,243500
2006-04-24,23.9991,24.0054,23.696,23.8286,297000
2006-04-25,23.8286,23.9233,23.6771,23.696,241200
2006-04-26,23.696,23.8665,23.6392,23.7087,263800
2006-04-27,23.715,23.8349,23.4182,23.6581,287200
2006-04-28,23.6897,26.3415,23.6897,26.2026,2342800
2006-05-01,26.1584,26.5183,25.5207,25.666,625500
2006-05-02,25.6849,25.7228,25.4071,25.6091,334300
2006-05-03,25.7417,26.1648,25.6975,25.9817,611500
2006-05-04,26.0322,26.1269,25.6723,25.7544,413300
2006-05-05,25.9122,26.2342,25.887,26.1711,313400
2006-05-08,26.1774,26.3415,25.9627,26.0953,228600
2006-05-09,26.1332,26.1332,25.7607,25.9943,166100
2006-05-10,25.6975,26.1711,25.5649,26.0574,280400
2006-05-11,25.9943,25.9943,25.5334,25.6407,177800
2006-05-12,25.6407,25.6407,25.0977,25.1419,201100
2006-05-15,25.1419,25.3945,24.8452,25.3945,256000
2006-05-16,25.3945,25.6786,25.1166,25.2556,268500
2006-05-17,25.1284,25.2492,24.6898,25.0458,348000
2006-05-18,25.0204,25.1221,24.7852,24.8551,297800
2006-05-19,24.9758,25.1348,24.6262,25.0712,404500
2006-05-22,25.0776,25.8022,24.925,25.5289,656600
2006-05-23,25.5925,25.9357,25.5925,25.6878,598800
2006-05-24,25.6433,26.0438,25.4272,25.6687,482300
2006-05-25,25.7387,25.9739,25.5925,25.7832,340900
2006-05-26,25.9421,26.2282,25.8785,26.1837,218900
2006-05-30,26.1773,26.1773,25.8213,25.8658,288400
2006-05-31,25.9484,26.6858,25.8849,26.6223,662700
2006-06-01,26.6604,26.8702,26.5078,26.6477,405000
2006-06-02,26.635,26.8257,26.1964,26.6922,311100
2006-06-05,26.6477,26.743,26.0629,26.1074,378900
2006-06-06,26.2218,26.3171,25.7577,25.9357,345700
2006-06-07,25.9548,26.1837,25.7323,25.7323,305800
2006-06-08,25.7323,25.834,25.0966,25.7705,361200
2006-06-09,25.7069,25.8722,25.5098,25.6179,246000
2006-06-12,25.6815,25.7069,25.2301,25.2301,237500
2006-06-13,25.2301,25.3827,24.9695,25.0394,222100
2006-06-14,25.014,25.1411,24.9186,25.0776,521600
2006-06-15,25.1284,25.548,25.0903,25.4399,512000
2006-06-16,25.2873,25.37,24.8233,24.8297,812900
2006-06-19,25.0458,25.0458,24.5754,24.7915,310200
2006-06-20,24.8551,24.925,24.569,24.5881,175900
2006-06-21,24.5563,25.0903,24.5563,24.8678,199200
2006-06-22,24.8424,24.9186,24.6771,24.7915,159800
2006-06-23,24.7979,25.1094,24.5372,24.7979,165300
2006-06-26,24.7788,25.3509,24.7788,25.3001,246100
2006-06-27,25.3509,25.4335,24.8805,24.8932,160300
2006-06-28,24.9377,25.1094,24.7788,24.9886,131000
2006-06-29,25.1411,25.5035,25.1348,25.4463,371000
2006-06-30,25.459,25.745,25.459,25.6942,473800
2006-07-03,25.7387,25.7387,25.6306,25.6497,106100
2006-07-05,25.6497,25.6624,25.3509,25.4018,177600
2006-07-06,25.3636,25.6243,25.2683,25.3382,175100
2006-07-07,25.3827,25.3827,24.9123,24.9441,141900
2006-07-10,24.9822,25.3191,24.9822,25.3001,328600
2006-07-11,25.1666,25.2238,24.8042,25.2111,154200
2006-07-12,25.2111,25.3001,24.8932,24.9886,190900
2006-07-13,24.9886,24.9886,24.391,24.4737,355400
2006-07-14,24.3847,24.5754,23.9079,24.2258,520300
2006-07-17,24.1558,24.2893,23.9651,24.0795,270800
2006-07-18,24.0668,24.2703,23.6918,24.0223,464200
2006-07-19,24.0923,24.4737,23.9079,24.0923,636900
2006-07-20,24.0923,24.2703,23.7236,23.7236,330100
2006-07-21,23.7681,23.7681,23.126,23.1324,636100
2006-07-24,23.1515,23.7554,23.1515,23.6918,450200
2006-07-25,23.6918,23.8634,23.3612,23.7553,485900
2006-07-26,24.4737,25.637,24.3465,25.6179,1129000
2006-07-27,25.7768,26.9211,25.7578,26.0629,874100
2006-07-28,26.3171,27.0672,26.279,26.8765,821900
2006-07-31,26.6986,26.9147,26.546,26.7049,455600
2006-08-01,26.7113,26.7303,26.4633,26.635,301700
2006-08-02,26.6413,26.7621,26.4125,26.546,269300
2006-08-03,26.5523,26.8575,26.2854,26.6922,408300
2006-08-04,26.832,27.0863,26.4379,26.6985,360800
2006-08-07,26.7621,26.7621,26.3934,26.5778,244400
2006-08-08,26.7303,26.8956,26.5396,26.6922,481500
2006-08-09,26.8066,26.8893,26.1582,26.1964,371200
2006-08-10,26.1964,26.6986,26.19,26.6286,301500
2006-08-11,26.5714,26.8193,26.5269,26.7431,265000
2006-08-14,26.8511,27.366,26.5651,26.5905,321700
2006-08-15,26.7176,27.3406,26.7176,27.2961,240300
2006-08-16,27.2897,27.2897,26.832,27.2007,609300
2006-08-17,27.0792,27.5142,27.0792,27.1751,341500
2006-08-18,27.2071,27.4182,26.9704,27.2327,203900
2006-08-21,26.996,27.092,26.8297,26.964,314500
2006-08-22,26.964,27.3095,26.9576,27.1943,214600
2006-08-23,27.3159,27.5974,27.2007,27.4566,285100
2006-08-24,27.4438,27.5462,26.8553,27.0536,278100
2006-08-25,27.092,27.156,26.8233,27.0792,155600
2006-08-28,27.092,27.431,27.092,27.3927,200700
2006-08-29,27.4438,27.8469,27.2967,27.7509,371700
2006-08-30,27.7573,27.9556,27.7573,27.834,208700
2006-08-31,27.7253,28.09,27.7253,27.9556,269400
2006-09-01,28.0196,28.1859,27.9748,28.0132,269900
2006-09-05,27.9428,28.0963,27.7317,27.8149,291400
2006-09-06,27.7637,27.898,27.5846,27.6038,230100
2006-09-07,27.5142,27.898,27.3543,27.6293,200100
2006-09-08,27.7253,27.8724,27.6357,27.7381,172000
2006-09-11,27.7253,27.994,27.6613,27.8149,220600
2006-09-12,27.8341,28.3586,27.8341,28.3075,340100
2006-09-13,28.2115,28.5122,28.1923,28.4098,345000
2006-09-14,28.4098,28.6273,28.1795,28.5249,374500
2006-09-15,28.7808,28.8896,28.5505,28.5505,714500
2006-09-18,28.4738,28.5953,28.1411,28.2435,317500
2006-09-19,28.1603,28.2755,27.7957,28.1795,532300
2006-09-20,28.1795,28.7169,28.1475,28.3394,347400
2006-09-21,28.4418,28.4994,27.7637,27.8916,549200
2006-09-22,27.8916,27.8916,27.559,27.6933,215600
2006-09-25,27.6805,28.2115,27.6805,28.1731,537900
2006-09-26,28.2115,28.4418,28.1283,28.3714,234100
2006-09-27,28.2755,28.4098,28.1859,28.3266,353700
2006-09-28,28.397,28.4866,27.7509,28.1923,291200
2006-09-29,28.1027,28.5186,28.1027,28.4994,442500
2006-10-02,28.5441,28.7552,28.397,28.5441,264400
2006-10-03,28.5633,28.6593,28.3011,28.3586,248300
2006-10-04,28.1987,28.6849,28.1987,28.6593,277400
2006-10-05,28.5761,28.8448,28.5761,28.7872,331600
2006-10-06,28.7872,28.7872,28.4802,28.7552,172600
2006-10-09,28.7552,28.9152,28.5825,28.8448,139800
2006-10-10,28.7616,29.1391,28.7233,29.1199,378100
2006-10-11,29.1199,29.1263,28.7808,28.9919,354900
2006-10-12,29.0047,29.0431,28.7425,28.896,289200
2006-10-13,28.896,28.9472,28.7616,28.9152,324700
2006-10-16,28.7872,29.1455,28.7553,29.1135,415100
2006-10-17,29.1135,29.2606,28.7872,29.1135,537100
2006-10-18,29.1135,29.3886,28.7744,28.7936,446900
2006-10-19,28.6913,29.0111,28.6401,28.7744,378600
2006-10-20,28.7872,28.8256,28.3138,28.4674,378700
2006-10-23,29.267,30.8279,29.1903,30.137,1930600
2006-10-24,30.2074,30.9303,30.169,30.5784,1250300
2006-10-25,30.5145,30.7064,30.2522,30.5401,817300
2006-10-26,30.5976,30.7064,30.2842,30.6232,406200
2006-10-27,30.5464,30.5464,30.1242,30.1626,614900
2006-10-30,30.0667,30.2714,29.9323,30.2266,474400
2006-10-31,30.1626,30.2714,29.9963,30.0859,377300
2006-11-01,30.0603,30.1946,29.8364,29.8748,332300
2006-11-02,29.8492,30.0667,29.6828,29.9067,382900
2006-11-03,29.9387,30.0922,29.7532,29.7532,393900
2006-11-06,29.9067,29.9707,29.8236,29.9067,373500
2006-11-07,29.9835,30.3034,29.8811,30.169,326600
2006-11-08,30.1242,30.3993,30.0475,30.3545,331300
2006-11-09,30.2906,30.2906,29.7148,29.7532,388800
2006-11-10,29.7596,29.9643,29.67,29.9131,193100
2006-11-13,29.9387,30.0667,29.6381,29.766,336500
2006-11-14,29.9067,30.2266,29.6636,30.1882,473200
2006-11-15,30.2202,30.5784,30.0155,30.2074,420900
2006-11-16,30.2138,30.6449,30.1624,30.5934,303900
2006-11-17,30.3747,30.4326,30.2074,30.4004,237400
2006-11-20,30.3168,30.3811,29.86,29.9629,396400
2006-11-21,29.9629,30.7543,29.9565,30.6835,387200
2006-11-22,30.6835,30.9537,30.632,30.8315,387500
2006-11-24,30.6063,30.8701,30.5741,30.7157,97400
2006-11-27,30.5677,30.6063,30.0723,30.2396,427900
2006-11-28,30.291,30.3425,29.9243,30.3425,383600
2006-11-29,30.3425,30.6642,30.2203,30.5548,294100
2006-11-30,30.5162,30.6256,30.3618,30.5613,242600
2006-12-01,30.4197,30.4969,30.0852,30.4455,277400
2006-12-04,30.4969,30.7736,30.4326,30.7221,402400
2006-12-05,30.7929,30.8315,30.4969,30.7736,404900
2006-12-06,30.6256,30.8701,30.6256,30.8315,425000
2006-12-07,30.8315,30.883,30.5484,30.6964,396200
2006-12-08,30.6578,30.8637,30.6256,30.7286,330300
2006-12-11,30.7221,30.7607,30.5806,30.6899,344100
2006-12-12,30.6964,30.8251,30.6127,30.7479,433600
2006-12-13,30.8379,30.973,30.8058,30.9344,431500
2006-12-14,30.8701,31.3012,30.8443,31.0824,477900
2006-12-15,30.5613,31.0824,30.3296,30.4004,630300
2006-12-18,30.394,30.6514,30.2782,30.2846,256400
2006-12-19,30.291,30.5613,30.1238,30.4905,253500
2006-12-20,30.4841,30.8122,30.439,30.4455,265400
2006-12-21,30.4519,30.6385,30.3618,30.3682,209800
2006-12-22,30.4776,30.6385,30.4133,30.4455,202000
2006-12-26,30.4004,30.7993,30.4004,30.735,134400
2006-12-27,30.7414,30.9602,30.7157,30.928,289300
2006-12-28,30.883,31.0181,30.8058,30.9859,254000
2006-12-29,30.9859,31.0245,30.6256,30.6513,245100
2007-01-03,30.7607,31.0181,30.5355,30.78,356000
2007-01-04,30.7221,30.7607,30.4455,30.7221,282800
2007-01-05,30.587,30.6256,30.1238,30.2203,337300
2007-01-08,30.2203,30.2331,29.8921,30.1431,404500
2007-01-09,30.2074,30.4969,30.098,30.4519,201900
2007-01-10,30.3811,30.5034,30.2396,30.4583,177000
2007-01-11,30.5741,30.9023,30.5741,30.7028,249400
2007-01-12,30.5999,30.9344,30.5999,30.7028,293100
2007-01-16,30.7865,30.8894,30.6964,30.8572,251600
2007-01-17,30.7543,30.8958,30.6385,30.7093,244100
2007-01-18,30.7221,30.8572,30.587,30.632,156600
2007-01-19,30.7286,30.9409,30.5355,30.7157,160700
2007-01-22,30.6513,30.7221,30.3747,30.4712,168300
2007-01-23,30.5227,30.9344,30.4262,30.9087,255800
2007-01-24,30.8765,31.1339,30.7285,31.1082,223800
2007-01-25,31.1532,31.1532,30.7671,30.8057,238700
2007-01-26,30.9216,30.9216,30.5548,30.6706,189400
2007-01-29,30.6771,31.0181,30.4455,30.6835,310700
2007-01-30,30.7672,30.9795,30.735,30.8186,253000
2007-01-31,30.8186,31.1403,30.439,31.0181,394700
2007-02-01,31.7837,33.019,31.2047,32.7359,2087800
2007-02-02,32.7874,33.167,32.2727,32.4979,717500
2007-02-05,32.6587,32.6587,31.8095,31.9639,834100
2007-02-06,32.0025,32.6137,31.7258,32.0861,954600
2007-02-07,32.2019,32.3177,31.8931,32.1569,561700
2007-02-08,32.1698,32.4207,32.0154,32.1891,689800
2007-02-09,32.1826,32.3628,31.9832,31.9832,476000
2007-02-12,31.9381,32.1569,31.6357,31.6872,309600
2007-02-13,31.6872,31.8481,31.5778,31.6615,426900
2007-02-14,31.6615,31.8545,31.4749,31.8159,551200
2007-02-15,31.8223,32.3306,31.7644,32.3113,607100
2007-02-16,32.1891,32.2277,31.9381,32.1054,448700
2007-02-20,32.1376,32.4979,31.7644,32.4657,440100
2007-02-21,32.4271,32.8325,32.1955,32.7617,727800
2007-02-22,32.8587,32.9557,32.697,32.8264,729600
2007-02-23,32.794,32.904,32.7035,32.8652,385000
2007-02-26,32.904,33.415,32.904,33.318,919200
2007-02-27,33.1692,33.1692,32.0825,32.503,985000
2007-02-28,32.6,32.7681,32.3477,32.3801,774100
2007-03-01,32.2119,32.2572,31.5974,32.1149,695000
2007-03-02,32.1149,32.2766,31.7268,31.7656,448800
2007-03-05,31.6039,31.8432,31.3904,31.3904,473900
2007-03-06,31.5586,31.7074,31.4551,31.7009,415800
2007-03-07,31.5974,31.882,31.4939,31.7009,457500
2007-03-08,31.9467,31.992,31.7332,31.8044,431800
2007-03-09,31.9143,32.0178,31.6297,31.772,277300
2007-03-12,31.688,32.089,31.5909,32.0825,405900
2007-03-13,31.9467,32.0308,31.4551,31.7268,821900
2007-03-14,31.7268,31.8044,31.1446,31.481,459200
2007-03-15,31.261,31.5521,31.164,31.3322,358800
2007-03-16,31.2287,31.2287,30.8471,30.8988,559700
2007-03-19,31.2222,31.4745,31.164,31.2675,232500
2007-03-20,31.1576,31.4939,31.0541,31.4551,202800
2007-03-21,31.4874,31.9208,31.2611,31.9208,301900
2007-03-22,31.9208,32.0502,31.8561,31.8949,421300
2007-03-23,31.9726,32.2378,31.9532,32.199,237500
2007-03-26,32.1407,32.1666,31.5133,31.6491,280200
2007-03-27,31.5198,31.6491,30.9506,31.1381,615100
2007-03-28,31.1252,31.2222,30.86,31.0735,342200
2007-03-29,31.2222,31.2222,30.9829,31.1511,205800
2007-03-30,31.1123,31.3387,30.9053,31.1123,223100
2007-04-02,31.0476,31.2546,30.9506,31.08,197800
2007-04-03,31.1511,31.3839,31.1317,31.3322,234000
2007-04-04,31.3581,31.7074,31.274,31.481,483400
2007-04-05,31.3387,31.4551,31.2352,31.4163,275900
2007-04-09,31.4357,31.6103,31.2352,31.274,207900
2007-04-10,31.2804,31.3451,31.0282,31.0864,252600
2007-04-11,31.1187,31.1899,30.7048,30.7501,312400
2007-04-12,30.7501,30.8859,30.4719,30.8794,335900
2007-04-13,30.8794,30.9247,30.6207,30.8924,320200
2007-04-16,30.349,31.1058,30.349,31.0282,277200
2007-04-17,31.3646,31.4163,30.9182,30.9506,446800
2007-04-18,30.8859,31.1382,30.8406,31.0088,428200
2007-04-19,31.0152,31.1187,30.8729,30.9247,431600
2007-04-20,31.0799,31.1705,30.8665,31.1187,502800
2007-04-23,31.1123,31.6556,31.0088,31.5586,437300
2007-04-24,33.8289,36.7397,33.4991,36.3516,2370700
2007-04-25,36.3321,36.4486,35.7694,35.8211,895100
2007-04-26,35.9829,36.0605,35.6077,35.7629,832000
2007-04-27,35.5172,35.847,35.3813,35.7824,566900
2007-04-30,35.957,35.9635,35.1808,35.2519,665700
2007-05-01,35.252,35.5107,34.9932,35.5107,580200
2007-05-02,35.5624,35.8729,35.5042,35.8018,387900
2007-05-03,35.75,35.9053,35.5883,35.8341,246700
2007-05-04,35.9505,35.9635,35.2843,35.6271,375700
2007-05-07,35.7112,35.9635,35.3749,35.5624,542600
2007-05-08,35.4978,35.5624,35.0903,35.3555,427200
2007-05-09,35.446,35.9311,35.4266,35.9311,329900
2007-05-10,35.8018,35.9052,35.2584,35.3166,342700
2007-05-11,35.3296,35.6659,35.2843,35.543,338400
2007-05-14,35.543,35.7241,35.1291,35.2778,321900
2007-05-15,35.252,35.3749,34.6957,34.7604,596800
2007-05-16,34.7927,34.8639,34.3011,34.6892,426500
2007-05-17,34.6632,34.6697,34.3252,34.4942,328700
2007-05-18,34.5592,34.7672,33.9156,34.1301,822700
2007-05-21,34.2277,34.5332,34.2081,34.3902,615300
2007-05-22,34.3967,35.1378,34.2666,34.7802,473000
2007-05-23,34.8452,34.9948,34.3642,34.3837,267000
2007-05-24,34.3902,34.7282,33.7921,33.8246,367300
2007-05-25,33.8636,34.2471,33.8636,34.2146,203100
2007-05-29,34.1626,34.5462,33.9481,34.1756,504900
2007-05-30,34.1626,34.8712,33.9026,34.8257,644200
2007-05-31,34.8517,35.3783,34.8127,35.1508,676700
2007-06-01,35.1378,35.3393,35.0078,35.2483,532300
2007-06-04,35.1183,35.1573,34.8193,34.9233,445100
2007-06-05,34.7607,35.3003,34.5787,35.2613,637800
2007-06-06,35.2613,35.2613,34.7737,35.0078,611800
2007-06-07,35.0078,35.0403,34.3317,34.3317,677900
2007-06-08,34.3317,34.6892,34.1366,34.6697,306400
2007-06-11,34.5657,34.6307,34.3122,34.3707,229200
2007-06-12,34.3707,34.4422,33.8116,33.8181,304100
2007-06-13,34.1301,34.5982,33.9611,34.4422,397400
2007-06-14,34.4422,34.7607,34.3772,34.4877,254300
2007-06-15,34.7542,35.0403,34.4877,34.5267,379100
2007-06-18,34.4552,34.6047,34.2276,34.4357,266000
2007-06-19,34.2732,34.2797,33.8961,34.0911,275500
2007-06-20,34.2537,34.3447,33.5841,33.5841,484900
2007-06-21,33.7141,33.9741,33.597,33.9481,466600
2007-06-22,33.7856,33.9741,33.506,33.532,551300
2007-06-25,33.5321,34.2017,33.2395,33.272,469200
2007-06-26,33.35,33.545,32.6414,32.947,658000
2007-06-27,32.6999,33.5256,32.6154,33.48,523600
2007-06-28,33.4865,33.8311,33.3955,33.4865,311000
2007-06-29,33.493,33.5646,32.6414,32.8364,375000
2007-07-02,33.0185,33.467,32.973,33.467,295300
2007-07-03,33.467,33.8311,33.467,33.8246,195700
2007-07-05,33.7921,33.7921,33.4215,33.428,370700
2007-07-06,33.428,33.5906,33.064,33.545,334500
2007-07-09,33.545,33.545,33.1615,33.3435,248300
2007-07-10,33.2135,33.2135,32.3554,32.3554,397300
2007-07-11,32.2319,32.7519,32.1668,32.6089,355100
2007-07-12,32.6219,33.2265,32.5569,33.2265,514900
2007-07-13,33.103,33.2915,32.9144,33.155,317600
2007-07-16,32.9925,33.129,32.8104,32.8169,277100
2007-07-17,32.934,32.934,32.6089,32.7194,398800
2007-07-18,32.5049,32.7454,32.4204,32.6934,402800
2007-07-19,32.7909,33.129,32.7324,32.973,225900
2007-07-20,32.9275,32.947,32.4724,32.5439,430100
2007-07-23,32.0368,33.0315,32.0368,32.6544,335300
2007-07-24,32.3944,32.7259,32.2383,32.4984,637000
2007-07-25,33.8051,37.5822,33.7401,36.1519,2666300
2007-07-26,35.9439,35.9439,34.6437,35.0468,1317200
2007-07-27,35.5929,35.5929,33.8506,33.8506,1065100
2007-07-30,34.1561,34.2732,33.5841,34.1821,691600
2007-07-31,34.5202,34.8842,33.9806,34.0196,823000
2007-08-01,34.0326,34.6112,33.7466,34.6047,585100
2007-08-02,34.8647,35.3913,34.6762,35.3328,912900
2007-08-03,35.2418,35.3068,34.0716,34.0911,649900
2007-08-06,34.1626,35.1703,33.9936,35.1703,845200
2007-08-07,34.9232,35.0923,34.3512,34.5787,968700
2007-08-08,34.5722,34.6437,33.103,34.3317,1339700
2007-08-09,33.7336,33.7336,29.7745,30.2881,1940300
2007-08-10,29.9045,33.285,29.2739,32.8299,1869800
2007-08-13,33.48,35.0338,33.2785,34.1366,994500
2007-08-14,34.3252,34.3252,31.8288,31.9458,823300
2007-08-15,32.0823,32.5634,31.1137,31.2502,710700
2007-08-16,30.8253,31.3548,29.9819,31.2633,850300
2007-08-17,30.7533,32.6231,30.7533,31.3286,661200
2007-08-20,31.3613,31.9628,31.2633,31.6948,424900
2007-08-21,31.5444,32.1001,31.4594,31.6621,314500
2007-08-22,32.0216,32.2309,31.7471,32.1066,373000
2007-08-23,32.1001,32.5643,31.7144,32.3028,624800
2007-08-24,32.4401,32.7604,31.8713,32.7212,471400
2007-08-27,32.5839,32.6623,31.9694,32.1982,383300
2007-08-28,31.9955,32.172,31.0541,31.0606,486400
2007-08-29,31.3352,31.7536,31.1064,31.7209,418500
2007-08-30,31.6032,32.002,31.2829,31.4986,433500
2007-08-31,31.9955,32.3485,31.4463,32.0216,449700
2007-09-04,31.8844,32.1066,31.6228,31.9497,461200
2007-09-05,32.2635,32.342,31.3417,31.5575,696100
2007-09-06,31.5444,31.7798,31.0737,31.4856,460900
2007-09-07,31.1521,31.3613,30.5703,30.9168,451200
2007-09-10,31.0475,31.2044,30.0277,30.3349,608200
2007-09-11,30.2369,30.8906,30.2369,30.7337,568300
2007-09-12,30.7206,31.0606,30.4657,30.6683,414100
2007-09-13,30.9233,30.9299,30.348,30.5114,460900
2007-09-14,30.2499,30.5899,30.1388,30.3938,315700
2007-09-17,30.178,30.4984,29.7661,30.1323,382300
2007-09-18,30.3349,31.6882,30.1584,31.6882,772500
2007-09-19,31.8844,32.3616,31.6752,32.0543,707800
2007-09-20,32.1655,32.2897,31.7994,32.0805,445600
2007-09-21,32.4597,32.4597,31.989,32.1197,382800
2007-09-24,32.3289,32.3747,31.4463,31.6098,414500
2007-09-25,31.3025,31.8713,31.0933,31.6752,603900
2007-09-26,31.7078,31.9824,31.3352,31.6686,431300
2007-09-27,31.7798,32.172,31.649,32.1263,340900
2007-09-28,32.1328,32.695,32.1001,32.3878,452000
2007-10-01,32.5839,33.0938,32.4597,33.0154,326600
2007-10-02,33.0742,33.2573,32.7866,33.1331,361000
2007-10-03,33.035,33.6495,32.8715,33.12,544600
2007-10-04,33.1461,33.3488,32.2112,32.4335,503700
2007-10-05,32.6231,32.7996,32.3747,32.6362,460700
2007-10-08,32.525,32.6427,32.2439,32.3616,513300
2007-10-09,32.3616,32.4335,31.5444,32.0543,432400
2007-10-10,32.0347,32.0347,31.4071,31.819,321300
2007-10-11,32.1851,32.3158,31.3744,31.7144,540100
2007-10-12,31.7993,31.819,31.2044,31.3352,590100
2007-10-15,31.4202,31.4594,30.6618,31.0933,676600
2007-10-16,31.0541,31.2306,30.688,31.0345,433800
2007-10-17,31.2698,31.3025,30.7468,31.1325,455600
2007-10-18,31.0606,31.3483,30.5834,30.7272,443600
2007-10-19,30.3938,30.688,30.008,30.0603,639700
2007-10-22,29.8707,30.4722,29.838,30.3741,587300
2007-10-23,30.4395,30.9168,30.2499,30.9168,578700
2007-10-24,32.6427,34.2641,32.1982,33.0154,1326000
2007-10-25,33.0154,33.2834,32.4597,32.5774,1050600
2007-10-26,32.7735,32.9108,32.427,32.6689,540900
2007-10-29,32.8519,32.9173,32.4662,32.6297,573700
2007-10-30,32.6297,33.0089,32.2374,32.3289,439800
2007-10-31,32.5904,32.6493,31.8909,32.5839,584900
2007-11-01,32.2962,32.6035,31.8255,32.0674,425100
2007-11-02,32.1459,32.8519,32.0739,32.8062,548500
2007-11-05,33.2769,33.2769,32.1851,32.6819,525200
2007-11-06,32.8454,32.865,31.989,32.2766,541400
2007-11-07,31.8844,31.9955,31.5706,31.5706,449200
2007-11-08,31.5967,31.8778,31.3352,31.7209,614600
2007-11-09,31.394,31.7405,31.0802,31.0802,658400
2007-11-12,31.3744,31.4071,30.7926,30.7991,359900
2007-11-13,30.9952,31.5902,30.871,31.5706,376000
2007-11-14,31.7013,31.9497,31.381,31.4594,368900
2007-11-15,31.3081,31.7094,31.2357,31.3278,350000
2007-11-16,31.6041,31.8081,30.7423,31.012,424300
2007-11-19,30.8805,31.091,30.5713,30.7686,445400
2007-11-20,30.8476,31.2094,30.2292,30.6634,480100
2007-11-21,30.3937,30.4266,29.9463,30.3279,538000
2007-11-23,30.466,31.0581,30.3871,30.966,185300
2007-11-26,30.966,31.5713,30.8871,31.0779,632500
2007-11-27,31.6568,31.6568,30.8213,31.2949,497900
2007-11-28,31.2949,31.7291,31.1897,31.6502,401700
2007-11-29,31.4923,32.2357,31.4397,32.2357,612300
2007-11-30,32.341,32.6896,32.0383,32.1567,453600
2007-12-03,31.6699,32.1962,31.591,31.6633,315600
2007-12-04,31.5383,31.6568,31.2226,31.3541,275300
2007-12-05,31.2423,31.6173,31.2357,31.5054,241900
2007-12-06,31.4923,32.1962,31.1305,32.1962,297800
2007-12-07,32.5186,32.5186,32.0647,32.1304,262300
2007-12-10,32.0449,32.3541,31.8739,32.2028,216500
2007-12-11,32.2291,32.3015,31.1502,31.1568,379800
2007-12-12,31.7949,31.9133,30.7884,31.1436,333400
2007-12-13,31.0055,31.7489,30.9463,31.7489,330800
2007-12-14,30.966,31.2752,30.545,30.5713,407100
2007-12-17,30.4726,30.4726,29.3279,29.3345,807000
2007-12-18,29.6042,30.4923,29.4332,30.4594,558400
2007-12-19,30.7555,30.7555,30.3673,30.6239,278700
2007-12-20,30.5516,30.8081,29.7095,30.4923,434000
2007-12-21,30.5779,31.4134,30.5779,31.2226,531500
2007-12-24,31.512,32.0646,31.4923,31.9594,121400
2007-12-26,31.8607,31.9528,31.4397,31.6239,196500
2007-12-27,31.5844,31.8147,31.5186,31.5844,278500
2007-12-28,31.8936,31.9397,31.5252,31.6633,198900
2007-12-31,31.4989,31.8212,31.4989,31.7357,249900
2008-01-02,31.6305,31.7489,30.8805,30.8805,409000
2008-01-03,30.9134,31.1305,30.3937,30.466,281400
2008-01-04,30.2621,30.2621,29.5779,29.5779,486300
2008-01-07,29.8081,29.9792,29.1963,29.4792,463700
2008-01-08,29.6832,29.6897,28.7292,28.7292,366000
2008-01-09,28.6174,28.874,28.1766,28.7884,579000
2008-01-10,28.5187,28.6634,28.2095,28.3937,557900
2008-01-11,28.0845,28.3214,27.6766,27.7293,521600
2008-01-14,28.0056,28.2556,27.8345,28.1372,462600
2008-01-15,27.749,27.9332,27.5516,27.6372,464200
2008-01-16,27.4661,27.9859,27.3477,27.4069,564600
2008-01-17,27.4464,27.6174,26.2688,26.328,553100
2008-01-18,26.5649,26.6964,25.9201,26.1701,562400
2008-01-22,24.9531,26.4793,24.9202,26.2096,537100
2008-01-23,25.2557,27.3609,25.2557,27.2161,1094400
2008-01-24,27.4069,27.8543,27.1372,27.6174,573500
2008-01-25,27.7687,28.0187,27.4267,27.4859,386200
2008-01-28,27.3674,27.7885,26.8806,27.7753,744000
2008-01-29,27.9661,28.5977,27.8477,28.4332,471700
2008-01-30,28.4595,29.5976,28.3082,28.8411,539500
2008-01-31,30.5713,32.6304,30.2621,32.3147,2223700
2008-02-01,32.5581,33.8606,32.4659,33.7027,1079100
2008-02-04,33.4199,33.9067,32.8673,33.6962,924300
2008-02-05,33.0646,33.3146,32.5646,32.6436,692500
2008-02-06,32.9594,33.7093,32.6765,32.7686,675900
2008-02-07,32.5646,33.0251,32.2554,32.5383,681700
2008-02-08,32.2423,32.9199,32.0515,32.2225,586000
2008-02-11,32.3081,32.9659,31.8936,32.8936,585900
2008-02-12,33.2291,33.3541,32.7225,32.9133,579700
2008-02-13,33.262,34.1304,33.262,34.0448,489200
2008-02-14,33.9791,34.0843,33.0712,33.1765,717900
2008-02-15,33.2357,33.2883,32.7883,33.2357,586500
2008-02-19,33.3936,33.887,32.7357,32.8146,525000
2008-02-20,32.6041,33.5054,32.4725,33.4725,667600
2008-02-21,33.7173,34.2468,33.5188,33.724,680600
2008-02-22,33.8828,33.8828,33.1615,33.7174,469800
2008-02-25,33.7504,34.5181,33.4725,34.4916,549300
2008-02-26,34.3527,35.1005,34.174,35.0806,484400
2008-02-27,34.935,35.0608,34.3593,34.5777,431800
2008-02-28,34.399,34.5909,33.982,34.4056,642100
2008-02-29,34.0946,34.1343,32.9232,33.0357,621600
2008-03-03,33.1548,33.274,32.7578,32.9894,756400
2008-03-04,32.8504,32.8504,32.0629,32.6717,783100
2008-03-05,32.771,32.9828,32.4269,32.7247,828000
2008-03-06,32.6254,32.6254,31.6394,31.8247,519600
2008-03-07,31.56,32.2879,31.4342,32.0298,517700
2008-03-10,32.096,32.2284,31.2489,31.2688,670900
2008-03-11,32.0364,32.1556,31.0438,31.8379,546400
2008-03-12,32.096,32.2945,31.6394,31.6725,507400
2008-03-13,31.1497,32.0828,30.832,31.9107,652500
2008-03-14,32.0298,32.096,31.11,31.3482,723100
2008-03-17,30.832,31.2622,30.5805,30.8717,899700
2008-03-18,31.6328,32.2019,31.1894,32.1887,590300
2008-03-19,32.3872,32.8372,31.8644,32.0364,534100
2008-03-20,32.1423,32.7048,31.957,32.6122,449700
2008-03-24,32.6188,33.221,32.6122,33.0291,412500
2008-03-25,33.1416,33.7306,32.7578,33.6049,320600
2008-03-26,33.499,33.5188,32.4269,32.7512,363400
2008-03-27,32.8438,32.8703,32.01,32.01,357700
2008-03-28,32.2284,32.7181,32.1026,32.4203,378300
2008-03-31,32.5262,33.7306,32.5262,33.6512,739900
2008-04-01,33.7306,35.9938,33.3203,35.9475,1332200
2008-04-02,36.1593,36.6093,35.7357,35.9343,725100
2008-04-03,35.7887,36.2586,35.3519,36.1527,525500
2008-04-04,36.2784,36.2983,35.5372,35.7887,536000
2008-04-07,35.7755,35.9608,34.9747,35.1203,527300
2008-04-08,34.8027,35.0409,34.3527,34.7034,551500
2008-04-09,34.6505,34.9681,33.7041,33.9225,373000
2008-04-10,33.7835,34.5644,33.7835,34.399,342100
2008-04-11,34.0946,34.0946,33.2938,33.4659,423400
2008-04-14,33.3335,34.0747,33.2938,33.7968,526200
2008-04-15,33.8762,34.3328,33.8232,34.2335,406800
2008-04-16,34.4983,36.1858,34.4784,36.1593,709400
2008-04-17,35.6762,36.1394,35.3056,35.6365,542000
2008-04-18,36.0269,36.4968,35.9078,36.4041,545600
2008-04-21,36.2056,36.6622,36.0005,36.5828,465000
2008-04-22,37.0527,37.0527,34.6703,35.1534,973500
2008-04-23,35.6894,36.6358,35.1799,36.2916,543700
2008-04-24,36.2652,37.9858,36.0402,37.7674,1273200
2008-04-25,37.9792,39.6005,37.7542,39.5741,1183700
2008-04-28,39.5145,40.1299,39.2366,39.938,1115800
2008-04-29,39.9711,40.1697,39.6667,39.938,645600
2008-04-30,39.938,39.9512,39.0248,39.2498,959500
2008-05-01,39.2498,39.4814,38.6145,39.1571,852400
2008-05-02,39.2432,39.6932,38.8792,39.038,430300
2008-05-05,39.091,39.6998,38.9917,39.6138,633500
2008-05-06,39.6468,40.0969,39.3424,39.8785,524600
2008-05-07,40.0373,40.1035,39.4483,39.5012,499000
2008-05-08,39.488,39.713,38.9652,39.5145,496300
2008-05-09,38.9851,38.9851,38.3564,38.6873,505800
2008-05-12,38.7204,39.2895,38.416,39.2299,439300
2008-05-13,39.4748,40.0439,39.1505,40.0439,496500
2008-05-14,40.1365,41.1689,40.0439,40.5932,533400
2008-05-15,40.8858,41.1451,40.5134,40.5998,651800
2008-05-16,40.52,40.6996,40.0479,40.4203,398200
2008-05-19,40.5067,41.1318,40.2407,40.5067,376300
2008-05-20,40.1808,40.3604,40.0079,40.2075,302000
2008-05-21,40.4269,40.5466,39.589,39.6954,569100
2008-05-22,39.5025,40.2873,39.3429,40.0545,535900
2008-05-23,39.7287,39.9548,39.2565,39.6156,332600
2008-05-27,39.5358,40.0213,39.3762,39.9548,331400
2008-05-28,40.0346,40.6264,40.0346,40.6065,295000
2008-05-29,40.6597,40.8924,40.2673,40.7395,300500
2008-05-30,40.8991,41.1984,40.6264,41.1784,424000
2008-06-02,40.8592,41.2848,40.2806,40.6397,386800
2008-06-03,40.8924,41.1651,40.1277,40.3937,566400
2008-06-04,40.3604,40.4402,39.6222,40.1809,514600
2008-06-05,40.7395,41.1718,39.8816,41.1319,494900
2008-06-06,40.5267,41.1784,40.121,40.1543,470900
2008-06-09,40.141,40.3604,39.6089,39.8284,331700
2008-06-10,39.5624,40.0479,39.3562,39.8483,339600
2008-06-11,39.6089,39.6688,38.5914,38.5914,393100
2008-06-12,38.904,39.4294,38.8841,38.924,671200
2008-06-13,39.2033,39.3629,38.8309,39.1035,545500
2008-06-16,38.6313,39.0969,38.3986,38.771,557400
2008-06-17,38.9838,38.9838,38.0927,38.0927,481300
2008-06-18,37.6671,37.8932,35.8116,36.0976,1321800
2008-06-19,36.1508,37.1882,35.938,37.135,714500
2008-06-20,36.9954,37.0951,36.1708,36.4035,471300
2008-06-23,36.8158,37.0087,36.1575,36.2306,446700
2008-06-24,35.8449,36.1043,35.3461,35.4392,441400
2008-06-25,35.7717,36.2506,35.3328,35.805,490000
2008-06-26,35.2663,35.406,33.8432,34.2222,750900
2008-06-27,34.2954,34.7808,34.0759,34.4084,560900
2008-06-30,34.3951,34.7941,34.0493,34.588,680700
2008-07-01,34.1225,34.4151,33.637,34.169,590300
2008-07-02,34.056,34.3419,33.7434,33.7767,440300
2008-07-03,33.9496,33.9496,32.8523,33.371,383900
2008-07-07,33.7235,34.2289,33.1382,33.4308,612800
2008-07-08,33.2247,34.2887,33.0784,34.2621,500900
2008-07-09,34.4616,34.6146,33.371,33.4641,463900
2008-07-10,33.2912,34.169,33.2912,33.9097,649700
2008-07-11,33.1316,34.2688,33.1316,33.8897,473300
2008-07-14,34.5015,34.5015,33.1382,33.5638,387600
2008-07-15,33.0784,33.8565,32.3469,33.2513,646800
2008-07-16,33.1183,33.5439,32.3402,33.4907,733300
2008-07-17,33.7368,34.3486,33.2846,34.2754,789100
2008-07-18,34.3619,34.8407,33.6237,34.1025,511500
2008-07-21,34.1225,34.435,33.4042,33.923,387200
2008-07-22,33.903,34.4949,33.5705,34.4816,491400
2008-07-23,34.5348,35.0402,34.2621,34.7343,648300
2008-07-24,35.253,38.6513,34.7742,37.7469,1826500
2008-07-25,37.6538,37.8466,37.022,37.4277,1069600
2008-07-28,37.3013,38.0395,37.2015,37.4676,819600
2008-07-29,37.6006,38.106,37.4809,37.8134,622800
2008-07-30,37.6006,38.1259,37.554,37.9863,653500
2008-07-31,37.155,38.3122,37.155,37.4343,435500
2008-08-01,37.5208,37.7402,36.7294,37.155,611800
2008-08-04,37.1151,37.6072,36.9289,37.2015,539000
2008-08-05,37.5008,39.7419,37.2946,39.7153,911700
2008-08-06,39.722,40.0612,38.3986,38.5117,1013000
2008-08-07,38.2456,38.5183,37.5341,37.8799,592700
2008-08-08,38.0461,39.7553,37.6737,39.4626,656300
2008-08-11,39.5557,40.1144,39.2365,39.722,349000
2008-08-12,39.5757,39.702,38.4917,38.771,392100
2008-08-13,38.904,38.904,37.9663,38.5914,461900
2008-08-14,38.3575,39.8148,38.3575,39.6343,346600
2008-08-15,39.6811,40.1958,39.1597,39.6476,358500
2008-08-18,39.6409,39.8615,38.9992,39.1396,197700
2008-08-19,38.6984,39.1797,38.6115,38.899,484800
2008-08-20,38.9056,39.2599,38.0901,38.3909,368900
2008-08-21,37.6422,38.1904,37.5085,37.9497,294700
2008-08-22,38.2639,38.665,37.8628,38.3976,254700
2008-08-25,38.0433,38.1971,37.3681,37.5419,212000
2008-08-26,37.2812,37.6221,36.9069,37.3146,319700
2008-08-27,36.9202,37.8561,36.9202,37.435,324300
2008-08-28,37.4216,38.3976,37.3548,38.0968,412200
2008-08-29,37.8428,38.5246,37.8428,38.1168,297600
2008-09-02,38.8187,39.6476,38.0834,38.2706,435000
2008-09-03,38.2706,39.4672,38.2171,39.28,543000
2008-09-04,39.173,39.4605,38.8789,39.0326,836600
2008-09-05,38.8321,39.0326,38.1235,38.7719,401400
2008-09-08,40.0888,40.0888,38.6984,38.9324,738500
2008-09-09,39.0928,39.7011,38.6449,38.8187,644400
2008-09-10,39.0594,39.2532,38.2305,38.5914,523900
2008-09-11,38.1168,38.6449,37.5286,38.5914,383000
2008-09-12,38.2371,38.6315,37.816,38.4845,364700
2008-09-15,37.5286,38.2438,37.0874,37.1208,570300
2008-09-16,36.4657,37.1007,35.9777,36.8735,644800
2008-09-17,36.352,36.352,35.2223,35.2958,702500
2008-09-18,35.5031,37.1743,34.8279,36.459,789300
2008-09-19,38.05,40.1223,35.7972,39.0661,848000
2008-09-22,38.6316,39.0661,38.1436,38.304,770400
2008-09-23,38.5179,39.4872,38.2906,38.4176,678100
2008-09-24,38.5045,38.5714,37.3681,37.8026,523800
2008-09-25,38.2505,38.7251,37.7558,37.9698,1174300
2008-09-26,37.3681,37.9163,36.2985,36.7598,777400
2008-09-29,36.1247,36.352,33.8586,34.3466,618300
2008-09-30,34.995,35.2023,33.4241,35.2023,615100
2008-10-01,34.9215,35.2424,34.2797,35.0284,366200
2008-10-02,34.9282,34.9282,33.9255,34.1193,466500
2008-10-03,34.4268,34.7209,32.3879,32.4414,634700
2008-10-06,31.5256,31.7462,29.0856,30.9373,922200
2008-10-07,31.2783,31.4053,29.4065,29.4065,586200
2008-10-08,28.8583,30.1819,28.1364,29.0255,877000
2008-10-09,29.5268,29.9547,26.8529,26.8529,821100
2008-10-10,26.4318,27.869,24.6269,26.9398,1035500
2008-10-13,27.6083,29.1592,27.4144,29.1592,274800
2008-10-14,30.0817,30.0817,27.7955,28.4439,566400
2008-10-15,28.1631,28.1631,25.9772,26.0708,470400
2008-10-16,26.024,26.8462,24.6536,26.6657,864100
2008-10-17,25.8368,27.0133,24.7271,26.0039,741900
2008-10-20,25.7098,27.7353,25.7098,27.7353,643900
2008-10-21,27.4746,27.508,26.0039,26.1978,906500
2008-10-22,25.7031,26.0039,23.9584,24.6335,1233400
2008-10-23,25.3288,26.9198,24.8207,25.4023,1574400
2008-10-24,23.4838,24.1589,22.9623,23.2097,767300
2008-10-27,22.7351,24.5868,22.5145,23.1495,907900
2008-10-28,23.7311,24.0119,21.6521,24.0119,1159100
2008-10-29,23.8715,25.048,23.4503,23.6576,1271900
2008-10-30,24.413,24.413,23.183,24.0319,757300
2008-10-31,24.0319,25.3689,23.6977,24.7004,688300
2008-11-03,24.6803,25.4224,24.5466,24.7472,456100
2008-11-04,25.2953,26.2312,25.0547,26.1911,655000
2008-11-05,25.9037,25.9037,24.5467,24.6135,979300
2008-11-06,24.56,24.8007,23.1896,23.3434,564800
2008-11-07,23.457,24.1188,22.9423,23.5372,438600
2008-11-10,23.9049,24.2926,22.8754,23.1094,513000
2008-11-11,23.0559,23.203,21.9128,22.3941,528100
2008-11-12,21.9529,21.9529,21.0572,21.1641,680100
2008-11-13,21.3666,23.0133,20.1248,23.0133,855400
2008-11-14,22.5341,22.9526,21.5556,21.8188,718700
2008-11-17,21.6703,21.9672,21.0022,21.2181,532700
2008-11-18,21.0967,21.8525,20.7052,21.6366,683900
2008-11-19,21.5218,22.1224,21.1371,21.1371,1260400
2008-11-20,20.7727,21.4273,19.2475,19.315,1212900
2008-11-21,19.6997,20.5433,18.6941,20.496,827400
2008-11-24,20.7255,21.623,20.1856,21.2789,855000
2008-11-25,21.731,21.731,20.7187,21.7243,662700
2008-11-26,20.8807,22.7771,20.8807,22.6961,559100
2008-11-28,22.7906,24.4305,22.2912,24.3293,557300
2008-12-01,23.9446,24.2078,22.2844,22.2912,815800
2008-12-02,22.6286,23.5937,22.3452,23.3102,624500
2008-12-03,22.993,24.0594,22.4666,23.9784,745200
2008-12-04,23.7287,24.2348,23.02,23.3575,901600
2008-12-05,22.9863,24.39,22.6016,24.2956,481100
2008-12-08,24.8962,26.3134,24.8625,26.273,985700
2008-12-09,26.246,27.1098,25.7465,25.9963,669000
2008-12-10,26.138,26.4147,25.814,26.1447,701100
2008-12-11,25.814,26.5159,24.768,25.1796,678200
2008-12-12,24.3563,25.1189,23.8231,25.0177,747200
2008-12-15,24.9704,25.1864,23.8367,24.2348,760900
2008-12-16,24.4103,25.9625,24.2416,25.9423,869600
2008-12-17,25.4766,26.7791,25.2134,26.2527,787700
2008-12-18,26.0705,26.5766,25.5306,25.8748,804100
2008-12-19,26.0502,26.7386,25.6791,25.9355,775800
2008-12-22,25.9355,25.9558,24.4778,24.9434,822700
2008-12-23,24.9637,25.3011,24.4305,24.8287,596500
2008-12-24,24.9974,25.2066,24.768,25.0514,140400
2008-12-26,25.2336,25.3214,24.7747,25.2876,192100
2008-12-29,25.3551,25.4024,24.6937,25.1662,475000
2008-12-30,25.1931,25.9692,25.1459,25.9692,336200
2008-12-31,26.2189,26.7723,26.084,26.5766,391500
2009-01-02,26.3202,27.8387,26.3202,27.7374,425200
2009-01-05,27.4607,28.0614,27.4,27.7172,586600
2009-01-06,27.8657,28.1086,27.238,27.6699,686800
2009-01-07,27.3258,27.7239,26.9951,27.3325,819700
2009-01-08,27.0963,27.0963,26.4484,26.9816,436900
2009-01-09,26.9816,27.0153,26.0772,26.2055,381700
2009-01-12,25.9962,26.0435,24.9299,25.1054,574200
2009-01-13,25.2066,25.2539,24.3833,24.7477,577600
2009-01-14,24.3833,24.3968,23.6949,23.8096,644500
2009-01-15,23.7354,24.1403,23.1415,23.8906,729500
2009-01-16,24.3158,24.633,23.4452,24.1673,456800
2009-01-20,24.0661,24.1471,22.1562,22.2237,962800
2009-01-21,22.5139,22.966,21.9875,22.8783,1008200
2009-01-22,22.3654,22.6826,21.7648,22.3249,857800
2009-01-23,21.839,22.0752,21.4206,21.7445,619500
2009-01-26,21.7985,22.0617,21.3261,21.7783,566300
2009-01-27,21.893,22.2439,21.704,22.0415,345200
2009-01-28,22.3047,23.155,22.3047,22.8176,990800
2009-01-29,22.1832,22.1832,20.9549,21.0022,978700
2009-01-30,21.2856,21.2856,20.1721,20.3678,898900
2009-02-02,20.1518,20.3138,19.7064,19.9426,759500
2009-02-03,19.8751,21.1506,19.6457,21.0562,1016800
2009-02-04,20.496,21.2451,19.9763,20.4893,1344700
2009-02-05,20.442,20.6715,19.8211,20.3138,830500
2009-02-06,20.253,21.5893,20.253,21.3396,692300
2009-02-09,21.2451,21.4206,20.8537,21.0697,830000
2009-02-10,20.8267,21.0697,19.9764,20.0641,713600
2009-02-11,20.0573,20.469,19.7469,20.0371,730200
2009-02-12,19.6592,19.7739,18.6198,19.4432,1528900
2009-02-13,19.1328,19.5579,18.9775,19.207,566400
2009-02-17,18.7953,18.7953,17.5805,18.2352,1030200
2009-02-18,18.3027,18.4309,17.8033,18.1677,1112900
2009-02-19,18.3178,18.5021,17.8606,17.9425,705200
2009-02-20,17.7309,18.4816,17.0825,17.4238,984900
2009-02-23,17.6695,17.6695,16.5502,16.5843,734600
2009-02-24,16.7003,17.2873,16.4478,17.0689,920800
2009-02-25,17.0416,17.1576,16.4956,16.6867,715400
2009-02-26,16.9529,17.4647,16.5161,16.5434,951900
2009-02-27,16.4069,16.5024,16.0656,16.0998,971700
2009-03-02,15.8677,16.0179,15.2194,15.2535,988500
2009-03-03,15.4377,15.663,14.9737,15.001,1244500
2009-03-04,15.1579,15.3763,15.0556,15.1579,912400
2009-03-05,14.8576,14.8576,13.9977,14.1001,792800
2009-03-06,14.6393,15.0487,14.2912,14.687,1426200
2009-03-09,14.455,14.7894,14.066,14.1752,758400
2009-03-10,14.3936,15.8268,14.3526,15.8131,1014000
2009-03-11,15.7926,16.2909,15.3763,15.6493,1114800
2009-03-12,15.5879,16.325,15.0829,16.2909,617600
2009-03-13,16.3113,16.8232,16.284,16.5434,554900
2009-03-16,16.5843,17.0621,16.4342,16.6048,475000
2009-03-17,16.5297,17.3146,16.3932,17.3146,504200
2009-03-18,17.0348,18.1882,16.9256,18.0721,631300
2009-03-19,18.079,18.4816,17.8196,17.9356,534600
2009-03-20,18.0448,18.1131,17.0825,17.2395,551800
2009-03-23,17.5807,18.8911,17.4374,18.7819,579100
2009-03-24,18.3656,18.5976,18.1267,18.3178,483000
2009-03-25,18.3861,19.3484,18.0585,18.3861,959600
2009-03-26,18.584,19.8875,18.584,19.8875,852200
2009-03-27,19.6487,19.6487,18.4884,18.5362,918700
2009-03-30,18.0858,18.1404,16.8914,17.1917,767800
2009-03-31,17.4647,17.5603,16.8437,17.1303,767400
2009-04-01,17.0757,17.8606,16.8232,17.7718,564000
2009-04-02,18.3724,19.0003,18.0858,18.7,943200
2009-04-03,18.816,19.2528,18.6045,19.2119,463700
2009-04-06,19.1027,19.1846,18.4339,19.1095,924800
2009-04-07,18.8706,18.9321,18.2155,18.2837,494500
2009-04-08,18.4953,18.8638,18.4202,18.7751,465000
2009-04-09,19.3006,19.9421,19.1982,19.9217,735700
2009-04-13,19.8261,19.9763,19.3279,19.792,441400
2009-04-14,19.5258,19.5258,18.8638,18.9662,550100
2009-04-15,18.9184,19.3689,18.7205,19.362,676700
2009-04-16,19.5736,19.8261,19.2051,19.6487,740600
2009-04-17,19.7442,20.4881,19.6691,20.2766,603700
2009-04-20,19.9558,20.0513,18.9048,18.9048,530300
2009-04-21,18.7683,19.5941,18.7273,19.3688,789000
2009-04-22,19.1505,21.7848,19.089,21.6688,1575200
2009-04-23,21.4095,23.7231,21.4095,22.7949,2543400
2009-04-24,22.713,24.4124,22.4127,23.6821,1701700
2009-04-27,23.3887,23.4979,22.4264,22.6311,1530700
2009-04-28,22.3922,22.7403,21.8053,21.9213,1262700
2009-04-29,21.9964,23.2249,21.8804,23.0543,775800
2009-04-30,23.3272,23.8732,23.1293,23.1498,947600
2009-05-01,23.1907,23.2795,22.7471,23.2385,700300
2009-05-04,23.3068,23.8186,23.2112,23.5388,1163700
2009-05-05,23.6002,23.8186,22.3104,22.5765,1619300
2009-05-06,22.7813,22.8973,21.3276,22.481,1907400
2009-05-07,22.6175,22.8086,21.7302,21.9759,1365500
2009-05-08,22.4946,22.6584,21.6142,22.5151,1092100
2009-05-11,22.2489,22.3103,21.4914,21.6074,881100
2009-05-12,21.8326,21.8326,20.727,21.1092,910500
2009-05-13,20.6246,21.0819,19.9899,20.1469,778000
2009-05-14,20.0572,20.5261,19.8987,20.0021,829000
2009-05-15,20.0021,20.6295,19.8987,20.0779,487300
2009-05-18,20.3813,21.0294,20.3261,21.0294,667200
2009-05-19,21.1604,21.2776,20.6502,20.9398,613600
2009-05-20,21.0777,21.5603,21.0225,21.1397,972400
2009-05-21,20.7881,21.0501,20.5123,20.7812,1539300
2009-05-22,20.795,21.2087,20.6226,20.8433,431300
2009-05-26,20.6502,21.6913,20.4227,21.5259,783200
2009-05-27,21.5534,21.712,20.9743,21.0087,576000
2009-05-28,21.126,21.45,20.5192,21.3328,778600
2009-05-29,21.4017,21.5121,21.0501,21.4776,814700
2009-06-01,21.6362,22.6152,21.5121,22.5463,684100
2009-06-02,22.5187,23.0427,22.1257,22.9462,524500
2009-06-03,22.8014,22.8842,22.2774,22.5325,574200
2009-06-04,22.5532,22.6704,22.0637,22.6222,445600
2009-06-05,22.8704,23.0083,22.4912,22.629,454800
2009-06-08,22.3739,22.5325,21.9878,22.2429,602900
2009-06-09,22.2153,22.3946,21.8292,22.2153,426200
2009-06-10,22.2291,22.3808,21.45,21.9395,1080300
2009-06-11,22.0499,22.4498,21.8913,22.0705,571300
2009-06-12,22.0706,22.1947,21.6844,22.1671,442400
2009-06-15,21.6362,22.1188,21.4707,21.5603,595800
2009-06-16,21.8086,21.8086,20.5054,20.5675,563100
2009-06-17,20.9053,20.9467,20.2296,20.8157,602800
2009-06-18,20.8571,20.8984,20.4296,20.6847,474000
2009-06-19,20.8157,21.057,20.5123,20.5399,1225100
2009-06-22,20.4089,20.4089,19.9538,20.1538,923100
2009-06-23,20.1951,20.3192,19.7608,20.0021,683700
2009-06-24,20.1676,20.5054,19.878,19.9745,534900
2009-06-25,20.0297,20.3813,19.8504,20.3675,457700
2009-06-26,20.2641,20.5261,20.1331,20.1882,519100
2009-06-29,20.1262,20.3261,19.8849,20.1193,533300
2009-06-30,20.1745,20.2641,19.7194,19.8159,641800
2009-07-01,19.8228,20.14,19.6642,19.7263,623200
2009-07-02,19.5401,19.5401,19.0161,19.223,731200
2009-07-06,19.0437,19.2368,18.8438,18.961,472100
2009-07-07,19.0506,19.0506,18.2715,18.2853,579100
2009-07-08,18.3887,18.3887,17.9474,18.2715,649400
2009-07-09,18.3611,18.5473,18.2439,18.5059,591500
2009-07-10,18.3818,18.7748,18.3059,18.7403,532100
2009-07-13,18.6024,18.7748,18.2715,18.7127,808100
2009-07-14,18.6369,19.1747,18.6369,19.1747,818500
2009-07-15,19.2919,19.9193,19.2919,19.7883,904800
2009-07-16,19.7952,20.5468,19.6849,20.4296,771700
2009-07-17,20.3606,20.4503,20.0917,20.2848,599600
2009-07-20,20.5468,21.388,20.4158,21.319,595100
2009-07-21,21.3811,21.519,20.9536,21.2639,619500
2009-07-22,21.188,21.5465,21.0363,21.5052,487900
2009-07-23,21.5741,22.5877,21.5465,22.5463,668600
2009-07-24,22.436,23.1255,22.2843,22.9738,595600
2009-07-27,22.829,23.3944,22.6635,23.2496,753100
2009-07-28,22.9945,23.2013,22.6911,22.7531,578800
2009-07-29,22.2567,22.7945,22.2567,22.5808,667900
2009-07-30,22.9393,23.3047,22.7945,22.9117,589200
2009-07-31,22.8152,24.6906,22.5394,24.5665,2453300
2009-08-03,24.8492,25.2215,24.7389,25.0905,1109700
2009-08-04,25.0285,25.3387,24.6699,25.2491,526500
2009-08-05,25.1595,25.518,24.9181,25.4422,810000
2009-08-06,25.6145,25.8007,25.2905,25.6421,631000
2009-08-07,25.9524,26.7867,25.8903,26.635,569100
2009-08-10,26.5315,26.766,26.0834,26.3247,417300
2009-08-11,26.4006,26.4006,25.6076,25.9662,581800
2009-08-12,25.8352,26.4695,25.8007,26.2902,487300
2009-08-13,26.596,26.596,26.0678,26.4362,630800
2009-08-14,26.4362,26.5126,25.5883,25.8385,536600
2009-08-17,25.2895,25.4771,24.8169,24.949,547100
2009-08-18,24.9212,25.4771,24.9212,25.3937,415100
2009-08-19,25.1505,25.5049,24.9768,25.3868,367800
2009-08-20,25.4076,25.5188,25.2617,25.4841,444100
2009-08-21,25.776,26.4292,25.5397,26.4223,458000
2009-08-24,26.3875,26.7559,26.2902,26.3875,450400
2009-08-25,26.5613,27.152,26.4153,26.6168,482400
2009-08-26,26.5682,27.1172,26.3597,26.5196,301700
2009-08-27,26.5474,26.8462,26.047,26.6933,310900
2009-08-28,26.8184,26.8601,26.2833,26.5265,294000
2009-08-31,26.2902,26.2902,25.6926,25.9358,387300
2009-09-01,25.776,26.4987,25.1783,25.3451,515200
2009-09-02,25.359,25.5675,25.1435,25.2756,387900
2009-09-03,25.352,25.7482,25.3173,25.7134,741600
2009-09-04,25.7343,25.9566,25.4354,25.8454,542300
2009-09-08,25.9775,26.2138,25.5675,25.6995,701000
2009-09-09,25.7134,26.1373,25.4632,26.0678,351300
2009-09-10,26.0192,26.0192,25.1435,25.1991,847100
2009-09-11,25.3937,25.4285,24.9837,25.1227,845900
2009-09-14,24.8864,25.2617,24.7196,25.1991,437000
2009-09-15,25.2547,25.63,25.2547,25.4493,451400
2009-09-16,25.5119,25.6092,25.213,25.5397,446500
2009-09-17,25.491,25.7482,25.081,25.3868,453000
2009-09-18,25.5675,25.8038,25.4771,25.5605,366300
2009-09-21,25.2964,25.769,25.088,25.637,546700
2009-09-22,25.9219,25.9428,25.5814,25.8316,209400
2009-09-23,25.769,25.769,25.22,25.2547,359300
2009-09-24,25.352,25.352,24.4625,24.7057,464200
2009-09-25,24.803,24.8169,24.2332,24.393,245000
2009-09-28,24.393,24.4416,23.3089,23.559,1286100
2009-09-29,23.5729,24.2123,23.3783,24.0316,704300
2009-09-30,23.976,24.3861,23.5452,24.1567,602300
2009-10-01,24.0386,24.1081,23.566,23.6633,758100
2009-10-02,23.434,23.6772,23.2394,23.2672,829600
2009-10-05,23.2255,23.7397,23.2255,23.6633,707300
2009-10-06,23.7745,24.2193,23.6841,24.1567,558300
2009-10-07,24.115,24.2957,24.0455,24.1984,575300
2009-10-08,24.4347,25.0602,24.4208,24.949,386400
2009-10-09,25.0115,25.2547,24.8795,25.213,301100
2009-10-12,25.7134,26.2207,25.63,25.908,514800
2009-10-13,25.8038,25.8107,25.5049,25.6231,334100
2009-10-14,25.9914,26.047,25.7204,26.0331,322300
2009-10-15,26.047,26.1929,25.8663,26.1234,246500
2009-10-16,25.9497,25.9497,25.3729,25.6717,369200
2009-10-19,25.6787,26.1165,25.5397,26.0539,340600
2009-10-20,26.1165,26.2833,25.8941,26.186,522100
2009-10-21,26.318,26.8323,26.1234,26.1443,614000
2009-10-22,26.1651,26.4153,25.5953,26.179,511000
2009-10-23,26.2138,26.6238,25.9497,26.2416,618600
2009-10-26,26.1999,26.7698,25.6856,25.9219,625200
2009-10-27,26.0539,26.0817,25.2756,25.3451,520600
2009-10-28,25.2339,25.2756,24.4972,24.7057,1040800
2009-10-29,26.457,26.9643,25.3451,26.1373,1165100
2009-10-30,25.9705,26.3597,25.1713,25.3868,1464200
2009-11-02,25.5466,25.6926,24.7752,25.0671,981700
2009-11-03,25.1088,26.3736,24.9142,26.2207,1603300
2009-11-04,26.4709,26.4709,25.901,25.9983,1082400
2009-11-05,26.1929,26.7211,26.1165,26.6864,851700
2009-11-06,26.6516,26.8184,26.2972,26.4014,571600
2009-11-09,26.4292,27.0408,26.4292,27.0408,387300
2009-11-10,26.9643,27.2423,26.6099,26.874,598400
2009-11-11,27.0338,27.43,26.7489,26.9782,430700
2009-11-12,27.0623,27.1043,26.4389,26.502,348900
2009-11-13,26.551,26.8522,26.3339,26.7121,503400
2009-11-16,26.7751,27.2514,26.7471,27.0202,459200
2009-11-17,26.8942,26.9572,26.446,26.7191,376200
2009-11-18,26.8592,26.8592,26.3339,26.502,257700
2009-11-19,26.3829,26.3829,25.7736,26.0187,315900
2009-11-20,25.7526,25.9557,25.5705,25.7946,301900
2009-11-23,26.0327,26.474,26.0327,26.0537,274100
2009-11-24,26.1098,26.1098,25.7456,25.8787,336100
2009-11-25,25.8366,26.0818,25.6335,26.0678,318600
2009-11-27,25.3814,25.7456,25.2203,25.5215,237400
2009-11-30,25.4934,25.6195,25.1363,25.3184,1184300
2009-12-01,25.4024,25.8226,25.3464,25.6685,425600
2009-12-02,25.7036,26.579,25.6125,26.544,656800
2009-12-03,26.544,26.6911,26.474,26.544,737900
2009-12-04,26.7681,27.3144,26.6771,26.9993,535000
2009-12-07,27.0413,27.2094,26.8802,27.0833,354200
2009-12-08,26.9712,26.9992,26.4529,26.9712,698200
2009-12-09,26.8732,26.9712,26.6631,26.8872,237400
2009-12-10,27.0973,27.4545,27.0343,27.1253,232900
2009-12-11,27.2234,27.4685,27.1113,27.4335,229700
2009-12-14,27.7697,27.9027,27.4685,27.8257,380600
2009-12-15,27.6576,28.1198,27.5315,28.0008,388300
2009-12-16,28.0428,28.491,27.9097,28.1549,437600
2009-12-17,27.8187,28.1268,27.8187,27.9167,351900
2009-12-18,27.9447,28.1619,27.8047,28.0428,481000
2009-12-21,28.0778,28.519,28.0778,28.3019,368500
2009-12-22,28.3229,29.6747,28.3229,29.6186,771900
2009-12-23,29.5906,30.5011,29.5906,30.326,731900
2009-12-24,30.4661,30.6972,30.382,30.5151,130400
2009-12-28,30.5571,30.7322,30.1929,30.326,252900
2009-12-29,30.5291,30.5501,30.1999,30.235,236400
2009-12-30,30.1159,30.389,29.9058,29.9968,337900
2009-12-31,30.0809,30.0879,29.5976,29.5976,259600
2010-01-04,29.9338,30.1579,29.7727,30.0178,268000
2010-01-05,29.8568,30.1229,29.7237,30.0038,392700
2010-01-06,30.0038,30.235,29.8498,30.1719,658400
2010-01-07,30.0178,30.6762,30.0178,30.6762,405200
2010-01-08,30.5221,31.3625,30.4591,31.3135,384600
2010-01-11,31.4046,31.4886,31.1945,31.4466,521100
2010-01-12,31.1384,31.2435,30.6272,30.7882,462300
2010-01-13,30.8163,31.0264,30.6622,30.9844,244800
2010-01-14,30.8583,31.1034,30.7672,30.8863,267000
2010-01-15,30.7742,30.9633,30.235,30.396,407800
2010-01-19,30.354,30.8233,30.354,30.8233,310300
2010-01-20,30.4521,30.6622,30.1019,30.4591,277600
2010-01-21,30.389,30.6412,30.0599,30.389,686700
2010-01-22,30.41,30.6552,30.1579,30.263,558100
2010-01-25,30.5431,30.5991,29.9758,30.1649,409800
2010-01-26,30.1579,30.298,29.8778,29.8848,404400
2010-01-27,29.7237,29.8638,28.9673,29.5556,432500
2010-01-28,29.5136,29.5556,28.6451,28.8973,340600
2010-01-29,28.9533,29.2894,28.5611,28.6311,335200
2010-02-01,28.7922,29.2054,28.7642,29.1984,209400
2010-02-02,29.1704,30.1929,29.1704,30.1089,413500
2010-02-03,30.0739,30.4521,29.8287,30.0669,497200
2010-02-04,29.9268,30.1579,28.1619,28.2949,1638000
2010-02-05,28.344,28.428,27.5315,28.2319,1197400
2010-02-08,28.1759,28.449,27.8677,28.0988,540900
2010-02-09,28.344,28.8272,28.2529,28.7222,475100
2010-02-10,28.7852,29.1494,28.6591,28.7222,372800
2010-02-11,28.7222,29.0303,28.379,29.0163,450400
2010-02-12,28.7432,29.1704,28.6311,29.1424,302900
2010-02-16,29.5066,29.6536,29.2404,29.5906,279800
2010-02-17,29.5906,29.8498,29.3175,29.7447,215900
2010-02-18,29.6326,29.8217,29.5766,29.8147,388700
2010-02-19,29.7937,30.1369,29.6817,30.0458,325900
2010-02-22,30.1999,30.1999,29.7937,30.0248,191800
2010-02-23,30.0249,30.1941,29.4677,29.7357,266300
2010-02-24,29.9049,30.0178,29.4818,29.8132,484500
2010-02-25,29.3689,29.7709,29.0586,29.7074,264900
2010-02-26,29.7074,29.8273,29.4959,29.778,357500
2010-03-01,29.9755,30.314,29.7357,30.1941,315800
2010-03-02,30.4551,30.6667,30.2858,30.3422,244900
2010-03-03,30.5609,30.709,30.2012,30.2999,233500
2010-03-04,30.4339,30.5326,30.1518,30.3775,149500
2010-03-05,30.6526,30.8007,30.4762,30.6455,251600
2010-03-08,30.7442,30.7442,30.2858,30.448,253900
2010-03-09,30.3704,30.6032,30.314,30.4551,255400
2010-03-10,30.4551,30.9065,30.3493,30.7866,328500
2010-03-11,30.7443,30.7443,30.4621,30.6949,312600
2010-03-12,30.8218,30.8218,30.3846,30.5468,346900
2010-03-15,30.448,30.5538,30.2294,30.448,190700
2010-03-16,30.4974,30.5961,30.2788,30.5468,359800
2010-03-17,30.575,30.8148,30.4198,30.7019,414100
2010-03-18,30.6244,30.9488,30.6244,30.8501,433100
2010-03-19,30.2435,31.0475,30.173,30.2435,492300
2010-03-22,30.0319,30.4128,30.0178,30.3493,338100
2010-03-23,30.3422,30.6878,30.2153,30.5961,391400
2010-03-24,30.4903,30.4974,30.1165,30.2788,259600
2010-03-25,30.4198,30.5115,30.0178,30.0531,208700
2010-03-26,30.1659,30.3634,30.0531,30.1871,312300
2010-03-29,30.3211,30.575,30.1589,30.3705,259300
2010-03-30,30.3493,30.8501,30.3493,30.7443,290800
2010-03-31,30.709,30.8571,30.4269,30.5679,268200
2010-04-01,30.7936,30.9488,30.5397,30.8007,145000
2010-04-05,30.8994,31.4143,30.7725,31.3296,210600
2010-04-06,31.2521,31.4355,31.1675,31.3649,197300
2010-04-07,31.2873,31.4566,31.1604,31.4284,396100
2010-04-08,31.2803,31.4848,30.9841,31.4425,185300
2010-04-09,31.4637,31.6753,31.3015,31.6682,247100
2010-04-12,31.7035,31.901,31.6047,31.8516,280200
2010-04-13,31.8798,32.0067,31.5836,31.9503,206000
2010-04-14,32.0843,32.1549,31.8304,32.1408,181100
2010-04-15,32.0068,32.2042,31.8163,32.042,178800
2010-04-16,31.9574,32.31,31.4496,31.6964,326600
2010-04-19,31.5483,31.6682,31.2732,31.5977,364500
2010-04-20,33.763,34.56,32.8037,34.2708,1184900
2010-04-21,34.3625,34.5106,34.0803,34.1509,492400
2010-04-22,33.8687,34.8209,33.5796,34.8139,373900
2010-04-23,34.8562,34.9902,34.2002,34.7151,466200
2010-04-26,34.8421,35.2512,34.4401,34.4683,377400
2010-04-27,34.2496,34.4683,33.7065,33.8123,487100
2010-04-28,34.031,34.4401,33.8899,34.1791,369300
2010-04-29,34.4259,34.9761,34.299,34.9408,343400
2010-04-30,34.9267,35.2159,33.9322,33.9816,415700
2010-05-03,34.0945,34.4683,33.9957,34.3907,322900
2010-05-04,33.9111,33.9111,33.1917,33.3186,516400
2010-05-05,32.9801,33.2975,32.5639,32.6627,694000
2010-05-06,32.5639,33.0506,29.7639,31.4566,1041200
2010-05-07,31.2591,31.6047,30.4339,30.6808,634300
2010-05-10,32.1196,32.8037,31.908,32.8037,429200
2010-05-11,32.4722,33.2481,32.2536,32.8249,382000
2010-05-12,32.8884,33.636,32.832,33.5514,269700
2010-05-13,33.5302,33.6501,32.8108,32.9448,285100
2010-05-14,32.7332,32.7332,32.0138,32.2466,347800
2010-05-17,32.2395,32.5357,31.5906,32.3876,369100
2010-05-18,32.7284,32.9485,31.7558,31.8978,394500
2010-05-19,31.4789,31.8693,31.0316,31.4008,527300
2010-05-20,30.5915,30.7335,29.9028,29.9525,596600
2010-05-21,29.4697,30.6128,28.9231,30.5418,624100
2010-05-24,30.4424,30.918,30.201,30.3785,430200
2010-05-25,29.5265,30.5702,29.0438,30.5347,578300
2010-05-26,30.7051,31.4221,30.6199,30.7193,510200
2010-05-27,31.2375,31.6493,31.1665,31.6493,424600
2010-05-28,31.5428,31.7345,31.0458,31.3795,418300
2010-06-01,31.0245,31.486,30.3998,30.3998,415400
2010-06-02,30.556,31.3937,30.4353,31.3937,407200
2010-06-03,31.6209,31.8764,31.2304,31.4363,330900
2010-06-04,30.8399,30.9464,29.9383,30.0732,428000
2010-06-07,30.1868,30.1868,28.987,29.0225,503400
2010-06-08,29.1858,29.3278,28.5184,29.2426,487600
2010-06-09,29.5052,30.0874,29.1929,29.3278,395800
2010-06-10,29.8034,30.3288,29.8034,30.2862,262900
2010-06-11,29.9028,30.5631,29.8318,30.5347,246000
2010-06-14,30.9393,31.1594,30.6127,30.6766,322800
2010-06-15,30.8896,31.344,30.6199,31.3014,302900
2010-06-16,31.1949,31.3156,30.918,31.1026,280200
2010-06-17,31.2943,31.2943,30.5915,31.06,203400
2010-06-18,31.1523,31.2375,30.8967,31.0742,306600
2010-06-21,31.4576,31.7913,30.8186,31.0245,309600
2010-06-22,31.0245,31.2588,30.1371,30.1726,324700
2010-06-23,30.2578,30.6128,29.6188,30.2365,258400
2010-06-24,30.0448,30.1371,29.4555,29.7182,416300
2010-06-25,29.6898,30.0448,29.3917,29.917,712000
2010-06-28,29.9738,30.3217,29.6117,29.917,395900
2010-06-29,29.4839,29.5194,28.9444,29.3136,861400
2010-06-30,29.1929,29.9028,28.9373,29.0438,607700
2010-07-01,29.0651,29.342,28.5681,29.1858,608800
2010-07-02,29.5549,29.5549,28.4616,28.6533,555500
2010-07-06,29.1858,29.2142,28.49,28.8024,545200
2010-07-07,28.9586,29.9099,28.9302,29.8815,369000
2010-07-08,30.0945,30.3643,29.775,30.1442,288900
2010-07-09,30.1726,30.485,29.9312,30.4282,215500
2010-07-12,30.2294,30.5489,30.0306,30.3004,262900
2010-07-13,30.698,31.4079,30.627,31.2375,416200
2010-07-14,31.1523,31.3227,30.8541,31.1026,222200
2010-07-15,31.1381,31.1381,30.5418,30.9322,434800
2010-07-16,30.7121,30.7476,29.4129,29.5052,597200
2010-07-19,29.7821,29.988,29.4059,29.9312,410400
2010-07-20,29.5833,30.7192,29.5265,30.6198,482100
2010-07-21,30.9251,31.3511,30.556,30.7548,553700
2010-07-22,31.0032,31.7629,31.0032,31.6138,454000
2010-07-23,31.4931,32.3024,31.0032,32.2598,420400
2010-07-26,32.3024,32.5864,32.0043,32.2527,422500
2010-07-27,32.5225,32.7568,31.9403,32.1462,342100
2010-07-28,32.0397,32.2172,31.5357,31.6777,217200
2010-07-29,31.8481,31.9474,31.1665,31.5854,281000
2010-07-30,31.1168,31.7913,30.8754,31.7132,360300
2010-08-02,32.2172,32.7284,31.9404,32.6574,289400
2010-08-03,32.6716,32.7,32.1036,32.2101,297200
2010-08-04,32.1959,32.5225,32.0752,32.1604,658600
2010-08-05,31.9687,32.0397,31.5215,31.7132,585500
2010-08-06,31.1878,31.6706,31.1026,31.344,803900
2010-08-09,31.6067,31.6493,31.131,31.3298,717000
2010-08-10,30.989,31.1523,30.6128,30.7051,727200
2010-08-11,30.1371,30.1371,29.6472,29.7253,508500
2010-08-12,29.2142,29.6827,29.1716,29.6259,738400
2010-08-13,29.3632,29.9028,29.3632,29.6614,651800
2010-08-16,29.4342,29.5407,29.2213,29.4271,418300
2010-08-17,29.775,30.2294,29.6472,29.9596,337200
2010-08-18,30.0883,30.2957,29.6307,30.0383,403700
2010-08-19,29.931,30.024,29.1087,29.3232,330500
2010-08-20,29.0515,29.3018,28.7512,29.266,264100
2010-08-23,29.4519,29.4734,28.9872,29.0229,318400
2010-08-24,28.6154,28.8013,28.2006,28.5153,373200
2010-08-25,28.2865,28.837,28.0505,28.7584,557200
2010-08-26,28.8156,29.2303,28.6726,28.7441,358000
2010-08-27,28.9157,29.5306,28.6082,29.4734,301500
2010-08-30,29.3232,29.4662,29.1802,29.2088,455700
2010-08-31,29.1087,29.552,28.8799,29.4805,610600
2010-09-01,29.8595,30.646,29.8166,30.6174,395600
2010-09-02,30.5531,31.0393,30.5531,31.0035,244900
2010-09-03,31.4397,31.9331,31.4111,31.8187,340200
2010-09-07,31.6757,31.6757,31.3468,31.4254,241300
2010-09-08,31.3682,31.7543,31.3396,31.6399,246000
2010-09-09,32.1547,32.1619,31.4683,31.69,209000
2010-09-10,31.7901,31.9974,31.7043,31.8258,223200
2010-09-13,32.1762,32.4622,32.1261,32.4193,203700
2010-09-14,32.3693,32.6481,32.2048,32.4551,265200
2010-09-15,32.2906,32.6052,32.212,32.5409,223600
2010-09-16,32.3978,32.5409,32.2548,32.4765,160500
2010-09-17,32.7125,32.7625,32.3549,32.5766,257900
2010-09-20,32.7482,33.6062,32.5837,33.549,196100
2010-09-21,33.5276,33.6992,33.1772,33.2416,455900
2010-09-22,33.0986,33.1844,32.7482,32.8912,319600
2010-09-23,32.6695,32.9842,32.3192,32.3549,217200
2010-09-24,32.7768,33.5347,32.7768,33.5347,178500
2010-09-27,33.499,33.5347,32.9484,33.0271,302500
2010-09-28,33.0199,33.356,32.5981,33.2702,422600
2010-09-29,33.1915,33.2988,32.9985,33.1057,183600
2010-09-30,33.3202,33.8065,32.8555,33.2559,280400
2010-10-01,33.4203,33.6277,33.1415,33.3488,190500
2010-10-04,33.3703,33.7993,32.9627,33.1057,266500
2010-10-05,33.5848,33.9852,33.2487,33.9209,285000
2010-10-06,33.9495,34.0567,33.7207,33.8208,175000
2010-10-07,34.0353,34.0925,33.4203,33.642,201400
2010-10-08,33.7421,33.9566,33.4704,33.8565,198900
2010-10-11,33.8565,34.1926,33.7492,34.0424,158900
2010-10-12,33.8922,34.2498,33.5347,34.0996,213800
2010-10-13,34.2855,34.8718,34.1568,34.6573,219000
2010-10-14,34.6359,34.6788,34.2212,34.5072,219900
2010-10-15,34.8075,34.9147,34.1926,34.6859,411200
2010-10-18,34.6931,34.8933,34.5644,34.8575,140500
2010-10-19,34.45,34.5715,33.8565,33.9995,350200
2010-10-20,34.1282,34.6931,34.0853,34.5644,209000
2010-10-21,34.7646,35.0363,34.3999,34.8861,322500
2010-10-22,35.7227,35.83,35.1793,35.7513,873600
2010-10-25,36.2161,36.4878,36.0016,36.0659,404100
2010-10-26,35.9658,36.3305,35.737,36.1088,357200
2010-10-27,35.6727,35.7513,35.401,35.6941,497000
2010-10-28,35.8872,36.2232,35.6941,36.116,298700
2010-10-29,36.0373,36.5522,35.9015,36.4664,317700
2010-11-01,36.6237,36.9311,36.3162,36.5378,308300
2010-11-02,36.9454,37.1313,36.7095,37.0026,297200
2010-11-03,37.0956,37.1814,36.4663,37.0169,336800
2010-11-04,37.3887,38.1109,37.3816,37.925,250700
2010-11-05,37.9107,38.1324,37.7319,37.8678,320500
2010-11-08,37.732,37.9179,37.5174,37.8964,235900
2010-11-09,37.9965,38.0537,37.0813,37.2886,275200
2010-11-10,37.2457,37.6104,37.0956,37.5389,134000
2010-11-11,37.1671,37.639,37.0312,37.5389,124400
2010-11-12,37.2171,37.353,36.7595,37.0813,207600
2010-11-15,37.2386,37.7462,37.067,37.546,324800
2010-11-16,37.2529,37.353,36.7023,36.9812,418700
2010-11-17,37.1826,37.2474,36.7078,37.1395,267300
2010-11-18,37.6071,38.3698,37.6071,38.0028,311900
2010-11-19,37.9741,38.1323,37.6071,38.0532,219200
2010-11-22,37.8733,38.8446,37.7654,38.2474,242700
2010-11-23,37.7726,37.7798,37.2618,37.4129,328700
2010-11-24,37.7007,38.2834,37.5783,38.1899,311900
2010-11-26,37.8445,38.3266,37.7726,38.0316,237400
2010-11-29,37.5999,38.2906,37.5999,38.1683,423600
2010-11-30,37.7007,38.2546,37.5711,38.082,293300
2010-12-01,38.6432,39.3195,38.6216,39.2403,317300
2010-12-02,39.3123,40.2548,38.9885,40.0102,569500
2010-12-03,39.6792,40.039,39.6073,39.9526,487900
2010-12-06,39.8303,39.9022,39.485,39.6432,310300
2010-12-07,40.1037,40.4059,39.931,40.0965,324300
2010-12-08,40.1541,40.3124,39.7871,40.003,323100
2010-12-09,40.2404,40.2404,39.8159,39.8951,370200
2010-12-10,39.8375,40.2116,39.6936,40.1397,327800
2010-12-13,40.2908,40.8879,40.19,40.6793,311600
2010-12-14,40.7009,41.147,40.7009,40.9959,235500
2010-12-15,40.9311,41.4563,40.8376,41.039,338100
2010-12-16,41.0894,41.3268,40.7512,41.2549,223000
2010-12-17,41.2477,41.4923,41.1182,41.1613,329200
2010-12-20,41.334,41.5499,40.9095,41.0318,371400
2010-12-21,41.2477,41.262,40.9239,41.1973,259900
2010-12-22,41.2045,41.5642,41.1829,41.2908,279400
2010-12-23,41.2477,41.4707,40.9887,41.1398,161700
2010-12-27,41.0174,41.3772,41.0174,41.2549,116400
2010-12-28,41.3844,41.5355,41.003,41.1325,124300
2010-12-29,41.2549,41.334,41.075,41.1757,162100
2010-12-30,41.2045,41.334,40.9887,41.0462,126300
2010-12-31,40.9239,41.0606,40.6793,40.7081,160100
2011-01-03,41.0966,41.8448,40.8664,41.7081,313200
2011-01-04,41.7225,41.8089,40.852,41.2621,225600
2011-01-05,41.0102,41.0606,40.7512,40.8376,318600
2011-01-06,40.8304,40.8304,39.895,40.0389,348400
2011-01-07,40.0605,40.2908,39.3554,39.5929,504800
2011-01-10,39.3195,39.7871,39.1396,39.7511,356000
2011-01-11,39.931,40.4203,39.7799,40.2188,302800
2011-01-12,40.6001,40.7944,40.4275,40.7656,192300
2011-01-13,40.6721,40.8376,40.4275,40.6073,211100
2011-01-14,40.4994,41.0174,40.3843,41.0103,197600
2011-01-18,40.9167,41.0606,40.8088,40.9527,143300
2011-01-19,40.8664,40.9239,40.0893,40.2332,189800
2011-01-20,40.0389,40.1828,39.7583,40.0533,243300
2011-01-21,40.298,40.5138,39.9886,40.1325,171400
2011-01-24,40.1181,40.9311,40.0318,40.9311,177600
2011-01-25,40.6937,40.816,40.3196,40.8088,195100
2011-01-26,40.9599,41.3268,40.6793,41.1038,196000
2011-01-27,41.1541,41.6578,40.9887,41.3844,387300
2011-01-28,41.4851,41.5499,40.3411,40.4059,294200
2011-01-31,40.6217,40.9958,40.6145,40.744,293400
2011-02-01,41.0103,41.7873,40.9455,41.5067,224400
2011-02-02,41.5067,41.6722,41.0606,41.3844,293700
2011-02-03,41.2405,41.2405,40.4922,41.075,309100
2011-02-04,41.1469,42.0175,41.0102,42.0175,296100
2011-02-07,42.0175,42.4276,41.7873,42.3413,585700
2011-02-08,42.3988,42.4132,42.0895,42.3773,393100
2011-02-09,42.3125,42.5211,42.0247,42.406,310200
2011-02-10,42.183,42.6578,42.183,42.5787,423500
2011-02-11,42.2837,42.701,42.2262,42.4564,502500
2011-02-14,42.2981,42.4492,42.1902,42.2334,353700
2011-02-15,42.0895,42.1542,41.7225,42.1326,391400
2011-02-16,42.1974,43.0607,42.1182,43.0248,446500
2011-02-17,42.9025,44.1759,42.8881,44.0536,512500
2011-02-18,44.032,44.1975,43.7299,44.0896,431000
2011-02-22,43.6629,43.6629,42.3104,42.5852,610000
2011-02-23,42.6069,42.6069,40.7699,40.9362,827800
2011-02-24,40.8205,40.8205,39.779,40.1334,718700
2011-02-25,40.3721,41.1604,40.307,41.1315,432800
2011-02-28,41.3123,41.6956,41.2761,41.5365,387300
2011-03-01,41.7824,41.862,40.7048,40.9218,325900
2011-03-02,40.8494,41.4497,40.7192,41.2689,256700
2011-03-03,41.7535,42.4695,41.7029,42.4551,300400
2011-03-04,42.3393,42.3393,41.5438,41.8475,324000
2011-03-07,42.05,42.079,41.1604,41.5872,239800
2011-03-08,41.6522,42.8094,41.4208,42.6503,224300
2011-03-09,42.6214,42.8528,42.173,42.6214,221900
2011-03-10,42.0428,42.0428,41.4714,41.5582,220600
2011-03-11,41.1026,42.1224,41.1026,41.9343,305300
2011-03-14,41.4931,41.8041,41.0519,41.6233,221700
2011-03-15,40.4661,41.6884,40.1334,41.3774,287400
2011-03-16,41.1604,41.4353,40.4661,40.8711,365700
2011-03-17,41.5293,41.6884,40.8711,41.0737,224600
2011-03-18,41.7463,41.9922,41.5438,41.7029,293400
2011-03-21,42.3104,42.578,42.2091,42.5708,357000
2011-03-22,42.6069,42.6069,42.05,42.2019,163600
2011-03-23,42.0934,42.1874,41.5365,42.0645,265200
2011-03-24,42.3249,42.39,41.8765,42.3466,117100
2011-03-25,42.5129,43.0771,42.3972,42.8529,156200
2011-03-28,42.9758,43.0843,42.6142,42.6359,117000
2011-03-29,42.5491,43.2868,42.3249,43.2,155000
2011-03-30,43.3953,43.5978,43.2217,43.5399,151700
2011-03-31,43.4893,43.822,43.3447,43.4387,218300
2011-04-01,43.699,44.2126,43.4242,44.1764,311800
2011-04-04,44.2126,44.2849,43.9522,44.2632,289000
2011-04-05,44.1981,44.7912,43.9594,44.5236,355800
2011-04-06,44.7333,44.8056,44.1475,44.4368,262500
2011-04-07,44.2849,44.4874,43.9016,44.1258,207400
2011-04-08,44.4078,44.5091,43.1132,43.4387,316900
2011-04-11,43.5689,43.5978,43.2072,43.3953,134300
2011-04-12,43.1277,43.3591,42.7371,43.0409,204300
2011-04-13,43.2796,43.4676,42.9903,43.2796,178700
2011-04-14,42.9903,43.2289,42.5997,43.1638,150100
2011-04-15,43.3447,43.945,43.1566,43.6557,283000
2011-04-18,43.1349,43.2579,42.4912,42.795,187700
2011-04-19,42.9396,43.3157,42.8818,43.2145,200100
2011-04-20,43.9377,44.2053,43.8075,44.1258,309100
2011-04-21,44.4946,44.6827,44.1981,44.6465,429000
2011-04-25,44.3572,44.7261,44.3066,44.5453,339700
2011-04-26,44.7478,45.2106,44.6465,45.0009,674200
2011-04-27,45.0588,45.1817,44.5597,45.0298,350900
2011-04-28,45.0298,45.0443,44.7261,44.7622,695900
2011-04-29,44.8924,44.9431,44.5597,44.6754,332000
2011-05-02,45.0009,45.0009,44.1402,44.444,233000
2011-05-03,44.2632,44.4802,43.7641,44.1041,224000
2011-05-04,44.1185,44.133,43.3953,43.7424,225000
2011-05-05,43.5038,43.945,43.0698,43.3953,384000
2011-05-06,44.0101,44.2632,43.3085,43.3881,261800
2011-05-09,43.323,43.7931,43.1494,43.6701,337900
2011-05-10,43.7786,44.2415,43.4748,44.0751,257100
2011-05-11,44.0317,44.1619,43.5327,43.7207,211500
2011-05-12,43.6123,43.9739,43.3013,43.8871,127000
2011-05-13,43.9088,44.1185,43.077,43.2651,266000
2011-05-16,43.0264,43.4097,42.8384,42.983,166800
2011-05-17,42.8818,42.8818,42.079,42.6431,270900
2011-05-18,42.8176,43.7994,42.4758,43.7557,414400
2011-05-19,44.0975,44.6065,44.0248,44.4247,545400
2011-05-20,44.3593,44.4247,43.7266,44.0902,346200
2011-05-23,43.4358,43.5521,42.9704,43.2394,271400
2011-05-24,43.3121,43.5085,43.014,43.3776,371200
2011-05-25,43.1303,43.6248,42.934,43.3848,275700
2011-05-26,43.1376,43.4794,42.9994,43.3121,356600
2011-05-27,43.5085,43.8284,42.9703,43.6685,145800
2011-05-31,44.0902,44.0902,43.4648,43.8648,415900
2011-06-01,43.7993,43.9884,42.4831,42.5049,266600
2011-06-02,42.4904,42.9776,42.1413,42.2868,355600
2011-06-03,41.545,41.8505,41.3996,41.5014,339500
2011-06-06,41.3414,41.5959,41.0069,41.3123,262600
2011-06-07,41.5232,41.7268,41.1305,41.2396,324700
2011-06-08,41.0942,41.3123,40.9269,41.0869,320500
2011-06-09,41.2105,41.6323,41.036,41.4214,204000
2011-06-10,41.1596,41.1596,40.3306,40.3888,294600
2011-06-13,40.5706,40.7233,40.0979,40.2797,150900
2011-06-14,40.7887,41.5087,40.7451,41.4287,268200
2011-06-15,40.9705,41.1523,40.6869,40.8396,323200
2011-06-16,40.876,41.4578,40.6651,41.2396,306200
2011-06-17,41.8723,42.1631,41.5596,41.7923,341100
2011-06-20,41.6614,42.4249,41.6105,42.2431,253600
2011-06-21,42.4395,43.5012,42.4395,43.4576,348100
2011-06-22,43.3703,43.9157,43.3412,43.5885,386800
2011-06-23,42.9631,44.0757,42.6867,43.8793,477400
2011-06-24,43.9303,44.192,43.4794,43.6757,428200
2011-06-27,43.7193,44.0902,43.5303,43.843,199100
2011-06-28,43.9884,44.4684,43.8866,44.4465,203500
2011-06-29,44.4975,44.8902,44.323,44.7884,261400
2011-06-30,44.9556,45.7701,44.832,45.4356,488700
2011-07-01,45.4428,46.3082,45.1883,46.2718,544400
2011-07-05,46.0973,46.3518,45.7628,46.1482,344300
2011-07-06,45.8355,46.1191,45.7264,45.9519,431000
2011-07-07,46.49,46.8027,46.4827,46.6063,409700
2011-07-08,45.9082,46.2936,45.7991,46.25,239000
2011-07-11,45.6246,45.7555,45.1592,45.6174,278900
2011-07-12,45.5156,45.7701,45.2756,45.3847,216600
2011-07-13,45.6174,45.8282,45.0792,45.2101,347000
2011-07-14,45.4356,45.6901,44.5847,44.7302,348200
2011-07-15,44.9556,45.0138,44.3593,44.8029,412600
2011-07-18,44.5702,44.832,44.1484,44.6502,366600
2011-07-19,44.9701,45.4646,44.6502,45.0574,753600
2011-07-20,45.2319,45.5228,44.7665,45.3483,311800
2011-07-21,45.3337,45.7773,44.8901,45.021,491200
2011-07-22,45.0211,45.2465,44.0321,44.083,535700
2011-07-25,43.7194,44.2211,43.603,43.9084,477600
2011-07-26,43.7994,43.8139,42.8322,42.9049,328400
2011-07-27,42.8613,43.0213,41.5887,41.7341,491400
2011-07-28,41.7559,42.1632,41.4796,41.5014,444300
2011-07-29,41.0433,41.8141,40.8324,41.3487,413300
2011-08-01,41.7559,41.8723,40.6215,41.2832,451200
2011-08-02,40.9196,41.2178,39.6107,39.6179,355000
2011-08-03,39.5525,40.0615,38.7744,39.9161,368800
2011-08-04,39.3561,39.4798,38.2144,38.2799,740900
2011-08-05,38.7598,38.9925,36.9346,37.8654,674300
2011-08-08,36.7309,37.2473,34.5275,34.5566,914600
2011-08-09,35.3056,36.1419,33.7276,36.0474,1144500
2011-08-10,35.2766,35.4511,33.7203,33.8149,1617600
2011-08-11,34.0258,36.171,33.9385,35.582,852000
2011-08-12,35.8074,36.6146,35.5311,36.411,392700
2011-08-15,36.7019,37.32,36.5782,37.24,391300
2011-08-16,36.6728,37.1091,36.251,36.5491,219000
2011-08-17,36.8837,37.1891,36.0183,36.3237,255900
2011-08-18,35.2844,35.2844,33.6816,33.967,627100
2011-08-19,33.4401,34.677,33.3815,33.6084,471800
2011-08-22,34.3476,34.3769,33.3669,33.8499,390300
2011-08-23,33.9378,35.482,33.7255,35.482,361700
2011-08-24,35.343,36.3164,34.9843,36.2578,368000
2011-08-25,36.5872,36.858,35.1454,35.2478,402000
2011-08-26,34.9478,36.3237,34.3915,36.2798,364400
2011-08-29,36.6897,37.8753,36.6897,37.8534,343300
2011-08-30,37.6118,38.2193,37.3484,37.9485,393300
2011-08-31,38.2632,38.9073,38.234,38.7243,672800
2011-09-01,38.6584,39.1122,38.2047,38.3511,597700
2011-09-02,37.3044,37.6704,36.6897,36.8507,418100
2011-09-06,35.5479,36.4847,35.3796,36.3969,237400
2011-09-07,37.1508,37.8826,36.9531,37.8021,240800
2011-09-08,37.4362,38.1095,37.2313,37.3337,478100
2011-09-09,36.7995,37.5167,35.9431,35.9724,957400
2011-09-12,35.3649,35.8846,34.6331,35.6431,529700
2011-09-13,35.7968,36.4115,35.6357,36.192,676500
2011-09-14,36.4335,37.729,35.6431,37.1654,435600
2011-09-15,37.6192,38.0144,37.1361,37.8753,342400
2011-09-16,38.19,38.4535,37.5386,37.9119,411500
2011-09-19,37.1654,37.4216,36.7336,37.1434,366200
2011-09-20,37.3191,37.6265,36.4774,36.536,252400
2011-09-21,36.3969,36.4481,34.6623,34.6843,311700
2011-09-22,33.667,33.7694,32.5325,32.7667,694300
2011-09-23,32.5545,33.3742,32.4593,32.9424,909400
2011-09-26,32.9131,33.4913,32.2837,33.4693,611700
2011-09-27,34.2232,35.343,34.1207,34.633,448200
2011-09-28,34.7136,34.9039,33.5718,33.7255,487500
2011-09-29,34.5599,34.838,32.796,33.645,561700
2011-09-30,33.0449,33.2425,32.4227,32.4959,628000
2011-10-03,32.1227,32.5984,31.0395,31.0687,889100
2011-10-04,30.6589,32.3715,30.5491,32.3349,664200
2011-10-05,32.3349,33.2059,32.2764,32.9058,565100
2011-10-06,32.8985,33.9378,32.6716,33.806,410800
2011-10-07,34.0915,34.0915,33.0302,33.3303,324700
2011-10-10,34.0183,34.8087,33.9085,34.8087,293500
2011-10-11,34.5452,35.1307,34.472,34.977,256400
2011-10-12,35.1673,35.987,35.1015,35.6357,207700
2011-10-13,35.2918,35.5406,34.816,35.4601,189300
2011-10-14,35.9431,36.1993,35.504,36.0822,190100
2011-10-17,35.9212,36.1334,35.0722,35.1893,250900
2011-10-18,35.2991,36.3237,34.816,36.0456,441700
2011-10-19,35.9212,36.7116,35.7968,36.1408,440700
2011-10-20,36.1554,36.3384,35.1015,36.2139,524100
2011-10-21,36.9092,38.0071,35.848,37.7875,738700
2011-10-24,37.9558,38.9951,37.9558,38.7243,500000
2011-10-25,38.3071,38.6072,37.8241,37.9632,476500
2011-10-26,37.9631,38.5194,37.7289,38.3144,566200
2011-10-27,39.5806,40.7297,39.2366,40.2466,525800
2011-10-28,40.2247,40.4882,39.7929,40.1369,249000
2011-10-31,39.5514,39.8734,39.2293,39.2806,446700
2011-11-01,37.4362,38.5267,37.1654,37.7582,392600
2011-11-02,38.5267,38.9073,38.0656,38.6877,274900
2011-11-03,39.1635,40.6785,39.0024,40.4296,559200
2011-11-04,40.1003,40.3418,39.4782,40.2247,271500
2011-11-07,40.3784,40.4223,39.5514,40.2174,257400
2011-11-08,40.4296,41.1469,39.8734,41.0298,317300
2011-11-09,39.8953,40.254,38.9732,39.3318,390700
2011-11-10,39.888,39.9978,39.3611,39.6246,216300
2011-11-11,40.2759,41.059,40.1808,40.5174,267600
2011-11-14,40.5174,41.1395,40.4077,40.9053,420600
2011-11-15,40.6638,41.1176,40.4589,40.8248,464000
2011-11-16,40.3683,40.8911,39.9486,40.0296,312900
2011-11-17,39.9412,39.9412,38.5789,38.844,533500
2011-11-18,38.9397,39.0428,38.0413,38.4022,626800
2011-11-21,37.7173,37.9161,36.8116,37.2166,541800
2011-11-22,37.1577,37.2387,36.6348,36.7674,426100
2011-11-23,36.3403,36.4287,35.5303,35.6555,532500
2011-11-25,35.5229,35.8985,35.2799,35.383,164800
2011-11-28,36.4655,36.5907,35.9574,36.2961,604400
2011-11-29,36.5244,36.7306,36.1267,36.4876,503500
2011-11-30,37.5553,37.8204,37.4522,37.7762,839700
2011-12-01,37.5921,38.2402,37.57,37.9603,410300
2011-12-02,38.4832,38.763,37.8867,37.9824,393100
2011-12-05,38.601,38.682,37.9971,38.2181,325900
2011-12-06,38.3285,38.439,37.9603,38.2843,247500
2011-12-07,37.9603,38.2401,37.5185,38.1076,356200
2011-12-08,37.8278,37.9751,36.8778,36.9736,326400
2011-12-09,37.165,37.9677,37.0325,37.8572,335600
2011-12-12,37.4522,37.4522,36.9073,37.3933,325300
2011-12-13,37.732,37.953,36.8263,37.0104,612000
2011-12-14,36.7969,36.8189,36.0752,36.112,503400
2011-12-15,36.2519,36.6937,35.9795,36.1046,451100
2011-12-16,36.4508,37.0767,36.274,36.517,480300
2011-12-19,36.6569,37.0104,36.0016,36.0973,341700
2011-12-20,36.7674,37.9088,36.7158,37.6805,332300
2011-12-21,37.7026,38.2843,37.0693,38.2033,598600
2011-12-22,38.2549,39.0575,38.2181,38.3432,380700
2011-12-23,38.3359,38.4242,37.9971,38.2181,392500
2011-12-27,38.0045,38.2402,37.872,37.9603,297800
2011-12-28,37.953,38.1518,37.1429,37.2313,269600
2011-12-29,37.3639,37.629,37.2902,37.5921,406200
2011-12-30,37.6805,37.6879,37.1798,37.2755,198500
2012-01-03,38.1002,38.2033,37.6879,37.732,440800
2012-01-04,37.6805,37.8425,37.5038,37.6437,531800
2012-01-05,37.3712,38.2328,36.9515,38.1444,472400
2012-01-06,38.2181,38.5052,37.8425,38.299,311600
2012-01-09,38.4242,38.6525,38.2622,38.5789,240200
2012-01-10,39.2048,39.411,38.9691,39.3079,269900
2012-01-11,39.1754,39.654,39.1385,39.4184,244300
2012-01-12,39.6319,39.9117,38.9397,39.7792,425600
2012-01-13,39.4257,39.5215,38.9103,39.0502,240700
2012-01-17,39.492,39.6982,38.9029,39.1091,313000
2012-01-18,39.0428,39.6761,38.6599,39.5509,484200
2012-01-19,39.816,40.1621,39.492,39.978,651600
2012-01-20,39.9412,40.1916,39.7276,40.0664,347400
2012-01-23,40.1032,40.4861,39.9485,40.1106,330800
2012-01-24,39.8896,40.5377,39.7865,40.4567,312600
2012-01-25,40.3536,41.4213,40.1768,41.3698,392600
2012-01-26,41.5318,41.5318,40.8175,41.3698,523300
2012-01-27,41.1709,41.9,40.9868,41.7969,487500
2012-01-30,41.3477,41.3845,40.7217,41.3845,474200
2012-01-31,41.7232,41.8116,41.2372,41.6128,507000
2012-02-01,41.9,42.5038,41.7674,42.0178,529100
2012-02-02,43.0634,43.1886,41.6201,42.8499,584300
2012-02-03,43.4463,44.1606,42.8057,43.8808,413100
2012-02-06,43.6967,44.1827,43.6304,44.0355,670500
2012-02-07,43.8293,44.3079,43.8293,44.0649,540400
2012-02-08,44.1312,44.3226,43.7925,44.1827,251800
2012-02-09,44.2343,44.9338,44.0723,44.7203,409900
2012-02-10,44.1827,44.9191,44.0207,44.9044,492300
2012-02-13,45.2063,45.9648,45.059,45.788,465300
2012-02-14,45.5671,45.7512,45.2505,45.7218,324000
2012-02-15,45.7807,45.8175,44.3963,44.5362,486400
2012-02-16,44.6687,45.6628,44.6025,45.6481,317800
2012-02-17,45.928,46.0973,45.6113,45.7733,279900
2012-02-21,45.8838,45.9795,45.3315,45.5818,249900
2012-02-22,45.5448,45.6855,45.1524,45.2116,272200
2012-02-23,45.2412,45.6263,45.0265,45.3967,239800
2012-02-24,45.5745,45.5745,44.9377,44.9673,296300
2012-02-27,44.7155,45.4412,44.4268,45.219,242000
2012-02-28,45.3227,45.6633,45.0191,45.3893,273800
2012-02-29,45.5078,45.9521,45.1746,45.2635,266200
2012-03-01,45.1302,45.9299,45.1302,45.3153,356700
2012-03-02,45.2412,45.2412,44.3749,44.6711,347600
2012-03-05,44.5674,44.7303,44.3231,44.6489,326000
2012-03-06,44.0121,44.1232,43.2717,43.3383,303100
2012-03-07,43.442,43.8566,43.3679,43.7382,204100
2012-03-08,44.0565,44.908,43.79,44.5822,343600
2012-03-09,44.7229,45.0117,44.3157,44.76,228700
2012-03-12,44.8932,45.0043,44.5082,44.7377,163600
2012-03-13,45.0339,45.3893,44.9006,45.3893,393900
2012-03-14,45.3301,45.6707,45.1524,45.3819,183600
2012-03-15,45.4264,46.0557,45.1968,46.0409,293000
2012-03-16,46.0854,46.189,45.53,45.5448,424700
2012-03-19,45.5596,45.7225,44.8414,45.1672,392900
2012-03-20,44.8636,45.145,44.3527,44.7526,228800
2012-03-21,44.7822,44.9895,44.3009,44.7896,309400
2012-03-22,44.3601,44.6785,44.1232,44.6045,433400
2012-03-23,44.6637,45.0117,44.212,44.8562,222700
2012-03-26,45.3671,45.804,45.2857,45.7596,290800
2012-03-27,45.8484,45.9447,45.6633,45.7373,289700
2012-03-28,45.8262,45.8854,44.6785,45.1524,202800
2012-03-29,44.9377,45.3301,44.5748,45.219,245400
2012-03-30,45.5448,45.7744,45.0265,45.145,284700
2012-04-02,45.0117,45.7077,44.7303,45.3967,373900
2012-04-03,45.1894,45.4338,44.5526,44.8858,374700
2012-04-04,44.4194,44.6563,44.2046,44.6341,272800
2012-04-05,44.4416,44.7377,44.0269,44.212,340400
2012-04-09,43.3753,43.9232,42.9533,43.827,303100
2012-04-10,43.7826,43.8492,42.546,42.6867,221500
2012-04-11,43.3161,43.6197,43.1458,43.4716,260600
2012-04-12,43.5234,44.4934,43.4938,44.2416,245000
2012-04-13,44.0343,44.175,43.5752,43.8862,220800
2012-04-16,44.1454,44.4712,43.6937,44.0862,295600
2012-04-17,44.5082,45.1154,44.3897,44.8858,360800
2012-04-18,44.5749,44.5749,44.0788,44.1676,500600
2012-04-19,44.2639,45.8484,43.8936,45.5819,1120200
2012-04-20,45.6485,45.8928,45.3375,45.6485,484400
2012-04-23,44.871,45.2413,44.2268,44.9155,354600
2012-04-24,45.0191,46.1298,44.9895,45.8262,337600
2012-04-25,46.2557,46.4926,46.0039,46.0854,461100
2012-04-26,45.9447,46.537,45.9447,46.3297,539200
2012-04-27,46.6481,47.2182,46.1816,47.0553,370700
2012-04-30,46.9813,47.0109,46.0039,46.3075,235000
2012-05-01,46.2409,47.1368,45.9002,46.3741,273600
2012-05-02,46.1594,46.5222,45.8929,46.5074,413000
2012-05-03,46.5148,46.7369,46.3371,46.4926,453200
2012-05-04,46.226,46.2557,45.9817,46.1668,545400
2012-05-07,45.8262,46.426,45.8262,46.2631,382400
2012-05-08,45.9891,46.1076,45.0339,45.8632,348700
2012-05-09,45.5004,45.7596,44.8118,45.3301,314400
2012-05-10,45.6707,45.8706,44.9821,45.145,369500
2012-05-11,44.76,45.6263,44.5896,45.4115,305000
2012-05-14,44.8858,45.1228,44.3527,44.7526,201000
2012-05-15,44.6119,44.9747,44.412,44.6637,285000
2012-05-16,44.9303,45.3227,44.4934,44.5526,316700
2012-05-17,44.5079,44.8133,43.3388,43.3537,451800
2012-05-18,43.5027,44.009,43.1154,43.2644,384000
2012-05-21,43.5846,44.4707,43.3761,44.3367,300100
2012-05-22,44.5005,44.8579,44.2399,44.6941,273000
2012-05-23,44.3963,45.2526,43.8154,45.1856,311000
2012-05-24,45.3122,45.4239,44.4409,45.1409,247100
2012-05-25,45.1707,45.3122,44.6569,44.7686,224200
2012-05-29,45.2675,45.8856,45.0813,45.4015,263800
2012-05-30,44.9398,45.1781,44.7909,44.8654,458000
2012-05-31,44.7835,45.3569,44.3292,45.059,1948300
2012-06-01,45.2898,45.2898,43.5995,43.6144,740000
2012-06-04,43.4729,43.6516,42.3559,42.9144,447400
2012-06-05,42.6612,43.7261,42.4899,43.6144,458200
2012-06-06,44.1207,45.2526,43.9569,45.2228,310500
2012-06-07,45.4239,46.5409,45.4015,45.96,477500
2012-06-08,45.7292,46.66,45.4685,46.66,326800
2012-06-11,47.1142,47.3302,45.61,45.6771,195400
2012-06-12,45.9824,46.9728,45.7962,46.943,344700
2012-06-13,46.6526,46.9877,46.0122,46.2951,253200
2012-06-14,46.31,46.7717,46.0941,46.4738,250000
2012-06-15,46.6079,47.1589,46.4813,47.0547,318600
2012-06-18,46.9951,47.6132,46.7568,47.3898,214400
2012-06-19,47.6355,47.9855,47.5685,47.8365,223500
2012-06-20,47.8217,48.0153,46.7196,47.1813,308200
2012-06-21,47.3227,47.427,45.893,46.1313,319200
2012-06-22,46.3696,46.593,46.176,46.243,366400
2012-06-25,46.0419,46.0419,44.8654,44.8877,437100
2012-06-26,45.2377,45.3345,44.3963,44.6792,756400
2012-06-27,44.6718,45.0515,44.5079,44.6718,540700
2012-06-28,44.3963,44.4186,43.6963,44.2697,813500
2012-06-29,45.1781,46.3919,45.0515,46.3547,511500
2012-07-02,46.4292,46.4962,45.5877,46.1164,353000
2012-07-03,46.0494,46.6377,46.0047,46.5632,296200
2012-07-05,46.4217,46.6749,46.3026,46.5558,348900
2012-07-06,45.9824,46.0345,45.5505,45.9154,127900
2012-07-09,45.8707,46.0643,45.4462,46.0047,164800
2012-07-10,46.459,46.7643,44.925,45.2154,188000
2012-07-11,45.3718,45.3718,44.4409,44.7537,191600
2012-07-12,44.2399,44.9175,43.8229,44.6494,240000
2012-07-13,44.7314,45.6547,44.7314,45.5803,174100
2012-07-16,45.3717,45.3717,44.709,44.9845,207800
2012-07-17,45.1186,45.3568,44.5303,44.6047,408200
2012-07-18,44.3516,45.8781,44.1505,45.6771,790600
2012-07-19,46.2058,50.3535,45.4686,50.0705,1501500
2012-07-20,49.2737,50.5322,48.961,50.3758,838000
2012-07-23,49.445,50.1971,49.1918,50.0407,457400
2012-07-24,50.1673,50.1897,49.2737,49.8173,376400
2012-07-25,49.8769,50.4503,49.6163,50.3907,630700
2012-07-26,50.7928,52.1109,50.7928,51.5151,1022800
2012-07-27,50.8896,52.7587,50.7928,52.2747,344500
2012-07-30,52.2151,52.3268,51.2471,51.3364,426300
2012-07-31,51.18,51.6045,50.4205,50.4726,439900
2012-08-01,50.6364,50.8598,49.3259,49.4748,639900
2012-08-02,49.2663,49.512,48.2163,49.0801,501000
2012-08-03,49.8546,50.4056,49.7652,50.2269,321300
2012-08-06,50.2269,50.6886,50.1524,50.2269,268100
2012-08-07,50.4652,51.1428,50.3237,50.7481,372100
2012-08-08,50.1897,51.0088,50.1897,50.9567,184300
2012-08-09,50.4652,51.046,50.3982,50.8226,338000
2012-08-10,50.4354,51.2694,49.9291,51.113,257000
2012-08-13,51.0758,51.3811,50.5545,51.0981,155800
2012-08-14,51.2545,51.3215,50.8301,51.0386,396700
2012-08-15,50.8003,50.979,50.4577,50.7258,361300
2012-08-16,50.9578,52.3797,50.8979,52.2825,293100
2012-08-17,52.275,52.6941,52.2376,52.6192,304800
2012-08-20,52.4471,52.6716,51.9008,52.3199,168800
2012-08-21,52.3872,52.7914,52.1477,52.4022,357000
2012-08-22,52.3573,52.8961,52.0579,52.6716,288900
2012-08-23,52.5369,52.8213,52.1702,52.2151,179800
2012-08-24,52.1178,52.8213,51.8334,52.3573,180800
2012-08-27,52.5519,52.5669,52.028,52.0654,208100
2012-08-28,51.9831,52.245,51.8185,51.9831,208100
2012-08-29,52.1253,52.2974,51.7436,52.043,162900
2012-08-30,51.5865,52.2301,51.2946,51.9307,315500
2012-08-31,52.3423,52.3872,51.6014,51.9532,239000
2012-09-04,51.9532,52.492,51.1299,52.4022,566900
2012-09-05,52.4995,52.5743,51.9532,52.3573,274800
2012-09-06,52.5743,54.6174,52.5294,54.6174,561900
2012-09-07,54.7671,55.5829,54.4977,54.8045,369700
2012-09-10,54.7447,55.1563,54.2507,54.2732,133500
2012-09-11,54.2582,54.5276,53.9514,54.0412,223600
2012-09-12,54.333,54.7596,53.9139,54.1983,181000
2012-09-13,54.1609,54.5052,53.6371,54.3555,204800
2012-09-14,54.4303,55.1189,54.3705,54.9542,259400
2012-09-17,54.7596,54.7596,53.9065,54.2582,162400
2012-09-18,54.0636,54.595,53.9963,54.595,239900
2012-09-19,54.6324,54.7821,54.1759,54.5651,268200
2012-09-20,54.2956,54.4677,53.9064,54.1085,227500
2012-09-21,54.4603,54.6174,53.8092,53.869,391800
2012-09-24,53.5023,53.9888,53.1955,53.5173,298500
2012-09-25,53.6221,53.9065,53.203,53.3078,314000
2012-09-26,53.3078,53.4574,52.5968,52.6567,232500
2012-09-27,52.8886,53.3227,52.5444,53.3003,213600
2012-09-28,53.1057,53.8765,52.6716,53.7867,285800
2012-10-01,53.9514,54.4228,53.3452,53.5098,242800
2012-10-02,53.7343,54.131,53.3976,53.7717,184000
2012-10-03,54.0038,54.0337,53.2778,53.6071,236700
2012-10-04,53.8167,54.333,53.6969,54.1759,113400
2012-10-05,54.2507,54.7746,54.1534,54.4603,102300
2012-10-08,54.1684,54.7222,54.101,54.4827,252500
2012-10-09,54.4752,54.5501,53.5173,53.5323,142900
2012-10-10,53.3826,53.6595,53.1057,53.5772,224700
2012-10-11,53.9514,54.131,53.5846,53.7643,243400
2012-10-12,53.884,53.884,53.2329,53.3452,295500
2012-10-15,53.4799,54.4303,53.2105,54.378,198000
2012-10-16,54.6174,55.1637,54.4677,55.1114,215700
2012-10-17,54.8794,55.5978,54.5201,55.5679,330000
2012-10-18,56.6905,58.5764,56.4809,57.6035,1121500
2012-10-19,57.1545,57.162,56.2414,56.7653,519100
2012-10-22,56.6755,56.8028,55.9571,56.3163,356900
2012-10-23,55.5978,56.5932,55.2236,56.4659,243900
2012-10-24,56.8177,57.0946,56.4061,56.8925,358600
2012-10-25,57.3715,57.6334,56.9599,57.1545,286600
2012-10-26,57.2069,57.4613,56.8776,57.2593,180500
2012-10-31,57.2817,58.0675,57.2817,57.8729,324100
2012-11-01,57.4688,59.5268,57.4688,59.2499,325700
2012-11-02,59.5568,59.5568,58.7785,58.9356,301800
2012-11-05,58.6513,59.5643,58.6513,59.4296,137800
2012-11-06,59.3921,60.2079,58.988,59.7663,244800
2012-11-07,59.2051,59.3922,57.6185,58.0001,250800
2012-11-08,57.9178,58.307,57.6559,57.6559,212800
2012-11-09,57.5062,58.1648,57.2742,57.7532,164200
2012-11-12,57.9104,58.2546,57.626,57.7682,222000
2012-11-13,57.4538,58.1049,57.1919,57.2518,392400
2012-11-14,57.5885,57.6933,55.7176,55.7176,714700
2012-11-15,55.9658,56.4472,55.6649,55.7777,487900
2012-11-16,55.7401,56.3344,55.6574,56.2366,296300
2012-11-19,56.8234,57.7862,56.7933,57.7712,350400
2012-11-20,57.7862,58.5158,57.4853,58.4933,469800
2012-11-21,58.5234,58.9822,58.0871,58.4481,233500
2012-11-23,58.576,58.6738,58.0871,58.5459,123100
2012-11-26,58.3729,58.9672,58.1322,58.8318,233100
2012-11-27,58.7566,59.1176,58.3955,58.4406,128000
2012-11-28,58.2074,59.1327,57.9291,59.0951,341800
2012-11-29,59.3583,60.2234,59.2606,60.2008,226400
2012-11-30,60.2836,60.3287,59.411,59.757,277600
2012-12-03,60.1783,60.3889,59.2605,59.3809,144600
2012-12-04,59.3132,59.7645,58.8393,59.1628,147300
2012-12-05,59.2455,59.2455,57.9592,58.9296,290600
2012-12-06,58.8769,59.5389,58.5159,59.0725,190300
2012-12-07,59.1327,59.3583,58.4858,58.7189,259600
2012-12-10,58.7415,60.0353,58.4481,59.9677,310200
2012-12-11,60.2159,60.2159,59.2305,59.6592,306700
2012-12-12,59.9601,60.261,59.5915,60.1783,328100
2012-12-13,60.088,60.2686,59.2907,59.4261,131300
2012-12-14,59.4486,59.5088,58.5083,58.5911,246600
2012-12-17,58.8167,59.5615,58.6889,59.5088,164600
2012-12-18,59.584,60.0354,59.2079,60.0203,187700
2012-12-19,60.2911,60.2911,59.3057,59.3283,276000
2012-12-20,59.4185,59.5239,59.0274,59.5239,291200
2012-12-21,59.1101,59.5389,58.7641,58.8393,566400
2012-12-24,59.0876,59.4561,58.7114,59.1327,90400
2012-12-26,59.3207,59.3207,58.5083,58.6437,120900
2012-12-27,58.561,58.8845,58.0796,58.7791,149700
2012-12-28,58.3955,58.9296,58.1172,58.1774,129300
2012-12-31,57.9141,59.6442,57.8614,59.4185,270500
2013-01-02,60.7199,61.5699,60.088,60.8252,458500
2013-01-03,60.8553,61.0885,60.3438,60.6146,407400
2013-01-04,60.9155,60.9907,59.742,60.1557,395000
2013-01-07,60.0053,60.2008,59.8999,59.915,285000
2013-01-08,59.7946,59.9225,59.1402,59.5765,342600
2013-01-09,59.6216,60.4115,59.4938,59.9301,242700
2013-01-10,60.2685,60.3964,59.584,59.8021,177100
2013-01-11,59.757,60.0353,59.6517,59.8774,157800
2013-01-14,59.6592,60.1256,59.6592,59.9677,181600
2013-01-15,59.7345,60.4867,59.7345,60.4416,161200
2013-01-16,60.2008,60.5318,59.9977,60.4265,104500
2013-01-17,60.6823,61.1637,60.6522,60.8478,275700
2013-01-18,61.0283,61.2088,60.7424,60.9606,200100
2013-01-22,60.8177,61.1637,60.5393,61.1637,162100
2013-01-23,60.9305,61.1261,60.4566,61.096,160100
2013-01-24,61.2088,61.7504,60.9681,61.3818,202600
2013-01-25,61.3818,61.6451,60.7725,61.4721,173000
2013-01-28,61.427,61.4571,60.577,60.8478,182200
2013-01-29,60.7951,62.104,60.5845,62.0664,232700
2013-01-30,62.0438,62.0438,61.3743,61.4044,211800
2013-01-31,61.254,61.4119,60.7349,60.9456,261400
2013-02-01,61.5473,62.0889,61.2163,61.7429,274100
2013-02-04,61.4646,61.4646,60.6597,60.8402,300500
2013-02-05,60.9606,61.2615,60.3889,60.7801,367200
2013-02-06,60.4641,60.9907,60.3137,60.9155,275400
2013-02-07,61.1261,62.2018,57.6207,58.1021,777200
2013-02-08,58.0194,59.6066,57.9442,59.5314,613900
2013-02-11,59.4411,59.7044,58.8468,58.9672,483300
2013-02-12,58.8995,59.6969,58.734,59.2681,268400
2013-02-13,59.396,59.569,58.6287,59.4561,594500
2013-02-14,59.3283,60.577,59.0274,59.5539,477100
2013-02-15,59.6668,59.9075,59.238,59.7495,271500
2013-02-19,59.9075,60.1632,59.7871,60.1632,387700
2013-02-20,60.0504,60.1783,59.3583,59.3809,286600
2013-02-21,59.1929,59.3208,58.4256,58.6212,426100
2013-02-22,58.7415,59.3207,58.6287,59.2831,282700
2013-02-25,59.6592,59.7044,57.9216,57.9667,430200
2013-02-26,58.254,58.9041,57.9592,58.7983,216000
2013-02-27,58.7302,60.3102,58.7302,60.0456,217100
2013-02-28,60.0456,61.0662,60.0456,60.6806,437200
2013-03-01,60.2648,60.4689,59.7205,60.2194,313700
2013-03-04,59.9246,60.2573,58.6471,60.2119,408300
2013-03-05,60.4765,61.0359,60.348,60.9301,329600
2013-03-06,61.2854,62.0186,61.0813,61.8599,500200
2013-03-07,61.8296,61.8448,60.9376,61.3685,219500
2013-03-08,61.7238,62.0413,61.4215,61.9658,212900
2013-03-11,61.6785,62.2757,61.6709,62.2379,229800
2013-03-12,62.2681,62.2681,61.4819,61.7994,233800
2013-03-13,61.9053,61.9053,60.7562,61.0813,354100
2013-03-14,61.429,61.7692,61.2325,61.5046,178200
2013-03-15,61.2778,61.9355,60.8772,61.4063,547400
2013-03-18,61.0434,61.8523,60.7562,61.3685,288500
2013-03-19,61.6407,61.9809,61.0964,61.5348,235600
2013-03-20,61.9884,62.442,61.5726,61.8599,106400
2013-03-21,61.5651,61.9809,61.2778,61.4139,220300
2013-03-22,61.5802,61.8448,61.3383,61.6785,161100
2013-03-25,61.7768,62.117,61.5273,61.8297,542800
2013-03-26,62.0867,62.4193,61.6407,62.4117,185600
2013-03-27,61.8599,62.2379,61.3458,61.7541,305400
2013-03-28,61.7541,62.6234,61.497,62.5176,204700
2013-04-01,62.5251,62.8124,61.4214,61.8901,237500
2013-04-02,62.1925,62.3891,61.5878,61.807,234300
2013-04-03,61.8372,62.185,61.0964,61.2778,280100
2013-04-04,61.4139,62.0262,60.8545,62.0111,228600
2013-04-05,61.2702,61.7692,60.8167,61.686,245200
2013-04-08,61.7087,62.3891,61.5424,62.3513,137800
2013-04-09,62.5554,62.9333,62.0942,62.82,165000
2013-04-10,62.9107,64.0446,62.6537,64.0144,404500
2013-04-11,63.9917,64.6343,63.6213,64.4453,300100
2013-04-12,64.1731,64.5738,63.644,64.158,176200
2013-04-15,63.8178,64.2185,61.7314,61.7314,326200
2013-04-16,62.2379,63.1223,62.0262,62.4798,418400
2013-04-17,61.9884,62.5176,61.4517,62.374,406800
2013-04-18,62.5176,62.5176,60.9678,61.1417,359100
2013-04-19,61.3912,61.429,60.3858,61.361,466900
2013-04-22,61.361,62.3362,61.1644,61.9658,213100
2013-04-23,62.2681,62.5025,61.6105,62.2379,362600
2013-04-24,62.3135,63.9766,62.2757,63.7876,377400
2013-04-25,63.9539,64.9215,63.5684,64.3243,306000
2013-04-26,64.4075,64.4226,63.8103,63.8859,290800
2013-04-29,64.2261,64.7628,63.7649,64.3621,264900
2013-04-30,64.2714,65.1936,64.0144,65.1634,231900
2013-05-01,65.1634,65.5868,63.7422,63.7725,495400
2013-05-02,63.8178,64.9215,63.8178,64.7325,251100
2013-05-03,65.1937,66.4712,65.1937,65.9572,210700
2013-05-06,66.0479,66.3881,65.8211,65.9874,229500
2013-05-07,66.0328,67.0155,66.0328,66.9928,160900
2013-05-08,66.9626,67.5825,66.9626,67.4918,162100
2013-05-09,67.4237,67.9983,67.144,67.3028,155300
2013-05-10,67.386,67.8546,67.1214,67.5371,161400
2013-05-13,67.3859,67.7034,67.0458,67.3633,170300
2013-05-14,67.2725,69.2683,67.2725,69.1624,259100
2013-05-15,69.0188,70.3191,68.8374,70.2435,394600
2013-05-16,69.9398,70.5015,68.7101,68.953,440600
2013-05-17,68.9454,69.8335,68.8619,69.5831,444700
2013-05-20,69.3781,69.9398,69.3781,69.6438,392600
2013-05-21,69.5755,70.0613,69.1959,70.0461,281000
2013-05-22,70.122,70.79,68.5735,68.8923,291900
2013-05-23,68.1864,68.7937,68.0574,68.5811,367200
2013-05-24,68.2471,68.6798,67.5792,68.49,356400
2013-05-28,69.3933,70.0917,68.9682,69.3933,282600
2013-05-29,68.8392,69.3781,68.6266,68.8923,263200
2013-05-30,69.0214,69.9019,68.695,69.4313,188300
2013-05-31,69.0593,70.4105,69.0214,69.1428,233100
2013-06-03,69.2719,69.6893,68.3837,69.6362,217400
2013-06-04,69.5983,70.2131,69.0441,69.5375,270800
2013-06-05,69.3326,69.5603,68.5052,68.5963,224000
2013-06-06,68.4976,69.158,67.9967,68.8696,254900
2013-06-07,69.325,69.8639,69.0973,69.6969,277900
2013-06-10,69.8563,70.0157,69.492,69.659,212100
2013-06-11,68.9151,69.4996,68.3534,68.5508,249400
2013-06-12,68.991,69.2035,67.3211,67.6778,301200
2013-06-13,67.7082,69.2035,67.3894,68.9834,207500
2013-06-14,68.9379,69.2719,68.7253,69.1125,319800
2013-06-17,69.621,70.0841,69.3326,69.7349,242700
2013-06-18,69.8943,70.1979,69.6362,69.993,234800
2013-06-19,69.9398,70.3118,69.2111,69.2111,222700
2013-06-20,68.4293,68.7937,67.3818,67.564,365000
2013-06-21,68.0574,68.1485,65.8333,66.8505,516400
2013-06-24,65.894,66.1901,65.2944,65.4841,418200
2013-06-25,66.0383,66.9036,65.9548,66.6455,228200
2013-06-26,67.2907,67.8828,67.1541,67.4805,184200
2013-06-27,68.0194,68.361,67.6475,68.2471,220100
2013-06-28,67.9739,68.3838,67.526,67.8448,381000
2013-07-01,68.1864,69.5375,68.1864,69.2035,233800
2013-07-02,69.0518,69.5224,68.4749,68.695,247400
2013-07-03,68.3686,69.0745,68.0877,68.7861,137700
2013-07-05,69.492,69.9854,69.2112,69.8867,194900
2013-07-08,70.1068,70.289,69.4844,69.5072,197600
2013-07-09,70.1751,70.4712,69.6362,70.0992,137300
2013-07-10,69.9702,70.0461,69.2035,69.621,253300
2013-07-11,70.5926,71.4048,70.4939,70.9038,300800
2013-07-12,70.9342,71.0025,70.5775,70.79,188200
2013-07-15,70.9722,72.4903,70.8204,71.8755,251200
2013-07-16,72.0272,72.1563,70.7444,70.8128,197900
2013-07-17,71.2302,71.2302,70.1144,70.6761,297900
2013-07-18,70.9721,72.6421,70.9721,72.1107,600400
2013-07-19,72.1183,72.6952,71.8223,72.4447,666100
2013-07-22,72.5738,73.2493,72.3764,72.4675,303700
2013-07-23,72.5662,72.6573,71.8982,72.1183,304100
2013-07-24,72.3612,72.4599,71.8223,72.0804,305200
2013-07-25,71.7388,72.1335,71.124,71.8602,204900
2013-07-26,71.549,71.8299,71.0253,71.42,176200
2013-07-29,71.3365,72.1184,71.1771,71.7844,361900
2013-07-30,72.1108,72.3916,71.5643,72.0121,284900
2013-07-31,72.1791,72.6269,71.8451,71.9969,334300
2013-08-01,72.551,72.9989,72.4296,72.8319,428200
2013-08-02,72.5814,72.8243,72.2398,72.718,199100
2013-08-05,72.4523,72.9381,71.2682,72.8394,218500
2013-08-06,72.551,72.8926,72.0956,72.5131,341400
2013-08-07,72.3688,72.6725,72.05,72.4979,256600
2013-08-08,72.6952,73.0216,72.3992,72.8698,189500
2013-08-09,72.6345,73.3252,72.4371,73.2266,153700
2013-08-12,72.8698,74.5625,72.8698,74.1602,279300
2013-08-13,74.2437,75.185,74.1071,74.7978,252600
2013-08-14,74.7067,74.8433,74.0084,74.183,210400
2013-08-15,73.4239,73.8262,72.6041,73.0292,261200
2013-08-16,72.7863,74.8054,72.3688,74.684,411400
2013-08-19,74.6536,74.8661,72.8015,72.847,279300
2013-08-20,72.885,73.7351,72.4903,73.052,210100
2013-08-21,72.9834,73.3492,72.2594,72.4804,203200
2013-08-22,72.6633,73.7531,72.5643,73.0368,316100
2013-08-23,73.1892,73.4787,72.5262,72.9072,198900
2013-08-26,72.9377,73.3111,72.3433,72.5338,160500
2013-08-27,71.8632,72.1756,71.5202,71.7641,243900
2013-08-28,71.7412,72.0003,71.3678,71.7565,372500
2013-08-29,71.4745,72.5642,71.4745,72.2518,145300
2013-08-30,72.3737,72.6481,71.2154,71.3297,182200
2013-09-03,72.7014,72.8767,71.1392,71.2154,337000
2013-09-04,71.2002,72.4118,71.2002,72.2823,183500
2013-09-05,72.2213,73.5626,72.2213,73.2196,281700
2013-09-06,73.5169,73.8446,72.4804,73.0749,145100
2013-09-09,73.1663,74.2332,73.1663,73.8902,180400
2013-09-10,74.3932,75.5287,74.3018,74.6904,159700
2013-09-11,74.6752,75.9631,74.6752,75.4068,184200
2013-09-12,75.361,75.6964,74.8886,75.0486,96300
2013-09-13,75.2772,75.864,74.5151,75.8411,188500
2013-09-16,76.2069,76.9385,75.7954,75.8945,181300
2013-09-17,75.8107,76.1384,75.5287,76.0088,129300
2013-09-18,75.8793,76.4889,75.5973,76.207,345400
2013-09-19,76.3136,77.4796,75.9402,76.9538,409200
2013-09-20,76.969,77.2891,76.5956,76.8471,618900
2013-09-23,76.687,76.969,75.643,76.2679,242100
2013-09-24,75.9707,76.9843,75.9707,76.527,268800
2013-09-25,76.5042,76.7556,75.7345,75.8869,170300
2013-09-26,75.9478,76.3213,75.7116,76.3213,155800
2013-09-27,75.765,76.4661,75.4982,75.9936,127700
2013-09-30,75.1705,76.0926,75.1705,75.8259,146200
2013-10-01,76.1917,76.9004,75.9859,76.7785,299300
2013-10-02,76.2984,76.6642,75.4525,76.5118,153100
2013-10-03,76.1308,76.4661,74.9191,75.5287,184100
2013-10-04,75.5363,76.306,75.5287,75.8945,139600
2013-10-07,75.3306,75.6964,73.9741,74.0808,404600
2013-10-08,73.875,74.2789,72.8081,72.8767,237200
2013-10-09,72.9758,73.5169,72.0384,73.0215,299200
2013-10-10,73.8598,75.1401,73.776,75.1401,222500
2013-10-11,74.82,75.6506,74.5456,75.3915,160100
2013-10-14,75.1553,75.643,74.8505,75.4906,168500
2013-10-15,75.4601,75.925,74.3856,74.8733,174300
2013-10-16,74.98,75.1096,74.1494,75.0334,450600
2013-10-17,76.2146,76.7861,75.483,76.5118,1025500
2013-10-18,76.4813,77.632,76.2146,77.4186,710900
2013-10-21,77.7311,77.914,77.472,77.7768,207700
2013-10-22,78.2036,78.3103,77.5482,77.6549,291600
2013-10-23,77.3653,77.7235,76.7556,77.1976,395900
2013-10-24,77.3195,77.571,76.9995,77.2662,337700
2013-10-25,77.3348,77.8835,77.2586,77.7997,280100
2013-10-28,77.6549,77.9597,77.251,77.5329,275300
2013-10-29,77.6549,78.1807,77.4796,78.1807,233700
2013-10-30,78.3865,78.3865,77.1367,77.2281,177900
2013-10-31,77.3424,79.4381,76.9233,79.3086,482500
2013-11-01,79.7353,79.8268,78.5922,79.1028,281600
2013-11-04,79.6362,80.063,79.2324,80.002,189200
2013-11-05,79.5067,80.2459,79.2019,79.9487,173500
2013-11-06,80.2307,80.5964,79.5753,80.0097,143100
2013-11-07,80.0325,80.505,78.8513,79.1333,239300
2013-11-08,78.9276,80.0326,78.5923,79.9868,142700
2013-11-11,80.0859,80.4593,79.903,80.0249,112500
2013-11-12,80.0021,80.124,79.4534,79.522,253700
2013-11-13,79.2476,80.787,79.2476,80.7641,418900
2013-11-14,81.0461,81.8844,80.8479,81.5414,216700
2013-11-15,81.5262,81.8767,81.1299,81.5719,183100
2013-11-18,81.9148,81.9529,80.7794,80.9165,297000
2013-11-19,80.9546,81.1299,79.9716,80.2535,273200
2013-11-20,80.353,80.8887,79.7561,80.0546,132800
2013-11-21,80.1694,81.2407,80.1311,81.0647,111400
2013-11-22,81.0035,81.3326,80.552,81.302,143100
2013-11-25,81.4627,81.6923,80.9959,81.4397,145600
2013-11-26,81.3632,81.7688,81.1948,81.3861,135400
2013-11-27,81.3555,81.8147,80.6591,81.1489,136800
2013-11-29,81.2101,81.6157,80.575,81.2331,64600
2013-12-02,81.0111,81.0111,80.1234,80.5596,387500
2013-12-03,80.2459,80.728,80.1234,80.6591,157300
2013-12-04,80.0622,80.8045,79.1362,79.9857,172900
2013-12-05,79.7179,80.4678,79.5189,79.6107,291400
2013-12-06,80.3836,81.2866,80.2459,81.0877,214300
2013-12-09,81.1336,81.7381,81.0264,81.279,199300
2013-12-10,81.0035,81.5621,80.6056,80.8045,167900
2013-12-11,80.7433,80.9806,79.0215,79.1592,271200
2013-12-12,79.2204,79.3582,78.7383,78.9679,306100
2013-12-13,79.1975,79.7561,78.7307,79.427,253200
2013-12-16,79.9092,80.5214,79.1133,80.1082,204200
2013-12-17,80.0622,80.6132,79.3735,80.3454,293600
2013-12-18,80.6285,82.2738,80.001,82.2126,248900
2013-12-19,81.83,81.8683,81.3479,81.5315,346800
2013-12-20,81.5851,82.5952,81.3938,81.7994,294200
2013-12-23,82.2356,82.7483,81.8147,82.5953,187000
2013-12-24,82.6871,83.0544,82.6871,83.0315,73000
2013-12-26,83.108,83.5977,82.9473,83.3222,102100
2013-12-27,83.3452,83.3452,82.71,82.8554,98300
2013-12-30,82.8325,83.2917,82.6488,83.2151,117000
2013-12-31,83.5059,83.9804,83.1539,83.812,257500
2014-01-02,83.6284,83.9268,82.756,83.0697,252500
2014-01-03,83.2075,83.636,83.0085,83.2304,155200
2014-01-06,83.4677,83.8503,82.0902,82.3657,151300
2014-01-07,82.7942,82.9243,82.205,82.557,164300
2014-01-08,82.5188,82.7866,81.8836,82.4652,188500
2014-01-09,82.7177,83.0238,81.9677,82.2662,260400
2014-01-10,82.7636,82.8784,81.983,82.2891,230100
2014-01-13,81.8759,82.4958,80.8657,81.1106,206400
2014-01-14,81.3555,82.5952,81.1871,82.5799,163800
2014-01-15,82.6412,82.8784,82.381,82.6335,152100
2014-01-16,82.2738,83.0467,82.2738,82.5723,190900
2014-01-17,82.6565,82.955,82.1285,82.3963,209200
2014-01-21,82.7406,82.9626,80.9576,81.1106,301900
2014-01-22,81.1795,81.3249,80.6438,80.728,286700
2014-01-23,80.3607,80.6056,79.2281,79.4424,349300
2014-01-24,78.6159,78.9526,76.5267,76.5344,546300
2014-01-27,76.7562,76.7792,75.3635,76.0828,462700
2014-01-28,76.2205,76.8481,75.4553,76.7792,370200
2014-01-29,75.9986,77.0241,75.8915,76.5803,392100
2014-01-30,77.2154,77.5828,76.6338,77.0853,297100
2014-01-31,75.9374,77.5827,75.8762,76.6415,401900
2014-02-03,76.2742,76.9476,74.1773,74.4069,668400
2014-02-04,74.6135,75.4936,73.6493,75.0574,453700
2014-02-05,74.8201,75.4553,74.0472,74.6594,437400
2014-02-06,76.6032,80.5367,76.6032,80.4525,784500
2014-02-07,81.2637,83.2534,80.5979,83.1539,656000
2014-02-10,82.2892,82.7942,81.3555,82.4193,650000
2014-02-11,82.2279,83.9727,81.9218,83.5289,640000
2014-02-12,83.7967,84.0952,83.3223,83.4218,425000
2014-02-13,82.6718,83.812,82.4192,83.7432,290800
2014-02-14,83.1769,84.1028,83.0085,83.8503,306100
2014-02-18,83.7431,84.0951,83.3375,83.7278,295700
2014-02-19,83.6054,84.2712,82.9014,82.9779,269600
2014-02-20,83.2622,83.9537,82.8473,83.7463,268000
2014-02-21,83.9768,84.0997,83.462,83.5772,236800
2014-02-24,83.8077,84.4993,83.3698,83.9614,400000
2014-02-25,83.7847,84.2227,83.193,83.3851,293900
2014-02-26,83.6387,84.9373,83.631,84.2765,432700
2014-02-27,84.1843,85.5213,84.0921,85.3599,385400
2014-02-28,85.4828,86.5278,85.1601,86.1898,452600
2014-03-03,84.9987,86.0591,84.676,85.7133,376200
2014-03-04,86.8659,87.2808,86.3741,86.7506,391700
2014-03-05,86.7276,87.0196,86.3972,86.7123,253000
2014-03-06,86.8889,87.4268,86.6507,87.1502,232400
2014-03-07,87.5267,87.8802,87.1963,87.7342,200100
2014-03-10,87.4729,87.5344,86.5509,86.9735,165600
2014-03-11,87.3193,87.6497,86.2973,86.5202,226700
2014-03-12,85.7134,86.3434,85.5827,86.0207,185900
2014-03-13,86.4817,86.4971,84.4532,84.653,222700
2014-03-14,84.653,85.7133,84.653,85.3368,201600
2014-03-17,85.8055,86.5585,85.4674,85.8132,157400
2014-03-18,85.8593,86.7199,85.8593,86.6507,184900
2014-03-19,86.5509,87.0888,85.844,86.1437,273100
2014-03-20,85.8286,86.4433,85.552,86.4049,152000
2014-03-21,87.0734,88.5871,86.4279,86.4279,731000
2014-03-24,86.6431,87.3654,84.4839,84.9065,307700
2014-03-25,85.5827,86.8429,85.2677,86.8121,316500
2014-03-26,87.4268,87.8571,85.2907,85.3215,383700
2014-03-27,84.9449,85.1831,84.1765,84.822,192400
2014-03-28,85.1524,86.62,84.7068,86.2128,208100
2014-03-31,87.2193,88.7561,86.62,87.1963,333900
2014-04-01,87.5037,87.6266,86.9428,87.5575,296900
2014-04-02,87.7034,88.1184,87.1118,87.2424,328700
2014-04-03,87.7342,87.8802,86.9504,87.4422,256600
2014-04-04,88.1414,88.564,85.8055,85.9054,273600
2014-04-07,85.8978,85.9592,83.8692,84.4301,340300
2014-04-08,84.3917,85.0909,83.6156,84.7759,297700
2014-04-09,85.0449,86.305,84.8297,86.2359,192800
2014-04-10,86.1436,86.3741,84.3533,84.53,235000
2014-04-11,84.1766,84.8143,84.0075,84.0306,231400
2014-04-14,84.7682,84.8528,83.9153,84.4378,237000
2014-04-15,84.4609,85.2062,83.7079,84.9296,252100
2014-04-16,85.4982,86.5278,85.4214,86.4894,230500
2014-04-17,87.4038,89.2633,86.6892,89.0866,404000
2014-04-21,88.9406,89.6014,88.1952,89.417,337800
2014-04-22,89.7781,90.3006,89.3401,89.901,311900
2014-04-23,89.7781,90.5849,89.6167,89.8319,261500
2014-04-24,90.3928,90.4773,89.3171,89.9472,307500
2014-04-25,89.6014,89.7781,88.5256,88.7254,259300
2014-04-28,89.3939,89.5707,87.1887,88.4258,408600
2014-04-29,89.002,89.0712,87.788,88.3643,390600
2014-04-30,88.4334,89.5553,88.0877,89.1327,339900
2014-05-01,89.0097,89.2633,88.3566,89.1403,459800
2014-05-02,89.1019,89.8242,88.5948,88.6486,329700
2014-05-05,88.7485,89.6705,88.7177,89.1403,331000
2014-05-06,88.833,89.5015,88.4488,88.5717,396400
2014-05-07,88.7254,89.271,88.0262,88.9482,374900
2014-05-08,88.9559,89.6552,88.3336,88.5871,325100
2014-05-09,88.4488,88.5794,87.3654,88.2029,434400
2014-05-12,88.7408,89.878,88.7331,89.6552,283600
2014-05-13,89.9241,90.17,89.2633,89.3632,336900
2014-05-14,89.4169,89.4323,88.564,88.7715,221500
2014-05-15,88.4565,88.4565,86.6047,87.5652,357400
2014-05-16,90.1261,90.1878,87.5266,88.6759,382800
2014-05-19,88.1976,89.3161,88.0434,89.1078,217300
2014-05-20,89.3701,89.4241,86.8786,87.3569,259600
2014-05-21,87.6346,89.1696,87.3646,88.9382,348800
2014-05-22,88.9459,89.3701,88.5371,88.591,202700
2014-05-23,88.6219,89.4395,88.3134,89.347,192700
2014-05-27,89.5321,90.3883,89.4936,89.725,205600
2014-05-28,89.7635,90.3498,89.6093,90.0566,356300
2014-05-29,90.1106,90.4192,89.6247,90.2495,284100
2014-05-30,89.8947,90.6275,89.8947,90.4578,196200
2014-06-02,90.6815,91.1134,89.7944,90.8897,299700
2014-06-03,90.8897,90.8897,90.0952,90.2418,194900
2014-06-04,90.4192,90.4192,89.6555,89.6941,250700
2014-06-05,89.7327,90.4423,89.5938,90.0952,478400
2014-06-06,90.3729,91.4142,90.0952,91.2137,268800
2014-06-09,90.9669,91.8539,90.4963,91.4297,233400
2014-06-10,91.6842,91.6919,90.7817,91.4374,166800
2014-06-11,91.0594,91.0594,90.4809,90.8974,101900
2014-06-12,90.774,90.8975,89.8484,89.9873,140000
2014-06-13,90.4346,90.5658,89.8484,90.1107,115500
2014-06-16,89.8098,90.0567,89.347,89.9255,132400
2014-06-17,89.6016,90.9592,89.6016,90.8435,236900
2014-06-18,90.7663,91.5762,90.1107,91.5222,231400
2014-06-19,91.4142,91.6765,90.4423,91.5917,168400
2014-06-20,91.7459,92.147,91.314,92.147,605900
2014-06-23,92.201,92.2319,91.0208,91.2291,220100
2014-06-24,91.0286,91.6534,90.3806,90.4346,351300
2014-06-25,90.3189,91.1906,90.0489,91.1057,200300
2014-06-26,91.0286,91.2908,90.1106,91.2291,180400
2014-06-27,90.936,91.7922,90.936,91.5222,278300
2014-06-30,91.4142,91.6765,90.8434,91.4219,218200
2014-07-01,91.5299,92.5636,91.2291,92.2782,194300
2014-07-02,92.0854,92.8721,91.6148,92.0314,196500
2014-07-03,92.3476,92.903,92.2628,92.8413,89700
2014-07-07,92.255,92.7333,91.6534,92.1085,182100
2014-07-08,92.0314,92.0468,91.2446,91.6148,176400
2014-07-09,92.0159,92.0776,91.6688,91.9311,175700
2014-07-10,90.5812,91.3525,90.5272,90.8974,144400
2014-07-11,91.0594,91.1751,90.6274,91.152,224100
2014-07-14,91.8925,92.5482,91.53,91.9234,326200
2014-07-15,91.5531,92.3939,91.1674,91.3834,334200
2014-07-16,91.7922,92.201,91.1134,91.8231,331100
2014-07-17,94.8777,97.6469,94.4997,95.5488,969800
2014-07-18,95.6645,96.243,95.2633,95.3636,689700
2014-07-21,94.6694,95.4639,94.6694,94.8237,384800
2014-07-22,95.4099,96.0039,95.1476,95.3791,371300
2014-07-23,95.4948,95.6722,94.816,95.1091,378000
2014-07-24,95.3328,95.4639,94.5923,95.2865,423900
2014-07-25,95.4253,96.3278,95.1399,96.1658,387900
2014-07-28,95.8804,96.4281,95.1939,95.9036,558800
2014-07-29,96.1119,96.5053,95.3328,95.3482,587400
2014-07-30,95.5256,95.865,94.1449,94.9085,319600
2014-07-31,94.0755,94.3686,92.6484,92.7179,379000
2014-08-01,92.7024,93.0418,91.3371,92.3707,396300
2014-08-04,92.7256,93.7052,92.0468,93.4815,651900
2014-08-05,93.1035,93.4892,91.8385,92.1316,384000
2014-08-06,91.7922,92.0776,91.2368,91.7614,446100
2014-08-07,92.3399,92.3399,91.6071,91.9234,368300
2014-08-08,92.0237,93.551,91.7537,93.5201,279000
2014-08-11,93.8826,94.4534,93.6589,93.9135,201800
2014-08-12,94.0523,94.7388,93.9675,94.3223,262900
2014-08-13,94.6694,95.5642,94.4226,95.3328,307300
2014-08-14,95.5333,96.0887,95.5025,96.0733,247600
2014-08-15,96.4204,96.4204,94.9317,95.5333,376700
2014-08-18,96.0424,96.5593,95.6799,96.4436,165500
2014-08-19,96.513,97.0683,96.4512,96.7675,207000
2014-08-20,96.7829,97.6546,96.5515,97.454,266300
2014-08-21,97.3456,97.6939,96.8425,97.5314,259200
2014-08-22,97.3379,97.485,96.6103,96.7574,292300
2014-08-25,97.1057,97.5314,96.6877,97.4153,161200
2014-08-26,97.2915,97.4927,96.6954,96.7728,183900
2014-08-27,96.7496,96.9277,96.2388,96.7187,192600
2014-08-28,96.4942,97.067,95.8904,96.9354,221000
2014-08-29,97.098,97.1444,96.5019,96.7187,308900
2014-09-02,96.9818,97.4308,96.618,97.0902,428500
2014-09-03,97.5314,97.7946,97.2296,97.5934,412800
2014-09-04,97.7559,98.5532,97.2682,97.5392,261800
2014-09-05,97.5469,98.321,96.8657,98.3132,241900
2014-09-08,98.2049,98.2823,96.8116,97.245,471800
2014-09-09,97.3379,97.5779,96.7109,96.7496,350600
2014-09-10,96.8812,97.2683,96.1923,96.9819,216400
2014-09-11,96.7264,97.1212,96.5174,96.9277,366100
2014-09-12,96.9664,97.4308,96.68,97.3225,388400
2014-09-15,97.2218,97.3534,96.6258,97.036,203800
2014-09-16,97.0593,97.6553,96.2929,97.4076,260400
2014-09-17,97.7327,97.8797,96.2155,96.7496,295000
2014-09-18,96.9586,97.5315,96.4091,97.0128,374700
2014-09-19,97.7017,97.7017,95.6815,95.8672,577500
2014-09-22,95.5653,95.5653,94.7216,95.0699,286000
2014-09-23,94.9538,95.4183,94.3578,94.3733,366900
2014-09-24,94.412,95.3331,94.0095,95.1473,355300
2014-09-25,94.7603,94.7603,93.3051,93.3747,337600
2014-09-26,93.8237,94.4971,93.3825,94.2417,307500
2014-09-29,93.4754,94.0946,93.3051,93.9553,309400
2014-09-30,93.6998,94.1875,93.2199,93.7231,415100
2014-10-01,93.6457,93.6457,91.4473,91.7492,461300
2014-10-02,91.8653,92.4536,90.9287,91.6641,312000
2014-10-03,92.113,93.5992,92.0279,93.5837,412300
2014-10-06,93.6611,94.3113,93.3592,93.5682,479000
2014-10-07,92.918,93.1967,91.4705,91.5325,289500
2014-10-08,91.3544,93.1193,90.7971,92.9722,304700
2014-10-09,93.3438,93.4599,91.0138,91.1841,298700
2014-10-10,91.3467,91.3467,89.6051,89.6205,320500
2014-10-13,89.7908,90.1933,87.6157,87.6854,515600
2014-10-14,88.0337,89.9766,88.0337,88.7845,350000
2014-10-15,87.368,89.0555,86.1373,88.6607,679400
2014-10-16,89.2954,94.9461,88.1034,94.3191,1089900
2014-10-17,94.234,95.2712,93.4986,94.7061,819000
2014-10-20,94.7681,96.3626,94.4197,96.262,551100
2014-10-21,96.7574,98.9325,96.6955,98.917,539500
2014-10-22,99.0873,99.5827,97.2218,97.2605,524100
2014-10-23,98.5919,99.691,98.4216,98.7931,479300
2014-10-24,98.9015,99.5827,98.2358,99.2653,292300
2014-10-27,98.6693,99.0873,98.0887,99.0408,220800
2014-10-28,99.5827,100.8444,99.5827,100.767,360800
2014-10-29,100.7592,101.2159,99.2034,100.1787,309900
2014-10-30,99.7994,105.0398,96.7574,101.0147,304500
2014-10-31,102.4931,102.4931,101.3011,102.2841,332500
2014-11-03,101.9978,103.1511,101.6881,102.6557,255100
2014-11-04,102.2764,103.0427,102.021,102.8028,331800
2014-11-05,103.6233,104.0103,102.9498,103.9948,279500
2014-11-06,104.0722,105.0553,103.693,104.9624,367800
2014-11-07,105.69,106.3789,103.8323,104.5909,898400
2014-11-10,104.5908,105.3184,104.1187,105.0862,442700
2014-11-11,105.2333,105.5971,104.4361,105.0476,325800
2014-11-12,105.2178,105.5894,104.4747,105.303,326000
2014-11-13,105.0708,105.4423,104.3199,104.9469,318300
2014-11-14,104.4902,105.1249,104.0258,104.7611,436600
2014-11-17,104.258,104.7225,103.871,104.4128,372800
2014-11-18,104.498,105.6513,104.3045,105.2875,272100
2014-11-19,105.063,105.5042,104.1109,105.1017,402300
2014-11-20,104.721,106.042,104.5655,105.9099,296600
2014-11-21,106.8813,107.1066,104.9385,105.4669,483300
2014-11-24,105.6845,106.4616,105.5447,106.0731,327500
2014-11-25,105.7078,106.5083,104.3946,105.4747,2065600
2014-11-26,105.5602,105.8166,104.7831,105.7467,264400
2014-11-28,105.9332,106.2674,104.6277,105.1639,181000
2014-12-01,104.9074,105.1639,103.6486,103.7185,368400
2014-12-02,104.2003,105.296,103.8584,105.1639,274300
2014-12-03,105.6068,107.06,105.3271,106.8579,290400
2014-12-04,106.6559,106.9124,105.7079,106.1119,198700
2014-12-05,106.1197,106.8113,105.9487,106.2829,281100
2014-12-08,106.3295,106.8968,105.2105,105.6224,252800
2014-12-09,104.1303,105.9876,104.1226,105.8943,230200
2014-12-10,105.3504,106.0342,104.2625,104.6433,275800
2014-12-11,104.9307,106.2673,104.4567,104.6743,258400
2014-12-12,104.0915,104.4878,102.9958,103.0813,491500
2014-12-15,103.7651,104.4645,102.5218,103.0191,283000
2014-12-16,102.8015,104.9696,102.8015,102.988,300800
2014-12-17,103.2445,104.4567,102.0944,104.3091,304900
2014-12-18,105.9721,106.4306,105.1484,106.4228,396100
2014-12-19,107.06,107.1066,106.2052,106.4306,488100
2014-12-22,106.8036,107.2388,106.4461,107.1999,201500
2014-12-23,107.4952,108.3966,107.1999,108.0858,166700
2014-12-24,108.2878,108.4743,107.876,108.0858,63700
2014-12-26,108.3422,108.9639,108.2412,108.2878,96800
2014-12-29,108.2645,108.7774,107.806,107.9925,210700
2014-12-30,107.7438,108.0003,107.1766,107.3942,155400
2014-12-31,107.8138,108.1479,106.1197,106.2596,212000
2015-01-02,106.3451,106.9978,104.7676,105.9099,219300
2015-01-05,105.094,105.7156,103.905,104.006,437300
2015-01-06,104.006,104.5733,102.3975,103.6874,441500
2015-01-07,104.2469,104.9618,103.7418,104.3402,327100
2015-01-08,105.024,106.8502,105.024,106.7181,273800
2015-01-09,106.9123,107.262,105.397,105.4747,228900
2015-01-12,105.3893,105.8944,103.7884,104.1304,282800
2015-01-13,105.0085,106.0964,103.0813,104.0293,285500
2015-01-14,103.1745,104.8297,103.0735,104.7443,390600
2015-01-15,105.1095,105.498,103.3533,103.5242,270300
2015-01-16,103.3843,103.6563,101.8768,103.0113,458600
2015-01-20,103.1978,103.6563,101.9778,103.159,240500
2015-01-21,102.7471,104.2392,102.3042,103.975,298200
2015-01-22,104.1615,105.1328,103.6486,104.8142,349100
2015-01-23,104.853,105.195,104.278,104.3945,219900
2015-01-26,104.0993,105.0784,103.7884,104.8297,258400
2015-01-27,103.7574,104.2702,102.7704,103.4698,262900
2015-01-28,103.7185,104.3557,102.4285,102.5917,283900
2015-01-29,102.3353,105.2338,102.3197,105.094,231100
2015-01-30,104.55,104.8997,102.9414,103.1279,348500
2015-02-02,101.9545,102.2809,100.3537,102.1876,870300
2015-02-03,102.5373,103.633,102.3586,103.5009,431100
2015-02-04,103.2989,103.3066,101.6203,102.1488,591800
2015-02-05,105.5602,109.7254,105.5602,108.5365,1141300
2015-02-06,109.57,110.0829,108.7307,109.5622,618900
2015-02-09,109.57,110.7356,109.2514,109.4923,512000
2015-02-10,110.2694,110.6113,109.3291,110.5025,344400
2015-02-11,110.5103,111.2563,109.8109,110.9454,437400
2015-02-12,111.5049,112.5152,111.4195,112.4375,260500
2015-02-13,112.2199,113.4322,111.979,112.9892,385200
2015-02-17,113.0359,113.3856,112.1034,113.0126,271500
2015-02-18,112.6784,113.4011,112.2121,112.9815,333800
2015-02-19,112.6551,113.2612,112.2743,113.098,209600
2015-02-20,112.8796,114.0105,111.6084,113.9169,247800
2015-02-23,113.8857,113.9949,113.1448,113.7219,179700
2015-02-24,113.4802,114.8294,113.254,114.4863,305500
2015-02-25,114.3459,115.7498,114.3459,115.4924,452400
2015-02-26,115.5314,115.5938,114.4629,114.8139,294900
2015-02-27,115.001,115.2038,114.2445,114.8294,362700
2015-03-02,115.313,115.6796,114.4707,115.6562,252400
2015-03-03,115.43,115.4378,114.8061,115.3676,323100
2015-03-04,114.65,115.0634,113.8545,115.001,357200
2015-03-05,115.0478,115.5158,114.4941,114.9153,329900
2015-03-06,114.1432,114.6579,113.1136,113.3554,255100
2015-03-09,113.5504,114.4863,113.527,114.1275,288600
2015-03-10,112.8718,113.1448,111.8813,111.8813,371800
2015-03-11,111.8267,111.9515,110.727,110.9064,475200
2015-03-12,111.5226,112.7159,111.312,112.5833,387600
2015-03-13,112.5754,112.5754,110.4618,111.1404,460900
2015-03-16,111.8735,112.6067,111.4836,112.4897,387200
2015-03-17,112.5364,113.0278,111.6395,112.3259,280600
2015-03-18,112.3414,114.2445,111.3431,113.8467,333900
2015-03-19,113.4022,114.1197,112.4429,112.6067,292800
2015-03-20,112.7938,113.6205,111.9905,112.0685,696100
2015-03-23,112.3025,113.0044,111.6629,111.6941,363000
2015-03-24,111.468,112.0919,110.8206,111.351,364300
2015-03-25,111.5615,112.6456,110.3995,110.4151,300000
2015-03-26,110.1109,111.1404,109.8457,110.9064,261500
2015-03-27,110.9532,112.5131,110.844,112.3571,371700
2015-03-30,113.137,114.4473,113.137,114.1587,273000
2015-03-31,113.683,114.9387,113.0902,114.6969,436300
2015-04-01,114.5564,116.3503,114.1821,114.8294,546800
2015-04-02,114.8217,116.093,114.8217,115.274,300800
2015-04-06,114.2679,117.6372,114.2133,116.8885,379100
2015-04-07,117.2785,117.2785,115.6796,115.703,233500
2015-04-08,115.6718,116.3191,114.6579,115.7966,277600
2015-04-09,115.7654,116.2879,115.0166,115.1414,388200
2015-04-10,115.4456,115.7186,114.8061,115.7108,209600
2015-04-13,115.82,116.1553,114.6891,114.8528,248000
2015-04-14,114.7905,115.2428,113.8858,114.6423,186800
2015-04-15,115.0401,115.8122,114.8685,115.5002,250500
2015-04-16,115.0401,115.8746,114.6423,115.5314,234000
2015-04-17,114.5565,114.8606,113.3086,113.9949,338300
2015-04-20,114.7203,115.976,114.5877,115.9058,297900
2015-04-21,116.1632,116.1632,114.9854,115.781,287300
2015-04-22,115.781,116.4907,114.6735,116.3737,379000
2015-04-23,117.7932,119.5246,115.8979,119.1113,605600
2015-04-24,119.3297,120.3592,119.3141,120.055,492300
2015-04-27,120.7647,120.8739,119.2595,119.3765,428200
2015-04-28,119.1503,119.4779,118.152,118.2222,542400
2015-04-29,117.5124,117.8712,116.4829,117.3252,468600
2015-04-30,116.8027,117.5592,116.1943,116.6389,357900
2015-05-01,116.8807,118.6355,116.6623,118.3469,254100
2015-05-04,118.7759,119.509,118.6511,119.1035,204900
2015-05-05,119.0957,119.5324,117.9492,118.0584,278900
2015-05-06,118.5419,119.4622,118.2533,119.2907,378500
2015-05-07,119.0957,120.1642,118.8773,119.9926,254200
2015-05-08,120.7726,121.4433,120.6322,121.2639,307800
2015-05-11,121.0611,121.6383,120.055,121.2015,223000
2015-05-12,121.0612,121.7163,120.3592,121.2795,238800
2015-05-13,121.7631,122.7224,121.4667,121.9814,296800
2015-05-14,122.7692,123.3307,121.9736,122.9096,225300
2015-05-15,123.0499,123.2371,122.153,122.6054,254500
2015-05-18,122.0576,122.7541,122.0263,122.261,275100
2015-05-19,122.308,123.161,121.4941,122.9497,167500
2015-05-20,122.8793,123.028,122.0263,122.535,282000
2015-05-21,122.175,123.6462,122.1594,123.4428,164600
2015-05-22,123.3958,123.6071,122.9575,123.1688,144500
2015-05-26,122.5115,122.9027,121.6897,121.9402,253800
2015-05-27,122.5897,123.5288,121.9402,123.2627,165200
2015-05-28,123.3645,123.4506,122.2924,122.715,153700
2015-05-29,123.2627,123.2627,121.0246,121.6115,283500
2015-06-01,121.7211,122.0498,120.6568,121.3611,321500
2015-06-02,121.1968,122.5819,120.6646,122.0811,216700
2015-06-03,122.081,123.2314,122.081,122.6053,167600
2015-06-04,121.9715,122.5897,121.1733,121.4002,190700
2015-06-05,121.2828,122.2376,120.8211,122.0654,236000
2015-06-08,121.9089,122.2924,121.0872,121.1263,228100
2015-06-09,121.0559,121.5489,120.7976,121.0872,227800
2015-06-10,121.4707,123.6854,121.1498,123.5523,201000
2015-06-11,123.6853,124.0296,123.1375,123.6305,175900
2015-06-12,122.9888,123.2549,122.2924,122.7619,171300
2015-06-15,121.8854,122.6367,121.1576,122.4097,197400
2015-06-16,122.0811,123.4193,121.8306,123.3723,166200
2015-06-17,123.6853,123.9827,122.6993,123.6384,186000
2015-06-18,124.0532,125.2114,123.654,125.1175,281900
2015-06-19,125.1175,125.947,124.6166,125.1957,1529400
2015-06-22,125.9783,126.3852,125.4539,125.9078,221700
2015-06-23,126.1191,126.573,125.3991,125.6104,253900
2015-06-24,125.5635,126.2209,125.274,125.6574,256700
2015-06-25,126.2522,126.3696,125.2427,125.5792,442100
2015-06-26,125.7201,126.98,125.3288,126.9252,1163200
2015-06-29,126.1113,126.4713,123.8732,124.0532,287800
2015-06-30,125.1565,125.9939,124.2488,124.6244,393600
2015-07-01,125.72,126.4791,124.9922,126.3852,322200
2015-07-02,126.8626,127.0034,124.8983,125.8296,313500
2015-07-06,124.8201,125.9627,124.4836,125.1488,251100
2015-07-07,125.18,125.9,123.7323,125.8687,538000
2015-07-08,125.3757,125.6339,124.4522,125.0939,463400
2015-07-09,126.9722,127.1209,124.7497,124.781,259300
2015-07-10,126.1817,126.6356,125.0783,125.8922,316900
2015-07-13,126.6278,127.5356,126.5965,127.246,370300
2015-07-14,127.4495,128.4825,127.426,127.8329,348500
2015-07-15,127.8643,128.1616,127.066,127.246,187600
2015-07-16,127.6921,128.2321,125.7122,126.5339,631100
2015-07-17,126.2991,127.3165,125.7826,127.2382,376300
2015-07-20,127.113,128.7095,127.113,128.3182,269200
2015-07-21,127.8251,128.2947,126.3304,127.2069,340400
2015-07-22,126.9721,127.3869,126.2131,126.8782,415200
2015-07-23,126.3226,128.4747,125.5635,126.8313,594700
2015-07-24,127.3634,127.9034,124.7183,125.0079,448700
2015-07-27,123.5601,124.9609,122.7149,122.9341,503200
2015-07-28,122.934,126.2521,122.934,126.0956,450700
2015-07-29,126.5965,128.639,125.8296,128.5138,346500
2015-07-30,128.1303,128.9833,127.2695,128.639,243300
2015-07-31,129.1242,129.7972,128.6233,128.9677,243700
2015-08-03,129.0068,129.3433,127.1678,128.0365,302600
2015-08-04,127.7547,129.9068,127.7547,129.5781,344000
2015-08-05,130.5484,132.3092,130.4467,130.9945,491800
2015-08-06,130.9867,131.691,129.4841,129.8128,284700
2015-08-07,129.7502,130.6424,128.9911,129.9615,319000
2015-08-10,131.2528,132.3014,130.8537,131.0885,368700
2015-08-11,130.0867,130.345,128.8503,129.2337,396500
2015-08-12,128.2556,129.3277,127.1521,129.2103,291800
2015-08-13,128.999,130.8224,128.999,130.3215,269600
2015-08-14,130.3528,131.6284,130.0633,131.5267,184300
2015-08-17,131.5345,132.7945,130.6111,132.6536,313400
2015-08-18,132.8571,133.5849,132.7945,133.0293,234500
2015-08-19,132.4892,133.3422,131.5658,132.6301,318500
2015-08-20,131.4406,132.3092,130.3606,130.4467,352600
2015-08-21,129.1749,130.7765,126.2937,126.333,894800
2015-08-24,120.0132,125.2182,118.1369,121.1045,774900
2015-08-25,123.6245,123.7737,118.8984,118.9219,714300
2015-08-26,121.6383,122.3527,118.4431,122.2271,587600
2015-08-27,123.9385,125.9483,123.2319,125.65,480600
2015-08-28,125.0534,126.3487,124.6216,125.5244,304100
2015-08-31,124.7393,126.3879,124.4253,125.4301,280200
2015-09-01,123.2477,123.2477,120.5235,121.2457,524000
2015-09-02,122.3056,122.4783,120.445,122.0151,472300
2015-09-03,122.3134,124.2526,122.1643,123.5774,402900
2015-09-04,121.4891,122.7531,120.704,121.2143,329400
2015-09-08,123.5382,125.438,123.02,125.4066,292200
2015-09-09,126.3094,127.1337,123.5852,123.7736,209400
2015-09-10,123.5853,124.912,123.232,123.758,266900
2015-09-11,123.2477,124.2761,123.0122,123.9307,353400
2015-09-14,123.9464,124.2761,123.1849,123.9778,383600
2015-09-15,124.4724,125.2339,123.8836,124.4645,442900
2015-09-16,124.6058,125.4694,124.1819,124.8963,467100
2015-09-17,124.8806,126.7412,124.4802,124.9434,358400
2015-09-18,123.4989,124.284,121.9994,122.1407,1644900
2015-09-21,123.1299,124.2604,122.5019,123.2477,327100
2015-09-22,121.7325,122.125,120.9082,121.9131,359000
2015-09-23,122.1407,122.1407,120.4528,120.7197,359800
2015-09-24,119.5892,121.073,118.2075,119.6206,538100
2015-09-25,120.4921,121.3086,119.9661,120.6884,385600
2015-09-28,119.7305,120.1074,117.7914,118.2625,324600
2015-09-29,118.969,119.0947,116.1742,116.8965,576100
2015-09-30,118.0113,119.1339,116.763,118.498,542100
2015-10-01,118.6315,119.5893,116.8337,117.4539,522600
2015-10-02,115.8995,118.7885,115.0281,118.7885,712200
2015-10-05,120.4685,122.5646,120.4685,121.8267,687300
2015-10-06,121.8188,122.4391,120.9788,121.3478,302700
2015-10-07,121.8738,123.6088,121.6775,123.491,448300
2015-10-08,122.8944,127.7147,122.6275,126.9611,538400
2015-10-09,127.173,128.1229,126.5292,127.0945,265800
2015-10-12,127.1651,128.5469,126.7569,128.437,252200
2015-10-13,127.8482,128.751,126.7648,127.016,235000
2015-10-14,126.7491,127.856,124.5352,124.7864,538700
2015-10-15,125.2574,126.2152,123.6951,126.0818,393600
2015-10-16,126.2466,126.4508,124.9356,125.5872,244400
2015-10-19,125.0376,125.7677,124.5901,125.438,222900
2015-10-20,125.2653,126.5921,124.0484,125.0926,408500
2015-10-21,125.6893,127.0553,124.8257,125.6736,508200
2015-10-22,127.644,131.0905,126.8668,128.8373,571400
2015-10-23,129.5989,130.2034,127.6676,128.751,521100
2015-10-26,128.5705,129.2692,127.2437,127.4635,343900
2015-10-27,126.8747,127.2123,125.9012,126.3173,329700
2015-10-28,126.702,129.6224,126.5371,129.4026,374700
2015-10-29,129.2613,130.1485,128.2565,129.3791,272100
2015-10-30,129.4104,131.0041,128.751,130.2348,359000
2015-11-02,130.2113,131.2947,129.0023,130.9728,242700
2015-11-03,130.541,132.1033,130.1249,131.7343,378900
2015-11-04,131.9933,133.2573,131.8284,132.6842,296600
2015-11-05,133.1395,133.4536,131.6558,133.0296,264300
2015-11-06,132.8962,133.8618,131.8677,133.5949,256600
2015-11-09,133.2887,133.5399,132.2917,132.9354,387500
2015-11-10,132.4643,133.7833,131.8991,133.7205,376800
2015-11-11,133.7204,134.5526,133.1395,133.3122,245900
2015-11-12,131.9698,133.3594,130.9335,130.9728,350500
2015-11-13,130.6116,131.6793,129.7559,130.2269,319000
2015-11-16,129.748,130.8785,129.2299,130.2426,557300
2015-11-17,130.6273,130.9727,128.594,128.9865,415500
2015-11-18,129.6538,131.7971,129.0493,131.5851,377100
2015-11-19,131.9698,132.9589,131.8912,132.535,323400
2015-11-20,133.055,133.7562,132.4798,132.8817,328400
2015-11-23,132.7635,133.6145,131.7471,132.0544,398200
2015-11-24,131.038,133.5987,130.7228,133.3308,375000
2015-11-25,133.7248,135.2848,133.3387,134.6466,322000
2015-11-27,134.9224,135.4503,133.7642,135.3321,114600
2015-11-30,135.8837,136.4195,135.1115,135.6473,413400
2015-12-01,135.8994,136.8607,135.6237,136.6795,263800
2015-12-02,136.6243,136.9946,135.4424,135.5133,304000
2015-12-03,135.8206,136.4116,133.9218,134.3394,500900
2015-12-04,134.686,137.0419,134.2133,136.9552,236700
2015-12-07,136.837,137.2783,135.7734,137.168,396300
2015-12-08,135.663,137.1758,134.3078,134.5126,514200
2015-12-09,133.6696,135.5843,132.7557,133.4963,387600
2015-12-10,133.3859,134.6545,133.3859,133.7011,349200
2015-12-11,132.3538,132.6532,131.1404,131.6841,372600
2015-12-14,132.0071,133.1733,131.432,132.6375,340100
2015-12-15,133.6381,134.0557,132.1095,132.9841,433000
2015-12-16,134.0084,135.3084,133.1811,134.9381,337200
2015-12-17,135.3085,135.8285,133.4254,134.3,333400
2015-12-18,133.3229,134.3945,131.3059,131.3374,668300
2015-12-21,132.2041,133.6775,130.8725,132.7399,433400
2015-12-22,133.6302,134.6624,132.3223,134.1739,251200
2015-12-23,134.82,136.2776,134.4103,135.8049,446700
2015-12-24,135.7418,135.9625,134.9382,135.4109,106300
2015-12-28,135.0169,135.8363,134.0557,135.6,207400
2015-12-29,136.7267,137.5068,135.7812,137.0261,178200
2015-12-30,136.9316,137.4989,135.7497,135.8521,140900
2015-12-31,135.5212,136.4825,135.0012,135.0721,165400
2016-01-04,132.992,133.5514,131.1877,132.7871,413800
2016-01-05,133.1102,133.906,131.6605,132.6375,349300
2016-01-06,131.0222,132.8502,130.8252,132.2041,462600
2016-01-07,130.0058,130.9828,129.0761,129.407,399700
2016-01-08,130.0926,130.9041,127.6579,128.0519,468200
2016-01-11,128.5324,129.147,126.5784,128.4694,430500
2016-01-12,129.4149,130.4392,128.0597,129.8719,383100
2016-01-13,130.0058,130.4707,127.1536,127.256,478900
2016-01-14,127.5633,129.2494,125.6801,128.493,418200
2016-01-15,125.302,126.9487,122.1976,123.9389,714500
2016-01-19,124.4904,124.5849,122.7097,122.8515,840600
2016-01-20,121.189,121.9454,116.2252,120.4011,934600
2016-01-21,120.1727,121.2679,117.8247,118.589,846500
2016-01-22,119.8732,121.5357,118.652,120.6296,630000
2016-01-25,120.5508,121.8115,120.2042,120.8896,829600
2016-01-26,121.8352,125.4202,121.5594,125.3256,472800
2016-01-27,124.845,127.5948,123.9546,124.5692,408600
2016-01-28,125.0656,125.7275,122.5443,123.8838,537600
2016-01-29,124.6323,127.2954,124.128,127.2954,583400
2016-02-01,124.845,127.6657,123.6788,126.9329,504900
2016-02-02,126.0662,126.0662,120.8817,121.7721,951700
2016-02-03,122.7885,122.8988,118.1004,120.6611,893600
2016-02-04,121.8194,121.8194,113.0578,114.3657,2109500
2016-02-05,114.0269,114.0269,109.0631,110.2292,1256700
2016-02-08,108.8346,109.4176,104.8635,106.6914,1628600
2016-02-09,105.8641,108.3855,105.6435,106.983,895000
2016-02-10,107.8103,112.9475,107.8103,111.3795,1215700
2016-02-11,109.1576,110.8201,107.0854,108.7558,651100
2016-02-12,110.0085,111.0801,109.2679,110.3158,719800
2016-02-16,112.262,113.2626,111.025,111.7893,510500
2016-02-17,112.8135,113.4754,111.6474,113.0263,544600
2016-02-18,113.1839,114.3263,112.6796,114.1687,624200
2016-02-19,113.5778,114.9803,113.436,114.4209,494100
2016-02-22,115.6106,116.3513,115.2718,116.1307,512200
2016-02-23,115.6084,116.9535,114.1843,114.3584,343100
2016-02-24,113.5118,115.5056,112.7839,115.3158,491200
2016-02-25,115.3157,115.6876,113.3852,114.3584,530100
2016-02-26,114.9676,116.993,114.5008,116.4866,400200
2016-02-29,116.0436,116.9693,114.4138,114.4612,404900
2016-03-01,115.6243,119.509,114.659,119.1134,727900
2016-03-02,118.4726,119.9521,118.1403,119.3191,578200
2016-03-03,119.3192,122.2545,118.5675,121.8985,658100
2016-03-04,121.7639,123.4254,120.9648,121.8746,671600
2016-03-07,121.4316,122.9823,120.9806,121.7402,439400
2016-03-08,120.2844,121.1309,118.8523,120.229,476200
2016-03-09,120.5534,120.8936,119.0739,119.7622,403100
2016-03-10,120.3873,120.4585,117.4519,118.9631,535100
2016-03-11,119.8888,121.3762,119.8888,120.8936,293200
2016-03-14,120.4663,122.1991,120.4584,121.9221,370400
2016-03-15,120.7907,122.832,120.5296,122.6105,327800
2016-03-16,122.0725,123.8368,121.7244,123.3542,304000
2016-03-17,123.2751,123.6865,122.8162,123.4255,665200
2016-03-18,123.6944,124.2482,122.8953,122.8953,730200
2016-03-21,123.1406,125.4588,122.5551,125.0236,375900
2016-03-22,124.9287,125.1739,123.5995,124.1137,467400
2016-03-23,123.9951,124.2878,122.8399,123.2751,282800
2016-03-24,122.65,125.0869,122.0646,124.8812,433400
2016-03-28,124.8337,125.435,124.09,125.0869,258300
2016-03-29,124.1691,125.7515,123.4729,125.6249,339000
2016-03-30,125.7989,126.5901,125.2847,125.435,202000
2016-03-31,125.7278,125.7278,123.8131,124.2087,671500
2016-04-01,123.4254,126.0838,123.0298,125.9889,516600
2016-04-04,125.7198,125.7198,122.1595,122.5551,500400
2016-04-05,121.487,122.0804,120.6641,121.574,497800
2016-04-06,121.1705,124.2087,120.8303,123.9951,599600
2016-04-07,122.8478,124.5014,121.8035,122.8636,805500
2016-04-08,124.264,125.6407,123.5915,124.8495,486600
2016-04-11,125.2056,125.5063,123.2514,123.5599,347900
2016-04-12,123.5678,124.3353,122.9349,123.5915,406900
2016-04-13,124.4856,126.2658,124.272,126.2025,346000
2016-04-14,126.3765,127.5158,125.5932,127.1519,540800
2016-04-15,127.4605,127.5396,126.511,127.2548,289000
2016-04-18,126.6218,127.8719,126.5506,127.4921,444700
2016-04-19,128.1093,128.4099,126.7959,127.8561,643600
2016-04-20,127.4684,128.1092,126.6693,127.6424,766700
2016-04-21,128.1725,128.1725,125.4904,126.7484,823200
2016-04-22,126.9383,128.4495,126.4003,127.1044,900700
2016-04-25,127.2231,127.9589,126.1866,127.9114,632600
2016-04-26,128.4573,129.3514,127.5,127.9984,385100
2016-04-27,127.9985,128.9479,127.1202,128.7105,432400
2016-04-28,128.0697,130.0081,127.0965,127.4684,411700
2016-04-29,126.6614,127.3734,125.8306,126.0205,415200
2016-05-02,126.337,126.6693,125.4746,126.1471,390900
2016-05-03,125.1265,125.4983,122.9744,123.821,600400
2016-05-04,123.2751,124.9287,122.9902,124.7783,493600
2016-05-05,124.81,125.9493,124.5014,125.3638,416900
2016-05-06,125.0078,126.8275,124.9049,126.6297,385800
2016-05-09,126.424,126.8829,125.6012,126.1471,380400
2016-05-10,126.78,128.6868,126.3291,128.6789,335500
2016-05-11,128.4811,129.5887,127.9352,128.8529,518400
2016-05-12,128.9242,129.5888,127.5554,129.1932,453000
2016-05-13,128.8846,129.2961,127.3893,127.864,408300
2016-05-16,128.0064,129.9448,127.5,129.5967,416100
2016-05-17,129.5017,130.8072,129.027,129.7865,642800
2016-05-18,129.4451,130.4378,128.8813,129.6834,461400
2016-05-19,128.8813,128.9051,127.3009,128.4286,409700
2016-05-20,129.0242,129.2227,128.0395,128.8098,1189900
2016-05-23,128.5001,129.1671,127.9601,128.786,277500
2016-05-24,129.4451,130.6998,128.7939,130.5489,293900
2016-05-25,130.7078,131.0334,128.8495,129.183,345400
2016-05-26,129.0401,129.6516,128.111,129.1989,327400
2016-05-27,129.0321,129.858,128.6827,129.0877,337400
2016-05-31,129.2306,129.4451,127.9997,128.508,461300
2016-06-01,127.7932,129.9215,127.15,129.7945,356200
2016-06-02,129.7468,129.7468,127.1818,128.8812,645600
2016-06-03,128.4921,128.6588,126.1573,126.3479,739200
2016-06-06,126.7212,126.8085,125.6888,126.2685,358300
2016-06-07,126.467,127.015,126.1256,126.6656,406300
2016-06-08,126.4591,127.285,126.1494,126.7847,422600
2016-06-09,126.5465,127.5153,125.8079,127.3406,278700
2016-06-10,126.2685,126.2685,123.489,123.8067,504400
2016-06-13,123.2508,123.8226,122.1707,122.2263,265100
2016-06-14,121.7022,122.0357,120.4792,121.9087,417600
2016-06-15,121.9563,122.2819,121.3686,121.5434,257100
2016-06-16,120.7095,122.2263,120.1139,121.8928,545300
2016-06-17,122.1946,122.4884,120.7651,121.4799,398300
2016-06-20,122.7504,124.1005,122.0436,122.4566,280600
2016-06-21,122.6075,123.2508,122.2899,122.7107,470800
2016-06-22,122.6869,123.0681,120.7492,120.9954,393400
2016-06-23,122.2025,123.632,122.2025,123.5843,546800
2016-06-24,120.098,120.7492,118.4701,119.2245,1045200
2016-06-27,118.1127,119.0418,117.1359,117.5568,627800
2016-06-28,118.9703,120.1774,118.5415,120.1218,621400
2016-06-29,121.2495,122.671,120.3442,122.4646,473500
2016-06-30,122.957,125.3473,122.1708,125.3314,854100
2016-07-01,125.4982,126.3956,125.1011,125.4744,657400
2016-07-05,124.6564,124.6564,122.1787,123.1237,557700
2016-07-06,122.7664,124.3388,122.6711,124.1561,549100
2016-07-07,123.9337,125.1329,123.9337,124.8787,375900
2016-07-08,126.0224,127.3168,125.7285,127.1898,485100
2016-07-11,127.6583,128.6112,127.285,128.1745,325100
2016-07-12,128.7303,129.2227,127.8806,129.2068,390200
2016-07-13,129.8263,129.8263,128.6827,128.9686,264400
2016-07-14,130.1201,130.2233,128.7462,129.2068,373000
2016-07-15,129.4689,129.9772,128.8257,128.9766,293300
2016-07-18,128.4445,128.4445,127.69,128.103,484500
2016-07-19,127.0627,127.5788,126.3797,127.1183,440600
2016-07-20,127.5074,128.4286,127.2215,128.3492,553000
2016-07-21,123.3381,126.9753,123.3381,123.9179,1007400
2016-07-22,124.5452,126.8165,124.1958,125.6967,454400
2016-07-25,125.4506,125.6729,125.3076,125.5935,443800
2016-07-26,126.0621,126.0621,124.8788,125.3076,398600
2016-07-27,124.7437,125.2758,123.7908,123.8464,425500
2016-07-28,123.6876,124.1164,122.7981,123.4493,361600
2016-07-29,123.219,125.0932,122.5043,124.8153,546000
2016-08-01,124.6802,125.4108,123.9417,124.7438,446500
2016-08-02,124.6246,124.6723,122.2978,122.5281,402700
2016-08-03,122.6869,122.7822,121.7816,122.536,467300
2016-08-04,122.7822,122.8775,121.5831,121.8531,365600
2016-08-05,122.2501,124.2752,122.1071,124.2037,483300
2016-08-08,124.6405,124.8788,122.9808,123.1952,375800
2016-08-09,123.0284,124.7358,123.0284,123.9417,340900
2016-08-10,123.902,124.3785,123.2984,123.7352,254400
2016-08-11,124.3309,125.0535,123.9656,124.5215,282100
2016-08-12,124.0211,124.2593,121.6228,121.9166,498700
2016-08-15,122.1707,122.401,120.8286,122.0119,692000
2016-08-16,121.7816,122.6631,120.098,120.7254,322900
2016-08-17,120.8769,121.9852,120.255,121.8656,360100
2016-08-18,121.9693,123.1653,121.6184,122.3998,464600
2016-08-19,122.1447,122.966,121.6344,122.7268,403900
2016-08-22,122.3281,122.4796,121.459,122.1527,333800
2016-08-23,122.5992,123.6676,122.2802,123.3885,386200
2016-08-24,123.1573,124.1938,122.7746,123.6038,441300
2016-08-25,123.2051,124.1141,123.0616,123.8589,360100
2016-08-26,124.3692,124.7041,122.5673,122.8702,284800
2016-08-29,122.95,124.154,122.95,123.6915,240000
2016-08-30,123.7394,123.7394,122.6709,123.245,336700
2016-08-31,123.1733,123.3806,121.8497,122.2244,482200
2016-09-01,122.4158,122.9181,120.9168,122.1447,342600
2016-09-02,122.8463,122.8463,122.0889,122.5354,239400
2016-09-06,123.1175,123.3886,120.7175,121.8098,439500
2016-09-07,121.8178,122.2643,120.5101,120.6537,700200
2016-09-08,120.3347,121.4031,120.1752,120.6218,489300
2016-09-09,119.6091,119.9759,117.6078,117.6237,690200
2016-09-12,117.0337,118.2616,116.6829,117.831,405200
2016-09-13,116.962,117.7513,116.4756,117.0178,426800
2016-09-14,117.0656,117.7991,116.5872,117.4164,506900
2016-09-15,117.1214,118.8596,116.7626,118.4051,298300
2016-09-16,117.9507,118.1899,116.9779,117.9985,471900
2016-09-19,118.5407,119.4337,118.2696,119.0909,470400
2016-09-20,119.5613,119.5613,118.4291,119.1865,334100
2016-09-21,119.2822,119.9042,118.6603,119.5214,361700
2016-09-22,119.8244,121.8975,119.8244,121.8337,416900
2016-09-23,121.4908,121.4988,120.6776,121.0284,307800
2016-09-26,120.7174,120.9965,120.1035,120.3825,398200
2016-09-27,120.239,121.0922,119.9041,120.3506,431900
2016-09-28,120.5261,120.9646,119.4018,120.3108,433000
2016-09-29,120.3666,121.1321,118.9553,118.9633,338400
2016-09-30,119.7527,121.5945,119.1945,121.164,506700
2016-10-03,120.542,121.8576,119.7845,120.1353,387500
2016-10-04,120.3746,120.8131,119.1626,119.944,328400
2016-10-05,120.1035,120.6696,119.8722,120.534,355300
2016-10-06,120.2549,122.2642,119.4177,121.9214,597200
2016-10-07,121.7221,121.7221,119.7845,119.8324,516400
2016-10-10,120.3108,120.6138,118.6125,119.0271,578800
2016-10-11,118.8038,118.8038,116.3001,116.9699,566600
2016-10-12,117.1693,117.8151,116.9779,117.5121,357600
2016-10-13,116.332,116.8662,115.75,116.3878,470100
2016-10-14,117.3128,118.5726,117.1374,117.4723,510700
2016-10-17,117.6158,119.5852,117.5281,118.9394,592100
2016-10-18,120.0397,120.2949,119.0909,119.2503,402800
2016-10-19,118.9713,119.1706,117.9028,118.8915,679800
2016-10-20,120.3586,131.2982,120.3586,126.8251,2060700
2016-10-21,125.6769,126.9048,123.9387,126.4343,1192300
2016-10-24,126.8331,128.34,125.7088,127.3513,867900
2016-10-25,127.0084,127.0084,124.4888,124.9911,730800
2016-10-26,124.3852,125.0311,123.3806,123.5719,817800
2016-10-27,124.146,124.146,122.4158,122.5752,545800
2016-10-28,123.1812,123.6756,122.0251,122.1606,340500
2016-10-31,122.7985,123.3805,122.049,122.8702,350500
2016-11-01,123.253,123.253,120.9327,121.2756,343700
2016-11-02,121.3872,122.3121,121.14,121.4829,317500
2016-11-03,121.4829,121.9852,121.0125,121.7939,282300
2016-11-04,121.6344,123.245,121.148,122.6949,490700
2016-11-07,124.744,125.9001,124.2895,125.7885,431100
2016-11-08,125.5334,126.5699,124.6563,126.0357,363500
2016-11-09,124.1779,128.8344,124.1779,127.9174,544800
2016-11-10,129.0018,132.8928,128.8104,132.8689,745100
2016-11-11,132.6775,134.2802,131.9838,132.7333,750200
2016-11-14,133.0921,134.6469,133.0921,133.6423,569700
2016-11-15,133.7699,134.3838,132.7413,134.3599,703200
2016-11-16,134.3199,134.9205,133.3911,133.4071,468600
2016-11-17,133.6073,134.8244,131.9738,134.1598,191700
2016-11-18,133.8795,134.7443,133.5593,134.336,236200
2016-11-21,134.9284,135.8813,133.7994,134.9605,351000
2016-11-22,135.2407,137.6829,135.0486,136.7461,648600
2016-11-23,137.7229,137.7309,135.4409,135.4649,378700
2016-11-25,135.7211,136.8902,135.4809,136.5859,153800
2016-11-28,136.4338,136.6099,134.7763,134.8243,384500
2016-11-29,134.8004,134.8564,133.7194,134.368,625800
2016-11-30,135.0246,135.5611,133.7514,133.8795,463600
2016-12-01,133.8315,135.4649,133.1348,133.9676,493700
2016-12-02,133.9196,134.6082,133.1188,133.9356,386900
2016-12-05,134.448,136.3938,133.9996,135.3448,383200
2016-12-06,135.7372,136.4738,134.384,135.8092,333200
2016-12-07,135.9134,138.5557,135.481,138.4436,404100
2016-12-08,137.9792,138.924,137.6989,138.6918,439000
2016-12-09,138.4596,142.4151,137.9551,141.0859,598500
2016-12-12,141.2861,141.8626,139.5245,140.037,562300
2016-12-13,140.6776,140.9178,138.6117,138.7719,402200
2016-12-14,138.7719,139.7808,137.1705,137.4027,383700
2016-12-15,137.5067,139.7968,137.2585,139.6607,384900
2016-12-16,139.6447,139.6927,137.5628,137.7069,623200
2016-12-19,137.787,139.2523,137.5148,137.9632,356900
2016-12-20,138.3155,139.9569,137.9391,139.6527,327600
2016-12-21,139.7968,140.005,138.884,139.0201,193200
2016-12-22,138.916,139.6527,137.4187,138.3956,300100
2016-12-23,138.8039,139.2123,138.2834,138.8519,113900
2016-12-27,139.1162,139.4044,138.5397,139.3083,155700
2016-12-28,139.4205,139.997,137.2265,137.5148,138500
2016-12-29,137.699,138.6118,137.1064,137.8431,188900
2016-12-30,138.0913,138.4436,136.698,137.1384,214200
2017-01-03,137.5467,138.6837,136.1695,137.0423,342100
2017-01-04,137.3146,139.5646,137.1064,138.3395,325900
2017-01-05,137.9712,138.9561,135.9614,137.4828,228700
2017-01-06,137.7229,139.3164,137.1144,138.6758,228900
2017-01-09,138.9241,139.5486,138.5878,139.3164,338100
2017-01-10,139.0121,141.5424,139.0121,141.142,463800
2017-01-11,141.2141,142.223,140.6215,142.0548,396200
2017-01-12,142.0147,142.271,140.045,142.1028,410900
2017-01-13,142.4552,142.9837,141.2381,141.8306,231600
2017-01-17,141.2301,141.5583,138.956,139.6607,370000
2017-01-18,140.0531,141.086,139.6207,140.2853,241700
2017-01-19,140.1651,141.3422,139.5245,140.021,233400
2017-01-20,140.6295,140.9017,139.1962,139.9969,235900
2017-01-23,139.997,140.5495,137.9952,139.0441,223700
2017-01-24,139.5406,142.5032,139.5406,142.0308,316900
2017-01-25,143.0477,143.424,141.2861,143.336,332900
2017-01-26,143.2959,144.497,142.3351,144.1447,465200
2017-01-27,144.5931,144.7212,143.5842,144.6171,432700
2017-01-30,145.1216,145.3778,143.6963,145.3137,495400
2017-01-31,144.7452,145.4178,142.7114,145.3537,818900
2017-02-01,145.5139,145.5139,142.5673,144.3689,897800
2017-02-02,140.7256,142.8635,131.5334,133.7033,2264400
2017-02-03,136.0815,138.86,134.5361,135.9454,1233800
2017-02-06,136.4658,136.682,133.359,134.4,802600
2017-02-07,134.7042,134.8884,133.2469,133.5752,565000
2017-02-08,133.7354,133.8555,132.7025,133.4071,447600
2017-02-09,133.4551,136.0575,133.1188,135.0806,837600
2017-02-10,135.537,136.2176,135.1687,136.0334,348700
2017-02-13,136.9222,138.2034,136.706,137.6108,404900
2017-02-14,137.7229,138.6518,135.8092,138.4596,576600
2017-02-15,138.1233,140.7497,137.9151,140.4053,553200
2017-02-16,140.7096,140.9018,138.0032,138.7719,585900
2017-02-17,138.2995,139.0521,137.7229,138.1794,480900
2017-02-21,138.4356,139.0922,137.4107,138.0352,517200
2017-02-22,137.8825,138.3649,136.8533,137.4804,568000
2017-02-23,138.0191,138.2443,136.6282,137.5126,272900
2017-02-24,136.6845,137.7779,135.6071,137.7779,493600
2017-02-27,137.794,138.3729,136.9176,137.5689,351800
2017-02-28,137.2071,137.5287,135.8,136.4191,372800
2017-03-01,138.4855,140.3026,137.9548,138.9759,584900
2017-03-02,139.394,139.4986,137.2714,137.5528,350200
2017-03-03,137.5448,137.5448,135.8804,137.0784,434900
2017-03-06,136.3387,136.7649,135.5669,135.8885,369300
2017-03-07,136.001,136.6684,135.3578,135.4463,245700
2017-03-08,135.6392,136.7327,135.4382,135.8885,269300
2017-03-09,135.8885,136.8614,134.8031,135.3498,300400
2017-03-10,135.4704,136.8373,135.4543,136.5558,310300
2017-03-13,136.1297,137.3518,135.9448,137.2955,460800
2017-03-14,136.5237,137.0945,135.8,136.2422,297100
2017-03-15,136.6523,139.2091,136.6201,138.4935,343000
2017-03-16,138.8714,139.6996,138.6302,139.0081,338700
2017-03-17,139.5146,139.6031,138.4694,139.0001,341000
2017-03-20,139.0001,139.0965,137.9468,138.0835,224900
2017-03-21,138.7991,139.3056,135.792,136.3227,357800
2017-03-22,135.8804,135.8804,133.3638,134.4171,816200
2017-03-23,135.0201,135.7276,133.5568,133.7578,673500
2017-03-24,134.1518,134.5619,132.4232,133.0825,588900
2017-03-27,132.3588,132.8573,130.4452,132.592,589400
2017-03-28,132.407,135.2774,131.997,134.8754,325900
2017-03-29,134.6583,135.4865,134.4332,134.4895,283200
2017-03-30,134.4251,135.8241,134.0312,135.3257,260100
2017-03-31,135.0523,136.1699,134.8513,135.6151,597000
2017-04-03,135.6151,136.001,133.1628,134.4493,454300
2017-04-04,134.4653,134.8834,132.0452,132.4553,501900
2017-04-05,132.8091,133.8623,130.9759,131.1689,455700
2017-04-06,131.4422,133.1226,131.0643,132.1899,447400
2017-04-07,132.0211,133.2754,131.9326,132.1658,522700
2017-04-10,132.1739,132.9618,131.7558,132.1578,316800
2017-04-11,131.9407,132.8492,131.2331,132.8171,530700
2017-04-12,132.7608,133.2593,130.3246,130.7588,798800
2017-04-13,130.5578,131.008,129.7457,129.7618,489300
2017-04-17,130.1799,131.4663,129.5045,131.4663,671100
2017-04-18,130.7587,131.5547,128.5718,131.3055,808600
2017-04-19,132.2623,133.0905,130.2121,131.6754,957100
2017-04-20,132.9538,139.8845,132.9538,139.201,1732100
2017-04-21,139.1127,141.7177,139.1127,140.8735,838700
2017-04-24,142.7629,142.9559,139.9086,140.9137,657300
2017-04-25,141.6613,142.2483,140.4633,140.6241,522300
2017-04-26,140.801,140.801,136.7648,136.8694,1114500
2017-04-27,136.9819,137.7055,136.6925,136.9417,619600
2017-04-28,137.0784,137.4724,134.1035,134.6985,780800
2017-05-01,135.3819,135.3819,134.0311,134.6663,740800
2017-05-02,134.7307,135.7679,134.5458,135.7599,552700
2017-05-03,135.7598,135.7598,134.1277,134.4654,627200
2017-05-04,134.6663,136.6844,134.6583,136.4915,455500
2017-05-05,136.8935,137.0704,135.1086,137.0463,317500
2017-05-08,136.4352,137.593,136.4352,137.0865,297400
2017-05-09,137.2875,137.9468,136.8372,137.2392,310700
2017-05-10,137.2312,138.1156,136.9578,137.3598,322400
2017-05-11,137.0463,138.0674,135.4222,137.7458,365200
2017-05-12,137.3599,137.6815,136.0413,136.6845,865600
2017-05-15,136.6845,137.786,136.6845,137.4242,446100
2017-05-16,137.5207,137.7458,136.2021,137.2312,649200
2017-05-17,137.2311,137.2311,132.4918,132.5483,633300
2017-05-18,132.5484,133.5657,130.7641,132.6695,695400
2017-05-19,132.9602,134.2358,131.7007,133.7918,553000
2017-05-22,134.0259,134.6395,131.9509,132.3304,595300
2017-05-23,132.29,132.6614,131.41,131.7733,502000
2017-05-24,132.0801,132.0801,130.2554,130.9336,441900
2017-05-25,131.0628,131.1678,128.3742,129.3431,916300
2017-05-26,128.9313,129.8113,127.8817,129.7548,493100
2017-05-30,128.8748,130.0697,128.3903,128.899,380100
2017-05-31,129.1331,131.087,128.0109,130.5219,836300
2017-06-01,130.7802,132.621,129.9809,131.959,548300
2017-06-02,132.5888,133.5738,131.2243,131.4019,572700
2017-06-05,130.8609,132.2012,130.3926,131.6521,413700
2017-06-06,131.8137,132.2254,130.8771,131.1032,400700
2017-06-07,131.2162,131.2727,129.4561,129.9001,417700
2017-06-08,129.9002,129.9002,124.9186,126.6625,1335600
2017-06-09,126.6463,127.5668,124.749,127.1711,1105600
2017-06-12,127.5668,128.786,126.3073,127.1389,493200
2017-06-13,127.4053,127.9785,126.6787,127.373,531800
2017-06-14,127.5668,127.5668,125.9117,126.7756,577100
2017-06-15,125.9197,126.7594,124.9993,126.0812,561400
2017-06-16,126.1055,127.5668,125.831,127.5345,660000
2017-06-19,127.5668,127.9463,125.8632,127.2761,587400
2017-06-20,126.7594,127.2358,126.2346,126.2669,427800
2017-06-21,126.0328,126.0408,123.4653,123.7236,731400
2017-06-22,123.7156,125.6937,123.1181,124.9589,566900
2017-06-23,125.2092,126.1781,124.3857,124.7167,1266600
2017-06-26,125.0235,126.6464,124.7894,125.9924,352500
2017-06-27,125.8875,126.3557,124.9913,125.0639,445400
2017-06-28,125.29,126.4042,125.072,125.8875,569700
2017-06-29,126.275,127.2761,125.5322,126.3638,795600
2017-06-30,126.5172,128.3096,126.4768,127.5668,771400
2017-07-03,128.1723,128.9716,127.4941,128.2369,401300
2017-07-05,128.5841,128.7214,124.9509,126.7271,758900
2017-07-06,125.9924,126.5576,124.2323,124.5956,860800
2017-07-07,124.7813,126.3638,124.4099,125.9439,549000
2017-07-10,125.2415,125.9439,124.3695,124.4503,605000
2017-07-11,124.3373,124.741,123.3603,123.9174,920000
2017-07-12,124.3373,125.2496,123.2069,123.4815,670200
2017-07-13,123.5298,124.6117,123.1262,124.5633,1019300
2017-07-14,124.6522,126.162,124.4503,125.7421,646000
2017-07-17,126.3073,128.9797,125.952,128.3903,931200
2017-07-18,128.027,128.4711,126.2346,126.5091,887500
2017-07-19,126.5172,127.5345,126.0166,127.3327,1154900
2017-07-20,129.1816,131.192,120.704,121.3822,2289700
2017-07-21,121.4953,123.1262,120.0258,121.1077,1522400
2017-07-24,121.0028,121.1077,118.2577,119.0973,1285900
2017-07-25,119.2992,121.1319,118.6936,121.0593,1092100
2017-07-26,121.2692,121.8101,120.4214,121.14,1300200
2017-07-27,121.1724,125.1851,120.3569,125.0478,1697300
2017-07-28,124.3372,125.6452,122.9808,123.0696,1209800
2017-07-31,123.328,124.7167,121.6164,124.4987,725100
2017-08-01,124.854,126.3153,122.892,123.4976,742200
2017-08-02,123.4895,124.2726,122.3511,123.5218,464200
2017-08-03,123.5218,124.5876,123.1666,123.4088,470500
2017-08-04,123.4007,123.8044,122.5207,123.3361,409900
2017-08-07,124.3534,125.8471,123.5622,125.1043,481200
2017-08-08,125.1447,125.8552,124.2566,124.523,543600
2017-08-09,124.9024,125.8309,124.5633,125.3061,670200
2017-08-10,124.4665,125.2173,122.7548,123.3442,574800
2017-08-11,123.1181,124.5795,123.0051,123.0939,603100
2017-08-14,123.8932,124.313,122.8355,124.1435,495700
2017-08-15,124.1435,124.192,121.899,122.335,502600
2017-08-16,122.4323,122.9596,121.3129,122.9109,506800
2017-08-17,122.7405,123.4625,120.6639,120.7207,425400
2017-08-18,120.1123,120.9965,119.9582,120.0231,757700
2017-08-21,118.2952,119.0658,114.5719,114.945,1854200
2017-08-22,115.1478,115.8211,114.2393,115.1884,1291300
2017-08-23,114.9856,116.3403,114.6692,114.7909,871000
2017-08-24,115.0829,115.9915,114.6692,115.8617,639400
2017-08-25,115.9022,119.0496,115.8373,117.5489,655700
2017-08-28,117.8815,118.0032,116.8675,117.4272,320400
2017-08-29,116.9568,118.7982,116.681,118.1898,620100
2017-08-30,118.1736,118.563,117.1839,118.5548,512500
2017-08-31,118.8144,120.0636,118.6359,119.7067,442300
2017-09-01,120.0555,120.1123,118.3682,118.4412,425100
2017-09-05,118.4169,118.4169,116.9649,117.3543,613300
2017-09-06,117.8653,118.8387,116.9568,118.1898,411100
2017-09-07,118.0681,118.7982,117.6544,118.7089,341400
2017-09-08,118.4413,119.5688,118.1168,119.2443,298700
2017-09-11,120.0555,120.0555,118.8225,119.4147,378400
2017-09-12,119.7067,121.2561,119.2687,121.1668,369400
2017-09-13,120.9073,121.5643,120.5503,120.8424,436900
2017-09-14,120.8424,120.8424,118.9847,119.2524,611800
2017-09-15,119.0172,119.3822,118.0924,118.9685,779600
2017-09-18,119.3335,119.4877,118.5061,118.9685,565400
2017-09-19,119.1307,119.9906,118.6197,119.0821,476400
2017-09-20,119.3579,121.1587,118.9523,120.9154,577400
2017-09-21,121.0127,121.4264,120.4043,120.526,453800
2017-09-22,120.5341,121.2723,120.1285,121.1263,423100
2017-09-25,121.1263,121.2317,120.672,120.9154,746900
2017-09-26,121.037,121.9293,120.0312,121.3777,431500
2017-09-27,121.7995,121.9861,120.7126,121.7184,541800
2017-09-28,121.5075,121.6779,119.2768,119.5607,808700
2017-09-29,119.4877,121.037,119.4877,120.8748,495400
2017-10-02,120.9884,121.1831,119.7392,119.9744,843300
2017-10-03,120.0798,122.2133,118.8144,122.2051,711300
2017-10-04,122.0835,123.2029,121.759,122.846,518700
2017-10-05,122.9839,123.2273,120.0555,120.5341,867600
2017-10-06,120.2988,121.1181,119.5363,121.0857,778000
2017-10-09,121.2155,122.6432,121.0695,122.4404,374600
2017-10-10,122.7486,123.1461,121.686,121.8807,368700
2017-10-11,121.8401,122.627,121.467,122.4404,432200
2017-10-12,122.4648,123.5274,122.189,122.9839,517300
2017-10-13,123.3489,124.2818,123.0812,123.3083,481800
2017-10-16,123.1786,123.4382,122.051,123.3165,640900
2017-10-17,123.2354,124.0628,122.8622,123.503,478100
2017-10-18,123.5112,125.9691,123.5112,124.5333,1055700
2017-10-19,126.472,127.3075,120.5341,126.6991,1400000
2017-10-20,127.0074,130.4225,126.2449,129.8871,2093100
2017-10-23,131.1769,132.1341,130.3251,131.5338,1368100
2017-10-24,132.1422,132.272,131.1363,131.6717,1146900
2017-10-25,131.331,131.5581,128.3134,129.7249,788100
2017-10-26,129.9601,130.7632,128.8569,129.3598,768100
2017-10-27,129.2949,129.7411,127.6563,128.5324,1060800
2017-10-30,128.3864,128.5648,126.5207,127.4292,557000
2017-10-31,127.6158,128.7514,127.2913,127.9889,390100
2017-11-01,128.3053,128.6622,126.8533,128.4594,526400
2017-11-02,128.4351,129.1652,127.5834,128.573,364200
2017-11-03,128.5567,128.9867,128.143,128.3458,462000
2017-11-06,128.0295,129.8627,127.6239,129.1002,475100
2017-11-07,129.441,129.6113,127.8024,128.6135,571400
2017-11-08,128.4351,128.4675,126.1962,127.6239,1191200
2017-11-09,127.1209,127.6806,126.5206,127.202,427700
2017-11-10,126.6829,127.3238,125.9042,126.4396,357900
2017-11-13,126.1718,128.2404,126.1718,126.6018,388400
2017-11-14,126.9425,127.1128,125.8311,127.0966,370400
2017-11-15,126.5288,127.9484,125.8393,127.1047,390400
2017-11-16,127.4391,128.4339,127.0313,128.0833,282000
2017-11-17,127.6755,128.6296,127.6755,128.0425,331800
2017-11-20,128.0262,130.0974,127.7082,129.9996,399500
2017-11-21,130.1709,131.8425,129.8529,131.3859,621200
2017-11-22,131.6631,131.9077,130.9373,131.5897,590400
2017-11-24,131.8915,132.1035,130.0975,130.228,126100
2017-11-27,130.1953,131.5652,129.8772,131.5244,330700
2017-11-28,131.5898,133.8323,130.9211,133.7915,507600
2017-11-29,134.0198,136.9391,133.8322,136.3601,457400
2017-11-30,136.564,140.095,136.0422,138.1623,934300
2017-12-01,137.9829,138.1215,135.6017,137.2,617300
2017-12-04,138.1622,141.9378,137.9829,141.3344,846600
2017-12-05,140.2743,141.4485,139.3854,139.5811,418100
2017-12-06,139.6056,139.8258,137.3468,137.5018,423700
2017-12-07,137.6649,139.5241,137.3305,139.3855,323900
2017-12-08,140.1438,140.7391,139.1164,140.4129,395200
2017-12-11,140.9348,141.6279,139.3528,139.7116,666100
2017-12-12,139.8095,140.2009,138.8636,139.2632,350300
2017-12-13,138.994,140.3314,138.676,138.8554,415000
2017-12-14,138.9288,138.9288,134.9168,134.9576,702900
2017-12-15,135.9442,137.7872,135.4386,137.1593,761900
2017-12-18,138.0562,141.2773,138.0562,140.7635,656000
2017-12-19,140.7962,141.473,138.7168,140.5434,584800
2017-12-20,141.5464,142.9245,141.4486,142.6554,742100
2017-12-21,142.6228,143.6014,141.9052,143.1529,619600
2017-12-22,143.5035,143.8297,142.2966,142.4597,359500
2017-12-26,142.8266,143.4056,142.2395,142.5575,192800
2017-12-27,142.7777,143.479,142.5657,143.0387,258500
2017-12-28,143.1202,143.585,141.7747,143.4219,275000
2017-12-29,144.1314,144.1314,142.0683,142.1335,326300
2018-01-02,142.3618,144.4086,140.4945,144.2455,727700
2018-01-03,144.0743,144.3189,141.6198,142.8593,434800
2018-01-04,143.4219,144.1966,142.7533,143.6584,432400
2018-01-05,144.1151,145.7052,143.7482,145.5177,407800
2018-01-08,145.2485,148.1597,144.7919,147.9803,1454300
2018-01-09,147.703,148.4043,145.5666,145.7704,617400
2018-01-10,145.1507,147.2056,144.3515,147.0996,494700
2018-01-11,147.434,149.8559,147.3117,149.8477,425300
2018-01-12,149.8803,151.2421,149.4563,149.7091,584600
2018-01-16,150.4185,150.8425,147.2382,147.3279,647500
2018-01-17,148.07,148.07,146.5044,147.7357,398200
2018-01-18,147.8906,148.6082,146.4309,146.5859,592200
2018-01-19,147.0507,149.179,146.3576,149.0567,542600
2018-01-22,149.1791,149.7091,148.0211,148.9752,511000
2018-01-23,149.228,150.0435,147.6216,149.3911,550600
2018-01-24,149.6602,149.7825,148.0863,149.0404,505300
2018-01-25,149.1709,149.3829,147.4095,147.6215,399100
2018-01-26,148.1108,148.6245,147.0996,148.6164,337000
2018-01-29,146.7816,147.9803,144.9305,145.0773,772500
2018-01-30,143.6176,143.6176,139.7035,140.9837,1206600
2018-01-31,141.8073,142.2314,139.418,139.6953,765100
2018-02-01,138.7005,139.9889,137.9339,138.5292,698800
2018-02-02,137.5099,138.3009,135.7811,136.9064,792800
2018-02-05,135.512,139.2876,133.8322,133.9708,922700
2018-02-06,130.9455,136.988,130.4807,136.2378,887100
2018-02-07,135.9932,139.2468,135.7077,135.879,865200
2018-02-08,133.7343,133.8158,127.6265,127.7978,1697000
2018-02-09,130.0159,131.0026,125.9875,129.5021,2047600
2018-02-12,130.6927,132.0464,129.3472,129.861,761200
2018-02-13,129.5348,129.5348,127.276,128.5481,747700
2018-02-14,127.9446,129.9995,127.9446,129.6815,466900
2018-02-15,130.6764,131.7446,129.6407,131.4347,492700
2018-02-16,131.3859,134.0524,130.5786,131.1902,721300
2018-02-20,130.3421,131.9485,129.7549,131.2391,732200
2018-02-21,131.3777,131.8588,128.8743,128.9069,614500
2018-02-22,129.6,131.7039,129.0536,130.3013,438600
2018-02-23,130.9781,131.3043,129.7631,130.6519,262800
2018-02-26,131.1086,131.4185,129.4206,130.603,486700
2018-02-27,130.6846,131.8833,129.0129,129.0618,549700
2018-02-28,129.8201,131.5652,128.597,129.8365,990300
2018-03-01,130.2217,130.6889,124.8692,125.5906,844300
2018-03-02,124.5824,126.2053,123.5086,125.943,495400
2018-03-05,125.5414,128.443,124.3529,127.9103,523300
2018-03-06,128.443,130.7545,128.443,130.2791,496800
2018-03-07,128.8857,130.4431,128.3201,130.2873,426200
2018-03-08,130.9594,130.9594,125.9266,126.861,1071600
2018-03-09,127.6152,127.6152,125.3938,125.7217,1915000
2018-03-12,125.6561,125.7135,122.3856,124.1561,1599600
2018-03-13,125.0578,126.148,124.3037,124.5414,834500
2018-03-14,124.9348,126.4922,124.3119,124.7627,676400
2018-03-15,124.9676,125.7217,124.3856,124.7053,520700
2018-03-16,124.5004,126.2627,124.5004,125.3283,1223800
2018-03-19,125.2053,125.443,121.1397,122.484,839400
2018-03-20,123.025,124.5741,122.6397,123.5987,613900
2018-03-21,123.9758,126.0988,123.1807,124.3447,539600
2018-03-22,123.3856,124.4266,121.5578,121.6479,559600
2018-03-23,121.9922,123.1808,119.7053,119.8857,465200
2018-03-26,121.4266,122.2381,121.0086,122.0086,947400
2018-03-27,122.525,122.7463,119.402,119.984,1061200
2018-03-28,120.5414,121.2545,119.6561,120.6725,492300
2018-03-29,121.0414,122.5168,120.7053,120.9348,629000
2018-04-02,120.5906,120.6562,117.2545,119.2873,792500
2018-04-03,119.6233,121.361,119.0496,121.3201,695400
2018-04-04,119.6151,123.5578,119.4676,123.4102,618900
2018-04-05,123.8939,124.2135,121.8529,122.6316,545700
2018-04-06,121.984,122.8939,117.943,119.6398,530400
2018-04-09,120.7627,120.9758,118.9512,119.1807,355800
2018-04-10,120.5988,121.4267,119.7873,120.4267,607800
2018-04-11,119.5742,119.8938,117.8037,118.5168,860500
2018-04-12,119.1315,119.8774,118.4266,119.2135,434400
2018-04-13,120.0496,120.1807,118.7955,119.3119,340500
2018-04-16,120.3283,122.066,119.7791,120.5414,680600
2018-04-17,120.5004,120.5004,118.0578,118.3938,737600
2018-04-18,118.566,120.0414,117.6725,117.7381,1195000
2018-04-19,124.5906,130.025,122.1807,125.0742,2819500
2018-04-20,124.9594,124.9594,119.9102,120.361,1340200
2018-04-23,121.6315,123.107,120.1643,120.8119,938700
2018-04-24,121.5905,122.7955,117.9512,119.8119,829500
2018-04-25,119.5905,120.5742,118.3692,119.9676,781700
2018-04-26,120.6316,122.0496,119.5414,121.1807,578700
2018-04-27,121.2791,121.2791,119.4758,120.6807,475300
2018-04-30,120.7135,120.8119,119.0414,119.0578,587900
2018-05-01,118.5414,119.1725,117.1889,118.943,640600
2018-05-02,119.1807,120.5824,118.8283,119.0086,598100
2018-05-03,118.3856,118.3856,116.0905,117.3201,695200
2018-05-04,116.4512,119.9922,116.3938,119.4512,391100
2018-05-07,119.6971,120.484,119.1561,120.1644,374000
2018-05-08,120.0742,121.3283,119.7463,121.2299,499800
2018-05-09,121.6397,121.8447,120.3365,121.3447,526100
2018-05-10,121.3201,121.8447,119.8938,121.1069,244100
2018-05-11,121.1069,122.1889,121.1069,122.1151,425900
2018-05-14,122.2381,123.4102,121.7299,122.6234,424500
2018-05-15,122.0824,123.0332,121.6807,122.5742,457200
2018-05-16,122.7381,124.2627,122.5168,123.5742,427100
2018-05-17,123.8283,125.1561,123.5496,124.4512,389900
2018-05-18,124.5337,124.8303,123.7919,123.8908,402100
2018-05-21,125.127,127.7725,124.9375,127.3604,645700
2018-05-22,127.3027,127.3356,125.8687,125.9593,563500
2018-05-23,125.2177,125.2753,123.52,124.5913,399500
2018-05-24,124.6326,125.5226,123.6436,125.0693,270700
2018-05-25,124.5666,125.3907,123.8743,124.6325,224900
2018-05-29,123.998,124.6902,122.5722,123.0914,335800
2018-05-30,123.4623,124.4595,122.8195,123.8744,286400
2018-05-31,123.8331,123.8331,120.8663,121.8223,551000
2018-06-01,122.6134,125.3989,122.2178,124.2946,555500
2018-06-04,124.6902,126.289,124.2205,126.0747,676700
2018-06-05,126.0912,126.9153,125.7863,126.2808,428600
2018-06-06,126.8576,128.2751,126.0912,128.0856,306300
2018-06-07,128.8273,130.113,128.2834,128.885,326000
2018-06-08,128.4153,129.4454,128.3576,129.3383,235300
2018-06-11,129.4537,131.0031,129.0334,130.1212,554000
2018-06-12,130.2448,131.242,129.6267,130.6651,396400
2018-06-13,130.7146,131.4068,130.0965,130.6157,530000
2018-06-14,131.3656,132.5277,130.2283,131.4316,635700
2018-06-15,131.5057,132.9479,130.7722,132.8243,886700
2018-06-18,131.4398,131.4398,130.1295,131.3162,414700
2018-06-19,130.0635,130.8711,129.4289,130.8547,578600
2018-06-20,131.4728,132.2062,129.9152,131.992,688300
2018-06-21,131.7118,131.9508,130.2778,130.8299,408300
2018-06-22,131.7035,132.4535,131.2667,131.5882,781800
2018-06-25,131.4481,131.7942,129.9152,131.547,603600
2018-06-26,131.4563,133.1704,130.0635,132.1073,551800
2018-06-27,132.5771,134.11,131.036,133.4177,769100
2018-06-28,133.2776,133.6979,131.753,133.5084,981500
2018-06-29,133.9369,135.6181,132.3958,132.4535,613700
2018-07-02,131.6129,132.9315,129.7998,132.1486,558100
2018-07-03,132.882,133.1952,131.5552,131.926,181300
2018-07-05,132.5688,135.2143,132.5688,135.0412,802500
2018-07-06,135.0083,135.0083,133.5413,134.6292,340100
2018-07-09,135.2638,136.8378,134.6209,136.4505,317100
2018-07-10,136.6894,137.2169,136.2527,137.0685,319500
2018-07-11,136.1703,136.3351,134.2501,134.5962,490300
2018-07-12,135.478,135.6841,134.0935,135.239,519100
2018-07-13,135.1896,136.9202,135.0577,136.195,276400
2018-07-16,136.5165,136.5165,134.11,135.0495,431000
2018-07-17,133.9946,133.9946,128.6131,131.5058,1431700
2018-07-18,131.9838,132.3464,129.4372,130.4179,1399000
2018-07-19,133.5166,143.0023,127.7395,142.8127,2717100
2018-07-20,142.2276,144.2714,141.7908,143.1836,1729300
2018-07-23,142.5738,143.6863,140.8843,141.0739,866900
2018-07-24,140.5299,140.5299,135.1813,136.5576,1018500
2018-07-25,136.4587,138.7498,135.6593,138.6509,759100
2018-07-26,139.2773,140.5464,138.4696,139.1207,620100
2018-07-27,139.1866,139.7222,138.0987,138.4613,404900
2018-07-30,138.4366,139.8788,137.2664,137.9009,483200
2018-07-31,138.8405,140.5794,137.6043,139.7635,543900
2018-08-01,139.3596,139.6151,137.6372,137.7773,553600
2018-08-02,137.5136,138.6344,136.7224,137.835,453200
2018-08-03,138.4201,140.3733,137.7114,138.8075,451700
2018-08-06,138.9312,139.6729,138.3048,139.1207,979600
2018-08-07,139.1866,140.6948,138.4614,140.192,1011000
2018-08-08,140.225,140.942,139.7223,140.4393,450500
2018-08-09,140.637,141.9886,139.747,141.3787,788200
2018-08-10,141.1809,141.8402,139.9365,140.2497,331100
2018-08-13,140.8678,141.2139,139.7882,140.3074,303000
2018-08-14,140.2579,142.3841,140.2579,141.6177,499000
2018-08-15,141.2716,142.2029,139.4421,141.9804,517900
2018-08-16,142.5848,144.183,140.9122,144.0588,380900
2018-08-17,144.3652,145.7646,143.5371,145.1933,359800
2018-08-20,145.7812,147.2966,145.1767,146.9902,421100
2018-08-21,147.073,149.4992,146.4685,149.11,487700
2018-08-22,149.0521,149.0687,146.8246,146.8991,290200
2018-08-23,147.0316,147.0316,145.6239,146.245,366700
2018-08-24,146.5016,146.5016,145.2347,145.8143,332600
2018-08-27,146.7583,147.6444,145.9303,146.4354,350000
2018-08-28,146.9819,147.6941,146.3029,147.2469,303000
2018-08-29,147.2717,148.638,146.1372,148.2405,651900
2018-08-30,148.3068,148.5883,147.1723,147.7768,357000
2018-08-31,147.4953,147.6444,145.6984,146.3857,344100
2018-09-04,146.543,147.5864,145.8143,147.5781,357600
2018-09-05,147.4953,149.9298,147.4953,149.8884,510800
2018-09-06,150.1782,150.9152,150.0954,150.2113,465000
2018-09-07,149.7062,150.5674,149.1928,149.5489,425600
2018-09-10,150.1948,152.9109,150.1948,152.1573,442400
2018-09-11,151.8095,154.1115,150.8655,153.0019,646000
2018-09-12,153.1924,154.9065,152.0662,154.3765,704000
2018-09-13,155.0804,155.5358,153.7307,154.1861,580100
2018-09-14,154.095,155.1467,153.4077,154.3683,620300
2018-09-17,154.8154,155.304,153.9376,154.6167,682000
2018-09-18,154.8485,155.5358,153.8714,155.0555,485100
2018-09-19,155.3206,155.8091,154.4263,154.9314,383800
2018-09-20,155.6435,156.1651,154.2937,155.3371,460100
2018-09-21,155.6848,156.8855,155.2791,156.0575,644400
2018-09-24,155.9995,156.2231,153.5567,153.9045,419000
2018-09-25,154.567,154.8982,151.4452,152.2153,552400
2018-09-26,152.0662,153.4988,151.3375,152.7701,521800
2018-09-27,152.9523,153.5816,151.9834,152.5631,278300
2018-09-28,152.3643,152.9854,151.5942,152.0331,479900
2018-10-01,153.1096,153.5816,151.7847,152.2898,287100
2018-10-02,152.5217,153.7224,151.7102,153.6395,503900
2018-10-03,154.3269,155.4531,152.472,152.8364,509900
2018-10-04,152.1739,152.472,149.2343,149.5655,714300
2018-10-05,150.2113,150.2693,148.1081,148.5718,651900
2018-10-08,148.3979,149.433,147.5864,148.489,641100
2018-10-09,148.2737,149.0355,147.28,147.396,686200
2018-10-10,146.8328,146.8328,140.9204,141.1357,860100
2018-10-11,140.73,142.502,138.7178,138.9662,671100
2018-10-12,140.8542,140.9866,137.6413,139.6369,531600
2018-10-15,139.0904,141.1026,138.4197,140.1089,782000
2018-10-16,140.937,142.5435,139.786,142.088,606900
2018-10-17,142.0714,142.8167,137.2769,138.7592,1315800
2018-10-18,131.6544,131.9856,124.533,125.4273,3299100
2018-10-19,126.7771,126.7853,122.5622,124.6324,1559900
2018-10-22,125.0878,126.9012,124.0858,124.8559,1115900
2018-10-23,122.6782,123.8292,120.4175,123.4731,1188900
2018-10-24,123.4731,124.8146,121.9826,122.2227,968000
2018-10-25,122.5788,124.7483,121.4526,124.1769,856400
2018-10-26,122.9017,124.1935,122.2061,123.1419,858000
2018-10-29,124.3674,125.2866,121.4775,122.8272,1107200
2018-10-30,123.2246,125.9407,122.5456,124.8145,859400
2018-10-31,125.6923,128.5243,125.5184,127.4726,851600
2018-11-01,127.3153,129.1039,126.305,128.9383,626600
2018-11-02,129.9403,131.6792,129.2364,130.2218,558700
2018-11-05,130.5531,131.2156,126.8185,128.4167,804200
2018-11-06,128.516,131.4639,128.0854,130.6856,450800
2018-11-07,131.9856,134.1386,130.9836,133.3271,997900
2018-11-08,132.3251,134.122,132.1595,133.8487,729900
2018-11-09,132.9876,134.2711,132.0767,133.7246,470700
2018-11-12,133.8902,133.8902,131.3315,131.6793,348400
2018-11-13,131.9277,134.0972,131.6627,132.4162,384600
2018-11-14,133.7411,134.7431,131.9691,132.9048,372500
2018-11-15,132.3666,135.1737,131.2901,135.0246,444500
2018-11-16,134.6106,137.0699,134.594,136.7553,446900
2018-11-19,136.7386,138.0545,135.7475,136.9468,499500
2018-11-20,135.2561,137.6548,133.9152,134.8397,787100
2018-11-21,135.0563,135.556,133.682,133.7237,496300
2018-11-23,133.1157,135.2728,132.8408,134.0901,206700
2018-11-26,134.9313,135.7392,133.3239,134.2567,606500
2018-11-27,133.9568,134.0401,132.3578,133.5404,685000
2018-11-28,133.7486,136.9801,133.0241,136.9801,525700
2018-11-29,136.7886,137.7547,136.2639,136.5887,463200
2018-11-30,136.0474,138.6375,135.5809,138.4543,724600
2018-12-03,140.8363,141.0028,136.2639,136.8302,700900
2018-12-04,137.1801,137.28,129.8093,130.334,983600
2018-12-06,128.4184,129.9092,126.0198,129.9009,859300
2018-12-07,130.0674,131.1751,124.7871,125.7615,643200
2018-12-10,125.3701,125.7615,121.5473,123.8543,553600
2018-12-11,125.545,126.4445,122.3219,122.7133,538500
2018-12-12,124.429,125.6117,123.4712,123.5878,468400
2018-12-13,124.429,125.8698,124.1958,124.8787,706900
2018-12-14,123.6378,125.3701,122.1969,122.6966,513800
2018-12-17,122.2719,123.1464,120.6311,121.2808,463000
2018-12-18,122.1553,123.6961,120.9643,122.122,363500
2018-12-19,122.072,124.1375,117.0915,118.474,843500
2018-12-20,118.0576,119.6484,115.0177,116.5585,630000
2018-12-21,115.9255,118.524,115.076,115.4674,912500
2018-12-24,114.9677,115.3925,112.6774,113.377,367600
2018-12-26,113.5685,118.1159,113.1104,118.016,993200
2018-12-27,116.6001,119.9482,115.5174,119.9482,698800
2018-12-28,120.373,121.997,119.1487,120.1398,456600
2018-12-31,120.5562,121.9637,119.0904,121.0059,657400
2019-01-02,119.2153,123.0131,117.8494,122.8132,723500
2019-01-03,122.5884,123.5961,119.2819,121.1475,1736000
2019-01-04,123.2713,126.4528,122.7799,125.57,1251400
2019-01-07,125.8198,128.2851,124.6788,127.1774,495600
2019-01-08,129.018,129.4261,127.9103,128.8015,787500
2019-01-09,130.0175,132.0163,129.676,131.3917,657200
2019-01-10,131.1835,133.4155,130.7254,133.3489,471500
2019-01-11,132.7076,134.3233,132.4077,133.5321,481700
2019-01-14,133.1407,136.4055,132.5494,135.0313,799000
2019-01-15,135.431,135.7808,133.7153,134.6148,614800
2019-01-16,134.8231,135.8891,134.5149,135.2978,513100
2019-01-17,135.2895,139.3955,135.1479,138.446,602300
2019-01-18,139.0873,140.678,138.6542,139.7202,677700
2019-01-22,137.6381,137.6381,130.5172,135.4643,1111300
2019-01-23,136.2888,136.7802,134.1067,135.8974,768200
2019-01-24,136.0057,137.1467,135.6476,136.064,466300
2019-01-25,137.3799,137.4216,135.4394,135.9391,767500
2019-01-28,134.8397,136.3305,133.5154,135.6392,577000
2019-01-29,136.2389,136.6387,134.7897,135.2145,727500
2019-01-30,135.8891,137.1467,134.4732,136.5887,387800
2019-01-31,136.2556,138.3794,135.2728,138.2461,667200
2019-02-01,138.2378,138.8874,136.8552,137.7464,427900
2019-02-04,138.0462,138.8207,137.3549,138.4043,512100
2019-02-05,138.421,138.7125,137.6464,138.2211,699300
2019-02-06,137.9379,139.2705,136.3222,137.9129,995600
2019-02-07,128.993,129.7593,125.1369,126.3612,1957700
2019-02-08,125.8282,128.6599,125.7449,127.4939,1013700
2019-02-11,128.2934,129.4345,127.877,129.2929,944800
2019-02-12,129.6093,130.7754,129.3595,129.6427,681900
2019-02-13,129.7842,130.3506,128.8598,129.3262,1171800
2019-02-14,128.8598,130.9419,128.5016,129.8592,675500
2019-02-15,130.6504,131.4416,129.7343,131.4083,403300
2019-02-19,132.1663,133.5155,130.7754,132.5328,539800
2019-02-20,132.7742,133.3905,131.7498,133.1157,785400
2019-02-21,133.1989,134.3483,132.6743,133.9735,502700
2019-02-22,134.4762,135.8167,134.0657,135.1716,467100
2019-02-25,136.2356,136.2356,134.6186,134.7275,372000
2019-02-26,134.4427,135.6408,133.8982,134.0322,608700
2019-02-27,133.7389,136.5623,132.8927,136.5121,508400
2019-02-28,136.4283,136.4283,133.6384,134.0489,529700
2019-03-01,135.0459,135.2386,132.4906,133.1357,754900
2019-03-04,134.007,135.8502,132.566,133.7808,811900
2019-03-05,133.8897,135.3559,133.8311,134.5265,570900
2019-03-06,134.8114,135.8586,134.5516,134.7862,429100
2019-03-07,134.6605,134.6773,133.3284,134.4762,503200
2019-03-08,133.3033,133.9233,131.3512,132.0466,623200
2019-03-11,131.0077,134.0406,131.0077,133.94,460700
2019-03-12,134.2332,134.9286,133.2781,134.2751,531800
2019-03-13,134.4679,134.8784,133.0436,133.1441,616600
2019-03-14,133.0184,133.3871,130.7396,131.2088,680400
2019-03-15,131.0412,131.8204,130.1364,130.4296,835900
2019-03-18,130.949,133.4206,130.8569,133.1692,666500
2019-03-19,133.9903,134.5516,132.4068,133.0101,568300
2019-03-20,132.5073,132.5827,128.6031,130.019,758200
2019-03-21,130.1113,131.8288,130.1113,131.1585,508500
2019-03-22,130.4715,130.5804,125.4949,125.6374,514600
2019-03-25,125.8384,127.6397,125.6457,126.5757,495200
2019-03-26,127.6314,128.6451,126.6595,127.7989,488000
2019-03-27,128.0251,129.4242,127.6648,128.7037,609000
2019-03-28,128.9048,130.4714,128.511,129.5582,351800
2019-03-29,130.6726,131.4768,130.1531,131.1333,480600
2019-04-01,132.4822,134.0741,132.2058,133.4289,430000
2019-04-02,133.3536,133.5714,131.8958,133.2279,475400
2019-04-03,133.8981,134.3924,132.7922,133.2865,747000
2019-04-04,133.9149,135.8335,133.5379,135.0543,354800
2019-04-05,135.4564,136.001,134.9035,135.0627,464300
2019-04-08,134.4678,134.7611,133.5714,134.0824,601200
2019-04-09,132.8676,133.2027,131.3177,131.7366,736400
2019-04-10,130.4883,130.4883,126.2992,128.8546,914000
2019-04-11,129.064,131.3428,129.064,130.0777,458400
2019-04-12,131.1669,131.8958,129.5667,130.6726,487000
2019-04-15,130.9909,131.8371,130.7312,131.0328,607200
2019-04-16,129.307,132.2058,127.933,131.3763,1074500
2019-04-17,132.0717,132.5744,131.0496,132.2392,1180400
2019-04-18,140.7514,145.7782,140.1062,140.81,2511700
2019-04-22,140.0476,141.4719,137.7939,141.0949,882300
2019-04-23,141.9159,143.8848,141.1703,143.4407,910300
2019-04-24,143.5161,144.5969,141.9578,142.3683,599800
2019-04-25,141.6227,141.7483,139.57,140.8854,478200
2019-04-26,140.7514,142.3935,139.9638,142.2343,299600
2019-04-29,142.6532,143.8345,141.3043,141.6143,312600
2019-04-30,141.5389,141.9746,140.3157,140.9859,345100
2019-05-01,141.3881,141.3881,139.0003,139.6957,404500
2019-05-02,139.3941,142.4772,138.8495,141.9243,608600
2019-05-03,141.8238,144.4629,141.8238,143.6502,544000
2019-05-06,141.1786,143.3737,140.6341,142.8626,453300
2019-05-07,141.564,142.0751,140.1817,141.2289,614500
2019-05-08,141.5892,141.7484,140.0476,140.6508,549100
2019-05-09,139.1679,140.8352,138.0453,140.5,526200
2019-05-10,140.3408,141.4132,138.0871,140.9859,455500
2019-05-13,138.2547,138.4474,133.9903,134.384,580000
2019-05-14,134.7862,137.1656,134.7862,135.9256,348100
2019-05-15,135.2554,137.3918,134.8281,136.9394,576200
2019-05-16,137.5593,139.503,137.5426,138.5898,386600
2019-05-17,137.2074,138.9166,136.5372,136.6796,470200
2019-05-20,136.0897,136.1487,131.2694,131.3958,640900
2019-05-21,132.7357,134.9605,132.3312,133.9324,536700
2019-05-22,133.0391,134.5307,132.7273,134.3369,448700
2019-05-23,132.8284,133.0812,130.7638,132.5756,501800
2019-05-24,133.5953,133.865,131.7666,133.4015,316200
2019-05-28,133.4773,134.0588,130.6205,130.7301,565800
2019-05-29,129.8115,132.306,129.3649,131.9689,791200
2019-05-30,132.0194,133.9998,131.4717,132.365,318700
2019-05-31,130.9323,132.3649,130.1654,131.3958,384300
2019-06-03,131.32,132.1543,129.9801,131.6402,275000
2019-06-04,133.1065,134.8678,132.8115,134.6655,471200
2019-06-05,135.5672,136.292,133.511,136.1908,335800
2019-06-06,136.9493,137.0757,134.3369,136.6881,320900
2019-06-07,137.4717,138.1375,136.6206,136.8903,259200
2019-06-10,137.3707,139.1657,137.0336,137.3791,302300
2019-06-11,138.4494,139.3005,136.8314,136.9325,288800
2019-06-12,136.9999,137.3959,136.0054,136.5026,253800
2019-06-13,136.9745,139.4858,136.9745,139.1909,254100
2019-06-14,138.778,138.8791,136.6712,138.2808,304800
2019-06-17,138.7696,139.292,136.0392,136.2246,299900
2019-06-18,137.3959,140.8258,137.3875,139.8061,343800
2019-06-19,140.2106,140.455,138.0701,139.0982,326600
2019-06-20,140.3876,141.7359,139.0308,141.5674,341000
2019-06-21,140.733,140.9437,134.5644,136.3678,879600
2019-06-24,136.5195,138.087,135.7189,137.0167,390400
2019-06-25,137.3622,138.2807,136.2414,138.188,362400
2019-06-26,138.0027,139.0814,137.337,137.8089,383200
2019-06-27,138.1965,138.5083,137.2189,137.7667,391400
2019-06-28,138.2387,139.9578,138.2134,139.587,665300
2019-07-01,139.587,140.6235,136.6627,139.3426,867200
2019-07-02,139.4353,140.1263,135.4155,137.3285,678900
2019-07-03,137.7162,138.3904,136.8313,137.2021,344900
2019-07-05,136.5701,136.7555,134.5981,136.2667,456900
2019-07-08,135.7695,136.0898,134.2358,134.7498,307600
2019-07-09,133.6964,133.8565,131.9604,132.4745,590600
2019-07-10,133.3172,133.3594,131.7582,132.0279,411200
2019-07-11,131.4969,132.0363,130.6711,131.8846,353300
2019-07-12,132.4492,135.3313,132.4492,134.6319,321200
2019-07-15,134.7583,134.7751,132.7695,133.4521,337000
2019-07-16,133.4857,135.3397,133.1739,134.8678,441400
2019-07-17,134.9689,134.9689,129.3648,129.5671,762800
2019-07-18,127.671,132.3734,125.7159,127.5278,909800
2019-07-19,128.2525,129.0363,126.289,126.407,711000
2019-07-22,126.5924,127.4014,125.0586,127.0811,621600
2019-07-23,128.1935,130.5531,127.2497,130.4857,490500
2019-07-24,129.6008,131.5896,129.1373,130.4183,476200
2019-07-25,130.4099,130.6542,129.4913,129.8789,506600
2019-07-26,129.3227,130.9997,128.8761,130.8986,305600
2019-07-29,130.7638,130.8986,130.0138,130.275,237600
2019-07-30,129.3564,131.3031,128.7834,131.3031,268400
2019-07-31,131.5306,131.5306,127.6878,128.6064,341300
2019-08-01,128.3031,129.5756,125.1766,126.2216,543800
2019-08-02,126.1541,126.7609,124.8732,125.7749,495100
2019-08-05,123.862,124.7721,123.0614,124.4182,565800
2019-08-06,125.48,127.8648,124.9912,127.6879,533600
2019-08-07,125.8255,128.3367,125.4968,127.9238,366600
2019-08-08,129.1711,130.6542,128.9941,130.1739,344800
2019-08-09,130.1402,130.5363,128.8508,128.9351,337500
2019-08-12,128.2525,129.0446,126.0361,126.2974,326700
2019-08-13,126.4744,129.702,125.9772,127.5867,256600
2019-08-14,125.6569,125.994,122.994,123.39,342500
2019-08-15,123.6176,123.6176,120.6091,121.3675,402000
2019-08-16,122.1428,124.7215,122.1428,124.2327,243700
2019-08-19,126.0818,126.9978,125.8103,126.3871,290000
2019-08-20,126.1836,126.5822,124.4618,124.5211,268200
2019-08-21,125.8952,126.5907,125.276,125.8358,263900
2019-08-22,126.3617,127.6848,126.0563,126.8536,294900
2019-08-23,126.1242,126.7094,122.494,123.0453,383800
2019-08-26,124.3854,124.7077,122.6043,123.868,194900
2019-08-27,124.6738,124.9198,122.8333,123.0708,328900
2019-08-28,122.5364,124.2921,122.2565,124.0631,303400
2019-08-29,125.8189,126.7519,125.5305,126.0055,286000
2019-08-30,126.9893,127.617,125.9206,126.1072,234400
2019-09-03,124.6993,125.751,123.4949,124.9622,455800
2019-09-04,126.0394,126.8027,125.31,126.2514,286800
2019-09-05,127.2947,129.5848,127.2947,128.7027,317200
2019-09-06,129.2286,129.8308,127.8545,128.1344,251700
2019-09-09,128.6603,130.1955,128.1174,129.2625,274300
2019-09-10,129.1607,134.0292,129.0843,134.0292,362000
2019-09-11,134.5721,137.0572,133.0199,137.0572,409700
2019-09-12,137.7103,138.6348,137.142,138.1344,599600
2019-09-13,138.9826,139.6696,137.4304,137.7867,509800
2019-09-16,137.176,138.0496,136.7434,137.4474,352100
2019-09-17,136.9894,136.9894,132.7909,133.8765,364900
2019-09-18,133.0368,133.3846,130.5092,131.6288,371300
2019-09-19,131.5695,133.2828,131.2048,131.5865,324300
2019-09-20,131.8918,133.1556,131.2132,132.0699,404000
2019-09-23,131.0097,132.8078,130.2548,131.7646,386600
2019-09-24,132.3413,132.3413,129.4745,130.0682,339700
2019-09-25,129.8053,132.4007,129.6017,131.9682,317400
2019-09-26,131.9936,132.5534,130.7213,131.3999,295000
2019-09-27,132.053,132.8587,130.9249,131.7561,217300
2019-09-30,132.511,133.673,132.2311,132.7739,337600
2019-10-01,133.8002,135.4287,130.6535,131.2811,498800
2019-10-02,130.3142,131.3151,128.6603,129.5933,612300
2019-10-03,128.796,129.695,127.2353,129.0165,396400
2019-10-04,129.6696,131.9427,129.025,131.8494,231500
2019-10-07,131.1199,131.8918,129.9834,131.0266,398500
2019-10-08,129.7713,130.3311,128.6772,128.8298,317400
2019-10-09,130.1446,130.1446,128.6094,128.7875,386000
2019-10-10,129.3727,130.5008,129.008,129.8986,350100
2019-10-11,131.8409,135.3015,131.595,132.7061,243300
2019-10-14,132.0106,134.0123,131.5017,133.9699,255200
2019-10-15,133.5712,135.2845,133.2659,134.2667,496000
2019-10-16,134.0462,135.8528,133.5203,134.0377,531500
2019-10-17,133.9868,137.7442,129.6357,132.0275,780400
2019-10-18,131.3065,134.0207,131.0182,133.6051,490500
2019-10-21,134.6399,136.5568,134.6399,135.1658,417000
2019-10-22,135.2845,138.6772,134.5975,137.9478,347700
2019-10-23,137.7697,140.0174,137.4135,139.8902,397800
2019-10-24,140.4754,140.8571,138.9741,140.416,447800
2019-10-25,140.3736,142.0615,140.3736,141.3405,327200
2019-10-28,142.053,142.494,140.7807,141.0776,245700
2019-10-29,140.1276,141.8155,139.8647,140.5432,319000
2019-10-30,140.2379,140.2379,138.2616,139.8392,298800
2019-10-31,139.2201,139.8562,137.2778,137.9733,370000
2019-11-01,139.3473,141.5356,138.2871,141.5356,318200
2019-11-04,142.8588,143.2829,141.7222,142.9267,728400
2019-11-05,142.6213,143.232,141.2133,142.5534,448900
2019-11-06,142.0191,142.0191,140.0174,141.4847,624000
2019-11-07,142.4941,142.8503,141.2133,141.6205,324500
2019-11-08,141.6204,142.4771,140.3736,141.595,497900
2019-11-11,140.3736,142.4686,140.3736,142.4516,167000
2019-11-12,142.9012,143.7493,141.8918,143.2913,280000
2019-11-13,142.053,142.969,139.3388,139.3642,318600
2019-11-14,139.1776,140.1615,138.1938,139.5593,478000
2019-11-15,139.8138,140.3058,138.4398,138.8214,300100
2019-11-18,138.2701,139.1013,137.0572,137.4474,340500
2019-11-19,138.2842,138.2842,137.0034,137.8231,274000
2019-11-20,137.473,137.8573,135.4408,135.5006,425400
2019-11-21,135.4323,136.4228,134.7492,134.8943,308200
2019-11-22,135.3127,136.0812,134.6296,135.6713,319400
2019-11-25,136.269,139.6247,135.8336,138.7196,1694500
2019-11-26,139.2064,139.3771,138.1817,139.0954,314700
2019-11-27,138.694,139.1124,137.9255,138.6513,266500
2019-11-29,138.1476,138.2501,136.7387,137.0119,129000
2019-12-02,137.4645,137.8572,134.7235,134.7662,299600
2019-12-03,133.1951,133.8184,131.9741,133.6904,421200
2019-12-04,134.0917,136.6106,134.0917,135.9104,550500
2019-12-05,136.5081,138.5574,136.4227,138.4891,440400
2019-12-06,139.5223,140.9056,138.566,140.8629,357100
2019-12-09,140.4786,141.5801,139.9322,141.5204,340100
2019-12-10,141.3411,142.2632,140.1713,141.0251,525300
2019-12-11,141.8875,143.4928,141.5289,143.1768,308900
2019-12-12,142.989,145.841,142.4852,145.5165,387300
2019-12-13,145.5506,146.507,144.0051,145.4823,648200
2019-12-16,146.8656,147.2327,145.3969,146.1312,342900
2019-12-17,146.1654,147.3864,145.4994,146.7375,435500
2019-12-18,146.8143,147.1388,146.0544,146.5411,451600
2019-12-19,146.3618,146.3618,142.7499,143.2366,563200
2019-12-20,144.21,145.2688,143.1512,144.8846,537500
2019-12-23,145.4652,145.4652,144.3723,145.0041,206200
2019-12-24,144.8419,144.8419,144.0563,144.2356,55000
2019-12-26,144.7394,145.0041,143.0573,144.97,175000
2019-12-27,145.2006,145.5848,144.2357,144.4748,117500
2019-12-30,144.7224,144.8163,143.3391,144.1674,176500
2019-12-31,143.8172,144.9444,143.8172,144.6455,198900
2020-01-02,145.4994,145.8836,143.4672,144.304,467900
2020-01-03,141.8192,142.9122,141.0934,142.6731,362500
2020-01-06,142.0498,142.1266,140.7775,141.6228,407600
2020-01-07,141.0166,141.4264,139.7272,140.7092,438200
2020-01-08,141.1019,142.8951,140.8628,142.2632,305000
2020-01-09,142.7414,143.0061,141.0507,142.3059,213500
2020-01-10,142.3059,142.7755,141.2556,142.2119,227600
2020-01-13,142.6474,143.0317,142.0156,143.0061,162300
2020-01-14,143.2793,144.859,142.9293,143.8514,182900
2020-01-15,143.4159,143.9026,141.6057,142.7413,309700
2020-01-16,143.6465,144.7907,143.3305,144.0222,255300
2020-01-17,144.543,146.5667,143.8941,145.1578,429000
2020-01-21,144.9444,145.1493,143.3733,144.1418,396500
2020-01-22,144.6114,144.8078,142.75,143.1513,257200
2020-01-23,142.3145,143.9795,141.4179,143.8259,189200
2020-01-24,144.2015,144.2015,140.3591,141.7168,352800
2020-01-27,138.9588,140.4445,138.6428,139.0954,239700
2020-01-28,139.7613,141.9046,139.5052,140.7177,286200
2020-01-29,141.5033,141.7424,140.0602,140.8287,203600
2020-01-30,139.5393,140.8031,138.3781,139.471,328300
2020-01-31,138.6855,139.5735,135.7823,136.3032,368500
2020-02-03,137.4815,138.7965,136.3544,138.1731,587300
2020-02-04,140.5384,141.1276,138.4293,138.8563,607000
2020-02-05,139.4369,140.9995,138.694,139.8126,752300
2020-02-06,141.3582,141.3923,134.92,136.6704,726600
2020-02-07,135.2956,135.2956,132.6486,132.9816,428300
2020-02-10,132.5547,133.4086,131.5899,132.8621,662600
2020-02-11,133.3232,134.1771,132.4864,132.7938,615200
2020-02-12,133.3317,134.3478,132.7169,134.0575,582200
2020-02-13,133.3573,134.2966,132.3498,132.6401,348100
2020-02-14,132.7767,133.4683,132.3839,133.4256,465700
2020-02-18,132.8194,134.5869,132.7767,134.5186,438900
2020-02-19,134.9626,135.4493,134.3735,134.9114,531500
2020-02-20,134.7065,136.6277,134.2966,136.5765,365200
2020-02-21,137.0578,137.8316,135.7082,137.608,511900
2020-02-24,133.9201,137.4189,133.9201,136.7742,979800
2020-02-25,136.9719,136.9719,131.96,132.0718,710200
2020-02-26,132.9228,133.5417,128.3063,128.4783,622300
2020-02-27,126.6902,130.2492,125.9423,126.3807,784100
2020-02-28,122.7271,125.4781,121.2313,124.4379,1025400
2020-03-02,125.2545,127.8421,122.856,127.8421,653500
2020-03-03,127.206,129.8452,123.114,123.9135,532900
2020-03-04,125.8047,128.9941,124.6699,128.5643,546800
2020-03-05,126.7934,126.9653,120.5693,121.6697,468600
2020-03-06,118.4287,122.1253,117.9473,121.876,420400
2020-03-09,115.8755,118.2654,111.5169,113.4254,870400
2020-03-10,116.589,120.8186,113.9756,120.6811,574300
2020-03-11,117.655,117.7238,110.279,111.2934,678500
2020-03-12,103.393,109.5311,101.5103,102.1465,814000
2020-03-13,108.0782,109.1528,100.2122,108.5081,1055300
2020-03-16,94.7791,104.1065,94.2977,100.1348,859200
2020-03-17,102.0347,107.8977,96.6274,107.8375,872200
2020-03-18,100.6764,102.8858,83.801,95.441,1102900
2020-03-19,94.0398,97.8051,89.4577,92.0109,1200500
2020-03-20,93.5497,93.9968,84.1449,85.8557,896200
2020-03-23,84.377,85.5805,77.9896,82.159,1122900
2020-03-24,86.8271,92.2688,85.8643,91.6327,692900
2020-03-25,91.8906,97.7278,89.0107,94.5126,1049200
2020-03-26,95.4754,98.0458,93.2403,97.6074,951800
2020-03-27,94.0398,94.8908,87.1194,92.7159,632000
2020-03-30,92.8362,97.2463,90.154,97.169,589100
2020-03-31,95.8709,97.9771,92.4408,93.5497,689500
2020-04-01,89.4147,92.6299,86.4746,89.6296,954200
2020-04-02,88.4605,90.6097,85.1421,86.638,881800
2020-04-03,85.9674,87.1968,80.8094,82.1161,930100
2020-04-06,86.595,92.2774,85.7009,91.177,976800
2020-04-07,95.1659,100.3068,94.2547,94.418,788100
2020-04-08,95.7505,100.7366,93.7991,100.0833,652400
2020-04-09,102.0777,106.9693,101.9058,104.9834,718200
2020-04-13,105.3617,105.3617,97.6504,98.1404,449000
2020-04-14,99.7222,102.817,98.1146,99.8769,823300
2020-04-15,96.8423,97.1604,92.4494,94.2805,531500
2020-04-16,93.971,95.7161,92.1571,95.2433,688300
2020-04-17,98.3467,102.3872,98.0115,101.7252,1000600
2020-04-20,99.3783,100.2724,97.5902,98.5702,720300
2020-04-21,95.5872,97.8309,93.5154,95.0284,1166500
2020-04-22,96.9799,98.1834,96.0342,97.7966,829000
2020-04-23,97.831,100.8656,97.2034,97.7192,605200
2020-04-24,98.7508,100.9515,98.02,99.7824,782000
2020-04-27,100.5647,107.9063,100.5647,107.4937,773900
2020-04-28,109.8578,114.3797,107.7,108.6542,850100
2020-04-29,111.6373,117.3971,111.0269,116.5031,937300
2020-04-30,114.2507,114.8439,111.6975,112.007,924100
2020-05-01,109.9953,111.2848,105.7399,106.6426,709200
2020-05-04,105.3359,105.3359,101.9058,104.3645,647400
2020-05-05,105.4133,107.21,104.3817,104.5966,523800
2020-05-06,104.906,105.5852,102.3528,102.903,377500
2020-05-07,104.6825,106.5566,104.545,105.0608,388100
2020-05-08,107.0295,109.875,107.0295,109.4623,322000
2020-05-11,108.0782,108.9981,105.1897,107.3217,398500
2020-05-12,107.5968,108.2588,105.5078,105.5164,611000
2020-05-13,104.6825,105.5508,102.2324,103.2039,643900
2020-05-14,101.4415,106.6082,99.3783,106.505,670100
2020-05-15,105.7313,107.9063,104.1409,105.6969,1250200
2020-05-18,109.8234,116.2022,109.213,115.5316,667100
2020-05-19,114.9986,117.8785,113.4684,114.2249,574000
2020-05-20,116.1317,118.4545,115.6463,115.8977,549600
2020-05-21,115.4296,117.1371,115.0136,115.1609,353900
2020-05-22,115.837,115.837,111.2347,111.7028,602600
2020-05-26,116.5477,119.8413,116.5477,118.7405,689100
2020-05-27,121.3407,123.0741,117.5444,118.0558,783100
2020-05-28,119.3299,119.7893,115.915,115.9237,578000
2020-05-29,114.8576,114.8576,110.4113,112.4048,905100
2020-06-01,112.6475,115.0483,112.3615,112.6822,624300
2020-06-02,114.2596,117.0678,113.5662,116.5044,768200
2020-06-03,118.5845,122.554,118.2725,122.19,686500
2020-06-04,121.02,124.1315,120.9593,123.8628,446900
2020-06-05,128.1098,133.6221,128.1011,131.9147,963000
2020-06-08,132.9114,136.0315,132.6167,135.2602,498500
2020-06-09,132.426,132.6774,129.7739,131.256,525600
2020-06-10,130.3719,130.5452,125.9603,126.151,534500
2020-06-11,120.7167,120.7167,115.0483,115.5597,714700
2020-06-12,119.5205,120.6733,114.0776,117.0157,588300
2020-06-15,112.8295,118.3332,112.2055,117.4058,609600
2020-06-16,122.3721,122.7794,117.0071,118.9659,538800
2020-06-17,119.7026,120.0059,116.8771,117.8478,400100
2020-06-18,116.5564,118.0038,116.0797,117.5358,396000
2020-06-19,120.0492,120.0492,116.4177,117.7784,1026100
2020-06-22,116.6604,117.6831,114.8489,116.9117,402800
2020-06-23,118.8359,119.9453,117.5098,118.8099,466500
2020-06-24,117.1891,117.1891,113.0982,113.3842,523900
2020-06-25,112.6735,114.3376,111.0267,114.1382,536100
2020-06-26,113.9389,116.019,113.4188,115.759,1193700
2020-06-29,117.4491,119.4252,116.5737,117.9605,432400
2020-06-30,117.4404,120.9507,117.4404,120.0493,431100
2020-07-01,121.228,121.6094,115.3603,116.2444,722700
2020-07-02,117.9085,120.2659,117.1024,117.8651,519600
2020-07-06,120.0146,120.4739,117.7611,118.7492,437600
2020-07-07,117.4491,118.0905,116.123,116.279,624200
2020-07-08,115.577,116.1143,113.2888,115.1349,520700
2020-07-09,114.9183,114.9183,111.5121,111.7114,400000
2020-07-10,112.3788,114.3636,112.1708,114.3202,295500
2020-07-13,115.4296,117.4491,114.3636,115.603,408300
2020-07-14,115.265,118.3332,114.5889,118.2552,327600
2020-07-15,120.9247,122.9961,119.6419,122.5888,410300
2020-07-16,121.8694,125.0849,121.4274,123.7848,408100
2020-07-17,124.2615,124.4175,120.76,121.2973,466200
2020-07-20,120.448,120.7513,118.0645,118.8792,258300
2020-07-21,119.5032,121.7654,119.5032,121.072,259400
2020-07-22,120.8986,121.7567,119.9279,120.812,192100
2020-07-23,120.5953,124.0448,120.5953,123.3601,314500
2020-07-24,123.7241,124.3655,121.124,122.8574,419300
2020-07-27,122.4067,126.5756,120.4913,126.2029,437900
2020-07-28,125.1716,125.8563,123.6895,123.9408,346000
2020-07-29,124.8076,126.8617,124.4696,126.5583,304900
2020-07-30,124.8249,127.2777,123.3861,125.9343,630600
2020-07-31,126.1076,127.3124,122.6841,126.4283,1034200
2020-08-03,126.9397,126.9397,122.4241,124.4782,518200
2020-08-04,123.8801,125.4662,123.2734,124.5995,491200
2020-08-05,126.1336,128.7338,126.1336,128.4131,446400
2020-08-06,127.0611,128.6385,126.2203,126.7404,311700
2020-08-07,126.9484,127.7457,126.2203,127.6677,459200
2020-08-10,128.0317,131.6113,128.0317,130.0859,329000
2020-08-11,131.6459,134.6881,131.5766,133.3707,466300
2020-08-12,134.7228,134.7228,131.828,132.9374,262200
2020-08-13,132.01,133.4574,131.5766,132.6947,250200
2020-08-14,131.7239,134.5234,131.3426,133.1627,162000
2020-08-17,133.2927,133.8647,131.3166,132.7293,411800
2020-08-18,132.504,133.5354,131.3859,131.5419,355800
2020-08-19,131.6991,133.2616,130.9221,131.2015,262600
2020-08-20,129.7175,130.7214,129.2985,129.9532,335500
2020-08-21,130.0492,130.6079,128.4692,129.1064,273200
2020-08-24,129.0541,130.9222,128.7486,130.2936,297200
2020-08-25,130.9221,130.9221,127.7359,129.0453,258100
2020-08-26,129.0454,129.412,128.2161,128.5042,174600
2020-08-27,129.3509,130.6341,128.6089,128.862,212000
2020-08-28,129.1589,131.6555,128.4518,131.2364,279900
2020-08-31,131.0269,131.1317,129.2723,129.4295,376100
2020-09-01,128.5565,132.1443,128.0066,132.1006,296500
2020-09-02,132.1356,135.8368,132.1356,135.444,368100
2020-09-03,135.8629,136.4478,131.0706,132.0744,296100
2020-09-04,134.3615,135.444,131.3063,132.0046,327100
2020-09-08,131.9871,132.4061,128.8184,128.9057,379400
2020-09-09,129.8659,132.3102,129.7175,131.3325,226500
2020-09-10,131.2626,132.3974,128.5391,128.9406,212300
2020-09-11,129.2723,129.962,127.5003,129.0367,273800
2020-09-14,130.6777,133.829,130.0318,133.41,291200
2020-09-15,133.2704,134.4925,132.7728,133.5235,235200
2020-09-16,131.6817,132.0221,127.7447,130.1453,556700
2020-09-17,128.4518,131.3935,127.5788,129.8135,340900
2020-09-18,129.5255,131.9959,128.6962,128.7835,442200
2020-09-21,125.8068,126.5663,121.5556,123.0134,282500
2020-09-22,122.8825,126.3742,122.8825,126.1298,365400
2020-09-23,126.4004,127.6748,122.8126,123.1618,397000
2020-09-24,122.9261,125.0648,121.285,123.4237,260800
2020-09-25,122.2714,124.9252,122.2714,123.9911,255600
2020-09-28,126.2869,128.8184,125.0648,128.0677,333700
2020-09-29,128.5042,128.9319,126.06,126.9242,239600
2020-09-30,127.8407,130.058,127.186,128.4343,630700
2020-10-01,129.0366,130.9396,125.7981,126.6797,535000
2020-10-02,124.0871,129.8485,124.0871,129.2985,589500
2020-10-05,130.8436,132.7291,130.1278,132.3625,305700
2020-10-06,133.1918,140.9521,132.6593,136.2208,860500
2020-10-07,137.9144,140.8125,137.539,138.2723,399400
2020-10-08,138.185,138.9706,136.9105,138.2636,278600
2020-10-09,138.9269,139.8697,136.8581,137.2335,269000
2020-10-12,137.9144,139.4333,137.1986,137.7136,259200
2020-10-13,137.2247,138.4468,134.9726,135.7146,280600
2020-10-14,136.2645,137.5303,135.1035,136.9017,251800
2020-10-15,134.8067,139.5118,133.9687,137.8969,337700
2020-10-16,138.6738,140.8474,138.2112,138.9357,417600
2020-10-19,136.0987,138.7262,135.1035,136.1423,659400
2020-10-20,136.5176,138.0191,134.3179,135.2432,445700
2020-10-21,135.2083,136.9105,134.4401,135.54,636200
2020-10-22,146.1723,148.3895,141.5283,147.9182,1902600
2020-10-23,149.2013,150.0481,146.7222,147.8658,657500
2020-10-26,146.3993,147.3071,142.7591,143.3789,548000
2020-10-27,142.5321,142.8027,137.5215,138.2897,601300
2020-10-28,135.9154,136.6748,133.864,135.025,560600
2020-10-29,134.3528,137.1374,133.9076,136.0986,529500
2020-10-30,136.0812,138.0628,133.7941,137.5128,443700
2020-11-02,139.3634,143.3527,138.8571,142.9948,423600
2020-11-03,144.5574,145.4303,141.5894,143.0908,596500
2020-11-04,140.8037,140.8037,136.8144,137.6001,465900
2020-11-05,138.8746,142.6718,138.4032,141.1617,419100
2020-11-06,142.3401,143.4749,140.3324,141.9822,326100
2020-11-09,148.6601,155.9578,146.5564,146.8793,804000
2020-11-10,146.923,151.6456,146.3207,150.729,422600
2020-11-11,151.2004,151.2004,147.115,148.5554,400400
2020-11-12,147.342,148.503,144.4788,146.1461,389400
2020-11-13,146.8707,150.3624,146.7397,149.5506,316600
2020-11-16,152.9026,152.9026,150.6068,152.4225,424300
2020-11-17,150.8163,151.8114,148.1277,150.6504,414100
2020-11-18,151.244,153.1819,149.2974,149.4545,408600
2020-11-19,149.0676,151.3097,147.4058,150.9844,312400
2020-11-20,150.8613,153.077,150.3074,152.0395,415400
2020-11-23,153.2353,155.1081,152.567,154.7739,407600
2020-11-24,156.9457,158.88,155.6356,157.4381,355600
2020-11-25,156.6116,156.6116,153.7452,153.8332,355400
2020-11-27,154.3695,155.6268,153.1561,155.6268,196300
2020-11-30,154.475,155.5477,153.7012,154.6157,430900
2020-12-01,156.594,156.8666,153.4199,154.5629,408600
2020-12-02,153.4375,155.0817,152.6461,154.7651,473400
2020-12-03,154.7652,158.4932,154.5366,156.0225,767100
2020-12-04,156.3654,159.346,155.8202,159.2581,393400
2020-12-07,158.3525,159.7065,157.3325,158.1327,521800
2020-12-08,156.9721,159.8472,156.5588,159.0735,333400
2020-12-09,159.7417,161.1045,158.5371,160.0934,356000
2020-12-10,159.1965,160.2253,157.016,158.9503,494200
2020-12-11,158.0447,160.4802,158.0447,158.9503,477100
2020-12-14,160.3044,160.322,153.8947,154.0266,424100
2020-12-15,155.6356,155.6532,152.7165,153.8156,645300
2020-12-16,154.1672,154.4662,150.3689,151.1602,707100
2020-12-17,151.2306,152.1098,149.138,150.492,755700
2020-12-18,150.6151,150.9756,147.5641,149.349,1223900
2020-12-21,147.7223,149.6303,145.5682,149.2171,381000
2020-12-22,149.4897,149.6479,146.6849,147.3091,367400
2020-12-23,147.9246,149.0412,147.1333,147.5729,255600
2020-12-24,148.9885,149.3842,147.4059,149.2699,106400
2020-12-28,150.1667,151.1426,148.7599,149.7974,280700
2020-12-29,150.703,150.8086,147.0718,148.4698,154500
2020-12-30,148.8039,151.1514,148.8039,150.3074,259900
2020-12-31,149.7886,150.6942,148.8478,150.4744,287800
2021-01-04,150.9844,151.2306,145.9551,146.764,414700
2021-01-05,146.9662,148.6016,146.298,146.5882,363100
2021-01-06,147.7664,153.8859,147.7664,152.655,338600
2021-01-07,153.3232,155.0992,151.1426,154.6332,361000
2021-01-08,154.8179,154.8707,150.1403,152.0131,277600
2021-01-11,150.6503,153.2089,150.0524,150.6943,254000
2021-01-12,151.6526,153.6309,150.237,153.2177,367100
2021-01-13,153.3584,153.8068,149.859,150.8701,313300
2021-01-14,152.0747,152.3209,149.3578,149.56,320000
2021-01-15,148.3906,149.0852,145.8496,148.2148,383600
2021-01-19,149.56,152.4527,148.5928,151.6438,481600
2021-01-20,152.1714,155.5741,152.1362,154.2992,442800
2021-01-21,153.8595,156.0576,152.6637,154.8443,418200
2021-01-22,154.7036,157.3853,153.2704,156.4885,542700
2021-01-25,156.3742,160.6737,155.1432,157.6227,662800
2021-01-26,158.6778,158.6778,155.2927,157.9832,463800
2021-01-27,156.0576,167.0482,155.6268,164.9468,1211600
2021-01-28,166.1778,169.7124,159.0383,160.4187,1145400
2021-01-29,160.2956,162.1157,157.781,158.2558,464200
2021-02-01,159.9439,164.2258,159.0383,162.8542,607500
2021-02-02,163.4609,164.2171,156.4533,157.0512,721800
2021-02-03,157.0688,157.0688,154.5542,155.9082,662100
2021-02-04,165.958,170.1696,164.3489,166.0547,2248700
2021-02-05,167.057,167.057,160.9902,162.1069,625100
2021-02-08,163.2499,163.9972,162.0189,163.0828,444600
2021-02-09,162.9598,166.6438,161.6761,166.5559,350700
2021-02-10,167.0571,167.2417,165.4656,166.6614,494500
2021-02-11,167.0571,167.6637,164.1116,166.9603,443600
2021-02-12,166.2833,167.6637,165.5095,167.013,351100
2021-02-16,167.1098,167.9187,165.4656,165.7997,396200
2021-02-17,165.0787,167.145,164.4633,166.0635,514000
2021-02-18,165.7469,169.6948,165.237,168.4374,557600
2021-02-19,168.754,171.9896,168.499,171.4181,553400
2021-02-22,170.4183,172.6746,170.0909,171.7986,421700
2021-02-23,173.3205,175.2494,169.9227,174.6389,475700
2021-02-24,175.7272,183.0182,174.8955,183.0005,871500
2021-02-25,182.9386,183.4518,177.5677,180.5673,529300
2021-02-26,179.8859,181.7706,178.4171,179.7178,677100
2021-03-01,182.275,186.2479,181.7529,184.6463,565200
2021-03-02,184.7613,187.1681,183.8677,185.7346,651000
2021-03-03,186.6106,193.4681,186.531,189.6898,694600
2021-03-04,189.0793,190.1322,183.0802,186.5929,508800
2021-03-05,189.3359,193.2911,187.3981,192.2647,522800
2021-03-08,192.9017,196.0694,191.5391,193.0964,452700
2021-03-09,193.2822,195.2289,191.3622,192.477,475600
2021-03-10,192.1408,194.0874,191.194,193.6804,647200
2021-03-11,192.7513,193.7247,189.8756,190.0615,548100
2021-03-12,191.4506,192.6274,190.0703,192.3177,281400
2021-03-15,191.955,197.4056,191.4507,197.3967,624200
2021-03-16,196.4057,196.4942,192.9371,195.1935,331300
2021-03-17,196.0695,197.3259,193.7158,197.1401,449700
2021-03-18,198.6797,202.7499,197.8834,199.5468,375700
2021-03-19,198.6001,201.2015,195.4855,199.4406,1282900
2021-03-22,199.1221,199.1221,193.6804,194.7068,449700
2021-03-23,193.4858,196.5119,189.3448,190.5216,567400
2021-03-24,192.2736,194.1582,190.5481,190.672,468800
2021-03-25,190.787,199.2637,189.5748,198.4319,435400
2021-03-26,200.1928,203.2897,199.3965,203.1835,308700
2021-03-29,203.5197,206.944,200.883,201.6528,443000
2021-03-30,201.7059,205.6168,201.7059,205.3159,323800
2021-03-31,204.6081,206.3335,202.6261,204.1657,453600
2021-04-01,203.5286,205.3867,200.7237,205.0505,359900
2021-04-05,207.8023,208.2713,205.6522,207.298,285700
2021-04-06,207.9262,208.8906,206.2627,206.8113,276500
2021-04-07,206.9086,208.165,205.6875,208.112,334700
2021-04-08,207.4661,207.5192,205.5372,207.3688,579600
2021-04-09,208.9261,209.28,206.3246,208.4571,280600
2021-04-12,208.0943,209.9171,207.3953,209.103,303300
2021-04-13,208.4748,208.6872,205.1567,206.0858,386000
2021-04-14,206.7936,207.9262,206.1034,206.3866,347400
2021-04-15,206.3423,206.6963,204.3161,205.4044,403700
2021-04-16,206.944,209.0588,206.13,208.3951,289800
2021-04-19,209.3861,210.1825,206.4751,208.8287,359600
2021-04-20,209.3065,210.678,205.1213,207.5546,506900
2021-04-21,207.1033,210.4303,206.9883,209.6959,405900
2021-04-22,210.4568,214.2439,207.9439,212.5627,862500
2021-04-23,214.2881,214.2881,211.0142,211.2001,477200
2021-04-26,211.492,213.6864,208.5632,208.811,492200
2021-04-27,208.5809,212.3326,207.1033,212.0937,429800
2021-04-28,212.3592,212.3592,208.8552,209.9347,300500
2021-04-29,210.4479,212.8724,209.4569,212.3857,247800
2021-04-30,210.7311,211.3858,209.5365,210.2356,306500
2021-05-03,211.8991,212.1645,209.0145,210.9169,345400
2021-05-04,211.439,215.81,210.6515,215.0314,361900
2021-05-05,214.8898,218.0044,213.9519,217.2169,406100
2021-05-06,218.553,221.3225,217.5797,221.3136,343700
2021-05-07,220.42,223.5788,217.8274,222.5878,245800
2021-05-10,223.9946,230.0469,223.2868,225.959,437100
2021-05-11,224.154,225.5785,219.9953,222.11,396000
2021-05-12,222.4816,222.8444,216.9692,217.2081,285200
2021-05-13,216.7922,224.8176,216.7833,223.8443,240400
2021-05-14,224.6495,227.0031,224.0124,225.7997,190200
2021-05-17,224.9415,226.5695,223.2426,223.9416,324800
2021-05-18,225.0653,225.3661,221.3667,221.4286,232400
2021-05-19,218.6326,220.5173,215.0137,220.4288,317400
2021-05-20,220.7401,222.6341,218.7571,220.6511,416600
2021-05-21,221.8871,223.6211,220.5266,222.2873,271400
2021-05-24,223.6389,225.9687,222.5541,225.3106,247100
2021-05-25,225.2217,226.4488,223.6922,223.8256,296700
2021-05-26,223.2921,225.1595,222.5185,224.2169,330500
2021-05-27,227.5781,227.9249,224.4481,225.5863,611900
2021-05-28,225.5774,226.8401,224.3591,226.4132,238300
2021-06-01,229.1254,229.401,226.1376,227.3203,280200
2021-06-02,227.6581,227.6581,224.7059,226.1198,240000
2021-06-03,224.8838,225.7197,222.2962,225.4796,200500
2021-06-04,226.6178,226.6889,224.3503,226.1643,195200
2021-06-07,226.3777,226.3777,222.3762,223.2743,253400
2021-06-08,221.6292,222.2873,219.7974,220.4821,543500
2021-06-09,219.1928,219.8953,216.1784,217.3432,460800
2021-06-10,218.437,218.8549,213.6796,213.9286,456300
2021-06-11,214.9246,215.5203,211.9279,212.417,481800
2021-06-14,211.8034,212.9594,207.9353,209.1891,554700
2021-06-15,209.4114,209.8116,205.1609,205.4899,844100
2021-06-16,205.1342,205.7745,197.7804,198.883,1065200
2021-06-17,199.8789,200.3858,190.4976,191.2979,1161000
2021-06-18,189.3772,191.4758,188.3991,189.0304,867000
2021-06-21,191.378,196.8734,190.8889,196.0998,629700
2021-06-22,195.833,196.6066,193.6099,195.4328,515700
2021-06-23,195.7351,196.6599,193.7255,194.9348,476700
2021-06-24,196.0019,197.8515,194.7659,196.7666,381100
2021-06-25,197.6381,198.7674,196.7844,197.2468,458200
2021-06-28,197.6381,197.7181,193.0853,194.8015,604700
2021-06-29,195.1216,196.8378,194.8193,194.9527,305000
2021-06-30,195.2817,199.301,195.0149,198.6785,542700
2021-07-01,200.0746,200.5281,197.6203,198.6696,407800
2021-07-02,199.6122,199.6744,197.478,199.1053,360100
2021-07-06,198.3761,199.4254,195.0238,197.8337,401700
2021-07-07,196.8645,201.6485,196.8645,201.0616,372400
2021-07-08,198.6162,200.7148,197.149,198.963,519800
2021-07-09,202.8578,203.6225,201.195,202.431,321300
2021-07-12,200.9638,202.9557,200.2257,201.9153,309300
2021-07-13,201.5862,201.8441,198.2428,198.7496,233000
2021-07-14,198.7852,200.6259,198.4739,200.0301,228800
2021-07-15,200.0746,201.2128,197.6203,198.8474,523800
2021-07-16,199.7189,200.7859,194.8193,195.4506,364500
2021-07-19,194.2768,194.4013,190.0619,192.4006,371300
2021-07-20,192.6229,199.2832,192.6229,198.5273,524300
2021-07-21,200.2169,202.1376,197.0423,199.212,562100
2021-07-22,199.212,201.4439,195.5395,197.0334,631900
2021-07-23,198.3228,201.8975,197.2468,199.71,478500
2021-07-26,200.1101,201.5507,195.4684,195.7441,533400
2021-07-27,194.7837,196.8378,192.3294,196.0197,519100
2021-07-28,197.5937,198.883,194.3391,195.8863,357400
2021-07-29,197.6559,198.1361,195.4773,196.5444,290000
2021-07-30,196.2065,198.1805,193.0764,193.8322,362600
2021-08-02,195.0949,199.0253,194.2324,194.9348,364200
2021-08-03,195.4951,198.9719,193.4143,198.5362,247500
2021-08-04,197.5314,199.3988,196.8734,196.9445,372200
2021-08-05,198.4829,199.9768,197.069,198.2517,326000
2021-08-06,199.879,201.0527,198.4384,199.5766,269300
2021-08-09,198.4206,199.8789,197.7003,198.7052,195800
2021-08-10,198.8385,202.0931,198.1449,200.3858,278600
2021-08-11,200.9638,204.6007,199.7189,204.3784,290400
2021-08-12,204.903,205.899,201.7463,202.5911,207400
2021-08-13,202.7156,204.9031,202.0665,204.6452,461700
2021-08-16,204.3428,206.0057,202.431,205.9701,211300
2021-08-17,204.3517,204.3517,199.7722,200.9015,350800
2021-08-18,200.0746,200.0746,195.7441,195.9397,330100
2021-08-19,193.892,195.6893,192.1035,193.4896,302200
2021-08-20,193.5968,196.5477,192.3628,196.3063,240300
2021-08-23,198.3362,199.6865,197.6924,198.6581,278200
2021-08-24,199.1946,202.9682,198.6849,201.5017,428500
2021-08-25,201.618,204.1396,201.2156,202.3333,300100
2021-08-26,202.1097,202.4317,200.5091,201.0456,197100
2021-08-27,201.6895,204.3989,201.0725,203.2007,203100
2021-08-30,203.7104,204.694,201.8772,202.2349,150900
2021-08-31,202.7357,202.7357,199.7401,201.1529,403600
2021-09-01,201.6537,202.4495,199.1052,201.1351,318600
2021-09-02,202.3154,204.1664,201.0725,204.077,256500
2021-09-03,203.4689,204.5152,202.2081,202.8967,174100
2021-09-07,201.7431,201.8415,198.1484,198.363,248000
2021-09-08,197.6476,199.7848,197.1916,199.6864,260900
2021-09-09,198.7833,199.4361,195.4479,197.0038,227100
2021-09-10,198.515,198.515,194.8934,195.5105,267700
2021-09-13,197.1201,199.4182,193.2302,196.0291,251500
2021-09-14,196.0291,196.4941,192.023,193.2123,224000
2021-09-15,193.0961,197.6298,192.3807,197.129,319500
2021-09-16,197.1111,197.433,195.591,196.2437,176700
2021-09-17,190.1899,193.4091,189.9395,191.0037,837200
2021-09-20,188.1153,190.0021,186.8992,189.4567,478200
2021-09-21,190.2525,190.2525,184.4401,187.7845,594300
2021-09-22,190.2257,191.5223,188.4819,189.5908,541600
2021-09-23,190.3419,194.1155,189.7428,192.5864,579000
2021-09-24,191.6833,192.9262,191.0931,191.8889,246500
2021-09-27,192.1661,195.5284,192.1661,193.9456,428000
2021-09-28,194.6609,194.6609,191.4328,192.4075,293200
2021-09-29,193.1229,193.9009,190.1094,192.3181,563700
2021-09-30,192.9977,193.5969,186.8098,186.8456,735000
2021-10-01,188.2316,188.5714,183.6085,187.2658,542900
2021-10-04,186.2822,192.1214,186.2286,190.9142,920600
2021-10-05,190.9142,195.5999,189.6355,192.8636,315800
2021-10-06,191.728,193.7936,189.555,193.2481,362900
2021-10-07,195.2332,197.0306,192.953,193.2928,360400
2021-10-08,193.5164,194.4464,191.3345,192.7295,327100
2021-10-11,193.0782,194.3927,190.8069,191.0662,238700
2021-10-12,191.5044,193.2392,190.7443,191.8979,224300
2021-10-13,192.4254,193.0067,188.9022,190.5834,305000
2021-10-14,191.9784,195.9487,191.6564,195.7877,292800
2021-10-15,197.6119,198.0322,195.9397,195.9844,276700
2021-10-18,194.6878,199.4808,193.8562,199.0516,310300
2021-10-19,200.4554,201.5643,198.1126,201.457,345800
2021-10-20,201.7878,204.7924,200.3392,203.8982,538700
2021-10-21,200.7952,203.6835,188.9559,190.0289,997000
2021-10-22,191.8711,193.7757,187.6146,188.169,701900
2021-10-25,187.7845,189.4656,184.8962,187.9276,563700
2021-10-26,188.6787,188.9201,183.7963,183.8678,544300
2021-10-27,183.537,183.7695,179.9423,180.6576,541900
2021-10-28,180.6576,185.1465,180.6576,184.0377,370400
2021-10-29,183.7695,185.1287,180.7291,181.7307,343600
2021-11-01,182.3387,183.8947,182.0168,183.1167,231200
2021-11-02,183.3134,183.4297,179.7992,183.385,469400
2021-11-03,182.8663,188.7502,182.6338,188.7055,284900
2021-11-04,188.6787,189.2153,185.8709,187.4268,232700
2021-11-05,190.5923,195.4658,187.5252,189.5819,554700
2021-11-08,190.9768,192.1661,190.4045,191.4597,273900
2021-11-09,190.798,192.3807,190.4224,192.1214,323200
2021-11-10,191.8979,195.3585,191.7637,195.0187,451600
2021-11-11,195.0097,197.3615,194.3659,196.8161,366700
2021-11-12,197.6298,198.9979,196.3958,197.8444,453600
2021-11-15,198.2736,199.0337,196.5388,198.2289,449000
2021-11-16,198.9979,200.8936,198.4435,199.9994,436500
2021-11-17,199.8563,200.3839,193.9456,194.5626,552800
2021-11-18,195.3367,195.4897,192.6814,194.2026,603900
2021-11-19,194.1666,196.8218,193.2845,194.1035,251700
2021-11-22,195.0486,197.5689,194.6346,195.1747,307800
2021-11-23,195.2287,195.8677,192.0334,195.4177,317200
2021-11-24,195.1927,195.3277,192.5554,193.9055,297600
2021-11-26,189.1441,191.1063,187.2179,190.1882,242800
2021-11-29,191.8263,192.2584,188.64,191.5563,300100
2021-11-30,188.964,189.2611,184.8236,185.3367,607300
2021-12-01,188.343,190.1792,182.4384,182.5105,367000
2021-12-02,184.0766,190.0982,183.0775,189.0811,271500
2021-12-03,189.6661,190.7732,188.19,190.0262,211900
2021-12-06,192.5914,193.0955,188.9821,189.2341,347000
2021-12-07,190.3952,193.6445,190.1072,192.8615,267100
2021-12-08,193.5185,193.6265,191.5203,193.2485,413200
2021-12-09,192.1234,194.1306,190.6562,192.9155,390700
2021-12-10,194.0586,196.4978,192.9605,195.7237,296500
2021-12-13,195.9848,196.2638,191.7723,191.8894,335900
2021-12-14,191.5023,193.3025,188.9821,191.6193,442000
2021-12-15,192.1684,195.2287,189.7471,195.0306,391200
2021-12-16,196.9748,199.8821,194.4096,195.2107,446300
2021-12-17,193.7886,194.6796,187.83,188.433,926000
2021-12-20,186.3178,186.5968,181.5564,184.0766,392900
2021-12-21,185.4177,188.568,185.4177,187.677,244300
2021-12-22,187.2179,188.325,186.6508,187.3799,138300
2021-12-23,187.956,189.8281,187.7759,188.9641,182500
2021-12-27,188.8741,192.6364,187.758,192.5914,233600
2021-12-28,191.7993,195.7687,191.7993,195.2287,177700
2021-12-29,195.2377,196.3448,193.1405,195.6697,146000
2021-12-30,196.2188,196.6058,192.7804,192.8435,240000
2021-12-31,192.5914,194.9136,191.4573,193.8605,182900
2022-01-03,195.2557,195.4627,190.0442,192.0064,206100
2022-01-04,193.8065,199.4591,193.6445,198.82,329300
2022-01-05,199.4591,202.0153,196.8308,197.2358,271100
2022-01-06,199.09,200.4402,196.8758,197.7849,198500
2022-01-07,197.3979,199.0721,196.5968,197.1549,249800
2022-01-10,196.0838,197.4609,194.5176,195.9397,246900
2022-01-11,196.7858,197.2989,191.6193,194.8236,301500
2022-01-12,195.9667,197.4249,194.8686,196.9928,197900
2022-01-13,198.487,199.6391,196.8759,198.433,328100
2022-01-14,195.9128,198.262,194.3466,198.136,403600
2022-01-18,196.6958,196.8938,191.6913,193.1135,329000
2022-01-19,193.6625,194.7066,190.9983,191.3673,333200
2022-01-20,191.9614,193.6535,188.6311,188.7661,245600
2022-01-21,188.6311,189.5492,184.5897,185.2917,329600
2022-01-24,182.8795,190.0082,181.6104,189.7202,380500
2022-01-25,186.7229,189.9092,183.7076,188.064,340300
2022-01-26,189.5942,192.9425,186.2008,187.857,287700
2022-01-27,189.1981,191.2863,182.6455,184.5896,311400
2022-01-28,183.4735,186.0658,180.1162,185.9038,265600
2022-01-31,184.4546,187.812,183.7706,187.4429,288500
2022-02-01,186.9119,189.3961,185.4087,189.1981,385700
2022-02-02,189.6752,191.2413,188.217,189.9722,486000
2022-02-03,190.4312,197.5689,189.0181,195.0757,666600
2022-02-04,195.1657,195.1657,188.46,192.3484,399100
2022-02-07,192.8704,192.8704,188.9011,189.2971,373400
2022-02-08,189.8192,191.8894,188.253,190.8093,360400
2022-02-09,191.9614,195.6067,191.4123,193.2755,244800
2022-02-10,191.4753,194.1396,189.5851,190.5212,224100
2022-02-11,190.8633,192.6454,186.4708,188.046,425500
2022-02-14,188.5951,190.1882,186.1648,189.6572,247100
2022-02-15,192.1684,196.1558,192.1684,194.6167,381300
2022-02-16,193.0505,197.7579,193.0505,196.5428,473600
2022-02-17,195.0576,197.2898,193.0864,194.7246,338500
2022-02-18,194.2116,196.4438,193.4555,193.9416,375500
2022-02-22,194.3402,195.1376,188.3874,189.1938,328400
2022-02-23,189.8009,190.3989,183.984,184.3736,445600
2022-02-24,180.7584,186.077,179.1728,185.6964,350000
2022-02-25,186.0136,192.4194,185.7689,192.1747,361600
2022-02-28,189.6831,192.4285,188.5143,190.4351,499300
2022-03-01,189.4837,190.5801,181.3836,183.0235,379300
2022-03-02,185.3612,191.2415,184.7722,189.5925,331000
2022-03-03,190.9606,192.3922,188.9129,190.8609,309400
2022-03-04,187.5991,188.1971,184.8719,188.0068,319100
2022-03-07,188.0069,188.0069,182.4346,184.9716,478300
2022-03-08,187.1823,193.9687,186.077,186.9649,503900
2022-03-09,190.9335,192.3288,187.9072,188.179,297800
2022-03-10,185.18,187.8619,185.18,187.572,213300
2022-03-11,188.4146,189.7556,186.222,186.376,223000
2022-03-14,185.7417,187.1189,183.1866,185.488,724400
2022-03-15,187.1914,187.1914,181.6192,183.5582,576900
2022-03-16,184.5367,187.3455,183.241,186.8471,468000
2022-03-17,185.7417,190.5982,185.2978,190.5892,408900
2022-03-18,190.5257,194.6302,188.3784,193.8872,1199600
2022-03-21,194.0503,196.0255,192.0751,192.7999,424200
2022-03-22,194.5214,194.5214,191.2596,192.6006,224300
2022-03-23,192.1476,192.1657,186.3216,187.6988,313100
2022-03-24,188.5052,189.0579,185.8686,187.4723,290000
2022-03-25,188.0884,189.8734,186.7022,189.2029,270700
2022-03-28,188.9311,188.9311,184.0384,186.521,488300
2022-03-29,187.6716,191.5224,187.2458,190.9334,555300
2022-03-30,190.0546,192.5734,188.9492,189.366,234500
2022-03-31,188.5505,191.3502,186.1132,186.1766,346500
2022-04-01,187.3545,188.0069,182.8061,184.5639,335300
2022-04-04,183.9659,189.0126,182.1175,189.0035,347400
2022-04-05,188.6049,190.1089,186.4666,186.8834,275500
2022-04-06,185.6239,188.9129,184.3917,187.8891,317600
2022-04-07,187.735,188.3421,184.3736,186.0045,347900
2022-04-08,187.0464,191.622,185.9501,188.8223,465200
2022-04-11,189.3207,192.8362,189.3207,190.9787,330400
2022-04-12,191.3774,194.4761,190.7069,190.7794,344500
2022-04-13,189.4022,191.9935,189.1757,190.8519,314900
2022-04-14,191.6492,192.3107,189.9005,191.3231,256000
2022-04-18,190.2539,196.9678,190.2539,195.9802,537400
2022-04-19,197.2034,206.1009,197.004,205.5572,911300
2022-04-20,206.9888,209.4261,204.6059,205.0589,702900
2022-04-21,211.1023,213.2496,204.3159,204.9411,1076400
2022-04-22,205.53,205.53,200.9092,201.489,576700
2022-04-25,200.2568,203.3827,194.4943,202.2863,578600
2022-04-26,201.1265,202.2863,198.4899,198.9792,342100
2022-04-27,200.2024,202.4132,198.5171,199.7131,392800
2022-04-28,200.7007,200.7007,195.7174,199.5501,574400
2022-04-29,199.1785,199.5229,191.9301,192.5281,480600
2022-05-02,193.3073,196.0889,189.9096,194.0956,369500
2022-05-03,194.8838,199.4051,194.8838,199.1333,384900
2022-05-04,199.8309,207.0884,198.6349,206.5357,360900
2022-05-05,204.3794,205.6388,199.1876,201.1176,345700
2022-05-06,201.2535,201.2535,195.2735,197.6383,351300
2022-05-09,195.1013,199.4323,195.1013,197.4842,320100
2022-05-10,198.7708,199.3326,191.8304,193.8963,387400
2022-05-11,194.8023,197.4571,190.571,191.0965,284200
2022-05-12,190.1271,194.6483,189.4656,194.5758,317700
2022-05-13,195.6631,197.3121,194.5668,196.1524,174400
2022-05-16,195.6449,197.7651,191.8032,196.4694,247600
2022-05-17,199.2329,202.4223,198.798,202.386,365000
2022-05-18,201.1447,201.8061,195.5996,196.0708,357100
2022-05-19,194.4382,199.5639,193.2708,196.1164,440800
2022-05-20,197.676,199.2264,188.1999,191.4923,387900
2022-05-23,193.3256,195.3138,191.9484,193.6448,291200
2022-05-24,193.59,194.2011,189.0389,193.2799,313800
2022-05-25,191.8207,196.5815,190.8448,196.2806,300400
2022-05-26,197.9861,200.7404,197.7489,199.9834,326000
2022-05-27,201.3606,203.4127,200.7587,203.2941,232900
2022-05-31,201.2056,203.3762,199.7554,202.3639,406900
2022-06-01,203.5586,203.6042,195.9066,197.8766,290300
2022-06-02,198.8434,201.3789,198.1685,201.0961,150900
2022-06-03,199.801,201.0323,198.8708,200.8225,164400
2022-06-06,201.461,202.7378,200.8316,202.072,202100
2022-06-07,201.0688,204.9632,199.8466,204.9176,242000
2022-06-08,203.1573,204.2974,201.5795,201.7802,229600
2022-06-09,201.087,203.0844,199.1717,199.4362,159100
2022-06-10,195.8519,196.1528,190.7353,190.9451,263500
2022-06-13,187.8351,190.0878,184.9348,187.826,303500
2022-06-14,187.9262,190.0604,185.4911,187.4884,260900
2022-06-15,188.1178,189.1393,184.9621,185.9107,307100
2022-06-16,182.5817,182.5817,173.6802,174.9479,531000
2022-06-17,174.6652,180.3016,173.3609,178.514,1240400
2022-06-21,181.168,181.542,178.9335,180.1648,277300
2022-06-22,177.6202,180.3107,177.0456,179.3074,274100
2022-06-23,179.1706,181.0403,175.9694,178.5961,230800
2022-06-24,179.6723,184.8891,179.1524,184.1139,391100
2022-06-27,185.1445,187.1692,183.211,186.1204,221000
2022-06-28,187.8442,188.437,183.3204,183.4207,291100
2022-06-29,183.8677,183.8677,180.7759,181.3778,199900
2022-06-30,178.8423,181.3504,177.912,179.6996,355500
2022-07-01,180.1739,182.5999,177.6111,180.8032,275100
2022-07-05,177.9576,181.3322,176.1062,181.2227,242800
2022-07-06,180.4931,182.4084,178.6325,181.1862,219300
2022-07-07,182.6911,184.424,181.852,183.6305,213400
2022-07-08,182.3993,184.1231,180.5114,180.6026,261500
2022-07-11,179.7909,181.6332,179.5902,180.484,219300
2022-07-12,181.7243,186.1386,181.2866,182.0071,276700
2022-07-13,179.6814,181.2774,178.5869,179.8273,187600
2022-07-14,177.1824,178.9518,175.3401,178.7967,158600
2022-07-15,181.5693,181.7153,178.8788,180.4658,193900
2022-07-18,181.7608,183.7856,181.4963,182.6911,355700
2022-07-19,184.8435,189.8324,184.8435,189.2943,329700
2022-07-20,189.3946,190.3797,187.9719,189.5406,256600
2022-07-21,190.0331,195.7972,187.8806,193.1796,488800
2022-07-22,194.2649,195.8154,193.1796,194.5112,468400
2022-07-25,195.3138,196.6271,193.3255,195.3411,317900
2022-07-26,194.2102,197.2929,194.0552,196.992,305300
2022-07-27,196.7822,200.786,195.7516,199.9834,332000
2022-07-28,198.8799,202.6284,198.8799,202.1176,361000
2022-07-29,202.8929,204.7534,201.3789,204.343,372800
2022-08-01,203.3672,204.644,201.6252,204.2974,186000
2022-08-02,204.0329,204.416,201.461,202.1267,413000
2022-08-03,202.1997,204.1423,201.2056,203.5313,263300
2022-08-04,203.5313,204.27,202.8108,203.4401,254300
2022-08-05,202.4824,204.2609,201.1144,203.3854,232600
2022-08-08,203.887,205.4557,203.0023,204.6805,361200
2022-08-09,204.0876,204.2336,201.4701,201.9899,156200
2022-08-10,205.2095,207.3801,204.5163,206.842,186700
2022-08-11,208.7117,209.8973,206.7234,208.6205,328200
2022-08-12,208.8485,211.1195,207.9729,211.01,298400
2022-08-15,209.4596,210.7912,208.958,210.2896,226700
2022-08-16,209.5599,214.2478,209.0218,212.825,293600
2022-08-17,210.8823,211.9859,210.3807,211.2107,225800
2022-08-18,211.7337,213.1286,211.385,212.8166,153400
2022-08-19,212.1375,212.7983,210.6601,211.1832,229800
2022-08-22,208.8798,209.2469,205.099,205.2366,206400
2022-08-23,205.2366,206.1084,204.0529,204.7319,187100
2022-08-24,204.8879,205.6588,203.5298,205.5119,186700
2022-08-25,205.8882,209.2101,205.8882,209.1643,192500
2022-08-26,209.8342,209.8342,202.034,202.1166,220100
2022-08-29,200.3088,203.4564,199.8499,203.1903,242300
2022-08-30,203.851,203.851,199.5747,200.2904,278400
2022-08-31,200.8685,201.0429,198.6202,199.9233,359500
2022-09-01,198.6203,199.4278,196.3261,197.2988,323100
2022-09-02,199.8683,200.4831,194.8303,195.8397,282800
2022-09-06,197.0235,199.4278,195.3717,199.2351,318100
2022-09-07,199.2168,205.2734,198.2349,205.0715,342800
2022-09-08,202.9792,204.9155,201.2356,204.0437,341500
2022-09-09,205.255,206.5673,204.4383,205.0348,174400
2022-09-12,204.7044,206.6224,204.3924,206.3379,324100
2022-09-13,201.9331,203.1995,198.8222,199.3269,340200
2022-09-14,199.5471,200.4189,196.9134,198.8864,354900
2022-09-15,199.2902,200.5198,196.06,197.1428,280600
2022-09-16,195.5369,197.877,193.775,197.721,677100
2022-09-19,196.4637,202.6764,196.4637,202.5479,258800
2022-09-20,200.9236,200.9236,197.5558,199.3544,250600
2022-09-21,200.9144,203.2637,197.877,198.0238,248900
2022-09-22,198.3083,199.2994,193.4813,193.5547,253700
2022-09-23,191.6368,191.6368,186.14,189.4527,323400
2022-09-26,188.9664,192.1507,188.5351,189.6271,314400
2022-09-27,191.8387,192.5912,185.7729,187.4981,299800
2022-09-28,188.7829,191.9029,187.1402,190.9486,274700
2022-09-29,189.6363,189.6363,185.3691,186.0665,342600
2022-09-30,186.8833,188.7553,184.2221,184.7727,416900
2022-10-03,187.1953,191.0128,185.9289,189.9208,323900
2022-10-04,192.6829,196.7941,192.6829,196.7666,225200
2022-10-05,194.2338,197.4181,194.1237,196.3812,209200
2022-10-06,196.2802,197.7944,195.8673,196.2068,218700
2022-10-07,194.8578,194.8578,190.9118,192.2975,211600
2022-10-10,194.0044,194.6743,190.4989,192.0589,202500
2022-10-11,192.0498,194.1512,190.6641,191.8295,232800
2022-10-12,192.1966,193.362,190.5815,190.6824,206100
2022-10-13,187.9111,196.5096,186.2501,194.8853,273800
2022-10-14,196.0049,197.0602,191.6184,192.3434,225100
2022-10-17,195.0781,196.5463,194.2797,195.0047,423400
2022-10-18,198.1614,200.5198,196.9868,198.8038,307500
2022-10-19,198.4734,198.9231,195.1882,196.1059,335400
2022-10-20,194.6468,195.4635,186.3969,186.4153,637900
2022-10-21,188.0946,191.2422,185.1856,190.6457,517800
2022-10-24,192.7013,195.3625,192.6921,195.2065,333500
2022-10-25,195.0872,200.3638,195.0872,200.2721,325500
2022-10-26,201.1714,201.9239,197.1979,198.4459,302700
2022-10-27,199.8867,201.3274,196.4821,197.2713,656600
2022-10-28,197.7301,201.7587,197.7301,201.4742,388600
2022-10-31,200.997,204.2915,200.3088,203.7684,347300
2022-11-01,204.8696,205.0256,201.8872,203.6032,208400
2022-11-02,202.8324,206.8334,201.1806,201.9147,352900
2022-11-03,200.5749,204.0804,197.8127,202.5112,256700
2022-11-04,206.292,210.4123,205.4202,210.2746,245300
2022-11-07,211.5227,211.8622,208.1181,210.2288,230700
2022-11-08,211.2658,212.6881,207.8153,209.7424,237700
2022-11-09,208.6137,211.4126,207.5859,208.6504,234300
2022-11-10,214.9364,216.7718,212.0182,216.5974,282700
2022-11-11,216.3955,217.8271,213.5599,215.019,277700
2022-11-14,214.0371,217.561,213.7802,214.5051,285200
2022-11-15,215.6155,217.4875,214.7804,216.8543,254700
2022-11-16,216.3955,216.3955,213.4865,214.7162,270100
2022-11-17,212.0916,215.1934,210.5683,215.0741,182600
2022-11-18,217.7538,218.835,215.3236,218.4284,257400
2022-11-21,217.9756,220.1102,217.8924,218.6224,229700
2022-11-22,219.5835,222.1524,218.299,221.4408,208800
2022-11-23,221.9213,223.8157,221.1821,222.8546,155700
2022-11-25,224.3146,225.3958,223.1318,224.3423,100700
2022-11-28,222.9471,223.6771,220.1472,220.5999,287700
2022-11-29,221.0527,222.4942,220.0547,221.0157,342300
2022-11-30,220.4521,222.4758,216.2476,222.3279,560700
2022-12-01,224.3885,225.2479,221.8474,223.7509,268900
2022-12-02,221.9491,226.9112,221.9491,226.3568,248300
2022-12-05,224.2592,224.4255,221.0805,221.4778,318700
2022-12-06,219.7405,221.2837,217.2733,219.0937,298300
2022-12-07,218.5208,220.5907,218.1327,218.2898,243000
2022-12-08,219.26,219.9716,215.0094,216.377,294800
2022-12-09,216.6173,218.8073,216.0444,216.0813,255900
2022-12-12,216.4232,218.4469,215.4806,217.7815,291400
2022-12-13,222.7345,222.7345,216.839,218.2713,316200
2022-12-14,218.0311,218.6317,212.6438,215.3051,445500
2022-12-15,213.2352,213.688,210.9805,212.8379,301900
2022-12-16,210.6386,212.4867,207.6262,208.578,884400
2022-12-19,208.8829,210.001,206.2955,207.1087,315100
2022-12-20,206.5081,208.3747,206.1385,207.6077,214100
2022-12-21,209.3634,211.8491,208.6242,211.8307,212400
2022-12-22,210.0749,210.0749,203.4864,208.1621,339200
2022-12-23,208.2083,210.5554,207.4044,210.4445,125000
2022-12-27,210.3614,213.0874,210.3614,212.2557,156000
2022-12-28,213.2629,213.7804,209.0307,209.2617,171100
2022-12-29,210.5555,213.4293,209.7423,212.727,163800
2022-12-30,211.7752,212.2372,209.5575,211.1376,180000
2023-01-03,212.6992,213.9929,209.964,211.96,310700
2023-01-04,213.4478,214.7599,212.1541,214.6768,189900
2023-01-05,213.8543,214.5566,211.8029,212.5791,256100
2023-01-06,215.0094,220.2303,214.9262,219.3802,260400
2023-01-09,219.4634,226.7911,218.9828,222.1431,365300
2023-01-10,222.1431,226.2552,222.1154,225.8578,257000
2023-01-11,226.671,228.8702,226.671,228.1772,348300
2023-01-12,229.166,229.8405,226.8928,229.3877,269000
2023-01-13,228.325,230.8015,227.4379,229.9144,236500
2023-01-17,229.6094,231.5962,226.329,226.7449,256400
2023-01-18,227.4472,229.6187,222.5312,222.5959,312800
2023-01-19,222.1523,222.4388,216.6819,216.6819,415000
2023-01-20,217.8278,220.4521,215.7024,220.3043,298500
2023-01-23,221.293,222.1339,219.4356,220.6923,181600
2023-01-24,219.029,224.1021,219.029,222.6606,194100
2023-01-25,221.0897,223.021,220.0178,222.3464,254800
2023-01-26,223.6308,224.8598,221.6256,224.4255,175400
2023-01-27,223.7972,227.6228,223.6031,225.8855,240500
2023-01-30,225.0908,227.6967,223.9635,224.0929,260500
2023-01-31,224.9337,230.0807,223.6401,229.8405,363700
2023-02-01,228.7039,232.8437,227.7059,231.356,443800
2023-02-02,235.2647,239.8387,232.7235,238.3788,751800
2023-02-03,237.0389,240.0514,235.9023,239.9405,282700
2023-02-06,239.1365,239.1365,235.7175,237.8705,269100
2023-02-07,236.2996,236.2996,232.2153,235.0244,335200
2023-02-08,233.6846,235.0706,231.5962,232.1229,226100
2023-02-09,233.7308,234.969,230.2933,230.3302,268100
2023-02-10,229.9606,233.0377,229.1659,232.243,213300
2023-02-13,232.973,235.7729,231.9843,235.7729,310600
2023-02-14,234.8581,235.6251,232.1968,233.047,229000
2023-02-15,232.2338,235.4218,231.5685,234.5347,203800
2023-02-16,231.7071,234.202,231.3836,233.278,240600
2023-02-17,233.3519,234.8582,232.1229,233.1209,1114100
2023-02-21,231.4206,232.7328,227.3178,227.327,272100
2023-02-22,227.8759,229.5595,226.8155,227.1968,237400
2023-02-23,228.1828,229.1316,225.9411,229.02,205200
2023-02-24,227.3829,229.9688,225.9783,229.5409,194000
2023-02-27,231.9873,232.378,229.327,229.6153,181500
2023-02-28,229.7734,232.3221,229.7734,231.3175,398000
2023-03-01,230.778,232.4617,229.4014,230.0246,264500
2023-03-02,228.9828,232.0803,228.4898,231.5408,206500
2023-03-03,232.1733,233.1779,230.2292,232.6384,210400
2023-03-06,232.5082,233.2988,230.5269,230.9548,240500
2023-03-07,231.2245,232.4244,229.7083,229.7548,203900
2023-03-08,230.406,231.0385,227.9503,229.8293,288500
2023-03-09,230.7873,231.9315,229.3642,229.6897,268600
2023-03-10,229.606,229.606,222.9552,223.3924,369200
2023-03-13,220.0251,223.1971,218.974,220.9739,301400
2023-03-14,224.4621,226.648,221.1692,223.9505,365900
2023-03-15,220.0903,221.0112,215.9603,219.8577,339500
2023-03-16,217.8299,222.1366,217.2532,220.6855,324200
2023-03-17,219.3369,219.3369,214.2953,215.5603,897800
2023-03-20,217.616,220.5925,217.6067,220.5274,340900
2023-03-21,223.597,224.5272,220.8623,222.3878,208700
2023-03-22,222.4436,223.7273,217.2067,217.3462,276900
2023-03-23,217.3369,219.7833,216.1277,217.4299,356300
2023-03-24,215.5417,218.4252,213.9883,218.0253,319400
2023-03-27,219.9228,221.8576,219.1415,220.4995,251000
2023-03-28,220.3414,223.8482,220.3414,222.5645,198500
2023-03-29,224.4156,225.0388,223.2157,224.6853,201500
2023-03-30,226.4248,226.4248,224.6388,225.0202,260600
2023-03-31,226.3504,229.7734,225.5225,229.6525,275000
2023-04-03,228.7689,230.4432,227.3178,229.42,199100
2023-04-04,229.7548,229.7548,219.7182,220.2112,274000
2023-04-05,218.695,218.8717,213.2162,213.6906,420400
2023-04-06,212.9744,213.3651,210.8536,212.7418,316000
2023-04-10,212.2767,217.6904,212.0814,217.0672,427800
2023-04-11,218.1462,222.1645,217.9601,219.4112,334500
2023-04-12,220.9739,222.5645,220.4344,221.3181,210200
2023-04-13,221.0855,222.6296,217.9043,222.2297,267200
2023-04-14,222.6761,225.569,221.8948,223.1877,218000
2023-04-17,224.1737,225.4574,222.2204,223.8017,235700
2023-04-18,224.6388,226.3039,224.09,225.3272,259100
2023-04-19,224.6575,224.6575,222.3878,223.0296,256000
2023-04-20,229.7548,245.4377,228.5735,240.8147,865100
2023-04-21,241.8472,244.9168,241.131,244.6471,488000
2023-04-24,243.9122,245.14,239.3171,241.0286,542300
2023-04-25,240.0891,240.9356,239.0566,239.8473,367600
2023-04-26,237.4288,240.4891,236.0242,236.387,304500
2023-04-27,237.987,241.3821,237.2335,241.2891,270800
2023-04-28,240.7775,243.4843,240.545,241.2984,284700
2023-05-01,241.4565,245.0005,241.4565,244.1261,257000
2023-05-02,243.3634,244.7307,240.9821,243.7819,248800
2023-05-03,245.0842,246.5167,243.2239,244.0517,268800
2023-05-04,244.3308,244.3308,240.0985,240.6194,254100
2023-05-05,242.6657,244.1168,240.7123,242.6006,231300
2023-05-08,242.4332,243.1866,240.8705,241.7262,192800
2023-05-09,241.103,241.103,237.8939,239.4101,321600
2023-05-10,240.6008,241.2054,236.1638,238.8613,239400
2023-05-11,237.1777,238.8706,236.3777,238.1544,184100
2023-05-12,239.5031,240.3868,236.3126,238.1637,182100
2023-05-15,238.666,240.1729,237.0009,239.7729,211600
2023-05-16,237.7172,239.1962,236.5917,236.8149,258800
2023-05-17,237.9776,240.0705,237.0289,239.5496,265900
2023-05-18,243.0974,247.7777,241.5247,244.5576,308000
2023-05-19,246.6357,247.0569,243.3314,244.1832,979300
2023-05-22,243.659,245.372,240.3921,244.595,297700
2023-05-23,242.648,245.3533,241.4686,241.946,247500
2023-05-24,241.9647,241.9647,238.1736,238.9693,247100
2023-05-25,239.8773,241.3844,238.0145,239.4093,218200
2023-05-26,240.364,241.6277,239.2127,240.8976,197900
2023-05-30,240.7759,241.2065,237.8647,240.2423,235600
2023-05-31,239.8024,240.0458,232.8099,232.9503,742200
2023-06-01,234.0737,236.9287,231.8458,236.5168,360900
2023-06-02,238.5667,243.5092,238.5667,243.1067,273600
2023-06-05,242.5263,243.4437,239.8585,242.7978,254100
2023-06-06,242.1145,246.9821,241.272,245.9711,199900
2023-06-07,245.9337,253.5252,245.4282,252.6079,227200
2023-06-08,252.5891,253.1321,249.7903,252.1117,273000
2023-06-09,251.7373,252.664,249.706,250.4736,163200
2023-06-12,250.8668,252.2147,248.6202,250.1741,235900
2023-06-13,249.8651,256.2117,249.8651,256.1368,381300
2023-06-14,256.4832,257.2039,253.5907,254.4051,199900
2023-06-15,253.8248,257.1104,253.7405,256.7359,176100
2023-06-16,257.4192,257.6533,255.5939,256.3615,482100
2023-06-20,254.3957,256.2304,253.2724,255.5658,236800
2023-06-21,254.7795,258.0557,254.3676,255.4348,359700
2023-06-22,255.0135,257.3724,253.1414,256.0526,262700
2023-06-23,254.3957,256.7733,254.3957,256.1274,396000
2023-06-26,257.1665,260.9482,256.4832,260.0309,220700
2023-06-27,260.8358,266.1059,259.516,265.0762,266700
2023-06-28,264.8329,266.3961,262.6237,265.0856,280500
2023-06-29,264.4772,268.7176,264.4772,268.6146,291200
2023-06-30,269.6163,270.9642,268.1747,269.7661,242900
2023-07-03,267.716,270.3463,267.5288,268.521,124100
2023-07-05,265.7222,267.8096,263.045,265.5724,208200
2023-07-06,265.0575,266.3493,261.5753,263.2322,215900
2023-07-07,262.0996,265.8626,261.8843,262.783,205500
2023-07-10,263.4475,267.716,263.4475,267.145,250400
2023-07-11,268.7832,272.7896,268.7832,272.5836,230900
2023-07-12,274.8676,275.5135,272.3027,274.0439,304600
2023-07-13,273.5289,274.1561,271.1888,272.0125,238400
2023-07-14,271.582,274.4557,270.9829,274.231,280600
2023-07-17,274.1562,278.2562,272.8831,275.916,307500
2023-07-18,275.6819,278.1532,274.5212,276.2249,294600
2023-07-19,275.3169,277.1703,273.7443,275.4947,365700
2023-07-20,272.1155,273.3043,254.948,255.3037,714200
2023-07-21,256.3708,259.5815,253.7498,257.9341,383800
2023-07-24,258.6642,259.8998,256.3521,257.0541,283400
2023-07-25,257.8686,258.1213,255.4629,255.6688,226400
2023-07-26,254.377,256.09,251.6811,251.8028,303900
2023-07-27,253.3286,254.8263,249.7715,252.5517,263600
2023-07-28,254.2834,255.4067,252.898,254.6952,183000
2023-07-31,254.8544,255.7343,253.3567,255.0229,308900
2023-08-01,254.2179,258.477,254.1149,257.4193,191700
2023-08-02,256.4551,257.5222,253.6094,256.1274,213900
2023-08-03,254.5268,257.1103,253.1507,256.0338,224000
2023-08-04,257.1852,257.1852,253.7779,254.8263,225900
2023-08-07,255.9215,256.998,254.7982,256.2398,325200
2023-08-08,253.9838,256.0713,252.1304,255.4441,124300
2023-08-09,255.7717,256.2398,254.4332,255.1352,106100
2023-08-10,254.8731,256.1929,250.6327,251.3253,183700
2023-08-11,251.1008,253.4971,250.2677,253.0572,161500
2023-08-14,252.5049,253.6749,250.5859,253.3286,287200
2023-08-15,251.6905,252.664,249.3035,250.6234,154700
2023-08-16,250.9042,252.87,250.5204,250.586,243700
2023-08-17,252.0927,254.2306,250.1998,250.2469,171100
2023-08-18,249.4558,253.2982,249.4558,252.9121,218800
2023-08-21,252.9592,254.5979,250.3505,251.6313,152300
2023-08-22,252.347,252.3847,249.3616,249.5311,141500
2023-08-23,249.6535,251.9326,249.6535,251.0756,172100
2023-08-24,250.5671,252.865,246.8188,246.8188,187100
2023-08-25,249.0414,250.2563,246.8377,249.2392,191000
2023-08-28,249.5311,251.9421,248.5423,249.6724,157900
2023-08-29,249.8231,251.9797,248.7871,251.3488,170500
2023-08-30,252.0928,253.8916,252.0928,253.2229,148700
2023-08-31,252.6484,254.758,252.6484,252.9592,208800
2023-09-01,253.7597,256.1141,252.9592,254.7674,138100
2023-09-05,255.1158,255.1158,247.8924,247.9395,213700
2023-09-06,247.5911,249.9361,246.9789,247.2144,197400
2023-09-07,246.0842,246.687,239.4165,243.6827,369400
2023-09-08,243.3908,245.9147,242.5809,244.6151,165300
2023-09-11,245.6228,247.0637,244.1536,246.0372,225100
2023-09-12,244.9824,247.7512,244.9824,247.1202,209000
2023-09-13,246.9601,248.2597,244.4926,245.8582,141100
2023-09-14,247.3557,249.6442,246.7623,248.5423,175700
2023-09-15,248.8343,248.8437,244.8977,245.2555,401400
2023-09-18,246.0937,248.5611,245.2931,245.5098,237300
2023-09-19,244.8412,245.604,241.6956,244.9542,252300
2023-09-20,246.5269,247.7982,240.7632,240.8386,315800
2023-09-21,239.8215,242.0064,238.2017,240.283,272500
2023-09-22,240.3772,243.3249,240.3772,240.961,194600
2023-09-25,240.3677,242.4961,240.3677,241.366,194000
2023-09-26,239.6614,240.8386,238.2016,238.2299,233400
2023-09-27,239.4542,240.6503,237.759,239.1811,252800
2023-09-28,239.2094,243.5415,237.7214,242.6374,188700
2023-09-29,244.2572,244.2572,239.5013,240.2076,232400
2023-10-02,238.3994,239.9157,236.337,237.0998,234900
2023-10-03,236.5253,239.9439,236.3087,239.1622,258100
2023-10-04,239.5955,241.4508,237.3635,240.9893,161000
2023-10-05,241.0552,243.0517,240.1982,242.8822,249000
2023-10-06,242.4019,246.3385,241.5449,244.5868,266400
2023-10-09,243.3531,246.5269,243.3343,245.2555,217300
2023-10-10,245.8394,248.6741,245.491,245.5569,230100
2023-10-11,245.9336,247.252,245.0766,245.9995,208900
2023-10-12,246.7153,246.9884,238.9268,239.5296,265500
2023-10-13,239.7932,241.0552,237.5706,238.8797,211600
2023-10-16,240.8292,243.9559,240.6126,242.1759,221600
2023-10-17,241.3189,245.1331,241.0835,243.9559,300200
2023-10-18,241.8369,241.8369,235.4705,235.7719,291300
2023-10-19,238.3052,242.6751,237.1751,237.9945,449100
2023-10-20,239.8686,241.884,237.6177,238.1734,291400
2023-10-23,238.7667,240.9045,235.6588,235.9602,291300
2023-10-24,238.0886,239.6708,236.1015,239.247,227400
2023-10-25,238.5501,238.6255,235.2916,235.6306,207600
2023-10-26,236.4029,240.6785,235.7248,238.7291,223700
2023-10-27,238.3523,239.765,236.9868,237.646,240700
2023-10-30,239.2753,241.6391,237.5236,239.6708,290800
2023-10-31,240.1888,244.747,240.1888,242.9199,339300
2023-11-01,242.5526,247.0449,240.9893,245.3497,263100
2023-11-02,248.6176,249.7666,246.4516,248.0337,209100
2023-11-03,251.7914,256.0859,251.7914,255.0876,270900
2023-11-06,254.579,254.8427,251.4335,253.2982,196500
2023-11-07,252.4412,252.7708,250.6612,251.5182,145600
2023-11-08,251.9327,252.5071,249.8514,250.2092,180700
2023-11-09,251.7443,251.9703,248.9095,249.9644,142700
2023-11-10,251.3111,254.6826,250.4353,254.3153,139500
2023-11-13,253.0816,254.0892,251.0567,251.6407,171800
2023-11-14,254.5414,259.3067,254.5414,259.1655,253100
2023-11-15,258.9866,261.8684,258.5627,259.0242,204500
2023-11-16,258.7039,260.126,258.0258,258.7227,225200
2023-11-17,259.9,261.7741,259.4009,261.5858,225100
2023-11-20,261.5858,262.7614,259.6516,260.9884,202000
2023-11-21,260.2205,260.7704,258.6087,260.6092,174500
2023-11-22,260.9126,261.7564,258.9216,260.4196,184200
2023-11-24,260.7799,262.0314,260.3532,260.8652,149500
2023-11-27,259.4335,260.429,258.6561,259.6611,193800
2023-11-28,259.5473,260.0593,256.428,256.9021,160400
2023-11-29,258.8267,259.8792,256.6461,257.7364,144400
2023-11-30,258.6466,260.9126,257.2244,260.4386,386500
2023-12-01,260.2584,265.5299,260.2584,265.3403,266400
2023-12-04,263.3303,266.7625,263.3303,266.3453,226800
2023-12-05,265.4636,266.0609,263.7759,264.468,253600
2023-12-06,265.8049,268.4406,265.1222,265.6058,229800
2023-12-07,266.2695,267.9003,263.7001,265.4731,228800
2023-12-08,265.2645,266.3548,263.2734,263.7854,222300
2023-12-11,264.5723,267.796,264.487,266.4875,294600
2023-12-12,266.5634,266.99,265.2455,265.5679,231600
2023-12-13,265.6816,270.2895,263.207,269.3319,328600
2023-12-14,271.4273,275.2671,271.4273,274.1958,361200
2023-12-15,272.1478,273.826,270.3369,271.4272,618500
2023-12-18,272.2995,273.2097,269.6068,272.3943,220900
2023-12-19,273.7881,275.1629,272.3659,273.5795,226300
2023-12-20,272.9916,275.2387,269.0475,269.3983,274300
2023-12-21,271.522,273.4846,270.0335,272.1288,174700
2023-12-22,272.2996,274.338,272.2996,273.2003,134500
2023-12-26,273.6553,275.5516,273.058,274.8689,170300
2023-12-27,274.8878,275.9023,274.1673,275.1344,179800
2023-12-28,274.7267,275.8455,274.0345,274.8973,163700
2023-12-29,274.7741,275.0585,272.8115,273.8544,158200
2024-01-02,272.5365,274.6224,271.4462,273.7596,211000
2024-01-03,271.8444,272.2805,268.1278,268.1657,200100
2024-01-04,268.4217,270.5929,267.3598,267.4357,160200
2024-01-05,266.2126,268.2131,265.274,266.3548,178500
2024-01-08,266.99,268.27,264.8378,268.1183,219600
2024-01-09,265.6248,266.4022,263.719,266.3643,240300
2024-01-10,267.1512,268.4312,266.1462,267.8339,157400
2024-01-11,268.1752,269.4646,265.748,269.3793,183300
2024-01-12,271.2281,271.2281,268.27,269.1897,113700
2024-01-16,268.2036,270.9058,267.6727,270.2516,270900
2024-01-17,268.6303,270.9532,267.5115,268.3269,161200
2024-01-18,268.7914,270.3558,267.1986,270.1757,127600
2024-01-19,270.0145,272.6692,268.1846,271.9771,180200
2024-01-22,273.2097,274.6318,273.1812,273.9397,139500
2024-01-23,274.9353,275.3335,272.2426,273.8165,121800
2024-01-24,275.0964,275.0964,270.7256,271.4272,173300
2024-01-25,273.6933,274.3665,271.8729,273.5795,150200
2024-01-26,274.4707,275.7696,273.3709,274.6319,164500
2024-01-29,274.5655,277.2013,272.6029,276.7083,273200
2024-01-30,275.8739,279.9508,275.5989,279.0406,197800
2024-01-31,279.0406,279.6948,273.9777,274.8878,277800
2024-02-01,276.1204,276.5092,273.1718,275.0016,414800
2024-02-02,273.8544,278.5191,273.3708,277.4288,163200
2024-02-05,274.4802,278.2063,274.0914,276.3764,186800
2024-02-06,276.3764,279.2207,276.3764,278.1968,190800
2024-02-07,279.5716,280.1784,277.7701,279.2208,263700
2024-02-08,272.1099,273.058,252.2279,252.2279,776400
2024-02-09,252.2468,254.2284,247.7148,248.8146,472000
2024-02-12,248.4828,254.2284,248.4828,253.8491,360700
2024-02-13,250.9384,251.7253,246.0746,248.4923,340200
2024-02-14,250.3032,252.1615,248.8241,249.4878,314500
2024-02-15,250.123,255.1575,250.123,255.0438,278000
2024-02-16,254.3706,256.2194,252.8441,253.3751,313700
2024-02-20,252.9579,255.3472,252.3606,255.0817,393200
2024-02-21,255.4135,256.8452,254.5128,255.1575,266700
2024-02-22,255.2997,257.7459,254.1051,257.1581,309300
2024-02-23,257.9791,259.2679,256.6425,258.6664,192400
2024-02-26,257.7977,259.7834,256.423,258.9146,245400
2024-02-27,260.6235,261.6354,258.7428,261.3491,276800
2024-02-28,260.7762,263.9266,260.1366,262.7142,299200
2024-02-29,263.9648,264.7954,261.6927,263.1629,398400
2024-03-01,262.5042,264.929,262.1414,264.7285,216100
2024-03-04,268.8145,273.3205,267.6976,271.6117,462000
2024-03-05,270.8098,273.9888,269.817,270.2084,416700
2024-03-06,271.3062,273.7788,270.4565,272.7096,229200
2024-03-07,273.7501,281.5593,272.8146,281.2538,516000
2024-03-08,282.533,284.0414,279.4113,281.8552,491100
2024-03-11,281.8361,284.1178,275.6404,278.9531,383700
2024-03-12,278.4375,282.3803,277.0151,281.6357,278000
2024-03-13,281.1202,282.4471,279.0581,281.397,375300
2024-03-14,281.4638,283.2013,276.0126,277.6642,390500
2024-03-15,276.0413,280.0986,275.5067,276.0891,1995400
2024-03-18,276.5187,277.9698,272.9196,274.3038,380400
2024-03-19,274.6857,276.6618,272.8909,276.0986,380600
2024-03-20,276.49,279.4208,274.9435,278.7717,229200
2024-03-21,279.5259,281.3875,278.9244,279.8886,406200
2024-03-22,281.6166,281.6166,277.3302,278.4089,273300
2024-03-25,278.6189,280.1273,277.5879,278.6571,227700
2024-03-26,278.7239,279.5831,277.5975,277.7788,322200
2024-03-27,279.8791,283.65,279.8791,283.4781,242400
2024-03-28,283.6691,284.9579,282.3803,282.7908,241600
2024-04-01,282.0366,283.0104,280.2801,281.2729,263700
2024-04-02,280.7001,280.7001,277.607,278.8481,283300
2024-04-03,278.8289,280.8528,278.8289,279.249,257200
2024-04-04,281.2537,283.2299,279.1726,279.9172,268800
2024-04-05,280.4424,281.3493,279.0581,279.4877,210200
2024-04-08,280.4137,281.9411,279.6595,280.0127,222200
2024-04-09,281.1392,281.1392,278.3898,280.6619,240600
2024-04-10,277.4924,280.4423,276.0986,278.8385,252700
2024-04-11,279.4972,280.0414,276.9387,278.323,303400
2024-04-12,277.4161,279.354,275.058,276.4518,348000
2024-04-15,279.2108,280.8051,271.8121,272.8718,315000
2024-04-16,271.5544,271.8122,267.182,269.6451,355900
2024-04-17,271.6308,273.817,268.9672,270.6475,437800
2024-04-18,261.2631,261.2631,249.4825,249.8931,862100
2024-04-19,250.2177,256.9003,250.0745,256.6139,522100
2024-04-22,256.5853,258.7619,255.0196,256.3848,374400
2024-04-23,256.5089,260.3944,255.5256,259.0388,289200
2024-04-24,259.0578,262.6665,259.0578,261.1867,299000
2024-04-25,260.2703,260.6235,257.5781,257.9122,261200
2024-04-26,258.6092,260.4994,257.769,258.4278,237100
2024-04-29,258.3323,261.1772,258.3323,259.9075,267800
2024-04-30,258.4278,259.8406,255.1819,255.812,325800
2024-05-01,256.1747,258.5805,255.411,255.6019,358800
2024-05-02,256.3848,256.3848,254.4277,254.7714,339500
2024-05-03,256.4994,258.8287,255.8502,258.7428,262500
2024-05-06,260.9099,262.2751,260.5758,262.1414,173300
2024-05-07,262.5901,265.3396,262.5901,264.3085,224900
2024-05-08,264.5472,265.6737,262.5328,263.4016,296100
2024-05-09,264.0412,267.4303,263.793,267.4016,156300
2024-05-10,268.7381,269.3873,267.5066,268.1749,137400
2024-05-13,269.0245,269.4732,266.3228,267.2393,156000
2024-05-14,268.7477,269.2728,265.015,266.4661,253500
2024-05-15,268.4804,268.6522,266.1319,267.1343,254100
2024-05-16,266.4279,266.4279,264.0889,264.2608,235800
2024-05-17,265.6736,268.5474,264.8374,268.1341,279200
2024-05-20,268.1341,269.4989,266.8942,268.4801,215400
2024-05-21,267.9707,267.9707,264.9624,265.3661,192800
2024-05-22,264.6644,266.7116,264.0973,265.4333,167300
2024-05-23,265.6736,265.6736,258.9938,259.7723,195500
2024-05-24,261.0602,262.0598,259.0899,260.3586,174500
2024-05-28,259.9934,261.9829,258.84,258.9457,251100
2024-05-29,256.3315,257.3887,254.342,255.0724,229000
2024-05-30,255.6779,259.2341,255.38,257.802,281500
2024-05-31,257.1581,262.6557,255.9567,262.252,455500
2024-06-03,262.8383,262.9632,255.1493,258.4171,216000
2024-06-04,256.7736,257.9077,255.255,256.639,217900
2024-06-05,256.8216,259.0515,255.9759,258.7535,160400
2024-06-06,257.9847,259.484,255.9279,256.6583,135900
2024-06-07,255.3896,258.273,254.6976,257.7636,184400
2024-06-10,256.7736,258.9073,256.7736,257.4849,172200
2024-06-11,256.3988,256.4661,254.2747,255.2358,240500
2024-06-12,258.5998,261.4447,257.1581,257.8405,198300
2024-06-13,256.8216,259.0995,254.9475,258.3787,179900
2024-06-14,255.7549,256.6391,251.1319,252.0449,218800
2024-06-17,251.8431,258.667,251.8431,257.802,322400
2024-06-18,257.2446,259.9646,257.2446,258.84,263000
2024-06-20,257.8597,259.4744,256.9658,258.2345,228100
2024-06-21,258.273,260.2433,254.1786,256.3795,903600
2024-06-24,257.581,260.9449,256.3795,257.0043,257600
2024-06-25,255.3415,255.38,250.9972,252.8138,340300
2024-06-26,251.0838,252.3332,249.0654,251.5547,271600
2024-06-27,252.2948,252.6312,248.4791,248.8443,390800
2024-06-28,248.8444,251.7566,248.7771,251.228,536500
2024-07-01,252.7753,253.0348,245.961,246.9125,376400
2024-07-02,247.7967,247.9697,245.7976,247.0663,361000
2024-07-03,246.8933,247.9986,245.8649,246.9029,146100
2024-07-05,245.3651,245.663,243.1449,245.4227,456600
2024-07-08,245.7495,248.037,245.3362,247.4027,293100
2024-07-09,246.7683,247.7583,245.6919,246.1532,334500
2024-07-10,246.5665,251.2664,246.5665,251.2375,297800
2024-07-11,254.0536,258.1769,253.7365,257.4849,417800
2024-07-12,258.1768,261.3486,257.7924,259.1476,302400
2024-07-15,259.3302,262.6172,259.3302,260.3105,312600
2024-07-16,261.4158,268.7684,260.8199,268.038,396200
2024-07-17,267.0096,271.0367,264.8759,265.0105,446100
2024-07-18,259.5032,266.7116,256.1873,260.0222,747900
2024-07-19,261.4447,263.636,258.6767,260.3682,421100
2024-07-22,261.4255,264.3761,258.792,264.0589,300800
2024-07-23,263.1458,264.6452,262.6557,264.0974,260700
2024-07-24,263.0689,264.1454,258.8688,259.5705,273900
2024-07-25,259.9357,266.9327,259.9357,262.8383,296400
2024-07-26,265.8851,271.2673,265.8851,269.7488,258900
2024-07-29,269.9121,270.4696,268.1052,269.3258,208600
2024-07-30,271.3443,274.8812,269.4604,274.1507,249100
2024-07-31,274.8811,278.1874,272.6609,275.8711,322600
2024-08-01,275.4386,277.6877,265.9619,268.1341,319800
2024-08-02,264.8182,266.6348,262.3097,265.9812,250500
2024-08-05,259.0035,264.3088,256.197,260.695,287500
2024-08-06,261.2813,265.8562,261.2813,261.7907,234900
2024-08-07,264.5395,265.9427,258.4556,258.5805,222700
2024-08-08,260.6181,264.0108,260.3009,263.0497,169500
2024-08-09,264.6548,264.9335,260.2721,262.5692,169000
2024-08-12,262.5788,263.2996,256.6198,257.408,293400
2024-08-13,258.5229,263.117,257.5329,261.906,150100
2024-08-14,261.8195,262.8095,259.8588,262.6076,155600
2024-08-15,266.2214,266.5098,263.2612,265.3949,141100
2024-08-16,265.0296,265.7601,263.7802,265.4525,242400
2024-08-19,266.575,269.536,266.575,268.3845,155600
2024-08-20,266.9911,268.3265,265.7138,266.4396,130600
2024-08-21,268.1136,270.3004,267.1169,269.894,150400
2024-08-22,269.894,270.7842,268.2297,268.6845,186000
2024-08-23,270.2133,275.6321,269.0135,274.6548,194500
2024-08-26,275.7772,276.6868,273.0485,273.8323,193500
2024-08-27,273.484,273.7162,272.1389,273.0002,225400
2024-08-28,273.1453,273.7646,270.6778,271.1133,212000
2024-08-29,273.3194,274.1323,271.3455,272.0422,268600
2024-08-30,273.7259,274.7128,270.7745,274.558,292400
2024-09-03,273.2808,275.4386,268.8393,270.5133,340400
2024-09-04,270.5133,271.7713,268.3265,270.0392,202200
2024-09-05,269.6908,269.6908,262.0174,263.285,458800
2024-09-06,263.1882,266.246,260.1982,262.0755,268400
2024-09-09,263.9237,269.565,263.1302,268.0555,327400
2024-09-10,268.4619,269.5844,264.7655,266.8169,246100
2024-09-11,266.604,267.7169,260.8563,267.3298,282500
2024-09-12,268.1232,268.9457,264.243,268.8683,216600
2024-09-13,269.7295,273.213,269.7295,271.3648,244800
2024-09-16,272.8646,274.7806,270.9874,272.3325,239700
2024-09-17,273.0872,274.3838,270.6875,271.0164,251200
2024-09-18,272.3422,276.0579,271.2003,271.5777,266900
2024-09-19,276.561,277.7125,273.4646,276.8513,205300
2024-09-20,275.2354,275.2354,272.526,274.0258,532400
2024-09-23,275.1579,277.7222,273.5613,275.5837,326000
2024-09-24,275.9031,276.6288,274.7129,275.2064,330400
2024-09-25,276.1837,276.9095,273.6485,274.442,288700
2024-09-26,276.9094,280.451,276.0192,280.1317,227100
2024-09-27,280.6155,283.1507,278.6802,279.1737,293700
2024-09-30,278.6802,280.5961,276.2514,280.3348,216100
2024-10-01,280.1026,281.3025,275.816,278.6705,259500
2024-10-02,278.4382,281.9508,277.848,281.6024,335100
2024-10-03,280.8767,280.8767,276.7836,279.3672,201000
2024-10-04,282.1637,282.1637,276.8223,277.461,276600
2024-10-07,275.429,277.2288,275.2064,276.7643,187600
2024-10-08,277.519,277.9157,275.1773,276.203,185400
2024-10-09,276.2514,280.2865,276.2514,278.148,210000
2024-10-10,278.3706,280.0349,275.7773,277.0449,326200
2024-10-11,278.1383,282.6668,278.1383,282.3669,401400
2024-10-14,281.767,287.2438,281.7283,287.0019,430800
2024-10-15,288.1824,292.8465,285.8794,286.1117,693200
2024-10-16,286.7116,290.05,286.7116,288.434,543100
2024-10-17,295.6139,317.8212,294.6172,317.1826,927800
2024-10-18,319.321,319.8145,312.0928,315.5376,1420100
2024-10-21,314.6377,317.2503,312.8669,315.4408,505800
2024-10-22,315.0344,315.0344,311.6283,312.8475,335000
2024-10-23,313.2055,314.9667,310.8735,314.7151,389000
2024-10-24,314.4829,317.1923,312.7605,315.1118,563500
2024-10-25,317.3858,317.8019,314.1248,316.0117,222100
2024-10-28,319.9307,323.569,318.7598,321.8272,379500
2024-10-29,319.2823,324.6431,317.6954,322.6884,376000
2024-10-30,322.7465,326.7912,321.9143,322.2723,422000
2024-10-31,322.1659,323.3948,319.3307,319.4468,545200
2024-11-01,319.7855,322.1852,318.2276,319.6016,253900
2024-11-04,319.4565,323.3077,319.0114,320.3274,231100
2024-11-05,317.7535,323.5496,314.6667,323.3658,272600
2024-11-06,336.2934,344.0539,336.0805,342.7766,515400
2024-11-07,342.3702,343.5604,338.8771,341.7026,347000
2024-11-08,344.3539,348.747,342.6702,347.6438,356800
2024-11-11,349.9275,351.4467,348.5341,350.1404,374800
2024-11-12,349.463,351.7273,348.4276,348.6889,471400
2024-11-13,350.1404,353.5271,349.5598,349.5695,295800
2024-11-14,348.8437,349.2308,345.3796,346.2118,397600
2024-11-15,346.2408,350.8661,345.1667,345.5053,342500
2024-11-18,345.6892,347.6825,345.1086,345.7763,272400
2024-11-19,341.9057,344.7022,340.6091,343.2604,393900
2024-11-20,344.2668,346.5988,341.6155,346.2504,420800
2024-11-21,346.6009,352.1788,346.6009,351.8089,354600
2024-11-22,352.5293,357.3771,351.4877,356.2577,593000
2024-11-25,357.747,363.0427,357.747,360.8037,584300
2024-11-26,359.217,362.1568,357.9028,361.4949,442500
2024-11-27,362.0497,363.9772,359.217,359.4311,273000
2024-11-29,359.4312,362.1082,359.3143,359.8789,181200
2024-12-02,360.5993,361.271,356.9099,357.1435,327500
2024-12-03,356.9586,358.7595,352.6461,355.4108,271300
2024-12-04,354.3496,357.1045,352.062,353.2301,265600
2024-12-05,352.354,353.9116,349.7744,351.77,332000
2024-12-06,352.3541,353.4638,346.1921,348.2753,433000
2024-12-09,348.577,350.0567,343.515,345.1894,453200
2024-12-10,345.2381,348.6841,342.0257,345.3646,395700
2024-12-11,347.6814,347.7204,345.6858,346.3867,386200
2024-12-12,345.8903,348.0611,345.5788,346.2018,255900
2024-12-13,345.8124,346.5912,343.4274,345.6859,263900
2024-12-16,344.761,346.9221,341.276,342.8433,454700
2024-12-17,340.9938,343.369,338.0344,339.5628,328700
2024-12-18,339.9911,342.8336,329.2246,329.2927,390100
2024-12-19,331.8627,333.9362,328.4069,328.7087,371100
2024-12-20,329.468,335.5618,327.7644,334.53,1521500
2024-12-23,332.2716,335.8928,331.1618,335.2309,752300
2024-12-24,334.3548,337.1486,334.3548,336.2627,158000
2024-12-26,334.5008,338.0734,334.5008,337.4796,281000
2024-12-27,337.7035,338.0052,332.476,334.4326,149800
2024-12-30,331.4052,332.5928,327.5405,330.9379,166300
2024-12-31,331.8627,333.0309,329.9645,330.4707,232800
2025-01-02,333.099,333.9264,326.0122,326.2166,350600
2025-01-03,325.983,327.9689,324.221,327.1512,343800
2025-01-06,326.7618,328.0565,324.2989,325.7007,365200
2025-01-07,325.0679,327.998,323.9679,326.752,330300
2025-01-08,325.8175,328.7281,323.9387,327.8812,343600
2025-01-10,324.3281,325.6812,322.683,323.7051,332200
2025-01-13,322.206,330.6946,319.8697,330.1981,407400
2025-01-14,331.9893,333.1185,328.0175,331.2786,378500
2025-01-15,336.6521,337.7424,334.8804,336.9344,382900
2025-01-16,337.6645,340.7115,333.7123,336.4283,468900
2025-01-17,338.4044,340.877,336.7008,339.2513,1131700
2025-01-21,342.0451,346.4354,342.0451,344.7805,421200
2025-01-22,344.0309,344.3133,340.6433,342.269,304700
2025-01-23,341.9867,342.5708,338.8716,341.5,270700
2025-01-24,340.4973,341.4318,338.2389,341.1787,224600
2025-01-27,340.0787,344.4496,340.0787,343.3009,293000
2025-01-28,342.1132,345.1991,341.1982,343.2327,202000
2025-01-29,343.4761,346.7274,342.0743,343.6708,264900
2025-01-30,347.4965,351.0107,345.9195,349.1027,290800
2025-01-31,352.9381,356.0727,345.0239,345.7248,393900
2025-02-03,340.1663,346.1239,338.2194,342.7071,421500
2025-02-04,341.6947,348.1876,341.6947,346.3089,397200
2025-02-05,345.9487,349.1124,343.3009,346.6496,629200
2025-02-06,337.0707,337.0707,321.7192,330.8211,697800
2025-02-07,332.0282,333.6149,326.9467,329.5361,450400
2025-02-10,331.814,332.8264,327.19,331.5706,333700
2025-02-11,331.1229,332.4176,327.6087,328.3875,424100
2025-02-12,324.6201,327.6476,322.8679,326.0025,353400
2025-02-13,326.7618,331.2202,324.3962,330.714,294500
2025-02-14,331.7069,332.9043,327.5989,329.9255,330500
2025-02-18,330.3733,333.7707,326.8007,333.7415,342800
2025-02-19,333.3424,333.7317,330.2565,333.2548,459000
2025-02-20,331.5415,332.8946,328.3972,329.5069,263300
2025-02-21,330.2467,332.476,324.7272,326.9662,315600
2025-02-24,327.8577,331.3945,325.9473,329.1607,293100
2025-02-25,329.2293,335.2055,327.4169,334.5883,467400
2025-02-26,334.3139,338.8794,331.6688,332.1782,305300
2025-02-27,331.8157,334.941,328.6219,330.0817,449700
2025-02-28,331.7177,334.2944,327.9851,334.2454,370300
2025-03-03,335.3623,336.7632,325.5358,327.2993,395200
2025-03-04,324.1544,327.0641,318.237,322.7437,391000
2025-03-05,322.7436,328.7296,322.6457,327.0446,326700
2025-03-06,325.3693,327.9851,322.3224,327.554,261100
2025-03-07,327.0054,336.0284,322.8122,335.1075,362000
2025-03-10,332.4329,340.78,329.3175,332.5603,414100
2025-03-11,332.2761,333.8241,325.3986,328.9158,459700
2025-03-12,330.9046,330.9046,317.9529,319.0012,554600
2025-03-13,319.5008,322.9396,316.3952,317.512,366600
2025-03-14,320.5687,325.9179,318.4036,325.1047,357700
2025-03-17,323.449,325.7709,321.3525,322.5575,363200
2025-03-18,321.5582,324.2622,319.8339,322.5771,391000
2025-03-19,322.4204,327.4071,321.2937,326.0257,343200
2025-03-20,323.5568,326.6233,322.1068,323.1747,427400
2025-03-21,320.6569,321.3133,315.7094,321.3133,1763800
2025-03-24,324.2328,330.9438,324.1446,330.5127,411800
2025-03-25,330.6792,331.0123,326.3685,329.1019,289700
2025-03-26,330.5225,333.9221,329.2881,330.6009,238200
2025-03-27,331.1985,331.1985,325.6338,328.4847,308300
2025-03-28,328.5925,330.9144,321.0096,322.6261,280000
2025-03-31,323.9781,333.0305,321.4504,330.1698,415000
2025-04-01,327.9949,332.6876,325.3595,332.6876,358800
2025-04-02,329.3371,336.4595,329.2293,335.2545,302400
2025-04-03,324.7129,329.7388,318.3252,320.8039,571400
2025-04-04,314.3476,316.1503,306.9607,308.5967,649000
2025-04-07,301.6409,314.328,294.7143,304.4624,618100
2025-04-08,312.0845,314.4652,298.496,303.1104,578700
2025-04-09,299.5835,325.0753,297.7612,323.1845,583900
2025-04-10,317.9431,318.6681,305.0502,315.8172,334700
2025-04-11,314.2692,333.687,312.9663,329.3469,611200
2025-04-14,333.2069,334.5491,326.7507,330.0523,371900
2025-04-15,330.0719,335.372,329.6114,330.2286,420800
2025-04-16,328.1811,332.2272,322.2538,325.2615,586100
2025-04-17,309.2336,313.6031,295.0671,299.2406,1850700
2025-04-21,298.9662,299.3679,283.9278,286.426,632800
2025-04-22,289.1594,297.5065,288.9341,295.214,399000
2025-04-23,302.1895,307.0096,296.2133,298.3687,454200
2025-04-24,298.3686,304.9816,297.2028,304.433,343700
2025-04-25,303.5709,304.7269,299.5933,302.4932,263000
2025-04-28,304.335,307.3819,300.7885,303.5023,393700
2025-04-29,302.2385,304.0019,300.328,303.4043,311200
2025-04-30,301.1804,308.2245,295.6353,307.4407,605100
2025-05-01,308.3126,309.6744,305.158,305.3833,335000
2025-05-02,310.0859,312.0257,307.9698,310.517,326900
2025-05-05,309.2238,311.5358,306.7451,307.3917,275400
2025-05-06,304.6976,307.4113,303.2868,305.0992,314100
2025-05-07,306.6863,309.841,304.8837,308.2734,334600
2025-05-08,310.7913,316.0425,307.5975,310.517,325300
2025-05-09,310.3308,312.7605,307.5191,309.2531,158500
2025-05-12,319.1384,320.3532,316.2188,320.3532,261400
2025-05-13,320.2062,322.9984,318.8542,320.6765,287600
2025-05-14,318.9718,319.2951,314.7591,318.4819,299200
2025-05-15,318.4134,322.1069,317.2084,321.235,228900
2025-05-16,321.7934,325.2713,320.4218,324.997,271200
2025-05-19,322.0873,325.7024,321.2447,325.1831,257000
2025-05-20,323.921,324.7098,321.6728,322.1757,214000
2025-05-21,321.1896,324.0097,317.3933,317.6299,370200
2025-05-22,317.1073,318.9315,313.518,316.6636,231000
2025-05-23,312.67,316.1015,312.67,314.8394,289700
2025-05-27,319.4837,321.5249,315.007,321.2192,261900
2025-05-28,321.6037,321.6333,315.7367,315.855,268400
2025-05-29,318.4976,319.2569,316.0128,317.8665,235500
2025-05-30,316.0325,317.6496,313.4589,316.279,631500
2025-06-02,315.4408,315.4408,309.7118,312.0784,363700
2025-06-03,311.6445,316.9692,310.8064,316.6044,251100
2025-06-04,318.192,318.3103,315.4803,315.6282,287000
2025-06-05,316.7621,316.7621,313.163,314.5731,226800
2025-06-06,318.8624,319.1385,315.9832,317.1862,207700
2025-06-09,318.5469,318.7934,315.5789,316.2888,254100
2025-06-10,316.8213,319.1681,314.7309,317.6003,242500
2025-06-11,317.7581,318.2215,314.6224,316.2494,256300
2025-06-12,314.3266,315.9635,313.3504,314.7408,229300
2025-06-13,311.96,312.9066,304.4955,305.6788,318900
2025-06-16,309.5639,309.6527,304.3674,307.9862,487900
2025-06-17,305.9944,307.8778,301.7938,302.9968,369800
2025-06-18,303.2236,306.1028,302.2868,302.5432,393700
2025-06-20,304.3871,305.314,300.6499,301.5275,937100
2025-06-23,301.5965,304.1011,297.6128,304.0321,331000
2025-06-24,304.8012,305.4422,302.3657,304.1603,344300
2025-06-25,305.8859,305.8859,300.9359,302.8587,330900
2025-06-26,304.0223,306.1423,302.0994,305.2351,368800
2025-06-27,305.2351,307.8284,303.8349,306.6747,412900
2025-06-30,306.4184,306.941,303.1841,306.8424,462900
2025-07-01,306.5367,317.2552,304.2195,313.4293,492600
2025-07-02,312.9165,316.3283,311.9108,315.6381,286300
2025-07-03,316.348,318.0736,315.7169,317.1467,178400
2025-07-07,317.0678,318.3892,311.5656,312.739,245000
2025-07-08,311.3881,317.1368,311.3881,312.6601,288200
2025-07-09,314.1787,316.9397,311.3684,313.6856,226800
2025-07-10,315.4803,319.6217,313.942,316.2297,268400
2025-07-11,315.7564,316.9988,311.8417,313.1433,261000
2025-07-14,312.3348,315.9536,309.9189,314.7408,377900
2025-07-15,315.2929,319.9669,308.7061,308.7061,516900
2025-07-16,308.7258,310.4908,305.9057,308.6469,509500
2025-07-17,325.2522,337.7949,323.2307,333.0913,835800
2025-07-18,333.1209,335.2607,330.2712,332.0165,619600
2025-07-21,333.6238,334.3535,323.7829,323.8125,520600
2025-07-22,324.0097,329.0485,322.077,327.8751,321000
2025-07-23,330.7347,330.7347,322.2348,325.5775,402300
2025-07-24,325.1437,328.6639,323.4871,325.7254,325400
2025-07-25,326.6819,326.6819,321.8502,325.6663,259800
2025-07-28,324.8282,325.8241,321.6136,321.9784,255500
2025-07-29,323.5759,324.9662,320.1542,320.8247,203800
2025-07-30,320.4993,323.2603,316.279,317.7778,269300
2025-07-31,316.5847,321.1403,316.2001,316.7129,349000
2025-08-01,313.38,315.431,308.4201,313.3603,339800
2025-08-04,313.7251,314.5633,309.9978,314.4844,352300
2025-08-05,315.7268,318.5272,314.4646,317.5806,223500
2025-08-06,317.3341,318.9906,314.5534,318.685,235500
2025-08-07,321.0121,321.0121,315.5887,316.4861,199900
2025-08-08,316.9594,318.8625,316.4762,317.3143,156800
2025-08-11,318.3892,319.3062,315.1647,316.6931,222300
2025-08-12,316.9397,321.2487,315.4803,321.0219,162000
2025-08-13,321.5347,329.3443,321.5347,329.157,236200
2025-08-14,326.9186,326.9186,319.7894,320.1937,250900
2025-08-15,320.6768,322.5109,319.0203,321.4657,378800
2025-08-18,320.9431,322.1855,316.1804,318.6949,248500
2025-08-19,319.1614,323.1716,318.804,322.3676,293100
2025-08-20,321.6827,323.3106,319.3103,320.7794,229000
2025-08-21,319.6974,321.6827,318.4963,319.0125,144600
2025-08-22,321.3352,330.7653,321.0573,330.5767,230400
2025-08-25,330.3583,332.5322,326.0999,326.5267,179100
2025-08-26,325.7128,330.2888,324.7201,327.3605,244000
2025-08-27,326.7352,331.4601,326.7352,327.7774,200600
2025-08-28,328.7701,328.7701,323.9757,324.7301,193700
2025-08-29,325.1271,326.1892,321.8018,322.844,172800
2025-09-02,320.6404,321.7522,318.6849,321.0673,232600
2025-09-03,320.2632,321.0275,316.8486,319.479,234200
2025-09-04,320.1242,326.4374,319.479,326.348,236800
2025-09-05,327.976,329.0381,324.6506,326.2786,157200
2025-09-08,326.2786,327.0727,322.3577,324.5514,162700
2025-09-09,324.5415,325.2462,319.35,320.2632,173300
2025-09-10,319.3103,324.2238,319.3103,321.772,220300
2025-09-11,322.7448,330.0903,321.2558,329.5344,218700
2025-09-12,328.0355,332.4031,327.162,331.1325,414000
2025-09-15,333.5248,339.4607,332.5421,337.2174,475900
2025-09-16,336.5821,338.6567,330.2292,331.5494,409200
2025-09-17,331.8175,336.0759,328.1447,328.9289,292100
2025-09-18,328.6907,338.8056,328.6907,336.9891,382600
2025-09-19,337.138,338.5971,333.4355,334.7556,989300
2025-09-22,332.016,336.0659,331.3211,335.0336,244400
2025-09-23,335.5994,339.56,335.5994,337.6442,345200
2025-09-24,336.5027,339.6096,336.0957,336.9692,269500
2025-09-25,336.0659,337.4358,333.2766,334.4976,289200
2025-09-26,336.0857,339.56,334.309,339.3912,171900
2025-09-29,341.6346,342.7761,338.3291,342.0019,358000
2025-09-30,342.8655,345.3173,340.6122,343.9772,329800
2025-10-01,341.585,347.2033,341.4659,342.6967,423800
2025-10-02,343.1633,347.7194,340.1655,346.5581,248500
2025-10-03,346.5283,347.3025,343.8879,344.8607,233300
2025-10-06,346.2503,346.2503,338.0512,338.0512,382700
2025-10-07,339.5401,339.5401,332.3833,334.3586,367100
2025-10-08,335.381,338.2299,334.2494,336.7509,381100
2025-10-09,337.7037,338.6666,329.3259,329.3458,276200
2025-10-10,330.5965,331.3708,324.0451,324.9186,350300
2025-10-13,328.5616,332.3336,327.162,329.5443,536200
2025-10-14,326.5565,335.381,326.5565,334.5373,420500
2025-10-15,335.3115,335.4108,325.5837,330.1399,497600
2025-10-16,343.4511,354.7771,335.0336,341.6346,1114300
2025-10-17,341.5353,342.0713,334.6167,337.2472,580000
2025-10-20,338.1703,340.3342,333.5347,338.3589,348800
2025-10-21,338.4284,345.0691,335.649,343.1831,354000
2025-10-22,343.8283,345.3967,339.1927,340.4832,334100
2025-10-23,342.2103,344.7812,340.1556,344.1162,250500
2025-10-24,345.9029,346.032,340.4832,341.3964,255600
2025-10-27,342.796,344.9897,340.6817,343.6993,207800
2025-10-28,342.2699,343.7588,340.0861,340.1754,238700
2025-10-29,338.8056,341.8927,333.9318,334.6663,273900
2025-10-30,333.3262,341.8728,332.6314,336.1155,238400
2025-10-31,334.6663,337.5946,330.1896,333.0781,270400
2025-11-03,334.2494,336.185,330.1796,335.2917,391500
2025-11-04,334.3884,338.1008,332.959,336.2347,365000
2025-11-05,337.5946,342.4585,337.3961,340.2251,273200
2025-11-06,341.3368,341.5453,337.4655,338.8354,208100
2025-11-07,339.014,343.471,337.0883,341.178,297000
2025-11-10,341.446,342.1111,335.6292,340.6519,251800
2025-11-11,341.8629,342.8357,339.4508,340.5427,174400
2025-11-12,340.8604,342.8357,339.0339,339.1927,169700
2025-11-13,338.2497,341.2673,332.8895,333.7035,243300
2025-11-14,330.2789,332.2244,326.8642,327.5491,266600
2025-11-17,327.5492,330.398,325.9312,326.2686,266200
2025-11-18,324.9981,329.2168,318.4368,327.4697,359200
2025-11-19,327.4697,329.7429,325.2959,327.7278,214100
2025-11-20,331.2417,333.5446,325.7227,328.78,337900
2025-11-21,330.99,339.92,329.99,335.9,365300
2025-11-24,334.86,337.91,331.63,333.02,405200
2025-11-25,334.72,341.6,333.63,340.29,266300
2025-11-26,339.3,342.52,339.3,340.56,231400
2025-11-28,342.08,342.26,340.05,340.05,140400
2025-12-01,336.34,342.12,336.34,338.47,290500
2025-12-02,339.35,341.81,335.88,340.58,250500
2025-12-03,341.37,345.3,340.07,344.34,241300
2025-12-04,345.7,351.31,342.91,346.13,347900
2025-12-05,343.71,348.17,342.97,347.21,194700
2025-12-08,347.8,349.71,344.84,347.45,259900
2025-12-09,347.58,349.61,342.75,342.87,312200
2025-12-10,343.33,350.56,343.33,348.46,590300
2025-12-11,350.39,353.99,348.38,351.49,350600
2025-12-12,352.72,353.92,349.19,350.83,252900
2025-12-15,353.1,354.62,350.49,351.95,208200
2025-12-16,353.61,353.61,347.76,348.43,242900
2025-12-17,348.43,351.11,344.92,346.05,225500
2025-12-18,347.86,350.4,344.87,345.94,308000
2025-12-19,343.63,348.24,343.63,346.31,815800
2025-12-22,346.18,352.34,345.1,350.03,250700
2025-12-23,350.32,352.71,349.42,352.01,259500
