date,open,high,low,close,volume
2005-01-03,19.9124,20.0451,19.8054,19.8867,1070400
2005-01-04,19.8867,20.0237,19.647,19.6898,1294400
2005-01-05,19.6898,19.6898,19.1376,19.1376,868800
2005-01-06,19.2617,20.0023,19.2532,19.8995,1341200
2005-01-07,20.1606,21.2735,20.1606,21.0296,3917200
2005-01-10,21.0296,21.4619,20.5972,21.1879,2107600
2005-01-11,20.7813,21.0296,20.6101,20.8455,1481600
2005-01-12,20.4859,21.1494,20.4603,21.0039,1401400
2005-01-13,20.9525,21.2008,20.7513,21.0681,956600
2005-01-14,21.0167,21.1879,20.8455,21.1708,653400
2005-01-18,21.0595,21.4704,21.0467,21.3591,925400
2005-01-19,21.3163,21.4319,21.1408,21.1922,924600
2005-01-20,21.1922,21.2265,20.9525,21.1494,1014600
2005-01-21,21.0424,21.2479,20.9482,21.1066,884800
2005-01-24,21.1451,21.2949,20.9225,20.9482,483800
2005-01-25,20.5416,21.0595,20.5416,20.7984,675000
2005-01-26,20.8669,21.0082,20.7599,20.9739,723000
2005-01-27,20.7813,21.5732,20.7813,21.4833,1595600
2005-01-28,21.4447,21.6374,21.4447,21.6374,1255600
2005-01-31,21.616,22.3479,21.5817,22.2238,2898600
2005-02-01,22.0526,22.6946,21.9113,22.6946,2349200
2005-02-02,22.5705,23.0456,22.4763,22.9044,2043600
2005-02-03,23.5421,23.692,23.1697,23.2211,3644200
2005-02-04,23.1783,23.6492,23.1098,23.5421,1445000
2005-02-07,23.5421,23.5849,23.1098,23.204,1247200
2005-02-08,23.1569,23.1997,23.0371,23.1484,958000
2005-02-09,23.1484,23.1526,22.7118,22.96,781200
2005-02-10,22.9044,23.4523,22.7331,23.388,1186000
2005-02-11,23.3709,23.7005,23.2211,23.7005,1083200
2005-02-14,23.7005,23.906,23.4608,23.662,681600
2005-02-15,23.6577,24.197,23.6492,24.1628,1286600
2005-02-16,24.1628,24.548,23.9916,23.9916,1387400
2005-02-17,23.5636,23.5678,22.9857,23.2896,2245200
2005-02-18,22.6861,23.1441,22.6304,22.9044,1845400
2005-02-22,22.6261,22.9129,22.3907,22.5149,1136200
2005-02-23,22.5148,22.8059,22.5148,22.7674,2048000
2005-02-24,22.7674,23.1355,22.7503,23.1355,1097800
2005-02-25,23.0499,23.3153,22.96,23.3024,641800
2005-02-28,23.3024,23.3196,22.8359,22.9129,1079600
2005-03-01,22.8059,23.0199,22.746,22.883,1129000
2005-03-02,22.8958,23.1869,22.7503,23.0627,595800
2005-03-03,23.097,23.3752,23.0285,23.2126,774400
2005-03-04,23.4351,23.5421,23.2382,23.3281,784600
2005-03-07,23.3281,23.7091,23.2982,23.4266,597200
2005-03-08,22.9001,23.2211,22.6475,22.6775,1759600
2005-03-09,22.8145,22.9686,21.83,22.7117,1243200
2005-03-10,22.7289,22.8658,22.6604,22.6861,759000
2005-03-11,22.6861,22.8573,22.2067,22.3137,1206400
2005-03-14,22.4207,22.746,22.4164,22.5448,1470800
2005-03-15,22.5962,22.5962,22.3179,22.3351,772000
2005-03-16,22.2923,22.4635,22.2709,22.3436,1054600
2005-03-17,22.365,22.365,22.1082,22.151,765400
2005-03-18,22.1382,22.2152,21.9584,22.1296,1017000
2005-03-21,22.0654,22.1553,21.5304,21.7444,1384800
2005-03-22,21.6673,21.9541,21.6673,21.7144,1382400
2005-03-23,21.8214,21.8214,21.5218,21.5218,1412800
2005-03-24,20.9739,21.9027,20.9739,21.6416,1290600
2005-03-28,21.7016,22.1296,21.7016,22.0098,774400
2005-03-29,21.937,22.2323,21.8942,22.0055,725000
2005-03-30,21.9584,22.5833,21.9584,22.5191,1101800
2005-03-31,22.5148,22.6903,22.3436,22.6304,817200
2005-04-01,22.6818,23.1954,22.6818,22.7631,1513600
2005-04-04,22.6989,22.7717,22.4977,22.6903,753000
2005-04-05,22.7717,23.0499,22.7717,22.8787,695800
2005-04-06,22.9857,22.9857,22.639,22.7032,1670400
2005-04-07,22.7289,23.3238,22.6689,23.3153,971200
2005-04-08,24.8049,25.4683,24.441,24.8049,4934200
2005-04-11,24.8006,24.9076,24.5694,24.7364,2497000
2005-04-12,24.7192,25.7465,24.5823,25.6524,2291200
2005-04-13,25.4683,25.4854,24.4453,24.8091,2753600
2005-04-14,24.8091,24.9119,24.2998,24.3982,1530000
2005-04-15,24.3469,24.3469,23.7476,23.7776,1822400
2005-04-18,23.906,24.5866,23.7219,24.4239,1912600
2005-04-19,24.441,25.0189,24.3982,24.9161,1922800
2005-04-20,24.9161,24.9161,24.0943,24.2313,2503400
2005-04-21,24.2869,24.4796,23.9959,24.2185,2500000
2005-04-22,24.2698,24.364,23.8632,23.9488,2056800
2005-04-25,24.12,24.3383,23.8632,24.2527,1344200
2005-04-26,23.799,24.0986,23.341,23.341,2161600
2005-04-27,23.234,23.4137,23.0799,23.1954,2079800
2005-04-28,23.1954,23.1954,22.5876,22.6903,1790200
2005-04-29,22.7974,22.8787,22.181,22.5619,1564200
2005-05-02,22.7931,23.0456,22.7717,22.9172,861000
2005-05-03,23.0627,23.3281,22.9343,22.9343,1152000
2005-05-04,23.3281,23.8503,23.0285,23.8161,2314400
2005-05-05,23.8632,24.0173,23.6106,23.9103,1216800
2005-05-06,24.0986,24.2826,23.8717,23.8931,834400
2005-05-09,23.8974,23.9702,23.7562,23.8118,1057400
2005-05-10,23.7348,23.8033,23.4009,23.4908,949400
2005-05-11,23.5207,23.6449,23.4137,23.4993,805400
2005-05-12,23.4565,23.5721,22.9258,22.9643,1001400
2005-05-13,22.8573,23.1098,22.5619,22.6433,871200
2005-05-16,22.6433,23.0713,22.6005,23.0285,442400
2005-05-17,23.0285,23.0285,22.3436,22.6861,956900
2005-05-18,22.6861,23.2853,22.6518,23.1055,747800
2005-05-19,23.1569,23.2682,22.7974,22.823,927500
2005-05-20,22.823,22.8915,22.6005,22.7545,737500
2005-05-23,22.8402,22.9514,22.6775,22.8402,645000
2005-05-24,22.8316,22.8402,22.395,22.4721,924400
2005-05-25,22.7289,22.7289,21.8899,22.1724,1222500
2005-05-26,22.3436,22.4292,21.556,22.0782,1507300
2005-05-27,22.0783,22.472,22.0783,22.2751,1524600
2005-05-31,22.2152,23.8075,22.044,23.8075,3595000
2005-06-01,23.7305,23.9017,23.2768,23.3795,1345900
2005-06-02,23.525,23.6706,23.2425,23.6021,850800
2005-06-03,23.6706,24.0472,23.4993,23.9959,1138400
2005-06-06,23.9616,24.0387,23.448,24.0387,833100
2005-06-07,24.15,24.1928,23.799,23.9702,812200
2005-06-08,23.9616,24.2099,23.5935,24.1414,747900
2005-06-09,24.0215,24.0729,23.7305,23.9959,931800
2005-06-10,24.1671,24.1756,23.9445,23.9873,751100
2005-06-13,23.8674,24.2612,23.7134,24.1928,854900
2005-06-14,24.1585,24.2698,23.8931,23.9616,815500
2005-06-15,24.2013,24.2013,23.4822,23.7134,691600
2005-06-16,23.799,23.9787,23.5421,23.7818,528500
2005-06-17,24.09,24.3982,23.6706,24.0644,2269700
2005-06-20,24.1414,24.8862,24.0643,24.715,1385100
2005-06-21,24.6122,25.1687,24.2869,24.7749,1146900
2005-06-22,25.0403,25.1259,24.4068,24.6465,813600
2005-06-23,24.655,25.0232,24.5523,24.9547,1291800
2005-06-24,24.8948,24.8948,24.1414,24.227,1077700
2005-06-27,24.3297,25.3399,24.2527,25.3228,1456600
2005-06-28,25.8964,26.8808,25.8964,26.3929,2357200
2005-06-29,26.9665,27.0521,25.5539,26.1275,3220000
2005-06-30,25.5111,26.0076,24.9547,25.2543,3439700
2005-07-01,25.4683,25.7765,25.1002,25.5967,20393000
2005-07-05,25.5967,25.7508,25.4683,25.4683,2389200
2005-07-06,25.4426,25.5625,25.4341,25.5111,1542500
2005-07-07,25.2885,25.6823,25.1687,25.5625,1155500
2005-07-08,25.5796,25.922,25.5111,25.8792,1101900
2005-07-11,25.8536,25.8621,25.3057,25.3314,1153900
2005-07-12,25.3313,25.5111,25.2201,25.3057,891500
2005-07-13,25.3399,25.3656,24.7492,24.8776,1285200
2005-07-14,25.1858,25.4084,24.3469,24.6294,1720400
2005-07-15,24.0815,24.655,23.7647,24.5352,2015500
2005-07-18,24.5694,24.8262,24.2784,24.6208,777600
2005-07-19,24.6122,24.6208,24.1842,24.2869,993200
2005-07-20,24.0986,24.2698,23.7904,23.9616,1700900
2005-07-21,23.9959,24.1928,23.8418,24.1072,1449800
2005-07-22,24.1756,24.2955,24.013,24.2013,780500
2005-07-25,24.1414,24.1756,23.9702,24.0301,782200
2005-07-26,24.0558,24.1842,23.8846,24.0387,914600
2005-07-27,24.0558,24.1157,23.4993,23.5079,887000
2005-07-28,23.662,24.1328,23.662,23.9359,746100
2005-07-29,23.8846,23.9616,23.4565,23.4565,1166000
2005-08-01,23.448,23.6363,23.1227,23.3196,1078600
2005-08-02,23.2168,23.525,22.7974,23.311,1541700
2005-08-03,23.2853,23.739,23.1569,23.7048,1056300
2005-08-04,23.7048,23.8161,23.3538,23.4908,913100
2005-08-05,23.3709,23.4309,23.0285,23.0627,610000
2005-08-08,23.1997,23.3795,23.0285,23.1398,633200
2005-08-09,23.1398,23.388,23.0199,23.1055,759900
2005-08-10,23.1141,23.4822,23.1141,23.2511,542200
2005-08-11,23.2853,23.3709,22.4806,22.6775,1527200
2005-08-12,22.6005,23.5849,22.4892,23.4908,1510300
2005-08-15,23.3281,23.6363,23.2425,23.5678,841700
2005-08-16,23.4394,23.6877,23.0114,23.1484,668300
2005-08-17,23.0799,23.1826,22.8573,23.1141,923100
2005-08-18,22.9001,23.2682,22.9001,23.0114,1207700
2005-08-19,23.037,23.1141,22.6861,22.746,670300
2005-08-22,23.3795,23.3795,22.6005,22.6861,1149000
2005-08-23,22.7888,22.9001,22.6261,22.8145,868600
2005-08-24,22.823,23.6363,22.7802,23.3367,1380600
2005-08-25,23.4565,23.6278,23.2425,23.5421,1305200
2005-08-26,23.4822,23.9445,23.2853,23.7647,1532400
2005-08-29,23.6877,23.7647,23.3024,23.6706,803900
2005-08-30,23.5507,23.8332,23.174,23.3709,1005800
2005-08-31,23.3709,23.6106,23.1141,23.5593,747400
2005-09-01,23.6277,24.1756,23.5421,24.09,875100
2005-09-02,24.0729,24.1243,23.5507,23.8846,534500
2005-09-06,23.9017,24.3126,23.6877,24.2955,1139900
2005-09-07,24.441,24.4838,23.9959,24.3982,866200
2005-09-08,24.4153,24.8348,24.1157,24.364,2186200
2005-09-09,24.2441,24.3982,24.0387,24.3811,1019800
2005-09-12,24.3554,24.4838,24.2013,24.2099,530900
2005-09-13,24.3383,24.7235,24.2099,24.4667,739100
2005-09-14,24.3297,24.4667,23.9702,23.9787,507000
2005-09-15,23.9274,24.5352,23.8161,24.4753,626200
2005-09-16,24.4753,24.6379,24.2099,24.6037,930400
2005-09-19,24.3982,24.6636,23.8503,24.2099,876200
2005-09-20,24.2698,24.3897,23.8503,23.9445,559800
2005-09-21,22.6861,22.9343,20.8712,22.0954,3834900
2005-09-22,22.0954,22.6604,21.9327,22.6518,1823500
2005-09-23,22.472,22.7374,22.4036,22.6433,1073600
2005-09-26,22.6775,22.8487,22.2837,22.2837,916000
2005-09-27,22.258,22.3693,21.8728,21.8814,2491500
2005-09-28,20.5373,22.7888,20.5373,22.2751,4324300
2005-09-29,22.0868,22.2751,22.0012,22.258,969000
2005-09-30,22.2666,22.472,22.0354,22.258,615600
2005-10-03,22.3608,22.5405,22.0012,22.0868,1134100
2005-10-04,22.1296,22.1895,21.6245,21.7444,1582500
2005-10-05,21.5304,21.5646,20.289,20.7256,4468700
2005-10-06,20.7256,21.4019,20.5887,21.3335,1657700
2005-10-07,21.83,22.0012,19.5186,20.0579,4312100
2005-10-10,20.4431,20.6914,19.9038,19.9723,2493000
2005-10-11,19.9809,20.1007,19.4244,19.4758,2037300
2005-10-12,19.6898,20.1093,19.3902,19.4672,2067600
2005-10-13,18.106,19.5785,18.106,19.0477,2026300
2005-10-14,19.2018,19.4415,19.0477,19.2703,1588500
2005-10-17,19.433,19.8696,19.4159,19.7497,1488500
2005-10-18,19.9038,20.4859,19.4501,19.6042,1686800
2005-10-19,18.7909,19.8867,18.6197,19.3645,1823400
2005-10-20,19.5956,19.6299,19.0905,19.1933,1644400
2005-10-21,19.3902,19.4758,19.0649,19.159,1317900
2005-10-24,19.2618,19.7412,19.1676,19.5956,1314300
2005-10-25,19.5614,19.7754,19.2446,19.7412,2153400
2005-10-26,19.784,20.075,19.4843,19.5699,1855800
2005-10-27,19.7326,19.8268,19.3388,19.4415,1096800
2005-10-28,19.5614,19.7754,19.3045,19.433,1110700
2005-10-31,19.5186,20.2548,19.4672,20.1521,1177100
2005-11-01,20.1435,20.1778,19.784,19.9552,991600
2005-11-02,19.9466,20.4945,19.9124,20.4175,1160400
2005-11-03,20.6486,20.7599,20.1521,20.3319,1487500
2005-11-04,20.3832,20.3832,19.8096,19.9637,1226200
2005-11-07,20.1007,20.3233,19.9295,20.0921,1272600
2005-11-08,20.0493,20.2462,19.9466,20.1178,1078100
2005-11-09,20.2034,20.2719,19.4843,19.7497,1237200
2005-11-10,19.8439,20.1435,19.5956,20.075,1724000
2005-11-11,20.075,20.2719,19.9552,20.212,716400
2005-11-14,20.2805,20.6914,20.0065,20.5459,1356800
2005-11-15,20.5459,20.9054,20.2206,20.6743,1060300
2005-11-16,20.6486,20.8198,20.2462,20.6058,1004800
2005-11-17,20.6914,20.7856,20.563,20.6058,981100
2005-11-18,20.8369,20.8369,19.8439,20.1007,2245600
2005-11-21,20.1521,20.4859,19.9381,20.3747,870900
2005-11-22,20.2719,20.3832,19.8268,19.9809,1600000
2005-11-23,19.861,19.9637,19.7155,19.7754,1109800
2005-11-25,19.7497,19.8525,19.4758,19.724,595200
2005-11-28,19.9038,19.9124,19.3131,19.4501,2501000
2005-11-29,19.6641,19.861,19.5699,19.7412,1379400
2005-11-30,19.8867,20.2719,19.7326,20.2206,1604800
2005-12-01,20.2462,20.3575,19.8268,19.9295,1603500
2005-12-02,20.0836,21.0253,20.0836,20.9568,1611700
2005-12-05,21.0167,21.128,20.7428,21.0852,2055600
2005-12-06,21.2222,21.3848,21.0082,21.2307,1140000
2005-12-07,21.205,21.83,20.9996,21.2479,1790600
2005-12-08,21.3163,21.4191,21.051,21.2564,1092800
2005-12-09,21.4191,21.616,21.1109,21.2479,1559700
2005-12-12,21.3934,21.4447,21.2222,21.2735,1046600
2005-12-13,21.3506,21.4019,20.9996,21.4019,1392800
2005-12-14,21.4961,22.2751,21.4961,21.8471,2173000
2005-12-15,21.4448,21.5646,21.2307,21.4961,1181900
2005-12-16,21.4019,21.4876,20.9739,21.4191,1502300
2005-12-19,21.616,22.5491,21.616,21.7872,2378400
2005-12-20,21.7187,22.044,21.7016,22.0354,1235500
2005-12-21,22.1296,22.3351,21.7358,21.907,1062300
2005-12-22,22.0526,22.0526,21.6331,21.9327,867400
2005-12-23,22.044,22.318,21.8471,22.1296,1085300
2005-12-27,22.044,22.4721,21.9584,22.4721,1912900
2005-12-28,22.3864,22.4036,22.0697,22.1553,627500
2005-12-29,22.3436,22.5833,22.1639,22.2323,1192800
2005-12-30,22.3265,22.5577,22.1296,22.4549,1130500
2006-01-03,22.5577,22.5748,22.0611,22.2495,1452400
2006-01-04,22.472,23.0799,22.2666,22.4464,2379500
2006-01-05,21.83,22.0868,21.0595,21.4448,5786700
2006-01-06,21.4876,22.4635,21.4876,22.3864,3669000
2006-01-09,22.1724,22.5405,22.0269,22.4036,1912300
2006-01-10,22.4549,22.4977,22.2067,22.3608,1161000
2006-01-11,22.4292,22.6005,22.3008,22.4036,1071900
2006-01-12,22.4892,22.9429,22.3779,22.7203,1044900
2006-01-13,22.0354,22.8316,21.2735,22.3864,1053600
2006-01-17,22.258,22.5662,22.1211,22.395,1110800
2006-01-18,22.395,22.6861,22.3864,22.395,677700
2006-01-19,22.4292,22.5833,22.2067,22.258,857000
2006-01-20,22.258,22.472,22.0012,22.1125,1209400
2006-01-23,22.1039,22.4635,22.1039,22.4464,1068600
2006-01-24,22.5662,22.609,22.395,22.5234,973200
2006-01-25,22.4977,22.5491,22.2923,22.4292,1168000
2006-01-26,22.6005,22.609,22.2837,22.4292,590700
2006-01-27,22.3864,22.4977,22.258,22.4464,921200
2006-01-30,22.4378,22.7289,22.3608,22.5491,616300
2006-01-31,22.6433,22.9429,22.4977,22.8487,1233800
2006-02-01,22.4892,22.6689,22.318,22.4292,2379500
2006-02-02,22.5149,22.6689,22.4292,22.5234,1030200
2006-02-03,22.4721,22.5919,22.3608,22.532,669100
2006-02-06,22.5833,22.6433,22.4292,22.4721,550000
2006-02-07,22.5063,22.6261,22.2752,22.5405,692100
2006-02-08,22.4977,22.5748,22.2495,22.4721,937200
2006-02-09,22.532,22.5577,22.2923,22.3436,1262500
2006-02-10,22.2923,22.5833,22.2837,22.5234,1594600
2006-02-13,22.5576,23.0799,22.4892,23.0285,1370400
2006-02-14,23.0799,23.1141,22.746,23.0884,582700
2006-02-15,23.0884,23.1141,22.8573,23.1141,503500
2006-02-16,23.1826,23.448,23.1141,23.4394,811600
2006-02-17,22.472,22.5148,21.5732,21.693,6158700
2006-02-21,21.693,22.1039,21.5903,21.7872,1624300
2006-02-22,21.9584,22.1211,21.8814,22.1039,1223700
2006-02-23,22.1467,22.6261,21.9841,22.4721,1069500
2006-02-24,22.5148,22.5577,22.3094,22.395,831400
2006-02-27,22.472,22.9429,22.4036,22.883,1411700
2006-02-28,22.8744,23.0028,22.4378,22.5491,940200
2006-03-01,22.7545,22.9172,22.5491,22.7117,1058000
2006-03-02,22.7118,22.823,22.5577,22.6604,693300
2006-03-03,22.6861,22.8145,22.4806,22.7374,638600
2006-03-06,22.7717,22.9172,22.6005,22.8915,661600
2006-03-07,22.8573,22.9686,22.6946,22.7888,562600
2006-03-08,22.7973,23.1569,22.6004,23.1227,637300
2006-03-09,23.1141,23.234,22.8059,22.8316,697300
2006-03-10,23.1141,23.9873,23.0799,23.388,2196400
2006-03-13,23.3281,23.5421,23.1997,23.2596,767600
2006-03-14,23.2853,23.3024,23.0285,23.1569,915200
2006-03-15,23.1141,23.2425,22.9857,23.0799,609700
2006-03-16,23.0713,23.0799,22.7374,22.883,971600
2006-03-17,22.9857,22.9943,22.4721,22.4892,1547100
2006-03-20,22.4036,22.5148,22.1895,22.3008,1317900
2006-03-21,22.2837,22.6261,22.2067,22.3008,1103000
2006-03-22,21.693,22.5491,21.693,22.5063,1941600
2006-03-23,22.4207,22.5833,22.1895,22.2152,654400
2006-03-24,22.1553,22.1639,21.83,21.8814,989100
2006-03-27,21.9327,22.1553,21.7615,21.9584,769400
2006-03-28,21.9584,21.9755,21.4876,21.6416,929700
2006-03-29,21.6417,22.1382,21.5389,21.9242,1761700
2006-03-30,21.8813,21.9413,21.3848,21.4019,1295900
2006-03-31,21.3934,21.6845,20.7856,21.4448,1855200
2006-04-03,21.4448,22.044,21.4448,21.616,1628700
2006-04-04,21.7358,22.3008,21.5817,22.1639,2015200
2006-04-05,22.3094,22.5234,22.1296,22.1553,1530300
2006-04-06,22.1981,22.3436,21.6588,21.7957,1798200
2006-04-07,21.1879,21.4876,20.2719,20.5373,6854600
2006-04-10,20.6058,20.7171,20.4175,20.5972,1781700
2006-04-11,20.5972,20.8369,20.1863,20.3319,2126600
2006-04-12,20.2462,20.4175,20.2206,20.349,1623500
2006-04-13,20.3746,20.5459,20.1863,20.2377,927500
2006-04-17,20.289,20.5031,19.9637,20.1007,1068000
2006-04-18,20.5031,20.7941,20.4688,20.7513,1701100
2006-04-19,20.7856,20.9482,20.5288,20.5459,834600
2006-04-20,20.4175,20.7,20.3062,20.7,946600
2006-04-21,20.6828,20.8113,20.4175,20.5459,729000
2006-04-24,20.3747,20.7085,20.2206,20.5544,921700
2006-04-25,20.6657,21.1965,20.5459,21.0938,1340900
2006-04-26,21.0938,21.265,20.7599,20.8369,879400
2006-04-27,20.9054,21.2735,20.6486,21.0253,724400
2006-04-28,20.8626,21.2136,20.7,21.1451,980500
2006-05-01,21.2564,21.3591,20.7,20.7,1080500
2006-05-02,20.7428,21.4019,20.7428,21.3934,1152800
2006-05-03,21.2735,21.3249,20.8883,20.9739,1151500
2006-05-04,21.0595,21.1879,20.7599,20.991,770900
2006-05-05,21.1023,21.3591,20.9825,21.3163,847900
2006-05-08,21.3506,21.4876,21.2393,21.4191,834200
2006-05-09,21.3591,21.4105,21.1537,21.4019,629400
2006-05-10,21.3249,21.3249,20.8113,20.9654,783800
2006-05-11,20.9311,21.0595,20.7257,20.8027,1097900
2006-05-12,20.8198,21.051,20.7085,20.7513,682200
2006-05-15,20.6315,20.8027,20.426,20.6828,1163200
2006-05-16,20.6743,21.1023,20.6315,21.0167,713400
2006-05-17,20.8626,21.0595,20.5459,20.6315,923400
2006-05-18,20.5801,21.2564,20.5459,20.914,1323900
2006-05-19,20.8797,21.2821,20.6743,21.1366,1131100
2006-05-22,20.8883,21.0424,20.6828,20.9825,663400
2006-05-23,21.1023,21.128,20.6486,20.6914,550700
2006-05-24,20.7428,20.8883,20.5887,20.8455,710300
2006-05-25,20.9568,21.2393,20.8883,21.2307,747200
2006-05-26,21.2307,21.3763,20.7428,20.8797,613600
2006-05-30,20.8284,20.8541,20.4003,20.426,814700
2006-05-31,20.5373,21.1622,20.5031,21.1451,1345900
2006-06-01,20.9739,21.4447,20.8969,21.3677,1063900
2006-06-02,21.4447,21.5304,21.2393,21.3848,839900
2006-06-05,21.342,21.556,21.1794,21.1794,740300
2006-06-06,21.1794,21.5903,21.1794,21.5218,1029200
2006-06-07,21.5047,22.0783,21.4276,21.479,1367400
2006-06-08,21.4019,21.4619,21.0681,21.3934,996700
2006-06-09,21.3163,21.6759,21.2564,21.2564,834600
2006-06-12,21.265,21.556,21.1451,21.1451,604100
2006-06-13,21.1023,21.3677,20.7,20.8027,935900
2006-06-14,20.7256,21.1023,20.7,20.8883,793900
2006-06-15,20.8883,21.3249,20.8883,21.3078,973300
2006-06-16,21.4019,21.83,21.2564,21.3078,1269600
2006-06-19,21.4362,21.5903,21.1109,21.1879,676100
2006-06-20,21.2136,21.8214,21.2136,21.7016,1028600
2006-06-21,21.7273,22.3265,21.6673,22.0782,1274200
2006-06-22,22.0783,22.2837,21.8557,22.2666,783800
2006-06-23,22.1724,22.3265,22.0611,22.2067,1837700
2006-06-26,22.2067,22.2067,21.6759,21.8642,1159200
2006-06-27,21.9584,22.2495,21.6245,21.7529,1396900
2006-06-28,21.83,22.1981,21.693,22.1553,1252300
2006-06-29,22.1553,22.5662,21.9841,22.4635,1334700
2006-06-30,22.5491,22.5833,21.4019,21.4019,2298600
2006-07-03,21.5304,21.7872,21.3934,21.7101,728400
2006-07-05,21.7273,21.8043,21.2136,21.4276,1415400
2006-07-06,21.402,21.8043,21.402,21.6588,1015000
2006-07-07,21.5389,21.6502,21.2907,21.4619,920300
2006-07-10,21.5732,21.5817,21.1794,21.265,714400
2006-07-11,21.1622,21.5304,20.9996,21.4448,816000
2006-07-12,21.5132,21.7615,21.2992,21.4619,912700
2006-07-13,21.3591,21.4447,21.0938,21.4019,915200
2006-07-14,21.3506,21.3677,20.7513,21.0082,1093300
2006-07-17,20.9054,21.4276,20.8969,21.2222,1131200
2006-07-18,21.7016,21.7273,21.0167,21.1451,1822500
2006-07-19,21.265,21.7444,21.265,21.5304,3363400
2006-07-20,21.616,21.7786,21.4704,21.5304,1076300
2006-07-21,21.5988,21.6074,21.1794,21.2393,959600
2006-07-24,21.2393,21.4876,21.1537,21.3078,593000
2006-07-25,21.3763,21.616,20.9739,21.1451,1480900
2006-07-26,21.128,21.1965,20.9653,21.0253,1798000
2006-07-27,21.1451,21.3335,21.0852,21.128,1516200
2006-07-28,21.1451,21.2307,20.8797,20.9311,711200
2006-07-31,20.9225,20.9568,20.6572,20.9397,913600
2006-08-01,20.8027,20.9825,20.6743,20.8969,805500
2006-08-02,20.9054,21.4019,20.8626,21.3163,1371400
2006-08-03,21.2307,21.4876,20.9653,21.4019,1470600
2006-08-04,21.0595,21.4619,21.0595,21.4276,1971100
2006-08-07,21.3163,21.5047,21.2479,21.4276,1281400
2006-08-08,21.479,21.5988,21.3763,21.4876,1433700
2006-08-09,21.4704,21.5732,21.2735,21.4533,979600
2006-08-10,21.3677,21.5646,21.2222,21.5475,1177600
2006-08-11,21.479,21.7444,21.3591,21.7016,1160400
2006-08-14,21.6845,21.8471,21.5218,21.5646,1242100
2006-08-15,21.7615,21.8642,21.7101,21.83,1482900
2006-08-16,21.7273,22.0954,21.7273,22.0269,1065900
2006-08-17,21.8814,21.9584,21.7187,21.8385,1074100
2006-08-18,21.8471,21.8985,21.6673,21.7529,756600
2006-08-21,21.616,21.7957,21.5903,21.7529,441600
2006-08-22,21.7444,21.8129,21.6331,21.7872,720800
2006-08-23,21.8214,22.1211,21.7615,21.9584,814100
2006-08-24,22.0526,22.3008,22.0098,22.3008,907000
2006-08-25,22.258,22.5919,22.2067,22.4806,1077000
2006-08-28,22.4292,22.7974,22.3864,22.4892,1097400
2006-08-29,22.472,23.0456,22.472,22.9943,1047900
2006-08-30,23.0713,23.2168,22.9001,23.1997,1212300
2006-08-31,23.2768,23.3624,23.0627,23.3624,1035400
2006-09-01,23.4565,23.4908,23.1141,23.3795,1197600
2006-09-05,23.3024,23.4223,23.1912,23.2083,1127600
2006-09-06,23.097,23.2682,23.0285,23.174,1148000
2006-09-07,23.2168,23.4394,23.0713,23.3624,1938200
2006-09-08,23.3281,23.9103,23.2425,23.7476,2169700
2006-09-11,23.6449,23.7476,23.525,23.6363,1053600
2006-09-12,23.6791,23.9445,23.6791,23.8589,1212800
2006-09-13,23.7305,23.8332,23.6192,23.7647,1411800
2006-09-14,23.7647,23.9616,23.5935,23.6363,1802600
2006-09-15,23.6449,23.8332,23.5336,23.8075,2059400
2006-09-18,23.5935,23.7305,23.4565,23.6449,907900
2006-09-19,23.525,23.6962,23.4309,23.6278,1182900
2006-09-20,23.8418,23.9188,23.7562,23.8246,735200
2006-09-21,23.8075,23.876,23.6534,23.6706,886200
2006-09-22,23.7219,23.7476,23.4651,23.6192,1021300
2006-09-25,23.6278,23.7562,23.4737,23.6534,1078800
2006-09-26,23.739,24.3469,23.4822,24.2955,1924700
2006-09-27,24.15,24.4068,24.0986,24.3982,1873300
2006-09-28,24.4496,24.8006,24.3554,24.6978,1335500
2006-09-29,24.6122,24.7749,24.4924,24.6379,1627900
2006-10-02,24.6122,24.715,24.5352,24.6978,1310500
2006-10-03,24.5951,24.792,24.441,24.655,1250100
2006-10-04,24.5694,24.9033,24.0387,24.8947,2566900
2006-10-05,23.4993,24.8434,23.1141,24.792,6587900
2006-10-06,23.9702,24.0472,23.5593,23.9445,4922900
2006-10-09,23.5421,23.7562,23.3795,23.7048,2196900
2006-10-10,23.7562,23.8418,23.4565,23.7305,1607400
2006-10-11,23.5935,23.6706,23.4651,23.6278,2247900
2006-10-12,23.5849,23.7818,23.5421,23.6962,1673500
2006-10-13,23.5935,23.6192,23.3452,23.5165,1570500
2006-10-16,23.3538,23.662,23.1826,23.5764,2676800
2006-10-17,23.5593,23.7818,23.4737,23.6192,1831600
2006-10-18,23.5421,23.7818,23.5336,23.7134,1664900
2006-10-19,23.7733,23.7733,23.4651,23.5935,1290500
2006-10-20,23.6534,23.6962,23.5507,23.6706,1155700
2006-10-23,23.6877,23.7904,23.5421,23.7818,1097900
2006-10-24,23.6791,23.7134,23.525,23.5849,2045600
2006-10-25,23.5593,23.6106,23.5079,23.5593,2407700
2006-10-26,23.6106,23.7562,23.5764,23.6791,1219100
2006-10-27,23.6706,23.739,23.4052,23.6278,713800
2006-10-30,23.662,23.662,23.448,23.4822,847300
2006-10-31,23.4565,23.5507,23.3538,23.5336,1908900
2006-11-01,23.5593,23.6363,23.4565,23.5678,1122500
2006-11-02,23.5421,24.0387,23.4565,23.8589,2170600
2006-11-03,23.8589,23.8931,23.5507,23.7134,996300
2006-11-06,23.6278,23.7647,23.5507,23.739,963600
2006-11-07,23.6278,23.6278,23.4565,23.5507,3017900
2006-11-08,23.4309,23.7733,23.4309,23.7647,1019900
2006-11-09,23.7562,24.0044,23.7134,23.7647,1375500
2006-11-10,23.7219,23.9702,23.6534,23.7904,763900
2006-11-13,23.8246,24.1671,23.739,24.0044,845200
2006-11-14,24.09,24.09,23.7818,24.0472,805400
2006-11-15,24.0044,24.0387,23.8418,23.8674,868100
2006-11-16,23.9274,24.0472,23.6962,24.013,1099100
2006-11-17,24.0387,24.1328,23.8075,23.876,792600
2006-11-20,23.9103,23.9274,23.6962,23.7647,640400
2006-11-21,23.8161,23.9188,23.6192,23.7476,1117400
2006-11-22,23.7904,23.8503,23.6877,23.799,874200
2006-11-24,23.6706,23.7733,23.6106,23.6534,492000
2006-11-27,23.5849,23.7219,23.4908,23.5507,923300
2006-11-28,23.8846,24.0986,23.7305,23.7733,1707400
2006-11-29,23.8418,23.876,23.6877,23.8418,660900
2006-11-30,23.8931,24.0558,23.6449,23.9531,1127700
2006-12-01,24.15,24.1671,23.8846,24.1072,1149400
2006-12-04,24.1414,24.3212,24.0986,24.1585,975000
2006-12-05,24.1414,24.2185,24.0044,24.0216,1369900
2006-12-06,24.013,24.2013,23.9787,23.9959,815700
2006-12-07,24.0644,24.1671,24.013,24.0815,695900
2006-12-08,24.0986,24.1756,24.0472,24.1243,495300
2006-12-11,24.1328,24.2184,23.8846,24.1243,633800
2006-12-12,24.0815,24.5181,24.0301,24.4581,837100
2006-12-13,24.5694,24.5866,24.1414,24.2955,880200
2006-12-14,24.2184,24.441,24.0815,24.2869,716500
2006-12-15,24.3811,24.501,24.1756,24.2185,910100
2006-12-18,24.15,24.3554,24.0729,24.1842,573000
2006-12-19,24.0558,24.2013,23.8075,23.9531,1036000
2006-12-20,23.8589,24.0986,23.8589,23.9445,716500
2006-12-21,23.9274,24.0729,23.7904,24.013,1025300
2006-12-22,24.0729,24.3811,23.9188,24.3126,743800
2006-12-26,24.3383,24.5095,24.227,24.4496,653600
2006-12-27,24.3982,24.7492,24.3126,24.6722,638300
2006-12-28,24.6722,24.792,24.6122,24.7663,733300
2006-12-29,24.7235,24.9461,24.6208,24.8434,1399700
2007-01-03,24.655,24.9718,24.15,24.3126,2501000
2007-01-04,22.6861,22.7717,21.4876,21.5304,9149800
2007-01-05,21.1965,21.3335,20.6058,20.8969,7236300
2007-01-08,21.265,21.3163,21.0595,21.1537,3062200
2007-01-09,21.128,21.3591,21.0595,21.1023,1764400
2007-01-10,21.1194,21.4448,21.0253,21.3335,2598400
2007-01-11,21.4276,21.556,21.2992,21.3591,1935200
2007-01-12,21.3591,21.3591,21.0595,21.2992,3166400
2007-01-16,21.3934,21.3934,21.0938,21.1794,1854700
2007-01-17,21.1023,21.3763,21.0253,21.2307,1722700
2007-01-18,21.3763,21.4533,21.2307,21.3591,1076700
2007-01-19,21.4019,21.479,21.1451,21.3591,1385000
2007-01-22,21.2907,21.4276,21.1622,21.1965,1138000
2007-01-23,21.3078,21.5218,21.1879,21.4019,1402400
2007-01-24,21.4533,21.693,21.3591,21.6502,1279300
2007-01-25,21.5304,21.6673,21.4362,21.5132,1582700
2007-01-26,21.342,21.6245,21.2907,21.5132,1497700
2007-01-29,21.5132,21.616,21.1965,21.2821,1244100
2007-01-30,21.2907,21.4619,21.1879,21.3078,906900
2007-01-31,21.3591,21.3848,21.128,21.1794,1245300
2007-02-01,21.2821,21.3078,20.8455,21.0424,2484800
2007-02-02,21.0424,21.2393,21.0167,21.1194,1605500
2007-02-05,21.1194,21.1451,20.8883,20.9825,1121900
2007-02-06,20.9739,21.0595,20.7685,20.8541,1373800
2007-02-07,20.9226,20.9226,20.7428,20.8455,1507000
2007-02-08,20.7171,20.8626,20.7171,20.7856,1796400
2007-02-09,20.7856,20.8969,20.5887,20.6572,1707600
2007-02-12,20.7171,20.8027,20.6229,20.64,1331000
2007-02-13,20.5544,20.7599,20.5031,20.6058,2153100
2007-02-14,20.7256,21.128,20.7171,20.9739,1719900
2007-02-15,21.0938,21.2136,20.9397,20.9739,3088600
2007-02-16,20.7856,20.9311,20.3832,20.5544,4966400
2007-02-20,20.5544,20.7171,20.3747,20.5544,3448100
2007-02-21,20.8626,20.9568,20.4945,20.5887,2078000
2007-02-22,20.6315,20.6914,20.3319,20.4517,3291900
2007-02-23,20.4517,20.563,20.3404,20.5031,1910900
2007-02-26,20.4346,20.4859,20.289,20.3918,1453400
2007-02-27,20.2548,20.4089,19.8952,19.8952,2239600
2007-02-28,19.6984,20.1863,19.6984,20.0836,2256800
2007-03-01,17.5496,17.8492,16.197,17.1729,13497300
2007-03-02,17.1216,17.1558,16.6422,16.685,6970400
2007-03-05,16.3511,16.6764,16.2398,16.3768,4131900
2007-03-06,16.6593,16.685,16.274,16.4795,3570900
2007-03-07,16.4795,16.4795,16.2655,16.2826,2593300
2007-03-08,16.3682,16.5137,16.1199,16.2312,3428100
2007-03-09,16.274,16.5052,16.274,16.4281,2381300
2007-03-12,16.3939,16.8647,16.3768,16.7449,9288400
2007-03-13,16.685,16.7363,16.274,16.3682,6369600
2007-03-14,16.411,16.5565,16.2826,16.5223,2270700
2007-03-15,16.5223,16.6764,16.4367,16.5737,2428100
2007-03-16,16.625,16.685,16.4281,16.4966,1978300
2007-03-19,16.548,16.6336,16.3853,16.4795,2515900
2007-03-20,16.4795,16.7877,16.4367,16.6764,6895500
2007-03-21,16.7791,17.0959,16.5223,16.9332,2880500
2007-03-22,16.9503,17.113,16.9503,17.0873,2281200
2007-03-23,17.113,17.4982,17.0959,17.4212,3569600
2007-03-26,17.3955,17.8321,17.3698,17.6523,2448400
2007-03-27,17.6181,17.8578,17.541,17.5667,3005700
2007-03-28,17.464,18.4485,17.3356,17.601,2536300
2007-03-29,17.7465,17.9177,17.6694,17.8321,2312200
2007-03-30,17.892,18.243,17.8321,18.1317,3336100
2007-04-02,18.0718,18.2088,17.7807,17.892,2580200
2007-04-03,17.9862,18.0119,17.6609,17.7979,2135700
2007-04-04,17.8064,17.9862,17.6609,17.8235,2993900
2007-04-05,18.1403,18.6026,17.8492,18.3971,4531400
2007-04-09,18.4057,18.7053,18.2345,18.4399,2774500
2007-04-10,18.5427,18.6454,18.2858,18.5255,1841700
2007-04-11,18.4742,18.6454,18.3886,18.4656,1633200
2007-04-12,18.517,18.9022,18.457,18.8166,2226800
2007-04-13,18.7909,18.8594,18.5683,18.6796,1513500
2007-04-16,18.4399,19.1505,18.4228,19.0306,1746700
2007-04-17,18.7652,19.2874,18.5255,18.5854,4155700
2007-04-18,19.2104,19.2104,18.4913,19.0649,2110200
2007-04-19,18.7567,19.0306,18.7567,18.9793,1744000
2007-04-20,19.3474,19.3474,18.9364,19.2532,2915000
2007-04-23,19.2446,19.6213,19.1761,19.4415,2829000
2007-04-24,19.373,19.3902,18.945,19.3046,2495400
2007-04-25,19.3645,19.4672,19.1162,19.1761,1545900
2007-04-26,19.1162,19.4501,19.0563,19.433,2140800
2007-04-27,19.3987,19.6042,19.219,19.5015,1829600
2007-04-30,19.5015,19.6641,19.1847,19.1847,2224600
2007-05-01,19.2361,19.4586,19.1419,19.433,1470400
2007-05-02,19.3902,19.5186,19.3046,19.4415,1557300
2007-05-03,19.4244,19.6299,19.2789,19.5443,1095500
2007-05-04,19.6384,19.647,19.159,19.2446,1503100
2007-05-07,19.3046,19.9124,19.1333,19.6898,20434800
2007-05-08,19.6299,20.0237,19.5357,19.9552,3024200
2007-05-09,19.9466,20.2719,19.9038,20.1606,2316700
2007-05-10,20.0579,20.2976,19.9894,20.1863,2336100
2007-05-11,20.1264,20.3147,20.1178,20.2377,1914200
2007-05-14,20.5459,20.6229,20.3319,20.4517,3570900
2007-05-15,20.4431,20.5887,20.212,20.4089,2394200
2007-05-16,20.3661,20.5972,20.1264,20.5715,1723200
2007-05-17,20.6229,20.9568,20.4603,20.8198,1766300
2007-05-18,20.8455,20.9311,20.7171,20.8797,1926600
2007-05-21,20.7599,21.0681,20.6743,20.991,2013600
2007-05-22,20.9311,20.9568,20.7599,20.8797,1882900
2007-05-23,20.8113,20.9397,20.6743,20.7685,3395500
2007-05-24,20.7428,20.9225,20.5972,20.6914,2260900
2007-05-25,20.7513,20.7856,20.6315,20.7171,1813800
2007-05-29,20.7171,20.7941,20.6144,20.6914,4149000
2007-05-30,20.6315,20.8455,20.5459,20.8284,1935400
2007-05-31,20.7685,20.8969,20.7085,20.8027,2219700
2007-06-01,20.8455,20.8455,20.4859,20.777,2764600
2007-06-04,20.6743,20.8969,20.5544,20.6743,2279800
2007-06-05,20.9482,21.3591,20.1778,20.5031,2161700
2007-06-06,20.3575,20.4431,20.2034,20.289,2559600
2007-06-07,20.289,20.289,19.7069,19.7668,2112100
2007-06-08,19.7583,20.0408,19.7069,20.0237,1701800
2007-06-11,20.0322,20.3918,19.9809,20.2548,1505200
2007-06-12,20.0579,20.3062,19.8353,20.0836,2158000
2007-06-13,20.1521,20.4945,20.1178,20.4859,1229900
2007-06-14,20.4945,20.5459,20.3404,20.4431,1213400
2007-06-15,20.5459,20.7,20.3404,20.5544,1743100
2007-06-18,20.5287,20.9225,20.4688,20.7256,1518700
2007-06-19,20.7256,20.8797,20.5116,20.777,1410400
2007-06-20,20.8369,20.9482,20.3918,20.4089,1406900
2007-06-21,19.6984,20.6058,19.6984,20.563,1336700
2007-06-22,20.5459,20.9482,20.3832,20.6743,2466000
2007-06-25,20.6486,20.7257,20.1521,20.4175,2430800
2007-06-26,20.4517,20.5287,20.1178,20.2377,2844500
2007-06-27,20.1435,20.7171,20.075,20.6572,2273400
2007-06-28,20.7085,21.8471,20.6743,21.3848,6616300
2007-06-29,21.3763,21.3848,20.6828,20.7856,3195500
2007-07-02,21.1194,21.4533,20.7342,21.3506,2591300
2007-07-03,21.265,21.3763,21.0595,21.2907,869900
2007-07-05,21.1023,21.1537,20.7171,20.7856,2234600
2007-07-06,20.7856,20.8541,20.6315,20.8198,1864400
2007-07-09,20.7856,20.8455,20.5031,20.6058,2134600
2007-07-10,20.5459,20.5887,20.1692,20.1692,2702100
2007-07-11,20.1178,20.2034,19.9124,20.135,2092100
2007-07-12,20.2976,20.349,19.9295,20.3319,1970100
2007-07-13,20.1949,20.3233,19.861,20.0665,1474900
2007-07-16,19.9295,20.1521,19.6384,19.8096,3114000
2007-07-17,19.7326,19.9637,19.647,19.7497,2986500
2007-07-18,19.6555,19.8439,19.4843,19.7754,2188800
2007-07-19,19.7412,19.8781,19.5956,19.8696,2883400
2007-07-20,19.8096,19.9038,19.4758,19.6641,2295700
2007-07-23,19.5528,19.9038,19.51,19.7925,1719000
2007-07-24,19.647,19.9637,19.433,19.5699,4055400
2007-07-25,19.6127,19.7069,19.2703,19.51,2417600
2007-07-26,19.4244,19.5871,18.5855,18.9022,3650800
2007-07-27,18.1745,19.3131,18.1745,18.7738,2897300
2007-07-30,18.6711,19.0049,18.4742,18.9878,2379900
2007-07-31,19.159,19.1762,18.7567,18.7738,1903700
2007-08-01,18.6967,18.9707,18.3286,18.9193,2360400
2007-08-02,18.8337,19.0477,18.5084,18.9536,1419700
2007-08-03,19.3645,19.3645,18.8166,18.8765,2248200
2007-08-06,18.9964,19.7326,18.9878,19.7326,2398800
2007-08-07,19.0734,20.426,19.0734,20.3147,3013400
2007-08-08,20.426,21.4362,20.3404,20.9054,3471500
2007-08-09,20.6743,22.0782,20.6058,21.2735,6795100
2007-08-10,20.7256,21.4362,20.3918,20.7599,4998800
2007-08-13,20.6914,20.7599,19.7155,20.1521,3009500
2007-08-14,20.1007,20.3832,19.8952,19.8952,2118700
2007-08-15,19.8268,20.289,19.6555,19.7668,1475000
2007-08-16,19.647,20.3147,19.4672,19.6641,2093100
2007-08-17,20.2377,20.4175,19.7925,20.0237,2131800
2007-08-20,20.1007,20.7856,20.0836,20.6828,1497400
2007-08-21,20.5972,20.9054,20.5459,20.6572,1045100
2007-08-22,20.7171,20.9654,20.5459,20.8027,821300
2007-08-23,20.7599,21.128,20.6058,20.8027,1204400
2007-08-24,20.8027,20.9739,20.563,20.8541,844200
2007-08-27,20.8712,21.0424,20.6743,20.7171,755700
2007-08-28,20.5801,20.7,20.0065,20.0665,1243700
2007-08-29,20.1178,20.5031,20.0151,20.4688,1191200
2007-08-30,20.3233,20.6828,20.2034,20.5715,1112900
2007-08-31,20.8541,20.8969,20.5031,20.7,1015400
2007-09-04,20.5544,20.9654,20.5544,20.8712,1143500
2007-09-05,20.7342,20.7856,20.4859,20.6058,1094300
2007-09-06,20.7342,20.7342,20.2291,20.5459,1010500
2007-09-07,20.3318,20.5887,20.2462,20.4945,1086300
2007-09-10,20.6058,20.6058,20.1949,20.289,857400
2007-09-11,20.3318,20.5544,20.1435,20.2719,1067400
2007-09-12,20.3661,20.7,20.2719,20.5202,1167400
2007-09-13,20.6058,20.6315,20.3233,20.4688,1059000
2007-09-14,20.3747,20.6058,20.2034,20.289,1058000
2007-09-17,20.1778,20.2719,19.9124,19.9809,1224000
2007-09-18,20.0493,20.3318,19.9124,20.289,1080400
2007-09-19,20.349,20.7256,20.3062,20.6229,1242700
2007-09-20,20.7085,20.8027,20.4003,20.426,1050900
2007-09-21,20.6572,20.8027,20.426,20.5887,1449500
2007-09-24,20.5716,20.7342,20.1264,20.2034,1234600
2007-09-25,20.2462,20.426,19.9124,20.0921,1494700
2007-09-26,20.212,20.4175,20.1007,20.349,918800
2007-09-27,20.3832,20.7,20.3062,20.6743,1093400
2007-09-28,20.6743,20.8541,20.5801,20.7256,1020600
2007-10-01,20.6315,21.556,20.6058,21.4362,2530900
2007-10-02,21.2907,21.7444,21.2907,21.4276,1682900
2007-10-03,21.4276,21.4276,20.8541,21.0766,1757800
2007-10-04,21.4876,21.6844,21.0424,21.4019,3375800
2007-10-05,21.4447,21.556,21.3506,21.4019,1754000
2007-10-08,21.5304,21.8129,21.3763,21.6331,1317500
2007-10-09,21.7786,22.1639,21.6331,21.9327,2953600
2007-10-10,21.7273,22.2666,21.7273,22.2495,2517800
2007-10-11,22.2495,22.6518,21.9755,22.0697,1578600
2007-10-12,22.1553,22.1639,21.9327,22.0611,1563100
2007-10-15,22.0012,22.1895,21.6245,21.7187,1418700
2007-10-16,21.7786,21.9242,21.6845,21.8129,1406500
2007-10-17,21.83,22.0269,21.5304,21.616,1125200
2007-10-18,21.5218,21.6845,21.4191,21.4704,869500
2007-10-19,21.3163,21.4105,21.1794,21.1794,2062700
2007-10-22,21.1537,21.6074,21.0082,21.3249,868100
2007-10-23,21.2992,21.5475,21.2393,21.4961,901100
2007-10-24,21.4105,21.4105,20.9825,21.3848,1130000
2007-10-25,21.4191,21.4961,20.8455,20.9225,1825700
2007-10-26,21.051,21.5988,21.0167,21.5646,1393900
2007-10-29,21.5817,21.6673,21.4704,21.556,610600
2007-10-30,21.5988,21.9584,21.1537,21.1879,797500
2007-10-31,21.3848,21.8385,21.0424,21.5047,1212400
2007-11-01,21.4876,21.5047,21.1194,21.1708,1444200
2007-11-02,21.4362,21.4362,20.7,20.8883,1689000
2007-11-05,20.8797,21.1023,20.6914,20.8541,1339800
2007-11-06,20.8369,20.9739,20.4774,20.7171,997100
2007-11-07,20.4603,20.8284,20.3832,20.3832,992100
2007-11-08,20.4945,20.5202,19.7155,20.2548,2104600
2007-11-09,20.0065,20.1093,19.5357,19.6812,1730200
2007-11-12,19.3902,21.3934,19.1676,19.3474,1769000
2007-11-13,19.4672,19.7754,19.2361,19.7497,1931500
2007-11-14,19.724,19.7925,19.3559,19.3559,1173900
2007-11-15,19.2361,19.7925,19.1676,19.3302,1593500
2007-11-16,19.4158,19.9809,19.3302,19.9209,2187800
2007-11-19,19.8353,19.8353,19.5357,19.6299,1637400
2007-11-20,19.6213,20.2805,19.6213,19.9894,1469800
2007-11-21,19.784,19.8781,19.3902,19.3902,1142900
2007-11-23,19.4758,20.1264,19.4073,20.1264,592200
2007-11-26,20.1692,20.2548,19.6641,19.6727,1184500
2007-11-27,19.7326,20.0579,19.5956,20.0493,1665300
2007-11-28,20.2377,20.7599,20.0922,20.5288,1566700
2007-11-29,20.4089,20.4945,20.1606,20.2206,682000
2007-11-30,20.4859,20.4859,19.7925,20.1606,1759700
2007-12-03,20.2034,20.4517,19.8524,20.2719,990900
2007-12-04,20.2034,20.6315,20.1264,20.349,1245100
2007-12-05,20.5373,20.563,20.1606,20.2206,1162700
2007-12-06,20.2206,21.342,20.1093,21.2821,1597700
2007-12-07,21.2821,21.3763,20.426,20.4774,1530400
2007-12-10,20.4945,20.7342,20.1435,20.5715,1582400
2007-12-11,20.563,20.7256,19.4158,19.7326,1314300
2007-12-12,19.9637,20.7941,19.9637,20.4859,1678700
2007-12-13,20.3404,21.0167,20.2805,20.8198,1832700
2007-12-14,20.7856,21.0852,20.7,20.8883,1697400
2007-12-17,20.7599,21.0852,20.563,20.8883,1403400
2007-12-18,20.9996,21.0424,20.7171,20.8541,1878600
2007-12-19,20.8969,20.9739,20.3661,20.5373,1070900
2007-12-20,20.6486,20.9568,20.349,20.5715,1569200
2007-12-21,20.7513,20.9225,20.5716,20.8626,1333700
2007-12-24,20.6914,21.3763,20.6914,21.3249,379400
2007-12-26,21.3163,21.3163,20.8541,20.9739,578500
2007-12-27,20.8969,20.9739,20.6572,20.7171,554000
2007-12-28,20.9397,20.9653,20.6572,20.6828,718700
2007-12-31,20.5801,20.6743,20.2291,20.2377,887300
2008-01-02,20.1949,20.3832,20.0322,20.1007,992600
2008-01-03,20.0836,20.2976,19.9552,20.1178,1304800
2008-01-04,20.1178,20.1178,19.5015,19.5015,1660000
2008-01-07,19.4586,19.5186,18.945,19.2275,3865300
2008-01-08,19.2275,19.3816,18.808,19.2618,3250000
2008-01-09,19.3645,19.3816,17.8749,18.2601,3357200
2008-01-10,18.1574,18.868,18.0119,18.7139,2040500
2008-01-11,18.517,18.9364,18.4485,18.5683,2952000
2008-01-14,18.7481,18.7481,18.3115,18.4057,1625300
2008-01-15,18.1489,18.3714,17.7294,17.9348,2366000
2008-01-16,17.815,18.6283,17.815,18.38,2011500
2008-01-17,18.4057,18.6625,18.0376,18.0376,2232200
2008-01-18,18.0376,18.2173,17.2157,17.3356,2354600
2008-01-22,16.7021,17.8235,16.3511,17.5325,3183700
2008-01-23,16.3083,17.7979,16.274,17.7465,2413100
2008-01-24,17.7893,18.0975,17.6866,17.7893,2191400
2008-01-25,17.7722,18.2173,17.4897,17.5496,1753000
2008-01-28,17.541,17.9776,17.3527,17.9263,1480300
2008-01-29,18.0376,18.3115,17.7551,18.1917,1529500
2008-01-30,18.0889,18.3629,17.7208,17.7379,1065700
2008-01-31,17.5667,18.0204,17.3955,17.892,1591700
2008-02-01,17.7722,18.6197,17.7208,18.6197,1278400
2008-02-04,18.6283,18.6882,17.952,17.9776,1707800
2008-02-05,17.678,17.7722,17.2414,17.2585,2598500
2008-02-06,17.4212,17.7379,17.3013,17.3955,2116500
2008-02-07,17.2671,17.7465,17.2671,17.7037,1318200
2008-02-08,17.601,17.6694,17.2928,17.3185,1356700
2008-02-11,17.3185,17.5838,17.0788,17.5582,1496500
2008-02-12,17.6352,18.029,17.601,17.9862,1516300
2008-02-13,18.2173,18.2345,17.9776,18.0632,1285300
2008-02-14,17.9948,18.0804,17.5068,17.541,1261500
2008-02-15,17.3613,17.6695,17.2928,17.6181,1324200
2008-02-19,17.7037,17.8492,17.5582,17.6352,1168900
2008-02-20,17.5068,17.8064,17.3441,17.7636,1448100
2008-02-21,17.7979,17.9776,17.4725,17.5068,1478200
2008-02-22,17.5838,17.6266,16.9075,17.1644,2415100
2008-02-25,17.1644,17.8749,17.1472,17.815,2326400
2008-02-26,17.7636,17.7636,17.3869,17.464,1734300
2008-02-27,17.327,17.5239,17.2585,17.3013,1902300
2008-02-28,17.1387,17.2414,16.9332,17.0616,1803900
2008-02-29,16.8476,17.7123,16.3853,16.4453,1956300
2008-03-03,16.3768,16.4709,16.1371,16.2569,2199200
2008-03-04,16.1285,16.4367,16.0258,16.3597,2222800
2008-03-05,16.3682,16.3939,15.9744,16.06,2377400
2008-03-06,16.0172,16.12,15.8203,15.8888,2703800
2008-03-07,16.0087,16.0087,15.5549,15.6748,2216300
2008-03-10,15.7946,16.1371,15.6149,16.0087,1789500
2008-03-11,16.3939,16.4795,16.197,16.4795,1806600
2008-03-12,16.4795,16.6422,15.8888,16.0001,2409700
2008-03-13,15.9573,15.9573,15.3666,15.5806,3194400
2008-03-14,15.5977,16.0001,15.4265,15.6405,2648100
2008-03-17,15.2382,15.5806,15.1611,15.3666,2432400
2008-03-18,15.5977,16.2912,15.4351,16.0857,2059400
2008-03-19,16.2826,16.625,16.0943,16.1628,2818500
2008-03-20,16.2484,16.3682,15.9145,16.3425,2230000
2008-03-24,16.3853,16.5565,16.0686,16.4881,1256200
2008-03-25,16.5223,16.548,16.274,16.4453,1331500
2008-03-26,16.2912,16.3853,15.3837,15.4779,3589600
2008-03-27,15.4864,15.7261,15.3923,15.4351,2493500
2008-03-28,15.5892,15.5892,15.0755,15.1183,1791500
2008-03-31,14.9814,15.2896,14.7331,15.1269,2058500
2008-04-01,15.4864,16.3682,15.3409,16.3682,2986000
2008-04-02,16.3682,16.5651,15.846,16.0258,2827500
2008-04-03,16.762,17.5239,16.5052,16.8819,5848600
2008-04-04,16.8733,17.1216,16.6678,17.0274,2588700
2008-04-07,17.036,17.1216,16.5137,16.5994,1553200
2008-04-08,16.5137,16.5651,16.0087,16.2826,2202500
2008-04-09,16.2398,16.2655,15.418,15.4522,2518600
2008-04-10,15.4522,16.0943,15.358,15.7604,2390800
2008-04-11,15.6063,15.9059,15.4693,15.5207,1701400
2008-04-14,15.5977,15.9231,15.4865,15.8888,1603900
2008-04-15,15.8888,16.06,15.5892,15.7861,1174600
2008-04-16,15.9487,16.0001,15.6833,15.9402,1660000
2008-04-17,15.9145,16.0087,15.7261,15.8631,1333400
2008-04-18,16.0857,16.1028,15.6063,15.6748,1565000
2008-04-21,15.5207,15.7861,15.5207,15.7176,1039300
2008-04-22,15.6234,15.6919,15.4008,15.495,1275500
2008-04-23,15.6577,15.709,15.2724,15.2981,1556800
2008-04-24,15.3238,15.5549,15.2211,15.3666,1402300
2008-04-25,15.5378,15.6149,15.4094,15.5635,1366800
2008-04-28,15.5207,16.1114,15.5207,15.9487,2284400
2008-04-29,15.9059,16.0515,15.8289,16.0343,1183500
2008-04-30,16.0343,16.2227,15.7176,15.7176,1406500
2008-05-01,15.5892,16.1114,15.5892,15.9059,1872900
2008-05-02,15.9744,16.0857,15.7433,15.8546,984000
2008-05-05,15.7946,16.0771,15.632,16.0087,1178000
2008-05-06,15.8888,16.2655,15.7861,16.1371,1329300
2008-05-07,16.1799,16.4624,16.0771,16.1371,2784200
2008-05-08,16.1028,16.2056,15.846,15.923,1512300
2008-05-09,15.8631,15.8631,15.3238,15.4864,2012000
2008-05-12,15.495,16.1799,15.495,16.1114,1863100
2008-05-13,16.2056,18.0804,16.1799,17.9948,6211000
2008-05-14,18.0718,18.106,17.4554,17.6609,3219300
2008-05-15,17.7037,18.1745,17.3784,18.0376,2170400
2008-05-16,18.106,18.106,17.6352,17.9091,1454800
2008-05-19,17.7379,18.3286,17.5496,17.8663,1690200
2008-05-20,17.7379,17.9348,17.4383,17.8321,2527100
2008-05-21,17.9006,18.0718,17.5325,17.6694,3369200
2008-05-22,17.6609,18.0632,17.6181,17.9776,2363100
2008-05-23,17.9263,18.7481,17.7123,18.2345,3478600
2008-05-27,18.2002,18.5255,18.0633,18.4057,2295600
2008-05-28,18.5255,18.6796,17.6523,17.9776,2690200
2008-05-29,18.1146,18.3201,17.9263,18.0889,2199700
2008-05-30,18.029,18.4998,18.029,18.2516,1812700
2008-06-02,18.2773,18.2773,17.6266,17.8578,1466000
2008-06-03,17.8064,17.892,17.2671,17.4726,1993800
2008-06-04,17.3869,17.6095,17.3356,17.4383,1266600
2008-06-05,17.464,17.8321,17.4212,17.7465,1499100
2008-06-06,17.4982,17.7893,17.4126,17.601,1968000
2008-06-09,17.4982,17.8407,17.4811,17.7807,1346000
2008-06-10,17.8235,18.243,17.7893,18.0975,2336000
2008-06-11,17.9263,18.1232,17.4897,17.6438,1715100
2008-06-12,17.6866,17.8235,17.4126,17.4554,1920800
2008-06-13,17.5496,17.5496,16.8134,17.0787,2984400
2008-06-16,17.1644,17.2157,16.899,17.1216,1587300
2008-06-17,17.2414,17.2414,16.8904,16.9589,2455200
2008-06-18,16.8219,16.899,16.5822,16.7791,2329300
2008-06-19,16.7106,16.9161,16.5822,16.8733,2581600
2008-06-20,17.2671,17.2671,16.5394,16.9503,2422100
2008-06-23,17.0616,17.0616,16.6678,16.7791,1529800
2008-06-24,16.6079,16.8391,16.5651,16.8048,1604500
2008-06-25,16.7877,17.3356,16.7877,17.1644,1203400
2008-06-26,16.8476,17.2072,16.8219,16.9332,2298600
2008-06-27,16.899,16.9332,16.3939,16.8305,2831800
2008-06-30,16.12,17.0616,16.1114,17.0017,2004800
2008-07-01,17.9263,18.6625,17.4298,17.7636,5755000
2008-07-02,18.0547,18.4057,17.7636,18.0718,3509600
2008-07-03,18.2173,18.4399,18.0119,18.1831,1900600
2008-07-07,18.2259,18.2601,17.4383,17.8749,3398100
2008-07-08,17.7722,18.2773,17.7722,18.1146,2639300
2008-07-09,18.1146,18.9364,18.0975,18.3629,3679200
2008-07-10,18.4399,18.4399,17.9776,18.1403,2549300
2008-07-11,17.9862,18.3029,17.7037,17.815,3127400
2008-07-14,17.9092,18.1403,17.6951,17.8407,2804600
2008-07-15,17.6951,18.4827,17.6438,18.1745,2385100
2008-07-16,18.2345,18.6454,18.0804,18.4998,1997400
2008-07-17,18.4998,18.8851,18.3886,18.731,2467400
2008-07-18,18.7395,18.7995,18.3714,18.6711,2072600
2008-07-21,18.6026,18.6967,18.3543,18.4228,1393500
2008-07-22,18.4485,19.2789,18.2601,19.2018,2184100
2008-07-23,19.1162,19.7668,19.0049,19.6727,2466900
2008-07-24,19.5699,19.6556,18.7396,18.7738,1682600
2008-07-25,18.7481,18.9022,18.7139,18.808,1010800
2008-07-28,18.7224,18.7224,18.029,18.3201,1642000
2008-07-29,18.3372,18.5427,18.2088,18.4399,1486100
2008-07-30,18.4827,18.517,17.3869,18.0033,3478100
2008-07-31,17.9263,18.457,17.8492,18.4228,1932000
2008-08-01,18.3286,18.4399,18.0033,18.2773,1402300
2008-08-04,18.2259,18.4399,17.952,18.1488,1173300
2008-08-05,18.0547,18.6197,18.0547,18.5341,1117800
2008-08-06,18.5084,18.9108,18.3886,18.8337,2088800
2008-08-07,18.7481,18.7481,18.1574,18.6283,2195900
2008-08-08,18.5598,19.3474,18.5084,19.3131,1723200
2008-08-11,19.2446,19.5699,19.2361,19.3302,1134800
2008-08-12,19.3474,19.4501,18.9707,19.0734,2138500
2008-08-13,19.0905,19.159,18.4913,18.9536,1797100
2008-08-14,18.6539,19.0392,18.6539,18.7224,2043000
2008-08-15,18.7823,19.0306,18.7053,18.8851,1303700
2008-08-18,19.1248,19.1248,18.3115,18.38,1515800
2008-08-19,18.3286,18.3286,17.6951,17.9263,2762900
2008-08-20,17.9348,18.0975,17.6438,18.0547,2039900
2008-08-21,17.7893,18.2173,17.7807,18.1745,1310200
2008-08-22,18.2173,18.517,18.2088,18.4142,853400
2008-08-25,18.1574,18.3543,17.8235,17.892,766400
2008-08-26,17.4041,17.8749,17.327,17.4726,1277400
2008-08-27,17.464,18.1489,17.1558,18.0033,2020100
2008-08-28,18.0804,18.5255,17.9177,18.4742,1441300
2008-08-29,18.4314,18.4742,17.9862,18.0718,1534100
2008-09-02,18.4827,18.7224,18.1574,18.2516,1235500
2008-09-03,18.1574,18.5426,18.1232,18.3629,1402600
2008-09-04,18.2259,18.457,17.9006,17.952,1932200
2008-09-05,17.892,18.4399,17.601,18.3372,1702800
2008-09-08,18.8166,19.2361,18.38,19.1419,2471200
2008-09-09,19.2617,20.0065,18.9279,19.433,3360300
2008-09-10,19.6984,20.0322,19.1676,19.373,2726200
2008-09-11,19.3046,19.5443,19.0477,19.3302,1304300
2008-09-12,19.2018,19.4586,18.9792,19.4586,1111100
2008-09-15,18.9364,20.0665,18.8594,19.2275,2163500
2008-09-16,18.868,19.724,18.868,19.5443,1950400
2008-09-17,19.0991,19.3217,18.0547,18.2259,3494100
2008-09-18,18.38,19.082,17.8492,18.8252,3281800
2008-09-19,19.2618,20.1007,17.3955,19.0135,2624200
2008-09-22,18.7909,18.8508,18.0547,18.1061,1206100
2008-09-23,18.1146,18.38,17.9263,17.9691,1143700
2008-09-24,18.0547,18.5427,17.9776,18.4057,1478300
2008-09-25,18.5084,18.9536,18.4399,18.808,950000
2008-09-26,18.808,19.0649,18.4742,18.9279,1666300
2008-09-29,18.8508,18.9621,17.7037,17.8835,1875400
2008-09-30,18.2002,18.4998,17.9348,18.3714,2082200
2008-10-01,18.3714,18.5512,18.0204,18.517,2122200
2008-10-02,18.3543,18.4057,16.8305,16.8904,3141800
2008-10-03,17.0445,17.2842,16.6336,16.6421,1726100
2008-10-06,16.3682,16.5737,15.3324,15.923,2006900
2008-10-07,16.0686,16.0686,14.8358,14.8358,2972100
2008-10-08,14.5276,15.0156,14.2623,14.5876,2593500
2008-10-09,14.5619,15.3324,13.8599,13.8599,2190300
2008-10-10,13.3719,13.7315,12.1991,13.1836,3551200
2008-10-13,13.526,14.3821,13.3291,14.3051,1975700
2008-10-14,14.502,15.067,13.5774,13.7229,2106700
2008-10-15,13.5003,13.6544,12.6443,12.6956,2690900
2008-10-16,12.5587,13.1066,11.8396,12.4731,3716800
2008-10-17,12.2505,12.7128,11.8224,12.2334,2232600
2008-10-20,12.4645,12.67,12.1135,12.5244,1170500
2008-10-21,12.0878,12.5672,11.8567,12.2419,1756900
2008-10-22,11.9851,11.9851,11.0776,11.403,1602700
2008-10-23,11.2232,11.7454,10.8294,11.48,3180500
2008-10-24,10.8808,11.1804,10.7095,10.8893,3505200
2008-10-27,10.6496,11.129,10.3671,10.5726,2105900
2008-10-28,10.8208,11.3002,10.3414,11.3002,2434400
2008-10-29,11.2403,11.2574,10.5041,10.6839,2894400
2008-10-30,10.9664,11.3345,10.641,10.8979,2362700
2008-10-31,10.8636,10.9749,10.3757,10.7352,2870200
2008-11-03,10.5897,11.1461,10.5897,10.9064,2720700
2008-11-04,11.0862,11.5571,11.0862,11.3602,3066700
2008-11-05,11.2917,11.4714,10.8294,10.8722,2976800
2008-11-06,10.8123,11.0092,10.3928,10.6839,2177100
2008-11-07,10.7951,11.0605,10.6239,10.8294,2420100
2008-11-10,10.9321,11.0605,10.6068,10.7438,2250400
2008-11-11,10.641,10.7352,10.0675,10.2901,2014700
2008-11-12,10.1445,10.1702,9.1772,9.2456,2877200
2008-11-13,9.5367,9.9134,9.2542,9.8877,5980500
2008-11-14,9.6994,10.2473,9.1258,9.8363,3979000
2008-11-17,9.7079,10.136,9.6138,9.6822,1991400
2008-11-18,9.6052,10.4356,9.5281,10.4356,4168900
2008-11-19,10.3842,10.564,10.1188,10.1702,4886000
2008-11-20,10.0589,11.2403,9.9819,10.2815,5590100
2008-11-21,10.564,10.564,9.5367,10.3757,3455200
2008-11-24,10.6068,10.6239,10.1274,10.4014,3798400
2008-11-25,10.5298,10.5726,9.7678,10.0076,2694000
2008-11-26,9.8278,10.5469,9.8278,10.4356,3145300
2008-11-28,10.427,10.9492,10.3757,10.9235,1188800
2008-12-01,10.7352,10.8294,10.0418,10.1017,2304000
2008-12-02,10.1873,10.4185,9.8791,10.4185,1863900
2008-12-03,10.5811,11.0776,10.1531,11.0348,2623100
2008-12-04,10.9492,11.3259,10.7267,11.1205,2355600
2008-12-05,10.9835,11.6084,10.8037,11.5913,2780200
2008-12-08,11.9851,12.0707,11.5571,11.9851,2396400
2008-12-09,11.9851,12.4046,11.7968,12.1991,2788800
2008-12-10,12.3104,12.8754,12.259,12.8069,2712900
2008-12-11,12.6614,12.9268,12.2505,12.396,2693000
2008-12-12,12.0621,12.4731,12.0365,12.4388,2680600
2008-12-15,12.4474,12.747,12.182,12.4559,1913200
2008-12-16,12.5415,13.2692,12.3361,13.2606,2081700
2008-12-17,13.2435,13.3891,12.9525,13.1494,3326500
2008-12-18,13.2007,13.6202,13.0809,13.3206,2612100
2008-12-19,13.4147,13.9284,13.2264,13.3206,2357700
2008-12-22,13.3035,13.4404,12.7812,13.0209,1583800
2008-12-23,13.0295,13.4062,13.0209,13.0723,1030900
2008-12-24,13.0637,13.4147,12.9353,13.3548,458900
2008-12-26,13.4062,13.4062,13.0552,13.2606,641100
2008-12-29,13.235,13.235,12.9353,13.0894,910000
2008-12-30,13.1579,13.3548,13.1066,13.3463,1259800
2008-12-31,13.3548,13.7657,13.3548,13.5004,1313600
2009-01-02,13.5432,14.1681,12.9953,14.0825,1137900
2009-01-05,13.9969,14.6903,13.9284,14.1253,2365500
2009-01-06,14.1938,14.6132,14.0226,14.442,2203100
2009-01-07,14.2879,14.2879,12.1563,13.2521,4219800
2009-01-08,13.235,13.6887,12.1135,12.884,3701200
2009-01-09,12.8754,13.1151,12.5073,12.747,1579000
2009-01-12,12.6443,13.7315,12.5415,12.961,3619500
2009-01-13,12.9268,13.0809,12.6871,12.8925,2267300
2009-01-14,12.5244,13.0038,12.5159,12.7556,3544100
2009-01-15,12.6871,12.9439,12.4388,12.7984,3175100
2009-01-16,12.9268,13.175,12.7984,13.0209,2223600
2009-01-20,12.8326,13.0894,12.4046,12.4987,2923800
2009-01-21,12.747,12.8754,12.2419,12.5159,2356200
2009-01-22,12.3703,12.4816,11.9337,12.3703,2869000
2009-01-23,12.1477,12.1649,11.7796,11.9423,3041100
2009-01-26,12.0193,12.5587,11.9594,12.3618,2207700
2009-01-27,12.4388,12.6785,12.4217,12.6015,1758500
2009-01-28,13.1322,13.2007,12.6614,13.0552,2465100
2009-01-29,13.0038,13.1066,12.824,12.9268,2721000
2009-01-30,12.8754,12.961,12.3789,12.4303,2764500
2009-02-02,12.2847,12.3104,11.8396,12.0108,2592900
2009-02-03,12.0279,12.6785,11.8224,12.6357,2494200
2009-02-04,12.6357,12.7898,12.4902,12.5501,2152700
2009-02-05,12.4902,13.1836,12.3874,13.0637,2687500
2009-02-06,13.0552,13.4918,13.0038,13.4404,1802700
2009-02-09,13.3891,13.5517,13.2692,13.3634,1527300
2009-02-10,13.2949,13.3634,12.7984,12.8925,2507300
2009-02-11,12.9781,13.3291,12.9011,13.2778,2386300
2009-02-12,13.1322,13.2264,12.7812,13.1922,1683200
2009-02-13,13.1408,13.3035,12.8155,12.8497,1992600
2009-02-17,12.4217,12.533,12.0793,12.182,2229500
2009-02-18,12.4217,12.4217,11.8396,12.0536,2231200
2009-02-19,12.182,12.3018,11.9166,11.9166,1950400
2009-02-20,11.8396,12.0108,11.5827,11.8481,2765000
2009-02-23,11.9252,12.0193,11.4372,11.4458,1797000
2009-02-24,11.4629,11.8396,11.3259,11.7539,2589800
2009-02-25,11.6855,12.2334,11.5742,11.8995,3250400
2009-02-26,12.0964,12.0964,11.4543,11.4714,2640700
2009-02-27,11.2574,11.5399,11.1547,11.1718,3184200
2009-03-02,10.8979,11.2917,10.8979,11.1119,2649400
2009-03-03,11.2061,11.343,10.9749,11.0434,2632000
2009-03-04,11.2061,11.3944,10.9407,11.1804,2532600
2009-03-05,11.0006,11.1804,10.5383,10.6239,4245000
2009-03-06,10.8379,10.9664,10.4099,10.6667,3638900
2009-03-09,10.5554,10.9835,10.3414,10.9321,3481100
2009-03-10,11.0776,11.403,10.9492,11.1975,2267900
2009-03-11,11.2745,11.3516,10.9064,10.9578,3415000
2009-03-12,10.9664,11.2403,10.8636,11.2232,3013900
2009-03-13,11.2403,11.3088,11.0776,11.1718,2268500
2009-03-16,11.266,11.5485,11.2232,11.3773,1901100
2009-03-17,11.3602,11.4543,11.129,11.4115,1688400
2009-03-18,11.266,11.5571,11.0776,11.4286,2854700
2009-03-19,11.3345,11.4458,11.1119,11.2146,2529100
2009-03-20,11.2146,11.3516,10.8551,10.8636,3021100
2009-03-23,11.0605,11.2574,10.8893,11.2146,3428600
2009-03-24,11.1461,11.5399,11.1033,11.3516,3003600
2009-03-25,10.9578,11.2061,10.4441,10.7438,5079300
2009-03-26,10.9492,10.9492,10.4099,10.5897,4314300
2009-03-27,10.5041,10.5212,10.1873,10.3157,3628500
2009-03-30,10.1531,10.2986,10.0418,10.1274,2717200
2009-03-31,10.1873,10.35,10.0589,10.1873,2790000
2009-04-01,10.0589,10.2387,9.9904,10.1017,3869700
2009-04-02,10.3329,10.5554,10.1702,10.427,5631500
2009-04-03,10.4099,10.5041,10.2815,10.4442,3457600
2009-04-06,10.35,10.4356,10.0332,10.1445,3053500
2009-04-07,10.0075,10.3329,9.9048,9.9647,4559800
2009-04-08,9.9048,9.9562,9.1772,9.4597,6617300
2009-04-09,9.6309,9.7422,9.4511,9.571,4305700
2009-04-13,9.5453,9.5453,9.3227,9.4511,3396800
2009-04-14,9.3997,9.6394,9.2628,9.5453,4369500
2009-04-15,9.5624,9.785,9.5281,9.7507,2677600
2009-04-16,9.8192,9.9391,9.648,9.8877,3091800
2009-04-17,9.9305,10.0504,9.8877,9.9819,2520300
2009-04-20,9.9305,9.9819,9.6822,9.7422,1340400
2009-04-21,9.6223,9.9134,9.6223,9.8192,2091500
2009-04-22,9.6908,9.8278,9.5281,9.5281,2170800
2009-04-23,9.4939,9.571,9.3741,9.5196,1709100
2009-04-24,9.571,9.571,9.3826,9.4597,1935100
2009-04-27,9.3741,9.5367,9.3227,9.3912,1552700
2009-04-28,9.3912,9.4425,9.2884,9.3741,1731200
2009-04-29,9.4254,9.7079,9.3227,9.6138,3109300
2009-04-30,9.6994,10.1274,9.6737,9.9219,3109000
2009-05-01,9.9391,9.999,9.8449,9.9391,2433000
2009-05-04,10.0418,10.1788,9.8963,10.1274,1903200
2009-05-05,10.1873,10.5469,10.1616,10.3414,3614200
2009-05-06,10.427,10.5383,10.1873,10.4784,3744800
2009-05-07,10.5298,10.641,10.3585,10.4185,2288700
2009-05-08,10.5383,10.7609,10.2729,10.701,2324100
2009-05-11,10.6924,10.7438,10.4698,10.487,1520200
2009-05-12,10.5212,10.6068,10.2815,10.3757,1531400
2009-05-13,10.2387,10.2558,9.9391,9.9647,2131500
2009-05-14,9.9647,10.1531,9.8706,10.0504,1566800
2009-05-15,10.0589,10.2901,10.0332,10.1873,1676800
2009-05-18,10.2387,10.3157,10.0932,10.2815,1386300
2009-05-19,10.3072,10.6839,10.2729,10.5469,1860200
2009-05-20,10.641,10.6667,10.1017,10.1188,3012600
2009-05-21,10.1017,10.1017,9.6309,9.7079,3573000
2009-05-22,9.6994,9.7422,9.5367,9.6394,1685300
2009-05-26,9.5453,9.9134,9.5453,9.862,2570400
2009-05-27,9.8535,10.1103,9.8107,9.8192,1849800
2009-05-28,9.8877,9.9134,9.5453,9.7764,2239200
2009-05-29,9.7679,9.9819,9.6822,9.8963,2581300
2009-06-01,10.0418,10.4099,9.9476,10.3157,3587600
2009-06-02,10.3157,10.6154,10.2729,10.4099,3414500
2009-06-03,10.3928,10.3928,10.2045,10.2387,2167300
2009-06-04,10.3072,10.6924,10.2473,10.6325,3402700
2009-06-05,10.7267,10.8893,10.4356,10.4527,3308600
2009-06-08,10.778,11.0006,10.5897,10.6411,3192000
2009-06-09,10.6154,10.7609,10.6068,10.6667,2431300
2009-06-10,10.7181,11.0691,10.6239,11.052,4194400
2009-06-11,11.1119,11.7197,11.0948,11.4286,5215600
2009-06-12,11.3858,11.5571,11.3088,11.4971,2293800
2009-06-15,11.4372,11.4543,10.992,11.1376,2482200
2009-06-16,11.2146,11.2146,11.0263,11.129,2374700
2009-06-17,11.129,11.1633,10.9321,10.992,2218300
2009-06-18,10.992,11.1889,10.915,11.1461,2146600
2009-06-19,11.2317,11.2317,11.0862,11.1119,2828000
2009-06-22,10.9835,11.1033,10.7609,10.8551,2047000
2009-06-23,10.8722,10.9407,10.6667,10.7609,2723600
2009-06-24,10.8808,10.8979,10.4784,10.5982,2592000
2009-06-25,10.5469,10.7181,10.3757,10.701,2432300
2009-06-26,10.6924,10.7695,10.4356,10.5126,3825100
2009-06-29,10.5554,10.7181,10.4441,10.6924,2004500
2009-06-30,10.6753,11.0776,10.5554,10.8551,4111700
2009-07-01,11.2831,12.1477,11.1461,11.6512,6197500
2009-07-02,11.6084,11.6084,11.0092,11.343,4219400
2009-07-06,11.3345,11.831,11.2232,11.7454,3534400
2009-07-07,11.7197,11.7968,11.1975,11.2403,2931400
2009-07-08,11.2232,11.3002,10.8722,11.0177,2540800
2009-07-09,11.0691,11.1033,10.6325,10.8551,3192700
2009-07-10,10.7695,10.8808,10.5726,10.6582,2396000
2009-07-13,10.7095,10.8379,10.487,10.7695,2288500
2009-07-14,10.7951,10.8636,10.701,10.8379,2574000
2009-07-15,10.9578,11.2061,10.8722,11.1718,2997900
2009-07-16,11.1633,11.2146,10.8808,11.0777,1914500
2009-07-17,11.0434,11.1461,10.701,10.7866,2721400
2009-07-20,10.8037,11.0092,10.778,10.992,2956000
2009-07-21,11.0348,11.0605,10.7866,10.9749,2218000
2009-07-22,10.9321,11.1461,10.8551,11.0948,2427800
2009-07-23,11.0263,11.5399,11.0263,11.4714,2342600
2009-07-24,11.4286,11.6084,11.3173,11.4543,1345700
2009-07-27,11.4201,11.5057,11.2232,11.4714,1264700
2009-07-28,11.4201,11.5656,11.3174,11.4714,1807000
2009-07-29,11.3773,11.5656,11.3516,11.4971,1797900
2009-07-30,11.5656,11.8481,11.5228,11.7197,1480500
2009-07-31,11.7197,11.8053,11.5142,11.694,2420400
2009-08-03,11.7625,11.8567,11.5742,11.831,2035200
2009-08-04,11.8481,12.1734,11.7882,12.0793,2140000
2009-08-05,12.1135,12.182,11.7968,12.045,1704400
2009-08-06,12.1049,12.2162,11.8909,12.0193,1629200
2009-08-07,12.1392,12.2419,11.9851,12.0279,1893800
2009-08-10,11.908,12.1306,11.8738,12.1306,1420000
2009-08-11,12.0707,12.0707,11.831,11.9252,1708300
2009-08-12,11.8738,12.1991,11.8652,12.1049,1630700
2009-08-13,12.0707,12.2933,11.8909,12.2762,2921400
2009-08-14,12.2505,12.5672,12.1649,12.4645,3309000
2009-08-17,12.2248,12.4131,12.1905,12.3275,2233300
2009-08-18,12.3361,12.6271,11.8738,11.9423,2937400
2009-08-19,11.8481,11.9337,11.7197,11.8824,2892900
2009-08-20,11.8738,12.1991,11.8053,12.1734,2215100
2009-08-21,12.2762,12.7128,12.1477,12.6871,2211100
2009-08-24,12.7812,12.824,12.6785,12.7984,2237700
2009-08-25,12.7556,12.9525,12.7384,12.8412,2825100
2009-08-26,12.8412,13.0124,12.7812,12.8669,2209400
2009-08-27,12.7727,12.8155,12.4731,12.6785,1597300
2009-08-28,12.7299,12.961,12.6785,12.9353,2021900
2009-08-31,12.8412,12.9097,12.6528,12.6614,1305300
2009-09-01,12.5929,12.9268,12.319,12.3874,2033500
2009-09-02,12.3789,12.6528,12.2933,12.5672,1828900
2009-09-03,12.5672,12.8754,12.4388,12.8412,2871400
2009-09-04,12.8412,13.0638,12.7384,13.0552,2384900
2009-09-08,13.1237,13.2949,13.0038,13.1322,2667700
2009-09-09,13.175,13.2778,12.8754,12.9268,3308700
2009-09-10,12.8069,12.9439,12.6015,12.8497,3810800
2009-09-11,12.884,12.9439,12.7213,12.7812,1232200
2009-09-14,12.7812,13.0209,12.5843,12.9781,1744500
2009-09-15,13.0124,13.1665,12.9353,13.0295,2954600
2009-09-16,13.098,13.5603,12.9696,13.5004,2633300
2009-09-17,13.5089,13.6202,13.2949,13.3463,1491800
2009-09-18,13.4661,13.5089,13.1922,13.312,1460400
2009-09-21,13.1836,13.2778,13.0809,13.1922,1188200
2009-09-22,13.2863,13.5603,13.1322,13.4661,2366900
2009-09-23,13.4918,13.663,13.4147,13.449,1753400
2009-09-24,13.4747,13.6116,13.1408,13.2435,1740800
2009-09-25,13.2435,13.3035,13.0894,13.098,2513300
2009-09-28,13.175,13.4233,13.0552,13.2606,2099400
2009-09-29,13.2949,13.4404,13.1066,13.1408,3070500
2009-09-30,13.1665,13.2435,12.6443,12.9696,5714800
2009-10-01,13.4404,13.8599,13.0124,13.6716,11924700
2009-10-02,13.5432,13.6031,13.2863,13.5004,3359700
2009-10-05,13.526,13.6116,13.2949,13.586,2647000
2009-10-06,13.586,14.1167,13.5004,13.8685,3015300
2009-10-07,13.877,13.9198,13.5431,13.7486,3618300
2009-10-08,13.8342,13.9198,13.6459,13.8685,2736600
2009-10-09,13.8685,14.0739,13.7315,14.0568,2326300
2009-10-12,14.014,14.3907,13.8685,14.1938,2002400
2009-10-13,14.2023,14.3907,14.1253,14.3051,2491400
2009-10-14,14.4592,14.502,14.1852,14.2794,1841200
2009-10-15,14.2109,14.5191,14.1681,14.4848,1912600
2009-10-16,14.4335,14.4763,14.0825,14.0825,2802100
2009-10-19,14.091,14.4763,14.091,14.3393,1704400
2009-10-20,14.4249,14.5191,14.2451,14.3307,2124300
2009-10-21,14.2879,14.5533,14.0568,14.0654,2096900
2009-10-22,14.0654,14.1681,13.8257,14.151,2335800
2009-10-23,14.1424,14.2451,13.8856,13.9113,1721800
2009-10-26,13.8856,14.2708,13.7315,13.8685,1509800
2009-10-27,13.9541,14.0996,13.8257,13.9541,1798900
2009-10-28,13.9712,14.0311,13.4661,13.4747,2393500
2009-10-29,13.6373,13.877,13.5175,13.8685,1391200
2009-10-30,13.8171,13.8685,13.5004,13.5432,2399400
2009-11-02,13.5517,13.7657,13.2606,13.3891,2490800
2009-11-03,13.2949,13.4832,13.1836,13.3976,2166400
2009-11-04,13.4575,13.6544,13.3377,13.3891,2009000
2009-11-05,13.4233,13.7743,13.4233,13.7657,1491400
2009-11-06,13.7144,13.9712,13.6288,13.7572,2054900
2009-11-09,13.8513,14.0482,13.8428,14.0226,1360800
2009-11-10,13.9969,14.1595,13.9883,14.0568,1113500
2009-11-11,14.0996,14.2879,14.0226,14.2708,1861700
2009-11-12,14.2195,14.3736,14.0397,14.1338,2423800
2009-11-13,14.1852,14.5105,14.1424,14.4848,2161900
2009-11-16,14.4763,14.7759,14.4677,14.6646,2226900
2009-11-17,14.6475,14.9129,14.6133,14.7673,1610900
2009-11-18,14.7331,14.8273,14.6132,14.7502,1438300
2009-11-19,14.716,14.7759,14.3307,14.5448,1159700
2009-11-20,14.579,14.6989,14.442,14.6304,2034500
2009-11-23,14.7588,15.0327,14.6475,14.8701,1264200
2009-11-24,14.793,14.9214,14.7588,14.853,1127600
2009-11-25,14.8786,14.9642,14.7845,14.9129,1011800
2009-11-27,14.6304,14.7245,14.4506,14.5448,838500
2009-11-30,14.5961,14.7588,14.4677,14.6475,1294000
2009-12-01,14.8102,14.9471,14.7331,14.7673,1501800
2009-12-02,14.0739,14.3821,13.7914,14.3564,5953800
2009-12-03,14.3907,14.3907,14.0825,14.151,2312900
2009-12-04,14.3051,14.5276,14.2451,14.3307,1841900
2009-12-07,14.2879,14.4592,14.0996,14.2023,1742600
2009-12-08,14.1253,14.1424,13.7743,13.8428,2019000
2009-12-09,13.8342,13.8599,13.5432,13.6801,1621400
2009-12-10,13.7058,13.8342,13.4319,13.5346,2297100
2009-12-11,13.5517,13.7058,13.5175,13.6801,1559800
2009-12-14,13.8257,13.8257,13.7058,13.7657,1558100
2009-12-15,13.7486,13.877,13.7486,13.8428,1045800
2009-12-16,13.4062,13.526,12.8583,12.9353,6265500
2009-12-17,12.9097,12.9867,12.7641,12.9439,3185300
2009-12-18,12.9525,13.2007,12.9353,13.1408,4575700
2009-12-21,13.2264,13.2863,13.0894,13.2521,2195600
2009-12-22,13.3035,13.5089,13.1665,13.4747,1654600
2009-12-23,13.5603,13.586,13.3634,13.5004,1009300
2009-12-24,13.5089,13.6373,13.5003,13.6288,349500
2009-12-28,13.5945,13.7401,13.5774,13.7401,730900
2009-12-29,13.7315,13.8,13.6716,13.6716,888100
2009-12-30,13.6887,13.7058,13.5517,13.6887,626300
2009-12-31,13.6801,13.7657,13.6288,13.6373,843400
2010-01-04,13.7144,13.8428,13.6031,13.8,1418700
2010-01-05,13.7657,13.8085,13.5774,13.6288,2431600
2010-01-06,13.6459,13.8428,13.4575,13.8085,2836900
2010-01-07,13.3548,13.8685,12.9268,13.6716,3870700
2010-01-08,13.5945,13.5945,13.312,13.4062,2100300
2010-01-11,13.4062,13.526,13.2949,13.4319,1536000
2010-01-12,13.3805,13.4832,13.2863,13.3976,1762900
2010-01-13,13.3891,13.6972,13.3634,13.6202,1518800
2010-01-14,13.6801,14.1082,13.6801,13.9798,2467000
2010-01-15,14.014,14.1681,13.9455,14.0482,2384700
2010-01-19,14.0226,14.4164,14.0226,14.3992,2334600
2010-01-20,14.2623,14.4164,14.1595,14.4078,2655400
2010-01-21,14.3136,14.5876,14.3136,14.3735,2402300
2010-01-22,14.3992,14.4249,14.1253,14.2195,2110100
2010-01-25,14.3821,14.3821,14.091,14.2195,1274300
2010-01-26,14.0996,14.228,14.0482,14.0568,1001200
2010-01-27,14.0397,14.1082,13.7486,13.9883,1120600
2010-01-28,14.0482,14.0825,13.7829,13.8428,734700
2010-01-29,13.8941,13.9284,13.7229,13.7657,1461400
2010-02-01,13.8513,13.9455,13.7572,13.8941,991900
2010-02-02,13.937,14.0568,13.8,14.0311,829100
2010-02-03,14.0054,14.0568,13.8599,13.9626,685200
2010-02-04,13.8342,13.8685,13.1922,13.2264,1993900
2010-02-05,13.1836,13.2778,12.7984,13.1237,3211500
2010-02-08,13.1579,13.1579,12.7299,12.7812,2205700
2010-02-09,12.9867,13.1237,12.8069,13.0124,1509800
2010-02-10,12.9867,13.0466,12.7641,12.9525,1615800
2010-02-11,12.9953,13.2949,12.9097,13.2606,1351500
2010-02-12,13.1665,13.3463,13.0809,13.1494,1974200
2010-02-16,13.2093,13.3634,13.1579,13.3634,839500
2010-02-17,13.3976,13.5603,13.312,13.4233,1360400
2010-02-18,13.3634,13.526,13.3206,13.3463,1448000
2010-02-19,13.2521,13.3805,13.1237,13.3548,1589900
2010-02-22,13.3634,13.4233,13.2435,13.2949,958400
2010-02-23,13.235,13.235,12.8668,13.0295,2240000
2010-02-24,13.0466,13.0552,12.8069,12.8583,2710900
2010-02-25,12.7128,12.7641,12.4987,12.6956,4360100
2010-02-26,12.7556,12.9182,12.6956,12.8754,1611600
2010-03-01,12.9696,13.0637,12.8925,13.0637,1071100
2010-03-02,13.0894,13.2863,13.0209,13.2435,1365000
2010-03-03,13.2264,13.4062,13.2007,13.2093,1498400
2010-03-04,13.175,13.3463,13.1494,13.3291,1096800
2010-03-05,13.3976,13.5688,13.3377,13.5346,1118700
2010-03-08,13.5432,13.5517,13.4147,13.5089,1596600
2010-03-09,13.449,13.6288,13.4147,13.5346,1815500
2010-03-10,13.5517,13.5945,13.3035,13.3719,1849300
2010-03-11,13.312,13.5517,13.3035,13.5517,1099400
2010-03-12,13.5517,13.8171,13.5517,13.7914,1627100
2010-03-15,13.7486,13.8941,13.663,13.8085,1076600
2010-03-16,13.7914,13.8941,13.6887,13.8428,822600
2010-03-17,13.8513,13.9369,13.7743,13.9027,828400
2010-03-18,13.7229,13.9541,13.7229,13.8599,1519200
2010-03-19,13.6972,13.9626,13.663,13.6972,1731400
2010-03-22,13.6202,13.8257,13.5688,13.7914,1286400
2010-03-23,13.7657,14.0311,13.7229,14.014,1070200
2010-03-24,13.9369,14.0226,13.8085,13.8856,1045000
2010-03-25,13.9969,14.0311,13.8342,13.8513,1196500
2010-03-26,13.8685,13.8941,13.6972,13.7058,1117000
2010-03-29,13.7486,13.9969,13.7401,13.9626,987200
2010-03-30,14.0054,14.1852,14.0054,14.0568,957300
2010-03-31,14.0311,14.1767,13.937,14.0739,1369700
2010-04-01,14.1338,14.2109,13.9798,14.1253,1212600
2010-04-05,14.1338,14.3136,14.0654,14.2708,823200
2010-04-06,14.3307,14.5619,14.2109,14.5533,1490000
2010-04-07,14.4677,14.6561,14.4078,14.4164,1657700
2010-04-08,14.4249,14.5533,14.3564,14.4249,2216200
2010-04-09,13.6801,14.1595,13.6544,14.0654,4917600
2010-04-12,14.0996,14.7502,13.937,14.6817,3923200
2010-04-13,14.6304,14.6817,14.4592,14.6133,2339200
2010-04-14,14.5961,14.7759,14.5276,14.7759,2021700
2010-04-15,14.7588,14.93,14.6817,14.793,1765300
2010-04-16,14.7245,14.8273,14.442,14.5704,2093000
2010-04-19,14.5705,15.1783,14.5276,15.0584,3283500
2010-04-20,15.1098,15.7946,15.0755,15.5892,4104700
2010-04-21,15.5378,15.7176,15.5121,15.6405,2681900
2010-04-22,15.4008,15.6748,15.2553,15.6748,2534500
2010-04-23,15.6063,15.8289,15.5806,15.7005,2101300
2010-04-26,15.6063,15.8118,15.6063,15.7604,2152200
2010-04-27,15.6748,15.8203,15.5207,15.5293,2286400
2010-04-28,15.6063,15.6662,15.418,15.5721,1956600
2010-04-29,15.6577,16.1542,15.6577,15.8802,2295700
2010-04-30,15.8374,15.9744,15.6405,15.6405,2045300
2010-05-03,15.7176,16.1199,15.7005,15.923,2147300
2010-05-04,15.7861,15.8717,15.6405,15.6748,2246300
2010-05-05,15.5378,15.8203,15.4436,15.5036,2293500
2010-05-06,15.4865,15.7005,14.3051,15.144,3906100
2010-05-07,15.1183,15.1697,14.2451,14.3051,6050600
2010-05-10,15.0584,15.144,14.6817,14.9043,4788100
2010-05-11,14.8187,15.0927,14.7673,14.9728,3575500
2010-05-12,15.5464,15.6833,15.3324,15.5036,2442600
2010-05-13,15.5121,15.7518,15.4351,15.4436,1786900
2010-05-14,15.3837,15.5378,15.2039,15.2382,3179700
2010-05-17,15.2382,15.5121,15.0841,15.2981,2564500
2010-05-18,15.418,15.6149,15.1868,15.1954,1850800
2010-05-19,15.1355,15.1783,14.7588,14.8615,3080000
2010-05-20,14.6646,14.6646,14.0311,14.0654,3884800
2010-05-21,13.7486,14.0226,13.5603,13.9541,5574500
2010-05-24,13.9027,14.1338,13.8428,13.9798,3091700
2010-05-25,13.6288,13.6887,13.2692,13.526,4569400
2010-05-26,13.6288,13.9798,13.6288,13.7657,3058300
2010-05-27,13.9798,14.3051,13.9712,14.2965,1801000
2010-05-28,14.2537,14.365,14.151,14.2623,1617700
2010-06-01,14.1082,14.151,13.8,13.8,2317800
2010-06-02,13.8257,14.0654,13.7914,14.0568,2308500
2010-06-03,14.0825,14.2023,13.9626,14.0825,1834000
2010-06-04,13.7743,13.9284,13.5175,13.5774,3053500
2010-06-07,13.5603,13.9455,13.4832,13.4832,3832900
2010-06-08,13.4404,13.7401,13.3976,13.6972,3180700
2010-06-09,13.7829,14.0397,13.6887,13.7315,1903500
2010-06-10,13.8941,14.0654,13.8513,14.0568,2071100
2010-06-11,14.2195,14.4506,13.9883,14.4335,2009500
2010-06-14,14.4677,14.6561,14.4677,14.502,1553700
2010-06-15,14.5704,14.579,14.3479,14.3735,2510200
2010-06-16,14.2451,14.3307,14.1767,14.2451,2048700
2010-06-17,14.2451,14.2451,13.9113,14.014,2525900
2010-06-18,13.9969,14.0825,13.9198,13.9541,2942300
2010-06-21,14.091,14.2366,13.9113,13.9712,1557900
2010-06-22,14.0568,14.1595,13.8685,13.8941,1851600
2010-06-23,13.877,13.9455,13.6031,13.8856,2492900
2010-06-24,13.8342,13.8941,13.6887,13.7486,1895200
2010-06-25,13.8,13.9027,13.6801,13.7058,3773500
2010-06-28,13.6716,13.8257,13.6202,13.6544,2011200
2010-06-29,13.5004,13.5004,13.1151,13.2093,3072800
2010-06-30,13.1237,13.5688,13.0723,13.3719,4561700
2010-07-01,13.3976,13.663,12.8155,13.312,5307200
2010-07-02,13.3291,13.449,13.0638,13.175,2555400
2010-07-06,13.312,13.5003,13.1665,13.3548,3170900
2010-07-07,13.3206,13.7486,13.3206,13.7315,2155800
2010-07-08,13.8085,13.8941,13.5432,13.7401,1970000
2010-07-09,13.7572,13.7572,13.5945,13.7572,1495300
2010-07-12,13.7058,13.8257,13.6716,13.7572,887500
2010-07-13,13.8685,14.0397,13.8257,14.0054,1450100
2010-07-14,13.9541,14.0739,13.877,14.014,963900
2010-07-15,13.9883,14.1424,13.8257,14.0996,1518000
2010-07-16,14.0311,14.0825,13.8685,13.9883,2399500
2010-07-19,14.0397,14.1424,13.9541,14.1424,2163300
2010-07-20,13.9712,14.3307,13.9455,14.3222,1495900
2010-07-21,14.3992,14.3992,14.014,14.151,1428800
2010-07-22,14.3136,14.4763,14.2366,14.442,1208700
2010-07-23,14.4335,14.6047,14.3821,14.6047,1082100
2010-07-26,14.5961,14.7417,14.5105,14.7331,1617600
2010-07-27,14.5276,14.8273,14.5276,14.8187,1456200
2010-07-28,14.8101,14.8101,14.5533,14.6218,899100
2010-07-29,14.6903,14.6989,14.3821,14.6133,1093100
2010-07-30,14.4506,14.6732,14.3393,14.6047,1222300
2010-08-02,14.7673,14.9214,14.7588,14.9129,1078800
2010-08-03,14.8273,14.9043,14.7074,14.8273,775300
2010-08-04,14.8358,15.0327,14.8101,15.0242,1038100
2010-08-05,14.9642,14.9642,14.7331,14.8187,896100
2010-08-06,14.6903,14.7759,14.4592,14.7673,1054100
2010-08-09,14.7845,14.8786,14.7417,14.8701,846800
2010-08-10,14.7331,14.9129,14.6218,14.8615,748900
2010-08-11,14.6304,14.6475,14.4249,14.4677,914100
2010-08-12,14.3051,14.502,14.2195,14.4763,1037400
2010-08-13,14.3821,14.5191,14.2965,14.2965,828900
2010-08-16,14.228,14.228,14.0397,14.1167,1141600
2010-08-17,14.1852,14.5276,14.1681,14.442,813500
2010-08-18,14.4506,14.4848,14.2451,14.4249,772000
2010-08-19,14.3307,14.365,14.1167,14.2794,1025900
2010-08-20,14.1595,14.3136,14.1082,14.2623,995500
2010-08-23,14.3307,14.3992,14.2195,14.2794,1003700
2010-08-24,14.1338,14.3136,14.0482,14.2195,1343400
2010-08-25,14.1681,14.3992,14.014,14.3393,1685600
2010-08-26,14.4078,14.502,14.1852,14.2794,1671800
2010-08-27,14.3307,14.442,14.1595,14.4164,1031600
2010-08-30,14.4163,14.7759,14.1681,14.1681,841800
2010-08-31,14.1253,14.2794,13.877,14.2623,2074300
2010-09-01,14.4249,14.6218,14.2451,14.5191,1270700
2010-09-02,14.5276,14.7673,14.3222,14.7673,2028300
2010-09-03,14.8786,14.9728,14.7074,14.9043,1316400
2010-09-07,14.8358,14.8358,14.5276,14.6903,1577500
2010-09-08,14.7417,14.7502,14.5276,14.5276,1385500
2010-09-09,14.6903,14.6903,14.4078,14.5961,1381800
2010-09-10,14.6218,14.6646,14.4763,14.6218,847300
2010-09-13,14.7331,14.8615,14.6989,14.7502,955800
2010-09-14,14.7245,15.007,14.6903,14.9728,1126600
2010-09-15,14.9214,15.1697,14.8615,15.1526,1454800
2010-09-16,15.1098,15.2467,14.9386,15.1783,1333900
2010-09-17,15.2125,15.4094,15.1868,15.3752,4335000
2010-09-20,15.3752,15.6149,15.2896,15.6149,1530900
2010-09-21,15.5721,15.6577,15.495,15.5378,1634700
2010-09-22,15.5036,15.5721,15.4008,15.5036,1139000
2010-09-23,15.3409,15.4779,15.2039,15.2639,1224400
2010-09-24,15.4265,15.6491,15.4265,15.5036,1747500
2010-09-27,15.5121,15.5549,15.3752,15.3837,1107500
2010-09-28,15.4094,15.418,15.1611,15.2724,1673400
2010-09-29,15.2467,15.3238,15.1611,15.2125,1172300
2010-09-30,15.2553,15.3666,15.0584,15.144,1142600
2010-10-01,15.2211,15.2896,15.1269,15.2125,1566200
2010-10-04,15.1611,15.281,15.067,15.1183,1540500
2010-10-05,15.1868,15.281,15.0841,15.2039,1853400
2010-10-06,14.853,16.0172,14.853,15.8546,4606800
2010-10-07,15.9487,16.1799,15.9059,15.9744,2026700
2010-10-08,15.983,16.0429,15.8974,16.0172,1423300
2010-10-11,16.0001,16.411,15.9573,16.3597,1673100
2010-10-12,16.1799,16.2912,15.7347,16.274,1768600
2010-10-13,16.3254,16.4709,16.274,16.334,1713300
2010-10-14,16.3083,16.4025,16.197,16.2826,1210400
2010-10-15,16.3083,16.411,16.197,16.2826,964100
2010-10-18,16.2569,16.6165,16.0515,16.6165,1987000
2010-10-19,16.411,16.4966,16.274,16.3254,2142900
2010-10-20,16.3768,16.6422,16.274,16.5309,1220400
2010-10-21,16.5822,16.7278,16.4881,16.548,1699800
2010-10-22,16.548,16.5822,16.4196,16.5137,1002500
2010-10-25,16.6336,16.8733,16.5993,16.6935,2037000
2010-10-26,16.5908,16.7192,16.4709,16.5651,1729400
2010-10-27,16.4367,16.4453,16.1371,16.2312,1570900
2010-10-28,16.3425,16.548,16.1542,16.2997,1411000
2010-10-29,16.3254,16.9846,16.3254,16.8904,4080600
2010-11-01,16.8476,16.9675,16.6935,16.8219,2218500
2010-11-02,16.976,16.9846,16.7021,16.7106,1884900
2010-11-03,16.7534,16.8305,16.5822,16.7192,1333400
2010-11-04,16.839,17.0959,16.7192,17.0787,2135500
2010-11-05,16.976,17.1901,16.9503,17.1815,1908100
2010-11-08,17.0274,17.2072,16.976,17.1558,1424700
2010-11-09,17.1301,17.1986,17.0017,17.036,1520300
2010-11-10,17.0188,17.036,16.8391,17.0274,1494100
2010-11-11,16.9332,17.2671,16.9075,17.2585,1328100
2010-11-12,17.1216,17.1301,16.7534,16.9932,2231300
2010-11-15,17.0103,17.4811,17.0103,17.3869,2008900
2010-11-16,17.327,17.4212,16.8134,16.8219,2290200
2010-11-17,16.8391,17.1815,16.8391,17.0188,1999900
2010-11-18,17.2757,17.9091,17.2671,17.7893,2159600
2010-11-19,17.7722,17.952,17.7123,17.7551,1413000
2010-11-22,17.7122,17.815,17.6181,17.7722,1429700
2010-11-23,17.6352,17.6695,17.4897,17.5924,1144800
2010-11-24,17.6609,17.9862,17.6609,17.9862,950100
2010-11-26,17.8235,17.8407,17.6694,17.7465,440400
2010-11-29,17.5924,17.815,17.4897,17.7465,1767400
2010-11-30,17.5496,17.7551,17.4469,17.6438,1626700
2010-12-01,17.8663,18.0718,17.8407,18.0461,1007600
2010-12-02,17.9862,18.3372,17.9605,18.243,1631200
2010-12-03,18.2002,18.7567,18.2002,18.6625,2151200
2010-12-06,18.5769,18.6882,18.457,18.5341,1572300
2010-12-07,18.6539,18.7139,18.3286,18.4057,1656000
2010-12-08,18.3971,18.5683,18.2944,18.38,1594200
2010-12-09,18.4913,18.5255,18.3714,18.457,993100
2010-12-10,18.4742,18.5255,18.3372,18.3714,1555500
2010-12-13,18.5255,18.5855,18.2601,18.2773,1235200
2010-12-14,18.2687,18.5341,18.2088,18.4314,2358900
2010-12-15,18.3457,18.8508,18.3457,18.7823,1580800
2010-12-16,18.7738,19.1933,18.6882,19.1248,1611400
2010-12-17,19.1333,19.1676,18.9536,18.9621,1426600
2010-12-20,18.9621,19.0563,18.6711,18.7652,2120500
2010-12-21,18.8594,18.9621,18.7395,18.8166,1525100
2010-12-22,18.8594,18.9707,18.808,18.8166,1450000
2010-12-23,18.7567,19.2018,18.7567,19.0991,1172200
2010-12-27,19.0306,19.2789,18.9364,19.1761,890300
2010-12-28,19.1761,19.2532,18.9364,18.9964,709700
2010-12-29,19.0049,19.2018,18.9621,18.9878,967100
2010-12-30,19.0049,19.0563,18.7652,18.7823,856000
2010-12-31,18.7824,19.1077,18.7652,18.9621,825900
2011-01-03,18.9878,18.9878,18.3886,18.4998,2390100
2011-01-04,18.5512,18.5512,18.1232,18.38,2154300
2011-01-05,18.3286,18.4913,18.2173,18.4742,2264100
2011-01-06,17.9348,18.3201,16.9332,16.9846,8192400
2011-01-07,16.7106,17.2414,16.5309,16.685,4205300
2011-01-10,16.7706,17.0188,16.6764,16.7106,2403100
2011-01-11,16.8048,16.8391,16.4367,16.4624,2569600
2011-01-12,16.5651,16.5822,16.3682,16.5394,2945700
2011-01-13,16.5223,16.6165,16.4709,16.5651,1760900
2011-01-14,16.5052,16.7363,16.4881,16.5394,1481900
2011-01-18,16.6079,16.6678,16.5565,16.5822,1488300
2011-01-19,16.6165,16.6678,16.3682,16.4538,2086900
2011-01-20,16.4538,16.5223,16.3596,16.3853,1591500
2011-01-21,16.5394,16.5994,16.2141,16.2655,1402200
2011-01-24,16.2826,16.3939,16.2398,16.3853,1831900
2011-01-25,16.3768,16.3939,16.1371,16.197,1646300
2011-01-26,16.274,16.5052,16.1285,16.4795,1846700
2011-01-27,16.4453,16.7534,16.3768,16.6764,2355900
2011-01-28,16.6507,16.6507,16.274,16.3853,2241900
2011-01-31,16.4966,16.5309,16.3682,16.4538,1670400
2011-02-01,16.5223,16.685,16.4624,16.6336,1547000
2011-02-02,16.5394,16.7877,16.5137,16.5565,1216400
2011-02-03,16.5651,16.8733,16.5137,16.8562,1069100
2011-02-04,16.7449,16.9589,16.6422,16.9161,1459100
2011-02-07,16.9247,17.25,16.9161,17.0959,1281600
2011-02-08,17.113,17.1644,16.9075,17.0959,1162900
2011-02-09,17.036,17.0873,16.8733,17.0873,1184200
2011-02-10,16.9675,17.19,16.7877,17.1644,1851400
2011-02-11,17.0103,17.2585,16.9846,17.2243,1414300
2011-02-14,17.25,17.4554,17.1472,17.4469,1666500
2011-02-15,17.4126,17.5496,17.2928,17.4469,1189400
2011-02-16,17.541,17.7123,17.4982,17.6523,1134300
2011-02-17,17.6438,18.0376,17.6352,18.029,1736900
2011-02-18,17.9948,18.0632,17.8663,17.9348,1518000
2011-02-22,17.8321,17.892,17.2157,17.2414,2844000
2011-02-23,17.2328,17.6866,17.1815,17.464,1709500
2011-02-24,17.4212,17.5239,17.0702,17.2157,1462900
2011-02-25,17.3185,17.4297,17.1986,17.4126,884200
2011-02-28,17.4982,17.4982,17.1387,17.3955,1338400
2011-03-01,17.4726,17.4897,16.9589,16.9846,1405000
2011-03-02,16.9846,17.0702,16.7192,16.8048,1580200
2011-03-03,16.9589,17.2243,16.9247,17.113,2233400
2011-03-04,17.0873,17.1472,16.685,17.0103,1090800
2011-03-07,17.0274,17.1558,16.7363,16.8476,1281100
2011-03-08,16.899,17.1815,16.8562,17.1044,1290400
2011-03-09,17.0959,17.2329,16.9332,17.1815,1774100
2011-03-10,17.0531,17.0702,16.6336,16.6507,1522200
2011-03-11,16.5309,16.7021,16.4881,16.5737,2359300
2011-03-14,16.4453,16.5052,16.1028,16.2912,2012200
2011-03-15,15.9915,16.06,15.5292,15.923,3117800
2011-03-16,15.8802,15.9573,15.5293,15.5293,2303500
2011-03-17,15.8118,15.8717,15.5977,15.6405,1728700
2011-03-18,15.846,15.8631,15.5121,15.7262,2799100
2011-03-21,15.9145,15.983,15.7946,15.8546,2737700
2011-03-22,15.8974,16.0771,15.8118,15.9316,3738100
2011-03-23,15.9316,16.2569,15.8802,16.2056,2378100
2011-03-24,16.2398,16.3682,16.2141,16.3254,1560700
2011-03-25,16.3254,16.7192,16.2912,16.625,1795300
2011-03-28,16.6165,16.6422,16.4624,16.4709,1398100
2011-03-29,16.4795,16.5565,16.3425,16.5223,1532400
2011-03-30,16.5994,16.9503,16.5566,16.9418,1407600
2011-03-31,16.8219,17.4126,16.7877,17.3613,2385000
2011-04-01,17.464,17.6694,17.3784,17.5496,2917600
2011-04-04,17.5496,17.6695,17.5325,17.6523,1649100
2011-04-05,17.5838,17.7979,17.5239,17.6352,1917800
2011-04-06,17.6523,17.7208,17.2928,17.4469,2997800
2011-04-07,17.9348,18.6967,17.7123,18.6539,6948800
2011-04-08,18.731,18.8251,18.4057,18.4314,3372600
2011-04-11,18.457,18.8337,18.38,18.4228,2418100
2011-04-12,18.3714,18.6711,18.3115,18.4913,1878700
2011-04-13,18.5341,18.7481,18.457,18.5084,2443400
2011-04-14,18.3115,18.8252,18.3115,18.6967,1942800
2011-04-15,18.731,18.8851,18.4742,18.8594,2464900
2011-04-18,18.6283,18.9621,18.5427,18.8936,2049500
2011-04-19,18.8851,19.3902,18.8851,19.3474,3312100
2011-04-20,19.5871,19.5956,19.1162,19.1761,2261500
2011-04-21,19.1933,19.2703,18.9707,19.0306,1575400
2011-04-25,18.9279,19.1505,18.868,18.9793,1712400
2011-04-26,19.0049,19.4758,18.8851,19.3131,2100000
2011-04-27,19.3559,19.5614,19.3559,19.51,1357400
2011-04-28,19.4501,19.5357,19.1847,19.2018,2150100
2011-04-29,19.2532,19.2532,19.0392,19.1676,2333300
2011-05-02,19.2532,19.3816,19.1761,19.3559,1680100
2011-05-03,19.2618,19.5956,19.2446,19.5528,2153500
2011-05-04,19.5357,19.6042,19.2104,19.3559,1620700
2011-05-05,19.2532,19.3559,19.0734,19.0991,1444300
2011-05-06,19.3474,19.4244,19.0135,19.1248,1663200
2011-05-09,19.0905,19.2018,19.0477,19.1162,1184700
2011-05-10,19.1676,19.5528,19.1505,19.4929,999300
2011-05-11,19.4159,19.5271,19.082,19.1761,1247500
2011-05-12,19.159,19.6898,19.0392,19.6641,2039500
2011-05-13,19.6384,19.8524,19.3559,19.4415,1583300
2011-05-16,19.3474,19.5271,19.2874,19.2874,1333100
2011-05-17,19.2361,19.5443,19.1505,19.5015,1681000
2011-05-18,19.4158,19.6213,19.3131,19.4415,1392600
2011-05-19,19.4672,19.4758,18.9964,19.1333,2540600
2011-05-20,19.0734,19.0734,18.594,18.7053,1887600
2011-05-23,18.457,18.6711,18.3543,18.6625,1252200
2011-05-24,18.6625,18.7224,18.517,18.594,1427600
2011-05-25,18.5854,18.7567,18.4485,18.7053,1933300
2011-05-26,18.5855,18.6283,18.303,18.4057,1744700
2011-05-27,18.4656,18.6625,18.457,18.5598,1347300
2011-05-31,18.6454,18.7995,18.3714,18.7995,2474700
2011-06-01,18.6368,18.7823,18.4742,18.5598,2212600
2011-06-02,18.4827,18.5255,18.1317,18.1831,1297800
2011-06-03,17.952,18.0204,17.815,17.8749,1789100
2011-06-06,18.1831,18.2944,17.8663,17.8663,1418800
2011-06-07,18.3886,18.4142,18.0632,18.166,2081300
2011-06-08,18.1061,18.2002,17.9948,18.1232,1811800
2011-06-09,18.2173,18.3458,18.0119,18.2088,1626800
2011-06-10,18.1232,18.2173,17.952,17.9776,1496000
2011-06-13,18.0461,18.2173,17.8835,18.1232,1433000
2011-06-14,18.2858,18.5427,18.2088,18.4742,2084500
2011-06-15,18.3457,18.3457,17.9776,18.029,2327800
2011-06-16,18.0632,18.106,17.8235,18.0718,2059100
2011-06-17,18.1831,18.3372,18.0461,18.0889,2368600
2011-06-20,18.0119,18.2002,17.9862,18.1488,1607900
2011-06-21,18.2601,18.5426,18.2601,18.5084,2247900
2011-06-22,18.4228,18.5683,18.4057,18.4314,1988500
2011-06-23,18.1917,18.2516,17.8492,18.029,2225000
2011-06-24,18.0376,18.1317,17.7979,17.8235,1211700
2011-06-27,17.8064,17.8835,17.7551,17.7893,2050400
2011-06-28,17.8578,17.9006,17.7379,17.8064,2513400
2011-06-29,17.8835,18.0204,17.7379,17.952,3234700
2011-06-30,18.1061,18.1403,17.601,17.8235,2946900
2011-07-01,17.815,18.7139,17.7807,18.6711,2945600
2011-07-05,18.6796,18.8337,18.5769,18.6711,2159800
2011-07-06,18.6796,18.7224,18.4228,18.517,2031700
2011-07-07,18.7481,18.7909,18.5598,18.6283,2040300
2011-07-08,18.4057,18.4228,18.1403,18.3029,2224700
2011-07-11,18.0804,18.1917,17.7979,17.8321,1654300
2011-07-12,17.8235,17.9434,17.6352,17.6866,2510700
2011-07-13,17.7294,17.9177,17.6523,17.7294,2586800
2011-07-14,17.7294,17.9177,17.5753,17.6352,2354300
2011-07-15,17.7123,17.8492,17.5924,17.7636,1526600
2011-07-18,17.6438,17.6695,17.3099,17.3955,1918000
2011-07-19,17.4811,17.9948,17.4725,17.9263,1728500
2011-07-20,17.9263,17.9776,17.7294,17.8407,1266500
2011-07-21,17.9691,18.3971,17.952,18.3886,1784600
2011-07-22,18.3714,18.5084,18.2858,18.3714,1508300
2011-07-25,18.1403,18.3543,18.1232,18.1488,1308300
2011-07-26,18.1831,18.2088,17.9348,17.9691,1132900
2011-07-27,17.8835,17.9177,17.4982,17.5582,2051700
2011-07-28,17.5582,17.6523,17.5153,17.5239,1616400
2011-07-29,17.3613,17.6523,17.2585,17.4554,1608800
2011-08-01,17.5582,17.5924,17.1644,17.2842,2003300
2011-08-02,17.1301,17.2585,16.7192,16.7363,2703800
2011-08-03,16.6593,16.7278,16.3511,16.6593,3190200
2011-08-04,16.4281,16.4795,15.5378,15.5378,4182100
2011-08-05,15.769,15.8032,15.2125,15.7005,4661900
2011-08-08,15.4265,15.5293,14.151,14.2366,5552000
2011-08-09,14.4335,15.5635,14.0568,15.5549,6264600
2011-08-10,15.2467,15.6405,14.9386,15.0927,5148100
2011-08-11,15.1355,16.0429,14.9814,15.8289,3692100
2011-08-12,15.9915,16.3168,15.8374,16.1542,2682600
2011-08-15,16.3083,16.5137,16.2484,16.4795,2110300
2011-08-16,16.5822,16.6593,16.2826,16.548,2336500
2011-08-17,16.6336,16.899,16.2912,16.411,1951700
2011-08-18,16.0258,16.3254,15.5806,16.2655,3501000
2011-08-19,16.0343,16.5309,16.0001,16.2312,2749700
2011-08-22,16.5908,16.5908,16.2227,16.3768,2016100
2011-08-23,16.4538,16.685,16.2912,16.5994,2356600
2011-08-24,16.5137,16.6507,16.2312,16.5223,1847600
2011-08-25,16.5566,16.6079,15.9659,16.0258,2102600
2011-08-26,15.9059,16.334,15.5121,16.3168,1872300
2011-08-29,16.5223,17.0103,16.4453,17.0103,1108800
2011-08-30,16.9161,17.19,16.7534,16.8904,2204500
2011-08-31,16.976,17.0702,16.7877,16.9247,1891700
2011-09-01,16.8476,16.9418,16.5137,16.5651,1863300
2011-09-02,16.2569,16.4624,16.2056,16.3853,1299100
2011-09-06,15.8546,16.1285,15.7347,16.0771,1955400
2011-09-07,16.2912,16.4966,16.1114,16.4966,1409200
2011-09-08,16.3939,16.411,15.9316,15.9573,1807800
2011-09-09,15.7861,15.9231,15.6234,15.7262,1579100
2011-09-12,15.5121,15.8888,15.4436,15.8631,1587700
2011-09-13,15.8631,16.0429,15.7518,15.9402,1551100
2011-09-14,16.0258,16.4881,15.7775,16.2997,1420400
2011-09-15,16.4196,16.4966,16.2826,16.4196,1861800
2011-09-16,16.4709,16.6593,16.3168,16.3853,2823700
2011-09-19,16.0943,16.1884,15.9316,16.0943,1716000
2011-09-20,16.1799,16.5223,16.0172,16.0172,1740200
2011-09-21,15.983,16.0258,15.4436,15.4436,1937600
2011-09-22,14.9814,15.3238,14.853,15.2296,2722300
2011-09-23,15.1868,15.3238,15.0327,15.0841,2625900
2011-09-26,15.2639,15.5806,15.0584,15.5549,2115200
2011-09-27,15.9402,16.1456,15.5635,15.6491,2479000
2011-09-28,15.709,15.7861,15.2553,15.2896,2805200
2011-09-29,15.5293,15.8203,15.4094,15.7433,2213800
2011-09-30,15.5635,15.709,15.1183,15.4094,2865100
2011-10-03,15.2382,15.5378,14.9899,15.0156,2681300
2011-10-04,14.8016,15.6748,14.5961,15.632,2700000
2011-10-05,15.6662,16.0343,15.6491,16.0258,2232600
2011-10-06,17.0017,17.8064,16.8904,17.464,5772000
2011-10-07,17.6266,17.9006,17.1387,17.4383,3856000
2011-10-10,17.7208,18.0033,17.6352,17.815,1821500
2011-10-11,17.7465,17.8407,17.5838,17.6523,1734800
2011-10-12,17.7379,17.7893,17.2842,17.327,3203400
2011-10-13,17.25,17.4212,17.1216,17.3784,2253000
2011-10-14,17.5924,17.5924,17.1644,17.3784,1683100
2011-10-17,17.2842,17.3441,16.9931,17.0787,2405900
2011-10-18,17.0274,17.6095,16.9503,17.327,2514100
2011-10-19,17.3441,17.4212,17.1472,17.2157,1727800
2011-10-20,17.1815,17.3356,17.0017,17.2072,1829200
2011-10-21,17.3184,17.4041,17.113,17.25,1361200
2011-10-24,17.3013,17.3527,17.0445,17.0702,1980400
2011-10-25,16.9932,17.1044,16.6935,16.9418,1888900
2011-10-26,17.1044,17.19,16.685,17.1644,4381400
2011-10-27,17.541,17.7722,17.2671,17.6095,2759800
2011-10-28,17.5239,17.7807,17.5239,17.6095,1613300
2011-10-31,17.3613,17.7465,17.3099,17.3099,2075700
2011-11-01,16.8219,17.0445,16.6336,16.8819,2334300
2011-11-02,17.1387,17.2157,16.6507,16.8219,3384600
2011-11-03,17.0103,17.1815,16.7706,17.1216,2095400
2011-11-04,17.0274,17.1815,16.8476,17.0702,1443800
2011-11-07,17.1301,17.327,17.0531,17.2842,1543400
2011-11-08,17.2928,17.601,17.19,17.4982,2690000
2011-11-09,17.1729,17.2928,16.8134,16.8562,1792000
2011-11-10,17.0873,17.0959,16.6422,16.8819,1476500
2011-11-11,17.0359,17.5239,16.976,17.5239,1351700
2011-11-14,17.4982,17.601,17.3013,17.4298,1517500
2011-11-15,17.4041,17.5239,17.2243,17.4126,1283000
2011-11-16,17.327,17.3356,16.9247,16.9418,1680800
2011-11-17,16.9675,17.0103,16.5651,16.6935,1794100
2011-11-18,16.7278,16.7534,16.4196,16.5651,1355300
2011-11-21,16.334,16.334,15.8631,16.0857,1830300
2011-11-22,16.0001,16.0857,15.6491,15.709,1731900
2011-11-23,15.5292,15.6662,15.4265,15.4265,1483800
2011-11-25,15.4094,15.5806,15.3666,15.3923,781900
2011-11-28,15.7775,15.8717,15.6405,15.7604,1954000
2011-11-29,15.7775,16.0686,15.7604,15.8717,1824700
2011-11-30,16.2912,16.685,16.2312,16.6678,2148400
2011-12-01,16.6079,16.6678,16.3597,16.411,1687700
2011-12-02,16.5309,16.5651,16.2227,16.3254,1531400
2011-12-05,16.5651,16.8391,16.4624,16.625,1452700
2011-12-06,16.5822,16.7449,16.4367,16.5908,1127500
2011-12-07,16.4966,16.625,16.411,16.5309,1637800
2011-12-08,16.4538,16.5822,16.3511,16.5309,2227500
2011-12-09,16.6079,17.0017,16.5137,16.9418,2330300
2011-12-12,16.7278,16.7791,16.6593,16.7363,1740500
2011-12-13,16.8048,16.899,16.5394,16.6336,2100900
2011-12-14,16.5822,16.6935,16.4709,16.5737,1708600
2011-12-15,16.7278,16.7962,16.5908,16.6935,1795900
2011-12-16,16.8134,17.0788,16.685,16.7192,2145800
2011-12-19,16.7363,16.9332,16.6422,16.7021,1156800
2011-12-20,16.9075,17.0445,16.7106,16.7192,2151200
2011-12-21,16.7877,17.4726,16.6935,17.464,1735500
2011-12-22,17.541,17.7722,17.464,17.6266,1550700
2011-12-23,17.6951,17.815,17.6695,17.7636,521500
2011-12-27,17.7807,17.9862,17.7551,17.9691,550400
2011-12-28,17.9434,17.9776,17.4811,17.5325,1065400
2011-12-29,17.541,17.7979,17.541,17.7037,572900
2011-12-30,17.755,17.892,17.6438,17.6951,610900
2012-01-03,17.9434,18.0033,17.7465,17.7465,1643500
2012-01-04,17.5068,17.8235,17.4725,17.4982,2571200
2012-01-05,16.7963,17.036,16.3853,16.8904,3075000
2012-01-06,16.976,17.036,16.7791,16.8305,1898700
2012-01-09,16.8048,17.25,16.6935,17.1301,1603200
2012-01-10,17.3356,17.7208,17.2928,17.7208,1825700
2012-01-11,17.6866,17.9948,17.6609,17.9605,1999900
2012-01-12,17.9434,18.1317,17.9177,17.9776,1235500
2012-01-13,17.8492,17.9605,17.6352,17.7208,1138000
2012-01-17,17.9177,18.0119,17.6694,17.6866,1223400
2012-01-18,17.6694,17.815,17.6181,17.7807,1508600
2012-01-19,17.8578,17.9948,17.7294,17.9948,1181100
2012-01-20,18.0033,18.0204,17.815,18.0033,926500
2012-01-23,18.0033,18.1146,17.9605,18.0461,915500
2012-01-24,17.9263,18.0204,17.7979,17.9263,1054400
2012-01-25,17.8749,18.166,17.6951,18.1061,1097900
2012-01-26,18.1745,18.1831,17.7807,17.9091,1302000
2012-01-27,17.8578,18.0119,17.7636,17.9091,1328500
2012-01-30,17.7636,17.8835,17.678,17.7893,858400
2012-01-31,17.8835,17.9605,17.6523,17.892,2549100
2012-02-01,18.0547,18.6539,18.0204,18.3029,2434700
2012-02-02,18.38,18.8252,18.3457,18.5598,2067600
2012-02-03,18.7053,18.8594,18.6283,18.7224,1414300
2012-02-06,18.6111,18.8252,18.594,18.6796,1594000
2012-02-07,18.6711,18.8337,18.6625,18.7395,1016400
2012-02-08,18.7224,18.808,18.457,18.517,1303000
2012-02-09,18.5255,18.6711,18.3971,18.5854,1310700
2012-02-10,18.4742,18.5341,18.2259,18.3629,969700
2012-02-13,18.5084,18.6454,18.4142,18.4827,1047900
2012-02-14,18.4913,18.594,18.3115,18.3714,1424400
2012-02-15,18.4913,18.5426,18.2516,18.38,1970600
2012-02-16,18.4142,18.8936,18.4057,18.8423,1643200
2012-02-17,18.9364,19.1248,18.8851,19.0221,1651100
2012-02-21,19.0135,19.0905,18.6882,18.6882,1696100
2012-02-22,18.6882,18.7909,18.6111,18.7053,1100700
2012-02-23,18.6796,18.7053,18.3286,18.4314,1505700
2012-02-24,18.4999,18.6026,18.4057,18.4656,1006300
2012-02-27,18.3629,18.5598,18.2088,18.3886,1628800
2012-02-28,18.457,18.7053,18.4399,18.5426,1306700
2012-02-29,18.6111,18.9621,18.5683,18.6967,1994000
2012-03-01,18.7738,19.4159,18.7652,19.2703,2766300
2012-03-02,19.2446,19.2874,19.0049,19.0306,1078400
2012-03-05,18.9878,19.1248,18.8252,19.0135,1041900
2012-03-06,18.868,18.9364,18.6026,18.6796,1155800
2012-03-07,18.7053,18.8252,18.5598,18.6882,954100
2012-03-08,18.8851,19.082,18.8508,19.0135,768200
2012-03-09,19.0563,19.2446,18.9964,19.1248,851700
2012-03-12,19.1333,19.4415,19.0991,19.3217,981200
2012-03-13,19.3559,19.5614,19.1419,19.5443,1207100
2012-03-14,19.51,19.5785,19.3559,19.3816,967700
2012-03-15,19.3559,19.4758,19.3131,19.4244,774600
2012-03-16,19.4415,19.5956,19.3645,19.4929,1318500
2012-03-19,19.4672,19.5443,19.4073,19.4501,791400
2012-03-20,19.296,19.4158,19.2104,19.3131,1080900
2012-03-21,19.3902,19.6042,19.159,19.5357,984300
2012-03-22,19.5015,20.0237,19.4244,20.0065,1977000
2012-03-23,20.075,20.212,19.9552,20.1435,1766000
2012-03-26,20.2634,20.426,20.1435,20.3575,1306200
2012-03-27,20.4175,20.4603,20.2034,20.349,1264000
2012-03-28,20.3319,20.3575,20.1093,20.3319,1132800
2012-03-29,20.1692,20.3062,19.9209,20.2206,1717200
2012-03-30,20.3575,20.4774,20.1264,20.1949,2317500
2012-04-02,20.1435,20.5716,20.1435,20.5031,2700200
2012-04-03,20.8455,21.2222,20.7171,20.9739,4658400
2012-04-04,20.8455,21.2907,20.7685,21.1366,5279100
2012-04-05,19.3987,19.6898,17.9605,18.4998,15637700
2012-04-09,18.2944,18.4485,17.9177,18.4485,4354600
2012-04-10,18.3372,18.4656,17.9605,18.1232,3813400
2012-04-11,18.2858,18.3458,18.0119,18.1574,2556900
2012-04-12,18.1831,18.5084,18.166,18.3971,2059500
2012-04-13,18.3629,18.6197,18.3629,18.4827,1717000
2012-04-16,18.5426,18.6283,18.3201,18.4142,2183700
2012-04-17,18.5255,18.6026,18.3971,18.4913,3022100
2012-04-18,18.38,18.4827,18.2259,18.2516,2602200
2012-04-19,18.2601,18.3971,18.0119,18.0632,3633400
2012-04-20,18.106,18.2687,18.0376,18.1831,3815300
2012-04-23,18.0033,18.243,17.9776,18.1745,2416900
2012-04-24,18.2173,18.4827,18.2173,18.3971,2079200
2012-04-25,18.4913,18.7738,18.457,18.6283,1934600
2012-04-26,18.5769,18.868,18.5769,18.7909,2852100
2012-04-27,18.8765,18.9108,18.6026,18.6368,3986300
2012-04-30,18.5683,18.5855,18.3543,18.4913,2499400
2012-05-01,18.4827,18.731,18.4228,18.5854,2152600
2012-05-02,18.5255,18.5255,18.3458,18.4057,3322600
2012-05-03,18.4485,18.6197,18.4485,18.4827,2592400
2012-05-04,18.3886,18.4142,17.7807,17.815,2687400
2012-05-07,17.7208,17.8663,17.6438,17.7465,2150300
2012-05-08,17.6523,17.6866,17.541,17.6266,2179500
2012-05-09,17.3955,17.5667,17.3099,17.3613,2692500
2012-05-10,17.4297,17.5667,17.2414,17.2671,2040800
2012-05-11,17.2157,17.2928,17.0616,17.0787,3147400
2012-05-14,16.8904,17.036,16.5052,16.5394,2672800
2012-05-15,16.5052,16.5822,16.2484,16.3168,4304100
2012-05-16,16.3425,16.4881,16.274,16.3853,3146200
2012-05-17,16.3682,16.4624,16.1371,16.1371,2732700
2012-05-18,16.0686,16.2912,16.0343,16.0857,1888700
2012-05-21,16.1371,16.3254,16.0001,16.274,1302400
2012-05-22,16.274,16.3853,15.9915,16.0686,2302000
2012-05-23,16.0001,16.2997,15.9231,16.2655,1816300
2012-05-24,16.274,16.4196,16.1884,16.3939,1437300
2012-05-25,16.4281,16.6935,16.4196,16.5565,1484900
2012-05-29,16.5737,16.7449,16.5651,16.7021,1143200
2012-05-30,16.5822,16.6764,16.5394,16.5737,1694500
2012-05-31,16.548,16.5737,16.3425,16.5137,2405900
2012-06-01,16.2484,16.2826,15.983,16.06,1919300
2012-06-04,16.0686,16.1456,15.8374,16.0001,1227000
2012-06-05,15.923,16.411,15.9145,16.3682,1578000
2012-06-06,16.4624,16.7363,16.4453,16.6678,1888000
2012-06-07,16.8476,16.8647,16.3425,16.3597,1737600
2012-06-08,16.3511,16.548,16.2655,16.3939,1660900
2012-06-11,16.5137,16.5908,16.0001,16.0172,2213500
2012-06-12,16.06,16.2826,16.0258,16.274,1747800
2012-06-13,16.2655,16.4453,16.1713,16.3597,1537300
2012-06-14,16.3939,16.7877,16.3682,16.762,1651300
2012-06-15,16.8305,16.899,16.7363,16.8305,1711600
2012-06-18,16.7363,16.9247,16.6593,16.8391,1205800
2012-06-19,16.9161,17.19,16.8476,17.0274,1301100
2012-06-20,16.9931,17.1301,16.8391,16.9846,1206400
2012-06-21,17.0959,17.113,16.6593,16.6935,1309000
2012-06-22,16.7363,16.8391,16.5052,16.5822,2077500
2012-06-25,17.5667,19.0135,17.3869,18.7139,16743000
2012-06-26,18.7139,19.296,18.517,18.9964,5914100
2012-06-27,18.9964,19.0306,18.594,18.6197,5389200
2012-06-28,18.6711,18.868,18.2944,18.6283,6283600
2012-06-29,22.3008,23.4908,21.7444,23.1655,14559000
2012-07-02,22.8915,24.8006,22.7289,24.6636,11361600
2012-07-03,24.3212,24.6465,23.9702,24.1842,4472500
2012-07-05,23.9188,24.6122,23.7819,24.4753,4666600
2012-07-06,24.2527,24.4753,24.0558,24.364,2510800
2012-07-09,24.3212,24.4838,23.6363,23.7305,5010800
2012-07-10,23.9188,24.1072,23.525,23.6877,3010400
2012-07-11,23.6706,23.8674,23.4993,23.6449,2007000
2012-07-12,23.2939,24.7663,23.2596,24.6037,4531500
2012-07-13,24.4581,25.2372,24.364,25.0745,4271200
2012-07-16,24.9204,25.1259,24.8091,24.929,2870600
2012-07-17,24.8862,25.1259,24.7492,24.9804,3804800
2012-07-18,24.9375,25.2372,24.7578,25.1259,2144600
2012-07-19,25.1259,25.1772,24.8006,24.9547,3083000
2012-07-20,24.7663,24.9119,24.227,24.3469,4425100
2012-07-23,24.2527,24.4667,24.0387,24.227,3037000
2012-07-24,24.3212,24.7407,24.1243,24.3554,2887200
2012-07-25,24.3383,24.3811,23.739,23.7647,3480300
2012-07-26,24.2013,24.6122,24.2013,24.578,1804200
2012-07-27,24.6893,25.1944,24.578,24.8434,1609900
2012-07-30,24.6722,24.6807,24.3725,24.5266,1800200
2012-07-31,24.3897,24.4667,24.0986,24.15,1914100
2012-08-01,24.3725,24.9975,24.3725,24.8776,2213100
2012-08-02,24.5951,25.28,24.5951,24.8947,2533700
2012-08-03,25.1773,25.6738,25.0574,25.6139,3186300
2012-08-06,25.6652,25.6823,25.5197,25.6053,1653000
2012-08-07,25.5539,25.6481,25.3228,25.3998,1907100
2012-08-08,25.2286,25.7594,25.1173,25.5026,2130500
2012-08-09,25.3485,25.631,25.066,25.5539,1709600
2012-08-10,25.28,25.6395,25.0916,25.631,1212300
2012-08-13,25.6139,25.6395,25.3741,25.4683,1320000
2012-08-14,25.5282,26.5384,25.5282,26.2645,5263700
2012-08-15,26.3501,27.6085,26.3073,27.0949,5298200
2012-08-16,27.0521,27.3774,26.898,27.3346,2957200
2012-08-17,27.4715,27.9081,27.463,27.8225,2739900
2012-08-20,27.7626,27.7626,26.9665,27.3603,3608200
2012-08-21,27.3688,27.8739,27.2318,27.5657,2265300
2012-08-22,27.4887,27.6256,27.3859,27.5914,1623100
2012-08-23,27.4801,27.6941,27.326,27.6342,1794600
2012-08-24,27.5058,28.0879,27.4202,28.0109,2021500
2012-08-27,27.9595,28.0537,27.7027,27.7797,1808700
2012-08-28,27.7369,27.9424,27.5743,27.7712,2242500
2012-08-29,27.6428,28.2677,27.6428,28.1222,2718100
2012-08-30,27.9681,28.1735,27.8825,28.0965,1878900
2012-08-31,28.2506,28.4475,28.0023,28.1992,2307200
2012-09-04,28.2848,28.5416,28.0622,28.4389,2726200
2012-09-05,28.4817,28.6872,28.3704,28.3875,2765100
2012-09-06,28.6016,29.2779,28.6016,29.158,2241500
2012-09-07,29.1494,29.2779,28.7214,28.807,1735500
2012-09-10,28.4646,28.6272,27.9766,28.0451,2761300
2012-09-11,28.1478,28.1992,27.9852,28.0794,2259100
2012-09-12,28.1136,28.2677,27.7969,27.814,2458400
2012-09-13,27.7369,28.1564,27.4715,28.0451,3535800
2012-09-14,28.0965,28.4646,27.5143,27.5571,3053300
2012-09-17,27.54,28.1992,27.3859,28.1992,2708600
2012-09-18,28.1222,28.4047,27.9424,28.0794,1448300
2012-09-19,28.1735,28.6358,27.9424,28.3875,1838000
2012-09-20,28.3276,29.2436,28.2934,28.8755,2732100
2012-09-21,28.9611,29.158,28.4646,28.4732,2884900
2012-09-24,28.2763,28.5074,27.9424,28.1307,1769900
2012-09-25,28.2591,28.3447,27.5058,27.54,2220000
2012-09-26,27.6684,27.8482,27.4459,27.5486,2027100
2012-09-27,27.5657,27.9595,27.4715,27.9081,1093100
2012-09-28,27.7284,27.7797,27.4459,27.6941,2369700
2012-10-01,27.8825,28.0366,27.6,27.9681,2634600
2012-10-02,28.1735,28.7899,28.1222,28.6016,2585000
2012-10-03,29.1152,29.6631,28.8755,29.3635,5959100
2012-10-04,29.4833,29.9028,29.1066,29.723,3752900
2012-10-05,30.2623,31.2468,30.0055,30.99,4604500
2012-10-08,31.127,31.2468,30.8102,31.1184,2259000
2012-10-09,31.0756,31.1955,29.6545,29.7744,6439400
2012-10-10,30.1853,30.7931,30.0055,30.2367,6646900
2012-10-11,30.3993,30.6733,30.1339,30.1339,3523700
2012-10-12,30.2795,30.3394,29.646,29.9627,4271900
2012-10-15,29.9456,30.4678,29.9028,30.4421,2304800
2012-10-16,30.6733,30.776,30.3736,30.6305,1763400
2012-10-17,30.7418,31.6578,30.6219,31.6064,3579200
2012-10-18,31.5208,31.5465,30.8616,31.0756,1971300
2012-10-19,30.9986,31.0072,30.211,30.5192,1671300
2012-10-22,30.4507,30.6647,30.1083,30.425,1482300
2012-10-23,30.0483,30.3137,29.8429,30.1939,1421600
2012-10-24,30.2452,30.3565,29.937,29.9627,1181100
2012-10-25,30.2624,30.6818,30.134,30.6562,1810300
2012-10-26,30.6048,30.7418,30.3908,30.4336,1650900
2012-10-31,30.4593,30.8188,30.1511,30.2538,1668300
2012-11-01,30.3223,30.9643,30.1339,30.6305,1848600
2012-11-02,30.8274,30.8959,30.5706,30.6562,1328700
2012-11-05,30.4935,30.6305,30.2538,30.5791,1331300
2012-11-06,30.6562,31.341,30.5877,31.127,1323800
2012-11-07,30.7589,30.9472,30.562,30.6219,1302400
2012-11-08,30.5106,30.7931,29.7487,29.8429,1818500
2012-11-09,29.783,30.6647,29.783,30.3223,1346800
2012-11-12,30.3223,30.3223,29.8514,29.8942,1815900
2012-11-13,29.783,30.0227,29.3121,29.3549,2547600
2012-11-14,29.4148,29.5689,28.8755,28.9611,2003400
2012-11-15,29.0039,29.0211,28.6444,28.73,1918100
2012-11-16,28.7899,29.2864,28.6701,29.2265,2403900
2012-11-19,29.5347,29.7059,29.2008,29.6374,1771100
2012-11-20,29.6545,29.7658,29.432,29.6802,1029400
2012-11-21,29.6802,29.7744,29.4063,29.4405,944500
2012-11-23,29.6717,30.0569,29.6374,30.0569,382600
2012-11-26,29.8257,29.9199,29.4491,29.4491,1136100
2012-11-27,29.4833,30.0997,29.4234,29.8086,1828900
2012-11-28,29.7059,30.3822,29.5946,30.2709,934600
2012-11-29,30.3908,30.6647,30.2966,30.6133,1048800
2012-11-30,30.6647,30.8959,30.425,30.7161,2474300
2012-12-03,30.8017,30.9044,30.562,30.7589,1326600
2012-12-04,30.7161,30.776,30.425,30.699,949300
2012-12-05,30.7931,30.7931,30.2024,30.5021,969500
2012-12-06,30.5021,30.9215,30.4849,30.8188,843600
2012-12-07,30.6733,30.8359,30.6219,30.8188,1009000
2012-12-10,30.8102,30.8102,30.3993,30.6048,2050700
2012-12-11,30.7075,30.8616,30.4935,30.6133,1029700
2012-12-12,30.7589,30.9472,30.425,30.5021,1318200
2012-12-13,30.5705,30.7075,30.0483,30.1339,1207100
2012-12-14,30.0569,30.4079,29.9028,30.2195,1233000
2012-12-17,30.3309,30.5021,30.1939,30.4336,1081400
2012-12-18,30.4079,30.6476,30.288,30.5962,1163000
2012-12-19,30.5534,30.6476,30.3223,30.3394,936600
2012-12-20,30.3565,30.9301,30.2709,30.7246,1599500
2012-12-21,30.4678,30.5277,29.9456,30.1339,2612000
2012-12-24,29.9627,30.2281,29.6203,30.0227,576600
2012-12-26,30.0055,30.074,29.6203,29.7829,1066000
2012-12-27,29.7573,29.9456,29.5775,29.8258,1050400
2012-12-28,29.6631,29.7658,29.3977,29.4234,890400
2012-12-31,29.4063,30.3651,29.2265,30.2966,1589700
2013-01-02,30.776,32.1628,30.6476,32.1543,2481500
2013-01-03,32.0516,32.0858,31.2811,31.4095,2584200
2013-01-04,31.4009,31.5893,31.3325,31.4609,1182900
2013-01-07,31.264,31.478,31.1355,31.1698,1889400
2013-01-08,31.1527,31.2212,29.8343,30.8702,4419500
2013-01-09,31.8889,32.1115,30.0826,30.6647,4685300
2013-01-10,31.1013,31.1184,30.3993,30.5449,3261500
2013-01-11,30.5962,30.8103,30.3137,30.5021,2838100
2013-01-14,30.2281,30.7161,29.5005,30.2452,5360700
2013-01-15,29.9199,31.3153,29.5689,31.1698,3536500
2013-01-16,31.8461,33.3014,31.6749,33.0874,6862700
2013-01-17,32.8648,33.3785,32.7107,33.0018,3023100
2013-01-18,33.0275,33.2073,32.5224,33.1645,1849000
2013-01-22,33.036,33.1045,32.2827,32.6166,3081500
2013-01-23,32.4882,32.8734,32.3426,32.4368,2005800
2013-01-24,32.4967,32.7107,32.2142,32.3341,1734700
2013-01-25,32.5138,33.173,32.2913,32.959,2419000
2013-01-28,32.9504,33.2586,32.7535,33.096,1443600
2013-01-29,33.173,33.9435,33.0617,33.7466,2835300
2013-01-30,33.6439,33.8836,33.447,33.5326,2702700
2013-01-31,33.524,33.6011,24.2869,27.7027,38179200
2013-02-01,28.2335,28.8584,27.2404,27.9766,12075900
2013-02-04,27.54,27.6684,26.9237,27.0093,6566500
2013-02-05,26.6839,26.9065,26.0333,26.4614,10272600
2013-02-06,26.3758,27.0093,26.2645,26.8552,5717100
2013-02-07,26.9065,27.249,26.6069,27.0435,5234600
2013-02-08,27.0692,27.7541,27.0606,27.2661,4908500
2013-02-11,27.0863,27.1377,26.5812,26.8124,2966100
2013-02-12,26.7952,27.1462,26.6583,26.9579,3068000
2013-02-13,27.0949,27.5315,26.8723,27.2918,2996100
2013-02-14,34.928,37.8215,34.2859,37.4534,50293100
2013-02-15,36.9826,37.8386,36.8199,37.1452,10441900
2013-02-19,37.0682,37.4192,36.6915,37.0511,5268700
2013-02-20,36.9654,36.974,35.2105,35.7841,7536300
2013-02-21,36.9569,37.1795,35.9895,36.7771,10012600
2013-02-22,36.8713,37.6418,36.7343,37.6332,3032200
2013-02-25,37.7787,38.5149,37.0339,37.6417,5603100
2013-02-26,37.7188,38.3951,37.5733,38.2752,2286600
2013-02-27,38.1383,38.455,38.0098,38.2239,2723700
2013-02-28,38.0869,38.3009,37.5733,37.8729,2554000
2013-03-01,37.7873,37.9499,37.3336,37.5304,2625100
2013-03-04,37.3421,38.1297,37.325,38.0527,1725400
2013-03-05,38.5321,38.5321,37.676,37.7873,2569900
2013-03-06,37.8729,37.8729,36.8713,37.0254,2900800
2013-03-07,37.0254,37.7531,37.0168,37.7103,2574300
2013-03-08,37.8215,38.4379,36.3148,37.6589,4453600
2013-03-11,37.3507,37.599,37.1367,37.2137,2269900
2013-03-12,37.1624,37.3507,36.7514,37.0511,2402700
2013-03-13,37.0853,37.676,37.0853,37.5733,1542600
2013-03-14,37.6246,38.3865,37.5219,38.2752,2231700
2013-03-15,38.1383,39.3111,38.0099,39.1656,4674700
2013-03-18,39.9788,40.4839,39.7563,40.3213,4071400
2013-03-19,40.3384,40.5353,39.8504,40.4069,2670900
2013-03-20,40.6038,40.9377,40.0816,40.1244,1879300
2013-03-21,39.8761,40.4668,39.6022,39.6022,1669200
2013-03-22,39.5594,40.3127,39.508,39.8847,1380700
2013-03-25,40.0131,40.1329,39.4823,40.0559,1400300
2013-03-26,40.2442,40.7322,40.1073,40.6979,1244800
2013-03-27,40.3812,40.6466,40.1329,40.5867,809400
2013-03-28,40.6979,40.8092,40.3384,40.7835,1491500
2013-04-01,40.8007,40.8178,40.1843,40.4925,1017200
2013-04-02,40.6466,42.1362,40.5182,41.7681,2826200
2013-04-03,41.8708,41.8708,41.1688,41.3914,3605900
2013-04-04,41.2715,41.8451,40.9034,41.3058,2969500
2013-04-05,40.7065,41.1345,40.6723,40.9548,2980700
2013-04-08,41.9992,42.1447,41.263,41.5797,3566900
2013-04-09,41.5968,41.8451,41.3058,41.6311,2619700
2013-04-10,41.5198,42.0762,41.2629,41.7509,4581900
2013-04-11,41.1174,42.4101,41.1174,42.3074,3179500
2013-04-12,41.9393,42.4101,41.7509,42.1105,2183600
2013-04-15,41.7937,41.9906,41.0746,41.2458,2857100
2013-04-16,41.5797,41.8708,40.8435,41.1859,3015200
2013-04-17,40.9462,41.0575,40.0901,40.5781,2972800
2013-04-18,40.6466,40.7151,40.1244,40.5267,1597200
2013-04-19,40.5695,41.614,40.5439,41.5369,6404600
2013-04-22,41.3828,41.5968,40.7836,40.912,2166300
2013-04-23,41.2715,41.8622,41.126,41.8537,3918500
2013-04-24,41.6653,41.828,40.9034,41.126,2000500
2013-04-25,41.3657,41.5455,41.1174,41.4941,1851700
2013-04-26,41.3143,41.3657,40.8092,40.912,1221000
2013-04-29,40.8007,41.0832,40.5867,40.8777,1158400
2013-04-30,40.7065,42.256,40.5695,42.2475,4171100
2013-05-01,41.9221,42.7268,41.9221,42.1447,2803600
2013-05-02,42.1618,42.744,42.1533,42.7269,2455800
2013-05-03,42.8895,43.095,42.5899,42.9837,2068800
2013-05-06,42.8809,43.095,42.4187,43.0008,1320800
2013-05-07,43.0265,43.2491,42.8895,42.9323,1673700
2013-05-08,42.9665,43.0693,42.6755,42.7183,1642400
2013-05-09,42.7269,42.7782,41.7081,41.7766,2055600
2013-05-10,41.9307,42.3245,41.6739,42.2475,1785900
2013-05-13,42.2646,42.5471,42.0334,42.256,791100
2013-05-14,42.3416,42.9409,42.2731,42.9152,1426300
2013-05-15,42.7097,43.309,42.5128,43.0094,1052400
2013-05-16,43.6685,45.3721,43.6685,44.3106,4418200
2013-05-17,44.3791,44.7472,43.9339,44.6958,1833800
2013-05-20,44.4305,44.6017,43.9767,44.0452,1243900
2013-05-21,44.0452,44.7386,43.874,44.4219,1960800
2013-05-22,44.3791,44.8756,43.8226,44.088,2075000
2013-05-23,43.7884,44.4647,43.5144,44.4133,1500500
2013-05-24,44.2421,45.3892,44.0281,45.3721,2189000
2013-05-28,45.783,46.3994,45.4406,45.7745,2323100
2013-05-29,45.5605,46.1768,45.355,45.843,2620100
2013-05-30,45.9286,46.7761,45.8515,46.5364,2712600
2013-05-31,46.3138,46.6049,45.0725,45.3807,3360400
2013-06-03,45.5519,45.8002,44.5417,45.7231,2142300
2013-06-04,45.6632,45.9286,44.2849,44.6102,2862800
2013-06-05,44.4133,45.6033,44.1479,44.4733,3185200
2013-06-06,44.6787,44.9355,43.4374,44.8071,3234200
2013-06-07,45.0211,45.7916,45.0211,45.6632,2679600
2013-06-10,45.783,45.9029,45.0896,45.2009,1377900
2013-06-11,44.7386,45.2694,44.3705,44.653,1702100
2013-06-12,44.6958,44.8242,43.8312,44.0966,1771000
2013-06-13,44.088,44.6102,43.737,44.5246,1220900
2013-06-14,44.4219,44.6273,44.0795,44.5332,1018000
2013-06-17,44.8243,45.141,44.4219,44.8157,1059000
2013-06-18,44.6873,45.0896,44.302,45.0211,974100
2013-06-19,45.0383,45.1924,44.2507,44.2592,1007900
2013-06-20,43.9168,43.9254,42.8981,43.1292,2288400
2013-06-21,43.4802,43.6771,42.8381,43.2234,2048900
2013-06-24,42.8125,43.4631,42.0249,43.0864,1650600
2013-06-25,43.3175,43.5829,42.9922,43.2405,1194200
2013-06-26,43.5316,44.3448,43.446,43.9939,1407200
2013-06-27,44.2079,44.867,44.1651,44.4048,1032100
2013-06-28,44.2678,44.7814,44.0195,44.6188,3064700
2013-07-01,44.9355,45.5861,44.653,45.5005,2817300
2013-07-02,44.8927,46.0142,42.9409,43.874,8252600
2013-07-03,43.6001,43.7199,43.0693,43.1977,2662900
2013-07-05,43.4802,43.6,42.9922,43.309,1883200
2013-07-08,43.3775,43.737,43.0693,43.6343,1687700
2013-07-09,43.8569,44.0795,43.4973,43.8826,1236900
2013-07-10,43.8911,44.088,43.6257,43.8569,975000
2013-07-11,44.6359,44.8585,44.1479,44.6958,2143600
2013-07-12,44.6359,44.927,44.4561,44.7814,767400
2013-07-15,44.8842,44.9441,44.5332,44.7301,1029300
2013-07-16,44.6273,45.1067,44.5246,44.8499,1705700
2013-07-17,44.9441,44.9441,44.2164,44.3791,2503200
2013-07-18,44.3192,44.4647,44.1479,44.4219,2158900
2013-07-19,44.5332,44.576,43.9168,44.5332,2245200
2013-07-22,44.3962,44.8328,44.3277,44.6701,1297700
2013-07-23,44.7986,44.7986,44.0538,44.088,1252700
2013-07-24,44.1223,44.3277,42.9494,43.5744,2251700
2013-07-25,43.3432,43.3432,42.2218,42.8039,3076200
2013-07-26,42.6584,43.4716,42.5556,43.3175,1503000
2013-07-29,43.3261,43.9168,43.2319,43.7541,1094400
2013-07-30,43.9425,44.4989,43.9425,44.1137,1424100
2013-07-31,44.2849,44.9612,44.1993,44.5931,1948100
2013-08-01,44.9441,45.7574,44.9441,45.4492,1598700
2013-08-02,45.492,45.9885,45.3293,45.7317,982200
2013-08-05,45.6289,46.2539,45.6289,46.2453,1131100
2013-08-06,46.2453,46.4165,46.057,46.3224,1601300
2013-08-07,46.2624,46.408,46.1255,46.2025,1526700
2013-08-08,46.3138,46.9131,46.2111,46.8018,1108500
2013-08-09,46.6562,46.8788,46.3823,46.4508,1211200
2013-08-12,46.2196,46.3053,45.9543,46.2881,712900
2013-08-13,46.3395,47.0072,46.1597,46.836,1260500
2013-08-14,46.8275,46.8617,46.5621,46.5963,1068500
2013-08-15,46.0399,46.2197,45.6632,45.8943,1303500
2013-08-16,45.7317,46.2625,45.5177,46.1768,1107500
2013-08-19,46.0399,46.5621,45.9029,46.0827,943300
2013-08-20,46.057,46.7419,45.92,46.408,776900
2013-08-21,46.2111,46.4422,45.4749,46.1768,1429100
2013-08-22,46.1768,47.3154,46.1768,47.2384,1130800
2013-08-23,47.3753,47.9404,47.2041,47.8205,1824600
2013-08-26,47.8548,47.8548,47.5808,47.675,1540100
2013-08-27,47.1442,47.4695,46.8703,47.0843,1061900
2013-08-28,46.759,46.9559,46.4251,46.7333,1100600
2013-08-29,46.5107,47.1014,46.4165,46.7162,723000
2013-08-30,46.6562,46.8275,46.2111,46.4422,949900
2013-09-03,47.2555,47.6151,46.4166,47.2384,1885500
2013-09-04,47.1956,48.1287,47.0244,47.9489,2870900
2013-09-05,47.9404,48.5225,47.8119,48.3855,1977600
2013-09-06,49.2758,49.8237,48.7622,49.3786,3919800
2013-09-09,49.3957,49.8238,49.156,49.5926,1278200
2013-09-10,49.8066,49.9265,49.3957,49.858,1106100
2013-09-11,49.858,50.1918,49.6354,49.9864,1221300
2013-09-12,50.0121,50.1062,49.6525,49.6868,1145000
2013-09-13,49.6868,50.2603,49.5583,50.2518,2550300
2013-09-16,50.8938,51.0565,50.2946,50.3545,1252500
2013-09-17,50.4829,50.9794,50.4401,50.8082,1904400
2013-09-18,50.7654,51.202,50.423,51.0822,1516800
2013-09-19,51.2962,51.2962,50.2261,50.2347,1342800
2013-09-20,50.0977,50.2775,48.8564,49.0019,3905200
2013-09-23,49.019,49.3786,48.6081,49.1988,1425800
2013-09-24,49.2245,49.721,48.8564,49.1389,1174000
2013-09-25,49.2502,49.4556,49.0447,49.1988,936000
2013-09-26,49.2587,49.6012,48.9762,49.2673,681300
2013-09-27,48.9848,49.1303,48.5653,48.7793,1044400
2013-09-30,48.5054,49.1731,48.3599,49.1389,1288500
2013-10-01,49.079,49.6012,48.9933,49.5584,1536100
2013-10-02,49.4128,49.8751,48.8735,49.8751,1870900
2013-10-03,50.3631,51.8698,50.0806,51.4931,4622700
2013-10-04,51.4931,53.2052,51.4246,53.0511,4634600
2013-10-07,52.7344,52.9484,52.2036,52.3149,1684200
2013-10-08,52.3149,52.3748,51.0222,51.2277,2156700
2013-10-09,51.3476,51.4845,50.7226,51.0651,1440100
2013-10-10,51.553,52.2036,51.202,52.178,1289900
2013-10-11,52.4348,53.9757,52.2379,53.9244,3482100
2013-10-14,53.5391,54.3096,53.3337,54.087,1367600
2013-10-15,54.1041,54.2325,53.1796,53.3337,914000
2013-10-16,53.7103,54.4808,53.6675,54.1641,1125800
2013-10-17,53.9072,54.8489,53.7275,54.6948,1430800
2013-10-18,54.8746,55.0886,54.4294,55.0715,1319400
2013-10-21,55.1913,55.2855,54.7291,55.1485,934200
2013-10-22,55.3198,55.6023,54.8832,55.1485,1421400
2013-10-23,55.0715,55.2342,54.3353,54.7804,1167600
2013-10-24,54.8832,55.14,54.5236,54.6606,2068100
2013-10-25,54.7034,55.1314,54.4123,54.7119,1347900
2013-10-28,54.8061,55.7906,54.575,55.6536,1672600
2013-10-29,55.6879,56.2186,55.6879,56.193,1470700
2013-10-30,56.2186,56.3214,55.2085,55.3797,1093800
2013-10-31,55.2941,56.0046,55.2085,55.9019,2167000
2013-11-01,56.0303,56.2272,55.7221,56.1587,1610400
2013-11-04,56.2272,56.484,55.8591,56.3128,963700
2013-11-05,56.0303,56.6467,55.842,56.5611,1067200
2013-11-06,56.6724,57.0234,56.2786,56.8521,1207800
2013-11-07,57.0319,57.0918,56.0645,56.2015,1371000
2013-11-08,56.2015,57.1518,56.2015,57.1518,1428000
2013-11-11,57.0919,57.3316,56.9806,57.1004,605400
2013-11-12,56.9634,57.4257,56.7408,57.3915,1060100
2013-11-13,57.0319,57.6996,56.8093,57.614,1233100
2013-11-14,57.8024,58.3417,57.8024,58.2732,1193400
2013-11-15,58.5129,59.7457,58.4188,59.1892,2760900
2013-11-18,59.2663,59.4546,59.018,59.2663,1577400
2013-11-19,59.0694,59.3348,58.9238,59.1207,947700
2013-11-20,59.1464,59.4546,58.8125,59.0865,1141800
2013-11-21,59.0951,59.4974,58.9923,59.369,705300
2013-11-22,59.4375,60.2679,59.2492,60.2337,862600
2013-11-25,60.3107,60.6959,59.0779,59.1978,1904700
2013-11-26,59.4204,60.5418,59.2834,60.3449,1668800
2013-11-27,60.3278,60.9356,60.1138,60.773,636900
2013-11-29,60.7987,60.8671,60.1224,60.2765,280600
2013-12-02,60.499,60.8072,60.1566,60.5418,720500
2013-12-03,60.3278,60.9699,60.2251,60.9442,848800
2013-12-04,60.5932,61.1582,60.1823,61.0212,1237700
2013-12-05,61.0983,61.0983,59.6344,59.9939,1513000
2013-12-06,60.3364,60.8415,60.3107,60.4819,1018100
2013-12-09,60.6189,61.1411,60.4391,60.4477,797100
2013-12-10,60.3449,61.0212,60.1908,60.7644,1397000
2013-12-11,60.9699,61.3123,59.8227,59.9939,1666600
2013-12-12,59.8741,60.2251,59.4204,60.0025,1107700
2013-12-13,60.1309,60.3278,59.0865,59.3433,1215600
2013-12-16,59.6857,60.7302,59.6857,60.4134,1153500
2013-12-17,60.4134,60.5761,59.7714,60.071,720000
2013-12-18,60.285,60.4134,58.3588,59.8227,2239800
2013-12-19,59.7543,59.8655,59.1978,59.4803,1386200
2013-12-20,59.5574,60.0625,59.2149,59.6687,1712800
2013-12-23,59.8998,60.0624,59.4118,59.6601,963500
2013-12-24,59.6772,59.9512,59.6002,59.6772,252100
2013-12-26,59.9083,60.1994,59.5402,60.0111,502600
2013-12-27,60.3535,60.3792,59.7029,59.9854,568800
2013-12-30,59.9169,60.2422,59.4889,59.7029,1278500
2013-12-31,59.9255,60.422,59.7799,60.2508,907900
2014-01-02,59.9426,60.1138,58.9324,59.2748,1070500
2014-01-03,59.5402,60.0025,59.2406,59.4032,741700
2014-01-06,59.5745,59.6858,58.6756,58.7355,1401600
2014-01-07,59.0694,60.2935,58.881,59.8655,1858400
2014-01-08,64.0432,67.1165,63.872,65.5842,8367500
2014-01-09,65.8752,66.8254,65.5927,66.3032,2750100
2014-01-10,66.4317,68.5975,65.8581,68.529,3211700
2014-01-13,68.6489,69.7789,68.315,68.5376,2025400
2014-01-14,68.8715,69.8217,68.4862,69.2824,1534100
2014-01-15,69.3338,69.5564,68.5719,69.1454,1016000
2014-01-16,69.0084,69.3851,68.6403,68.8886,934100
2014-01-17,68.8971,69.0341,67.9041,68.0924,1580900
2014-01-21,69.3081,69.3509,67.9041,67.9384,1613900
2014-01-22,68.3236,68.4862,66.8254,66.8939,2113700
2014-01-23,66.7826,67.1935,66.0721,66.1234,2023100
2014-01-24,65.6612,65.9351,64.8822,64.8907,2093400
2014-01-27,65.0705,65.781,64.5825,64.865,1700400
2014-01-28,64.8993,67.0737,64.8993,66.971,2251400
2014-01-29,66.3032,67.048,65.6612,66.62,1919100
2014-01-30,66.9368,67.108,65.918,66.4231,1449700
2014-01-31,65.0962,65.9865,64.4884,65.6355,1841500
2014-02-03,65.3187,65.8923,64.5568,64.6852,1597800
2014-02-04,64.7965,65.7725,64.6852,65.4728,1214600
2014-02-05,65.0106,65.0277,63.9405,64.6082,1454900
2014-02-06,64.8308,66.5087,64.7281,66.4231,1163300
2014-02-07,66.757,66.8083,65.6954,66.346,1239700
2014-02-10,66.6371,66.6799,65.3102,65.978,1051300
2014-02-11,66.2776,67.4846,66.1235,67.4418,1322400
2014-02-12,67.4247,67.9983,67.1165,67.6302,1194200
2014-02-13,67.2877,68.1781,67.1251,68.0069,1562700
2014-02-14,68.178,68.6746,67.5617,67.9469,1383900
2014-02-18,68.2294,69.0684,68.0668,68.6318,1242100
2014-02-19,68.6146,69.2909,68.238,68.5033,1083500
2014-02-20,68.6317,69.3423,68.5376,68.9999,1016400
2014-02-21,69.0256,69.3423,68.4606,68.7859,1026300
2014-02-24,68.9485,70.0529,68.9314,69.4108,1070300
2014-02-25,69.4194,70.6607,69.3594,70.2583,1272300
2014-02-26,70.3696,70.9175,69.6334,70.0956,1283700
2014-02-27,70.147,70.2069,69.4964,69.6762,911800
2014-02-28,69.8474,70.3782,69.0598,69.368,1252000
2014-03-03,69.1454,69.5478,68.6746,69.4707,1751500
2014-03-04,69.933,70.8319,69.9245,70.635,1221200
2014-03-05,70.4638,71.2342,70.3011,70.8233,2195600
2014-03-06,71.0202,71.842,70.7634,71.7821,1102300
2014-03-07,71.7821,71.8421,71.2685,71.8335,975300
2014-03-10,71.7736,72.193,71.277,71.8677,1112000
2014-03-11,72.0304,72.0732,70.4809,70.6607,986900
2014-03-12,70.2669,71.414,69.9758,71.1486,899300
2014-03-13,71.3627,71.4654,70.1299,70.4295,985000
2014-03-14,70.2583,71.4911,70.2583,70.6264,1301800
2014-03-17,69.933,70.3354,69.7789,70.0785,1000900
2014-03-18,70.2926,71.063,70.0186,70.8576,1217100
2014-03-19,70.8832,71.1315,69.659,69.9244,1228800
2014-03-20,69.8474,70.7976,69.2139,70.6007,884400
2014-03-21,71.0802,72.0989,70.772,71.1058,2451100
2014-03-24,71.4654,71.6623,69.2995,69.5221,1311700
2014-03-25,70.284,71.0459,70.0357,70.5665,1160700
2014-03-26,70.7291,71.4996,70.4124,70.4381,959500
2014-03-27,70.5066,70.8405,70.0186,70.2498,1175600
2014-03-28,70.498,71.5681,70.361,71.2342,970900
2014-03-31,71.7393,72.9378,71.4482,72.7409,1833700
2014-04-01,73.109,73.5456,72.6125,73.0662,1603700
2014-04-02,73.2118,73.2632,72.4413,72.681,1023000
2014-04-03,72.8009,72.9721,71.8934,72.6725,1197100
2014-04-04,72.9036,73.2375,71.5767,72.193,1404600
2014-04-07,71.9106,71.9876,69.0941,69.1711,2121000
2014-04-08,69.4536,70.07,69.0084,69.7532,2749700
2014-04-09,72.7666,73.1091,66.483,69.0341,6799500
2014-04-10,69.154,70.1898,67.8955,68.5804,2137800
2014-04-11,68.2294,68.4263,66.3974,66.7997,3041000
2014-04-14,67.5445,67.5445,66.0036,66.7741,1496900
2014-04-15,66.8169,66.9025,65.2845,66.7484,1651300
2014-04-16,67.1764,68.2808,66.9624,68.2722,1535000
2014-04-17,67.9983,69.3423,67.3819,69.154,1788200
2014-04-21,68.3664,69.4023,68.2294,69.3509,1255300
2014-04-22,69.3081,69.8303,68.6147,69.2481,1260200
2014-04-23,69.2225,69.4108,68.6831,68.7003,817200
2014-04-24,68.9399,69.0084,67.8527,68.0239,974200
2014-04-25,67.9811,68.7088,67.1593,67.6644,1256700
2014-04-28,67.9127,68.5718,67.4504,68.1524,1084900
2014-04-29,68.3835,69.4365,68.1695,68.2722,1053800
2014-04-30,68.0068,68.4178,67.3134,68.3493,1317700
2014-05-01,68.4006,69.7275,68.0411,69.5649,1041900
2014-05-02,69.4279,69.6419,68.6317,69.4536,1153700
2014-05-05,69.0341,70.3439,68.9571,70.0443,923100
2014-05-06,69.7703,70.0614,68.9571,69.0512,1115800
2014-05-07,69.4022,69.4022,67.1422,67.7329,1437300
2014-05-08,67.6644,68.7944,67.536,67.8613,1008700
2014-05-09,67.8527,68.1352,67.2364,67.9041,1165300
2014-05-12,68.3322,69.0085,68.2551,68.5976,962300
2014-05-13,68.6746,69.4964,68.6403,69.2139,633000
2014-05-14,69.2225,69.5221,68.2894,68.3664,761500
2014-05-15,68.3236,68.5719,67.1936,68.3664,1288400
2014-05-16,68.5462,71.2171,68.5462,71.0117,2264900
2014-05-19,70.8404,71.4911,70.575,70.7719,1124600
2014-05-20,70.6264,70.8918,69.9159,70.0871,661900
2014-05-21,70.2327,70.8062,70.0357,70.6864,695600
2014-05-22,70.7548,71.2342,70.635,70.9089,574500
2014-05-23,70.849,71.0459,70.3097,70.635,760300
2014-05-27,71.1743,71.842,71.1229,71.4397,1189400
2014-05-28,71.4911,71.902,70.7634,71.1829,1201100
2014-05-29,71.2342,71.9961,71.2086,71.7222,797400
2014-05-30,71.6195,72.1845,71.6195,72.0218,1045400
2014-06-02,71.7479,71.9705,71.1915,71.8592,831600
2014-06-03,71.688,72.3215,71.6537,71.902,797900
2014-06-04,71.8934,72.3215,71.6794,71.902,602800
2014-06-05,71.9534,72.1759,71.3969,71.4996,632800
2014-06-06,71.5681,71.6281,70.9774,71.0459,1291800
2014-06-09,70.9946,71.4055,70.4381,70.7206,1494000
2014-06-10,70.3611,71.1144,70.3611,71.0117,1398000
2014-06-11,70.6435,71.5938,70.4894,71.3798,933000
2014-06-12,71.3541,72.1331,70.6008,70.8747,866800
2014-06-13,70.7463,71.2,70.4467,70.6949,603900
2014-06-16,70.6949,71.5938,70.5579,71.3883,1145600
2014-06-17,71.3798,72.0047,70.9346,71.7992,906400
2014-06-18,71.8849,73.6141,71.7308,73.5885,1538100
2014-06-19,74.1449,74.9839,73.9309,74.0764,1775200
2014-06-20,74.3418,75.0267,74.222,74.8897,1893200
2014-06-23,75.215,75.7629,74.6928,75.4205,1599600
2014-06-24,75.1551,75.6002,74.6586,75.3777,1322600
2014-06-25,75.1208,75.8485,74.7356,75.8057,1578600
2014-06-26,75.6944,75.7629,74.4788,75.4205,1388400
2014-06-27,75.1979,75.7543,74.6671,75.3177,971700
2014-06-30,75.6516,75.8228,75.2407,75.4461,1651000
2014-07-01,75.566,76.1396,75.1294,75.6602,1970600
2014-07-02,80.9251,81.1305,76.5933,77.4323,5699700
2014-07-03,77.9887,78.4082,77.475,78.0315,1998500
2014-07-07,77.9117,77.9887,77.321,77.6891,1363300
2014-07-08,77.7575,77.7575,76.7816,77.2781,1539600
2014-07-09,77.3809,77.5178,76.91,77.1497,1183500
2014-07-10,76.1225,77.2953,76.0197,76.9785,1391700
2014-07-11,77.124,77.3209,76.3022,76.5933,856400
2014-07-14,77.0042,77.1412,76.6789,76.9614,891700
2014-07-15,76.8501,77.1754,75.7629,75.8571,1456100
2014-07-16,76.0026,76.0968,73.6655,74.6842,2676400
2014-07-17,74.436,74.6842,73.734,73.8025,999200
2014-07-18,73.9908,75.1722,73.8453,74.9667,943800
2014-07-21,74.5901,74.924,74.2134,74.6329,704300
2014-07-22,74.7955,75.3691,74.7698,74.9667,664200
2014-07-23,75.215,75.3605,74.5558,74.5901,700100
2014-07-24,74.7099,74.8298,74.0422,74.6928,948800
2014-07-25,74.436,74.5131,73.6912,74.1021,625100
2014-07-28,74.0679,74.0764,72.9293,73.6826,858900
2014-07-29,73.811,74.5644,73.7254,73.7426,842100
2014-07-30,73.7939,74.1021,72.4242,72.4584,1206800
2014-07-31,72.1674,72.3215,71.0288,71.277,1472600
2014-08-01,70.9432,71.9876,70.2241,71.5595,1262100
2014-08-04,71.4825,71.9277,70.7291,71.8078,1069500
2014-08-05,71.5681,71.979,71.0545,71.2171,741300
2014-08-06,70.9432,72.1931,70.7634,71.8506,1060900
2014-08-07,71.9961,72.193,71.1144,71.3198,589400
2014-08-08,71.2086,72.2958,70.9945,72.2444,578500
2014-08-11,72.3814,72.9978,71.9619,72.8094,833200
2014-08-12,72.7495,73.5285,72.6382,73.3916,899900
2014-08-13,73.5885,73.811,73.0748,73.52,793100
2014-08-14,73.2631,73.5542,72.8265,73.2546,507000
2014-08-15,73.811,75.0951,73.4686,74.8811,1114100
2014-08-18,75.0609,75.1636,74.3076,74.4788,782100
2014-08-19,74.6928,75.4804,74.5473,75.2921,743400
2014-08-20,75.0438,75.3349,74.7613,75.0181,532300
2014-08-21,75.2321,75.2492,74.7784,74.8726,502200
2014-08-22,74.6928,74.924,74.2905,74.6757,495600
2014-08-25,74.6928,74.727,73.4943,74.6842,1059600
2014-08-26,74.8812,75.1979,74.4788,74.6757,504500
2014-08-27,74.8811,75.1037,74.5815,74.727,420600
2014-08-28,74.65,74.7356,74.1963,74.5473,441500
2014-08-29,74.513,74.6414,73.7597,74.5558,531500
2014-09-02,74.7271,75.7629,74.5901,75.1637,1072600
2014-09-03,75.3691,75.6088,74.3418,74.3504,1109700
2014-09-04,74.2476,74.8897,73.9908,74.5387,1035400
2014-09-05,74.1192,74.3932,73.6398,74.376,876600
2014-09-08,74.025,74.3589,73.46,73.9737,873000
2014-09-09,73.8538,73.9737,72.7238,72.9036,1098400
2014-09-10,72.9892,73.8795,72.5954,73.7854,592700
2014-09-11,73.6569,74.0336,73.1946,73.9737,748700
2014-09-12,73.9052,74.1792,73.4173,73.5371,447200
2014-09-15,73.9309,74.6072,73.6227,74.436,1141300
2014-09-16,74.2134,74.8983,73.8624,74.5986,1357400
2014-09-17,74.3846,75.0181,74.2562,74.6072,719900
2014-09-18,74.9496,75.2321,74.6072,75.1465,458600
2014-09-19,75.429,75.6002,74.8469,75.3177,1037200
2014-09-22,74.9325,75.703,74.6414,74.8212,670400
2014-09-23,74.4788,74.8126,73.7168,73.9737,790800
2014-09-24,73.7939,75.5917,73.7083,75.3006,1284000
2014-09-25,75.078,75.4034,74.2733,74.2733,853200
2014-09-26,74.2562,74.513,73.5456,74.0507,1358800
2014-09-29,73.46,74.0935,73.1947,73.9223,1044600
2014-09-30,74.0165,74.7955,73.1176,74.6157,1232300
2014-10-01,74.1877,74.3332,72.0989,72.9892,2693900
2014-10-02,71.7479,73.5628,70.4894,72.253,5602300
2014-10-03,72.6211,74.5045,72.5868,74.4017,2147300
2014-10-06,74.6928,74.8041,73.4258,73.948,1821600
2014-10-07,73.8538,74.1278,72.7837,72.7837,1201800
2014-10-08,73.0149,75.1808,72.8779,75.078,2176700
2014-10-09,74.7185,75.1037,73.871,73.948,2745300
2014-10-10,74.0336,74.3333,73.0834,73.4772,2155700
2014-10-13,73.3145,73.4344,72.0732,72.116,1204500
2014-10-14,72.2615,72.6382,71.688,72.2187,1037300
2014-10-15,71.0801,72.0475,69.1711,71.0973,2328300
2014-10-16,69.796,70.9346,69.0855,70.2669,1972600
2014-10-17,71.0117,72.2787,70.7548,71.9533,1475800
2014-10-20,72.4413,72.9036,71.979,72.8266,1149100
2014-10-21,72.9036,74.1877,72.681,74.1877,1304400
2014-10-22,74.2733,74.8126,74.085,74.4017,1000100
2014-10-23,74.8212,75.292,74.436,74.65,1055900
2014-10-24,74.7699,75.6602,74.573,75.5746,936600
2014-10-27,75.5489,76.5334,75.4462,75.5831,1133100
2014-10-28,75.7115,77.1412,75.7115,76.9186,1321800
2014-10-29,77.0984,77.7062,75.7971,76.3365,1239200
2014-10-30,76.2423,76.7217,75.9769,76.5419,596100
2014-10-31,77.5008,78.4168,77.1327,78.3654,1225900
2014-11-03,78.4339,79.2728,78.4339,78.7078,1042500
2014-11-04,78.7335,79.3841,78.6222,79.0588,984200
2014-11-05,79.4611,79.9748,78.8191,79.2728,727900
2014-11-06,79.1444,80.1032,79.0588,80.069,778300
2014-11-07,80.069,80.2059,79.658,80.0946,868500
2014-11-10,80.0347,80.3772,79.5468,80.3601,725000
2014-11-11,80.3601,81.0021,79.9577,80.3344,693500
2014-11-12,79.9234,81.4045,79.5468,80.4884,1456100
2014-11-13,80.6425,81.062,79.504,79.932,950400
2014-11-14,79.7265,79.8549,79.093,79.5125,822700
2014-11-17,79.1872,80.711,79.1872,80.6939,623400
2014-11-18,80.6939,80.6939,79.9406,80.283,904200
2014-11-19,80.3771,80.7624,80.0261,80.7281,734100
2014-11-20,80.3686,80.8309,79.9748,80.3686,702400
2014-11-21,81.2161,81.5158,80.1974,80.2659,1252500
2014-11-24,80.6254,81.1904,80.4542,80.6682,893500
2014-11-25,80.5826,81.0449,79.7865,80.5826,1149100
2014-11-26,80.6939,81.1647,80.2316,81.1219,680800
2014-11-28,81.5072,82.6971,81.4729,82.5259,456100
2014-12-01,82.0294,82.3547,81.0706,81.0963,923600
2014-12-02,81.2675,81.4558,80.6853,80.9165,847000
2014-12-03,80.6939,81.0877,79.581,80.2402,972800
2014-12-04,80.4799,80.925,80.2059,80.6254,655700
2014-12-05,80.6854,81.5158,80.3686,81.4045,708000
2014-12-08,81.2846,81.5243,80.6768,81.062,730900
2014-12-09,80.1375,80.5826,79.1958,80.0005,997900
2014-12-10,80.0519,80.2744,79.0246,79.153,969200
2014-12-11,79.2471,80.146,78.9133,79.153,683800
2014-12-12,78.4681,79.3156,77.6891,77.7147,882300
2014-12-15,78.2027,79.1958,76.7046,77.3723,1127400
2014-12-16,76.7217,78.5451,76.6019,76.7902,1008800
2014-12-17,76.8586,80.0775,76.482,79.7522,1568800
2014-12-18,80.711,81.6784,80.3772,81.6784,1221300
2014-12-19,81.8582,82.0208,80.9764,81.1562,1633400
2014-12-22,81.687,82.954,81.687,82.954,1001300
2014-12-23,83.4676,84.9743,82.8855,84.8716,1774700
2014-12-24,85.0685,86.267,85.0685,85.6848,746200
2014-12-26,85.6592,86.1557,85.0171,85.5564,662700
2014-12-29,85.2825,85.4623,84.5634,84.94,878500
2014-12-30,84.8202,85.1198,84.2209,84.6147,909000
2014-12-31,84.9143,84.9657,83.9812,84.0411,1041600
2015-01-02,84.0412,84.6319,82.6372,83.4676,1991700
2015-01-05,83.3649,85.8218,82.6886,85.4537,2422300
2015-01-06,87.4997,90.1878,84.94,86.0016,3278800
2015-01-07,86.5152,88.8438,86.344,88.2188,2156500
2015-01-08,92.7475,93.518,91.2493,92.1482,3613700
2015-01-09,91.5404,92.2338,91.1295,91.8914,1559700
2015-01-12,91.9342,92.9016,91.198,91.5747,1249900
2015-01-13,92.1311,92.9444,90.145,91.0011,1623300
2015-01-14,90.573,92.8759,90.068,92.8245,2006700
2015-01-15,93.6207,93.6378,92.1996,92.6105,1056000
2015-01-16,92.602,95.6496,92.5934,95.5383,2052200
2015-01-20,95.8807,95.8807,94.6137,95.0247,1289300
2015-01-21,94.8363,95.2387,94.0916,94.6223,2221200
2015-01-22,95.1873,95.4527,93.8262,95.3671,2453900
2015-01-23,95.0247,95.2044,94.2884,94.6908,858200
2015-01-26,94.511,95.7609,94.083,95.641,921500
2015-01-27,94.7421,95.6753,94.3227,95.2729,707000
2015-01-28,95.4099,96.2146,94.3312,94.4168,772900
2015-01-29,94.8449,95.7694,94.297,95.6924,1170100
2015-01-30,94.9733,95.4441,94.1686,94.5538,1058200
2015-02-02,94.5538,95.3328,93.7149,95.2815,844600
2015-02-03,95.5982,95.7095,94.374,95.2986,1039300
2015-02-04,95.1274,96.831,94.8106,95.9321,1355600
2015-02-05,96.3088,96.7026,95.8807,96.4457,810800
2015-02-06,96.1633,97.2419,95.4527,96.6598,1124900
2015-02-09,95.9749,96.3944,95.4441,95.7609,946800
2015-02-10,96.2061,97.3703,96.1033,97.0793,870100
2015-02-11,97.122,97.7556,95.9407,97.1905,826300
2015-02-12,97.2248,97.9781,96.6426,97.1734,966500
2015-02-13,96.9936,97.1477,96.052,96.7625,683000
2015-02-17,96.7539,97.8925,96.3173,97.7042,731500
2015-02-18,97.3532,98.2863,96.9851,98.175,640500
2015-02-19,98.1579,98.4575,97.7984,98.2606,583200
2015-02-20,98.1921,99.2879,97.4302,99.091,1010600
2015-02-23,98.663,99.1081,98.2863,98.4062,860400
2015-02-24,98.5774,99.5019,98.4661,99.0568,1150500
2015-02-25,99.2622,99.3479,97.2419,97.7127,1154500
2015-02-26,97.7127,99.2622,97.6357,99.1167,614900
2015-02-27,99.3479,99.5533,97.9439,98.2093,718500
2015-03-02,97.961,99.2965,97.6614,99.2879,667500
2015-03-03,99.1766,99.2708,98.1836,98.5774,740100
2015-03-04,98.5089,98.7571,97.9096,97.961,512600
2015-03-05,98.0809,98.5089,97.0792,97.4388,571800
2015-03-06,96.3516,96.5142,94.5538,94.9476,1154100
2015-03-09,95.7523,98.7571,95.4869,98.6458,1607500
2015-03-10,97.6528,98.5774,97.2076,98.0723,1146400
2015-03-11,98.098,99.4677,97.7384,98.9712,1043900
2015-03-12,99.2965,101.1456,99.0653,101.0086,1285700
2015-03-13,100.8117,101.0086,99.1766,99.6817,917200
2015-03-16,99.7245,101.4452,99.5019,100.4864,1271200
2015-03-17,99.8444,100.4179,98.2606,98.8684,773800
2015-03-18,98.8085,100.9145,98.1065,100.3666,1391200
2015-03-19,100.1611,100.1697,98.9112,99.3393,622700
2015-03-20,99.5105,101.3596,99.3136,101.2312,1531800
2015-03-23,101.06,101.1799,100.1354,100.1611,691100
2015-03-24,100.2039,101.3853,99.8187,100.9059,912900
2015-03-25,101.3425,101.411,98.526,98.7914,1003400
2015-03-26,98.2863,99.0825,97.6614,98.2863,631000
2015-03-27,98.2264,98.6202,97.8069,98.0038,1009700
2015-03-30,98.5774,100.5292,98.0809,100.1012,991500
2015-03-31,99.6475,100.1355,98.8513,99.4848,1161500
2015-04-01,99.4249,99.6218,98.2349,99.4934,1333500
2015-04-02,99.7844,101.0685,99.2451,100.8032,967100
2015-04-06,100.5635,102.9348,100.5378,102.1986,1434800
2015-04-07,102.1986,102.5068,101.137,101.2483,907800
2015-04-08,101.5822,102.6009,101.4195,102.0188,1482700
2015-04-09,102.0359,104.3388,101.4452,102.7807,1953600
2015-04-10,103.4827,104.2617,102.2328,104.1847,1465100
2015-04-13,104.2703,104.373,102.5667,102.6609,957500
2015-04-14,101.8647,102.2328,100.7604,101.0343,1072300
2015-04-15,101.1799,101.5908,100.3751,100.6063,715900
2015-04-16,100.6234,101.2227,100.2296,100.4693,639600
2015-04-17,99.7759,100.1098,98.8171,99.2879,679000
2015-04-20,99.8615,100.2381,99.4077,99.6988,538100
2015-04-21,99.1938,101.1285,98.8941,100.4094,1016600
2015-04-22,100.1611,100.4607,99.2194,99.2965,967700
2015-04-23,98.8427,100.0498,98.663,99.305,843800
2015-04-24,99.2365,99.4763,98.6715,98.9968,685100
2015-04-27,99.2708,99.7759,98.9369,99.6133,820700
2015-04-28,99.305,100.9487,99.305,100.2638,812100
2015-04-29,99.6903,99.9642,99.2023,99.5276,850800
2015-04-30,99.4163,100.1012,99.0825,99.2537,1314900
2015-05-01,99.7074,100.4436,99.1766,100.3238,1142400
2015-05-04,100.2296,101.2226,99.9728,100.4351,990200
2015-05-05,99.9728,100.1269,99.0739,99.3393,1314400
2015-05-06,100.0088,100.0432,98.5153,98.7814,813200
2015-05-07,98.6269,99.5711,98.4123,98.9788,1285800
2015-05-08,99.4423,100.3093,99.4423,99.8457,853300
2015-05-11,99.5024,101.7856,99.5024,100.6182,1241700
2015-05-12,100.0775,100.1719,98.6955,99.2964,1029800
2015-05-13,99.2277,100.026,98.8157,99.2363,771100
2015-05-14,100.0002,100.9273,99.7341,100.8672,1037800
2015-05-15,101.0474,101.7256,100.5582,101.6741,801600
2015-05-18,101.8286,102.5067,101.5711,102.1548,719100
2015-05-19,102.2492,103.2964,102.0517,102.5839,944500
2015-05-20,102.6268,103.4166,102.2749,102.5925,647100
2015-05-21,102.3694,102.996,101.6569,102.1548,596000
2015-05-22,102.1032,102.3693,101.2277,101.5281,551400
2015-05-26,101.4079,101.7856,100.7127,100.85,819600
2015-05-27,101.0989,101.6826,100.6698,101.4938,498600
2015-05-28,101.4938,102.4122,101.2105,102.1719,502300
2015-05-29,102.1719,102.3093,100.7213,101.1934,776300
2015-06-01,101.9659,103.6311,101.9659,102.8672,836800
2015-06-02,102.3007,103.365,101.5711,103.0217,658100
2015-06-03,103.6655,104.2148,102.7728,104.1977,828300
2015-06-04,104.0088,104.1805,102.4294,102.6182,710400
2015-06-05,102.2663,102.5668,101.2964,102.0346,704400
2015-06-08,102.6612,103.9487,102.1719,102.9101,943400
2015-06-09,103.056,103.4251,102.0431,103.2706,691500
2015-06-10,103.4166,104.6784,103.1934,104.5067,790800
2015-06-11,104.79,104.8329,103.7084,103.8887,681000
2015-06-12,103.2277,103.6483,102.8672,103.4509,544600
2015-06-15,102.9187,102.9187,100.0603,100.4552,2333500
2015-06-16,100.4552,101.7513,99.923,101.0732,1133100
2015-06-17,101.4852,102.5324,101.4423,102.2148,1212600
2015-06-18,103.2792,103.6397,102.4723,103.2363,1247200
2015-06-19,102.9702,103.099,102.232,102.5754,1260800
2015-06-22,103.3651,103.3651,102.3951,102.6269,1040300
2015-06-23,103.1505,103.1934,102.4208,102.5067,964700
2015-06-24,102.4981,102.7556,100.9702,101.0646,1084700
2015-06-25,101.4423,101.9316,100.9359,101.0045,1149400
2015-06-26,101.3479,101.5195,100.3521,100.7727,1437500
2015-06-29,100.1118,100.6097,99.1676,99.2277,873500
2015-06-30,100.1719,100.4895,99.468,99.5882,1320100
2015-07-01,103.3221,103.468,99.571,99.571,2579200
2015-07-02,100.3264,101.923,99.8457,100.5067,1635300
2015-07-06,99.6912,100.1118,99.2277,99.7599,1484300
2015-07-07,99.8286,101.056,98.4294,100.8586,1180000
2015-07-08,100.3007,100.5839,99.2706,99.468,914900
2015-07-09,100.7642,101.0818,99.0989,99.1762,813400
2015-07-10,100.3178,100.6869,99.3822,99.6054,630200
2015-07-13,99.9916,100.5152,99.7513,100.4637,692400
2015-07-14,100.3436,101.1161,100.0775,100.9874,960500
2015-07-15,100.9959,101.1419,99.8715,99.9487,840300
2015-07-16,100.6697,101.1075,100.2148,100.8929,762200
2015-07-17,100.6011,101.2792,100.5496,101.0989,726300
2015-07-20,101.1161,101.5024,100.8071,101.2191,481300
2015-07-21,101.056,101.3565,99.9659,100.4208,477300
2015-07-22,100.335,102.4981,99.9916,102.4638,1051600
2015-07-23,102.4552,102.644,100.7298,100.9101,642300
2015-07-24,100.7985,101.3994,99.8457,99.9402,668000
2015-07-27,99.5797,100.7728,99.0646,100.7213,998000
2015-07-28,101.2878,101.2878,100.0432,101.0646,752400
2015-07-29,101.3135,102.1376,101.0474,101.8285,692200
2015-07-30,101.0561,102.6698,100.0518,102.1462,753700
2015-07-31,102.5153,103.1419,102.0775,103.0217,1389300
2015-08-03,103.5282,104.438,103.2792,103.8887,1233300
2015-08-04,103.8199,104.2491,103.5538,104.0689,989400
2015-08-05,104.4637,105.9573,104.0861,105.8801,837800
2015-08-06,106.4208,106.8672,105.9487,106.5925,1254900
2015-08-07,106.5065,106.6872,105.6804,106.2999,865300
2015-08-10,106.9625,107.5477,106.4979,106.6958,971800
2015-08-11,105.9299,107.7198,105.6201,107.6251,958600
2015-08-12,106.6958,107.8747,105.8611,107.78,1473000
2015-08-13,108.1415,110.1809,107.6596,109.742,1891300
2015-08-14,109.5699,110.2583,109.2601,110.1551,1162000
2015-08-17,109.6904,110.6886,109.2687,110.5853,963400
2015-08-18,110.6456,112.2289,110.6456,111.6093,1351500
2015-08-19,111.2824,111.9364,110.1981,111.6352,1198500
2015-08-20,110.6542,111.6954,110.396,110.723,1342100
2015-08-21,110.0604,110.0604,105.7148,105.9385,1955100
2015-08-24,99.192,105.5083,98.5208,102.6427,3020400
2015-08-25,106.0418,106.3258,102.8062,103.2709,1635800
2015-08-26,104.8801,107.8575,103.3656,107.4616,3342000
2015-08-27,108.5201,109.9916,107.5821,109.3204,1718300
2015-08-28,108.8471,110.1723,108.4254,110.0948,1213300
2015-08-31,109.9485,110.4648,109.0794,110.1465,1584500
2015-09-01,109.2859,110.7574,108.8987,109.9055,2724800
2015-09-02,111.0672,111.0844,109.7506,111.007,1609200
2015-09-03,111.3856,112.117,110.6972,111.007,1371900
2015-09-04,109.4753,110.4046,109.1397,109.7334,1446800
2015-09-08,110.9726,111.1533,109.4925,111.1447,1314500
2015-09-09,111.8331,111.8589,108.0382,108.348,1507800
2015-09-10,108.3222,110.0088,108.1931,109.6388,883300
2015-09-11,108.2619,109.6818,108.021,109.6388,1264000
2015-09-14,109.9313,110.2755,109.1999,110.0604,778400
2015-09-15,110.4132,110.9468,109.8367,110.6112,1223600
2015-09-16,111.4889,113.055,110.8951,112.8657,2018200
2015-09-17,112.8915,113.7607,111.9794,112.2203,1411400
2015-09-18,111.0156,112.2978,109.5871,109.5871,3865100
2015-09-21,110.1206,111.2996,109.785,110.3358,1276200
2015-09-22,109.3634,110.2669,108.7008,109.4925,905400
2015-09-23,110.0346,110.637,109.6646,110.1895,606600
2015-09-24,109.5785,110.0002,108.6836,109.3892,589700
2015-09-25,110.8177,111.8675,109.8969,111.7126,1663700
2015-09-28,111.4114,111.5405,107.7456,108.3652,1311300
2015-09-29,108.2447,108.8385,105.2845,106.2741,1479700
2015-09-30,107.737,107.9952,106.2827,107.7456,1438000
2015-10-01,107.694,109.9485,107.1949,109.8883,1532500
2015-10-02,108.9331,111.1877,108.4254,111.1103,1124000
2015-10-05,111.8675,114.0446,111.5233,113.7951,1857600
2015-10-06,113.6832,113.993,112.4441,113.0034,1494700
2015-10-07,116.5143,116.5143,113.5541,115.8001,3039400
2015-10-08,115.7484,117.7534,114.8535,117.6243,1986700
2015-10-09,117.719,118.4677,117.0994,117.7965,1196200
2015-10-12,117.8481,119.3282,117.6244,117.9514,1209800
2015-10-13,118.1579,118.5021,115.9119,116.1873,1320500
2015-10-14,116.3078,116.9532,114.6728,115.0428,1270000
2015-10-15,115.7312,116.7983,115.3182,116.1098,1384800
2015-10-16,116.3422,116.5918,115.6968,116.2475,1003400
2015-10-19,116.2303,116.9359,115.8259,116.3249,993900
2015-10-20,116.5487,117.0134,115.8259,116.9445,570000
2015-10-21,117.1425,118.287,116.3938,117.2974,724700
2015-10-22,117.8137,118.6914,117.4609,118.5882,1298500
2015-10-23,119.0787,119.5089,116.738,117.2027,1191700
2015-10-26,117.4609,117.6846,116.2131,117.0306,725300
2015-10-27,116.7552,117.392,116.2475,116.7552,523200
2015-10-28,117.4351,117.5383,115.8087,116.695,784000
2015-10-29,116.652,116.6606,115.4042,116.2647,625100
2015-10-30,116.3594,116.8155,115.7313,115.998,937100
2015-11-02,116.0927,116.5746,115.4989,116.239,980400
2015-11-03,116.239,116.282,115.1117,115.6624,720500
2015-11-04,115.671,116.041,113.6488,114.6212,688500
2015-11-05,115.0869,115.5786,114.6039,114.9403,584300
2015-11-06,114.3538,114.716,113.3619,113.9484,904900
2015-11-09,113.6379,114.2416,113.4654,114.0864,1093200
2015-11-10,113.8362,116.3117,113.7586,116.2513,2116300
2015-11-11,116.4756,116.8292,116.2599,116.4238,1006700
2015-11-12,115.8373,116.3635,115.0438,115.0438,964900
2015-11-13,114.716,115.751,113.9052,114.026,584100
2015-11-16,114.2761,116.7257,113.9225,116.6653,1370800
2015-11-17,116.95,119.8308,116.8896,119.1235,1733200
2015-11-18,119.4255,120.0551,118.2869,119.2788,1176600
2015-11-19,119.0114,119.4599,118.3904,118.5629,794800
2015-11-20,119.1408,120.6588,118.399,118.7009,1443500
2015-11-23,120.2017,123.2206,119.9947,122.5478,1815500
2015-11-24,121.7888,122.151,120.7796,121.9095,1049600
2015-11-25,122.3408,124.1952,122.0562,123.5052,974800
2015-11-27,123.6173,124.5833,123.2464,124.0227,554000
2015-11-30,124.0313,124.7214,120.978,120.978,1953900
2015-12-01,121.5731,123.2723,121.4351,123.212,1394400
2015-12-02,123.2636,123.2636,121.9181,122.3407,842600
2015-12-03,122.4701,123.0566,120.7537,121.185,961100
2015-12-04,121.4179,124.9284,121.2195,124.7817,1081500
2015-12-07,124.4022,124.7817,121.3748,122.3063,1255700
2015-12-08,121.875,123.6777,121.5041,123.3327,765500
2015-12-09,122.979,123.393,120.3915,120.909,786600
2015-12-10,120.9607,121.9095,120.1931,120.7365,910000
2015-12-11,120.4173,121.7887,118.5974,119.2874,1275400
2015-12-14,119.2874,119.8912,116.7344,118.7613,1360600
2015-12-15,119.2874,120.5036,118.7699,120.1327,1138700
2015-12-16,120.8141,123.5914,120.8141,123.3068,1257400
2015-12-17,123.3413,123.7208,120.6588,120.6588,1072400
2015-12-18,120.3397,121.6508,119.0287,119.5203,4622100
2015-12-21,121.5644,123.1774,120.8313,121.9612,1074500
2015-12-22,122.289,123.1171,120.4777,123.0222,1018300
2015-12-23,123.2637,124.2814,123.0653,123.9364,652300
2015-12-24,123.7381,123.971,123.2723,123.3672,248500
2015-12-28,123.2637,123.5742,122.4874,123.5742,402000
2015-12-29,124.0745,124.9542,124.0227,124.4195,578200
2015-12-30,124.4971,124.799,123.7812,124.3505,533600
2015-12-31,123.6087,124.4712,122.7116,122.8583,780100
2016-01-04,121.6421,121.6853,119.4168,121.3489,1765900
2016-01-05,122.0993,124.1607,121.8233,123.8761,1753500
2016-01-06,123.3327,124.5575,122.4874,123.4448,2334900
2016-01-07,128.9477,133.0965,126.8863,129.0426,4601900
2016-01-08,129.2755,130.2415,126.4378,126.7914,1695400
2016-01-11,127.4124,128.1715,124.8852,126.8345,1521500
2016-01-12,127.8178,127.8264,124.7731,126.8259,1317000
2016-01-13,126.9036,126.9898,123.8934,124.316,1145300
2016-01-14,124.1175,124.6695,121.8318,123.5569,1861000
2016-01-15,121.9872,124.8163,121.7888,123.1257,2022700
2016-01-19,124.9111,126.1014,123.4276,125.6011,2069800
2016-01-20,123.9623,126.4895,122.5823,125.1871,2200600
2016-01-21,125.0405,126.11,122.7893,123.7295,1710000
2016-01-22,125.2993,128.7149,125.1181,128.3095,2077400
2016-01-25,128.7752,128.9477,126.9294,127.8695,1608700
2016-01-26,127.8696,130.2157,127.309,127.9817,1463200
2016-01-27,128.4647,129.0599,124.8939,126.0238,1695000
2016-01-28,126.5844,131.5009,126.5327,130.9488,2443600
2016-01-29,131.3369,131.9062,130.4658,131.5181,2058800
2016-02-01,131.8803,134.2781,131.7509,133.1396,1553400
2016-02-02,132.4754,133.3294,131.0178,131.5439,1253200
2016-02-03,131.5612,132.1736,127.7833,129.724,1831400
2016-02-04,128.9477,129.4221,125.4458,126.7483,3022600
2016-02-05,127.3101,127.457,119.1247,119.237,4864800
2016-02-08,117.154,117.9146,112.5643,116.644,4595500
2016-02-09,115.8921,119.9804,115.3216,117.6294,2175700
2016-02-10,118.8913,121.13,118.5024,119.9718,1689300
2016-02-11,118.7012,119.0556,116.1686,117.2145,1746400
2016-02-12,117.2145,119.6606,117.2145,119.3063,1201700
2016-02-16,120.7756,122.0635,119.2717,120.3953,1396700
2016-02-17,121.4326,123.1785,120.9831,122.7464,1796400
2016-02-18,122.8846,123.1526,120.6287,121.2942,1186700
2016-02-19,121.0954,121.4757,119.5137,120.5855,1309500
2016-02-22,120.8966,123.0229,120.525,121.5276,1584600
2016-02-23,121.009,121.5276,119.7125,120.5509,1358000
2016-02-24,119.9026,121.1819,118.632,120.2138,1485300
2016-02-25,120.7151,124.1984,118.9086,124.1552,1911000
2016-02-26,124.3886,124.8208,121.8215,122.7809,1332500
2016-02-29,122.4698,124.0861,122.2191,122.245,1044600
2016-03-01,123.1007,125.3221,122.876,124.9159,1250100
2016-03-02,124.1898,124.7775,122.8846,124.2762,1218200
2016-03-03,124.0947,124.9331,121.9598,124.8554,1145500
2016-03-04,124.4146,125.2703,123.4551,124.38,1282400
2016-03-07,123.2477,123.7576,119.2025,119.894,2861400
2016-03-08,119.6693,122.6599,119.1507,120.9831,1472300
2016-03-09,121.2424,122.0203,120.2397,121.251,1248900
2016-03-10,122.3747,122.513,120.7843,121.4412,1080000
2016-03-11,122.4352,123.0056,121.5017,122.7896,1293100
2016-03-14,123.5675,124.2244,121.856,122.6512,2100900
2016-03-15,122.392,125.2184,122.3056,124.5788,1234100
2016-03-16,123.8614,125.3308,123.0835,124.9332,901300
2016-03-17,124.9332,127.1978,124.622,126.9212,1247700
2016-03-18,127.1545,129.1858,126.4976,127.094,2678900
2016-03-21,126.8952,127.6645,126.5149,127.2323,1164600
2016-03-22,126.7742,129.2722,126.7742,129.1512,1474400
2016-03-23,129.1511,130.3093,128.8572,129.7475,1808200
2016-03-24,129.0388,129.8772,128.8314,129.566,1566000
2016-03-28,130.102,130.9058,128.9351,129.1426,1051300
2016-03-29,129.4018,130.2748,128.8487,129.4018,1716200
2016-03-30,130.0328,131.4676,129.4364,131.0354,1406100
2016-03-31,131.0182,131.58,130.2057,130.5947,1370800
2016-04-01,129.9637,132.3493,129.6525,131.969,1415300
2016-04-04,132.3925,132.4357,129.9378,130.9231,1682000
2016-04-05,130.5168,131.6232,129.3068,130.828,2194200
2016-04-06,136.5759,138.5985,134.8386,138.5899,4172300
2016-04-07,138.3305,138.6331,135.193,136.0227,2551100
2016-04-08,136.6538,138.2096,136.5673,137.4403,1341500
2016-04-11,137.3712,138.0626,136.0487,136.1092,1202200
2016-04-12,136.2302,136.8698,135.4004,135.6597,1447200
2016-04-13,135.7462,136.4117,133.9397,134.8818,2401100
2016-04-14,134.8904,136.7488,134.7262,135.5646,1237300
2016-04-15,134.9941,135.9363,134.4323,135.4522,1290600
2016-04-18,135.5905,137.1291,135.2794,136.6105,1181500
2016-04-19,137.06,137.6736,135.7634,135.9622,1536700
2016-04-20,135.945,136.2821,134.7781,134.8472,846000
2016-04-21,135.0028,135.5733,133.9397,134.1125,1188800
2016-04-22,134.0002,134.6139,133.1099,133.8446,1293800
2016-04-25,133.931,136.0919,133.8964,135.5646,961000
2016-04-26,135.8586,136.0401,134.9337,135.0547,703400
2016-04-27,134.8299,135.6684,133.8705,135.3918,863400
2016-04-28,134.562,135.8672,134.0261,134.4756,782500
2016-04-29,133.8879,135.9105,133.715,134.8905,858200
2016-05-02,134.8991,136.8612,134.8991,136.3685,916000
2016-05-03,135.6251,137.0254,135.0028,136.9908,1147700
2016-05-04,136.0919,138.2874,135.4264,137.2847,1195600
2016-05-05,136.939,137.7774,136.3685,137.5959,1279200
2016-05-06,137.6305,138.4537,136.9459,138.2891,1085800
2016-05-09,138.5144,140.6547,138.497,139.6062,1020100
2016-05-10,139.7622,141.7552,139.3636,141.6946,1614400
2016-05-11,141.6772,143.6789,140.7587,141.192,1596800
2016-05-12,141.4346,141.6079,139.8055,140.2908,1056000
2016-05-13,140.3774,140.6027,138.9736,139.9182,1388900
2016-05-16,139.173,141.4433,139.173,140.8367,707100
2016-05-17,140.2648,140.2648,136.5301,137.0413,1523700
2016-05-18,136.4607,136.4867,132.9599,133.8611,3098800
2016-05-19,133.6705,135.3169,133.5145,135.2562,1248000
2016-05-20,135.9755,135.9755,133.2199,133.5319,2329700
2016-05-23,133.8005,134.5891,133.5146,133.6965,1042000
2016-05-24,134.511,137.0326,134.511,136.6513,1229500
2016-05-25,136.582,137.0066,135.1002,135.9581,977500
2016-05-26,136.2354,136.998,135.6549,136.868,1042800
2016-05-27,137.0413,137.7519,136.6167,136.764,820500
2016-05-31,137.3879,137.3879,131.8941,132.7086,3243500
2016-06-01,132.7086,133.8178,132.284,133.2805,1731800
2016-06-02,133.0639,134.0691,132.44,133.5752,1008300
2016-06-03,133.2286,133.8612,132.6134,132.9253,1000300
2016-06-06,132.9686,134.5457,132.9686,134.3984,1093100
2016-06-07,131.7121,132.7953,129.3378,130.9409,3686700
2016-06-08,131.1922,134.4157,130.8456,133.4972,1952600
2016-06-09,133.6272,133.8092,132.5874,133.5319,1136700
2016-06-10,132.7174,133.4539,132.3621,132.9253,970100
2016-06-13,132.5787,133.4105,132.1107,132.4747,1238900
2016-06-14,133.9218,136.8593,133.9218,136.1487,2706600
2016-06-15,136.5821,137.05,134.5284,135.3863,1193500
2016-06-16,134.2077,135.9061,133.8784,135.8368,970100
2016-06-17,134.745,135.1869,133.2979,133.4885,1941300
2016-06-20,135.057,135.3256,133.7312,133.7312,1421500
2016-06-21,134.563,134.9617,133.7398,134.1731,1203500
2016-06-22,134.1818,134.9703,133.012,133.142,1417700
2016-06-23,134.3204,135.2043,133.5405,135.1696,1200500
2016-06-24,130.7503,134.3118,130.7503,132.1714,3791500
2016-06-27,132.0588,133.1766,131.3049,132.6653,1491600
2016-06-28,133.8612,136.712,133.0466,136.608,2338000
2016-06-29,137.8212,138.9823,136.8334,138.1158,2480000
2016-06-30,142.4571,144.0342,140.6808,143.3237,4467700
2016-07-01,143.6182,145.4986,141.2613,141.7725,1919700
2016-07-05,142.1538,144.71,141.2526,143.7568,1574900
2016-07-06,143.5662,144.6667,143.003,143.2716,1767600
2016-07-07,143.8435,144.3288,143.4796,143.8522,1438300
2016-07-08,144.5021,144.9527,143.1936,143.8349,1017100
2016-07-11,143.4276,143.6876,142.0238,142.2924,1337700
2016-07-12,143.0636,143.133,140.8973,141.8765,1384700
2016-07-13,141.7812,142.7257,141.4779,141.6946,990900
2016-07-14,142.1105,142.9684,140.8714,141.166,1001200
2016-07-15,141.5905,142.2231,141.2526,141.3219,931100
2016-07-18,141.0186,141.6772,140.594,141.3479,680900
2016-07-19,141.062,142.847,140.9147,142.1191,861900
2016-07-20,142.4311,144.2248,141.5992,144.1382,1263200
2016-07-21,143.2629,143.7048,142.5177,143.3149,944900
2016-07-22,143.4796,145.6892,143.4016,145.282,835300
2016-07-25,145.282,145.464,143.6443,144.1209,527100
2016-07-26,144.2681,144.4587,142.8643,143.3149,750800
2016-07-27,143.393,143.5836,140.1608,141.218,1264500
2016-07-28,141.3739,142.1191,140.646,141.7552,815100
2016-07-29,141.8332,143.159,141.7292,142.6564,801200
2016-08-01,142.925,143.4969,141.7812,142.0498,947000
2016-08-02,142.1018,142.1711,140.6027,140.9233,948500
2016-08-03,141.166,141.192,140.3861,140.984,632900
2016-08-04,141.4259,142.1798,141.1486,141.7812,680600
2016-08-05,141.8072,142.9683,141.1226,141.3133,873900
2016-08-08,141.5565,141.5913,140.2969,141.2872,569000
2016-08-09,141.3567,144.7879,141.2785,143.0245,826700
2016-08-10,143.1896,144.4057,143.0767,144.2928,760600
2016-08-11,144.6055,145.4394,143.3894,143.4502,635000
2016-08-12,143.5284,144.1625,143.1722,143.7716,740600
2016-08-15,143.7021,143.7194,142.9203,143.3286,687200
2016-08-16,142.816,143.7368,142.8074,142.8682,652200
2016-08-17,143.1982,143.7368,141.8692,143.5804,599300
2016-08-18,143.5805,144.1104,143.2938,143.5631,1057000
2016-08-19,143.3286,143.9106,143.1114,143.7629,598000
2016-08-22,143.9453,144.8313,143.6152,144.0061,815000
2016-08-23,144.5013,144.7358,144.2233,144.5186,586300
2016-08-24,144.232,145.0659,144.1972,144.7271,694000
2016-08-25,144.7618,145.5697,144.1972,144.7966,868900
2016-08-26,144.9356,146.5252,143.6066,143.8411,805500
2016-08-29,144.093,145.0051,143.9714,144.8922,674400
2016-08-30,144.2494,145.2396,143.3546,144.3275,855800
2016-08-31,144.1278,144.1278,142.0343,142.5034,1247900
2016-09-01,142.347,143.4415,142.347,143.1548,622700
2016-09-02,144.3015,145.839,143.9193,145.0659,545900
2016-09-06,145.0659,145.4916,144.4579,144.9357,790100
2016-09-07,144.397,145.0659,143.1896,144.1885,744000
2016-09-08,144.1972,144.562,142.5641,143.8063,1073800
2016-09-09,142.7553,143.511,141.0267,141.0267,1282400
2016-09-12,141.0266,143.372,141.0266,143.2156,1013800
2016-09-13,142.9811,143.207,139.4283,140.1232,1545200
2016-09-14,140.5576,141.7216,140.1927,141.2612,822300
2016-09-15,141.5913,145.0138,141.5913,144.6055,1355300
2016-09-16,143.4589,144.1886,141.1743,142.9898,1744900
2016-09-19,143.0159,143.6326,140.9311,141.3133,1320600
2016-09-20,142.2601,142.6076,141.461,141.461,794200
2016-09-21,142.5902,144.1885,141.791,144.0148,1050000
2016-09-22,144.3101,145.0919,143.7715,144.2146,1063700
2016-09-23,143.9887,145.3439,143.3633,144.7445,711400
2016-09-26,144.1972,144.9877,143.7716,143.8324,911900
2016-09-27,143.9279,144.9964,143.3981,144.1625,978000
2016-09-28,143.1635,144.0061,141.7042,143.5892,982200
2016-09-29,143.2244,143.2939,141.6782,142.1733,1001700
2016-09-30,143.0593,146.5252,141.6955,144.6228,1659700
2016-10-03,144.5881,144.5968,143.1461,143.7716,1240400
2016-10-04,144.0495,144.9616,143.4154,144.0669,1502400
2016-10-05,150.217,150.7556,145.8303,146.4557,4498600
2016-10-06,146.8032,149.2094,146.1257,148.5666,2157700
2016-10-07,149.0183,149.3483,145.6739,146.6642,1751000
2016-10-10,147.4981,149.2528,147.4981,148.749,1309100
2016-10-11,148.5926,148.6795,146.143,147.4199,1200000
2016-10-12,147.4199,148.497,147.0377,147.6718,849500
2016-10-13,146.8379,147.3331,146.1778,146.7511,993300
2016-10-14,147.0377,147.611,146.2733,147.2028,890900
2016-10-17,147.6718,148.0193,144.7965,145.1788,1516500
2016-10-18,145.839,146.4992,145.2049,145.2396,689000
2016-10-19,145.3265,145.7869,144.3102,145.3699,991900
2016-10-20,146.0735,146.0735,144.5881,145.0398,1079700
2016-10-21,145.4915,145.5263,143.8411,145.422,951300
2016-10-24,145.978,147.7588,145.7869,147.2984,1039100
2016-10-25,146.864,146.8813,145.9085,146.0561,834900
2016-10-26,145.7521,145.9259,144.232,144.6403,854000
2016-10-27,145.1788,145.5784,143.8498,143.8758,585800
2016-10-28,143.9627,145.6044,143.6239,144.2146,2021000
2016-10-31,144.7271,146.3689,144.3449,145.1701,931400
2016-11-01,144.979,145.6739,141.4783,141.9821,1566900
2016-11-02,141.9214,142.8248,141.7824,142.1993,1363800
2016-11-03,142.5728,142.5728,138.6812,139.0461,1781400
2016-11-04,139.046,140.2217,137.5134,138.9764,1634300
2016-11-07,141.3712,144.5759,140.8313,144.4975,1937300
2016-11-08,144.1753,146.1782,143.6528,145.0374,1465800
2016-11-09,133.0983,137.0432,131.3131,134.0301,7633900
2016-11-10,134.2652,135.11,127.9256,133.1245,5944700
2016-11-11,131.5134,133.2811,130.2506,132.7064,2771200
2016-11-14,132.1926,133.2376,128.3958,128.8312,3434900
2016-11-15,129.406,133.9866,129.0489,132.7413,3453100
2016-11-16,132.0969,134.7616,132.0969,133.5337,2000900
2016-11-17,134.1346,135.197,133.6295,134.8051,1517500
2016-11-18,134.7529,135.6237,134.152,135.1186,1875600
2016-11-21,135.1186,137.5918,135.1186,137.0606,1742200
2016-11-22,137.3741,137.7573,135.1709,136.2943,1430400
2016-11-23,135.9982,136.6861,134.0562,134.6048,1297900
2016-11-25,134.5874,136.303,134.1085,136.2159,594000
2016-11-28,135.8414,136.8603,135.7717,136.0852,980900
2016-11-29,135.9198,136.6948,135.3973,135.6759,1338200
2016-11-30,135.7108,135.7718,131.4176,131.6179,3313700
2016-12-01,130.9037,131.3653,126.2796,126.567,3603600
2016-12-02,126.1839,129.4408,125.4001,127.1592,2641400
2016-12-05,127.2985,129.8327,127.2985,129.6498,2010700
2016-12-06,129.3188,130.2071,128.2739,128.866,1573300
2016-12-07,129.1012,131.1302,128.5438,130.538,1650800
2016-12-08,129.4582,131.9662,129.345,131.5743,1262600
2016-12-09,131.4698,133.7775,131.4698,133.0809,1575300
2016-12-12,133.0896,134.3349,132.8719,133.5947,1097000
2016-12-13,133.9518,135.4844,133.6731,135.1622,1376200
2016-12-14,135.7543,137.2348,134.8922,135.4931,1669300
2016-12-15,134.9793,136.6339,134.8225,136.0591,1225700
2016-12-16,136.6426,137.7485,136.4249,137.3915,2441200
2016-12-19,137.348,137.8705,136.39,136.5207,1580700
2016-12-20,136.4597,136.512,130.7645,131.017,3201300
2016-12-21,131.9749,133.194,130.7992,132.1142,1274400
2016-12-22,130.8428,131.2086,128.2303,129.5279,2416100
2016-12-23,130.0156,131.8791,129.7543,131.3131,1247300
2016-12-27,131.496,132.1404,131.1302,131.6179,757400
2016-12-28,131.6701,132.8719,131.1215,132.7064,1019800
2016-12-29,133.0112,134.0388,132.9241,133.8821,947600
2016-12-30,133.8298,134.213,133.1331,133.5076,1145200
2017-01-03,134.988,135.2493,133.5076,134.7616,1991400
2017-01-04,136.8516,137.8966,136.0766,137.5831,2972300
2017-01-05,131.1041,131.8008,125.4001,127.7949,10511800
2017-01-06,128.0039,130.6861,127.4901,130.1374,4441900
2017-01-09,130.6251,131.4089,129.8414,130.8603,2129600
2017-01-10,130.6251,130.8602,129.824,129.9633,2152800
2017-01-11,129.7543,130.7558,129.2492,129.7543,1835800
2017-01-12,129.3189,129.3189,127.7601,128.4742,1973700
2017-01-13,128.6309,130.3552,128.3174,129.9981,1721700
2017-01-17,131.7485,136.5033,131.7485,133.8733,3708600
2017-01-18,133.8036,134.2739,130.9212,131.0431,2263100
2017-01-19,131.435,131.435,129.8239,130.2681,1560100
2017-01-20,130.2246,130.9213,129.1622,130.6949,1973800
2017-01-23,130.7122,133.8124,130.6687,131.9749,2470200
2017-01-24,131.7485,133.5598,131.1389,133.2812,1899500
2017-01-25,133.5686,134.422,132.9764,134.1868,2177500
2017-01-26,133.9169,134.6397,130.451,130.599,2790500
2017-01-27,129.8414,130.6251,128.8834,129.6846,2712500
2017-01-30,130.0678,130.0678,128.0039,129.1795,1566300
2017-01-31,128.8834,130.6686,128.8138,130.4161,1793900
2017-02-01,132.1578,132.3059,129.5192,130.4945,1700800
2017-02-02,131.0605,131.6614,129.7543,129.9894,1290500
2017-02-03,130.538,130.7818,129.554,129.8152,1671500
2017-02-06,129.6497,130.7296,129.2143,130.4248,940200
2017-02-07,131.1496,133.0094,131.1496,132.7213,1116500
2017-02-08,132.73,135.1836,132.73,134.974,2274900
2017-02-09,134.974,136.5894,133.9437,135.9781,2347500
2017-02-10,135.4456,136.1354,134.5025,135.7337,1555600
2017-02-13,135.6551,136.0568,134.4763,135.7686,1969200
2017-02-14,135.4368,136.8252,135.0876,136.1179,1160200
2017-02-15,135.7948,136.4846,135.3931,136.3973,941400
2017-02-16,136.799,138.5628,136.3537,138.4056,2291800
2017-02-17,138.0912,141.2608,137.3228,140.8592,2435200
2017-02-21,140.2829,140.6583,139.1216,139.7852,2186300
2017-02-22,139.1739,140.2043,138.5016,139.8812,1160800
2017-02-23,140.3439,141.872,133.8389,134.1183,3591900
2017-02-24,134.52,140.213,134.2493,138.7025,4422500
2017-02-27,138.0214,138.458,136.8252,137.7857,1918700
2017-02-28,137.838,139.2438,137.3578,138.6675,1528600
2017-03-01,139.7852,140.2742,138.8072,139.3661,1523800
2017-03-02,139.3573,139.3573,138.0039,138.3357,961700
2017-03-03,138.2397,138.7985,137.8729,138.6238,1364800
2017-03-06,138.5715,138.9557,137.5324,137.7857,1382500
2017-03-07,137.5236,138.2833,136.6068,137.2704,1460700
2017-03-08,136.6069,137.0347,135.6551,136.5457,1416800
2017-03-09,136.8426,136.8688,135.4368,136.0306,990000
2017-03-10,136.7728,137.5848,136.3886,137.5761,999900
2017-03-13,136.7465,138.3532,136.3536,138.3008,1251400
2017-03-14,137.9166,139.1215,137.5324,138.9382,1030100
2017-03-15,139.0779,141.7498,139.0779,141.5577,1773600
2017-03-16,141.3743,141.9506,140.8242,141.4878,1044800
2017-03-17,142.1253,142.2563,140.8767,141.2347,2301000
2017-03-20,141.287,142.134,140.8592,141.9332,814800
2017-03-21,142.8412,144.8408,142.4047,143.7319,2345700
2017-03-22,143.6184,144.3344,142.5182,143.3739,920700
2017-03-23,142.754,143.2342,141.6014,142.0816,1056500
2017-03-24,142.1689,143.4961,142.0467,143.2517,1151600
2017-03-27,142.6753,143.1818,141.9244,142.9198,1288900
2017-03-28,140.9814,142.3435,140.5448,141.8284,1225900
2017-03-29,141.5752,142.9897,141.1561,142.9286,820900
2017-03-30,142.9809,143.1032,141.6101,141.8371,1028900
2017-03-31,141.7847,142.6841,141.1211,141.5141,1229600
2017-04-03,141.5141,141.8546,140.3353,141.1561,1283100
2017-04-04,141.156,141.514,140.1693,141.025,1205100
2017-04-05,141.2347,142.5007,140.3702,140.929,1858900
2017-04-06,147.9144,153.1796,147.8358,149.9838,5960200
2017-04-07,150.1845,152.7167,148.6914,148.7613,2584900
2017-04-10,149.0844,150.0099,148.185,149.5472,1453400
2017-04-11,149.5122,150.0711,148.1152,148.7439,1030800
2017-04-12,148.3334,148.8399,147.8008,148.4033,1234600
2017-04-13,148.351,148.5954,147.0761,147.5215,1358800
2017-04-17,149.1892,149.3987,147.3119,148.543,1342200
2017-04-18,148.4383,150.5775,148.2811,150.368,1231500
2017-04-19,150.4291,151.1887,149.7044,150.1322,1030400
2017-04-20,150.2282,151.2062,149.6956,151.0141,966300
2017-04-21,150.5949,150.9529,149.6345,150.2631,992800
2017-04-24,150.9442,151.5118,150.6648,151.0839,1074200
2017-04-25,151.0578,151.5904,150.6387,150.6561,1410700
2017-04-26,150.9006,151.3284,148.1763,148.8574,1978400
2017-04-27,149.7567,150.333,148.9534,149.3638,1088400
2017-04-28,149.3115,150.822,148.7439,150.6561,1083700
2017-05-01,151.0578,151.2237,150.0449,150.2457,538800
2017-05-02,150.9006,153.2843,150.5862,152.4373,1521000
2017-05-03,152.5509,152.5509,150.6299,151.7039,853600
2017-05-04,151.7039,155.0044,151.7039,154.725,1338000
2017-05-05,155.3799,155.9998,153.8693,155.8689,1224600
2017-05-08,156.4031,157.4977,155.2034,157.2088,1149400
2017-05-09,157.1299,157.2087,155.396,155.6762,1126500
2017-05-10,156.0003,156.0003,155.072,155.5011,937200
2017-05-11,155.6937,156.333,154.9406,156.1316,1043600
2017-05-12,155.9914,156.6395,155.6149,156.3768,607000
2017-05-15,156.4031,157.9356,156.1316,157.8743,1195000
2017-05-16,159.9935,161.0094,158.9602,159.5644,2515100
2017-05-17,159.5645,160.1424,158.1633,158.2246,1087600
2017-05-18,158.4085,158.75,156.7446,158.3647,1262300
2017-05-19,158.8989,161.3421,158.5574,160.2037,1043300
2017-05-22,160.2562,161.7712,160.0723,161.2545,1213000
2017-05-23,161.7362,162.9359,157.7692,158.3822,2984100
2017-05-24,158.3384,158.3384,155.2296,156.6045,2613600
2017-05-25,157.6466,159.3104,156.3067,157.7517,1606900
2017-05-26,157.2788,158.9339,157.1825,158.4435,583000
2017-05-30,157.6553,158.7587,157.1825,158.0757,1416500
2017-05-31,158.4172,160.2124,158.0845,160.0373,1577700
2017-06-01,160.5364,161.7362,159.722,161.7362,1044100
2017-06-02,162.6382,163.2862,161.2808,161.8063,758300
2017-06-05,161.3421,161.8851,159.8534,161.5786,716800
2017-06-06,161.5785,163.365,161.3596,162.7345,1140400
2017-06-07,162.0164,162.8308,160.265,161.6048,1139700
2017-06-08,161.6048,161.6048,159.1703,160.6503,1190200
2017-06-09,160.9744,161.4823,158.4611,158.5049,1474200
2017-06-12,158.3471,158.6624,154.3101,156.8759,1975100
2017-06-13,157.2087,157.5415,156.2892,157.235,1193600
2017-06-14,158.3472,158.8288,157.1913,157.5415,1340800
2017-06-15,156.946,158.3122,156.3768,157.8918,785300
2017-06-16,157.9181,158.7588,157.1913,158.3997,1108800
2017-06-19,158.4085,160.878,157.7429,160.5014,1174100
2017-06-20,160.8955,162.3842,160.8605,161.6136,1052400
2017-06-21,161.4822,162.1916,160.5628,161.5698,926800
2017-06-22,161.5611,162.1741,160.6066,161.2283,852700
2017-06-23,161.2808,162.6819,160.7291,161.6311,1100000
2017-06-26,161.9814,162.0164,159.6782,159.7921,1187500
2017-06-27,158.7763,160.0023,158.0319,159.6257,1302000
2017-06-28,160.4576,161.7537,159.2929,160.8517,2145500
2017-06-29,172.8052,172.8753,168.1902,168.8295,6167200
2017-06-30,170.4408,172.2273,169.0397,169.6527,3097500
2017-07-03,170.0117,170.397,167.8574,167.9012,969100
2017-07-05,167.621,170.5984,167.3145,169.8191,1450500
2017-07-06,168.9171,170.4058,168.6631,169.679,1187000
2017-07-07,170.1431,170.3357,168.8908,169.4688,723500
2017-07-10,169.9942,170.7298,168.9258,169.7315,914300
2017-07-11,169.5826,169.9591,168.5755,169.7928,873300
2017-07-12,170.7649,173.2694,170.3182,172.6039,1592000
2017-07-13,172.998,173.0593,171.2378,171.8595,955900
2017-07-14,172.166,173.7948,172.1047,173.6722,736200
2017-07-17,173.751,174.8282,171.9646,172.166,1817700
2017-07-18,172.5163,173.5496,171.9908,172.6739,1541200
2017-07-19,172.9629,173.716,171.6406,173.6547,986800
2017-07-20,173.8561,175.0471,172.5163,173.4971,1575800
2017-07-21,173.0242,173.9875,172.455,173.8474,707900
2017-07-24,172.1134,172.5951,171.2202,171.6405,1285200
2017-07-25,171.6406,171.6406,169.5739,169.6001,1488000
2017-07-26,170.3708,170.8524,169.0747,169.3462,1636400
2017-07-27,170.0993,171.4304,169.0309,170.2919,1627300
2017-07-28,170.5722,171.5442,169.9855,170.4058,807800
2017-07-31,170.2394,170.5897,168.8908,169.3199,1528300
2017-08-01,170.0818,171.912,169.9592,170.5459,1551100
2017-08-02,170.8525,171.0101,167.8838,169.4601,1746800
2017-08-03,169.8891,170.686,168.9346,169.0484,749700
2017-08-04,169.2148,170.2832,168.2253,169.7315,744100
2017-08-07,170.0388,171.4086,169.4768,171.1979,773800
2017-08-08,171.2593,172.3833,170.2057,170.9432,878100
2017-08-09,170.6096,171.7862,169.951,171.5667,937300
2017-08-10,171.4437,172.5326,170.2759,170.952,1036500
2017-08-11,171.2242,173.6038,171.2066,171.7949,897800
2017-08-14,173.0243,174.2799,172.2955,173.1472,941300
2017-08-15,173.1384,174.5345,172.2428,174.4731,775600
2017-08-16,174.7365,175.0351,173.9375,174.3589,866400
2017-08-17,174.4204,174.9911,172.9277,173.0506,780400
2017-08-18,172.6818,174.2097,172.0057,173.7531,776100
2017-08-21,174.0077,174.2887,172.9277,173.9638,702300
2017-08-22,173.9989,174.517,172.0671,172.752,941000
2017-08-23,172.7432,173.5247,172.111,172.7432,418200
2017-08-24,174.2185,175.4302,172.1726,172.875,1267500
2017-08-25,173.3667,175.0263,172.8838,174.1394,689200
2017-08-28,174.2975,175.0263,173.0857,173.7531,1336100
2017-08-29,173.2262,174.8067,173.1999,174.2096,715900
2017-08-30,174.2096,175.6146,174.0428,175.2106,1127300
2017-08-31,175.3775,176.1765,175.0877,175.7024,1937500
2017-09-01,176.0976,176.3171,174.0341,175.8166,992600
2017-09-05,175.7199,176.6683,174.7102,176.5717,1074400
2017-09-06,176.8351,177.9941,173.6916,177.8273,2060000
2017-09-07,178.2137,178.9073,176.6068,177.5551,814800
2017-09-08,177.5112,178.7405,177.5112,177.7132,846500
2017-09-11,178.5561,179.5396,178.0556,178.8635,1015500
2017-09-12,178.8459,180.1103,178.7669,179.6713,1287100
2017-09-13,179.6537,179.8996,179.0127,179.522,1191400
2017-09-14,179.5308,179.7151,179.2234,179.4605,812500
2017-09-15,179.5659,179.6098,178.4947,178.6,1399000
2017-09-18,178.7054,179.961,178.4595,179.039,828500
2017-09-19,179.0566,179.3727,177.1863,177.6605,1200600
2017-09-20,177.441,178.2049,175.8429,177.1688,831900
2017-09-21,177.1161,177.4585,176.2643,176.5102,645500
2017-09-22,176.8439,177.3532,176.2117,177.2039,736800
2017-09-25,177.3532,177.6869,175.4566,176.1502,628200
2017-09-26,175.6146,177.1073,173.2614,176.0097,1309600
2017-09-27,176.0097,176.4136,174.0779,175.4389,1283300
2017-09-28,174.9121,175.5356,173.437,174.9999,1906800
2017-09-29,175.0438,176.2292,174.8068,175.1316,1253800
2017-10-02,175.9571,177.9942,174.9824,175.0439,2017400
2017-10-03,175.2283,176.3083,174.2448,174.8068,1960000
2017-10-04,175.5706,177.5902,174.9736,176.6507,3141400
2017-10-05,185.932,187.3808,181.7611,183.7368,4951900
2017-10-06,183.7631,184.6148,182.1035,184.4919,1776900
2017-10-09,184.2636,184.65,182.4899,182.806,745600
2017-10-10,180.3386,183.166,180.2684,182.604,1670000
2017-10-11,182.9465,183.5963,182.0597,182.4109,972300
2017-10-12,182.4723,183.1309,181.8489,182.1123,1321700
2017-10-13,182.7007,183.3856,180.7513,183.1309,1011600
2017-10-16,183.2011,185.326,182.7269,184.7904,1218300
2017-10-17,184.492,187.8199,184.2812,187.5916,2758600
2017-10-18,187.5564,188.373,185.2119,185.9671,1255100
2017-10-19,185.9144,186.7837,184.7202,186.1339,977600
2017-10-20,186.2393,186.4149,185.2032,185.4929,1191500
2017-10-23,186.0724,186.3885,185.0539,185.8968,598800
2017-10-24,186.0373,186.9944,185.7124,186.7222,1092300
2017-10-25,187.2052,187.7408,185.73,186.573,900400
2017-10-26,186.6607,187.1876,185.5544,185.9231,836100
2017-10-27,186.1691,186.7662,184.7466,186.0637,801400
2017-10-30,187.8374,188.3467,185.809,187.0295,1082400
2017-10-31,188.1271,192.5526,187.9076,192.377,1727300
2017-11-01,192.6229,192.7897,189.5408,189.6638,1152700
2017-11-02,189.2511,190.0501,187.53,188.1886,1043300
2017-11-03,188.3642,190.375,188.3642,189.5847,853200
2017-11-06,189.9104,190.7642,189.2855,189.9456,789600
2017-11-07,190.0689,190.5706,189.0831,189.664,1556200
2017-11-08,190.1128,191.7852,189.5143,191.5563,1757500
2017-11-09,191.4419,192.2517,190.5881,191.9964,616300
2017-11-10,192.3221,192.7622,191.7148,192.4718,672100
2017-11-13,192.7622,194.9627,192.4717,194.3113,885400
2017-11-14,194.3377,194.6282,191.5475,191.9612,1064600
2017-11-15,193.0527,199.9798,189.9368,191.1427,1254600
2017-11-16,192.3485,192.9911,191.1603,191.3011,1233800
2017-11-17,191.1603,191.2219,189.4791,190.3769,880400
2017-11-20,190.8258,191.7588,190.4297,191.5123,1108000
2017-11-21,191.7324,193.9241,191.486,193.4312,860800
2017-11-22,193.5984,194.2497,191.9436,194.0385,616600
2017-11-24,194.461,195.2972,193.6072,195.2972,303000
2017-11-27,195.2355,195.394,193.4223,193.748,812000
2017-11-28,193.8097,194.6194,192.595,193.66,1117900
2017-11-29,194.0737,194.6018,187.1906,188.6781,1560100
2017-11-30,188.6869,191.794,187.5515,191.5211,1542100
2017-12-01,191.5827,192.5598,189.9896,192.4101,1082200
2017-12-04,192.9295,193.1935,188.6517,190.4209,1699300
2017-12-05,190.4297,191.8116,189.972,190.8434,1123600
2017-12-06,191.2922,192.6477,190.7729,190.9402,964200
2017-12-07,191.2571,192.2253,190.6674,190.8698,886300
2017-12-08,191.2835,191.8997,190.8874,191.8644,1342600
2017-12-11,193.3784,193.5192,190.0689,193.0879,1357100
2017-12-12,193.748,196.6879,192.2165,193.6512,1693800
2017-12-13,193.4928,194.373,191.8468,192.3925,1104800
2017-12-14,192.9647,197.4977,192.771,196.0629,1319800
2017-12-15,197.4008,197.9025,194.9451,197.5505,2446400
2017-12-18,197.7001,199.2228,194.9627,195.7725,1453100
2017-12-19,196.4678,197.612,195.9573,196.4854,1366700
2017-12-20,196.4766,197.084,194.5666,196.7319,1193100
2017-12-21,197.4536,198.457,196.4414,197.6913,977000
2017-12-22,197.8585,198.017,195.482,196.9959,949700
2017-12-26,197.48,199.214,196.7319,198.4922,1545600
2017-12-27,198.7299,199.2404,196.7935,198.9059,1348000
2017-12-28,201.1153,201.5466,198.5627,200.6664,1866500
2017-12-29,200.7896,201.9338,199.8038,201.1857,1827900
2018-01-02,201.5642,201.9691,198.7564,199.4165,2346900
2018-01-03,199.5397,201.3705,198.9324,200.2439,1715100
2018-01-04,201.0008,202.0042,197.7881,198.7387,2784500
2018-01-05,194.0385,196.1597,190.3417,193.5368,10175300
2018-01-08,193.5368,193.7832,188.3612,190.861,4978400
2018-01-09,190.7994,195.8869,190.5617,195.4732,2331400
2018-01-10,195.218,195.3412,192.1021,193.0791,3418500
2018-01-11,193.4488,194.4522,192.2341,192.8063,2096000
2018-01-12,193.2023,193.6248,190.905,191.4595,4266200
2018-01-16,191.838,193.6424,191.1779,191.6708,2205200
2018-01-17,191.8996,193.8096,191.838,192.9559,1924000
2018-01-18,193.1055,193.528,189.6023,191.2571,1962600
2018-01-19,191.882,193.2639,191.5387,192.1285,2235200
2018-01-22,191.8556,193.4752,191.8556,193.0439,1699000
2018-01-23,192.8238,194.593,192.1901,194.3289,1609900
2018-01-24,194.7162,196.7319,193.3519,195.4292,2354800
2018-01-25,196.1334,196.5383,194.5138,194.7955,1429300
2018-01-26,194.9803,197.0576,194.5931,196.8463,1329300
2018-01-29,196.5823,197.0312,194.2233,194.2938,1304500
2018-01-30,193.4136,194.7339,191.8997,193.6864,1006100
2018-01-31,193.9681,195.086,192.8767,193.1759,1670400
2018-02-01,192.9294,194.681,192.4893,194.2497,986000
2018-02-02,193.3431,194.1705,189.3383,190.0248,1745200
2018-02-05,188.7133,190.4473,185.0341,185.7207,1994600
2018-02-06,183.5818,191.1339,182.8777,190.3769,2718300
2018-02-07,189.9016,191.4331,188.4053,188.4933,1791700
2018-02-08,189.0668,190.3638,184.0904,184.1698,2242700
2018-02-09,186.2257,187.0198,180.5258,185.5198,2881800
2018-02-12,186.1816,189.9668,186.1816,187.9462,3131600
2018-02-13,188.0345,189.5345,186.3934,188.3521,1411700
2018-02-14,187.9198,189.8521,186.6051,188.8197,1204800
2018-02-15,189.3403,191.4844,187.9992,191.2991,1487400
2018-02-16,191.1933,194.2902,191.008,193.6285,1499300
2018-02-20,192.5961,193.7079,191.3609,191.7579,1020500
2018-02-21,192.6402,194.6872,184.4257,188.6344,2879500
2018-02-22,189.0756,191.4668,187.6639,188.0345,1583400
2018-02-23,188.8197,191.8814,187.858,191.8726,1498600
2018-02-26,191.8638,193.0726,190.408,192.3844,1148700
2018-02-27,191.8903,193.9108,191.0432,192.3932,2150000
2018-02-28,193.5138,193.5844,190.1256,190.1256,1314100
2018-03-01,190.7962,191.2638,188.4492,190.5403,1541300
2018-03-02,190.3021,194.149,188.7492,193.9726,1643400
2018-03-05,192.6844,193.849,191.9167,193.6902,1042400
2018-03-06,194.0961,196.8843,193.2314,196.3725,1200900
2018-03-07,194.2285,197.8813,193.6638,197.5637,1384500
2018-03-08,198.4284,201.393,197.696,200.9077,1553100
2018-03-09,201.94,203.2459,201.0048,203.2371,1766600
2018-03-12,203.3782,204.5517,201.7812,203.0694,1760000
2018-03-13,203.1842,203.2901,200.3872,201.1195,1119200
2018-03-14,201.5077,201.6401,199.2049,200.6342,672200
2018-03-15,200.7577,202.0548,199.7695,200.1931,1048900
2018-03-16,200.7489,202.2224,199.5489,201.6489,1263500
2018-03-19,201.2077,201.4107,198.6754,199.7166,891300
2018-03-20,200.1489,201.6048,198.9931,200.8283,982500
2018-03-21,201.2166,201.2166,198.896,199.4695,1350500
2018-03-22,199.1254,200.193,197.5725,197.846,1101400
2018-03-23,197.9608,198.7284,193.7873,194.9255,2232800
2018-03-26,196.4873,197.6872,193.1256,194.4226,1839800
2018-03-27,195.2785,196.6725,191.9785,192.7638,1851600
2018-03-28,192.7638,195.6755,191.6873,194.5461,1836600
2018-03-29,202.8489,203.7312,197.6519,201.1018,4307500
2018-04-02,202.4783,202.7606,199.8401,201.3136,2385200
2018-04-03,199.6901,200.2901,197.8196,198.6048,2757000
2018-04-04,197.6431,200.6607,196.4078,199.8048,1882300
2018-04-05,200.8283,203.8812,200.4401,202.8753,1900900
2018-04-06,202.0548,204.0136,200.2019,200.4578,1681800
2018-04-09,201.1724,201.7901,199.3548,199.5931,1155100
2018-04-10,200.6695,200.8901,198.6578,199.4695,870800
2018-04-11,198.6225,199.8137,197.7137,198.9225,1311100
2018-04-12,200.0519,200.8283,197.7843,197.8372,1177700
2018-04-13,198.799,199.3284,196.2049,197.5461,1261300
2018-04-16,199.5225,201.4548,198.949,200.3078,951700
2018-04-17,200.8636,205.7518,200.2107,204.1724,1530900
2018-04-18,204.2254,205.54,203.6607,204.843,1595300
2018-04-19,203.6518,204.5254,201.349,202.6019,1123600
2018-04-20,202.3283,202.9283,200.1313,200.8018,1183200
2018-04-23,200.7224,201.9842,199.9901,201.4018,880000
2018-04-24,202.3372,202.5225,198.049,199.6107,1025100
2018-04-25,198.8695,200.7312,198.3401,200.1754,828200
2018-04-26,201.1724,202.8577,200.7666,201.8165,774000
2018-04-27,201.8254,206.8018,201.5607,206.6606,1410400
2018-04-30,206.9077,208.7782,205.2224,205.6989,1341400
2018-05-01,204.993,205.4253,200.9078,202.6548,954800
2018-05-02,201.6489,202.2754,198.2608,200.1137,2866300
2018-05-03,200.0783,200.5989,197.3872,197.7048,1256100
2018-05-04,197.6078,197.8989,193.4608,195.2431,1962200
2018-05-07,195.4108,197.5725,195.349,197.4666,1395200
2018-05-08,196.399,197.5548,194.6784,195.402,1424300
2018-05-09,195.5347,197.208,193.5428,196.5086,1264300
2018-05-10,198.111,198.2172,194.676,195.1098,1631000
2018-05-11,195.0036,195.9774,194.3219,194.9682,1167400
2018-05-14,195.4728,196.9247,195.3931,196.3758,1739100
2018-05-15,195.2426,196.5351,194.7468,196.3315,1169700
2018-05-16,196.4554,198.4739,195.8534,196.0571,934500
2018-05-17,196.3492,197.4735,195.7384,196.6679,820900
2018-05-18,195.6498,196.4377,194.676,195.0301,1676700
2018-05-21,195.6853,195.9066,193.171,194.1803,1186000
2018-05-22,194.2688,194.5698,190.2938,191.1526,2164300
2018-05-23,190.6923,193.0383,190.6923,191.7369,1475700
2018-05-24,191.8431,192.4362,189.8954,192.0733,1244500
2018-05-25,192.3565,193.2153,191.5421,191.9405,994300
2018-05-29,192.0113,195.4197,191.8962,194.5344,1594300
2018-05-30,195.2072,199.855,195.0036,199.0494,1705100
2018-05-31,199.0405,199.0405,196.7388,197.4913,1302500
2018-06-01,198.2969,198.3589,196.3935,197.1991,1586800
2018-06-04,197.748,200.1649,196.7919,199.9258,1609000
2018-06-05,200.3331,201.5548,198.8369,199.4301,1283500
2018-06-06,198.5625,200.7226,197.9782,198.6244,1660700
2018-06-07,198.4651,199.8727,197.3939,197.8897,1070600
2018-06-08,198.2703,202.2275,198.1021,201.2094,1072400
2018-06-11,200.2091,201.4397,199.315,200.156,1025100
2018-06-12,199.6248,204.2461,199.6248,203.3608,1532300
2018-06-13,203.5112,204.6887,202.3249,202.9358,996100
2018-06-14,204.0247,205.6006,203.83,205.5474,1098300
2018-06-15,203.6175,206.3353,202.6525,206.2911,2371600
2018-06-18,205.2641,205.7953,203.9893,205.6182,1082400
2018-06-19,205.6714,206.3619,204.8923,205.2553,880800
2018-06-20,206.5124,207.3888,204.8658,204.9454,975400
2018-06-21,206.1051,206.3619,203.3873,204.8215,940700
2018-06-22,205.0871,206.1671,204.2018,204.9631,1306200
2018-06-25,204.7241,204.7241,201.1564,201.8823,1373500
2018-06-26,202.6525,205.9547,201.3423,203.3076,1232400
2018-06-27,202.0505,205.5652,202.0505,203.0952,1845000
2018-06-28,203.6175,206.2734,202.6349,205.6803,2090900
2018-06-29,195.3046,198.4297,190.5594,193.7642,10214900
2018-07-02,191.2853,192.87,189.1606,191.1437,3523600
2018-07-03,190.3381,191.4978,187.7973,190.3292,1205900
2018-07-05,190.5063,191.7723,189.7361,190.9932,1530300
2018-07-06,190.9047,191.1703,189.5679,190.3204,1480600
2018-07-09,190.7188,194.499,190.586,193.2596,1645200
2018-07-10,192.4716,193.835,191.2765,192.9762,1083300
2018-07-11,192.3565,192.8257,191.1525,192.4185,979700
2018-07-12,193.171,193.472,191.8254,192.569,1100900
2018-07-13,192.3211,193.1002,190.3735,190.7807,1962600
2018-07-16,190.6479,191.4181,187.6114,188.9659,2234700
2018-07-17,189.2049,190.6657,189.1164,189.32,1931600
2018-07-18,189.4528,189.9486,187.1068,189.7715,2458400
2018-07-19,188.8419,192.4097,188.8419,191.064,1196200
2018-07-20,190.6037,192.1264,190.3381,191.188,993200
2018-07-23,191.2234,192.0024,189.8069,190.3381,893700
2018-07-24,190.3469,191.2057,189.1606,189.984,1546000
2018-07-25,189.5767,190.9755,189.5767,190.4709,1733800
2018-07-26,190.2938,191.1349,189.5591,190.0106,1552600
2018-07-27,189.5059,191.064,188.5143,189.4085,1578300
2018-07-30,187.8947,189.5856,184.805,185.6195,2128300
2018-07-31,186.0444,186.6464,184.3977,186.1152,2519900
2018-08-01,186.0355,186.5047,184.5482,184.5482,1556500
2018-08-02,184.3623,185.9116,183.5302,184.0879,1588300
2018-08-03,183.6984,189.8954,181.795,189.4616,3461100
2018-08-06,188.9925,190.2761,187.3724,188.1426,1516300
2018-08-07,188.1426,192.5337,187.9567,192.2238,1894300
2018-08-08,191.6926,191.9227,189.4439,189.8157,1906100
2018-08-09,190.0823,192.3387,189.2206,190.8019,1038700
2018-08-10,190.1089,190.8285,189.1406,189.4871,1151400
2018-08-13,189.2206,190.1178,188.9363,189.9579,1136700
2018-08-14,191.0417,197.4112,190.4998,197.047,4415500
2018-08-15,185.4362,188.8031,179.0133,185.0186,10095100
2018-08-16,185.8448,186.1113,179.0488,179.875,5190100
2018-08-17,179.7506,181.705,176.6503,181.1631,3754000
2018-08-20,176.9612,181.0476,176.8635,180.2481,2556900
2018-08-21,180.337,182.0693,177.7252,178.1072,2943700
2018-08-22,179.1821,181.7139,177.8407,180.6568,2467500
2018-08-23,180.2037,182.4157,179.5819,182.0071,1900300
2018-08-24,181.7672,185.4095,181.7672,184.4234,2190800
2018-08-27,186.5555,187.2662,184.4856,186.7865,3046200
2018-08-28,187.1685,187.7814,183.2419,184.0414,2077800
2018-08-29,184.5744,186.5022,184.148,185.8892,1506800
2018-08-30,185.294,187.1329,184.8498,185.4539,1835600
2018-08-31,185.3562,186.4756,184.2102,184.9565,1980400
2018-09-04,184.7433,187.7104,183.313,187.5416,1717300
2018-09-05,187.7815,187.888,184.7255,186.3334,1973600
2018-09-06,185.8448,186.3689,183.3396,185.3295,1687100
2018-09-07,186.4666,188.0923,184.7077,188.0835,2115300
2018-09-10,185.7649,190.5531,185.223,188.3855,2217400
2018-09-11,188.3322,192.5519,187.9502,191.2283,2618800
2018-09-12,191.5836,194.6662,191.3615,191.8768,1922200
2018-09-13,192.3298,193.4403,190.4643,190.8463,1723200
2018-09-14,187.8081,190.2333,187.204,188.3767,2111100
2018-09-17,189.3983,190.0201,186.751,188.6254,1941900
2018-09-18,188.5188,190.8818,187.7193,189.6825,1391000
2018-09-19,193.5647,194.1066,190.3666,191.1483,1896100
2018-09-20,191.1749,194.9327,190.5531,194.1687,1882700
2018-09-21,193.6624,195.0837,192.4542,192.7207,2055300
2018-09-24,192.2321,192.7918,191.2727,192.17,928600
2018-09-25,191.4237,192.6496,189.1495,190.562,1555800
2018-09-26,191.4059,192.2854,189.6736,189.8957,1338200
2018-09-27,189.6647,192.2232,189.6647,190.944,1128100
2018-09-28,192.0811,194.6218,191.1749,191.548,2434100
2018-10-01,192.161,192.3742,189.0873,189.5049,1341700
2018-10-02,189.114,190.3133,188.1279,188.9807,1765500
2018-10-03,189.7624,189.9135,187.0174,187.2306,2627300
2018-10-04,199.2679,200.556,192.0633,197.3046,7428400
2018-10-05,199.1436,200.103,196.1765,198.2641,3759300
2018-10-08,198.6727,203.3543,198.4683,203.1411,3029200
2018-10-09,202.3861,202.8392,200.0853,201.0092,2443100
2018-10-10,201.9863,202.2794,196.6739,196.8693,2217700
2018-10-11,196.5318,197.1714,193.2182,193.4581,2343700
2018-10-12,196.5584,201.0269,195.4746,200.4939,2967200
2018-10-15,199.2679,201.5599,197.8288,198.7349,1583700
2018-10-16,201.9241,202.2794,199.4367,201.622,1636100
2018-10-17,201.7109,202.546,199.0014,201.8353,1165200
2018-10-18,202.3061,202.9812,199.0547,199.9608,1991000
2018-10-19,200.5472,200.5472,197.4557,198.042,1883500
2018-10-22,198.3974,201.9686,194.5508,194.6929,2563000
2018-10-23,192.5519,194.0621,187.6659,190.8907,2808200
2018-10-24,190.482,191.3349,188.0213,188.4921,2330400
2018-10-25,188.2612,191.6192,186.3601,189.3539,1712800
2018-10-26,187.4527,188.2878,182.9043,186.5199,3008100
2018-10-29,187.4617,189.1407,178.3471,180.1149,2570300
2018-10-30,178.4181,179.0844,174.3494,176.3127,3477300
2018-10-31,177.6808,180.106,176.4904,176.9879,2978700
2018-11-01,177.4054,178.7113,176.8102,178.4537,1783000
2018-11-02,178.6846,179.8039,176.9257,178.8445,1877100
2018-11-05,179.2101,179.228,175.8576,178.5949,1605800
2018-11-06,178.791,182.2595,178.5324,181.8939,2303900
2018-11-07,183.2135,184.9522,182.6072,184.3459,2041800
2018-11-08,184.8987,185.6745,182.0098,182.5359,1459300
2018-11-09,182.2417,182.3754,179.2547,181.1182,1654400
2018-11-12,181.0558,182.5359,179.7718,180.0839,1309100
2018-11-13,179.5757,180.1107,177.5071,178.0064,2316900
2018-11-14,177.7924,178.7732,174.9392,175.9289,2265200
2018-11-15,176.0626,176.4728,173.8781,176.0448,1304500
2018-11-16,175.0997,176.5709,173.8781,175.2334,2436300
2018-11-19,174.7787,174.9303,171.0606,172.4337,3845900
2018-11-20,170.3383,171.8095,167.5118,170.053,2363900
2018-11-21,170.5077,174.3864,169.9282,173.1648,1684800
2018-11-23,172.9775,174.3328,171.5242,171.9432,470200
2018-11-26,173.8068,174.0208,172.1484,173.0757,1329400
2018-11-27,173.9851,176.3033,173.6017,174.5825,2269500
2018-11-28,175.2066,179.9323,174.7341,179.5043,2012900
2018-11-29,177.5517,179.8521,174.8411,174.9481,2909400
2018-11-30,174.8233,176.2499,173.7622,174.5468,1663000
2018-12-03,175.162,176.8562,172.7725,176.7313,2351700
2018-12-04,176.0983,176.232,170.2492,170.4542,2192300
2018-12-06,169.4556,170.5969,167.5475,170.053,1666400
2018-12-07,170.5523,171.9611,167.0393,168.1716,1437700
2018-12-10,168.7334,168.8047,164.7389,167.0036,1915000
2018-12-11,168.5283,170.6593,167.5564,168.3143,2041000
2018-12-12,170.3383,170.3383,166.4241,166.4954,2267500
2018-12-13,165.9069,166.852,160.6462,162.8397,2311000
2018-12-14,161.948,163.1606,160.7086,161.627,1330800
2018-12-17,160.8423,161.9212,155.6708,156.9726,2739400
2018-12-18,156.7051,156.9281,152.5412,153.9143,3488200
2018-12-19,153.9411,157.2847,152.8711,153.4418,3539400
2018-12-20,153.4596,154.164,147.9493,148.7964,2519400
2018-12-21,148.6983,150.1606,144.4363,144.6057,3163500
2018-12-24,143.3931,143.8924,139.3183,139.9424,1541000
2018-12-26,140.843,145.7737,140.2366,145.7113,1908400
2018-12-27,144.1866,145.7915,141.4493,145.7826,1734000
2018-12-28,146.9596,147.6818,144.0172,145.212,1963800
2018-12-31,145.7826,146.2284,142.2339,143.3931,1952800
2019-01-02,142.7154,147.5748,142.0378,146.2641,1747200
2019-01-03,145.426,146.5138,143.4822,144.0885,2392000
2019-01-04,145.3547,148.6537,144.5879,148.5645,3369600
2019-01-07,151.0879,153.6558,149.8663,151.6853,3553100
2019-01-08,153.0495,154.6098,151.6763,153.6647,3418600
2019-01-09,136.0727,143.7853,134.0754,134.5837,17157500
2019-01-10,139.5412,143.9815,138.703,142.5995,7659000
2019-01-11,142.6619,143.3128,140.1653,141.9575,3835100
2019-01-14,141.0748,144.2223,141.0748,143.4287,2874500
2019-01-15,143.6338,143.6338,141.6544,143.1345,1823600
2019-01-16,142.8759,144.1509,141.6098,142.5549,1917900
2019-01-17,141.8505,143.4198,140.1119,142.9829,1725500
2019-01-18,144.2579,148.1009,143.9994,146.3622,2952200
2019-01-22,147.9939,149.7237,145.7559,146.8793,2553400
2019-01-23,147.3608,147.9761,146.4692,147.6462,2700400
2019-01-24,147.4678,147.7888,145.9699,146.9328,2163200
2019-01-25,148.0118,149.1798,147.8869,148.7251,2349200
2019-01-28,148.511,150.3121,147.7442,149.7058,2636500
2019-01-29,149.7236,150.2408,149.1173,149.9287,3067000
2019-01-30,150.3122,152.1757,149.9109,152.1222,2486600
2019-01-31,152.5591,154.9397,151.712,154.8416,2457300
2019-02-01,155.2785,155.6619,154.0213,154.9219,2531400
2019-02-04,155.3677,155.4123,153.3259,154.0838,1483400
2019-02-05,154.8773,157.3382,154.5563,155.7868,2604600
2019-02-06,155.448,155.7512,152.782,153.6201,1651700
2019-02-07,153.0227,155.7511,152.7463,155.1894,1896200
2019-02-08,155.234,156.2326,154.7436,156.2326,1344200
2019-02-11,156.3222,157.4772,153.7075,154.7014,2021200
2019-02-12,154.2896,154.9343,153.0002,153.9583,1979900
2019-02-13,155.7401,157.71,154.9163,156.4923,4736500
2019-02-14,156.6177,156.6983,154.9522,155.767,2484500
2019-02-15,156.931,157.7638,155.4088,156.6177,1965600
2019-02-19,156.6803,157.9429,155.8476,156.4475,2072300
2019-02-20,157.0654,158.2921,148.9618,149.517,5401800
2019-02-21,149.8483,150.2065,146.8397,148.3261,5426300
2019-02-22,148.3888,151.657,148.1918,151.3795,3913800
2019-02-25,152.4898,152.8927,149.4006,149.6692,1695100
2019-02-26,149.6065,152.0242,149.6065,151.6929,1495900
2019-02-27,151.1019,151.6212,150.296,151.5496,1112300
2019-02-28,152.1675,152.6152,151.0482,151.469,1540600
2019-03-01,152.4002,153.9672,152.1764,153.9583,1508500
2019-03-04,154.5224,154.7194,151.3705,152.7853,1828700
2019-03-05,152.4181,152.4181,149.6244,149.9557,2601700
2019-03-06,150.0722,151.2452,148.3888,148.6932,1292500
2019-03-07,150.8332,151.8361,148.9618,150.108,1595600
2019-03-08,149.4006,150.3049,148.0306,148.8096,1146200
2019-03-11,149.5886,151.1108,149.0424,150.7258,1043300
2019-03-12,150.9138,151.7287,150.296,151.1556,997900
2019-03-13,152.0689,153.9224,151.9615,152.8121,1379200
2019-03-14,152.6689,153.3763,151.6033,152.7674,1240000
2019-03-15,153.5464,154.7373,152.0421,152.6241,2682700
2019-03-18,153.1882,153.4568,152.4898,153.1882,856300
2019-03-19,153.3046,153.3225,148.6484,149.8304,2187200
2019-03-20,149.8304,150.0811,146.4188,147.3859,2815900
2019-03-21,147.0456,151.7824,147.0009,151.675,1622600
2019-03-22,150.7974,152.5972,150.0005,151.8003,1553100
2019-03-25,151.0034,151.46,149.311,150.4661,1384100
2019-03-26,150.9138,153.8956,150.681,153.7523,2077000
2019-03-27,152.4271,153.9135,151.7197,152.3286,1217400
2019-03-28,152.445,154.4776,152.1227,154.4597,1170900
2019-03-29,154.8806,158.0056,154.6925,156.9937,2193900
2019-04-01,158.4085,159.9128,156.2685,159.0174,2908800
2019-04-02,159.6084,159.9307,157.146,158.2294,2237600
2019-04-03,158.7219,160.9694,158.3189,160.8977,2644100
2019-04-04,159.8412,172.9859,159.4919,171.4279,7719600
2019-04-05,171.4727,173.4516,169.3774,173.0844,4639500
2019-04-08,172.3681,172.5113,170.6309,172.2248,2866200
2019-04-09,171.3294,172.2158,169.7355,170.9264,1917900
2019-04-10,171.0249,171.5622,168.9028,170.219,1399100
2019-04-11,170.1564,171.5622,169.3326,171.1772,1847300
2019-04-12,172.0995,172.386,170.3355,170.6041,948500
2019-04-15,170.7474,171.0249,169.5206,170.9533,1447600
2019-04-16,171.0339,171.4368,169.7266,170.1385,2025300
2019-04-17,170.9802,172.6994,169.9952,171.5443,1090900
2019-04-18,173.1202,178.9763,173.1202,178.0092,2881500
2019-04-22,177.7675,184.2324,177.5257,183.9727,2196900
2019-04-23,185.1994,187.3216,183.4981,185.7814,2256500
2019-04-24,186.3814,188.414,186.1575,188.1633,1666900
2019-04-25,186.9723,192.0494,186.9723,189.972,1900700
2019-04-26,190.7241,191.9419,189.381,189.972,1329600
2019-04-29,190.1511,191.0286,188.6468,190.3123,1078400
2019-04-30,189.9183,190.5182,187.9573,189.5332,1532600
2019-05-01,189.4705,191.3509,189.1213,189.9093,876500
2019-05-02,189.0587,189.5511,185.9426,187.2499,1569400
2019-05-03,188.1543,189.8825,187.8499,189.2915,1113900
2019-05-06,186.4977,189.2019,186.247,188.405,1166400
2019-05-07,187.2589,187.7155,185.1188,186.1306,1227900
2019-05-08,185.4949,186.9365,185.1278,185.5218,840800
2019-05-09,184.3714,185.6476,181.3699,181.4328,1833400
2019-05-10,180.6869,183.338,179.0783,182.637,1617000
2019-05-13,179.8062,181.2351,178.8536,180.6869,1320100
2019-05-14,181.5317,186.2497,181.0554,184.5242,1202000
2019-05-15,183.2931,186.735,182.9875,184.2187,1368700
2019-05-16,184.2726,186.5013,183.4368,185.8453,873000
2019-05-17,184.3086,186.6271,184.021,184.039,893500
2019-05-20,183.8592,184.5242,182.1517,182.4752,1062000
2019-05-21,184.2636,185.8273,182.3674,184.2276,1765700
2019-05-22,183.7783,184.6051,182.4753,184.2007,865700
2019-05-23,183.4458,185.5757,183.0954,185.3151,877200
2019-05-24,181.981,182.4214,176.3823,178.5481,2526800
2019-05-28,178.2515,178.4761,173.7491,174.5579,3271700
2019-05-29,173.9469,173.9469,168.5728,169.7591,1483300
2019-05-30,169.7501,171.3408,167.2338,168.3122,1083400
2019-05-31,157.2675,159.3434,153.9155,158.5706,6252400
2019-06-03,159.3165,161.3834,158.6694,159.2715,4607900
2019-06-04,163.001,166.0116,161.5811,165.751,2238700
2019-06-05,167.09,168.8245,165.1579,168.0516,1639600
2019-06-06,167.0271,168.2762,163.3246,165.4993,2310100
2019-06-07,166.2812,170.7656,165.9846,169.3097,1814800
2019-06-10,174.3512,174.8275,172.0506,172.509,2042300
2019-06-11,172.5539,175.5106,172.3742,175.205,1306800
2019-06-12,175.3488,175.5645,169.9567,170.1365,1041100
2019-06-13,169.8489,170.7925,167.8269,170.1545,1111400
2019-06-14,170.0466,170.7746,168.5369,168.6178,724100
2019-06-17,168.3122,168.8424,167.4495,168.2583,789700
2019-06-18,169.4625,169.4625,163.4414,163.5313,1848800
2019-06-19,164.2323,165.7151,163.2167,165.6432,1391500
2019-06-20,166.7485,169.0311,166.6766,166.9193,1029800
2019-06-21,166.5688,166.8654,162.9202,165.1129,2121100
2019-06-24,165.3556,166.1015,162.7135,162.8932,1607100
2019-06-25,163.3426,165.5982,163.3426,165.2657,2273100
2019-06-26,165.6432,166.9283,165.4095,166.2722,1183300
2019-06-27,166.0925,169.9208,165.1399,169.139,2091400
2019-06-28,178.4941,180.2645,173.0212,176.9844,7415800
2019-07-01,178.8356,179.7343,173.5604,176.2205,2526500
2019-07-02,176.2025,178.8177,175.9509,178.5301,1172400
2019-07-03,178.9255,179.941,176.4542,179.6445,917100
2019-07-05,178.7997,179.0154,176.4632,177.4787,652200
2019-07-08,177.0742,179.959,176.3733,179.8242,1109500
2019-07-09,179.1592,179.3659,174.8456,177.9729,2193800
2019-07-10,177.7123,181.4688,177.7123,180.4443,1218400
2019-07-11,180.4353,181.4328,176.8855,177.6404,970600
2019-07-12,177.8381,181.0823,177.5955,179.3748,1213500
2019-07-15,179.4737,179.4737,177.4786,178.4671,812400
2019-07-16,179.3389,179.4018,177.1192,177.8291,1016800
2019-07-17,178.4402,179.5546,177.7303,179.1772,879200
2019-07-18,179.6354,182.5741,179.0423,182.0708,823500
2019-07-19,181.9361,183.329,180.5791,181.1452,1029200
2019-07-22,181.6844,182.9336,178.7368,180.7858,1073100
2019-07-23,180.7678,182.6011,180.3993,181.7923,683600
2019-07-24,181.4687,183.6705,180.9205,183.4098,667400
2019-07-25,183.365,183.9132,180.7588,182.4393,638900
2019-07-26,183.1043,184.7579,182.1248,183.2571,739700
2019-07-29,183.4458,183.5267,177.2809,178.8356,1146800
2019-07-30,177.3439,181.1363,176.5171,180.5881,875200
2019-07-31,179.8062,180.2016,174.8545,176.8765,884100
2019-08-01,176.7417,178.2245,172.2304,173.9828,1366300
2019-08-02,174.6208,175.4117,172.9763,173.2099,818800
2019-08-05,171.2059,171.9698,167.0361,167.773,1672300
2019-08-06,170.0197,170.469,166.7125,168.2223,1148300
2019-08-07,166.5868,169.6512,165.6252,169.0941,801600
2019-08-08,169.8489,173.7761,168.0695,173.6772,850200
2019-08-09,173.7132,176.6339,172.4281,174.4771,1091800
2019-08-12,173.9538,175.3431,173.3223,174.1613,695000
2019-08-13,173.2502,178.4376,173.2141,177.3009,936900
2019-08-14,174.9192,177.0483,173.6652,174.441,1357700
2019-08-15,172.3119,175.8935,170.9677,175.3792,1004800
2019-08-16,176.3626,180.3321,176.3626,179.3397,962700
2019-08-19,180.4313,182.9844,179.475,182.0552,1044200
2019-08-20,181.8297,183.8054,181.7846,182.6687,1143600
2019-08-21,183.8685,185.2037,182.9935,183.0025,682800
2019-08-22,183.0295,183.8505,181.4688,181.9289,906500
2019-08-23,181.0629,181.8026,178.3203,179.0871,1018400
2019-08-26,180.4313,183.1648,178.1939,182.6326,1147700
2019-08-27,182.1544,183.0927,178.5007,178.7984,987500
2019-08-28,178.1398,182.5333,177.391,182.0822,844200
2019-08-29,182.9754,185.2128,182.8581,184.6083,761800
2019-08-30,184.6895,185.2037,183.5257,184.3557,983400
2019-09-03,183.4626,188.0726,182.4612,187.9643,899700
2019-09-04,189.0018,191.2391,188.0636,189.6153,883800
2019-09-05,191.2572,191.2572,184.5632,184.879,1025900
2019-09-06,184.6805,185.5014,183.7061,184.7165,955300
2019-09-09,184.9241,187.2336,184.5813,186.5209,1012100
2019-09-10,186.0427,188.2801,184.3557,187.811,920300
2019-09-11,187.811,188.4425,185.2308,186.5389,979700
2019-09-12,185.8442,186.8005,182.5423,184.0128,1124900
2019-09-13,184.7977,185.736,183.6249,184.1031,595100
2019-09-16,183.7422,184.7166,182.4882,183.8956,709300
2019-09-17,184.7617,187.6486,183.3182,185.6187,1355900
2019-09-18,185.9525,187.2155,184.0219,187.0441,979700
2019-09-19,186.9629,187.5132,185.6187,187.0531,758000
2019-09-20,187.5583,188.8123,184.5722,185.0323,1554800
2019-09-23,185.0323,186.169,184.6354,185.6368,853800
2019-09-24,186.4938,186.5479,183.7693,184.9781,766100
2019-09-25,186.2412,187.1524,183.7242,184.0399,1597200
2019-09-26,184.4188,187.3148,184.3377,185.9074,925600
2019-09-27,187.0442,187.6306,185.0233,185.8443,848000
2019-09-30,186.5119,188.0726,185.8443,186.999,992300
2019-10-01,187.2877,190.0393,187.2787,188.9206,1169200
2019-10-02,187.7748,187.7748,184.3196,186.5569,1406700
2019-10-03,181.3605,182.4521,172.33,175.2529,4711800
2019-10-04,176.8407,179.2314,172.2127,174.7838,2105800
2019-10-07,174.4681,174.7748,169.6957,170.273,1721100
2019-10-08,169.4611,171.6623,168.171,170.9767,1334500
2019-10-09,171.2113,173.4125,170.5797,172.7269,1091400
2019-10-10,172.7089,175.0906,171.7797,173.8546,957000
2019-10-11,174.6665,179.0781,173.7644,174.1884,963800
2019-10-14,173.602,174.3688,172.348,174.0892,759500
2019-10-15,174.0621,178.2752,173.7373,177.5083,1102700
2019-10-16,177.9684,179.2134,176.7054,179.06,854500
2019-10-17,179.2585,179.7998,177.3008,177.9864,978200
2019-10-18,177.8421,179.1683,176.8227,177.7429,843400
2019-10-21,177.5083,177.6256,175.3251,175.5416,758500
2019-10-22,175.5958,177.8692,174.8921,177.5535,627900
2019-10-23,176.8227,178.627,176.0739,178.212,601200
2019-10-24,178.3564,178.3564,176.3536,177.4452,665700
2019-10-25,176.6693,178.0676,175.4153,176.6783,765100
2019-10-28,176.2905,177.2377,173.9809,174.0441,933300
2019-10-29,174.0982,175.8574,173.3945,174.0982,695600
2019-10-30,173.8636,174.0892,172.1495,172.7991,928700
2019-10-31,172.6006,173.0427,170.5076,171.7075,1002300
2019-11-01,172.5465,174.5492,171.915,172.3119,1116600
2019-11-04,172.8171,175.0995,172.3209,174.9462,835600
2019-11-05,175.2168,176.3716,172.9073,172.9614,788500
2019-11-06,173.214,174.7026,172.1585,174.3057,712900
2019-11-07,175.0393,175.6732,172.2045,172.3313,741200
2019-11-08,172.44,172.6211,168.9079,169.8679,1435900
2019-11-11,169.3607,169.5146,166.6618,167.1146,1484900
2019-11-12,167.4407,167.4679,164.9863,166.4897,1501100
2019-11-13,166.6437,168.3825,165.7561,166.6527,794900
2019-11-14,165.738,167.6671,164.7237,165.6112,1273500
2019-11-15,165.6837,166.1003,162.5229,162.704,1852600
2019-11-18,162.8942,162.8942,157.7047,158.393,2433300
2019-11-19,158.4202,163.972,158.2662,163.8905,1670100
2019-11-20,164.8505,168.4913,164.6874,168.3282,2139700
2019-11-21,168.5456,169.7501,167.7486,169.0256,1112700
2019-11-22,168.8445,168.9622,163.9086,164.1259,2098500
2019-11-25,165.1403,166.3901,164.5154,166.2543,987000
2019-11-26,165.3938,167.658,164.3795,166.698,1028100
2019-11-27,167.323,168.8807,166.6075,168.2286,676000
2019-11-29,168.0384,168.7358,167.2958,168.5094,369400
2019-12-02,168.4369,168.7267,167.3501,168.5275,798600
2019-12-03,167.332,167.4316,164.5969,167.0875,996000
2019-12-04,167.2324,167.4316,164.144,166.9063,991900
2019-12-05,166.6437,167.6943,163.8814,165.249,1339200
2019-12-06,166.2089,167.4135,165.6384,166.3267,722200
2019-12-09,165.6112,166.1909,162.5863,164.1712,1303300
2019-12-10,163.9266,164.3614,162.1334,163.8632,819600
2019-12-11,163.8633,164.8052,162.1244,164.4882,926000
2019-12-12,163.972,166.1184,162.7221,162.8308,884600
2019-12-13,164.4067,165.584,162.9032,164.8867,945400
2019-12-16,164.6421,166.852,163.1297,165.6384,1311100
2019-12-17,165.6475,167.1871,165.3124,165.8467,920100
2019-12-18,166.2995,167.0512,165.1221,166.3538,860400
2019-12-19,166.8701,168.772,166.6437,168.292,1046800
2019-12-20,169.3064,171.2355,168.6634,171.0815,2342600
2019-12-23,171.1992,171.3532,169.3698,170.3026,804400
2019-12-24,170.9275,171.009,168.8354,169.2067,400200
2019-12-26,169.5962,172.0143,169.1162,171.7698,807700
2019-12-27,172.0143,172.594,171.0543,171.3804,568600
2019-12-30,171.3079,171.5072,170.0853,170.6015,901000
2019-12-31,170.2664,171.8876,169.4513,171.8513,896900
2020-01-02,172.0506,172.0777,169.0528,170.5381,1060500
2020-01-03,169.6867,171.9962,168.7086,171.652,1311500
2020-01-06,171.1539,173.6536,169.8317,172.44,1615100
2020-01-07,171.3351,172.0234,166.0188,166.2814,2301500
2020-01-08,170.9456,175.474,164.9863,172.3404,4577800
2020-01-09,173.7985,177.4756,172.6302,175.3291,2475500
2020-01-10,173.9706,174.4687,169.9041,170.6105,1881300
2020-01-13,170.366,172.0777,169.7683,170.6649,1401500
2020-01-14,171.4166,173.5177,171.1449,172.8294,1292100
2020-01-15,172.0687,174.4506,171.797,172.8475,842600
2020-01-16,173.4724,174.1155,172.3766,172.8566,856000
2020-01-17,173.0921,175.1389,171.7789,172.0324,1787900
2020-01-21,169.7682,173.3366,169.5418,172.286,2038100
2020-01-22,174.4868,176.0989,173.3276,173.8347,1695500
2020-01-23,173.2732,175.8182,172.9019,175.6732,1089800
2020-01-24,175.6823,176.3163,172.4943,173.4906,853100
2020-01-27,172.0777,173.8166,171.2173,172.8928,1028100
2020-01-28,173.3909,176.5789,172.6936,174.5683,985400
2020-01-29,174.6046,175.5102,172.8294,174.4144,624300
2020-01-30,174.0159,174.1608,171.9509,172.7932,723200
2020-01-31,171.9872,173.3728,170.0038,170.5381,1003700
2020-02-03,171.1359,171.9872,170.2664,171.2808,826500
2020-02-04,173.5268,176.5699,173.4181,174.6951,1205800
2020-02-05,175.5374,179.0152,175.5374,178.5443,1338300
2020-02-06,179.3231,181.4877,178.988,180.9533,1171600
2020-02-07,179.9027,181.868,178.9427,181.4424,1223800
2020-02-10,181.2969,183.1424,180.5697,181.8787,918400
2020-02-11,181.8241,182.915,180.0878,181.7605,994500
2020-02-12,181.5151,182.2151,179.8788,180.6515,713400
2020-02-13,180.8333,184.1787,179.9969,182.8969,819500
2020-02-14,184.2696,187.6696,183.8333,185.2969,1373700
2020-02-18,184.6696,186.6514,182.4696,185.2878,903700
2020-02-19,185.6423,188.6332,185.4333,187.8514,805700
2020-02-20,187.8514,189.5877,186.5787,189.3968,821700
2020-02-21,188.9968,189.3059,187.2422,188.5422,798900
2020-02-24,183.9969,185.7696,182.1697,183.2151,1145900
2020-02-25,183.6332,184.0241,176.0879,177.5333,1369600
2020-02-26,178.5788,179.6879,173.4334,173.6061,1125400
2020-02-27,170.988,171.2789,159.5882,159.6882,2282200
2020-02-28,154.7883,156.7155,148.6611,156.7064,3359800
2020-03-02,157.4973,161.1063,153.8792,161.1063,2010400
2020-03-03,162.07,166.7699,159.0155,161.4427,1956900
2020-03-04,163.1518,169.8153,161.8154,169.0517,1444800
2020-03-05,165.1699,169.2608,163.1336,166.1517,1602000
2020-03-06,160.6246,164.8245,159.3155,162.7882,1667400
2020-03-09,152.7247,156.4429,146.7794,149.3066,1775400
2020-03-10,153.0974,154.4701,145.9157,150.2884,2004200
2020-03-11,146.5066,148.0066,139.8613,140.9704,1912500
2020-03-12,130.9978,131.5432,118.0435,119.4798,3220900
2020-03-13,128.3978,130.216,111.2436,120.8889,3842200
2020-03-16,107.48,115.8162,97.2711,113.4072,3623300
2020-03-17,114.1617,115.5526,100.0347,113.1344,3369600
2020-03-18,105.8437,113.0072,97.4165,110.2254,3366600
2020-03-19,109.0891,114.1162,104.2437,111.8708,2497200
2020-03-20,115.089,118.1616,105.8073,108.8164,3165500
2020-03-23,106.5891,108.8163,94.7984,96.0347,5876300
2020-03-24,101.0346,113.6344,97.8983,112.5617,3815000
2020-03-25,113.4072,121.5707,112.4799,115.0981,3302500
2020-03-26,116.7162,129.5523,116.1799,127.8978,2699600
2020-03-27,122.7252,135.2705,122.7252,131.7069,3154000
2020-03-30,131.0887,134.4432,127.2706,133.125,1793600
2020-03-31,131.4523,135.8886,129.0887,130.3251,1790500
2020-04-01,125.9797,129.6887,123.1979,124.4342,1643200
2020-04-02,115.4526,120.8434,107.0163,119.2889,5828600
2020-04-03,122.7343,122.7343,114.189,120.1525,3291100
2020-04-06,125.4979,130.7341,124.5524,129.3251,2402100
2020-04-07,142.2612,148.1702,135.934,135.9886,2491800
2020-04-08,136.3704,148.9066,135.4613,143.4249,3432700
2020-04-09,147.852,152.4974,146.4611,151.1247,2346600
2020-04-13,150.7975,151.6338,143.0067,143.2976,1783300
2020-04-14,147.2702,153.9701,146.8157,152.5702,2111900
2020-04-15,149.0884,149.5974,144.8793,147.5975,1735900
2020-04-16,148.4611,149.3884,145.2793,147.4066,1358300
2020-04-17,152.0701,152.7974,146.1884,147.9066,1540600
2020-04-20,145.3521,148.5157,142.2703,142.3794,1520300
2020-04-21,139.2794,141.1158,137.4977,139.1067,1437400
2020-04-22,142.7248,142.7248,138.5158,141.1067,1531400
2020-04-23,142.2976,143.9249,138.5522,139.134,1185100
2020-04-24,140.9885,144.6248,139.5522,144.3885,1266000
2020-04-27,145.4521,149.143,141.6522,148.3157,1679100
2020-04-28,151.0883,153.8973,149.1611,152.2065,1410300
2020-04-29,153.9883,157.061,152.9792,154.0155,1230400
2020-04-30,151.7701,152.3701,147.6248,149.7156,1161100
2020-05-01,147.8157,149.7975,146.1339,146.8793,968500
2020-05-04,145.7559,149.9755,144.6874,149.5553,911800
2020-05-05,149.7837,151.2541,148.3041,148.8795,1054900
2020-05-06,149.8841,152.4871,148.9982,151.1354,931900
2020-05-07,153.1903,153.4369,149.4823,150.4869,860000
2020-05-08,146.8611,152.3866,145.7194,151.6651,1129100
2020-05-11,148.8886,151.9117,148.0666,149.1444,1262400
2020-05-12,150.8705,151.0349,146.5597,146.6053,917700
2020-05-13,147.0437,147.0437,139.8285,141.8561,1669200
2020-05-14,139.5272,144.5595,138.3947,144.2673,1376900
2020-05-15,143.6005,146.2126,142.3858,144.7513,1112400
2020-05-18,147.8109,154.7886,147.8109,153.9027,1848200
2020-05-19,153.099,157.693,151.108,154.2589,1094300
2020-05-20,156.5331,158.5698,154.6791,157.5195,1125500
2020-05-21,156.8984,157.556,153.7018,156.1769,971800
2020-05-22,156.0581,157.8391,153.5831,157.3733,1051300
2020-05-26,159.9215,163.5565,159.7845,161.1179,1505500
2020-05-27,163.7026,163.8761,156.5057,163.8304,1428400
2020-05-28,164.3968,164.3968,160.0402,160.232,823000
2020-05-29,157.7387,160.9535,155.7568,157.7295,1668800
2020-06-01,157.4555,160.9992,156.4326,158.2318,1401200
2020-06-02,159.1817,160.0493,156.5148,158.2136,1158300
2020-06-03,158.4328,160.8987,157.7935,159.6658,1201500
2020-06-04,159.547,160.9809,158.3323,160.4969,1898800
2020-06-05,163.5473,167.3741,162.1956,165.6936,1753200
2020-06-08,167.6207,170.178,167.1458,169.8127,960100
2020-06-09,166.8079,167.8764,164.4606,167.502,1135300
2020-06-10,167.6755,167.6755,163.7483,164.6707,1299400
2020-06-11,158.789,160.3508,153.2726,154.0489,1500700
2020-06-12,157.9487,158.7616,152.7702,155.5193,929300
2020-06-15,152.0943,159.7845,150.012,158.6337,1132800
2020-06-16,163.7391,164.6342,158.6428,162.0769,1276300
2020-06-17,163.2185,164.8168,162.0495,163.2185,978200
2020-06-18,163.0724,168.5157,162.4331,168.2783,1229700
2020-06-19,171.3836,172.9545,165.5109,165.6845,2638300
2020-06-22,164.7986,166.2142,162.6797,164.1318,984300
2020-06-23,165.5109,166.3421,163.7939,164.8168,857300
2020-06-24,163.1638,164.1593,156.5514,156.7797,1418700
2020-06-25,156.8527,158.9259,154.1128,158.3049,1132200
2020-06-26,158.999,158.999,152.0852,154.3411,1662800
2020-06-29,155.2635,159.3643,153.8022,159.0721,1160500
2020-06-30,159.6383,159.9306,157.4007,159.7844,1134200
2020-07-01,167.0727,173.4568,166.2599,169.767,3465200
2020-07-02,172.7809,174.2057,169.3195,169.6939,1895100
2020-07-06,171.8128,172.9636,169.1551,170.3241,1004800
2020-07-07,168.2144,170.4155,166.47,166.6435,904900
2020-07-08,167.3924,168.1505,165.584,167.5751,800200
2020-07-09,168.2692,169.4199,165.9585,166.5795,1202100
2020-07-10,167.0727,168.9542,166.3238,168.8994,567600
2020-07-13,169.4199,169.63,163.7026,164.1136,1136100
2020-07-14,163.4834,164.3054,160.9626,163.6478,1538000
2020-07-15,165.3557,166.8262,164.1136,166.7988,1365400
2020-07-16,166.1229,167.8034,164.9538,165.5292,1154900
2020-07-17,166.4882,167.2554,164.7621,164.9539,1093500
2020-07-20,164.077,164.689,160.1955,162.2048,1221100
2020-07-21,163.0815,168.1139,162.9445,165.0999,1225300
2020-07-22,164.762,165.31,163.3281,163.9309,1011600
2020-07-23,164.7437,167.0636,163.2916,163.4834,1536700
2020-07-24,163.6661,164.5977,162.3053,164.2598,803900
2020-07-27,163.7574,164.2871,161.8942,163.3829,886600
2020-07-28,163.1089,166.3238,162.7253,163.9583,961800
2020-07-29,164.899,166.4973,163.9401,165.8672,556100
2020-07-30,164.5885,166.1138,163.319,165.1548,622600
2020-07-31,164.6707,165.2279,160.506,162.7528,1095800
2020-08-03,162.7528,162.7528,157.7661,158.2684,1233900
2020-08-04,158.0035,159.3644,156.6975,156.8071,1208500
2020-08-05,157.1906,158.5241,157.1906,158.3962,736100
2020-08-06,156.186,158.0035,155.4919,156.2591,1426300
2020-08-07,155.6198,158.0126,155.3092,157.3368,1456100
2020-08-10,157.5111,158.6394,156.8048,157.2726,757400
2020-08-11,159.4007,160.0795,157.6762,158.5751,926500
2020-08-12,159.9603,162.4554,159.5108,160.9877,1185300
2020-08-13,160.0062,162.4921,159.7218,162.0151,587300
2020-08-14,161.5472,163.3543,161.2354,161.4739,574000
2020-08-17,161.7766,162.5012,159.0522,159.3273,833400
2020-08-18,159.6668,163.8497,159.3641,163.4461,1515700
2020-08-19,163.4552,165.4825,163.0883,165.1156,971700
2020-08-20,163.5561,164.7761,163.0608,163.5928,875200
2020-08-21,164.1983,164.7119,162.4921,164.4643,916700
2020-08-24,163.9781,166.4915,163.1709,166.4823,695600
2020-08-25,166.2713,166.5465,164.3817,165.2807,703700
2020-08-26,165.0605,166.7392,164.2992,166.3631,748700
2020-08-27,166.9502,168.7298,166.62,167.5464,733000
2020-08-28,167.5648,170.3901,166.2072,170.0415,775200
2020-08-31,170.1241,170.4635,168.1702,169.2251,733400
2020-09-01,168.6931,170.7111,168.2161,170.5644,973100
2020-09-02,171.5184,173.8025,170.5919,172.4632,1296500
2020-09-03,173.775,175.5362,172.2889,174.8207,1614700
2020-09-04,175.261,176.5635,172.0412,175.6829,1043200
2020-09-08,174.3804,175.1051,170.1424,172.2339,983000
2020-09-09,173.8392,175.527,170.4268,174.2245,1443900
2020-09-10,174.041,175.3069,172.5366,173.1237,884900
2020-09-11,173.1787,174.5546,171.0414,173.197,863100
2020-09-14,174.1694,180.2236,173.5915,179.1596,1467600
2020-09-15,180.453,181.5996,179.1045,180.3337,1042000
2020-09-16,180.7098,180.9208,176.8846,177.224,1030900
2020-09-17,176.4168,178.811,174.9674,176.3159,765500
2020-09-18,175.3619,177.0956,169.7571,172.2797,1624100
2020-09-21,170.1149,170.1608,165.6385,169.7572,1109700
2020-09-22,169.7847,173.6466,169.7663,172.9127,611800
2020-09-23,172.6742,174.729,171.0597,171.1423,899100
2020-09-24,170.1332,170.6102,164.9229,166.8309,1262500
2020-09-25,166.0879,167.1703,165.2256,166.785,1865200
2020-09-28,169.4177,170.6653,168.6747,170.1149,1578200
2020-09-29,171.3166,174.4354,170.6469,172.0137,991800
2020-09-30,172.4265,174.8115,172.0504,173.8391,1309500
2020-10-01,175.206,175.206,168.2436,169.3444,1899400
2020-10-02,169.115,173.6465,168.1427,170.2525,1328700
2020-10-05,170.069,170.6653,167.7024,168.4179,961400
2020-10-06,168.3261,169.5828,165.3999,165.6476,850600
2020-10-07,166.9685,168.7664,166.1429,166.4731,848600
2020-10-08,166.5649,169.9131,165.7577,169.8397,1095500
2020-10-09,170.8396,171.9403,169.5553,171.2157,865900
2020-10-12,171.7752,173.885,170.9405,171.5459,642100
2020-10-13,170.5185,172.6008,170.1516,172.0229,665800
2020-10-14,169.0233,170.968,167.9134,167.9684,698200
2020-10-15,165.565,167.7482,165.565,166.5374,790900
2020-10-16,167.2253,168.9223,166.2622,166.4731,827400
2020-10-19,166.9502,168.3537,164.4735,165.7027,967800
2020-10-20,167.4088,168.2895,165.3908,165.4183,617800
2020-10-21,165.1155,166.4915,164.3725,164.7853,619300
2020-10-22,164.2625,165.0514,163.0058,163.6479,1035200
2020-10-23,165.1156,165.5651,162.3178,164.6202,1108300
2020-10-26,163.4828,163.5928,159.4466,160.5015,1294500
2020-10-27,160.1071,162.6389,157.8964,157.9239,843700
2020-10-28,155.5756,155.7132,151.2642,151.3651,1828500
2020-10-29,151.0991,153.2823,150.1451,152.1357,1192500
2020-10-30,151.1633,151.5761,147.3473,151.5669,1549200
2020-11-02,154.6124,162.3269,153.0621,161.8041,1699600
2020-11-03,165.1248,170.3809,165.1248,169.5554,1684300
2020-11-04,170.0323,170.9588,165.7944,165.8953,1130400
2020-11-05,168.6402,170.1509,168.0415,169.0087,979900
2020-11-06,168.6495,172.2234,167.7744,171.1273,886000
2020-11-09,179.7675,190.5447,178.2292,184.9166,2394000
2020-11-10,186.8878,187.5878,182.7888,184.7415,1968400
2020-11-11,186.4825,186.6115,178.7727,179.1872,1741000
2020-11-12,178.2384,181.9321,177.0409,179.528,863000
2020-11-13,180.5689,186.5194,180.0807,186.0772,919900
2020-11-16,189.7065,191.5027,187.2931,189.8446,937600
2020-11-17,187.9102,189.688,185.3311,188.8774,944900
2020-11-18,188.9143,191.2724,187.0813,187.68,807300
2020-11-19,186.418,188.2235,185.4693,188.1037,759100
2020-11-20,187.422,188.1589,184.3455,184.7508,569700
2020-11-23,185.2206,187.376,184.5574,185.6812,656200
2020-11-24,187.3115,192.2027,186.8417,191.4105,1015700
2020-11-25,190.8579,191.0237,187.9563,188.555,1144100
2020-11-27,188.509,189.3472,187.376,188.6564,534000
2020-11-30,187.4773,189.6972,186.5654,189.6051,1104400
2020-12-01,191.9172,193.8976,188.8314,189.513,1040000
2020-12-02,188.8314,189.946,186.7128,188.8222,749100
2020-12-03,189.6696,194.9477,188.8314,193.2344,1335700
2020-12-04,193.5384,196.9281,193.1331,196.9281,1231600
2020-12-07,197.14,197.2229,194.8279,195.3161,993800
2020-12-08,195.6846,197.7111,194.9569,196.2096,762500
2020-12-09,195.5096,195.832,192.1106,192.8659,806900
2020-12-10,191.7145,193.612,190.4618,190.9408,1054900
2020-12-11,189.7525,191.2263,188.3339,189.0985,1312600
2020-12-14,191.171,192.3869,189.7986,190.6736,1377900
2020-12-15,191.4474,197.8769,191.3737,195.5096,1814800
2020-12-16,195.7583,199.4704,195.7583,197.8676,866300
2020-12-17,198.3927,201.6351,198.3927,200.6218,1040200
2020-12-18,201.4232,202.243,197.8308,201.4324,1736800
2020-12-21,196.9649,198.6045,195.9793,197.5453,851400
2020-12-22,198.1071,198.4848,195.2793,196.1543,880900
2020-12-23,197.3611,199.4244,196.0991,198.4848,614100
2020-12-24,197.5729,199.056,196.9926,198.7888,266900
2020-12-28,200.281,202.4457,198.7335,201.3956,751200
2020-12-29,202.593,202.6483,199.9586,200.2902,685600
2020-12-30,200.3087,202.4457,199.8941,200.9995,429500
2020-12-31,200.5021,202.0404,200.1337,201.7733,696300
2021-01-04,202.6483,202.897,195.9978,199.6454,1202600
2021-01-05,199.2678,200.6218,198.623,199.7836,1530200
2021-01-06,201.9391,208.4699,201.7272,206.075,1861700
2021-01-07,214.623,221.771,209.3818,210.8187,2537100
2021-01-08,211.9886,214.1348,207.4934,212.053,1595400
2021-01-11,210.6069,212.7531,207.4843,208.9857,1099700
2021-01-12,209.0962,212.7807,208.1843,210.1003,1679100
2021-01-13,209.0962,210.5976,206.471,206.8579,1542000
2021-01-14,206.7934,208.6725,205.0893,206.2407,1109900
2021-01-15,205.4025,205.4025,202.3075,202.6391,1068900
2021-01-19,203.8089,206.7658,201.8838,205.3288,1204800
2021-01-20,206.3328,210.5516,206.2407,209.566,1124600
2021-01-21,209.0778,210.8464,208.0277,210.6529,944000
2021-01-22,208.4975,210.6437,207.9448,209.0133,757300
2021-01-25,207.7422,209.0962,202.7404,204.6472,1568100
2021-01-26,205.2735,205.642,202.1509,202.5101,986200
2021-01-27,199.3691,200.6863,195.1872,196.4952,1815500
2021-01-28,196.965,201.2298,194.1371,199.7468,1398200
2021-01-29,198.8072,199.452,194.1647,194.2937,1143600
2021-02-01,196.3478,199.2862,194.57,198.0979,1260400
2021-02-02,200.7784,202.4457,199.0928,200.5573,1203200
2021-02-03,201.5891,202.9155,198.2546,199.2402,1347400
2021-02-04,199.8941,205.992,199.0928,205.8815,1449300
2021-02-05,207.3461,210.0819,206.8303,209.9529,1002400
2021-02-08,209.3706,211.3206,206.7275,211.2929,814200
2021-02-09,216.2557,217.7159,214.2133,216.0709,1396800
2021-02-10,219.9709,223.1777,218.2981,222.1149,2061100
2021-02-11,222.004,223.1131,215.4332,218.4645,1570100
2021-02-12,218.5754,223.76,217.605,222.9744,1301300
2021-02-16,223.8339,224.222,212.7346,214.4074,1982400
2021-02-17,213.4278,213.4278,208.4465,211.1358,1163000
2021-02-18,209.3336,212.1616,208.0213,209.0287,968200
2021-02-19,208.7792,210.8678,206.0898,206.2839,1175100
2021-02-22,204.5465,207.8088,204.5373,205.6185,749900
2021-02-23,205.868,207.4391,203.5021,205.5168,728700
2021-02-24,204.6759,207.4669,203.5761,206.9493,647000
2021-02-25,205.8495,207.245,200.9052,201.4043,908900
2021-02-26,202.0605,202.8922,197.8278,197.9017,1365600
2021-03-01,200.5818,203.2896,200.323,201.2379,892400
2021-03-02,201.1825,202.9477,201.1456,201.6076,967900
2021-03-03,200.8868,202.4209,199.6484,199.6761,704500
2021-03-04,199.1216,200.8128,192.7725,195.1384,1285600
2021-03-05,196.7927,201.2287,192.8927,200.5541,942200
2021-03-08,202.3654,206.0066,201.1732,203.8995,1041700
2021-03-09,205.5076,212.0507,204.9623,209.8789,1553200
2021-03-10,210.6183,212.4943,208.6036,209.842,1007600
2021-03-11,209.8512,212.3465,209.1211,211.2744,845800
2021-03-12,212.5036,214.1301,211.0341,211.9953,697800
2021-03-15,212.4758,213.7512,210.8493,212.4296,581000
2021-03-16,212.9102,215.2483,212.6052,213.1412,661400
2021-03-17,214.8602,217.0135,212.7901,215.3408,807800
2021-03-18,215.2484,218.7325,213.474,213.5479,1026700
2021-03-19,214.7124,218.6031,213.742,216.9026,1434400
2021-03-22,215.7844,216.4867,212.8178,213.2244,729000
2021-03-23,212.1709,213.437,210.5258,211.7088,855000
2021-03-24,211.0249,213.2984,210.8124,212.2633,773400
2021-03-25,212.0045,214.2687,208.5758,213.631,644600
2021-03-26,215.1374,217.5588,212.3187,217.4664,840200
2021-03-29,215.9599,218.9727,215.045,218.0855,762600
2021-03-30,218.2057,218.5107,214.6846,216.2095,785400
2021-03-31,214.3611,215.3223,210.4889,210.7107,1265700
2021-04-01,210.7384,212.7069,209.2875,212.2079,1201100
2021-04-05,213.8713,215.3315,212.4943,212.8178,941400
2021-04-06,213.7142,218.9266,213.4555,218.3813,1166700
2021-04-07,218.3166,218.483,215.9692,217.1244,1348300
2021-04-08,207.5131,209.574,204.223,207.2081,4390500
2021-04-09,207.6794,208.2339,202.042,207.1526,2993200
2021-04-12,207.6794,210.1285,206.8384,209.1488,1167300
2021-04-13,208.4464,211.3668,207.855,209.3891,965900
2021-04-14,208.9732,211.8104,208.9732,211.4685,911900
2021-04-15,212.559,217.1337,211.6441,216.8102,1305200
2021-04-16,217.836,221.5974,216.7085,220.7472,1289700
2021-04-19,221.3664,221.8192,218.6308,219.5827,778000
2021-04-20,219.4164,222.1704,218.3813,220.2389,947800
2021-04-21,220.6178,224.9799,220.6178,222.845,735900
2021-04-22,222.1149,222.6325,219.2038,220.2574,819800
2021-04-23,223.3071,224.4901,221.4218,222.3368,647400
2021-04-26,221.8007,222.7434,219.9339,220.4237,650000
2021-04-27,221.3479,221.4588,219.5642,220.2759,697400
2021-04-28,220.5161,220.9874,219.2038,219.86,691600
2021-04-29,220.4237,224.0834,219.5365,223.2794,801300
2021-04-30,222.4291,222.7156,220.4792,222.0965,851200
2021-05-03,222.7361,226.9081,222.5044,225.3042,972800
2021-05-04,224.6274,224.9797,222.0408,222.5044,860900
2021-05-05,222.8845,224.6923,221.9945,222.2262,648300
2021-05-06,223.1719,224.0712,220.3998,224.0063,735700
2021-05-07,223.0792,224.8221,222.3839,223.3573,632200
2021-05-10,224.34,224.3771,221.6885,221.7534,963000
2021-05-11,219.9456,220.8263,216.3762,216.9789,1492800
2021-05-12,215.0412,216.951,212.8347,213.0016,1648900
2021-05-13,212.5288,215.9219,212.0096,214.1604,1837600
2021-05-14,215.3379,218.3232,214.9114,217.3497,2563900
2021-05-17,217.4517,220.5389,217.2663,218.6755,1934100
2021-05-18,219.6861,219.6861,217.0345,217.0438,996200
2021-05-19,215.3286,216.1537,213.7247,215.4399,1135400
2021-05-20,215.8292,219.7231,215.5975,218.8887,1058000
2021-05-21,219.7323,221.5124,219.3059,219.9827,654000
2021-05-24,221.3826,221.5773,218.9814,219.241,814600
2021-05-25,222.5044,222.5415,220.4462,220.5946,1069000
2021-05-26,220.5946,221.2899,219.3801,219.8992,1076700
2021-05-27,220.8727,222.5044,219.6767,219.7138,822300
2021-05-28,220.1588,223.2461,219.9734,222.2448,803200
2021-06-01,224.7294,224.7943,219.5284,220.0476,1247000
2021-06-02,220.6873,222.5229,219.788,221.8647,718900
2021-06-03,219.9641,221.7163,219.037,221.2528,866000
2021-06-04,222.801,223.0606,221.1693,221.809,430200
2021-06-07,220.9932,221.6792,219.6211,221.6514,806400
2021-06-08,222.5044,222.5971,220.131,220.9932,728000
2021-06-09,220.335,221.1508,219.3986,219.4171,573500
2021-06-10,219.7694,220.8078,219.2595,219.8807,541200
2021-06-11,220.6409,220.8356,219.3244,220.5482,464400
2021-06-14,219.89,220.0476,218.4251,219.139,715700
2021-06-15,220.131,220.4555,218.3324,218.8701,515500
2021-06-16,218.5086,218.9443,215.7458,216.914,703000
2021-06-17,216.4875,216.4875,212.7605,212.9923,1129900
2021-06-18,209.525,210.6189,204.8431,205.1212,1973200
2021-06-21,205.7702,209.9051,204.8616,209.4693,1185400
2021-06-22,209.5528,210.2017,208.2177,208.3197,905200
2021-06-23,207.2906,208.8853,205.8165,207.9025,1080200
2021-06-24,208.8574,211.1474,208.5886,209.525,1012900
2021-06-25,209.4693,212.2599,209.3117,211.9354,888100
2021-06-28,212.6586,213.53,211.7871,212.6678,951500
2021-06-29,213.7896,216.0147,213.5208,214.1419,1298000
2021-06-30,218.3324,221.2435,216.7749,216.8398,2162200
2021-07-01,216.9603,219.5655,214.9207,215.1154,1146200
2021-07-02,214.8929,217.1086,214.4479,214.5498,930600
2021-07-06,213.3446,213.6042,210.5726,212.7328,1008700
2021-07-07,212.3063,212.7977,209.7382,210.5263,1079200
2021-07-08,208.5978,211.9261,207.9767,210.4613,867000
2021-07-09,211.8427,213.0387,210.0813,211.0918,827200
2021-07-12,209.8402,210.3872,208.9594,209.9514,673900
2021-07-13,210.4521,212.056,208.8204,209.0151,844800
2021-07-14,209.4508,210.2296,208.1899,209.321,580600
2021-07-15,208.7926,208.9038,206.892,208.5608,631800
2021-07-16,210.0812,210.0905,207.2721,207.68,563800
2021-07-19,204.8431,206.7251,203.7491,205.8351,1087900
2021-07-20,206.3265,210.2388,206.0576,208.7555,913500
2021-07-21,209.766,211.5275,208.8482,209.3859,636900
2021-07-22,209.525,209.525,206.2894,207.5224,583900
2021-07-23,206.6509,208.913,205.8165,208.2085,843000
2021-07-26,207.9582,209.2839,206.5583,208.431,913900
2021-07-27,208.1157,209.9885,206.4841,209.8587,1176200
2021-07-28,209.1541,210.6189,209.1541,209.9143,731500
2021-07-29,211.1381,211.2865,207.9025,208.1992,938300
2021-07-30,207.9674,209.4879,206.9569,207.9859,744900
2021-08-02,208.5144,208.876,206.0205,206.549,765400
2021-08-03,206.5582,207.2813,204.259,205.2046,1077100
2021-08-04,204.5093,205.1954,203.0909,203.3968,1167800
2021-08-05,204.5279,205.8351,202.8776,203.5081,1087700
2021-08-06,203.4802,204.8802,201.8393,202.8498,1392800
2021-08-09,202.9801,204.571,201.8916,202.0591,936800
2021-08-10,202.3288,204.2453,202.1056,202.8684,1292000
2021-08-11,202.3195,203.0638,197.9284,198.5331,2648900
2021-08-12,198.9517,200.1797,196.3189,197.1748,1579300
2021-08-13,198.1796,199.7332,197.2306,198.7564,1111000
2021-08-16,198.161,199.9844,198.1238,199.1378,1021600
2021-08-17,198.5796,200.0216,198.0958,198.4493,1423600
2021-08-18,197.8074,201.1659,197.5469,199.4913,1150800
2021-08-19,197.5469,200.2821,196.9794,198.9797,896500
2021-08-20,198.6819,200.217,198.2725,198.9331,960800
2021-08-23,199.8542,201.9381,199.1006,200.9612,999200
2021-08-24,201.3613,202.8405,200.2728,201.7241,1334900
2021-08-25,201.5939,201.5939,197.8819,200.003,1177700
2021-08-26,199.7146,199.8635,197.6493,199.4169,712400
2021-08-27,198.7657,199.3704,197.4725,197.6214,1402600
2021-08-30,197.4167,198.0958,196.6352,197.0352,754800
2021-08-31,196.5794,197.4539,195.9002,196.4305,1762500
2021-09-01,198.04,200.6263,196.0026,199.9379,1154900
2021-09-02,200.3751,200.7938,197.0352,197.6586,1190000
2021-09-03,197.1376,197.8261,196.2631,197.0725,699600
2021-09-07,196.2166,196.4864,192.9046,194.7001,1223600
2021-09-08,194.7001,202.3847,194.5327,201.8544,1583000
2021-09-09,200.0681,201.3613,199.2122,200.9612,1204400
2021-09-10,202.3381,202.3381,199.0075,199.0075,661400
2021-09-13,200.4216,201.0264,198.7191,199.9286,911100
2021-09-14,200.5426,200.8775,199.1657,200.5705,826900
2021-09-15,200.2263,203.8081,199.8356,203.2778,1108500
2021-09-16,201.6125,203.0266,199.3517,200.4402,1701500
2021-09-17,199.2216,200.431,199.1192,199.8821,1754800
2021-09-20,196.7562,197.6679,193.3697,195.4909,1347200
2021-09-21,196.5701,198.1796,194.0861,194.5141,1070700
2021-09-22,195.5839,197.7981,194.2535,196.5794,1372800
2021-09-23,197.8818,199.6495,197.8818,199.1099,1122000
2021-09-24,198.8308,199.3146,197.3702,197.8074,623200
2021-09-27,197.6214,199.1378,196.5794,196.9236,829400
2021-09-28,196.9236,197.2585,194.5885,195.3327,865700
2021-09-29,196.5515,198.2633,195.8351,197.0073,1422800
2021-09-30,199.9193,200.7566,195.7979,196.0119,1181700
2021-10-01,196.8492,201.0822,196.2445,198.6075,1314000
2021-10-04,199.0913,200.5426,197.6027,198.1796,1196600
2021-10-05,198.1144,199.0262,195.9189,198.2168,1534600
2021-10-06,198.1889,202.1149,195.6026,196.8771,2231300
2021-10-07,198.6168,203.3057,197.7423,201.4264,2031800
2021-10-08,201.0915,206.5339,200.403,204.357,1667100
2021-10-11,205.3059,206.8502,204.022,204.3942,1125800
2021-10-12,203.7616,205.1571,202.9894,203.5941,1022800
2021-10-13,206.5246,206.8968,202.8126,203.8639,737800
2021-10-14,204.6733,206.4968,203.9476,205.0175,874200
2021-10-15,205.6501,205.9106,203.4918,203.6964,952300
2021-10-18,202.8126,203.3615,200.5054,200.5798,1034700
2021-10-19,200.7566,201.6125,198.5889,201.1753,938600
2021-10-20,201.566,204.0593,200.9055,202.9522,673900
2021-10-21,202.8964,203.4453,201.5567,203.1941,1054500
2021-10-22,203.6778,204.2081,202.2172,204.1151,559100
2021-10-25,203.5755,204.664,202.3567,202.5242,1010400
2021-10-26,202.8964,204.4686,202.2172,203.008,563000
2021-10-27,203.0824,203.1755,199.7983,199.9751,937700
2021-10-28,200.9054,202.7196,199.8914,201.6683,889400
2021-10-29,200.3751,202.5335,200.2542,201.7055,980600
2021-11-01,201.7986,205.6036,201.5288,204.8687,642400
2021-11-02,205.1198,205.8362,203.5569,205.3245,643700
2021-11-03,204.3383,206.1618,204.2546,205.3152,619500
2021-11-04,204.9137,205.4179,203.196,204.7831,850700
2021-11-05,205.9313,208.0972,205.6419,207.8918,870800
2021-11-08,207.8824,207.8824,204.9137,207.0422,997100
2021-11-09,206.9209,207.7144,205.0258,206.9116,707600
2021-11-10,207.5931,208.6853,206.7715,207.565,883100
2021-11-11,206.8089,210.0296,205.978,209.8149,943100
2021-11-12,210.0857,212.709,209.6656,211.3646,912000
2021-11-15,212.1675,214.3146,211.4206,213.6145,930700
2021-11-16,213.7825,216.5084,213.073,215.771,1233100
2021-11-17,215.6496,218.8236,214.2866,218.4689,1491800
2021-11-18,218.8797,221.4843,217.4794,221.2602,1580800
2021-11-19,221.9977,222.2218,219.2344,219.7572,1678000
2021-11-22,224.0515,224.0982,213.5211,218.7303,1825700
2021-11-23,218.2168,221.8203,218.2168,221.3068,902400
2021-11-24,220.7841,221.0174,214.9494,217.0499,1197200
2021-11-26,213.8011,214.716,211.9247,214.0812,740900
2021-11-29,215.2388,215.2762,209.5068,211.8874,1556400
2021-11-30,210.3284,211.794,207.4437,210.3564,1784400
2021-12-01,212.0648,213.9599,208.2839,208.3586,954800
2021-12-02,209.4788,211.1405,207.9945,210.291,1247000
2021-12-03,211.2246,211.3646,208.4893,211.1592,913400
2021-12-06,213.6331,217.0312,212.7183,215.5282,867500
2021-12-07,216.7325,220.4013,214.8374,218.2915,1129000
2021-12-08,217.6661,219.7666,216.4711,219.0851,851400
2021-12-09,217.8901,219.2251,217.2833,217.9835,637000
2021-12-10,219.2064,219.8505,217.5167,219.6825,613700
2021-12-13,219.3278,222.1938,218.3382,221.5963,1077500
2021-12-14,220.8214,222.1377,219.4024,221.0734,1044900
2021-12-15,221.4096,225.2184,220.2053,225.0224,1100300
2021-12-16,226.1613,227.2349,224.4343,225.5545,979400
2021-12-17,223.9581,226.8521,222.1004,226.152,2633700
2021-12-20,224.8544,225.1531,218.9917,223.5381,1393000
2021-12-21,224.9851,226.8429,223.5754,225.2838,1164400
2021-12-22,224.4062,227.711,223.4073,227.0482,942300
2021-12-23,227.7857,229.0273,226.8148,227.823,662000
2021-12-27,227.823,230.549,227.2909,230.3996,554300
2021-12-28,230.2689,233.0042,230.0356,232.4441,533500
2021-12-29,232.1921,233.6204,230.9878,233.1816,621200
2021-12-30,232.7055,233.8445,232.3788,232.8176,418200
2021-12-31,232.5095,234.974,232.4628,234.2926,727100
2022-01-03,234.5539,236.225,232.6121,236.0196,979600
2022-01-04,236.4397,238.9323,236.2903,237.6813,1107200
2022-01-05,236.7758,240.1926,235.1327,236.5237,1565100
2022-01-06,239.7911,240.8554,226.5348,228.5232,2047500
2022-01-07,226.348,232.1454,225.9933,229.8208,1268700
2022-01-10,230.0449,231.0345,225.9746,230.661,1143000
2022-01-11,230.1662,236.8691,228.3085,235.8982,1171400
2022-01-12,234.6006,235.2541,231.2678,231.6319,811400
2022-01-13,232.5281,233.0229,229.7835,230.6143,725500
2022-01-14,229.9982,232.6495,228.9153,232.1173,798300
2022-01-18,229.6995,231.0625,227.1976,227.2629,1251700
2022-01-19,227.2536,228.962,226.6188,226.6748,733000
2022-01-20,226.292,231.4359,225.2745,227.2256,1058000
2022-01-21,228.1311,229.1487,224.2849,224.9944,993800
2022-01-24,224.3316,225.2184,219.4304,224.1075,1589400
2022-01-25,220.7841,223.7528,217.8247,220.7561,1139500
2022-01-26,221.6429,223.9768,218.0675,218.7583,2128900
2022-01-27,221.4003,223.062,217.3953,219.1691,1020000
2022-01-28,218.0488,220.8214,215.8643,220.364,1376900
2022-01-31,219.9626,222.6979,218.861,221.951,998500
2022-02-01,222.4178,222.6512,217.9368,219.9999,1236400
2022-02-02,221.895,224.8264,220.4107,224.4623,1007400
2022-02-03,222.6699,224.1636,220.0279,222.0537,575800
2022-02-04,221.1389,223.09,220.0279,221.5589,737400
2022-02-07,222.4365,222.4365,220.6067,221.8297,532100
2022-02-08,222.2324,224.6299,221.3614,223.7402,581900
2022-02-09,224.9764,226.4936,224.9577,225.4353,554300
2022-02-10,223.2251,225.8194,221.4925,222.2418,661000
2022-02-11,221.6424,224.4894,219.8255,220.968,639200
2022-02-14,220.9586,221.1553,218.2239,219.0107,563500
2022-02-15,219.2916,219.7786,205.103,205.6181,2605300
2022-02-16,206.0396,209.6172,204.8314,206.8918,1905500
2022-02-17,206.18,206.7794,203.0707,204.9812,1322300
2022-02-18,204.1852,206.3205,201.5441,202.1529,2184300
2022-02-22,200.2424,203.4547,199.9614,203.1737,1209700
2022-02-23,204.8502,205.5245,198.6502,198.9968,1052900
2022-02-24,195.4941,201.4224,194.417,201.3662,1473600
2022-02-25,202.4807,204.1477,200.3641,203.2674,1123800
2022-02-28,201.3568,202.4245,199.6148,201.9375,1550800
2022-03-01,201.6378,203.1924,199.2496,200.0925,951900
2022-03-02,199.5399,203.0613,199.1372,202.1248,744100
2022-03-03,202.5743,205.2903,202.2934,204.438,792200
2022-03-04,202.284,204.0447,199.8864,203.848,923300
2022-03-07,202.6493,203.2205,198.6877,199.465,917700
2022-03-08,199.3995,205.1779,198.2756,201.0197,1277300
2022-03-09,204.0915,205.1217,200.9354,201.0946,812200
2022-03-10,199.2215,200.645,196.3931,200.0831,1020800
2022-03-11,201.1415,202.1997,198.8095,198.9125,535200
2022-03-14,201.5629,206.5266,200.617,205.7492,918900
2022-03-15,207.4537,209.1395,204.9532,208.0344,781000
2022-03-16,209.2144,210.8346,204.1477,208.231,820200
2022-03-17,208.0438,210.254,207.1728,207.6972,646500
2022-03-18,208.1936,212.2769,207.1259,211.5932,1372700
2022-03-21,211.3779,213.2135,210.4039,211.5183,453100
2022-03-22,213.2416,213.4008,210.1229,213.2697,426500
2022-03-23,212.6141,212.8295,209.7951,210.2727,576200
2022-03-24,210.2727,212.1084,209.5797,212.0896,457800
2022-03-25,213.766,215.6204,213.0636,214.8524,497600
2022-03-28,214.1875,215.0959,212.9419,214.815,503100
2022-03-29,216.4633,217.5778,214.5527,217.0439,534900
2022-03-30,216.3321,218.3083,215.124,218.2895,599900
2022-03-31,218.3457,218.6829,215.6204,215.7047,699200
2022-04-01,215.8733,219.0388,213.9533,218.8796,592300
2022-04-04,221.6611,221.7735,213.7848,215.1334,936400
2022-04-05,213.4382,217.7838,213.4382,215.7234,894700
2022-04-06,215.3769,218.2614,213.6911,217.1001,999400
2022-04-07,221.0149,230.8579,220.8557,227.1118,2057400
2022-04-08,226.4937,230.6332,224.4052,228.9474,1270800
2022-04-11,228.7414,233.2649,228.7414,231.8039,1254700
2022-04-12,230.8298,235.8497,230.8298,233.0401,1097000
2022-04-13,231.6727,234.5667,231.6446,232.8528,780300
2022-04-14,234.1358,237.7509,234.089,235.4657,780400
2022-04-18,235.4657,238.6313,235.2503,236.7769,770200
2022-04-19,236.805,239.8394,236.805,237.7603,786300
2022-04-20,238.8185,243.0798,237.3201,242.3587,1045800
2022-04-21,243.1735,244.9248,237.6479,238.0787,1141800
2022-04-22,237.4981,239.1651,234.7353,235.035,1097200
2022-04-25,235.4845,235.8404,230.577,232.9558,1271000
2022-04-26,232.2721,235.0256,230.2117,232.1878,861300
2022-04-27,232.1878,235.7935,231.5416,233.4896,870400
2022-04-28,232.7778,235.5968,231.8132,234.3044,607400
2022-04-29,233.499,234.5854,229.6685,230.474,796700
2022-05-02,231.5697,232.6561,226.6716,228.5447,895200
2022-05-03,229.9308,232.1036,228.2825,229.5,1030800
2022-05-04,229.4248,238.6612,228.4476,238.2853,1122800
2022-05-05,236.5377,239.1404,235.833,236.6974,1808400
2022-05-06,234.9027,236.0585,231.6987,232.5255,1592800
2022-05-09,230.3362,234.9779,229.6785,231.3698,1148700
2022-05-10,233.4087,234.9403,229.1335,231.8772,1059200
2022-05-11,231.7362,235.8235,230.7778,231.1067,997700
2022-05-12,230.3456,233.5685,228.2973,230.4114,1282700
2022-05-13,230.806,235.288,229.2651,233.888,1529000
2022-05-16,234.2732,235.5699,232.2718,234.3578,982900
2022-05-17,235.8517,236.9041,233.6718,235.7953,1012900
2022-05-18,235.8424,235.8424,222.5375,222.7348,1375300
2022-05-19,220.9589,223.2891,217.7642,220.6488,1422000
2022-05-20,221.9924,222.4904,218.4219,220.3387,1269000
2022-05-23,221.7482,225.7979,220.8649,224.2569,1201100
2022-05-24,223.3737,229.6409,223.3737,229.2651,1088300
2022-05-25,227.8744,229.1805,225.8449,228.3536,740300
2022-05-26,229.359,232.5349,228.0906,229.6127,887800
2022-05-27,231.6423,232.3094,230.1201,231.4356,959400
2022-05-31,230.402,231.2007,227.7241,230.6463,1958900
2022-06-01,230.8436,231.1443,225.3375,229.4342,883900
2022-06-02,229.8101,230.9752,225.5818,230.947,677300
2022-06-03,230.2047,230.4302,227.7805,228.6355,618200
2022-06-06,229.7631,232.2436,229.1053,231.0221,509800
2022-06-07,228.8329,231.9618,228.7859,231.3698,730800
2022-06-08,230.2516,231.8678,229.5939,230.6275,588000
2022-06-09,230.2047,232.6195,226.916,227.057,838800
2022-06-10,224.0502,226.1925,222.2274,224.6516,718100
2022-06-13,220.9026,221.6073,215.4434,216.1387,1232600
2022-06-14,216.7025,220.1884,216.0729,217.5199,970300
2022-06-15,219.3052,220.1415,214.034,216.6555,1102500
2022-06-16,213.7521,213.8366,210.3413,212.1359,1159700
2022-06-17,211.2715,215.1991,211.2715,213.9494,2663200
2022-06-21,215.5937,222.9509,214.2313,220.7522,1349600
2022-06-22,220.132,224.2381,218.4783,223.0636,1335200
2022-06-23,223.7026,225.7321,223.4583,224.8959,964600
2022-06-24,227.1321,230.9094,225.8449,230.6745,1151500
2022-06-27,230.5336,233.2866,229.4248,232.4786,799200
2022-06-28,233.4651,236.8477,229.9134,230.6933,968300
2022-06-29,230.759,233.3994,228.7295,228.9174,1272800
2022-06-30,223.7026,223.7026,217.2944,218.9857,1966600
2022-07-01,218.9857,223.4019,216.2608,221.2126,1345200
2022-07-05,221.3911,223.3643,217.3884,222.4153,1326300
2022-07-06,224.5012,226.1456,222.2932,224.9805,1070500
2022-07-07,224.4449,228.908,224.4449,227.0194,881200
2022-07-08,227.4047,231.0128,226.8315,227.5456,692400
2022-07-11,226.6342,227.8463,225.9576,226.5778,535100
2022-07-12,225.9952,229.406,225.657,226.0328,644200
2022-07-13,227.9026,231.6141,225.7979,230.1859,1089500
2022-07-14,226.7375,236.4343,226.2207,235.8142,1330500
2022-07-15,228.7389,231.2383,225.2905,229.7725,1722100
2022-07-18,230.5617,232.4222,227.9402,228.7483,842700
2022-07-19,229.6221,231.2101,228.363,229.951,818100
2022-07-20,229.857,231.4074,228.1375,228.4852,882100
2022-07-21,228.3536,229.1899,224.8019,227.6489,813200
2022-07-22,228.053,229.6033,226.5308,227.7429,504200
2022-07-25,227.7147,228.8422,225.0086,226.1362,577100
2022-07-26,226.2301,227.8463,224.9523,226.916,871400
2022-07-27,227.3389,231.351,226.4744,230.5054,679800
2022-07-28,231.1067,234.0007,229.9228,233.3524,712500
2022-07-29,232.5255,233.3336,231.0316,231.4356,865200
2022-08-01,231.4543,233.296,228.2596,229.406,1196300
2022-08-02,230.0168,230.7591,228.2785,230.2047,772700
2022-08-03,230.2235,232.4597,228.7765,231.6893,972900
2022-08-04,231.5201,232.7228,228.006,228.4382,874800
2022-08-05,228.4194,229.6503,226.9536,229.6033,1059000
2022-08-08,230.6557,231.896,216.6837,220.6958,2464900
2022-08-09,222.4023,230.6237,222.0817,228.8512,2182000
2022-08-10,229.5206,231.8305,226.0605,228.2855,703000
2022-08-11,228.0404,228.4647,225.9568,226.1265,770700
2022-08-12,226.5601,230.3503,226.5601,229.794,1310800
2022-08-15,229.4075,233.8105,229.4075,232.3868,701900
2022-08-16,232.3114,234.4422,232.3114,233.9802,650300
2022-08-17,233.1976,236.3372,232.9525,235.8469,715200
2022-08-18,237.1104,237.5252,235.5547,236.5258,543400
2022-08-19,236.2995,237.4403,235.0927,237.2989,655200
2022-08-22,235.8941,242.3618,235.8941,240.2405,1304000
2022-08-23,239.3826,240.3348,237.7421,239.6466,749500
2022-08-24,239.4768,244.1155,238.9017,242.739,896800
2022-08-25,242.739,243.5216,240.9948,242.9936,639200
2022-08-26,243.5499,243.5499,237.3367,237.4969,593900
2022-08-29,235.6678,238.2606,234.6401,236.2807,699200
2022-08-30,236.3938,237.4592,233.9047,234.3856,1013300
2022-08-31,234.791,235.8847,231.8117,231.9814,786300
2022-09-01,231.6703,233.801,228.8795,233.3673,837800
2022-09-02,234.3856,236.1204,230.3692,230.85,773400
2022-09-06,230.9914,235.7527,230.2843,230.8877,850000
2022-09-07,230.6332,234.6307,229.9355,234.1876,634800
2022-09-08,233.6313,234.2536,229.8223,234.0462,1071200
2022-09-09,235.0456,235.0456,232.4339,232.5942,822900
2022-09-12,232.2736,234.9795,231.246,233.8576,966600
2022-09-13,230.9914,232.5754,225.5702,226.2019,1115700
2022-09-14,227.239,228.0592,225.6833,227.1541,694100
2022-09-15,227.6821,229.9355,225.787,226.7676,799100
2022-09-16,225.6833,226.7016,223.034,226.183,2568800
2022-09-19,225.8059,228.5495,225.0705,228.4081,628400
2022-09-20,227.2956,228.6909,225.7022,227.8047,686900
2022-09-21,228.3892,230.2466,225.1648,225.2119,585100
2022-09-22,225.5891,225.787,223.0057,223.0623,716200
2022-09-23,221.4312,221.5632,215.5574,218.037,1377700
2022-09-26,216.8114,220.5921,216.3117,219.357,962300
2022-09-27,221.5632,222.8926,218.6121,219.423,1182400
2022-09-28,219.8567,224.684,219.4607,223.8543,922500
2022-09-29,223.9014,224.1371,219.357,220.3092,1171000
2022-09-30,220.479,221.2898,216.3211,216.5474,838400
2022-10-03,218.4142,221.3841,217.5374,221.1107,789800
2022-10-04,221.7329,225.8436,221.6292,223.826,1019400
2022-10-05,223.5526,224.3728,220.6676,222.4589,1082400
2022-10-06,219.2061,221.9403,214.1903,219.225,2812500
2022-10-07,219.9887,220.1584,209.2782,209.9665,2154900
2022-10-10,209.7591,209.9476,206.7798,208.59,1121800
2022-10-11,209.1934,212.7384,208.1751,208.7314,1094100
2022-10-12,210.1551,212.0218,208.9011,210.5416,833700
2022-10-13,205.9972,213.851,205.6295,212.9741,913500
2022-10-14,213.6906,214.9352,208.986,209.2971,704700
2022-10-17,211.3336,212.1539,210.3908,211.211,581500
2022-10-18,214.69,215.4349,212.465,213.5398,970400
2022-10-19,213.4832,214.8409,208.9765,210.4945,1008700
2022-10-20,211.3147,211.3147,208.9859,209.8062,1099300
2022-10-21,209.3065,212.5215,208.5523,212.2764,723700
2022-10-24,213.4926,217.0094,212.0218,216.604,941900
2022-10-25,217.6505,226.2019,217.3959,225.0988,1712500
2022-10-26,225.7776,227.7293,223.6091,224.2314,828500
2022-10-27,225.3345,227.0787,224.2125,224.8254,601100
2022-10-28,225.4099,233.1599,224.8631,232.9619,834800
2022-10-31,233.1128,234.7533,231.7268,232.9525,1037700
2022-11-01,233.8105,235.2058,228.1818,229.5206,851500
2022-11-02,228.8418,232.0757,225.5136,225.5796,768000
2022-11-03,223.7539,229.0041,222.6754,228.3703,999700
2022-11-04,230.669,231.6245,226.308,231.6055,939900
2022-11-07,231.8326,233.2326,230.3474,233.1759,656700
2022-11-08,233.6773,234.2638,228.4838,230.2339,628800
2022-11-09,230.3379,232.0312,226.4405,226.8378,758900
2022-11-10,233.0435,236.2315,229.9312,230.8488,1569300
2022-11-11,230.8488,233.734,224.2079,233.6583,1592800
2022-11-14,233.7057,237.5274,231.1893,231.2556,967500
2022-11-15,230.8204,233.8002,226.3932,230.3001,2206100
2022-11-16,231.161,231.8421,229.6096,230.0826,1055200
2022-11-17,227.7743,231.861,227.0459,231.6339,769200
2022-11-18,234.4908,235.4557,232.561,234.2732,667400
2022-11-21,233.9516,239.4572,233.6867,238.7856,967000
2022-11-22,240.7343,242.4087,239.4573,241.2262,965000
2022-11-23,241.7087,242.8438,240.5451,242.8249,552100
2022-11-25,242.8344,243.7047,241.16,243.5817,383600
2022-11-28,243.0709,244.821,242.5506,243.5912,846600
2022-11-29,242.8817,242.8817,236.2787,239.9397,1086600
2022-11-30,238.4829,243.4493,236.2787,243.4493,1372400
2022-12-01,244.348,245.1331,241.283,244.7453,972500
2022-12-02,243.5155,247.2049,242.4087,246.9494,1169500
2022-12-05,242.4371,242.8533,240.233,241.0938,1210300
2022-12-06,240.2992,241.0843,233.2043,234.2448,1347900
2022-12-07,234.7462,236.099,232.3245,233.3367,1004800
2022-12-08,232.807,234.68,232.4948,233.0718,634900
2022-12-09,232.0502,233.2705,228.8244,228.9663,740600
2022-12-12,229.5149,232.3056,228.1243,232.2299,603500
2022-12-13,235.0205,235.0205,227.2445,227.85,1889800
2022-12-14,228.4081,229.619,225.2012,226.6107,1238300
2022-12-15,224.9269,226.6013,220.8213,222.6849,1404000
2022-12-16,219.7429,221.6443,215.9684,218.8631,2507800
2022-12-19,218.7307,221.9092,217.6144,217.8509,1425100
2022-12-20,217.6901,218.7685,214.767,217.7374,1150800
2022-12-21,218.5699,221.7673,217.955,220.7835,1025000
2022-12-22,220.0172,221.597,215.8454,218.532,908000
2022-12-23,218.4375,220.5375,217.7658,219.8564,409500
2022-12-27,220.0267,221.597,219.251,219.8375,558300
2022-12-28,220.3862,221.6916,219.3361,219.355,827800
2022-12-29,220.6889,222.439,219.3645,222.1173,780000
2022-12-30,221.8241,221.9186,217.5198,219.2321,733700
2023-01-03,219.4686,221.5497,214.1521,215.3062,1723200
2023-01-04,215.3914,221.8335,214.7954,218.6739,1548500
2023-01-05,212.0237,212.7521,196.8784,197.4082,4690500
2023-01-06,199.3191,204.5599,197.1906,202.6584,4220200
2023-01-09,203.0652,207.5491,202.8287,203.8693,3034900
2023-01-10,206.4329,210.3871,206.2532,208.1167,2899600
2023-01-11,209.6965,211.7304,208.41,210.6142,2312800
2023-01-12,210.1127,211.3898,208.3438,211.1344,2054500
2023-01-13,211.1439,214.2089,209.8385,212.8467,2675600
2023-01-17,211.9196,214.5873,211.3236,211.6926,1649500
2023-01-18,210.425,211.5885,206.5653,207.7384,1843600
2023-01-19,207.7951,208.7884,202.4503,204.8909,2341300
2023-01-20,206.045,209.0533,205.5247,208.9492,1641200
2023-01-23,208.8452,212.7426,208.0789,211.9007,1450800
2023-01-24,210.1884,215.9117,210.1884,215.2116,1966800
2023-01-25,213.5183,216.5928,212.2129,216.5644,1069300
2023-01-26,217.5766,217.5766,215.4008,216.1576,1194700
2023-01-27,216.0819,217.7374,213.6791,216.4319,1304500
2023-01-30,215.8833,218.3902,213.8683,214.1332,1668800
2023-01-31,215.9022,219.0712,213.2629,219.0145,1502200
2023-02-01,218.5226,221.1335,218.3429,220.9727,1280700
2023-02-02,220.6321,220.8592,218.3429,219.8943,1027700
2023-02-03,219.1469,219.1469,216.0063,218.3523,1061300
2023-02-06,217.5293,219.6767,217.4158,219.4591,915400
2023-02-07,217.665,219.1933,216.9625,218.6048,1297500
2023-02-08,218.301,219.7723,217.3707,218.4529,1529700
2023-02-09,220.5318,220.5318,213.9819,215.3678,2021100
2023-02-10,215.3773,217.1714,214.0388,216.7158,747600
2023-02-13,216.8581,217.6365,215.6336,216.9436,871500
2023-02-14,216.5544,216.5544,213.213,214.2952,931300
2023-02-15,213.7066,213.7256,211.0107,213.4693,1249000
2023-02-16,210.8683,216.6303,210.8683,215.7285,1318800
2023-02-17,216.1652,217.4656,214.7792,215.2918,1027600
2023-02-21,215.2634,215.6811,211.4379,211.7891,1051900
2023-02-22,212.6909,212.7099,210.3272,210.8493,1092200
2023-02-23,211.1816,215.4437,210.4981,214.1527,979700
2023-02-24,213.1086,213.2604,211.4474,212.7194,702900
2023-02-27,214.1528,215.3298,212.4916,213.2889,608200
2023-02-28,212.6435,214.1623,212.3017,212.3492,1136900
2023-03-01,211.1816,212.1213,206.4258,208.5521,861100
2023-03-02,208.2769,211.0107,207.7832,210.4886,735000
2023-03-03,211.0107,212.577,209.7672,211.922,723100
2023-03-06,210.5171,211.5613,209.3021,209.3495,829200
2023-03-07,209.3685,210.0709,207.9731,208.0965,806600
2023-03-08,207.6124,209.0742,206.5112,208.1724,968900
2023-03-09,209.6343,209.7862,204.1855,204.85,870800
2023-03-10,204.8405,205.2202,200.379,201.2428,1303000
2023-03-13,201.2334,203.0179,199.6576,200.2936,1929400
2023-03-14,203.0274,204.7361,201.7839,204.1381,1294900
2023-03-15,201.9738,205.2772,201.9073,205.0683,1009800
2023-03-16,203.2363,206.1315,202.7332,204.7076,854100
2023-03-17,204.0906,204.0906,199.4867,200.1987,2607700
2023-03-20,201.0435,205.1823,200.7492,204.4703,1134700
2023-03-21,204.9924,205.5525,203.0275,205.2012,912900
2023-03-22,205.2487,206.9384,203.2553,203.2742,712200
2023-03-23,202.8281,205.1443,202.8281,204.0811,918800
2023-03-24,205.2012,207.5934,203.7773,206.8909,935600
2023-03-27,208.2199,209.2546,207.6978,208.3528,837200
2023-03-28,208.1819,209.5583,208.1155,208.1534,721600
2023-03-29,209.4634,212.4156,209.2641,212.3302,860800
2023-03-30,213.4408,214.4375,212.2922,213.4978,1280100
2023-03-31,215.4722,215.4817,213.2415,214.428,1244400
2023-04-03,214.5325,215.8899,213.3649,213.9819,1171200
2023-04-04,213.8585,215.4722,206.0366,207.1567,2697900
2023-04-05,208.9698,210.631,207.0333,210.2038,1520700
2023-04-06,212.6339,215.0071,209.7957,213.2415,2027800
2023-04-10,214.485,215.1969,211.7227,213.2035,1713500
2023-04-11,212.7004,218.2726,212.7004,216.5829,1259400
2023-04-12,216.488,216.9531,214.7128,214.9312,1059400
2023-04-13,214.8362,215.5292,213.7161,214.7223,1012600
2023-04-14,214.3141,217.0385,213.6401,216.6493,1302600
2023-04-17,217.0765,218.0827,214.7793,218.0257,1054600
2023-04-18,217.9593,218.0732,212.1783,215.814,1207600
2023-04-19,215.9564,216.5734,214.8268,216.3076,743500
2023-04-20,215.9563,217.1144,214.5419,215.4342,728200
2023-04-21,216.7157,217.1144,214.0388,214.9501,609900
2023-04-24,215.3868,215.7665,212.0644,212.9947,826700
2023-04-25,212.9757,215.8045,212.577,215.0356,573600
2023-04-26,214.1053,215.5197,213.5832,214.0009,497500
2023-04-27,213.7351,217.4941,212.6434,216.9626,878600
2023-04-28,216.1936,217.8264,214.6748,217.8264,695300
2023-05-01,217.1714,219.7534,216.8202,218.5478,970400
2023-05-02,217.8359,218.4909,214.466,216.9626,1038900
2023-05-03,218.4968,218.8494,214.6373,214.8946,988300
2023-05-04,214.8851,215.0566,211.3782,211.95,1041800
2023-05-05,212.0452,213.0077,211.4449,212.9315,1063900
2023-05-08,212.2263,218.0013,211.9881,217.4676,1221600
2023-05-09,216.8577,218.1156,214.8374,214.8565,747900
2023-05-10,215.3139,216.4289,214.1513,215.5522,672300
2023-05-11,212.9315,214.4658,212.5217,214.2943,1772000
2023-05-12,214.0465,217.3247,212.9506,217.0388,970000
2023-05-15,218.4968,219.5165,216.6957,219.4975,1334300
2023-05-16,219.364,219.364,215.5331,216.0287,1249600
2023-05-17,215.7523,220.6506,214.8565,219.8691,1359300
2023-05-18,219.669,222.0133,218.8876,221.2319,1487500
2023-05-19,222.404,224.9866,222.0419,224.2242,1365500
2023-05-22,224.5387,225.8347,223.9002,224.3862,1715600
2023-05-23,223.9478,226.6352,223.1473,224.815,1289600
2023-05-24,225.2629,225.2629,221.27,221.3748,1187300
2023-05-25,220.4504,222.1181,217.7154,221.2223,1206400
2023-05-26,221.5845,223.2617,220.8697,221.9275,881500
2023-05-30,225.768,227.3309,224.3481,225.9109,1591200
2023-05-31,226.3303,232.2006,226.1397,231.543,2051300
2023-06-01,230.8474,231.7431,229.8658,231.2857,1178800
2023-06-02,231.8098,234.8212,231.5811,233.8778,1065300
2023-06-05,233.5728,235.1071,232.0766,232.6865,946900
2023-06-06,236.7462,236.7462,230.4852,231.0951,1158700
2023-06-07,230.1707,232.5913,228.4173,231.8766,1012300
2023-06-08,231.9909,233.6205,231.0189,232.9153,731600
2023-06-09,232.2101,233.0487,230.0754,230.247,983800
2023-06-12,230.6949,233.0868,229.942,232.9439,928600
2023-06-13,232.5246,236.0791,231.8861,235.7742,1239800
2023-06-14,235.9267,236.4508,234.2876,235.393,1112800
2023-06-15,236.2792,238.3758,235.9362,237.4705,1125600
2023-06-16,238.2329,238.2329,233.9159,234.4591,1506000
2023-06-20,234.2971,235.3358,232.172,232.2768,880100
2023-06-21,232.2672,235.1261,231.076,234.6973,987700
2023-06-22,235.7551,236.1077,232.0385,233.7348,776500
2023-06-23,233.7348,234.0684,230.0564,230.9808,1028400
2023-06-26,231.1142,231.1142,228.9604,231.0189,743800
2023-06-27,231.3524,235.8028,230.6663,235.3739,935000
2023-06-28,234.5639,235.8885,232.7437,235.1738,928100
2023-06-29,235.25,236.7748,234.4495,235.2405,1148900
2023-06-30,230.6663,236.8415,226.8067,234.5544,2903500
2023-07-03,234.6687,237.5276,234.1065,235.8313,1265100
2023-07-05,234.2018,240.7201,234.1637,239.1953,1457400
2023-07-06,237.804,241.2252,236.9749,240.7106,1440300
2023-07-07,241.168,243.1692,240.3103,241.5682,1435700
2023-07-10,241.6921,242.7499,238.6617,239.8815,841000
2023-07-11,240.1292,241.1966,238.8999,240.5962,774200
2023-07-12,241.2919,241.3776,238.433,239.1,952600
2023-07-13,239.0619,241.2252,238.7665,240.8631,621300
2023-07-14,240.7868,243.6076,239.586,243.4551,816800
2023-07-17,242.6356,243.4646,241.7112,242.5879,781600
2023-07-18,242.2925,245.2467,241.8923,242.3687,805200
2023-07-19,249.2015,256.7109,248.5726,255.3291,3234600
2023-07-20,254.8526,256.6632,253.5375,256.5394,1530100
2023-07-21,257.2827,257.6543,255.4053,256.8253,1237200
2023-07-24,257.5114,258.5406,256.6346,258.5025,801900
2023-07-25,257.5114,258.7694,256.8158,258.6169,730700
2023-07-26,258.2452,260.0368,258.0928,259.3983,788100
2023-07-27,259.7223,260.58,257.4066,257.8449,1284000
2023-07-28,259.3697,260.0463,258.1118,259.6842,921200
2023-07-31,259.3792,260.113,258.3405,259.97,950400
2023-08-01,259.4269,260.094,256.9968,257.3304,714600
2023-08-02,256.6632,259.0838,256.101,256.8538,936900
2023-08-03,256.4822,257.0635,254.5667,256.0915,956000
2023-08-04,256.2726,257.2922,254.824,255.4149,1184000
2023-08-07,256.0248,258.6454,255.3577,257.9021,925100
2023-08-08,257.9022,260.7801,257.3018,258.2452,1059600
2023-08-09,259.3352,260.2148,258.446,258.6754,733100
2023-08-10,259.1057,259.775,256.6198,256.8206,711000
2023-08-11,256.8875,257.3465,255.702,255.9314,670300
2023-08-14,256.964,256.964,255.1856,255.9027,748000
2023-08-15,255.1092,255.4629,253.8567,254.0383,529600
2023-08-16,254.1339,254.2774,251.1604,251.2847,643800
2023-08-17,251.3708,251.7436,245.6819,246.0643,1013800
2023-08-18,245.7201,247.2595,245.3855,245.7871,1382700
2023-08-21,245.8445,247.881,244.4964,247.6228,825400
2023-08-22,247.336,248.0722,245.3568,246.0261,635000
2023-08-23,246.9918,250.9214,246.9918,250.5485,957500
2023-08-24,251.103,251.1413,246.7049,246.9344,765600
2023-08-25,248.1678,248.7032,246.6093,248.1009,409200
2023-08-28,248.0914,250.6442,248.0914,250.4051,507800
2023-08-29,250.0513,250.7206,248.3495,249.8027,723800
2023-08-30,249.6976,250.233,247.4221,249.4108,879500
2023-08-31,249.0188,250.2999,248.2921,249.1239,802500
2023-09-01,250.08,250.4912,246.9344,248.0913,667300
2023-09-05,248.187,248.6746,245.4812,246.1983,786200
2023-09-06,249.0666,249.0666,246.638,247.4507,823900
2023-09-07,248.0818,249.3151,247.1734,248.1678,817900
2023-09-08,248.6936,248.8275,247.489,247.8236,692900
2023-09-11,247.9384,249.1717,247.3742,248.1104,753600
2023-09-12,247.967,249.6211,247.1735,249.2291,556900
2023-09-13,249.8601,250.2903,247.3264,248.7606,648100
2023-09-14,249.7836,251.5907,248.8371,251.3134,616400
2023-09-15,250.0704,250.7684,248.1773,248.9135,2034600
2023-09-18,250.1947,250.3764,247.9574,249.2482,650600
2023-09-19,248.9996,250.1661,247.8619,248.5885,1029200
2023-09-20,250.3,252.0879,249.3056,250.4051,663600
2023-09-21,249.3725,249.9749,245.1561,245.2134,721000
2023-09-22,248.5885,250.3956,244.678,244.7927,796600
2023-09-25,244.1808,245.4333,243.5594,245.1943,588800
2023-09-26,244.4199,244.9457,242.1921,242.2782,593100
2023-09-27,242.2304,242.8423,239.0465,239.5915,649000
2023-09-28,239.8783,242.4694,239.1708,240.5667,580500
2023-09-29,241.8575,242.4981,239.4768,240.299,706600
2023-10-02,239.4672,240.2321,235.8818,237.7271,845200
2023-10-03,237.7271,239.6393,235.9965,237.4307,1126800
2023-10-04,238.0522,239.4385,236.6467,238.4155,1264800
2023-10-05,232.5737,235.4324,229.4185,230.7379,2460600
2023-10-06,229.2751,229.5906,222.7735,226.2251,2587200
2023-10-09,225.3264,225.6514,223.7488,224.7718,1376500
2023-10-10,226.9804,227.9365,226.0148,227.4585,1884700
2023-10-11,228.0799,230.1929,227.6019,228.5102,1048200
2023-10-12,228.6441,228.6441,217.8783,218.3659,1922900
2023-10-13,217.7539,221.7887,217.5149,221.521,1111400
2023-10-16,222.7162,225.7088,222.2955,224.485,1088900
2023-10-17,223.0508,227.7836,222.5536,227.3629,1322400
2023-10-18,226.9804,228.3285,222.9456,223.1847,1186200
2023-10-19,223.5384,226.4163,222.4771,222.9647,1047700
2023-10-20,224.179,224.571,219.8001,220.2781,874600
2023-10-23,219.7809,223.634,218.232,221.6836,1216500
2023-10-24,222.5537,226.8466,222.3337,224.3703,1024400
2023-10-25,224.2459,227.2672,222.9456,223.7488,922400
2023-10-26,224.7718,225.508,220.8996,221.2246,884000
2023-10-27,220.5745,220.8804,217.6488,219.5419,902400
2023-10-30,221.3203,224.8387,220.5841,223.8253,894000
2023-10-31,224.8866,225.7375,223.0891,223.8731,850200
2023-11-01,224.5806,227.5063,223.7966,223.9304,1017000
2023-11-02,225.2933,229.6698,224.0072,228.4221,1154400
2023-11-03,230.6104,234.1519,230.5336,231.954,1286800
2023-11-06,232.6258,234.7181,231.4549,231.8388,1426500
2023-11-07,231.2918,233.8543,230.6583,232.7602,1391400
2023-11-08,233.4896,233.9023,231.1862,231.7812,1041900
2023-11-09,231.9636,231.9636,228.9308,229.3339,1209600
2023-11-10,227.1744,230.8215,226.2722,229.689,1387500
2023-11-13,230.2361,231.6181,229.6218,231.1574,861800
2023-11-14,233.0385,233.1153,230.9942,232.1555,861100
2023-11-15,231.9732,231.9732,228.7868,229.9001,1266200
2023-11-16,229.8137,230.0825,226.2914,227.0688,1269100
2023-11-17,227.4048,227.4048,224.7462,226.1475,1156200
2023-11-20,225.4948,228.2589,224.3719,227.4144,905500
2023-11-21,227.7695,227.7695,223.9016,224.8422,1219800
2023-11-22,226.4354,229.9385,226.0899,229.4202,925100
2023-11-24,228.3357,229.0171,227.6831,228.7772,357500
2023-11-27,228.5565,228.8636,226.9825,228.4125,836400
2023-11-28,228.5757,233.0289,228.4221,232.0404,1397000
2023-11-29,232.4915,233.4896,227.3184,228.3741,1206700
2023-11-30,228.6332,230.9079,228.3069,230.8119,963600
2023-12-01,232.2803,233.2209,229.9577,232.2132,970900
2023-12-04,230.8599,233.576,230.1401,230.6391,1322300
2023-12-05,230.2456,230.8119,224.1032,227.136,1247400
2023-12-06,226.4642,227.5679,223.249,225.6388,1231700
2023-12-07,225.8116,227.0209,224.3623,226.3682,1047300
2023-12-08,226.0803,227.1072,224.7558,225.0054,901500
2023-12-11,225.754,226.8577,224.5927,226.2147,804100
2023-12-12,227.1936,227.2416,225.2645,226.3394,1273700
2023-12-13,226.5026,234.2478,225.3029,232.8274,1241800
2023-12-14,233.528,234.5742,231.2342,231.3302,1282500
2023-12-15,230.332,230.5623,226.0035,226.9441,1722900
2023-12-18,228.067,229.6218,226.4642,229.2763,1229500
2023-12-19,229.8042,231.8676,229.5066,231.3878,1025400
2023-12-20,230.0345,230.7063,225.2933,225.61,1322200
2023-12-21,226.9824,228.0574,225.706,226.3778,1127900
2023-12-22,227.4336,229.6506,226.6082,228.3069,875400
2023-12-26,227.9134,230.7639,227.6351,229.3723,568000
2023-12-27,229.0747,230.5432,228.6716,230.4568,602900
2023-12-28,230.4472,232.693,230.4472,232.4147,824000
2023-12-29,232.4723,233.0482,231.6661,232.0212,741300
2024-01-02,230.9558,235.1884,230.8119,234.0751,1250500
2024-01-03,233.8447,234.5069,231.4837,231.7045,1609100
2024-01-04,232.4915,233.7583,232.1268,232.5779,1331300
2024-01-05,234.6605,242.9048,233.5088,237.5686,2634700
2024-01-08,238.1636,241.5612,238.1636,239.9392,2083700
2024-01-09,239.2385,243.3943,237.0887,243.3367,1449800
2024-01-10,242.9912,245.4962,242.3482,244.5172,1846500
2024-01-11,244.738,247.3869,244.0949,247.0606,1701000
2024-01-12,247.9244,249.8247,247.0894,247.9052,1515300
2024-01-16,249.22,249.4983,244.9491,245.1027,1244800
2024-01-17,244.1909,245.3618,242.281,242.4921,1068600
2024-01-18,241.4364,244.2101,241.2636,243.4423,699800
2024-01-19,244.2581,245.6401,241.2157,243.7302,947900
2024-01-22,244.1429,245.0835,241.4076,241.5036,828500
2024-01-23,241.0717,243.0584,240.803,242.8089,797000
2024-01-24,241.8971,242.6745,237.3382,237.4534,1153400
2024-01-25,238.6915,240.1983,238.2692,240.1408,797500
2024-01-26,241.3021,241.7915,239.037,239.4593,1078500
2024-01-29,238.9794,240.8606,237.2135,240.707,1473700
2024-01-30,240.3903,240.8894,236.7816,238.4324,950500
2024-01-31,238.2596,238.5763,234.0367,235.2172,1116300
2024-02-01,235.6203,242.5113,234.6317,242.5113,1036400
2024-02-02,241.9835,242.0026,238.5667,240.5054,1168300
2024-02-05,238.8259,239.9008,236.6376,237.1175,1322300
2024-02-06,237.0215,239.6225,236.1098,238.6435,1099200
2024-02-07,236.8519,237.6899,232.2959,235.4264,994300
2024-02-08,235.0219,235.2434,232.9028,234.1068,1138700
2024-02-09,233.5289,235.5227,232.7005,233.6252,1219200
2024-02-12,234.2224,238.9902,233.9527,237.9885,1365400
2024-02-13,236.0332,237.9404,233.972,235.5805,933500
2024-02-14,235.5612,235.8791,233.4807,234.6366,667400
2024-02-15,235.7154,237.0927,234.0394,235.8887,703600
2024-02-16,234.9833,237.0349,233.211,234.8677,834600
2024-02-20,235.0604,239.4237,235.0604,236.2355,744100
2024-02-21,236.7075,238.3642,235.4842,236.5726,603800
2024-02-22,236.5437,238.21,235.07,236.6593,1154500
2024-02-23,236.4378,239.4526,235.6094,238.133,910900
2024-02-26,237.9308,239.1925,236.6112,237.7381,1108300
2024-02-27,237.1987,239.0577,235.8309,237.9982,1172500
2024-02-28,237.9789,238.4701,236.091,238.3353,948600
2024-02-29,238.6339,239.7994,236.9001,239.3756,1938300
2024-03-01,238.6339,240.9937,237.0542,240.8011,1559400
2024-03-04,239.9824,240.5218,237.9115,238.9036,1212100
2024-03-05,239.0577,241.1575,237.4491,239.0095,1221300
2024-03-06,238.8747,239.7126,237.0831,239.2599,1178800
2024-03-07,240.252,245.9735,239.3659,245.9061,1342400
2024-03-08,246.3973,249.3447,245.0488,248.2081,1920300
2024-03-11,248.5067,253.3805,248.343,252.3403,1418800
2024-03-12,252.3595,252.7352,250.4813,252.2247,998400
2024-03-13,253.9103,255.4803,252.8026,253.997,900000
2024-03-14,252.5907,253.4768,249.258,251.2326,941900
2024-03-15,249.4699,258.0424,249.4699,257.792,2421200
2024-03-18,257.2623,257.8883,255.3359,256.5495,1176900
2024-03-19,257.1756,258.919,256.694,258.8612,1183000
2024-03-20,258.9286,259.2657,256.2701,258.6204,1264400
2024-03-21,258.6204,260.2193,256.877,259.4391,1016400
2024-03-22,261.0284,261.0284,257.5897,258.3699,664400
2024-03-25,258.9671,260.6527,258.341,260.489,758600
2024-03-26,261.0958,261.0958,258.4373,259.3813,878400
2024-03-27,260.6142,262.165,259.1598,262.0301,838700
2024-03-28,262.3576,262.9548,259.7858,261.7604,1144000
2024-04-01,261.3655,261.6352,254.6231,256.2124,1420100
2024-04-02,257.4645,259.9303,255.8945,257.5705,1258500
2024-04-03,257.0214,257.6379,255.0854,257.1274,769200
2024-04-04,258.2158,258.447,253.5828,254.5845,1401800
2024-04-05,254.5171,255.9137,252.8796,255.8559,1247900
2024-04-08,255.7789,257.4164,255.2588,256.2124,968200
2024-04-09,257.7053,257.7053,252.4269,253.2938,1203800
2024-04-10,249.4796,255.5478,248.6031,255.1721,2645200
2024-04-11,261.0284,264.756,254.3245,258.4663,4101200
2024-04-12,259.5932,260.2385,252.4366,252.5907,1629300
2024-04-15,255.5189,255.5189,247.7265,249.0076,1832700
2024-04-16,248.4586,249.6722,244.0856,248.2948,1773800
2024-04-17,249.6915,249.6915,247.6206,247.8421,1530500
2024-04-18,248.3334,251.3675,248.0444,249.1617,1160800
2024-04-19,249.9227,253.8622,249.7493,251.1074,1506600
2024-04-22,251.8779,252.1669,249.8456,250.1827,872800
2024-04-23,249.8745,252.6196,249.4025,252.0321,1049900
2024-04-24,250.0575,252.3499,248.16,251.9261,1075300
2024-04-25,252.1573,254.4786,250.2212,252.0802,757600
2024-04-26,251.4927,252.3981,250.3657,250.4717,700000
2024-04-29,250.7798,252.0898,249.9419,251.5793,573400
2024-04-30,250.6065,250.6643,243.6425,244.1338,1851100
2024-05-01,243.2091,247.7939,243.1128,244.6057,1009400
2024-05-02,245.979,247.2748,245.0409,245.7082,694200
2024-05-03,246.5979,248.1645,245.1569,247.6423,735800
2024-05-06,249.0542,249.8665,247.0621,248.8318,776100
2024-05-07,251.0947,252.0327,248.0678,249.9729,642400
2024-05-08,250.3403,251.2397,249.2476,249.8471,407800
2024-05-09,250.0793,252.6033,250.0503,252.1101,443800
2024-05-10,252.2938,254.3343,251.6362,253.3189,503200
2024-05-13,253.9571,254.6534,249.9825,250.2436,883600
2024-05-14,250.6885,251.0946,243.3002,245.6211,1168600
2024-05-15,245.6212,246.6849,243.5807,243.9772,1069900
2024-05-16,244.5284,248.619,244.0642,246.975,1326200
2024-05-17,247.1201,248.2999,244.5187,247.0137,1422000
2024-05-20,247.1007,247.1007,241.0567,242.3042,850900
2024-05-21,242.5846,243.1842,240.7569,242.7103,837400
2024-05-22,242.0721,242.5072,240.2153,240.7375,799400
2024-05-23,239.5577,240.6021,236.1054,237.0434,1282100
2024-05-24,238.6004,242.2751,237.1111,240.3217,1504000
2024-05-28,239.5577,240.3024,236.6276,237.4012,1132000
2024-05-29,235.5252,238.4553,235.032,235.9313,1065400
2024-05-30,235.9313,240.2927,235.235,238.465,1433300
2024-05-31,238.9485,242.2945,236.1441,241.985,1901500
2024-06-03,239.8575,243.5033,238.581,242.0721,1126100
2024-06-04,241.6659,243.0875,240.4958,242.0914,1387800
2024-06-05,242.2848,243.2809,239.403,241.7916,914600
2024-06-06,241.7529,243.1745,240.9696,241.869,761000
2024-06-07,240.7956,244.2576,240.6215,242.662,1230900
2024-06-10,241.8496,244.9249,241.5595,243.3872,1211300
2024-06-11,242.3235,242.778,239.1129,242.7587,1111200
2024-06-12,244.9152,245.5341,240.138,244.1899,1453600
2024-06-13,243.7161,246.3851,242.8361,246.2304,1324700
2024-06-14,245.5051,246.0563,243.2519,245.1473,714100
2024-06-17,244.5767,255.3787,244.5767,253.696,1574900
2024-06-18,254.3343,255.6785,252.2358,254.9629,950300
2024-06-20,253.1738,255.8042,251.6749,254.1699,1021000
2024-06-21,254.7695,254.9048,252.3325,254.8178,1379700
2024-06-24,254.489,256.9453,253.4446,256.3941,1087900
2024-06-25,255.0305,256.9356,251.907,253.0578,966400
2024-06-26,251.7039,254.2859,251.1817,252.4679,790900
2024-06-27,252.5839,252.7967,246.3174,247.4779,1136500
2024-06-28,247.739,249.0832,246.2884,248.8027,1518600
2024-07-01,250.0212,251.2881,247.1394,247.8454,981000
2024-07-02,247.7777,250.7562,245.979,250.4081,1868600
2024-07-03,255.1176,255.5334,239.8285,242.1204,2670300
2024-07-05,242.1204,250.6208,241.7626,250.6015,1943400
2024-07-08,250.7755,251.143,244.6734,245.4761,1268800
2024-07-09,245.7952,248.2322,243.6194,243.7838,1259600
2024-07-10,243.9385,246.4431,243.6484,244.7411,1294200
2024-07-11,244.9732,251.1236,244.5477,250.8239,926800
2024-07-12,251.4331,255.7365,251.1043,251.2591,1032800
2024-07-15,250.3017,252.023,241.2017,241.3081,2110100
2024-07-16,241.7626,244.6638,238.9582,239.9155,1551800
2024-07-17,239.8382,242.9134,237.9911,240.0509,1424900
2024-07-18,239.0259,243.6871,238.5037,240.08,882600
2024-07-19,241.2501,241.2501,237.3142,237.3625,781800
2024-07-22,236.9274,237.8074,233.6297,235.1964,1271700
2024-07-23,236.3858,238.0588,235.4671,237.8751,932600
2024-07-24,237.8944,239.2966,236.4825,238.7454,968800
2024-07-25,239.8285,242.0914,238.8808,241.1631,1053600
2024-07-26,241.6756,245.7566,241.5209,245.128,846400
2024-07-29,241.7626,242.2945,235.5251,238.0588,1399700
2024-07-30,238.1362,238.2716,234.5581,235.2834,1133400
2024-07-31,235.5348,238.9485,234.0262,237.0821,1112500
2024-08-01,237.9814,239.4224,235.6315,237.2852,782700
2024-08-02,238.9485,238.9485,233.3299,238.8035,1409600
2024-08-05,236.0377,237.1981,227.8081,228.6301,1791600
2024-08-06,230.7383,233.6104,229.2103,230.6609,1030600
2024-08-07,231.2701,233.591,229.7422,229.9743,757900
2024-08-08,228.8042,233.3976,228.4657,231.9664,1017700
2024-08-09,231.5796,233.5717,229.8679,233.4557,890600
2024-08-12,233.4267,233.4943,230.3998,230.9317,733900
2024-08-13,231.3088,232.7787,229.6455,232.1888,977300
2024-08-14,231.8781,235.1799,231.8781,234.1214,612200
2024-08-15,235.4324,239.3946,235.2188,238.1613,720000
2024-08-16,237.5301,240.0162,237.5301,238.608,588600
2024-08-19,238.8994,239.0062,234.9274,235.9471,749000
2024-08-20,235.5975,238.676,235.4227,236.0345,1117100
2024-08-21,236.9862,237.9282,235.7917,237.6757,814500
2024-08-22,238.5206,238.5206,235.85,236.6657,681900
2024-08-23,237.7534,238.676,237.2387,238.103,637100
2024-08-26,237.2096,238.5886,235.4324,236.0928,960400
2024-08-27,236.1316,237.1804,232.2762,233.0531,1314900
2024-08-28,233.529,234.4516,232.3151,233.4319,873700
2024-08-29,234.6847,234.6847,230.7613,231.1012,1015000
2024-08-30,232.7715,233.9369,229.5473,233.7621,1305500
2024-09-03,232.888,242.2595,231.5867,239.6568,1586700
2024-09-04,238.2778,240.6571,236.9862,239.4918,909300
2024-09-05,240.3269,242.4149,238.9674,241.1233,1743900
2024-09-06,239.7345,243.2986,239.7345,241.8225,1171800
2024-09-09,242.5994,244.7262,239.9579,243.6482,1896400
2024-09-10,244.5902,245.7362,240.1036,242.2886,1230300
2024-09-11,242.3275,244.1338,238.6857,241.6088,1043700
2024-09-12,241.5408,245.1049,241.1524,244.4445,695200
2024-09-13,245.0564,247.5813,244.5708,245.2798,837300
2024-09-16,246.8918,247.8727,245.3574,246.3285,876000
2024-09-17,245.1341,248.0766,243.891,245.5614,616500
2024-09-18,245.7459,246.5228,243.4831,243.7551,775800
2024-09-19,244.9204,246.2994,240.3464,241.2787,1649700
2024-09-20,240.6183,241.9973,240.1327,240.929,2773100
2024-09-23,240.0939,248.9021,239.9579,247.4648,1215200
2024-09-24,247.6784,247.6784,244.7747,245.1826,838200
2024-09-25,245.5322,246.8627,243.891,244.629,1059300
2024-09-26,245.6876,248.1057,244.6485,247.6882,689100
2024-09-27,249.0672,251.9903,248.6981,250.9415,1377300
2024-09-30,251.7766,253.5247,249.1157,250.252,1064500
2024-10-01,250.7375,251.1648,248.1834,250.2422,894800
2024-10-02,248.5427,249.9314,246.7267,248.2902,1212700
2024-10-03,245.9887,247.5231,236.355,236.6172,2627600
2024-10-04,235.8694,240.8125,235.6461,239.55,1350700
2024-10-07,236.8697,237.0057,230.2369,236.054,1753500
2024-10-08,233.6941,234.6943,230.4602,234.1699,1149500
2024-10-09,235.6072,235.9083,233.4319,233.4804,1796400
2024-10-10,234.4419,235.3839,231.8781,232.6841,1137300
2024-10-11,233.9757,234.84,232.7327,234.102,1108100
2024-10-14,235.986,239.0742,234.704,238.6177,1061000
2024-10-15,238.375,240.4823,236.0734,237.0251,1302900
2024-10-16,236.0442,236.7823,234.2865,236.5589,1371500
2024-10-17,237.1319,237.1319,231.946,233.1114,1473400
2024-10-18,233.7232,235.0731,232.9366,234.5487,1647700
2024-10-21,232.6744,234.0631,231.3148,232.3054,1198300
2024-10-22,231.2662,234.8983,230.9361,234.6361,1073700
2024-10-23,233.1114,234.6749,232.1985,234.4516,1207000
2024-10-24,234.2962,235.4421,233.1697,233.7621,653200
2024-10-25,234.0243,234.6944,231.6741,232.4705,861000
2024-10-28,233.461,234.8497,230.2368,230.6544,1038600
2024-10-29,229.188,230.9069,227.8867,229.256,1020400
2024-10-30,229.3531,230.8778,227.7896,228.6733,934000
2024-10-31,228.2169,229.897,225.3812,225.6337,1263900
2024-11-01,225.8959,227.2263,225.0121,226.0513,1350900
2024-11-04,226.5854,234.7429,226.5854,232.8201,1816900
2024-11-05,232.7518,233.1907,230.7135,231.2792,1103200
2024-11-06,228.0023,228.1291,219.1959,223.8966,3182100
2024-11-07,224.3062,228.9288,224.2867,227.505,1468800
2024-11-08,226.7736,229.6798,226.6565,228.5778,1731100
2024-11-11,228.2852,231.4352,228.2852,230.3527,1108700
2024-11-12,231.1914,233.2882,231.0256,232.3909,1488900
2024-11-13,232.3715,235.5995,230.9281,234.7511,1104300
2024-11-14,235.0631,238.2619,235.0046,236.0091,1124200
2024-11-15,235.4142,236.2529,230.4892,231.6303,1426700
2024-11-18,230.9964,232.4982,230.3234,232.1666,978800
2024-11-19,231.7083,235.2484,230.8208,234.4877,1079100
2024-11-20,235.0339,235.0339,232.1861,233.8148,1046100
2024-11-21,234.4097,235.385,232.5762,234.7998,1060400
2024-11-22,235.1899,236.1261,232.5958,233.7271,1421500
2024-11-25,235.5898,238.5448,234.6243,235.6873,1493700
2024-11-26,227.0661,230.0699,224.1892,227.8171,2715400
2024-11-27,228.451,231.2304,228.0121,230.1284,1028500
2024-11-29,231.0939,235.3264,230.2942,234.9851,833700
2024-12-02,235.4727,235.4727,230.5185,231.8741,1243100
2024-12-03,232.43,233.5027,230.3234,231.1914,1173100
2024-12-04,231.1329,233.0151,230.4014,232.4007,898400
2024-12-05,234.0976,235.2582,231.9033,233.571,1329300
2024-12-06,236.7406,238.4862,231.8058,233.0834,1701800
2024-12-09,232.1081,238.8276,231.6108,238.2619,1371900
2024-12-10,237.5207,239.2372,235.736,236.5943,1127300
2024-12-11,237.9986,238.6325,233.3857,233.9514,1540400
2024-12-12,235.5117,236.6333,232.2837,233.5222,1214800
2024-12-13,233.4637,235.7068,231.9131,233.7271,1077300
2024-12-16,233.2102,234.3707,226.9979,227.1539,1826500
2024-12-17,227.1636,229.1629,226.442,227.3197,2398900
2024-12-18,226.4225,228.3242,222.4922,222.658,2296300
2024-12-19,222.3557,226.1201,221.1952,221.4292,2942100
2024-12-20,222.9018,223.3992,220.8928,221.9949,4614700
2024-12-23,221.2244,222.6288,218.1426,220.7563,1394800
2024-12-24,220.1614,220.415,217.7916,219.8201,579600
2024-12-26,218.7473,220.5905,218.4157,218.718,951900
2024-12-27,217.4697,219.0399,215.8313,217.1967,1190100
2024-12-30,217.1576,217.2942,214.1344,214.2222,1143400
2024-12-31,214.7488,216.6798,214.1051,215.529,960500
2025-01-02,215.8898,218.3474,215.763,217.0601,1154700
2025-01-03,212.4082,216.67,212.1352,216.4262,1844100
2025-01-06,218.4547,223.2237,216.8846,217.4112,1933000
2025-01-07,218.1524,220.6198,212.6618,213.1006,1992900
2025-01-08,212.0864,215.1291,212.0864,213.8515,1728200
2025-01-10,198.0819,202.763,175.1051,177.3092,8701700
2025-01-13,174.3444,184.3895,172.1404,181.3077,5460700
2025-01-14,179.5717,181.532,175.9731,177.6895,3354900
2025-01-15,180.1179,180.1569,175.6903,176.2462,2964200
2025-01-16,175.8561,181.8538,175.544,180.0008,3349000
2025-01-17,181.7953,182.8485,178.6745,179.7473,2839800
2025-01-21,180.3032,180.4202,175.4172,178.5477,3960500
2025-01-22,178.9085,178.9085,173.9543,174.5297,2237700
2025-01-23,175.1831,175.2221,172.55,175.0564,2562400
2025-01-24,176.4802,178.8793,175.5147,178.5672,2462500
2025-01-27,180.1374,184.2724,179.3962,183.2874,2629400
2025-01-28,181.9708,183.8823,178.2454,178.5575,1729400
2025-01-29,179.3864,179.4937,176.7435,177.7188,1848400
2025-01-30,178.6062,182.5072,177.6115,179.757,2034400
2025-01-31,179.445,179.835,175.5537,176.3242,2190500
2025-02-03,164.0848,173.8275,161.91,170.0923,4398900
2025-02-04,169.4584,170.9506,167.4592,168.3174,2080300
2025-02-05,169.1269,169.6437,167.5567,168.5807,1314900
2025-02-06,169.8778,170.1801,166.4937,166.7375,1690500
2025-02-07,167.179,168.4347,164.9716,165.7957,1611100
2025-02-10,165.7074,165.9821,161.7931,161.8716,2309400
2025-02-11,161.5871,161.7244,157.9474,161.6165,3343200
2025-02-12,160.8905,161.175,157.4176,157.9964,2524500
2025-02-13,159.8899,160.5864,157.8787,160.1057,3244100
2025-02-14,161.3908,162.058,158.0063,159.8506,2313300
2025-02-18,165.0305,169.3275,162.2836,166.1685,6213300
2025-02-19,167.2771,170.181,166.5315,169.1509,3210000
2025-02-20,169.3275,170.0829,166.09,169.0626,4445100
2025-02-21,171.0933,173.4773,168.6407,172.6336,3977300
2025-02-24,173.8402,178.1176,172.7121,175.5767,3883300
2025-02-25,176.7834,177.4112,172.4766,174.6447,3687600
2025-02-26,176.0672,176.8324,173.1045,174.9684,4580500
2025-02-27,169.1509,170.9952,167.4635,169.9553,3246400
2025-02-28,171.6525,173.3497,169.7493,172.1725,2913300
2025-03-03,172.6728,174.8115,170.593,171.9566,2682400
2025-03-04,170.9364,172.5256,167.4929,169.2882,3421200
2025-03-05,169.6806,172.663,168.5524,170.8775,2551800
2025-03-06,169.6905,176.1261,168.2581,175.5571,3285800
2025-03-07,175.096,185.1222,174.8507,182.7187,3980200
2025-03-10,182.4145,188.7815,181.8651,185.8776,3555700
2025-03-11,184.6513,185.5048,179.1967,181.7474,2288400
2025-03-12,179.3635,180.7566,178.0097,180.3642,2146400
2025-03-13,179.5008,182.7579,177.0286,178.147,2364400
2025-03-14,179.0299,180.4034,176.9207,177.8919,1650500
2025-03-17,179.8148,182.9639,178.7454,180.1287,1771100
2025-03-18,178.5492,178.5492,175.714,175.9495,1698700
2025-03-19,175.5472,176.3713,173.1241,175.6061,2208500
2025-03-20,174.0266,178.559,173.9678,175.4884,2038500
2025-03-21,174.6447,177.0483,173.9285,174.0561,6618400
2025-03-24,175.1156,177.3229,173.8206,176.8618,2071800
2025-03-25,176.5087,177.058,174.0463,174.9782,1537600
2025-03-26,175.0764,180.8449,174.6251,180.6192,1518200
2025-03-27,180.0208,181.6591,178.6277,180.8154,1318500
2025-03-28,181.3354,183.1994,178.8043,180.2562,1232900
2025-03-31,178.4119,181.8357,177.4701,180.0404,1823000
2025-04-01,181.0999,181.6984,179.3831,181.306,1423200
2025-04-02,181.4139,183.6016,178.2059,179.2654,2196200
2025-04-03,179.1771,182.8854,176.803,178.0489,2639500
2025-04-04,177.9802,178.0391,170.2006,170.5636,3176900
2025-04-07,166.7768,176.5283,166.296,169.3176,3172500
2025-04-08,172.82,176.1457,165.3052,167.7186,3796100
2025-04-09,165.2758,180.6192,164.8147,179.9227,4524000
2025-04-10,172.5943,183.1896,171.7801,181.2471,6449200
2025-04-11,177.4505,183.788,175.6846,182.1104,3758900
2025-04-14,183.2288,186.1817,180.5211,183.7193,2025200
2025-04-15,183.6506,184.0921,180.0796,180.374,1609400
2025-04-16,180.6389,181.924,178.4708,179.5597,1320000
2025-04-17,180.5505,183.6212,179.5695,183.0914,1295300
2025-04-21,182.9149,184.2098,179.6284,183.7095,2001200
2025-04-22,185.0437,187.1529,183.3661,183.4544,2384900
2025-04-23,183.7193,186.1327,181.4139,183.7291,1915800
2025-04-24,183.2877,184.4257,181.5218,183.9449,1586900
2025-04-25,183.0031,184.4355,180.2562,181.8357,1054300
2025-04-28,182.4734,183.8468,181.3158,182.2281,1519000
2025-04-29,181.508,184.3687,180.1467,183.7571,1420900
2025-04-30,185.0198,186.0556,182.4846,185.0001,1296100
2025-05-01,185.0198,185.8977,182.7411,182.9285,1595000
2025-05-02,184.5562,185.6216,182.82,184.4378,1146200
2025-05-05,184.5562,185.9175,183.6782,184.9014,1225600
2025-05-06,184.7831,185.2171,183.0568,184.5365,1188100
2025-05-07,185.6511,187.9496,185.2763,187.2196,1313600
2025-05-08,186.0852,190.0014,186.0852,188.7979,1430400
2025-05-09,188.3244,189.3503,187.042,187.4958,1272500
2025-05-12,187.624,189.0544,184.5463,187.3281,1603900
2025-05-13,186.7856,187.9989,185.0198,185.1283,1392900
2025-05-14,184.4674,184.9902,180.8767,184.2306,1946400
2025-05-15,184.9705,188.285,184.201,188.0679,1499200
2025-05-16,194.2432,194.2432,188.433,192.9706,2887700
2025-05-19,193.0594,193.1088,188.7684,190.2974,2253000
2025-05-20,190.2086,190.8794,186.6376,186.8053,1378800
2025-05-21,187.3478,187.4761,183.116,183.185,1263300
2025-05-22,183.8361,183.8361,180.5413,182.2577,1507400
2025-05-23,181.508,183.0074,179.9297,181.9223,1313600
2025-05-27,183.6388,183.8755,181.2022,183.3922,1280000
2025-05-28,183.3922,183.5303,175.9839,176.3094,2420400
2025-05-29,176.9309,177.4931,175.096,177.2761,2121800
2025-05-30,177.9272,177.9666,174.6719,175.8754,3033900
2025-06-02,174.879,175.5202,168.5756,171.8111,3110600
2025-06-03,172.6299,174.8988,170.1934,174.2773,1945700
2025-06-04,175.0467,176.1318,174.5042,174.5732,1227100
2025-06-05,172.403,173.0048,167.5793,168.2895,2591400
2025-06-06,170.0553,170.7557,168.8913,169.6015,1549600
2025-06-09,169.927,169.927,167.4017,168.8123,2247800
2025-06-10,169.2365,170.8148,168.3191,169.2266,1516000
2025-06-11,169.8481,170.1933,163.4558,166.7506,4145800
2025-06-12,166.4646,167.5398,163.7025,167.5102,1826300
2025-06-13,166.4152,167.5793,162.0946,162.647,1945000
2025-06-16,163.663,164.0181,159.076,160.605,3563000
2025-06-17,159.806,160.3683,157.7443,158.3855,2594000
2025-06-18,158.4052,159.7961,157.2806,157.8331,2251300
2025-06-20,157.9613,160.3091,157.1919,160.2005,4379000
2025-06-23,160.2006,161.3646,158.3066,161.0884,2401500
2025-06-24,161.7789,163.0909,160.7826,162.2623,2589600
2025-06-25,160.7431,162.0847,158.6222,159.3423,1750500
2025-06-26,159.3719,160.4472,158.129,159.1352,2098400
2025-06-27,159.6481,160.0822,157.6358,159.1451,4684200
2025-06-30,159.7073,160.9404,158.7603,160.4767,2907700
2025-07-01,160.4965,166.139,159.8454,164.1661,4270700
2025-07-02,168.6841,172.8864,165.7247,171.5152,6258300
2025-07-03,170.8839,172.6595,169.8086,169.9862,1808300
2025-07-07,171.6435,172.9456,167.4017,168.033,2566500
2025-07-08,167.6976,170.9332,166.8295,168.2402,1744700
2025-07-09,168.5558,170.1144,165.9516,166.7506,1832500
2025-07-10,166.7506,173.0738,166.5139,169.7889,2083000
2025-07-11,167.9442,170.4794,167.1748,169.858,1371000
2025-07-14,169.3056,169.7988,161.2857,162.351,3673700
2025-07-15,162.7653,164.245,160.97,163.7419,2412500
2025-07-16,163.6038,166.0601,163.2586,165.8431,1941800
2025-07-17,165.8431,169.5916,165.6951,169.1971,2362200
2025-07-18,169.6607,170.6274,166.8789,168.2599,1911400
2025-07-21,169.0688,169.927,165.5965,165.6754,2235900
2025-07-22,165.8727,173.0442,165.6064,172.985,2299500
2025-07-23,173.9912,175.7274,172.8075,173.7051,1908600
2025-07-24,173.6953,174.4253,171.7125,173.2612,1332400
2025-07-25,173.3007,173.6164,171.3179,173.1429,1014700
2025-07-28,171.8901,172.9357,169.3549,170.2624,1315100
2025-07-29,169.9467,173.567,169.4437,173.4487,1496000
2025-07-30,173.1411,174.9568,169.331,170.1248,1400700
2025-07-31,167.426,170.4324,164.7073,165.7392,2240100
2025-08-01,166.6917,167.8129,164.2112,164.8859,1631100
2025-08-04,164.3997,169.4501,164.3104,168.9639,1429300
2025-08-05,169.5393,172.6549,168.9043,169.3211,1191800
2025-08-06,170.0851,171.1567,167.8427,167.8427,1306200
2025-08-07,169.2219,172.4069,169.0135,171.8711,1622800
2025-08-08,172.9625,172.9625,169.1028,169.2715,1386500
2025-08-11,169.3211,169.7676,165.8285,167.4061,1394700
2025-08-12,168.0213,170.1446,167.5053,168.6563,1655900
2025-08-13,168.0312,169.8469,167.3466,169.0432,1429600
2025-08-14,167.6839,168.8349,165.4316,168.1899,1482100
2025-08-15,169.3211,169.6683,166.7413,166.9199,1522100
2025-08-18,167.4359,167.8427,164.5783,164.9553,1994200
2025-08-19,166.4635,167.2374,163.7349,164.608,2255800
2025-08-20,165.2034,167.6839,163.973,165.0049,1465100
2025-08-21,164.7073,164.7867,162.0184,163.6456,1560700
2025-08-22,164.4592,166.9298,164.1318,166.3147,1729500
2025-08-25,164.4394,164.7966,159.5577,162.4053,2553500
2025-08-26,159.0417,161.6314,154.9538,157.1367,4565600
2025-08-27,157.4443,159.4287,157.0375,159.2501,2077800
2025-08-28,159.141,159.141,156.1742,157.8511,1954500
2025-08-29,157.8511,160.6987,157.4344,160.6789,1773600
2025-09-02,148.9609,152.9595,148.1969,150.0821,6085100
2025-09-03,149.0799,149.3974,145.1805,145.3492,4546300
2025-09-04,145.7263,146.649,143.6823,144.744,2758200
2025-09-05,145.0912,149.5562,144.3967,147.2741,3046600
2025-09-08,147.0657,147.0657,143.4541,144.9622,3096700
2025-09-09,144.863,146.9467,144.2479,144.8432,3328900
2025-09-10,144.863,144.863,141.4002,141.7872,2236200
2025-09-11,141.7872,142.7893,141.1422,141.8665,3037700
2025-09-12,141.8864,141.8864,138.364,138.4037,2446800
2025-09-15,139.138,139.4455,134.1967,134.3654,3475800
2025-09-16,134.6135,134.6532,132.7977,133.6312,2904400
2025-09-17,134.0777,134.931,131.7857,132.004,2754700
2025-09-18,132.0635,133.1549,130.8728,131.9841,2951800
2025-09-19,132.7183,133.1053,130.7935,131.8849,6144600
2025-09-22,131.9643,134.1273,131.4582,132.4405,3275300
2025-09-23,133.3236,133.5915,130.1783,130.7538,3051300
2025-09-24,130.7339,133.4327,130.4759,132.3512,2590100
2025-09-25,132.7084,132.887,130.8331,131.617,2518300
2025-09-26,131.9543,132.1825,130.5851,131.4582,2296800
2025-09-29,131.9146,135.7347,131.0217,135.4072,2857000
2025-09-30,135.3874,135.4767,132.887,133.6213,2213700
2025-10-01,135.2088,137.9374,134.0678,137.8679,2757400
2025-10-02,137.481,139.7035,137.4115,139.4158,3298200
2025-10-03,139.5349,141.7872,139.3662,141.0926,3027700
2025-10-06,140.408,140.6164,136.9253,137.6298,4699100
2025-10-07,143.3747,146.4506,137.9374,139.0487,6552400
2025-10-08,139.3463,143.206,138.6121,141.6483,3238200
2025-10-09,141.8864,144.3967,140.785,141.8566,2933800
2025-10-10,142.6206,144.2578,139.515,140.2294,3373100
2025-10-13,139.7134,140.5866,137.6695,140.3385,2678900
2025-10-14,139.1082,140.9438,138.7113,140.1401,2969300
2025-10-15,139.4753,139.9416,136.0819,137.8084,2788600
2025-10-16,138.7312,140.0806,137.5207,138.2351,2007700
2025-10-17,138.2053,140.0706,137.5306,139.3166,2226000
2025-10-20,139.6738,142.1741,139.009,140.1302,1728600
2025-10-21,140.6164,140.7156,138.116,140.4675,2424200
2025-10-22,139.902,141.1323,138.5724,139.1082,2057900
2025-10-23,139.2074,139.5646,137.7687,138.6319,1352000
2025-10-24,139.644,139.9317,138.0763,138.5327,1217500
2025-10-27,138.8205,138.9296,136.1117,136.8857,2144800
2025-10-28,136.1415,136.1812,133.1152,133.145,2385300
2025-10-29,132.5001,132.8374,129.7318,129.96,2823100
2025-10-30,130.0,130.98,128.8,128.88,2773600
2025-10-31,128.1,132.32,127.0,131.38,3878900
2025-11-03,131.0,131.62,129.91,130.82,1962600
2025-11-04,130.53,131.58,128.2,129.18,2129600
2025-11-05,128.82,131.96,128.29,130.62,1744400
2025-11-06,129.01,130.78,127.95,127.95,2004400
2025-11-07,128.68,129.5,126.64,127.65,3760400
2025-11-10,127.96,128.91,126.45,128.47,2268400
2025-11-11,128.88,133.0,128.88,131.81,2920700
2025-11-12,132.11,132.69,130.38,130.38,1318600
2025-11-13,129.71,131.52,129.33,129.69,2079900
2025-11-14,129.84,130.06,126.88,129.16,2973400
2025-11-17,129.0,133.4,128.85,130.96,2443900
2025-11-18,130.84,131.11,129.37,130.53,1874900
2025-11-19,130.03,131.09,128.77,129.27,2174200
2025-11-20,128.74,131.01,127.85,130.45,1979400
2025-11-21,131.16,135.55,131.11,133.66,2773500
2025-11-24,133.45,133.51,131.64,132.11,2369300
2025-11-25,132.66,133.49,131.33,132.18,1863200
2025-11-26,131.87,136.25,131.74,134.89,2145300
2025-11-28,134.81,137.15,134.81,136.38,1799700
2025-12-01,135.84,138.28,135.67,137.87,2734600
2025-12-02,137.5,138.25,136.0,137.86,2291100
2025-12-03,138.0,139.75,137.19,138.08,2175900
2025-12-04,138.09,139.4,136.89,138.03,2204400
2025-12-05,137.71,142.57,137.26,142.37,2994300
2025-12-08,141.8,142.29,139.88,141.99,2545000
2025-12-09,141.69,143.9,141.69,143.37,2339900
2025-12-10,143.89,148.55,143.6,148.51,3775300
2025-12-11,148.6,151.51,148.6,149.55,3051500
2025-12-12,150.25,151.1,147.2,147.42,2098100
2025-12-15,147.42,148.46,141.5,143.47,3353300
2025-12-16,144.52,145.01,142.26,142.59,2055500
2025-12-17,140.5,141.92,138.76,139.72,2382200
2025-12-18,139.5,141.03,136.72,136.81,2019400
2025-12-19,136.2,137.2,134.67,135.01,4706500
2025-12-22,134.8,142.92,134.04,141.74,3644900
2025-12-23,141.26,141.52,138.51,139.23,2242200
