date,open,high,low,close,volume
2005-01-03,5.2591,5.2635,5.2028,5.2028,86000
2005-01-04,5.2028,5.2201,5.1377,5.1594,89500
2005-01-05,5.1811,5.2244,5.077,5.1638,176400
2005-01-06,5.1811,5.2028,5.1377,5.1681,53900
2005-01-07,5.1681,5.2591,5.1681,5.2591,119000
2005-01-10,5.2244,5.3372,5.2028,5.3112,310600
2005-01-11,5.3155,5.3762,5.2895,5.3632,191100
2005-01-12,5.3979,5.3979,5.3198,5.3675,95900
2005-01-13,5.3632,5.3632,5.3112,5.3328,90600
2005-01-14,5.3545,5.4065,5.3112,5.4065,106800
2005-01-18,5.3849,5.3892,5.3242,5.3762,60800
2005-01-19,5.3545,5.3805,5.2678,5.2678,114500
2005-01-20,5.2375,5.5279,5.1681,5.4672,230100
2005-01-21,5.4803,5.5279,5.4412,5.4846,59000
2005-01-24,5.4629,5.5019,5.3892,5.3979,119400
2005-01-25,5.3979,5.4196,5.3415,5.3545,171200
2005-01-26,5.3458,5.3935,5.3155,5.3632,122700
2005-01-27,5.3589,5.4456,5.3589,5.4239,122100
2005-01-28,5.4196,5.5149,5.3415,5.4326,143200
2005-01-31,5.4369,5.4629,5.3589,5.4629,108200
2005-02-01,5.4412,5.5973,5.4282,5.593,147600
2005-02-02,5.593,5.6147,5.5106,5.5626,59300
2005-02-03,5.541,5.5453,5.4196,5.4759,117700
2005-02-04,5.4803,5.4933,5.4456,5.4846,106500
2005-02-07,5.4412,5.5323,5.4412,5.5323,77200
2005-02-08,5.5063,5.5496,5.4586,5.5453,71600
2005-02-09,5.5236,5.5323,5.3805,5.3805,110900
2005-02-10,5.3545,5.3762,5.2461,5.2851,88900
2005-02-11,5.2678,5.5409,5.2678,5.3979,110000
2005-02-14,5.3762,5.3762,5.3112,5.3112,62300
2005-02-15,5.3458,5.3545,5.2028,5.2331,117700
2005-02-16,5.2114,5.2461,5.1507,5.2114,163500
2005-02-17,5.2114,5.2678,5.1898,5.2201,59000
2005-02-18,5.2548,5.2808,5.2288,5.2331,56400
2005-02-22,5.2288,5.3025,4.9686,4.9947,185600
2005-02-23,5.2114,5.5063,5.2114,5.3545,170800
2005-02-24,5.3762,5.4846,5.2375,5.2461,126600
2005-02-25,5.2678,5.4846,5.2678,5.3675,99900
2005-02-28,5.3979,5.5236,5.2982,5.4889,80200
2005-03-01,5.5236,5.5366,5.3935,5.3979,83500
2005-03-02,5.4196,5.4542,5.3892,5.4196,92000
2005-03-03,5.3979,5.4412,5.3762,5.3892,42000
2005-03-04,5.3805,5.4629,5.3805,5.3849,56400
2005-03-07,5.4239,5.5756,5.4239,5.5756,290000
2005-03-08,5.5236,5.5756,5.5106,5.5236,40100
2005-03-09,5.5019,5.6103,5.4629,5.4846,69300
2005-03-10,5.4716,5.5453,5.4629,5.4846,60100
2005-03-11,5.5063,5.541,5.2808,5.3589,121100
2005-03-14,5.3979,5.4759,5.3675,5.4196,51700
2005-03-15,5.4412,5.5193,5.3805,5.4499,34400
2005-03-16,5.4195,5.4889,5.3155,5.4542,53400
2005-03-17,5.4542,5.4542,5.3112,5.3372,23200
2005-03-18,5.3112,5.3112,5.0467,5.2591,171200
2005-03-21,5.2244,5.2461,5.1811,5.2071,62700
2005-03-22,5.1811,5.1811,5.1204,5.1681,42000
2005-03-23,5.1681,5.1724,5.0987,5.1074,48100
2005-03-24,5.0987,5.2158,5.09,5.2114,87200
2005-03-28,5.1681,5.1811,5.0727,5.1638,101500
2005-03-29,5.1769,5.2075,5.0674,5.1331,97700
2005-03-30,5.1462,5.2908,5.1462,5.2908,35600
2005-03-31,5.2995,5.2995,5.1024,5.2557,125700
2005-04-01,5.2557,5.2557,5.1156,5.1725,45200
2005-04-04,5.2163,5.317,5.2119,5.3127,111500
2005-04-05,5.2776,5.3346,5.2732,5.3083,201000
2005-04-06,5.3083,5.3083,5.247,5.2601,120500
2005-04-07,5.2426,5.3302,5.2032,5.3302,60600
2005-04-08,5.3214,5.3346,5.282,5.3127,59800
2005-04-11,5.3258,5.3521,5.2251,5.2864,58200
2005-04-12,5.2732,5.2864,5.1681,5.282,78900
2005-04-13,5.2557,5.2908,5.247,5.2645,64400
2005-04-14,5.2645,5.2908,5.1681,5.2119,59400
2005-04-15,5.2163,5.2732,5.0586,5.0586,38200
2005-04-18,5.0893,5.12,5.0367,5.0543,40900
2005-04-19,5.0543,5.0762,4.971,4.9929,60000
2005-04-20,5.0367,5.0367,4.8703,4.9097,88400
2005-04-21,4.9535,4.9842,4.8703,4.9535,67500
2005-04-22,4.9272,4.9579,4.8177,4.9316,123600
2005-04-25,4.9491,5.0017,4.9272,4.971,73600
2005-04-26,4.936,4.936,4.8046,4.8177,153100
2005-04-27,4.8046,4.8134,4.5988,4.7958,187700
2005-04-28,4.7958,4.7958,4.6776,4.6951,37600
2005-04-29,4.6864,4.6864,4.5769,4.682,141400
2005-05-02,4.6469,4.6469,4.463,4.5155,160300
2005-05-03,4.4849,4.555,4.4411,4.5112,137400
2005-05-04,4.5462,4.6075,4.3404,4.3798,117200
2005-05-05,4.4017,4.5769,4.4017,4.5637,97600
2005-05-06,4.6075,4.7564,4.5331,4.7258,87100
2005-05-09,4.6995,4.7433,4.6426,4.6864,67100
2005-05-10,4.6776,4.682,4.5812,4.6163,67000
2005-05-11,4.6426,4.6426,4.4717,4.5199,244200
2005-05-12,4.5462,4.5637,4.4674,4.5637,82400
2005-05-13,4.5331,4.6513,4.4893,4.6294,86100
2005-05-16,4.6513,4.6995,4.5988,4.6426,111100
2005-05-17,4.6119,4.6601,4.5681,4.6601,76000
2005-05-18,4.6601,4.6864,4.5462,4.6382,110400
2005-05-19,4.5988,4.6469,4.5681,4.6207,41900
2005-05-20,4.6207,4.6207,4.4893,4.5988,52000
2005-05-23,4.6207,4.6338,4.5112,4.59,85600
2005-05-24,4.6119,4.7389,4.5725,4.7126,84200
2005-05-25,4.7389,4.7389,4.5287,4.6469,65200
2005-05-26,4.6207,4.6951,4.6163,4.6163,20300
2005-05-27,4.6207,4.682,4.5769,4.6207,43500
2005-05-31,4.6294,4.7871,4.625,4.7477,96200
2005-06-01,4.7345,4.7696,4.5812,4.5988,58600
2005-06-02,4.6207,4.6513,4.5593,4.6338,77700
2005-06-03,4.6119,4.625,4.5068,4.5331,40400
2005-06-06,4.5593,4.6207,4.555,4.5593,31400
2005-06-07,4.5856,4.625,4.5769,4.5769,35200
2005-06-08,4.5769,4.5856,4.4805,4.498,57400
2005-06-09,4.4893,4.5812,4.4893,4.5462,36600
2005-06-10,4.555,4.5725,4.5155,4.5243,14100
2005-06-13,4.5374,4.6732,4.5374,4.5681,88600
2005-06-14,4.5462,4.6163,4.5418,4.5769,47300
2005-06-15,4.5637,4.5769,4.5331,4.5637,71500
2005-06-16,4.5637,4.6513,4.5374,4.5856,70800
2005-06-17,4.5944,4.6776,4.555,4.59,98700
2005-06-20,4.5725,4.6119,4.5155,4.5462,67600
2005-06-21,4.5374,4.5593,4.4936,4.4936,78600
2005-06-22,4.5112,4.5769,4.4893,4.5112,85800
2005-06-23,4.5112,4.5199,4.4236,4.463,83600
2005-06-24,4.4586,4.4849,4.3798,4.3929,295900
2005-06-27,4.371,4.4367,4.371,4.4104,43100
2005-06-28,4.4415,4.6321,4.4326,4.6099,138500
2005-06-29,4.6276,4.6321,4.5212,4.5922,106000
2005-06-30,4.9867,5.2748,4.8138,5.062,511800
2005-07-01,5.0,5.1728,5.0,5.1728,220800
2005-07-05,5.0975,5.3058,5.0798,5.2526,200300
2005-07-06,5.2305,5.2836,5.1861,5.2482,118300
2005-07-07,5.1595,5.4299,5.1241,5.3102,128500
2005-07-08,5.2969,5.4299,5.2526,5.3856,102400
2005-07-11,5.3679,5.5186,5.3501,5.4477,107500
2005-07-12,5.3767,5.461,5.2881,5.2881,96100
2005-07-13,5.2836,5.3191,5.1861,5.2305,54100
2005-07-14,5.2526,5.2969,5.1019,5.1462,63800
2005-07-15,5.1063,5.3102,5.1063,5.2438,41200
2005-07-18,5.2172,5.2172,5.0753,5.1152,89800
2005-07-19,5.1152,5.3191,5.1152,5.3014,67100
2005-07-20,5.2748,5.3235,5.1374,5.2969,76100
2005-07-21,5.2748,5.2925,5.1418,5.2083,96700
2005-07-22,5.2083,5.4698,5.2083,5.4698,100200
2005-07-25,5.4344,5.4743,5.3856,5.4166,62800
2005-07-26,5.4477,5.4698,5.3324,5.4299,67400
2005-07-27,5.4521,5.4743,5.2925,5.4521,59200
2005-07-28,5.4654,5.523,5.359,5.4964,57500
2005-07-29,5.4964,5.5053,5.39,5.4477,49100
2005-08-01,5.4255,5.4565,5.3723,5.3723,56200
2005-08-02,5.3945,5.5585,5.3945,5.5407,125400
2005-08-03,5.5053,5.5319,5.4078,5.5141,138800
2005-08-04,5.461,5.5141,5.4211,5.4743,47500
2005-08-05,5.4964,5.4964,5.3856,5.4432,65500
2005-08-08,5.4432,5.5097,5.4432,5.4565,28500
2005-08-09,5.4565,5.4964,5.4477,5.4964,119100
2005-08-10,5.4654,5.5186,5.4521,5.5008,56100
2005-08-11,5.4743,5.4964,5.4166,5.461,56100
2005-08-12,5.461,5.4654,5.4078,5.461,44900
2005-08-15,5.4299,5.5053,5.4122,5.4831,61000
2005-08-16,5.4432,5.4432,5.3723,5.4211,77600
2005-08-17,5.4255,5.5097,5.3723,5.492,32700
2005-08-18,5.4477,5.5053,5.4033,5.4255,60700
2005-08-19,5.4078,5.4831,5.3945,5.4344,29600
2005-08-22,5.461,5.5186,5.4299,5.4787,45900
2005-08-23,5.4565,5.492,5.3634,5.4033,46800
2005-08-24,5.3856,5.4477,5.3457,5.3945,34900
2005-08-25,5.3945,5.4122,5.2482,5.3679,49800
2005-08-26,5.3235,5.4299,5.2748,5.3191,46600
2005-08-29,5.3058,5.4299,5.2704,5.3945,36800
2005-08-30,5.3945,5.4211,5.2881,5.4078,21200
2005-08-31,5.4521,5.5984,5.3812,5.5984,100900
2005-09-01,5.5673,5.5895,5.4299,5.4743,67900
2005-09-02,5.4787,5.5939,5.4255,5.4388,23200
2005-09-06,5.4078,5.5585,5.4078,5.5008,51500
2005-09-07,5.851,6.117,5.7624,5.8909,393400
2005-09-08,5.6072,5.9308,5.5053,5.9042,174700
2005-09-09,5.8732,5.9707,5.8067,5.8688,105400
2005-09-12,5.8732,5.9352,5.7845,5.8643,61100
2005-09-13,5.8289,5.8732,5.6427,5.7535,120900
2005-09-14,5.7845,5.8466,5.6604,5.7801,70600
2005-09-15,5.7978,5.8555,5.7712,5.8466,38100
2005-09-16,5.8776,5.8776,5.7092,5.8333,158100
2005-09-19,5.8067,5.8776,5.7978,5.8422,47900
2005-09-20,5.8466,5.9086,5.7712,5.8023,104800
2005-09-21,5.789,5.8023,5.6205,5.6604,69900
2005-09-22,5.6294,5.7225,5.6072,5.6914,63600
2005-09-23,5.6737,5.7757,5.5851,5.6782,44200
2005-09-26,5.718,5.8333,5.6737,5.7845,99800
2005-09-27,5.7402,5.7757,5.5851,5.6648,108000
2005-09-28,5.6738,5.7946,5.6335,5.6827,97500
2005-09-29,5.7096,5.8438,5.6022,5.808,57000
2005-09-30,5.7633,6.0094,5.6917,5.817,286500
2005-10-03,5.7722,5.8975,5.7678,5.808,131000
2005-10-04,5.808,5.8975,5.6738,5.7499,82100
2005-10-05,5.7275,5.7678,5.6335,5.6693,87300
2005-10-06,5.7051,5.7857,5.5619,5.6648,112900
2005-10-07,5.6693,5.7141,5.647,5.6738,61300
2005-10-10,5.6738,5.7588,5.6201,5.6917,71900
2005-10-11,5.6962,5.7678,5.6246,5.647,70000
2005-10-12,5.6022,5.6783,5.4814,5.553,105100
2005-10-13,5.5217,5.5888,5.459,5.5172,41400
2005-10-14,5.5575,5.7409,5.5217,5.723,87000
2005-10-17,5.7499,5.817,5.6112,5.732,84400
2005-10-18,5.7051,5.7051,5.5351,5.6246,71700
2005-10-19,5.5933,5.7588,5.5351,5.7588,76100
2005-10-20,5.7454,5.7588,5.5977,5.7006,74700
2005-10-21,5.6962,5.7588,5.5977,5.6425,46300
2005-10-24,5.6827,5.7633,5.6693,5.6872,52600
2005-10-25,5.6828,5.7588,5.5888,5.7051,61900
2005-10-26,5.7051,5.7633,5.5664,5.6783,70300
2005-10-27,5.638,5.6783,5.468,5.5754,53900
2005-10-28,5.5888,5.6291,5.4993,5.6156,47400
2005-10-31,5.6335,5.7588,5.6335,5.7051,70400
2005-11-01,5.6827,5.7722,5.6246,5.7588,64400
2005-11-02,5.7409,5.902,5.7409,5.8125,187100
2005-11-03,5.8528,5.9512,5.817,5.8349,78600
2005-11-04,5.7946,5.9199,5.7364,5.808,77700
2005-11-07,5.7991,5.8483,5.7051,5.732,61200
2005-11-08,5.7051,5.7857,5.7007,5.732,76800
2005-11-09,5.7186,5.8707,5.7186,5.8125,58900
2005-11-10,5.817,6.0139,5.7051,5.9512,65800
2005-11-11,5.9512,5.9825,5.8975,5.9333,37700
2005-11-14,5.9289,5.9289,5.8036,5.8528,29400
2005-11-15,5.8483,5.8841,5.7275,5.7454,31100
2005-11-16,5.7454,5.8125,5.647,5.7409,37800
2005-11-17,5.7185,5.808,5.7185,5.7633,24300
2005-11-18,5.7633,5.817,5.647,5.7857,62300
2005-11-21,5.7588,5.7901,5.5261,5.7678,137100
2005-11-22,5.7364,5.9691,5.7096,5.9333,156400
2005-11-23,5.8886,5.9333,5.8617,5.9199,40300
2005-11-25,5.9065,5.9915,5.8573,5.9915,11600
2005-11-28,5.9781,5.9915,5.8617,5.8662,54200
2005-11-29,5.9065,5.9557,5.8752,5.8975,42500
2005-11-30,5.8841,6.0631,5.8304,6.0452,111800
2005-12-01,6.1794,6.5956,6.1794,6.5285,987200
2005-12-02,6.4927,6.5956,6.3763,6.5419,206800
2005-12-05,6.5642,6.6448,6.4434,6.5732,273200
2005-12-06,6.6179,6.6672,6.5195,6.5463,166100
2005-12-07,6.5463,6.6,6.4927,6.5777,135800
2005-12-08,6.5956,6.703,6.5374,6.5956,264200
2005-12-09,6.5777,6.5911,6.5106,6.5777,101900
2005-12-12,6.5777,6.6403,6.5419,6.5822,132200
2005-12-13,6.5732,6.6358,6.5508,6.6135,118300
2005-12-14,6.6,6.6314,6.5508,6.5777,176300
2005-12-15,6.6,6.609,6.5061,6.5777,206400
2005-12-16,6.5777,6.6314,6.4166,6.4569,292400
2005-12-19,6.2734,6.4971,6.2734,6.439,170100
2005-12-20,6.4658,6.5329,6.439,6.4569,139800
2005-12-21,6.4837,6.5553,6.43,6.4792,149800
2005-12-22,6.4792,6.5464,6.4255,6.4748,150100
2005-12-23,6.4792,6.5732,6.4792,6.4882,73700
2005-12-27,6.5329,6.5642,6.3808,6.4524,87800
2005-12-28,6.4979,6.7072,6.4842,6.6981,136400
2005-12-29,6.6981,6.7391,6.6344,6.6753,69300
2005-12-30,6.6298,6.6799,6.5707,6.6799,97200
2006-01-03,6.7254,6.7573,6.6753,6.7436,191600
2006-01-04,6.7482,6.8073,6.6435,6.78,201800
2006-01-05,6.7345,6.8119,6.689,6.7527,159500
2006-01-06,6.8164,6.8574,6.7163,6.8255,238400
2006-01-09,6.8255,6.871,6.8164,6.8255,161300
2006-01-10,6.7846,6.8483,6.7118,6.78,186400
2006-01-11,6.7664,6.8301,6.6435,6.7891,125300
2006-01-12,6.8028,6.8301,6.6526,6.7618,156500
2006-01-13,6.78,6.8073,6.6981,6.7391,48200
2006-01-17,6.7391,6.8574,6.7163,6.8346,218300
2006-01-18,6.8119,7.0348,6.8119,6.9256,335600
2006-01-19,6.871,7.235,6.8255,6.9666,192600
2006-01-20,6.8938,6.912,6.6981,6.7254,108200
2006-01-23,6.7027,6.7573,6.6344,6.6617,80400
2006-01-24,6.6662,6.7573,6.6253,6.689,95600
2006-01-25,6.7254,6.78,6.6844,6.78,93600
2006-01-26,6.78,6.78,6.6526,6.7118,68200
2006-01-27,6.689,6.8847,6.6799,6.7027,78200
2006-01-30,6.6708,6.7209,6.6571,6.7072,75100
2006-01-31,6.6845,6.7345,6.6526,6.6663,114600
2006-02-01,6.6435,6.8437,6.6025,6.8073,127000
2006-02-02,6.7982,6.7982,6.5889,6.7345,116400
2006-02-03,6.7345,6.7891,6.6298,6.7709,56600
2006-02-06,6.7209,6.9074,6.6981,6.8301,157100
2006-02-07,6.8619,6.9165,6.7118,6.7436,83300
2006-02-08,6.7709,6.9393,6.6799,6.9393,121600
2006-02-09,6.9165,7.0485,6.8938,7.0394,115800
2006-02-10,7.0439,7.0485,6.8892,6.9302,92700
2006-02-13,6.9393,6.9393,6.7891,6.9074,61900
2006-02-14,6.9074,6.9984,6.7709,6.8346,94300
2006-02-15,6.8483,6.9029,6.8073,6.8437,56100
2006-02-16,6.8392,6.9029,6.8119,6.9029,102100
2006-02-17,6.4706,6.9529,6.4706,6.8619,83900
2006-02-21,6.8346,6.9575,6.7436,6.8756,94700
2006-02-22,6.8847,6.9165,6.8255,6.9074,50300
2006-02-23,6.912,6.912,6.6344,6.6344,88800
2006-02-24,6.6662,6.8028,6.598,6.6981,59000
2006-02-27,6.7391,6.8665,6.6936,6.8437,37500
2006-02-28,6.8392,6.8938,6.7436,6.8028,50800
2006-03-01,6.8255,7.1122,6.7846,7.0394,229900
2006-03-02,7.2578,7.4353,7.0758,7.3397,550000
2006-03-03,7.4444,7.7037,7.4171,7.4216,304900
2006-03-06,7.3716,7.4171,7.2441,7.3397,233900
2006-03-07,7.3169,7.4125,7.235,7.2851,186600
2006-03-08,7.2805,7.4398,7.2168,7.3943,94100
2006-03-09,7.4398,7.5991,7.3943,7.5081,328100
2006-03-10,7.5081,7.6719,7.4808,7.6446,431700
2006-03-13,7.681,7.7128,7.6355,7.64,203600
2006-03-14,7.6491,7.7447,7.59,7.7174,206400
2006-03-15,7.731,7.7356,7.5991,7.7083,181800
2006-03-16,7.731,7.772,7.6582,7.6946,220600
2006-03-17,7.731,7.7447,7.6491,7.7128,342900
2006-03-20,7.7037,7.7356,7.549,7.5991,202900
2006-03-21,7.5536,7.5854,7.4535,7.4762,155100
2006-03-22,7.4398,7.681,7.3852,7.6764,109000
2006-03-23,7.6901,7.7265,7.549,7.681,110600
2006-03-24,7.6537,7.7037,7.5308,7.64,108600
2006-03-27,7.6582,7.7356,7.6036,7.7174,79000
2006-03-28,7.7265,7.7538,7.64,7.7128,178800
2006-03-29,7.7821,7.8467,7.7544,7.8236,179200
2006-03-30,7.8375,7.8375,7.6759,7.759,159500
2006-03-31,7.7959,7.8282,7.7313,7.8005,163100
2006-04-03,7.8005,7.9205,7.6436,7.6897,155900
2006-04-04,7.6528,7.7359,7.5236,7.6159,123900
2006-04-05,7.5651,7.9021,7.5651,7.8467,243600
2006-04-06,7.8282,8.0175,7.8051,8.0036,295500
2006-04-07,8.0405,8.0682,7.8605,7.9621,216400
2006-04-10,7.9159,7.9621,7.6944,7.8236,477200
2006-04-11,7.8005,7.8928,7.7082,7.7821,153700
2006-04-12,7.8328,7.9159,7.7774,7.8236,200900
2006-04-13,7.8282,7.9159,7.7313,7.8467,363900
2006-04-17,7.8375,7.9113,7.7774,7.8698,204400
2006-04-18,7.8513,7.9621,7.8051,7.9251,329400
2006-04-19,7.8744,7.9575,7.819,7.9482,209700
2006-04-20,7.9667,8.0082,7.7913,7.9528,395100
2006-04-21,7.9621,7.9667,7.8605,7.9067,339900
2006-04-24,7.8698,7.9482,7.8144,7.8605,176800
2006-04-25,7.8698,8.0267,7.8236,7.9113,358500
2006-04-26,7.939,8.0959,7.8928,7.9575,265800
2006-04-27,7.9021,8.0775,7.819,8.0175,165400
2006-04-28,7.7867,8.1236,7.7867,8.0036,180900
2006-05-01,8.0036,8.0821,7.9159,7.939,190600
2006-05-02,7.9713,8.0682,7.8975,8.0544,120100
2006-05-03,7.9713,8.1098,7.9436,8.0544,145900
2006-05-04,8.0544,8.0636,7.9251,7.9713,139300
2006-05-05,7.939,8.0867,7.939,8.0636,162900
2006-05-08,8.0313,8.2759,8.0221,8.239,173900
2006-05-09,8.2575,8.3313,8.1744,8.1836,219100
2006-05-10,8.1744,8.3129,8.1698,8.2852,182200
2006-05-11,8.3175,8.3544,8.2483,8.2713,218200
2006-05-12,8.0405,8.3313,8.0405,8.3083,258900
2006-05-15,8.3083,8.3498,8.239,8.299,216500
2006-05-16,8.3221,8.4236,8.299,8.4006,149700
2006-05-17,8.4006,8.419,8.2667,8.3544,114000
2006-05-18,8.3498,8.4006,8.2159,8.239,122600
2006-05-19,8.2021,8.3175,8.1513,8.2898,176700
2006-05-22,8.2713,8.4144,8.2298,8.2482,309800
2006-05-23,8.3036,8.3821,8.239,8.2621,292800
2006-05-24,8.2759,8.3083,8.1698,8.2713,141800
2006-05-25,8.3083,8.4236,8.2621,8.419,197900
2006-05-26,8.3729,8.5206,8.359,8.479,90900
2006-05-30,8.4606,8.4606,8.2206,8.2529,186400
2006-05-31,8.2667,8.3729,8.1282,8.239,115600
2006-06-01,8.239,8.3775,8.239,8.3683,163400
2006-06-02,8.3683,8.5575,8.3313,8.5575,206200
2006-06-05,8.5067,8.5113,8.2621,8.4283,273200
2006-06-06,8.419,8.419,8.2159,8.3636,200600
2006-06-07,8.3683,8.4421,8.2436,8.2713,169800
2006-06-08,8.2621,8.3083,8.0913,8.239,220100
2006-06-09,8.2436,8.2713,8.0498,8.1052,129000
2006-06-12,8.0913,8.2113,7.7498,7.8467,526400
2006-06-13,7.7313,7.7313,7.1589,7.4913,1055900
2006-06-14,7.4959,7.8005,7.4128,7.5328,445100
2006-06-15,7.6021,7.8467,7.5974,7.7267,368300
2006-06-16,7.7267,7.8282,7.6621,7.7405,392600
2006-06-19,7.7636,7.7959,7.5836,7.639,202000
2006-06-20,7.6205,7.6805,7.4913,7.542,165200
2006-06-21,7.5144,7.6851,7.5144,7.579,225900
2006-06-22,7.5467,7.6159,7.4913,7.5744,198600
2006-06-23,7.5282,7.6205,7.482,7.5928,160300
2006-06-26,7.6159,7.6574,7.5651,7.6344,188800
2006-06-27,7.6528,7.7082,7.5097,7.5374,232000
2006-06-28,7.6171,7.678,7.5046,7.6545,172700
2006-06-29,7.6827,7.9871,7.6218,7.9731,168000
2006-06-30,7.9872,8.0855,7.8466,7.9122,433100
2006-07-03,7.9403,8.1886,7.8747,8.1698,110000
2006-07-05,8.1933,8.1933,7.9028,8.0808,256500
2006-07-06,8.0949,8.2307,7.9263,7.959,122800
2006-07-07,7.9497,8.0246,7.8747,7.9169,103200
2006-07-10,7.945,8.0808,7.9356,7.945,159700
2006-07-11,7.9216,8.0808,7.7857,8.0527,98800
2006-07-12,8.0434,8.0808,7.7857,7.7998,93400
2006-07-13,7.7904,7.8091,7.6124,7.6452,83900
2006-07-14,7.6171,7.7998,7.4953,7.7295,165300
2006-07-17,7.7061,7.7389,7.5,7.5749,128100
2006-07-18,7.6077,7.6873,7.4437,7.6264,75100
2006-07-19,7.6639,7.9216,7.6311,7.87,120000
2006-07-20,7.9169,7.945,7.6967,7.7295,111600
2006-07-21,7.692,7.7576,7.5421,7.7108,145200
2006-07-24,7.7201,7.9497,7.7201,7.8607,120700
2006-07-25,7.7763,7.856,7.7014,7.7904,162300
2006-07-26,7.7482,7.8185,7.6358,7.7108,72800
2006-07-27,7.7389,7.7389,7.4672,7.5515,105700
2006-07-28,7.5843,7.7623,7.5843,7.7295,90200
2006-07-31,7.6827,7.767,7.589,7.6452,90900
2006-08-01,7.5983,7.6218,7.4437,7.5609,103900
2006-08-02,7.589,7.7061,7.5421,7.6592,141000
2006-08-03,7.6124,7.7436,7.5421,7.7389,92500
2006-08-04,7.7529,7.8185,7.5281,7.6639,82700
2006-08-07,7.6358,7.6358,7.4953,7.5468,105200
2006-08-08,7.5468,7.5983,7.4063,7.4344,189300
2006-08-09,7.4718,7.5655,7.3219,7.3313,106400
2006-08-10,7.2845,7.4765,7.261,7.4016,135900
2006-08-11,7.3922,7.4812,7.3266,7.4578,77200
2006-08-14,7.4906,7.6358,7.4906,7.5562,142600
2006-08-15,7.6545,7.6592,7.5515,7.5655,109900
2006-08-16,7.5936,7.6264,7.5187,7.5515,235500
2006-08-17,7.5374,7.5843,7.3969,7.4437,325300
2006-08-18,7.4625,7.5187,7.4203,7.4484,280400
2006-08-21,7.4016,7.4718,7.3828,7.4578,91900
2006-08-22,7.4344,7.4718,7.4109,7.425,186900
2006-08-23,7.4109,7.4718,7.3219,7.3641,134600
2006-08-24,7.411,7.4437,7.3032,7.3688,147900
2006-08-25,7.336,7.4016,7.2564,7.2798,110600
2006-08-28,7.2751,7.3126,7.1955,7.2236,285300
2006-08-29,7.247,7.2845,7.1908,7.2564,257100
2006-08-30,7.2751,7.3969,7.2142,7.2751,134800
2006-08-31,7.4953,8.198,7.4953,8.0949,789200
2006-09-01,7.9778,8.1745,7.9544,7.9637,299600
2006-09-05,8.0434,8.0574,7.9403,7.9684,358700
2006-09-06,7.9637,8.034,7.9216,7.9544,224300
2006-09-07,7.9497,8.1324,7.9028,8.0996,576200
2006-09-08,8.1745,8.1792,8.0808,8.1043,201200
2006-09-11,8.0949,8.1886,7.9872,8.0106,184700
2006-09-12,8.0106,8.0434,7.8981,7.9731,279800
2006-09-13,7.9169,7.9403,7.856,7.8747,211600
2006-09-14,7.8981,7.9871,7.8232,7.856,128900
2006-09-15,7.8935,8.0668,7.8935,7.9637,222000
2006-09-18,7.9684,8.0715,7.9028,7.9309,151700
2006-09-19,7.9028,7.9356,7.6264,7.781,196700
2006-09-20,7.8091,8.0106,7.8045,7.8888,134800
2006-09-21,7.9075,7.945,7.7108,7.7763,119000
2006-09-22,7.7529,7.7763,7.6405,7.7623,71200
2006-09-25,7.781,7.9309,7.7342,7.8607,97500
2006-09-26,7.8044,7.87,7.7389,7.8466,114600
2006-09-27,7.8894,7.9084,7.7848,7.8941,102100
2006-09-28,7.8941,7.9939,7.8133,7.9322,81400
2006-09-29,7.9036,7.9939,7.8086,7.8086,183300
2006-10-02,7.8276,7.8846,7.7658,7.7991,118000
2006-10-03,7.7611,7.8086,7.6517,7.7801,137100
2006-10-04,7.7753,7.8561,7.6232,7.8038,173700
2006-10-05,7.8371,8.013,7.8181,7.9987,138400
2006-10-06,7.9987,7.9987,7.8751,7.9131,152400
2006-10-09,7.8846,7.9512,7.8466,7.9131,34900
2006-10-10,7.9464,7.9749,7.8989,7.9607,60500
2006-10-11,7.9417,7.9417,7.723,7.8371,74500
2006-10-12,7.8751,8.032,7.8751,8.0272,82300
2006-10-13,8.032,8.1936,8.0082,8.1318,217100
2006-10-16,8.127,8.1698,8.0272,8.0557,88100
2006-10-17,7.9607,7.9892,7.8846,7.9274,92500
2006-10-18,7.9749,7.9939,7.7991,7.8324,100000
2006-10-19,7.8324,8.089,7.7848,8.0842,151300
2006-10-20,8.2221,8.3646,8.1698,8.1698,255400
2006-10-23,8.2363,8.2601,8.0747,8.0795,181400
2006-10-24,8.0747,8.1508,7.9322,7.9939,103400
2006-10-25,7.9464,8.0937,7.9369,7.9939,64600
2006-10-26,8.032,8.0462,7.9227,8.013,86500
2006-10-27,7.9844,8.146,7.9464,7.9607,92300
2006-10-30,7.9227,8.0795,7.8894,8.0557,85700
2006-10-31,8.0795,8.0795,7.8561,7.9227,155600
2006-11-01,7.9654,7.9654,7.723,7.7421,157500
2006-11-02,7.6945,7.7135,7.5852,7.6232,125400
2006-11-03,7.6422,7.6993,7.5805,7.6993,81900
2006-11-06,7.7325,7.7611,7.609,7.7516,99200
2006-11-07,7.7373,7.8941,7.7088,7.7943,117400
2006-11-08,7.7516,7.9084,7.6993,7.8181,86500
2006-11-09,7.8371,7.8371,7.6137,7.6375,85500
2006-11-10,7.6185,7.7088,7.5615,7.6898,75300
2006-11-13,7.7088,7.7088,7.5567,7.6042,116000
2006-11-14,7.6042,7.6898,7.4854,7.6518,136800
2006-11-15,7.6518,7.7088,7.5615,7.6755,155800
2006-11-16,7.6755,7.6755,7.5852,7.628,137700
2006-11-17,7.6137,7.6518,7.4616,7.5187,193800
2006-11-20,7.4902,7.6565,7.4902,7.6042,83400
2006-11-21,7.5995,7.628,7.5092,7.5757,70100
2006-11-22,7.5757,7.5852,7.5139,7.571,112900
2006-11-24,7.5662,7.6185,7.5329,7.5757,24300
2006-11-27,7.5377,7.5662,7.4379,7.5567,310400
2006-11-28,7.5472,7.6042,7.4616,7.571,194300
2006-11-29,7.6042,7.666,7.5329,7.5947,97500
2006-11-30,7.5852,7.628,7.5092,7.5757,149200
2006-12-01,7.5947,7.628,7.4854,7.5995,155300
2006-12-04,7.6422,7.704,7.5805,7.6708,230500
2006-12-05,7.9131,8.1745,7.7373,8.0795,883700
2006-12-06,8.032,8.0557,7.7516,7.7753,229200
2006-12-07,7.8038,7.9131,7.7943,7.8704,245200
2006-12-08,7.8751,7.9844,7.8704,7.9512,185200
2006-12-11,8.0082,8.1223,7.9369,8.0795,168500
2006-12-12,8.0795,8.1508,7.9844,8.0367,199700
2006-12-13,8.1669,8.1669,8.0223,8.0464,315600
2006-12-14,8.0319,8.1235,8.0319,8.056,305300
2006-12-15,8.0367,8.0994,7.9981,8.0464,254700
2006-12-18,8.0753,8.1235,7.8824,7.9403,186800
2006-12-19,7.9162,7.9307,7.8487,7.9114,274400
2006-12-20,7.9258,8.0367,7.9162,7.974,239000
2006-12-21,7.974,8.0078,7.8535,7.9499,142000
2006-12-22,7.9451,7.974,7.7475,7.8873,197600
2006-12-26,7.8824,7.9837,7.7957,7.8921,306300
2006-12-27,7.9307,7.9885,7.9114,7.9307,113200
2006-12-28,7.9065,7.9596,7.8728,7.9258,123300
2006-12-29,7.8921,7.9355,7.8053,7.8583,207200
2007-01-03,7.868,7.9307,7.7523,7.8005,159300
2007-01-04,7.8053,7.8776,7.7378,7.8535,118000
2007-01-05,7.7957,7.8535,7.7378,7.7571,149100
2007-01-08,7.786,7.868,7.7137,7.8053,197000
2007-01-09,7.8487,7.8487,7.7185,7.7523,185500
2007-01-10,7.7185,7.7667,7.6414,7.7089,206000
2007-01-11,7.7089,7.9017,7.6703,7.8873,227400
2007-01-12,7.8583,8.0174,7.8342,7.9307,246700
2007-01-16,7.9548,8.0319,7.8342,7.8728,120800
2007-01-17,7.8487,7.9885,7.8487,7.8776,321600
2007-01-18,7.8583,7.8873,7.7378,7.7812,216000
2007-01-19,7.8101,7.9114,7.7667,7.9017,158000
2007-01-22,7.9065,7.9065,7.8149,7.868,89100
2007-01-23,7.8294,7.868,7.7378,7.7571,181300
2007-01-24,7.7523,7.8487,7.7523,7.8101,51800
2007-01-25,7.8391,7.8583,7.7523,7.8101,117900
2007-01-26,7.8342,7.8391,7.6366,7.68,253700
2007-01-29,7.6896,7.8053,7.68,7.7041,91100
2007-01-30,7.7378,7.7764,7.7282,7.7523,78700
2007-01-31,7.7523,7.786,7.68,7.7523,85200
2007-02-01,7.7571,7.7957,7.7041,7.7185,75200
2007-02-02,7.7619,7.8198,7.7571,7.8053,54900
2007-02-05,7.7908,7.8149,7.6944,7.7233,153300
2007-02-06,7.7812,7.8487,7.7667,7.8198,233900
2007-02-07,7.8439,7.8535,7.7619,7.8101,159000
2007-02-08,7.7957,7.8583,7.7619,7.8005,80200
2007-02-09,7.7716,7.8439,7.7667,7.7812,85700
2007-02-12,7.8246,7.9307,7.8101,7.9065,121500
2007-02-13,7.8632,7.9548,7.7233,7.7378,225700
2007-02-14,7.786,7.8583,7.7619,7.7667,173700
2007-02-15,7.7619,7.8053,7.7233,7.7475,184500
2007-02-16,7.7282,7.8101,7.7089,7.7475,120500
2007-02-20,7.6896,7.8728,7.6414,7.8198,184500
2007-02-21,7.7764,7.8487,7.733,7.8101,133200
2007-02-22,7.8198,7.9065,7.7812,7.8728,121900
2007-02-23,7.8535,7.9451,7.8391,7.868,138800
2007-02-26,7.8535,7.9162,7.8053,7.8101,167600
2007-02-27,7.8053,7.8101,7.6655,7.7233,179900
2007-02-28,7.7233,7.7716,7.6173,7.6655,210300
2007-03-01,7.6173,7.8342,7.6028,7.6848,231200
2007-03-02,7.6607,7.7137,7.6125,7.6221,159300
2007-03-05,7.5787,7.7233,7.5739,7.6269,228900
2007-03-06,7.68,7.8005,7.6269,7.7185,166500
2007-03-07,7.7282,7.7475,7.6655,7.7378,182900
2007-03-08,7.7716,7.8198,7.7234,7.7619,115000
2007-03-09,7.8101,7.8149,7.6414,7.68,279600
2007-03-12,7.6462,7.8149,7.6462,7.7378,164900
2007-03-13,7.7721,7.777,7.6008,7.6252,201900
2007-03-14,7.6106,7.7525,7.6106,7.684,244000
2007-03-15,7.6693,7.7623,7.6301,7.6644,131900
2007-03-16,7.6595,7.6987,7.5861,7.635,402700
2007-03-19,7.7084,7.7329,7.6008,7.6742,182000
2007-03-20,7.6546,7.684,7.591,7.6301,225100
2007-03-21,7.6155,7.7427,7.6155,7.7084,264400
2007-03-22,7.7084,7.7329,7.6399,7.7133,131600
2007-03-23,7.7133,7.7231,7.6595,7.6791,115800
2007-03-26,7.6987,7.8308,7.6889,7.7819,242500
2007-03-27,7.7819,7.8308,7.635,7.7427,193800
2007-03-28,7.7182,7.821,7.7133,7.8014,260600
2007-03-29,7.8846,8.1245,7.8651,8.0853,589900
2007-03-30,8.1147,8.1245,7.8553,7.9776,393500
2007-04-02,7.9923,8.0657,7.9042,7.9434,285800
2007-04-03,7.9727,8.1098,7.9727,8.0119,164900
2007-04-04,8.0315,8.0315,7.8895,7.9189,134900
2007-04-05,7.9042,7.9042,7.8504,7.87,142200
2007-04-09,7.8504,7.8895,7.8357,7.87,102700
2007-04-10,7.8651,7.9189,7.8308,7.9042,109700
2007-04-11,8.1489,8.286,8.0608,8.2321,730000
2007-04-12,8.2713,8.2909,8.1538,8.2615,286500
2007-04-13,8.2713,8.2713,8.1,8.1294,455500
2007-04-16,8.1685,8.1881,7.8993,7.9972,730200
2007-04-17,7.9874,8.0461,7.9189,8.0266,277500
2007-04-18,7.9972,8.0706,7.9776,8.0364,117900
2007-04-19,8.007,8.0902,8.0021,8.051,132300
2007-04-20,8.1294,8.2958,8.0559,8.2566,204100
2007-04-23,8.2321,8.3349,8.2126,8.3202,219900
2007-04-24,8.3251,8.3985,8.3202,8.379,238300
2007-04-25,8.4083,8.4426,8.3692,8.379,198300
2007-04-26,8.3692,8.4426,8.3643,8.3741,143400
2007-04-27,8.3545,8.4083,8.3349,8.379,172500
2007-04-30,8.3741,8.3985,8.3104,8.3251,277800
2007-05-01,8.3153,8.3398,8.2468,8.3349,173400
2007-05-02,8.3202,8.4671,8.3104,8.3447,174800
2007-05-03,8.7999,9.1033,8.7216,9.0397,846000
2007-05-04,9.0299,9.0299,8.8243,8.9173,393200
2007-05-07,8.888,8.888,8.5698,8.6873,293600
2007-05-08,8.6432,8.7607,8.5649,8.7607,327800
2007-05-09,8.7509,9.0446,8.6775,8.9956,342700
2007-05-10,8.9663,8.9663,8.7265,8.8048,208100
2007-05-11,8.8439,8.9467,8.795,8.8977,136100
2007-05-14,8.932,8.9956,8.9026,8.9467,175700
2007-05-15,8.9026,9.0299,8.6971,8.7265,237700
2007-05-16,8.7362,8.8586,8.6628,8.8145,105000
2007-05-17,8.7803,8.8586,8.7167,8.7852,103700
2007-05-18,8.8145,8.9026,8.7607,8.8537,104600
2007-05-21,8.8586,9.0054,8.7852,8.9761,101600
2007-05-22,9.0054,9.0054,8.8194,8.8782,132900
2007-05-23,8.9173,8.9222,8.7754,8.7852,94600
2007-05-24,8.8048,8.839,8.6139,8.6384,159500
2007-05-25,8.6873,8.7558,8.653,8.7167,99900
2007-05-29,8.7118,8.8048,8.6775,8.6873,137200
2007-05-30,8.6188,8.6971,8.5894,8.6432,210500
2007-05-31,8.6873,8.7411,8.5503,8.5698,264700
2007-06-01,8.6237,8.746,8.5992,8.6579,186200
2007-06-04,8.6677,8.8292,8.5894,8.8292,205400
2007-06-05,8.8048,8.8243,8.6775,8.7558,90300
2007-06-06,8.7411,8.7803,8.6432,8.7558,110900
2007-06-07,8.7558,8.8145,8.6579,8.6726,132700
2007-06-08,8.6824,8.7607,8.6335,8.7362,75400
2007-06-11,8.7362,8.7607,8.6286,8.6628,98700
2007-06-12,8.6139,8.6237,8.4915,8.516,192500
2007-06-13,8.6103,8.6252,8.3919,8.4813,176300
2007-06-14,8.4713,8.4862,8.3969,8.4564,107100
2007-06-15,8.5855,8.6153,8.4763,8.5408,177900
2007-06-18,8.5458,8.6847,8.4813,8.6252,138800
2007-06-19,8.5805,8.6252,8.4912,8.5706,103900
2007-06-20,8.65,8.65,8.3225,8.382,215000
2007-06-21,8.387,8.387,8.1934,8.2927,250600
2007-06-22,8.2778,8.2778,8.1388,8.1537,185900
2007-06-25,8.1041,8.3026,7.9751,8.1289,220000
2007-06-26,8.1537,8.1636,7.9651,7.9751,245500
2007-06-27,7.9304,7.9453,7.7319,7.9155,815200
2007-06-28,7.8857,8.0743,7.8163,8.0694,447200
2007-06-29,8.0396,8.1388,7.8857,7.9354,338200
2007-07-02,7.9155,7.9999,7.8659,7.9949,261100
2007-07-03,8.0098,8.0098,7.9602,7.9949,184900
2007-07-05,7.9949,8.0991,7.9899,8.0942,276200
2007-07-06,8.0991,8.2381,8.0892,8.1984,235400
2007-07-09,8.2331,8.253,8.1785,8.2033,162000
2007-07-10,8.1885,8.2827,8.119,8.1934,253400
2007-07-11,8.1736,8.2133,8.0743,8.1587,274500
2007-07-12,8.1984,8.2033,8.1239,8.1785,153600
2007-07-13,8.1537,8.1785,8.1091,8.1736,135300
2007-07-16,8.1587,8.1736,8.0892,8.1438,132600
2007-07-17,8.1587,8.2083,8.1339,8.1736,83500
2007-07-18,8.1041,8.1636,8.0743,8.1636,113600
2007-07-19,8.2282,8.2282,8.119,8.1587,65400
2007-07-20,8.1388,8.1388,7.9403,7.9453,533000
2007-07-23,7.9403,8.0594,7.8659,8.0148,164100
2007-07-24,7.9453,8.0098,7.8262,7.9254,410600
2007-07-25,8.0247,8.0346,7.8262,7.8609,149900
2007-07-26,7.7468,7.8113,7.4838,7.6078,243700
2007-07-27,7.5632,7.6078,7.4441,7.449,161600
2007-07-30,7.4441,7.4788,7.2406,7.4044,226100
2007-07-31,7.4639,7.5582,7.3647,7.4441,237300
2007-08-01,7.3795,7.4689,7.2058,7.2058,567200
2007-08-02,7.7418,7.8907,7.3448,7.3448,587000
2007-08-03,7.4292,7.5731,7.1661,7.191,488600
2007-08-06,7.2307,7.3944,7.1562,7.3448,385800
2007-08-07,7.3249,7.3249,7.1016,7.2654,230600
2007-08-08,7.3349,7.3448,7.1016,7.2406,838400
2007-08-09,7.2356,7.3349,7.0073,7.1264,649400
2007-08-10,7.0321,7.444,7.0024,7.3845,325200
2007-08-13,7.4689,7.5235,7.186,7.1959,336700
2007-08-14,7.1711,7.1959,6.9627,6.9776,269400
2007-08-15,6.9478,7.0371,6.8882,6.8932,273500
2007-08-16,6.8684,7.047,6.6947,7.047,299000
2007-08-17,7.2307,7.2704,7.0669,7.1562,239300
2007-08-20,7.1562,7.2555,6.9974,7.2207,357800
2007-08-21,7.186,7.2505,7.1562,7.2257,350800
2007-08-22,7.2852,7.4192,7.2852,7.4044,223700
2007-08-23,7.4192,7.4838,7.3994,7.4143,141100
2007-08-24,7.4093,7.4093,7.3349,7.3646,125100
2007-08-27,7.3696,7.4093,7.3249,7.3448,191800
2007-08-28,7.2753,7.5235,7.2058,7.3498,388700
2007-08-29,7.3944,7.4738,7.3547,7.449,180000
2007-08-30,7.3696,7.5086,7.32,7.3448,241800
2007-08-31,7.4391,7.6177,7.4143,7.5185,265600
2007-09-04,7.4639,7.5681,7.4391,7.5582,225800
2007-09-05,7.4986,7.583,7.4738,7.5334,153500
2007-09-06,7.5731,7.6922,7.5483,7.6723,124900
2007-09-07,7.5632,7.6475,7.3498,7.5185,533700
2007-09-10,7.5731,7.6029,7.3101,7.4192,230000
2007-09-11,7.4292,7.4788,7.3299,7.3597,168400
2007-09-12,7.4152,7.4454,7.0116,7.0469,564000
2007-09-13,7.0722,7.1226,7.0469,7.0873,221200
2007-09-14,7.0974,7.168,7.0419,7.168,180400
2007-09-17,7.1276,7.163,7.0974,7.1075,129800
2007-09-18,7.1478,7.3698,7.1075,7.3446,284900
2007-09-19,7.3143,7.4808,7.2336,7.2386,328500
2007-09-20,7.2134,7.6926,7.1983,7.622,733800
2007-09-21,7.733,7.8641,7.6775,7.8187,462300
2007-09-24,7.7935,7.7935,7.5615,7.5816,172100
2007-09-25,7.5665,7.5816,7.4707,7.4808,89800
2007-09-26,7.5312,7.622,7.4908,7.5766,126200
2007-09-27,7.6119,7.6523,7.5615,7.6069,139600
2007-09-28,7.6169,7.6472,7.5615,7.6069,146600
2007-10-01,7.5816,7.9146,7.5766,7.854,227900
2007-10-02,7.8893,7.9801,7.849,7.9499,120700
2007-10-03,7.8893,7.9196,7.7128,7.7481,109200
2007-10-04,7.7885,7.8288,7.7178,7.7431,117100
2007-10-05,7.8137,7.8944,7.738,7.8641,100500
2007-10-08,7.8389,7.9196,7.8137,7.854,43100
2007-10-09,7.8439,7.8692,7.738,7.7784,91400
2007-10-10,7.7834,7.9297,7.7431,7.7683,95900
2007-10-11,7.7531,7.8288,7.6422,7.6724,74300
2007-10-12,7.6623,7.7481,7.5009,7.5413,361200
2007-10-15,7.5261,7.5715,7.4707,7.5312,276700
2007-10-16,7.511,7.5261,7.4454,7.4908,176900
2007-10-17,7.5715,7.5867,7.506,7.5413,153000
2007-10-18,7.5211,7.627,7.4908,7.627,238400
2007-10-19,7.6069,7.6674,7.3799,7.4505,200800
2007-10-22,7.395,7.7128,7.39,7.6926,262100
2007-10-23,7.738,7.7834,7.6422,7.7178,167400
2007-10-24,7.6623,7.8086,7.6371,7.7683,247600
2007-10-25,7.7784,7.854,7.6321,7.6523,99100
2007-10-26,7.7431,7.7632,7.5917,7.6876,101600
2007-10-29,7.7128,7.738,7.5362,7.5615,102400
2007-10-30,7.5362,7.6775,7.5362,7.6775,160400
2007-10-31,7.7027,7.7279,7.5715,7.6674,165100
2007-11-01,7.7178,7.7178,7.4707,7.4808,259400
2007-11-02,7.5968,7.5968,7.4404,7.5262,157900
2007-11-05,7.4404,7.5514,7.4152,7.4908,125100
2007-11-06,7.4555,7.6422,7.4202,7.627,129000
2007-11-07,7.5312,7.5312,7.3748,7.39,150500
2007-11-08,7.4454,7.4656,7.3345,7.4404,86600
2007-11-09,7.3748,7.5665,7.2689,7.511,131800
2007-11-12,7.4858,7.8339,7.4858,7.6876,138000
2007-11-13,7.7531,7.7935,7.6321,7.738,124600
2007-11-14,7.7683,7.7784,7.6119,7.6724,111800
2007-11-15,7.622,7.6422,7.4505,7.5161,92400
2007-11-16,7.5463,7.6876,7.4404,7.6876,204400
2007-11-19,7.622,7.622,7.3143,7.3647,335300
2007-11-20,7.3446,7.4808,7.2638,7.4454,223100
2007-11-21,7.4101,7.5968,7.2941,7.5766,318000
2007-11-23,7.622,7.7077,7.5161,7.6573,80800
2007-11-26,7.6523,7.7229,7.4908,7.7229,197600
2007-11-27,7.733,7.7784,7.5665,7.738,136600
2007-11-28,7.8187,7.9448,7.7784,7.8893,126300
2007-11-29,7.8439,7.9196,7.8187,7.8591,82200
2007-11-30,7.9801,7.9801,7.8793,7.9499,124400
2007-12-03,7.9902,7.9902,7.8238,7.8893,98000
2007-12-04,7.8137,7.8137,7.6169,7.622,196800
2007-12-05,7.7531,7.7531,7.5564,7.627,121100
2007-12-06,7.627,7.6775,7.5413,7.6523,208800
2007-12-07,7.6926,7.6926,7.6119,7.6674,197600
2007-12-10,7.6674,7.7279,7.627,7.7178,88100
2007-12-11,7.7431,7.8339,7.5413,7.5514,119200
2007-12-12,7.8179,7.8641,7.4232,7.5411,148100
2007-12-13,7.4591,7.5462,7.3822,7.5462,135500
2007-12-14,7.4488,7.4899,7.2387,7.2848,166700
2007-12-17,7.2233,7.3207,7.1515,7.1515,154000
2007-12-18,7.2899,7.5667,7.2745,7.5565,211200
2007-12-19,7.5155,7.6026,7.4693,7.5462,118800
2007-12-20,7.6078,7.6539,7.4232,7.4847,247400
2007-12-21,7.5821,7.6385,7.4232,7.5309,314100
2007-12-24,7.4693,7.859,7.4693,7.8179,171200
2007-12-26,7.7564,7.9051,7.7,7.8487,111700
2007-12-27,7.8641,7.8949,7.5257,7.5257,107800
2007-12-28,7.6283,7.7564,7.5616,7.6385,78600
2007-12-31,7.6539,7.6642,7.5257,7.5668,100200
2008-01-02,7.5514,7.5975,7.3617,7.5155,110500
2008-01-03,7.6026,7.6026,7.3566,7.3873,122600
2008-01-04,7.3822,7.4796,7.2797,7.3053,122800
2008-01-07,7.3463,7.5206,7.3053,7.4078,96100
2008-01-08,7.413,7.4335,7.1976,7.3258,169700
2008-01-09,7.2797,7.3053,7.0336,7.2079,90400
2008-01-10,7.1464,7.2643,7.0644,7.2438,93500
2008-01-11,7.213,7.2335,7.0695,7.1361,105200
2008-01-14,7.1976,7.2284,7.0746,7.0746,109600
2008-01-15,6.9977,7.2335,6.8439,7.2335,158900
2008-01-16,7.1874,7.6949,7.172,7.5206,228500
2008-01-17,7.5616,7.5616,7.3771,7.4027,92600
2008-01-18,7.2899,7.3412,6.9875,7.1413,202900
2008-01-22,6.8695,7.495,6.8593,7.3053,153000
2008-01-23,7.172,7.4437,7.0541,7.4386,169700
2008-01-24,7.4386,7.4642,7.0028,7.0387,272400
2008-01-25,7.1515,7.254,7.008,7.1618,119700
2008-01-28,7.1618,7.3566,7.0541,7.3566,129100
2008-01-29,7.3924,7.5616,7.3104,7.5616,118300
2008-01-30,7.4847,7.5821,7.3822,7.536,235300
2008-01-31,7.4591,7.7411,7.4335,7.6795,189600
2008-02-01,7.6898,7.9154,7.6847,7.8948,135500
2008-02-04,7.859,8.0999,7.859,7.9974,244200
2008-02-05,7.9,7.9666,7.7616,7.7718,121300
2008-02-06,7.8436,7.9461,7.7205,7.7359,72700
2008-02-07,7.7,7.9615,7.6744,7.8436,151200
2008-02-08,7.7872,7.9051,7.6847,7.8538,74500
2008-02-11,7.818,7.9461,7.7462,7.8487,112100
2008-02-12,8.5049,8.6792,8.3306,8.3511,616700
2008-02-13,8.5767,8.6331,8.3306,8.6279,401600
2008-02-14,8.6331,8.8433,8.6228,8.7202,668500
2008-02-15,8.6741,8.7817,8.5869,8.6331,228700
2008-02-19,8.7305,8.9714,8.7048,8.8176,488800
2008-02-20,8.7664,8.792,8.6946,8.71,357900
2008-02-21,8.7561,8.833,8.71,8.7459,410300
2008-02-22,8.7766,9.115,8.7766,9.115,544400
2008-02-25,8.9868,9.1508,8.9868,9.1252,309700
2008-02-26,9.1611,9.2739,9.0381,9.0534,613200
2008-02-27,8.9971,9.2021,8.9714,9.0176,349300
2008-02-28,9.0176,9.1457,8.8433,9.0996,235400
2008-02-29,9.0329,9.1919,9.0022,9.0739,323500
2008-03-03,9.1252,9.1457,8.9407,9.0073,264700
2008-03-04,8.9304,9.2021,8.8843,9.156,266000
2008-03-05,9.156,9.1611,9.0278,9.1098,328100
2008-03-06,9.0791,9.1252,8.8791,8.8843,169800
2008-03-07,8.8176,9.1765,8.8176,9.0227,564200
2008-03-10,9.0227,9.2277,8.9407,8.9612,272900
2008-03-11,9.1252,9.402,9.0739,9.3098,894700
2008-03-12,9.7439,9.8589,9.6602,9.7282,1121000
2008-03-13,9.6707,9.7543,9.4981,9.7177,610900
2008-03-14,9.7648,9.7648,9.3987,9.4981,452600
2008-03-17,9.451,9.702,9.2313,9.5713,350600
2008-03-18,9.8119,9.838,9.4876,9.7909,386400
2008-03-19,10.0368,10.0368,9.8223,9.8223,390600
2008-03-20,9.8903,10.0211,9.6863,9.7334,618500
2008-03-24,9.8276,10.1361,9.8276,10.1361,625600
2008-03-25,10.1675,10.1884,9.8014,9.8328,636000
2008-03-26,9.9112,9.9112,9.702,9.8485,442400
2008-03-27,9.9897,9.9897,9.519,9.5451,522200
2008-03-28,9.6759,9.7596,9.5451,9.5504,354700
2008-03-31,9.5451,9.8642,9.5451,9.7334,251000
2008-04-01,9.7857,9.8799,9.7282,9.8014,316600
2008-04-02,9.77,10.0211,9.6393,9.6916,356200
2008-04-03,9.6759,9.838,9.6131,9.6811,307600
2008-04-04,9.7073,9.7491,9.5399,9.6445,265200
2008-04-07,9.9165,10.11,9.8851,10.0525,724700
2008-04-08,10.1518,10.3401,9.9792,10.3349,701700
2008-04-09,10.2826,10.3872,10.0525,10.0629,529800
2008-04-10,10.0838,10.0943,9.9269,9.9374,347600
2008-04-11,9.8851,10.11,9.8799,9.8903,208400
2008-04-14,9.9269,9.9949,9.906,9.9269,172500
2008-04-15,9.974,9.974,9.7543,9.9322,376700
2008-04-16,10.0159,10.042,9.8066,9.9374,238800
2008-04-17,9.8851,9.9112,9.7596,9.8223,163700
2008-04-18,9.9269,9.9792,9.7962,9.9217,290900
2008-04-21,9.9217,9.9269,9.7282,9.8066,216300
2008-04-22,9.7543,9.7543,9.4248,9.4824,594700
2008-04-23,9.5451,9.5451,9.3045,9.4039,545400
2008-04-24,9.4039,9.4458,9.2052,9.315,377300
2008-04-25,9.3778,9.3882,9.2209,9.2522,333900
2008-04-28,9.2993,9.4301,9.1895,9.1999,346100
2008-04-29,9.2418,9.3673,9.1895,9.3412,385000
2008-04-30,9.3202,9.3935,9.179,9.2313,385800
2008-05-01,9.179,9.3673,9.179,9.2575,207200
2008-05-02,9.3987,9.4614,9.3098,9.4562,228400
2008-05-05,9.3673,9.6288,9.3621,9.6079,384700
2008-05-06,9.5504,9.8066,8.8338,8.8495,1464500
2008-05-07,9.0796,9.1267,8.4729,8.5252,1672300
2008-05-08,8.6298,8.6926,8.3056,8.4259,1271700
2008-05-09,8.4259,8.452,8.3213,8.4154,679700
2008-05-12,8.4311,8.9384,8.3579,8.8547,1233500
2008-05-13,8.9123,8.9123,8.6089,8.6298,675000
2008-05-14,8.6821,8.6978,8.4782,8.4991,553500
2008-05-15,8.5148,8.5148,8.3683,8.4468,676900
2008-05-16,8.4625,8.5619,8.3997,8.5619,580500
2008-05-19,8.6351,8.7083,8.4939,8.5357,571100
2008-05-20,8.5462,8.6978,8.5305,8.6089,357100
2008-05-21,8.6717,8.8181,8.6089,8.6926,452800
2008-05-22,8.6508,8.7344,8.6508,8.7135,261400
2008-05-23,8.6717,8.6717,8.5305,8.6037,276800
2008-05-27,8.6612,8.6612,8.3945,8.5095,548300
2008-05-28,8.5305,8.6246,8.4677,8.4991,380200
2008-05-29,8.4625,8.7711,8.452,8.7554,693200
2008-05-30,8.7449,8.7763,8.5828,8.7083,473500
2008-06-02,8.6351,8.7083,8.4991,8.5462,352700
2008-06-03,8.5305,8.7554,8.4729,8.6246,471500
2008-06-04,8.5619,8.7031,8.5409,8.5671,226600
2008-06-05,8.6612,8.7188,8.5723,8.6926,328500
2008-06-06,8.6351,8.6508,8.4886,8.4886,311200
2008-06-09,8.5671,8.5932,8.3736,8.4363,310400
2008-06-10,8.3945,8.5462,8.3945,8.5043,351400
2008-06-11,8.6273,8.6273,8.3599,8.3599,520900
2008-06-12,8.3706,8.5578,8.1888,8.2101,657900
2008-06-13,8.1834,8.2315,8.0069,8.1139,587600
2008-06-16,8.1567,8.6006,8.1567,8.5739,444900
2008-06-17,8.5632,8.5738,8.1994,8.3599,437800
2008-06-18,8.3064,8.3973,8.1192,8.2315,363900
2008-06-19,8.2101,8.5792,8.2101,8.5471,473600
2008-06-20,8.4508,8.7236,8.376,8.4348,791700
2008-06-23,8.4508,8.5311,8.1941,8.2155,261900
2008-06-24,8.0818,8.2048,8.0818,8.1567,401200
2008-06-25,8.162,8.4508,8.1567,8.2743,316300
2008-06-26,8.162,8.2101,8.0871,8.1567,420500
2008-06-27,8.1246,8.2262,8.0443,8.2155,392000
2008-06-30,8.1834,8.3385,8.0818,8.2743,531100
2008-07-01,8.2797,8.2904,8.0764,8.1781,370700
2008-07-02,8.1887,8.2636,8.1139,8.1834,616500
2008-07-03,8.1727,8.2636,8.0871,8.1834,285400
2008-07-07,8.2155,8.269,8.0871,8.1994,465600
2008-07-08,8.1567,8.392,8.1513,8.3866,337200
2008-07-09,8.4455,8.4455,8.2048,8.2208,193300
2008-07-10,8.2262,8.3064,8.0925,8.2422,271100
2008-07-11,8.1246,8.1299,7.456,7.9534,1127300
2008-07-14,8.0818,8.3706,8.0283,8.2904,627300
2008-07-15,8.3759,8.3759,8.0764,8.1406,436200
2008-07-16,8.1406,8.6541,8.0497,8.6487,332000
2008-07-17,8.6487,8.745,8.4455,8.7129,237000
2008-07-18,8.745,8.7717,8.6327,8.7022,207000
2008-07-21,8.745,8.745,8.4455,8.6594,162500
2008-07-22,8.5685,8.9055,8.5632,8.8894,210700
2008-07-23,8.9322,9.0071,8.8252,8.9536,236900
2008-07-24,9.0071,9.0766,8.8359,8.9964,232600
2008-07-25,9.0124,9.0392,8.8573,8.9001,267800
2008-07-28,8.9108,8.9536,8.8252,8.9322,148000
2008-07-29,8.9643,9.0659,8.8627,9.0285,157100
2008-07-30,8.9803,9.0606,8.6862,8.6915,250200
2008-07-31,8.6541,8.8038,8.5311,8.7664,369900
2008-08-01,8.8252,8.9376,8.7076,8.8573,227200
2008-08-04,8.9108,9.1622,8.8306,9.0713,402500
2008-08-05,8.6648,8.6648,8.0229,8.3385,1371900
2008-08-06,8.2636,8.3332,8.1192,8.2262,302200
2008-08-07,8.1834,8.2743,8.0764,8.269,363400
2008-08-08,8.2904,8.3706,8.0657,8.3439,512500
2008-08-11,8.3599,8.5204,8.2208,8.3439,331400
2008-08-12,8.2797,8.4455,8.2743,8.4134,246500
2008-08-13,8.4241,8.5899,8.3546,8.515,196600
2008-08-14,8.5525,8.6273,8.4562,8.5685,121200
2008-08-15,8.6273,8.745,8.5364,8.6755,205400
2008-08-18,8.6327,8.7076,8.5792,8.6327,140800
2008-08-19,8.5845,8.6701,8.5792,8.6541,197300
2008-08-20,8.7129,9.0873,8.7022,8.852,347800
2008-08-21,8.852,8.8948,8.7022,8.7985,221300
2008-08-22,8.8199,9.0713,8.7931,8.991,270900
2008-08-25,8.975,8.9803,8.6327,8.7129,133400
2008-08-26,8.7236,8.8841,8.6648,8.7664,124500
2008-08-27,8.7504,8.868,8.5632,8.7343,184100
2008-08-28,8.7504,8.7985,8.4829,8.5311,518900
2008-08-29,8.5097,8.7717,8.4936,8.7022,191900
2008-09-02,8.6969,8.852,8.6969,8.7824,151100
2008-09-03,8.7397,8.8841,8.6862,8.8199,218900
2008-09-04,8.7504,8.8199,8.6434,8.7076,263400
2008-09-05,8.7504,8.7504,8.4669,8.5899,271000
2008-09-08,8.7557,8.9269,8.6434,8.8413,268700
2008-09-09,8.7129,8.9108,8.6808,8.6808,321900
2008-09-10,8.6166,8.7717,8.5632,8.6487,461000
2008-09-11,8.6597,8.6761,8.2111,8.2986,460400
2008-09-12,8.2932,8.4737,8.222,8.3643,245100
2008-09-15,8.3643,8.4518,8.0962,8.3096,211400
2008-09-16,8.2056,8.4791,8.2056,8.4354,350100
2008-09-17,8.4956,8.501,8.2111,8.408,578600
2008-09-18,8.4135,8.9605,8.4135,8.9605,845100
2008-09-19,8.9824,9.0973,8.8621,9.0973,491000
2008-09-22,9.0262,9.1629,8.6214,8.687,337900
2008-09-23,8.6761,8.687,8.3807,8.4244,326300
2008-09-24,8.4463,8.4846,8.2384,8.2384,189300
2008-09-25,8.2932,8.3697,8.2658,8.315,410100
2008-09-26,8.315,8.3971,8.2056,8.3314,213400
2008-09-29,8.2275,8.4518,8.2275,8.3041,212300
2008-09-30,8.2877,8.5721,8.222,8.4573,345800
2008-10-01,8.4026,8.4791,8.2603,8.3861,262500
2008-10-02,8.3697,8.4244,8.2494,8.2932,251400
2008-10-03,8.2986,8.4846,8.2002,8.2002,219700
2008-10-06,8.1236,8.222,7.6094,7.9212,382000
2008-10-07,7.8993,8.0306,7.7406,7.7899,335400
2008-10-08,7.6859,7.8774,7.4398,7.4617,404900
2008-10-09,7.5328,7.7133,7.0021,7.1115,370200
2008-10-10,6.9201,7.4617,6.838,7.303,663900
2008-10-13,7.4288,8.14,7.4234,8.1072,179300
2008-10-14,8.1892,8.4518,8.1509,8.3369,461800
2008-10-15,8.2002,8.3479,7.6586,7.8883,294100
2008-10-16,7.9485,8.7472,7.861,8.7144,358700
2008-10-17,8.1455,8.6159,7.8555,7.8555,421000
2008-10-20,7.8172,8.1673,7.6641,8.1619,200300
2008-10-21,8.036,8.2603,7.9978,8.1017,157000
2008-10-22,8.0579,8.3424,7.8555,7.9376,239800
2008-10-23,7.9704,8.0907,7.6586,7.768,296500
2008-10-24,7.4234,7.7953,7.3468,7.5328,291500
2008-10-27,7.4507,7.6641,7.3249,7.3249,356800
2008-10-28,7.3085,7.7133,7.117,7.7133,435700
2008-10-29,7.6859,7.7571,7.5492,7.5711,212900
2008-10-30,7.7078,7.7735,7.3194,7.6586,358000
2008-10-31,7.5984,7.7899,7.4562,7.7899,373100
2008-11-03,7.7461,7.8227,7.6312,7.7188,170600
2008-11-04,7.7844,7.7953,7.4398,7.5875,257500
2008-11-05,7.582,7.7133,7.5328,7.5492,260300
2008-11-06,7.3851,7.4945,6.9474,7.1936,319700
2008-11-07,7.2483,7.2921,6.9967,7.1553,391100
2008-11-10,7.3194,7.4234,6.8982,7.0514,270600
2008-11-11,6.9693,7.0568,6.838,6.9201,174800
2008-11-12,6.8818,7.024,6.7943,6.7997,226200
2008-11-13,6.8107,6.9584,6.4551,6.9584,352800
2008-11-14,6.849,7.1061,6.7833,6.7943,226500
2008-11-17,6.7833,6.9037,6.6356,6.6411,219500
2008-11-18,6.6849,6.7231,6.291,6.4168,253400
2008-11-19,6.4059,6.4059,5.6509,5.6509,402200
2008-11-20,5.5579,5.5579,5.0601,5.093,363900
2008-11-21,5.2352,5.2461,4.7921,5.2461,471800
2008-11-24,5.3282,5.6564,5.3172,5.6072,307700
2008-11-25,5.6674,5.8479,5.6236,5.8479,283600
2008-11-26,5.8698,6.2363,5.7439,6.1816,329200
2008-11-28,6.1323,6.3621,6.0776,6.3621,122100
2008-12-01,6.291,6.3621,5.7986,5.8096,281000
2008-12-02,5.8588,6.0776,5.7439,6.0448,242700
2008-12-03,5.9081,6.198,5.8807,6.1433,208300
2008-12-04,6.0667,6.3894,5.9573,6.1105,187000
2008-12-05,6.0831,6.3676,5.826,6.3457,245900
2008-12-08,6.4223,6.6849,6.291,6.5864,236000
2008-12-09,6.559,6.838,6.373,6.4824,190000
2008-12-10,6.5481,6.7833,6.5098,6.7505,204500
2008-12-11,6.7505,6.7618,6.1476,6.2434,225000
2008-12-12,6.2039,6.7561,6.0631,6.6096,276900
2008-12-15,6.5871,6.7336,6.4518,6.5195,210100
2008-12-16,6.5702,6.7054,6.4293,6.6885,167800
2008-12-17,6.6153,6.7618,6.48,6.6153,124000
2008-12-18,6.5984,6.7449,6.48,6.6378,276400
2008-12-19,6.6829,6.9026,6.4575,6.6941,312200
2008-12-22,6.6322,6.7111,5.7475,5.9222,445100
2008-12-23,6.0123,6.0574,5.8715,5.9898,180200
2008-12-24,5.9785,6.0574,5.8208,5.8433,97200
2008-12-26,5.8884,6.0461,5.8038,6.0067,114300
2008-12-29,5.9842,6.0461,5.9391,5.9954,141500
2008-12-30,6.0292,6.1307,5.9954,6.0687,170100
2008-12-31,6.0461,6.2603,5.8884,6.2434,290700
2009-01-02,6.2039,6.373,6.1757,6.3448,101100
2009-01-05,6.3561,6.4349,6.2039,6.418,167900
2009-01-06,6.4462,6.7054,6.4293,6.5195,154900
2009-01-07,6.5082,6.5195,6.1983,6.2546,180400
2009-01-08,6.2603,6.2603,6.0856,6.2321,161700
2009-01-09,6.2039,6.2772,5.9109,5.9222,239000
2009-01-12,6.0067,6.0067,5.8038,5.8771,188200
2009-01-13,5.8771,5.9109,5.7813,5.8208,161600
2009-01-14,5.8038,5.8658,5.6404,5.7588,210300
2009-01-15,5.7813,5.9504,5.6404,5.9278,184000
2009-01-16,5.9785,5.9785,5.663,5.8208,170700
2009-01-20,5.7869,5.8208,5.6179,5.6179,199200
2009-01-21,5.6517,5.7926,5.6348,5.7926,206000
2009-01-22,5.7644,5.7644,5.6123,5.6404,151100
2009-01-23,5.601,5.7419,5.601,5.6855,154400
2009-01-26,5.6799,5.7813,5.5728,5.6517,132600
2009-01-27,5.5954,5.9391,5.5954,5.7644,166300
2009-01-28,5.7869,5.8433,5.7081,5.7475,478700
2009-01-29,5.7757,5.7757,5.4658,5.5897,385700
2009-01-30,5.5954,5.6573,5.4658,5.4883,281800
2009-02-02,5.3812,5.6292,5.2516,5.4658,339900
2009-02-03,5.4432,5.5503,5.3531,5.5277,204300
2009-02-04,5.5108,5.6461,5.4376,5.4432,215500
2009-02-05,5.4263,5.4263,5.1728,5.2742,386500
2009-02-06,5.2516,5.308,5.184,5.2122,472000
2009-02-09,5.1953,5.246,5.184,5.2122,392300
2009-02-10,5.2009,5.3249,5.0995,5.1389,169100
2009-02-11,5.1784,5.2967,5.0601,5.2066,274800
2009-02-12,5.1502,5.2573,5.0995,5.2347,263100
2009-02-13,5.2629,5.2967,5.1108,5.2066,411100
2009-02-17,5.0713,5.2798,5.0713,5.2178,260200
2009-02-18,5.246,5.4094,5.246,5.3474,271900
2009-02-19,5.3531,5.4601,5.2967,5.3362,237200
2009-02-20,5.2404,5.4939,5.2122,5.3756,284400
2009-02-23,5.3981,5.6461,5.2235,5.2516,833100
2009-02-24,5.4207,5.5165,5.2178,5.4827,234800
2009-02-25,5.3925,5.5785,5.2235,5.4489,396200
2009-02-26,5.477,5.7757,5.4714,5.5841,255100
2009-02-27,5.4714,5.5954,5.3812,5.4658,217300
2009-03-02,5.3925,5.4939,5.2291,5.2404,287000
2009-03-03,5.308,5.3474,5.0826,5.184,313200
2009-03-04,5.184,5.432,5.0882,5.3249,239100
2009-03-05,5.2291,5.3756,5.1615,5.1953,228700
2009-03-06,5.2573,5.3812,5.1108,5.37,417600
2009-03-09,5.3305,5.4601,5.184,5.246,294200
2009-03-10,5.3531,5.7757,5.3531,5.7531,465100
2009-03-11,5.8524,5.9868,5.6188,5.7415,440500
2009-03-12,5.7415,5.9108,5.6305,5.905,299600
2009-03-13,5.9517,6.1036,5.8992,6.0277,236500
2009-03-16,6.0335,6.3138,6.0335,6.0627,191600
2009-03-17,6.0452,6.4248,6.0452,6.4248,156000
2009-03-18,6.4015,6.5358,6.273,6.4365,206400
2009-03-19,6.4307,6.4832,6.1445,6.3314,139300
2009-03-20,6.3664,6.4015,6.0569,6.2613,283400
2009-03-23,6.308,6.8687,6.308,6.8687,289300
2009-03-24,6.7811,6.8687,6.5241,6.5708,177600
2009-03-25,6.6,7.0089,6.6,6.9622,222100
2009-03-26,7.0323,7.1374,6.9096,7.0556,258900
2009-03-27,6.9622,7.0089,6.8512,6.857,215200
2009-03-30,6.7227,6.822,6.5708,6.6935,177400
2009-03-31,6.7811,6.9446,6.7052,6.7402,175700
2009-04-01,6.6877,7.0439,6.5767,7.0031,183900
2009-04-02,7.0498,7.3593,6.9972,7.2776,301100
2009-04-03,7.2893,7.5871,7.1841,7.5696,246800
2009-04-06,7.5054,7.5054,6.9855,7.0439,331200
2009-04-07,6.9622,7.0848,6.7811,6.8687,188900
2009-04-08,6.933,6.9446,6.6409,6.711,282900
2009-04-09,6.8103,6.9388,6.7519,6.8395,148000
2009-04-13,6.822,6.8804,6.6293,6.7636,218900
2009-04-14,6.6935,6.7694,6.4365,6.5825,195000
2009-04-15,6.5592,6.5708,6.3723,6.4715,234500
2009-04-16,6.5008,6.5358,6.4015,6.5124,321400
2009-04-17,6.5358,6.5533,6.3197,6.419,247400
2009-04-20,6.3197,6.3781,6.0393,6.1036,209700
2009-04-21,6.1036,6.4131,6.0919,6.343,172200
2009-04-22,6.3138,6.4832,6.2671,6.3606,228400
2009-04-23,6.3606,6.454,6.2788,6.3956,233700
2009-04-24,6.3898,6.5475,6.2613,6.3898,196500
2009-04-27,6.2963,6.3547,6.1503,6.2029,185500
2009-04-28,6.1678,6.3664,6.1561,6.197,182900
2009-04-29,6.2262,6.4715,6.2262,6.3606,132600
2009-04-30,6.4015,6.4599,6.2496,6.2496,202400
2009-05-01,6.2496,6.454,6.2321,6.3138,221200
2009-05-04,6.3255,6.5942,6.3255,6.5942,167000
2009-05-05,6.5767,6.7227,6.4657,6.6993,171400
2009-05-06,6.7461,6.8687,6.7169,6.8454,219600
2009-05-07,7.0031,7.0031,6.3664,6.4248,335400
2009-05-08,6.5533,6.8045,6.53,6.8045,298100
2009-05-11,6.6993,6.6993,6.5066,6.5884,197700
2009-05-12,6.6059,6.6292,6.4715,6.5884,156000
2009-05-13,6.5241,6.6,6.4365,6.4482,147900
2009-05-14,6.454,6.6468,6.4482,6.6292,202900
2009-05-15,6.6292,6.711,6.5533,6.5942,109900
2009-05-18,6.6059,6.9271,6.565,6.9213,198000
2009-05-19,6.9154,6.9154,6.7169,6.8278,190100
2009-05-20,6.9154,6.968,6.8337,6.857,141800
2009-05-21,6.7928,6.968,6.7227,6.9563,161600
2009-05-22,6.9739,7.0031,6.8629,6.8862,95800
2009-05-26,6.8921,7.2308,6.857,7.2133,186500
2009-05-27,7.1783,7.1783,7.0381,7.1023,116500
2009-05-28,7.1549,7.1841,6.9505,7.1432,93700
2009-05-29,7.1608,7.2893,7.079,7.2893,125300
2009-06-01,7.3301,7.5521,7.3301,7.5346,171900
2009-06-02,7.4645,7.7098,7.4645,7.6105,224100
2009-06-03,7.5638,7.6339,7.5346,7.6339,223800
2009-06-04,7.6514,7.9434,7.6514,7.8792,159000
2009-06-05,7.9726,8.1478,7.8967,8.1128,196600
2009-06-08,8.1186,8.3231,8.0661,8.1887,190000
2009-06-09,8.2062,8.288,8.0836,8.0894,392800
2009-06-10,8.177,8.2004,8.0602,8.1829,233000
2009-06-11,8.2069,8.2908,8.093,8.105,144300
2009-06-12,8.069,8.1469,7.8772,8.1469,121400
2009-06-15,8.093,8.1229,7.7333,7.8292,168400
2009-06-16,7.8712,7.9371,7.3017,7.5534,329600
2009-06-17,7.5594,7.8112,7.5534,7.6194,136400
2009-06-18,7.6434,7.8052,7.5834,7.7213,100600
2009-06-19,7.7992,7.8831,7.4275,7.4455,237800
2009-06-22,7.4215,7.5115,7.3376,7.3376,114600
2009-06-23,7.4096,7.5115,7.2357,7.2837,93700
2009-06-24,7.3616,7.4935,7.2837,7.3196,132100
2009-06-25,7.2897,7.5594,7.2837,7.5414,138800
2009-06-26,7.4695,7.7573,7.3796,7.7213,392600
2009-06-29,7.7213,7.7932,7.5115,7.7033,151300
2009-06-30,7.7333,7.7812,7.3556,7.5295,378400
2009-07-01,7.6673,7.7932,7.5714,7.6374,126800
2009-07-02,7.4935,7.5354,7.2597,7.2597,104700
2009-07-06,7.3076,7.3736,7.1937,7.2837,102800
2009-07-07,7.2657,7.3376,7.1518,7.1638,114800
2009-07-08,7.1698,7.4455,7.1518,7.3856,169200
2009-07-09,7.4455,7.4455,7.3196,7.3676,98500
2009-07-10,7.3616,7.4215,7.2777,7.4156,83500
2009-07-13,7.4935,7.6913,7.4215,7.6074,143900
2009-07-14,7.6194,7.6913,7.5175,7.6673,73600
2009-07-15,7.7153,8.003,7.6733,7.9911,128100
2009-07-16,7.9731,8.1889,7.8712,8.1589,140900
2009-07-17,8.1469,8.2249,7.8951,8.015,188300
2009-07-20,8.033,8.1169,7.8412,8.069,115700
2009-07-21,8.093,8.1229,7.8891,8.009,106000
2009-07-22,7.9251,8.2069,7.9251,8.057,93000
2009-07-23,8.015,8.2129,7.9911,8.051,164900
2009-07-24,8.015,8.087,7.6853,7.9311,124900
2009-07-27,7.9371,8.009,7.7692,7.8712,92400
2009-07-28,7.7932,7.9431,7.7393,7.9191,180700
2009-07-29,7.8532,8.021,7.8532,7.9731,112800
2009-07-30,8.069,8.2009,7.9551,7.997,130900
2009-07-31,7.997,8.1169,7.8592,7.8712,94500
2009-08-03,7.9851,8.2249,7.8831,8.2249,202800
2009-08-04,8.1709,8.2368,7.9791,8.1649,181100
2009-08-05,8.2248,8.2248,7.9011,8.039,166800
2009-08-06,8.2968,8.3328,7.8891,8.1109,162200
2009-08-07,8.2368,8.7284,8.1589,8.6864,328400
2009-08-10,8.6145,9.142,8.5426,8.8303,372700
2009-08-11,8.6865,8.8663,8.3747,8.7344,277700
2009-08-12,8.8183,9.0282,8.6924,8.9023,249400
2009-08-13,8.9083,8.9742,8.6924,8.9083,192600
2009-08-14,8.6924,8.7944,8.5126,8.6145,179300
2009-08-17,8.4586,8.5486,8.3627,8.3747,220700
2009-08-18,8.4467,8.4766,8.3148,8.3747,176800
2009-08-19,8.2968,8.5246,8.2968,8.5006,108600
2009-08-20,8.4646,8.6924,8.3627,8.5426,116700
2009-08-21,8.6445,8.6745,8.5606,8.6025,185400
2009-08-24,8.6325,8.6625,8.3927,8.5006,175000
2009-08-25,8.5426,8.7224,8.4347,8.5905,233400
2009-08-26,8.5845,8.7644,8.5845,8.7164,132400
2009-08-27,8.7044,8.7584,8.5126,8.7284,73900
2009-08-28,8.7704,8.7824,8.4526,8.5845,139000
2009-08-31,8.5366,8.5965,8.4706,8.5486,140700
2009-09-01,8.5726,8.7524,8.2788,8.4407,335200
2009-09-02,8.4107,8.4287,8.2248,8.3088,364800
2009-09-03,8.3747,8.4467,8.1949,8.4407,196100
2009-09-04,8.3987,8.5965,8.3268,8.5785,110400
2009-09-08,8.6205,8.6924,8.5546,8.6565,102000
2009-09-09,8.6864,8.7224,8.5426,8.7104,233500
2009-09-10,8.7884,8.7884,8.6265,8.6984,242900
2009-09-11,8.6554,8.7169,8.5509,8.7107,191600
2009-09-14,8.6677,8.7599,8.5939,8.7292,109700
2009-09-15,8.7599,8.7599,8.6431,8.7538,114900
2009-09-16,8.7538,8.8275,8.6677,8.7661,122100
2009-09-17,8.7353,8.846,8.7169,8.7476,107700
2009-09-18,8.7722,8.7906,8.68,8.6861,289300
2009-09-21,8.637,8.7783,8.637,8.7476,95200
2009-09-22,8.7784,8.8091,8.723,8.7968,98200
2009-09-23,8.7906,8.8029,8.6616,8.6616,80500
2009-09-24,8.6554,8.7476,8.514,8.5263,132000
2009-09-25,8.5693,8.5939,8.471,8.4956,73700
2009-09-28,8.514,8.7046,8.514,8.637,100200
2009-09-29,8.6677,8.7046,8.6062,8.6247,95000
2009-09-30,8.6554,8.6677,8.5448,8.6124,138800
2009-10-01,8.5939,8.5939,8.3665,8.4218,175000
2009-10-02,8.3911,8.5017,8.2312,8.3357,193100
2009-10-05,8.3542,8.7169,8.305,8.471,147100
2009-10-06,8.5263,8.5878,8.3542,8.4218,125200
2009-10-07,8.4218,8.5017,8.4034,8.4894,73900
2009-10-08,8.5632,8.6062,8.4648,8.5755,143500
2009-10-09,8.5509,8.5755,8.3788,8.3911,102100
2009-10-12,8.4894,8.5202,8.3849,8.428,99000
2009-10-13,8.4218,8.4894,8.3603,8.4894,184300
2009-10-14,8.5632,8.5632,8.3357,8.4034,183200
2009-10-15,8.3419,8.3911,8.262,8.2927,259400
2009-10-16,8.2312,8.5017,8.2312,8.4648,163000
2009-10-19,8.5079,8.7046,8.4648,8.6923,199400
2009-10-20,8.7107,8.7107,8.5325,8.6738,142900
2009-10-21,8.6738,8.8521,8.6062,8.6247,153500
2009-10-22,8.6554,8.8275,8.6308,8.8152,130600
2009-10-23,8.8152,8.846,8.5448,8.6308,169300
2009-10-26,8.5878,8.7353,8.4894,8.5386,100000
2009-10-27,8.5755,8.7538,8.5202,8.6247,89500
2009-10-28,8.6124,8.6616,8.3603,8.3788,116800
2009-10-29,8.3849,8.4525,8.2989,8.428,97900
2009-10-30,8.3665,8.428,8.1144,8.1636,464500
2009-11-02,8.2558,8.3542,8.0468,8.305,299700
2009-11-03,8.2312,8.3665,8.1267,8.3112,194100
2009-11-04,8.3788,8.4833,8.2989,8.3235,157000
2009-11-05,8.3911,8.9197,8.3911,8.9197,346000
2009-11-06,8.8952,9.0673,8.846,8.932,285300
2009-11-09,9.0365,9.3685,8.9566,9.3623,323700
2009-11-10,9.3193,9.6943,9.3193,9.4054,272900
2009-11-11,9.4607,9.6943,9.4423,9.639,270800
2009-11-12,9.6267,9.6636,9.3869,9.3992,166900
2009-11-13,9.4669,9.6328,9.3439,9.5222,126600
2009-11-16,9.6082,9.8357,9.5037,9.8295,178600
2009-11-17,9.8295,9.8972,9.7189,9.805,182600
2009-11-18,9.7804,10.0201,9.7005,9.9955,204500
2009-11-19,10.0754,10.1246,9.8787,10.0631,291200
2009-11-20,10.0201,10.0201,9.7742,9.891,284000
2009-11-23,9.9525,10.0386,9.7373,9.7742,286700
2009-11-24,9.7988,9.8234,9.6513,9.7312,189600
2009-11-25,9.9525,9.9525,9.725,9.7619,210500
2009-11-27,9.6759,9.805,9.6759,9.7189,161100
2009-11-30,9.8787,9.891,9.6882,9.8787,261100
2009-12-01,9.9832,9.9832,9.7189,9.7496,347700
2009-12-02,9.7865,9.9463,9.7804,9.8787,163900
2009-12-03,9.9463,9.9955,9.8111,9.8172,181400
2009-12-04,9.9648,10.0816,9.8726,10.0754,176600
2009-12-07,10.1,10.1984,10.0324,10.1676,234100
2009-12-08,10.1615,10.1676,10.0754,10.1185,152300
2009-12-09,10.1185,10.1615,9.7804,10.0877,407500
2009-12-10,10.1369,10.1431,9.8664,9.9402,302600
2009-12-11,10.0534,10.0534,9.6258,9.9276,394700
2009-12-14,9.9968,10.0031,9.6887,9.7201,250700
2009-12-15,9.7516,9.7516,9.5127,9.5504,255400
2009-12-16,9.5567,9.7013,9.5252,9.5567,148300
2009-12-17,9.563,9.6007,9.2989,9.5881,381100
2009-12-18,9.651,9.7327,9.5567,9.695,281700
2009-12-21,9.7516,9.7893,9.5441,9.5692,148600
2009-12-22,9.5692,9.6133,9.4372,9.5692,149700
2009-12-23,9.6133,9.7201,9.5692,9.6824,170200
2009-12-24,9.739,9.7956,9.651,9.6824,79900
2009-12-28,9.7767,9.7893,9.5881,9.607,201900
2009-12-29,9.5944,9.8333,9.5944,9.7893,111400
2009-12-30,9.7956,9.8082,9.7327,9.8082,148700
2009-12-31,9.8333,9.8333,9.6384,9.6384,106000
2010-01-04,9.8019,9.8962,9.7579,9.8082,159800
2010-01-05,9.7956,10.1162,9.7264,10.0156,354600
2010-01-06,9.9779,10.1917,9.9779,10.0911,236600
2010-01-07,10.1288,10.2483,10.0282,10.2357,234500
2010-01-08,10.2294,10.2797,10.1854,10.2483,150900
2010-01-11,10.2986,10.33,10.0345,10.0471,224700
2010-01-12,10.0031,10.1414,9.9842,10.0408,135900
2010-01-13,10.0596,10.1602,10.0031,10.1099,123200
2010-01-14,10.154,10.1602,10.0597,10.0785,95100
2010-01-15,10.0848,10.1351,9.9213,10.0534,170000
2010-01-19,10.1162,10.2294,10.0534,10.1225,159400
2010-01-20,10.0974,10.242,9.9339,10.2168,160400
2010-01-21,10.2043,10.2168,9.9025,9.9591,200000
2010-01-22,9.9779,10.0094,9.8144,9.8773,186200
2010-01-25,10.0282,10.1791,10.0156,10.1225,202700
2010-01-26,10.0974,10.3426,10.0597,10.2734,291800
2010-01-27,10.2734,10.3614,10.2231,10.286,127300
2010-01-28,10.2986,10.3363,10.0659,10.1917,115300
2010-01-29,10.2546,10.3049,10.0597,10.0597,160900
2010-02-01,10.1665,10.2483,10.0785,10.1854,185300
2010-02-02,10.2483,10.3049,10.1477,10.2546,138400
2010-02-03,10.242,10.3111,10.1854,10.2671,217500
2010-02-04,10.2231,10.2483,9.9842,10.0219,161800
2010-02-05,10.1162,10.1603,9.9339,10.1225,260000
2010-02-08,10.1602,10.2231,10.0471,10.0597,149700
2010-02-09,10.1414,10.198,10.0345,10.0911,141800
2010-02-10,10.1162,10.2483,10.0408,10.2231,127400
2010-02-11,10.1288,10.2231,10.0031,10.1037,288000
2010-02-12,10.0345,10.1728,10.0282,10.1099,241100
2010-02-16,10.1728,10.2168,10.0534,10.1225,156700
2010-02-17,10.1288,10.2043,10.1225,10.1602,274100
2010-02-18,10.1288,10.3111,10.1162,10.2734,154700
2010-02-19,10.2797,10.3614,10.242,10.3363,114600
2010-02-22,10.374,10.3803,10.2231,10.2357,183100
2010-02-23,10.2357,10.3363,10.1917,10.2294,317500
2010-02-24,10.2734,10.33,10.2357,10.33,124500
2010-02-25,10.2797,10.6947,10.2483,10.6947,289600
2010-02-26,10.7135,10.7953,10.6192,10.7198,362200
2010-03-01,10.7701,11.0153,10.7387,10.965,464200
2010-03-02,11.0153,11.1599,10.965,11.1599,293600
2010-03-03,11.2102,11.2605,11.0342,11.1159,167200
2010-03-04,11.1788,11.1914,10.9336,11.0153,187900
2010-03-05,11.0405,11.3045,11.0405,11.2857,256900
2010-03-08,11.2982,11.3171,11.1536,11.2165,250300
2010-03-09,11.2165,11.3171,11.1662,11.2291,307800
2010-03-10,11.2857,11.3863,11.1285,11.3423,344800
2010-03-11,11.4641,11.4641,11.2973,11.4064,431000
2010-03-12,11.4128,11.4641,11.0407,11.0792,367300
2010-03-15,10.9958,11.246,10.9958,11.1306,257800
2010-03-16,11.1947,11.1947,11.0151,11.06,209100
2010-03-17,11.1049,11.1049,10.9766,10.983,121000
2010-03-18,11.0022,11.0343,10.9317,10.9766,138600
2010-03-19,11.0279,11.06,10.906,11.0279,399300
2010-03-22,10.9573,11.1113,10.906,11.0472,189600
2010-03-23,11.0664,11.1241,11.0022,11.06,279800
2010-03-24,11.0407,11.2268,11.0407,11.1562,242700
2010-03-25,11.1947,11.4513,11.1947,11.2653,278000
2010-03-26,11.3679,11.4128,11.2653,11.2909,234900
2010-03-29,11.4064,11.4064,11.0856,11.137,151900
2010-03-30,11.1755,11.2524,11.0856,11.1755,141800
2010-03-31,11.137,11.2524,11.0664,11.0985,202900
2010-04-01,11.1049,11.1947,10.906,10.9188,307000
2010-04-05,10.983,11.2011,10.9702,11.1819,147700
2010-04-06,11.1241,11.1947,11.0407,11.0664,172000
2010-04-07,11.0664,11.0664,10.9253,11.0215,238100
2010-04-08,11.0343,11.0407,10.9766,10.9766,133300
2010-04-09,10.983,11.06,10.9766,11.0343,163900
2010-04-12,11.0792,11.0792,10.983,11.0472,136500
2010-04-13,11.0215,11.2268,11.0215,11.214,139100
2010-04-14,11.2396,11.2974,11.1498,11.2653,173300
2010-04-15,11.2589,11.3872,11.2589,11.3294,111400
2010-04-16,11.323,11.4192,11.2268,11.2781,149600
2010-04-19,11.3166,11.3166,11.169,11.2653,121600
2010-04-20,11.2781,11.7079,11.2781,11.7079,342700
2010-04-21,11.7657,11.8683,11.6887,11.8683,224100
2010-04-22,11.8042,12.003,11.7464,11.9581,270900
2010-04-23,12.003,12.0287,11.8362,11.9774,330000
2010-04-26,11.9389,12.157,11.9389,12.1121,272800
2010-04-27,12.0608,12.1249,11.9004,12.0415,170800
2010-04-28,12.0287,12.1313,11.894,12.0159,208700
2010-04-29,12.0864,12.1313,11.8683,11.8683,165600
2010-04-30,11.8683,11.9838,11.6823,11.7079,176600
2010-05-03,11.7657,11.8491,11.6245,11.8042,170500
2010-05-04,11.6887,11.7272,11.3936,11.6887,180300
2010-05-05,11.5925,11.6759,11.3358,11.3551,167700
2010-05-06,11.323,11.5475,8.2501,10.3992,904000
2010-05-07,10.4826,10.7585,10.2581,10.5275,505400
2010-05-10,10.8804,11.2653,10.7649,10.8868,476800
2010-05-11,10.9188,11.2204,10.5083,11.0921,239200
2010-05-12,10.7777,10.8354,10.5339,10.5339,812000
2010-05-13,10.6045,10.9894,10.5532,10.8419,284700
2010-05-14,10.7905,10.906,10.6879,10.7649,199600
2010-05-17,10.7841,11.1113,10.72,11.0792,263400
2010-05-18,11.1755,11.2717,10.7905,10.8932,173100
2010-05-19,10.5981,10.7328,10.3158,10.5275,336800
2010-05-20,10.4569,10.4634,10.072,10.1811,375600
2010-05-21,10.0335,10.5211,9.8347,10.489,346800
2010-05-24,10.4954,10.6558,10.3351,10.3479,176300
2010-05-25,10.2517,10.2966,10.0592,10.2709,357500
2010-05-26,10.3286,10.6494,10.3286,10.4441,210700
2010-05-27,10.6173,10.8355,10.6173,10.8355,177100
2010-05-28,10.8354,10.8804,10.5917,10.6302,139500
2010-06-01,10.5019,10.906,10.5019,10.6815,316400
2010-06-02,10.7264,10.7649,10.5917,10.752,213400
2010-06-03,10.7392,11.0407,10.7007,10.7456,246100
2010-06-04,10.6237,10.643,10.4184,10.4505,286400
2010-06-07,10.5981,10.6173,10.3094,10.3222,198900
2010-06-08,10.38,10.4634,10.2132,10.2901,192900
2010-06-09,10.4056,10.6045,10.2709,10.3864,268100
2010-06-10,10.566,10.7264,10.5468,10.72,216000
2010-06-11,10.5823,10.838,10.5233,10.8118,141900
2010-06-14,10.9363,10.9363,10.5561,10.6806,483300
2010-06-15,10.6937,10.8577,10.6347,10.6478,220300
2010-06-16,10.6347,10.7593,10.5364,10.7396,254500
2010-06-17,10.7724,10.779,10.6085,10.6806,127500
2010-06-18,10.6544,10.8314,10.6544,10.8118,169600
2010-06-21,10.8118,10.8511,10.5626,10.6282,201600
2010-06-22,10.6544,10.8183,10.6347,10.6413,135700
2010-06-23,10.6347,10.72,10.5757,10.6216,149200
2010-06-24,10.5561,10.7134,10.5167,10.5233,119600
2010-06-25,10.5561,10.7921,10.5167,10.661,472400
2010-06-28,10.7003,10.7593,10.4905,10.5429,161800
2010-06-29,10.5036,10.5626,10.1102,10.2151,301000
2010-06-30,10.1823,10.4512,10.1758,10.202,120400
2010-07-01,10.2282,10.2282,9.8414,10.1364,253500
2010-07-02,10.2086,10.2807,10.025,10.0446,120200
2010-07-06,10.1692,10.3462,10.0709,10.1758,240300
2010-07-07,10.2413,10.5561,10.1954,10.5561,215300
2010-07-08,10.5298,10.7528,10.3921,10.4971,169600
2010-07-09,10.5102,10.6085,10.4577,10.5167,120000
2010-07-12,10.4905,10.5823,10.3594,10.3987,180700
2010-07-13,10.5429,10.7855,10.4839,10.7659,155900
2010-07-14,10.72,10.8249,10.6151,10.6741,89100
2010-07-15,10.7134,10.72,10.4446,10.5429,105700
2010-07-16,10.5102,10.5429,10.2938,10.3069,153700
2010-07-19,10.3069,10.4643,10.2872,10.4315,98600
2010-07-20,10.3594,10.5626,10.3463,10.5429,101400
2010-07-21,10.5692,10.6216,10.3266,10.3462,131800
2010-07-22,10.4708,10.5167,10.3921,10.4905,202700
2010-07-23,10.4905,10.7003,10.3659,10.6806,196800
2010-07-26,10.6872,10.7659,10.6413,10.7265,129600
2010-07-27,10.7528,10.7528,10.5233,10.5298,178700
2010-07-28,10.5298,10.72,10.5298,10.5888,144700
2010-07-29,10.6741,10.7331,10.4577,10.6216,112300
2010-07-30,10.5298,10.7331,10.4512,10.5167,183500
2010-08-02,10.6872,10.6872,10.497,10.6478,168600
2010-08-03,10.5757,10.7593,10.5036,10.7265,122900
2010-08-04,10.7462,10.8773,10.6937,10.8511,157300
2010-08-05,10.3266,10.5561,9.9135,10.2872,768900
2010-08-06,10.1954,10.261,9.9332,10.084,585400
2010-08-09,10.1627,10.1692,9.8348,9.8545,328800
2010-08-10,9.8217,9.8217,9.507,9.5988,404300
2010-08-11,9.4414,9.625,9.4414,9.5922,434800
2010-08-12,9.4546,9.5595,9.389,9.4414,283200
2010-08-13,9.4152,9.4546,9.2447,9.2644,249500
2010-08-16,9.212,9.2644,9.1464,9.1857,362800
2010-08-17,9.2906,9.2906,9.1464,9.2054,244300
2010-08-18,9.2251,9.4611,9.1661,9.3693,212900
2010-08-19,9.3562,9.3562,9.1464,9.1661,216500
2010-08-20,9.2382,9.2775,9.0808,9.212,242300
2010-08-23,9.2513,9.3955,9.0612,9.0808,242200
2010-08-24,9.0481,9.0808,8.9104,8.9104,315200
2010-08-25,8.9104,9.0939,8.8514,9.0677,216300
2010-08-26,9.1267,9.1595,9.0415,9.0677,212300
2010-08-27,9.153,9.33,8.9956,9.3103,229700
2010-08-30,9.3038,9.3103,9.1136,9.1136,221200
2010-08-31,9.1136,9.2775,9.0808,9.1923,322300
2010-09-01,9.2775,9.4021,9.2775,9.3562,251300
2010-09-02,9.3431,9.3759,9.1726,9.2579,222700
2010-09-03,9.3169,9.3693,9.2382,9.33,290200
2010-09-07,9.3693,9.4677,9.2906,9.3431,252300
2010-09-08,9.4021,9.4939,9.3103,9.3693,333200
2010-09-09,9.4349,9.4742,9.4021,9.4546,175500
2010-09-10,9.4742,9.5595,9.4611,9.5463,453300
2010-09-13,9.7413,9.748,9.2774,9.4186,446400
2010-09-14,9.3581,9.3783,9.2035,9.2237,405700
2010-09-15,9.1766,9.3312,9.1497,9.2774,203700
2010-09-16,9.2371,9.2909,9.1766,9.264,187300
2010-09-17,9.3312,9.3783,9.2169,9.3716,299700
2010-09-20,9.4119,9.5329,9.3379,9.4186,272700
2010-09-21,9.4388,9.4455,9.2842,9.2842,231000
2010-09-22,9.3043,9.385,9.1968,9.2035,228000
2010-09-23,9.1766,9.3917,9.1363,9.2573,220300
2010-09-24,9.3379,9.4052,9.2169,9.2976,278700
2010-09-27,9.3447,9.3648,9.2237,9.2438,157200
2010-09-28,9.3043,9.3111,9.1766,9.2842,251400
2010-09-29,9.2774,9.3581,9.2169,9.3447,152000
2010-09-30,9.385,9.3984,9.2707,9.3514,169500
2010-10-01,9.3984,9.3984,9.2842,9.3917,129000
2010-10-04,9.2371,9.2842,9.0421,9.1564,464200
2010-10-05,9.1631,9.2371,8.901,8.9413,579900
2010-10-06,8.9144,9.0825,8.9144,9.0623,293100
2010-10-07,9.1161,9.1631,9.0825,9.1161,149200
2010-10-08,9.1497,9.2573,9.0892,9.2304,206000
2010-10-11,9.2237,9.2707,9.1766,9.2237,139300
2010-10-12,9.1968,9.3043,9.1295,9.2707,174700
2010-10-13,9.3245,9.4119,9.264,9.3581,272100
2010-10-14,9.3783,9.4119,9.3245,9.385,261100
2010-10-15,9.4321,9.4321,9.2842,9.3581,193800
2010-10-18,9.3581,9.4186,9.3581,9.4186,157900
2010-10-19,9.3447,9.4321,9.2573,9.3043,169100
2010-10-20,9.3514,9.4052,9.2774,9.3178,136300
2010-10-21,9.3581,9.4388,9.264,9.3379,180500
2010-10-22,9.3581,9.4455,9.2774,9.4186,244600
2010-10-25,9.4455,9.4455,9.3379,9.3581,158500
2010-10-26,9.3447,9.4455,9.3447,9.4253,141700
2010-10-27,9.4119,9.4119,9.2707,9.3178,219700
2010-10-28,9.3648,9.3648,9.2035,9.2237,158000
2010-10-29,9.1833,9.3447,9.1833,9.3043,133700
2010-11-01,9.3648,9.4321,9.2573,9.3043,286100
2010-11-02,9.3783,9.4321,9.264,9.2774,243100
2010-11-03,9.3043,9.3245,9.143,9.1833,339900
2010-11-04,9.2909,9.506,9.2573,9.385,479000
2010-11-05,9.3783,9.4926,9.3447,9.459,360600
2010-11-08,9.4455,9.506,9.3917,9.4186,250800
2010-11-09,9.4119,9.506,9.2707,9.2707,356600
2010-11-10,9.2774,9.4052,9.2573,9.3783,332500
2010-11-11,9.3783,9.3984,9.2438,9.2573,361600
2010-11-12,9.2237,9.3379,9.143,9.1564,298500
2010-11-15,9.1766,9.2976,9.1766,9.2304,192700
2010-11-16,9.2035,9.2842,9.0825,9.143,282800
2010-11-17,9.1497,9.3111,9.1295,9.2573,193700
2010-11-18,9.3379,9.3716,9.2774,9.3043,184100
2010-11-19,9.3111,9.3312,9.2707,9.3043,137700
2010-11-22,9.2774,9.3716,9.2573,9.3379,153400
2010-11-23,9.264,9.3917,9.2505,9.3447,210000
2010-11-24,9.3917,9.4321,9.3447,9.4321,232200
2010-11-26,9.3716,9.4388,9.3581,9.4253,75100
2010-11-29,9.4253,9.506,9.3312,9.4253,200400
2010-11-30,9.3447,9.4724,9.3447,9.4253,230300
2010-12-01,9.5329,9.5329,9.3312,9.3648,296800
2010-12-02,9.3783,9.4455,9.3648,9.4119,236200
2010-12-03,9.3648,9.4388,9.3447,9.4119,350400
2010-12-06,9.4253,9.4388,9.3716,9.4119,238600
2010-12-07,9.506,9.6337,9.4253,9.5262,474100
2010-12-08,9.5262,9.6136,9.4791,9.58,254100
2010-12-09,9.6337,9.6741,9.58,9.6539,330300
2010-12-10,9.6808,10.0169,9.6808,9.9766,691200
2010-12-13,9.8112,9.9904,9.7148,9.8388,491500
2010-12-14,9.8526,9.9904,9.8181,9.9559,356600
2010-12-15,9.9146,9.949,9.763,9.8181,256600
2010-12-16,9.8112,9.8181,9.7492,9.7906,258700
2010-12-17,9.8181,9.8526,9.6666,9.8388,511900
2010-12-20,9.8526,9.9008,9.8044,9.8526,213000
2010-12-21,9.8664,9.9835,9.8526,9.9697,222100
2010-12-22,10.0317,10.1213,9.9697,9.9835,282100
2010-12-23,9.9835,10.0111,9.8733,9.8939,125400
2010-12-27,9.9008,10.0455,9.9008,9.9904,145700
2010-12-28,10.0111,10.0179,9.9215,9.9559,133100
2010-12-29,9.9628,10.0179,9.8526,9.887,204800
2010-12-30,9.8664,9.8733,9.7492,9.8457,257900
2010-12-31,9.7975,9.887,9.7975,9.8112,162700
2011-01-03,9.9077,9.9146,9.8112,9.8939,176800
2011-01-04,9.8939,9.9008,9.7355,9.7355,298300
2011-01-05,9.7355,9.8595,9.7217,9.8457,248300
2011-01-06,9.8733,9.887,9.7148,9.7148,234400
2011-01-07,9.7561,9.7906,9.6459,9.7906,272600
2011-01-10,9.7975,9.8181,9.6803,9.701,375500
2011-01-11,9.7355,9.7492,9.6252,9.6597,254200
2011-01-12,9.7837,9.9008,9.7148,9.7217,454600
2011-01-13,9.7492,9.7837,9.5977,9.6045,441900
2011-01-14,9.6459,9.7286,9.6321,9.6666,239500
2011-01-18,9.6735,9.7286,9.5632,9.5839,386000
2011-01-19,9.6114,9.6459,9.4461,9.453,317100
2011-01-20,9.4668,9.5977,9.4668,9.5288,221500
2011-01-21,9.5632,9.5839,9.2325,9.3014,432500
2011-01-24,8.3506,8.7502,7.9234,8.6193,1463500
2011-01-25,8.5573,8.6469,8.3713,8.4746,700700
2011-01-26,8.4746,8.5366,8.0957,8.1025,1082200
2011-01-27,8.075,8.3437,8.0268,8.3092,613900
2011-01-28,8.3575,8.3575,8.137,8.2472,362600
2011-01-31,8.2817,8.3644,8.1852,8.3024,316100
2011-02-01,8.2748,8.3299,8.1714,8.2886,323800
2011-02-02,8.3161,8.3644,8.2266,8.261,293300
2011-02-03,8.2128,8.3575,8.2128,8.3368,338300
2011-02-04,8.3713,8.3988,8.261,8.2817,400100
2011-02-07,8.3368,8.4539,8.323,8.4333,501200
2011-02-08,8.447,8.6606,8.447,8.6055,427000
2011-02-09,8.6469,8.6469,8.4815,8.5573,379900
2011-02-10,8.4815,8.5711,8.2679,8.3575,652400
2011-02-11,8.4057,8.4195,8.2679,8.3299,507500
2011-02-14,8.3713,8.4815,8.3506,8.4057,303000
2011-02-15,8.4402,8.5159,8.3713,8.385,406300
2011-02-16,8.4333,8.4746,8.385,8.4402,262600
2011-02-17,8.4402,8.4677,8.4057,8.4539,236400
2011-02-18,8.4608,8.5159,8.447,8.4953,254400
2011-02-22,8.5228,8.5228,8.4126,8.4195,326300
2011-02-23,8.4126,8.5159,8.4126,8.4815,268300
2011-02-24,8.4953,8.5504,8.447,8.5091,315400
2011-02-25,8.5642,8.7502,8.5642,8.7502,304100
2011-02-28,8.7984,8.9225,8.7915,8.8949,384100
2011-03-01,8.9776,8.9913,8.7984,8.8053,333200
2011-03-02,8.7915,8.9362,8.7915,8.9362,346800
2011-03-03,9.0258,9.1291,8.9569,9.0534,438600
2011-03-04,9.074,9.1291,9.0258,9.0809,405800
2011-03-07,9.1636,9.1774,9.0258,9.1223,519900
2011-03-08,9.1567,9.2256,9.1154,9.2256,351200
2011-03-09,9.2601,9.4668,9.2325,9.4254,448500
2011-03-10,9.4185,9.7148,9.3083,9.3565,993900
2011-03-11,9.222,9.314,8.946,8.9672,699700
2011-03-14,8.9177,8.946,8.7337,8.7974,446900
2011-03-15,8.6488,8.8469,8.5709,8.7054,594100
2011-03-16,8.7337,8.7691,8.5355,8.5355,519800
2011-03-17,8.578,8.67,8.4931,8.5001,476600
2011-03-18,8.5284,8.6205,8.4931,8.5001,505600
2011-03-21,8.6346,8.6417,8.486,8.5284,421600
2011-03-22,8.5638,8.5921,8.5284,8.5851,263700
2011-03-23,8.578,8.6417,8.5284,8.6134,189000
2011-03-24,8.67,8.7832,8.5992,8.7266,246200
2011-03-25,8.8399,8.9035,8.7054,8.8823,381400
2011-03-28,8.9389,9.1159,8.8894,9.0168,466700
2011-03-29,9.0239,9.0451,8.854,8.9036,337800
2011-03-30,8.9814,8.9885,8.8328,8.9036,326800
2011-03-31,8.9177,8.9531,8.854,8.8965,174200
2011-04-01,8.9319,8.946,8.8399,8.8611,232300
2011-04-04,8.9036,8.9036,8.6842,8.7195,419000
2011-04-05,8.7054,8.8611,8.6841,8.7903,327900
2011-04-06,8.8328,8.9814,8.8186,8.9531,251200
2011-04-07,8.9885,9.1513,8.9885,9.0522,337900
2011-04-08,9.0451,9.1371,8.8399,8.8469,365700
2011-04-11,8.8115,8.8328,8.486,8.4931,964500
2011-04-12,8.4506,8.5143,8.3373,8.3586,520300
2011-04-13,8.4223,8.4223,8.2029,8.2666,555000
2011-04-14,8.2312,8.2666,7.9835,8.0047,693100
2011-04-15,7.9764,8.1463,7.9198,7.9693,732200
2011-04-18,7.9268,8.0118,7.6367,8.0047,484500
2011-04-19,8.0472,8.0472,7.8632,7.8773,215800
2011-04-20,7.9198,8.0189,7.9198,7.9764,285000
2011-04-21,8.0189,8.0755,7.9835,8.0118,196800
2011-04-25,8.0542,8.125,7.9976,8.0967,213600
2011-04-26,8.1321,8.2241,8.0967,8.1604,210000
2011-04-27,8.1392,8.1887,7.9764,8.0118,356200
2011-04-28,8.033,8.1321,8.0259,8.0896,247800
2011-04-29,7.3819,7.7074,7.0705,7.4385,3087500
2011-05-02,7.396,7.7499,7.396,7.6154,948200
2011-05-03,7.5801,7.6508,7.4385,7.6084,756100
2011-05-04,7.5871,7.6791,7.5447,7.5659,723600
2011-05-05,7.5517,7.6791,7.4951,7.573,308600
2011-05-06,7.6084,7.7216,7.5659,7.5871,398600
2011-05-09,7.5871,7.5871,7.3748,7.4173,397400
2011-05-10,7.4243,7.4597,7.3253,7.4385,218100
2011-05-11,7.4031,7.4314,7.2545,7.2616,342100
2011-05-12,7.297,7.3253,7.1908,7.3111,351000
2011-05-13,7.2969,7.3182,7.2403,7.2899,151800
2011-05-16,7.2403,7.3465,7.2191,7.3182,239400
2011-05-17,7.2757,7.4173,7.2474,7.3182,377400
2011-05-18,7.3111,7.3253,7.1412,7.1979,435600
2011-05-19,7.1979,7.2969,7.1837,7.2616,404400
2011-05-20,7.2262,7.3253,7.1625,7.304,357700
2011-05-23,7.2262,7.2616,7.1625,7.1837,202200
2011-05-24,7.1979,7.2403,7.0775,7.0846,319000
2011-05-25,7.0775,7.1342,7.0775,7.0917,238300
2011-05-26,7.12,7.2332,7.0917,7.2191,192000
2011-05-27,7.2191,7.3677,7.212,7.3465,198700
2011-05-31,7.4102,7.4173,7.2474,7.3606,326000
2011-06-01,7.3182,7.3606,7.1837,7.1837,297200
2011-06-02,7.1837,7.2333,7.1483,7.1908,264400
2011-06-03,7.1554,7.212,7.0846,7.1908,186600
2011-06-06,7.1554,7.2474,6.9926,7.0422,354900
2011-06-07,7.0634,7.1342,7.0351,7.0846,157600
2011-06-08,7.0846,7.0988,6.8581,6.8652,305900
2011-06-09,6.8511,6.8723,6.6812,6.8157,271700
2011-06-10,6.8086,6.8086,6.6033,6.6458,312200
2011-06-13,6.6171,6.653,6.3662,6.5454,410400
2011-06-14,6.5598,6.7318,6.5383,6.6673,307000
2011-06-15,6.6458,6.6817,6.6028,6.6315,138800
2011-06-16,6.6315,6.8394,6.5956,6.8322,215500
2011-06-17,6.8967,6.9756,6.739,6.8609,703300
2011-06-20,6.8179,6.8967,6.8107,6.825,181500
2011-06-21,6.8466,6.8896,6.8035,6.825,139400
2011-06-22,6.8322,7.076,6.8107,6.9971,208400
2011-06-23,6.9469,6.9971,6.8466,6.9684,192500
2011-06-24,6.9613,6.9828,6.8824,6.9111,346400
2011-06-27,6.9039,7.0616,6.7964,6.8179,185100
2011-06-28,6.8466,6.9254,6.825,6.8896,229300
2011-06-29,6.8824,6.8967,6.7892,6.8179,229600
2011-06-30,6.8466,6.9541,6.8107,6.8322,170000
2011-07-01,6.8035,7.0329,6.8035,7.0258,189400
2011-07-05,6.9971,7.0258,6.825,6.9111,184900
2011-07-06,6.8752,7.0043,6.7749,6.9756,177500
2011-07-07,7.0114,7.1548,6.9828,7.119,210600
2011-07-08,7.0903,7.0903,6.9899,7.0545,127800
2011-07-11,7.0329,7.0975,6.9756,7.0043,226200
2011-07-12,6.9756,7.0616,6.9541,6.9899,170400
2011-07-13,7.0043,7.076,6.9756,7.0186,186000
2011-07-14,7.0043,7.076,6.9397,7.0114,179800
2011-07-15,7.0329,7.1333,6.9899,7.0616,234400
2011-07-18,7.0401,7.0975,6.9828,7.0616,273000
2011-07-19,7.1046,7.1692,7.0258,7.162,148100
2011-07-20,7.1692,7.2695,7.1118,7.2193,141500
2011-07-21,7.2337,7.4057,7.1907,7.3771,149100
2011-07-22,7.3484,7.3914,7.2767,7.3556,143200
2011-07-25,7.2982,7.3412,7.2337,7.2337,154400
2011-07-26,7.2193,7.3125,7.1548,7.2409,173300
2011-07-27,7.2193,7.2265,7.0903,7.1046,203300
2011-07-28,7.1261,7.1978,7.0616,7.0975,182100
2011-07-29,7.0401,7.2767,7.0114,7.2193,201300
2011-08-01,7.2767,7.2982,6.9756,7.0401,478400
2011-08-02,7.0043,7.1405,6.8896,6.9254,576300
2011-08-03,6.9182,6.9899,6.825,6.9039,298700
2011-08-04,6.8537,7.1692,6.8107,6.8107,432400
2011-08-05,6.8394,7.0903,6.7964,6.9111,327700
2011-08-08,6.8107,6.9111,6.6386,6.653,603300
2011-08-09,6.6673,7.0903,6.5813,7.0831,454600
2011-08-10,6.9899,7.0831,6.5239,6.5454,225500
2011-08-11,6.5956,6.9541,6.5526,6.8681,290400
2011-08-12,6.8967,6.9397,6.7175,6.7677,149300
2011-08-15,6.8537,6.8824,6.6458,6.782,153000
2011-08-16,6.7534,6.8394,6.7103,6.8107,127100
2011-08-17,6.825,6.8681,6.739,6.825,149500
2011-08-18,6.6315,6.739,6.4881,6.5168,213600
2011-08-19,6.4881,6.5168,6.273,6.3232,284100
2011-08-22,6.4522,6.5024,6.2228,6.3017,158700
2011-08-23,6.3232,6.4881,6.2372,6.4164,261400
2011-08-24,6.4164,6.6817,6.3447,6.653,190700
2011-08-25,6.696,6.782,6.4092,6.4451,137000
2011-08-26,6.4236,6.5598,6.3877,6.4953,95500
2011-08-29,6.567,6.8824,6.567,6.8752,239800
2011-08-30,6.825,6.9326,6.7103,6.8824,144800
2011-08-31,6.8896,6.9469,6.7892,6.8681,210300
2011-09-01,6.8824,6.9613,6.6673,6.696,175000
2011-09-02,6.5956,6.7103,6.4594,6.4809,192000
2011-09-06,6.3304,6.4021,6.273,6.3304,227600
2011-09-07,6.3806,6.7032,6.3806,6.6888,203900
2011-09-08,6.6745,6.7318,6.5454,6.5885,163900
2011-09-09,6.5526,6.5885,6.4307,6.5239,171600
2011-09-12,6.4379,6.5024,6.3375,6.4451,251900
2011-09-13,6.4959,6.6413,6.4523,6.5541,194000
2011-09-14,6.6049,6.743,6.4741,6.6485,173400
2011-09-15,6.6776,6.8084,6.6267,6.6703,114100
2011-09-16,6.6849,6.7866,6.5977,6.7648,168200
2011-09-19,6.6994,6.7575,6.5541,6.6558,78700
2011-09-20,6.6849,6.8011,6.5395,6.5395,97500
2011-09-21,6.5686,6.6558,6.4015,6.416,236400
2011-09-22,6.2998,6.5395,6.2998,6.4887,242500
2011-09-23,6.4741,6.6703,6.3724,6.6122,228600
2011-09-26,6.6849,6.7939,6.6267,6.743,226500
2011-09-27,6.8302,6.9755,6.7212,6.8374,260300
2011-09-28,6.8157,6.8447,6.6994,6.6994,181700
2011-09-29,6.8011,6.8302,6.6122,6.7503,174400
2011-09-30,6.6413,6.8229,6.4378,6.4741,289000
2011-10-03,6.416,6.6049,6.4087,6.4087,244100
2011-10-04,6.3579,6.9174,6.3216,6.881,321300
2011-10-05,6.852,6.9755,6.7648,6.9246,126400
2011-10-06,6.8883,7.0046,6.8084,6.99,152000
2011-10-07,6.99,7.0046,6.7067,6.7648,133100
2011-10-10,6.8302,7.0409,6.8084,7.0409,148400
2011-10-11,7.0118,7.1426,6.9755,7.1136,100900
2011-10-12,7.1354,7.2662,7.0627,7.179,161100
2011-10-13,7.1354,7.2662,7.0554,7.2662,70500
2011-10-14,7.2807,7.2807,7.1499,7.208,114000
2011-10-17,7.2008,7.2516,7.0409,7.0554,113000
2011-10-18,7.0554,7.3533,7.0191,7.3388,142900
2011-10-19,7.3025,7.426,7.2516,7.2952,135000
2011-10-20,7.317,7.3897,7.0918,7.2153,91000
2011-10-21,7.3243,7.7167,7.3243,7.7167,190400
2011-10-24,7.7021,7.8184,7.6295,7.7893,189200
2011-10-25,7.7239,7.753,7.5205,7.5495,143500
2011-10-26,7.6222,7.6876,7.3461,7.6367,113600
2011-10-27,7.7457,7.7966,7.6004,7.6513,241500
2011-10-28,7.6077,7.7748,7.4841,7.5568,155800
2011-10-31,7.4769,7.7312,7.3533,7.6367,109900
2011-11-01,7.4333,7.644,7.317,7.3533,134500
2011-11-02,7.4841,7.5568,7.3679,7.4914,113700
2011-11-03,7.317,7.7748,7.317,7.7457,197900
2011-11-04,7.7167,7.7748,7.6149,7.6876,122100
2011-11-07,7.6295,7.6731,7.4115,7.6004,82600
2011-11-08,7.6004,7.6731,7.4478,7.6513,104900
2011-11-09,7.4914,7.5641,7.3243,7.3388,120000
2011-11-10,7.4914,7.5205,7.3388,7.4042,88200
2011-11-11,7.4478,7.4841,7.3897,7.426,118100
2011-11-14,7.3606,7.3751,7.179,7.2589,140200
2011-11-15,7.2662,7.317,7.1644,7.2589,114300
2011-11-16,7.208,7.2952,7.1354,7.1354,134400
2011-11-17,7.1208,7.208,6.99,7.0264,120900
2011-11-18,7.0264,7.099,6.9174,6.9682,137600
2011-11-21,6.961,6.961,6.7503,6.7648,173200
2011-11-22,6.7939,6.881,6.6921,6.7212,116200
2011-11-23,6.6631,6.7575,6.5831,6.6703,192300
2011-11-25,6.6485,6.7648,6.634,6.6413,98700
2011-11-28,6.8447,6.9392,6.6195,6.7212,145500
2011-11-29,6.7212,6.8157,6.6049,6.6195,86200
2011-11-30,6.8157,7.0336,6.7793,6.99,195700
2011-12-01,6.9537,7.07,6.8084,6.9392,138700
2011-12-02,7.0336,7.2008,7.0046,7.179,138000
2011-12-05,7.2662,7.3315,7.1281,7.2516,133000
2011-12-06,7.2298,7.6149,7.179,7.535,234100
2011-12-07,7.4914,7.8474,7.3606,7.6513,487900
2011-12-08,7.6004,7.6004,7.3897,7.4405,175400
2011-12-09,7.4841,7.6513,7.426,7.6077,231600
2011-12-12,7.5277,7.5277,7.3025,7.3897,334900
2011-12-13,7.4411,7.5,7.2647,7.3014,172400
2011-12-14,7.2794,7.3161,7.1176,7.1323,166500
2011-12-15,7.1985,7.2279,7.0588,7.0882,136600
2011-12-16,7.1617,7.2206,6.897,7.022,319100
2011-12-19,7.0441,7.1691,6.8529,6.875,126900
2011-12-20,6.9706,7.1838,6.9338,7.1617,199300
2011-12-21,7.1103,7.1323,6.9779,7.0441,144500
2011-12-22,7.0367,7.1029,6.9191,6.9338,118800
2011-12-23,6.9338,6.9853,6.8309,6.9338,123600
2011-12-27,6.9117,6.9779,6.8529,6.8676,131500
2011-12-28,6.8456,6.8603,6.7279,6.7794,160100
2011-12-29,6.772,6.9117,6.7647,6.8603,192800
2011-12-30,6.8309,6.9044,6.7573,6.8529,202600
2012-01-03,6.9264,7.0588,6.9044,6.9559,174400
2012-01-04,6.9264,6.9853,6.8529,6.8676,150800
2012-01-05,6.8676,7.0294,6.8309,6.9853,136800
2012-01-06,7.0,7.1617,6.9191,7.0882,141500
2012-01-09,7.147,7.1544,6.9632,7.0073,104300
2012-01-10,7.0514,7.272,7.022,7.2353,155500
2012-01-11,7.2206,7.2573,7.0588,7.0956,169000
2012-01-12,7.0956,7.1691,7.0588,7.1691,83100
2012-01-13,7.1029,7.1544,6.9853,6.9926,87000
2012-01-17,7.0441,7.1691,6.9411,6.9559,114900
2012-01-18,6.9485,7.0514,6.9191,7.0514,84100
2012-01-19,7.0588,7.0588,6.9117,6.9411,95900
2012-01-20,6.9559,7.0809,6.8897,7.0735,118100
2012-01-23,7.0441,7.1544,7.0147,7.0441,119300
2012-01-24,7.022,7.1323,6.9926,7.0809,121700
2012-01-25,7.0882,7.1397,7.0441,7.0956,69100
2012-01-26,7.1323,7.1397,6.9853,7.0073,136600
2012-01-27,6.9853,7.147,6.9853,7.1397,84900
2012-01-30,7.1176,7.125,6.9485,6.9559,135000
2012-01-31,7.0809,7.0882,6.9264,6.9779,88800
2012-02-01,7.0294,7.147,6.8823,7.1176,167100
2012-02-02,7.125,7.1323,6.9853,7.1323,117600
2012-02-03,7.1911,7.3161,7.1911,7.2867,166300
2012-02-06,7.2647,7.3161,7.1691,7.1911,67900
2012-02-07,7.1617,7.2206,7.0809,7.1176,96300
2012-02-08,7.125,7.2279,7.0956,7.1764,75400
2012-02-09,7.2059,7.2059,7.1176,7.1691,168100
2012-02-10,7.0956,7.1617,7.0956,7.1397,75600
2012-02-13,7.1691,7.1985,7.0956,7.1691,127700
2012-02-14,7.1691,7.2206,7.0367,7.2132,320200
2012-02-15,7.2426,7.2426,7.1176,7.125,125600
2012-02-16,7.1544,7.1985,7.125,7.1544,106600
2012-02-17,7.1691,7.2206,7.125,7.125,129500
2012-02-21,7.1544,7.1691,6.9926,7.0294,241100
2012-02-22,7.0294,7.0956,6.9926,7.0294,436800
2012-02-23,6.9485,7.022,6.8529,6.9117,373100
2012-02-24,6.9117,6.9485,6.7279,6.7279,248000
2012-02-27,6.6838,6.7867,6.6323,6.6838,172600
2012-02-28,6.7059,6.9191,6.6544,6.8823,376800
2012-02-29,6.8823,6.9338,6.7132,6.7206,393600
2012-03-01,6.7279,6.9338,6.7206,6.875,261000
2012-03-02,6.8529,6.875,6.647,6.6544,174000
2012-03-05,6.6838,6.7206,6.6176,6.6617,308900
2012-03-06,6.6176,6.6691,6.5441,6.5514,189300
2012-03-07,6.4779,6.5294,6.4338,6.4632,296200
2012-03-08,6.522,6.5735,6.4485,6.522,245400
2012-03-09,6.5073,6.6764,6.5073,6.6323,395800
2012-03-12,6.6103,6.6544,6.522,6.625,261900
2012-03-13,6.692,6.692,6.543,6.6771,310400
2012-03-14,6.6846,6.7069,6.5877,6.6324,207600
2012-03-15,6.6399,6.6473,6.5281,6.5803,179400
2012-03-16,6.5654,6.5877,6.4834,6.5579,325100
2012-03-19,6.5728,6.5803,6.4983,6.5728,268500
2012-03-20,6.5206,6.5728,6.4759,6.4983,184000
2012-03-21,6.4983,6.5803,6.4759,6.543,400100
2012-03-22,6.4834,6.5579,6.461,6.5281,135600
2012-03-23,6.543,6.6026,6.4834,6.5505,220000
2012-03-26,6.5877,6.7219,6.5877,6.6995,313100
2012-03-27,6.7368,6.7442,6.6697,6.692,261200
2012-03-28,6.6697,6.7144,6.5952,6.6771,142100
2012-03-29,6.6622,6.6771,6.543,6.5877,252300
2012-03-30,6.6399,6.6473,6.5579,6.6101,233100
2012-04-02,6.6771,6.6771,6.543,6.6175,303000
2012-04-03,6.5803,6.6175,6.5057,6.5281,272400
2012-04-04,6.4834,6.5132,6.3716,6.3791,219000
2012-04-05,6.3716,6.3791,6.1629,6.2077,504600
2012-04-09,6.1406,6.1406,6.0512,6.1182,445000
2012-04-10,6.1108,6.1629,6.0735,6.1257,413400
2012-04-11,6.1853,6.1927,6.0735,6.1406,208200
2012-04-12,6.1257,6.148,6.0735,6.081,188800
2012-04-13,6.0735,6.0884,6.0213,6.0437,225900
2012-04-16,6.0437,6.0661,5.9766,5.9766,234100
2012-04-17,5.999,6.0959,5.999,6.0064,203100
2012-04-18,5.9915,6.0288,5.9245,5.9319,237700
2012-04-19,5.9394,5.9394,5.7903,5.835,295600
2012-04-20,5.8723,5.9617,5.7903,5.9543,367700
2012-04-23,5.8947,5.9543,5.8276,5.8947,280300
2012-04-24,5.8798,5.9096,5.8276,5.8723,325100
2012-04-25,5.9319,5.9617,5.8499,5.9021,302100
2012-04-26,5.8723,5.9394,5.8425,5.8872,244400
2012-04-27,5.8798,5.917,5.7903,5.9096,279300
2012-04-30,5.9021,5.917,5.8649,5.8723,211000
2012-05-01,5.8574,5.9245,5.7978,5.8499,294500
2012-05-02,5.7978,5.8499,5.7903,5.8425,189000
2012-05-03,6.2226,6.6399,6.081,6.6324,1036000
2012-05-04,6.6175,6.7293,6.5132,6.5206,507000
2012-05-07,6.4908,6.6473,6.4238,6.6399,336000
2012-05-08,6.5728,6.7368,6.5728,6.6697,250000
2012-05-09,6.6324,6.6995,6.5803,6.6548,247000
2012-05-10,6.6771,6.6771,6.543,6.5877,195500
2012-05-11,6.5728,6.625,6.5132,6.5505,197000
2012-05-14,6.5281,6.5356,6.461,6.4834,142600
2012-05-15,6.4834,6.6026,6.4834,6.5281,200000
2012-05-16,6.5355,6.5952,6.4536,6.4536,103000
2012-05-17,6.4387,6.4983,6.2524,6.2524,291000
2012-05-18,6.2449,6.3194,6.0959,6.1406,236200
2012-05-21,6.1033,6.1033,5.9692,6.0214,266900
2012-05-22,5.999,6.0586,5.9543,5.9841,181200
2012-05-23,5.9543,5.9841,5.8947,5.9543,205000
2012-05-24,5.9394,5.999,5.8947,5.9841,142300
2012-05-25,5.9692,5.9841,5.917,5.9468,85900
2012-05-29,5.9841,5.999,5.8872,5.9319,94200
2012-05-30,5.8947,5.9096,5.8127,5.8499,135500
2012-05-31,5.8872,5.9096,5.8127,5.8723,142500
2012-06-01,5.7903,5.835,5.6487,5.6935,211600
2012-06-04,5.7307,5.8127,5.6562,5.7978,161200
2012-06-05,5.7605,5.8574,5.7382,5.7382,106000
2012-06-06,5.7531,5.8052,5.6935,5.7829,117700
2012-06-07,5.8425,5.9319,5.835,5.8425,188800
2012-06-08,5.8127,5.9319,5.8127,5.8947,139100
2012-06-11,5.9543,5.9841,5.7531,5.7605,195900
2012-06-12,5.7605,5.8574,5.7382,5.8201,147000
2012-06-13,5.8277,5.8958,5.7596,5.7899,254000
2012-06-14,5.7747,5.8958,5.7218,5.8126,191400
2012-06-15,5.7974,5.8126,5.6612,5.6688,346200
2012-06-18,5.6461,5.7596,5.6309,5.7445,184100
2012-06-19,5.7445,5.8731,5.6763,5.8656,155000
2012-06-20,5.8656,5.9715,5.8126,5.8656,86400
2012-06-21,5.8428,5.9412,5.6915,5.752,255500
2012-06-22,5.7823,5.7823,5.699,5.7142,208400
2012-06-25,5.752,5.8428,5.7142,5.7899,110900
2012-06-26,5.7899,5.8428,5.6839,5.7672,113200
2012-06-27,5.7974,5.8353,5.7369,5.7974,92500
2012-06-28,5.7445,5.7823,5.6536,5.7672,159900
2012-06-29,5.8353,5.9412,5.7293,5.9185,161800
2012-07-02,5.9034,5.9337,5.7747,5.8883,139000
2012-07-03,5.8656,6.1002,5.8656,6.0926,242100
2012-07-05,6.0699,6.085,5.9715,5.9866,175800
2012-07-06,5.9034,5.9639,5.8883,5.911,84000
2012-07-09,5.8883,5.9261,5.8656,5.8883,132800
2012-07-10,5.8958,5.9564,5.7823,5.7974,91000
2012-07-11,5.805,5.9866,5.752,5.9488,153900
2012-07-12,5.9337,5.9337,5.7974,5.8353,124100
2012-07-13,5.8807,5.9866,5.8731,5.911,107300
2012-07-16,5.9185,5.9564,5.8277,5.8428,45200
2012-07-17,5.858,5.9261,5.7974,5.8731,124700
2012-07-18,5.9034,5.9564,5.8731,5.9034,146800
2012-07-19,5.911,5.9715,5.858,5.8731,129200
2012-07-20,5.8277,5.9337,5.8126,5.8656,97600
2012-07-23,5.805,5.8353,5.7293,5.7445,173200
2012-07-24,5.7899,5.8428,5.7218,5.7747,194800
2012-07-25,5.7596,5.8428,5.7596,5.7974,102300
2012-07-26,5.8353,5.8504,5.7823,5.7823,79200
2012-07-27,5.7747,5.9791,5.7747,5.9488,201200
2012-07-30,5.9261,6.0169,5.858,5.8958,113000
2012-07-31,5.8807,5.9639,5.8504,5.8656,189000
2012-08-01,5.8807,5.9564,5.7218,5.7218,283600
2012-08-02,5.7066,5.9261,5.7066,5.9185,267400
2012-08-03,5.9034,6.1229,5.8656,6.0699,320200
2012-08-06,6.0926,6.3953,6.0926,6.3651,165500
2012-08-07,6.3726,6.4332,6.2818,6.3802,154500
2012-08-08,6.3802,6.4029,6.2818,6.3726,137500
2012-08-09,6.3499,6.3953,6.3045,6.3878,106300
2012-08-10,6.3878,6.3878,6.297,6.3272,128400
2012-08-13,6.3424,6.4029,6.2894,6.4029,68200
2012-08-14,6.4332,6.4332,6.2894,6.3726,99900
2012-08-15,6.3499,6.4256,6.3197,6.3953,144800
2012-08-16,6.3802,6.418,6.3197,6.4029,85700
2012-08-17,6.3878,6.4937,6.3878,6.4786,80300
2012-08-20,6.4937,6.5316,6.4408,6.5089,108900
2012-08-21,6.5164,6.6375,6.4559,6.4862,136400
2012-08-22,6.4862,6.4862,6.1986,6.2061,115200
2012-08-23,6.2137,6.2137,6.0094,6.0548,171500
2012-08-24,6.0699,6.1683,6.0472,6.085,76000
2012-08-27,6.1077,6.244,6.085,6.244,119400
2012-08-28,6.244,6.4029,6.2137,6.3878,109800
2012-08-29,6.3726,6.4256,6.2591,6.3121,130600
2012-08-30,6.4408,6.6527,6.4256,6.4559,413000
2012-08-31,6.5089,6.7813,6.5089,6.7208,265300
2012-09-04,6.6754,6.7132,6.4786,6.6375,179000
2012-09-05,6.6148,6.6451,6.5467,6.5997,130600
2012-09-06,6.6224,6.6602,6.5846,6.6602,128400
2012-09-07,6.6375,6.6981,6.63,6.6981,93100
2012-09-10,6.6905,6.6981,6.5391,6.5618,162100
2012-09-11,6.5467,6.6451,6.5013,6.5316,168600
2012-09-12,6.6007,6.6467,6.57,6.6467,140100
2012-09-13,6.6928,6.8079,6.6083,6.7849,218800
2012-09-14,6.7925,6.877,6.6774,6.8309,158300
2012-09-17,6.8386,6.8386,6.8002,6.8156,139400
2012-09-18,6.8386,6.8386,6.7388,6.7849,139500
2012-09-19,6.7925,6.8079,6.6621,6.6851,217400
2012-09-20,6.6928,6.7618,6.6083,6.6851,152500
2012-09-21,6.7542,6.7772,6.6007,6.6007,247200
2012-09-24,6.5776,6.616,6.3627,6.4318,269900
2012-09-25,6.4548,6.5086,6.3397,6.3474,172200
2012-09-26,6.3397,6.4011,6.2015,6.2936,214500
2012-09-27,6.2936,6.3704,6.1785,6.286,170200
2012-09-28,6.2553,6.309,6.1708,6.1785,138200
2012-10-01,6.1939,6.3013,6.1401,6.1478,190400
2012-10-02,6.1478,6.2706,6.1401,6.2706,176300
2012-10-03,6.2553,6.2783,6.2092,6.2246,197900
2012-10-04,6.2246,6.309,6.1862,6.3013,165500
2012-10-05,6.3013,6.4241,6.2553,6.332,127800
2012-10-08,6.355,6.4395,6.2936,6.4241,98500
2012-10-09,6.4548,6.4548,6.3167,6.3627,152500
2012-10-10,6.3397,6.4395,6.3397,6.3934,108800
2012-10-11,6.4395,6.4395,6.3704,6.3934,114700
2012-10-12,6.4625,6.5085,6.2936,6.309,92900
2012-10-15,6.3397,6.3627,6.2706,6.355,110800
2012-10-16,6.3397,6.4548,6.3397,6.4395,87900
2012-10-17,6.5162,6.5162,6.4088,6.4164,88200
2012-10-18,6.4395,6.5085,6.2629,6.2706,128400
2012-10-19,6.2399,6.2553,6.1171,6.1862,145900
2012-10-22,6.1785,6.2476,6.1555,6.2399,158600
2012-10-23,6.2092,6.2399,6.1632,6.2246,140000
2012-10-24,6.2476,6.2706,6.1862,6.2322,77900
2012-10-25,6.2169,6.2706,6.1785,6.2476,184400
2012-10-26,6.2246,6.309,6.1478,6.2553,132500
2012-10-31,6.1478,6.2092,6.1478,6.2092,86000
2012-11-01,6.2322,6.8156,6.2322,6.7542,373500
2012-11-02,6.7311,6.7465,6.2706,6.332,323000
2012-11-05,6.332,6.3397,6.2169,6.2476,208700
2012-11-06,6.2476,6.332,6.2092,6.2629,213300
2012-11-07,6.2476,6.2476,6.1248,6.1632,198400
2012-11-08,6.1785,6.2399,6.1401,6.1401,182700
2012-11-09,6.1555,6.1939,6.1018,6.1478,119600
2012-11-12,6.1478,6.1785,6.002,6.0634,154600
2012-11-13,6.0327,6.0557,5.9943,6.025,69500
2012-11-14,6.0173,6.0711,5.8024,5.8101,177400
2012-11-15,5.7794,5.8485,5.7564,5.8255,137000
2012-11-16,5.8024,5.9483,5.7794,5.9176,145700
2012-11-19,5.9483,6.0787,5.9483,6.0404,99600
2012-11-20,6.0097,6.0787,5.9943,6.0787,78000
2012-11-21,6.0634,6.0864,5.979,6.0173,106200
2012-11-23,6.048,6.1171,6.002,6.1171,56300
2012-11-26,6.0787,6.2015,6.0404,6.2015,72800
2012-11-27,6.1708,6.2246,6.0787,6.0787,86300
2012-11-28,6.0327,6.2015,6.0097,6.2015,202300
2012-11-29,6.2629,6.286,6.1785,6.2015,114900
2012-11-30,6.2169,6.2169,6.1018,6.1939,164100
2012-12-03,6.2169,6.2169,6.1094,6.1401,94500
2012-12-04,6.1248,6.1785,6.0711,6.1478,81900
2012-12-05,6.1555,6.2322,6.1248,6.1862,88000
2012-12-06,6.1632,6.2399,6.1401,6.1939,143900
2012-12-07,6.2169,6.2399,6.1325,6.1478,125700
2012-12-10,6.1401,6.2169,6.1171,6.2015,78800
2012-12-11,6.2015,6.2553,6.1555,6.2399,142300
2012-12-12,6.2243,6.3412,6.2243,6.31,131800
2012-12-13,6.3022,6.349,6.2555,6.2945,96400
2012-12-14,6.2555,6.3256,6.2243,6.2555,87600
2012-12-17,6.2477,6.3256,6.2243,6.2945,124700
2012-12-18,6.31,6.3412,6.2789,6.3412,127800
2012-12-19,6.3256,6.3412,6.3022,6.3412,76900
2012-12-20,6.3256,6.3412,6.2243,6.2555,188900
2012-12-21,6.162,6.2321,6.162,6.2165,372400
2012-12-24,6.201,6.2321,6.162,6.1932,89500
2012-12-26,6.1698,6.2088,6.0841,6.1386,272000
2012-12-27,6.1464,6.1698,6.0452,6.0841,145800
2012-12-28,6.0452,6.0841,5.9828,6.014,240600
2012-12-31,5.9828,6.2088,5.9751,6.1464,234200
2013-01-02,6.2243,6.3178,6.1932,6.2555,197500
2013-01-03,6.2633,6.2944,6.2165,6.2477,116300
2013-01-04,6.2711,6.349,6.2711,6.3022,91500
2013-01-07,6.2477,6.3178,6.2321,6.2789,91500
2013-01-08,6.2555,6.2945,6.2399,6.2555,107300
2013-01-09,6.2399,6.2944,6.162,6.2633,146500
2013-01-10,6.2633,6.2867,6.2088,6.2399,82400
2013-01-11,6.2633,6.2711,6.1776,6.2555,71900
2013-01-14,6.2321,6.349,6.2321,6.2789,150300
2013-01-15,6.2633,6.31,6.2399,6.2477,169900
2013-01-16,6.2477,6.2945,6.2243,6.2789,146300
2013-01-17,6.31,6.4191,6.2789,6.3801,170900
2013-01-18,6.4113,6.4736,6.3957,6.4269,120900
2013-01-22,6.4113,6.458,6.3957,6.4269,136800
2013-01-23,6.4425,6.4658,6.4113,6.4658,93400
2013-01-24,6.4347,6.5048,6.4347,6.4658,67800
2013-01-25,6.5048,6.5048,6.458,6.5048,101500
2013-01-28,6.4814,6.5827,6.458,6.5515,127100
2013-01-29,6.5282,6.5905,6.5048,6.5515,93700
2013-01-30,6.5282,6.5905,6.5204,6.5671,109800
2013-01-31,6.5749,6.7463,6.5282,6.6684,189700
2013-02-01,6.6762,6.7463,6.6061,6.6762,146800
2013-02-04,6.6606,6.6762,6.6061,6.6216,114200
2013-02-05,6.6294,6.7073,6.6138,6.6294,66800
2013-02-06,6.5983,6.6762,6.5749,6.645,160100
2013-02-07,6.6606,6.6606,6.5204,6.5827,85200
2013-02-08,6.5671,6.6216,6.5048,6.6061,69500
2013-02-11,6.6216,6.6762,6.5749,6.6684,81200
2013-02-12,6.6528,6.6917,6.6138,6.6606,38800
2013-02-13,6.6372,6.7307,6.6372,6.7307,65700
2013-02-14,6.6995,6.7307,6.6684,6.7151,40400
2013-02-15,6.7463,6.7619,6.6762,6.7463,100700
2013-02-19,6.7852,6.8865,6.7774,6.8709,280400
2013-02-20,6.8709,6.8865,6.6294,6.6372,110200
2013-02-21,6.645,6.6762,6.5671,6.5905,114500
2013-02-22,6.645,6.7151,6.5983,6.6917,59100
2013-02-25,6.7073,6.7151,6.5593,6.5593,78300
2013-02-26,6.6061,6.6606,6.4814,6.5359,70500
2013-02-27,6.5437,6.6762,6.5048,6.6372,98000
2013-02-28,6.6138,6.6684,6.4347,6.4892,177500
2013-03-01,6.4035,6.7229,6.3879,6.684,138700
2013-03-04,6.6528,6.7229,6.5983,6.6995,118900
2013-03-05,6.7463,6.793,6.6917,6.793,180100
2013-03-06,6.8164,6.8553,6.7385,6.8398,86400
2013-03-07,6.8086,6.8709,6.6528,6.8086,128400
2013-03-08,6.8086,6.832,6.7774,6.832,85500
2013-03-11,6.8476,6.9332,6.8164,6.9177,144300
2013-03-12,6.9021,6.9021,6.6762,6.7619,179900
2013-03-13,6.7461,6.8093,6.6592,6.7224,150400
2013-03-14,6.7145,6.8014,6.6987,6.754,115000
2013-03-15,6.7224,6.8329,6.7145,6.754,177800
2013-03-18,6.6829,6.6908,6.6118,6.6355,85600
2013-03-19,6.6276,6.8567,6.6118,6.833,134800
2013-03-20,6.833,6.8646,6.7303,6.8014,178600
2013-03-21,6.7461,6.833,6.7461,6.8172,96200
2013-03-22,6.8251,6.8883,6.7935,6.8725,226600
2013-03-25,6.9119,6.9435,6.8093,6.8961,163100
2013-03-26,6.9119,6.9198,6.7698,6.8409,113600
2013-03-27,6.8093,6.9119,6.7619,6.8961,88800
2013-03-28,6.9119,6.9672,6.8725,6.9672,107700
2013-04-01,6.9198,6.9356,6.7619,6.9119,127200
2013-04-02,6.9356,6.9751,6.8882,6.9277,130300
2013-04-03,6.9198,7.0067,6.8961,6.9909,168800
2013-04-04,7.0146,7.0462,6.9672,7.0383,195100
2013-04-05,6.9277,6.9909,6.9119,6.9277,74100
2013-04-08,6.983,6.983,6.9198,6.9751,80100
2013-04-09,6.9988,6.9988,6.9277,6.9356,72500
2013-04-10,6.9198,7.0936,6.9198,7.0778,137500
2013-04-11,7.0778,7.2279,7.0462,7.1884,168500
2013-04-12,7.1884,7.2358,7.1015,7.1884,103700
2013-04-15,7.1331,7.1331,6.8961,6.904,131100
2013-04-16,6.9277,7.0067,6.8804,6.983,118400
2013-04-17,6.9514,7.0146,6.8567,6.9593,161100
2013-04-18,6.9514,7.0067,6.833,6.8567,130300
2013-04-19,6.8961,6.8961,6.8014,6.8488,128300
2013-04-22,6.8646,6.9514,6.7619,6.9514,134200
2013-04-23,6.9909,7.1173,6.9514,7.1173,130400
2013-04-24,7.0936,7.2121,7.0936,7.1805,121900
2013-04-25,7.1805,7.2911,7.1173,7.2279,112800
2013-04-26,7.2674,7.2674,7.1884,7.2437,63400
2013-04-29,7.2516,7.2516,7.141,7.2279,72100
2013-04-30,7.1884,7.2674,7.1884,7.2516,92600
2013-05-01,7.2042,7.2279,7.0857,7.1094,126600
2013-05-02,7.1094,7.299,7.062,7.2042,147800
2013-05-03,7.2911,7.4175,7.1805,7.3464,225200
2013-05-06,7.3148,7.3148,7.2042,7.2358,156500
2013-05-07,7.2516,7.299,7.22,7.2911,179000
2013-05-08,7.299,7.3464,7.2516,7.3464,130900
2013-05-09,7.3148,7.3464,7.2911,7.3385,66600
2013-05-10,7.3069,7.457,7.299,7.4175,120200
2013-05-13,7.3859,7.3859,7.2674,7.3306,131700
2013-05-14,7.3306,7.457,7.299,7.457,120700
2013-05-15,7.3622,7.3938,7.2042,7.2358,221200
2013-05-16,7.1963,7.2674,7.1489,7.2437,121500
2013-05-17,7.2516,7.3069,7.1647,7.3069,135300
2013-05-20,7.2674,7.2832,7.1963,7.2832,128400
2013-05-21,7.2595,7.299,7.1884,7.2358,102900
2013-05-22,7.22,7.2674,7.0778,7.141,148500
2013-05-23,7.1094,7.2437,7.1094,7.2358,78800
2013-05-24,7.22,7.3464,7.1331,7.3306,141800
2013-05-28,7.378,7.5044,7.3543,7.4886,220400
2013-05-29,7.4728,7.5992,7.4254,7.5202,190900
2013-05-30,7.5202,7.6466,7.5202,7.6387,161000
2013-05-31,7.6229,7.7651,7.615,7.694,170200
2013-06-03,7.7019,7.7651,7.5439,7.7651,318900
2013-06-04,7.7651,7.7809,7.6387,7.7493,134500
2013-06-05,7.7651,7.7967,7.615,7.615,103700
2013-06-06,7.6387,7.6782,7.5439,7.615,107500
2013-06-07,7.6782,7.7888,7.6229,7.7651,133200
2013-06-10,7.7967,7.8915,7.7335,7.8441,163500
2013-06-11,7.8125,7.8283,7.6545,7.7335,158400
2013-06-12,7.8055,7.8934,7.7335,7.7735,143400
2013-06-13,7.7255,7.9574,7.7095,7.9494,168500
2013-06-14,7.9174,7.9414,7.8774,7.9254,92100
2013-06-17,7.9814,8.0374,7.9094,7.9494,108000
2013-06-18,7.9814,8.0614,7.9574,8.0454,108800
2013-06-19,8.0214,8.0774,7.9574,7.9814,65900
2013-06-20,7.9014,8.0134,7.8215,7.8854,565000
2013-06-21,7.8854,8.0294,7.8374,7.8694,177500
2013-06-24,7.8374,7.8774,7.7175,7.8295,89700
2013-06-25,7.9174,7.9574,7.8135,7.9334,106000
2013-06-26,7.9974,7.9974,7.7975,7.8215,128100
2013-06-27,7.8454,7.9734,7.8135,7.9654,101300
2013-06-28,7.9734,8.2613,7.9654,8.2453,941600
2013-07-01,8.2213,8.3413,8.1653,8.2613,201000
2013-07-02,8.2613,8.3733,8.1653,8.2533,127900
2013-07-03,8.1653,8.3813,8.1653,8.3733,100200
2013-07-05,8.3973,8.4852,8.2933,8.4852,155500
2013-07-08,8.5172,8.5892,8.4692,8.5332,121400
2013-07-09,8.5412,8.5652,8.4692,8.5012,94800
2013-07-10,8.4852,8.5412,8.3973,8.5172,115100
2013-07-11,8.5972,8.7012,8.5412,8.6932,226900
2013-07-12,8.6852,8.8291,8.6532,8.8051,119000
2013-07-15,8.8531,8.9251,8.7412,8.9251,154400
2013-07-16,8.9411,9.0211,8.8531,8.9651,190100
2013-07-17,9.0211,9.061,8.8691,8.9251,72000
2013-07-18,8.9411,9.0211,8.9171,8.9571,59800
2013-07-19,8.9571,8.9571,8.9091,8.9251,107100
2013-07-22,8.9091,8.9251,8.7971,8.8451,99500
2013-07-23,8.8451,8.8931,8.7571,8.8051,97000
2013-07-24,8.8451,8.8451,8.6132,8.6372,133200
2013-07-25,8.6052,8.7172,8.5652,8.6932,113300
2013-07-26,8.6212,8.7012,8.5572,8.6692,66000
2013-07-29,8.6372,8.7252,8.5332,8.6132,71500
2013-07-30,8.6132,8.6452,8.4932,8.5572,94600
2013-07-31,8.5972,8.6692,8.4692,8.5092,140900
2013-08-01,8.5092,8.5572,8.1573,8.2613,498800
2013-08-02,8.2053,8.3253,8.1973,8.3173,207700
2013-08-05,8.2853,8.3653,8.2533,8.3653,175100
2013-08-06,8.3653,8.3733,8.2373,8.3093,102200
2013-08-07,8.2693,8.3413,8.2373,8.2533,137200
2013-08-08,8.2773,8.3413,8.1014,8.2293,195600
2013-08-09,8.1413,8.2693,8.0774,8.1573,192900
2013-08-12,8.1174,8.2213,8.0934,8.2133,92300
2013-08-13,8.2453,8.2693,8.1573,8.1893,56200
2013-08-14,8.1573,8.2053,8.0934,8.1174,144000
2013-08-15,8.0614,8.0934,7.9974,7.9974,157100
2013-08-16,7.9974,8.0374,7.9254,7.9254,118600
2013-08-19,7.9174,8.0054,7.8854,7.9174,116000
2013-08-20,7.9014,8.0214,7.8934,8.0054,111200
2013-08-21,7.9494,7.9974,7.9174,7.9334,74800
2013-08-22,7.9814,8.0614,7.9814,8.0454,60600
2013-08-23,8.0374,8.0854,7.9974,8.0614,75500
2013-08-26,8.0854,8.1493,8.0134,8.0294,78100
2013-08-27,7.9734,7.9734,7.8614,7.8614,131800
2013-08-28,7.8374,7.9254,7.7975,7.8215,80100
2013-08-29,7.8375,7.9334,7.8135,7.8614,47500
2013-08-30,7.8374,7.8534,7.7175,7.8135,116300
2013-09-03,7.8774,7.9814,7.8055,7.9174,146400
2013-09-04,8.0614,8.2053,7.9334,8.1573,238100
2013-09-05,8.1813,8.2373,8.1254,8.1893,102400
2013-09-06,8.1973,8.2293,7.9974,8.1573,121500
2013-09-09,8.1573,8.2373,8.1094,8.2053,76100
2013-09-10,8.2373,8.3093,8.1653,8.3013,180100
2013-09-11,8.3337,8.3337,8.1961,8.2204,64300
2013-09-12,8.1961,8.2608,8.1476,8.2042,48700
2013-09-13,8.2366,8.2447,8.1476,8.2204,50000
2013-09-16,8.1799,8.1799,7.8725,7.921,303600
2013-09-17,7.921,8.0262,7.8968,7.9534,121600
2013-09-18,7.9696,7.9858,7.8725,7.9372,90200
2013-09-19,7.9291,7.9372,7.8401,7.8887,82700
2013-09-20,7.8887,7.9777,7.8401,7.8482,199800
2013-09-23,7.8158,8.0019,7.7835,7.9777,255900
2013-09-24,7.9615,8.0909,7.9129,8.0586,125900
2013-09-25,8.0343,8.1961,7.9938,8.1314,102800
2013-09-26,8.1476,8.2204,8.1152,8.188,102200
2013-09-27,8.1233,8.2528,8.099,8.1476,154600
2013-09-30,8.0586,8.2528,8.0343,8.2285,122100
2013-10-01,8.2689,8.722,8.2123,8.7139,294100
2013-10-02,8.6492,8.8919,8.6492,8.8434,377300
2013-10-03,8.8029,8.8677,8.7544,8.8029,267300
2013-10-04,8.7787,8.8596,8.7544,8.8272,143700
2013-10-07,8.7463,8.8434,8.7463,8.811,146700
2013-10-08,8.7948,8.8353,8.6897,8.722,234900
2013-10-09,8.722,8.7625,8.6411,8.7382,154400
2013-10-10,8.8191,8.8353,8.7625,8.8191,242700
2013-10-11,8.8677,9.0214,8.811,8.9728,152100
2013-10-14,8.9,9.0214,8.7301,8.9971,99700
2013-10-15,8.9567,8.989,8.8919,8.9486,72000
2013-10-16,8.9567,9.1023,8.9567,9.0942,124500
2013-10-17,9.0861,9.345,9.0861,9.3288,177600
2013-10-18,9.3693,9.4098,9.2479,9.3288,99600
2013-10-21,9.3127,9.345,9.2318,9.2398,73900
2013-10-22,9.256,9.4098,9.256,9.3369,79600
2013-10-23,9.2965,9.4988,9.2722,9.4421,110500
2013-10-24,9.4259,9.6282,9.3936,9.5878,90400
2013-10-25,9.6201,9.6606,9.523,9.6363,84200
2013-10-28,9.6282,9.6444,9.5473,9.5878,84000
2013-10-29,9.5878,9.7496,9.5878,9.7496,110100
2013-10-30,9.7738,9.7819,9.5068,9.5797,138500
2013-10-31,9.7091,10.6315,9.612,10.4778,745100
2013-11-01,10.4454,10.769,10.2674,10.7286,438600
2013-11-04,10.6962,10.7286,10.4373,10.4858,227300
2013-11-05,10.4697,10.5506,10.2431,10.4778,191100
2013-11-06,10.5506,10.5506,10.235,10.2917,245500
2013-11-07,10.2998,10.3321,10.1703,10.2108,146200
2013-11-08,10.2674,10.6315,10.2512,10.4697,221500
2013-11-11,10.4858,10.6396,10.413,10.6234,128600
2013-11-12,10.5668,10.6153,10.4778,10.5587,114300
2013-11-13,10.502,10.7043,10.502,10.6881,109000
2013-11-14,10.7205,10.7286,10.591,10.68,85900
2013-11-15,10.6638,10.8176,10.6477,10.7771,115200
2013-11-18,10.8419,11.125,10.8014,11.0037,172000
2013-11-19,11.0279,11.1655,10.8095,10.8661,144000
2013-11-20,10.8823,11.5134,10.8176,11.4891,543400
2013-11-21,11.5296,11.6429,11.4082,11.6429,176800
2013-11-22,11.6509,11.7157,11.5377,11.6671,131400
2013-11-25,11.6752,12.015,11.6348,11.8451,225500
2013-11-26,11.8289,12.015,11.8128,11.9584,134200
2013-11-27,11.9341,12.2578,11.9099,12.2335,266500
2013-11-29,12.2335,12.4681,12.0555,12.3872,212300
2013-12-02,12.3791,12.5167,11.5458,11.6429,490400
2013-12-03,11.6186,11.8613,11.57,11.7966,205600
2013-12-04,11.7399,11.9584,11.4568,11.6186,146800
2013-12-05,11.5781,11.8128,11.4649,11.7238,191600
2013-12-06,11.8451,11.8532,11.5781,11.6914,151900
2013-12-09,11.6428,11.7318,11.3678,11.5538,195800
2013-12-10,11.5781,11.8128,11.5296,11.7966,250900
2013-12-11,11.7884,11.919,11.4539,11.56,242100
2013-12-12,11.5845,11.715,11.3968,11.666,153100
2013-12-13,11.6742,11.7721,11.6579,11.6742,104300
2013-12-16,11.6742,11.8455,11.5926,11.6905,198000
2013-12-17,11.6661,12.2861,11.6089,12.229,537500
2013-12-18,12.229,12.4003,12.2126,12.3269,292800
2013-12-19,12.3269,12.3595,12.1719,12.2861,224400
2013-12-20,12.3187,12.5798,12.3105,12.5634,462300
2013-12-23,12.5716,12.9632,12.539,12.8571,257600
2013-12-24,12.9387,13.1427,12.8571,12.9142,175100
2013-12-26,12.9958,13.3221,12.9387,13.2079,278200
2013-12-27,13.2569,13.2569,12.9142,13.1182,177900
2013-12-30,13.004,13.6729,13.004,13.5342,386600
2013-12-31,13.5016,13.8198,13.5016,13.5261,269400
2014-01-02,13.5016,13.5016,13.0203,13.0611,335700
2014-01-03,13.0529,13.2895,12.9061,12.9713,304700
2014-01-06,12.9713,12.9713,12.49,12.6287,343600
2014-01-07,12.694,12.9632,12.6205,12.9061,392400
2014-01-08,12.9469,13.2977,12.6858,13.2324,758800
2014-01-09,13.7871,13.7871,13.2161,13.5995,534500
2014-01-10,13.5669,14.0482,13.2406,13.8932,800500
2014-01-13,14.0727,14.0727,13.6648,13.7627,566600
2014-01-14,13.7627,14.448,13.6566,14.2766,1165600
2014-01-15,14.2603,15.174,14.0319,14.9701,1485300
2014-01-16,14.8722,15.5167,14.7335,15.5003,865600
2014-01-17,15.5085,16.7077,15.3617,15.949,1571000
2014-01-21,15.9817,16.2101,15.5656,15.998,664700
2014-01-22,16.0469,16.6996,15.9817,16.6262,1013900
2014-01-23,17.0014,17.0504,16.2835,16.928,907400
2014-01-24,16.8464,17.1728,16.6017,17.0014,771600
2014-01-27,17.0014,17.9315,16.8138,17.4664,1590400
2014-01-28,17.4012,17.9233,17.2217,17.9151,893200
2014-01-29,17.8172,17.858,17.3685,17.4828,766900
2014-01-30,18.0293,19.4815,17.9478,18.9431,1714100
2014-01-31,18.7228,20.2483,18.5188,19.7344,1864800
2014-02-03,19.8241,19.922,18.4699,19.6365,2116900
2014-02-04,19.6691,20.1423,18.633,18.7554,1571300
2014-02-05,18.5515,19.0981,17.7683,18.6494,1276600
2014-02-06,18.7065,18.9267,18.3149,18.5188,425500
2014-02-07,18.527,18.9512,18.2007,18.8778,763100
2014-02-10,18.8288,18.8288,17.9804,18.2088,741200
2014-02-11,18.2415,18.7228,17.9804,18.6575,509600
2014-02-12,18.6412,18.6983,18.3638,18.5759,305000
2014-02-13,18.5188,18.8044,18.3312,18.682,389100
2014-02-14,18.7554,19.1796,18.1354,19.1715,855500
2014-02-18,19.1715,20.1423,18.4291,18.9594,2734100
2014-02-19,18.9023,19.0573,18.527,18.7636,861600
2014-02-20,18.3475,20.3626,17.8662,20.1831,1532800
2014-02-21,20.1912,20.2239,19.4489,20.126,1084900
2014-02-24,20.1749,20.3544,19.5712,19.5712,894100
2014-02-25,19.5794,19.8404,19.2123,19.3428,634400
2014-02-26,19.3102,19.351,18.6983,18.7309,806500
2014-02-27,18.7473,19.1552,18.2333,18.5515,1305400
2014-02-28,18.6412,19.3836,18.5025,18.6983,1745000
2014-03-03,18.5841,19.0817,18.4373,18.9267,787500
2014-03-04,19.0736,21.6107,19.0491,21.4068,2794600
2014-03-05,21.3252,22.3776,21.1131,22.1084,1656300
2014-03-06,22.1329,24.4742,21.9452,24.3111,3393400
2014-03-07,24.4661,26.0243,23.8379,24.1805,4790500
2014-03-10,24.0337,24.6211,23.5116,24.5477,1186900
2014-03-11,24.5721,25.0535,23.9276,24.409,1015000
2014-03-12,24.2861,24.753,23.9011,24.3025,843100
2014-03-13,24.4253,26.1946,23.6144,24.368,2514100
2014-03-14,24.3352,25.482,24.2861,25.3427,1551900
2014-03-17,25.5065,25.5393,24.5728,24.8758,1410800
2014-03-18,24.8349,25.3263,24.4991,25.31,1022500
2014-03-19,25.2526,25.7932,25.0233,25.5065,1423100
2014-03-20,25.3919,25.9079,25.2281,25.7113,821800
2014-03-21,25.9161,25.9571,25.1462,25.2526,1529500
2014-03-24,25.3919,25.4164,24.2451,24.6137,873900
2014-03-25,24.6875,24.9414,23.68,24.3352,1140400
2014-03-26,24.4581,24.5318,22.435,22.5496,2638600
2014-03-27,22.435,22.435,21.5258,22.4022,1757600
2014-03-28,22.4513,23.2213,22.1565,22.5414,794500
2014-03-31,22.607,23.7127,22.5578,23.6554,1310600
2014-04-01,23.6554,24.8922,23.4588,24.2451,1909400
2014-04-02,24.3271,24.409,23.5407,23.7865,1324800
2014-04-03,23.9503,23.9503,22.9428,23.2704,1192800
2014-04-04,23.508,23.7455,22.3203,22.951,2059600
2014-04-07,22.1155,22.1483,17.7989,19.5763,8939800
2014-04-08,19.6255,19.6992,18.0528,18.1921,2989100
2014-04-09,18.2248,18.7326,18.1265,18.6344,1617000
2014-04-10,18.5688,18.6507,17.2665,17.2992,2031000
2014-04-11,16.9143,17.3811,16.0788,16.6194,2320700
2014-04-14,16.7177,17.0945,16.3327,16.3737,1200900
2014-04-15,16.6276,17.6514,16.3655,16.9962,2522000
2014-04-16,17.7661,18.0282,17.0535,17.9955,1402600
2014-04-17,18.02,18.061,17.4549,17.6678,943500
2014-04-21,17.5613,18.9948,17.373,18.6098,1930000
2014-04-22,18.7245,18.921,18.4542,18.5033,1205000
2014-04-23,18.3723,18.5934,18.0037,18.102,729000
2014-04-24,18.2412,18.3149,17.332,18.1921,762100
2014-04-25,18.061,18.061,15.743,16.6194,2495400
2014-04-28,16.7177,16.816,15.4153,15.9805,2022200
2014-04-29,15.9969,16.3409,15.8413,16.1771,652300
2014-04-30,16.0215,16.1771,15.6365,15.9723,753000
2014-05-01,16.3327,17.0863,16.046,16.6522,1161100
2014-05-02,16.6603,16.6767,14.973,15.4235,2263200
2014-05-05,15.3989,15.5873,14.9894,15.3252,1426900
2014-05-06,15.2269,15.6938,14.7846,14.842,1255300
2014-05-07,14.7601,14.8502,14.1867,14.6044,1381400
2014-05-08,14.6536,15.1532,14.1703,14.1867,1017800
2014-05-09,14.1867,14.6126,14.0392,14.1375,873000
2014-05-12,14.2113,14.9812,14.1294,14.9239,915900
2014-05-13,14.7519,15.1778,14.5635,15.0713,1175300
2014-05-14,15.1286,16.2999,14.4898,15.8494,4194300
2014-05-15,15.8413,16.9143,15.2187,16.3245,3230300
2014-05-16,8.6414,9.7718,8.6414,9.2312,40965100
2014-05-19,9.608,9.7554,8.8216,8.9773,14232500
2014-05-20,8.9773,9.0837,8.8052,8.9527,3760500
2014-05-21,8.9363,9.1329,8.6906,8.8872,3465900
2014-05-22,8.9609,9.0428,8.8052,8.8544,3171200
2014-05-23,8.8872,9.2967,8.8544,9.1493,3350500
2014-05-27,9.3295,9.5097,9.2476,9.2967,2012000
2014-05-28,9.4114,9.5015,9.2557,9.2639,1116600
2014-05-29,9.2967,9.5424,9.1247,9.2312,2179100
2014-05-30,9.2066,9.2885,9.0919,9.2394,682700
2014-06-02,9.2885,9.3131,9.0755,9.182,918400
2014-06-03,9.1165,9.1738,9.01,9.0264,930200
2014-06-04,8.9936,9.1329,8.9199,9.1083,814100
2014-06-05,9.1411,9.2885,9.051,9.1575,871200
2014-06-06,9.223,9.2557,9.0182,9.1575,660100
2014-06-09,9.1001,9.3295,9.0919,9.2312,758700
2014-06-10,9.223,9.2885,9.1165,9.2394,870000
2014-06-11,9.2394,9.3636,9.1897,9.3139,1109500
2014-06-12,9.2559,9.5126,9.2559,9.3801,1277000
2014-06-13,9.4795,9.5209,9.289,9.4381,856800
2014-06-16,9.3967,9.8023,9.3801,9.7195,2412900
2014-06-17,9.6533,10.1749,9.5871,10.0424,2488500
2014-06-18,10.0424,10.1004,9.6533,9.7278,1465400
2014-06-19,9.7527,9.8272,9.3718,9.6036,1342000
2014-06-20,9.7113,9.7361,9.3718,9.6533,1333000
2014-06-23,9.6119,9.8603,9.5209,9.8189,1186700
2014-06-24,9.8023,9.9017,9.6036,9.645,1047800
2014-06-25,9.6202,9.7941,9.5209,9.6947,1061900
2014-06-26,9.6782,9.7527,9.5209,9.5705,816100
2014-06-27,9.5622,9.6368,9.4132,9.5954,1527800
2014-06-30,9.645,9.8851,9.6036,9.8768,1328500
2014-07-01,9.9017,9.9762,9.6782,9.7278,907400
2014-07-02,9.7278,9.9431,9.7278,9.8272,725000
2014-07-03,9.852,9.9514,9.7941,9.9348,391300
2014-07-07,9.9017,10.0673,9.7775,9.8355,866700
2014-07-08,9.8437,9.8437,9.4463,9.6036,1121400
2014-07-09,9.6036,9.6285,9.4795,9.5871,811100
2014-07-10,9.4546,9.6864,9.4381,9.5374,576300
2014-07-11,9.5705,9.7858,9.5374,9.7527,728000
2014-07-14,9.8272,10.0673,9.7609,10.001,1200300
2014-07-15,9.9762,10.059,9.7858,9.8768,682700
2014-07-16,9.9348,10.0093,9.7941,9.8355,563700
2014-07-17,9.8023,10.7627,9.8023,10.4315,4617100
2014-07-18,10.4398,10.8289,10.3239,10.3901,1482900
2014-07-21,10.3488,10.4398,10.1418,10.3239,952700
2014-07-22,10.3322,10.6716,10.266,10.4812,2828700
2014-07-23,10.4812,10.5309,10.2825,10.4647,965100
2014-07-24,10.4481,10.6137,10.357,10.4481,784900
2014-07-25,10.3901,10.4315,10.1418,10.2577,809700
2014-07-28,10.2246,10.3156,10.0093,10.208,619100
2014-07-29,10.5723,10.6799,10.2246,10.3239,984500
2014-07-30,10.3239,10.5061,9.9017,10.0093,1919600
2014-07-31,10.1997,11.0939,10.1997,10.3322,4410900
2014-08-01,10.3736,10.8207,10.1832,10.7875,1592000
2014-08-04,10.8372,11.127,10.8372,11.1104,1161600
2014-08-05,11.0111,11.5823,10.9283,11.5658,1965100
2014-08-06,11.4747,12.1205,11.3671,11.6734,1599100
2014-08-07,11.7231,11.7645,11.2594,11.3257,929900
2014-08-08,11.3257,11.5078,11.2263,11.3836,833900
2014-08-11,11.425,11.7065,11.3091,11.3422,803400
2014-08-12,11.5078,11.632,11.276,11.3505,896800
2014-08-13,11.3919,11.5409,11.3588,11.4499,360400
2014-08-14,11.4664,11.5327,11.3422,11.5078,516200
2014-08-15,11.5906,11.6154,11.4002,11.4747,583600
2014-08-18,11.5161,11.7148,11.4416,11.6403,654900
2014-08-19,11.7065,11.9797,11.6817,11.9135,534100
2014-08-20,11.8555,12.3357,11.7645,12.0128,837200
2014-08-21,12.0377,12.0873,11.8638,11.9549,451500
2014-08-22,11.9714,12.1784,11.8141,12.1205,411000
2014-08-25,12.195,12.4102,12.137,12.3274,548100
2014-08-26,12.3688,12.4185,12.2115,12.2778,658000
2014-08-27,12.2529,12.3026,12.046,12.1205,454100
2014-08-28,12.0459,12.0542,11.8473,11.9797,647700
2014-08-29,11.9549,12.0542,11.9052,12.0377,297700
2014-09-02,12.0708,12.1619,11.7562,12.0956,575300
2014-09-03,12.1536,12.1536,11.8473,11.9714,535200
2014-09-04,11.9466,12.2115,11.8969,12.0956,402500
2014-09-05,12.0873,12.2198,11.988,12.2198,241500
2014-09-08,12.195,12.3771,12.1701,12.3357,311300
2014-09-09,12.2943,12.3605,12.0377,12.1039,381300
2014-09-10,12.0791,12.344,12.0459,12.2032,652100
2014-09-11,12.1866,12.8376,12.1866,12.6456,865400
2014-09-12,13.1465,13.255,12.5204,12.679,1867700
2014-09-15,12.6623,12.8627,12.4954,12.5288,1121200
2014-09-16,12.487,12.6373,12.3368,12.3535,1056900
2014-09-17,12.3618,12.5872,12.1031,12.2032,985300
2014-09-18,12.3702,12.5204,12.2867,12.5037,349900
2014-09-19,12.5121,12.6373,12.1281,12.2617,531200
2014-09-22,12.2032,12.2283,11.4103,11.427,693700
2014-09-23,11.3519,11.7358,11.1682,11.4938,839500
2014-09-24,11.4604,11.5939,11.1766,11.3769,529900
2014-09-25,11.3268,11.6106,11.21,11.5522,454300
2014-09-26,11.5939,11.9111,11.5522,11.836,416300
2014-09-29,11.6857,11.6857,11.4604,11.5188,678300
2014-09-30,11.4687,11.5772,11.3519,11.4938,762600
2014-10-01,11.4938,11.4938,11.1098,11.1599,785200
2014-10-02,11.1515,11.5271,11.018,11.5105,832100
2014-10-03,11.619,11.7692,11.5522,11.7525,551900
2014-10-06,11.7442,11.7776,11.5105,11.5438,669900
2014-10-07,11.4437,11.8527,11.3602,11.6106,528500
2014-10-08,11.619,11.9946,11.4353,11.9361,534700
2014-10-09,11.9361,12.053,11.5105,11.5355,785300
2014-10-10,11.4771,11.7024,11.2767,11.3185,409000
2014-10-13,11.2767,11.4353,11.1849,11.3602,734700
2014-10-14,11.3519,11.669,11.3519,11.5522,685300
2014-10-15,11.427,11.7609,11.21,11.7108,667300
2014-10-16,11.5188,11.9111,11.5021,11.6774,542700
2014-10-17,11.8443,11.8443,11.3101,11.4103,551500
2014-10-20,11.3185,12.1114,11.2517,12.0614,618700
2014-10-21,12.0613,12.2533,11.4437,11.5355,1272100
2014-10-22,11.5355,11.5438,10.6173,10.7175,1252900
2014-10-23,10.7926,11.1432,10.7425,11.1348,697500
2014-10-24,11.1181,11.3686,10.9846,11.0764,504400
2014-10-27,10.9762,11.3769,10.9762,11.2684,444200
2014-10-28,11.2684,11.4771,11.26,11.4687,540400
2014-10-29,11.4186,11.5856,10.9429,11.0764,958800
2014-10-30,10.8761,10.9929,10.0748,10.442,1988900
2014-10-31,10.5088,10.6006,10.2334,10.3085,856700
2014-11-03,10.3085,11.1849,10.3085,10.8844,1456500
2014-11-04,10.8594,11.4186,10.8093,11.1766,793100
2014-11-05,11.2767,11.2851,10.9011,10.9512,372500
2014-11-06,10.9512,11.235,10.9512,11.043,681800
2014-11-07,11.0096,11.1849,10.9512,11.0764,672700
2014-11-10,11.0597,11.1432,10.9095,10.9762,408900
2014-11-11,10.9178,11.2183,10.851,11.1015,553400
2014-11-12,11.0681,11.1515,10.6674,10.6758,2006300
2014-11-13,10.7091,10.7509,10.0581,10.1249,1424000
2014-11-14,10.0998,10.1582,9.816,9.9663,881000
2014-11-17,9.983,10.033,9.6574,9.7242,631700
2014-11-18,9.7659,10.1332,9.7659,9.9496,741400
2014-11-19,10.0915,10.2417,9.7659,9.7826,793900
2014-11-20,9.7659,9.9663,9.7409,9.8327,514300
2014-11-21,10.008,10.0163,9.7826,9.8828,727800
2014-11-24,9.9663,9.9746,9.6908,9.7409,877800
2014-11-25,9.7075,9.8578,9.5239,9.7075,630300
2014-11-26,9.7242,9.8077,9.6658,9.7492,328700
2014-11-28,9.6992,9.8494,9.5573,9.6073,488200
2014-12-01,9.624,9.6908,9.2234,9.2818,952900
2014-12-02,9.3319,9.7075,9.3069,9.6992,720200
2014-12-03,9.7242,10.008,9.6825,9.9162,718700
2014-12-04,9.8828,9.9496,9.5656,9.574,395700
2014-12-05,9.5406,9.8077,9.5406,9.791,374300
2014-12-08,9.7659,9.7659,9.3069,9.382,525100
2014-12-09,9.3069,9.5573,9.1149,9.5322,679200
2014-12-10,9.4988,9.7075,9.4154,9.6073,1378400
2014-12-11,9.4049,9.7845,9.3965,9.6073,990300
2014-12-12,9.523,9.5905,9.2193,9.4724,513200
2014-12-15,9.464,9.4893,9.0759,9.135,761900
2014-12-16,9.1856,9.388,9.0759,9.1856,536700
2014-12-17,9.2025,9.4218,9.1013,9.2953,437400
2014-12-18,9.388,9.4724,9.2784,9.3459,413100
2014-12-19,9.3965,9.8435,9.3121,9.6158,680800
2014-12-22,9.6158,9.9616,9.5989,9.9447,479200
2014-12-23,10.0291,10.3074,10.0038,10.0797,517900
2014-12-24,10.0881,10.4171,10.0797,10.2231,311900
2014-12-26,10.3159,10.5942,10.2484,10.5689,349000
2014-12-29,10.5352,10.7039,10.5268,10.6448,449300
2014-12-30,10.6448,10.7376,10.493,10.5352,416500
2014-12-31,10.5267,10.5774,10.3749,10.4087,446500
2015-01-02,10.4593,10.5099,9.9785,10.1472,477000
2015-01-05,10.105,10.2737,9.9532,9.9616,587100
2015-01-06,10.0291,10.2484,9.8941,9.9869,505000
2015-01-07,10.0291,10.0544,9.4049,9.5736,1077000
2015-01-08,9.6664,9.6917,9.3712,9.464,662000
2015-01-09,9.4555,9.4724,9.1097,9.2193,724600
2015-01-12,9.1687,9.3206,8.9663,9.1687,644500
2015-01-13,9.1856,9.3037,9.0085,9.1434,750900
2015-01-14,9.0506,9.1519,8.9157,9.0422,435500
2015-01-15,9.0422,9.1434,8.6373,8.6879,693500
2015-01-16,8.6458,8.8145,8.5952,8.6795,529400
2015-01-20,8.6458,8.6795,8.2831,8.4771,706100
2015-01-21,8.4096,8.5867,8.3674,8.5445,623600
2015-01-22,8.612,8.7386,8.5277,8.7386,580800
2015-01-23,8.7639,8.941,8.6626,8.8735,556100
2015-01-26,9.0422,9.0422,8.8145,8.8398,429100
2015-01-27,8.7723,10.8473,8.5867,10.5436,5147300
2015-01-28,10.4677,10.6111,9.6748,10.1978,1727800
2015-01-29,10.2062,10.5774,9.852,10.5183,993800
2015-01-30,10.434,10.687,10.1978,10.2147,656800
2015-02-02,10.2315,10.4087,9.9616,10.3834,423500
2015-02-03,10.3749,10.628,10.3327,10.4677,653500
2015-02-04,10.4424,10.7798,10.3918,10.5436,518100
2015-02-05,10.5099,10.9148,10.3243,10.7629,687500
2015-02-06,11.1003,11.4968,10.8304,11.1594,1058800
2015-02-09,11.0919,11.3196,10.9569,11.0413,346500
2015-02-10,11.075,11.1341,10.7207,11.075,539100
2015-02-11,11.0244,11.404,10.8641,11.2775,941700
2015-02-12,12.0197,12.374,11.3871,12.1125,1666600
2015-02-13,12.1378,14.3393,12.1125,13.9935,3248500
2015-02-17,14.0441,14.7358,13.9935,14.6345,1434500
2015-02-18,14.7105,14.8032,13.4368,13.479,1104000
2015-02-19,13.479,14.0441,13.4537,13.9344,581300
2015-02-20,13.9344,14.0525,13.5043,13.6392,526400
2015-02-23,13.6308,13.8585,13.3862,13.732,384600
2015-02-24,13.7826,14.2803,13.7573,14.0188,372900
2015-02-25,14.0694,14.508,13.8923,14.1453,400200
2015-02-26,14.1538,14.314,13.9935,14.1369,349600
2015-02-27,14.1031,14.255,13.8079,13.867,290900
2015-03-02,13.8501,14.7442,13.8501,14.5502,762600
2015-03-03,14.5502,15.1069,14.4321,14.5586,602600
2015-03-04,14.6092,14.9635,14.2634,14.4743,681900
2015-03-05,14.5502,14.6852,14.2465,14.4152,272200
2015-03-06,14.4405,14.643,14.2718,14.4827,276700
2015-03-09,14.4658,14.4743,13.9344,14.2465,330200
2015-03-10,14.1285,14.2128,13.926,14.0947,237100
2015-03-11,14.1712,14.2561,13.6869,13.8908,442600
2015-03-12,14.0437,14.6724,13.8738,14.5365,451200
2015-03-13,14.4261,14.511,14.0013,14.1712,406900
2015-03-16,14.2731,14.2731,13.9418,14.0437,258200
2015-03-17,13.9928,14.0013,13.4915,13.6529,571500
2015-03-18,13.6444,13.8228,13.449,13.466,609700
2015-03-19,13.449,13.8993,13.0922,13.8653,834200
2015-03-20,13.8908,14.2646,13.7294,14.0098,448900
2015-03-23,14.0098,14.3411,13.8738,14.0777,254800
2015-03-24,14.0352,14.2306,13.9928,14.0607,336700
2015-03-25,14.0098,14.0947,13.6274,13.6699,477500
2015-03-26,13.5935,14.2221,13.5595,13.8908,669800
2015-03-27,13.9673,14.3411,13.6869,14.0352,979300
2015-03-30,14.2561,14.8169,11.6819,11.9707,7008400
2015-03-31,11.9962,12.0812,11.6819,11.9028,1518800
2015-04-01,11.9113,11.9622,11.3845,11.5544,1306500
2015-04-02,11.6819,11.8178,11.393,11.6649,873700
2015-04-06,11.6649,11.7074,11.0532,11.3675,1126400
2015-04-07,11.3165,11.6139,11.1806,11.3845,1140200
2015-04-08,11.3845,11.7668,11.3845,11.7244,505800
2015-04-09,11.7583,11.8858,11.5459,11.6564,367300
2015-04-10,11.7498,11.8008,11.342,11.4015,397700
2015-04-13,11.3845,11.7923,11.3845,11.5884,554800
2015-04-14,11.6309,11.7923,11.427,11.512,445300
2015-04-15,11.5544,11.6649,11.3675,11.5629,511100
2015-04-16,11.495,11.9792,11.4865,11.9368,665300
2015-04-17,11.8348,11.8943,11.6309,11.7583,441800
2015-04-20,11.7838,12.0132,11.5714,11.9198,422400
2015-04-21,11.9877,12.1237,11.8773,12.0217,433700
2015-04-22,12.0217,12.1322,11.7328,12.0557,353600
2015-04-23,12.0047,12.472,11.9113,12.455,593500
2015-04-24,12.404,12.6504,12.1916,12.3021,439300
2015-04-27,12.3106,12.387,12.0472,12.1831,419700
2015-04-28,12.1916,12.2341,11.4525,11.8348,805600
2015-04-29,11.8773,12.3276,11.6564,12.2001,906100
2015-04-30,12.8628,13.1177,11.2571,11.4015,2374700
2015-05-01,11.6989,11.6989,11.3165,11.4695,745300
2015-05-04,11.495,11.7668,11.4015,11.6054,559800
2015-05-05,11.5544,11.7244,11.359,11.6054,319800
2015-05-06,11.6989,11.6989,11.2656,11.4185,290900
2015-05-07,11.3675,11.6394,11.1976,11.495,495600
2015-05-08,11.5799,11.6224,11.2826,11.3675,296600
2015-05-11,11.359,11.5799,11.2911,11.4185,236600
2015-05-12,11.359,11.6564,11.2061,11.5289,442800
2015-05-13,11.4865,11.7328,11.4865,11.6054,228100
2015-05-14,11.6224,11.8178,11.5205,11.6309,240300
2015-05-15,11.6479,11.8008,11.5884,11.6139,340500
2015-05-18,11.6139,11.9622,11.5969,11.8178,353200
2015-05-19,11.7753,11.8603,11.6054,11.7498,257300
2015-05-20,11.7074,11.7159,11.4865,11.6479,274900
2015-05-21,11.6479,11.7159,11.4695,11.6054,502900
2015-05-22,11.6139,11.6309,11.1721,11.4695,662100
2015-05-26,11.4355,11.7413,11.325,11.7159,387600
2015-05-27,11.7668,12.0472,11.6224,11.9283,425600
2015-05-28,11.9367,12.1831,11.8008,12.1491,226500
2015-05-29,12.1067,12.2341,11.9452,12.1491,301300
2015-06-01,12.2001,12.2086,11.5884,11.7753,580200
2015-06-02,11.6819,11.8008,11.6394,11.6989,435100
2015-06-03,11.7583,12.2596,11.7583,12.2511,363400
2015-06-04,12.1491,12.7439,12.0642,12.5739,754900
2015-06-05,12.5994,12.7354,12.4635,12.6419,438300
2015-06-08,12.557,13.2536,12.557,13.2196,715400
2015-06-09,13.2791,13.5,13.0412,13.3471,419400
2015-06-10,13.4405,13.7719,13.3726,13.568,569200
2015-06-11,13.4995,13.5508,13.1057,13.1571,284500
2015-06-12,13.0287,13.3625,12.7547,13.3197,307000
2015-06-15,13.2427,13.4139,13.0544,13.3796,187400
2015-06-16,13.3368,13.5936,13.2341,13.5337,323800
2015-06-17,13.9532,14.7065,13.8076,14.0816,969800
2015-06-18,14.1586,14.2956,13.9275,14.0473,449400
2015-06-19,14.1073,14.1073,13.8162,13.9703,296100
2015-06-22,13.9874,14.0388,13.7734,13.9104,325300
2015-06-23,13.9532,14.4925,13.9104,14.3555,496100
2015-06-24,14.3298,15.0061,14.2442,14.8263,617600
2015-06-25,14.852,15.2372,14.8092,15.0061,462400
2015-06-26,15.0061,15.1773,14.7835,14.9718,458800
2015-06-29,14.8349,14.8862,14.0388,14.073,501700
2015-06-30,14.1244,14.3298,13.9104,14.1244,668800
2015-07-01,14.2014,14.6209,14.1586,14.2528,703500
2015-07-02,14.2528,14.3469,13.8505,14.1501,340900
2015-07-06,13.996,14.3213,13.8333,13.9617,275200
2015-07-07,13.9532,14.0388,13.1999,13.3283,648100
2015-07-08,13.7563,13.9617,13.1828,13.2598,566900
2015-07-09,13.8333,14.5182,13.4909,14.2357,1007200
2015-07-10,14.3897,14.6209,13.8847,14.0901,377500
2015-07-13,14.1244,14.3298,13.8248,13.8847,300000
2015-07-14,14.0302,14.5524,13.9189,14.424,437100
2015-07-15,14.4753,14.9718,14.3812,14.5181,272600
2015-07-16,14.4839,14.7578,14.4839,14.6038,324200
2015-07-17,14.5695,14.6979,14.3555,14.4925,214100
2015-07-20,14.5353,14.5524,14.3555,14.4582,267200
2015-07-21,14.4668,14.9462,14.4069,14.7493,389900
2015-07-22,14.7407,15.1002,14.5866,15.0746,403400
2015-07-23,15.1773,15.3656,14.715,14.7493,335200
2015-07-24,14.8263,15.1002,14.2014,14.21,551000
2015-07-27,14.21,14.21,13.6707,13.7049,555100
2015-07-28,13.7135,14.1757,13.354,14.0645,360500
2015-07-29,14.0045,14.2014,13.6108,14.1073,461900
2015-07-30,15.5454,17.5485,15.5454,16.5726,3638800
2015-07-31,16.6068,17.1205,16.4356,16.7524,936200
2015-08-03,16.7267,17.3944,16.6753,17.266,914600
2015-08-04,17.3173,19.0893,17.3173,19.0294,1950200
2015-08-05,18.9951,19.757,18.9609,19.6971,1185000
2015-08-06,19.757,20.2278,18.0364,18.764,1245500
2015-08-07,18.5757,19.1492,18.3959,18.8068,514100
2015-08-10,19.0123,19.0208,18.1049,18.199,534100
2015-08-11,17.9251,18.1391,17.4372,17.8053,550600
2015-08-12,17.6598,17.9251,17.5827,17.8138,395800
2015-08-13,17.8138,18.1562,17.617,17.985,318300
2015-08-14,17.9422,18.4815,17.9337,18.2932,504000
2015-08-17,18.0706,18.4987,17.8738,18.3959,378600
2015-08-18,18.3189,18.4302,17.8823,18.1391,444200
2015-08-19,18.2846,18.687,17.9422,18.5671,470400
2015-08-20,18.2761,18.3531,17.7026,17.7625,505400
2015-08-21,17.5057,18.2675,17.1205,17.5827,770200
2015-08-24,16.6496,16.8636,16.2644,16.3586,986300
2015-08-25,16.8208,17.1205,16.5041,16.5555,387300
2015-08-26,16.9407,17.0605,16.3415,17.0092,322000
2015-08-27,17.1205,17.7197,17.0691,17.1205,470700
2015-08-28,17.0691,17.3088,16.5041,16.6839,487600
2015-08-31,16.8465,17.8481,16.6154,17.1718,916400
2015-09-01,16.9065,17.1205,14.8263,15.5967,3109400
2015-09-02,15.8107,16.1532,15.4084,16.1446,467100
2015-09-03,16.136,16.8294,15.9734,16.6411,504900
2015-09-04,16.3928,16.6668,15.8364,16.1189,379900
2015-09-08,16.41,17.0605,16.3415,16.7695,641000
2015-09-09,17.0006,17.0263,16.6496,16.6753,514200
2015-09-10,16.6668,17.0948,16.6154,16.7353,313000
2015-09-11,16.6061,17.1573,16.563,17.0712,356500
2015-09-14,17.0625,17.2176,16.7611,17.1659,321500
2015-09-15,17.2262,17.4846,16.3218,16.4855,634300
2015-09-16,16.4252,16.8472,16.1409,16.4079,561500
2015-09-17,16.3907,16.7955,16.3218,16.4079,546100
2015-09-18,16.2271,16.3649,15.6586,15.6844,811700
2015-09-21,15.9428,16.2701,15.5553,15.6414,769600
2015-09-22,15.5036,15.7275,15.2366,15.4002,470800
2015-09-23,15.4002,15.8137,14.9954,15.1591,384900
2015-09-24,15.004,15.2969,14.9179,15.2021,379400
2015-09-25,15.4174,15.495,14.737,14.7542,438600
2015-09-28,14.6423,14.7112,14.0824,14.2374,435400
2015-09-29,14.2805,14.5475,13.9102,14.3064,419500
2015-09-30,14.5647,14.6423,14.2116,14.5561,347900
2015-10-01,14.5389,14.9351,14.4097,14.7973,564300
2015-10-02,14.5734,14.9093,14.2891,14.9007,296700
2015-10-05,15.0729,15.5897,14.8576,15.4605,408600
2015-10-06,15.4174,15.6931,15.2969,15.4777,297200
2015-10-07,15.5122,16.3477,15.4174,16.1668,612000
2015-10-08,16.1668,16.8644,16.072,16.8386,459300
2015-10-09,16.7955,17.1487,16.6836,16.9592,345300
2015-10-12,17.0367,17.3726,16.8817,17.1745,330100
2015-10-13,17.0884,17.6655,16.985,17.3554,724200
2015-10-14,17.2865,17.3898,15.917,16.675,719500
2015-10-15,16.6663,17.1228,16.4079,17.0453,507600
2015-10-16,17.1401,17.3554,16.8386,16.8817,360600
2015-10-19,16.8558,17.1142,16.7266,17.0367,369500
2015-10-20,17.0281,17.5879,17.0023,17.4932,503400
2015-10-21,17.5793,17.5879,16.2788,16.3218,408500
2015-10-22,16.3735,16.8731,16.2701,16.5716,266000
2015-10-23,17.1315,18.3717,16.718,17.9325,795000
2015-10-26,17.9497,18.3717,17.8119,17.9239,521500
2015-10-27,17.898,18.0703,17.3985,17.5018,629400
2015-10-28,17.5879,17.7602,16.9075,17.1831,1156400
2015-10-29,16.3477,16.3477,14.8231,14.9782,1757000
2015-10-30,14.9523,15.5811,14.8318,15.3572,848600
2015-11-02,15.3055,15.4261,14.3925,14.7542,1208300
2015-11-03,14.8145,14.8145,14.2288,14.6078,503700
2015-11-04,14.6853,15.228,14.5734,15.116,864100
2015-11-05,15.116,15.2193,14.8318,15.0299,640200
2015-11-06,15.0901,15.3658,14.8404,15.0988,627000
2015-11-09,15.0471,15.3141,14.7026,14.7284,521400
2015-11-10,14.737,14.7542,14.2977,14.6423,444300
2015-11-11,14.5906,14.7973,14.3839,14.6853,267500
2015-11-12,14.5303,14.625,14.0393,14.1082,669900
2015-11-13,14.0738,14.6423,13.8929,14.1082,411200
2015-11-16,14.0738,14.4442,13.9015,14.4183,256700
2015-11-17,14.4786,14.7542,14.2288,14.3839,448800
2015-11-18,14.4097,15.0299,14.3408,15.0212,391500
2015-11-19,14.9782,14.9782,14.5217,14.7456,251100
2015-11-20,14.9265,14.9782,14.7542,14.8576,173700
2015-11-23,14.8662,14.9523,14.6939,14.8318,200000
2015-11-24,14.7026,14.7973,14.358,14.5131,389800
2015-11-25,14.5131,14.7973,14.4958,14.7284,180600
2015-11-27,14.7628,15.3916,14.5647,14.9696,307200
2015-11-30,14.6767,14.8404,14.4269,14.6337,828500
2015-12-01,14.7112,15.3916,14.5389,14.6853,3231300
2015-12-02,14.7628,15.1504,14.7026,15.0126,345900
2015-12-03,15.0557,15.159,14.7715,14.9179,296000
2015-12-04,14.9437,15.0557,14.7801,14.7973,371900
2015-12-07,14.7628,14.8576,14.358,14.4355,390600
2015-12-08,14.358,14.7198,14.2288,14.5131,305800
2015-12-09,14.5389,14.7542,14.2633,14.3925,468400
2015-12-10,14.3753,14.5217,13.8671,13.9188,550700
2015-12-11,13.7018,14.3787,13.4675,13.7712,592700
2015-12-14,13.7452,14.1444,13.7279,13.9622,295400
2015-12-15,14.0663,14.6997,13.9795,14.5002,354800
2015-12-16,14.6303,15.3419,14.6216,15.1597,481300
2015-12-17,15.1683,15.42,14.9254,15.1423,347700
2015-12-18,15.0989,15.3158,14.9254,14.9254,414100
2015-12-21,14.9427,15.0989,14.639,14.9774,296600
2015-12-22,15.0121,15.715,14.9774,15.472,368700
2015-12-23,15.5415,16.496,15.5415,16.0708,613900
2015-12-24,16.0534,16.4005,15.8886,16.2877,240000
2015-12-28,16.227,16.7129,15.7931,16.1836,442500
2015-12-29,16.2791,16.4873,16.0187,16.2357,332100
2015-12-30,16.1923,16.3224,15.7671,16.0881,487600
2015-12-31,16.0014,16.1749,15.472,15.4807,493300
2016-01-04,15.1336,15.8712,15.0208,15.2811,681200
2016-01-05,15.3506,15.4894,14.908,14.9514,356200
2016-01-06,14.7171,15.0989,14.4047,14.4655,533600
2016-01-07,14.3179,14.5696,14.1531,14.1617,545300
2016-01-08,14.2659,14.3266,13.8841,14.1444,600400
2016-01-11,14.2051,14.4394,14.075,14.2572,498600
2016-01-12,14.4741,14.6043,14.3093,14.5609,364600
2016-01-13,14.5609,14.908,13.6931,13.9708,445700
2016-01-14,14.613,14.9601,14.1097,14.6043,1472600
2016-01-15,14.0142,14.8039,14.0142,14.5783,798300
2016-01-19,14.7258,14.934,14.1617,14.396,1007800
2016-01-20,14.2138,14.4654,14.0142,14.344,5023400
2016-01-21,14.344,14.3613,13.7365,13.8407,1153100
2016-01-22,14.0663,14.5436,13.9882,14.5262,691200
2016-01-25,14.5002,15.3245,14.3787,15.0035,470000
2016-01-26,15.4373,15.984,15.3592,15.6196,920000
2016-01-27,15.6369,15.6369,14.7865,15.2464,543300
2016-01-28,15.4026,15.6543,15.2117,15.4634,446200
2016-01-29,15.5415,15.9493,15.3939,15.5328,692400
2016-02-01,15.2985,15.6196,14.9861,15.446,734100
2016-02-02,15.3419,15.3419,14.4654,14.8212,582500
2016-02-03,14.8907,14.9861,14.0142,14.4307,457700
2016-02-04,14.7258,14.8733,14.3093,14.7605,350400
2016-02-05,14.9427,14.9427,14.2138,14.3787,499900
2016-02-08,14.2398,14.4828,13.6758,14.3093,860000
2016-02-09,14.0576,14.8559,13.9969,14.2919,732000
2016-02-10,14.2398,14.3613,13.589,13.6671,1279900
2016-02-11,14.2745,14.2745,12.3221,12.9642,1760400
2016-02-12,12.756,13.1291,12.3828,12.7126,1015000
2016-02-16,13.025,13.5717,12.9382,13.3287,673300
2016-02-17,13.3808,13.6931,13.1725,13.4241,693100
2016-02-18,13.4502,13.5283,13.1725,13.2246,621000
2016-02-19,13.1812,13.4762,13.0163,13.32,369700
2016-02-22,13.4849,14.4394,13.3981,14.1878,944100
2016-02-23,14.2138,14.5435,14.1184,14.2572,390700
2016-02-24,14.0316,14.1964,13.7626,14.1704,510900
2016-02-25,14.1704,14.9254,14.1704,14.4307,402400
2016-02-26,14.4828,14.8126,14.396,14.5956,444300
2016-02-29,14.5783,14.882,14.4307,14.5088,370000
2016-03-01,14.5956,14.8299,14.4741,14.6216,535500
2016-03-02,14.6216,15.0295,14.5522,15.0208,846500
2016-03-03,15.0121,15.5935,14.9514,15.3506,555300
2016-03-04,15.3679,15.8712,15.177,15.2638,485300
2016-03-07,15.1683,15.6629,15.1423,15.6456,284700
2016-03-08,15.5415,16.2443,15.5415,15.6196,404800
2016-03-09,15.6803,16.3051,15.4113,15.4894,656200
2016-03-10,15.4981,15.5935,15.0989,15.1683,358100
2016-03-11,15.2732,15.6139,15.2208,15.5091,360500
2016-03-14,15.4916,15.7712,15.4567,15.6664,225500
2016-03-15,15.6576,15.6576,15.2732,15.5266,356200
2016-03-16,15.4305,15.7537,15.2907,15.6139,395400
2016-03-17,15.6052,16.5401,15.6052,16.3741,636600
2016-03-18,16.5052,16.5052,15.5178,15.7275,775500
2016-03-21,15.6489,15.8411,15.4654,15.5965,332400
2016-03-22,15.5965,15.6139,15.3343,15.3955,348300
2016-03-23,15.413,15.5528,15.0373,15.1596,628600
2016-03-24,15.1334,15.2557,14.8014,14.9586,425500
2016-03-28,15.0285,15.7188,15.0285,15.6314,522700
2016-03-29,15.8935,16.2955,15.7363,16.0246,749400
2016-03-30,16.0333,16.3042,15.3518,15.544,524400
2016-03-31,15.5703,15.7101,15.1509,15.4305,537400
2016-04-01,15.3256,15.4654,15.0111,15.1246,1038000
2016-04-04,15.4741,16.479,13.8927,14.4693,3228000
2016-04-05,14.2946,14.9324,13.98,14.6528,1027000
2016-04-06,14.6965,14.7227,14.0237,14.3732,558900
2016-04-07,14.3295,14.3732,13.8664,13.98,451000
2016-04-08,13.9713,14.2159,13.7354,14.1635,509200
2016-04-11,14.181,14.2946,13.6131,13.683,718900
2016-04-12,13.7529,14.1548,13.5868,14.1198,489500
2016-04-13,14.2072,14.2858,14.0325,14.2247,402100
2016-04-14,14.1635,14.2334,14.0761,14.1635,317500
2016-04-15,14.1985,14.2946,14.0849,14.2771,313400
2016-04-18,14.1024,14.4868,14.1024,14.3645,333100
2016-04-19,14.3645,14.6441,14.1286,14.2946,288600
2016-04-20,14.2771,14.8101,14.1985,14.6703,432200
2016-04-21,14.6703,14.7664,14.3645,14.4606,368600
2016-04-22,14.4606,14.7577,14.2509,14.7227,255100
2016-04-25,14.7577,14.7751,14.4781,14.6353,180800
2016-04-26,14.6965,14.9149,14.5567,14.9149,296500
2016-04-27,14.9499,15.0897,14.714,14.7402,340300
2016-04-28,14.7227,15.5528,14.5742,14.9062,602200
2016-04-29,14.7489,15.0635,14.4781,14.5392,483000
2016-05-02,14.5392,15.5178,14.5392,15.3868,654000
2016-05-03,15.1945,15.4741,14.7227,14.7577,451200
2016-05-04,14.7926,15.0722,14.4606,14.5567,316500
2016-05-05,14.7052,14.8538,14.5742,14.679,335700
2016-05-06,14.679,15.0635,14.4868,14.9674,421300
2016-05-09,14.9586,15.0285,14.679,14.9062,352000
2016-05-10,15.7275,15.946,14.7926,15.2295,969100
2016-05-11,15.413,16.444,15.413,15.7974,808300
2016-05-12,15.8149,15.9984,15.2033,15.544,606900
2016-05-13,15.544,16.077,15.544,15.6664,271200
2016-05-16,15.745,15.8236,15.4392,15.6489,292500
2016-05-17,14.8713,15.247,14.5305,14.9149,2272200
2016-05-18,14.7489,15.1683,14.7489,15.0023,567400
2016-05-19,14.9149,15.3518,14.7664,14.8188,524600
2016-05-20,14.8975,14.9936,14.6616,14.88,482800
2016-05-23,14.8975,14.9674,14.5043,14.5392,457600
2016-05-24,14.6266,15.0373,14.6266,14.9586,455100
2016-05-25,14.9324,15.1771,14.9062,15.1159,249900
2016-05-26,15.212,15.6139,15.212,15.2295,454000
2016-05-27,15.1858,15.3606,14.9761,15.2994,257800
2016-05-31,15.2907,15.5353,15.2644,15.3518,303100
2016-06-01,15.2644,15.5266,15.2033,15.4829,207600
2016-06-02,15.3693,15.6052,15.2994,15.544,205400
2016-06-03,15.5353,15.5965,15.3693,15.4479,156000
2016-06-06,15.4479,15.6664,15.3955,15.5528,357800
2016-06-07,15.5528,15.9722,15.378,15.6926,389300
2016-06-08,15.7625,15.8673,15.6314,15.7625,290800
2016-06-09,15.6314,15.7712,15.5266,15.6489,250300
2016-06-10,15.4741,15.6402,15.2907,15.3693,257100
2016-06-13,15.2725,15.4925,15.1933,15.3429,283100
2016-06-14,15.3429,15.73,15.2813,15.4837,575500
2016-06-15,15.4309,15.7388,15.3957,15.6684,309300
2016-06-16,16.0819,16.7065,16.0467,16.3194,866400
2016-06-17,16.381,16.5834,16.1259,16.3282,522600
2016-06-20,16.3282,17.3487,16.2666,16.6097,760500
2016-06-21,16.7065,16.8913,16.3546,16.4162,337800
2016-06-22,16.469,16.7329,16.2578,16.2842,418700
2016-06-23,16.4778,16.7945,16.381,16.7769,297800
2016-06-24,15.9147,16.2666,15.8444,15.9939,1045200
2016-06-27,15.7652,15.9323,15.554,15.6068,349800
2016-06-28,15.7036,15.8004,15.3957,15.6156,560200
2016-06-29,15.6156,15.9675,15.5804,15.8971,381400
2016-06-30,16.0115,16.5833,15.9235,16.1963,486300
2016-07-01,16.2578,16.469,15.8092,15.9411,302300
2016-07-05,15.862,15.9587,15.6596,15.8004,347000
2016-07-06,15.8971,16.8033,15.8532,16.6361,974800
2016-07-07,16.6097,17.0584,16.5482,16.8737,433200
2016-07-08,17.0232,17.4191,16.9529,17.164,342100
2016-07-11,17.2872,18.1493,17.1992,17.9998,963300
2016-07-12,18.2989,18.642,17.6567,17.6742,575300
2016-07-13,17.7006,17.8942,17.5775,17.6654,608800
2016-07-14,17.815,17.903,17.5951,17.5951,222700
2016-07-15,17.7446,17.7534,17.4719,17.6479,261700
2016-07-18,17.6391,17.9382,17.4279,17.7446,472400
2016-07-19,17.5951,17.6918,17.032,17.3136,476500
2016-07-20,17.4015,17.6654,17.2432,17.6567,342600
2016-07-21,17.6391,17.8678,17.5951,17.683,276000
2016-07-22,17.6654,17.7182,17.2872,17.4719,409200
2016-07-25,17.4719,17.727,17.4191,17.4807,289300
2016-07-26,17.5247,17.6479,17.3487,17.4279,255100
2016-07-27,17.3487,17.4631,17.0408,17.3663,505800
2016-07-28,17.2256,17.9294,16.8121,17.3751,719700
2016-07-29,17.3047,17.5335,17.2256,17.3751,453100
2016-08-01,17.3751,17.3839,16.9792,17.0672,437000
2016-08-02,17.0848,17.1376,16.8121,16.8913,370900
2016-08-03,16.7681,17.208,16.6009,17.1992,379300
2016-08-04,17.1376,17.3223,17.0496,17.2872,234100
2016-08-05,17.3048,17.4895,17.252,17.4719,226300
2016-08-08,17.4279,17.7974,17.3839,17.5863,334700
2016-08-09,17.5863,17.9558,17.4895,17.8854,481600
2016-08-10,17.9206,18.0965,17.727,17.9206,372600
2016-08-11,17.9734,18.4748,17.9734,18.3868,634000
2016-08-12,18.3429,18.4132,17.991,18.2021,581600
2016-08-15,18.1493,18.73,18.1141,18.4924,605500
2016-08-16,18.4572,18.4748,18.2197,18.3253,277400
2016-08-17,18.3341,18.466,17.9998,18.4484,259900
2016-08-18,18.6684,18.8179,18.2109,18.3605,499200
2016-08-19,18.3429,18.5012,18.2989,18.4132,317400
2016-08-22,18.422,18.5716,18.1669,18.5012,277000
2016-08-23,18.5188,18.8267,18.5188,18.6948,215600
2016-08-24,18.5892,18.7212,18.5452,18.6068,216000
2016-08-25,18.5276,18.7212,18.5276,18.6772,187900
2016-08-26,18.6684,18.8883,18.422,18.51,197200
2016-08-29,18.4836,18.5804,18.3341,18.4396,224200
2016-08-30,18.3868,18.5188,18.3165,18.4924,174000
2016-08-31,18.4836,18.5452,18.1493,18.2725,299500
2016-09-01,18.3077,18.554,18.2285,18.4044,276000
2016-09-02,18.4924,18.6684,18.466,18.642,254500
2016-09-06,18.7915,18.9587,18.3429,18.4396,911300
2016-09-07,18.4308,18.7739,18.3605,18.6332,1026600
2016-09-08,18.5364,18.5628,18.0613,18.2549,567900
2016-09-09,18.1933,18.2109,17.7006,17.7094,533900
2016-09-12,17.6039,17.7622,17.4543,17.6127,524100
2016-09-13,17.3914,17.5242,17.1967,17.2144,330300
2016-09-14,17.2852,17.4268,17.1347,17.1701,502000
2016-09-15,17.1878,17.3383,17.0816,17.2409,230500
2016-09-16,17.2321,17.3294,16.9223,17.0993,378800
2016-09-19,17.1436,17.2852,16.9931,17.1613,202300
2016-09-20,17.1701,17.2321,17.0462,17.1347,297500
2016-09-21,17.2586,17.9136,17.2409,17.9047,378700
2016-09-22,18.0286,18.303,17.9755,18.1791,340600
2016-09-23,18.0817,18.2942,18.0817,18.2145,332800
2016-09-26,17.9667,18.3915,17.8693,18.2057,485200
2016-09-27,18.1968,18.4623,18.0906,18.303,475500
2016-09-28,18.3473,18.6393,18.2942,18.6216,342600
2016-09-29,18.5597,18.7013,18.1968,18.4535,303000
2016-09-30,18.5862,18.9491,18.5066,18.8517,449600
2016-10-03,18.8252,18.8517,18.4004,18.6305,523900
2016-10-04,18.6305,18.7013,18.4092,18.4623,280100
2016-10-05,18.5331,18.6305,18.2765,18.3915,350800
2016-10-06,18.4004,18.6039,18.2588,18.4092,312400
2016-10-07,18.3915,18.3915,17.887,18.0021,219100
2016-10-10,18.1171,18.4446,18.0994,18.1171,138800
2016-10-11,18.0552,18.1083,17.6835,17.7277,198900
2016-10-12,17.7277,17.8251,17.6038,17.6038,174600
2016-10-13,17.4445,17.9224,17.2321,17.6658,284700
2016-10-14,17.8605,17.9844,17.4711,17.6481,358600
2016-10-17,17.6569,17.887,17.5684,17.6835,221300
2016-10-18,17.8339,17.8605,17.5242,17.5419,273400
2016-10-19,17.595,17.6923,17.4091,17.5153,280600
2016-10-20,17.418,17.6392,17.3737,17.4622,387600
2016-10-21,17.2586,17.6658,17.2586,17.4799,997000
2016-10-24,17.5861,17.9844,17.5773,17.6923,525700
2016-10-25,17.6658,17.6923,17.1878,17.2232,350700
2016-10-26,17.1613,17.356,16.9046,16.9312,460500
2016-10-27,15.6124,17.0374,15.3912,16.9666,1664900
2016-10-28,16.17,16.4001,15.993,15.993,967500
2016-10-31,15.9311,15.9842,15.5947,15.6478,1155700
2016-11-01,15.7009,16.0196,15.4089,15.6655,918800
2016-11-02,15.6744,15.6921,15.285,15.3646,424700
2016-11-03,15.4354,15.6832,15.4177,15.4708,619400
2016-11-04,15.462,15.7009,15.462,15.5062,370200
2016-11-07,15.816,15.8337,15.6832,15.7629,336300
2016-11-08,15.7629,15.7629,15.046,15.0548,901500
2016-11-09,14.9221,15.8602,14.8424,15.7098,537600
2016-11-10,15.9311,16.0107,15.4354,15.5505,352000
2016-11-11,15.5947,16.0815,15.5682,16.0196,355500
2016-11-14,16.1966,16.2939,15.9488,16.0196,388100
2016-11-15,15.9576,16.0727,15.6213,15.7629,277600
2016-11-16,15.7629,16.1081,15.7629,16.0019,285000
2016-11-17,16.0019,16.4709,16.0019,16.4001,306200
2016-11-18,16.409,16.5771,16.3028,16.4621,249900
2016-11-21,16.4267,16.4886,16.1612,16.2674,220800
2016-11-22,16.347,16.3736,16.0284,16.1435,239700
2016-11-23,16.0638,16.5329,16.0638,16.5152,220200
2016-11-25,16.586,16.6657,16.4798,16.6302,115700
2016-11-28,16.5152,16.7453,16.4886,16.5506,203000
2016-11-29,16.5683,16.763,16.5683,16.7365,273600
2016-11-30,16.8073,16.8958,16.6126,16.6214,620000
2016-12-01,16.6745,16.8161,16.2762,16.3293,385100
2016-12-02,16.3736,16.4709,16.0638,16.0992,195800
2016-12-05,16.1877,16.7719,16.1346,16.7453,346200
2016-12-06,16.7453,16.8338,16.4709,16.7719,202700
2016-12-07,16.7276,17.2409,16.7276,17.1967,213800
2016-12-08,17.4711,17.6835,17.2498,17.6569,288500
2016-12-09,17.7012,17.9578,17.6127,17.9401,225700
2016-12-12,17.887,17.887,17.4888,17.6392,350400
2016-12-13,16.6509,17.0515,16.4817,16.9002,2540700
2016-12-14,16.7399,16.9892,16.4282,16.5262,997200
2016-12-15,16.5173,16.7132,16.3392,16.5084,696400
2016-12-16,16.5885,16.9002,16.4461,16.5084,815500
2016-12-19,16.4906,16.9447,16.4728,16.8556,295400
2016-12-20,16.8735,16.9803,16.6776,16.8556,242300
2016-12-21,16.8022,16.9803,16.7132,16.8022,622500
2016-12-22,16.7844,16.9269,16.5262,16.5707,403100
2016-12-23,16.5262,16.6865,16.4193,16.5618,384100
2016-12-27,16.5262,16.7577,16.5262,16.5707,163300
2016-12-28,16.5529,16.7043,16.3481,16.4015,250000
2016-12-29,16.3837,16.6152,16.3214,16.5173,337900
2016-12-30,16.5796,16.5796,16.3125,16.3837,318400
2017-01-03,16.5351,16.5351,16.0276,16.2413,606000
2017-01-04,16.2502,16.918,16.2502,16.8467,617900
2017-01-05,16.7399,16.7933,16.4461,16.5885,613400
2017-01-06,16.6241,16.7043,16.4372,16.4372,334800
2017-01-09,16.4728,16.7132,16.3481,16.7043,417500
2017-01-10,16.8735,16.9625,16.7043,16.9002,1064300
2017-01-11,16.9803,16.9803,16.7488,16.9091,326100
2017-01-12,17.0248,17.0604,16.6597,17.0426,521900
2017-01-13,17.1317,17.4077,16.9447,17.3454,862300
2017-01-17,17.2207,17.3276,17.0693,17.1762,789900
2017-01-18,17.1762,17.4878,16.9981,17.4433,571400
2017-01-19,17.3632,17.5057,17.2118,17.283,815600
2017-01-20,17.2652,17.3454,17.1762,17.3009,352000
2017-01-23,17.292,17.3365,17.0337,17.1762,357800
2017-01-24,17.2118,17.4789,17.1317,17.3899,234300
2017-01-25,17.4878,17.5591,17.4077,17.5324,520200
2017-01-26,17.4789,17.5947,17.3098,17.4789,299100
2017-01-27,17.5146,17.5146,17.2652,17.3632,317400
2017-01-30,17.2831,17.4344,17.2029,17.4255,221900
2017-01-31,17.3632,17.5591,17.3543,17.4344,540000
2017-02-01,17.5769,17.7639,17.381,17.4611,771500
2017-02-02,17.4166,17.4255,17.1495,17.3276,583300
2017-02-03,17.4077,17.7283,17.381,17.5413,402200
2017-02-06,17.5235,17.6748,17.3721,17.5057,452900
2017-02-07,17.5858,17.6392,17.3899,17.4255,396200
2017-02-08,17.4077,17.4077,17.0248,17.1673,1144000
2017-02-09,17.8173,19.0906,17.5591,18.6632,2182200
2017-02-10,18.7077,19.6872,18.6276,19.5625,1685700
2017-02-13,19.6427,20.2125,19.6427,20.1769,880600
2017-02-14,20.1235,20.6043,19.9543,20.0344,1275600
2017-02-15,19.9899,20.2571,19.8475,20.1413,798700
2017-02-16,20.1769,20.1769,19.5892,19.6872,613200
2017-02-17,19.6872,19.7139,19.429,19.7139,352500
2017-02-21,19.7317,19.9721,19.6783,19.8207,736600
2017-02-22,19.8029,19.8564,19.2509,19.2687,347700
2017-02-23,19.3577,19.429,18.9392,19.0194,416900
2017-02-24,18.8591,19.144,18.7344,19.0995,457200
2017-02-27,19.0817,19.2242,19.0016,19.1084,364100
2017-02-28,19.0372,19.0995,18.6632,18.681,347300
2017-03-01,18.9392,19.0194,18.5742,18.5831,330300
2017-03-02,18.6543,18.6543,18.2091,18.2714,365500
2017-03-03,18.2536,18.6988,18.1913,18.6721,708400
2017-03-06,18.5742,18.7344,18.405,18.6187,418500
2017-03-07,18.6543,18.779,18.2091,18.307,358200
2017-03-08,18.307,18.5563,18.2536,18.2625,528600
2017-03-09,18.2536,18.2625,17.9598,18.0755,264100
2017-03-10,18.2536,18.4495,18.0399,18.0399,291700
2017-03-13,18.0399,18.2728,18.0399,18.1564,186000
2017-03-14,18.1295,18.228,17.9951,18.1474,272100
2017-03-15,18.2459,18.4251,18.1564,18.3892,304700
2017-03-16,18.434,18.7027,18.434,18.6311,436700
2017-03-17,18.64,18.9446,18.5236,18.8908,795600
2017-03-20,18.855,19.0252,18.7296,19.0252,481500
2017-03-21,19.1058,19.2223,18.8192,18.8998,624300
2017-03-22,18.8371,18.9625,18.6669,18.8819,689300
2017-03-23,18.8908,19.5626,18.8908,19.4731,593000
2017-03-24,19.482,19.9747,19.4372,19.6612,582400
2017-03-27,19.6791,20.0822,19.3656,19.8582,598700
2017-03-28,19.8672,20.3509,19.7507,20.1538,1266000
2017-03-29,20.0911,20.2165,19.8224,20.0911,685200
2017-03-30,20.109,20.1628,19.8045,20.1269,413200
2017-03-31,20.1449,20.2613,19.7955,19.903,695100
2017-04-03,20.0553,20.2165,18.4072,19.5716,2073000
2017-04-04,19.491,19.8045,19.3118,19.7149,1339100
2017-04-05,19.8134,20.0911,19.706,19.7239,865900
2017-04-06,19.7597,20.0642,19.5985,20.0105,384400
2017-04-07,19.9568,20.1896,19.7328,19.8045,282500
2017-04-10,19.7866,19.8761,19.491,19.697,194400
2017-04-11,19.6433,19.8134,19.5268,19.5537,453700
2017-04-12,19.5179,19.5895,19.3118,19.3745,263600
2017-04-13,19.3566,19.5089,19.1506,19.1506,201900
2017-04-17,19.2402,19.491,19.2133,19.482,3593900
2017-04-18,19.0789,19.1237,18.5953,18.6938,1346600
2017-04-19,18.8192,18.9446,18.6938,18.9267,610600
2017-04-20,19.0073,19.1148,18.7923,19.0521,595600
2017-04-21,19.0431,19.061,18.864,18.8729,382300
2017-04-24,19.1237,19.2312,18.7654,18.9894,423300
2017-04-25,19.1237,19.1864,18.9267,19.0521,395100
2017-04-26,19.0431,19.5358,19.0342,19.3029,558600
2017-04-27,19.3566,19.3656,19.0969,19.285,215100
2017-04-28,19.2939,19.2939,18.864,19.1954,442000
2017-05-01,19.3208,19.3477,19.1058,19.1685,230600
2017-05-02,19.1775,19.2133,18.9715,19.061,215900
2017-05-03,18.9715,19.0073,18.4519,18.6221,595200
2017-05-04,18.3176,18.3444,17.6906,17.7264,1172900
2017-05-05,17.807,18.2011,17.6906,18.1384,642700
2017-05-08,18.1474,18.1474,17.8428,17.9414,495900
2017-05-09,17.9593,18.0757,17.7801,18.0578,526800
2017-05-10,18.0041,18.1563,17.9145,18.1384,289700
2017-05-11,18.1026,18.1026,17.8428,18.0309,253700
2017-05-12,17.9682,18.022,17.7801,17.8608,258000
2017-05-15,17.8876,17.8966,17.5473,17.592,685900
2017-05-16,17.6547,17.6547,17.3323,17.4666,564500
2017-05-17,17.4666,17.4666,17.1621,17.18,445800
2017-05-18,17.1621,17.6458,17.1263,17.4846,566100
2017-05-19,17.5114,17.8608,17.4039,17.61,435600
2017-05-22,17.6458,17.7801,17.5473,17.7354,287000
2017-05-23,17.7712,17.8428,17.6368,17.6995,287800
2017-05-24,17.7174,17.8608,17.6279,17.6906,165900
2017-05-25,17.7712,17.8787,17.7085,17.8339,269200
2017-05-26,17.807,17.9235,17.7622,17.8339,187700
2017-05-30,17.8249,17.9862,17.7981,17.9414,366700
2017-05-31,17.9772,18.3176,17.8608,18.2817,359600
2017-06-01,18.3086,18.8729,18.2728,18.7296,582900
2017-06-02,18.7475,18.8102,18.4878,18.5415,318600
2017-06-05,18.5236,18.649,18.3803,18.443,267000
2017-06-06,18.3445,18.4072,18.1474,18.3176,167100
2017-06-07,18.3265,18.4519,18.2459,18.2997,174500
2017-06-08,18.2907,18.6042,18.2549,18.4161,218200
2017-06-09,18.5415,18.6221,18.1743,18.2728,345500
2017-06-12,18.2638,18.6311,18.1832,18.6042,310200
2017-06-13,18.6402,18.9466,18.6402,18.8475,662000
2017-06-14,18.8655,18.9105,18.6402,18.6583,212400
2017-06-15,18.4961,18.8114,18.4961,18.7844,176200
2017-06-16,18.6583,18.8384,18.5502,18.8384,510300
2017-06-19,18.8384,18.8384,18.5411,18.6493,290800
2017-06-20,18.6222,18.6312,18.0997,18.1537,300000
2017-06-21,18.1808,18.424,18.1267,18.361,295300
2017-06-22,18.3339,18.442,18.1718,18.2078,228300
2017-06-23,18.2078,18.424,18.1357,18.388,367600
2017-06-26,18.433,18.6853,18.361,18.5952,203800
2017-06-27,18.5952,18.6673,18.3339,18.361,283600
2017-06-28,18.4511,18.7213,18.3249,18.6403,214700
2017-06-29,18.6583,18.6853,18.361,18.5051,213200
2017-06-30,18.442,18.9646,18.3429,18.352,505900
2017-07-03,18.397,18.433,18.0997,18.3159,184600
2017-07-05,18.2979,18.5502,18.2078,18.4601,250700
2017-07-06,18.3429,18.5502,18.2078,18.4781,580300
2017-07-07,18.4961,18.7213,18.424,18.5231,352700
2017-07-10,18.5141,18.7574,18.415,18.5502,303600
2017-07-11,18.5321,18.6493,18.4511,18.4961,334600
2017-07-12,18.5862,18.6853,18.451,18.5592,315100
2017-07-13,18.5141,18.6402,18.433,18.6312,325600
2017-07-14,18.6042,18.8925,18.5952,18.8204,319700
2017-07-17,18.8294,18.8385,18.4961,18.6312,306900
2017-07-18,18.5592,18.7664,18.4781,18.7484,293100
2017-07-19,18.7664,19.4331,18.7484,19.1808,779800
2017-07-20,19.0817,19.352,19.0276,19.1808,344100
2017-07-21,19.2889,19.3069,18.9916,19.1087,537900
2017-07-24,19.2439,19.9646,19.1358,19.6133,1166800
2017-07-25,19.6133,19.9736,19.4241,19.5862,644500
2017-07-26,19.5772,19.7754,19.4691,19.5322,534700
2017-07-27,20.1358,20.2349,19.0367,19.7214,1286200
2017-07-28,18.7393,19.2889,18.7303,19.2619,3898300
2017-07-31,19.343,19.4151,18.8745,19.0637,918200
2017-08-01,19.1177,19.2439,18.9826,19.1808,725600
2017-08-02,19.1448,19.1448,18.7934,18.9646,838000
2017-08-03,19.0096,19.1628,18.9646,19.1268,523100
2017-08-04,19.1267,19.2259,18.7574,18.9105,402700
2017-08-07,18.9285,19.0637,18.6853,18.9285,314000
2017-08-08,18.9826,19.1268,18.7394,18.8294,439300
2017-08-09,18.6402,18.8294,18.5231,18.7754,338800
2017-08-10,18.8114,19.37,18.7844,19.1808,754300
2017-08-11,18.7303,19.2349,18.6402,18.9736,505600
2017-08-14,19.0817,19.37,18.9376,18.9556,671200
2017-08-15,19.0096,19.1177,18.8655,19.0367,472900
2017-08-16,19.1177,19.4241,19.1087,19.415,445800
2017-08-17,19.343,19.4691,18.9916,19.0096,349000
2017-08-18,18.9015,19.1268,18.6763,18.8294,248400
2017-08-21,18.8385,18.8385,18.5952,18.7303,267200
2017-08-22,18.7754,18.9376,18.6853,18.9015,341100
2017-08-23,18.8204,18.9376,18.6853,18.6943,159600
2017-08-24,18.7484,19.0457,18.7123,18.8835,317300
2017-08-25,18.9916,18.9916,18.5772,18.8204,384400
2017-08-28,18.8565,19.415,18.8294,19.361,531800
2017-08-29,19.2259,19.343,19.1268,19.1628,387900
2017-08-30,19.1718,19.5232,19.1718,19.4601,303300
2017-08-31,19.4421,19.6763,19.4421,19.6403,349200
2017-09-01,19.6403,20.0277,19.5862,19.9556,576600
2017-09-05,19.9286,20.2529,19.7033,19.7664,564500
2017-09-06,19.8115,19.9466,19.7304,19.9106,452000
2017-09-07,19.9286,20.1088,19.8115,19.8475,333800
2017-09-08,19.7934,19.7934,19.4241,19.4691,293700
2017-09-11,19.5772,19.6583,19.361,19.4241,288300
2017-09-12,19.4601,19.7664,19.397,19.7124,285600
2017-09-13,19.7033,20.0637,19.6133,19.8745,761800
2017-09-14,19.8745,20.0013,19.6481,19.9832,271100
2017-09-15,20.0104,20.3275,19.8926,20.3275,752800
2017-09-18,20.3727,20.7623,20.2731,20.6807,727000
2017-09-19,20.6898,20.6898,20.2822,20.3999,336000
2017-09-20,20.4724,20.7079,20.3184,20.3999,276400
2017-09-21,20.3727,20.6626,20.3365,20.3818,193500
2017-09-22,20.3818,20.6083,20.3365,20.4724,192300
2017-09-25,20.4633,20.5901,20.3818,20.418,255000
2017-09-26,20.3818,20.6717,20.3093,20.5177,357000
2017-09-27,20.5539,21.034,20.4633,20.8891,456200
2017-09-28,20.8166,20.9253,20.6536,20.8891,327500
2017-09-29,20.8981,21.3511,20.8347,21.333,546700
2017-10-02,21.5051,21.6228,21.3692,21.487,739300
2017-10-03,21.5051,21.5322,21.2786,21.4054,522500
2017-10-04,21.3239,21.6319,21.3148,21.4145,366500
2017-10-05,21.4235,21.4507,21.1337,21.2152,427600
2017-10-06,21.2243,21.4054,21.188,21.2967,311400
2017-10-09,21.2514,21.4145,21.1518,21.2514,341100
2017-10-10,21.2786,21.4235,21.0974,21.0974,324900
2017-10-11,21.0431,21.1427,20.8257,20.9163,352100
2017-10-12,20.8257,20.8347,20.1916,20.2006,1501100
2017-10-13,20.2278,20.5177,20.1463,20.418,508000
2017-10-16,20.5449,20.6083,20.3727,20.4633,190700
2017-10-17,20.4724,20.572,20.3637,20.418,326200
2017-10-18,20.5539,20.7079,20.3456,20.418,286500
2017-10-19,20.2369,20.4996,20.2006,20.4905,189200
2017-10-20,20.6173,20.7351,20.4452,20.4905,206700
2017-10-23,20.5086,20.6626,20.3456,20.3637,467600
2017-10-24,20.3546,20.418,19.8292,19.9832,473900
2017-10-25,19.9379,19.9742,19.2223,19.5212,1104100
2017-10-26,20.1553,22.1754,19.8292,22.1029,2272800
2017-10-27,22.3928,23.7878,22.2841,23.6338,1941200
2017-10-30,22.7914,23.3621,22.5106,22.9273,1017400
2017-10-31,23.0994,24.2136,23.0903,24.0324,1069500
2017-11-01,24.2317,24.3404,23.7969,24.0052,956400
2017-11-02,23.9328,24.0505,23.4798,23.7878,812700
2017-11-03,23.7516,24.1864,23.6791,23.8965,768100
2017-11-06,23.815,24.2498,23.5523,24.2226,625500
2017-11-07,24.2136,24.7209,24.2136,24.5578,876200
2017-11-08,24.594,24.8296,24.4219,24.6937,629700
2017-11-09,24.5397,24.8749,24.3766,24.5488,627900
2017-11-10,24.585,25.0198,24.5487,24.7299,509800
2017-11-13,24.6212,25.1013,24.585,25.0379,623500
2017-11-14,24.8658,25.1738,24.739,24.8749,848700
2017-11-15,24.7118,24.893,24.5487,24.8024,493100
2017-11-16,24.8205,25.056,24.6031,24.8114,572800
2017-11-17,24.7571,25.0017,24.6665,24.9473,337200
2017-11-20,24.9111,25.1013,24.6937,24.9926,537500
2017-11-21,25.047,25.364,24.9383,25.1285,487600
2017-11-22,25.1104,25.355,24.9473,24.9654,317700
2017-11-24,25.0832,25.6901,25.0379,25.4727,412400
2017-11-27,25.4637,25.4637,24.7118,24.9473,948000
2017-11-28,24.9745,25.4184,24.9292,25.3731,721200
2017-11-29,25.364,25.6177,25.2463,25.3821,325200
2017-11-30,25.6539,25.8622,25.1919,25.8079,585300
2017-12-01,25.8622,26.0615,25.5271,26.0525,455400
2017-12-04,26.3333,26.5779,26.2065,26.3605,602200
2017-12-05,26.451,26.8859,26.0253,26.0615,672900
2017-12-06,26.5235,26.7772,26.2155,26.75,806500
2017-12-07,27.3116,27.5381,26.6866,27.3116,621300
2017-12-08,27.375,27.5381,27.1848,27.4747,527000
2017-12-11,27.4384,27.8823,27.4113,27.8098,695300
2017-12-12,27.828,28.0816,27.6558,27.6649,407100
2017-12-13,28.299,29.078,27.5653,28.8787,1786000
2017-12-14,28.9424,29.4425,28.8878,29.1061,1225100
2017-12-15,29.2243,29.7062,29.0606,29.4698,1260200
2017-12-18,29.6698,30.0153,29.488,29.9335,645500
2017-12-19,29.9608,30.2609,29.6789,29.7517,1041600
2017-12-20,29.8699,29.8699,29.006,29.1606,688100
2017-12-21,29.3425,29.4425,28.9697,28.9788,693300
2017-12-22,26.7147,27.3784,26.1873,26.8692,2476600
2017-12-26,26.7601,27.2148,26.5783,26.9056,831000
2017-12-27,26.9238,27.8604,26.842,27.5421,508600
2017-12-28,27.6239,27.7058,27.4785,27.5876,421500
2017-12-29,27.633,27.9604,27.4876,27.8058,502900
2018-01-02,27.9786,28.7605,27.9786,28.5605,826000
2018-01-03,28.5878,28.6423,27.8331,27.9786,776800
2018-01-04,29.4061,29.4061,28.0513,28.0786,1048100
2018-01-05,28.1695,28.3423,27.8967,28.2332,994300
2018-01-08,28.5241,28.6151,27.9149,28.4605,622400
2018-01-09,28.5696,28.8515,28.415,28.7242,958800
2018-01-10,28.5514,29.0424,28.3514,28.9788,544900
2018-01-11,29.097,29.4334,28.8969,28.9151,866200
2018-01-12,29.0151,29.5243,29.0151,29.2606,690700
2018-01-16,29.4789,29.5607,28.7515,28.997,1766800
2018-01-17,29.0788,29.9153,29.0061,29.8426,643300
2018-01-18,29.8062,30.3063,29.6244,30.1881,436900
2018-01-19,30.2154,30.9428,30.1881,30.7792,890500
2018-01-22,30.8519,30.961,29.6698,30.4336,834800
2018-01-23,30.4336,30.57,29.9699,30.3245,689100
2018-01-24,30.7519,30.8519,30.3063,30.4518,732600
2018-01-25,30.5609,31.0792,30.3609,31.0337,970000
2018-01-26,31.2247,31.3156,30.6973,31.2338,632900
2018-01-29,31.2611,31.4975,30.9337,31.1247,630200
2018-01-30,31.5884,31.9976,31.3065,31.9703,1139500
2018-01-31,32.134,32.5977,31.8794,32.1431,758300
2018-02-01,32.0794,32.5068,32.034,32.2249,807400
2018-02-02,32.0521,32.4249,31.3247,31.3884,776900
2018-02-05,31.3065,31.9794,30.9519,31.0246,662100
2018-02-06,30.5336,31.6157,30.2154,31.4247,1164000
2018-02-07,31.4066,31.5339,30.8064,30.9065,1129200
2018-02-08,31.943,33.5615,30.7337,30.7701,2019200
2018-02-09,31.0883,31.8521,30.37,31.6793,842900
2018-02-12,32.2885,32.7887,32.043,32.1522,992200
2018-02-13,32.0158,32.3795,31.7248,32.2067,721000
2018-02-14,31.9248,32.916,31.9157,32.7978,772500
2018-02-15,33.0342,33.3433,32.6704,33.1069,614900
2018-02-16,33.1251,33.507,32.9523,33.1706,837800
2018-02-20,33.0069,33.5525,32.8159,33.0887,961600
2018-02-21,33.016,33.2069,32.2885,32.3067,640900
2018-02-22,32.5613,33.216,32.4977,32.6977,693200
2018-02-23,32.825,33.7616,32.825,33.6434,787800
2018-02-26,33.7525,34.9709,33.7343,34.8073,1880600
2018-02-27,34.7072,34.7436,33.0978,33.4797,1155700
2018-02-28,33.5525,35.1801,33.5161,34.6891,2037100
2018-03-01,34.6345,35.0891,34.0798,34.4254,1333900
2018-03-02,34.2526,34.9346,34.0798,34.7254,1140100
2018-03-05,34.5527,35.08,34.1708,34.8618,1200200
2018-03-06,34.8891,35.0528,33.9798,34.9255,849100
2018-03-07,34.9255,35.5438,34.5799,35.0073,1082200
2018-03-08,34.9982,35.2528,34.3708,34.4708,681300
2018-03-09,34.5527,35.0255,34.5527,34.7527,755400
2018-03-12,34.7072,34.8527,34.1162,34.3981,612200
2018-03-13,34.4345,34.6254,33.8798,33.9707,1017400
2018-03-14,34.1167,34.3447,33.6788,34.0619,551600
2018-03-15,33.9981,34.4451,33.5785,33.843,1043000
2018-03-16,33.8156,34.0528,33.5511,33.7335,1250800
2018-03-19,33.542,33.7153,32.9764,33.2774,521000
2018-03-20,33.2501,33.6332,33.2501,33.2866,465900
2018-03-21,33.2866,33.5785,33.1041,33.1132,425100
2018-03-22,32.8852,33.2592,32.6845,32.7484,439800
2018-03-23,32.7666,33.1953,32.6571,32.6754,460500
2018-03-26,32.949,33.7609,32.8943,33.6606,977200
2018-03-27,33.7062,33.8704,32.8943,33.0038,493300
2018-03-28,32.9855,33.2957,32.8031,32.949,409400
2018-03-29,32.9673,33.3413,32.7848,32.8487,552800
2018-04-02,32.7849,33.1315,31.827,31.8726,693800
2018-04-03,32.0824,32.6754,32.0824,32.3835,628100
2018-04-04,31.9365,32.9764,31.6446,32.9308,524400
2018-04-05,33.022,33.8704,32.949,33.8065,847200
2018-04-06,33.7153,34.6822,33.6241,34.2261,900900
2018-04-09,34.29,34.5545,33.095,33.7792,1218700
2018-04-10,34.5545,35.4941,34.5545,35.2843,1435900
2018-04-11,35.1384,35.3847,34.7187,35.1292,545300
2018-04-12,35.2569,35.5306,34.7643,35.1384,412100
2018-04-13,35.2661,35.7769,35.1384,35.2934,751300
2018-04-16,35.4941,36.0871,35.0654,36.0141,1012900
2018-04-17,35.558,35.8772,34.9742,35.5397,730600
2018-04-18,35.5762,36.0779,35.4394,35.485,666300
2018-04-19,35.4576,35.8499,35.0563,35.485,666900
2018-04-20,35.6218,36.0962,35.5032,35.8772,635100
2018-04-23,35.8499,36.16,35.5671,35.713,473800
2018-04-24,35.8955,35.9685,34.9194,35.0563,576800
2018-04-25,35.0563,36.6526,34.9468,36.0597,1925400
2018-04-26,36.1235,36.9263,36.0141,36.7712,486600
2018-04-27,36.9263,37.0357,36.5796,36.7621,720800
2018-04-30,36.7712,37.0722,36.2877,36.2968,438400
2018-05-01,36.233,36.4884,35.6857,36.2786,544400
2018-05-02,36.4246,36.6709,36.2877,36.2877,678200
2018-05-03,35.5762,37.9479,35.1201,37.7564,1613300
2018-05-04,37.1908,37.4827,36.8442,37.4098,821100
2018-05-07,37.574,38.3858,37.3003,38.3767,898900
2018-05-08,38.1487,38.9696,38.0666,38.3676,706100
2018-05-09,38.4223,39.0973,38.322,38.851,548800
2018-05-10,39.0244,39.8362,39.0244,39.298,733000
2018-05-11,39.4257,39.7085,39.1886,39.6903,370400
2018-05-14,39.8545,40.0278,39.1612,39.745,882700
2018-05-15,39.4531,40.1008,39.2342,39.818,512700
2018-05-16,39.9183,40.0096,39.6173,39.7633,478600
2018-05-17,46.021,46.8238,44.2057,45.8933,10087000
2018-05-18,45.8933,47.3164,44.9446,46.9059,2254800
2018-05-21,47.2525,54.2309,47.0518,52.7805,9122600
2018-05-22,53.3826,54.6505,51.7953,51.8774,2322700
2018-05-23,51.8227,53.4373,51.7771,52.1876,1199900
2018-05-24,52.4521,54.1579,52.2423,53.6197,1248900
2018-05-25,53.5559,54.0302,52.4886,52.9812,805900
2018-05-29,52.9538,54.2035,52.9538,53.9937,701200
2018-05-30,54.2035,55.1979,53.7748,53.7839,837300
2018-05-31,53.9116,53.939,52.6163,52.8079,806600
2018-06-01,52.8626,54.1397,52.5889,53.7748,795100
2018-06-04,55.061,56.4567,54.6779,55.8638,820000
2018-06-05,55.9185,56.329,55.4624,56.101,554300
2018-06-06,56.1009,57.451,55.9367,57.1591,872300
2018-06-07,57.0132,57.3963,55.7634,56.5571,734500
2018-06-08,56.6118,56.8398,55.7817,56.3564,417300
2018-06-11,56.2195,57.898,56.2195,56.63,678100
2018-06-12,56.6483,57.077,56.3108,56.5571,640900
2018-06-13,56.7486,57.223,55.9094,56.2834,1327500
2018-06-14,56.3565,57.1974,56.1189,56.6581,1237800
2018-06-15,56.9323,58.0474,56.8592,57.2796,1561600
2018-06-18,57.1334,59.3087,57.0237,58.4313,870700
2018-06-19,57.7823,60.4603,57.5813,60.4512,1066600
2018-06-20,60.7985,62.3797,60.6888,61.877,1136100
2018-06-21,61.7399,62.0141,60.177,60.8168,716700
2018-06-22,62.0872,62.142,60.9904,61.3652,1373500
2018-06-25,61.3195,61.3378,60.1039,60.7437,603000
2018-06-26,61.0179,61.3652,60.7802,60.8899,517500
2018-06-27,67.7905,68.2932,63.1932,64.7561,4877700
2018-06-28,64.8932,68.3206,64.6829,67.955,2485900
2018-06-29,68.4211,68.6131,66.0813,66.5566,1622300
2018-07-02,66.0082,68.3754,65.4964,68.348,755800
2018-07-03,68.5491,68.6039,67.5711,67.6717,423400
2018-07-05,67.8362,68.9056,67.2695,68.8873,492600
2018-07-06,69.4905,70.4959,68.5583,70.0846,731800
2018-07-09,70.3771,70.7975,68.1104,68.6131,1164000
2018-07-10,68.5491,69.783,67.7722,68.5217,587900
2018-07-11,67.8636,69.39,67.7814,68.1926,574100
2018-07-12,68.0007,68.7227,67.4706,68.1286,478900
2018-07-13,70.5142,73.0733,68.6771,70.2857,1786000
2018-07-16,70.6787,73.0368,70.0481,72.5615,1611200
2018-07-17,72.269,73.8045,71.5744,73.6035,1061600
2018-07-18,73.6674,74.289,73.0185,73.5943,897300
2018-07-19,73.5943,75.9707,73.1465,75.0567,1259500
2018-07-20,75.1755,76.0255,74.2798,75.7879,589300
2018-07-23,75.7696,76.0438,73.5395,75.4223,1609700
2018-07-24,76.51,76.51,73.439,74.0605,785800
2018-07-25,73.6766,75.2669,73.5943,74.289,1107700
2018-07-26,74.8556,78.3562,74.1884,76.6287,2287500
2018-07-27,76.9487,78.539,72.525,74.7185,2339700
2018-07-30,73.9691,74.7185,71.0991,71.7481,2649700
2018-07-31,72.0314,73.7863,71.4465,72.3056,8451600
2018-08-01,71.7664,73.1191,70.5782,70.9255,2086900
2018-08-02,70.6513,72.1868,70.5142,72.0223,1402400
2018-08-03,72.0222,73.0733,70.0663,71.7846,1112600
2018-08-06,71.9126,73.7497,71.218,73.3658,1144100
2018-08-07,73.6949,74.5997,72.2599,72.3696,829500
2018-08-08,72.2051,72.6072,71.1083,72.333,569800
2018-08-09,72.6529,73.0277,71.5744,72.2599,542600
2018-08-10,72.1319,73.5669,71.9766,72.5341,688300
2018-08-13,72.982,72.982,70.0206,70.9895,670700
2018-08-14,71.1905,72.5707,70.8524,71.7755,613100
2018-08-15,71.5744,71.8943,70.1486,71.1265,686100
2018-08-16,71.3276,72.5798,71.0169,72.2142,584800
2018-08-17,72.2873,72.9271,71.4739,72.6529,1463500
2018-08-20,72.8906,75.0202,72.8906,73.4481,897000
2018-08-21,73.6126,74.8374,73.576,73.9599,437500
2018-08-22,73.7771,74.4169,71.8395,73.1282,621100
2018-08-23,73.0916,74.7277,72.8906,73.704,658900
2018-08-24,73.8228,75.468,73.8228,75.1938,707500
2018-08-27,75.8793,76.4643,74.9745,75.1207,673500
2018-08-28,75.2121,76.9213,75.1481,76.5465,590700
2018-08-29,76.8755,79.389,76.5008,78.539,1322900
2018-08-30,78.7492,80.1659,77.7987,78.8498,938400
2018-08-31,78.5756,80.3396,78.411,79.8917,622900
2018-09-04,79.7546,81.2992,78.7583,81.1164,1245000
2018-09-05,80.9611,81.0342,77.36,78.6578,950500
2018-09-06,79.06,79.91,78.146,79.6084,573100
2018-09-07,79.4621,81.5369,79.1331,79.5352,710600
2018-09-10,79.3159,80.4218,79.3159,80.1019,740300
2018-09-11,80.2025,80.9519,78.667,78.9777,771000
2018-09-12,79.2245,79.5535,76.6836,78.6852,790200
2018-09-13,78.7951,80.2687,78.2459,79.9392,603700
2018-09-14,79.811,81.1382,79.7561,80.9093,1055700
2018-09-17,81.1473,82.328,80.1497,80.3144,698500
2018-09-18,80.2412,82.5202,80.2412,81.9802,780800
2018-09-19,81.9436,83.0785,78.6212,80.5524,846500
2018-09-20,81.0375,82.3738,80.2778,81.9527,688600
2018-09-21,82.0077,82.9687,81.6141,82.4653,1289500
2018-09-24,82.4744,85.028,81.8521,84.6345,882400
2018-09-25,84.909,86.4375,84.3873,86.0806,1240700
2018-09-26,86.3552,88.0759,85.806,86.9867,970800
2018-09-27,87.1148,88.4969,86.9501,87.9386,736300
2018-09-28,87.8654,89.4122,87.4993,88.5335,607900
2018-10-01,89.1101,89.3664,85.3301,86.2362,1724500
2018-10-02,85.2843,85.7236,81.1931,84.0853,2007200
2018-10-03,84.5063,85.3758,83.1517,85.0005,842800
2018-10-04,84.8999,85.2202,82.4378,83.0144,907900
2018-10-05,81.1382,84.4331,80.5341,83.6002,1592800
2018-10-08,83.1975,84.2317,80.6531,83.0602,902400
2018-10-09,81.0009,83.1517,79.0514,79.6188,1647300
2018-10-10,79.3809,79.628,71.1892,75.674,3382100
2018-10-11,75.3537,79.5731,74.9601,75.9578,1702700
2018-10-12,78.2276,78.8408,76.6716,78.3008,1132600
2018-10-15,77.8798,78.8042,76.2964,77.77,721300
2018-10-16,78.7035,78.9598,76.2872,77.1476,1241000
2018-10-17,77.6967,77.834,75.0882,76.8639,978600
2018-10-18,76.6625,78.0262,74.9052,76.4245,898400
2018-10-19,76.7723,78.3191,74.9876,75.0791,1478400
2018-10-22,75.2073,76.7174,74.292,76.1957,1008000
2018-10-23,74.3652,75.9669,73.276,75.2713,1041300
2018-10-24,75.0974,75.8662,70.2465,70.814,1408500
2018-10-25,71.0062,74.1089,66.6129,69.2672,2632300
2018-10-26,68.1963,68.3061,63.2447,63.8671,2418400
2018-10-29,64.7,65.8166,59.3,60.5539,1755800
2018-10-30,60.4074,63.08,60.0413,62.7322,1540900
2018-10-31,63.739,67.5922,63.739,66.439,1455500
2018-11-01,66.2651,67.098,63.739,65.661,1075800
2018-11-02,66.201,66.6221,63.4827,64.2149,869900
2018-11-05,64.3065,67.1987,64.0685,66.9516,999000
2018-11-06,66.9332,67.5922,65.1302,66.8143,834300
2018-11-07,67.2719,69.1024,66.9516,68.9011,953700
2018-11-08,68.7089,68.718,63.8488,64.1325,1142800
2018-11-09,63.62,64.1051,62.1098,63.6749,1190900
2018-11-12,63.6932,63.7481,60.9383,61.6888,648600
2018-11-13,61.643,63.4186,60.984,61.4874,1064400
2018-11-14,62.0732,63.7298,61.4874,61.8535,720000
2018-11-15,61.46,63.2539,60.1145,62.3295,801800
2018-11-16,61.6796,62.4301,59.2633,59.9498,813900
2018-11-19,59.8491,59.8949,56.362,56.5816,1412300
2018-11-20,54.5497,57.5976,53.5429,56.4626,1965400
2018-11-21,57.204,58.2566,56.9203,57.744,928300
2018-11-23,57.1582,58.3023,57.1582,57.2955,273300
2018-11-26,57.8447,60.444,57.1399,59.9681,1384700
2018-11-27,60.2701,60.3251,58.6318,59.7484,1214000
2018-11-28,61.5057,65.0936,59.8125,64.9929,2014300
2018-11-29,64.5078,66.137,62.8878,65.9722,1301900
2018-11-30,68.1139,70.6767,67.0889,67.6929,2806200
2018-12-03,69.2763,70.0177,65.5787,67.3543,2006600
2018-12-04,66.9149,67.8302,64.9837,65.4963,1194400
2018-12-06,64.4163,70.2557,62.8237,70.0818,1622900
2018-12-07,69.9719,71.1709,67.8577,68.6906,1484900
2018-12-10,68.3519,69.5967,67.217,69.5601,1106100
2018-12-11,70.5394,71.4638,69.0109,69.0475,1710100
2018-12-12,70.1733,70.4753,67.4092,67.6838,1075800
2018-12-13,68.1421,69.2056,66.8495,67.5463,765000
2018-12-14,66.7945,68.0046,66.217,66.6112,649300
2018-12-17,66.1345,67.8763,64.9335,65.3185,782000
2018-12-18,65.8594,67.7021,65.0894,67.4363,869400
2018-12-19,67.4637,70.3882,66.6112,67.7754,1190800
2018-12-20,67.0329,68.3713,65.2636,67.4363,945100
2018-12-21,67.0604,67.6288,63.1917,63.9251,1475400
2018-12-24,62.9717,63.1642,60.0289,61.2115,732100
2018-12-26,61.6699,67.2437,61.4773,67.1062,928400
2018-12-27,66.107,66.9779,63.7876,66.9687,1005900
2018-12-28,67.4179,68.1055,65.6394,66.9779,656000
2018-12-31,67.4362,68.6739,67.0237,68.4997,756000
2019-01-02,67.1979,69.1598,66.9962,68.0138,962800
2019-01-03,67.4454,68.9856,65.7586,67.0145,679400
2019-01-04,68.2246,71.4241,67.6563,70.6632,949500
2019-01-07,70.8649,74.5686,70.1865,73.0926,1068900
2019-01-08,74.0919,74.7886,72.0658,74.0185,1362000
2019-01-09,74.4586,74.9078,71.4333,72.35,1060400
2019-01-10,71.9742,72.9734,70.6724,72.2675,606500
2019-01-11,71.7266,73.3676,71.5249,72.4142,1144900
2019-01-14,71.8917,74.4311,71.2774,74.2019,965100
2019-01-15,74.7611,75.7145,73.5051,74.4127,846800
2019-01-16,74.3852,75.9987,74.2294,74.7244,804900
2019-01-17,74.9078,75.8979,74.4311,74.8528,665700
2019-01-18,75.7787,76.5579,74.3119,76.4846,1457900
2019-01-22,75.687,75.7145,72.3134,73.4226,1494700
2019-01-23,74.2019,75.5037,72.9184,74.376,779200
2019-01-24,74.4127,76.0904,73.8444,74.7794,627100
2019-01-25,75.3936,76.5121,74.8161,76.4204,453600
2019-01-28,75.6962,75.6962,74.0827,75.027,560400
2019-01-29,75.1736,75.5128,73.881,74.8894,456100
2019-01-30,75.2011,77.0438,74.2569,76.1362,602600
2019-01-31,76.2371,77.4838,74.9719,75.4853,874300
2019-02-01,75.5403,75.9712,74.5869,75.3845,589400
2019-02-04,75.2561,76.5029,74.9994,75.6412,484200
2019-02-05,75.7878,76.1912,74.8528,74.9078,600200
2019-02-06,74.9261,75.5312,72.5059,73.1201,931400
2019-02-07,76.0262,76.9063,68.298,76.5579,1907700
2019-02-08,75.5678,78.804,75.5678,78.6756,1087000
2019-02-11,79.0515,80.5824,78.8589,79.5924,1023200
2019-02-12,80.3166,81.6734,79.5649,79.9866,1024700
2019-02-13,80.3624,82.1684,79.7482,80.8758,1207200
2019-02-14,80.775,82.0768,80.1333,81.4717,695700
2019-02-15,81.8017,81.8017,79.024,80.1791,864100
2019-02-19,79.7391,80.3441,79.079,79.3907,549400
2019-02-20,79.0973,80.8942,78.584,79.0882,783300
2019-02-21,78.9323,79.6474,78.4464,79.2807,358800
2019-02-22,79.5649,79.7207,78.5014,79.3357,486300
2019-02-25,79.4365,79.8582,77.4289,78.0339,452300
2019-02-26,77.7589,78.0064,76.6129,77.6397,621000
2019-02-27,77.0713,77.9055,76.3104,76.7046,426300
2019-02-28,76.6221,77.548,76.4571,76.7321,624000
2019-03-01,77.3096,79.3998,77.1538,78.4556,625900
2019-03-04,78.8406,79.6015,75.2836,76.9888,671100
2019-03-05,77.0622,77.4289,75.8979,76.2279,420400
2019-03-06,76.1362,76.6863,75.4395,75.962,385900
2019-03-07,76.3287,77.2913,75.2561,75.6962,494900
2019-03-08,75.0911,77.0988,73.4868,76.9429,493000
2019-03-11,77.3188,80.7933,77.3188,80.7108,731000
2019-03-12,80.8941,81.7375,80.2524,80.7841,573000
2019-03-13,81.5909,81.7467,80.2157,80.2708,512400
2019-03-14,81.1979,84.2825,81.0878,83.1992,1237000
2019-03-15,83.6123,85.9992,82.5107,84.7966,1224500
2019-03-18,84.3192,85.1637,82.6576,82.7586,785800
2019-03-19,83.0248,83.8327,81.8773,82.0701,505500
2019-03-20,81.5009,83.3645,80.638,82.6209,477300
2019-03-21,82.474,85.2556,82.2261,84.5671,597100
2019-03-22,83.7959,83.7959,78.958,79.6006,959400
2019-03-25,79.8577,80.179,78.7377,80.078,1021900
2019-03-26,82.4281,83.6307,79.8944,81.0511,1169500
2019-03-27,80.6196,81.0694,76.9843,77.9115,904400
2019-03-28,77.48,79.0957,77.021,78.9488,2739200
2019-03-29,79.0406,79.7659,78.2053,79.6649,1430400
2019-04-01,79.8209,80.5094,77.379,80.0504,2457000
2019-04-02,80.3259,81.2439,79.0406,80.28,808800
2019-04-03,81.1245,82.0517,80.0321,81.7947,731800
2019-04-04,82.4648,82.6851,80.3075,82.373,1478500
2019-04-05,82.7494,83.3461,81.6202,81.8406,820700
2019-04-08,81.8498,82.7586,80.6655,82.6484,1025000
2019-04-09,82.1619,83.7133,81.8956,83.5756,1335700
2019-04-10,83.851,86.9171,83.8143,86.4581,1628000
2019-04-11,86.6785,87.6791,86.091,87.266,1630400
2019-04-12,87.6699,88.386,86.8162,88.2207,741400
2019-04-15,87.8719,89.9282,87.1925,89.2764,1165300
2019-04-16,89.9466,91.1125,89.6895,90.0567,1211500
2019-04-17,90.3046,90.4699,87.826,88.2299,1495100
2019-04-18,87.8903,89.1847,87.2477,88.7807,499800
2019-04-22,88.2483,88.6063,86.8254,88.2299,872600
2019-04-23,89.001,91.8928,88.4778,91.1125,910600
2019-04-24,91.2777,92.2141,89.7263,90.424,1085200
2019-04-25,82.6209,85.7146,76.8833,78.3797,10066300
2019-04-26,78.0492,78.7928,75.2768,76.6722,3098900
2019-04-29,77.1128,77.1128,75.2033,75.7174,2665100
2019-04-30,75.7358,78.1777,75.7175,76.9751,1920800
2019-05-01,77.3331,78.398,75.846,75.8551,1310300
2019-05-02,76.6722,78.6551,76.204,78.5816,1695900
2019-05-03,78.5449,79.5914,77.7095,78.7652,1119100
2019-05-06,77.2046,80.234,76.764,80.0137,1030000
2019-05-07,79.6373,80.6104,76.8466,77.9666,1187100
2019-05-08,77.9849,78.6184,77.1954,77.3699,615600
2019-05-09,76.8466,77.6177,75.9377,76.9935,899000
2019-05-10,76.6722,77.7003,75.185,77.1404,607100
2019-05-13,75.4788,75.6807,73.6795,74.1568,1044000
2019-05-14,74.726,74.8912,72.8165,73.4316,1097600
2019-05-15,72.8441,75.0106,72.7247,74.5608,997300
2019-05-16,75.0014,76.5436,74.5883,74.9555,935500
2019-05-17,74.2486,75.1942,73.2388,73.5142,1215700
2019-05-20,72.7064,73.6795,71.6874,72.1189,673700
2019-05-21,72.6972,73.3949,72.1831,72.6146,795900
2019-05-22,72.2015,72.7523,69.9891,71.109,1554300
2019-05-23,69.989,70.6684,69.5025,70.3563,1005200
2019-05-24,70.9254,71.2743,69.3556,69.6494,539100
2019-05-28,70.1084,70.8979,67.9603,68.0245,951100
2019-05-29,67.1708,67.5563,65.9315,66.5649,954100
2019-05-30,66.5006,67.3269,66.2711,66.5557,583300
2019-05-31,65.5642,67.1708,65.2613,66.776,1090100
2019-06-03,66.7852,68.3917,66.4088,66.7944,1273200
2019-06-04,67.4921,67.9235,66.4272,67.1065,832200
2019-06-05,67.235,68.7038,66.1059,67.639,1094200
2019-06-06,67.3544,67.9235,65.6469,67.4554,859000
2019-06-07,67.8868,68.4743,67.1249,67.2717,736900
2019-06-10,68.0704,68.0704,65.5367,65.6469,996800
2019-06-11,65.601,67.1432,65.5918,66.9596,940600
2019-06-12,67.18,67.6023,66.5833,66.9964,806600
2019-06-13,66.5458,70.1227,66.2148,69.4699,1116300
2019-06-14,69.194,69.2676,67.8607,68.5412,673000
2019-06-17,68.3388,69.8285,68.1733,69.4699,630200
2019-06-18,69.9112,72.1273,69.5894,70.7848,1013300
2019-06-19,70.8859,71.0147,69.7273,70.7388,525200
2019-06-20,71.41,71.9893,68.063,69.3043,1221600
2019-06-21,69.1664,69.194,67.3182,67.5757,1358800
2019-06-24,67.1435,67.5756,65.9205,67.263,1051800
2019-06-25,66.8492,67.1895,66.2607,66.2791,804000
2019-06-26,66.4906,67.0699,65.3688,65.3872,550100
2019-06-27,65.4884,66.6653,65.3688,66.3895,773900
2019-06-28,66.2883,67.2814,65.9757,66.3987,5422500
2019-07-01,67.4469,68.1182,66.9964,67.5389,804900
2019-07-02,67.5205,69.0009,67.4101,68.6239,572800
2019-07-03,68.5319,69.6538,68.348,68.6331,447900
2019-07-05,68.4216,69.6538,67.2998,69.1021,800200
2019-07-08,68.6607,68.6607,66.6561,66.8124,765900
2019-07-09,66.8033,67.9895,66.6929,67.1067,1016500
2019-07-10,67.5664,68.6239,66.9228,67.3274,640400
2019-07-11,67.2446,68.1457,66.8952,67.1711,660500
2019-07-12,67.309,67.8607,66.7941,67.2906,806000
2019-07-15,67.6676,67.9435,66.6193,67.2354,642400
2019-07-16,67.1343,67.4745,66.4906,66.555,716000
2019-07-17,66.555,67.0515,66.224,66.2791,1137400
2019-07-18,66.132,66.132,64.2746,64.5504,1800600
2019-07-19,64.8631,65.9021,64.5228,64.578,1462600
2019-07-22,64.7435,64.9366,63.8332,64.0171,1192700
2019-07-23,64.5228,64.6424,62.2148,62.8217,1381600
2019-07-24,62.5735,63.87,62.4447,63.1987,2359100
2019-07-25,64.8355,69.9388,64.6148,68.6699,4181700
2019-07-26,70.279,72.4215,69.5158,69.8745,2224200
2019-07-29,69.4699,69.8101,67.1435,68.2469,2249900
2019-07-30,67.6124,67.9343,66.3895,67.263,1291500
2019-07-31,66.9964,67.6584,66.4538,66.9228,933800
2019-08-01,67.0056,67.8607,65.2125,65.2125,1237000
2019-08-02,64.7527,64.9366,62.9964,63.7872,1071800
2019-08-05,62.1781,63.0424,60.4769,60.7896,1477800
2019-08-06,61.4976,62.2976,60.9551,62.1688,890700
2019-08-07,61.2309,62.7298,60.9183,62.4723,962300
2019-08-08,63.0424,64.3941,62.8125,63.4286,1279100
2019-08-09,63.1435,63.1435,61.3781,61.8378,862100
2019-08-12,61.1022,61.2218,58.3529,58.362,1325800
2019-08-13,58.4724,61.847,57.9666,61.3321,2030600
2019-08-14,61.4884,62.3803,60.1735,61.9941,1452200
2019-08-15,62.1505,64.6332,61.5344,63.401,1648600
2019-08-16,63.9987,64.5872,63.2263,64.0079,1001700
2019-08-19,64.9826,66.6561,61.5344,66.1412,1670000
2019-08-20,67.5481,69.7641,66.2975,68.5136,2030900
2019-08-21,68.5963,68.7435,66.7205,68.109,1232400
2019-08-22,68.5044,69.4147,67.8147,68.2745,917400
2019-08-23,68.0446,68.6515,67.4929,67.8699,1032100
2019-08-26,68.5687,68.863,67.8147,68.3664,595900
2019-08-27,68.6515,68.9641,67.9251,67.9894,852400
2019-08-28,67.7688,67.9343,66.9228,67.1895,924800
2019-08-29,67.4929,67.9894,65.663,65.7182,663900
2019-08-30,65.9941,66.086,63.7872,65.6814,736200
2019-09-03,65.047,65.5711,62.9505,63.7872,2111800
2019-09-04,64.4861,65.3596,63.6033,65.2768,613100
2019-09-05,65.6998,65.9757,64.8907,65.6263,804800
2019-09-06,65.9849,68.2009,65.9849,67.6492,679400
2019-09-09,67.8975,67.9527,64.4033,64.7251,875600
2019-09-10,64.0539,65.4424,63.5206,65.3964,600300
2019-09-11,66.0125,66.555,65.6079,66.132,446300
2019-09-12,66.5465,68.2689,66.307,67.9557,750700
2019-09-13,67.9741,68.1031,66.5741,66.611,428100
2019-09-16,66.4083,68.6557,66.4083,68.2689,491200
2019-09-17,67.6333,70.4057,67.6333,69.9176,702600
2019-09-18,69.6873,69.6873,66.6202,67.7807,926100
2019-09-19,67.8636,68.232,66.3531,67.2741,606300
2019-09-20,67.4676,68.0478,66.8965,67.836,1092000
2019-09-23,67.7254,68.1307,65.082,65.957,707200
2019-09-24,66.2057,67.1267,63.5438,63.553,948000
2019-09-25,63.5622,65.4228,63.5622,65.4044,1381300
2019-09-26,65.5517,65.7728,64.0964,65.3859,667600
2019-09-27,65.3952,65.9938,64.1333,65.5794,684700
2019-09-30,65.782,66.3531,64.5754,65.5333,1027500
2019-10-01,66.1688,67.532,65.5425,65.5425,686600
2019-10-02,64.9439,65.4412,60.0346,61.1399,1988000
2019-10-03,61.0293,63.5899,59.5096,63.3135,1775800
2019-10-04,63.6267,65.2754,63.6267,64.7043,1434800
2019-10-07,65.7636,66.6478,63.553,63.8754,1770400
2019-10-08,63.553,63.7465,61.2872,62.3557,983200
2019-10-09,62.6596,62.8346,60.1083,61.3701,994100
2019-10-10,61.3793,62.632,60.8543,62.282,783900
2019-10-11,63.6912,65.2202,62.8899,64.4925,1004800
2019-10-14,64.3359,64.4557,63.507,64.1241,473500
2019-10-15,64.2438,65.2017,63.7833,64.0044,663900
2019-10-16,63.7465,64.907,63.1386,64.6215,456900
2019-10-17,65.0083,65.2938,64.4004,64.7136,421100
2019-10-18,64.9899,64.9899,60.7806,61.7109,1240200
2019-10-21,62.2359,64.0044,62.0609,63.5899,1048300
2019-10-22,63.9215,63.9859,61.2596,61.4806,527500
2019-10-23,61.9043,62.6228,60.5596,61.3609,767900
2019-10-24,61.5451,62.0978,60.4491,61.6464,528100
2019-10-25,61.3241,63.4886,60.8083,62.9728,1304400
2019-10-28,63.0925,64.2623,62.5399,63.4701,650100
2019-10-29,63.3688,63.3688,61.7201,62.7794,555300
2019-10-30,62.9451,62.9451,60.6885,61.1951,1025200
2019-10-31,54.0201,55.2635,49.0464,51.6161,7567800
2019-11-01,51.6253,53.1451,51.4043,51.5424,2265200
2019-11-04,50.299,50.7043,48.5306,48.9635,3872600
2019-11-05,51.653,52.9977,51.174,51.3674,2940700
2019-11-06,50.7503,52.4635,50.6306,51.0451,1785200
2019-11-07,51.1556,51.828,50.2437,50.2806,2009300
2019-11-08,51.1832,52.2701,49.6911,50.4003,2859000
2019-11-11,50.4095,52.2424,49.9951,51.4872,2537400
2019-11-12,51.303,51.8924,50.4924,50.8608,2271700
2019-11-13,50.8977,51.653,49.9674,50.0872,1939900
2019-11-14,49.9214,52.1135,49.4885,51.828,1847600
2019-11-15,52.1595,53.1359,51.7543,53.1082,1268100
2019-11-18,53.2188,54.3332,52.4359,54.0661,1274600
2019-11-19,54.3056,55.6964,53.5411,55.678,993800
2019-11-20,55.1898,56.6911,54.9595,55.503,1082200
2019-11-21,55.7609,56.0464,54.3332,54.4253,830200
2019-11-22,54.4069,55.6043,53.9648,55.4938,652500
2019-11-25,55.9543,56.1846,54.5543,55.7332,1076800
2019-11-26,55.6964,57.0964,55.374,56.1846,948300
2019-11-27,56.5898,57.6675,56.203,57.5293,616600
2019-11-29,57.3359,57.4372,56.4885,57.124,409800
2019-12-02,57.1332,57.253,55.7885,56.6635,871600
2019-12-03,56.1569,57.1333,55.2635,56.9951,684400
2019-12-04,56.8385,57.6491,56.4425,56.8662,837500
2019-12-05,57.2346,58.1096,56.6635,57.3451,830400
2019-12-06,57.9069,58.6254,57.4372,58.2201,1201700
2019-12-09,58.0267,58.128,57.0043,57.7411,675700
2019-12-10,57.5569,58.0359,56.599,56.7925,647100
2019-12-11,56.7925,57.9622,56.203,57.8977,1127900
2019-12-12,58.1008,58.1008,56.3751,56.532,948600
2019-12-13,56.855,58.516,56.7904,58.0085,989700
2019-12-16,58.4145,59.4758,57.7501,58.7744,1171900
2019-12-17,58.9682,59.485,57.6855,59.1528,995300
2019-12-18,59.0605,59.7065,58.719,59.0605,769900
2019-12-19,59.1805,59.688,58.4976,59.5865,881800
2019-12-20,59.9095,60.2878,59.1989,59.9372,1221200
2019-12-23,60.1033,60.8139,59.5219,60.1494,931400
2019-12-24,60.1494,60.4447,59.3189,59.9095,279300
2019-12-26,59.9925,60.5093,59.5034,60.3894,343700
2019-12-27,60.537,60.7031,59.2358,59.9095,419200
2019-12-30,60.0571,60.1125,59.0882,59.2266,468900
2019-12-31,59.0605,60.2694,58.7375,59.8634,544600
2020-01-02,60.3709,60.6201,58.8575,59.2635,985300
2020-01-03,58.5345,60.1586,58.3407,59.7618,825600
2020-01-06,59.4388,60.2325,59.0051,60.1125,1250800
2020-01-07,60.2233,62.3181,60.131,61.2753,738000
2020-01-08,61.1922,61.4045,57.8701,57.9808,2118800
2020-01-09,58.3868,59.4296,57.0303,58.756,2434500
2020-01-10,58.8575,58.8944,55.886,56.006,2211700
2020-01-13,56.0152,56.7903,55.1662,56.6612,1113800
2020-01-14,56.7534,58.756,56.7258,57.8424,1172700
2020-01-15,57.907,59.245,57.058,57.2979,974100
2020-01-16,57.9992,59.4758,57.9992,58.8759,1390100
2020-01-17,59.2912,59.4388,57.7224,57.9992,698300
2020-01-21,57.8331,57.8885,56.9657,57.1503,603500
2020-01-22,57.1041,58.3776,57.1041,58.0546,1144200
2020-01-23,57.9254,58.1377,57.0026,57.6394,3323900
2020-01-24,57.7039,57.7039,54.068,55.0555,1304100
2020-01-27,53.6528,54.8617,53.1544,54.5294,894900
2020-01-28,55.3046,55.9598,55.2492,55.766,923200
2020-01-29,55.9967,56.615,55.8583,56.2367,635200
2020-01-30,55.8675,57.6301,55.443,57.4917,951700
2020-01-31,41.8038,47.3684,41.6192,45.1075,19477000
2020-02-03,45.1813,45.615,42.3759,42.5236,4459100
2020-02-04,43.0127,43.834,42.8189,43.7048,2774400
2020-02-05,44.0647,45.5596,44.037,45.2182,2998500
2020-02-06,37.1343,44.2677,37.1343,41.0655,15577300
2020-02-07,41.3885,41.5084,39.1922,39.2475,4601600
2020-02-10,38.3709,39.5428,37.7249,38.8046,3907100
2020-02-11,38.3247,39.8381,38.2232,39.4413,1786700
2020-02-12,39.995,40.3457,38.8231,38.9799,1886700
2020-02-13,38.9707,40.7148,38.943,40.3826,2248100
2020-02-14,40.6041,41.5915,40.521,41.4623,1353300
2020-02-18,41.8314,43.2064,41.7761,42.4128,2311100
2020-02-19,42.782,43.271,41.9883,42.9296,1538900
2020-02-20,42.9204,44.1385,42.5328,44.0554,2071800
2020-02-21,43.6033,48.4111,43.6033,46.3533,4483400
2020-02-24,44.0554,45.4766,43.5848,44.969,3036000
2020-02-25,44.8952,45.9288,44.0739,45.0428,2196000
2020-02-26,45.0428,46.2241,44.5353,44.6737,2135100
2020-02-27,43.2895,43.5387,42.2006,42.3205,2541400
2020-02-28,38.9522,43.2618,38.9522,43.1603,2127700
2020-03-02,43.3725,43.4648,41.6284,42.7819,2025900
2020-03-03,42.985,44.1293,41.047,41.7115,1629300
2020-03-04,42.1636,42.4497,41.0009,41.5084,1705700
2020-03-05,40.7148,41.9329,40.3918,41.4439,1307600
2020-03-06,39.8935,41.0747,39.1645,39.4044,1691100
2020-03-09,36.1284,39.3398,36.1284,37.9833,1303000
2020-03-10,39.0261,39.3675,35.9992,38.011,1865300
2020-03-11,37.2543,37.5219,34.089,35.7316,1965400
2020-03-12,33.3248,33.3248,29.7331,29.9738,2664400
2020-03-13,31.9455,33.2693,28.7426,33.1952,3178600
2020-03-16,28.8815,30.0294,27.7707,28.178,2319500
2020-03-17,28.7149,32.3991,26.9376,30.3163,2388400
2020-03-18,28.3076,33.1026,28.3076,31.4179,2556000
2020-03-19,31.0754,33.8432,29.4091,33.3526,1678600
2020-03-20,33.6025,36.2315,33.0471,33.7877,2118300
2020-03-23,33.5562,36.0371,32.4917,34.917,1417800
2020-03-24,36.6573,38.6846,34.5652,36.1389,1554400
2020-03-25,33.4544,34.8244,31.6493,31.8252,2182000
2020-03-26,32.0011,33.26,30.7977,32.3528,1675500
2020-03-27,31.8622,32.3806,30.0016,31.2883,1938800
2020-03-30,31.5012,32.1492,30.3626,30.955,1404200
2020-03-31,30.918,32.9268,30.6773,31.4086,1494500
2020-04-01,30.7792,32.1955,29.9275,31.1032,1194900
2020-04-02,30.7144,32.7601,30.6681,32.0751,1022200
2020-04-03,31.8715,32.1677,30.5385,31.5938,721700
2020-04-06,32.9916,34.3801,32.0751,32.4732,1149000
2020-04-07,33.9635,34.9818,32.9453,33.26,761100
2020-04-08,33.5377,34.0006,32.612,33.5747,973600
2020-04-09,34.2505,35.6483,33.7877,34.6393,2329800
2020-04-13,34.63,35.2317,33.5192,34.6763,1190100
2020-04-14,35.4817,35.9167,34.88,35.5187,747100
2020-04-15,34.917,36.4074,34.2598,36.0093,913900
2020-04-16,36.1482,37.8977,35.9908,36.7221,1052200
2020-04-17,38.7031,39.1844,37.2775,37.5274,1342100
2020-04-20,36.8054,38.305,36.7128,37.5552,1265300
2020-04-21,36.935,37.62,35.5094,36.5925,949900
2020-04-22,37.3423,38.1754,36.3333,36.5462,737700
2020-04-23,36.5462,37.8514,36.1019,36.1667,1258300
2020-04-24,42.6557,43.0631,40.4619,41.4616,5817100
2020-04-27,42.0263,43.0631,40.3878,40.8044,1620700
2020-04-28,41.656,43.4889,41.0173,41.0728,1344800
2020-04-29,42.0911,42.6835,41.7208,41.8226,1420200
2020-04-30,41.2857,41.6745,40.5452,41.1654,1075300
2020-05-01,40.2675,41.0636,39.8694,40.6563,1014200
2020-05-04,39.925,41.5727,39.8324,40.7303,623000
2020-05-05,41.4801,41.8226,40.5452,41.0173,606300
2020-05-06,41.3783,41.656,40.2675,40.2767,610500
2020-05-07,40.7025,41.5542,40.4341,40.5544,639500
2020-05-08,41.1098,42.6557,40.9525,42.6372,944100
2020-05-11,42.3132,42.7946,41.1191,41.1284,788500
2020-05-12,41.3228,41.656,39.8046,39.8417,1070800
2020-05-13,39.8417,40.1286,37.8051,38.3883,1036700
2020-05-14,37.9532,39.3788,37.3978,38.916,647300
2020-05-15,38.6105,39.1474,37.907,38.5457,550400
2020-05-18,39.601,40.934,39.5732,40.323,826900
2020-05-19,40.323,41.2302,39.8046,40.249,525100
2020-05-20,41.1098,42.5262,40.8136,42.3503,737300
2020-05-21,42.2855,42.4891,41.1932,41.4431,678600
2020-05-22,41.5449,41.8319,40.8044,41.2024,371300
2020-05-26,42.3688,42.3688,41.4801,41.6375,682700
2020-05-27,42.1744,42.5724,41.2395,42.4614,696500
2020-05-28,42.5262,43.026,41.5079,41.6838,457700
2020-05-29,41.8689,43.4518,41.8689,42.8316,998200
2020-06-01,42.8594,44.3313,42.8594,43.6462,836400
2020-06-02,43.9702,44.97,43.313,43.8684,861600
2020-06-03,43.9239,44.6645,43.6462,44.1831,543000
2020-06-04,44.1554,44.2664,43.0445,43.5259,544800
2020-06-05,44.359,45.8309,44.359,44.609,815100
2020-06-08,45.2662,45.2662,44.0535,45.1366,685400
2020-06-09,44.7478,44.8219,42.6373,43.2204,768200
2020-06-10,43.7481,43.7481,42.6743,43.2297,405700
2020-06-11,42.017,42.2114,40.4063,40.6748,1076700
2020-06-12,41.4638,42.3085,40.0343,41.2781,786400
2020-06-15,40.2664,42.392,40.0343,42.0021,872300
2020-06-16,42.9118,43.1439,40.6655,41.4081,591100
2020-06-17,41.7701,42.3642,41.4081,41.6216,391000
2020-06-18,41.6401,42.0671,41.2503,42.0021,593400
2020-06-19,42.2528,43.2088,41.6401,41.965,715600
2020-06-22,42.0486,42.1043,41.0832,41.6216,380500
2020-06-23,42.1507,42.2249,41.4359,41.5287,553300
2020-06-24,41.1296,41.5566,39.6073,40.7026,496700
2020-06-25,40.582,40.6005,39.4031,39.9322,1014200
2020-06-26,39.7651,39.9136,38.3821,38.3913,1123400
2020-06-29,38.7162,40.6655,38.1778,40.4613,537500
2020-06-30,40.4891,40.6469,39.8301,40.3313,470000
2020-07-01,40.8233,41.9093,40.1643,41.603,979100
2020-07-02,42.2806,42.689,41.733,42.2435,509800
2020-07-06,42.9025,43.5894,42.5219,43.051,400900
2020-07-07,42.8561,43.0603,41.7422,41.7701,560100
2020-07-08,41.965,42.7354,41.7701,42.5684,318000
2020-07-09,43.0325,43.051,41.2874,41.9279,280700
2020-07-10,41.7701,43.0789,41.7701,42.9304,381000
2020-07-13,43.0696,43.1067,41.2503,41.2874,667800
2020-07-14,41.4638,42.6148,40.9068,42.2992,569800
2020-07-15,43.1253,44.1649,42.7261,43.7379,550100
2020-07-16,43.4966,43.9607,42.7169,43.3759,489400
2020-07-17,43.3759,43.4316,42.2713,42.754,510600
2020-07-20,42.8561,43.3945,42.0578,42.9397,350400
2020-07-21,42.9768,43.5616,42.5127,42.5498,393500
2020-07-22,42.6983,43.1995,42.2435,42.6333,314200
2020-07-23,42.5591,43.0232,41.8722,42.2899,1322400
2020-07-24,42.1878,42.327,41.0646,41.5102,827600
2020-07-27,41.7701,41.9279,41.0739,41.6865,1175500
2020-07-28,41.4916,42.6426,41.3245,41.6773,476600
2020-07-29,41.8815,42.095,41.0182,41.3617,545700
2020-07-30,40.9997,42.4755,40.7862,42.1692,651600
2020-07-31,44.7868,45.3902,41.8351,43.2645,1593900
2020-08-03,43.3109,43.6265,40.6562,40.9997,1142100
2020-08-04,41.0089,41.7608,40.6841,41.1296,638900
2020-08-05,41.2503,42.1878,41.1482,42.0114,637800
2020-08-06,42.0021,42.3641,41.5473,42.1599,411600
2020-08-07,42.2342,42.4755,40.2942,40.5634,709500
2020-08-10,40.7026,41.5287,40.5541,40.9254,582900
2020-08-11,41.3988,43.0232,41.2596,42.1507,724100
2020-08-12,42.5127,43.1995,41.7701,42.2435,525000
2020-08-13,42.2156,42.9489,42.1507,42.5405,420600
2020-08-14,42.4384,42.8004,41.9836,42.1135,294100
2020-08-17,42.2249,42.2249,40.9254,41.668,420400
2020-08-18,41.5937,41.8629,41.0182,41.5566,433600
2020-08-19,41.4916,42.3456,41.3245,41.4731,329300
2020-08-20,41.2503,41.2503,40.6284,40.8697,321600
2020-08-21,40.7026,40.9997,39.3381,39.663,597700
2020-08-24,39.8858,41.8072,39.6537,41.7515,729900
2020-08-25,41.5009,42.2342,40.9997,41.306,402600
2020-08-26,41.111,42.7354,40.9904,42.1971,568400
2020-08-27,42.4477,42.9304,41.7886,41.9,350800
2020-08-28,41.9372,42.0949,41.603,41.6958,274900
2020-08-31,41.2967,41.5659,40.8697,40.9068,430700
2020-09-01,40.8419,41.111,40.2107,40.4056,398700
2020-09-02,40.4149,41.4823,40.4149,41.176,388900
2020-09-03,40.9718,42.2249,39.0968,39.4681,1011800
2020-09-04,39.6723,40.2385,38.0943,39.9879,618900
2020-09-08,39.3196,40.6284,39.0597,39.6537,420700
2020-09-09,39.8951,39.9972,38.8183,39.2267,392300
2020-09-10,39.3381,40.4799,39.3381,39.4124,451900
2020-09-11,38.9854,39.3938,37.8437,38.4285,626200
2020-09-14,39.2105,39.3408,37.7396,38.2795,479200
2020-09-15,38.5495,38.9219,37.8792,38.3075,324900
2020-09-16,38.3819,38.9126,38.1585,38.2423,423600
2020-09-17,37.693,38.1864,37.1903,37.9165,544700
2020-09-18,37.9072,38.233,37.2928,37.3858,735100
2020-09-21,37.3765,37.7303,35.6078,36.6411,821700
2020-09-22,36.6877,37.181,36.1012,36.5015,386800
2020-09-23,36.2967,36.3711,35.2634,35.7009,1057200
2020-09-24,35.4775,36.669,35.282,36.1384,814100
2020-09-25,36.1477,36.7435,35.8405,36.4456,485300
2020-09-28,37.0507,37.572,36.5015,37.1159,520300
2020-09-29,37.1904,37.3765,36.7156,37.2648,406200
2020-09-30,37.8327,38.2516,37.3393,37.6744,941800
2020-10-01,38.0189,38.3726,37.209,37.5813,702800
2020-10-02,37.1345,37.7024,36.6225,37.3858,863300
2020-10-05,37.6372,37.6837,36.2594,36.5108,513100
2020-10-06,37.0135,38.0747,36.7435,37.0135,607200
2020-10-07,37.181,37.6465,36.6597,37.3114,544500
2020-10-08,37.5441,37.7396,36.818,37.0973,288300
2020-10-09,37.1997,37.5534,36.7807,37.3858,340100
2020-10-12,37.6279,37.9909,37.209,37.3114,522100
2020-10-13,37.2369,37.9258,36.7063,37.7675,331400
2020-10-14,37.6837,38.9777,37.6837,38.7729,635500
2020-10-15,38.4843,38.7729,37.7117,38.1306,1307900
2020-10-16,38.1213,38.8567,37.0228,37.0321,916700
2020-10-19,37.3207,37.4882,35.8312,35.9802,886500
2020-10-20,36.3432,36.7063,35.9522,36.036,378900
2020-10-21,35.9895,36.5759,35.4775,36.2967,505700
2020-10-22,36.4456,36.939,35.6543,35.9336,503200
2020-10-23,36.1477,36.548,35.4961,35.6357,572300
2020-10-26,35.403,35.9615,34.7699,35.0492,663000
2020-10-27,34.863,35.0585,34.2207,34.891,627500
2020-10-28,34.3324,35.0492,33.988,34.1183,734000
2020-10-29,34.23,35.2633,33.5318,34.7513,1026100
2020-10-30,34.621,36.7528,32.9919,33.8483,1364200
2020-11-02,34.3604,35.7754,33.6622,35.7567,1315100
2020-11-03,36.0639,37.0507,35.6916,35.8405,680800
2020-11-04,36.0919,37.0042,35.6636,36.3991,687200
2020-11-05,36.7528,37.1531,34.9934,35.1702,1386700
2020-11-06,35.0958,36.6876,34.9003,36.2315,1200100
2020-11-09,38.6333,39.9924,37.4045,37.451,1345900
2020-11-10,37.7303,37.9351,36.4456,37.7303,738700
2020-11-11,37.9165,38.866,37.8234,38.2702,514800
2020-11-12,38.0468,38.3819,37.2555,37.5162,550800
2020-11-13,37.6931,38.2609,37.4603,38.0561,341400
2020-11-16,38.8474,39.7876,38.475,39.3408,574300
2020-11-17,39.0429,39.7318,38.9591,39.3128,912400
2020-11-18,39.2849,39.4804,38.5681,38.6054,655900
2020-11-19,38.3912,39.7876,38.1678,39.0522,1602000
2020-11-20,39.1639,39.4246,37.9909,38.1399,960500
2020-11-23,38.475,38.8939,37.963,38.4471,542500
2020-11-24,38.6891,39.2291,38.4471,39.1267,1024400
2020-11-25,39.2849,40.1134,38.7729,39.0708,780000
2020-11-27,39.2104,39.89,38.7078,38.9126,492900
2020-11-30,38.7636,40.43,38.6519,40.0669,1494300
2020-12-01,40.5044,41.7891,40.1414,41.7612,1244100
2020-12-02,41.4074,42.1987,41.1561,41.4074,711500
2020-12-03,41.2399,41.3981,40.5417,41.0723,1058400
2020-12-04,41.4354,41.9567,40.9978,41.8636,717600
2020-12-07,41.426,42.1149,40.8116,41.2399,771100
2020-12-08,41.0816,41.3143,40.3369,40.7465,663000
2020-12-09,41.0258,41.9753,40.5882,40.793,551100
2020-12-10,40.402,41.454,40.2158,41.3702,737300
2020-12-11,41.4912,41.8822,41.0164,41.1933,632600
2020-12-14,41.5387,41.8467,41.2587,41.6414,431300
2020-12-15,41.9307,42.7055,41.7814,42.6402,1698900
2020-12-16,42.8269,43.2749,42.2761,42.5001,825500
2020-12-17,42.5562,44.3857,42.5562,44.3297,1503400
2020-12-18,44.6191,44.8058,42.9575,43.3403,1318100
2020-12-21,42.2481,43.5643,41.9027,43.1162,684300
2020-12-22,43.0976,44.3297,42.6962,44.003,530300
2020-12-23,44.2644,45.5805,44.059,44.5817,757100
2020-12-24,44.6098,44.6938,43.891,44.171,194400
2020-12-28,44.003,45.5246,44.003,44.7311,432500
2020-12-29,44.9085,45.3659,44.6751,44.9645,608100
2020-12-30,45.2445,45.8419,44.8618,45.1605,1183400
2020-12-31,45.1605,45.5152,44.5538,44.8525,756400
2021-01-04,45.1512,45.3752,43.3496,44.0777,744800
2021-01-05,43.863,44.9271,43.863,44.8245,549800
2021-01-06,44.9458,46.1313,44.8431,45.2725,740700
2021-01-07,45.6739,45.8979,44.6938,45.2072,573900
2021-01-08,45.5059,46.122,44.6844,45.0298,574200
2021-01-11,44.7591,45.2538,43.7136,44.1057,596600
2021-01-12,43.8817,45.4779,43.8817,45.4685,699200
2021-01-13,45.7299,47.9235,45.6272,46.8407,1149100
2021-01-14,46.9714,48.9877,46.9714,48.2409,836600
2021-01-15,48.2222,48.6236,47.0928,47.4475,887600
2021-01-19,48.801,49.8278,48.3249,48.6143,1351500
2021-01-20,48.8943,49.1837,47.5128,48.1195,568200
2021-01-21,48.1382,49.3704,46.8594,49.0903,1070300
2021-01-22,49.0997,51.9,48.7543,51.8254,1084800
2021-01-25,52.5068,53.1975,49.7157,50.3692,2631600
2021-01-26,51.984,53.8229,50.8826,53.6363,1671400
2021-01-27,53.2722,56.0072,53.0948,53.6176,3616500
2021-01-28,53.4402,54.2523,52.1614,52.7308,912600
2021-01-29,52.6655,54.439,52.5815,52.5815,1573800
2021-02-01,53.2909,53.8323,51.5267,53.7483,775900
2021-02-02,54.2803,54.4017,52.7121,53.3562,947300
2021-02-03,53.1602,54.159,52.6841,52.7495,1718100
2021-02-04,52.7401,53.1882,51.7693,52.2734,1737900
2021-02-05,49.4917,51.1066,45.6179,45.9539,2705100
2021-02-08,46.1219,46.682,42.9855,44.2644,3642200
2021-02-09,44.1524,44.6004,43.3216,44.0964,1747200
2021-02-10,44.4884,44.5631,43.2376,43.5736,2055900
2021-02-11,43.5176,44.2364,42.8175,43.9283,2244500
2021-02-12,43.9843,44.0777,42.8362,43.3216,2650100
2021-02-16,43.667,44.1057,42.8455,43.4056,1138600
2021-02-17,43.4056,44.6004,42.8642,44.3297,2086900
2021-02-18,44.0497,45.3472,44.0497,44.1244,1380300
2021-02-19,43.9657,44.6004,43.6016,43.695,711300
2021-02-22,43.4056,44.7871,43.3683,44.5537,921200
2021-02-23,44.1804,45.4965,43.5643,45.0298,1002700
2021-02-24,44.9551,46.6447,44.8431,46.4953,1221800
2021-02-25,46.6447,48.3903,45.2819,45.6459,1565900
2021-02-26,45.2632,46.8034,45.1605,46.1126,957100
2021-03-01,46.8874,49.2584,46.7287,48.997,2468300
2021-03-02,49.2024,50.7332,49.0063,49.3797,1572600
2021-03-03,49.2677,49.389,47.8208,48.3716,1488600
2021-03-04,48.6423,49.5664,47.8302,49.081,1395200
2021-03-05,49.4357,51.1346,48.6516,50.8732,1357300
2021-03-08,51.1906,53.1229,50.7425,52.9735,850500
2021-03-09,53.5709,53.6176,51.676,52.3388,1197900
2021-03-10,52.5721,53.4496,51.956,53.4122,813500
2021-03-11,53.6269,55.2418,53.3002,54.4017,1811500
2021-03-12,54.1678,54.4017,53.4289,53.5131,882200
2021-03-15,53.5879,54.4017,53.0454,53.9434,618700
2021-03-16,53.9808,54.2146,53.3541,53.9901,440800
2021-03-17,53.8218,53.8218,51.9416,52.9144,591500
2021-03-18,52.6712,53.0267,51.9697,52.3439,528000
2021-03-19,52.3158,54.1491,51.9791,53.4289,840600
2021-03-22,53.3073,54.3269,53.167,54.0088,560900
2021-03-23,53.6721,53.8218,52.2129,52.7274,771700
2021-03-24,53.0173,57.3575,51.6049,52.9332,2890600
2021-03-25,52.3813,53.5692,51.6049,51.6797,1025600
2021-03-26,51.9416,52.5403,50.0896,51.4459,1860900
2021-03-29,51.2775,52.7554,51.2308,52.4655,470800
2021-03-30,52.2971,53.3821,51.9229,52.3345,856800
2021-03-31,52.559,53.008,50.6976,50.7537,651900
2021-04-01,51.0063,52.0632,50.7537,51.9978,591100
2021-04-05,52.6058,52.7554,51.5301,51.9042,641700
2021-04-06,51.6517,52.6712,51.5675,52.428,755200
2021-04-07,52.4468,52.849,51.5956,52.849,436700
2021-04-08,53.1109,53.4383,52.1287,52.4655,493500
2021-04-09,52.5777,54.7197,52.5777,54.5888,1073700
2021-04-12,54.5233,54.6636,52.9425,53.1296,700100
2021-04-13,53.1109,53.2418,52.1942,52.7086,628500
2021-04-14,52.5683,53.0922,52.082,52.5964,863900
2021-04-15,53.0828,53.4757,52.69,53.0735,468300
2021-04-16,53.3634,53.3634,52.2035,52.718,491600
2021-04-19,53.0267,53.7002,52.559,53.0735,708900
2021-04-20,53.5224,53.5224,51.8201,52.9238,708500
2021-04-21,52.9893,53.934,52.5496,53.2605,501400
2021-04-22,52.8209,53.2325,52.1194,52.5871,1339600
2021-04-23,52.428,52.9893,50.6695,50.7257,1083100
2021-04-26,50.9969,52.428,50.2954,52.0258,860400
2021-04-27,52.4748,52.7087,51.633,52.1474,382800
2021-04-28,52.1848,52.3532,51.4552,51.9604,242200
2021-04-29,51.8294,52.2035,51.3617,52.0819,379000
2021-04-30,51.8013,52.3158,51.3149,51.5488,992600
2021-05-03,51.8668,52.5964,51.5862,52.2784,650900
2021-05-04,52.1848,52.241,50.417,50.8285,605300
2021-05-05,50.9501,51.4272,50.5292,50.7069,481500
2021-05-06,51.1185,51.4739,50.735,51.4085,338600
2021-05-07,51.5394,52.1848,51.2775,51.3243,268300
2021-05-10,51.7078,51.9416,50.8753,51.0624,299800
2021-05-11,50.5199,50.8472,49.837,50.5573,404600
2021-05-12,50.1551,50.5105,49.1542,49.3974,415900
2021-05-13,49.5845,50.3328,48.8268,49.3974,521200
2021-05-14,49.5471,50.3328,49.4442,50.2205,419300
2021-05-17,50.3328,50.866,49.9025,50.417,856000
2021-05-18,50.3515,50.445,49.4909,49.5471,1072200
2021-05-19,48.9297,49.5751,48.4433,49.2852,504800
2021-05-20,49.5377,51.7546,49.5377,51.0998,1075500
2021-05-21,51.82,54.252,51.6236,53.8311,1708800
2021-05-24,53.7189,54.4391,53.1576,54.1772,878500
2021-05-25,54.4391,54.5794,53.4008,53.5786,517400
2021-05-26,53.7843,54.1585,52.7461,53.2044,353300
2021-05-27,53.3915,53.5037,52.5029,53.008,778900
2021-05-28,53.008,53.2605,52.1942,52.2316,1066100
2021-06-01,52.5309,52.718,51.212,52.0632,1219200
2021-06-02,51.9697,52.4374,50.8285,52.3906,955300
2021-06-03,52.0632,53.2792,51.4459,53.1015,856700
2021-06-04,53.3167,53.8498,52.9612,53.1576,896600
2021-06-07,53.1857,53.5131,52.4187,52.6525,475100
2021-06-08,52.8864,54.4391,52.5496,54.3923,542500
2021-06-09,58.9383,66.1501,58.9196,60.3133,7069400
2021-06-10,60.3133,62.2495,59.883,60.6874,1244900
2021-06-11,61.0335,61.0335,57.5072,58.508,1225800
2021-06-14,58.4424,60.2512,57.9457,59.4546,844300
2021-06-15,59.1734,59.2484,57.5896,57.8145,1376600
2021-06-16,57.9926,58.2456,55.7527,55.9776,566800
2021-06-17,55.7527,55.8558,54.6656,55.0873,746200
2021-06-18,54.8718,55.1342,53.9065,54.197,935800
2021-06-21,54.047,54.5156,53.5035,54.1501,533300
2021-06-22,53.7753,55.912,53.4004,55.4434,1334500
2021-06-23,55.0686,55.6871,54.6656,54.9186,789000
2021-06-24,55.3872,55.6028,54.4875,55.0967,453900
2021-06-25,55.1904,56.2119,55.1904,56.1744,814200
2021-06-28,56.0432,56.3994,54.7499,55.3029,413100
2021-06-29,55.0592,55.4247,54.1876,54.3188,534900
2021-06-30,54.0377,54.6937,53.8315,54.2532,1132400
2021-07-01,54.3563,54.8155,54.0377,54.6937,340100
2021-07-02,54.6468,54.6843,53.5128,54.1314,335500
2021-07-06,54.0658,54.0658,52.2851,52.9224,680900
2021-07-07,52.9412,53.6722,52.2477,52.7631,442700
2021-07-08,52.1258,52.6694,51.5635,52.2196,506400
2021-07-09,52.1446,52.8849,51.601,52.8006,500500
2021-07-12,52.988,52.988,52.0696,52.3882,458700
2021-07-13,52.1165,52.7256,51.7228,52.1352,363800
2021-07-14,52.482,52.5663,51.7884,51.854,271200
2021-07-15,51.5073,51.6572,47.2525,48.2365,2264300
2021-07-16,48.3959,48.3959,47.0651,47.3837,1302600
2021-07-19,46.484,46.8683,45.2657,45.9498,971400
2021-07-20,45.9779,46.8589,45.575,45.6218,873000
2021-07-21,45.8655,47.0463,45.6124,46.4746,1545600
2021-07-22,46.4278,46.962,45.5094,46.4934,546400
2021-07-23,46.5777,46.5777,45.4156,45.9405,339900
2021-07-26,45.9405,46.9526,45.7062,46.4934,419800
2021-07-27,46.4372,46.6059,45.8749,46.1092,455500
2021-07-28,46.4746,46.5684,45.5562,46.0998,406400
2021-07-29,46.1279,46.6058,45.0782,45.0782,593900
2021-07-30,45.0126,47.0088,44.5441,46.2778,816900
2021-08-02,46.4465,47.7211,46.0061,46.0623,832800
2021-08-03,45.8093,45.8093,44.694,45.6031,607900
2021-08-04,45.4719,46.5028,45.4719,45.5375,421600
2021-08-05,45.7718,46.9807,45.7718,46.9526,405700
2021-08-06,47.1775,47.6274,46.7933,47.1682,486000
2021-08-09,47.1775,47.3837,46.5121,46.634,609800
2021-08-10,46.9807,47.8804,46.8495,47.0838,630700
2021-08-11,46.9526,47.7305,46.7745,47.4962,474900
2021-08-12,47.7773,47.7961,46.7371,47.2994,314500
2021-08-13,47.4399,47.7117,47.0182,47.1026,240300
2021-08-16,47.037,47.1307,46.1841,46.6715,418300
2021-08-17,46.2122,46.812,45.6968,45.8749,255600
2021-08-18,45.903,46.2497,44.8627,44.9283,569100
2021-08-19,44.3004,44.7221,43.8693,44.2817,489600
2021-08-20,43.9349,46.1091,43.9349,45.4625,1015100
2021-08-23,45.575,46.4184,45.575,45.9686,403900
2021-08-24,46.0342,47.1494,46.0342,46.8776,402300
2021-08-25,47.0932,47.3837,46.5871,47.0557,323400
2021-08-26,46.8589,48.4896,46.7558,48.1147,1054500
2021-08-27,47.9929,48.8363,47.6555,48.7332,482600
2021-08-30,49.1175,49.1175,48.1053,48.6676,383700
2021-08-31,48.5177,49.0238,48.3584,48.8363,841200
2021-09-01,49.0425,49.5954,48.5177,49.0613,355200
2021-09-02,49.5111,49.6329,48.752,49.2862,296200
2021-09-03,49.0144,49.1081,48.2553,48.7332,368700
2021-09-07,48.3771,48.6302,47.543,47.7117,307700
2021-09-08,47.7211,48.0678,47.0463,47.3743,544700
2021-09-09,47.3462,47.3462,46.306,46.9339,341000
2021-09-10,47.3743,50.0547,47.3368,48.6489,1709300
2021-09-13,49.0331,50.7575,48.4146,50.5889,801000
2021-09-14,50.8331,51.2557,50.2038,50.7392,756100
2021-09-15,50.6076,51.8381,50.5607,51.7348,1303700
2021-09-16,51.5563,51.9038,49.5181,51.6596,678400
2021-09-17,52.1293,52.8149,51.6596,51.7442,1028300
2021-09-20,51.0209,51.4906,50.5043,51.4436,670800
2021-09-21,51.6596,52.7586,51.4248,52.3265,532000
2021-09-22,52.721,52.7774,51.5375,52.0166,329300
2021-09-23,51.9508,52.6834,51.8005,52.3922,317300
2021-09-24,52.3265,52.6553,51.8945,52.5613,536400
2021-09-27,52.5989,53.1812,52.3265,52.6271,429500
2021-09-28,52.5707,52.7773,51.9884,52.2138,371700
2021-09-29,52.9652,53.6321,52.3265,52.6834,394200
2021-09-30,52.9182,53.5382,52.411,52.8431,272600
2021-10-01,53.2658,54.4492,52.8149,54.1487,676200
2021-10-04,53.9796,54.4586,53.6603,54.0829,348200
2021-10-05,54.1769,54.8062,54.036,54.4211,809500
2021-10-06,54.0923,54.8062,53.8387,54.7404,348800
2021-10-07,55.2382,55.7642,54.6935,54.7028,898300
2021-10-08,55.0316,56.1587,54.8437,55.2476,315400
2021-10-11,55.4167,55.4167,54.3553,54.7404,264400
2021-10-12,54.7028,55.7079,54.3365,55.6233,353000
2021-10-13,55.6327,56.6377,55.257,55.304,475000
2021-10-14,55.5482,56.046,55.0598,55.8675,181500
2021-10-15,56.2151,56.4968,55.8487,55.8769,355900
2021-10-18,55.9051,56.4874,55.6891,56.0742,383300
2021-10-19,56.5908,57.2858,56.1963,56.3278,291800
2021-10-20,56.3466,56.8068,55.9051,56.6096,209600
2021-10-21,56.525,57.0416,56.3184,56.5814,226400
2021-10-22,56.5156,56.835,55.9521,56.4029,285400
2021-10-25,56.3559,56.6659,55.7266,56.6283,473500
2021-10-26,56.7504,57.1825,55.7454,56.9007,687400
2021-10-27,56.525,57.2764,55.8769,56.2245,964800
2021-10-28,56.1681,57.5864,56.1587,57.5488,435800
2021-10-29,57.2952,57.9151,56.8725,57.3797,351600
2021-11-01,57.84,58.3754,57.6615,58.0654,478700
2021-11-02,58.3096,58.3096,57.3328,58.0372,688300
2021-11-03,57.9809,58.5069,56.9853,57.2389,566200
2021-11-04,57.2952,57.577,56.6753,56.6753,537500
2021-11-05,55.473,57.577,53.0028,55.0973,1037100
2021-11-08,55.2194,55.473,53.6321,55.4449,1368900
2021-11-09,55.5388,55.7079,53.3033,53.3409,726600
2021-11-10,53.2,53.6321,51.8193,51.932,616400
2021-11-11,52.0353,52.8901,51.5845,52.3922,447800
2021-11-12,52.4674,53.2939,52.1668,52.5143,607400
2021-11-15,52.5801,53.7166,52.5519,52.7398,462100
2021-11-16,52.4768,52.8807,51.4248,52.8149,526400
2021-11-17,52.7961,52.8055,50.5889,50.6076,555200
2021-11-18,50.5325,50.5889,49.6684,50.091,591500
2021-11-19,50.0629,50.6264,49.4242,49.4617,432800
2021-11-22,49.349,49.349,47.9307,48.0904,812100
2021-11-23,48.4098,49.4054,47.6208,49.3115,577800
2021-11-24,49.2175,49.8938,48.4849,49.8562,472000
2021-11-26,48.4661,49.1142,48.0622,48.2501,461200
2021-11-29,48.4004,48.8324,47.5175,47.7147,707300
2021-11-30,47.2545,47.4987,46.1931,46.3622,947500
2021-12-01,46.7754,47.5644,44.7654,44.8124,629800
2021-12-02,44.9063,46.7567,44.3897,46.1461,1097000
2021-12-03,46.5031,46.7379,45.4041,46.4185,516400
2021-12-06,47.0196,47.123,45.9583,46.3434,755800
2021-12-07,46.813,47.6114,46.4467,46.7379,491900
2021-12-08,46.9257,47.8086,46.5688,46.7379,452000
2021-12-09,46.3152,47.2639,45.7235,45.7516,380100
2021-12-10,46.3903,46.6815,45.8268,46.1367,315000
2021-12-13,45.7047,45.7329,44.8499,45.1975,434000
2021-12-14,44.915,45.7813,44.5948,44.7643,576800
2021-12-15,44.6984,45.8284,44.35,45.4423,434300
2021-12-16,45.6212,45.9696,44.5478,44.8208,461800
2021-12-17,44.8114,45.5647,44.1711,45.3481,709600
2021-12-20,44.8208,45.5835,44.2559,44.9903,574000
2021-12-21,45.1598,45.8848,44.5007,44.8114,429500
2021-12-22,44.915,45.753,44.7267,44.9621,293600
2021-12-23,45.1127,45.9131,44.9997,45.5365,301400
2021-12-27,45.5929,46.2332,45.2069,45.8472,280100
2021-12-28,45.6683,46.6852,45.6683,46.1108,316500
2021-12-29,46.0826,46.8076,45.6777,46.6193,426300
2021-12-30,46.7888,47.4291,45.9602,46.1203,330200
2021-12-31,45.9413,46.6852,45.8283,46.4592,394500
2022-01-03,46.7511,47.7869,46.5816,46.9489,456000
2022-01-04,46.8547,48.2671,46.4027,47.5703,820000
2022-01-05,47.0242,47.9752,45.6871,45.8284,737200
2022-01-06,45.7248,46.4686,45.0656,46.1579,372600
2022-01-07,46.318,47.4291,46.3086,47.0995,399800
2022-01-10,46.8924,48.2671,46.3933,48.173,497200
2022-01-11,48.2106,49.0393,47.5515,48.5308,400500
2022-01-12,48.6626,48.6626,47.1843,48.1353,586200
2022-01-13,48.4084,49.7172,48.2295,49.3217,441300
2022-01-14,48.785,50.0939,48.286,50.0656,488700
2022-01-18,50.3387,50.527,48.7662,49.3877,569300
2022-01-19,49.35,49.6136,48.2765,48.4178,736300
2022-01-20,48.6155,49.3406,47.4479,47.5515,694100
2022-01-21,47.3067,47.3538,46.4404,46.7511,551200
2022-01-24,46.2332,47.2784,45.1127,47.0807,664900
2022-01-25,46.7229,46.7229,45.2069,46.1862,421300
2022-01-26,46.6946,47.3726,45.5835,45.7154,612600
2022-01-27,46.205,47.4385,45.8001,45.979,545600
2022-01-28,45.753,46.431,44.9244,45.8566,377200
2022-01-31,45.6871,47.2879,45.6871,47.0242,559700
2022-02-01,47.1843,47.4856,46.3368,47.0525,737700
2022-02-02,47.5138,47.5138,46.2144,46.5346,470600
2022-02-03,46.3086,46.7229,44.9338,45.0186,650700
2022-02-04,47.947,50.0279,47.0054,48.6909,1528200
2022-02-07,48.4837,49.5477,48.1918,49.5101,607700
2022-02-08,49.3782,50.4328,48.9357,49.6607,540100
2022-02-09,49.7078,52.0713,49.7078,51.7605,749100
2022-02-10,51.5816,53.2954,51.4969,52.0995,640200
2022-02-11,51.8924,53.5778,51.817,52.4479,522000
2022-02-14,52.269,53.2294,52.269,52.768,708400
2022-02-15,52.9752,55.2445,52.9752,54.8867,1425200
2022-02-16,54.3029,54.8208,53.8038,54.0957,1000600
2022-02-17,53.5872,55.7435,53.4083,55.2068,1089100
2022-02-18,55.1597,57.043,54.4253,55.1315,1078200
2022-02-22,54.5289,55.414,54.0769,54.4159,537300
2022-02-23,54.5759,54.9997,53.9168,54.2181,544900
2022-02-24,53.0694,55.2257,52.721,54.8867,1061400
2022-02-25,54.4629,55.6494,53.8697,55.1786,603200
2022-02-28,55.0091,56.0543,54.4347,55.8,997300
2022-03-01,55.9507,56.7134,55.4422,55.8848,717800
2022-03-02,56.3179,57.2878,55.9884,56.9488,714700
2022-03-03,57.0806,57.0806,55.7718,56.2332,449300
2022-03-04,55.6965,55.8565,54.0769,55.2633,618300
2022-03-07,54.7925,54.9903,53.4083,54.1711,781600
2022-03-08,53.8886,54.8302,53.3613,53.3801,647100
2022-03-09,54.2276,54.35,53.0694,53.2294,338400
2022-03-10,52.9658,53.9733,52.5891,53.7473,428300
2022-03-11,53.7944,54.011,53.0223,53.2954,412500
2022-03-14,53.201,53.5407,52.3234,52.8047,987800
2022-03-15,52.8519,53.1255,51.578,52.8047,788300
2022-03-16,52.9557,55.041,52.9557,54.9467,1130400
2022-03-17,55.1071,55.7488,54.7296,55.5223,649100
2022-03-18,55.6638,56.8622,55.0505,56.381,1084000
2022-03-21,56.5414,56.8622,55.6638,56.23,788900
2022-03-22,56.1734,58.0229,56.1734,57.3906,879700
2022-03-23,56.4659,58.7778,56.4659,57.9191,674700
2022-03-24,58.1361,58.6551,57.5039,57.9662,609000
2022-03-25,57.7964,58.2305,57.3906,57.6171,335600
2022-03-28,57.5605,57.9474,56.7207,57.5605,705900
2022-03-29,58.07,60.1177,57.9568,59.5421,580700
2022-03-30,59.1646,59.6081,58.7211,58.8627,588600
2022-03-31,59.0797,59.4855,58.5418,58.9193,415200
2022-04-01,58.8721,59.5232,58.5985,58.891,300300
2022-04-04,59.3817,59.9195,58.7117,59.3911,334600
2022-04-05,59.3911,59.8535,58.589,58.9004,565400
2022-04-06,58.4192,58.8438,57.7775,58.2965,376100
2022-04-07,58.589,58.957,57.1359,58.2776,1261800
2022-04-08,58.2682,58.5796,57.7492,58.0229,474000
2022-04-11,57.5888,58.2776,57.334,57.8341,357400
2022-04-12,57.9946,58.6645,56.4942,56.6074,517600
2022-04-13,56.4565,57.3529,56.4565,57.0887,261300
2022-04-14,57.2019,57.4284,56.598,56.6263,306600
2022-04-18,56.3621,56.8717,55.711,56.4848,433500
2022-04-19,56.447,57.1453,56.3904,56.8717,367700
2022-04-20,56.7112,57.5888,56.0224,57.3529,791300
2022-04-21,58.0984,58.6456,57.3057,58.0417,699800
2022-04-22,57.9568,58.2871,56.7773,57.5511,721300
2022-04-25,57.6171,57.9662,56.0224,57.3812,588200
2022-04-26,57.0793,57.6265,56.7112,57.1925,570800
2022-04-27,56.7584,57.2585,55.5506,56.23,732800
2022-04-28,56.1073,57.2774,55.5506,57.2302,605800
2022-04-29,57.183,57.853,55.0693,55.0977,565200
2022-05-02,55.0127,56.5131,54.7296,56.4376,555900
2022-05-03,56.4659,57.0415,56.013,56.7773,464100
2022-05-04,56.9849,58.0984,56.1073,58.07,738700
2022-05-05,57.3906,57.3906,55.8148,56.1356,394800
2022-05-06,56.532,56.6641,53.1821,55.2769,1404400
2022-05-09,54.522,55.0222,51.9837,52.38,988400
2022-05-10,53.0972,55.041,53.0972,54.6542,725900
2022-05-11,54.5504,55.8903,53.7105,53.7955,535400
2022-05-12,54.0031,54.7674,53.1161,54.1163,545100
2022-05-13,54.7863,55.2392,54.3428,54.9656,452400
2022-05-16,55.3053,55.9752,54.607,54.7674,455700
2022-05-17,55.3241,56.5886,55.0222,56.5036,447100
2022-05-18,55.7488,57.2019,55.5317,56.8056,633900
2022-05-19,56.4659,57.4567,56.1168,56.9188,630600
2022-05-20,57.0604,57.5322,56.2394,57.4756,706600
2022-05-23,57.8058,59.0514,56.9566,58.2021,579500
2022-05-24,58.004,58.589,57.0509,58.1833,680100
2022-05-25,57.8436,60.9481,57.8436,60.1649,1073100
2022-05-26,60.5329,62.8353,60.3913,62.3635,1578800
2022-05-27,63.0712,63.6845,61.7218,63.3543,1292700
2022-05-31,63.0523,63.6279,62.0615,63.0051,550800
2022-06-01,63.4298,64.8452,62.7126,63.2977,855800
2022-06-02,63.5336,63.6751,61.8068,63.5053,503600
2022-06-03,62.7032,63.477,62.59,62.9391,376700
2022-06-06,63.3165,64.1658,62.7881,62.807,544700
2022-06-07,62.4956,63.3637,62.0898,63.2411,382600
2022-06-08,63.0712,63.5713,62.0993,62.4201,530900
2022-06-09,62.288,63.694,62.1842,62.7221,1089000
2022-06-10,61.5614,61.6747,60.0139,60.0516,881800
2022-06-13,58.8438,60.3064,58.6928,60.2498,830800
2022-06-14,60.505,60.5901,59.38,60.5145,548500
2022-06-15,61.4977,64.9768,61.0345,63.5114,2131000
2022-06-16,62.5754,64.0314,60.9305,61.3275,1515800
2022-06-17,60.9683,61.1385,58.5859,59.0964,1568300
2022-06-21,59.087,59.6447,57.6216,57.6878,1180200
2022-06-22,56.9787,57.735,56.6195,57.0166,905700
2022-06-23,57.0544,57.5082,55.5134,56.1846,774700
2022-06-24,56.6573,57.8674,56.525,57.3096,592100
2022-06-27,57.3947,57.858,56.7424,57.6689,504000
2022-06-28,58.0187,58.6143,57.6121,57.8107,674500
2022-06-29,57.8674,58.7372,57.4893,58.6237,537900
2022-06-30,58.3023,60.7319,58.0281,59.0775,953300
2022-07-01,58.8128,59.3044,57.8012,59.1437,677300
2022-07-05,58.3685,58.7844,56.7329,58.7277,921500
2022-07-06,59.1248,60.2971,59.1153,60.0229,533500
2022-07-07,60.4578,61.5261,60.3065,61.5166,480300
2022-07-08,61.5355,61.8664,60.0891,60.2782,616900
2022-07-11,59.9284,60.2781,59.4273,59.5218,419100
2022-07-12,59.3706,60.9021,59.3706,60.2403,412300
2022-07-13,59.5502,60.4105,58.6426,59.6353,402400
2022-07-14,59.0302,59.6447,58.463,59.3517,437900
2022-07-15,59.7771,60.2971,59.3706,60.1553,412600
2022-07-18,60.3632,60.8454,59.6542,59.8338,484800
2022-07-19,60.1174,61.4315,60.1174,60.9872,958500
2022-07-20,61.4693,62.7267,61.0345,62.6511,474400
2022-07-21,61.9326,62.8307,61.5072,62.2162,389900
2022-07-22,62.3297,62.9631,61.9799,62.6038,498500
2022-07-25,65.9978,69.335,65.2698,67.8885,3662900
2022-07-26,67.8224,68.7394,64.107,65.6007,2049300
2022-07-27,65.5062,66.1585,64.0314,64.4284,991900
2022-07-28,64.1543,65.7142,63.4925,65.6952,789900
2022-07-29,65.6291,66.5556,64.1259,65.5251,1250300
2022-08-01,65.9127,67.4726,65.2604,66.8486,758200
2022-08-02,66.8297,67.3024,66.1207,66.8675,415200
2022-08-03,67.1606,67.5577,66.565,67.1039,305300
2022-08-04,66.9148,67.9547,66.461,67.3402,342200
2022-08-05,66.7257,67.5388,65.7803,66.981,431200
2022-08-08,67.1228,68.2289,66.5366,67.7467,436000
2022-08-09,67.6238,68.2194,66.8864,68.1911,441200
2022-08-10,68.8339,69.4674,67.9169,68.2667,581600
2022-08-11,68.7016,69.6659,68.0682,68.4842,1005600
2022-08-12,68.2762,69.0986,67.69,68.5787,301300
2022-08-15,68.3613,69.1554,67.5199,68.2289,447100
2022-08-16,69.023,71.1218,68.9947,69.2594,935800
2022-08-17,69.1932,69.2783,67.1322,67.8885,594400
2022-08-18,67.6238,67.6522,66.3948,66.8014,555000
2022-08-19,66.2152,67.2646,66.1301,67.0188,466000
2022-08-22,66.5745,67.0377,65.8182,65.8938,367400
2022-08-23,66.2719,66.4421,64.6459,65.0807,508900
2022-08-24,65.0335,65.8181,64.3339,65.0902,444300
2022-08-25,65.7236,66.2908,65.44,65.8843,237600
2022-08-26,65.4211,65.9978,63.9274,63.9274,272500
2022-08-29,63.4547,64.2015,63.3223,63.6816,297900
2022-08-30,63.4358,63.7099,62.2446,63.483,573300
2022-08-31,63.5587,64.4284,63.3318,64.2961,632200
2022-09-01,64.0219,64.4757,62.9252,63.8139,381700
2022-09-02,64.211,64.7404,63.795,64.0975,613400
2022-09-06,64.2866,64.3244,63.1238,63.9746,576000
2022-09-07,63.6059,64.3433,61.4883,62.9063,759800
2022-09-08,63.3318,65.6952,63.0103,64.3811,792500
2022-09-09,64.6364,65.6196,64.3528,65.4778,424600
2022-09-12,65.5913,66.7635,65.4778,66.2719,396600
2022-09-13,65.1658,66.0167,64.419,64.5324,553700
2022-09-14,64.6082,65.2901,63.8979,65.1575,418900
2022-09-15,65.47,66.1803,64.2956,64.5892,355500
2022-09-16,64.1536,64.1536,62.6288,64.0589,688900
2022-09-19,63.8411,65.1196,63.6895,65.1196,377700
2022-09-20,64.9112,64.9207,63.3391,64.0873,329100
2022-09-21,63.7937,64.826,63.3865,63.5948,641100
2022-09-22,64.0115,64.6177,62.9982,64.5892,732900
2022-09-23,64.3998,64.8544,62.9129,64.3619,960100
2022-09-26,63.7558,64.8165,63.1308,64.1062,1084100
2022-09-27,64.4851,66.2466,63.8789,64.5892,777200
2022-09-28,64.7597,66.5118,64.7502,65.148,1467700
2022-09-29,65.0628,65.5363,64.3335,65.5268,485800
2022-09-30,65.2995,67.6388,65.2995,66.4549,1168600
2022-10-03,67.1842,69.0499,66.5686,68.2922,796500
2022-10-04,68.7279,70.2242,68.529,70.1958,1853000
2022-10-05,69.9117,71.4459,69.5707,69.8265,1306200
2022-10-06,69.6939,70.139,68.2922,69.334,532300
2022-10-07,69.1825,69.9212,68.2828,68.8794,529200
2022-10-10,69.0214,70.3094,68.7373,70.0348,624400
2022-10-11,69.5139,72.0994,69.2677,70.9724,1796500
2022-10-12,71.0292,71.4933,69.6465,70.603,651500
2022-10-13,69.9401,71.7016,69.1635,71.4933,471700
2022-10-14,72.071,72.6676,71.0482,71.7016,533900
2022-10-17,71.9857,72.8286,71.2565,71.427,588700
2022-10-18,72.0899,72.6582,71.0671,72.2699,771900
2022-10-19,72.9233,73.2643,71.9952,72.9423,547000
2022-10-20,72.8192,73.2453,71.8721,72.4309,454100
2022-10-21,72.4309,74.1072,72.2414,73.9746,682700
2022-10-24,74.4954,75.6035,73.1601,73.3969,1026100
2022-10-25,73.5578,74.3155,72.696,73.7757,915000
2022-10-26,74.4197,75.3573,74.3439,74.6659,548200
2022-10-27,74.9595,75.4614,74.0693,74.2871,822500
2022-10-28,74.5617,74.6943,73.1696,74.5523,489100
2022-10-31,74.5807,75.3667,74.0787,74.7133,763000
2022-11-01,74.7417,75.272,74.0503,74.5428,473800
2022-11-02,74.2303,75.2057,73.198,73.4347,568500
2022-11-03,72.071,73.0464,68.1975,70.1106,1531700
2022-11-04,70.1485,70.4894,68.851,70.1011,736700
2022-11-07,70.1769,70.8966,69.5139,70.2621,623600
2022-11-08,70.5557,71.8721,69.978,71.3228,395100
2022-11-09,71.1334,71.9668,70.5652,70.9156,337900
2022-11-10,72.0994,72.1941,70.3568,71.6069,514300
2022-11-11,72.0047,72.1278,70.3852,71.3323,498400
2022-11-14,71.3512,73.3211,71.1808,71.2944,593400
2022-11-15,71.7869,73.5105,70.8777,72.8381,748200
2022-11-16,72.9139,73.8609,72.3456,73.681,679400
2022-11-17,73.0464,73.3684,72.4877,72.9233,410400
2022-11-18,73.2737,74.6186,73.2737,74.2303,682400
2022-11-21,74.9784,75.3762,73.6904,74.6375,332500
2022-11-22,74.647,75.8497,74.6375,75.3383,399500
2022-11-23,75.3952,76.6926,75.3952,76.1717,298500
2022-11-25,76.0865,76.5884,76.077,76.4369,139700
2022-11-28,76.1339,77.3082,75.2057,76.5221,719200
2022-11-29,76.7873,76.7873,74.6848,75.1868,649600
2022-11-30,75.0258,76.1717,73.8799,75.6508,1546700
2022-12-01,75.7266,75.755,72.3172,74.9216,658500
2022-12-02,74.4007,76.4464,74.2871,76.238,536200
2022-12-05,75.6603,76.077,74.2208,74.628,445100
2022-12-06,74.4102,74.789,73.3969,73.7283,445600
2022-12-07,73.662,74.5712,73.1412,73.179,471100
2022-12-08,73.5957,73.5957,71.9384,72.7529,557800
2022-12-09,72.6487,73.4537,71.6259,71.7206,696500
2022-12-12,71.8342,72.1467,69.6844,71.4175,887400
2022-12-13,72.2225,72.4498,69.7696,69.8265,1000800
2022-12-14,69.3522,70.2344,68.9727,69.9024,556300
2022-12-15,69.4565,69.4565,68.5364,68.6597,403500
2022-12-16,68.5079,70.168,68.3656,69.9877,944800
2022-12-19,69.8834,69.8834,66.2218,66.8099,711900
2022-12-20,66.9901,68.0336,66.9237,67.066,793900
2022-12-21,67.1704,67.3506,66.5159,66.8289,355100
2022-12-22,66.3641,67.6067,66.3261,67.5783,407700
2022-12-23,67.2463,67.5878,65.5672,66.1554,405700
2022-12-27,65.8613,66.3641,65.3965,65.5862,267400
2022-12-28,65.3016,65.3206,63.9451,64.04,384700
2022-12-29,64.4953,65.0455,64.0021,64.9981,364800
2022-12-30,64.5617,65.0076,63.8503,64.9981,432900
2023-01-03,65.1973,65.8044,64.5523,65.055,906500
2023-01-04,65.2068,67.104,65.2068,66.8289,625300
2023-01-05,66.6961,68.413,66.3072,68.3372,1163100
2023-01-06,75.9354,84.8333,75.9354,79.9385,8427200
2023-01-09,80.0619,84.8997,79.1986,83.3061,3400300
2023-01-10,84.1598,86.0949,83.2491,85.6017,1479000
2023-01-11,87.7455,88.8174,83.1448,84.8997,3194100
2023-01-12,84.9092,85.744,83.4863,84.7479,2324000
2023-01-13,84.5867,85.9527,83.2586,84.8049,1386000
2023-01-17,86.3131,86.3795,83.382,85.0515,1612700
2023-01-18,85.3361,85.7345,84.0744,84.2736,681100
2023-01-19,84.4254,84.8902,83.7045,84.2831,564700
2023-01-20,84.8807,85.412,83.8373,84.1313,640000
2023-01-23,83.9511,84.2736,83.2681,83.8562,1109200
2023-01-24,83.4768,84.008,82.6136,82.642,584400
2023-01-25,82.8128,83.5337,82.0349,82.31,526700
2023-01-26,81.9116,82.5662,81.2666,81.3804,501800
2023-01-27,81.0105,81.8168,80.1662,80.28,542000
2023-01-30,80.0713,81.2666,79.8721,80.5836,634600
2023-01-31,80.3939,81.1338,79.6065,80.2705,665700
2023-02-01,80.1093,82.2531,79.7014,81.7693,701900
2023-02-02,81.9401,81.9401,80.0618,80.9251,1142500
2023-02-03,81.5796,86.0191,81.5796,85.1084,1971700
2023-02-06,84.6436,85.9052,83.5812,85.8958,778200
2023-02-07,85.725,85.8863,84.1503,85.7724,518300
2023-02-08,85.7724,86.3226,84.5013,84.5677,357300
2023-02-09,84.9851,85.042,83.031,83.9511,577300
2023-02-10,83.5622,84.4634,83.0974,83.325,367600
2023-02-13,83.344,83.6571,82.8223,82.993,387400
2023-02-14,82.5187,83.3535,82.1677,82.8033,622400
2023-02-15,82.8033,83.1069,82.4428,82.9171,272200
2023-02-16,82.6231,83.1448,81.997,82.6895,589200
2023-02-17,82.9171,86.7779,82.661,83.4578,3005400
2023-02-21,82.9646,83.8563,81.4658,81.997,819100
2023-02-22,81.7029,82.7749,80.6784,80.6974,693600
2023-02-23,80.8113,82.0824,80.6974,82.0729,524400
2023-02-24,80.9346,82.1583,80.631,81.3804,700300
2023-02-27,81.0863,82.0824,80.6405,81.5891,658800
2023-02-28,81.5796,81.8737,79.6255,79.6824,1010300
2023-03-01,79.7868,80.4792,79.2555,79.3694,850400
2023-03-02,78.6959,79.7488,78.2216,79.2556,454700
2023-03-03,79.1892,79.7963,78.933,79.284,615700
2023-03-06,79.265,79.2745,77.586,77.586,656100
2023-03-07,77.6714,78.2216,77.0833,77.1876,381600
2023-03-08,77.0358,78.1552,76.3244,77.4627,993100
2023-03-09,77.5101,77.5955,76.1916,76.8366,985800
2023-03-10,76.6279,77.2919,76.4572,76.9789,812400
2023-03-13,76.4003,76.7607,75.1955,76.0398,1157300
2023-03-14,76.4958,78.2248,76.4008,77.6738,1781100
2023-03-15,77.1133,79.9064,77.1133,79.3839,1473700
2023-03-16,78.4624,80.6379,78.3864,80.1344,771600
2023-03-17,80.3244,80.3244,78.0443,79.1654,983800
2023-03-20,79.5549,81.1509,79.1939,80.5524,692100
2023-03-21,81.0939,81.8444,81.0939,81.8159,491700
2023-03-22,81.9489,82.0819,79.9444,79.9729,439000
2023-03-23,80.2579,81.8919,79.7069,80.1344,461700
2023-03-24,79.8779,80.8944,79.7829,80.7044,392200
2023-03-27,80.9134,83.4215,80.7519,83.0035,870600
2023-03-28,82.595,87.5921,82.3574,83.583,2025900
2023-03-29,83.716,85.8345,83.2315,84.856,1224100
2023-03-30,84.799,87.4021,84.799,86.072,1321300
2023-03-31,86.4615,87.8296,86.262,86.699,1825300
2023-04-03,81.3219,85.6445,78.6713,84.837,9777600
2023-04-04,84.8655,92.7982,84.552,92.3707,9153600
2023-04-05,92.4752,94.7172,91.6962,93.9382,3082600
2023-04-06,93.9762,96.0283,93.3112,95.3632,1693400
2023-04-10,95.4202,98.3843,95.2682,97.6718,1976400
2023-04-11,97.4438,97.9378,94.4797,97.7288,1676200
2023-04-12,98.2798,98.7738,96.7313,97.6433,1385600
2023-04-13,99.6383,99.6478,97.0258,97.9948,1177700
2023-04-14,97.7478,99.4863,97.1208,99.4578,641200
2023-04-17,99.5623,100.2463,98.7453,100.1893,946900
2023-04-18,100.0944,100.4079,99.1348,100.3699,696000
2023-04-19,100.0564,100.6074,99.4198,100.5884,739600
2023-04-20,100.6074,101.7474,100.1134,100.8924,979200
2023-04-21,100.5884,104.3125,100.1419,103.885,1515500
2023-04-24,103.2484,104.7305,102.8589,103.7139,885400
2023-04-25,103.4669,103.7235,102.3649,102.7924,800200
2023-04-26,102.2984,102.7924,100.6264,100.6454,858600
2023-04-27,100.4744,101.6904,99.8284,100.3509,986100
2023-04-28,101.5384,102.6309,101.2154,101.8139,822600
2023-05-01,101.5384,103.2484,101.5384,103.0489,477300
2023-05-02,102.7354,103.0774,100.4079,100.4364,836300
2023-05-03,101.0254,103.1819,100.8924,102.7354,1018700
2023-05-04,102.6784,104.3504,100.1039,100.1704,683800
2023-05-05,101.1964,102.4219,99.3913,101.5194,999300
2023-05-08,101.8899,101.9564,100.8544,101.0254,499500
2023-05-09,101.1014,103.0679,100.4649,100.4934,669800
2023-05-10,100.9399,102.0229,99.4863,99.7999,659900
2023-05-11,100.3794,100.3794,99.1443,99.4768,483700
2023-05-12,99.1918,100.5219,98.8783,99.9139,429600
2023-05-15,99.3248,103.5239,98.9258,101.8329,828000
2023-05-16,101.6524,103.7804,100.2654,103.4004,1120000
2023-05-17,101.6524,102.3649,93.9857,95.8668,2367700
2023-05-18,96.2183,99.4673,96.2183,98.7928,1299900
2023-05-19,98.4033,98.6028,95.0117,96.5603,938800
2023-05-22,96.8548,99.0588,95.8668,96.8453,805800
2023-05-23,96.0283,96.9593,95.2302,96.1233,659600
2023-05-24,96.2373,97.8713,95.6768,97.0258,604900
2023-05-25,96.4368,97.4533,95.3253,96.4558,479500
2023-05-26,96.8073,96.8073,94.7837,95.0972,514900
2023-05-30,94.9927,97.0733,94.9927,96.0758,391900
2023-05-31,95.9523,97.0923,95.1447,96.2563,703700
2023-06-01,96.8453,97.2918,94.6222,94.6507,647100
2023-06-02,94.7647,97.5768,94.7647,96.5698,373900
2023-06-05,96.5698,96.8738,94.6697,95.2113,429100
2023-06-06,95.0782,95.3442,94.2897,94.9357,360700
2023-06-07,95.0022,95.8952,93.3017,93.7767,672000
2023-06-08,94.0522,94.7742,90.7841,93.0642,994100
2023-06-09,93.1212,94.6317,92.8362,93.6152,1034600
2023-06-12,94.0522,96.7693,93.8242,95.7527,500100
2023-06-13,95.3917,97.3013,95.3917,96.3703,366600
2023-06-14,96.7317,97.9397,96.4559,96.998,503800
2023-06-15,97.0741,98.5484,96.3037,98.3677,526500
2023-06-16,98.9574,99.5947,96.3703,97.7019,698900
2023-06-20,97.388,97.6638,95.7615,96.0754,512200
2023-06-21,96.1515,96.7127,95.4381,96.3607,395700
2023-06-22,95.9042,96.8173,95.4667,96.5034,334500
2023-06-23,96.161,96.6461,95.0767,95.8852,433500
2023-06-26,95.9232,100.5458,95.9042,100.0607,1034300
2023-06-27,100.327,103.0568,99.3949,102.3054,1250000
2023-06-28,101.982,103.0283,101.107,102.7525,470000
2023-06-29,102.6574,103.0283,101.0975,102.6003,509600
2023-06-30,102.8951,103.5514,102.1247,103.171,346100
2023-07-03,102.8856,103.9034,102.334,103.2376,207600
2023-07-05,103.3802,103.5039,102.0296,103.1519,265900
2023-07-06,102.8286,102.9903,101.4589,102.0486,541500
2023-07-07,102.0486,102.7715,101.8108,102.5717,361300
2023-07-10,102.0962,104.5882,101.6301,103.6751,551700
2023-07-11,104.1697,106.7378,103.7226,105.5774,771900
2023-07-12,106.053,106.5285,103.2851,103.8748,1061800
2023-07-13,103.8273,104.4265,101.963,102.5908,596600
2023-07-14,102.3815,103.7226,102.0772,102.7525,623800
2023-07-17,102.391,102.7144,100.2509,101.8869,859200
2023-07-18,102.0772,102.8095,100.679,101.516,423200
2023-07-19,101.516,102.6383,100.5363,100.7265,352900
2023-07-20,100.4507,103.0473,99.2427,102.9427,475100
2023-07-21,102.5052,103.0949,99.842,100.698,457600
2023-07-24,100.1368,101.4399,99.5851,101.2211,324800
2023-07-25,100.8502,101.1165,100.4602,100.8311,821900
2023-07-26,100.2034,100.698,99.6612,100.5839,666700
2023-07-27,100.9928,101.6111,99.3949,99.9371,1000200
2023-07-28,99.9656,101.0689,99.6708,100.736,246300
2023-07-31,100.66,102.4862,99.6612,99.8705,554600
2023-08-01,99.6232,100.8502,98.7196,98.9764,599500
2023-08-02,97.9206,101.2116,96.8363,100.6029,832800
2023-08-03,99.9941,102.2008,99.1096,100.7075,427100
2023-08-04,100.7836,101.8774,100.1749,100.4602,556300
2023-08-07,100.4602,102.4576,99.8705,102.3054,428700
2023-08-08,102.7525,103.0854,100.679,101.8108,319400
2023-08-09,102.2388,105.4157,101.8774,103.9604,709200
2023-08-10,104.8355,109.2203,104.8355,108.4308,918600
2023-08-11,108.3167,108.8779,106.1481,106.2432,460700
2023-08-14,106.5666,107.3846,105.8817,106.2907,554000
2023-08-15,106.5,108.9444,105.7391,107.3846,566800
2023-08-16,107.9552,108.6781,106.6236,107.2514,378400
2023-08-17,106.9851,107.6984,103.1995,104.1411,511200
2023-08-18,104.1316,107.2134,103.6561,106.8424,472600
2023-08-21,106.8424,108.3642,105.8152,108.3167,470600
2023-08-22,107.8221,110.0097,107.8221,109.5151,613300
2023-08-23,110.0287,111.1511,108.9635,109.5151,297700
2023-08-24,108.9635,112.2735,107.6414,108.2026,399200
2023-08-25,108.545,109.3059,107.3751,108.136,350000
2023-08-28,107.9362,110.6946,107.9362,110.2665,315600
2023-08-29,109.8005,110.7897,109.2108,109.7054,381300
2023-08-30,109.829,109.9146,104.2553,104.6738,930900
2023-08-31,104.6738,104.6738,89.3413,91.8333,5056700
2023-09-01,93.2125,99.7373,92.5657,99.471,1922400
2023-09-05,97.9682,97.9682,91.4243,95.1813,1692400
2023-09-06,95.7806,95.8757,93.2505,95.1148,1164600
2023-09-07,94.4394,96.4559,93.7356,94.5536,1043800
2023-09-08,96.104,96.3988,92.3279,93.26,1327600
2023-09-11,94.6487,96.96,93.279,95.733,1642100
2023-09-12,97.0171,98.9003,95.1148,98.0158,617800
2023-09-13,99.3949,99.3949,95.1148,96.0659,1733600
2023-09-14,96.123,97.9492,95.1908,95.8376,1160600
2023-09-15,96.3322,97.3024,93.8307,95.2194,2453500
2023-09-18,95.5998,99.3569,95.5903,99.043,1226900
2023-09-19,98.8813,100.9738,97.9492,100.3461,1279900
2023-09-20,100.5458,100.7646,99.1476,99.6137,812400
2023-09-21,94.9623,94.9623,83.7735,84.8993,5657400
2023-09-22,85.3535,85.8572,82.0453,82.7464,1932500
2023-09-25,82.3909,82.8254,80.7318,81.1466,1315500
2023-09-26,80.4751,81.0281,79.4283,80.0504,1325200
2023-09-27,80.3171,81.038,79.5369,79.8134,1254500
2023-09-28,79.7048,81.5021,79.4283,81.4429,1091600
2023-09-29,81.5021,83.892,81.3046,83.0131,1225400
2023-10-02,83.2994,84.208,81.8379,83.9413,1166700
2023-10-03,83.4476,84.5141,83.0525,83.4377,1025500
2023-10-04,83.1809,83.1809,81.0182,82.3909,977300
2023-10-05,82.3316,84.0401,80.9985,81.1466,661800
2023-10-06,80.9688,81.6799,79.9418,80.9688,570400
2023-10-09,80.4059,82.46,80.4059,81.8872,464100
2023-10-10,81.9267,82.2131,80.9984,81.0379,445300
2023-10-11,80.9688,80.9688,78.1444,79.2308,1813000
2023-10-12,79.0925,79.7739,78.421,78.9345,855300
2023-10-13,79.7146,79.7344,76.6434,76.6631,1330300
2023-10-16,77.2557,79.7443,77.2557,79.2999,1014100
2023-10-17,78.6086,79.9023,78.3518,78.8752,1122200
2023-10-18,78.0161,79.053,75.8632,75.9126,573100
2023-10-19,75.7842,77.0285,75.3596,75.6163,1474400
2023-10-20,75.646,77.068,75.3596,76.9989,702000
2023-10-23,76.2385,78.737,76.1101,77.8581,715200
2023-10-24,78.7765,79.527,77.4927,79.4974,1121400
2023-10-25,77.7494,79.1517,77.0384,77.6606,471400
2023-10-26,78.184,81.4725,77.6408,80.0998,1454200
2023-10-27,81.512,84.3364,80.2973,80.9491,912000
2023-10-30,81.3935,82.4699,80.5343,81.8774,548300
2023-10-31,81.7885,82.1341,80.4849,80.959,652400
2023-11-01,81.0182,81.9662,80.4059,81.3638,642600
2023-11-02,82.0749,83.2402,81.3145,82.4205,484000
2023-11-03,83.9216,84.3857,82.8847,83.8722,641800
2023-11-06,84.5437,84.5437,82.9834,83.5562,955900
2023-11-07,83.3587,85.472,83.013,84.5931,958800
2023-11-08,85.6004,86.5781,83.2204,83.5463,1182500
2023-11-09,84.4845,85.0276,83.5759,83.8426,938100
2023-11-10,76.278,78.7864,76.041,78.2728,7239100
2023-11-13,77.7988,79.3492,77.4038,78.974,4245000
2023-11-14,79.9912,79.9912,78.0556,78.9049,1848100
2023-11-15,78.3123,78.4012,75.3102,77.0779,2742500
2023-11-16,77.068,77.542,76.5841,77.147,1360800
2023-11-17,77.3149,77.6211,76.1397,77.3445,877700
2023-11-20,77.3742,77.9963,75.5472,76.8903,1366900
2023-11-21,76.9002,77.5618,76.5348,77.3347,1059600
2023-11-22,77.2162,78.5493,76.9199,77.4828,912100
2023-11-24,77.1273,78.263,76.5348,77.5223,409100
2023-11-27,77.2952,78.2728,77.1075,78.2432,2219900
2023-11-28,78.2432,78.2432,76.6236,77.2063,923200
2023-11-29,77.0285,77.5815,75.6657,76.7125,1064500
2023-11-30,76.4459,76.9199,75.3201,76.3669,1397900
2023-12-01,76.1002,77.2754,75.4386,77.2655,769500
2023-12-04,77.2557,77.2557,74.5004,74.5597,1217000
2023-12-05,74.4115,74.4214,72.5154,73.029,1963000
2023-12-06,73.2956,73.8289,72.2488,72.2587,1100500
2023-12-07,72.5154,72.7031,71.439,71.8933,1075800
2023-12-08,71.5575,73.0586,71.4291,72.8512,1035200
2023-12-11,72.8512,73.1771,71.9624,72.3871,1104300
2023-12-12,72.5451,73.7993,71.7254,72.9006,1023100
2023-12-13,72.8018,72.9105,71.439,72.713,1328000
2023-12-14,73.661,74.3622,73.3252,74.1943,1800200
2023-12-15,74.0758,75.2213,73.6314,75.0436,2639300
2023-12-18,75.3497,76.6335,74.688,75.7348,1152400
2023-12-19,74.8559,78.4506,74.8362,78.0457,2130200
2023-12-20,77.7198,78.7864,76.673,76.6928,961400
2023-12-21,76.9791,78.2333,76.5249,78.0358,701100
2023-12-22,78.5889,78.7962,77.5322,77.8581,656400
2023-12-26,77.7791,79.0234,77.621,78.7271,1361000
2023-12-27,78.9049,79.9912,78.9049,79.9813,735300
2023-12-28,80.0208,80.8306,79.7838,80.4257,1016400
2023-12-29,80.1689,80.8108,79.0925,80.5639,927800
2024-01-02,80.0109,80.4849,78.8654,79.3394,768400
2024-01-03,78.9345,79.2703,77.9568,78.3913,1019700
2024-01-04,78.7765,79.0036,77.5717,77.8877,738400
2024-01-05,77.7198,78.3518,77.1075,77.6507,1070500
2024-01-08,78.0654,79.2505,77.4828,79.0826,1249900
2024-01-09,79.0431,79.5171,78.4802,79.2505,650100
2024-01-10,79.4184,79.7542,78.8654,79.5171,563500
2024-01-11,79.7936,80.7713,79.0036,80.5837,831700
2024-01-12,80.4849,80.6034,75.9817,76.1595,1687400
2024-01-16,76.1299,76.6928,75.0139,75.9719,1386000
2024-01-17,75.3299,76.4755,75.2707,75.3694,663300
2024-01-18,76.1595,76.199,74.4115,74.8954,947500
2024-01-19,75.2509,77.1075,75.0929,76.5841,1056900
2024-01-22,76.989,78.1543,76.436,76.4459,878500
2024-01-23,94.2513,94.7253,85.6695,88.5137,11818000
2024-01-24,88.4544,89.1358,86.1337,86.8151,2702500
2024-01-25,87.3681,88.3853,85.709,86.4201,1833300
2024-01-26,86.667,86.6768,84.6919,85.4622,1341800
2024-01-29,83.9413,84.2771,81.433,81.6996,2950800
2024-01-30,81.3737,84.8992,81.3737,83.9413,1938300
2024-01-31,84.1783,84.4351,82.3909,82.6477,970600
2024-02-01,83.4179,84.7215,82.7464,84.4944,989400
2024-02-02,84.8993,84.8993,82.6575,84.0302,855600
2024-02-05,83.8031,84.8203,83.2402,84.4845,1003100
2024-02-06,85.8473,86.746,84.9289,86.0843,1183700
2024-02-07,85.3832,86.9237,84.761,86.2127,1291000
2024-02-08,86.5287,86.5485,84.3759,84.8598,933700
2024-02-09,84.9388,85.4424,84.6622,85.0573,850700
2024-02-12,86.5978,86.7361,85.63,85.9954,694900
2024-02-13,85.5708,87.22,84.9486,86.4102,1460200
2024-02-14,86.0152,86.8052,85.1264,86.4695,851500
2024-02-15,86.7262,87.4768,85.5313,85.9164,1501800
2024-02-16,85.551,85.9362,84.5635,84.5635,1023500
2024-02-20,84.6425,85.8671,84.4351,84.6919,921900
2024-02-21,84.5832,84.7709,83.3291,84.5042,1413300
2024-02-22,84.5437,85.2153,84.2277,85.077,876400
2024-02-23,85.4918,85.7189,84.2376,84.7412,858800
2024-02-26,85.2054,85.3239,83.3686,83.4081,1173300
2024-02-27,83.4081,85.5609,82.8847,85.2252,1002800
2024-02-28,82.2131,85.6597,81.8675,81.8971,2118700
2024-02-29,81.3836,84.1092,81.3342,82.6872,1135900
2024-03-01,82.6674,82.8649,80.7614,81.2848,1108600
2024-03-04,81.3145,82.1835,80.0603,80.6528,733800
2024-03-05,77.8679,80.5244,77.7099,79.5764,3632000
2024-03-06,79.9912,80.2874,77.9469,78.3025,1441100
2024-03-07,80.238,80.8108,79.4678,79.606,1282800
2024-03-08,79.2406,80.8009,79.0036,80.3763,843500
2024-03-11,80.8404,80.8404,79.4085,80.2874,1180800
2024-03-12,79.4974,80.4257,79.2209,80.2677,903100
2024-03-13,80.2874,80.5639,79.1122,79.764,1834300
2024-03-14,80.0702,80.4158,78.3321,78.7073,1196900
2024-03-15,79.3098,79.8529,78.4506,78.7962,1413300
2024-03-18,78.8061,80.6528,78.658,79.8035,1339300
2024-03-19,80.0405,80.6923,79.0332,80.0109,1035200
2024-03-20,80.1393,86.4102,79.8825,86.2818,4944300
2024-03-21,85.9164,86.3312,84.3857,85.3437,1596300
2024-03-22,85.2252,86.4102,84.9684,85.551,1119400
2024-03-25,85.7189,86.1041,83.8228,84.7412,1526200
2024-03-26,84.9585,85.3634,84.1586,85.156,747000
2024-03-27,85.5905,85.6992,84.4944,85.314,784500
2024-03-28,85.6202,86.2423,84.8598,85.3338,736100
2024-04-01,86.1139,86.4398,84.7017,85.1066,884800
2024-04-02,85.0869,90.0049,83.9512,89.5012,4010300
2024-04-03,88.3952,91.5652,87.9903,91.4664,3322700
2024-04-04,91.5849,92.5824,90.5776,90.6468,1097800
2024-04-05,91.0714,91.8516,90.2419,91.3578,789600
2024-04-08,92.3355,94.9821,92.3355,94.676,1714700
2024-04-09,95.1006,96.3647,94.4488,96.2857,1559100
2024-04-10,96.1573,96.4239,94.4883,96.335,838900
2024-04-11,97.2535,97.2535,95.071,96.4437,584400
2024-04-12,98.0632,98.162,95.545,96.7794,1509200
2024-04-15,97.3324,97.3324,95.1895,96.3844,1100900
2024-04-16,95.9301,96.5029,94.5871,96.2165,808100
2024-04-17,96.5622,97.609,95.0512,95.1204,657000
2024-04-18,95.9203,96.0684,94.0341,94.597,760600
2024-04-19,94.3896,94.7352,93.3823,94.3303,789700
2024-04-22,94.5575,94.8241,93.3922,94.3106,1156000
2024-04-23,94.1921,95.2784,94.0242,94.4686,527600
2024-04-24,94.5476,95.5944,93.323,94.6957,498200
2024-04-25,93.718,95.5154,93.1453,95.0018,591100
2024-04-26,95.4561,95.782,93.9353,95.5549,423100
2024-04-29,95.5549,96.019,94.5081,95.2882,607000
2024-04-30,94.5575,95.0216,93.4514,93.4909,683500
2024-05-01,93.5798,95.4364,93.5403,94.5179,836000
2024-05-02,95.1401,95.466,94.0143,94.1427,611700
2024-05-03,94.5377,97.7571,94.5377,97.0954,1323700
2024-05-06,97.3028,99.0211,96.7794,97.2831,1110000
2024-05-07,97.2732,97.8558,96.7794,97.5695,1055000
2024-05-08,97.1251,98.2509,96.2857,97.0461,1313500
2024-05-09,98.7545,99.6433,96.1573,96.9769,1043700
2024-05-10,97.4905,100.1371,97.2929,98.7545,1213100
2024-05-13,98.873,99.8013,97.7571,98.1521,699700
2024-05-14,98.4484,101.2135,98.2015,100.9666,1026900
2024-05-15,103.2083,104.1465,101.4801,103.7712,1067400
2024-05-16,104.1268,104.3835,102.8034,103.396,687300
2024-05-17,103.9391,104.66,103.2182,104.0379,519200
2024-05-20,103.8799,106.4574,103.5342,106.2599,986700
2024-05-21,105.5982,107.3659,105.5192,106.1907,952500
2024-05-22,106.4771,107.3462,104.9859,105.6377,908400
2024-05-23,105.539,105.855,103.6429,104.423,539200
2024-05-24,104.8378,107.2277,104.7687,106.1512,559400
2024-05-28,106.1611,107.4943,105.4797,107.2573,1073300
2024-05-29,106.8623,109.1336,106.3586,107.4745,641300
2024-05-30,107.4548,109.6866,105.9142,106.4277,1108000
2024-05-31,106.5364,108.6201,106.092,107.7116,774500
2024-06-03,109.6076,109.6076,106.1611,106.8326,729400
2024-06-04,106.6746,107.2178,105.2822,106.2401,652200
2024-06-05,106.25,107.1092,105.8155,105.9438,831200
2024-06-06,106.171,108.1658,106.171,106.9511,689300
2024-06-07,106.25,107.2968,105.9735,106.4277,503400
2024-06-10,106.0821,107.2277,105.3019,106.5759,531200
2024-06-11,106.1018,107.1091,104.8872,106.329,768100
2024-06-12,106.645,107.2869,106.0525,106.5956,652100
2024-06-13,106.0722,106.2599,104.8773,106.092,474500
2024-06-14,105.6476,105.6476,103.3565,103.8601,760900
2024-06-17,103.6429,104.7785,99.5051,102.7047,1479700
2024-06-18,102.6158,103.6231,101.9838,103.2182,716000
2024-06-20,103.159,104.7489,102.1122,104.0576,926900
2024-06-21,103.4256,106.1216,102.4578,105.5587,1483800
2024-06-24,105.5389,107.3264,104.6502,105.4402,788200
2024-06-25,105.5982,105.8056,104.5909,105.776,650600
2024-06-26,104.818,107.0894,104.818,106.3092,984400
2024-06-27,106.4376,106.9215,105.7463,106.6845,381200
2024-06-28,107.0104,107.2672,105.4204,106.645,2525300
2024-07-01,106.7141,106.9709,105.6871,106.2302,611200
2024-07-02,106.4574,108.788,106.1315,108.7781,676500
2024-07-03,109.2027,111.5235,109.2027,111.1186,632100
2024-07-05,111.1581,111.8889,109.3904,109.4003,1471000
2024-07-08,109.7755,111.4741,109.4003,110.7828,566300
2024-07-09,110.931,111.5235,109.2225,109.3706,406600
2024-07-10,109.262,110.2989,108.2942,108.6003,510200
2024-07-11,109.0151,109.8051,108.2843,108.5707,552100
2024-07-12,109.4003,110.3483,108.5707,109.6768,595500
2024-07-15,109.8348,110.0027,105.0748,105.2131,1221800
2024-07-16,105.5883,106.3487,104.3934,105.46,1111300
2024-07-17,104.7687,105.2229,103.2676,103.5145,692100
2024-07-18,104.6699,105.3513,104.1268,104.344,944200
2024-07-19,104.739,104.7588,102.7245,103.0405,680700
2024-07-22,104.581,104.9366,103.4651,104.3144,552900
2024-07-23,104.3737,105.2822,103.8799,104.265,719500
2024-07-24,103.7614,106.724,103.3762,105.7167,714200
2024-07-25,105.8945,107.9387,105.3019,106.3586,641600
2024-07-26,107.0993,108.1164,105.7858,106.3092,545500
2024-07-29,106.7635,107.3264,106.3685,106.9314,576300
2024-07-30,106.724,108.6991,106.3981,108.3732,730800
2024-07-31,104.6798,108.6991,103.4552,107.9881,1552900
2024-08-01,108.0276,108.9262,105.9833,108.0473,827800
2024-08-02,107.0795,108.3732,106.013,106.5067,581000
2024-08-05,102.7244,106.25,101.1839,106.1611,592900
2024-08-06,106.5462,108.9262,106.329,107.6819,1271700
2024-08-07,107.8399,109.0842,107.356,108.1362,1263100
2024-08-08,110.9803,118.5844,110.9803,115.4638,2531400
2024-08-09,117.034,118.4462,113.8837,116.2044,1288500
2024-08-12,117.3006,118.5647,115.7601,118.5054,793300
2024-08-13,118.5054,118.9004,116.56,117.2216,656400
2024-08-14,117.0439,118.6239,115.8391,117.2512,583700
2024-08-15,117.4586,117.7549,115.0688,115.6514,705800
2024-08-16,115.8094,117.0735,113.3307,115.3354,982600
2024-08-19,115.4737,116.8562,115.4737,116.5106,432800
2024-08-20,117.8931,118.0314,116.2242,117.3895,754600
2024-08-21,117.4488,119.1967,117.2414,118.2882,565300
2024-08-22,118.2289,118.3573,115.918,116.2933,458600
2024-08-23,116.7476,116.9945,114.733,116.56,966300
2024-08-26,116.5303,116.9056,115.7205,115.7798,678000
2024-08-27,115.365,116.7377,115.1478,116.5204,909900
2024-08-28,115.9477,116.3921,115.2366,116.1353,385100
2024-08-29,116.5698,116.8858,115.1478,115.2663,580200
2024-08-30,115.7304,117.0636,115.4835,116.7575,510200
2024-09-03,116.0267,117.8833,115.4934,116.5698,495000
2024-09-04,115.9378,119.1375,115.9378,116.4908,745700
2024-09-05,117.0932,117.0932,114.2491,114.7429,609000
2024-09-06,115.0786,115.8193,113.5874,114.0022,564400
2024-09-09,114.2985,115.523,113.3504,113.5183,711100
2024-09-10,113.9331,114.022,111.9185,112.3826,980700
2024-09-11,112.3333,113.3208,111.7506,112.274,560600
2024-09-12,112.5802,113.8837,112.2148,113.5578,488600
2024-09-13,114.0615,115.2366,113.3504,113.9035,820700
2024-09-16,113.3307,116.1452,113.3307,115.7996,1154000
2024-09-17,116.0464,119.6707,116.0464,119.5226,1058400
2024-09-18,119.9867,122.4457,119.3843,120.9249,1058700
2024-09-19,122.2581,123.927,121.5372,122.9494,1046600
2024-09-20,122.9494,123.2061,119.6707,120.4213,3038000
2024-09-23,120.9052,121.1125,118.9696,120.4805,705600
2024-09-24,121.2014,121.2409,119.7398,120.3719,1429900
2024-09-25,120.4904,121.1817,119.0782,119.6016,893300
2024-09-26,120.2435,122.2285,119.1769,122.1593,659800
2024-09-27,122.4556,123.5814,121.873,123.4431,463600
2024-09-30,123.848,123.848,122.0803,122.1692,622500
2024-10-01,122.5642,123.0284,119.809,120.7373,1189800
2024-10-02,121.2706,122.8802,120.7471,122.5346,544300
2024-10-03,122.5938,124.9343,121.5471,124.8158,675600
2024-10-04,125.1516,126.7119,125.0331,125.5565,878900
2024-10-07,125.043,125.1121,123.8678,124.5591,463000
2024-10-08,124.4801,125.912,123.9567,125.4182,414100
2024-10-09,125.517,126.6922,125.1318,125.7836,490400
2024-10-10,125.6157,126.0108,124.7665,125.3096,355500
2024-10-11,124.9936,126.5737,124.9936,125.9318,435900
2024-10-14,125.8231,126.4354,124.5788,124.7368,278700
2024-10-15,124.4307,125.3787,123.6407,123.7987,558800
2024-10-16,124.8356,126.544,124.4011,126.07,551100
2024-10-17,126.7909,127.4526,125.7244,126.4354,383000
2024-10-18,126.9094,129.319,125.9713,128.3117,767200
2024-10-21,128.0846,128.8746,127.0477,127.2649,360000
2024-10-22,127.1662,127.9562,126.544,126.8996,534500
2024-10-23,126.1194,127.0576,124.2628,124.4307,668500
2024-10-24,117.5179,120.3719,112.9258,113.5677,3971800
2024-10-25,113.4591,115.5724,113.2714,113.8146,1037800
2024-10-28,114.6244,115.1873,112.59,114.8021,993100
2024-10-29,115.523,115.523,113.4689,114.4269,1408700
2024-10-30,114.1701,116.0267,113.7751,115.2663,1588500
2024-10-31,115.128,115.8687,114.7429,115.3156,638600
2024-11-01,115.9378,117.666,114.7626,117.587,1219900
2024-11-04,117.4586,118.3968,115.8983,116.6982,757100
2024-11-05,116.7772,117.666,116.4415,117.4092,801100
2024-11-06,119.9966,120.4213,117.2315,118.7227,1811000
2024-11-07,116.9253,118.6832,113.6862,116.4118,1769000
2024-11-08,116.4711,118.9399,115.6218,118.6832,618200
2024-11-11,119.4337,119.4337,117.0439,117.5574,563500
2024-11-12,118.2882,118.6437,114.4762,114.9996,564200
2024-11-13,115.2465,117.6561,114.9996,116.3328,593700
2024-11-14,116.1551,117.1327,114.3281,116.3032,563000
2024-11-15,115.4835,118.4758,115.1379,117.7549,706100
2024-11-18,118.8214,124.4406,118.4363,123.453,1112800
2024-11-19,123.5913,129.3289,122.0013,129.2598,1130000
2024-11-20,130.0301,132.4397,128.5488,131.1361,1623800
2024-11-21,131.5114,135.5406,131.0571,135.185,1258000
2024-11-22,135.2838,137.3577,133.052,134.079,1406300
2024-11-25,134.3555,135.9751,133.4174,135.0863,1136200
2024-11-26,135.5208,136.8441,133.8914,135.5702,907400
2024-11-27,136.4787,137.7131,135.5899,136.4886,828500
2024-11-29,137.5058,137.7132,136.1035,136.2417,311700
2024-12-02,135.7973,136.4393,133.2198,133.2692,751800
2024-12-03,132.173,135.5505,131.9755,135.3332,734100
2024-12-04,135.8368,137.5058,135.0863,136.3602,998900
2024-12-05,136.2417,143.8063,135.9455,142.3645,2104700
2024-12-06,142.641,143.8755,141.0906,142.2954,1391700
2024-12-09,141.6634,143.8359,136.7454,137.9798,891500
2024-12-10,138.9674,140.0043,138.0885,139.2439,784400
2024-12-11,140.1129,141.1005,138.8587,139.5698,900300
2024-12-12,141.2881,142.6015,140.6067,141.6436,874300
2024-12-13,142.1571,142.1571,139.4019,140.1524,855200
2024-12-16,141.7127,147.5392,140.3006,145.2185,1755600
2024-12-17,145.2185,146.7196,143.5891,145.416,1335700
2024-12-18,146.5122,146.532,139.6982,140.3697,867600
2024-12-19,145.1692,145.5148,139.55,141.9991,1110100
2024-12-20,140.3302,142.6311,138.2563,141.7522,1679600
2024-12-23,141.7522,142.1176,139.4611,139.9845,471500
2024-12-24,140.024,143.4311,140.024,143.0558,279500
2024-12-26,141.8806,143.0657,141.6239,142.9373,433300
2024-12-27,141.9695,142.4929,140.5375,142.2263,360000
2024-12-30,141.0017,142.6114,139.6586,141.5844,702600
2024-12-31,141.4955,142.2263,140.3005,140.34,580000
2025-01-02,140.4783,142.0485,139.6586,140.9523,404400
2025-01-03,140.6956,141.851,139.2735,140.6264,622800
2025-01-06,140.8634,142.0682,138.4242,139.866,740900
2025-01-07,142.6213,145.6135,139.5006,140.0438,912300
2025-01-08,139.8068,144.6852,137.881,140.5672,975500
2025-01-10,140.5178,144.5569,137.8712,138.4341,1047000
2025-01-13,137.1898,141.7127,135.7874,140.6067,695400
2025-01-14,141.4757,142.7398,140.6955,141.3276,610600
2025-01-15,142.1472,142.6608,139.1846,142.1176,694300
2025-01-16,142.4633,143.194,139.7673,140.0339,611200
2025-01-17,140.2314,142.2065,139.5204,140.4289,803300
2025-01-21,140.261,142.8978,139.8858,142.7299,709100
2025-01-22,142.9274,144.5272,140.6165,141.1498,682200
2025-01-23,145.2086,151.9733,144.7247,150.0772,1967100
2025-01-24,150.0772,152.3288,149.1786,151.1734,957600
2025-01-27,149.8698,152.1708,148.4182,151.5388,771600
2025-01-28,153.0695,157.5431,152.2202,156.4667,1174400
2025-01-29,156.2889,157.1876,152.635,154.9656,742300
2025-01-30,157.1283,157.7307,154.9656,155.5087,501400
2025-01-31,156.9209,157.3357,152.8424,153.2769,806700
2025-02-03,151.2524,157.0394,150.6796,155.094,900600
2025-02-04,156.1407,157.0197,154.3434,155.7754,733600
2025-02-05,157.4147,159.2614,155.2322,159.0145,904800
2025-02-06,158.9948,159.4589,157.5826,159.2021,654500
2025-02-07,159.8934,166.1545,159.8836,164.2979,2463700
2025-02-10,165.9076,172.4254,164.2386,170.9539,1999400
2025-02-11,169.5714,175.9114,168.6036,174.3314,1847900
2025-02-12,169.4529,175.6843,168.969,174.44,1558600
2025-02-13,173.8376,176.8595,171.5366,172.3168,2470900
2025-02-14,172.5636,175.0029,169.6109,173.3142,1453500
2025-02-18,173.3142,174.7856,169.3739,169.9269,1118500
2025-02-19,169.759,169.7689,161.2167,164.4954,1888800
2025-02-20,164.0609,164.6139,159.4589,161.7698,1036900
2025-02-21,161.7895,163.4387,155.7457,156.8419,1714400
2025-02-24,157.0197,161.3945,156.3383,158.7578,1135600
2025-02-25,158.5109,158.58,152.9609,154.0768,1772400
2025-02-26,154.4817,159.2515,154.4817,157.5628,1158900
2025-02-27,151.6771,152.161,143.4508,148.3589,3935000
2025-02-28,146.3246,151.1438,145.8703,148.7638,1345100
2025-03-03,150.1069,152.398,145.5839,145.9493,1209700
2025-03-04,144.4186,146.5813,141.14,144.8729,1799700
2025-03-05,145.3864,151.8153,145.3864,150.4031,1646300
2025-03-06,148.349,150.5908,144.1026,145.1593,1914000
2025-03-07,144.4285,144.7544,136.9133,141.9399,2568400
2025-03-10,137.7033,142.9274,135.9158,140.3499,2456500
2025-03-11,143.3422,147.401,140.6264,143.3422,2057300
2025-03-12,145.6234,147.2035,143.1644,145.4358,1242700
2025-03-13,144.7149,144.9124,138.1872,139.0957,2228900
2025-03-14,140.6405,144.1755,136.7192,138.254,2482400
2025-03-17,139.0561,145.5916,139.0561,144.2053,2329600
2025-03-18,143.4329,145.2846,141.7,144.0468,1395400
2025-03-19,144.6607,149.4435,143.0863,148.384,1427200
2025-03-20,147.1264,150.4238,147.0472,148.9286,1768000
2025-03-21,147.77,149.7604,146.7402,148.4137,19094600
2025-03-24,149.1662,151.82,145.3143,151.414,2185000
2025-03-25,151.2556,153.3251,148.1364,153.0875,1239000
2025-03-26,153.3945,156.4542,152.6221,153.0974,1042500
2025-03-27,152.325,152.9786,150.1465,150.3941,1019400
2025-03-28,150.3545,150.8397,146.5323,148.2354,1144100
2025-03-31,146.5521,151.9685,145.2549,151.315,2749800
2025-04-01,151.1368,152.632,148.2057,151.4933,963800
2025-04-02,151.7309,157.4445,150.6318,157.0286,1786800
2025-04-03,152.4934,156.5929,148.8196,148.9682,1527100
2025-04-04,143.6408,145.4727,138.0461,138.2144,2356000
2025-04-07,133.4614,143.8686,131.7681,139.7988,1771100
2025-04-08,144.7697,146.2451,135.7884,137.6005,1346800
2025-04-09,136.9272,148.8296,134.7784,147.0868,1637300
2025-04-10,145.0568,145.7698,139.68,143.6705,1105900
2025-04-11,143.6903,144.4924,140.3731,142.9378,1233900
2025-04-14,145.1361,148.681,144.2845,146.6808,904500
2025-04-15,147.3838,149.3247,146.453,148.1859,796800
2025-04-16,147.3343,149.3841,144.9083,146.5125,726400
2025-04-17,147.067,148.8395,145.9381,147.7601,705700
2025-04-21,147.9285,147.9285,140.0562,141.6901,1192300
2025-04-22,143.7695,146.9778,142.5912,146.6808,1136600
2025-04-23,149.5227,152.9984,148.2849,149.5128,1069300
2025-04-24,149.592,155.058,149.592,153.7608,1009900
2025-04-25,153.8302,155.8997,152.7904,155.563,1430600
2025-04-28,156.3552,159.6229,156.1473,158.8604,1292300
2025-04-29,157.9792,161.742,157.5039,161.3657,1016700
2025-04-30,159.2169,162.1084,157.4741,161.3162,903200
2025-05-01,162.2371,163.9403,160.9498,161.5638,1180000
2025-05-02,162.6233,165.287,161.9895,164.8017,1038400
2025-05-05,161.4053,166.2772,160.2963,165.1978,741200
2025-05-06,163.3858,166.9109,163.2966,166.297,724300
2025-05-07,166.5743,168.7923,165.8712,168.02,1387100
2025-05-08,169.0399,169.5845,166.5643,167.307,1462500
2025-05-09,169.9014,170.753,157.2761,158.098,1867400
2025-05-12,161.2271,161.6034,157.1177,159.0288,1295200
2025-05-13,160.4349,163.5937,159.514,162.8708,934700
2025-05-14,162.8906,163.6036,159.9794,160.623,798600
2025-05-15,160.5636,161.2172,157.7019,159.8804,866800
2025-05-16,160.4646,162.5441,160.227,161.8806,748700
2025-05-19,160.9597,163.8809,160.0784,162.3856,732300
2025-05-20,162.1579,162.5045,160.6528,161.1479,486700
2025-05-21,160.5042,161.2469,157.9,158.2762,653100
2025-05-22,158.2168,158.3356,153.2657,154.7016,1460900
2025-05-23,154.3352,156.9592,153.4341,156.177,1315000
2025-05-27,158.296,158.5634,156.8701,157.3949,1807800
2025-05-28,157.7217,158.098,156.276,157.2563,584900
2025-05-29,157.5534,158.1277,154.3748,155.2066,689500
2025-05-30,154.6421,156.7117,153.5628,156.2661,821400
2025-06-02,155.8403,158.1376,154.8996,157.9891,799500
2025-06-03,157.9891,162.0589,157.9693,161.5142,900200
2025-06-04,162.0886,164.4849,159.7616,164.2769,816700
2025-06-05,166.604,168.1487,165.1483,167.2674,871700
2025-06-06,167.5348,168.3368,164.0888,164.3166,789600
2025-06-09,164.2967,165.2771,160.9399,161.7321,658700
2025-06-10,162.0589,163.6828,160.2171,162.9897,834400
2025-06-11,163.158,163.8809,162.0192,163.3065,542900
2025-06-12,162.9303,163.6729,161.7222,162.3262,493200
2025-06-13,161.3238,163.021,159.7358,161.8597,503100
2025-06-16,163.1996,167.8148,162.3163,167.1499,896600
2025-06-17,166.1573,166.7132,164.6487,166.7032,865500
2025-06-18,167.0903,177.343,166.9811,174.6334,1861900
2025-06-20,177.3827,177.3827,172.1025,173.6508,2884800
2025-06-23,174.2861,174.7128,170.4847,174.2166,727900
2025-06-24,174.7128,175.8939,172.9958,175.5664,769600
2025-06-25,175.3778,176.0031,173.1248,173.631,605500
2025-06-26,173.889,175.3481,171.9338,174.8419,828700
2025-06-27,175.2587,178.0477,174.8915,178.008,2282700
2025-06-30,178.6531,181.2337,177.3232,180.5885,1048000
2025-07-01,179.9831,179.9831,171.3681,174.296,1169100
2025-07-02,174.1868,176.6681,173.502,176.1321,736600
2025-07-03,175.9535,177.2835,174.9312,175.8145,405900
2025-07-07,175.7252,175.884,173.2439,175.0205,568900
2025-07-08,174.5739,174.5739,168.2218,171.6757,1044800
2025-07-09,170.8718,171.6559,169.254,170.5145,725600
2025-07-10,170.2564,171.7452,167.8645,171.5963,902800
2025-07-11,171.2092,171.6062,167.1002,170.713,704800
2025-07-14,171.1398,175.1892,170.8619,173.1744,757100
2025-07-15,172.3705,173.5615,167.0605,167.527,986600
2025-07-16,167.527,168.3111,162.5446,167.8645,906300
2025-07-17,167.5866,168.5592,166.2566,168.0828,850900
2025-07-18,169.0257,171.11,166.1573,169.512,951000
2025-07-21,169.2838,170.4946,167.1002,167.4377,861000
2025-07-22,166.7429,167.6461,165.2045,165.2442,762600
2025-07-23,165.671,166.6238,164.0234,166.4551,522200
2025-07-24,166.2467,167.1399,162.4354,166.7429,816500
2025-07-25,166.6635,169.0555,166.1276,168.7776,626300
2025-07-28,168.7478,169.7701,166.6337,169.4624,534800
2025-07-29,169.7006,169.7006,165.5023,166.8918,529500
2025-07-30,166.0779,168.063,165.1946,166.5543,531100
2025-07-31,167.1101,168.3905,166.3658,166.7528,665100
2025-08-01,167.2888,167.2888,163.0706,164.3708,675700
2025-08-04,165.5221,167.0308,164.2815,164.5197,630900
2025-08-05,165.2144,165.9092,161.3734,162.227,765500
2025-08-06,166.1375,166.1375,152.8973,154.4456,2660600
2025-08-07,156.5696,160.4702,151.1505,159.5372,1909200
2025-08-08,159.9839,164.2716,159.2296,162.0682,1539900
2025-08-11,162.9813,180.1419,162.7728,178.6531,2655000
2025-08-12,179.6457,185.6107,177.482,184.6281,1225800
2025-08-13,186.5933,190.077,184.4693,189.8487,1348500
2025-08-14,188.6577,193.3027,188.6577,189.5708,1169600
2025-08-15,190.3748,191.268,187.03,187.4369,719200
2025-08-18,186.7124,187.0101,182.9011,184.1715,706800
2025-08-19,183.4073,185.5114,182.0872,183.5164,639100
2025-08-20,182.0972,183.4669,178.6531,181.2436,753900
2025-08-21,181.4322,183.1691,181.0947,182.8614,435800
2025-08-22,183.7249,186.5834,182.9805,184.777,774200
2025-08-25,184.6082,184.8663,181.9483,182.3453,647000
2025-08-26,181.9086,184.5785,180.0824,183.7745,750300
2025-08-27,183.4172,185.7496,183.0401,184.2608,536000
2025-08-28,184.0822,188.7768,183.9135,188.7173,801600
2025-08-29,188.5982,188.8562,186.9406,188.1416,559100
2025-09-02,185.8787,188.6081,183.2882,183.9631,681700
2025-09-03,185.3129,188.1614,183.9234,185.2137,694700
2025-09-04,185.2534,189.2036,184.6479,188.6577,786300
2025-09-05,189.1738,194.1662,189.1738,192.5484,713100
2025-09-08,193.2034,199.2082,193.1042,198.97,1098300
2025-09-09,196.975,197.2926,191.397,194.9602,794800
2025-09-10,196.0321,196.0321,191.7742,193.6699,601800
2025-09-11,193.6798,201.6497,193.5111,200.7267,977000
2025-09-12,200.2503,202.5728,199.1982,200.9252,897100
2025-09-15,205.7371,211.6948,200.2079,203.7247,2302200
2025-09-16,203.4657,203.4657,199.0921,199.5404,3258900
2025-09-17,202.8978,203.3362,199.65,200.6263,1933700
2025-09-18,201.7222,202.6487,199.2515,202.041,1320100
2025-09-19,201.5329,202.5989,200.2278,200.3574,2052700
2025-09-22,199.5603,200.5068,196.7708,198.9227,1661400
2025-09-23,199.2515,202.0809,198.9227,201.5329,1831100
2025-09-24,201.244,202.2203,194.9477,195.0573,1958800
2025-09-25,195.2565,195.8343,193.9315,195.0573,912600
2025-09-26,195.8343,199.2714,195.4558,198.2951,1008200
2025-09-29,199.7995,205.4981,198.1656,204.5616,1837600
2025-09-30,204.721,207.6998,201.0149,201.2042,3160600
2025-10-01,199.3312,200.3474,192.9352,198.0161,1485300
2025-10-02,197.9663,198.7633,195.7845,197.259,1269500
2025-10-03,197.4284,199.0124,195.7148,196.6114,981700
2025-10-06,197.7571,197.8468,193.3836,197.4084,1572900
2025-10-07,198.2154,202.4893,197.1594,197.2191,1154800
2025-10-08,197.7372,199.0822,193.3636,193.4234,1241500
2025-10-09,193.8418,194.2204,185.2342,185.7721,1122400
2025-10-10,185.7721,190.1059,185.4035,186.35,1422100
2025-10-13,187.2964,190.2254,187.1171,187.8942,898600
2025-10-14,186.7285,192.3475,186.0212,189.259,701400
2025-10-15,190.7236,191.5305,189.5978,190.4944,1375200
2025-10-16,192.7958,192.7958,187.0474,187.1271,1403000
2025-10-17,186.5393,189.8468,186.3799,188.5716,850800
2025-10-20,189.4882,190.6438,186.0312,186.1208,1128700
2025-10-21,187.4857,188.5716,185.3836,185.4633,953000
2025-10-22,186.3002,186.8979,183.5903,186.2703,1017500
2025-10-23,186.609,187.8543,185.6626,186.1507,1085200
2025-10-24,186.2902,189.5978,186.0411,186.1507,760300
2025-10-27,186.609,188.7908,186.3101,186.8082,1202400
2025-10-28,186.6588,187.1868,185.0449,186.7485,602100
2025-10-29,186.3799,188.8705,185.543,185.9017,1113400
2025-10-30,185.4334,189.2889,185.3039,187.0772,860700
2025-10-31,187.6949,190.1258,187.5256,187.6949,1103500
2025-11-03,186.2404,189.1694,185.3637,187.0075,1489300
2025-11-04,185.3437,187.5255,183.69,186.6488,1292000
2025-11-05,186.2105,189.528,185.0648,186.5393,1575500
2025-11-06,185.1844,187.3662,176.7461,180.3226,3359200
2025-11-07,179.5256,182.5144,178.5493,181.8768,1169800
2025-11-10,183.6501,184.0387,176.9652,178.4995,1378900
2025-11-11,178.878,179.6053,176.4571,179.0076,972600
2025-11-12,179.0773,181.1495,178.9378,181.0001,741300
2025-11-13,180.7012,186.3101,179.0275,181.9565,1126500
2025-11-14,181.3089,184.1383,180.3425,183.401,1159700
2025-11-17,182.873,184.2877,180.3226,184.0586,2254900
2025-11-18,183.7896,186.2703,180.7809,185.8618,1787900
2025-11-19,186.7086,190.3848,186.4297,187.665,1193300
2025-11-20,189.01,189.538,175.7199,175.8295,1417700
2025-11-21,176.1782,179.5655,175.3413,177.5032,1052400
2025-11-24,177.6527,181.9465,176.8058,180.9702,1048100
2025-11-25,181.9266,187.6351,181.3288,186.7186,1109600
2025-11-26,187.3961,193.3636,187.3263,192.6463,873700
2025-11-28,192.5068,194.1307,189.5181,193.1644,699300
2025-12-01,192.0984,193.4234,191.3512,193.254,837400
2025-12-02,193.254,195.2266,191.7696,193.9116,1000200
2025-12-03,194.0809,195.6849,192.8655,194.1706,1318800
2025-12-04,195.2964,200.3275,193.8518,200.1182,660900
2025-12-05,200.706,201.8418,199.0024,201.4632,808200
2025-12-08,201.6525,205.9264,200.0884,203.0572,1101800
2025-12-09,202.7683,204.6712,195.7845,196.3723,1217600
2025-12-10,196.2627,199.5305,189.4981,196.203,2333600
2025-12-11,194.7683,204.9102,193.5928,203.5354,1112100
2025-12-12,204.5018,208.9451,203.7446,207.64,1143300
2025-12-15,206.44,208.48,201.6,207.45,1682200
2025-12-16,208.03,213.23,207.79,210.65,1654500
2025-12-17,210.61,216.14,210.61,211.62,1212300
2025-12-18,212.13,215.41,210.87,211.61,1298400
2025-12-19,211.44,215.17,211.06,213.44,3058900
2025-12-22,214.08,216.41,212.8,215.49,801300
2025-12-23,216.05,217.51,215.06,215.7,556600
