date,open,high,low,close,volume
2005-01-03,15.8923,15.9586,15.709,15.8159,5374600
2005-01-04,15.8159,15.9738,15.709,15.7395,4552700
2005-01-05,15.765,15.9127,15.7548,15.821,5701600
2005-01-06,15.8057,15.9076,15.7242,15.7854,4203000
2005-01-07,15.6886,15.7905,15.4899,15.5103,5312700
2005-01-10,15.4441,15.5816,15.3677,15.4645,3967500
2005-01-11,15.3677,15.5562,15.3218,15.3575,4438600
2005-01-12,15.3575,15.4797,15.2098,15.4594,5464100
2005-01-13,15.4084,15.5256,15.2811,15.332,4814800
2005-01-14,15.3983,15.439,15.2862,15.3779,4420400
2005-01-18,15.4848,15.8414,15.4441,15.8057,6282600
2005-01-19,15.7905,15.8006,15.5663,15.5663,4656700
2005-01-20,15.546,15.5765,15.3371,15.4441,4148700
2005-01-21,15.4441,15.4594,15.2353,15.2607,6128200
2005-01-24,15.2658,15.4135,15.2302,15.2811,3768200
2005-01-25,15.2964,15.4186,15.2811,15.383,5597500
2005-01-26,15.3575,15.4339,15.3167,15.3881,4007600
2005-01-27,15.4339,15.5867,15.3473,15.439,4182300
2005-01-28,15.3881,15.4594,15.1079,15.1792,5199300
2005-01-31,15.2811,15.3728,15.1792,15.3066,4031700
2005-02-01,15.3218,15.5612,15.3015,15.5001,5143000
2005-02-02,15.4848,15.6427,15.439,15.602,4118800
2005-02-03,15.5358,15.5663,15.4237,15.4899,3995500
2005-02-04,15.4594,15.5613,15.4237,15.5154,3325200
2005-02-07,15.4747,15.7395,15.4594,15.6835,3238700
2005-02-08,15.6631,15.6988,15.5103,15.5969,3837900
2005-02-09,15.6224,15.6326,15.3575,15.383,3373100
2005-02-10,15.4339,15.4594,15.3015,15.3422,3955100
2005-02-11,15.3728,15.5663,15.3117,15.4339,4225000
2005-02-14,15.439,15.4746,15.3626,15.3982,2759900
2005-02-15,15.332,15.4645,15.332,15.4084,3079400
2005-02-16,15.3422,15.3779,15.22,15.2556,4427900
2005-02-17,15.2709,15.2811,15.1079,15.1334,4720400
2005-02-18,15.169,15.169,14.9551,14.9806,4559100
2005-02-22,14.9398,15.0366,14.8227,14.843,4264500
2005-02-23,15.1792,15.276,14.95,15.1181,5713500
2005-02-24,15.1538,15.2556,15.0672,15.1792,4220200
2005-02-25,15.22,15.276,15.1436,15.2047,4089700
2005-02-28,15.2149,15.2505,15.1181,15.1538,4885900
2005-03-01,15.22,15.276,15.1996,15.2251,4331600
2005-03-02,15.0977,15.2862,15.0417,15.1487,4279900
2005-03-03,15.22,15.2811,14.9806,15.0009,4993400
2005-03-04,15.1028,15.332,15.0468,15.1028,4983700
2005-03-07,15.1028,15.2505,15.0773,15.1741,3913800
2005-03-08,15.0264,15.2047,15.0264,15.1843,5129400
2005-03-09,15.1843,15.2251,15.0162,15.0264,4325300
2005-03-10,15.0264,15.1436,14.9857,15.0774,3702900
2005-03-11,15.0875,15.1639,14.9908,15.057,3353600
2005-03-14,15.1028,15.2047,15.0366,15.1894,3768500
2005-03-15,15.2709,15.3422,15.0875,15.1028,3494100
2005-03-16,15.006,15.0875,14.8838,14.9653,4129400
2005-03-17,14.9296,14.9551,14.8227,14.8838,3235500
2005-03-18,14.7717,14.95,14.7004,14.9194,8300500
2005-03-21,14.8634,14.8889,14.6495,14.7768,3255700
2005-03-22,14.6953,14.843,14.461,14.4661,5618300
2005-03-23,14.4865,14.5884,14.4406,14.4814,5252300
2005-03-24,14.4814,14.6444,14.405,14.4152,4195100
2005-03-28,14.5425,14.624,14.4712,14.4916,4006600
2005-03-29,14.543,14.8004,14.5173,14.5791,5442800
2005-03-30,14.5688,14.785,14.5019,14.7387,4868500
2005-03-31,14.7232,14.9291,14.6923,14.8365,5966500
2005-04-01,14.9034,14.9755,14.6254,14.6717,5052800
2005-04-04,14.6923,14.7593,14.471,14.6769,4697700
2005-04-05,14.6975,14.821,14.5791,14.7078,3213000
2005-04-06,14.785,14.9292,14.7541,14.8828,3063000
2005-04-07,14.785,14.924,14.7232,14.8365,2877200
2005-04-08,14.8416,14.8777,14.5945,14.61,2986000
2005-04-11,14.6718,14.6872,14.5636,14.6254,3355200
2005-04-12,14.5945,14.924,14.543,14.8622,3277400
2005-04-13,14.8674,14.9549,14.6769,14.7232,5496700
2005-04-14,14.7232,14.7232,14.4504,14.4504,5492700
2005-04-15,14.471,14.5945,14.368,14.3989,5523700
2005-04-18,14.507,14.6254,14.4195,14.5534,3532800
2005-04-19,14.749,14.8005,14.3732,14.3732,5215400
2005-04-20,14.2805,14.2908,13.9562,13.9819,11873800
2005-04-21,14.0283,14.0797,13.7966,14.0437,9028600
2005-04-22,14.0025,14.0797,13.8841,14.0025,7097300
2005-04-25,14.0643,14.2651,14.0283,14.2239,6250200
2005-04-26,14.229,14.3268,14.1775,14.1981,5420400
2005-04-27,14.1981,14.4092,14.1158,14.3629,5988800
2005-04-28,14.3371,14.3886,14.1467,14.1467,4645800
2005-04-29,14.1827,14.3989,14.0952,14.3629,6197300
2005-05-02,14.4504,14.6563,14.4246,14.6563,3822200
2005-05-03,14.6615,14.7902,14.5482,14.6306,4442000
2005-05-04,14.8005,14.9343,14.5636,14.9189,5780600
2005-05-05,14.9137,14.9549,14.6769,14.8005,3675900
2005-05-06,14.8622,14.8622,14.6151,14.6306,3026300
2005-05-09,14.6306,14.7541,14.6306,14.7232,3321100
2005-05-10,14.6203,14.6769,14.5122,14.6151,2676700
2005-05-11,14.6357,14.7181,14.507,14.7078,2830300
2005-05-12,14.8004,14.8416,14.5791,14.5894,2642000
2005-05-13,14.4916,14.7541,14.3989,14.5534,4045300
2005-05-16,14.6203,14.8777,14.5945,14.8468,3741700
2005-05-17,14.7747,14.9652,14.7335,14.9343,3246300
2005-05-18,15.0064,15.3925,15.0064,15.3204,5474600
2005-05-19,15.341,15.341,15.1145,15.3101,3937400
2005-05-20,15.341,15.3461,15.1814,15.3153,3596500
2005-05-23,15.1866,15.305,15.063,15.2432,2917000
2005-05-24,15.2483,15.2586,15.0733,15.1196,2788600
2005-05-25,15.0373,15.1402,15.0012,15.1042,2587400
2005-05-26,15.1814,15.1866,15.1093,15.1608,1749500
2005-05-27,15.1351,15.238,15.1248,15.202,2149700
2005-05-31,15.1917,15.1917,15.0887,15.099,2685100
2005-06-01,15.0578,15.3204,15.027,15.2123,3378800
2005-06-02,15.1196,15.2226,14.9652,15.1608,2934700
2005-06-03,15.0733,15.202,15.0373,15.0681,3822800
2005-06-06,15.0836,15.1454,15.0218,15.1093,2170900
2005-06-07,15.1351,15.238,14.9291,14.9446,4329500
2005-06-08,14.9497,15.099,14.9446,15.0115,3594400
2005-06-09,14.9909,15.0887,14.9343,15.0578,3536500
2005-06-10,15.0476,15.1042,14.9034,14.9806,3798800
2005-06-13,14.9549,15.0836,14.9291,15.0475,2302500
2005-06-14,15.0218,15.1454,14.9858,15.0424,2218700
2005-06-15,15.0578,15.1968,15.0476,15.1763,3305400
2005-06-16,15.1968,15.2277,15.099,15.1968,2073100
2005-06-17,15.3976,15.3976,15.0836,15.1968,7487000
2005-06-20,15.0733,15.1608,14.9909,15.0939,3284400
2005-06-21,15.0733,15.1145,15.0012,15.0475,3104400
2005-06-22,15.202,15.2638,15.1196,15.1299,2736800
2005-06-23,15.0681,15.099,14.8777,14.8777,3172700
2005-06-24,14.8262,15.0578,14.5791,15.0012,4392400
2005-06-27,15.0064,15.1299,15.0064,15.0836,3524900
2005-06-28,15.1096,15.2396,15.1096,15.2136,3449300
2005-06-29,15.2864,15.4009,15.2604,15.276,4180500
2005-06-30,15.3957,15.4581,15.1616,15.1876,6186700
2005-07-01,15.2656,15.3489,15.0316,15.1096,4689300
2005-07-05,15.016,15.2708,15.0056,15.2084,3113300
2005-07-06,15.2188,15.224,15.0056,15.0316,3047000
2005-07-07,14.8599,15.2136,14.4438,15.0732,4307800
2005-07-08,15.0628,15.2656,15.0056,15.224,2806100
2005-07-11,15.2916,15.3749,15.1876,15.3541,3965100
2005-07-12,15.3281,15.4997,15.2552,15.4269,3647000
2005-07-13,15.3644,15.5933,15.3644,15.4997,3751700
2005-07-14,15.5465,15.6089,15.5101,15.5673,5224700
2005-07-15,15.6037,16.077,15.6037,15.9366,8775000
2005-07-18,15.8014,15.8066,15.6505,15.6713,5615500
2005-07-19,15.7077,15.9054,15.7077,15.8014,4272100
2005-07-20,15.8066,15.9054,15.6245,15.8014,3326800
2005-07-21,15.8014,15.9262,15.6037,15.7754,3358100
2005-07-22,15.7754,15.9158,15.7025,15.9106,2167200
2005-07-25,15.9262,15.9314,15.7598,15.817,3831800
2005-07-26,15.817,15.9106,15.7649,15.7754,4567100
2005-07-27,15.8222,15.8222,15.6921,15.7597,3346800
2005-07-28,15.8014,15.843,15.7077,15.7702,2986900
2005-07-29,15.7754,15.8066,15.6193,15.6349,2909100
2005-08-01,15.7077,15.7077,15.5413,15.5517,3364500
2005-08-02,15.6245,15.6713,15.5673,15.6089,3278700
2005-08-03,15.5673,15.6349,15.5517,15.6245,2135500
2005-08-04,15.5257,15.5517,15.4113,15.4893,2966900
2005-08-05,15.4477,15.4737,15.3749,15.4217,3018600
2005-08-08,15.5257,15.5257,15.4061,15.4633,2403700
2005-08-09,15.4581,15.8014,15.4581,15.6297,3520100
2005-08-10,15.6089,15.8222,15.6089,15.6609,6023500
2005-08-11,15.6609,15.7129,15.5049,15.6297,3780300
2005-08-12,15.6037,15.7702,15.5829,15.7181,3462000
2005-08-15,15.6609,15.8482,15.5621,15.8014,2768900
2005-08-16,15.7702,15.817,15.5933,15.5985,3132800
2005-08-17,15.6037,15.6661,15.5101,15.5205,3034100
2005-08-18,15.5153,15.5569,15.4061,15.5205,2741400
2005-08-19,15.6037,15.6141,15.5153,15.5517,2499000
2005-08-22,15.5985,15.7285,15.5309,15.6349,2331200
2005-08-23,15.6505,15.6505,15.4217,15.4633,2519800
2005-08-24,15.4685,15.5309,15.25,15.2604,2828100
2005-08-25,15.328,15.3905,15.25,15.3072,2164500
2005-08-26,15.25,15.2916,15.094,15.1408,3824200
2005-08-29,15.12,15.2656,15.1096,15.2032,3150200
2005-08-30,15.146,15.1512,14.9536,15.0732,3671200
2005-08-31,15.1356,15.198,14.99,15.198,3855600
2005-09-01,15.2084,15.5413,15.1148,15.5413,6116900
2005-09-02,15.5413,15.5985,15.4269,15.4737,4411300
2005-09-06,15.6037,15.6453,15.4945,15.5881,3773600
2005-09-07,15.5257,15.5933,15.3593,15.5257,3639200
2005-09-08,15.3957,15.4789,15.328,15.3749,2853800
2005-09-09,15.4061,15.5725,15.3853,15.5413,2358700
2005-09-12,15.5413,15.5673,15.4113,15.5049,3381000
2005-09-13,15.3697,15.5361,15.3593,15.4477,4031200
2005-09-14,15.4321,15.4581,15.3541,15.4113,3355400
2005-09-15,15.3957,15.4685,15.2916,15.4009,4787700
2005-09-16,15.5777,15.6037,15.4789,15.5777,9591700
2005-09-19,15.3957,15.5309,15.2812,15.3436,4596400
2005-09-20,15.3957,15.5361,15.1824,15.2708,8305700
2005-09-21,15.2864,15.2968,14.99,15.0056,5267100
2005-09-22,14.9588,15.1044,14.8339,15.0524,4917200
2005-09-23,15.0992,15.1928,14.9692,15.1304,2957200
2005-09-26,15.2396,15.2396,14.9952,15.0108,4552600
2005-09-27,15.0576,15.1148,14.9536,15.0004,2770900
2005-09-28,15.0319,15.1896,14.8059,14.8742,4894600
2005-09-29,14.8059,14.9268,14.685,14.89,5102800
2005-09-30,14.8953,14.9005,14.6745,14.7586,4363600
2005-10-03,14.7586,14.7691,14.6167,14.6482,4410400
2005-10-04,14.706,14.7481,14.459,14.4905,3959000
2005-10-05,14.438,14.6955,14.438,14.5589,5362600
2005-10-06,14.5851,14.7218,14.5431,14.643,4472100
2005-10-07,14.7165,14.7481,14.6377,14.6535,3408200
2005-10-10,14.6692,14.6903,14.4958,14.5326,2791000
2005-10-11,14.5116,14.6903,14.5011,14.5326,4132200
2005-10-12,14.5326,14.706,14.4958,14.5851,4269700
2005-10-13,14.4538,14.8427,14.4538,14.7481,4787900
2005-10-14,14.7796,14.8427,14.6482,14.6955,4232600
2005-10-17,14.7008,14.706,14.3591,14.5431,6163900
2005-10-18,14.7165,14.7638,14.5116,14.5168,5006700
2005-10-19,14.5851,15.1055,14.5326,15.095,4647000
2005-10-20,15.0319,15.2054,14.8269,14.911,4298200
2005-10-21,15.0845,15.2421,14.9793,15.2054,5247500
2005-10-24,15.2421,15.321,15.1002,15.2737,3649600
2005-10-25,15.1896,15.2842,15.1475,15.2316,4232500
2005-10-26,15.2369,15.4524,15.2159,15.3473,4568200
2005-10-27,15.2316,15.4156,15.1791,15.1791,4203200
2005-10-28,15.2947,15.568,15.2527,15.5417,4339800
2005-10-31,15.5522,15.6731,15.5417,15.547,5206000
2005-11-01,15.4787,15.5522,15.3157,15.4314,4781100
2005-11-02,15.3735,15.5575,15.321,15.321,4851700
2005-11-03,15.4208,15.4524,15.0529,15.137,7346100
2005-11-04,15.1896,15.1896,15.0004,15.0792,6182800
2005-11-07,15.1843,15.3998,15.1633,15.2894,4583300
2005-11-08,15.2894,15.4366,15.2264,15.3473,3662600
2005-11-09,15.3473,15.6048,15.3315,15.5733,4662400
2005-11-10,15.589,15.8728,15.5575,15.8676,5384200
2005-11-11,15.7677,15.9937,15.7625,15.9622,3321600
2005-11-14,15.8571,15.8939,15.7625,15.794,3754300
2005-11-15,15.8308,15.8991,15.6731,15.7625,3648600
2005-11-16,15.8466,15.8466,15.5733,15.6416,2603900
2005-11-17,15.6206,15.7835,15.5522,15.752,2755900
2005-11-18,16.0042,16.0095,15.6994,15.7677,4970800
2005-11-21,15.7888,15.9622,15.7677,15.9254,5716000
2005-11-22,15.8729,16.183,15.7677,16.0883,6017500
2005-11-23,16.0305,16.2408,15.9885,16.0831,3027200
2005-11-25,16.1882,16.2145,15.978,16.1462,1227600
2005-11-28,16.2355,16.2881,16.0831,16.1777,3064600
2005-11-29,16.2723,16.3143,16.1882,16.2355,3881700
2005-11-30,16.2145,16.2565,15.8571,15.9149,4506800
2005-12-01,16.0516,16.0516,15.8676,15.9307,3547500
2005-12-02,15.8834,16.0673,15.815,16.02,2668400
2005-12-05,16.02,16.1777,15.9622,16.1409,3936900
2005-12-06,16.1409,16.1882,16.0358,16.0516,10246200
2005-12-07,15.9622,16.0042,15.7047,15.8098,4952200
2005-12-08,15.7835,15.8834,15.6469,15.752,4361000
2005-12-09,15.7572,15.8991,15.6311,15.8413,3629100
2005-12-12,15.8413,15.8729,15.6416,15.7257,2390300
2005-12-13,15.9149,16.2408,15.8413,16.0621,6540400
2005-12-14,16.0148,16.1882,15.9885,16.1146,3976800
2005-12-15,16.1672,16.2197,16.02,16.1777,3748600
2005-12-16,16.267,16.3196,16.1672,16.2513,5904300
2005-12-19,16.0831,16.1882,15.9569,15.9674,4597400
2005-12-20,15.9464,16.0253,15.8361,15.9885,3001000
2005-12-21,15.7677,16.2355,15.7677,16.0568,3289900
2005-12-22,16.1041,16.246,16.0253,16.2355,4702800
2005-12-23,16.4037,16.4037,16.2197,16.2408,2701000
2005-12-27,16.2723,16.3669,16.2145,16.2302,3148600
2005-12-28,16.2356,16.3365,16.0496,16.1081,3386300
2005-12-29,16.124,16.1931,15.9859,16.0071,2489800
2005-12-30,15.9487,15.9965,15.8052,15.8796,3083300
2006-01-03,15.9646,16.1134,15.7893,16.0868,9436800
2006-01-04,16.1081,16.3046,16.0868,16.1453,5626000
2006-01-05,16.1134,16.3099,16.1081,16.2249,4627700
2006-01-06,16.3365,16.3896,16.1399,16.3524,4326900
2006-01-09,16.3206,16.4428,16.2621,16.3578,3783100
2006-01-10,16.3099,16.3206,16.1452,16.2834,3467200
2006-01-11,16.2728,16.3046,16.124,16.2143,3789700
2006-01-12,16.2143,16.2143,16.0709,16.1453,4624300
2006-01-13,16.2303,16.2887,16.124,16.2515,3281200
2006-01-17,15.9381,16.2037,15.9009,15.954,5695500
2006-01-18,15.954,16.0443,15.7787,15.9009,4623700
2006-01-19,15.9221,15.9434,15.7255,15.7468,10610400
2006-01-20,15.7255,15.7309,15.4121,15.4227,10407700
2006-01-23,15.4599,15.5449,15.4015,15.4918,5661000
2006-01-24,15.5768,15.6405,15.4387,15.5024,5537200
2006-01-25,15.513,15.5609,15.4599,15.4971,4552800
2006-01-26,15.7999,15.9752,15.6087,15.7309,5936800
2006-01-27,15.7415,15.8796,15.6724,15.8159,4220100
2006-01-30,15.8052,15.8371,15.6724,15.7734,4398000
2006-01-31,15.7627,15.9221,15.7149,15.8902,5869800
2006-02-01,15.8424,15.8955,15.7521,15.8477,5365200
2006-02-02,15.8318,15.8318,15.6034,15.683,3759200
2006-02-03,15.5449,15.7415,15.4918,15.5662,4754200
2006-02-06,15.5662,15.6618,15.5502,15.6246,3297600
2006-02-07,15.5502,15.6459,15.513,15.5927,4690400
2006-02-08,15.5555,15.7521,15.5396,15.7096,3206800
2006-02-09,15.7096,15.8637,15.6459,15.7362,3481800
2006-02-10,15.6459,15.9381,15.6193,15.9168,4483800
2006-02-13,15.869,15.9274,15.8371,15.9062,2971800
2006-02-14,15.9221,16.1612,15.8743,16.0337,5473200
2006-02-15,15.9699,16.1824,15.9487,16.1081,4328600
2006-02-16,16.0337,16.1931,16.0124,16.1771,5581500
2006-02-17,16.1027,16.2196,16.1027,16.1877,4061900
2006-02-21,16.1877,16.2302,16.0284,16.0549,3852100
2006-02-22,16.0709,16.4587,16.0602,16.3578,6307400
2006-02-23,16.379,16.4693,16.2356,16.4268,4327400
2006-02-24,16.4109,16.4693,16.4003,16.4321,2856900
2006-02-27,16.4109,16.6128,16.4109,16.5331,5084500
2006-02-28,16.4534,16.4959,16.3365,16.4215,4372400
2006-03-01,16.4162,16.5809,16.3949,16.4959,3568100
2006-03-02,16.3949,16.4215,16.2037,16.3099,3604700
2006-03-03,16.2143,16.3737,16.1399,16.1506,3990400
2006-03-06,16.1824,16.1984,16.0443,16.1134,4331500
2006-03-07,16.1134,16.2462,16.0602,16.1984,3258600
2006-03-08,16.1346,16.2834,16.0974,16.2356,4236800
2006-03-09,16.2834,16.3418,16.1612,16.1718,3386000
2006-03-10,16.1718,16.3099,16.1612,16.2993,2302700
2006-03-13,16.2993,16.3737,16.1612,16.1824,4159700
2006-03-14,16.1559,16.4056,16.1506,16.3949,4991800
2006-03-15,16.3578,16.549,16.3099,16.4799,5177200
2006-03-16,16.5012,16.6287,16.5012,16.5171,3943400
2006-03-17,16.6128,16.634,16.4906,16.5543,7155900
2006-03-20,16.5118,16.6021,16.4853,16.5118,3885900
2006-03-21,16.4853,16.6128,16.4587,16.5224,4589600
2006-03-22,16.3259,16.5968,16.3259,16.5703,3335000
2006-03-23,16.5331,16.6181,16.3843,16.4375,4572400
2006-03-24,16.4374,16.464,16.3631,16.4162,3744600
2006-03-27,16.4162,16.4481,16.379,16.4215,4085200
2006-03-28,16.4215,16.5756,16.294,16.3206,4804200
2006-03-29,16.3206,16.5676,16.3206,16.5354,5621300
2006-03-30,16.4656,16.5837,16.4119,16.4333,4100300
2006-03-31,16.4387,16.4978,16.3259,16.3796,5388400
2006-04-03,16.428,16.5569,16.3743,16.3904,4707800
2006-04-04,16.3904,16.5032,16.3152,16.4333,4889900
2006-04-05,16.3796,16.5945,16.3796,16.5408,4776500
2006-04-06,16.4871,16.5837,16.3904,16.5515,4312200
2006-04-07,16.5246,16.6213,16.3474,16.3796,4276100
2006-04-10,16.4441,16.4817,16.3152,16.3635,2731500
2006-04-11,16.3152,16.4602,16.2937,16.3152,4058100
2006-04-12,16.342,16.385,16.2239,16.2883,3960000
2006-04-13,16.2024,16.3958,16.2024,16.3367,2472000
2006-04-17,16.3904,16.428,16.2508,16.3152,3266300
2006-04-18,16.3152,16.4978,16.2024,16.4065,5842900
2006-04-19,16.3259,16.4011,16.2937,16.3796,6899900
2006-04-20,16.3796,16.4817,16.3313,16.4333,4352100
2006-04-21,16.53,16.53,16.3259,16.3957,4117900
2006-04-24,16.385,16.4119,16.2937,16.3796,3389200
2006-04-25,16.3796,16.4119,16.2561,16.3206,4304500
2006-04-26,16.3796,16.4817,16.3474,16.428,3493100
2006-04-27,16.3796,16.7502,16.3528,16.6374,6833300
2006-04-28,16.6374,16.922,16.6213,16.8845,9722200
2006-05-01,16.8093,16.8469,16.5891,16.6213,7106500
2006-05-02,16.6535,16.7663,16.5569,16.6858,4047500
2006-05-03,16.675,16.7395,16.5945,16.675,4602500
2006-05-04,16.7341,16.9167,16.7287,16.7771,8743400
2006-05-05,16.7824,16.8845,16.7448,16.8415,6717200
2006-05-08,16.7824,16.9167,16.777,16.8415,4134600
2006-05-09,16.7985,16.9489,16.7985,16.9489,4676800
2006-05-10,17.0832,17.1207,16.8845,17.0885,6540900
2006-05-11,17.0187,17.1261,16.9006,17.0294,7375500
2006-05-12,17.0295,17.0456,16.8307,16.8469,4635400
2006-05-15,16.7663,16.9865,16.7663,16.9167,3665900
2006-05-16,16.9167,17.0187,16.8308,16.9489,3163000
2006-05-17,16.7824,16.9274,16.6374,16.7556,5016600
2006-05-18,16.7771,16.8254,16.5622,16.5676,3958600
2006-05-19,16.7126,16.9113,16.6213,16.7019,5570100
2006-05-22,16.7019,16.82,16.5998,16.7126,4396500
2006-05-23,16.7126,16.8361,16.6374,16.6696,4229500
2006-05-24,16.6696,16.8039,16.5515,16.6374,4259000
2006-05-25,16.7395,16.7448,16.5032,16.5945,4704300
2006-05-26,16.6428,16.6804,16.5945,16.6643,2553000
2006-05-30,16.6643,16.6643,16.4924,16.5193,2899800
2006-05-31,16.5783,16.5945,16.4172,16.5783,4969800
2006-06-01,16.6106,16.8361,16.5407,16.8146,3912000
2006-06-02,16.8146,17.0456,16.8146,17.0133,6307900
2006-06-05,16.9167,16.9758,16.7824,16.7878,3640900
2006-06-06,16.8093,16.863,16.6589,16.7985,4689700
2006-06-07,16.8469,17.0939,16.82,16.9489,4916000
2006-06-08,16.8898,17.0026,16.7663,16.9596,5720600
2006-06-09,16.9596,17.0026,16.8469,16.9596,4428600
2006-06-12,16.9596,17.0348,16.8791,16.9221,3485200
2006-06-13,16.9435,17.0509,16.7932,16.863,7525100
2006-06-14,16.8576,16.9435,16.4709,16.7019,6740100
2006-06-15,16.6858,16.8361,16.5515,16.8093,7051800
2006-06-16,16.7502,16.8683,16.6482,16.7985,7047000
2006-06-19,16.8254,16.9328,16.7287,16.7663,4360500
2006-06-20,16.7609,16.82,16.6911,16.718,5129900
2006-06-21,16.7448,16.8576,16.6858,16.7609,4274200
2006-06-22,16.7556,16.7663,16.6643,16.7341,4085900
2006-06-23,16.6965,16.7233,16.5246,16.6589,3922500
2006-06-26,16.7233,16.7609,16.6267,16.7448,4338100
2006-06-27,16.7395,16.8254,16.6482,16.6482,4297800
2006-06-28,16.7187,16.7947,16.6373,16.7133,4135000
2006-06-29,16.7296,16.8599,16.5993,16.8164,8148600
2006-06-30,16.849,16.925,16.697,16.7621,5849300
2006-07-03,16.9304,16.9304,16.8273,16.9033,2049600
2006-07-05,16.9087,16.9087,16.7079,16.8381,4143000
2006-07-06,16.8978,16.9304,16.7947,16.8978,3249900
2006-07-07,16.8979,16.9413,16.811,16.8219,4078100
2006-07-10,16.9087,16.9413,16.8599,16.9033,3208200
2006-07-11,16.9033,16.9467,16.8164,16.9196,4036600
2006-07-12,16.9521,16.9901,16.7567,16.8164,4457700
2006-07-13,16.8164,16.8164,16.6156,16.6699,4283900
2006-07-14,16.6753,16.7676,16.5776,16.7024,5319900
2006-07-17,16.7187,16.925,16.6264,16.8381,4759600
2006-07-18,16.8436,16.9359,16.6644,16.8707,4709600
2006-07-19,16.9304,17.1855,16.9196,17.1258,6287000
2006-07-20,17.1313,17.3375,17.0444,17.229,5247900
2006-07-21,17.3267,17.3267,17.077,17.267,5968300
2006-07-24,17.267,17.3701,17.267,17.3647,3619900
2006-07-25,17.3267,17.3701,17.2018,17.3104,5186200
2006-07-26,17.2724,17.343,17.2398,17.305,7056100
2006-07-27,17.343,17.3647,17.1747,17.1801,5236000
2006-07-28,17.2615,17.4135,17.2398,17.3701,10025500
2006-07-31,17.2615,17.3918,17.2615,17.3701,8447800
2006-08-01,17.2941,17.3592,17.2724,17.3158,6377400
2006-08-02,17.3321,17.3755,17.2941,17.3267,6884600
2006-08-03,17.2615,17.5004,17.2344,17.4624,7047200
2006-08-04,17.5221,17.6144,17.4624,17.5384,8167700
2006-08-07,17.495,17.5764,17.495,17.5329,4199400
2006-08-08,17.5872,17.6361,17.5112,17.5112,6497900
2006-08-09,17.5927,17.6307,17.419,17.4352,7473100
2006-08-10,17.4244,17.4787,17.3158,17.4298,4649100
2006-08-11,17.381,17.3918,17.2235,17.3158,4342500
2006-08-14,17.3647,17.4298,17.3213,17.3647,3791600
2006-08-15,17.3701,17.5601,17.3701,17.5275,4242900
2006-08-16,17.5655,17.6307,17.5492,17.5872,4275600
2006-08-17,17.5438,17.6904,17.533,17.6361,3819000
2006-08-18,17.6252,17.6524,17.571,17.6415,4075300
2006-08-21,17.5601,17.6307,17.5384,17.5492,2562700
2006-08-22,17.5764,17.6361,17.533,17.5981,2920500
2006-08-23,17.5981,17.6089,17.381,17.4949,3605600
2006-08-24,17.5438,17.6198,17.4895,17.6035,3192600
2006-08-25,17.4515,17.533,17.4081,17.4352,3254200
2006-08-28,17.4407,17.5112,17.381,17.4244,2913800
2006-08-29,17.4407,17.4841,17.2832,17.3701,6062500
2006-08-30,17.3592,17.4135,17.3104,17.3213,4871700
2006-08-31,17.3647,17.4298,17.2778,17.4081,5795200
2006-09-01,17.4732,17.4732,17.343,17.3972,2270900
2006-09-05,17.4787,17.5275,17.4027,17.4352,3657100
2006-09-06,17.3701,17.5221,17.3647,17.5004,4131200
2006-09-07,17.5004,17.5492,17.3592,17.3864,4358500
2006-09-08,17.0987,17.4895,16.9684,17.4732,5223100
2006-09-11,17.5221,17.6198,17.5112,17.5981,6278000
2006-09-12,17.5872,17.8424,17.5601,17.8315,7687200
2006-09-13,17.7609,17.8206,17.7175,17.8098,7030200
2006-09-14,17.7555,17.9618,17.7555,17.9129,5435200
2006-09-15,17.9943,18.1083,17.9075,18.054,8974800
2006-09-18,17.9943,18.0269,17.8695,17.9618,4075300
2006-09-19,17.9672,17.9889,17.9129,17.9346,4821500
2006-09-20,17.9889,18.0866,17.9618,17.9943,4067100
2006-09-21,18.0215,18.0703,17.9292,17.9835,4077100
2006-09-22,18.0215,18.0486,17.9563,17.9889,3347700
2006-09-25,18.0486,18.1409,17.9943,18.054,4846800
2006-09-26,18.0866,18.092,17.9781,18.0595,4735100
2006-09-27,18.0979,18.2623,18.065,18.1911,6013100
2006-09-28,18.1965,18.2569,18.1582,18.2569,3431400
2006-09-29,18.213,18.2678,18.1746,18.213,5352400
2006-10-02,18.2678,18.2733,18.0924,18.1362,2990900
2006-10-03,18.1417,18.2733,18.1308,18.2404,4423000
2006-10-04,18.1308,18.3336,18.0704,18.3281,5529600
2006-10-05,18.2568,18.4871,18.2514,18.4707,5446300
2006-10-06,18.4707,18.4871,18.3775,18.4597,4947100
2006-10-09,18.4487,18.4981,18.3939,18.4926,3593500
2006-10-10,18.4816,18.5036,18.3446,18.3884,5619500
2006-10-11,18.3884,18.5748,18.3391,18.5639,5713100
2006-10-12,18.5968,18.6022,18.5036,18.5694,4013700
2006-10-13,18.5694,18.5968,18.4652,18.509,5149500
2006-10-16,18.531,18.5419,18.372,18.4158,4829800
2006-10-17,18.3665,18.372,18.0924,18.224,10228900
2006-10-18,18.2788,18.3884,18.1527,18.2294,6541500
2006-10-19,18.2294,18.3555,18.1582,18.3281,8392400
2006-10-20,18.3775,18.4378,18.2733,18.3281,7640700
2006-10-23,18.2623,18.4816,18.2459,18.4597,5180600
2006-10-24,18.4104,18.531,18.3391,18.52,4836700
2006-10-25,18.5036,18.6297,18.4213,18.6242,5965400
2006-10-26,18.6242,18.6845,18.4926,18.6735,6415400
2006-10-27,18.5858,18.7229,18.5694,18.6406,5896400
2006-10-30,18.6461,18.6955,18.6077,18.6406,4600500
2006-10-31,18.6406,18.679,18.5145,18.5529,5651800
2006-11-01,18.6077,18.6351,18.4433,18.4816,4696400
2006-11-02,18.4433,18.531,18.4213,18.4871,3618500
2006-11-03,18.52,18.5419,18.372,18.4049,5518600
2006-11-06,18.4104,18.5036,18.4049,18.4816,3969500
2006-11-07,18.4816,18.5365,18.4652,18.5365,3970700
2006-11-08,18.5365,18.6077,18.4871,18.5803,3087100
2006-11-09,18.5639,18.5858,18.4762,18.5584,3884900
2006-11-10,18.5858,18.6187,18.3939,18.4542,5124600
2006-11-13,18.4816,18.5145,18.4323,18.4762,5634900
2006-11-14,18.5419,18.5419,18.3391,18.4871,7461500
2006-11-15,18.4652,18.5145,18.4323,18.4707,4781600
2006-11-16,18.5036,18.6735,18.4816,18.6242,4200000
2006-11-17,18.5584,18.6242,18.5365,18.5913,4133300
2006-11-20,18.5913,18.6735,18.5639,18.6461,3315600
2006-11-21,18.6516,18.6516,18.5748,18.5968,3914900
2006-11-22,18.5858,18.6406,18.4652,18.5255,3393600
2006-11-24,18.4378,18.5419,18.4378,18.4871,1186900
2006-11-27,18.4542,18.5255,18.2623,18.3501,6356200
2006-11-28,18.361,18.4159,18.2733,18.3062,4438300
2006-11-29,18.3446,18.5365,18.3446,18.5145,3312000
2006-11-30,18.5036,18.5145,18.3172,18.4433,4136100
2006-12-01,18.4816,18.5145,18.3391,18.4542,5475300
2006-12-04,18.4707,18.6352,18.4597,18.5748,5849800
2006-12-05,18.5858,18.6735,18.4981,18.6406,5253100
2006-12-06,18.6242,18.7503,18.5803,18.7503,5637000
2006-12-07,18.8051,18.849,18.5639,18.6845,4696800
2006-12-08,18.7009,18.7283,18.6022,18.6187,4986300
2006-12-11,18.6406,18.7284,18.5968,18.6406,5081300
2006-12-12,18.6406,18.8928,18.5036,18.849,9485200
2006-12-13,18.9093,19.6549,18.9038,19.5069,22298200
2006-12-14,18.9148,19.7371,18.9148,19.6604,16043000
2006-12-15,19.6604,19.7371,19.5398,19.622,15343800
2006-12-18,19.2547,19.7536,19.2547,19.7097,7556600
2006-12-19,19.7152,19.8194,19.6549,19.8029,8213900
2006-12-20,19.8029,20.0058,19.7591,19.9893,9201100
2006-12-21,20.0113,20.0551,19.9016,19.9729,6374000
2006-12-22,20.0222,20.1648,19.9619,20.0935,5358000
2006-12-26,20.1209,20.2032,20.0551,20.1154,4623500
2006-12-27,20.121,20.254,20.0988,20.1653,4575300
2006-12-28,20.1875,20.2928,20.0711,20.1265,3786300
2006-12-29,20.121,20.1709,19.9879,20.06,4974400
2007-01-03,19.7385,20.1154,19.7385,20.0489,7697500
2007-01-04,20.0489,20.0933,19.9048,20.0656,5409000
2007-01-05,20.06,20.06,19.7884,19.8272,5748100
2007-01-08,19.7884,20.06,19.672,19.7607,5752100
2007-01-09,19.805,19.8882,19.5999,19.7496,6548400
2007-01-10,19.7551,19.8106,19.6166,19.7385,6539100
2007-01-11,19.7385,19.8161,19.6332,19.6831,5669100
2007-01-12,19.733,19.7718,19.6498,19.7053,6357000
2007-01-16,19.733,19.8549,19.5334,19.8161,6492700
2007-01-17,19.7829,19.9325,19.7274,19.8217,10835200
2007-01-18,19.4059,19.8272,19.4059,19.7163,7356500
2007-01-19,19.7884,19.7939,19.5722,19.6554,7405500
2007-01-22,19.6498,19.6886,19.5445,19.5611,5054700
2007-01-23,19.539,19.6221,19.5057,19.6221,5978700
2007-01-24,19.6775,19.7773,19.611,19.6886,6349300
2007-01-25,19.6886,19.7219,19.539,19.55,6762400
2007-01-26,19.5889,19.7607,19.5833,19.6997,7377200
2007-01-29,19.6775,19.7662,19.611,19.611,5947000
2007-01-30,19.6166,19.6166,19.5168,19.5833,4123000
2007-01-31,19.5445,19.7441,19.4669,19.733,7358100
2007-02-01,19.733,19.733,19.6221,19.7274,13333600
2007-02-02,19.7274,19.866,19.7274,19.8494,5366900
2007-02-05,19.7939,19.8494,19.6831,19.7995,5457200
2007-02-06,19.7939,20.0046,19.7662,19.9658,9015400
2007-02-07,19.9602,19.9824,19.8993,19.9602,6290600
2007-02-08,19.9547,19.9547,19.8715,19.9159,4590400
2007-02-09,19.9214,19.9935,19.8327,19.866,4615000
2007-02-12,19.8494,19.999,19.8494,19.9658,4240800
2007-02-13,20.1875,20.1875,19.9658,20.0933,5336000
2007-02-14,20.0933,20.1154,19.9935,20.0656,6901600
2007-02-15,20.2873,20.2873,20.0323,20.1487,5147100
2007-02-16,20.2873,20.2983,20.1099,20.2983,7535700
2007-02-20,20.1709,20.4203,20.1709,20.3316,6348200
2007-02-21,20.2873,20.3538,20.2097,20.3039,4818900
2007-02-22,20.315,20.3538,20.2706,20.3094,4560400
2007-02-23,20.3593,20.3593,20.0656,20.2596,6840300
2007-02-26,20.2817,20.315,20.0711,20.1986,4984700
2007-02-27,20.387,20.387,19.2729,19.7385,10566400
2007-02-28,19.733,19.9048,19.6498,19.7662,10317600
2007-03-01,19.6664,19.8327,19.5445,19.7163,11364800
2007-03-02,19.6831,19.8826,19.5889,19.6166,8038800
2007-03-05,19.6166,20.06,19.4558,19.478,10432900
2007-03-06,19.5445,19.7441,19.539,19.7385,10634300
2007-03-07,19.7496,19.805,19.6055,19.6609,6922600
2007-03-08,19.7385,19.8494,19.6775,19.7053,6581400
2007-03-09,19.7829,19.8161,19.6609,19.6942,5452600
2007-03-12,19.6443,19.7939,19.6277,19.7662,5937500
2007-03-13,19.6831,19.6886,19.345,19.4004,10012200
2007-03-14,19.5002,19.5002,19.0678,19.345,13022700
2007-03-15,19.2895,19.5944,19.2618,19.5112,8636900
2007-03-16,19.5002,19.6664,19.4004,19.4558,11041100
2007-03-19,19.539,19.6886,19.4946,19.6332,4772300
2007-03-20,19.611,19.7662,19.5944,19.7219,5307900
2007-03-21,19.7052,20.0101,19.6332,19.9713,8877200
2007-03-22,19.9713,20.0434,19.8549,19.9547,6736600
2007-03-23,19.9547,20.0378,19.8494,19.9048,4706100
2007-03-26,19.9547,19.9935,19.7662,19.9602,7632900
2007-03-27,19.9103,19.9436,19.6831,19.733,7864000
2007-03-28,19.733,19.8787,19.4751,19.4919,10213500
2007-03-29,19.604,19.7049,19.4919,19.6265,6355500
2007-03-30,19.6713,19.8675,19.4078,19.604,6838500
2007-04-02,19.6377,19.6377,19.3462,19.4359,7942400
2007-04-03,19.5592,19.7218,19.5424,19.6377,6307900
2007-04-04,19.6096,19.6769,19.4359,19.4527,7450200
2007-04-05,19.4471,19.5031,19.3574,19.4639,6799900
2007-04-09,19.4583,19.4751,19.3742,19.4415,4859300
2007-04-10,19.4415,19.5704,19.4022,19.5087,6554700
2007-04-11,19.5143,19.5143,19.2901,19.3293,8318800
2007-04-12,19.2565,19.3125,19.1163,19.2901,10513000
2007-04-13,19.3966,19.3966,19.1612,19.3237,8178400
2007-04-16,19.3686,19.6209,19.363,19.5648,8635400
2007-04-17,19.5368,19.5648,19.3013,19.3742,10361200
2007-04-18,19.3742,19.3742,19.1892,19.2845,9196000
2007-04-19,19.234,19.3293,19.1387,19.2453,9338400
2007-04-20,19.6208,19.6489,19.2452,19.3686,12443400
2007-04-23,19.3686,19.3742,19.2396,19.2509,7965000
2007-04-24,19.3405,19.5031,19.0715,19.1331,10322600
2007-04-25,19.2453,19.4302,19.1331,19.3798,7720000
2007-04-26,19.6601,19.6657,19.2621,19.3686,10170800
2007-04-27,19.0995,19.4246,19.0603,19.3686,5128400
2007-04-30,19.3742,19.4471,19.2452,19.2565,9289300
2007-05-01,19.2565,19.2901,19.1331,19.2789,9047900
2007-05-02,19.2789,19.3686,19.0603,19.3406,6220500
2007-05-03,19.363,19.4078,19.1948,19.2565,7732900
2007-05-04,19.3293,19.4134,19.2677,19.3349,5159300
2007-05-07,19.3462,19.5368,19.3462,19.4078,5831800
2007-05-08,19.3742,19.4583,19.3125,19.4134,6356800
2007-05-09,19.3966,19.5592,19.3574,19.5143,7371200
2007-05-10,19.5087,19.5087,19.2733,19.2845,6851100
2007-05-11,19.3406,19.4471,19.3181,19.4303,5352000
2007-05-14,19.419,19.4863,19.2621,19.2901,6765000
2007-05-15,19.363,19.4863,19.3237,19.363,7047200
2007-05-16,19.4471,19.4863,19.2901,19.3854,8047600
2007-05-17,19.3854,19.4078,19.3013,19.363,4555600
2007-05-18,19.4359,19.5648,19.3798,19.4975,7733100
2007-05-21,19.548,19.548,19.3686,19.3854,8252700
2007-05-22,19.3686,19.3966,19.234,19.2957,9185900
2007-05-23,19.3125,19.4022,19.2621,19.2677,8453600
2007-05-24,19.4527,19.5648,19.15,19.1612,8162400
2007-05-25,19.2004,19.3125,19.2004,19.2789,4749600
2007-05-29,19.3237,19.3798,19.2789,19.3237,5730000
2007-05-30,19.3293,19.4919,19.3013,19.4583,6317100
2007-05-31,19.4863,19.5536,19.3125,19.3854,6562900
2007-06-01,19.3966,19.4975,19.3574,19.4134,7192800
2007-06-04,19.3686,19.4527,19.3125,19.3462,7978700
2007-06-05,19.3406,19.3742,19.2116,19.3406,8396900
2007-06-06,19.3069,19.3518,19.1892,19.234,7411900
2007-06-07,19.2284,19.3574,19.0771,19.0771,11455800
2007-06-08,19.1275,19.2004,19.0098,19.178,9651800
2007-06-11,19.1724,19.2845,19.1219,19.2284,7869100
2007-06-12,19.1387,19.2004,18.9762,18.9762,7729200
2007-06-13,19.0602,19.1499,18.8584,19.1443,8706500
2007-06-14,19.1219,19.178,18.9986,19.0266,9422700
2007-06-15,19.1219,19.2004,19.0827,19.1275,12736300
2007-06-18,19.1836,19.2172,19.1107,19.1724,8076500
2007-06-19,19.1163,19.3013,19.0995,19.2789,6559600
2007-06-20,19.2901,19.3125,19.0266,19.0378,6362300
2007-06-21,18.9762,19.0659,18.8977,18.9481,17073700
2007-06-22,19.0098,19.0098,18.7127,18.7351,15016400
2007-06-25,18.7631,18.9537,18.651,18.7183,7753200
2007-06-26,18.836,18.8696,18.6847,18.78,14820100
2007-06-27,18.7516,18.9615,18.6154,18.9388,10612400
2007-06-28,19.2736,19.2736,18.7232,18.8367,8225600
2007-06-29,18.8367,18.8991,18.5757,18.6949,10589600
2007-07-02,18.78,18.831,18.6949,18.831,6902900
2007-07-03,18.8424,19.0069,18.8026,19.0069,3842000
2007-07-05,18.9615,18.9785,18.8764,18.9388,4935900
2007-07-06,18.8991,18.9615,18.8026,18.9445,7014900
2007-07-09,18.8594,18.9956,18.8594,18.9218,6147300
2007-07-10,18.7913,18.8367,18.6154,18.6324,11804300
2007-07-11,18.7119,18.8027,18.4622,18.57,13072600
2007-07-12,18.6495,18.8026,18.57,18.797,17042000
2007-07-13,18.4055,18.8991,18.4055,18.8253,8294400
2007-07-16,18.8367,18.9785,18.7346,18.8367,8320300
2007-07-17,18.5927,18.8367,18.5927,18.6495,11286900
2007-07-18,18.4509,18.5814,18.1842,18.4282,14579600
2007-07-19,18.4395,18.4736,18.1729,18.3431,13613800
2007-07-20,18.6665,18.6665,18.0367,18.0934,15762500
2007-07-23,18.1785,18.4452,17.9856,18.014,16224700
2007-07-24,17.9289,17.9686,17.4807,17.5317,16649500
2007-07-25,17.7076,17.7644,17.4637,17.6679,14952900
2007-07-26,18.0594,18.0651,17.1005,17.2821,17923200
2007-07-27,17.2537,17.5771,16.9871,17.0154,13491600
2007-07-30,17.0778,17.4126,16.6466,17.3388,17669800
2007-07-31,17.4977,17.6452,16.9303,16.9927,14475800
2007-08-01,16.9757,17.3502,16.5048,17.2934,17427100
2007-08-02,17.2481,17.441,17.1005,17.2481,11526700
2007-08-03,17.2481,17.3388,16.5956,16.6013,16185900
2007-08-06,16.7034,17.6906,16.5786,17.6566,16239300
2007-08-07,17.5885,18.0991,17.4126,17.7247,16626500
2007-08-08,17.4523,18.0027,16.9246,17.5885,19201300
2007-08-09,16.8793,17.458,16.7374,16.953,19445400
2007-08-10,16.8736,17.3615,16.624,16.9984,14393600
2007-08-13,17.2424,17.2991,16.8566,16.9076,9294200
2007-08-14,16.8793,17.0211,16.6353,16.7658,14100600
2007-08-15,16.7091,17.3899,16.6807,16.8396,14092600
2007-08-16,16.7601,18.0594,16.6183,17.8325,21195500
2007-08-17,18.4395,18.9956,18.1672,18.6154,20667100
2007-08-20,18.8651,18.8651,18.1672,18.5019,12169900
2007-08-21,18.5927,18.7573,18.4112,18.5417,8030700
2007-08-22,18.7062,18.797,18.3544,18.7062,14512800
2007-08-23,18.8254,18.8254,18.553,18.6154,9301600
2007-08-24,18.5133,18.7743,18.5133,18.7516,7653800
2007-08-27,18.6722,18.7232,18.5133,18.6381,5857200
2007-08-28,18.5473,18.6098,18.0197,18.0424,9830000
2007-08-29,18.1275,18.3317,17.9062,18.3317,7783300
2007-08-30,18.2637,18.3715,17.9913,18.2637,8011300
2007-08-31,18.4963,18.5814,18.1842,18.3544,9699600
2007-09-04,18.3261,18.3885,18.1105,18.2977,6382100
2007-09-05,18.1331,18.1558,17.7984,17.9516,8225300
2007-09-06,17.8211,18.1672,17.7984,18.0537,5869600
2007-09-07,17.8722,18.0991,17.719,17.8495,9988300
2007-09-10,17.8835,17.9856,17.6055,17.7757,5671800
2007-09-11,17.7814,18.1275,17.7814,17.9856,7842100
2007-09-12,17.9686,18.1559,17.8154,18.0651,7097300
2007-09-13,18.2693,18.2863,18.1275,18.2693,6611300
2007-09-14,18.1558,18.3431,18.0991,18.309,6041700
2007-09-17,18.275,18.3771,18.2126,18.3204,8387100
2007-09-18,18.3034,19.0977,18.1558,19.075,12005900
2007-09-19,19.1204,19.387,19.0693,19.2792,11444500
2007-09-20,19.2509,19.2963,18.8254,18.9388,8241000
2007-09-21,18.8197,19.2679,18.6892,18.78,11678500
2007-09-24,18.7459,18.797,18.5814,18.6778,6984700
2007-09-25,18.5587,18.7629,18.4509,18.6438,6530700
2007-09-26,18.7701,18.8218,18.4657,18.5634,9664900
2007-09-27,18.661,18.8104,18.5978,18.7931,8747500
2007-09-28,18.7874,18.8678,18.6495,18.684,5418000
2007-10-01,18.6725,19.2756,18.6208,19.1492,8453500
2007-10-02,19.1894,19.3273,19.1148,19.2698,6181600
2007-10-03,19.2182,19.3847,19.1205,19.2354,4858000
2007-10-04,19.2411,19.3962,19.1722,19.2411,4104500
2007-10-05,19.3158,19.5168,19.2698,19.3617,4911200
2007-10-08,19.5226,19.5857,19.1377,19.2009,4252400
2007-10-09,19.2584,19.3043,18.9712,19.2239,7254500
2007-10-10,19.1952,19.2296,18.9022,18.9712,6888100
2007-10-11,19.1837,19.1894,18.7242,18.8448,7660300
2007-10-12,18.7644,19.0803,18.7644,18.885,7538800
2007-10-15,19.0114,19.0114,18.5461,18.6725,8058100
2007-10-16,18.7989,18.8965,18.3796,18.5806,10893300
2007-10-17,18.6955,18.8333,18.4198,18.7242,9824100
2007-10-18,18.5864,18.7012,18.3279,18.4715,10836700
2007-10-19,18.3796,18.6495,17.9258,17.9603,13857400
2007-10-22,17.8454,18.2245,17.7478,18.0924,8855900
2007-10-23,18.2073,18.236,17.9258,18.2073,8819300
2007-10-24,18.0867,18.236,17.8397,18.0694,13499400
2007-10-25,18.0407,18.3336,17.9086,18.1154,11676600
2007-10-26,18.4945,18.6553,18.0465,18.5978,10938500
2007-10-29,18.7012,18.7299,18.4772,18.6725,8030400
2007-10-30,18.6725,18.8276,18.5519,18.7816,9541700
2007-10-31,18.9137,19.2296,18.7472,19.0458,11884200
2007-11-01,18.6093,18.8103,18.1556,18.2015,12738400
2007-11-02,18.236,18.2877,17.7937,17.9775,13983400
2007-11-05,17.7708,18.1498,17.6444,17.9431,11893900
2007-11-06,17.9316,18.3107,17.8167,18.2877,8451400
2007-11-07,18.1211,18.1269,17.5008,17.5238,12432000
2007-11-08,17.5755,18.0407,17.4261,17.9488,15091600
2007-11-09,17.6846,18.1786,17.4606,17.7593,16296600
2007-11-12,17.6961,18.6495,17.6616,17.9431,15245200
2007-11-13,18.0579,18.6553,18.0579,18.6323,12766700
2007-11-14,18.707,19.0056,18.4255,18.5806,13552800
2007-11-15,18.5002,18.8276,17.9316,18.1498,14644900
2007-11-16,18.3107,18.4255,17.8397,18.0522,14080400
2007-11-19,17.9029,18.0752,17.3745,17.7822,15342400
2007-11-20,17.8454,18.2302,17.4032,17.788,17074500
2007-11-21,17.6042,17.9373,17.3515,17.5123,14970200
2007-11-23,17.6616,18.0235,17.5984,17.9258,5398700
2007-11-26,17.9603,17.9603,17.518,17.518,14582800
2007-11-27,17.6214,18.012,17.5353,17.8397,15031700
2007-11-28,17.9373,18.8678,17.8397,18.7184,22995800
2007-11-29,18.6668,18.8678,18.414,18.7587,11534300
2007-11-30,19.2067,19.3962,18.8793,19.0056,13165700
2007-12-03,19.0975,19.1148,18.7242,18.9137,7378400
2007-12-04,18.8161,18.9137,18.6093,18.6495,8114200
2007-12-05,18.7874,18.9022,18.4255,18.7472,13357900
2007-12-06,18.7414,19.0401,18.5806,19.0343,11526300
2007-12-07,19.0344,19.2411,18.8161,18.8735,9989900
2007-12-10,18.9654,19.4536,18.9654,19.2871,11042500
2007-12-11,19.4881,19.5283,18.7816,18.8678,17734000
2007-12-12,19.3273,19.6489,18.6783,19.0688,18199700
2007-12-13,18.9367,19.1492,18.6495,19.0803,11467900
2007-12-14,19.0401,19.2411,18.7529,18.7702,9122400
2007-12-17,18.3451,18.5347,18.1154,18.2705,15654200
2007-12-18,18.437,18.6093,17.8052,18.1613,15635000
2007-12-19,18.2015,18.46,18.0465,18.1441,12745700
2007-12-20,18.3049,18.3796,17.9144,18.1498,11892500
2007-12-21,18.3279,18.5634,18.1498,18.5404,15257000
2007-12-24,18.5576,18.8448,18.5576,18.6897,4567900
2007-12-26,18.7242,18.7472,18.5117,18.6897,6750500
2007-12-27,18.5472,18.7392,18.3435,18.39,8212700
2007-12-28,18.5762,18.617,18.3318,18.5122,6242700
2007-12-31,18.489,18.6461,18.3318,18.4715,7991300
2008-01-02,18.5006,18.681,18.0641,18.1456,10623900
2008-01-03,18.2387,18.2387,17.5811,17.6509,13995100
2008-01-04,17.5287,17.5753,17.0981,17.133,14328700
2008-01-07,17.2668,17.488,16.9817,17.2901,12090300
2008-01-08,17.4123,17.4123,16.4812,16.551,16178000
2008-01-09,16.5277,16.8886,16.2135,16.8886,18578900
2008-01-10,16.7722,17.7499,16.5394,17.4414,16080400
2008-01-11,17.3134,17.7673,17.0224,17.3716,11374800
2008-01-14,17.5462,17.7033,17.1155,17.6451,11150300
2008-01-15,17.3716,17.8837,17.1912,17.7033,17304900
2008-01-16,17.6509,18.4017,17.6335,18.0641,17893900
2008-01-17,18.2096,18.3202,17.5054,17.5869,16349000
2008-01-18,17.744,18.0467,17.1912,17.5695,21111300
2008-01-22,16.8769,18.3318,16.8245,17.8604,24757000
2008-01-23,17.552,19.1466,16.9933,19.0302,32030200
2008-01-24,19.164,19.554,18.8265,19.4608,24373900
2008-01-25,19.618,19.7576,18.8847,19.1815,19058000
2008-01-28,19.1699,19.6354,18.908,19.5714,12304200
2008-01-29,19.6587,19.8042,19.3153,19.7402,13628400
2008-01-30,19.6936,20.0777,19.4201,19.5481,24793300
2008-01-31,19.2804,20.0195,18.9894,19.5481,20164000
2008-02-01,19.8042,19.9904,19.519,19.7867,15381800
2008-02-04,19.6121,19.6121,19.1466,19.2222,14348500
2008-02-05,18.8614,19.0127,18.6286,18.6577,13562200
2008-02-06,18.8207,19.0127,18.5879,18.6752,11011500
2008-02-07,18.5355,19.1117,18.4831,18.9836,12101600
2008-02-08,18.8963,19.0826,18.5646,18.8207,10373800
2008-02-11,18.7858,18.9021,18.5006,18.6752,8570200
2008-02-12,18.8265,19.2164,18.7159,19.0302,11196900
2008-02-13,19.1408,19.2048,18.8149,19.1699,8569500
2008-02-14,19.1408,19.3037,18.8672,18.8789,9348200
2008-02-15,18.7916,19.1349,18.6635,19.0185,9327100
2008-02-19,19.1291,19.2979,18.6577,18.8614,8981500
2008-02-20,18.7101,19.1349,18.6228,19.0302,10733300
2008-02-21,19.1291,19.1524,18.7043,18.7508,7009100
2008-02-22,18.7916,19.2048,18.454,19.1524,9798700
2008-02-25,19.1291,19.2979,18.7276,19.2397,9779400
2008-02-26,19.1815,19.5481,19.0186,19.3503,8685000
2008-02-27,19.2048,19.6529,19.1233,19.4841,8248800
2008-02-28,19.3386,19.4725,18.8847,19.1,12722700
2008-02-29,18.9254,19.0127,18.5646,18.6345,13082700
2008-03-03,18.6344,18.7159,18.1863,18.5937,9854100
2008-03-04,18.3842,18.6228,18.1689,18.5239,12083600
2008-03-05,18.6403,18.8498,18.2271,18.4948,11777300
2008-03-06,18.4308,18.4773,18.0641,18.0991,10723600
2008-03-07,17.9885,18.4133,17.6917,17.971,15792700
2008-03-10,18.0234,18.2795,17.6917,17.8022,10585600
2008-03-11,18.3377,19.1466,18.1281,19.1175,18691700
2008-03-12,19.1233,19.5598,18.7858,18.809,14232700
2008-03-13,18.5588,19.2048,18.2562,19.0127,15209500
2008-03-14,19.1873,19.263,18.1456,18.3726,17721200
2008-03-17,17.5753,19.1233,17.5695,18.9662,20272300
2008-03-18,19.1058,19.6412,18.8556,19.5772,20290700
2008-03-19,19.7925,19.7925,19.0418,19.164,21616300
2008-03-20,19.228,20.1417,19.228,20.0894,32011600
2008-03-24,20.2116,20.3745,20.0544,20.1766,20716200
2008-03-25,20.1068,20.3629,19.8275,20.2581,12982300
2008-03-26,20.1941,20.1941,19.5947,19.7285,12442100
2008-03-27,19.9908,20.1617,19.4899,19.4958,14431200
2008-03-28,19.5841,19.7845,19.2129,19.2482,9332800
2008-03-31,19.207,19.3661,18.9653,19.0714,16224200
2008-04-01,19.425,20.0792,19.4014,20.0438,20288700
2008-04-02,20.0262,20.1205,19.6843,19.7786,12311300
2008-04-03,19.5959,19.9672,19.59,19.926,8905400
2008-04-04,19.9319,20.0026,19.5075,19.5665,9316100
2008-04-07,19.7492,19.8906,19.484,19.5665,8038900
2008-04-08,19.4663,19.5606,19.2482,19.3248,8377300
2008-04-09,19.372,19.5252,19.0302,19.1245,7398100
2008-04-10,19.0891,19.6843,19.0419,19.4191,10538000
2008-04-11,19.148,19.6254,19.148,19.2246,9929800
2008-04-14,19.1421,19.3307,18.6648,18.6648,14734400
2008-04-15,18.9535,19.2777,18.3642,18.983,16567400
2008-04-16,19.3661,19.5075,19.1245,19.5075,12795300
2008-04-17,19.3956,19.7433,19.2423,19.6608,10415100
2008-04-18,19.9554,20.1676,19.6431,19.7786,13703900
2008-04-21,19.7079,19.8022,19.3661,19.6077,7581300
2008-04-22,19.6195,19.814,19.3838,19.6843,8902000
2008-04-23,19.6784,19.8258,19.5252,19.6961,10189700
2008-04-24,19.702,20.48,19.702,20.3149,18080900
2008-04-25,20.4151,20.6037,20.0203,20.5625,12494500
2008-04-28,20.5684,20.6568,20.3857,20.421,14664800
2008-04-29,20.48,20.5094,20.1558,20.1971,9595500
2008-04-30,20.2796,20.3267,19.7433,19.9731,17800000
2008-05-01,19.9731,20.6391,19.9142,20.5861,14358200
2008-05-02,20.7746,20.7746,20.2442,20.3916,12071000
2008-05-05,20.3032,20.4505,20.1735,20.3091,7102000
2008-05-06,20.1617,20.3975,19.8553,20.2442,11301100
2008-05-07,20.3149,20.3857,19.7668,19.8611,11246600
2008-05-08,19.8965,19.9613,19.5606,19.7492,10737300
2008-05-09,19.6431,20.0438,19.4486,19.7727,7825700
2008-05-12,19.8611,20.1794,19.8022,20.1558,9730600
2008-05-13,20.1853,20.2737,19.9672,20.0321,11940800
2008-05-14,20.2148,20.3149,20.0321,20.2148,9333600
2008-05-15,20.256,20.2737,19.8906,20.2737,10514300
2008-05-16,20.3503,20.3503,19.7492,19.9849,10357700
2008-05-19,19.9908,20.2737,19.8376,19.9967,10669200
2008-05-20,19.867,19.926,19.5724,19.6254,9904200
2008-05-21,19.6961,19.7904,19.3072,19.4132,13418700
2008-05-22,19.4722,19.6961,19.4014,19.59,10709400
2008-05-23,19.537,19.537,19.2482,19.26,9185300
2008-05-27,19.3072,19.5547,19.148,19.4015,8647400
2008-05-28,19.4545,19.5252,19.0419,19.3838,11525300
2008-05-29,19.3838,19.6902,19.3013,19.6136,8411100
2008-05-30,19.6313,19.6784,19.4191,19.5606,9421100
2008-06-02,19.4486,19.5016,19.1068,19.313,8078300
2008-06-03,19.3543,19.5252,19.1186,19.3543,10853200
2008-06-04,19.2482,19.5075,19.148,19.3543,11175500
2008-06-05,19.3956,19.7668,19.3425,19.7551,11253900
2008-06-06,19.6077,19.6077,18.8592,18.9005,15808000
2008-06-09,18.9418,19.0066,18.0577,18.2404,16334800
2008-06-10,18.0754,18.6412,18.0224,18.4054,14708100
2008-06-11,18.4054,18.5174,17.822,18.0047,14831900
2008-06-12,18.0695,18.7414,18.0695,18.3406,14263900
2008-06-13,18.5528,18.6824,17.6923,18.1697,22997300
2008-06-16,18.0872,18.594,17.875,18.4938,14866500
2008-06-17,18.6235,18.7473,18.04,18.0754,12998300
2008-06-18,17.8573,17.9988,17.5037,17.6864,22560000
2008-06-19,17.6805,17.7748,17.2385,17.6334,23944700
2008-06-20,16.9733,17.8456,16.9733,17.4861,26328100
2008-06-23,17.5332,17.5921,16.9439,17.0323,16420400
2008-06-24,16.9792,17.7513,16.8849,17.6393,18320900
2008-06-25,17.7395,18.2994,17.5509,17.6452,23673700
2008-06-26,17.5645,17.8694,17.1221,17.1281,23627900
2008-06-27,17.1819,17.2835,16.8291,16.9248,18402400
2008-06-30,16.9846,17.1819,16.6079,16.6737,19148200
2008-07-01,16.5123,17.0264,16.327,16.9786,21784900
2008-07-02,17.0444,17.3791,16.7873,16.7992,17709000
2008-07-03,16.9128,17.1938,16.4943,16.5422,13355000
2008-07-07,16.6558,16.859,15.8068,16.0878,25896000
2008-07-08,16.1356,16.859,15.765,16.7634,29563000
2008-07-09,16.8232,16.9367,15.771,15.8367,20833900
2008-07-10,15.8068,16.1416,15.496,15.6753,26406100
2008-07-11,15.4242,16.2552,14.9459,15.3883,32563500
2008-07-14,15.9085,16.0818,13.8399,13.9476,45037800
2008-07-15,12.4709,14.3481,12.2975,13.5709,69524900
2008-07-16,13.9296,16.028,13.7144,15.9862,48880500
2008-07-17,16.3808,17.8096,15.759,16.4645,46411800
2008-07-18,16.4943,17.2715,16.0818,16.9726,33720200
2008-07-21,17.2476,17.2536,16.2313,16.2911,27529300
2008-07-22,16.1596,18.2699,15.8248,18.1623,42056800
2008-07-23,17.8754,18.7602,17.6123,18.2938,40466000
2008-07-24,18.3357,18.4074,17.3373,17.3552,28903700
2008-07-25,17.3672,17.7797,16.877,17.2775,18606800
2008-07-28,17.2715,17.7797,16.5721,16.6498,20367300
2008-07-29,16.7634,17.965,16.4884,17.9471,25167500
2008-07-30,18.1802,18.6107,17.959,18.5509,25479100
2008-07-31,18.3895,18.6824,18.1504,18.2998,21464000
2008-08-01,18.4373,18.515,17.7618,18.4134,17148300
2008-08-04,18.1862,18.521,17.8275,18.2161,12926600
2008-08-05,18.4014,19.1308,18.1862,19.089,17993800
2008-08-06,18.8319,19.1547,18.6227,19.0232,16664600
2008-08-07,18.9216,19.0591,17.8873,18.1922,21632600
2008-08-08,18.1324,18.9754,18.0308,18.808,15631800
2008-08-11,18.8319,19.3939,18.5928,19.1189,16839000
2008-08-12,18.808,18.9813,18.0368,18.2281,18412100
2008-08-13,18.0726,18.3178,17.4748,17.959,20695200
2008-08-14,17.8215,18.3476,17.696,18.3237,12908800
2008-08-15,18.4194,18.9574,18.3835,18.8797,16802000
2008-08-18,18.9216,18.9574,18.1145,18.3357,16485800
2008-08-19,18.0965,18.1623,17.3732,17.5884,17400000
2008-08-20,17.6243,18.2341,17.2954,18.1922,22799800
2008-08-21,17.8096,18.2161,17.7319,18.0308,13408200
2008-08-22,18.2699,18.8319,18.2699,18.796,18157400
2008-08-25,18.7243,18.7243,18.0069,18.0726,13449200
2008-08-26,18.0906,18.4971,17.7199,18.2161,13022600
2008-08-27,18.1683,18.6047,18.0308,18.5688,10483900
2008-08-28,18.802,19.2026,18.6944,19.2026,20618900
2008-08-29,19.0292,19.1906,18.8977,19.0471,14255400
2008-09-02,19.3879,19.5613,19.0352,19.352,22808800
2008-09-03,19.2026,19.7287,19.071,19.6988,21928100
2008-09-04,19.4895,19.7286,18.8737,18.9216,22731200
2008-09-05,18.7183,19.6509,18.515,19.5732,22487800
2008-09-08,20.0276,20.4162,19.4238,20.2906,38026900
2008-09-09,19.9319,20.2308,18.7422,19.1667,42337300
2008-09-10,19.1368,19.5971,18.246,19.0411,25024800
2008-09-11,18.4792,20.1292,18.2759,20.1113,30864900
2008-09-12,19.7944,20.3265,19.6808,20.2248,27914800
2008-09-15,19.2803,20.6254,19.2205,19.7406,42250300
2008-09-16,19.1368,21.1336,19.1248,21.0857,47337900
2008-09-17,20.6792,21.0738,19.5971,19.9319,47668300
2008-09-18,20.4281,22.7477,19.6091,21.9825,75279100
2008-09-19,25.1271,25.2467,21.2472,22.7119,45554800
2008-09-22,21.5939,22.12,20.4461,20.9243,18165400
2008-09-23,20.5118,21.3189,20.2607,20.3325,11593300
2008-09-24,20.6553,20.8526,20.1651,20.2368,12493800
2008-09-25,20.6732,21.6716,20.4162,21.1097,14695900
2008-09-26,20.792,21.9477,20.6104,21.9054,17871900
2008-09-29,21.8449,22.093,19.8177,19.8177,23939500
2008-09-30,20.4471,22.0748,20.0537,21.7965,24100100
2008-10-01,21.4515,22.4137,21.3063,22.1958,20159700
2008-10-02,22.0809,22.5105,21.8267,21.972,16689700
2008-10-03,22.2685,22.5771,21.1248,21.2156,23434400
2008-10-06,20.4107,21.6936,20.0114,21.0582,18237900
2008-10-07,20.7375,21.2397,19.2428,19.2428,19060100
2008-10-08,18.2444,20.2776,18.1536,18.6559,22011200
2008-10-09,19.491,19.491,16.4169,17.5062,32789700
2008-10-10,16.3383,19.0916,16.187,18.3715,43106300
2008-10-13,19.7633,19.969,17.6998,18.91,26618100
2008-10-14,19.3155,19.963,18.0629,19.0371,30831600
2008-10-15,18.8072,19.5999,17.7785,18.2323,22147700
2008-10-16,18.4017,18.9282,16.9979,18.6801,20995800
2008-10-17,18.2142,19.2066,18.0266,18.4865,18870600
2008-10-20,18.9463,18.9463,17.9721,18.8314,14203000
2008-10-21,18.3231,19.0311,17.8511,18.2747,17493200
2008-10-22,17.9116,18.4138,16.5864,17.01,20889700
2008-10-23,17.4033,17.7966,16.5622,17.3549,23335700
2008-10-24,16.066,18.6498,15.6484,17.8208,22253300
2008-10-27,17.2823,18.4683,17.246,17.4396,14806200
2008-10-28,18.0508,18.7285,16.9434,18.6498,20494500
2008-10-29,18.5046,18.5833,17.4819,17.5667,21824100
2008-10-30,18.3533,18.3533,17.1249,17.4275,16885500
2008-10-31,17.3065,18.1839,16.9676,18.0387,19957800
2008-11-03,17.9116,18.6075,17.7906,18.3352,11776900
2008-11-04,18.6256,19.5757,18.4925,19.4849,18572500
2008-11-05,19.1642,19.2429,17.8511,17.9903,15560800
2008-11-06,17.8208,18.4562,16.8163,16.9615,19817100
2008-11-07,17.1249,17.2944,15.8965,16.4653,22591200
2008-11-10,16.8526,16.9857,16.3443,16.6469,12422100
2008-11-11,16.2657,16.7982,15.9147,16.0962,16374900
2008-11-12,15.7876,16.1144,15.1583,15.2309,21344700
2008-11-13,15.4064,16.7013,14.9465,16.5682,27815700
2008-11-14,16.2657,17.0342,15.721,15.9147,17348700
2008-11-17,15.7634,16.2778,15.5093,15.6121,16599900
2008-11-18,15.6726,15.7997,14.8315,15.5698,19351400
2008-11-19,15.3761,15.6968,14.1538,14.293,20621700
2008-11-20,13.9844,14.7952,13.1009,13.3853,38186600
2008-11-21,13.6334,14.2385,12.2356,13.6334,38001100
2008-11-24,14.3293,15.364,14.3051,15.1885,32610800
2008-11-25,15.6061,15.6605,14.7226,15.2672,28220500
2008-11-26,14.9707,16.0478,14.7589,16.0115,19714300
2008-11-28,15.9873,16.4835,15.7029,16.3262,7288300
2008-12-01,15.7089,15.9086,14.2385,14.3474,22159900
2008-12-02,14.7771,15.8179,14.0449,15.594,25700400
2008-12-03,14.9767,17.0947,14.9646,16.8889,26770300
2008-12-04,16.4411,17.3004,15.9752,16.2717,20141800
2008-12-05,15.9389,17.6453,15.7574,17.4941,21458900
2008-12-08,17.845,18.0931,17.2339,17.845,18803000
2008-12-09,17.5062,17.6816,16.8284,17.0039,17658200
2008-12-10,17.2036,17.3004,16.2959,16.7437,12888400
2008-12-11,15.7574,15.9873,14.9525,15.0373,23483700
2008-12-12,14.8678,15.6726,14.5411,15.6363,16954800
2008-12-15,15.6121,15.6484,14.2748,14.4805,16012100
2008-12-16,14.9223,15.8179,14.771,15.7755,22585500
2008-12-17,15.5093,15.7089,14.8678,15.2491,19679100
2008-12-18,15.3156,15.8421,14.7408,14.8436,18630100
2008-12-19,15.0796,15.5758,14.6742,15.0373,24504600
2008-12-22,15.0736,15.1341,14.184,14.2627,15780700
2008-12-23,14.3777,14.5229,13.9359,14.0025,13783500
2008-12-24,14.42,14.5592,14.2506,14.5169,5835300
2008-12-26,14.8255,14.8618,14.4321,14.6742,5868800
2008-12-29,14.7204,14.7758,14.3262,14.6034,7181600
2008-12-30,14.6773,14.8744,14.5171,14.8497,10140000
2008-12-31,14.7265,15.5026,14.7265,15.4041,10742900
2009-01-02,15.4225,15.6627,15.016,15.5519,10883600
2009-01-05,15.441,15.4718,14.7389,14.7881,14067200
2009-01-06,14.9914,15.1207,14.4001,14.628,16001700
2009-01-07,14.4802,14.7265,14.3385,14.3939,16651800
2009-01-08,14.32,14.4494,14.1229,14.2646,11620300
2009-01-09,14.2892,14.3632,13.6856,13.7657,12473600
2009-01-12,13.9197,14.0059,13.1929,13.3531,18155200
2009-01-13,13.1929,14.0121,13.119,13.6672,20859800
2009-01-14,13.2237,13.3346,12.9342,12.9773,20597700
2009-01-15,13.0636,13.0636,11.5176,11.7147,44131000
2009-01-16,12.0535,12.306,10.8771,11.2836,40157400
2009-01-20,10.643,11.0311,9.4482,9.4482,50800200
2009-01-21,10.0702,10.1688,7.2678,9.9101,118711200
2009-01-22,9.2018,9.7376,8.4627,8.5489,55164600
2009-01-23,8.1178,9.1463,7.9761,9.017,36275900
2009-01-26,8.8384,9.1648,7.7359,8.0131,40113000
2009-01-27,7.9022,8.475,7.7359,8.438,31426100
2009-01-28,9.2572,9.5467,8.7337,9.4174,55092800
2009-01-29,9.0724,9.5529,8.7891,9.0663,37680400
2009-01-30,9.2387,9.4481,8.9554,9.1402,30595500
2009-02-02,8.9185,9.5344,8.7214,9.4112,30754200
2009-02-03,9.5159,9.6884,8.512,8.6906,31703000
2009-02-04,8.8569,9.1156,8.6228,8.7275,29463900
2009-02-05,8.6536,9.4789,8.3888,9.2326,39010800
2009-02-06,9.2942,10.0825,9.2757,9.9717,35474200
2009-02-09,10.0949,10.6122,9.7992,10.292,25200300
2009-02-10,10.1195,10.2919,8.7953,8.8692,38512800
2009-02-11,9.2326,9.3865,8.9185,9.2326,23601600
2009-02-12,8.8815,9.0355,7.8529,8.4134,49058000
2009-02-13,8.1301,8.3703,7.6189,7.6374,44028000
2009-02-17,7.0646,7.2678,6.6026,6.6088,51758000
2009-02-18,6.9291,7.1077,6.2146,6.7874,44360700
2009-02-19,6.9044,7.0892,6.6088,6.7012,36332000
2009-02-20,6.2823,6.7628,5.9805,6.5164,62223500
2009-02-23,6.8921,7.391,6.6396,6.9783,47732800
2009-02-24,6.8551,7.8344,6.4794,7.7236,60848300
2009-02-25,7.662,8.2225,6.8182,7.8591,62833200
2009-02-26,8.1917,9.2942,8.0808,9.1833,73357000
2009-02-27,8.2779,9.134,8.2533,8.8138,50180100
2009-03-02,8.3703,8.5304,8.0192,8.0685,30945500
2009-03-03,8.2902,8.438,7.5511,7.7482,29819800
2009-03-04,8.0993,8.1732,6.3562,6.7812,68795600
2009-03-05,6.387,6.578,5.2538,5.5494,109688700
2009-03-06,5.6972,5.9744,4.9643,5.4324,69085300
2009-03-09,5.223,6.3686,5.186,6.2762,58356900
2009-03-10,6.8367,7.0214,6.5903,7.0214,59196300
2009-03-11,7.4772,8.1917,7.0276,7.6497,55726000
2009-03-12,7.508,8.6167,7.3356,8.475,55384600
2009-03-13,8.6783,8.98,8.1054,8.358,45357800
2009-03-16,8.6475,9.1463,8.3949,8.4873,47286300
2009-03-17,8.475,8.9677,8.2717,8.9431,33384300
2009-03-18,8.8014,9.7623,8.4935,9.7499,52197400
2009-03-19,9.9902,9.9963,8.6906,8.783,43332900
2009-03-20,8.8384,9.0108,8.2594,8.2656,37836700
2009-03-23,9.1217,9.9778,8.6906,9.8485,47299700
2009-03-24,9.3681,9.83,9.0232,9.2326,39989500
2009-03-25,9.3927,9.9039,9.1956,9.8731,42067700
2009-03-26,10.0641,10.2981,9.3619,10.2612,44684800
2009-03-27,9.8164,10.1067,9.5137,9.6619,36285000
2009-03-30,9.143,9.2357,8.4078,8.5129,38422100
2009-03-31,8.8156,9.143,8.6179,9.0256,31926200
2009-04-01,8.6426,9.3839,8.6364,9.2109,29810700
2009-04-02,9.7175,9.8225,9.2851,9.6249,37684900
2009-04-03,9.421,9.8843,9.2418,9.8658,24158300
2009-04-06,9.3469,9.6619,9.0441,9.4148,21866900
2009-04-07,9.038,9.2727,8.8526,8.9082,23212100
2009-04-08,9.0256,9.0874,8.5994,8.8712,18286900
2009-04-09,10.4403,10.9283,9.6372,10.8975,57380800
2009-04-13,10.5268,11.2434,10.3538,11.126,32203300
2009-04-14,10.7245,10.9716,10.1067,10.2241,36578200
2009-04-15,10.2241,11.126,9.9276,11.0519,29008900
2009-04-16,11.0642,11.4287,10.533,11.1569,29915800
2009-04-17,11.021,11.7006,10.6874,11.4905,42563900
2009-04-20,11.0457,11.1446,9.8472,9.8472,38981300
2009-04-21,9.8225,12.0156,9.421,11.9044,59247300
2009-04-22,11.3608,12.1145,10.8419,10.9036,53124500
2009-04-23,11.1384,11.5708,10.916,11.3484,33758700
2009-04-24,11.3237,11.8859,11.1446,11.7191,44910600
2009-04-27,11.4287,11.5646,11.0951,11.2063,26378100
2009-04-28,10.9963,11.3299,10.9222,10.9222,17737500
2009-04-29,11.0395,11.7067,10.9963,11.6079,29236100
2009-04-30,11.7562,12.028,11.1631,11.2558,29909100
2009-05-01,11.2311,11.4164,10.9036,11.0951,20269200
2009-05-04,11.5152,12.5716,11.4102,12.5654,39171300
2009-05-05,12.2689,12.5716,11.8365,12.4295,26142000
2009-05-06,12.7137,13.2821,12.2133,13.1523,50208500
2009-05-07,13.4921,13.5415,11.9291,12.0836,45219100
2009-05-08,12.6519,12.7199,11.7376,12.689,45731600
2009-05-11,12.133,12.2318,11.4102,11.4287,43175300
2009-05-12,11.1199,11.1199,10.5886,11.0519,151560700
2009-05-13,10.916,10.9654,10.533,10.7492,65749400
2009-05-14,10.6689,11.0704,10.6689,11.021,39788100
2009-05-15,10.9654,11.1631,10.7924,10.916,34651800
2009-05-18,11.2434,12.0094,11.1878,11.9538,49163700
2009-05-19,12.0897,12.2318,11.645,11.6511,30524900
2009-05-20,11.855,12.065,11.2743,11.4164,37298500
2009-05-21,11.2558,11.3793,10.9716,11.1878,25962000
2009-05-22,11.2496,11.3546,11.0025,11.0148,21050200
2009-05-26,10.9716,11.7932,10.8851,11.7623,30423600
2009-05-27,11.7809,11.7809,11.0581,11.0951,32205400
2009-05-28,11.1816,11.6882,10.9469,11.6882,28342100
2009-05-29,11.7562,11.8674,11.404,11.8612,29735500
2009-06-01,12.0589,12.0589,11.5152,11.6758,36465200
2009-06-02,11.6944,11.7994,10.9469,11.194,34048300
2009-06-03,11.1199,11.4287,10.9963,11.1507,21340800
2009-06-04,11.2558,11.5832,11.0148,11.5832,25830000
2009-06-05,11.6635,11.7685,11.0951,11.1199,28270800
2009-06-08,11.1013,11.4102,11.0581,11.3361,18680800
2009-06-09,11.3979,11.4534,11.1322,11.2311,22984900
2009-06-10,11.3052,11.3299,11.021,11.1816,24735100
2009-06-11,11.1693,11.4782,11.1322,11.3422,22119600
2009-06-12,11.2805,11.5091,11.2805,11.4782,16879300
2009-06-15,11.3237,11.4658,10.9654,11.0087,22149900
2009-06-16,10.7554,11.2743,10.7554,11.0334,20479500
2009-06-17,11.126,11.2496,10.7245,10.9778,28800000
2009-06-18,10.9963,11.2496,10.7986,11.1384,22603200
2009-06-19,11.2434,11.2434,10.9036,11.089,26635800
2009-06-22,10.9469,11.126,10.5083,10.5515,29190300
2009-06-23,10.5762,10.9531,10.2982,10.7677,21590800
2009-06-24,10.916,11.0457,10.7307,10.9716,19905400
2009-06-25,10.9345,11.1199,10.5762,10.9901,19876900
2009-06-26,11.0087,11.2193,10.6432,11.1636,15934100
2009-06-29,11.207,11.3371,11.0459,11.2689,20756200
2009-06-30,11.2503,11.2937,10.9406,11.1016,16886600
2009-07-01,11.1078,11.1698,10.8786,10.891,14048500
2009-07-02,10.829,10.8538,10.5565,10.5565,15357300
2009-07-06,10.5317,10.8167,10.3706,10.5874,22706300
2009-07-07,10.5874,10.7547,10.4511,10.4821,16068000
2009-07-08,10.4697,10.5627,9.9803,10.2777,26726300
2009-07-09,10.3892,10.4635,10.191,10.2963,17251200
2009-07-10,10.2281,10.4016,10.1228,10.2777,13873200
2009-07-13,10.5689,10.9839,10.414,10.9591,22778100
2009-07-14,10.953,10.9963,10.637,10.7919,15456100
2009-07-15,10.9282,11.3309,10.86,11.114,32323800
2009-07-16,11.0459,11.207,10.9282,11.1016,15297300
2009-07-17,11.0397,11.3866,10.9901,11.1264,17413600
2009-07-20,11.1512,11.3618,11.114,11.3309,14224100
2009-07-21,11.4424,11.4548,11.0583,11.3185,17480300
2009-07-22,11.1698,11.9875,11.1512,11.7459,32830300
2009-07-23,11.7645,12.0867,11.7088,12.0309,23376300
2009-07-24,11.9689,12.3469,11.8946,12.2477,18750800
2009-07-27,12.2787,12.4769,12.099,12.4336,16724600
2009-07-28,12.2539,12.5451,12.0867,12.3592,15980600
2009-07-29,12.2725,12.3592,12.0557,12.192,14407100
2009-07-30,12.3592,12.7124,12.2787,12.6876,20598300
2009-07-31,12.6566,12.7557,12.5141,12.6442,13121600
2009-08-03,12.8672,12.9664,12.7248,12.9292,16089400
2009-08-04,12.8363,13.5611,12.7371,13.4434,20693100
2009-08-05,13.5859,14.1806,13.3752,14.1187,29954900
2009-08-06,14.3974,14.4036,13.716,13.8771,24162300
2009-08-07,14.1187,14.5523,13.8337,14.4036,22483600
2009-08-10,14.2673,14.5089,14.0753,14.2611,14480700
2009-08-11,14.0133,14.2178,13.5487,13.6912,18364100
2009-08-12,13.5363,13.9266,13.4991,13.6416,19478200
2009-08-13,13.8337,13.9947,13.4558,13.97,16424300
2009-08-14,13.9328,13.9886,13.654,13.9328,13714300
2009-08-17,13.4806,13.6416,13.2266,13.2575,14439600
2009-08-18,13.3628,13.4744,13.2389,13.3257,13105400
2009-08-19,13.1212,13.5115,13.0903,13.369,10836200
2009-08-20,13.3628,13.8151,13.3443,13.6726,12231500
2009-08-21,13.8894,13.9947,13.7593,13.8027,16106400
2009-08-24,13.9018,14.1372,13.4124,13.4558,16287800
2009-08-25,13.5425,13.8027,13.4806,13.5797,13245100
2009-08-26,13.4558,13.8585,13.4186,13.6974,11542500
2009-08-27,13.685,13.8461,13.5921,13.7841,11425000
2009-08-28,13.9204,13.9328,13.654,13.8956,12394700
2009-08-31,13.6602,14.0505,13.623,14.0133,12854300
2009-09-01,13.8027,14.0815,13.0531,13.1584,24150800
2009-09-02,13.1027,13.369,12.7619,12.7991,17478800
2009-09-03,12.9354,13.146,12.8672,12.9788,14596100
2009-09-04,12.9664,13.2947,12.9664,13.2885,11381100
2009-09-08,13.4558,13.462,12.9292,13.0097,14439200
2009-09-09,13.0159,13.5053,13.0097,13.4744,17322800
2009-09-10,13.462,13.6292,13.3319,13.4558,13530900
2009-09-11,13.4434,13.6726,13.4,13.5425,12192000
2009-09-14,13.4062,13.6169,13.2761,13.6169,11212800
2009-09-15,13.6416,13.939,13.3876,13.7346,15163900
2009-09-16,13.7779,14.162,13.623,14.1372,17747900
2009-09-17,14.2302,14.2487,13.7346,13.9018,16709500
2009-09-18,13.9824,14.1496,13.7965,14.1001,17840800
2009-09-21,13.8832,14.0567,13.8399,13.8956,10951700
2009-09-22,13.9948,14.0319,13.6169,13.8399,17819600
2009-09-23,13.716,13.9638,13.6726,13.6726,14694700
2009-09-24,13.7531,13.7841,13.5301,13.5673,19007400
2009-09-25,13.4868,13.7222,13.4124,13.6664,17038800
2009-09-28,13.7285,13.8216,13.5981,13.803,14077200
2009-09-29,13.9024,13.9769,13.4863,13.505,18723700
2009-09-30,13.5546,13.6602,13.418,13.5733,17758000
2009-10-01,13.505,13.5671,13.1076,13.1076,22605800
2009-10-02,12.9461,13.4243,12.8903,13.1821,20210900
2009-10-05,13.4118,13.4739,13.2752,13.4367,13789300
2009-10-06,13.505,13.772,13.4491,13.685,14328900
2009-10-07,13.5795,13.8279,13.536,13.772,11950800
2009-10-08,13.8216,14.1694,13.772,14.0328,14630800
2009-10-09,14.0328,14.2625,13.8216,14.2377,10911400
2009-10-12,14.2314,14.306,14.1259,14.2935,9166600
2009-10-13,14.188,14.3184,14.0265,14.188,13183400
2009-10-14,14.486,14.8958,14.3867,14.8648,19892200
2009-10-15,14.7903,14.9207,14.4798,14.9083,13439200
2009-10-16,14.6102,14.6475,14.4239,14.5357,13848200
2009-10-19,14.5916,14.8399,14.5171,14.7841,10940800
2009-10-20,14.7716,14.8337,14.4363,14.7778,18528000
2009-10-21,15.169,15.8893,15.1007,15.169,34099600
2009-10-22,15.287,15.79,15.1007,15.7403,18858000
2009-10-23,15.7651,15.7651,15.3056,15.4919,13937700
2009-10-26,15.0883,15.2684,14.8524,14.9952,20703600
2009-10-27,15.0883,15.1194,14.8524,15.0573,15095700
2009-10-28,15.02,15.1504,14.5543,14.6102,16313400
2009-10-29,14.7903,15.0324,14.6288,15.0324,14840200
2009-10-30,14.9145,14.9331,14.3246,14.4177,23733700
2009-11-02,14.6226,15.0945,14.3556,14.8027,21328200
2009-11-03,14.6723,14.8399,14.4239,14.604,14855500
2009-11-04,14.7406,14.8524,14.2997,14.3246,15748700
2009-11-05,14.5171,14.9269,14.3122,14.8896,15342800
2009-11-06,14.635,14.8462,14.5171,14.7344,12645100
2009-11-09,14.8524,15.2311,14.722,15.2187,11651300
2009-11-10,15.1752,15.2684,14.9703,15.1069,8640800
2009-11-11,15.2684,15.4795,15.0386,15.1504,13183600
2009-11-12,15.138,15.2125,14.7468,14.902,15983600
2009-11-13,14.8958,14.9579,14.4674,14.5792,14747900
2009-11-16,14.7654,14.8337,14.3929,14.5171,17994400
2009-11-17,14.5047,14.7033,14.306,14.6785,12861300
2009-11-18,14.6599,14.7468,14.4922,14.6599,11345000
2009-11-19,14.5543,14.5543,14.2997,14.3618,10935500
2009-11-20,14.2501,14.5295,14.219,14.4612,11221000
2009-11-23,14.604,14.6847,14.5109,14.6226,9774300
2009-11-24,14.5854,14.7841,14.5047,14.7344,12573300
2009-11-25,14.753,14.7716,14.5233,14.635,5557900
2009-11-27,14.1383,14.5419,14.1321,14.2501,7179600
2009-11-30,14.5109,15.02,14.5109,14.9828,16129500
2009-12-01,15.0635,15.1752,14.8151,15.1132,13835700
2009-12-02,15.1504,15.2063,14.9331,15.169,10026200
2009-12-03,15.1504,15.2187,14.3867,14.4363,22314000
2009-12-04,14.7468,14.7903,14.3308,14.5916,19886400
2009-12-07,14.5605,14.5854,14.2066,14.2997,13467900
2009-12-08,14.2998,14.3618,14.1011,14.2687,12468100
2009-12-09,14.3805,14.3805,14.1135,14.219,7700800
2009-12-10,14.2563,14.4922,14.219,14.2997,12053500
2009-12-11,14.3184,14.4115,14.2252,14.3122,8632400
2009-12-14,14.4488,14.4488,14.07,14.3059,14043900
2009-12-15,14.2997,14.337,13.8775,13.9024,16156800
2009-12-16,14.0452,14.0886,13.5981,13.7161,21080300
2009-12-17,13.5981,13.7658,13.5174,13.5236,16896700
2009-12-18,13.5484,13.921,13.5484,13.8465,21995200
2009-12-21,13.9272,14.2563,13.9024,14.2563,15144800
2009-12-22,14.2377,14.2749,13.9148,14.1507,12430100
2009-12-23,14.1011,14.1507,13.8216,13.8713,7837200
2009-12-24,13.8403,14.0265,13.8154,14.0203,2946700
2009-12-28,14.0079,14.1631,13.8899,13.952,9822800
2009-12-29,13.9458,14.0516,13.8898,13.9334,6203300
2009-12-30,13.8774,13.9707,13.8089,13.9707,5438900
2009-12-31,13.9396,14.0952,13.9271,14.008,5899500
2010-01-04,14.0454,14.257,14.0205,14.2383,12891700
2010-01-05,14.1636,14.6303,14.1512,14.5992,14503500
2010-01-06,14.5806,14.8544,14.5121,14.7548,12293600
2010-01-07,14.7112,15.234,14.6241,15.0411,15241200
2010-01-08,14.9166,15.0971,14.7735,15.066,9935000
2010-01-11,15.2464,15.2464,15.0037,15.1344,8482600
2010-01-12,15.0473,15.2713,14.9602,15.1282,13119300
2010-01-13,15.1157,15.4891,15.0099,15.3771,12736800
2010-01-14,15.3086,15.8127,15.2651,15.7629,13383700
2010-01-15,15.6945,15.6945,15.2215,15.3211,13590500
2010-01-19,15.2402,15.4144,14.9913,15.2402,15470200
2010-01-20,15.4331,15.7692,15.4144,15.5638,18602200
2010-01-21,15.6945,16.0181,15.346,15.6447,24864100
2010-01-22,15.5949,16.7026,15.29,15.3522,20007400
2010-01-25,15.5638,15.6385,15.1966,15.4393,13692400
2010-01-26,15.178,15.5016,15.0784,15.1282,15866800
2010-01-27,15.0411,15.7007,15.0099,15.6323,19763800
2010-01-28,15.7007,15.7878,15.4269,15.5514,17788000
2010-01-29,15.682,15.8438,15.4891,15.6074,18317200
2010-02-01,15.6509,15.7816,15.4953,15.6696,12029500
2010-02-02,15.6571,15.7505,15.402,15.4767,14793600
2010-02-03,15.4082,15.4642,15.0722,15.2215,12353800
2010-02-04,15.1157,15.1842,14.6988,14.7175,20550000
2010-02-05,14.8295,15.0908,14.4872,14.9166,22491200
2010-02-08,14.8855,14.9539,14.5681,14.6179,15753400
2010-02-09,14.705,14.8481,14.4748,14.6179,13742600
2010-02-10,14.6054,14.8606,14.481,14.6926,12219500
2010-02-11,14.7299,14.7486,14.4934,14.6179,8753400
2010-02-12,14.4685,14.5557,14.3005,14.4748,16552700
2010-02-16,14.6366,14.8606,14.4499,14.8482,11484600
2010-02-17,14.8357,14.8668,14.6117,14.7672,21960400
2010-02-18,14.705,14.9353,14.6428,14.8793,9075800
2010-02-19,14.8295,15.0908,14.817,15.0224,11805100
2010-02-22,15.2464,15.3771,15.0971,15.2775,12844900
2010-02-23,15.2029,15.3273,15.0597,15.1033,13288900
2010-02-24,15.2029,15.5016,15.1717,15.4207,12020100
2010-02-25,15.0286,15.4207,14.9353,15.122,12541000
2010-02-26,15.066,15.3771,15.066,15.3149,9446500
2010-03-01,15.3211,15.3895,15.178,15.2526,6843500
2010-03-02,15.4642,15.5016,15.2962,15.3958,7907800
2010-03-03,15.3647,15.5016,15.3149,15.3398,8391800
2010-03-04,15.3522,15.4393,15.2775,15.3958,7836000
2010-03-05,15.4704,15.7131,15.3335,15.682,9443000
2010-03-08,15.6509,15.7505,15.5514,15.5514,8185800
2010-03-09,15.4331,15.4829,15.2589,15.3522,13248300
2010-03-10,15.4331,15.682,15.4082,15.5327,11993900
2010-03-11,15.4767,15.8812,15.4456,15.8501,14610600
2010-03-12,15.987,16.1799,15.9061,15.9745,14154500
2010-03-15,15.9247,16.1674,15.8376,16.1177,8366100
2010-03-16,16.155,16.267,16.0554,16.2546,10743300
2010-03-17,16.1985,16.379,16.1176,16.3106,11859900
2010-03-18,16.2359,16.3417,16.0554,16.1737,8568200
2010-03-19,16.267,16.4226,16.0367,16.267,13977300
2010-03-22,16.1114,16.4164,16.099,16.3168,9702700
2010-03-23,16.323,16.3666,16.1425,16.3355,9573700
2010-03-24,16.2421,16.4599,16.2421,16.2981,7370300
2010-03-25,16.3915,16.6155,16.2608,16.2857,10567700
2010-03-26,16.3355,16.4537,16.0741,16.211,10817100
2010-03-29,16.2297,16.3045,16.0863,16.186,6911400
2010-03-30,16.1985,16.3419,16.0988,16.1237,9124000
2010-03-31,16.0302,16.211,15.9865,16.1362,8451300
2010-04-01,16.2359,16.3731,16.1299,16.3606,6820400
2010-04-05,16.4105,16.5103,16.3045,16.504,7865900
2010-04-06,16.4479,16.9467,16.4479,16.8844,12480200
2010-04-07,16.9218,16.9717,16.5103,16.6474,12376200
2010-04-08,16.5601,17.0153,16.5227,16.9155,14235300
2010-04-09,16.928,17.0028,16.7597,16.9343,7429300
2010-04-12,16.9654,17.2148,16.9093,17.1525,11025600
2010-04-13,17.1026,17.2335,17.0028,17.1649,13894100
2010-04-14,17.2772,17.6513,17.246,17.6139,14904200
2010-04-15,17.6076,17.7261,17.4642,17.6201,18948600
2010-04-16,17.5702,17.6139,16.6225,17.1151,28892400
2010-04-19,16.9031,17.2709,16.822,17.2148,15084900
2010-04-20,17.0402,17.7012,16.9218,17.5889,23544500
2010-04-21,17.2024,17.7199,17.0901,17.4206,21662500
2010-04-22,17.2335,17.2834,16.8906,17.0652,27278000
2010-04-23,17.0714,17.1088,16.8283,17.0215,11114300
2010-04-26,16.9779,17.1026,16.7036,16.7534,11434400
2010-04-27,16.6225,16.822,16.3045,16.3544,20979600
2010-04-28,16.5726,16.7908,16.4604,16.5664,12441500
2010-04-29,16.7534,17.2585,16.6786,17.0153,18397900
2010-04-30,17.0777,17.1213,16.6786,16.6911,17249800
2010-05-03,16.8096,17.0402,16.6911,16.9717,11394000
2010-05-04,16.7534,16.8594,16.3793,16.5227,19350300
2010-05-05,16.317,16.716,16.2546,16.4729,13252900
2010-05-06,16.3731,16.5352,15.1199,15.8868,24977300
2010-05-07,15.8369,16.186,15.5251,15.681,26474100
2010-05-10,16.4604,16.6849,16.2858,16.5477,19735900
2010-05-11,16.2671,16.8968,16.211,16.635,16700200
2010-05-12,16.7472,16.8345,16.6038,16.7597,15567200
2010-05-13,16.6786,16.741,16.4479,16.4479,13060800
2010-05-14,16.292,16.2983,15.6685,15.9055,22554300
2010-05-17,15.9304,16.0052,15.575,15.9678,14135000
2010-05-18,15.9491,16.0364,15.0326,15.1885,34602600
2010-05-19,15.1012,15.3817,14.9453,15.0575,27819100
2010-05-20,14.7645,14.9453,14.4652,14.4714,22014500
2010-05-21,13.8604,14.9889,13.8168,14.9515,29589000
2010-05-24,15.0575,15.1012,14.646,14.7084,17937500
2010-05-25,14.2532,14.8954,14.2532,14.8954,23165600
2010-05-26,15.0949,15.1573,14.6522,14.7333,20626200
2010-05-27,14.8642,15.2508,14.7769,15.2321,16297700
2010-05-28,15.2383,15.2383,14.8705,14.9391,14072200
2010-06-01,14.7956,15.0326,14.5026,14.5213,14601100
2010-06-02,14.6585,14.9765,14.4465,14.9578,13066400
2010-06-03,14.9765,15.0263,14.5712,14.6959,12742200
2010-06-04,14.353,14.4777,14.2033,14.247,21021500
2010-06-07,14.3405,14.4153,13.9976,14.0038,15922200
2010-06-08,13.9352,14.2033,13.7544,14.1784,25279000
2010-06-09,14.3031,14.434,14.0412,14.0724,15765200
2010-06-10,14.3031,14.7894,14.2782,14.7645,16383600
2010-06-11,14.5587,14.7458,14.4278,14.5338,12987300
2010-06-14,14.6024,14.6024,14.1721,14.2283,18859300
2010-06-15,14.3405,14.4652,14.1722,14.4652,15665200
2010-06-16,14.353,14.5088,14.2657,14.4153,16031900
2010-06-17,14.4153,14.4964,14.2844,14.3779,12419400
2010-06-18,14.4403,14.7208,14.353,14.6959,15408800
2010-06-21,14.8331,14.9515,14.6959,14.7582,15912400
2010-06-22,14.8081,14.964,14.6335,14.6834,14209000
2010-06-23,14.6772,14.7021,14.2906,14.4216,15692000
2010-06-24,14.2968,14.3779,14.0287,14.0973,16835400
2010-06-25,14.3904,14.6398,14.1909,14.565,17270800
2010-06-28,14.5587,14.6462,14.3962,14.44,10141000
2010-06-29,14.3713,14.4962,14.0588,14.1338,19570100
2010-06-30,14.1838,14.4337,13.9339,13.9651,13731000
2010-07-01,13.9089,14.1713,13.6527,13.9526,14871700
2010-07-02,14.0213,14.0651,13.5777,13.6714,11812800
2010-07-06,13.9401,13.9464,13.6027,13.7714,12797800
2010-07-07,13.7902,14.3588,13.6839,14.3275,17187500
2010-07-08,14.4525,14.5712,14.2588,14.5212,14095800
2010-07-09,14.515,14.9586,14.4087,14.9399,12243200
2010-07-12,14.8836,14.9274,14.6962,14.8524,7028200
2010-07-13,15.0148,15.346,15.0086,15.2648,11937400
2010-07-14,15.2023,15.2148,14.9586,15.0836,10744000
2010-07-15,15.1523,15.296,14.7899,15.246,14224200
2010-07-16,15.1211,15.1523,14.3775,14.3962,17532800
2010-07-19,14.365,14.5212,14.1526,14.365,7881300
2010-07-20,14.1276,14.4962,14.0463,14.465,14151000
2010-07-21,14.8274,14.9961,14.3713,14.415,19829700
2010-07-22,14.6212,14.9399,14.5587,14.7836,18483900
2010-07-23,14.7337,14.9648,14.5774,14.8086,13229500
2010-07-26,14.8336,15.1086,14.7462,15.0711,9459800
2010-07-27,15.2085,15.296,15.1148,15.1898,9962700
2010-07-28,15.1273,15.196,14.9086,14.9773,7205900
2010-07-29,15.0773,15.0898,14.7149,14.9586,11918800
2010-07-30,14.8711,15.0336,14.7711,14.9336,10473700
2010-08-02,15.1211,15.321,15.0148,15.3148,10428100
2010-08-03,15.2085,15.3148,15.1023,15.1336,8987900
2010-08-04,15.2148,15.2148,14.9086,14.9523,11159000
2010-08-05,14.8399,14.8711,14.6087,14.7961,10154500
2010-08-06,14.6087,14.6649,14.29,14.5087,11184300
2010-08-09,14.6024,14.8149,14.3588,14.7712,9930300
2010-08-10,14.6024,14.7649,14.515,14.6462,8597000
2010-08-11,14.3962,14.4337,14.0401,14.0463,10425100
2010-08-12,13.8526,14.0901,13.8089,14.0213,7256300
2010-08-13,14.0151,14.1401,13.8839,13.8839,5535300
2010-08-16,13.8089,13.9089,13.6964,13.8276,6543700
2010-08-17,13.9339,14.1088,13.7839,13.9401,7271800
2010-08-18,13.9151,14.0713,13.8964,13.9964,5950000
2010-08-19,13.9339,13.9964,13.559,13.5715,12930900
2010-08-20,13.5152,13.6464,13.4715,13.584,11082000
2010-08-23,13.6527,13.7589,13.5027,13.5152,7427200
2010-08-24,13.334,13.459,13.2403,13.3153,11798800
2010-08-25,13.259,13.3215,13.0528,13.259,14179400
2010-08-26,13.2965,13.434,13.0653,13.1028,8045500
2010-08-27,13.1778,13.534,13.0716,13.534,12039800
2010-08-30,13.4527,13.5152,12.9279,12.9404,10872700
2010-08-31,12.8466,13.1216,12.7717,12.9966,13834900
2010-09-01,13.1841,13.6402,13.1528,13.6277,13381100
2010-09-02,13.6964,13.8214,13.6152,13.8214,9972100
2010-09-03,13.9214,14.1838,13.9214,14.1651,10663900
2010-09-07,14.0088,14.1026,13.8839,13.8901,9017100
2010-09-08,13.9089,14.0588,13.8276,13.9464,7871900
2010-09-09,14.1713,14.3525,14.0026,14.1526,10092600
2010-09-10,14.1401,14.2213,14.0088,14.1401,8050000
2010-09-13,14.4275,14.6962,14.4088,14.6025,10568300
2010-09-14,14.5275,14.6462,14.3588,14.5337,9033500
2010-09-15,14.3025,14.3525,14.0526,14.1651,17107500
2010-09-16,14.1338,14.2088,14.0026,14.1838,9130800
2010-09-17,14.2275,14.3587,14.1775,14.2525,11505400
2010-09-20,14.2775,14.5962,14.2275,14.5462,9894900
2010-09-21,14.5525,14.7462,14.2463,14.29,11389600
2010-09-22,14.2275,14.4025,13.9589,14.0713,18374200
2010-09-23,13.8776,14.0026,13.6152,13.6339,29937400
2010-09-24,13.7714,14.0088,13.7464,14.0026,25738000
2010-09-27,14.0276,14.0838,13.6464,13.6589,12543100
2010-09-28,13.6965,13.7153,13.4961,13.6715,17634900
2010-09-29,13.5838,13.7216,13.5274,13.5713,13279300
2010-09-30,13.6903,13.7717,13.4711,13.5399,12751500
2010-10-01,13.6339,13.7779,13.5337,13.5963,13477300
2010-10-04,13.5462,13.6965,13.5149,13.5399,10412200
2010-10-05,13.7153,14.0535,13.5212,13.9909,19687900
2010-10-06,13.9846,14.1036,13.9533,14.0347,12511000
2010-10-07,14.1036,14.1036,13.7654,14.0034,11971000
2010-10-08,14.0096,14.0723,13.8406,13.9721,9128800
2010-10-11,13.9971,14.0785,13.8656,13.9345,5717400
2010-10-12,13.8781,14.3604,13.8781,14.329,14252100
2010-10-13,14.4292,14.5482,14.1224,14.3165,17978400
2010-10-14,14.2602,14.2602,13.8781,14.1349,17150000
2010-10-15,14.2226,14.3604,13.8155,14.1161,26105000
2010-10-18,14.0973,14.5044,14.0973,14.5044,11134600
2010-10-19,14.3666,14.4793,14.066,14.2852,17575000
2010-10-20,14.3791,14.4668,14.1913,14.2977,21013700
2010-10-21,14.3854,14.7737,14.3666,14.6297,17393700
2010-10-22,14.7612,14.8363,14.448,14.7737,18854800
2010-10-25,14.8927,14.8927,14.6672,14.6985,18468500
2010-10-26,14.5044,15.0179,14.4981,14.9929,15886000
2010-10-27,15.0493,15.2872,15.0242,15.2434,21334900
2010-10-28,15.3248,15.3687,14.9303,15.1432,14388900
2010-10-29,15.0743,15.1933,14.9678,15.1557,9853500
2010-11-01,15.1557,15.1996,14.7612,14.9866,11456200
2010-11-02,15.1307,15.1683,14.8363,14.9052,10003800
2010-11-03,14.9616,15.0994,14.78,15.0618,12975800
2010-11-04,15.162,15.8133,15.0994,15.7569,24115400
2010-11-05,15.807,16.5273,15.7695,16.3456,30045400
2010-11-08,16.2955,16.3895,15.9198,16.0951,14277800
2010-11-09,16.045,16.1452,15.7256,15.7883,14434900
2010-11-10,15.8446,16.0012,15.5565,15.9761,15548700
2010-11-11,15.8258,15.9072,15.6192,15.7695,10695500
2010-11-12,15.6818,15.7382,15.306,15.4188,14243200
2010-11-15,15.5002,15.8947,15.4689,15.6192,12084700
2010-11-16,15.4876,15.7194,15.3561,15.4814,17226500
2010-11-17,15.4751,15.6567,15.4062,15.4876,14480200
2010-11-18,15.6192,15.8196,15.544,15.663,10479700
2010-11-19,15.6129,15.6379,15.4563,15.5753,8966900
2010-11-22,15.4438,15.5252,15.2935,15.4375,9985700
2010-11-23,15.2684,15.3561,15.0618,15.0806,12580600
2010-11-24,15.162,15.2246,15.0054,15.1369,11500500
2010-11-26,15.0305,15.1933,14.9804,15.0117,3458800
2010-11-29,14.8614,15.1432,14.805,15.0931,9664600
2010-11-30,15.0242,15.187,14.8739,14.8927,11166900
2010-12-01,15.0994,15.1745,14.9553,15.162,12996800
2010-12-02,15.1745,15.6505,15.1244,15.5064,15956100
2010-12-03,15.4375,15.6066,15.3874,15.5064,11776900
2010-12-06,15.4,15.5565,15.3561,15.4375,8116500
2010-12-07,15.5816,15.7068,15.1933,15.2622,18899800
2010-12-08,15.3123,15.7632,15.2685,15.7632,14023200
2010-12-09,15.8947,16.2642,15.8321,16.1828,21338500
2010-12-10,16.2016,16.5774,16.045,16.5648,19693200
2010-12-13,16.5711,16.5773,16.3331,16.3957,13668700
2010-12-14,16.4145,16.5586,16.1765,16.2454,11892400
2010-12-15,16.2204,16.402,16.0763,16.1578,12697200
2010-12-16,16.1578,16.4145,16.0951,16.3456,13409500
2010-12-17,16.3206,16.4333,16.1703,16.4083,13202600
2010-12-20,16.3895,16.4897,16.3331,16.3707,7183800
2010-12-21,16.4709,16.7903,16.4208,16.6337,9400800
2010-12-22,16.6776,17.0658,16.6462,16.878,10686800
2010-12-23,16.8842,16.9406,16.7527,16.9218,8075100
2010-12-27,16.8216,17.0345,16.8216,16.9844,5015600
2010-12-28,16.9844,17.0972,16.9343,17.022,4947200
2010-12-29,16.9781,17.0408,16.8903,16.9593,6418200
2010-12-30,16.9593,17.0157,16.8275,16.9028,4724800
2010-12-31,16.9216,17.0032,16.8463,16.9216,4360000
2011-01-03,17.0659,17.1914,16.8903,16.9028,15311000
2011-01-04,16.8965,16.9655,16.702,16.7899,16433100
2011-01-05,16.6895,16.8651,16.5577,16.8275,18364800
2011-01-06,16.8652,16.884,16.3946,16.495,19424200
2011-01-07,16.4887,16.5954,16.0934,16.3695,19378200
2011-01-10,16.2942,16.5514,16.1624,16.4699,11304500
2011-01-11,16.5954,16.7208,16.3005,16.3444,12441900
2011-01-12,16.4887,16.8777,16.4761,16.7459,13038600
2011-01-13,16.8777,17.1036,16.7522,16.7836,13268500
2011-01-14,16.7459,17.2604,16.7397,17.1726,14203300
2011-01-18,17.2667,17.3671,17.022,17.1349,12578300
2011-01-19,17.0722,17.0722,16.4699,16.6393,17963500
2011-01-20,16.4761,16.8275,16.4448,16.7522,12953400
2011-01-21,17.0095,17.0346,16.7397,16.9153,13241300
2011-01-24,16.5765,16.9781,16.5765,16.8401,11340600
2011-01-25,16.7836,16.884,16.5012,16.7899,10517200
2011-01-26,16.815,16.9467,16.6895,16.6895,9065800
2011-01-27,16.6832,16.9216,16.5514,16.9153,9951200
2011-01-28,16.9153,17.1161,16.8087,16.815,17235700
2011-01-31,16.8212,17.0157,16.7083,16.9404,11576300
2011-02-01,16.9781,17.3985,16.9404,17.3545,10533800
2011-02-02,17.1538,17.3545,17.0659,17.1851,11924800
2011-02-03,17.1475,17.2667,17.0283,17.2353,8221400
2011-02-04,17.1851,17.2604,16.9091,17.204,10315100
2011-02-07,17.2353,17.6055,17.2165,17.5365,9713800
2011-02-08,17.5741,17.7435,17.4549,17.7059,11659300
2011-02-09,17.6243,17.7435,17.48,17.593,7963800
2011-02-10,17.5177,17.5741,17.3232,17.48,12202000
2011-02-11,17.2855,17.9067,17.2228,17.8,10865100
2011-02-14,17.8188,18.0322,17.7435,17.9945,8139300
2011-02-15,17.938,18.1012,17.8878,17.9757,8724600
2011-02-16,18.0322,18.1576,17.8502,18.0071,7706200
2011-02-17,17.9569,18.0008,17.7937,17.7937,7500900
2011-02-18,17.8,17.9255,17.662,17.9192,10144400
2011-02-22,17.5114,17.6432,17.3106,17.3734,13192800
2011-02-23,17.3483,17.5177,17.0032,17.2667,12197800
2011-02-24,17.204,17.3796,17.0659,17.2542,11538000
2011-02-25,17.3608,17.4675,17.2102,17.2667,9868500
2011-02-28,17.3232,17.4549,17.2667,17.3985,7455900
2011-03-01,17.4361,17.4487,16.9342,17.0157,13034000
2011-03-02,17.0597,17.1036,16.7836,16.8463,10212200
2011-03-03,16.9906,17.3796,16.9342,17.2792,12897900
2011-03-04,17.2165,17.273,16.7522,16.9655,19485900
2011-03-07,17.0597,17.1663,16.8463,16.8777,8699300
2011-03-08,17.0032,17.4863,16.9593,17.411,12122800
2011-03-09,17.3357,17.5302,17.2353,17.4424,6930300
2011-03-10,17.2228,17.2918,17.022,17.0534,11180300
2011-03-11,17.0032,17.1475,16.8777,17.0408,9150300
2011-03-14,16.9153,16.9781,16.6267,16.8589,8190500
2011-03-15,16.3946,16.8589,16.3569,16.7585,12230800
2011-03-16,16.7397,16.7836,16.2628,16.4071,19301800
2011-03-17,16.6393,16.6957,16.1185,16.5326,17874500
2011-03-18,16.7836,17.1098,16.702,16.7208,19414900
2011-03-21,16.9781,16.9906,16.5765,16.6895,10552000
2011-03-22,16.7083,16.8212,16.5514,16.6016,6580900
2011-03-23,16.5577,16.6456,16.3318,16.5954,7561100
2011-03-24,16.7585,16.771,16.5891,16.7397,6359100
2011-03-25,16.7836,16.9718,16.7459,16.8902,8509000
2011-03-28,16.9342,16.9655,16.8275,16.8589,6457900
2011-03-29,16.8494,16.8557,16.7549,16.799,9113700
2011-03-30,16.8872,16.9188,16.7927,16.8179,12758900
2011-03-31,16.7234,16.8053,16.5342,16.6603,10263600
2011-04-01,16.8494,16.862,16.717,16.8179,13337400
2011-04-04,16.862,16.8809,16.6918,16.7675,6912600
2011-04-05,16.7044,16.8116,16.6729,16.7107,9166200
2011-04-06,16.799,17.0007,16.6981,16.9566,12693200
2011-04-07,17.0007,17.0511,16.5973,16.6603,15241800
2011-04-08,16.7297,16.7675,16.4208,16.5027,9160200
2011-04-11,16.4586,16.6666,16.4397,16.446,7457500
2011-04-12,16.3514,16.7612,16.3514,16.6162,12858800
2011-04-13,16.7423,16.7423,16.3388,16.383,14110300
2011-04-14,16.301,16.383,16.1371,16.2884,15261200
2011-04-15,16.364,16.4145,16.2695,16.3451,13746600
2011-04-18,16.1875,16.301,16.0804,16.1119,11150400
2011-04-19,16.2758,16.301,15.7589,15.9165,19014200
2011-04-20,16.0993,16.0993,15.5761,15.6581,21254800
2011-04-21,15.7463,15.9354,15.6328,15.8535,14877200
2011-04-25,15.8598,15.9669,15.7841,15.7904,11014400
2011-04-26,15.8535,15.9417,15.7589,15.7841,45306400
2011-04-27,16.1686,16.1939,15.9417,16.1056,17628900
2011-04-28,16.0426,16.1875,15.9858,16.0615,11714200
2011-04-29,16.0552,16.2947,16.0489,16.2758,11044200
2011-05-02,16.3325,16.4271,16.1497,16.1875,9882300
2011-05-03,16.2128,16.364,16.1623,16.2695,9720500
2011-05-04,16.2569,16.3199,16.0363,16.0993,9693900
2011-05-05,16.0489,16.1056,15.8093,15.885,8597300
2011-05-06,16.0489,16.0678,15.7715,15.8787,10629300
2011-05-09,15.9102,15.9606,15.7715,15.9165,8856300
2011-05-10,15.9165,16.2065,15.8976,16.1875,10238900
2011-05-11,16.0993,16.1182,15.7652,15.8787,12119300
2011-05-12,15.8724,16.0363,15.6833,15.9669,10456000
2011-05-13,15.9606,16.0174,15.7022,15.7715,13112200
2011-05-16,15.6517,16.0174,15.6013,15.7904,11343200
2011-05-17,15.7526,16.156,15.7022,16.1308,12930500
2011-05-18,16.1119,16.2443,15.9984,16.2254,9048700
2011-05-19,16.2884,16.2884,16.0993,16.2695,8946300
2011-05-20,16.2506,16.3073,15.8598,15.885,10140600
2011-05-23,15.7211,15.8535,15.6833,15.7148,10139300
2011-05-24,15.7274,15.8156,15.6707,15.7337,7976400
2011-05-25,15.6644,15.8093,15.6202,15.7022,7837400
2011-05-26,15.677,15.7904,15.6139,15.7274,8998300
2011-05-27,15.803,16.1308,15.7904,16.0237,9464500
2011-05-31,16.2002,16.2317,15.9606,16.1371,10691700
2011-06-01,16.0615,16.0741,15.5509,15.5698,17527100
2011-06-02,15.6139,15.74,15.5194,15.5887,12552600
2011-06-03,15.3429,15.6644,15.324,15.4752,11276800
2011-06-06,15.4059,15.5635,15.179,15.1979,17677600
2011-06-07,15.242,15.4185,15.034,15.034,14872200
2011-06-08,14.9773,15.3429,14.9773,15.1096,13056700
2011-06-09,15.1853,15.5068,15.097,15.387,13568100
2011-06-10,15.2861,15.45,15.0277,15.3366,15915700
2011-06-13,15.4122,15.4122,15.179,15.324,11871400
2011-06-14,15.4942,15.5635,15.3996,15.4437,10227400
2011-06-15,15.3303,15.3303,14.9142,15.1222,14025900
2011-06-16,15.1412,15.4122,15.0655,15.2609,10246100
2011-06-17,15.45,15.5383,15.324,15.4374,14971600
2011-06-20,15.3744,15.595,15.324,15.4437,8962400
2011-06-21,15.5635,15.6454,15.3996,15.5824,6168700
2011-06-22,15.5005,15.6644,15.4122,15.4122,8927200
2011-06-23,15.2042,15.3555,15.0655,15.3114,11952000
2011-06-24,15.3051,15.3366,15.0655,15.0781,14065500
2011-06-27,15.1286,15.5383,15.1033,15.4879,9645500
2011-06-28,15.6177,15.7698,15.5037,15.7571,12349400
2011-06-29,15.9028,16.0739,15.8458,16.0486,14245900
2011-06-30,16.1309,16.226,16.0042,16.1626,11824600
2011-07-01,16.1309,16.5934,16.0612,16.5111,12912500
2011-07-05,16.4794,16.4984,16.1436,16.2133,12204200
2011-07-06,16.2133,16.2133,15.8838,16.0296,9714200
2011-07-07,16.1753,16.34,16.1689,16.2323,7933300
2011-07-08,15.9916,16.0803,15.9282,16.0612,7196700
2011-07-11,15.8522,15.9092,15.7064,15.7571,8753000
2011-07-12,15.6811,15.9916,15.6811,15.8141,8424400
2011-07-13,15.8775,16.1689,15.8458,15.9155,10437700
2011-07-14,15.9409,16.0359,15.5987,15.6431,11426000
2011-07-15,15.7254,15.7254,15.491,15.6748,11942900
2011-07-18,15.5734,15.6431,15.3073,15.4783,9785500
2011-07-19,15.5417,15.9472,15.4087,15.8585,19314800
2011-07-20,16.3844,16.7709,16.264,16.5618,20080200
2011-07-21,16.7012,17.2144,16.6822,17.113,21257400
2011-07-22,17.1066,17.189,17.0116,17.0496,12315600
2011-07-25,16.8469,17.1383,16.7455,17.0876,16061600
2011-07-26,16.9546,17.1257,16.9229,16.9419,12766800
2011-07-27,16.8469,16.9799,16.5808,16.6125,13509600
2011-07-28,16.5934,16.7708,16.5174,16.5364,11893500
2011-07-29,16.378,16.6821,16.2957,16.5111,15285200
2011-08-01,16.6885,16.7012,16.2006,16.4604,11419800
2011-08-02,16.2957,16.3844,15.9345,15.9345,17377600
2011-08-03,15.9725,16.0232,15.6811,15.9852,18660200
2011-08-04,15.7445,15.8775,15.2946,15.3009,24129000
2011-08-05,15.5037,15.6304,14.8764,15.0285,26504200
2011-08-08,14.585,14.9842,13.6093,13.679,37433600
2011-08-09,13.9704,14.8448,13.641,14.8067,42253100
2011-08-10,14.4709,14.4709,13.5269,13.5776,29929900
2011-08-11,13.7297,14.4203,13.5649,14.2175,23561700
2011-08-12,14.6357,14.7751,13.7677,13.8817,17695100
2011-08-15,14.0401,14.4139,13.9641,14.4013,16138100
2011-08-16,14.1922,14.3696,13.9578,14.0528,12414700
2011-08-17,14.1415,14.3506,14.0528,14.2112,10731300
2011-08-18,13.7107,13.7804,13.2355,13.3495,21663500
2011-08-19,13.1911,13.66,12.982,13.0264,17928400
2011-08-22,13.4002,13.4382,12.7666,12.868,20205200
2011-08-23,12.9884,13.6283,12.7349,13.6283,21494500
2011-08-24,13.622,14.1288,13.4889,14.0908,18019700
2011-08-25,14.5597,14.8067,13.9768,14.1605,28019500
2011-08-26,13.9197,14.3823,13.7043,14.2049,13279300
2011-08-29,14.4329,14.68,14.3886,14.68,9998400
2011-08-30,14.566,14.7307,14.3252,14.5913,11526000
2011-08-31,14.6293,14.8764,14.49,14.7054,11850100
2011-09-01,14.6167,14.7814,14.3506,14.3569,11093500
2011-09-02,14.0148,14.0845,13.622,13.6917,13604800
2011-09-06,13.2228,13.4952,13.1468,13.4762,17318900
2011-09-07,13.7677,14.3823,13.6156,14.3759,17442300
2011-09-08,14.2302,14.6737,14.1161,14.4836,25314200
2011-09-09,14.2175,14.4076,13.8944,13.9388,20100700
2011-09-12,13.7107,14.1732,13.641,14.1605,18110400
2011-09-13,14.1858,14.623,14.1858,14.547,15944700
2011-09-14,14.661,15.0855,14.49,14.8955,18967600
2011-09-15,14.9145,15.2376,14.9018,15.2376,14045200
2011-09-16,15.3896,15.4593,14.8955,15.2756,18567800
2011-09-19,14.9398,15.3009,14.7624,15.1362,13796600
2011-09-20,15.1679,15.5544,14.9968,15.2629,18894100
2011-09-21,15.2756,15.2756,14.4773,14.4836,19821300
2011-09-22,14.0528,14.604,14.0084,14.5153,25742000
2011-09-23,14.4076,14.8448,14.3696,14.7054,18073000
2011-09-26,14.8954,15.4657,14.8511,15.434,17092000
2011-09-27,15.6874,15.8458,15.1362,15.2503,20106000
2011-09-28,15.3235,15.4636,14.8522,14.8713,16053400
2011-09-29,15.2216,15.5082,14.935,15.419,24180800
2011-09-30,15.1834,15.3745,14.9923,14.9923,18362300
2011-10-03,14.884,15.228,14.4127,14.4255,23128400
2011-10-04,14.1771,14.8586,13.9096,14.7503,34300000
2011-10-05,14.763,14.9987,14.4955,14.935,17900900
2011-10-06,14.8522,15.3108,14.6548,15.2853,16041300
2011-10-07,15.349,15.3808,14.763,14.8586,18471900
2011-10-10,15.2025,15.5719,15.1961,15.5719,15147700
2011-10-11,15.3681,15.5337,15.1834,15.2089,21949800
2011-10-12,15.3872,16.1323,15.3362,15.763,22261600
2011-10-13,15.54,15.6738,15.2662,15.4955,15475500
2011-10-14,15.6929,15.8521,15.3426,15.7311,15109600
2011-10-17,15.3362,15.4254,15.0178,15.0369,16782200
2011-10-18,15.1579,15.8266,14.9923,15.591,22074300
2011-10-19,15.6674,16.0368,15.2853,15.3681,20913900
2011-10-20,15.4381,15.9222,15.298,15.8712,17274600
2011-10-21,16.0432,16.2151,15.9031,16.1706,23221900
2011-10-24,16.2342,16.438,16.126,16.2852,14530900
2011-10-25,16.0878,16.1769,15.763,15.8203,15856700
2011-10-26,16.0941,16.3298,15.8903,16.2342,15944500
2011-10-27,16.661,16.9667,16.3553,16.6992,34060600
2011-10-28,16.5463,16.7501,16.4253,16.5782,16032500
2011-10-31,16.3043,16.7056,16.2725,16.2979,15048200
2011-11-01,15.5782,16.0687,15.4127,15.6228,17964400
2011-11-02,16.0496,16.2342,15.8649,16.1196,13514200
2011-11-03,16.368,16.4508,15.9668,16.3043,12082600
2011-11-04,16.0878,16.3234,15.8585,16.2597,16712200
2011-11-07,16.3043,16.5017,16.2343,16.489,14742800
2011-11-08,16.5718,16.7947,16.3489,16.731,12915100
2011-11-09,16.2979,16.4253,15.9158,15.9922,16414500
2011-11-10,16.2534,16.3807,16.0177,16.3298,13612300
2011-11-11,16.5463,16.661,16.3998,16.5208,13394200
2011-11-14,16.3807,16.4317,16.0941,16.2279,8652400
2011-11-15,16.1323,16.3234,16.0623,16.2534,11679000
2011-11-16,16.1578,16.6419,16.1387,16.2024,16249200
2011-11-17,16.1323,16.5527,15.8967,15.9922,14560100
2011-11-18,16.0878,16.196,15.9094,16.1642,11446900
2011-11-21,15.9158,15.9986,15.5846,15.6802,14515400
2011-11-22,15.6865,15.8712,15.6228,15.712,9936100
2011-11-23,15.4955,15.5146,15.1515,15.1515,15687700
2011-11-25,15.1261,15.5655,15.107,15.3044,5089700
2011-11-28,15.8075,15.8394,15.5719,15.7438,11499700
2011-11-29,15.7502,15.9158,15.6356,15.6738,9198300
2011-11-30,16.2024,16.54,15.9413,16.5081,18726500
2011-12-01,16.3425,16.4253,16.1196,16.368,9248500
2011-12-02,16.5272,16.6546,16.3107,16.3807,15209300
2011-12-05,16.5782,16.7501,16.3935,16.5208,14883500
2011-12-06,16.5208,16.8266,16.4253,16.6928,11501200
2011-12-07,16.5272,16.8775,16.4189,16.8202,12314700
2011-12-08,16.7756,16.8138,16.2788,16.3361,11920600
2011-12-09,16.4954,16.7947,16.3935,16.7438,10268200
2011-12-12,16.5527,16.6228,16.3362,16.5845,14533000
2011-12-13,16.6355,16.782,16.2406,16.3935,12324900
2011-12-14,16.2597,16.6737,16.2151,16.4189,12475100
2011-12-15,16.6482,16.7438,16.4126,16.4317,9709200
2011-12-16,16.6036,16.8329,16.5017,16.5591,15139400
2011-12-19,16.6164,16.6737,16.196,16.2788,10038300
2011-12-20,16.5017,17.0176,16.4826,16.8775,14966800
2011-12-21,16.8966,17.1132,16.61,17.0749,13006100
2011-12-22,17.145,17.4825,17.1323,17.4125,13053800
2011-12-23,17.5144,17.5399,17.3233,17.508,5190600
2011-12-27,17.508,17.5653,17.3934,17.3934,4101400
2011-12-28,17.4542,17.499,17.1726,17.1982,6705400
2011-12-29,17.2558,17.5054,17.243,17.467,6201700
2011-12-30,17.4926,17.5118,17.275,17.307,5024800
2012-01-03,17.6653,17.8636,17.5821,17.6461,15765000
2012-01-04,17.5949,17.7293,17.4094,17.6397,9373500
2012-01-05,17.5565,18.1132,17.5181,17.902,16744800
2012-01-06,17.9532,17.966,17.5309,17.7549,15693000
2012-01-09,17.7165,18.1196,17.7165,18.0684,15336100
2012-01-10,18.2475,18.2667,17.9532,18.0812,17290600
2012-01-11,17.934,18.1963,17.8253,18.1772,14823700
2012-01-12,18.2155,18.4139,18.0108,18.3883,11914100
2012-01-13,18.1644,18.7274,18.1324,18.5738,23584100
2012-01-17,18.5674,18.8234,18.2667,18.4075,17608800
2012-01-18,18.6378,18.7466,18.0876,18.6058,18626100
2012-01-19,18.6378,18.6378,18.094,18.2731,17775500
2012-01-20,18.2795,18.4587,18.1708,18.3883,12708500
2012-01-23,18.3371,18.4651,18.094,18.2283,12430500
2012-01-24,18.1068,18.2667,17.9404,18.2028,9604200
2012-01-25,18.0492,18.3691,18.0492,18.2987,12197400
2012-01-26,18.3691,18.4651,17.7101,17.7805,18743600
2012-01-27,17.8061,17.9532,17.6973,17.8253,11854700
2012-01-30,17.5565,17.9916,17.467,17.9212,10128000
2012-01-31,18.0044,18.1644,17.902,18.0556,11931300
2012-02-01,18.1964,18.5035,18.1004,18.2731,16831400
2012-02-02,18.3691,18.4843,18.19,18.2795,8380600
2012-02-03,18.5547,18.721,18.4907,18.6826,13863500
2012-02-06,18.5994,18.6954,18.4971,18.657,8768800
2012-02-07,18.5291,18.9257,18.5291,18.8426,10020400
2012-02-08,18.8298,19.0281,18.7914,18.9577,10251900
2012-02-09,18.9513,18.9833,18.689,18.7722,10527000
2012-02-10,18.6122,18.6506,18.4715,18.5611,9390100
2012-02-13,18.6762,18.7146,18.5482,18.6698,6712100
2012-02-14,18.6698,18.7082,18.3115,18.5546,10260300
2012-02-15,18.6314,18.6506,18.2859,18.3179,9320200
2012-02-16,18.3307,18.6634,18.2411,18.6058,10190400
2012-02-17,18.6058,18.817,18.5227,18.7786,8846800
2012-02-21,18.7082,18.8938,18.5674,18.6314,12012900
2012-02-22,18.5674,18.6442,18.4011,18.4331,10810100
2012-02-23,18.4331,18.6506,18.4075,18.5483,8205500
2012-02-24,18.5674,18.657,18.3371,18.3819,7294000
2012-02-27,18.2795,18.817,18.2347,18.7466,13324700
2012-02-28,18.7658,18.7914,18.6122,18.6634,8537800
2012-02-29,18.7146,18.9513,18.6634,18.8106,10432000
2012-03-01,18.8298,19.0537,18.7914,19.0089,11204400
2012-03-02,19.0601,19.0601,18.6954,18.7274,9861400
2012-03-05,18.625,18.6378,18.2795,18.4907,10129900
2012-03-06,18.3115,18.3819,18.0812,18.1516,9107400
2012-03-07,18.1388,18.4075,18.1196,18.3243,7454300
2012-03-08,18.4587,18.7274,18.3627,18.657,7102200
2012-03-09,18.721,19.1177,18.6634,19.0153,10550500
2012-03-12,18.9705,19.0153,18.753,18.9897,7671300
2012-03-13,19.0665,19.8791,19.0281,19.8407,25449800
2012-03-14,19.8599,20.1414,19.6999,20.1414,24511700
2012-03-15,20.1734,20.3397,19.8151,20.2694,18680700
2012-03-16,20.3333,20.4037,20.0518,20.2502,20693200
2012-03-19,20.2566,20.5893,20.1542,20.3781,13957100
2012-03-20,20.1862,20.3781,20.0902,20.2821,14261900
2012-03-21,20.3333,20.4165,20.135,20.1798,12683500
2012-03-22,20.1094,20.167,19.8151,20.071,11259200
2012-03-23,20.039,20.2949,19.9494,20.2821,12089600
2012-03-26,20.4741,20.6212,20.3909,20.5445,12965400
2012-03-27,20.4229,20.4869,20.2693,20.2757,8853200
2012-03-28,20.3112,20.5429,20.279,20.485,12149400
2012-03-29,20.2597,20.324,20.0408,20.3112,9966100
2012-03-30,20.2597,20.3949,20.0858,20.3949,9690000
2012-04-02,20.3112,20.4785,20.0858,20.4142,10440100
2012-04-03,20.2532,20.382,20.0601,20.3369,12366800
2012-04-04,20.221,20.2854,20.015,20.1567,11173200
2012-04-05,20.0987,20.2918,20.0215,20.1824,9899500
2012-04-09,19.912,20.0858,19.8348,19.9635,8456000
2012-04-10,19.8991,20.0601,19.5257,19.5322,13146500
2012-04-11,19.809,19.9893,19.7511,19.8734,9831000
2012-04-12,19.9056,20.221,19.7961,20.176,11585100
2012-04-13,20.118,20.1953,19.8798,19.8927,10640200
2012-04-16,20.0987,20.2468,19.8927,20.0601,11442400
2012-04-17,20.1824,20.3498,20.0923,20.3112,9258400
2012-04-18,20.0858,20.3433,20.0665,20.1502,6779200
2012-04-19,20.2275,20.2918,19.9635,20.0987,9739400
2012-04-20,20.176,20.2339,19.9893,20.1438,9902600
2012-04-23,20.0601,20.1116,19.9249,20.0923,9569500
2012-04-24,20.1438,20.4399,20.1438,20.3562,8608600
2012-04-25,20.4657,20.5172,20.2468,20.3949,10141400
2012-04-26,20.3948,20.691,20.3627,20.6652,11210200
2012-04-27,20.6266,20.9549,20.5429,20.8777,12032100
2012-04-30,20.8584,20.8584,20.5687,20.7103,9889000
2012-05-01,20.6395,21.2318,20.6395,20.7876,9467000
2012-05-02,20.7039,20.7425,20.5043,20.6266,8781300
2012-05-03,20.7618,20.8455,20.485,20.5622,9199700
2012-05-04,20.4914,20.6009,20.2661,20.3884,9793400
2012-05-07,20.2468,20.633,20.2468,20.4979,9784400
2012-05-08,20.3176,20.4657,20.2146,20.324,11302100
2012-05-09,20.1052,20.427,20.0665,20.2597,11300500
2012-05-10,20.5043,20.6266,20.4592,20.5429,8217400
2012-05-11,20.3433,20.8712,20.221,20.7361,14596500
2012-05-14,20.5558,20.7361,20.2854,20.3176,12357200
2012-05-15,20.2854,20.4463,20.1051,20.1502,10731500
2012-05-16,20.2661,20.4399,19.9764,19.9957,10553500
2012-05-17,19.9893,20.0665,19.7189,19.7318,11254000
2012-05-18,19.7575,19.7768,19.3906,19.4871,14431300
2012-05-21,19.5901,19.8219,19.4227,19.7768,12947800
2012-05-22,19.8863,20.1631,19.809,19.9571,9914400
2012-05-23,19.8927,20.073,19.603,20.015,11058500
2012-05-24,20.1309,20.1309,19.8605,20.0408,9213400
2012-05-25,20.015,20.1953,19.8026,19.912,8196000
2012-05-29,20.0343,20.1245,19.9185,20.0923,7984600
2012-05-30,19.8798,19.97,19.7318,19.7961,8866100
2012-05-31,19.8026,20.1888,19.6352,20.0279,10641600
2012-06-01,19.6481,19.6996,18.9979,19.0558,19009400
2012-06-04,19.0365,19.0751,18.4635,18.5343,19680200
2012-06-05,18.3991,18.882,18.3991,18.8112,12690100
2012-06-06,18.9592,19.1202,18.8176,19.1202,11021100
2012-06-07,19.294,19.4485,19.0429,19.0429,14006100
2012-06-08,18.9785,19.3777,18.9077,19.3777,9279400
2012-06-11,19.6094,19.7318,19.2103,19.2296,11443000
2012-06-12,19.2167,19.8026,19.0687,19.7189,17221900
2012-06-13,19.6352,19.9249,19.5901,19.6738,10753000
2012-06-14,19.7511,20.073,19.6931,19.9635,12608600
2012-06-15,20.2403,20.3305,19.9378,20.3305,14197800
2012-06-18,20.1502,20.4721,20.1116,20.2918,8054600
2012-06-19,20.382,20.5622,20.3176,20.4464,8001800
2012-06-20,20.3176,20.4914,20.1373,20.4206,10657600
2012-06-21,20.5558,20.6009,20.0536,20.1052,10317600
2012-06-22,20.279,20.4914,20.2339,20.4206,9562400
2012-06-25,20.2082,20.2725,19.9828,20.0601,9205500
2012-06-26,20.1052,20.324,19.97,20.1567,7861200
2012-06-27,20.2959,20.4449,20.1405,20.3607,8865100
2012-06-28,20.283,20.4514,20.0109,20.3672,10275900
2012-06-29,20.7429,20.8466,20.5874,20.8336,12510100
2012-07-02,21.0344,21.0539,20.7624,21.015,8126500
2012-07-03,20.8854,21.1187,20.8012,21.1057,5200200
2012-07-05,21.0085,21.0863,20.8207,20.9178,8433500
2012-07-06,20.6846,20.866,20.6263,20.7364,8577600
2012-07-09,20.6781,20.8401,20.6004,20.7494,7396300
2012-07-10,20.8854,21.0992,20.6004,20.6652,9315400
2012-07-11,20.6263,20.9632,20.6198,20.9114,9584200
2012-07-12,20.717,20.866,20.5745,20.7364,8220000
2012-07-13,20.7948,21.1834,20.7364,21.1834,9510300
2012-07-16,21.1705,21.3389,21.0863,21.2353,6716300
2012-07-17,21.2936,21.5462,21.015,21.3454,13084400
2012-07-18,21.1316,21.7729,21.1316,21.6887,12286500
2012-07-19,21.6175,22.0191,21.5333,21.896,15086000
2012-07-20,21.7794,21.9284,21.7146,21.7665,13301000
2012-07-23,21.4037,21.6952,21.3583,21.6499,11506900
2012-07-24,21.7082,21.7794,21.4685,21.6823,10139700
2012-07-25,21.7665,21.8312,21.5203,21.5656,8033700
2012-07-26,21.8895,21.9414,21.7146,21.76,9933000
2012-07-27,21.9802,22.0839,21.7535,21.9738,11449800
2012-07-30,21.909,22.0904,21.7535,21.8636,8155500
2012-07-31,21.7665,21.896,21.6693,21.7017,7860000
2012-08-01,21.7859,21.9543,21.5656,21.5851,7502700
2012-08-02,21.3842,21.5203,21.1057,21.313,9860800
2012-08-03,21.6628,21.8248,21.5527,21.6952,9274500
2012-08-06,21.6822,21.7924,21.3713,21.3842,8261500
2012-08-07,21.4685,21.5721,21.3454,21.4361,10325000
2012-08-08,21.3454,21.4685,21.2482,21.3907,5343300
2012-08-09,21.3389,21.5073,21.2158,21.3972,5109200
2012-08-10,21.3907,21.5009,21.2676,21.4814,4252100
2012-08-13,21.3843,21.5268,21.3195,21.4944,4330900
2012-08-14,21.5397,21.598,21.3454,21.3907,5437000
2012-08-15,21.3778,21.5203,21.3,21.4879,4587900
2012-08-16,21.5203,21.5851,21.4037,21.5138,5320800
2012-08-17,21.5851,21.5851,21.3842,21.449,8320600
2012-08-20,21.4037,21.5268,21.313,21.5268,7946900
2012-08-21,21.5462,21.7211,21.3778,21.3972,11532200
2012-08-22,21.449,21.5332,21.2741,21.313,7082900
2012-08-23,21.2871,21.3583,21.2029,21.2223,5093000
2012-08-24,21.1316,21.4361,21.1251,21.3972,6008100
2012-08-27,21.4166,21.598,21.3065,21.5009,6720200
2012-08-28,21.4296,21.6887,21.4102,21.5786,5267300
2012-08-29,21.611,21.7729,21.598,21.7017,4736200
2012-08-30,21.5462,21.6499,21.462,21.5656,5248200
2012-08-31,21.6175,21.747,21.5397,21.6434,6326600
2012-09-04,21.5915,21.6563,21.4296,21.4555,9313700
2012-09-05,21.4944,21.5656,21.3842,21.4296,9101100
2012-09-06,21.5397,21.9867,21.5333,21.9802,12074400
2012-09-07,22.0256,22.1357,21.9479,22.0126,8403800
2012-09-10,22.045,22.0645,21.9025,21.9155,6200400
2012-09-11,21.909,22.0774,21.8442,22.0515,9528900
2012-09-12,22.0969,22.1875,21.9414,21.9867,8568700
2012-09-13,22.0062,22.641,22.0062,22.5892,14515000
2012-09-14,22.6151,22.7706,22.5114,22.6281,13796600
2012-09-17,22.6216,22.6345,22.1033,22.1487,14001100
2012-09-18,22.0904,22.2394,22.058,22.1487,10512600
2012-09-19,22.1746,22.3819,22.1357,22.2458,9446700
2012-09-20,22.0774,22.1746,21.9608,22.0515,10618700
2012-09-21,22.2264,22.2264,21.9284,21.9284,13432400
2012-09-24,21.8895,22.2135,21.8248,22.1422,6900000
2012-09-25,22.2005,22.4337,22.0774,22.1033,9565400
2012-09-26,22.1196,22.2434,21.9763,22.1196,12702100
2012-09-27,22.1978,22.3737,22.1196,22.2564,7766800
2012-09-28,22.2564,22.4714,22.1587,22.3477,8341500
2012-10-01,22.4454,22.5561,22.1717,22.2108,8388100
2012-10-02,22.3086,22.3607,22.0675,22.2043,7463900
2012-10-03,22.2825,22.4519,22.1783,22.3998,6138200
2012-10-04,22.4649,22.9536,22.4323,22.9275,11296700
2012-10-05,23.0252,23.1034,22.6604,22.7516,7965800
2012-10-08,22.6995,22.7842,22.6083,22.6799,4544700
2012-10-09,22.7125,22.7516,22.4845,22.5952,6514200
2012-10-10,22.3737,22.6865,22.3542,22.5431,9646900
2012-10-11,22.7451,22.7842,22.3998,22.4063,6211500
2012-10-12,22.1978,22.2434,21.859,21.9698,12208300
2012-10-15,22.1001,22.1066,21.657,21.9111,13041100
2012-10-16,22.087,22.1001,21.7157,21.8981,10911300
2012-10-17,22.048,22.4063,21.8134,22.2825,12649300
2012-10-18,22.5822,22.6018,22.1652,22.4128,8784900
2012-10-19,22.4193,22.4519,22.1717,22.302,10967400
2012-10-22,22.2173,22.3281,21.9307,22.2629,8973900
2012-10-23,21.9242,22.0675,21.5723,21.7352,9316300
2012-10-24,21.7678,21.8851,21.5137,21.5854,7141500
2012-10-25,21.7482,21.9242,21.657,21.8134,7044800
2012-10-26,21.7743,21.846,21.5072,21.5984,6811200
2012-10-31,21.6831,21.8851,21.5007,21.6375,8848700
2012-11-01,21.6831,21.9763,21.5723,21.9307,7273600
2012-11-02,22.1326,22.1326,21.7091,21.7808,7640100
2012-11-05,21.6831,21.7678,21.5007,21.5919,6664400
2012-11-06,21.6375,22.0154,21.6244,21.8851,6643100
2012-11-07,21.6896,21.6896,21.0772,21.1032,11400300
2012-11-08,21.1423,21.4746,20.9599,20.9599,9192900
2012-11-09,20.9338,21.2335,20.8817,20.9143,9608700
2012-11-12,20.9599,21.0185,20.8361,20.8882,4423100
2012-11-13,20.7449,21.0511,20.6146,20.6602,8782100
2012-11-14,20.6993,20.8165,20.3409,20.4126,9111300
2012-11-15,20.3344,20.4517,20.1715,20.3344,9918400
2012-11-16,20.3735,20.5885,20.1976,20.5559,9619500
2012-11-19,20.7123,20.9273,20.7058,20.9012,7819500
2012-11-20,20.8622,21.0902,20.7188,21.012,6518800
2012-11-21,21.0772,21.0772,20.7384,20.8817,4797200
2012-11-23,21.0055,21.2335,20.9273,21.227,2527500
2012-11-26,21.0315,21.1097,20.8687,21.0967,5420200
2012-11-27,21.0511,21.1097,20.8622,20.9143,9499300
2012-11-28,20.8166,21.1293,20.7123,21.1032,6763200
2012-11-29,21.1944,21.2856,21.0706,21.1097,7639700
2012-11-30,21.0772,21.1097,20.8947,21.0185,7934800
2012-12-03,21.0772,21.1228,20.8361,20.8817,7776500
2012-12-04,20.9208,20.9534,20.38,20.4777,14722900
2012-12-05,20.582,20.8426,20.4061,20.6927,12558200
2012-12-06,20.6732,20.7774,20.6081,20.7253,8498100
2012-12-07,20.7579,20.8752,20.6276,20.8622,7378400
2012-12-10,20.8165,20.9729,20.7318,20.784,8762900
2012-12-11,20.8296,21.0772,20.784,20.8296,8998700
2012-12-12,20.9012,20.9664,20.6927,20.7644,16342600
2012-12-13,20.7709,20.8035,20.5234,20.569,9632400
2012-12-14,20.5494,20.5885,20.3865,20.4582,9875700
2012-12-17,20.5038,20.9208,20.4582,20.9078,13315900
2012-12-18,20.9859,21.2791,20.9208,21.2205,11899700
2012-12-19,21.1032,21.2661,20.9534,20.9794,11286000
2012-12-20,21.025,21.1423,20.8687,21.1358,16923000
2012-12-21,20.9469,21.201,20.784,21.1619,20627100
2012-12-24,21.1553,21.2596,20.999,21.0511,4244000
2012-12-26,21.0967,21.1097,20.9012,21.0185,6984700
2012-12-27,21.0218,21.1398,20.6482,20.989,9266800
2012-12-28,20.7989,20.9825,20.7596,20.7662,7342100
2012-12-31,20.6613,20.9431,20.6547,20.9366,10879900
2013-01-02,21.2774,21.6183,21.2381,21.6117,10045200
2013-01-03,21.5527,21.6052,21.2643,21.3102,12697900
2013-01-04,21.5331,21.8281,21.3954,21.7756,11487400
2013-01-07,21.697,21.7428,21.4675,21.579,8170400
2013-01-08,21.5003,21.6445,21.3954,21.6117,6519800
2013-01-09,21.6773,21.9198,21.6773,21.8084,10072300
2013-01-10,21.9985,22.1558,21.7625,22.0509,10266200
2013-01-11,22.0116,22.0116,21.756,21.9592,6768400
2013-01-14,21.9788,22.005,21.7625,21.9395,6521600
2013-01-15,21.8871,21.8936,21.6773,21.815,9372800
2013-01-16,21.461,21.8084,21.4479,21.7297,9143000
2013-01-17,21.8674,21.8674,21.4479,21.4741,17747200
2013-01-18,21.5593,21.6117,21.3299,21.5462,17059600
2013-01-22,21.52,21.697,21.4151,21.6314,11999700
2013-01-23,21.579,21.6904,21.5331,21.6904,9501800
2013-01-24,21.697,21.8739,21.6314,21.7035,12115100
2013-01-25,21.7953,21.8215,21.6117,21.7428,9456600
2013-01-28,21.7953,21.8084,21.6183,21.7428,11712200
2013-01-29,21.7297,21.9198,21.6773,21.8477,10852200
2013-01-30,21.5986,21.8149,21.5855,21.7232,11237500
2013-01-31,21.6249,21.8018,21.6183,21.697,8693800
2013-02-01,21.8739,21.9395,21.7691,21.8936,7890300
2013-02-04,21.7494,21.7953,21.5265,21.6052,8537000
2013-02-05,21.7035,21.7953,21.6576,21.7166,7772000
2013-02-06,21.6183,22.0444,21.6183,22.0313,12702000
2013-02-07,22.0247,22.1165,21.8412,21.9854,7721200
2013-02-08,22.0051,22.0837,21.9657,22.0575,6145700
2013-02-11,22.1755,22.5032,22.1165,22.3459,10627900
2013-02-12,22.3525,22.5491,22.3131,22.4901,9442700
2013-02-13,22.5163,22.5229,22.1493,22.241,8358600
2013-02-14,22.1165,22.3262,22.1165,22.2804,6244800
2013-02-15,22.3393,22.3852,22.1034,22.2279,7431500
2013-02-19,22.1689,22.3852,22.0968,22.3394,7810600
2013-02-20,22.2803,22.3262,22.1558,22.1886,9466100
2013-02-21,22.1689,22.2672,22.0575,22.1361,10506100
2013-02-22,22.1951,22.2541,21.9854,22.2083,8925100
2013-02-25,22.2672,22.3525,21.8543,21.8543,11560400
2013-02-26,21.9788,22.2279,21.8674,22.1493,12324700
2013-02-27,22.1296,22.3131,22.0444,22.3066,9048800
2013-02-28,22.3262,22.3852,22.1624,22.2738,9518300
2013-03-01,22.123,22.3852,22.0313,22.2935,8434800
2013-03-04,22.2803,22.477,22.1951,22.4704,8611100
2013-03-05,22.5753,22.7654,22.0116,22.1624,17873600
2013-03-06,22.2082,22.2345,21.9133,22.1165,12558800
2013-03-07,22.1427,22.4049,22.1165,22.3852,11150200
2013-03-08,22.4508,22.5229,22.3,22.4377,7710100
2013-03-11,22.4508,22.6802,22.418,22.5557,8522600
2013-03-12,22.5294,22.536,22.4311,22.5098,6650000
2013-03-13,22.4901,22.4901,22.3393,22.4311,7222300
2013-03-14,22.4901,22.5163,22.2017,22.3262,12258400
2013-03-15,22.1755,22.4836,22.1624,22.4311,15047700
2013-03-18,22.2017,22.4311,22.1558,22.3721,7843100
2013-03-19,22.4049,22.4573,22.1427,22.2541,9328100
2013-03-20,22.3656,22.4442,22.2148,22.241,10278800
2013-03-21,22.1427,22.2017,21.9592,21.9919,9556400
2013-03-22,22.0182,22.123,21.9198,22.005,10585600
2013-03-25,22.1361,22.1689,21.9329,22.0706,9181900
2013-03-26,22.1992,22.2519,22.1069,22.2058,8308600
2013-03-27,22.0739,22.3112,22.0211,22.2585,6067900
2013-03-28,22.2255,22.3904,22.2255,22.3706,6993400
2013-04-01,22.3706,22.4431,22.3112,22.4101,6674300
2013-04-02,22.4365,22.5024,22.3772,22.4827,9894300
2013-04-03,22.4563,22.4893,22.1003,22.1992,12535400
2013-04-04,22.2519,22.3838,22.186,22.2981,8801900
2013-04-05,22.1069,22.1069,21.8761,21.9948,14065700
2013-04-08,21.9948,22.2124,21.9157,22.2124,6925700
2013-04-09,22.2387,22.3772,22.12,22.2124,7058700
2013-04-10,22.2321,22.6079,22.2255,22.542,9597900
2013-04-11,22.5618,22.7002,22.4497,22.5486,6855000
2013-04-12,22.3772,22.4761,22.3244,22.4695,6702400
2013-04-15,22.4036,22.4233,21.942,21.9618,15129300
2013-04-16,21.8893,21.8893,21.3091,21.5728,29836800
2013-04-17,21.3552,21.5662,21.2432,21.3486,15088600
2013-04-18,21.3882,21.3882,21.0915,21.2761,9889100
2013-04-19,21.3684,21.4607,21.2168,21.4343,9566900
2013-04-22,21.4475,21.4607,21.23,21.408,7722400
2013-04-23,21.5135,21.6585,21.3882,21.6387,10656200
2013-04-24,21.6783,21.9025,21.6124,21.8563,10491700
2013-04-25,21.9288,22.0739,21.8695,21.9618,8421500
2013-04-26,21.9684,22.0014,21.8365,21.8431,7920900
2013-04-29,21.8827,22.0607,21.8563,21.9486,7242600
2013-04-30,21.9354,21.975,21.8365,21.942,6018500
2013-05-01,21.9025,21.9091,21.5662,21.6321,10000400
2013-05-02,21.7113,21.7113,21.4475,21.4805,11841500
2013-05-03,21.6387,21.6981,21.5464,21.6058,13582300
2013-05-06,21.619,21.731,21.553,21.6849,9902000
2013-05-07,21.7904,21.9288,21.6849,21.8563,8162700
2013-05-08,21.7904,21.9816,21.7706,21.975,8929900
2013-05-09,21.9882,22.1266,21.8563,21.9618,11381700
2013-05-10,22.0014,22.12,21.9288,22.0805,7592100
2013-05-13,22.008,22.2189,21.9552,22.0871,7663100
2013-05-14,22.1069,22.3706,22.0937,22.3442,9411800
2013-05-15,22.3244,22.6607,22.2387,22.6409,8879100
2013-05-16,22.6409,22.7332,22.542,22.6211,11134300
2013-05-17,22.6475,22.931,22.6145,22.8585,12158200
2013-05-20,22.8123,23.3332,22.7859,23.1618,11921000
2013-05-21,23.1749,23.3266,23.1486,23.2673,8158100
2013-05-22,23.0167,23.6694,23.0167,23.32,16879400
2013-05-23,23.0892,23.3068,23.076,23.2211,12779000
2013-05-24,23.1024,23.4057,23.0365,23.3464,7667500
2013-05-28,23.6299,23.6892,23.4057,23.4321,8780300
2013-05-29,23.2738,23.3925,23.1881,23.2936,9108900
2013-05-30,23.353,23.6101,23.2672,23.4255,10534800
2013-05-31,23.3596,23.5442,23.1156,23.1156,10703600
2013-06-03,23.1288,23.2607,23.0167,23.2541,9717600
2013-06-04,23.2804,23.4387,23.2079,23.2475,9337600
2013-06-05,23.1749,23.287,22.964,23.0826,10852100
2013-06-06,22.9706,23.3727,22.9442,23.3266,10148200
2013-06-07,23.4387,23.676,23.3464,23.6497,10408700
2013-06-10,23.7288,23.7354,23.4453,23.465,10289900
2013-06-11,23.32,23.4519,23.2277,23.3464,10101800
2013-06-12,23.3727,23.4255,23.2079,23.3398,10647400
2013-06-13,23.3068,23.4189,23.1288,23.3793,11286400
2013-06-14,23.353,23.3661,23.0629,23.0826,8118900
2013-06-17,23.2277,23.3464,23.1156,23.2277,6716600
2013-06-18,23.2211,23.3596,23.1618,23.3068,5994300
2013-06-19,23.3398,23.4914,23.1618,23.2013,9300200
2013-06-20,23.0497,23.2804,22.9772,23.1156,13474300
2013-06-21,23.3266,23.5508,23.1749,23.4519,15679900
2013-06-24,23.2145,23.531,23.1684,23.3332,14635800
2013-06-25,23.5178,23.7749,23.4453,23.6958,10987800
2013-06-26,23.8949,24.0541,23.8352,23.8418,9412600
2013-06-27,23.9546,24.1006,23.8219,23.9811,10636800
2013-06-28,23.9811,24.1537,23.7887,23.9878,11220800
2013-07-01,24.1271,24.3129,24.0807,24.0939,8606900
2013-07-02,24.074,24.3527,23.9679,24.0873,10381200
2013-07-03,23.9878,24.1537,23.8882,24.1205,3947400
2013-07-05,24.2333,24.4058,24.2067,24.3925,7525300
2013-07-08,24.4722,24.6779,24.4722,24.585,8869200
2013-07-09,24.6978,24.857,24.585,24.7442,7484800
2013-07-10,24.6911,24.731,24.4324,24.5982,9260400
2013-07-11,24.7243,24.7774,24.4655,24.6513,10127500
2013-07-12,24.7243,25.003,24.5916,24.9898,7102000
2013-07-15,25.0296,25.0428,24.7575,24.8836,7245600
2013-07-16,24.8836,24.9234,24.5054,24.731,9162900
2013-07-17,24.4456,24.4523,23.9878,24.3793,17808800
2013-07-18,24.4722,24.6248,24.4257,24.5982,10340300
2013-07-19,24.585,24.8172,24.4722,24.7243,8928500
2013-07-22,24.7044,24.8703,24.6712,24.784,7510900
2013-07-23,24.784,25.0362,24.6978,24.9101,7708400
2013-07-24,24.9632,25.0097,24.8504,24.9101,7083700
2013-07-25,24.7509,24.8969,24.658,24.857,6573400
2013-07-26,24.7509,24.93,24.6447,24.9101,6043600
2013-07-29,24.8969,24.9367,24.7442,24.8769,6038800
2013-07-30,25.0296,25.1955,24.9831,25.0163,11066700
2013-07-31,25.0826,25.1955,24.7509,24.7641,10825300
2013-08-01,24.9898,25.1689,24.9499,24.9898,6678700
2013-08-02,24.9367,25.0959,24.9101,25.0627,5639000
2013-08-05,25.0096,25.1026,24.9433,25.0428,4538600
2013-08-06,25.0296,25.0296,24.8637,24.9566,5004800
2013-08-07,24.8438,24.8438,24.5518,24.6911,5934000
2013-08-08,24.8106,24.8968,24.5916,24.784,5256300
2013-08-09,24.7575,24.8106,24.5783,24.6646,6845900
2013-08-12,24.5916,24.7376,24.4987,24.658,5349400
2013-08-13,24.658,24.7243,24.512,24.6248,6455000
2013-08-14,24.6513,24.6845,24.512,24.5319,5573800
2013-08-15,24.4987,24.5518,24.2731,24.3992,5781700
2013-08-16,24.3461,24.5518,24.3328,24.4987,6350600
2013-08-19,24.4655,24.4921,24.2996,24.3262,5119900
2013-08-20,24.3063,24.5916,24.2598,24.4589,5711000
2013-08-21,24.3793,24.6314,24.3395,24.4125,6431100
2013-08-22,24.4456,24.857,24.4191,24.8172,7472700
2013-08-23,24.9367,24.9566,24.6513,24.7641,5205700
2013-08-26,24.8305,24.8305,24.4987,24.4987,4213600
2013-08-27,24.2864,24.3328,23.9081,23.9612,7512600
2013-08-28,23.9612,24.1139,23.9081,23.9612,5331100
2013-08-29,23.8882,24.147,23.8219,23.9612,5760500
2013-08-30,24.001,24.021,23.8152,23.9745,6816200
2013-09-03,24.1935,24.293,23.8219,23.9281,6595600
2013-09-04,23.8882,24.0475,23.7754,23.9745,6125800
2013-09-05,23.9878,24.439,23.9679,24.3527,8674800
2013-09-06,24.4058,24.4921,24.0873,24.2001,6171800
2013-09-09,24.2067,24.22,23.8152,24.1006,6975500
2013-09-10,24.2266,24.4589,24.2266,24.3594,6474400
2013-09-11,24.3992,24.4257,24.2134,24.3395,5901500
2013-09-12,24.3925,24.7774,24.1802,24.4655,8241700
2013-09-13,24.5054,24.7044,24.5054,24.6447,7040600
2013-09-16,24.9499,24.9698,24.7509,24.8902,8614500
2013-09-17,24.9632,24.9897,24.7641,24.8968,6517100
2013-09-18,24.93,25.368,24.8836,25.1092,10296100
2013-09-19,25.2419,25.2552,24.8504,25.0229,11617800
2013-09-20,25.0495,25.1689,24.9035,25.1158,11096500
2013-09-23,25.0495,25.0561,24.6646,24.7907,7631000
2013-09-24,24.8172,24.8172,24.4257,24.4854,9922300
2013-09-25,24.4655,24.585,24.2864,24.3925,9230100
2013-09-26,24.4793,24.5461,24.2857,24.3992,5592900
2013-09-27,24.2657,24.4727,24.2456,24.3725,5973100
2013-09-30,24.1989,24.5328,24.0787,24.4259,7895000
2013-10-01,24.4994,24.5662,24.3658,24.5127,4932400
2013-10-02,24.3792,24.4259,24.259,24.2991,6852300
2013-10-03,24.259,24.3592,24.1922,24.2724,6325900
2013-10-04,24.239,24.4927,24.239,24.4526,6427600
2013-10-07,24.2724,24.2991,24.1054,24.1255,5398800
2013-10-08,24.0787,24.1588,23.8316,23.8383,9128100
2013-10-09,23.9185,24.1054,23.8517,24.0119,7292500
2013-10-10,24.1989,24.6864,24.1989,24.6663,9142800
2013-10-11,24.5394,24.8466,24.4193,24.7398,7814900
2013-10-14,24.6663,24.8733,24.6396,24.8266,5931900
2013-10-15,24.8132,24.88,24.5528,24.6263,8065700
2013-10-16,24.7665,25.1671,24.5929,24.8666,13183600
2013-10-17,24.8266,25.2339,24.8266,25.1604,10779700
2013-10-18,25.274,25.4342,25.107,25.3207,10330200
2013-10-21,25.3274,25.4543,25.2272,25.4142,6745300
2013-10-22,25.4275,25.521,25.3474,25.4209,7032800
2013-10-23,25.3941,25.4142,25.2272,25.3608,6678100
2013-10-24,25.3073,25.3741,25.0536,25.2406,9328200
2013-10-25,25.294,25.5411,25.1337,25.2606,7446600
2013-10-28,25.2339,25.3274,25.1204,25.2139,6988600
2013-10-29,25.3007,25.3207,25.1671,25.2606,4724200
2013-10-30,25.2539,25.3274,25.1938,25.2139,6763100
2013-10-31,25.2606,25.274,24.9468,24.9468,8109900
2013-11-01,24.9535,25.1337,24.8533,24.9535,7146900
2013-11-04,24.9802,25.1137,24.9401,25.067,5236900
2013-11-05,25.0402,25.2339,24.9735,25.1538,5652200
2013-11-06,25.2139,25.3741,25.1271,25.3207,5116900
2013-11-07,25.3741,25.3741,25.0069,25.0202,5647900
2013-11-08,25.0002,25.4275,24.9,25.4275,10216000
2013-11-11,25.3942,25.3942,25.1738,25.3341,5924500
2013-11-12,25.2606,25.3741,25.1204,25.2072,8820200
2013-11-13,25.1337,25.3875,25.0202,25.3875,11824400
2013-11-14,25.4876,25.6345,25.4008,25.5611,7404300
2013-11-15,25.5344,25.6346,25.4743,25.5811,6546700
2013-11-18,25.5678,25.6946,25.4943,25.5945,8376200
2013-11-19,25.6279,25.9284,25.5678,25.8148,8187900
2013-11-20,25.9016,25.9751,25.708,25.8683,8513100
2013-11-21,25.935,26.0152,25.7748,25.9484,8209100
2013-11-22,25.9083,26.0218,25.7414,26.0085,6165800
2013-11-25,26.0152,26.2956,26.0152,26.1821,7711600
2013-11-26,26.2422,26.3624,26.1754,26.2222,7946800
2013-11-27,26.2555,26.3557,26.2088,26.2756,5110900
2013-11-29,26.3156,26.4492,26.1754,26.1888,3945300
2013-12-02,26.2355,26.3624,26.122,26.1821,6101000
2013-12-03,26.1354,26.2021,25.5745,25.7214,14165300
2013-12-04,26.0018,26.1888,25.8148,26.0419,14275400
2013-12-05,26.0018,26.1287,25.7681,25.7814,10464700
2013-12-06,26.0352,26.4893,26.0352,26.4826,12510600
2013-12-09,26.536,26.6829,26.4625,26.536,9040100
2013-12-10,26.4625,26.5894,26.2956,26.3223,7072400
2013-12-11,26.4358,26.4358,26.0485,26.0686,6940200
2013-12-12,26.0619,26.3691,25.9951,26.1754,8754300
2013-12-13,26.2088,26.2489,26.0485,26.0819,5963400
2013-12-16,26.2756,26.3891,26.1353,26.2956,6949300
2013-12-17,26.2622,26.2689,26.0953,26.122,6994100
2013-12-18,26.2489,26.8098,26.1821,26.7897,12426400
2013-12-19,26.2756,26.8098,26.2555,26.7363,8073100
2013-12-20,26.7897,26.9233,26.7296,26.743,12591400
2013-12-23,26.8699,27.2505,26.8231,27.0368,8439800
2013-12-24,27.0769,27.2638,27.0501,27.1102,2841700
2013-12-26,27.1904,27.2171,27.0368,27.0568,5651800
2013-12-27,27.124,27.2314,27.0635,27.1106,3416200
2013-12-30,27.0703,27.1911,26.9628,27.0434,3910300
2013-12-31,27.1307,27.1643,27.0232,27.1307,4335400
2014-01-02,26.7748,26.9091,26.4927,26.7882,7045800
2014-01-03,26.7748,27.0098,26.7143,26.9024,4455000
2014-01-06,27.2516,27.4262,27.1979,27.2583,8096000
2014-01-07,27.4665,27.6075,27.3657,27.4866,11027800
2014-01-08,27.3456,27.6276,27.2986,27.5941,10727200
2014-01-09,27.7351,27.8694,27.5135,27.762,8862800
2014-01-10,27.7217,27.7351,27.3926,27.5471,7241400
2014-01-13,27.453,27.6344,27.3389,27.3859,5954400
2014-01-14,27.453,27.5269,27.2516,27.4598,6807900
2014-01-15,27.6612,27.9164,27.5874,27.8694,12576700
2014-01-16,27.8224,27.856,27.6142,27.8426,7951200
2014-01-17,27.95,27.9769,27.762,27.8358,9827600
2014-01-21,27.9903,28.1112,27.762,27.9231,9951500
2014-01-22,27.7955,28.0642,27.2986,27.8291,11034800
2014-01-23,27.7082,27.7082,27.0703,27.3456,12423900
2014-01-24,27.1844,27.359,26.9561,26.9561,9684000
2014-01-27,26.936,27.1441,26.8218,26.8889,9296800
2014-01-28,26.9561,27.3053,26.9292,27.2247,8051500
2014-01-29,27.0501,27.265,26.6539,26.7009,14158700
2014-01-30,26.9292,26.9897,26.6875,26.9427,8540000
2014-01-31,26.6002,26.936,26.5599,26.6808,7186700
2014-02-03,26.6606,26.7076,26.0092,26.0428,10478300
2014-02-04,26.1838,26.3651,26.0025,26.2644,6601000
2014-02-05,26.2308,26.3987,26.1167,26.2644,6164600
2014-02-06,26.345,26.7546,26.2711,26.7345,7214400
2014-02-07,26.8151,27.0837,26.7211,26.8621,8910300
2014-02-10,26.8822,27.03,26.7748,26.9158,5770900
2014-02-11,26.9292,27.1576,26.8352,27.0568,7008400
2014-02-12,27.0703,27.3053,26.9897,27.0971,4348600
2014-02-13,26.9561,27.0971,26.8755,27.0434,4877800
2014-02-14,27.0568,27.453,26.9695,27.3926,6921800
2014-02-18,27.4128,27.4732,27.2717,27.359,5413100
2014-02-19,27.2784,27.2784,26.7882,26.8285,6904600
2014-02-20,26.8285,27.1508,26.7815,27.077,6167900
2014-02-21,27.0367,27.2852,27.0232,27.0904,8437500
2014-02-24,27.0635,27.5,27.0635,27.3993,6821700
2014-02-25,27.3658,27.5336,27.2382,27.5001,9771600
2014-02-26,27.4598,27.7015,27.3725,27.5135,6091700
2014-02-27,27.4933,27.6344,27.3792,27.6276,3964600
2014-02-28,27.6344,27.8493,27.5403,27.6276,7043100
2014-03-03,27.4531,27.4866,27.1979,27.2986,7528200
2014-03-04,27.5672,27.8493,27.5672,27.8157,5214800
2014-03-05,27.856,27.9701,27.7418,27.8291,5224200
2014-03-06,27.9836,28.0977,27.9097,27.9701,5184900
2014-03-07,28.1313,28.5275,28.0642,28.3194,6202700
2014-03-10,28.2253,28.4671,28.1246,28.4402,5336600
2014-03-11,28.2992,28.4066,28.0776,28.1783,8809800
2014-03-12,28.0306,28.3059,28.0306,28.2656,5605300
2014-03-13,28.3865,28.4268,27.9701,28.0037,5465600
2014-03-14,27.9366,28.2992,27.8627,27.8963,4899500
2014-03-17,28.1112,28.2388,28.0642,28.1783,3886500
2014-03-18,28.2186,28.5141,28.2119,28.4536,4458800
2014-03-19,28.4671,28.635,28.2455,28.4335,7735600
2014-03-20,28.3328,28.8767,28.3328,28.8096,7873000
2014-03-21,29.0916,29.2461,28.7156,28.8902,12116400
2014-03-24,29.0849,29.2595,28.9439,29.0916,11022600
2014-03-25,29.1521,29.2528,29.0849,29.1588,7456800
2014-03-26,29.2864,29.32,28.7827,28.823,9788000
2014-03-27,28.9175,28.9986,28.3639,28.5327,10189900
2014-03-28,28.5935,28.7758,28.4922,28.5597,4453500
2014-03-31,28.6947,28.9851,28.6947,28.9378,6317900
2014-04-01,29.4307,29.4307,28.8838,29.0256,5759900
2014-04-02,29.0053,29.0931,28.8095,29.0661,7122100
2014-04-03,28.8163,29.1066,28.6745,29.0458,8333800
2014-04-04,29.1606,29.2889,28.715,28.7285,7531500
2014-04-07,28.5732,28.7285,28.3099,28.3571,6887300
2014-04-08,28.3301,28.5394,28.1883,28.2154,8906500
2014-04-09,28.3436,28.4719,28.0938,28.3639,7618800
2014-04-10,28.4314,28.4517,27.5132,27.5334,11985500
2014-04-11,27.3376,27.6482,27.2093,27.3511,11312900
2014-04-14,27.6617,27.7022,27.1621,27.4187,7112200
2014-04-15,27.4929,27.709,27.2161,27.6887,11086900
2014-04-16,27.9048,28.0196,26.9393,27.3241,15664900
2014-04-17,27.2634,27.3106,27.0743,27.1756,13043700
2014-04-21,27.2026,27.4389,27.1013,27.2634,7438000
2014-04-22,27.2296,27.6212,27.1958,27.4389,7606400
2014-04-23,27.3782,27.682,27.3782,27.6415,7023400
2014-04-24,27.6955,27.6955,27.3781,27.4457,5749300
2014-04-25,27.3782,27.3984,27.1081,27.1553,5992600
2014-04-28,27.2499,27.2634,26.9123,27.1148,8323900
2014-04-29,27.2296,27.4457,27.1824,27.3917,6257000
2014-04-30,27.3714,27.5942,27.3106,27.5334,6922100
2014-05-01,27.5199,27.5807,27.1958,27.2566,5865500
2014-05-02,27.3309,27.5469,27.2094,27.2701,5057700
2014-05-05,27.1486,27.3174,26.9528,27.3106,6441100
2014-05-06,27.2161,27.2499,27.0338,27.1081,7217700
2014-05-07,27.2431,27.3376,27.0271,27.3174,6869300
2014-05-08,27.3039,27.3646,27.1418,27.2296,5338700
2014-05-09,27.1081,27.3106,27.0473,27.2229,4670400
2014-05-12,27.2971,27.4187,27.1891,27.3106,6316400
2014-05-13,27.3106,27.4322,27.2364,27.3646,5568600
2014-05-14,27.2904,27.4254,27.1283,27.2499,6331500
2014-05-15,27.1756,27.4524,27.0136,27.3917,11340600
2014-05-16,27.4052,27.6212,27.3241,27.6077,10062600
2014-05-19,27.5469,27.952,27.5064,27.925,8888200
2014-05-20,27.8845,28.0128,27.601,27.7563,6806500
2014-05-21,27.8778,27.9588,27.7292,27.8238,5079400
2014-05-22,27.8643,27.9655,27.7765,27.9318,3960900
2014-05-23,27.9385,28.0331,27.8643,27.9858,3051400
2014-05-27,28.0938,28.3369,28.0196,28.1816,5692200
2014-05-28,28.1681,28.4382,28.0668,28.3774,6689100
2014-05-29,28.4719,28.4787,28.2221,28.3774,5827600
2014-05-30,28.3436,28.58,28.3369,28.4854,5708500
2014-06-02,28.5057,28.5259,28.2356,28.4787,4951300
2014-06-03,28.4044,28.6205,28.3571,28.5192,4222000
2014-06-04,28.4314,28.6407,28.3842,28.6002,4594200
2014-06-05,28.6745,28.688,28.5259,28.688,4625000
2014-06-06,28.688,29.0256,28.634,28.9513,5222500
2014-06-09,28.9513,29.4172,28.904,29.3834,6650100
2014-06-10,29.3226,29.3834,29.1741,29.2551,4920000
2014-06-11,29.0121,29.2214,28.9243,29.0188,5889000
2014-06-12,28.9851,29.1403,28.8973,29.0391,5756800
2014-06-13,29.0391,29.2214,28.9783,29.0728,4615400
2014-06-16,29.0053,29.0796,28.7487,28.8635,5125700
2014-06-17,28.8298,29.1944,28.796,29.1201,6026500
2014-06-18,29.0998,29.2619,28.958,29.2551,5526600
2014-06-19,29.2416,29.2821,29.0998,29.2214,4206200
2014-06-20,29.4644,29.6535,29.4374,29.5319,10241100
2014-06-23,29.4172,29.5995,29.3294,29.586,10514800
2014-06-24,29.4779,29.5927,29.2079,29.2349,5989000
2014-06-25,29.1471,29.3091,28.985,29.2754,7349800
2014-06-26,29.1973,29.4214,29.0275,29.238,8779000
2014-06-27,29.1769,29.4417,29.1362,29.4417,10451900
2014-06-30,29.4417,29.5232,29.3263,29.4146,5393800
2014-07-01,29.5028,29.6454,29.4214,29.4282,5584600
2014-07-02,29.3127,29.5028,29.2856,29.367,4485100
2014-07-03,29.6522,29.7065,29.5096,29.5979,3519100
2014-07-07,29.5572,29.6794,29.4689,29.5232,4311700
2014-07-08,29.3535,29.5164,29.2652,29.3263,5982800
2014-07-09,29.4417,29.4961,29.2924,29.4553,5753900
2014-07-10,29.2516,29.3263,29.1158,29.2652,5242000
2014-07-11,29.1837,29.3467,29.0683,29.3195,5091000
2014-07-14,29.5436,29.6319,29.2041,29.2312,4477900
2014-07-15,29.1769,29.4825,29.1701,29.401,9467100
2014-07-16,29.4825,29.53,28.7627,28.8782,9454300
2014-07-17,28.6677,28.7356,28.2331,28.2535,11589200
2014-07-18,28.3961,28.7288,28.3757,28.6337,7856100
2014-07-21,28.5251,28.6609,28.4843,28.5998,5008800
2014-07-22,28.722,28.8917,28.6677,28.688,6149600
2014-07-23,28.6948,28.8782,28.6677,28.8306,4399500
2014-07-24,28.885,29.0887,28.8442,29.014,4385800
2014-07-25,28.8849,29.0751,28.8578,29.0275,5386000
2014-07-28,28.9936,28.9936,28.7288,28.9053,6284900
2014-07-29,28.9325,29.1769,28.8103,28.9528,5649400
2014-07-30,29.0819,29.2652,28.9664,29.143,5542000
2014-07-31,28.9528,29.0479,28.5251,28.5386,8403000
2014-08-01,28.4164,28.5726,28.0362,28.0634,8252000
2014-08-04,28.1652,28.2942,28.0022,28.2738,5052700
2014-08-05,28.1245,28.2738,27.8529,27.9547,5240800
2014-08-06,27.8529,28.0837,27.8325,27.8936,6443100
2014-08-07,27.9479,28.009,27.5541,27.622,5578600
2014-08-08,27.6899,27.9751,27.622,27.9615,6066900
2014-08-11,27.9819,28.0294,27.7646,27.8121,3805500
2014-08-12,27.7714,28.043,27.7374,27.9479,6327300
2014-08-13,28.0701,28.1516,27.9479,28.0837,4577100
2014-08-14,28.0769,28.2535,28.0701,28.2467,3528600
2014-08-15,28.3146,28.3689,27.88,28.0226,5761100
2014-08-18,28.1856,28.3961,28.1312,28.3282,3552300
2014-08-19,28.2874,28.43,28.1992,28.4097,4194100
2014-08-20,28.2942,28.3689,28.1516,28.3214,5102000
2014-08-21,28.3689,28.6812,28.335,28.6473,4371600
2014-08-22,28.5522,28.8374,28.5047,28.5386,3946600
2014-08-25,28.6473,28.8035,28.6473,28.688,4583800
2014-08-26,28.722,28.9325,28.7016,28.7967,3945700
2014-08-27,28.7899,28.851,28.5862,28.6541,2748000
2014-08-28,28.4979,28.6473,28.4708,28.559,2407000
2014-08-29,28.6744,28.722,28.5115,28.7084,3381700
2014-09-02,28.7491,28.7899,28.5658,28.7016,3600600
2014-09-03,28.8442,28.8646,28.5251,28.5998,4391400
2014-09-04,28.5726,28.8985,28.5522,28.6812,4609900
2014-09-05,28.5998,28.6677,28.4436,28.6066,7807500
2014-09-08,28.6473,28.6541,28.43,28.5386,5979700
2014-09-09,28.4368,28.4572,28.1652,28.2467,6252500
2014-09-10,28.2671,28.4572,28.2603,28.4097,5184800
2014-09-11,28.3485,28.6066,28.3282,28.5862,4235600
2014-09-12,28.5319,28.7967,28.4979,28.6541,7803200
2014-09-15,28.6201,28.8713,28.6133,28.7695,5015100
2014-09-16,28.7288,28.9189,28.7084,28.7695,5886100
2014-09-17,28.8442,29.1226,28.7967,28.9868,7441300
2014-09-18,29.0819,29.3331,29.0819,29.2177,7379100
2014-09-19,29.3874,29.5911,29.2923,29.3535,9339000
2014-09-22,29.3535,29.4214,29.1633,29.2109,4858300
2014-09-23,29.1633,29.2788,28.9121,28.9189,5413300
2014-09-24,28.9732,29.0275,28.7424,28.9053,7416900
2014-09-25,28.8578,28.8646,28.4029,28.43,8740500
2014-09-26,28.57,28.6657,28.3446,28.5974,5953100
2014-09-29,28.3241,28.6383,28.3037,28.5017,4125600
2014-09-30,28.4812,28.7271,28.4266,28.57,7723600
2014-10-01,28.5905,28.6042,28.1466,28.1807,6422200
2014-10-02,28.1397,28.331,27.9826,28.2012,6186000
2014-10-03,28.4266,28.5222,28.3446,28.4607,5117400
2014-10-06,28.6247,28.6315,28.3378,28.372,3948900
2014-10-07,28.0441,28.1875,27.7299,27.7299,7288400
2014-10-08,27.7231,28.208,27.648,28.208,7598800
2014-10-09,28.2695,28.2695,27.6958,27.7163,7952600
2014-10-10,27.7504,28.0168,27.3611,27.3679,9338800
2014-10-13,27.3953,27.6958,27.204,27.2245,7607100
2014-10-14,27.3201,27.648,27.204,27.2996,13103400
2014-10-15,27.0333,27.1357,26.1522,26.5961,13295100
2014-10-16,26.0566,26.9103,26.0224,26.7054,10721200
2014-10-17,27.0743,27.0947,26.7601,26.9103,9192800
2014-10-20,26.7737,27.0401,26.7601,26.8967,6280600
2014-10-21,27.1221,27.5387,27.0743,27.5045,8903400
2014-10-22,27.4704,27.7846,27.2313,27.245,10190200
2014-10-23,27.6002,27.7777,27.4704,27.6002,7881200
2014-10-24,27.5455,27.9963,27.525,27.9417,6660500
2014-10-27,27.8529,28.0236,27.8529,27.9758,4214200
2014-10-28,28.0578,28.372,28.0305,28.372,5468000
2014-10-29,28.3105,28.652,28.2763,28.5769,7085200
2014-10-30,28.4608,28.9184,28.3993,28.7818,7541300
2014-10-31,29.055,29.0959,28.932,29.0959,8840700
2014-11-03,28.9525,29.3691,28.9525,29.3145,7517200
2014-11-04,29.1916,29.4921,29.1916,29.4784,6993600
2014-11-05,29.6423,29.7448,29.4648,29.7243,8095600
2014-11-06,29.6833,30.0043,29.5809,29.9975,6344700
2014-11-07,29.9497,30.018,29.7789,29.9224,6859500
2014-11-10,29.8951,30.0043,29.7653,30.0043,5390600
2014-11-11,30.018,30.1683,29.9907,30.0726,4850400
2014-11-12,29.9565,30.0521,29.8404,30.0112,4970600
2014-11-13,29.9907,30.0521,29.9224,30.0043,6771300
2014-11-14,29.9087,30.0112,29.8131,29.8677,5051300
2014-11-17,29.8472,29.9292,29.7789,29.9155,5571600
2014-11-18,29.8677,30.1204,29.8541,30.0385,4526400
2014-11-19,29.9838,30.0248,29.7721,29.977,4983300
2014-11-20,29.7858,30.059,29.7516,29.9907,4778200
2014-11-21,30.1819,30.2912,29.9634,30.0317,5065100
2014-11-24,30.1409,30.3868,30.0385,30.3049,4844200
2014-11-25,30.3458,30.3458,30.0112,30.059,5397000
2014-11-26,30.1273,30.3254,30.0248,30.3117,4897400
2014-11-28,30.3936,30.5166,30.1478,30.1887,4515100
2014-12-01,30.1546,30.1751,29.7311,29.7926,7241500
2014-12-02,29.7994,30.1,29.7994,30.1,5431600
2014-12-03,30.059,30.3527,30.018,30.2707,4387300
2014-12-04,30.1614,30.421,30.1614,30.4141,5529700
2014-12-05,30.5507,30.8786,30.5507,30.8239,7348300
2014-12-08,30.5917,31.0903,30.5302,30.9879,10611500
2014-12-09,30.6873,30.9127,30.4483,30.8786,7098200
2014-12-10,30.8649,31.0015,30.4756,30.4893,8960000
2014-12-11,30.6532,30.8991,30.4483,30.5302,6414800
2014-12-12,30.2502,30.4824,29.9497,29.977,8406300
2014-12-15,30.1136,30.2502,29.6082,29.6765,7610900
2014-12-16,29.5399,30.0385,29.3828,29.4374,9104900
2014-12-17,29.6697,30.0521,29.5467,29.9975,7204300
2014-12-18,30.3595,30.9742,30.3185,30.9674,8588900
2014-12-19,30.9264,31.104,30.6464,30.8717,11712800
2014-12-22,30.9127,31.1723,30.8171,31.1723,6295900
2014-12-23,31.3225,31.4864,31.2542,31.3567,4941600
2014-12-24,31.4591,31.4796,31.1586,31.2474,1905500
2014-12-26,31.384,31.384,31.2337,31.2406,3123800
2014-12-29,31.1891,31.553,31.141,31.3539,4026500
2014-12-30,31.2852,31.3813,31.2165,31.2852,4342000
2014-12-31,31.3813,31.4431,30.8595,30.8663,5691600
2015-01-02,31.1959,31.2371,30.4887,30.7839,5010500
2015-01-05,30.5917,30.7427,30.0011,30.0423,6568700
2015-01-06,30.1453,30.214,29.4449,29.644,8523700
2015-01-07,29.9393,30.0011,29.6234,29.905,5073700
2015-01-08,30.1934,30.3239,30.0629,30.1247,10417600
2015-01-09,30.1316,30.2346,29.4037,29.4998,8095700
2015-01-12,29.5136,29.6166,29.1427,29.2252,4857700
2015-01-13,29.39,29.541,28.6827,28.9093,7298100
2015-01-14,28.5041,28.6346,27.996,28.3874,12845300
2015-01-15,28.3119,28.3943,27.9479,28.1127,10875800
2015-01-16,27.9823,28.5453,27.9823,28.511,9896400
2015-01-20,28.6071,28.6209,27.9754,28.2981,12682100
2015-01-21,28.5591,29.4243,28.3943,28.978,11209400
2015-01-22,29.2183,29.8981,29.1222,29.8226,9471900
2015-01-23,29.8088,30.0698,29.7402,29.747,8159000
2015-01-26,29.6303,29.9118,29.4861,29.8912,4607600
2015-01-27,29.4861,29.7608,29.3968,29.5136,5395500
2015-01-28,29.6372,29.7264,28.9024,28.9093,7580400
2015-01-29,28.923,29.3144,28.8406,29.232,6882900
2015-01-30,28.82,29.1702,28.7239,28.7788,10416500
2015-02-02,28.978,29.3762,28.6209,29.3419,6199500
2015-02-03,29.1634,29.905,29.1634,29.7196,8767500
2015-02-04,29.6234,30.1796,29.6234,29.9256,9661800
2015-02-05,30.0423,30.3101,29.953,30.214,6625400
2015-02-06,30.4268,30.832,30.3788,30.4955,7490900
2015-02-09,30.2758,30.5093,30.2208,30.3307,4569200
2015-02-10,30.6054,30.6603,30.3857,30.5711,5983500
2015-02-11,30.4406,30.5024,30.2277,30.3994,4017400
2015-02-12,30.6534,31.0037,30.4337,30.9831,7120300
2015-02-13,30.9831,31.0792,30.8114,30.9487,8634500
2015-02-17,30.8251,31.0174,30.6741,30.9487,4980200
2015-02-18,30.8526,30.9693,30.5299,30.5779,5182800
2015-02-19,30.5367,30.6054,30.2964,30.4337,5012900
2015-02-20,30.2689,30.6603,30.0972,30.6397,7120800
2015-02-23,30.5161,30.5573,30.3582,30.5436,3994500
2015-02-24,30.5848,30.8045,30.5573,30.7084,5083600
2015-02-25,30.7496,30.8595,30.6329,30.7908,3773000
2015-02-26,30.7633,30.8938,30.6466,30.8526,4133900
2015-02-27,30.8045,30.8938,30.626,30.6329,4626000
2015-03-02,30.6329,30.8183,30.523,30.8183,4716900
2015-03-03,30.6466,30.7908,30.5436,30.729,4142800
2015-03-04,30.5642,30.6054,30.3925,30.4955,5553200
2015-03-05,30.5161,30.6397,30.3513,30.6123,4148900
2015-03-06,30.6535,31.2165,30.5848,30.6741,7189100
2015-03-09,30.6809,30.9075,30.6603,30.8251,5090500
2015-03-10,30.5436,30.5505,30.0149,30.0149,5399300
2015-03-11,30.111,30.2415,29.9187,30.0423,6232400
2015-03-12,30.3032,30.5573,30.1316,30.5367,9056800
2015-03-13,30.5299,30.5848,30.1797,30.4131,5593800
2015-03-16,30.5642,30.9487,30.4681,30.8801,6022300
2015-03-17,30.6878,30.9007,30.5299,30.8663,4972800
2015-03-18,30.6878,31.0105,30.5573,30.7977,8831300
2015-03-19,30.7702,30.7702,30.3651,30.5161,7568500
2015-03-20,30.6329,30.9419,30.5093,30.8045,10343100
2015-03-23,30.8389,30.9556,30.6947,30.7015,6753900
2015-03-24,30.6123,30.6809,30.3513,30.3513,4844500
2015-03-25,30.3032,30.3582,29.8088,29.8157,6434700
2015-03-26,29.6921,29.85,29.3419,29.699,6705900
2015-03-27,29.737,29.7508,29.4952,29.5988,4816300
2015-03-30,29.7508,30.4068,29.7439,30.2411,6236700
2015-03-31,30.0201,30.2756,29.9303,30.1582,5714100
2015-04-01,30.0684,30.1168,29.7784,30.0339,6130100
2015-04-02,30.0201,30.2894,29.9579,30.1858,4470700
2015-04-06,29.7024,30.0684,29.5988,29.9165,5942800
2015-04-07,29.951,30.0684,29.8267,29.9372,4355400
2015-04-08,29.951,30.1237,29.9096,29.9925,3820400
2015-04-09,29.8889,30.103,29.7784,30.0892,3702700
2015-04-10,30.0408,30.2204,29.9096,30.2135,4030200
2015-04-13,30.2549,30.5104,30.1513,30.4483,6135300
2015-04-14,30.248,30.4137,29.9165,30.0615,7541800
2015-04-15,29.7715,30.3033,29.7232,29.9925,10906400
2015-04-16,29.9579,29.9579,29.364,29.6541,10147100
2015-04-17,29.4538,29.5229,29.0878,29.3088,9390500
2015-04-20,29.5021,29.6472,29.4193,29.5298,5703100
2015-04-21,29.6265,29.6886,29.3226,29.3502,6165600
2015-04-22,29.4745,29.661,29.1845,29.5781,5518100
2015-04-23,29.4676,29.6955,29.364,29.5712,6878300
2015-04-24,29.4676,29.5988,29.3433,29.516,6454900
2015-04-27,29.585,29.7231,29.3778,29.3917,5703900
2015-04-28,29.3916,29.6679,29.2812,29.6057,5804400
2015-04-29,29.4883,29.8475,29.4814,29.6817,5639500
2015-04-30,29.6541,29.8198,29.4124,29.6057,6455300
2015-05-01,29.6955,29.8267,29.5298,29.6334,3736600
2015-05-04,29.7439,30.103,29.6748,30.0684,5120000
2015-05-05,29.9372,30.2411,29.8613,29.8682,5444900
2015-05-06,30.1444,30.1444,29.5781,29.7646,4800200
2015-05-07,29.7577,29.8544,29.5643,29.7646,4677400
2015-05-08,29.9372,30.3032,29.8198,30.2894,5162100
2015-05-11,30.2273,30.3723,30.1858,30.2135,3953800
2015-05-12,30.0408,30.3516,29.8544,30.3171,6714700
2015-05-13,30.2825,30.5519,30.1927,30.4828,5966400
2015-05-14,30.6347,30.6969,30.4344,30.6485,4147400
2015-05-15,30.6623,30.7107,30.1996,30.3378,4966300
2015-05-18,30.3654,30.5795,30.3309,30.5242,5101200
2015-05-19,30.6693,30.8902,30.5795,30.8626,4555700
2015-05-20,30.8005,30.835,30.3861,30.4483,8055700
2015-05-21,30.393,30.4621,30.2687,30.2894,5960000
2015-05-22,30.2894,30.3585,30.0684,30.0892,6133800
2015-05-26,30.0684,30.1099,29.8544,29.951,7536400
2015-05-27,30.0961,30.4275,30.0132,30.2894,5808500
2015-05-28,30.2135,30.2618,30.0132,30.1789,4846200
2015-05-29,30.2204,30.2342,29.737,29.7715,7785600
2015-06-01,29.8682,29.9649,29.5367,29.6748,5242000
2015-06-02,29.6057,29.8958,29.4883,29.7853,4290600
2015-06-03,29.9165,30.4137,29.8336,30.3654,8312800
2015-06-04,30.2411,30.3378,29.9787,30.0339,6980900
2015-06-05,30.2963,30.7245,30.2687,30.3792,7470100
2015-06-08,30.3032,30.4966,30.1375,30.1513,5831400
2015-06-09,30.2273,30.6416,30.103,30.4345,6495900
2015-06-10,30.5795,31.1043,30.5726,30.9455,7944500
2015-06-11,30.9731,31.1527,30.8557,30.9731,7059500
2015-06-12,30.9041,30.9938,30.7314,30.9248,4763500
2015-06-15,30.6071,30.8005,30.4759,30.6624,6290000
2015-06-16,30.5795,30.8281,30.5726,30.7936,5831700
2015-06-17,30.911,31.1251,30.7729,30.8281,8008000
2015-06-18,30.8764,31.1181,30.6693,30.9248,8892500
2015-06-19,30.7936,30.9524,30.614,30.8281,14699700
2015-06-22,31.0491,31.2148,30.9593,31.0629,5213600
2015-06-23,31.201,31.277,31.0491,31.1458,4544600
2015-06-24,30.9662,31.1389,30.8695,30.8971,5960700
2015-06-25,30.9386,31.1043,30.7659,30.7729,5714100
2015-06-26,30.9291,31.1097,30.8736,30.9152,6822400
2015-06-29,30.4985,30.6999,30.1373,30.1512,7302000
2015-06-30,30.4499,30.693,30.0817,30.1443,7549700
2015-07-01,30.5054,30.686,30.3804,30.6652,6025200
2015-07-02,30.6235,30.6582,30.1929,30.2971,4843000
2015-07-06,29.9706,30.3179,29.9012,30.2832,6146600
2015-07-07,30.1998,30.2484,29.8109,30.1929,8586900
2015-07-08,30.0331,30.0331,29.6233,29.6372,6207200
2015-07-09,30.0679,30.172,29.8248,29.8386,6403200
2015-07-10,30.3943,30.429,30.047,30.172,5414600
2015-07-13,30.3804,30.4915,30.2623,30.4429,6065500
2015-07-14,30.3596,30.5263,30.2345,30.4776,8762300
2015-07-15,30.5332,31.8182,30.4916,31.6237,16088700
2015-07-16,31.8668,32.1307,31.7904,31.8529,10761600
2015-07-17,31.6862,31.9571,31.6237,31.846,7157000
2015-07-20,31.9224,32.0474,31.7973,31.839,5571000
2015-07-21,31.8668,31.971,31.6793,31.7695,5547800
2015-07-22,31.7279,32.0265,31.6931,31.9154,7022300
2015-07-23,31.8876,32.089,31.6584,31.714,7656400
2015-07-24,31.6445,31.7487,31.4292,31.45,6900900
2015-07-27,31.2417,31.2764,31.0472,31.1167,5963500
2015-07-28,31.2764,31.3042,30.95,31.068,7497300
2015-07-29,31.068,31.332,31.0333,31.2625,7108900
2015-07-30,31.1167,31.3528,31.1167,31.2972,6096800
2015-07-31,31.3389,31.4501,31.2,31.4014,6633800
2015-08-03,31.3459,31.4223,31.1097,31.3111,5964000
2015-08-04,31.2903,31.589,31.2347,31.4084,4705900
2015-08-05,31.6237,31.7626,31.4362,31.5542,3765000
2015-08-06,31.6306,31.7487,31.3389,31.4014,3566700
2015-08-07,31.4084,31.5959,31.1444,31.332,4616600
2015-08-10,31.5751,31.964,31.5612,31.964,5260300
2015-08-11,31.6029,31.7557,31.4292,31.5334,5351800
2015-08-12,31.3389,31.3389,30.7416,31.1792,5657200
2015-08-13,31.2347,31.3806,31.1097,31.3042,3450700
2015-08-14,31.3042,31.7001,31.2556,31.6723,4583500
2015-08-17,31.4639,31.8529,31.4014,31.707,4527200
2015-08-18,31.7209,31.839,31.6376,31.7765,3762100
2015-08-19,31.6306,31.8182,31.4362,31.5056,6057400
2015-08-20,31.1722,31.1861,30.6305,30.6305,7724500
2015-08-21,30.311,30.429,29.6997,29.7136,10079800
2015-08-24,28.005,29.151,26.9562,28.3037,19382200
2015-08-25,29.1997,29.2691,27.5883,27.616,16313700
2015-08-26,28.2411,28.8107,27.88,28.7621,12679500
2015-08-27,29.0955,29.6094,28.9774,29.5747,9832900
2015-08-28,29.4705,29.6858,29.3524,29.5817,6053700
2015-08-31,29.3802,29.5678,29.3108,29.415,6342200
2015-09-01,28.7135,28.769,27.7827,27.9703,12097800
2015-09-02,28.4495,28.5468,28.0814,28.4912,6052700
2015-09-03,28.5954,29.1232,28.5468,28.7829,6721200
2015-09-04,28.3801,28.4773,27.9286,28.1647,8078400
2015-09-08,28.7551,28.7968,28.3384,28.776,11072300
2015-09-09,29.1094,29.1858,28.3314,28.394,7780300
2015-09-10,28.262,28.776,28.2342,28.5467,9575000
2015-09-11,28.4356,28.5398,28.1578,28.519,8327100
2015-09-14,28.4148,28.5884,28.2967,28.4217,8854000
2015-09-15,28.5745,29.3038,28.5468,29.1719,11631300
2015-09-16,29.1441,29.4566,28.9982,29.4219,7683400
2015-09-17,29.4566,29.6511,28.7968,28.9357,15542700
2015-09-18,28.5467,28.6718,28.2967,28.5954,33377500
2015-09-21,28.8037,28.9427,28.5537,28.8385,8472100
2015-09-22,28.3245,28.6231,28.2689,28.5467,8851600
2015-09-23,28.519,28.644,28.3662,28.519,3917700
2015-09-24,28.1925,28.3731,27.9216,28.3106,8418500
2015-09-25,28.8037,29.1788,28.6857,28.9427,8788400
2015-09-28,28.7575,28.8902,28.1634,28.2473,9427500
2015-09-29,28.3172,28.457,28.0796,28.408,6411300
2015-09-30,28.7505,28.8343,28.4849,28.6596,8825200
2015-10-01,28.6666,28.8693,28.3242,28.7435,6274100
2015-10-02,27.9398,28.4779,27.4506,28.4779,15273500
2015-10-05,28.7505,29.0999,28.7016,29.044,6488900
2015-10-06,28.9671,29.1418,28.8763,28.9951,5352300
2015-10-07,29.2047,29.4074,29.037,29.2047,4870400
2015-10-08,29.044,29.3235,28.9252,29.2816,5017900
2015-10-09,29.3724,29.4214,28.8972,29.058,4307300
2015-10-12,29.1209,29.2187,28.9462,29.0929,3788000
2015-10-13,28.9881,29.0789,28.8832,28.9531,4328700
2015-10-14,28.8833,28.9112,28.2194,28.3032,10003800
2015-10-15,28.8064,29.0999,28.429,28.6596,12242600
2015-10-16,28.7854,29.03,28.429,28.4919,12933500
2015-10-19,28.401,28.7295,28.3941,28.4639,7749200
2015-10-20,28.5408,29.009,28.4779,28.8273,6848700
2015-10-21,28.9951,29.1698,28.7016,28.7225,8864500
2015-10-22,28.9042,29.5472,28.9042,29.2397,7961800
2015-10-23,29.4563,29.8267,29.2397,29.7848,9879400
2015-10-26,29.7289,29.8966,29.5122,29.7149,5262000
2015-10-27,29.5332,29.673,29.2816,29.4214,5796000
2015-10-28,29.4913,30.2111,29.4144,30.0923,9443400
2015-10-29,30.0363,30.2041,29.9175,30.0503,5574500
2015-10-30,30.0363,30.0433,29.4004,29.4773,9148400
2015-11-02,29.5192,29.9385,29.5192,29.7638,5523800
2015-11-03,29.7708,29.9595,29.5122,29.8407,3559200
2015-11-04,29.8616,29.9944,29.6939,29.7848,4060800
2015-11-05,29.7848,29.9245,29.6031,29.7918,6377500
2015-11-06,30.5535,30.9169,30.3997,30.5535,12058000
2015-11-09,30.5675,30.6513,30.0713,30.2879,6781300
2015-11-10,30.1831,30.4207,30.1062,30.3019,6170200
2015-11-11,30.4836,30.5675,30.1901,30.2809,4852700
2015-11-12,30.0783,30.0992,29.8267,29.8546,6991800
2015-11-13,29.6939,29.9175,29.5192,29.617,6646000
2015-11-16,29.6101,30.1412,29.5332,30.1272,6042600
2015-11-17,30.1761,30.3928,29.9315,30.0643,6457700
2015-11-18,30.1272,30.7352,30.0084,30.6723,8560200
2015-11-19,30.6863,30.9379,30.5675,30.854,6414200
2015-11-20,31.0217,31.0357,30.7072,30.7771,6977400
2015-11-23,30.7911,30.875,30.5325,30.5954,6032900
2015-11-24,30.4487,30.7422,30.3229,30.6513,5955300
2015-11-25,30.6793,30.7072,30.4976,30.5884,4284600
2015-11-27,30.6583,30.7422,30.4487,30.6793,2093500
2015-11-30,30.7003,30.833,30.5675,30.6723,7461700
2015-12-01,30.847,31.0497,30.6723,30.9658,4913800
2015-12-02,31.0008,31.0637,30.5325,30.5884,6301200
2015-12-03,30.7282,30.7282,30.0853,30.1901,5560600
2015-12-04,30.3718,31.0427,30.3089,30.9868,8421400
2015-12-07,30.847,31.0077,30.5884,30.826,5728900
2015-12-08,30.6304,30.7632,30.3019,30.4347,6751100
2015-12-09,30.2181,30.6164,29.8547,30.0573,6713400
2015-12-10,30.0923,30.4626,29.9036,30.1761,6256600
2015-12-11,29.7079,29.8896,29.3096,29.5052,6531700
2015-12-14,29.5611,29.7428,29.2397,29.652,7422800
2015-12-15,30.0433,30.6374,29.9944,30.5186,6971200
2015-12-16,30.7002,31.0916,30.3369,31.0008,10016800
2015-12-17,31.1126,31.1545,30.6304,30.6304,6896700
2015-12-18,30.4277,30.4557,29.5961,29.6031,14632800
2015-12-21,29.8127,30.0363,29.4633,29.7638,5610500
2015-12-22,29.9874,29.9944,29.4703,29.8407,5041000
2015-12-23,30.1132,30.3928,29.9595,30.3858,4846400
2015-12-24,30.3159,30.4626,30.2949,30.3438,2170100
2015-12-28,30.2181,30.2949,29.8686,30.0853,5828500
2015-12-29,30.3348,30.6582,30.3278,30.595,4912000
2015-12-30,30.4895,30.5879,30.2083,30.2364,4750500
2015-12-31,30.0818,30.3278,29.9833,29.9974,4483800
2016-01-04,29.3506,29.3998,28.9007,29.1608,9258100
2016-01-05,29.1538,29.3295,28.9569,29.3014,7654400
2016-01-06,28.8515,29.2241,28.6898,28.8585,6779600
2016-01-07,28.3383,28.5914,28.043,28.3102,9959800
2016-01-08,28.5703,28.6195,27.8532,27.9095,8475200
2016-01-11,28.1274,28.1977,27.7548,28.0219,6668800
2016-01-12,28.4016,28.5843,27.9024,28.5562,9915500
2016-01-13,28.7671,28.8515,27.3822,27.4244,11910700
2016-01-14,27.8392,28.268,27.4947,28.0711,13490300
2016-01-15,26.7214,27.7267,26.6933,27.4525,14534000
2016-01-19,27.7478,28.029,27.2416,27.5087,11311300
2016-01-20,26.9252,27.6493,26.8971,27.326,13476300
2016-01-21,27.3752,27.7337,27.0588,27.0799,12508900
2016-01-22,27.6282,27.8602,27.4384,27.6775,8942900
2016-01-25,27.6212,27.6634,26.876,26.9182,10258700
2016-01-26,27.0237,27.6072,26.9182,27.4314,7659000
2016-01-27,27.5017,28.1133,27.2978,27.5439,7619400
2016-01-28,27.7759,27.9797,27.4173,27.572,8983600
2016-01-29,27.6353,28.1766,27.558,28.1625,11718800
2016-02-01,28.043,28.1344,27.804,27.9798,6241800
2016-02-02,27.6072,27.6072,27.1291,27.2416,6987700
2016-02-03,27.3681,27.6564,26.7003,27.6142,10534100
2016-02-04,27.6142,28.261,27.5369,28.1977,9291000
2016-02-05,28.261,28.507,28.0782,28.1836,10218300
2016-02-08,27.8884,28.1485,27.3963,27.7899,13886300
2016-02-09,27.3049,27.9165,27.0799,27.6986,12758700
2016-02-10,28.0782,28.3242,27.4314,27.4455,9332000
2016-02-11,26.7143,26.7706,26.0605,26.3277,12474900
2016-02-12,26.8831,27.5228,26.7143,27.4876,12455600
2016-02-16,27.8743,28.4859,27.6142,28.2539,11233000
2016-02-17,28.5492,28.6195,28.1696,28.2047,7865000
2016-02-18,28.1836,28.2188,27.6353,27.7618,7672200
2016-02-19,27.6142,27.9306,27.4595,27.7407,10983400
2016-02-22,27.7407,28.3945,27.7407,28.282,8157300
2016-02-23,28.0852,28.1766,27.2908,27.326,9226400
2016-02-24,26.9042,27.094,26.3488,27.0237,9220400
2016-02-25,27.1502,27.5158,27.0448,27.5158,6335600
2016-02-26,27.7618,27.9587,27.4806,27.6212,7200000
2016-02-29,27.5931,27.6353,27.0729,27.0799,7400600
2016-03-01,27.1994,28.0501,27.1994,28.0501,6569500
2016-03-02,28.1133,28.493,28.0079,28.493,7465500
2016-03-03,28.4578,28.6687,28.275,28.6617,5694800
2016-03-04,28.7601,28.971,28.5492,28.8445,6128000
2016-03-07,28.5773,28.7742,28.4648,28.6617,4287500
2016-03-08,28.275,28.3875,27.9376,28.0149,6094400
2016-03-09,28.2188,28.2188,27.8532,27.9516,5476200
2016-03-10,28.0782,28.2539,27.4736,27.7759,7442900
2016-03-11,28.0711,28.4648,27.8462,28.4437,7774800
2016-03-14,28.4508,28.5351,28.0993,28.4648,6349500
2016-03-15,28.2188,28.7109,28.1696,28.6757,7049600
2016-03-16,28.5703,28.9077,28.3805,28.5,6001700
2016-03-17,28.3875,28.6687,28.1555,28.6054,6841300
2016-03-18,28.8234,29.1186,28.7249,29.0483,10078900
2016-03-21,28.9851,29.1678,28.8655,29.0905,5207100
2016-03-22,28.8374,29.203,28.6898,29.0483,5769700
2016-03-23,28.964,29.196,28.8656,28.9569,6761800
2016-03-24,28.6336,28.7109,28.4437,28.6687,6331000
2016-03-28,28.7109,28.7953,28.4859,28.6054,4147000
2016-03-29,28.517,28.6302,28.1491,28.5736,5840700
2016-03-30,28.7292,29.1537,28.6797,28.9981,6293200
2016-03-31,28.9061,29.0264,28.6302,28.7151,6579000
2016-04-01,28.517,28.8495,28.2977,28.7929,5211800
2016-04-04,28.7788,28.899,28.5948,28.7788,4685300
2016-04-05,28.4745,28.5877,28.1845,28.3331,6223900
2016-04-06,28.227,28.3897,27.9935,28.3614,5286600
2016-04-07,28.1208,28.1633,27.47,27.661,8354600
2016-04-08,27.9298,28.1916,27.7883,27.8591,4990500
2016-04-11,28.0006,28.326,27.8803,27.9652,7321300
2016-04-12,28.1138,28.5453,27.9794,28.4816,7661500
2016-04-13,28.8424,29.3023,28.7717,29.0759,10469400
2016-04-14,29.0051,29.465,28.9485,29.2032,9317500
2016-04-15,29.3235,29.4013,28.9698,29.0759,7052600
2016-04-18,29.0264,29.2174,28.8919,29.1537,7566400
2016-04-19,29.3447,29.6631,29.281,29.6489,11362100
2016-04-20,29.6843,30.3776,29.564,30.229,9576200
2016-04-21,30.1724,30.2785,29.9955,30.1087,10082300
2016-04-22,30.2078,30.7242,30.1441,30.6323,9262200
2016-04-25,30.4413,30.5474,30.2502,30.4554,8605600
2016-04-26,30.4766,30.7667,30.3564,30.6818,7899800
2016-04-27,30.6888,31.085,30.604,30.795,9686600
2016-04-28,30.4483,30.8162,30.3705,30.512,6641400
2016-04-29,30.2998,30.4766,30.0451,30.2007,10576000
2016-05-02,30.4342,30.5332,30.1512,30.3988,8866500
2016-05-03,29.946,30.1088,29.7126,30.0663,6581800
2016-05-04,29.7409,29.9107,29.281,29.5145,8835600
2016-05-05,29.5852,29.7126,29.3872,29.465,5947600
2016-05-06,29.2952,29.5782,29.2598,29.5569,5306400
2016-05-09,29.4367,29.7126,29.3447,29.3872,4297100
2016-05-10,29.5286,29.8258,29.472,29.755,6413000
2016-05-11,29.6418,29.9814,29.6206,29.6206,5832800
2016-05-12,29.7975,29.9319,29.5003,29.6701,7285100
2016-05-13,29.564,29.7904,29.1678,29.3093,6980600
2016-05-16,29.1749,29.6843,29.09,29.4933,16492400
2016-05-17,29.274,29.3093,28.7009,28.807,14339300
2016-05-18,28.8283,29.5499,28.7929,29.4438,12622500
2016-05-19,29.2881,29.5004,29.0264,29.373,9545400
2016-05-20,29.5286,29.8541,29.4579,29.5286,5781200
2016-05-23,29.5357,29.6206,29.3023,29.472,6422300
2016-05-24,29.7196,30.0521,29.6135,29.9107,5611200
2016-05-25,30.1229,30.5827,30.0804,30.3917,7808000
2016-05-26,30.3564,30.4554,30.13,30.1866,4372000
2016-05-27,30.2644,30.3847,30.1583,30.3847,3905000
2016-05-31,30.5332,30.5615,30.1724,30.2927,6605800
2016-06-01,30.0309,30.4625,29.946,30.42,5170800
2016-06-02,30.3351,30.4908,30.2078,30.4625,4216500
2016-06-03,29.9107,30.0734,29.5499,29.9743,11485600
2016-06-06,30.0309,30.5261,29.9319,30.3351,7748500
2016-06-07,30.3776,30.42,30.1795,30.1795,7264000
2016-06-08,30.1653,30.4271,30.1583,30.2856,5017300
2016-06-09,30.038,30.1229,29.7338,30.0946,5936900
2016-06-10,29.7338,29.8682,29.6206,29.6843,7329300
2016-06-13,29.5074,29.7975,29.4791,29.4862,6665600
2016-06-14,29.3801,29.5499,28.9698,29.1396,8446000
2016-06-15,29.182,29.4438,28.991,29.0193,7863900
2016-06-16,28.7575,29.0617,28.5382,29.0476,6458800
2016-06-17,29.0476,29.2315,28.8566,29.083,8413000
2016-06-20,29.5357,29.7126,29.1183,29.1608,5766200
2016-06-21,29.3447,29.3659,29.0688,29.2669,4447800
2016-06-22,29.2527,29.6206,29.2315,29.2527,4486900
2016-06-23,29.656,29.8824,29.6277,29.8753,7393700
2016-06-24,28.4533,29.09,28.1774,28.1987,13335700
2016-06-27,27.753,27.7742,27.2295,27.3709,12952100
2016-06-28,27.8374,27.93,27.403,27.8303,10100600
2016-06-29,28.1935,28.3074,27.873,28.2575,6242200
2016-06-30,28.4641,28.7276,28.1935,28.7204,8765100
2016-07-01,28.5923,28.6706,28.4213,28.5282,4684400
2016-07-05,28.2504,28.3288,27.7021,27.816,5955900
2016-07-06,27.581,28.0012,27.5098,27.9157,6255700
2016-07-07,27.8872,28.2148,27.7875,27.9371,5510600
2016-07-08,28.3715,28.6706,28.3715,28.5495,6015200
2016-07-11,28.7703,28.8629,28.6564,28.6991,4417200
2016-07-12,28.8842,29.0979,28.8629,28.9626,6378100
2016-07-13,29.0195,29.1264,28.8201,28.9341,6239600
2016-07-14,29.4682,29.5608,29.3186,29.3756,12183400
2016-07-15,30.1946,30.2658,29.5109,29.8314,9964700
2016-07-18,29.7174,29.9738,29.7174,29.8243,8616200
2016-07-19,29.7032,29.9382,29.6249,29.8884,6774600
2016-07-20,29.9809,30.0237,29.8385,29.8884,4924300
2016-07-21,29.8884,30.0379,29.7887,29.8243,5118000
2016-07-22,29.8955,30.0877,29.7886,30.045,5021500
2016-07-25,29.9809,30.0379,29.7602,29.8884,4752800
2016-07-26,29.7815,30.0165,29.7459,29.8884,4879500
2016-07-27,29.8812,30.0521,29.8171,29.9168,5483500
2016-07-28,29.8243,30.0593,29.7032,29.9667,3934900
2016-07-29,29.8527,30.1518,29.8527,30.0308,5802700
2016-08-01,30.0165,30.0664,29.632,29.6818,5488900
2016-08-02,29.5608,29.6818,29.2902,29.5038,5858300
2016-08-03,29.5892,30.0877,29.5323,30.0023,6723200
2016-08-04,29.9311,30.0949,29.8812,29.9311,4167700
2016-08-05,30.3584,30.6005,30.1732,30.6005,7568900
2016-08-08,30.6147,30.7287,30.5222,30.5791,4461200
2016-08-09,30.5791,30.6575,30.4296,30.5008,3698200
2016-08-10,30.5791,30.6147,30.2231,30.2658,3746800
2016-08-11,30.3797,30.5649,30.2088,30.4937,6211600
2016-08-12,30.2515,30.4581,30.1874,30.4296,4349200
2016-08-15,30.4581,30.6503,30.4581,30.6076,5279100
2016-08-16,30.4367,30.7144,30.4224,30.6361,4833000
2016-08-17,30.6788,30.8925,30.6361,30.7785,6347800
2016-08-18,30.7002,30.8284,30.6503,30.7785,4651800
2016-08-19,30.7358,30.9138,30.629,30.8711,3977100
2016-08-22,30.7643,30.9067,30.7429,30.8853,3386600
2016-08-23,30.9423,31.0919,30.9281,30.9352,4160100
2016-08-24,30.9779,31.0918,30.7429,30.7927,8589800
2016-08-25,30.8212,31.0135,30.7999,30.9067,5771900
2016-08-26,30.9423,31.0705,30.7572,30.9067,6590700
2016-08-29,30.985,31.4123,30.985,31.22,7241300
2016-08-30,31.2058,31.4052,31.1773,31.391,5560600
2016-08-31,31.4052,31.4978,31.156,31.4408,6994700
2016-09-01,31.512,31.5191,31.0919,31.3554,5195500
2016-09-02,31.4764,31.4907,31.2841,31.4479,4264200
2016-09-06,31.4194,31.4622,31.0562,31.2343,6601800
2016-09-07,31.1488,31.2485,31.0278,31.0918,7524200
2016-09-08,31.0705,31.2913,31.0349,31.22,6421700
2016-09-09,31.22,31.3055,30.9138,30.9138,6671200
2016-09-12,30.7572,31.2699,30.5008,31.1916,9276000
2016-09-13,30.8426,30.9494,30.5934,30.7856,7898600
2016-09-14,30.7358,30.9352,30.5293,30.5649,6161400
2016-09-15,30.223,30.7002,30.0379,30.6432,10474900
2016-09-16,30.4296,30.4723,30.2017,30.337,9204900
2016-09-19,30.4367,30.7144,30.3227,30.5221,5492600
2016-09-20,30.75,30.7999,30.4936,30.6361,7091700
2016-09-21,30.7999,30.9281,30.6005,30.807,7157000
2016-09-22,30.8853,31.0064,30.7144,30.7429,4788200
2016-09-23,30.4438,30.8141,30.4082,30.5934,5960300
2016-09-26,30.4011,30.4652,30.1946,30.2444,8526200
2016-09-27,30.1376,30.5649,30.0308,30.5506,6747800
2016-09-28,30.6725,30.8015,30.3786,30.6868,4482600
2016-09-29,30.5793,30.9951,30.3571,30.4503,7683900
2016-09-30,30.608,30.9377,30.522,30.7442,7613600
2016-10-03,30.6008,30.694,30.4288,30.5793,5421900
2016-10-04,30.6367,30.9305,30.4718,30.7155,8364700
2016-10-05,30.866,31.4036,30.8374,31.2889,6858500
2016-10-06,31.3606,31.5398,31.1456,31.461,12170200
2016-10-07,31.461,31.5112,31.1026,31.3248,6560300
2016-10-10,31.4825,31.5327,31.3033,31.3965,4797400
2016-10-11,31.3893,31.4251,30.866,31.0309,6334700
2016-10-12,31.0811,31.3105,31.0237,31.1098,4025200
2016-10-13,30.8302,30.8302,30.3714,30.737,6522000
2016-10-14,31.0524,31.1384,30.6223,30.7155,5785400
2016-10-17,30.737,30.8732,30.479,30.6223,6288100
2016-10-18,30.9234,30.9664,30.7012,30.8302,6297900
2016-10-19,31.676,31.676,30.7155,31.2388,10319300
2016-10-20,31.246,31.6044,31.1958,31.504,8553000
2016-10-21,31.2459,31.461,31.1814,31.4323,6422300
2016-10-24,31.5972,31.6474,31.4968,31.5542,4919500
2016-10-25,31.5112,31.6617,31.3821,31.4252,5589600
2016-10-26,31.3391,31.8051,31.3248,31.7047,6012500
2016-10-27,31.8481,32.357,31.8122,32.0416,12715600
2016-10-28,32.1061,32.1922,31.8194,31.9986,8548400
2016-10-31,32.1276,32.228,32.0344,32.0846,7262200
2016-11-01,32.1706,32.2567,31.6115,31.8696,9440300
2016-11-02,31.7119,31.7764,31.4825,31.5398,7794000
2016-11-03,31.547,31.8839,31.4897,31.5757,5532800
2016-11-04,31.6474,31.8266,31.418,31.4897,6284100
2016-11-07,32.0129,32.2065,32.0058,32.1993,6908800
2016-11-08,32.0989,32.3212,31.9628,32.2423,4516300
2016-11-09,32.5792,33.6401,32.3498,33.4537,14953300
2016-11-10,33.7261,34.7655,33.6759,34.1275,17493900
2016-11-11,34.0989,34.3784,33.9985,34.3354,9661100
2016-11-14,34.4573,34.9447,34.2709,34.9304,15228100
2016-11-15,34.5935,34.9304,34.4358,34.9089,13446700
2016-11-16,34.1132,34.6867,34.1132,34.3139,10900900
2016-11-17,34.4788,34.959,34.3928,34.8945,9369800
2016-11-18,34.9375,35.4106,34.8802,35.2888,9090500
2016-11-21,35.3533,35.4035,35.1311,35.3246,5184100
2016-11-22,35.3174,35.5325,34.959,35.1454,10580100
2016-11-23,35.339,35.4823,35.1813,35.3748,7053400
2016-11-25,35.382,35.4823,35.2099,35.425,2631500
2016-11-28,35.2243,35.4465,34.9662,35.0522,5887300
2016-11-29,35.2099,35.3748,35.1311,35.1956,5726600
2016-11-30,35.5325,35.6759,35.4321,35.5683,6887100
2016-12-01,35.7045,36.2851,35.5755,36.1203,10571300
2016-12-02,36.0916,36.1418,35.726,35.8407,5864800
2016-12-05,36.1346,36.2923,35.9769,36.0988,7209600
2016-12-06,36.2206,36.3927,36.0056,36.364,9259100
2016-12-07,36.3712,36.8443,36.192,36.8156,9559000
2016-12-08,36.959,37.4822,36.959,37.2027,10423500
2016-12-09,37.2027,37.3317,36.9805,37.303,8612900
2016-12-12,37.1955,37.346,36.8801,36.9733,6113400
2016-12-13,37.0808,37.217,36.6937,37.0593,7358600
2016-12-14,36.7797,37.4894,36.6937,37.0808,9356800
2016-12-15,37.2529,37.4966,36.9016,37.26,7602000
2016-12-16,37.4392,37.4392,36.9948,37.088,11033300
2016-12-19,36.9805,37.26,36.8299,37.1812,5439400
2016-12-20,37.3675,37.7618,37.3174,37.6614,6144300
2016-12-21,37.6112,37.6327,37.3962,37.3962,3871600
2016-12-22,37.2672,37.4751,37.2529,37.3819,5141200
2016-12-23,37.4822,37.5109,37.3245,37.4177,3773200
2016-12-27,37.5109,37.5539,37.4177,37.4966,3135800
2016-12-28,37.5614,37.6623,37.3164,37.3164,8111900
2016-12-29,37.2948,37.3813,36.7831,36.9705,4625700
2016-12-30,37.1146,37.1939,36.9056,37.0209,5184600
2017-01-03,37.2011,37.6479,36.8335,37.0858,7859000
2017-01-04,37.1002,37.4605,37.0498,37.3596,6199000
2017-01-05,37.2155,37.302,36.6029,36.7327,6574900
2017-01-06,36.7975,37.1146,36.7975,36.9705,5078200
2017-01-09,36.7903,36.9633,36.6462,36.8047,4337900
2017-01-10,36.7759,37.1723,36.6462,36.9128,5231600
2017-01-11,37.1218,37.3308,36.9344,37.3236,7233100
2017-01-12,37.2155,37.2515,36.7687,37.0642,4539000
2017-01-13,37.1939,37.5758,37.1074,37.2515,7876400
2017-01-17,36.8984,36.9056,36.1489,36.257,9415100
2017-01-18,36.3363,36.5164,36.0264,36.4372,6525400
2017-01-19,36.4876,36.7399,36.3435,36.5597,7151600
2017-01-20,36.711,37.2227,36.675,36.8984,8865700
2017-01-23,36.7543,37.0353,36.6029,36.7327,4858800
2017-01-24,36.8263,37.4749,36.7615,37.3092,6531700
2017-01-25,37.5758,37.9362,37.5758,37.7993,8731500
2017-01-26,37.7993,38.1812,37.792,38.1596,6494700
2017-01-27,38.0803,38.2965,38.0659,38.1884,6893400
2017-01-30,37.9218,38.1236,37.7416,38.0875,7540800
2017-01-31,37.9218,38.1524,37.7344,37.9434,6736800
2017-02-01,38.3109,38.6568,38.174,38.2172,8413800
2017-02-02,37.965,38.3542,37.9362,38.2893,8700600
2017-02-03,38.7722,38.9451,38.5199,38.6713,9104100
2017-02-06,38.4623,38.7577,38.3326,38.4839,4904000
2017-02-07,38.6496,38.6785,38.2461,38.3398,4749000
2017-02-08,38.1163,38.21,37.8569,38.1163,6398000
2017-02-09,38.2389,38.6568,38.138,38.5848,5054000
2017-02-10,38.7794,38.8082,38.5487,38.6352,3892400
2017-02-13,38.837,39.2262,38.837,39.01,5709800
2017-02-14,38.8442,39.3487,38.801,39.3127,7728300
2017-02-15,39.4208,39.9036,39.291,39.7378,8029400
2017-02-16,39.6658,39.6946,39.3127,39.6442,6204100
2017-02-17,39.4784,39.5505,39.2766,39.5505,6011600
2017-02-21,39.637,39.8604,39.5865,39.7811,5639400
2017-02-22,39.6081,39.9324,39.5577,39.8604,4851700
2017-02-23,39.8532,40.0045,39.6802,39.9252,7268000
2017-02-24,39.637,39.9036,39.5289,39.709,7596100
2017-02-27,39.7739,39.8892,39.6442,39.846,6378800
2017-02-28,39.6658,39.7739,39.5072,39.637,6846600
2017-03-01,40.264,40.7972,40.2279,40.6531,8689700
2017-03-02,40.754,40.7612,39.918,39.9829,6431200
2017-03-03,39.9685,40.1486,39.9108,40.0333,7278200
2017-03-06,39.8387,39.9613,39.6658,39.846,6118700
2017-03-07,39.8027,39.9252,39.6009,39.6586,6678800
2017-03-08,40.0045,40.2207,39.5072,39.5433,7809600
2017-03-09,39.7234,39.8388,39.5,39.5937,5236200
2017-03-10,39.846,39.8748,39.3631,39.5937,6721900
2017-03-13,39.5505,39.7883,39.5,39.5793,4690300
2017-03-14,39.4928,39.673,39.3271,39.637,6130500
2017-03-15,39.7451,40.0694,39.5289,39.6081,8487200
2017-03-16,39.6874,39.9036,39.5433,39.6586,6326200
2017-03-17,39.6946,39.7234,39.3775,39.4135,7085800
2017-03-20,39.2046,39.5289,39.0532,39.0893,7706000
2017-03-21,39.3127,39.3127,37.8857,37.9722,14211700
2017-03-22,37.792,38.1163,37.2948,37.9073,8299600
2017-03-23,37.792,38.3181,37.6407,37.8929,9022900
2017-03-24,38.0154,38.1812,37.6335,37.8857,5948800
2017-03-27,37.1795,37.7704,36.7903,37.6191,7300800
2017-03-28,37.5254,38.3181,37.475,37.9866,7736000
2017-03-29,37.9504,38.0011,37.4432,37.494,7380700
2017-03-30,37.5012,37.9576,37.4143,37.762,9350100
2017-03-31,37.6171,37.7258,37.2983,37.3128,8197600
2017-04-03,37.3998,37.3998,36.8346,37.349,7447400
2017-04-04,37.2331,37.3635,37.1099,37.2838,4158300
2017-04-05,37.6099,37.7041,36.9216,36.9795,6138700
2017-04-06,36.965,37.3201,36.7549,37.2041,5855000
2017-04-07,37.0085,37.2114,36.8564,37.0592,6827500
2017-04-10,37.1317,37.2694,36.7549,36.7912,6484800
2017-04-11,36.697,36.9433,36.4796,36.8709,7344900
2017-04-12,36.7042,37.0085,36.5811,36.7332,7671500
2017-04-13,36.5303,36.8709,36.1971,36.2115,5888000
2017-04-17,36.313,36.6752,36.1608,36.6173,4943600
2017-04-18,36.3782,36.5231,35.9942,36.0811,9699100
2017-04-19,36.3202,36.4796,35.9,36.0014,7268600
2017-04-20,36.0739,36.8781,36.0521,36.7187,9535400
2017-04-21,36.6245,36.9578,36.5593,36.5955,9044700
2017-04-24,37.4577,37.6823,37.2549,37.3563,8060600
2017-04-25,37.7693,38.0229,37.6244,37.7693,9010900
2017-04-26,37.6751,38.1243,37.6751,37.762,7652600
2017-04-27,37.8345,37.8852,37.3128,37.6171,5826700
2017-04-28,37.5374,37.6751,37.081,37.1534,7707200
2017-05-01,37.349,37.6606,37.2621,37.4577,4660200
2017-05-02,37.4577,37.5881,37.2186,37.3635,4368900
2017-05-03,37.2621,37.8635,37.1389,37.8272,6169300
2017-05-04,38.0808,38.2619,37.7838,37.8997,5629600
2017-05-05,37.878,37.9721,37.2766,37.5084,5373700
2017-05-08,37.4867,37.6751,37.3925,37.6751,4759000
2017-05-09,37.6968,37.8055,37.2259,37.3708,5731300
2017-05-10,37.3128,37.7113,37.2331,37.6533,5281600
2017-05-11,37.494,37.5447,37.0375,37.4143,6575500
2017-05-12,37.2186,37.2549,36.9433,37.2476,6285500
2017-05-15,37.3128,37.5737,37.2621,37.5084,3975700
2017-05-16,37.6171,37.791,37.465,37.6461,4389300
2017-05-17,37.6461,37.6461,36.2985,36.5593,7012200
2017-05-18,36.5231,37.023,36.4072,36.7622,5950500
2017-05-19,36.8491,37.2549,36.7984,37.023,8110100
2017-05-22,37.1462,37.2983,36.8564,37.2694,4724800
2017-05-23,37.2549,37.8272,37.1389,37.6461,5061400
2017-05-24,37.6968,37.7693,37.3563,37.5229,3506700
2017-05-25,37.6461,37.7765,37.4795,37.5084,3825100
2017-05-26,37.3925,37.5374,37.2259,37.2694,6721800
2017-05-30,37.1027,37.1244,36.8057,37.023,5923200
2017-05-31,37.1027,37.1317,36.5376,36.8709,6926200
2017-06-01,37.0665,37.4142,36.6897,37.3345,6171100
2017-06-02,37.023,37.436,36.9071,37.1679,5589500
2017-06-05,37.2186,37.5664,37.1172,37.1897,5388500
2017-06-06,36.9143,37.023,36.7767,36.8636,5475200
2017-06-07,37.0158,37.2041,36.8853,37.052,5235400
2017-06-08,37.052,37.8055,36.965,37.5157,7334300
2017-06-09,37.7475,38.4141,37.7258,38.3199,8279900
2017-06-12,38.4213,38.7329,38.2909,38.2909,9095600
2017-06-13,38.4213,38.5952,38.2402,38.3561,7565500
2017-06-14,38.0663,38.3416,37.6533,38.2837,7405300
2017-06-15,38.0953,38.3272,37.8924,37.9504,7117200
2017-06-16,38.0736,38.0953,37.6823,37.8707,9778900
2017-06-19,38.0156,38.2837,38.0156,38.0881,4749500
2017-06-20,37.9359,38.1967,37.8562,37.9214,5059000
2017-06-21,38.0663,38.0663,37.6316,37.6751,4503000
2017-06-22,37.5592,37.5592,37.0737,37.1679,6361400
2017-06-23,37.2476,37.2694,36.6463,36.7839,8689900
2017-06-26,36.8998,37.1679,36.7839,36.9578,5767800
2017-06-27,37.1027,37.5664,37.0085,37.2548,5204000
2017-06-28,37.5608,38.0198,37.5608,37.8668,5272000
2017-06-29,38.5079,38.6026,37.6118,37.7211,10086700
2017-06-30,37.8741,38.0125,37.7284,37.8231,6849700
2017-07-03,37.9906,38.5953,37.9615,38.3039,3582800
2017-07-05,38.3986,38.5224,38.1217,38.3621,5896900
2017-07-06,38.333,38.4787,37.9906,38.0125,5161900
2017-07-07,38.1655,38.282,37.9615,38.2165,4599400
2017-07-10,38.0853,38.2238,37.9469,38.1072,3343700
2017-07-11,38.1218,38.1218,37.6628,37.7138,6059400
2017-07-12,37.6555,37.9615,37.5608,37.8085,4519700
2017-07-13,37.8886,38.0489,37.7575,38.0416,6451400
2017-07-14,37.6774,38.0562,37.4443,37.9396,5587600
2017-07-17,37.9105,37.9688,37.6774,37.9032,4758000
2017-07-18,37.6483,37.7939,37.4953,37.6118,5034800
2017-07-19,37.9323,38.4496,37.7211,37.9396,6201500
2017-07-20,38.1655,38.4933,38.0781,38.231,8650400
2017-07-21,38.1072,38.231,37.7939,37.9688,6528000
2017-07-24,37.9542,38.5807,37.9032,38.4569,8016200
2017-07-25,38.894,39.1271,38.7118,38.7337,7446100
2017-07-26,38.8721,38.9741,38.0999,38.1946,6309000
2017-07-27,38.18,38.2383,37.8231,38.1946,6963400
2017-07-28,38.1728,38.4059,37.9979,38.2966,5283300
2017-07-31,38.3767,38.7483,38.3767,38.4496,5333100
2017-08-01,38.5807,38.741,38.282,38.5734,9790900
2017-08-02,38.4423,38.6317,38.3403,38.6026,3853500
2017-08-03,38.4714,38.5079,38.2675,38.3767,3934200
2017-08-04,38.6317,38.9522,38.4423,38.6973,5571700
2017-08-07,38.7191,38.7847,38.5224,38.6973,3720900
2017-08-08,38.6098,39.0834,38.537,38.7483,3678100
2017-08-09,38.4933,38.7847,38.4423,38.7774,3804000
2017-08-10,38.537,38.6317,38.1363,38.1582,5639700
2017-08-11,38.1728,38.3184,37.7867,37.9178,4448700
2017-08-14,38.0853,38.588,38.0853,38.4569,4156500
2017-08-15,38.7191,38.8357,38.5224,38.5953,3430700
2017-08-16,38.69,38.7628,38.3549,38.5006,3173400
2017-08-17,38.3694,38.4496,37.6482,37.6774,5465500
2017-08-18,37.5608,37.8449,37.4297,37.6482,5299700
2017-08-21,37.6555,37.7794,37.4734,37.641,5131100
2017-08-22,37.6847,37.9251,37.6409,37.8376,3115300
2017-08-23,37.6337,37.9323,37.5827,37.7429,3440000
2017-08-24,37.8886,37.9615,37.6919,37.7721,2457400
2017-08-25,37.9469,38.18,37.8668,37.9324,3130500
2017-08-28,37.9979,38.0926,37.6992,37.8522,2397400
2017-08-29,37.4151,37.6118,37.2767,37.5171,5577500
2017-08-30,37.539,37.7284,37.5025,37.5827,3370400
2017-08-31,37.7502,37.7866,37.2913,37.335,5196900
2017-09-01,37.4297,37.8449,37.3277,37.6482,3656500
2017-09-05,37.437,37.4734,36.8906,37.0582,6496200
2017-09-06,37.1893,37.3131,36.9635,37.0873,4281400
2017-09-07,37.0727,37.1456,36.0893,36.3224,6565400
2017-09-08,36.2423,36.6866,36.2058,36.4098,6052000
2017-09-11,36.8178,37.1966,36.7231,37.0654,4654200
2017-09-12,37.2549,37.8376,37.2257,37.5681,5050800
2017-09-13,37.4297,37.9542,37.3933,37.9105,6755700
2017-09-14,37.8886,38.0052,37.5463,37.6191,4444600
2017-09-15,37.5098,37.7502,37.4151,37.7429,6146000
2017-09-18,37.8814,38.231,37.7721,38.1582,4373100
2017-09-19,38.1728,38.8138,38.1145,38.7264,5464700
2017-09-20,38.7774,39.1271,38.4423,38.9886,5409900
2017-09-21,39.0469,39.2218,38.9012,39.1489,5870200
2017-09-22,38.9595,39.1271,38.6463,39.0979,6241000
2017-09-25,38.9741,39.1926,38.8065,39.0542,4482000
2017-09-26,39.0542,39.1635,38.8721,39.0469,5163900
2017-09-27,39.4549,39.5933,39.2363,39.4476,7605600
2017-09-28,39.3377,39.4696,38.8982,39.1766,7642800
2017-09-29,39.1766,39.5941,39.0154,39.2571,7211900
2017-10-02,39.0374,39.2278,38.7663,39.1473,8323200
2017-10-03,39.1033,39.2938,38.7663,39.1692,6814400
2017-10-04,38.9934,39.1253,38.8982,38.9348,6523300
2017-10-05,38.9788,39.5575,38.7883,39.3817,5721500
2017-10-06,39.5355,39.7333,39.3158,39.6894,4492800
2017-10-09,39.7406,39.7406,39.367,39.4476,2858900
2017-10-10,39.4549,39.7553,39.4256,39.726,3263600
2017-10-11,39.6381,39.8139,39.3817,39.748,4969400
2017-10-12,39.6454,39.8066,39.4769,39.5502,4233900
2017-10-13,39.411,39.8798,39.2425,39.6527,6315700
2017-10-16,39.6454,39.8652,39.5502,39.748,5105300
2017-10-17,39.8139,39.8505,39.3743,39.4696,5299600
2017-10-18,39.4916,39.4916,38.3415,39.0227,10619900
2017-10-19,38.803,39.4916,38.803,39.2571,6171100
2017-10-20,39.6674,39.726,39.4256,39.6234,7021600
2017-10-23,39.6234,39.7333,39.4916,39.6527,4965400
2017-10-24,39.8725,40.0117,39.5721,39.7113,6643300
2017-10-25,39.8798,39.9531,39.3597,39.66,5246900
2017-10-26,39.9018,40.0337,39.7187,39.7773,5726500
2017-10-27,39.7113,39.8945,39.5282,39.8798,4862900
2017-10-30,39.7187,39.8871,39.5868,39.748,4243800
2017-10-31,39.6454,40.1582,39.5648,39.8359,5882000
2017-11-01,39.9824,40.0996,39.7479,39.9091,4642600
2017-11-02,39.8285,40.3486,39.6014,40.2021,4803800
2017-11-03,39.997,40.1362,39.8065,40.0336,5218600
2017-11-06,39.9531,40.2607,39.7846,40.1802,5501700
2017-11-07,40.1435,40.2461,39.1033,39.1546,7539300
2017-11-08,39.074,39.1473,38.5539,38.5905,6242100
2017-11-09,38.3927,38.5026,37.9312,38.173,6012100
2017-11-10,38.2536,38.3561,37.7847,37.8067,5514800
2017-11-13,37.6822,37.9532,37.4624,37.858,5844000
2017-11-14,37.6382,37.9752,37.6016,37.9679,5472700
2017-11-15,37.6602,38.2243,37.6162,38.0997,5389500
2017-11-16,38.2243,38.2755,37.9312,37.9532,4449100
2017-11-17,37.7847,38.1217,37.7408,38.0045,3297600
2017-11-20,38.1144,38.1144,37.9019,38.0411,3273200
2017-11-21,38.2023,38.2023,37.8287,38.0118,5194500
2017-11-22,37.9972,38.129,37.9752,38.0265,4513100
2017-11-24,38.0924,38.1437,37.8726,37.9679,1466900
2017-11-27,38.0191,38.0851,37.8653,37.8873,3727900
2017-11-28,37.9166,38.8835,37.8726,38.8396,5608900
2017-11-29,39.1033,40.2534,39.096,40.1142,10938000
2017-11-30,40.3486,40.964,40.1362,40.3999,8662900
2017-12-01,40.4585,40.5757,39.3377,40.2168,7258900
2017-12-04,40.8541,41.3376,40.7515,40.7515,6470200
2017-12-05,40.7515,40.8761,40.041,40.1582,6004100
2017-12-06,40.0996,40.312,39.8725,39.9897,3822100
2017-12-07,40.1802,40.3486,39.726,40.2168,4404400
2017-12-08,40.3633,40.5537,39.9311,40.5537,4371900
2017-12-11,40.4072,40.7149,40.3779,40.4878,3892000
2017-12-12,40.0336,40.8834,40.0336,40.6563,6037300
2017-12-13,40.6124,40.7442,39.975,39.997,5046600
2017-12-14,40.1508,40.1801,39.6161,39.6674,4467600
2017-12-15,39.9677,40.2314,39.726,39.9238,13109900
2017-12-18,40.2461,40.4072,40.0336,40.1289,5325300
2017-12-19,40.356,40.3853,39.9531,39.9677,5964900
2017-12-20,40.334,40.4219,39.6088,39.748,5688800
2017-12-21,40.041,40.1509,39.748,39.9457,3926400
2017-12-22,40.1509,40.1802,39.6674,39.8945,3800800
2017-12-26,39.9164,40.0483,39.433,39.5648,2807000
2017-12-27,39.6234,39.726,39.4842,39.6088,3754200
2017-12-28,39.7193,39.7856,39.5646,39.7414,3216000
2017-12-29,39.8666,39.8887,39.4688,39.4688,3949800
2018-01-02,39.815,40.0287,39.6235,39.8003,5367700
2018-01-03,39.7782,40.3454,39.7414,40.1907,5043800
2018-01-04,40.2865,40.8979,40.2202,40.5001,7583600
2018-01-05,40.8316,40.8831,40.478,40.7505,6863200
2018-01-08,40.6401,40.9052,40.618,40.8095,6817400
2018-01-09,40.92,41.4503,40.8684,41.0894,6392100
2018-01-10,41.2441,41.7671,41.1336,41.3988,7121800
2018-01-11,41.605,41.7966,41.4135,41.7524,6146900
2018-01-12,41.9586,42.0765,41.6861,41.9734,5339800
2018-01-16,42.3859,42.4964,41.9365,42.1133,8840200
2018-01-17,42.0176,42.0176,40.7874,41.5019,9782100
2018-01-18,41.6345,41.8481,41.3177,41.3619,9218100
2018-01-19,41.6124,41.6345,41.2515,41.5903,10529300
2018-01-22,41.6492,42.1796,41.6492,42.1796,7687200
2018-01-23,41.885,42.3417,41.8334,42.1207,5449700
2018-01-24,42.2164,42.6805,42.2164,42.5406,5612700
2018-01-25,42.6805,42.8426,42.489,42.71,5859400
2018-01-26,42.6953,42.8058,42.3564,42.8058,6057600
2018-01-29,42.7542,43.093,42.6732,42.7174,6004000
2018-01-30,42.4595,42.791,42.2754,42.2827,5069000
2018-01-31,42.2164,42.4669,42.0028,42.0912,7893000
2018-02-01,41.9365,42.3269,41.7745,42.3269,5357600
2018-02-02,42.1649,42.5774,41.826,41.9144,7111300
2018-02-05,41.524,41.9292,40.1318,40.2349,11580900
2018-02-06,39.373,40.7358,39.0563,40.2349,17726400
2018-02-07,40.1465,41.0157,40.0728,40.3675,11005300
2018-02-08,40.3601,40.3601,38.7543,38.7837,10887500
2018-02-09,39.2773,39.8371,38.2092,39.594,12512500
2018-02-12,39.8224,40.1981,39.4246,39.7561,7598600
2018-02-13,39.5572,40.0434,39.4688,39.8813,5558100
2018-02-14,39.8003,40.8095,39.6972,40.7432,7157700
2018-02-15,40.9568,41.2809,40.4412,40.5885,7054600
2018-02-16,40.4412,41.1925,40.4191,40.9642,6223500
2018-02-20,40.8831,41.2957,40.3233,40.4485,6040000
2018-02-21,40.4706,41.1189,40.3675,40.5885,6667500
2018-02-22,40.8537,40.9494,39.9034,39.9771,6397900
2018-02-23,40.1023,40.8905,40.0802,40.8758,5526600
2018-02-26,41.0084,41.141,40.3896,41.1336,5353900
2018-02-27,41.1336,41.3251,40.5222,40.5222,5147400
2018-02-28,40.7726,40.9863,40.036,40.0434,4705800
2018-03-01,40.0655,40.2054,39.0121,39.1668,8239900
2018-03-02,38.8795,39.4172,38.5259,39.3436,5658900
2018-03-05,39.0195,39.8813,38.8795,39.7561,5205900
2018-03-06,39.8003,39.955,39.3951,39.9034,5006500
2018-03-07,39.4688,39.7561,39.0195,39.5277,6123500
2018-03-08,39.6677,39.815,39.3436,39.734,4951500
2018-03-09,40.0213,40.7874,39.9034,40.7211,6075500
2018-03-12,40.6695,40.8905,40.4191,40.5222,3647700
2018-03-13,40.7358,40.8095,39.8224,39.8887,6132800
2018-03-14,40.0655,40.1391,39.13,39.2405,6281400
2018-03-15,39.4099,39.4614,39.1005,39.3067,5587300
2018-03-16,39.3068,39.7708,39.211,39.2331,10911500
2018-03-19,39.1962,39.2699,38.5701,38.8942,8712100
2018-03-20,39.0784,39.2994,38.7174,38.7469,4444500
2018-03-21,38.8869,39.1963,38.5554,38.7101,6881500
2018-03-22,38.3344,38.4449,37.2221,37.3105,9422900
2018-03-23,37.3473,37.4946,36.2055,36.2792,10526500
2018-03-26,37.0011,37.885,36.6991,37.7819,9001800
2018-03-27,37.8261,37.8777,36.4486,36.7285,8622100
2018-03-28,36.8249,37.4178,36.5877,37.1065,7721000
2018-03-29,37.2102,37.6697,36.9805,37.4252,5399300
2018-04-02,37.3881,37.5215,36.3358,36.8175,8787100
2018-04-03,36.9286,37.3214,36.647,37.2547,6682800
2018-04-04,36.6915,37.7068,36.6544,37.5586,6786500
2018-04-05,37.892,38.1144,37.6919,37.855,6911200
2018-04-06,37.4548,37.7438,36.9434,37.2621,7811300
2018-04-09,37.44,38.1885,37.351,37.4919,5628500
2018-04-10,37.8772,38.0847,37.5511,37.855,6220000
2018-04-11,37.5363,37.7216,37.3362,37.4622,4345100
2018-04-12,37.7661,38.1737,37.6475,37.9736,5496100
2018-04-13,38.4108,38.4479,37.5363,37.7587,7670500
2018-04-16,38.0477,38.1885,37.8476,38.0995,8190400
2018-04-17,38.3293,38.4553,37.6697,37.8105,7813900
2018-04-18,37.8402,37.8772,36.9138,37.0546,12921300
2018-04-19,37.0546,37.6401,37.0398,37.5734,10690900
2018-04-20,37.6771,37.855,37.151,37.3733,7927200
2018-04-23,37.4103,37.6327,37.314,37.4548,7893500
2018-04-24,37.5437,38.0106,37.1213,37.3659,6946600
2018-04-25,37.314,37.9143,37.0546,37.6401,7252700
2018-04-26,37.566,37.8772,37.4844,37.6327,5678900
2018-04-27,37.5437,38.1218,37.5141,37.981,5177900
2018-04-30,38.107,38.2478,37.3881,37.3881,7772200
2018-05-01,37.2399,37.6252,36.9953,37.5882,4410400
2018-05-02,37.4548,37.5067,36.8842,36.9509,6130900
2018-05-03,36.8693,37.1584,36.4247,37.0398,8468400
2018-05-04,36.7878,37.5956,36.6396,37.3066,6072200
2018-05-07,37.4326,37.4548,37.0917,37.3214,5572700
2018-05-08,37.2992,37.6178,37.1065,37.2992,5832400
2018-05-09,37.3733,37.8772,37.2992,37.6697,4784500
2018-05-10,37.729,37.9958,37.477,37.9217,5660000
2018-05-11,38.144,38.433,38.0032,38.1662,5037500
2018-05-14,38.2996,38.3145,37.8328,37.9291,4730100
2018-05-15,37.8328,38.0699,37.7587,37.8846,6915600
2018-05-16,37.8105,37.9958,37.6253,37.7883,5486100
2018-05-17,37.6623,37.9439,37.5067,37.9069,4636100
2018-05-18,37.8772,37.8772,37.4029,37.4622,4532000
2018-05-21,37.6475,37.8772,37.566,37.5734,4675800
2018-05-22,37.6845,38.2181,37.6104,37.8402,6224400
2018-05-23,37.6697,37.8105,37.2918,37.7512,5295500
2018-05-24,37.5141,37.6845,37.2399,37.5511,5957600
2018-05-25,37.3585,37.5437,37.314,37.4548,4346000
2018-05-29,37.062,37.0991,35.9356,36.2098,11606400
2018-05-30,36.5655,37.025,36.3654,36.936,9303100
2018-05-31,36.8101,37.1213,36.4988,37.0472,13759800
2018-06-01,37.4252,37.8846,37.4252,37.6178,10247200
2018-06-04,37.7735,37.8921,37.5734,37.729,4431600
2018-06-05,37.6623,38.0996,37.5067,37.9587,7965800
2018-06-06,38.0847,38.4701,37.9217,38.3663,7219400
2018-06-07,38.4923,38.6776,38.2107,38.4108,6164000
2018-06-08,38.2848,38.5961,38.233,38.5739,4811300
2018-06-11,38.685,38.7072,38.107,38.1292,5942000
2018-06-12,38.1292,38.3071,37.8179,37.9661,5159200
2018-06-13,37.9662,38.3145,37.7068,37.855,7445800
2018-06-14,38.0106,38.0625,37.603,37.7438,10199500
2018-06-15,37.6327,38.107,37.4919,38.0773,17352600
2018-06-18,37.6697,38.0773,37.4696,38.0032,7007400
2018-06-19,37.6178,38.3886,37.5734,38.2774,13592000
2018-06-20,38.559,38.5887,37.9736,37.9958,7444900
2018-06-21,37.8846,37.9439,37.4845,37.7883,6484000
2018-06-22,38.0625,38.0921,37.5808,37.6178,7145200
2018-06-25,37.5215,37.566,37.0768,37.4844,6741200
2018-06-26,37.4474,37.5437,36.9805,37.2028,6671600
2018-06-27,37.0694,37.3066,36.9064,36.9286,6961200
2018-06-28,37.0106,37.2343,36.7124,36.9957,5795400
2018-06-29,37.3983,37.8159,37.2716,37.294,9521800
2018-07-02,36.9957,37.6071,36.9734,37.5847,5063800
2018-07-03,37.6071,37.7562,37.115,37.2567,4506600
2018-07-05,37.4804,37.5549,37.1374,37.2269,5334300
2018-07-06,37.1523,37.5325,37.1076,37.4356,4085100
2018-07-09,37.5624,38.5018,37.5027,38.3005,6686500
2018-07-10,38.3825,38.4496,38.0395,38.2856,6618900
2018-07-11,38.1216,38.5018,37.8904,38.2185,6216200
2018-07-12,38.5614,38.6584,38.129,38.293,6453800
2018-07-13,38.0619,38.2483,37.7339,37.9575,6975600
2018-07-16,38.0619,38.3452,38.0395,38.2483,6932600
2018-07-17,38.3229,38.5316,38.1588,38.2483,9600900
2018-07-18,38.0246,38.3229,37.6295,37.8159,11592600
2018-07-19,37.7711,38.4869,37.7711,38.293,12128400
2018-07-20,38.1961,38.3378,37.9053,38.0694,9167100
2018-07-23,38.0992,38.6957,38.047,38.6733,7739700
2018-07-24,38.5913,38.9491,38.4123,38.5093,5939900
2018-07-25,38.4272,38.5838,38.2856,38.4869,7672600
2018-07-26,38.6957,39.1728,38.6733,39.0386,9397000
2018-07-27,39.0386,39.3145,38.979,39.2176,7241600
2018-07-30,39.2325,39.7469,39.2325,39.5009,7139600
2018-07-31,39.5382,39.7767,39.4338,39.5232,9379300
2018-08-01,39.7469,39.896,39.0535,39.225,5685600
2018-08-02,38.9417,39.2474,38.8746,39.1803,4438100
2018-08-03,39.1132,39.4561,39.061,39.4487,5313500
2018-08-06,39.3816,39.6575,39.3667,39.4636,5387700
2018-08-07,39.5382,39.8066,39.5083,39.7395,4620100
2018-08-08,39.732,40.1048,39.5754,39.9035,4539700
2018-08-09,39.9109,40.0377,39.7917,39.8737,3829000
2018-08-10,39.4636,39.7544,39.3294,39.5904,5492000
2018-08-13,39.4412,39.5829,39.0461,39.0461,5338400
2018-08-14,39.0908,39.6724,39.0908,39.6425,4297300
2018-08-15,39.3145,39.5232,39.0386,39.2101,6182000
2018-08-16,39.3741,39.7991,39.3667,39.6351,4969900
2018-08-17,39.5978,39.814,39.5531,39.732,4457100
2018-08-20,39.7096,40.1495,39.6947,40.1272,5189900
2018-08-21,40.1943,40.6416,40.1495,40.403,5228600
2018-08-22,40.321,40.3434,40.1197,40.2167,3238300
2018-08-23,40.2987,40.3508,39.9781,40.1123,4214600
2018-08-24,40.1794,40.3583,40.0675,40.2688,4568300
2018-08-27,40.3583,40.7609,40.3508,40.6043,6070300
2018-08-28,40.6342,40.7982,40.3658,40.4105,4276700
2018-08-29,40.4254,40.6416,40.3285,40.5074,4476500
2018-08-30,40.4254,40.5372,40.2017,40.2912,6298700
2018-08-31,40.1644,40.3658,40.1048,40.3434,5159400
2018-09-04,40.4179,40.5149,40.1421,40.4403,4367600
2018-09-05,40.403,40.7236,40.3807,40.5074,5325300
2018-09-06,40.5223,40.6342,40.321,40.5074,3696400
2018-09-07,40.7162,40.7236,40.1719,40.403,4938100
2018-09-10,40.4776,40.5596,40.3285,40.3583,2995700
2018-09-11,40.2986,40.5447,40.2166,40.4105,3383700
2018-09-12,40.4179,40.4403,39.8811,39.9259,5354900
2018-09-13,40.1943,40.485,40.0601,40.2763,6687600
2018-09-14,40.2763,40.4478,40.239,40.3657,5271400
2018-09-17,40.4925,40.5149,40.239,40.3583,4507400
2018-09-18,40.3881,40.5447,40.239,40.3732,4314500
2018-09-19,40.4701,41.1262,40.4329,40.9473,6814300
2018-09-20,41.1635,41.3574,41.0815,41.2679,5321200
2018-09-21,41.3201,41.4245,40.9324,41.1113,12672900
2018-09-24,41.007,41.2381,40.5149,40.5745,5254100
2018-09-25,40.8355,40.8727,40.3956,40.4552,5569200
2018-09-26,40.6491,40.6491,39.9035,39.9706,5414700
2018-09-27,40.1132,40.1207,39.6628,39.7379,5812100
2018-09-28,39.5877,39.7003,39.4,39.6478,8150300
2018-10-01,39.7529,39.9331,39.5126,39.6628,4724200
2018-10-02,39.6478,39.8355,39.37,39.5952,5825400
2018-10-03,39.8355,40.2183,39.6328,40.1132,7735300
2018-10-04,40.0607,40.6088,40.0607,40.3009,5731500
2018-10-05,40.4511,40.5937,40.0081,40.1508,5202600
2018-10-08,40.1283,40.5862,40.0757,40.4886,5797800
2018-10-09,40.3235,40.7138,40.1057,40.5036,5517300
2018-10-10,40.6613,41.0367,40.0231,40.0382,9193300
2018-10-11,40.0307,40.0307,38.7769,38.9045,13404800
2018-10-12,39.3099,39.3625,37.5456,38.1312,12666900
2018-10-15,38.1312,38.3565,37.921,37.921,6879900
2018-10-16,38.1387,38.3339,37.7108,38.2664,9207100
2018-10-17,38.1462,39.8355,37.9285,39.7153,11626400
2018-10-18,40.0457,40.0982,39.0547,39.1372,11322800
2018-10-19,38.9871,39.6102,38.897,39.415,7664000
2018-10-22,39.4976,39.5276,38.5066,38.6117,8914600
2018-10-23,38.0862,38.867,37.9811,38.5667,9206400
2018-10-24,38.4315,38.5141,37.6733,37.7483,9430100
2018-10-25,38.0637,38.8745,37.921,38.4916,7672900
2018-10-26,38.1012,38.4466,37.7559,38.2213,10408800
2018-10-29,38.6793,39.4075,38.394,38.7093,9949100
2018-10-30,39.0021,39.3475,38.6943,39.2799,10213900
2018-10-31,39.5352,39.7003,39.1973,39.2424,13027000
2018-11-01,39.3324,39.5126,39.0471,39.1372,9812100
2018-11-02,39.3625,39.6177,38.6568,39.0922,8273600
2018-11-05,39.0847,39.6703,38.9195,39.2949,5448300
2018-11-06,39.2048,39.5352,39.0021,39.5201,4635600
2018-11-07,39.6177,39.7379,38.8895,39.4751,6715900
2018-11-08,39.2724,39.9781,39.2424,39.7379,5463800
2018-11-09,39.6478,40.1132,39.6027,39.903,5530100
2018-11-12,39.903,40.1208,39.6403,39.7304,7060100
2018-11-13,39.7679,40.5186,39.7529,40.3084,8138100
2018-11-14,40.5337,40.9466,39.9856,40.5412,13371700
2018-11-15,40.0081,41.1343,39.858,41.0367,9758900
2018-11-16,40.8415,41.4496,40.7964,41.2319,9335200
2018-11-19,41.2694,41.5247,41.0142,41.2919,8109600
2018-11-20,41.2469,41.5547,40.4361,40.6238,9495600
2018-11-21,40.7064,40.9616,40.2784,40.3009,5830500
2018-11-23,40.0156,40.5111,39.8805,40.1808,2243300
2018-11-26,40.5412,41.0066,40.5186,40.6613,6429300
2018-11-27,40.3835,40.5637,40.1433,40.331,7409500
2018-11-28,40.5562,40.7964,39.9631,40.7589,7105400
2018-11-29,40.5412,40.7814,40.3835,40.5712,5369300
2018-11-30,40.5787,41.2018,40.5712,40.8865,10299300
2018-12-03,41.2018,41.322,40.4661,40.8415,6851100
2018-12-04,40.5562,40.7889,39.3475,39.4901,9814800
2018-12-06,38.8219,39.3775,38.424,39.2949,13575600
2018-12-07,39.2424,39.6928,38.5817,38.8595,9561900
2018-12-10,38.8144,38.9345,37.5456,37.9736,11217900
2018-12-11,38.3114,38.6417,37.5081,37.6282,7983200
2018-12-12,38.0036,38.1913,37.448,37.6357,8372000
2018-12-13,37.7108,37.8609,36.7648,36.93,11919500
2018-12-14,36.5546,37.1627,36.3819,36.5997,11037700
2018-12-17,36.4195,36.8174,35.7813,35.9916,10081800
2018-12-18,36.2093,36.3594,35.2558,35.481,10182000
2018-12-19,35.4135,35.7363,34.46,34.7002,13879300
2018-12-20,34.46,34.8654,34.1071,34.3624,13596600
2018-12-21,34.1372,34.7228,33.2663,33.4915,22650900
2018-12-24,33.0335,33.514,32.7708,32.8534,6830500
2018-12-26,32.9735,34.0771,32.3879,34.0771,10866400
2018-12-27,33.6642,34.2723,33.1236,34.2723,9209900
2018-12-28,34.4237,34.6508,34.0755,34.2193,8372200
2018-12-31,34.3177,34.681,34.1058,34.5902,7388200
2019-01-02,34.2269,35.1125,34.0982,35.0822,8155500
2019-01-03,34.9687,35.1503,34.5448,34.5902,8141100
2019-01-04,35.1503,35.6726,34.9308,35.4455,7725300
2019-01-07,35.3168,35.6499,35.1654,35.279,5927000
2019-01-08,35.5818,35.6953,34.9989,35.5061,6654400
2019-01-09,35.5893,35.9526,35.3395,35.8845,7765100
2019-01-10,35.8088,36.0207,35.4682,35.8088,8050800
2019-01-11,35.6499,35.9905,35.3925,35.9072,5196100
2019-01-14,35.6877,36.2554,35.4833,36.1721,8209600
2019-01-15,36.0359,36.4749,35.7861,36.3084,7676600
2019-01-16,36.5279,37.4588,36.4522,37.1712,9913500
2019-01-17,37.0653,37.8449,37.0653,37.6556,11787200
2019-01-18,37.9281,38.1476,37.5345,38.0114,10014100
2019-01-22,37.807,38.1476,37.754,37.9508,10614800
2019-01-23,38.0417,38.352,37.8373,38.246,7785100
2019-01-24,38.1022,38.6169,38.0644,38.5185,5654800
2019-01-25,38.8667,39.0786,38.6547,38.8818,6622400
2019-01-28,38.5336,38.8364,38.4655,38.8061,5207000
2019-01-29,38.738,38.9802,38.4958,38.6396,5105100
2019-01-30,38.6018,38.9272,38.458,38.632,5451200
2019-01-31,38.3823,38.8515,38.2233,38.7229,9033500
2019-02-01,38.7986,39.0635,38.6093,38.8213,4597100
2019-02-04,38.7607,39.0332,38.5942,39.0332,4013400
2019-02-05,39.0635,39.0937,38.6396,38.9651,5483200
2019-02-06,38.897,39.1997,38.7683,38.9348,4898700
2019-02-07,39.0181,39.3587,38.2536,38.5639,10708100
2019-02-08,38.4579,38.6018,37.7994,38.2839,8918000
2019-02-11,38.4655,38.5261,38.1401,38.2612,4797500
2019-02-12,38.6093,38.9348,38.5488,38.7607,7526100
2019-02-13,38.7683,38.9499,38.5109,38.5336,5075300
2019-02-14,38.2309,38.3747,37.9357,38.193,5507900
2019-02-15,38.5639,38.8743,38.4201,38.8364,7757300
2019-02-19,38.6396,39.0256,38.4882,38.8364,7179300
2019-02-20,38.8364,39.0937,38.6396,39.0559,7722900
2019-02-21,39.0029,39.0181,38.5412,38.6396,6145700
2019-02-22,38.7607,38.8591,38.5639,38.8137,4959500
2019-02-25,39.0332,39.5025,38.9954,39.0635,6154400
2019-02-26,38.9121,39.2148,38.7077,38.8288,4823300
2019-02-27,38.844,39.0408,38.7304,39.0105,3838000
2019-02-28,39.0635,39.1467,38.9348,39.124,5808800
2019-03-01,39.4495,39.6539,38.9651,39.1467,5734600
2019-03-04,39.2905,39.6009,38.6774,39.1089,4610900
2019-03-05,39.1089,39.1392,38.6623,39.0105,4415900
2019-03-06,38.9045,39.071,38.5866,38.6774,4345700
2019-03-07,38.6018,38.6472,38.1249,38.3596,4048500
2019-03-08,38.0644,38.5336,38.0341,38.5034,4024500
2019-03-11,38.6547,38.9726,38.6018,38.9499,5558300
2019-03-12,39.0635,39.0786,38.5564,38.6396,6531500
2019-03-13,38.7531,39.1392,38.5563,39.0408,5111800
2019-03-14,39.1543,39.4116,38.9726,39.1392,3595500
2019-03-15,39.3133,39.4571,39.0786,39.4116,9076500
2019-03-18,39.5555,39.8506,39.4949,39.6993,7244600
2019-03-19,39.949,40.0853,39.2224,39.3057,5645500
2019-03-20,39.2451,39.2905,38.0946,38.1249,6540200
2019-03-21,37.86,37.9811,37.3529,37.5875,8488700
2019-03-22,37.2999,37.3756,36.3992,36.543,8290500
2019-03-25,36.6338,36.9366,36.1948,36.4068,6279900
2019-03-26,36.5657,36.9896,36.4295,36.7171,7669900
2019-03-27,36.596,36.6565,36.3008,36.4295,7039100
2019-03-28,36.6202,36.8337,36.2845,36.643,5147300
2019-03-29,36.9482,37.0092,36.5134,36.7575,8608300
2019-04-01,37.032,37.4821,36.8414,37.4287,10065200
2019-04-02,37.4287,37.6346,37.2304,37.4821,7568000
2019-04-03,37.749,38.1075,37.5584,37.6956,5042500
2019-04-04,37.6651,38.2448,37.627,37.9779,5130700
2019-04-05,37.9855,38.2143,37.6728,37.9092,5756500
2019-04-08,37.9016,38.0923,37.8635,38.0465,4920100
2019-04-09,37.8253,37.8253,37.4592,37.5431,4551100
2019-04-10,37.6194,37.7414,37.3143,37.6041,5430200
2019-04-11,37.7796,38.1228,37.6041,37.8406,4651500
2019-04-12,38.283,38.7177,37.8787,38.3059,11394900
2019-04-15,38.3135,38.3593,37.8863,38.0541,4587500
2019-04-16,38.0007,38.4279,37.6651,38.3516,7570500
2019-04-17,37.6423,38.8093,37.3905,38.6491,7825600
2019-04-18,38.6033,39.2669,38.466,39.061,8816300
2019-04-22,38.9847,39.4347,38.8093,39.0534,8049600
2019-04-23,38.9542,39.5186,38.6567,39.4271,7165000
2019-04-24,39.2669,39.6636,39.1907,39.4195,5567500
2019-04-25,39.1678,39.7093,39.0915,39.5415,5146300
2019-04-26,39.5949,39.9305,39.4347,39.9229,5082900
2019-04-29,40.0068,40.678,39.9229,40.4263,5613100
2019-04-30,40.5255,40.7162,40.3119,40.6704,5947500
2019-05-01,40.6323,40.9831,40.3348,40.5102,5558900
2019-05-02,40.5865,40.8306,40.2738,40.5636,4589300
2019-05-03,40.6475,41.0213,40.5789,40.7925,4205600
2019-05-06,40.1517,40.9298,40.045,40.6857,4557000
2019-05-07,40.2662,40.5102,39.8924,40.0907,6097500
2019-05-08,39.9839,40.3043,39.8085,39.8314,5453200
2019-05-09,39.511,39.8085,39.2593,39.7551,5560100
2019-05-10,39.6025,39.9229,39.1296,39.7932,4759400
2019-05-13,39.2517,39.45,38.6644,38.7559,5612100
2019-05-14,38.7788,39.3814,38.6872,38.939,6210900
2019-05-15,38.5499,38.9771,38.405,38.7406,4071000
2019-05-16,38.9542,39.5187,38.9161,39.2822,4460200
2019-05-17,38.9771,39.6102,38.9771,39.328,5278400
2019-05-20,39.2746,39.7322,39.061,39.45,4573000
2019-05-21,39.572,39.7627,39.45,39.5873,3369000
2019-05-22,39.4653,39.6407,39.2669,39.5492,3540200
2019-05-23,39.3203,39.3432,38.7025,39.0305,5142700
2019-05-24,39.2517,39.2974,39.0381,39.1525,5636700
2019-05-28,39.0534,39.183,38.6033,38.6491,6431700
2019-05-29,38.5194,38.7483,38.1914,38.5957,4865900
2019-05-30,38.611,38.9313,38.1304,38.4432,4688600
2019-05-31,38.0389,38.3898,37.9474,38.2906,5678500
2019-06-03,38.1838,38.7406,38.0236,38.6949,6045400
2019-06-04,39.2517,39.8924,39.0991,39.8238,6856500
2019-06-05,39.8466,40.1212,39.5873,40.0526,5021600
2019-06-06,40.1289,40.3958,39.9611,40.2509,4327200
2019-06-07,40.106,40.3424,40.0068,40.1746,4139700
2019-06-10,40.4263,40.7848,40.3424,40.3501,4866300
2019-06-11,40.6246,40.9145,40.3882,40.5636,3820200
2019-06-12,40.5331,40.7772,40.0907,40.1899,4153400
2019-06-13,40.2509,40.4874,40.045,40.1899,4313900
2019-06-14,40.1594,40.289,39.6483,40.1365,5665600
2019-06-17,40.1365,40.2509,39.2059,39.2898,5059900
2019-06-18,39.328,39.9839,39.1678,39.8085,5293000
2019-06-19,39.9534,40.3882,39.6941,39.7551,5664000
2019-06-20,39.9382,40.1365,39.1449,39.7856,4533500
2019-06-21,39.8009,40.1365,39.7551,39.8619,9004800
2019-06-24,39.8161,40.1594,39.5797,39.8924,4681500
2019-06-25,39.8314,39.8619,39.3508,39.6941,4671900
2019-06-26,39.8238,40.0526,39.572,39.6483,5012800
2019-06-27,39.8327,40.14,39.7021,39.9326,3738700
2019-06-28,40.2475,40.5241,40.0094,40.2552,10087100
2019-07-01,40.6624,40.8852,40.5241,40.7238,3882300
2019-07-02,40.624,40.8621,40.4319,40.6624,3175200
2019-07-03,40.7699,40.985,40.6393,40.9082,2102700
2019-07-05,41.1387,41.3615,40.985,41.2386,3195300
2019-07-08,40.9697,41.2386,40.647,40.793,4123900
2019-07-09,40.5548,40.985,40.4934,40.9773,3676100
2019-07-10,41.0388,41.1079,40.6777,40.8544,3817500
2019-07-11,40.9389,41.1233,40.793,41.0772,6137300
2019-07-12,41.3768,41.3768,41.0158,41.1771,4257700
2019-07-15,41.2232,41.2539,40.6393,40.8083,4484500
2019-07-16,40.9313,40.9543,40.6777,40.7469,5441300
2019-07-17,40.7546,42.1297,40.5702,41.6534,8805200
2019-07-18,41.807,42.5369,41.7149,42.3986,7893700
2019-07-19,42.3064,42.6674,42.2296,42.2526,7237700
2019-07-22,42.2296,42.5906,42.122,42.5061,5568400
2019-07-23,42.5215,43.1053,42.5061,43.0439,7422200
2019-07-24,42.9133,43.6047,42.9133,43.4741,7947800
2019-07-25,43.6508,43.7507,43.3358,43.4511,5304400
2019-07-26,43.4434,44.1578,43.4434,44.081,6396300
2019-07-29,43.9197,44.3038,43.8044,43.8352,4603200
2019-07-30,43.6201,44.0119,43.5202,43.8966,5468000
2019-07-31,44.0426,44.4113,43.7968,43.9043,6685100
2019-08-01,43.6738,43.935,42.6214,42.7827,8786800
2019-08-02,42.5138,42.775,41.9607,42.583,7249400
2019-08-05,41.807,41.8685,40.4165,40.7546,7480400
2019-08-06,40.9697,41.1848,40.332,41.1464,4668300
2019-08-07,40.3935,40.5471,39.4332,40.4165,6955700
2019-08-08,40.7853,40.9005,40.478,40.6854,5181300
2019-08-09,40.5779,40.8237,40.1093,40.5548,5491200
2019-08-12,40.1016,40.4319,39.9326,40.1323,3045000
2019-08-13,40.1861,40.8852,39.8404,40.5856,4671500
2019-08-14,39.8173,40.1169,39.0491,39.1029,9297700
2019-08-15,39.3718,39.6867,39.0568,39.3948,6654000
2019-08-16,39.6791,40.3013,39.5869,40.163,6192300
2019-08-19,40.8083,40.8775,40.332,40.4626,3563000
2019-08-20,40.2014,40.3244,39.6176,39.6637,4399100
2019-08-21,40.0248,40.1093,39.6406,39.8404,3236600
2019-08-22,40.14,40.2859,39.7328,39.9863,3522700
2019-08-23,39.8481,40.1707,38.8724,39.1413,6039900
2019-08-26,39.4255,39.4409,39.0261,39.4025,3968900
2019-08-27,39.5715,39.6483,39.0337,39.2104,4696400
2019-08-28,39.026,39.7866,39.0184,39.6253,3545600
2019-08-29,40.0401,40.3705,39.9633,40.2475,3652400
2019-08-30,40.5471,40.7008,40.2936,40.478,4975600
2019-09-03,40.2552,40.2629,39.7482,39.9633,4508900
2019-09-04,40.3397,40.4089,40.0862,40.3013,3031200
2019-09-05,40.816,41.5382,40.7853,40.9236,4774500
2019-09-06,41.0158,41.3154,40.9697,41.0311,4991900
2019-09-09,41.4229,42.2987,41.2385,42.1835,5060800
2019-09-10,42.3678,42.9133,42.2449,42.9133,6414000
2019-09-11,42.8826,42.9978,42.3602,42.9824,5438100
2019-09-12,42.6367,43.0208,41.9146,42.8134,7144000
2019-09-13,43.1207,43.3665,42.7827,43.0823,5680800
2019-09-16,42.7443,42.9517,42.5983,42.9133,3880500
2019-09-17,42.4831,42.9671,42.2833,42.944,5358400
2019-09-18,42.798,43.1438,42.5522,42.9517,3850100
2019-09-19,43.0362,43.1975,42.7443,42.8672,3543800
2019-09-20,42.8365,43.0516,42.5215,42.5906,18203300
2019-09-23,42.3141,42.8441,42.291,42.775,3541800
2019-09-24,42.9901,43.0208,42.3371,42.5061,5249000
2019-09-25,42.6982,42.9594,42.5138,42.8211,3826000
2019-09-26,42.8057,42.9056,42.5445,42.6905,5115500
2019-09-27,42.9847,43.1782,42.6286,42.9073,4532500
2019-09-30,42.5744,43.093,42.5434,42.8376,4403900
2019-10-01,43.0466,43.1008,41.5758,41.63,5620300
2019-10-02,41.3978,41.4288,40.6934,40.9333,5346800
2019-10-03,40.8095,41.0804,40.3141,41.0649,4134700
2019-10-04,41.0959,41.9396,41.0262,41.87,3657800
2019-10-07,41.7229,42.0325,41.6687,41.7461,3610900
2019-10-08,41.3436,41.3436,40.4379,40.5463,7799500
2019-10-09,40.8172,40.9101,40.4844,40.7243,3316600
2019-10-10,40.9179,41.3668,40.825,41.0417,4432800
2019-10-11,41.8003,41.8932,41.3591,41.3901,5432200
2019-10-14,41.1965,41.4442,41.1346,41.2275,3708000
2019-10-15,41.2817,41.8081,41.1191,41.6145,8012800
2019-10-16,42.4583,42.9305,42.0171,42.2415,7941300
2019-10-17,42.4196,42.706,42.1409,42.3499,4881300
2019-10-18,42.4196,42.7757,42.2493,42.6286,6217700
2019-10-21,43.124,43.6117,43.0466,43.4955,4782100
2019-10-22,43.4259,44.1613,43.364,43.8516,7135600
2019-10-23,43.7355,44.0064,43.6039,43.7974,4677900
2019-10-24,43.782,43.9058,43.4027,43.5884,4934900
2019-10-25,43.542,44.1613,43.542,43.9213,3877000
2019-10-28,44.138,44.378,43.9755,44.138,4661200
2019-10-29,44.0451,44.6721,43.9213,44.3857,4269800
2019-10-30,44.2929,44.4167,44.1148,44.2155,4745900
2019-10-31,43.9755,44.2154,43.6271,44.138,4906800
2019-11-01,44.5483,44.8502,44.4167,44.5715,5870200
2019-11-04,44.8966,45.0824,44.827,45.005,6791000
2019-11-05,45.2063,45.5778,45.0902,45.3533,5910200
2019-11-06,45.2837,45.5469,45.1443,45.4849,4777800
2019-11-07,45.8488,46.2203,45.6552,45.7481,5205500
2019-11-08,45.6785,45.7094,45.3224,45.5933,3214700
2019-11-11,45.2837,45.6243,45.1985,45.3921,1790900
2019-11-12,45.3611,45.5546,45.1908,45.2682,3254300
2019-11-13,45.0592,45.5236,44.8424,45.3688,4090800
2019-11-14,45.2837,45.423,45.036,45.3379,3304600
2019-11-15,45.5159,45.9184,45.423,45.7404,5069900
2019-11-18,45.6785,46.1816,45.6785,46.1042,4845500
2019-11-19,46.1584,46.2668,45.7791,45.9958,4974700
2019-11-20,45.7868,46.0113,45.4617,45.7559,4287600
2019-11-21,45.9649,46.2203,45.7326,46.05,5880400
2019-11-22,46.0732,46.4835,46.0578,46.4835,6548900
2019-11-25,46.4758,46.8396,46.1816,46.3055,8473300
2019-11-26,46.2668,46.6306,46.2126,46.3829,7285600
2019-11-27,46.5686,46.708,46.4216,46.5919,4246500
2019-11-29,46.6228,46.677,46.3829,46.468,3394800
2019-12-02,46.6383,46.8086,46.1971,46.259,5085600
2019-12-03,45.7946,45.7946,45.392,45.6165,8044600
2019-12-04,45.7249,46.2126,45.6398,45.9107,5926800
2019-12-05,45.9803,46.3519,45.8023,46.1352,4925400
2019-12-06,46.6383,46.8938,46.5299,46.5532,5894300
2019-12-09,46.4371,46.7622,46.3751,46.4448,4357900
2019-12-10,46.3132,46.5687,46.2203,46.4061,5719400
2019-12-11,46.4912,46.7931,45.8178,45.8642,8940500
2019-12-12,45.841,46.9866,45.8255,46.8705,7120600
2019-12-13,46.8163,47.0718,46.4758,46.6538,5424800
2019-12-16,47.1724,47.304,46.8628,46.9557,6758000
2019-12-17,46.917,47.1956,46.8163,46.9712,7301600
2019-12-18,47.0254,47.0795,46.1429,46.5145,12497800
2019-12-19,46.4603,46.6925,46.3442,46.4525,8029200
2019-12-20,46.9789,47.1569,46.2281,46.2668,14484000
2019-12-23,46.2668,46.4293,46.0268,46.1197,4971300
2019-12-24,46.1894,46.29,46.0732,46.1894,2246200
2019-12-26,46.3364,46.6073,46.1661,46.5609,4155100
2019-12-27,46.7235,46.7235,46.1739,46.2358,3661800
2019-12-30,46.4307,46.532,46.0487,46.1267,4020100
2019-12-31,46.0721,46.2982,45.8928,46.2202,4732000
2020-01-02,46.3605,46.3683,46.0019,46.15,5002100
2020-01-03,45.6044,45.846,45.2302,45.6121,5161800
2020-01-06,44.4896,45.0509,44.2947,44.9885,6869200
2020-01-07,44.8482,44.9729,44.5441,44.5597,4006800
2020-01-08,44.5909,44.8326,44.4584,44.4662,5627500
2020-01-09,44.7078,44.8716,44.3259,44.4818,5775400
2020-01-10,44.513,44.5519,44.1076,44.1777,5285000
2020-01-13,44.0608,44.2635,43.8036,44.2089,6235800
2020-01-14,44.1933,44.5909,44.0218,44.1154,6866500
2020-01-15,43.2423,43.5151,42.4783,42.8525,10158500
2020-01-16,42.681,43.0864,42.4081,43.024,12176100
2020-01-17,43.1253,43.2579,42.9616,43.1487,9546400
2020-01-21,42.7901,42.8681,42.377,42.4237,9490600
2020-01-22,42.5251,42.8915,42.4471,42.8291,6804900
2020-01-23,42.7122,42.8837,42.3692,42.7823,7107800
2020-01-24,42.7667,42.7667,41.7065,41.9716,6179500
2020-01-27,41.3168,41.8703,41.2154,41.7377,6296200
2020-01-28,41.9716,42.4081,41.8391,41.9872,5965200
2020-01-29,42.0807,42.3769,41.7299,41.7845,5026600
2020-01-30,41.4649,42.3458,41.4571,42.2912,6190800
2020-01-31,41.9092,42.0262,41.3557,41.4883,6355100
2020-02-03,41.7611,42.2912,41.7455,41.8546,6336900
2020-02-04,42.3926,42.7512,42.2444,42.2678,5512200
2020-02-05,42.8759,43.1799,42.7278,43.0318,6071600
2020-02-06,43.2813,43.3436,42.6654,42.72,4608800
2020-02-07,42.5952,42.6732,42.3302,42.5796,3626700
2020-02-10,42.4393,42.5952,42.1743,42.5952,5602700
2020-02-11,42.6498,43.1176,42.642,42.8213,5309400
2020-02-12,43.0786,43.4138,42.7122,42.7278,4112400
2020-02-13,42.6108,43.1643,42.4705,43.0162,4928100
2020-02-14,43.0396,43.1331,42.7511,42.9616,4351500
2020-02-18,42.7823,42.9538,41.9404,42.4237,5591200
2020-02-19,42.642,42.7823,42.5719,42.681,4219800
2020-02-20,42.5407,43.0552,42.5017,42.72,4906200
2020-02-21,42.5017,42.6342,42.1353,42.5251,5666000
2020-02-24,41.3557,41.7845,41.2778,41.3791,7773800
2020-02-25,41.3401,41.574,39.4068,39.5394,10564600
2020-02-26,39.9058,40.1084,38.7052,38.713,12018000
2020-02-27,37.9646,38.6507,37.037,37.0448,13413900
2020-02-28,35.8676,36.4133,35.0101,36.2028,24626100
2020-03-02,36.234,37.5437,35.4778,37.5437,12673900
2020-03-03,37.4034,38.2297,35.6104,35.9378,13197700
2020-03-04,36.3042,36.4835,35.3297,36.3743,12095400
2020-03-05,35.3141,35.3141,33.6225,34.1292,12815800
2020-03-06,32.4921,33.3107,32.2817,33.0924,14127500
2020-03-09,29.6389,30.4419,27.9707,28.3137,17811700
2020-03-10,29.9663,30.3483,28.1811,30.1222,16815700
2020-03-11,28.8438,29.3505,27.6978,28.2279,18947700
2020-03-12,26.2167,26.8169,24.182,24.6419,20621100
2020-03-13,26.9884,28.9607,25.6943,28.9217,20211400
2020-03-16,23.4258,27.6744,23.3868,25.3903,14280000
2020-03-17,26.014,26.7468,24.3535,26.2868,16232200
2020-03-18,24.4704,26.4739,24.0962,25.7255,18092700
2020-03-19,25.2032,26.4505,24.221,25.8892,16042700
2020-03-20,26.4115,26.4505,24.2054,25.3903,20375900
2020-03-23,24.7589,25.1409,22.2877,22.5527,13417600
2020-03-24,24.0729,24.5562,23.1998,24.3223,14752200
2020-03-25,24.4782,26.3024,23.3791,24.9694,17018600
2020-03-26,25.2422,28.6255,25.1253,28.2045,16014300
2020-03-27,26.8637,28.9919,26.6376,27.8849,11470300
2020-03-30,27.6088,28.4765,26.8279,28.2951,9825600
2020-03-31,27.9559,28.6895,26.7569,27.175,11034500
2020-04-01,25.6604,26.0312,24.6586,25.1871,11203900
2020-04-02,24.9268,26.0943,24.8085,25.7709,8497600
2020-04-03,25.5737,25.9365,24.28,24.6034,7148800
2020-04-06,26.1653,27.3801,26.0312,27.1119,9205000
2020-04-07,28.9656,29.0997,27.0882,27.175,8122100
2020-04-08,27.5773,28.3188,27.1197,28.1216,7236600
2020-04-09,28.9577,30.5906,28.7368,30.0147,10116700
2020-04-13,29.9753,30.0463,28.658,29.0208,7678300
2020-04-14,29.7308,29.7308,27.806,28.2399,7781800
2020-04-15,27.7114,28.0032,25.8813,26.2915,11726400
2020-04-16,26.047,26.536,24.7691,25.0688,10664600
2020-04-17,26.0943,27.8376,26.0943,27.6562,10757200
2020-04-20,26.82,27.7903,26.3783,27.0172,10342000
2020-04-21,26.0312,26.4729,25.5579,25.8182,11434400
2020-04-22,26.4335,26.6465,25.976,26.2284,7240400
2020-04-23,26.5124,27.1513,26.181,26.323,7311800
2020-04-24,26.5597,27.0566,25.9286,26.82,7682200
2020-04-27,27.1434,28.5239,27.0172,28.303,8306800
2020-04-28,29.3758,29.9595,28.8473,28.9104,6988800
2020-04-29,29.9674,30.7168,29.3206,30.3382,7844200
2020-04-30,29.4941,29.5414,28.5475,28.7921,7796400
2020-05-01,28.1689,28.2557,27.3327,27.5615,6554300
2020-05-04,27.0803,27.3722,26.6859,27.1908,5988300
2020-05-05,27.5773,27.7981,26.3861,26.4571,7305200
2020-05-06,26.7017,26.8989,26.0548,26.1968,9640400
2020-05-07,26.5912,27.5852,26.5755,26.9778,6983600
2020-05-08,27.6088,27.9401,27.1434,27.4116,5617700
2020-05-11,26.8673,26.9462,26.0548,26.3073,7158300
2020-05-12,26.4493,26.4493,24.9347,24.9663,11626300
2020-05-13,24.7691,24.8243,22.9153,23.2309,15304800
2020-05-14,22.7654,24.6665,22.371,24.5876,14770900
2020-05-15,24.2879,24.5561,23.7594,24.2011,12087500
2020-05-18,25.337,26.1653,25.1161,25.9996,9197800
2020-05-19,25.692,25.9129,25.0925,25.2345,7533600
2020-05-20,25.7156,26.2363,25.692,26.0785,10122500
2020-05-21,25.9129,26.3073,25.8182,25.9681,5890500
2020-05-22,25.9523,26.0391,25.408,25.976,5534000
2020-05-26,27.2065,28.6185,27.1513,28.2636,11156600
2020-05-27,29.9674,30.488,28.9498,29.6755,9938900
2020-05-28,30.0463,30.1015,28.7053,28.7999,9030100
2020-05-29,28.2872,28.7842,27.9401,28.0506,18241700
2020-06-01,28.232,29.2259,28.09,28.9419,6594300
2020-06-02,29.4231,29.5967,28.6659,28.8867,6596500
2020-06-03,29.6992,30.6616,29.6046,30.5117,9656100
2020-06-04,30.5117,31.6239,30.0147,31.6082,9142500
2020-06-05,34.3138,34.9133,32.9255,33.4225,12586800
2020-06-08,33.88,34.6609,33.4619,34.3217,10445800
2020-06-09,33.0359,33.5644,32.61,33.2095,7580400
2020-06-10,32.7756,32.9413,30.9061,31.0165,11590200
2020-06-11,28.9104,29.7308,28.445,28.5081,16095900
2020-06-12,30.1015,30.1883,28.8631,29.5888,9329300
2020-06-15,28.2635,30.7799,28.1294,30.5906,11284100
2020-06-16,31.8842,31.9474,30.2751,31.0323,9409400
2020-06-17,31.0797,31.2532,30.3303,30.3776,7153000
2020-06-18,30.0147,30.9929,29.8885,30.4249,5425900
2020-06-19,31.0481,31.0481,29.8964,30.6616,42484600
2020-06-22,30.3382,30.5354,29.8885,30.1488,8321200
2020-06-23,30.6852,31.1191,30.2435,30.4486,6545800
2020-06-24,30.0384,30.0857,28.9183,29.0839,7351300
2020-06-25,28.9577,30.1094,28.8394,30.0147,6023400
2020-06-26,29.1944,29.3837,28.3582,28.445,13960100
2020-06-29,28.9159,29.3947,28.6285,29.0116,5352100
2020-06-30,28.6685,29.6182,28.5727,29.3868,7709300
2020-07-01,29.4666,29.6342,28.5727,28.7163,6902400
2020-07-02,29.5224,29.706,28.5567,28.6445,5768200
2020-07-06,29.3149,30.0492,29.0515,29.3947,6069500
2020-07-07,28.9957,29.0196,28.3093,28.3971,6683600
2020-07-08,28.3572,28.6764,27.8464,28.3412,5969900
2020-07-09,28.1816,28.3572,27.144,27.3117,6103500
2020-07-10,27.4713,29.1234,27.3356,29.0835,8974900
2020-07-13,29.3309,29.7459,28.6126,29.3947,6708000
2020-07-14,29.1633,29.5943,28.5248,28.9638,7961500
2020-07-15,30.4642,30.6159,29.6182,30.0412,7798200
2020-07-16,29.6661,30.7037,29.5464,29.9774,6105600
2020-07-17,29.9454,29.9853,28.7403,28.7562,9154500
2020-07-20,28.6046,28.8361,28.3253,28.3891,7234100
2020-07-21,28.5886,29.5065,28.5487,29.2112,9232100
2020-07-22,29.0595,29.3548,28.7483,28.9398,6305500
2020-07-23,28.8041,29.4586,28.7323,29.3469,5988200
2020-07-24,29.4586,29.9135,29.3548,29.4666,7385800
2020-07-27,29.2112,29.2271,28.4051,28.86,6452300
2020-07-28,28.7243,29.1393,28.6684,28.9877,7658800
2020-07-29,28.9478,30.1929,28.7403,30.0971,6527700
2020-07-30,29.2591,29.5623,28.7483,29.4586,6202100
2020-07-31,29.2511,29.4267,28.7962,29.4027,7707300
2020-08-03,29.3628,29.6023,29.0276,29.3708,4683700
2020-08-04,29.2351,29.3309,28.86,28.9159,4098900
2020-08-05,29.1314,29.4905,29.1154,29.4187,4585300
2020-08-06,29.2431,29.6501,29.1633,29.3628,3227200
2020-08-07,29.0196,29.9055,28.8121,29.8976,7818900
2020-08-10,30.113,30.3206,29.722,29.9055,7739300
2020-08-11,30.6797,31.406,30.3764,30.544,7527000
2020-08-12,31.2145,31.2544,29.8497,30.1769,4864100
2020-08-13,29.8896,30.1689,29.5863,29.8257,4084600
2020-08-14,29.5384,30.2966,29.4187,30.153,3971800
2020-08-17,29.9854,30.0253,29.4107,29.4746,5522600
2020-08-18,29.4506,29.5544,28.9478,28.9957,4335500
2020-08-19,29.0037,29.4506,28.7642,28.86,4218700
2020-08-20,28.5248,28.6844,28.2135,28.421,4373400
2020-08-21,28.4131,28.5168,27.9581,28.1018,5999700
2020-08-24,28.2534,29.3389,28.1976,29.3309,5276300
2020-08-25,29.6262,29.8577,29.0516,29.2192,4890800
2020-08-26,29.1074,29.275,28.8839,28.9079,4649000
2020-08-27,28.9079,29.7539,28.8839,29.4825,5600600
2020-08-28,29.8098,29.8098,29.267,29.69,4666600
2020-08-31,29.5065,29.5783,28.9239,29.0515,6037300
2020-09-01,28.86,29.4506,28.6924,29.283,5984200
2020-09-02,29.2431,30.145,29.1393,30.0173,8346100
2020-09-03,30.3046,31.0788,29.7459,29.8976,9892300
2020-09-04,30.5839,30.9271,29.9614,30.576,8406900
2020-09-08,30.0173,30.2886,29.0755,29.3069,9781700
2020-09-09,29.5384,29.5943,29.0755,29.1553,5718900
2020-09-10,29.3229,29.6741,28.5248,28.5567,7381700
2020-09-11,28.5727,29.3309,28.453,29.275,6330300
2020-09-14,29.5464,30.5201,29.4746,30.2248,5797000
2020-09-15,30.2407,30.3924,29.6182,29.7858,7353500
2020-09-16,29.7858,30.9032,29.6661,30.4562,5697300
2020-09-17,30.0731,30.4483,29.8896,30.2407,6422600
2020-09-18,29.9694,30.3684,29.8417,30.0253,7800000
2020-09-21,29.275,29.6741,28.429,28.86,8109100
2020-09-22,28.9398,29.0515,28.1896,28.4051,7230500
2020-09-23,28.5807,28.9159,27.5271,27.5351,6665800
2020-09-24,27.6788,28.1896,27.2717,27.7187,6961400
2020-09-25,27.4553,28.1178,27.3037,28.0619,4565600
2020-09-28,28.6365,29.0994,28.4689,28.8121,5622700
2020-09-29,28.6668,28.7314,28.0369,28.5053,5202800
2020-09-30,28.6264,29.2078,28.5376,28.9494,9457500
2020-10-01,29.0947,29.1432,28.6183,29.0705,4618100
2020-10-02,28.5618,29.8377,28.4649,29.6923,5406100
2020-10-05,30.1364,30.6209,29.9669,30.4675,5471700
2020-10-06,30.8067,31.3316,30.0961,30.2172,6061100
2020-10-07,30.7259,31.5415,30.6775,31.3235,7673000
2020-10-08,31.4931,32.026,31.3235,31.8968,6988400
2020-10-09,32.0583,32.1068,31.1539,31.6303,6504700
2020-10-12,31.5173,32.2764,31.3235,32.0987,7249500
2020-10-13,31.8968,32.0502,30.9439,31.0247,6460000
2020-10-14,31.0409,31.9049,30.8632,30.8874,7761200
2020-10-15,30.8471,31.7757,30.734,31.6061,6006800
2020-10-16,31.6949,32.0583,31.1943,31.6061,5679000
2020-10-19,31.7757,32.0583,31.38,31.4688,6117200
2020-10-20,31.7434,32.1633,31.6142,31.6626,5666300
2020-10-21,31.5011,31.7838,31.3154,31.3477,4911800
2020-10-22,31.3073,32.7447,31.3073,32.6882,6366100
2020-10-23,33.0112,33.1323,32.3571,32.8335,5760500
2020-10-26,32.4459,32.5186,31.7999,32.2683,6300100
2020-10-27,32.0018,32.0825,31.0005,31.0166,6944000
2020-10-28,30.4271,30.7098,30.0234,30.1203,8437800
2020-10-29,29.9911,30.952,29.5308,30.7421,6634200
2020-10-30,30.6775,31.4608,30.4917,31.4527,6210100
2020-11-02,31.8564,32.3975,31.3073,32.0906,5915600
2020-11-03,32.7366,33.1808,32.6236,32.9627,6210400
2020-11-04,32.0422,32.5267,31.0651,31.4931,7494700
2020-11-05,31.4608,32.8255,31.4608,32.672,5535900
2020-11-06,32.9627,33.0516,31.4123,31.6303,6210300
2020-11-09,34.6989,36.3301,34.3113,35.6598,16088500
2020-11-10,35.9263,35.9263,34.9088,35.6437,8062400
2020-11-11,35.5549,35.6518,34.5697,35.3288,7680500
2020-11-12,34.6908,34.8846,34.0206,34.5697,8025000
2020-11-13,34.925,35.1996,34.7393,34.9735,5968700
2020-11-16,36.0636,36.3705,35.3691,35.7567,7642100
2020-11-17,35.1995,35.8052,34.9169,35.5549,7384500
2020-11-18,35.7487,36.1443,34.9008,34.9331,7324800
2020-11-19,34.707,34.9734,34.1902,34.9169,7476300
2020-11-20,34.7635,34.8604,34.2548,34.4486,5242500
2020-11-23,34.9412,35.0219,34.5778,34.7958,5943400
2020-11-24,35.5629,36.6854,35.466,36.6612,8718100
2020-11-25,36.2574,36.2574,35.8294,36.0797,5407800
2020-11-27,36.0959,36.1282,35.571,35.7002,2871800
2020-11-30,35.7648,35.999,34.7796,34.8927,14916400
2020-12-01,35.781,35.9828,35.5387,35.7325,6850700
2020-12-02,35.6841,36.2009,35.4983,36.0797,5822700
2020-12-03,36.1443,36.6208,35.8859,36.3139,6192000
2020-12-04,36.6531,36.8469,36.3704,36.6369,6634900
2020-12-07,36.2332,36.3705,35.8456,36.1766,7054500
2020-12-08,35.7325,36.3543,35.6518,36.322,5289500
2020-12-09,36.645,37.2668,36.5319,37.0245,9415200
2020-12-10,36.7742,37.3637,36.6208,37.2426,7318300
2020-12-11,36.7984,37.1214,36.5965,37.0165,5266800
2020-12-14,37.5494,37.7432,36.0959,36.1847,5518000
2020-12-15,36.4431,36.5562,35.9344,36.4916,5787400
2020-12-16,36.5319,36.7338,36.3381,36.6208,5711600
2020-12-17,36.7742,36.7742,36.1766,36.5642,6017900
2020-12-18,36.4916,36.6531,35.9102,36.2251,14375000
2020-12-21,36.4027,36.7419,35.7002,36.6046,10715700
2020-12-22,36.8227,37.1618,36.532,36.8146,8468900
2020-12-23,37.1134,37.9209,37.0165,37.7352,6693000
2020-12-24,37.6948,37.7351,37.1618,37.5413,1980900
2020-12-28,37.8401,38.1551,37.5817,37.6786,4330800
2020-12-29,37.8078,37.8321,37.2183,37.2506,4083400
2020-12-30,37.3973,37.7151,37.3403,37.6092,3157400
2020-12-31,37.5929,38.0248,37.3892,37.9678,3778500
2021-01-04,38.0493,38.2204,37.161,37.5848,6738800
2021-01-05,37.5766,37.9841,37.1284,37.707,5334600
2021-01-06,38.7338,40.4452,38.3263,39.9399,12378300
2021-01-07,40.4615,41.5046,40.3881,40.7386,7778600
2021-01-08,40.7793,40.9341,39.7769,40.1925,6574400
2021-01-11,39.7606,40.2985,39.5325,40.2089,5631500
2021-01-12,40.6163,40.8282,40.3066,40.4615,5901900
2021-01-13,40.2577,40.6489,40.054,40.3474,5536300
2021-01-14,40.4289,40.5756,40.1518,40.16,6949400
2021-01-15,39.5406,39.7769,39.1331,39.4428,8547300
2021-01-19,39.4102,39.6628,39.1413,39.1739,12398000
2021-01-20,38.3019,38.6686,36.8269,37.1447,12256200
2021-01-21,37.2343,37.5522,36.8269,37.218,12365900
2021-01-22,36.9654,37.65,36.9084,37.3729,9036800
2021-01-25,37.1284,37.5277,36.5987,37.2914,9576900
2021-01-26,37.6092,37.6418,36.8187,36.8269,7909200
2021-01-27,36.3461,36.4683,34.8221,34.8873,11801800
2021-01-28,35.5719,35.9386,34.8221,35.6697,8597200
2021-01-29,35.6289,35.8571,34.8955,34.9199,7339300
2021-02-01,35.2622,35.3192,34.6103,34.8384,6666900
2021-02-02,35.2785,36.2809,35.2785,36.0608,6487400
2021-02-03,35.8652,36.5416,35.849,36.452,5850300
2021-02-04,36.6557,37.7722,36.4602,37.7396,6633800
2021-02-05,38.1797,38.2123,37.5929,37.7722,4146600
2021-02-08,37.8618,38.6605,37.8455,38.6279,5986200
2021-02-09,38.4975,38.9946,38.2693,38.799,4940300
2021-02-10,39.0191,39.0435,38.5545,38.5871,5625500
2021-02-11,38.5138,38.8072,38.1797,38.5056,4413300
2021-02-12,38.3997,39.2635,38.3589,38.8235,4141600
2021-02-16,39.345,39.8992,39.125,39.6465,5603600
2021-02-17,39.5162,40.2496,39.2391,40.1762,6928600
2021-02-18,39.834,40.3392,39.4021,39.9807,7617300
2021-02-19,40.2007,40.8852,40.1518,40.763,5374200
2021-02-22,40.5837,41.6676,40.5837,41.5127,7017900
2021-02-23,42.2462,42.947,41.7654,42.0587,9904100
2021-02-24,42.1076,43.2241,42.0017,43.0367,6814400
2021-02-25,43.599,43.6316,42.0343,42.0751,6254500
2021-02-26,41.798,41.8306,40.6245,40.7467,9499600
2021-03-01,41.5779,42.0099,41.4639,41.692,8921300
2021-03-02,41.7165,41.8958,41.2357,41.2764,7360600
2021-03-03,41.4883,42.5233,41.3253,41.692,7442800
2021-03-04,41.6431,41.9936,40.7793,41.5779,10901400
2021-03-05,42.1647,42.9389,41.0727,42.7596,10621000
2021-03-08,43.1915,44.3243,42.8085,44.0472,9847600
2021-03-09,43.0856,43.8761,42.7596,43.11,8899100
2021-03-10,43.2567,44.145,43.0856,43.8272,8455100
2021-03-11,43.4686,44.0472,43.11,43.4767,6141300
2021-03-12,44.1613,44.5932,44.0065,44.528,5415500
2021-03-15,44.528,44.6176,43.4441,43.9901,6228000
2021-03-16,43.6642,43.8842,43.0285,43.8761,9928300
2021-03-17,44.2591,44.5687,43.7701,44.4058,7768700
2021-03-18,44.8214,46.4675,44.7643,45.8563,11182900
2021-03-19,45.4733,45.5956,44.6991,44.9925,28076700
2021-03-22,44.8214,44.8214,43.8761,44.202,6976700
2021-03-23,43.7457,44.4547,43.3056,43.6642,10640100
2021-03-24,43.9005,44.5117,43.5745,43.5745,6880700
2021-03-25,43.5827,44.7643,43.4604,44.7317,8728200
2021-03-26,45.2533,45.8808,45.074,45.8074,9628300
2021-03-29,45.2777,45.7178,44.6502,45.3103,11780100
2021-03-30,45.7045,46.1151,45.3842,45.8769,6624000
2021-03-31,45.6306,46.0247,45.4007,45.4171,6752700
2021-04-01,45.2693,45.8523,45.0968,45.8441,6219400
2021-04-05,46.345,46.5995,46.0986,46.2875,4769200
2021-04-06,46.0576,46.3203,45.7538,46.1725,4513200
2021-04-07,46.3942,46.6981,46.189,46.6488,5068800
2021-04-08,46.4928,46.8541,45.9262,46.6242,6361400
2021-04-09,47.0758,47.1743,46.6077,47.0429,5990100
2021-04-12,47.2975,47.4617,47.0594,47.3632,5185600
2021-04-13,46.9854,47.0511,46.4599,46.501,6099300
2021-04-14,46.4107,47.4863,46.1807,47.2811,6508900
2021-04-15,46.6734,46.9608,44.7766,46.2546,13346400
2021-04-16,46.7309,48.0037,46.4353,47.511,7934200
2021-04-19,47.4699,47.7902,47.24,47.396,6586600
2021-04-20,46.8459,47.0265,46.115,46.1643,10679900
2021-04-21,45.9016,46.8787,45.5156,46.7966,6051500
2021-04-22,46.4764,46.7227,46.1151,46.1151,6050400
2021-04-23,46.1561,47.3468,46.0494,46.9937,6229600
2021-04-26,47.2564,47.8477,47.1168,47.4535,5588600
2021-04-27,47.782,47.9462,47.4864,47.8887,5627500
2021-04-28,48.0365,48.6031,48.0119,48.4225,5281900
2021-04-29,48.7673,49.375,48.677,49.2928,6111800
2021-04-30,48.9069,49.1615,48.5128,48.7345,6581800
2021-05-03,48.9644,49.3011,48.6359,48.6852,4870200
2021-05-04,48.4471,49.8102,48.2993,49.7609,7908000
2021-05-05,49.7445,50.0729,49.2107,49.5885,6789200
2021-05-06,49.8841,50.4835,49.5556,50.4506,5512900
2021-05-07,49.5392,50.426,49.416,50.3932,6158800
2021-05-10,50.7463,51.1322,50.1715,50.229,7013500
2021-05-11,49.9169,50.5574,49.3093,49.3914,6943500
2021-05-12,50.1304,50.3275,48.8248,48.9069,9206700
2021-05-13,48.7427,50.582,48.7016,50.1715,5329700
2021-05-14,50.3768,50.9844,50.3028,50.8366,4087700
2021-05-17,50.5492,51.2554,50.4671,51.0829,4151300
2021-05-18,51.0583,51.2964,49.9333,49.9662,5832200
2021-05-19,49.4324,49.5228,48.5538,49.3257,8055000
2021-05-20,49.2518,49.416,48.5374,48.9644,6338800
2021-05-21,49.104,49.9416,48.9808,49.572,5347800
2021-05-24,49.7445,49.8348,49.3832,49.6131,3504600
2021-05-25,49.7034,50.1715,48.9069,48.9808,5028200
2021-05-26,49.0629,49.1451,48.365,49.0465,7436100
2021-05-27,49.687,50.2946,49.4899,49.8759,12453000
2021-05-28,49.9005,50.0565,49.4653,49.9087,6127000
2021-06-01,50.5081,50.7134,49.8759,50.0812,4967000
2021-06-02,50.0811,50.3439,49.6459,49.8184,5573300
2021-06-03,49.6706,50.3193,49.5146,49.7937,4631500
2021-06-04,49.8348,49.9087,49.3667,49.9005,4581600
2021-06-07,50.0319,50.0483,49.6213,49.7116,4520800
2021-06-08,49.4407,49.7445,48.8494,49.5063,5617400
2021-06-09,49.0958,49.1533,48.6113,48.6524,6549800
2021-06-10,49.3668,49.4571,48.1186,48.1268,4873800
2021-06-11,48.2664,48.6359,48.1022,48.562,5659300
2021-06-14,48.4142,48.5456,47.4371,47.7573,5035400
2021-06-15,47.7327,48.2746,47.5767,48.0447,5807800
2021-06-16,47.6998,48.3732,47.084,47.9872,8635300
2021-06-17,48.3568,48.4142,45.5977,45.7538,8333100
2021-06-18,44.9737,45.3514,44.3907,44.949,19017200
2021-06-21,45.2118,46.0822,45.2118,45.9672,5680700
2021-06-22,46.1807,46.189,45.4499,45.9344,4183300
2021-06-23,46.0001,46.4107,45.7948,46.0986,5655900
2021-06-24,46.2218,46.9198,45.9919,46.7063,5761900
2021-06-25,47.0758,47.6013,46.657,47.5028,4931100
2021-06-28,47.3468,47.4371,46.772,47.2482,5143200
2021-06-29,47.2978,47.8024,46.694,46.8677,6974000
2021-06-30,46.8429,47.3309,46.7188,47.1241,4664100
2021-07-01,47.4385,47.6453,47.149,47.6287,3660400
2021-07-02,47.6535,47.7611,47.2978,47.6204,3520900
2021-07-06,47.2317,47.4219,46.0157,46.3301,5008700
2021-07-07,46.0488,46.7188,45.8751,46.3135,5125700
2021-07-08,45.5939,46.024,45.2216,45.5277,5977700
2021-07-09,46.388,47.182,46.1977,47.1241,4437300
2021-07-12,46.7023,47.7693,46.3218,47.6287,5403100
2021-07-13,47.4798,47.637,46.7685,47.0828,4387500
2021-07-14,47.149,47.5046,46.512,47.1407,6398100
2021-07-15,46.8429,49.4071,46.6278,48.6544,10314800
2021-07-16,48.762,48.8199,47.1903,47.2896,5779400
2021-07-19,46.206,46.5948,44.8329,45.0893,8560800
2021-07-20,45.1637,46.9753,44.9239,46.3962,6271100
2021-07-21,46.7933,47.5708,46.7271,47.3144,5544800
2021-07-22,47.3061,47.3475,46.024,46.1646,4042900
2021-07-23,46.5699,46.9091,45.9496,46.0902,3570500
2021-07-26,46.0654,46.6609,45.9247,46.4707,3721700
2021-07-27,45.9082,46.6196,45.5773,46.4459,4332400
2021-07-28,46.7354,46.8346,45.8834,46.3549,4063600
2021-07-29,46.785,46.9753,46.1729,46.6857,7566000
2021-07-30,46.3962,46.785,45.6021,45.9413,6478400
2021-08-02,46.2142,47.0001,45.5856,45.6021,4741300
2021-08-03,45.933,46.3383,44.9569,46.2308,5102700
2021-08-04,45.7758,46.1067,45.3953,45.5442,4101400
2021-08-05,45.9413,46.2887,45.7924,46.1646,3774500
2021-08-06,46.785,47.5626,46.6278,47.149,4756100
2021-08-09,47.0662,47.6039,46.6609,47.182,3672300
2021-08-10,47.058,47.8769,47.0166,47.7032,3759600
2021-08-11,47.8934,48.6627,47.5212,48.6296,5462200
2021-08-12,48.58,48.8033,48.1995,48.6792,3758200
2021-08-13,48.8199,48.9439,48.0423,48.1581,3630500
2021-08-16,47.8024,47.9265,47.1159,47.6204,3219600
2021-08-17,47.2234,47.5791,46.421,46.9504,3474500
2021-08-18,46.6692,47.182,46.3218,46.3631,4656800
2021-08-19,45.9082,46.3135,45.3457,45.7758,5568800
2021-08-20,45.66,46.1398,45.4946,46.0571,3650900
2021-08-23,46.2887,46.7188,46.2639,46.4624,3674900
2021-08-24,46.5865,47.0745,46.4376,46.9918,3210400
2021-08-25,47.2151,48.1085,47.0497,47.6783,3983400
2021-08-26,47.8686,47.9513,47.2648,47.3475,3340500
2021-08-27,47.5046,48.2822,47.364,48.2243,4432400
2021-08-30,48.1581,48.3318,47.1159,47.2151,4848600
2021-08-31,47.3309,47.8355,47.0662,47.4716,6869000
2021-09-01,47.6535,47.6535,46.4128,46.4624,6533600
2021-09-02,46.5286,46.9504,46.3466,46.6857,5307500
2021-09-03,46.7271,46.7767,46.1646,46.4459,3921800
2021-09-07,46.5534,47.1076,46.0984,46.1812,4879100
2021-09-08,46.0157,46.2225,45.5856,45.7758,3501700
2021-09-09,45.751,46.7023,45.6518,46.1729,4810100
2021-09-10,46.4789,46.6196,45.842,45.8668,3856300
2021-09-13,46.2722,46.785,46.1812,46.7685,5448400
2021-09-14,46.9422,47.1159,45.8751,46.2473,5432200
2021-09-15,46.512,47.9513,46.4376,47.8107,7194300
2021-09-16,47.9761,48.2574,47.0001,47.2317,6056000
2021-09-17,47.0414,47.5625,47.0332,47.1572,10014300
2021-09-20,45.8586,46.1398,45.1555,46.0571,8945100
2021-09-21,46.421,47.5295,46.2225,47.2317,10332300
2021-09-22,47.8769,48.7371,47.7528,47.91,8715700
2021-09-23,48.4642,49.3244,48.3815,49.0432,8216800
2021-09-24,49.1342,49.8952,49.0266,49.4568,4770700
2021-09-27,50.0275,50.7306,49.9944,50.5404,5388200
2021-09-28,50.7141,51.0036,49.8869,49.9779,7223100
2021-09-29,50.0112,50.5614,49.7028,50.228,4934700
2021-09-30,50.528,50.5614,49.4945,49.5445,5648600
2021-10-01,49.8029,50.9448,49.6778,50.6447,6334000
2021-10-04,50.478,51.3532,50.3113,50.453,5305300
2021-10-05,50.7864,51.4115,50.4197,51.0865,5365100
2021-10-06,50.7947,51.2615,50.1613,51.2198,5037100
2021-10-07,51.6866,52.12,51.3532,51.5783,5104900
2021-10-08,51.6199,52.195,51.3865,51.9533,4554500
2021-10-11,52.3284,52.5118,51.5366,51.5532,3713300
2021-10-12,51.4199,51.795,50.9948,51.3949,4108300
2021-10-13,51.2448,51.3782,50.1696,51.2282,5000800
2021-10-14,50.0112,50.2863,48.8443,50.0779,8490700
2021-10-15,50.2113,50.5614,49.2027,50.2029,9158100
2021-10-18,49.8695,50.7947,49.8695,50.4947,5212200
2021-10-19,50.7364,51.1532,50.553,51.1365,3506800
2021-10-20,50.9948,52.1701,50.6614,52.1617,4806200
2021-10-21,52.1534,52.3368,51.4949,51.8283,4699000
2021-10-22,51.9033,52.3534,51.5866,52.2951,5251100
2021-10-25,52.3868,52.5201,51.9867,52.1117,3043600
2021-10-26,52.1701,52.2867,51.7366,52.045,3825600
2021-10-27,51.7533,51.795,50.1529,50.2446,7255000
2021-10-28,50.503,50.8197,50.2113,50.7864,3979100
2021-10-29,50.8698,51.0115,50.1779,50.3196,4008400
2021-11-01,50.7864,50.9114,50.2696,50.6614,2797500
2021-11-02,50.7031,50.9364,50.253,50.7281,3588300
2021-11-03,50.4947,51.895,50.428,51.5366,4187500
2021-11-04,51.2365,51.2865,49.8112,50.2446,4260300
2021-11-05,50.7781,51.0365,50.3697,50.5864,3907500
2021-11-08,50.7781,50.9531,50.228,50.5864,3563800
2021-11-09,50.1029,50.378,49.6695,50.0696,4042900
2021-11-10,50.2363,50.7531,50.1279,50.4197,3580100
2021-11-11,50.4197,50.9364,50.3613,50.6614,2893700
2021-11-12,50.6114,50.6864,49.9779,50.428,3686000
2021-11-15,50.6447,50.6947,50.303,50.3947,3190100
2021-11-16,50.503,50.8281,49.9112,50.4447,3910500
2021-11-17,50.328,50.403,49.4278,49.4444,4177300
2021-11-18,49.5111,49.5111,48.6609,48.886,3947000
2021-11-19,48.5109,48.5359,47.6607,48.0024,4302300
2021-11-22,48.7276,49.8362,48.6026,49.161,5534300
2021-11-23,49.5778,50.228,49.4528,50.0696,4686500
2021-11-24,49.9696,50.5114,49.6111,49.8779,2862800
2021-11-26,48.2108,48.2275,47.1356,47.9274,4654300
2021-11-29,47.8441,48.5026,47.344,47.8441,4965300
2021-11-30,47.294,47.319,46.0687,46.127,10030800
2021-12-01,47.1606,47.569,45.6936,45.7186,6293100
2021-12-02,46.3271,47.5774,45.8853,47.1773,5410900
2021-12-03,47.1939,47.3606,46.027,46.3354,6285700
2021-12-06,47.294,47.9691,46.9856,47.4107,6425500
2021-12-07,47.7357,48.3275,47.5107,48.0858,8751700
2021-12-08,48.0775,48.2858,47.494,47.544,4190900
2021-12-09,47.369,48.0775,47.0189,47.6857,5617000
2021-12-10,48.2442,48.3109,47.6524,48.1525,4034800
2021-12-13,48.0441,48.1358,47.2189,47.3606,4763100
2021-12-14,47.4523,48.2442,47.3523,47.7691,4585600
2021-12-15,47.9024,48.0525,47.0272,47.294,6417600
2021-12-16,47.9441,48.4859,47.5523,47.8691,7989200
2021-12-17,47.569,47.6607,46.2604,46.4521,14924000
2021-12-20,45.802,45.927,44.8768,45.7353,6655900
2021-12-21,46.2604,46.8522,46.2604,46.5438,4620100
2021-12-22,46.4521,46.7605,46.2104,46.7355,4896000
2021-12-23,47.1189,47.444,46.8022,46.9355,4679500
2021-12-27,46.9522,47.319,46.6355,47.294,3709200
2021-12-28,47.0356,47.5857,46.8689,47.3023,3129000
2021-12-29,47.3773,47.5107,47.1189,47.1773,4269200
2021-12-30,47.2193,47.6058,47.1521,47.1857,4346700
2021-12-31,47.1016,47.379,46.9924,47.2025,3282500
2022-01-03,47.1268,48.2361,47.1268,48.1269,5430900
2022-01-04,48.8328,49.6479,48.6647,49.3874,7552600
2022-01-05,49.7403,49.8244,49.0765,49.1269,6527200
2022-01-06,50.026,50.4798,49.5302,50.463,5783200
2022-01-07,50.337,51.4042,50.1521,51.2614,7040100
2022-01-10,52.1017,52.1017,51.0597,51.5639,7635500
2022-01-11,51.816,52.2614,51.253,52.2026,6316800
2022-01-12,52.3874,52.5975,52.0849,52.5135,5649600
2022-01-13,52.7488,53.4211,52.6059,53.1017,6612600
2022-01-14,52.337,53.1774,51.9589,53.1522,7236700
2022-01-18,53.1942,53.4043,52.0681,52.2614,7624500
2022-01-19,48.9252,50.0261,48.1437,48.2109,13764600
2022-01-20,47.547,49.0176,46.6394,47.8495,13476700
2022-01-21,47.6058,47.7067,46.2781,46.3033,13354000
2022-01-24,45.6478,47.9588,45.11,47.7403,15290400
2022-01-25,47.4798,48.5722,46.7151,48.2445,8466200
2022-01-26,48.7403,49.1773,47.6311,48.3706,7507100
2022-01-27,48.9924,49.3622,47.8832,48.2697,7130000
2022-01-28,48.1941,48.8412,47.4798,48.8075,6843800
2022-01-31,48.3285,48.9924,47.6647,48.9,9476100
2022-02-01,48.858,49.8496,48.5134,49.8076,6341700
2022-02-02,49.5471,50.379,49.3622,50.2277,7702200
2022-02-03,50.3622,50.4966,49.5639,49.7067,4809300
2022-02-04,49.7992,50.6227,49.5639,50.1689,5307300
2022-02-07,50.1773,50.379,49.6731,50.0681,5853100
2022-02-08,50.5891,50.8412,49.5807,50.0681,11056100
2022-02-09,50.1605,50.4042,49.942,50.2109,5928600
2022-02-10,50.1437,50.6227,49.5891,49.7571,6952800
2022-02-11,49.4546,50.3538,48.9084,49.2025,7330400
2022-02-14,49.1605,49.463,48.1185,48.6311,7279600
2022-02-15,49.1185,49.547,48.8916,49.2529,4244700
2022-02-16,48.7739,49.6563,48.7739,49.2445,3994100
2022-02-17,48.7907,48.9252,47.9084,48.0092,4721800
2022-02-18,47.8495,48.5302,47.8159,47.984,6264900
2022-02-22,48.1521,48.9336,47.7655,48.5722,7458300
2022-02-23,48.9672,49.0008,47.4294,47.6058,8561100
2022-02-24,46.0008,46.6226,45.1856,46.4966,11719500
2022-02-25,46.8747,48.2781,46.8747,48.1857,10009500
2022-02-28,46.6815,47.6395,46.5806,47.5134,9501500
2022-03-01,46.8747,47.1773,45.0008,45.2613,13167700
2022-03-02,45.8579,47.4966,45.8579,47.2529,9063200
2022-03-03,47.4714,47.8411,47.0092,47.3201,8283000
2022-03-04,46.152,46.463,45.6478,46.4294,7772000
2022-03-07,46.1016,46.1856,44.6142,44.6226,10401800
2022-03-08,45.2108,45.9924,44.4209,44.7486,9850200
2022-03-09,46.2361,46.6646,45.5386,45.8075,7817800
2022-03-10,45.2108,45.5974,44.068,44.5302,10672200
2022-03-11,44.8243,45.5554,44.2108,44.2444,7434500
2022-03-14,44.8327,45.9251,44.6982,45.3369,9175200
2022-03-15,45.8159,45.9419,44.9251,45.7151,7606400
2022-03-16,46.4882,47.3453,46.3705,47.2949,9093800
2022-03-17,46.6478,47.6227,46.2277,47.6058,6955700
2022-03-18,47.5974,47.6731,46.7571,47.505,18475700
2022-03-21,47.2025,47.8243,46.7655,47.1941,8431200
2022-03-22,48.0596,48.5554,47.6983,47.9168,4754000
2022-03-23,47.5386,47.8327,46.8915,46.9336,6456400
2022-03-24,46.9084,47.2697,46.7487,47.1016,6459900
2022-03-25,47.3033,48.0596,47.1437,48.0008,4079600
2022-03-28,47.6479,47.858,46.942,47.6563,6882500
2022-03-29,48.4882,48.6731,47.505,47.7907,6182800
2022-03-30,48.0279,48.0788,46.4776,46.7487,7908500
2022-03-31,46.6131,46.8927,45.0204,45.0288,9511300
2022-04-01,45.444,45.5626,44.4527,44.817,7514600
2022-04-04,44.5121,45.0458,43.9868,44.6137,5616800
2022-04-05,44.2664,45.4948,44.2155,44.9018,7370000
2022-04-06,44.6137,45.1305,44.5205,44.8763,8299100
2022-04-07,45.0627,45.1729,44.0546,44.5459,8656100
2022-04-08,44.2325,44.5629,43.326,44.2664,9974800
2022-04-11,44.0037,44.8086,43.8004,43.8173,8520700
2022-04-12,43.453,44.1901,42.8092,43.0549,7387600
2022-04-13,42.5465,43.0633,42.1738,42.8769,10788100
2022-04-14,43.9953,45.1983,43.5717,44.6561,10824100
2022-04-18,44.5714,45.5372,44.368,44.6815,8468000
2022-04-19,44.978,45.1813,44.4104,44.8001,7707000
2022-04-20,45.283,45.5202,44.8255,44.9441,7978800
2022-04-21,45.4101,45.6473,44.3765,44.5968,6745000
2022-04-22,44.5459,44.5629,43.004,43.0633,6300900
2022-04-25,42.7753,43.1819,41.9027,43.0718,8400700
2022-04-26,42.4195,43.2667,42.3008,42.3856,6488100
2022-04-27,42.1822,42.4533,41.784,42.0552,7795500
2022-04-28,42.4703,42.5804,41.8518,42.394,8219200
2022-04-29,42.4703,42.6058,41.0216,41.1402,8803500
2022-05-02,41.5638,41.7248,40.5387,41.3859,8139900
2022-05-03,41.8603,42.2246,41.4791,41.9111,5843000
2022-05-04,41.7417,42.8769,41.3859,42.8092,8092600
2022-05-05,42.267,42.3093,41.1232,41.7163,6861000
2022-05-06,41.5807,41.9281,40.8098,41.7586,7779100
2022-05-09,41.2418,42.4788,41.191,41.8857,9513400
2022-05-10,42.2077,43.1396,41.0385,41.8179,9607800
2022-05-11,41.8603,42.4872,40.9962,41.0555,7711400
2022-05-12,40.8691,41.4198,40.3946,41.1656,7743600
2022-05-13,41.4706,41.5553,40.7505,41.1741,5588900
2022-05-16,41.1402,41.335,40.4201,40.8945,5956500
2022-05-17,41.6654,42.1229,41.4452,42.0636,5589800
2022-05-18,41.8518,41.9196,41.4028,41.5977,6481700
2022-05-19,41.0639,42.089,41.0131,41.7163,7078400
2022-05-20,41.9027,42.2585,40.7081,41.6909,8463600
2022-05-23,42.6567,43.4192,42.2331,42.9956,6472100
2022-05-24,42.8769,43.3937,42.1483,43.2412,7000300
2022-05-25,43.0718,43.6479,42.7499,43.3683,7374700
2022-05-26,43.775,44.3934,43.6818,44.1732,5799100
2022-05-27,44.3595,44.512,44.0291,44.4782,5645900
2022-05-31,43.9953,45.2152,43.7411,44.9611,10600500
2022-06-01,45.0797,45.0797,43.6479,43.8428,8293200
2022-06-02,43.8173,44.2918,43.3344,44.2071,7882500
2022-06-03,44.1223,44.3003,43.8767,44.0037,8820500
2022-06-06,44.4189,45.0881,44.1139,44.2664,5009200
2022-06-07,43.9868,44.6222,43.8428,44.529,5080000
2022-06-08,44.1478,44.4358,43.6818,43.919,4409100
2022-06-09,43.6987,43.758,42.6397,42.6397,5307600
2022-06-10,41.8518,41.9111,40.9962,41.2757,8450500
2022-06-13,40.6319,40.8013,39.6745,39.8694,10676800
2022-06-14,40.0388,40.5641,38.7087,38.7341,13689800
2022-06-15,39.2594,39.8778,38.7172,39.2763,11557100
2022-06-16,38.6833,38.7172,37.9462,38.4715,8390400
2022-06-17,38.48,39.1323,38.3613,38.4715,19038700
2022-06-21,39.3695,39.5813,38.9544,39.2509,7722300
2022-06-22,38.8866,39.5474,38.7172,39.3949,5875900
2022-06-23,39.2086,39.4458,38.0479,38.7341,6328900
2022-06-24,38.9459,40.4285,38.8697,40.2591,6925000
2022-06-27,40.4031,40.4794,39.7847,40.0303,7078400
2022-06-28,40.4285,40.8352,39.5644,39.7253,6401600
2022-06-29,39.7938,40.0676,39.2633,39.4601,4975300
2022-06-30,38.7329,39.7168,38.3478,39.3746,6233200
2022-07-01,39.2377,39.9906,38.827,39.8622,5398000
2022-07-05,39.058,39.7681,38.6815,39.751,4883600
2022-07-06,39.5286,40.1018,39.2548,39.7852,5701700
2022-07-07,40.1189,40.4184,39.9221,40.0077,3679900
2022-07-08,40.1788,40.2986,39.6483,39.8109,3546700
2022-07-11,39.4259,39.7852,39.3232,39.6569,4641300
2022-07-12,39.2462,40.0676,39.1521,39.5286,4137100
2022-07-13,39.1607,39.212,38.1938,38.7756,5460300
2022-07-14,37.843,38.0398,37.4324,37.8601,7298300
2022-07-15,38.9296,40.2216,38.442,39.8451,8608200
2022-07-18,40.2302,40.7178,39.7938,39.9392,7435000
2022-07-19,40.4783,40.8205,40.1788,40.6066,5684000
2022-07-20,40.29,40.4783,39.7938,40.2558,6130600
2022-07-21,40.1874,40.7863,39.9991,40.735,6619400
2022-07-22,40.6152,41.0173,40.4783,40.8205,5009100
2022-07-25,41.2825,41.4964,40.7777,41.1114,4054100
2022-07-26,40.8034,41.351,40.4013,40.5724,4995000
2022-07-27,40.8205,41.4023,40.4269,41.2483,5456900
2022-07-28,41.1713,41.428,39.2034,39.4601,13267900
2022-07-29,39.5713,40.7178,39.443,40.3842,7705100
2022-08-01,40.0847,40.8034,39.7767,40.6494,7322900
2022-08-02,40.5211,40.5895,39.905,40.1532,6532800
2022-08-03,40.5467,40.9232,40.2216,40.7777,5691100
2022-08-04,40.7264,41.0173,40.2644,40.2729,6531300
2022-08-05,40.2045,40.9489,40.0933,40.5467,4061100
2022-08-08,40.9489,40.9831,39.9735,40.1703,5316000
2022-08-09,40.4355,40.4954,40.0933,40.3671,3947700
2022-08-10,40.8291,41.0857,40.5809,40.9574,6098100
2022-08-11,41.3938,41.7531,41.1542,41.4451,6171600
2022-08-12,41.5478,41.8472,41.3424,41.7274,6432000
2022-08-15,41.3339,42.1125,41.2141,41.9927,4947700
2022-08-16,41.7103,42.506,41.659,42.1809,4790100
2022-08-17,41.6676,42.2494,41.5991,41.9499,5553200
2022-08-18,41.7531,41.9585,41.505,41.9328,5400400
2022-08-19,41.5649,41.6932,41.2997,41.5906,7197200
2022-08-22,40.9574,40.966,40.5125,40.7264,5816700
2022-08-23,40.7521,40.966,40.4526,40.5638,4411500
2022-08-24,40.2986,40.5039,40.0505,40.3756,4620800
2022-08-25,40.4868,41.0259,40.1617,40.8633,5296700
2022-08-26,41.0002,41.12,39.7596,39.7767,5070200
2022-08-29,39.5799,39.7168,39.2034,39.443,3650000
2022-08-30,39.6569,39.6826,39.0409,39.2804,5105500
2022-08-31,39.4516,39.4772,38.9639,39.0238,6239800
2022-09-01,38.9724,39.2719,38.5104,39.2462,4920600
2022-09-02,39.6911,40.0077,38.8099,38.9724,5980400
2022-09-06,39.2206,39.2206,38.3307,38.7756,5331500
2022-09-07,38.5617,39.4173,38.4762,39.2804,6431900
2022-09-08,39.0922,40.2729,38.8698,40.2558,7275500
2022-09-09,40.4013,40.8547,40.367,40.7093,6730400
2022-09-12,40.9317,41.1114,40.5553,40.6922,7251000
2022-09-13,39.9906,40.0077,38.519,38.6559,8109500
2022-09-14,38.8355,38.9211,38.0227,38.5874,6664300
2022-09-15,38.7329,39.4516,38.6302,39.2462,12610800
2022-09-16,39.0323,39.4259,38.6559,39.2462,20653500
2022-09-19,38.7671,39.6997,38.6302,39.4858,9303700
2022-09-20,39.1264,39.2034,38.1511,38.4933,8930300
2022-09-21,38.5532,38.8698,37.5778,37.5864,7051600
2022-09-22,37.7061,37.8259,36.7907,36.8163,6923700
2022-09-23,36.4655,36.6965,35.55,36.0377,8185500
2022-09-26,35.6955,36.072,34.8656,35.1308,16533100
2022-09-27,35.5158,35.55,34.78,35.0452,9556400
2022-09-28,35.011,35.704,34.9169,35.4388,11278100
2022-09-29,35.0752,35.5687,34.8935,35.257,7888900
2022-09-30,35.3003,35.6725,34.8589,34.9021,9457900
2022-10-03,35.3522,36.14,34.9454,35.9842,8790300
2022-10-04,36.5208,37.0316,36.3564,36.9017,14653400
2022-10-05,36.365,36.7026,36.2179,36.5295,6552600
2022-10-06,36.1486,36.4083,35.5427,35.56,8528700
2022-10-07,35.3349,35.4302,34.5992,34.7982,8696600
2022-10-10,34.9714,35.1358,34.3395,34.478,6396100
2022-10-11,34.2269,34.2356,33.4479,33.5777,8990600
2022-10-12,33.5517,34.175,33.4046,33.8547,10853700
2022-10-13,33.4046,35.9322,33.2315,35.811,15853300
2022-10-14,36.4862,37.473,36.0707,37.0143,19272100
2022-10-17,37.9838,38.2175,36.5901,36.9104,21456500
2022-10-18,37.5856,37.7933,36.6334,37.0489,16113000
2022-10-19,36.668,36.9277,35.586,35.7158,10203600
2022-10-20,35.8457,36.0621,34.5472,34.6338,10508000
2022-10-21,34.5039,35.2311,34.2529,35.0666,12851600
2022-10-24,35.2224,35.9409,35.0147,35.6033,9553700
2022-10-25,35.1964,36.4343,35.1099,36.365,13055400
2022-10-26,36.3564,36.8931,36.3131,36.694,10211800
2022-10-27,36.9623,37.196,36.3737,36.4256,7810200
2022-10-28,36.4949,37.1614,36.3391,37.1008,7775500
2022-10-31,36.8065,37.1874,36.7199,36.7459,11723800
2022-11-01,37.0489,37.3605,36.6247,37.1181,8043500
2022-11-02,36.8584,37.3518,36.1227,36.14,9264600
2022-11-03,35.6466,36.1833,35.1185,35.9236,12857000
2022-11-04,36.3391,37.1268,36.3391,37.0749,13759400
2022-11-07,37.3951,37.7414,37.0143,37.6808,12207000
2022-11-08,37.8712,38.3993,37.6289,38.2348,12794700
2022-11-09,37.9059,37.9838,37.3605,37.4298,9423000
2022-11-10,38.0876,38.9706,38.0097,38.8407,14064600
2022-11-11,38.4685,38.9965,38.4685,38.884,10692700
2022-11-14,38.9186,39.0052,37.9232,37.9578,8209800
2022-11-15,38.5118,38.5464,37.499,37.8885,11171700
2022-11-16,37.8799,37.9232,37.0662,37.1614,9896200
2022-11-17,36.7373,37.0748,36.642,37.0229,6376600
2022-11-18,37.5163,37.6462,37.1268,37.5509,6159700
2022-11-21,37.5423,37.9491,37.4471,37.5596,9331900
2022-11-22,37.6894,38.0444,37.6115,38.0097,6999000
2022-11-23,38.027,38.2261,37.9318,38.1829,6225700
2022-11-25,38.304,38.4252,38.1396,38.3127,2564600
2022-11-28,38.079,38.3387,37.776,37.8626,6790600
2022-11-29,37.9145,38.6243,37.8279,38.5984,7854200
2022-11-30,38.4685,39.4034,37.8453,39.2908,11688600
2022-12-01,39.2909,39.4207,38.8234,39.2562,8492700
2022-12-02,39.0918,39.5852,39.0225,39.5073,10786800
2022-12-05,39.5073,39.5505,37.7587,38.0097,13725400
2022-12-06,38.053,38.1396,36.5555,37.1701,9642300
2022-12-07,37.0143,38.0011,36.7632,37.7068,10132800
2022-12-08,37.7587,37.802,37.248,37.7068,6989000
2022-12-09,37.5336,37.9145,37.248,37.3172,9097600
2022-12-12,37.3951,37.75,36.8844,37.6202,10695700
2022-12-13,38.5378,38.9013,38.0097,38.304,15543000
2022-12-14,38.1569,38.3127,37.2047,37.473,11240400
2022-12-15,36.919,37.2566,36.7113,37.0835,10229200
2022-12-16,36.7892,37.0489,36.2092,36.4862,19310900
2022-12-19,36.4429,36.9277,36.0101,36.3131,11789100
2022-12-20,36.4516,36.5987,36.1919,36.2958,14209000
2022-12-21,36.5295,37.222,36.4949,36.971,9456300
2022-12-22,36.7719,37.0922,36.5728,37.0922,12427700
2022-12-23,37.0749,37.473,36.9883,37.3951,6931000
2022-12-27,37.525,37.8712,37.3259,37.7847,7504200
2022-12-28,37.8453,37.9318,37.2913,37.525,6379600
2022-12-29,37.6125,38.1902,37.49,38.1377,5956300
2022-12-30,37.9889,38.339,37.8839,38.1727,5737900
2023-01-03,38.6892,39.4157,38.5841,39.0743,12795900
2023-01-04,39.4857,40.6149,39.4857,40.291,16338400
2023-01-05,40.1422,40.2647,39.4419,39.9759,8364000
2023-01-06,40.2647,40.6936,39.757,40.5361,8198300
2023-01-09,40.6236,40.965,40.3698,40.7987,13170700
2023-01-10,40.9212,41.0525,40.2297,40.8424,13631800
2023-01-11,41.0613,41.4289,40.895,41.2363,8704900
2023-01-12,41.5339,42.0416,41.4026,41.6565,8934000
2023-01-13,41.0263,41.4902,40.6411,41.4289,8150600
2023-01-17,41.6477,41.7878,40.9737,41.5252,10150000
2023-01-18,41.1663,41.3939,40.0546,40.0984,8376700
2023-01-19,39.7395,40.2122,39.3194,39.9409,9136600
2023-01-20,40.0459,40.6761,39.6958,40.6674,8030400
2023-01-23,40.8599,41.744,40.7374,41.7265,8136000
2023-01-24,41.7965,41.8403,40.6674,40.8512,12459200
2023-01-25,41.0613,43.4859,41.035,43.022,12238500
2023-01-26,43.4859,43.7222,42.3042,42.6281,8316100
2023-01-27,42.5581,42.7944,42.1729,42.7681,6568200
2023-01-30,42.5143,43.1883,42.488,42.7156,5943200
2023-01-31,42.7506,43.5997,42.5318,43.5909,7714000
2023-02-01,43.1008,43.7047,42.8907,43.0833,7611100
2023-02-02,43.3021,43.4596,42.8382,43.022,6819800
2023-02-03,42.7331,43.4334,42.6368,43.1533,6579400
2023-02-06,42.8382,43.0045,42.5931,42.8469,4997600
2023-02-07,42.5931,43.591,42.5756,43.4772,5809100
2023-02-08,43.0045,43.4772,42.8469,42.952,5810000
2023-02-09,43.2321,43.3283,42.5055,42.6894,5870500
2023-02-10,42.5406,42.7944,42.313,42.6281,5357300
2023-02-13,42.6018,42.9782,42.5581,42.9695,4906200
2023-02-14,42.9782,43.1445,42.6894,43.0045,4889500
2023-02-15,42.7594,42.987,42.5931,42.9607,4227900
2023-02-16,42.7069,42.8382,42.3655,42.4968,4900000
2023-02-17,42.383,42.6018,42.1904,42.5406,5191900
2023-02-21,42.1904,42.2429,41.4289,41.744,5793100
2023-02-22,41.7528,41.9016,41.4377,41.6127,4583300
2023-02-23,41.9016,42.1116,41.4114,41.7703,4319300
2023-02-24,41.3239,41.7615,41.1663,41.7002,4141500
2023-02-27,41.9541,42.2254,41.5602,41.6477,4260200
2023-02-28,41.7528,42.0591,41.6477,41.779,6209100
2023-03-01,41.3064,41.5339,41.0525,41.4114,7123400
2023-03-02,41.2976,41.2976,40.1772,40.5361,6437000
2023-03-03,40.7199,41.2801,40.5974,41.2363,4566900
2023-03-06,41.2976,41.6302,41.14,41.2451,5604200
2023-03-07,40.9562,40.9737,39.8008,39.9146,6072200
2023-03-08,39.8708,40.2822,39.5995,39.8183,4651200
2023-03-09,39.4857,39.5645,36.9122,37.026,10961800
2023-03-10,35.7831,36.816,34.6802,35.5555,23573700
2023-03-13,33.3059,33.6123,31.6253,31.9842,36746000
2023-03-14,34.2425,34.7327,32.2993,32.8333,28999400
2023-03-15,31.7741,32.3693,30.7763,31.0213,33125800
2023-03-16,30.8113,31.9842,28.6405,31.8266,51459200
2023-03-17,31.0739,31.1701,28.7718,28.8418,56442900
2023-03-20,30.2248,30.9688,29.5946,30.1548,43046500
2023-03-21,31.5115,33.1309,31.3365,32.842,34821400
2023-03-22,32.8245,32.8508,30.4349,30.4524,28376900
2023-03-23,30.6625,31.5903,30.3911,30.6887,26061900
2023-03-24,30.0585,30.5837,29.7696,30.5487,18619300
2023-03-27,32.098,32.4744,30.4611,30.5224,19966700
2023-03-28,30.4349,31.1789,30.181,31.1264,15681700
2023-03-29,31.564,31.7916,31.2839,31.7041,14776400
2023-03-30,32.0944,32.396,31.1896,31.4468,13539900
2023-03-31,31.7662,31.988,31.1364,31.9791,15541700
2023-04-03,32.1121,32.325,31.5355,31.6154,12209800
2023-04-04,32.1033,32.2275,30.6219,31.1009,12238700
2023-04-05,30.8969,31.2783,30.5864,31.1452,12734700
2023-04-06,31.2694,32.1565,31.2251,31.713,12008400
2023-04-10,31.7573,32.1476,31.4735,31.5888,10547700
2023-04-11,31.6154,31.7928,31.4468,31.5178,11927800
2023-04-12,31.7396,31.9613,31.0211,31.4025,11586300
2023-04-13,31.3404,31.3936,30.8081,31.3847,12799100
2023-04-14,32.1122,32.2009,30.9323,31.0211,16186300
2023-04-17,30.8702,31.5888,30.1074,31.571,22419300
2023-04-18,31.5799,31.5888,30.7194,31.2162,19052200
2023-04-19,31.5001,32.0412,30.7815,31.9436,20970200
2023-04-20,31.4468,31.4468,30.2759,30.8348,21609500
2023-04-21,30.4178,30.4622,28.9275,29.7348,28303000
2023-04-24,29.513,29.6372,28.8743,29.0872,16238100
2023-04-25,28.7413,29.2203,27.7655,28.1824,22540100
2023-04-26,28.1026,28.4397,27.73,27.9606,17133300
2023-04-27,28.0316,29.0517,27.9252,28.8921,19428200
2023-04-28,28.5638,30.6219,28.3421,30.409,25219300
2023-05-01,30.3823,30.4533,29.2114,29.2203,19095200
2023-05-02,29.2203,29.2203,26.976,27.1711,28994600
2023-05-03,27.3131,27.6058,26.3107,26.4349,23759800
2023-05-04,25.2817,26.3462,24.1906,25.7075,48099600
2023-05-05,27.2155,27.7743,26.2841,27.2687,28236700
2023-05-08,27.9518,28.0316,26.3284,26.3816,22304300
2023-05-09,26.08,26.834,25.7341,26.5324,18209200
2023-05-10,27.1445,27.1889,25.6365,26.1244,14492700
2023-05-11,25.7252,25.9825,25.3083,25.6542,16413400
2023-05-12,25.9381,26.0268,25.4946,25.8405,16870700
2023-05-15,25.8671,26.426,25.7873,26.3018,12671600
2023-05-16,26.1687,26.3905,25.4325,25.4413,14997200
2023-05-17,25.7252,27.0558,25.6631,27.0115,22429700
2023-05-18,26.8252,27.109,26.5147,27.0469,13204600
2023-05-19,27.1977,27.4018,26.3905,26.7099,15001500
2023-05-22,27.0913,27.5703,26.6744,27.4195,11974600
2023-05-23,27.4994,28.4751,27.4994,27.6235,13952200
2023-05-24,27.3486,27.7211,26.9671,27.3308,11120700
2023-05-25,27.109,27.3486,26.7542,27.0647,11948300
2023-05-26,27.1268,27.3131,26.8695,27.2066,9267000
2023-05-30,27.384,27.5792,26.6123,27.1977,12907300
2023-05-31,26.7453,26.9139,26.08,26.5236,31032900
2023-06-01,26.701,27.1445,26.0179,27.0736,12319400
2023-06-02,27.4994,28.3776,27.2776,28.1558,13744000
2023-06-05,28.2711,28.2711,27.5171,27.6945,10644900
2023-06-06,27.7034,29.0961,27.6147,28.9453,13876500
2023-06-07,29.0429,29.6283,28.759,29.5041,13860500
2023-06-08,29.3622,29.513,28.83,29.3267,12063700
2023-06-09,29.2735,29.5929,28.9985,29.1493,10586200
2023-06-12,29.0163,29.584,27.9606,28.5284,15560400
2023-06-13,28.4574,29.5485,28.1647,29.0074,20543600
2023-06-14,29.2735,29.6638,28.2889,28.4751,17832200
2023-06-15,28.5638,29.6461,28.3421,29.5308,16315500
2023-06-16,29.7082,29.8146,29.2735,29.6727,30118200
2023-06-20,29.309,29.8856,28.9808,29.788,19540400
2023-06-21,29.859,30.0009,29.4598,29.6549,13570700
2023-06-22,29.6727,29.6993,28.5106,28.5905,13292400
2023-06-23,28.3776,28.8388,28.2356,28.28,20701400
2023-06-26,28.2711,28.8477,28.2711,28.6703,11249000
2023-06-27,28.6437,28.9985,28.2445,28.8743,9776300
2023-06-28,28.8921,28.8921,28.3421,28.6703,11215400
2023-06-29,28.9765,29.4987,28.8414,29.4987,12479700
2023-06-30,29.9039,30.165,29.5797,29.7508,15139600
2023-07-03,29.8589,30.4172,29.8409,30.2371,6483800
2023-07-05,30.012,30.3812,29.7328,30.1921,10355100
2023-07-06,29.7148,29.7688,28.8594,29.7058,12008400
2023-07-07,29.5888,30.4352,29.5707,30.2011,9052900
2023-07-10,29.9129,30.4622,29.8499,30.3811,11720200
2023-07-11,31.0745,31.6778,30.6783,31.4437,15972800
2023-07-12,32.101,32.6143,31.5878,31.6148,11534400
2023-07-13,31.8129,32.3261,31.7498,32.2451,10710800
2023-07-14,32.4972,32.6053,31.7318,31.8129,13063800
2023-07-17,31.7318,31.9209,31.5247,31.7498,13412200
2023-07-18,31.8669,32.9204,31.8129,32.9114,15103000
2023-07-19,32.7583,35.3606,32.083,35.0365,32807000
2023-07-20,34.7213,35.2616,34.4692,35.2436,19108600
2023-07-21,35.2976,35.3246,34.5502,34.5953,16354800
2023-07-24,34.7213,35.5047,34.6313,35.3516,12796800
2023-07-25,35.2886,35.4057,34.019,34.091,14708700
2023-07-26,34.6133,35.1715,34.4782,35.0185,13001200
2023-07-27,35.1986,35.4957,34.8834,34.9554,16144800
2023-07-28,35.2886,35.6128,34.8924,35.6038,11512000
2023-07-31,35.7928,35.9189,35.3966,35.7298,12237800
2023-08-01,35.5137,35.5857,34.6403,34.8564,11884300
2023-08-02,34.2261,34.6763,33.8929,34.6043,9943800
2023-08-03,34.5142,35.6668,34.2621,35.5227,14718800
2023-08-04,35.4237,36.4232,35.3336,35.8919,14108500
2023-08-07,35.9549,36.2431,35.8919,36.126,8022300
2023-08-08,33.9829,36.3061,33.9829,36.2251,15354100
2023-08-09,35.9189,36.3151,35.6488,35.7028,10583700
2023-08-10,35.9639,36.153,35.4867,35.5587,10206500
2023-08-11,35.2886,35.9369,35.2436,35.5317,8582900
2023-08-14,35.1896,35.2166,34.7033,34.8654,9536800
2023-08-15,34.2171,34.4602,33.7938,33.8929,11157200
2023-08-16,33.7128,33.8659,33.2446,33.3616,10647600
2023-08-17,33.5957,33.7038,33.0375,33.1455,9766800
2023-08-18,32.7493,33.1996,32.6233,33.1725,8280100
2023-08-21,33.2266,33.2626,32.7853,33.1005,8615800
2023-08-22,33.1005,33.1996,32.173,32.2721,8279000
2023-08-23,32.2541,32.6503,31.8489,32.6413,8159200
2023-08-24,32.6683,33.2176,32.4612,32.5332,10346000
2023-08-25,32.7853,32.8754,31.7048,31.9749,11005900
2023-08-28,32.2721,32.7403,32.119,32.4342,9638300
2023-08-29,32.5872,32.8934,32.2811,32.8484,7942600
2023-08-30,32.9114,33.0555,32.5963,32.7583,8461700
2023-08-31,32.8754,33.0105,32.6953,32.8934,10404400
2023-09-01,33.1725,33.5777,33.1545,33.3796,13758200
2023-09-05,33.4067,33.7939,32.8484,32.8844,14762500
2023-09-06,32.6503,32.9024,32.146,32.5242,8711900
2023-09-07,32.3171,32.6773,31.9749,32.083,7296900
2023-09-08,32.2091,32.5963,31.7588,32.5152,8361700
2023-09-11,32.8664,33.0465,32.5152,32.5962,7300200
2023-09-12,32.7673,33.5147,32.3711,33.3166,10376400
2023-09-13,33.5417,33.6498,31.5247,31.6508,15995500
2023-09-14,32.056,32.4882,31.9029,32.164,19880500
2023-09-15,31.8039,32.155,31.4437,31.6508,46217300
2023-09-18,31.3716,31.4887,31.0475,31.2906,10954900
2023-09-19,31.1195,31.5067,30.7773,31.1465,10903700
2023-09-20,31.2906,31.7318,30.9664,30.9845,8388300
2023-09-21,30.8764,30.9484,30.048,30.12,11359600
2023-09-22,30.12,30.2821,29.8949,30.057,10259400
2023-09-25,29.9039,30.3271,29.7328,30.2461,8738000
2023-09-26,29.9039,30.174,29.4807,29.7328,13742900
2023-09-27,29.8409,29.8679,29.0485,29.2826,12601100
2023-09-28,29.3374,29.9681,29.2826,29.6756,8619500
2023-09-29,29.7579,30.6352,29.7487,30.2148,10981300
2023-10-02,29.8127,30.1691,29.2369,29.374,9649300
2023-10-03,29.1455,29.1821,28.5149,28.6428,10300600
2023-10-04,28.6977,28.8256,28.2224,28.5514,13407700
2023-10-05,28.3321,29.1729,27.9939,29.1272,10572000
2023-10-06,28.8256,29.4197,28.4235,29.1181,9414500
2023-10-09,28.8713,29.3831,28.7434,29.2552,7764800
2023-10-10,29.6847,30.1143,29.5476,29.7853,10108100
2023-10-11,29.7853,30.2514,29.5294,29.7122,7855000
2023-10-12,29.7396,29.9406,29.1821,29.4837,10285800
2023-10-13,29.7304,30.0595,29.1364,29.4014,10943200
2023-10-16,29.7761,29.9498,29.2003,29.8127,11409700
2023-10-17,29.6665,33.0937,29.6299,31.8873,36729900
2023-10-18,31.6771,32.262,30.4159,30.4981,24960300
2023-10-19,30.4524,30.9003,29.9132,29.9315,15105700
2023-10-20,29.8127,30.0046,28.1402,28.2681,19087800
2023-10-23,28.5149,29.0267,28.0214,28.5697,14932300
2023-10-24,28.7068,28.8622,28.131,28.6885,15076200
2023-10-25,28.4052,28.853,28.0305,28.5971,13054500
2023-10-26,28.6428,29.5111,28.5514,29.0358,15956600
2023-10-27,28.6063,28.8987,27.8477,28.0031,10909400
2023-10-30,28.2955,28.6337,27.9574,28.6154,9653000
2023-10-31,28.7434,29.1455,28.2224,29.1364,12582400
2023-11-01,29.1272,29.31,28.7068,29.1181,14876800
2023-11-02,29.639,31.3847,29.6025,31.3847,15473500
2023-11-03,32.2712,32.7738,32.1341,32.4357,13100700
2023-11-06,32.5819,32.7556,32.0153,32.2346,7622700
2023-11-07,32.0701,32.1341,31.6771,31.8142,8439800
2023-11-08,31.8508,31.9056,31.4212,31.54,6956900
2023-11-09,31.7502,31.8782,30.9003,30.9917,7172800
2023-11-10,31.2384,31.339,30.7997,31.2567,5936900
2023-11-13,31.1013,31.3024,30.7175,31.0739,5772800
2023-11-14,32.1706,33.4319,32.0061,33.0389,11843700
2023-11-15,33.0937,34.1082,33.0937,33.9802,12672600
2023-11-16,33.8614,34.163,33.5964,34.1082,10218500
2023-11-17,34.4189,34.5377,34.1448,34.4007,8915900
2023-11-20,34.3001,34.5926,34.0259,34.3915,6272100
2023-11-21,34.0077,34.3367,33.8066,33.8249,6051200
2023-11-22,34.0625,34.163,33.5598,33.6604,6742500
2023-11-24,33.633,34.1539,33.5141,33.9985,2796800
2023-11-27,33.6604,33.834,33.441,33.6238,5972000
2023-11-28,33.5141,33.9437,33.3496,33.8523,9665900
2023-11-29,34.1356,34.8211,34.0534,34.5378,7772300
2023-11-30,34.7297,34.9856,34.4281,34.8394,10283300
2023-12-01,34.6383,36.1097,34.5834,35.9909,10124300
2023-12-04,35.8355,36.5119,35.8355,36.0914,10125700
2023-12-05,35.8812,36.2468,35.6893,36.0092,9212600
2023-12-06,36.2834,36.9323,35.6985,35.7167,8774300
2023-12-07,35.9361,36.4662,35.7441,36.3108,8087100
2023-12-08,36.3565,37.1059,36.192,36.9505,9485000
2023-12-11,36.8226,37.1608,36.5576,37.0419,10921000
2023-12-12,36.914,37.0694,36.6764,36.9688,8818700
2023-12-13,37.0328,38.9064,36.8774,38.8333,15133000
2023-12-14,40.1128,41.9041,39.8752,41.4288,28236800
2023-12-15,40.8714,41.5659,40.6063,41.1364,25971700
2023-12-18,41.4014,41.4014,40.2499,40.259,9678700
2023-12-19,40.3321,40.7343,40.0488,40.4052,8609500
2023-12-20,39.9665,40.2133,38.5225,38.8058,15460200
2023-12-21,39.1897,39.7106,39.0618,39.5827,8134200
2023-12-22,39.6192,40.0488,39.4913,39.7655,6898900
2023-12-26,39.866,40.4235,39.6832,40.2773,5343600
2023-12-27,40.1676,40.4144,39.9574,40.1585,5083500
2023-12-28,40.14,40.4357,39.9921,40.3248,5172000
2023-12-29,40.2232,40.4912,39.9551,40.0014,6441000
2024-01-02,39.8535,40.6853,39.6409,40.5836,9050500
2024-01-03,40.0938,40.1215,39.3821,39.5115,7133200
2024-01-04,39.6871,40.2971,39.567,39.9367,7192600
2024-01-05,39.6964,40.9718,39.6871,40.4912,7616800
2024-01-08,40.3063,40.713,39.9182,40.6298,6459200
2024-01-09,40.0845,40.5467,39.9182,40.1677,5132900
2024-01-10,40.0291,40.1492,39.6501,40.1123,7885900
2024-01-11,40.0198,40.0198,38.8645,39.5762,10017300
2024-01-12,39.6224,39.8442,38.541,38.957,9494000
2024-01-16,38.5133,38.615,37.8571,38.2453,14399000
2024-01-17,38.2176,38.578,37.1177,37.7277,14567000
2024-01-18,37.7924,37.8941,36.0918,37.1085,15244000
2024-01-19,37.2379,38.8645,36.9513,38.8276,14397700
2024-01-22,38.9107,39.1418,38.2176,38.615,10374300
2024-01-23,38.7906,38.9477,38.1806,38.7906,7420200
2024-01-24,39.1695,39.7241,39.0401,39.262,11196400
2024-01-25,39.7241,39.798,39.0124,39.567,8173600
2024-01-26,39.3914,39.7518,39.0956,39.4098,7242500
2024-01-29,39.3913,39.7148,39.1233,39.6964,7475700
2024-01-30,39.6224,40.1123,39.4468,40.0568,8055300
2024-01-31,39.2435,39.7333,38.2638,38.3932,13026100
2024-02-01,38.4301,38.5318,36.9421,37.7924,16002800
2024-02-02,37.4319,37.9957,37.0345,37.7462,11269300
2024-02-05,37.3765,37.4227,36.8959,37.0623,8880300
2024-02-06,37.016,37.4412,36.8959,37.0623,8728400
2024-02-07,37.1916,37.2656,35.9254,36.8866,12255300
2024-02-08,36.6926,37.358,36.406,37.3118,7601600
2024-02-09,37.2471,37.3303,36.7572,37.1362,10684700
2024-02-12,37.1824,38.3007,37.0992,37.9588,10304800
2024-02-13,37.1824,37.4135,36.4245,36.9051,9106200
2024-02-14,37.395,37.6168,37.053,37.4319,5904900
2024-02-15,37.7647,38.5595,37.6815,38.4024,7064200
2024-02-16,38.0327,38.6519,37.7277,38.3469,7287500
2024-02-20,37.9957,38.4024,37.8109,38.0235,7328500
2024-02-21,37.8571,37.9495,37.2748,37.7277,8312200
2024-02-22,38.2176,38.8553,37.968,38.2176,10999900
2024-02-23,38.236,38.5226,37.9773,38.2268,6424400
2024-02-26,37.9957,38.2915,37.5706,37.7462,6154100
2024-02-27,38.1251,38.6889,37.968,38.236,6489100
2024-02-28,37.9865,38.4024,37.7554,38.0974,6768200
2024-02-29,38.578,38.9847,38.347,38.7813,9000700
2024-03-01,38.4579,38.7259,37.8294,38.2823,8899400
2024-03-04,39.2065,40.2047,38.9385,39.4653,10499700
2024-03-05,39.2897,40.4542,39.2897,39.9736,9523700
2024-03-06,39.798,40.0014,38.9292,39.8257,10526700
2024-03-07,40.1585,40.445,39.798,40.0568,7524400
2024-03-08,40.4542,40.5004,39.8997,39.9829,6678200
2024-03-11,39.8997,40.4635,39.7703,40.2232,8241900
2024-03-12,40.103,40.3341,39.8257,39.9367,5941500
2024-03-13,39.9551,40.7315,39.9551,40.177,5756800
2024-03-14,39.8257,40.2509,38.9015,39.1418,7461100
2024-03-15,38.7536,39.5392,38.7536,38.8923,32597000
2024-03-18,39.2527,39.2712,38.5318,39.2527,8168200
2024-03-19,39.188,39.4191,38.9015,39.0217,6080300
2024-03-20,38.7444,40.371,38.7166,40.1677,7998400
2024-03-21,40.4357,41.3507,40.3895,41.0827,8572300
2024-03-22,41.5264,41.628,40.2786,40.2879,6700300
2024-03-25,40.4357,40.9441,40.1677,40.2509,6424600
2024-03-26,40.6668,40.6668,40.177,40.2324,5267500
2024-03-27,40.4754,41.1485,40.4381,41.1298,6167200
2024-03-28,41.5224,41.9804,41.4102,41.7841,7595000
2024-04-01,41.672,41.8309,41.027,41.083,4824900
2024-04-02,40.84,41.0831,40.3072,40.41,6462200
2024-04-03,40.41,40.9148,40.2044,40.2978,5866400
2024-04-04,40.7278,41.1578,39.9426,40.1202,6491400
2024-04-05,39.9613,40.4754,39.8772,40.2231,4580700
2024-04-08,40.4661,41.1391,40.2511,40.8681,6159500
2024-04-09,40.9615,41.1485,40.5783,41.0737,5701800
2024-04-10,40.2044,40.2324,39.1387,39.2883,7584400
2024-04-11,39.4472,39.4472,38.5218,39.1855,6829700
2024-04-12,38.5218,39.0079,38.4937,38.8676,6742500
2024-04-15,39.3163,40.0455,38.419,38.7368,10232800
2024-04-16,38.5592,38.5779,37.7553,38.3255,9549800
2024-04-17,36.9233,37.3627,36.2596,36.942,14178500
2024-04-18,36.8392,37.5309,36.6336,36.8673,9878700
2024-04-19,36.8859,37.8207,36.8392,37.8114,12061800
2024-04-22,38.0264,38.6713,37.6151,38.3722,8630700
2024-04-23,38.447,38.5685,38.1479,38.2974,7079900
2024-04-24,37.8861,39.0079,37.7927,38.8957,6550300
2024-04-25,38.6433,39.0172,37.7459,38.3161,6602200
2024-04-26,38.3255,38.8396,38.1946,38.4377,4512200
2024-04-29,38.5311,38.8022,38.4003,38.5966,4647200
2024-04-30,38.3722,38.5685,37.9329,37.9796,8861600
2024-05-01,37.9422,39.0826,37.8861,38.3722,6359400
2024-05-02,38.8957,38.9611,37.9516,38.2974,6760700
2024-05-03,38.8396,39.1013,38.5498,38.7087,5091200
2024-05-06,39.0359,39.2042,38.7181,39.092,6430200
2024-05-07,39.2602,39.335,38.7087,38.8676,8732100
2024-05-08,38.5405,39.064,38.3816,38.9705,8906000
2024-05-09,38.8022,39.1387,38.5685,38.8303,6414400
2024-05-10,38.9798,39.1761,38.8957,39.12,4867500
2024-05-13,39.2602,39.4752,38.7835,38.7835,4846400
2024-05-14,38.9331,39.5313,38.9144,39.2135,5627900
2024-05-15,39.6902,39.8305,39.2135,39.4659,7752700
2024-05-16,39.3257,39.5033,38.877,38.9331,9488700
2024-05-17,39.2229,39.2229,38.6153,38.7274,11360600
2024-05-20,38.7274,38.9237,38.1853,38.2227,9935500
2024-05-21,38.2133,38.5311,38.1666,38.4937,6315200
2024-05-22,38.1572,38.5405,37.9516,38.1105,5802000
2024-05-23,38.1385,38.1853,37.1664,37.4094,7452400
2024-05-24,37.5309,37.8955,37.4281,37.8861,6155900
2024-05-28,37.9609,38.0544,37.0635,37.1757,7657200
2024-05-29,36.6055,36.6055,36.1194,36.4933,6229500
2024-05-30,36.8299,36.9701,36.2316,36.8112,6229100
2024-05-31,37.0635,37.9516,36.9514,37.9048,9153500
2024-06-03,38.1011,38.1385,36.7457,37.1383,6361800
2024-06-04,36.7831,37.2692,36.3625,36.4186,9953400
2024-06-05,36.5214,36.5494,35.8203,36.5307,12487800
2024-06-06,36.5307,36.7925,36.2223,36.4746,6331800
2024-06-07,36.1849,36.8018,36.1755,36.4746,8218100
2024-06-10,36.1288,36.5307,35.8016,36.2223,10631400
2024-06-11,36.1662,36.2877,35.3436,35.9418,12501000
2024-06-12,37.0262,37.4935,36.5775,36.7177,10299900
2024-06-13,36.6242,36.9233,36.2129,36.699,5935900
2024-06-14,36.2316,36.5401,35.9605,36.297,5121900
2024-06-17,36.1755,36.5868,35.9699,36.5401,5697600
2024-06-18,36.4559,36.8392,36.3251,36.727,6308900
2024-06-20,36.5588,36.7738,36.3344,36.7177,6710900
2024-06-21,36.5027,37.2505,36.1942,37.1103,15555300
2024-06-24,37.2879,38.1572,37.1196,37.9048,9549100
2024-06-25,37.7459,37.9422,37.0822,37.4094,6893100
2024-06-26,37.1196,37.4001,36.7831,37.1196,7854700
2024-06-27,36.6616,37.1196,36.3344,37.0916,6874500
2024-06-28,37.4228,37.9339,37.2146,37.5743,12212200
2024-07-01,37.6784,37.8109,36.978,37.1389,8068900
2024-07-02,37.0348,37.915,36.9591,37.8298,9381300
2024-07-03,37.8393,38.1232,37.3945,37.3945,3715500
2024-07-05,37.4039,37.4418,36.8077,36.9496,5656000
2024-07-08,37.0537,37.4039,36.9591,37.3471,5295000
2024-07-09,37.0821,37.915,36.978,37.7352,8003000
2024-07-10,37.8582,38.6438,37.6784,38.6154,9598500
2024-07-11,39.0224,39.8552,38.9656,39.6849,9239000
2024-07-12,39.7322,40.177,39.4293,39.8458,8322000
2024-07-15,40.319,40.6313,40.054,40.0824,10435600
2024-07-16,40.3001,41.114,40.0824,40.9721,12869800
2024-07-17,41.6251,43.2152,41.4548,42.8366,21306500
2024-07-18,42.3917,43.1868,41.9942,42.0321,17219300
2024-07-19,42.3444,42.5621,41.8901,42.3633,11842300
2024-07-22,42.2403,42.7987,41.6062,42.6284,12327600
2024-07-23,42.4391,43.2341,42.2876,43.111,8131500
2024-07-24,43.1489,43.3855,42.316,42.3728,8059400
2024-07-25,42.3728,43.2719,42.2119,42.6757,9489900
2024-07-26,42.7703,43.2152,42.6473,43.0259,5681700
2024-07-29,43.1584,43.2436,42.7135,42.9407,5011200
2024-07-30,43.1394,43.4234,42.7987,43.0353,8211000
2024-07-31,43.0732,43.111,42.3633,42.4769,8859200
2024-08-01,42.5148,42.5148,41.0005,41.1519,11219500
2024-08-02,40.3758,40.461,39.7133,40.0824,8485500
2024-08-05,38.9277,39.1833,38.2463,38.6154,10994200
2024-08-06,38.5586,39.8079,38.3504,39.4388,9184800
2024-08-07,40.1202,40.4515,39.117,39.1738,6841000
2024-08-08,39.5524,39.9404,39.3158,39.524,6364500
2024-08-09,39.382,39.8836,39.382,39.8174,6486600
2024-08-12,39.9783,40.3663,39.1075,39.2495,7619900
2024-08-13,39.5808,40.1486,39.2117,40.1297,7457100
2024-08-14,40.1676,40.2149,39.7985,40.0729,8036100
2024-08-15,40.7449,40.991,40.4326,40.5178,6512700
2024-08-16,40.5178,41.0099,40.5178,40.8774,5369500
2024-08-19,40.9342,41.3317,40.9342,41.3222,4575400
2024-08-20,41.1519,41.5967,41.0667,41.398,6587400
2024-08-21,41.5021,41.6346,40.9626,41.3601,4262100
2024-08-22,41.3506,41.8617,41.3506,41.8239,4836900
2024-08-23,42.1267,43.1584,41.9658,42.9596,5094500
2024-08-26,43.3003,43.3761,42.988,43.1773,5849800
2024-08-27,43.1584,43.3287,43.0164,43.2814,5458000
2024-08-28,43.13,43.9061,43.13,43.66,6213900
2024-08-29,43.8871,44.2657,43.0732,44.0386,7064700
2024-08-30,44.1711,44.7768,44.1048,44.7011,14262600
2024-09-03,44.7484,44.7768,43.7357,43.9061,7980300
2024-09-04,43.8682,44.3036,43.4328,43.5937,5999600
2024-09-05,44.048,44.048,42.988,43.1016,5971200
2024-09-06,43.1678,43.4802,41.9564,42.1078,7635400
2024-09-09,42.5242,43.0069,42.3728,42.8366,7146200
2024-09-10,42.9691,42.9691,41.663,42.6189,7000600
2024-09-11,42.2498,42.4012,41.2465,42.3539,8448600
2024-09-12,42.9501,43.5086,41.1613,41.5021,14746700
2024-09-13,41.7955,42.3444,41.7482,42.2308,8757300
2024-09-16,42.4485,42.7135,41.9469,42.2971,9524500
2024-09-17,42.5716,42.8555,42.1457,42.2876,6286600
2024-09-18,42.3444,43.3571,42.2214,42.7609,11035300
2024-09-19,43.802,44.1238,43.1584,43.9818,9002000
2024-09-20,43.8114,43.8871,43.3855,43.5464,11026200
2024-09-23,43.6695,43.8209,43.3098,43.4045,5205600
2024-09-24,43.4044,43.518,42.8555,43.1962,6197600
2024-09-25,43.2341,43.2341,42.3066,42.3539,6848400
2024-09-26,42.6189,42.9975,41.8712,42.8744,9679400
2024-09-27,43.0827,43.4896,42.7987,43.0448,6884700
2024-09-30,43.3223,43.8104,42.9395,43.7625,7028300
2024-10-01,43.4276,43.4659,42.4132,42.5472,6272800
2024-10-02,42.5567,42.9778,42.1165,42.3462,6114300
2024-10-03,42.1452,42.2122,41.5711,42.0878,4513200
2024-10-04,42.796,43.0161,42.2696,42.7768,5438000
2024-10-07,42.662,42.7673,42.1357,42.5567,5108400
2024-10-08,42.6524,42.8056,42.2601,42.3558,4588000
2024-10-09,42.4228,43.2075,42.2505,43.1596,6848300
2024-10-10,42.9682,43.1214,42.5854,43.0065,5310700
2024-10-11,43.4467,44.576,43.3893,44.2697,8809000
2024-10-14,44.2027,45.1693,44.107,45.0927,8166700
2024-10-15,45.4085,46.0114,44.9205,44.9779,8595500
2024-10-16,46.643,47.9541,46.643,47.0928,27957200
2024-10-17,47.7244,48.2986,46.9875,47.8201,16053100
2024-10-18,47.9541,47.9924,46.8536,47.045,10983600
2024-10-21,46.9206,47.045,45.8009,45.8583,6648300
2024-10-22,45.686,46.0784,45.3798,45.9636,6854200
2024-10-23,45.753,46.4421,45.7243,46.4421,6844500
2024-10-24,46.3846,46.6335,46.1263,46.3655,7804500
2024-10-25,46.7483,46.844,45.6382,45.6861,6601300
2024-10-28,46.0497,46.5952,45.8774,46.4995,5781000
2024-10-29,46.3368,46.6047,45.9923,46.1454,7499700
2024-10-30,46.1454,47.2459,46.1454,46.5856,8434500
2024-10-31,46.576,46.7196,46.155,46.2315,6913200
2024-11-01,46.6143,46.8536,45.7626,45.7817,5480400
2024-11-04,45.8009,45.8105,45.1119,45.1597,7720400
2024-11-05,45.2554,45.8105,45.1884,45.5616,4379800
2024-11-06,48.1168,49.5331,47.8488,49.0546,17523400
2024-11-07,48.6527,48.8154,47.2172,47.4277,9625900
2024-11-08,47.6287,48.1933,47.2268,48.0498,8615300
2024-11-11,48.691,49.246,48.6048,48.8441,8192500
2024-11-12,48.7484,49.0546,48.2125,48.5761,7564600
2024-11-13,48.7197,49.4565,48.5761,48.9685,7130600
2024-11-14,49.0833,49.0833,48.0785,48.1455,10345100
2024-11-15,48.1072,48.4709,47.6,47.7531,13570800
2024-11-18,47.8105,48.6048,47.6957,48.4326,7472000
2024-11-19,47.7435,48.4421,47.4565,48.2316,5066200
2024-11-20,48.423,48.7675,48.1263,48.557,8071200
2024-11-21,48.6622,49.8393,48.6144,49.179,8218000
2024-11-22,49.1599,50.4231,49.1599,50.2317,8301500
2024-11-25,50.9686,51.6097,50.8729,51.3226,10234400
2024-11-26,51.447,51.4853,50.9877,51.3513,5767500
2024-11-27,51.4375,51.6576,50.9303,51.1791,4506200
2024-11-29,51.2939,51.4375,50.7867,50.9973,3287900
2024-12-02,51.1982,51.1982,50.27,50.4996,5110200
2024-12-03,50.4901,50.6145,49.6001,49.8585,6520400
2024-12-04,49.9829,50.1647,49.3704,49.7723,4669900
2024-12-05,49.7723,50.3178,49.7149,49.8776,7020200
2024-12-06,49.9924,50.3274,49.5522,49.935,4683500
2024-12-09,49.9924,50.0212,49.0546,49.1025,5414900
2024-12-10,49.3321,49.5809,48.5953,49.3513,6357600
2024-12-11,49.7628,49.9924,49.045,49.112,7842300
2024-12-12,49.2938,49.5809,48.8728,48.9015,7596700
2024-12-13,49.0259,49.1216,48.5474,48.8345,6426800
2024-12-16,48.9589,49.1599,48.4613,49.1503,8427100
2024-12-17,48.7867,49.0355,47.5426,47.8297,6774100
2024-12-18,47.9637,48.0881,45.5234,45.5616,8970100
2024-12-19,46.1932,46.4612,45.1501,45.3702,9802900
2024-12-20,45.2458,46.4803,45.1884,45.8583,20225000
2024-12-23,45.4947,46.2794,45.4277,46.2411,4600700
2024-12-24,46.3559,46.7292,46.155,46.7292,2393800
2024-12-26,46.5665,47.0162,46.2507,46.9014,3448200
2024-12-27,46.643,47.1407,46.1645,46.4038,4956900
2024-12-30,46.0497,46.4995,45.6095,46.1741,4868400
2024-12-31,46.3772,46.7156,46.0484,46.2515,4521400
2025-01-02,46.5899,46.706,45.971,46.2805,6227800
2025-01-03,46.4352,47.2765,46.2515,47.2475,6418900
2025-01-06,47.5859,48.0307,47.0444,47.1218,7261800
2025-01-07,47.6826,47.8277,46.8703,47.0928,6014300
2025-01-08,47.0541,47.0831,46.3095,46.9187,5955500
2025-01-10,46.3095,46.5029,45.4972,45.8163,8528500
2025-01-13,45.971,46.8123,45.8453,46.793,9164700
2025-01-14,47.1991,47.7213,47.0734,47.4409,8753200
2025-01-15,48.785,49.4329,48.5819,49.2201,13935600
2025-01-16,46.3095,47.5859,45.6423,46.4449,19043000
2025-01-17,47.1701,47.1701,45.8453,46.764,14835700
2025-01-21,47.0541,47.7793,46.735,47.6923,11643900
2025-01-22,47.3732,47.4699,46.3578,47.0251,9541100
2025-01-23,47.1314,47.3345,46.5609,46.8317,8138800
2025-01-24,46.5802,47.7503,46.5802,47.4505,8259500
2025-01-27,47.6246,48.0791,47.4022,47.905,5987300
2025-01-28,47.9631,48.1178,46.3772,46.8413,12309600
2025-01-29,46.7543,47.5569,45.9807,46.0871,15331400
2025-01-30,46.6093,46.8607,46.1258,46.4159,6683500
2025-01-31,46.4159,46.7543,46.0967,46.2031,11182500
2025-02-03,45.2941,45.8743,45.0137,45.3231,10881000
2025-02-04,45.5939,46.2515,45.4295,45.884,10381200
2025-02-05,46.2418,46.6093,45.7293,45.8163,10811100
2025-02-06,46.3482,46.4835,45.826,46.1644,9101100
2025-02-07,46.2321,46.4159,45.3425,45.6713,8115000
2025-02-10,45.7196,45.7583,44.946,45.3328,8459800
2025-02-11,45.1491,46.1064,44.9267,46.0194,7744900
2025-02-12,45.5939,46.0484,45.4392,45.9227,6180100
2025-02-13,45.9033,45.9904,45.3038,45.826,6352200
2025-02-14,45.9904,46.4642,45.9324,46.1741,5398900
2025-02-18,46.2998,46.4159,45.9904,46.3578,5459800
2025-02-19,45.913,46.0291,44.5302,45.5649,10999200
2025-02-20,45.5456,45.6809,44.6269,45.2168,6909100
2025-02-21,45.2555,45.3812,44.2304,44.3562,9327000
2025-02-24,44.5592,44.6656,43.921,44.1047,8069300
2025-02-25,44.4722,44.6753,43.8727,44.3948,12635700
2025-02-26,44.6656,45.004,44.1047,44.2401,9056100
2025-02-27,44.3078,45.2265,44.3078,44.7526,6315400
2025-02-28,44.917,45.3908,44.5592,45.3522,10100600
2025-03-03,45.5552,45.8066,44.2595,44.7139,9676000
2025-03-04,43.9984,44.2401,42.7219,43.1377,10798400
2025-03-05,43.1087,43.5149,42.4318,43.1958,8956600
2025-03-06,42.7509,43.3408,42.3931,42.9153,9879700
2025-03-07,42.9153,43.3118,42.1417,43.2441,10793200
2025-03-10,42.3545,42.838,40.5945,40.9717,18143800
2025-03-11,41.0007,41.3004,40.0337,40.1884,17587400
2025-03-12,40.7299,40.8169,39.6662,40.3044,13661400
2025-03-13,40.5462,40.5849,39.4631,39.5695,9565400
2025-03-14,39.9563,40.7106,39.7726,40.6332,12739900
2025-03-17,40.5945,41.0974,40.3044,40.7879,9851300
2025-03-18,40.962,41.1361,40.6912,40.8846,13725500
2025-03-19,40.8846,41.5035,40.7783,41.2714,12043400
2025-03-20,40.8653,41.6679,40.8073,41.2037,9203000
2025-03-21,40.9523,41.5905,40.7299,41.4262,69001600
2025-03-24,41.7936,42.4125,41.6872,42.3158,8235200
2025-03-25,42.3351,42.5769,42.0547,42.2578,7377800
2025-03-26,42.4705,42.9927,42.1417,42.3255,9585400
2025-03-27,42.2965,42.4512,41.7066,41.8033,8171600
2025-03-28,41.7356,41.9967,40.7589,40.8653,7154100
2025-03-31,40.5032,41.4329,40.2782,41.3154,10548400
2025-04-01,40.9632,41.1099,40.4543,40.8751,9514200
2025-04-02,40.3858,42.1472,40.3858,42.0885,10427100
2025-04-03,40.2684,40.3369,37.8806,37.9589,16695400
2025-04-04,36.5694,36.8825,34.9743,36.0409,19859300
2025-04-07,35.033,37.5088,34.4263,36.0116,21816400
2025-04-08,37.1271,37.773,34.9645,35.6201,18709400
2025-04-09,35.0526,38.9962,34.7296,38.458,22911600
2025-04-10,37.636,37.6556,35.581,36.4519,20954100
2025-04-11,36.2073,37.1565,35.6984,37.0489,18556300
2025-04-14,37.6849,37.9491,36.9608,37.3816,12809900
2025-04-15,37.4207,38.5363,37.4207,37.8024,11717300
2025-04-16,37.4011,38.3112,36.6281,37.0097,17381600
2025-04-17,37.1271,37.8513,36.9901,37.3816,12538500
2025-04-21,37.0978,37.2641,36.4421,36.9999,11261300
2025-04-22,37.4403,38.2329,37.3424,38.1644,8311400
2025-04-23,39.143,40.2684,38.4776,38.6635,12753700
2025-04-24,38.458,39.3387,38.4189,39.1919,9478300
2025-04-25,38.9081,39.2702,38.8005,39.0647,6432700
2025-04-28,39.1919,39.5246,38.9277,39.3191,5264900
2025-04-29,39.0941,39.7008,38.9081,39.6323,8390000
2025-04-30,38.8788,39.6029,38.4384,39.4757,10563200
2025-05-01,39.2996,40.0335,39.1332,39.6323,7192000
2025-05-02,39.9552,40.7087,39.8769,40.5815,9089500
2025-05-05,40.1216,41.1197,40.0629,40.5717,5230500
2025-05-06,40.102,40.513,40.0139,40.102,5271100
2025-05-07,40.3662,40.787,40.2488,40.4151,8325800
2025-05-08,40.8849,41.4426,40.6109,41.2371,8840400
2025-05-09,41.2371,41.3741,40.924,41.1197,6997700
2025-05-12,42.9692,43.4096,42.7833,43.0671,12301800
2025-05-13,43.0573,43.5466,42.8714,43.4194,10139300
2025-05-14,43.2726,43.3998,43.0573,43.2824,5877300
2025-05-15,43.2824,43.7325,43.2726,43.6249,6533800
2025-05-16,43.6542,44.0359,43.3509,43.9576,7369200
2025-05-19,43.4487,43.9087,43.3607,43.8304,5717500
2025-05-20,43.7129,43.7619,43.3117,43.4585,6605400
2025-05-21,43.1258,43.1845,41.9417,41.9711,6298600
2025-05-22,41.9711,42.5289,41.7167,42.1962,6608900
2025-05-23,41.3154,42.1864,41.3056,42.02,5798500
2025-05-27,42.6169,42.8127,42.1081,42.8029,6500400
2025-05-28,42.8029,42.9301,42.2353,42.3038,4800100
2025-05-29,42.6169,42.842,42.2549,42.8224,6372800
2025-05-30,42.6365,42.842,42.2744,42.6561,9784900
2025-06-02,42.3821,42.705,41.8634,42.6854,6159500
2025-06-03,42.6463,43.527,42.568,43.4292,10105600
2025-06-04,43.527,43.7717,42.9203,42.9594,6980500
2025-06-05,43.2041,43.2041,42.5582,42.7442,6079100
2025-06-06,43.4585,43.8695,43.3117,43.8108,7647700
2025-06-09,44.0359,44.2805,43.801,43.9087,5605000
2025-06-10,44.0261,44.4371,43.8597,44.2707,5792500
2025-06-11,44.1142,44.1435,43.1845,43.253,13017700
2025-06-12,43.0671,43.2237,42.6659,43.2139,9552800
2025-06-13,42.7637,42.8714,41.9319,42.0689,9468800
2025-06-16,42.6267,42.6757,42.1766,42.2255,14247900
2025-06-17,42.0494,42.2451,41.6971,41.7754,10921100
2025-06-18,41.6482,42.4897,41.6384,42.3429,12696500
2025-06-20,42.4212,42.6169,42.2549,42.3625,22312700
2025-06-23,42.2549,43.1747,42.0102,43.1454,12500800
2025-06-24,43.5662,43.9869,43.4781,43.5857,10996900
2025-06-25,43.4585,43.9478,43.3802,43.8597,8481800
2025-06-26,44.0359,44.7013,43.9772,44.6426,13437100
2025-06-27,44.6622,45.2591,44.5545,44.7796,15796400
2025-06-30,44.9181,45.2149,44.6708,44.7697,13621100
2025-07-01,44.4927,46.0856,44.4333,45.9965,16514400
2025-07-02,46.2043,47.0057,46.0757,46.9859,15421800
2025-07-03,47.1739,47.5499,47.0156,47.4213,7036300
2025-07-07,47.5993,47.8764,46.9562,47.2728,14353700
2025-07-08,47.2827,47.4213,46.9859,47.1541,13523600
2025-07-09,47.4707,47.5993,46.6396,46.7979,9179400
2025-07-10,46.8078,47.3718,46.6891,47.0651,8606300
2025-07-11,46.5011,46.887,46.2637,46.6396,11510200
2025-07-14,46.7584,46.7584,46.2934,46.5605,13464200
2025-07-15,46.3626,46.5803,45.1556,45.205,15895100
2025-07-16,45.4722,45.6997,44.4927,45.1951,21086500
2025-07-17,43.6814,45.116,43.4538,44.7301,25242800
2025-07-18,44.9379,45.4326,44.6015,45.205,15539700
2025-07-21,45.2941,46.0064,45.2644,45.2941,10538100
2025-07-22,45.3336,46.1153,45.3238,45.67,10511800
2025-07-23,46.0262,46.1548,45.6305,45.7987,10145800
2025-07-24,45.7492,46.2043,45.5612,45.5711,9025600
2025-07-25,45.6404,45.8679,45.0269,45.8283,8082200
2025-07-28,45.7591,45.8679,45.3534,45.6008,6597600
2025-07-29,45.8086,45.8778,45.4524,45.6008,10034100
2025-07-30,45.7987,46.0856,45.1655,45.393,11488700
2025-07-31,45.2248,45.4227,44.3542,44.4828,11817100
2025-08-01,43.8496,44.0771,42.9987,43.4736,9632900
2025-08-04,43.6022,44.0277,43.5231,43.9485,6515800
2025-08-05,44.1266,44.2354,43.3648,44.087,8020600
2025-08-06,44.2255,44.2849,43.9386,43.9683,5854700
2025-08-07,44.3937,44.4036,43.4934,43.622,5412500
2025-08-08,44.0277,44.463,43.6814,44.3838,6067000
2025-08-11,44.3542,44.5916,43.8694,44.087,7201900
2025-08-12,44.5026,45.3139,44.3838,45.2842,8836600
2025-08-13,45.3238,46.2043,45.1358,46.1153,10438100
2025-08-14,45.7789,46.3725,45.492,46.3329,6181100
2025-08-15,46.4615,46.5902,45.4425,45.4425,8995400
2025-08-18,45.3238,45.67,45.2347,45.6206,5892900
2025-08-19,45.5612,46.0757,45.4227,45.7195,5597400
2025-08-20,45.8086,46.0361,45.4722,45.9174,7720200
2025-08-21,45.7294,45.8976,45.3732,45.6799,4976000
2025-08-22,46.0064,47.8467,45.8976,47.7675,12679300
2025-08-25,47.5894,47.7576,47.4707,47.6488,7520800
2025-08-26,47.4311,48.1039,47.4311,48.0545,9280600
2025-08-27,47.9852,48.4799,47.8665,48.2424,9492900
2025-08-28,48.4502,48.4601,47.8665,48.1534,10464800
2025-08-29,48.2029,48.5393,48.0644,48.3117,12069900
2025-09-02,47.8269,48.0347,47.441,48.005,7053600
2025-09-03,47.9654,48.4205,47.5103,48.0248,8335500
2025-09-04,48.2424,48.6778,47.906,48.6481,5564600
2025-09-05,48.8262,48.9647,47.8467,48.282,8041000
2025-09-08,48.3216,48.3216,47.5202,48.1336,8543600
2025-09-09,48.1435,49.4594,48.0446,48.846,17261800
2025-09-10,48.9845,49.212,48.4106,48.6778,9988700
2025-09-11,48.7767,49.0142,48.5294,48.7965,8636500
2025-09-12,48.8262,48.8559,48.282,48.6085,8103200
2025-09-15,48.6382,49.0438,48.4898,48.7668,7729900
2025-09-16,48.9449,48.9449,47.5202,47.8764,13158800
2025-09-17,48.0841,49.6375,48.0545,49.0834,12828100
2025-09-18,49.1428,49.8255,48.8855,49.6771,12345900
2025-09-19,49.9046,49.9838,49.499,49.8749,20595300
2025-09-22,49.4099,49.5385,48.7173,48.9647,7669900
2025-09-23,48.935,49.6869,48.5788,48.8262,9970900
2025-09-24,48.7569,49.1032,48.4007,48.658,6621100
2025-09-25,48.5195,48.8064,48.2919,48.5096,7199000
2025-09-26,48.8756,49.1923,48.5492,48.9152,8309500
2025-09-29,48.8954,48.9845,48.005,48.47,9379500
2025-09-30,48.52,48.72,47.47,48.33,10181200
2025-10-01,48.18,48.35,47.82,47.88,9419800
2025-10-02,47.86,48.12,47.61,47.91,8468600
2025-10-03,48.03,48.45,47.85,48.07,9291100
2025-10-06,48.31,49.0,47.48,47.72,8426600
2025-10-07,48.04,48.23,47.45,47.5,6619000
2025-10-08,47.73,47.75,46.88,46.99,5315700
2025-10-09,47.18,47.4,46.76,47.1,7011500
2025-10-10,47.34,47.4,45.23,45.28,12468400
2025-10-13,45.89,46.32,45.59,46.16,6896400
2025-10-14,45.99,47.36,45.93,47.09,8844600
2025-10-15,47.36,47.42,46.17,46.45,11325200
2025-10-16,47.24,47.78,45.39,45.65,21622900
2025-10-17,46.29,46.5,45.51,45.69,14032400
2025-10-20,45.97,47.19,45.91,47.1,9439000
2025-10-21,47.03,47.83,46.95,47.61,11278200
2025-10-22,47.65,47.84,47.07,47.33,8497400
2025-10-23,47.66,47.88,47.09,47.82,12065700
2025-10-24,48.21,48.61,48.13,48.26,10982500
2025-10-27,48.44,48.49,47.5,47.8,10275400
2025-10-28,47.54,47.67,47.09,47.27,7549200
2025-10-29,46.91,47.49,46.37,46.64,8829500
2025-10-30,46.65,47.71,46.61,46.84,7191000
2025-10-31,46.43,46.87,46.08,46.68,9636200
2025-11-03,46.55,46.81,45.98,46.62,10455200
2025-11-04,46.45,46.99,46.16,46.43,7204300
2025-11-05,46.43,47.01,46.02,46.74,5577200
2025-11-06,46.79,47.18,46.49,46.85,7170000
2025-11-07,46.62,47.34,46.47,47.32,6870400
2025-11-10,47.41,47.81,47.11,47.58,5685900
2025-11-11,47.7,47.94,47.32,47.62,4751600
2025-11-12,47.77,48.51,47.7,47.89,5664400
2025-11-13,47.73,48.02,47.07,47.31,6287900
2025-11-14,47.19,47.38,46.67,47.1,6121500
2025-11-17,46.9,46.99,45.27,45.47,7832100
2025-11-18,45.27,46.34,45.02,45.92,8035200
2025-11-19,45.88,46.84,45.8,46.8,8899100
2025-11-20,47.2,47.76,46.43,46.49,8172200
2025-11-21,46.83,48.16,46.63,47.78,7874000
2025-11-24,47.77,47.93,47.22,47.75,10955800
2025-11-25,48.05,49.19,47.98,48.91,10153100
2025-11-26,48.92,49.3,48.74,48.95,4452700
2025-11-28,48.91,49.26,48.84,49.05,3280100
2025-12-01,48.94,49.85,48.92,49.41,8975600
2025-12-02,49.63,49.98,49.17,49.68,10791800
2025-12-03,49.96,50.96,49.79,50.93,9578400
2025-12-04,50.95,51.51,50.9,51.37,7917400
2025-12-05,51.17,51.78,51.12,51.26,7693500
2025-12-08,51.38,51.91,51.24,51.41,7502700
2025-12-09,51.3,52.0,51.3,51.57,9187300
2025-12-10,51.57,53.73,51.57,53.56,10355300
2025-12-11,53.32,53.96,53.32,53.58,10115700
2025-12-12,53.94,53.98,53.33,53.42,9239700
2025-12-15,53.82,54.01,53.42,53.71,12045500
2025-12-16,53.89,53.9,53.16,53.47,9658400
2025-12-17,53.7,54.04,53.58,53.74,9936400
2025-12-18,53.8,54.41,53.52,53.87,9095600
2025-12-19,53.89,54.25,53.75,54.16,24506700
2025-12-22,54.11,54.9,54.05,54.87,7654100
2025-12-23,54.91,55.13,54.47,54.49,6205900
