date,open,high,low,close,volume
2015-01-02,15.3800,15.4600,14.4500,14.8000,16606200
2015-01-05,14.5000,14.6500,13.7000,13.7200,27422800
2015-01-06,13.8500,14.0100,12.3600,12.8000,39434200
2015-01-07,12.8700,12.9800,11.9400,12.6100,52439200
2015-01-08,12.7500,13.7400,12.6600,13.6000,36442200
2015-01-09,13.5000,13.5000,13.0200,13.2800,31826400
2015-01-12,13.2100,13.2500,12.1200,12.1200,32575700
2015-01-13,12.3000,13.2500,11.9300,12.9400,45349100
2015-01-14,12.8500,13.1100,12.6200,13.0000,28789900
2015-01-15,12.9500,12.9500,12.2100,12.6000,39231100
2015-01-16,12.6200,13.6800,12.6100,13.4400,19830900
2015-01-19,13.2000,13.3200,12.8700,13.1500,8984100
2015-01-20,13.3000,13.5500,12.8300,13.0400,14720200
2015-01-21,13.1900,13.7000,12.9500,13.6300,19711600
2015-01-22,12.9000,13.1800,11.9300,12.6500,47863100
2015-01-23,12.8000,13.0700,12.3500,12.5200,18711700
2015-01-26,12.5000,13.1700,12.3300,13.0400,20937400
2015-01-27,12.9100,13.2500,12.7400,13.1500,20120500
2015-01-28,13.0400,13.0600,12.4300,12.5600,20044600
2015-01-29,12.5100,12.9500,12.2400,12.9500,17839300
2015-01-30,12.7000,12.7400,12.1300,12.2700,35550600
2015-02-02,12.3000,12.5600,11.9700,12.1900,12751100
2015-02-03,12.3600,12.3600,10.8600,11.7300,39922900
2015-02-04,11.8000,12.1600,11.2100,11.5100,28764600
2015-02-05,11.6000,12.0100,11.3300,11.4500,32977500
2015-02-06,11.3300,11.4600,10.1200,10.1800,54654300
2015-02-09,10.0900,10.9200,9.9300,10.6800,16298300
2015-02-10,10.7500,11.0800,10.1500,10.2400,34558000
2015-02-11,9.9200,10.1700,9.5400,9.7700,53842300
2015-02-12,10.4000,11.4300,10.0600,10.9800,31840100
2015-02-13,11.3000,11.3300,10.5400,10.7400,32833800
2015-02-18,10.7600,11.3700,10.4200,10.9100,11389800
2015-02-19,10.9200,11.9900,10.8800,11.9800,23001100
2015-02-20,12.0500,12.1100,11.5200,11.6700,15584400
2015-02-23,12.9000,12.9000,12.2400,12.4200,34742400
2015-02-24,12.4400,12.8500,12.2800,12.6400,16062200
2015-02-25,12.5400,12.8400,12.3900,12.6200,12148100
2015-02-26,12.9000,12.9000,11.3500,11.5000,43072200
2015-02-27,10.7000,11.0400,10.0600,10.3000,56550700
2015-03-02,10.1900,10.6600,9.9400,10.2000,15673900
2015-03-03,10.3200,10.5400,10.0200,10.0500,19261200
2015-03-04,9.9600,10.2400,9.7200,9.8800,19199500
2015-03-05,10.0000,10.0300,9.6800,9.7500,21894400
2015-03-06,9.7600,10.1500,9.7400,9.9800,10894100
2015-03-09,9.8800,10.1400,9.5800,9.7100,11424400
2015-03-10,9.6200,9.7900,9.2100,9.2100,28431700
2015-03-11,9.3700,9.7100,9.2400,9.5800,26578000
2015-03-12,9.6000,10.1800,9.5400,10.0900,17068900
2015-03-13,9.9600,10.3100,9.9100,10.3100,11241000
2015-03-16,10.3500,10.4600,9.9600,10.0400,12999900
2015-03-17,10.0800,10.6000,10.0300,10.5100,12930200
2015-03-18,10.2800,11.1700,10.2800,11.1200,17702900
2015-03-19,11.3000,11.5100,10.1800,10.3300,23229100
2015-03-20,10.5500,10.8700,10.1800,10.4600,15873700
2015-03-23,10.5800,10.8900,10.4000,10.8000,11894600
2015-03-24,10.8900,10.9200,10.6000,10.9200,17766400
2015-03-25,10.8600,11.1300,10.7700,10.7800,7983200
2015-03-26,10.6700,10.6700,10.0200,10.0200,14425300
2015-03-27,10.0600,10.4400,9.8500,9.9600,9362700
2015-03-30,9.9700,10.3300,9.9400,10.2000,8250500
2015-03-31,10.1300,10.4500,10.0900,10.2100,11529200
2015-04-01,10.4300,10.6000,10.3400,10.6000,7869500
2015-04-02,10.6200,11.0000,10.6200,10.8800,5174700
2015-04-06,11.0000,11.4700,10.9900,11.4200,6100200
2015-04-07,11.4800,11.5500,11.1300,11.5100,9043100
2015-04-08,11.6700,11.8900,11.5700,11.8100,26239800
2015-04-09,11.8000,12.3500,11.7000,11.9000,22791500
2015-04-10,12.1500,12.1700,11.9200,11.9500,9989300
2015-04-13,11.8200,11.9800,11.4200,11.4500,10310100
2015-04-14,11.5900,11.6400,10.8400,10.8600,12410500
2015-04-15,10.9100,11.1000,10.5900,10.7100,13084300
2015-04-16,10.6500,10.8000,10.5000,10.5500,15319700
2015-04-17,10.5100,10.6500,10.1700,10.2800,25579700
2015-04-20,10.3200,10.5800,10.2000,10.5800,10529800
2015-04-22,10.6200,10.7100,10.4500,10.4600,9066500
2015-04-23,10.5100,11.3700,10.3600,11.1200,8786600
2015-04-24,11.2500,11.8100,11.2200,11.7400,10092500
2015-04-27,11.7600,11.8800,10.8200,11.1400,14214400
2015-04-28,11.2000,11.6900,11.0400,11.6800,17210400
2015-04-29,11.4200,11.6700,11.1100,11.2500,13711300
2015-04-30,11.1300,11.3400,10.9100,11.0200,23484900
2015-05-04,11.1000,11.2700,11.0500,11.1200,9025700
2015-05-05,10.8500,11.0000,10.4100,10.6200,16413600
2015-05-06,10.6200,10.7200,10.4000,10.6500,25868800
2015-05-07,10.4200,10.9300,10.4200,10.7000,12652500
2015-05-08,10.9100,11.2300,10.8800,11.0400,21710700
2015-05-11,11.2000,11.3300,10.6600,10.6700,15854500
2015-05-12,10.8900,11.7500,10.8600,11.6500,29645200
2015-05-13,11.6900,11.9700,11.1300,11.4100,11745600
2015-05-14,11.2200,11.9200,11.2100,11.8300,10631200
2015-05-15,11.8500,12.4100,11.6800,12.3100,14197500
2015-05-18,12.5000,12.5000,11.7400,11.8800,29523900
2015-05-19,12.1400,12.1400,11.6600,11.7500,11726400
2015-05-20,11.9600,12.4100,11.7800,12.0000,16604000
2015-05-21,11.8900,12.6800,11.8400,12.6200,21927900
2015-05-22,12.7000,13.3700,12.2000,12.4300,31704200
2015-05-25,12.4300,12.7400,12.1300,12.7300,5121700
2015-05-26,12.4700,12.5600,11.9600,12.2300,12334700
2015-05-27,12.3800,12.4300,11.7400,11.9000,7698800
2015-05-28,11.8700,11.9200,11.4000,11.6200,9550500
2015-05-29,11.6400,11.9300,11.3200,11.3500,14376600
2015-06-01,11.3600,11.7000,11.2600,11.4600,6051900
2015-06-02,11.4800,11.8500,11.4100,11.8500,4266700
2015-06-03,11.8700,11.9800,11.2700,11.4100,10860900
2015-06-05,11.2000,11.6700,11.1900,11.5300,4856800
2015-06-08,11.6000,11.8300,11.5200,11.6000,6290700
2015-06-09,11.9300,12.2700,11.8000,11.8500,13787700
2015-06-10,12.0500,12.2300,11.9300,12.0500,9556500
2015-06-11,12.1400,12.5400,12.0900,12.4700,14852700
2015-06-12,12.3300,12.6400,12.3100,12.4000,29226100
2015-06-15,12.4000,12.7200,12.3200,12.6900,17821300
2015-06-16,12.7000,12.8800,12.6000,12.7000,13818300
2015-06-17,12.5800,12.8000,12.2500,12.6800,11796800
2015-06-18,12.6600,12.6800,12.3400,12.4300,4922300
2015-06-19,12.3800,12.4700,12.0500,12.1000,6168000
2015-06-22,12.2900,12.5700,12.2500,12.4100,6145900
2015-06-23,12.5800,12.5900,12.2600,12.3200,4996600
2015-06-24,12.3500,12.8900,12.3300,12.8500,11104400
2015-06-25,12.8200,13.0000,12.4700,12.9400,11744500
2015-06-26,12.7000,12.7500,11.7100,12.1100,27341600
2015-06-29,12.0300,12.0800,11.5800,11.6100,19643200
2015-06-30,11.7600,12.0000,11.7300,11.9000,10891300
2015-07-01,12.0200,12.2000,11.8200,11.8400,6161400
2015-07-02,12.0300,12.0900,11.8100,11.8100,15480500
2015-07-03,11.8500,11.9900,11.5700,11.7900,3539300
2015-07-06,11.9000,11.9000,11.5000,11.7000,11333900
2015-07-07,11.6000,11.6900,11.1300,11.2500,10012200
2015-07-08,11.3800,11.5400,11.2000,11.3000,6483300
2015-07-10,11.5000,11.8300,11.3700,11.7100,7863300
2015-07-13,11.7500,11.9900,11.7500,11.8400,7846800
2015-07-14,11.9000,12.0500,11.8500,11.9400,13248300
2015-07-15,12.0200,12.1800,11.8200,12.0100,24053700
2015-07-16,12.1800,12.1900,11.5400,11.7000,5132700
2015-07-17,11.7300,11.7600,11.2000,11.2800,9196300
2015-07-20,11.3000,11.3300,10.6800,11.0300,9952900
2015-07-21,11.0000,11.0000,10.5300,10.6400,7964300
2015-07-22,10.4800,10.6200,10.3300,10.5000,11959200
2015-07-23,10.3600,10.4500,9.7600,9.8400,23111100
2015-07-24,9.7900,10.1500,9.7000,10.1000,17252500
2015-07-27,10.2500,10.2600,9.7700,9.9800,18056700
2015-07-28,10.1000,10.2100,9.6000,9.7500,13120600
2015-07-29,9.6000,9.8100,9.5000,9.6800,17619500
2015-07-30,9.6800,9.6800,9.1200,9.3600,15157600
2015-07-31,9.5500,9.7000,9.3900,9.5500,13480200
2015-08-03,9.6000,9.6800,9.0300,9.1800,16672700
2015-08-04,9.1900,9.3200,8.9600,9.0500,15481500
2015-08-05,9.1500,9.6400,9.0700,9.1700,10282600
2015-08-06,9.2300,9.4000,8.9000,8.9500,10757700
2015-08-07,9.1000,9.3100,8.7500,8.7700,10438400
2015-08-10,8.8600,8.9500,8.4600,8.8200,8808600
2015-08-11,8.8000,9.0000,8.5300,8.9600,19284400
2015-08-12,9.0000,9.2000,8.9200,9.1900,24786800
2015-08-13,9.2100,10.0300,9.2100,9.9000,23191400
2015-08-14,9.9200,10.0800,9.6200,9.7200,10225700
2015-08-17,9.6200,10.1800,9.5200,9.9200,17585000
2015-08-18,9.9800,10.1400,9.8900,9.9800,15171100
2015-08-19,9.9000,10.0000,9.5000,9.8900,23994700
2015-08-20,9.7300,9.7700,9.3700,9.5700,6860100
2015-08-21,9.5300,9.5300,9.2100,9.3000,7540300
2015-08-24,8.7300,9.5300,8.4700,9.0600,13717700
2015-08-25,9.2300,9.3000,8.6400,8.6800,13069200
2015-08-26,8.8700,8.8700,8.5000,8.5200,12360100
2015-08-27,8.6400,9.2000,8.5500,9.2000,13976300
2015-08-28,9.0000,9.1000,8.7100,8.8400,10378700
2015-08-31,8.6500,8.7300,8.5000,8.6800,9796500
2015-09-01,8.4400,8.8400,8.3500,8.5800,11407400
2015-09-02,8.7400,8.8000,8.5100,8.6300,6804600
2015-09-03,8.7100,8.7400,8.4500,8.5200,11234000
2015-09-04,8.4400,8.5500,8.1000,8.3500,18082300
2015-09-08,8.4900,8.6000,8.3800,8.4500,5937100
2015-09-09,8.5400,8.8000,8.4800,8.6100,19537100
2015-09-10,8.2600,8.6800,8.2500,8.5500,13245900
2015-09-11,8.6000,8.7000,8.3100,8.6100,7449100
2015-09-14,8.7500,8.8300,8.4600,8.7600,9532400
2015-09-15,8.8500,8.9000,8.5500,8.5800,15459100
2015-09-16,8.6300,8.8000,8.6300,8.7000,14164400
2015-09-17,8.7000,9.3000,8.6300,9.1800,11543500
2015-09-18,9.1400,9.1400,8.5900,8.6100,9767500
2015-09-21,8.6500,8.7100,8.2000,8.3000,6720000
2015-09-22,7.3000,7.6800,7.2700,7.6400,72481600
2015-09-23,7.6700,8.1100,7.6400,7.7800,18799600
2015-09-24,7.6500,7.7000,7.4400,7.6600,11104500
2015-09-25,7.7700,7.9000,7.5600,7.6000,4049700
2015-09-28,7.5500,7.5600,7.3200,7.4100,5972600
2015-09-29,7.4100,7.8300,7.4100,7.6500,10893200
2015-09-30,7.9000,8.0400,7.6200,7.7100,14608900
2015-10-01,7.8000,7.9200,7.7300,7.7300,26506700
2015-10-02,7.7800,8.5300,7.7600,8.5300,13183000
2015-10-05,8.7000,8.8300,8.5500,8.8100,7867100
2015-10-06,8.7400,9.0000,8.7000,8.9600,6064800
2015-10-07,9.2100,9.5500,9.0200,9.4300,12049500
2015-10-08,9.3300,9.7200,9.1800,9.5300,13429400
2015-10-09,9.7400,9.8600,9.5400,9.8600,10327800
2015-10-13,9.7500,9.7500,9.0200,9.0500,11403200
2015-10-14,9.0500,9.2900,8.8900,8.9000,23725800
2015-10-15,9.1700,10.0200,9.1700,9.9300,21583900
2015-10-16,9.9300,10.0900,9.6100,10.0000,16261900
2015-10-19,10.0400,10.3700,9.7000,10.3700,16540500
2015-10-20,10.4900,10.9500,10.1200,10.4400,15599800
2015-10-21,10.4000,10.5600,10.0100,10.3800,8384300
2015-10-22,10.5000,10.5000,10.1300,10.2100,6202400
2015-10-23,10.5000,10.6200,10.1600,10.1800,5373700
2015-10-26,10.2500,10.2500,9.8900,10.0300,5888400
2015-10-27,10.0300,10.4300,9.9400,10.3500,35788600
2015-10-28,10.2200,10.3700,10.2200,10.3600,799800
2015-10-29,10.0000,10.2400,9.6000,9.6800,7212100
2015-10-30,9.7000,10.0000,9.6100,9.8600,7466200
2015-11-03,10.0400,10.7500,10.0400,10.7500,16431400
2015-11-04,10.7700,11.0500,10.2200,10.2200,11119600
2015-11-05,10.2600,10.7000,10.2500,10.6100,9590700
2015-11-06,10.4900,10.6000,10.0300,10.2000,7546100
2015-11-09,10.2500,10.4700,10.1300,10.1300,7337900
2015-11-10,10.2200,10.2300,9.9500,10.0100,5658200
2015-11-11,10.1800,10.7700,10.1300,10.6000,9786700
2015-11-12,10.6900,11.5000,10.4300,10.5700,26403000
2015-11-13,10.5500,10.6300,10.1600,10.2400,14885900
2015-11-16,10.2200,10.3800,10.0400,10.2400,16970100
2015-11-17,10.3800,10.6200,10.3300,10.5700,9538500
2015-11-18,10.5300,10.7500,10.3700,10.6000,7056600
2015-11-19,10.7500,10.8900,10.6200,10.6900,15580800
2015-11-23,10.7700,10.8500,10.5300,10.6700,4626000
2015-11-24,10.6500,10.7400,10.3300,10.5900,4957500
2015-11-25,10.4200,10.7100,10.2500,10.3900,10521400
2015-11-26,10.3900,10.4000,9.4500,9.5000,20282500
2015-11-27,9.6000,9.6300,9.1000,9.3000,15770800
2015-11-30,9.2100,9.6300,8.9700,9.2500,14992100
2015-12-01,9.3600,9.7400,9.2700,9.7400,17693700
2015-12-02,9.7100,9.9400,9.5600,9.7800,11673500
2015-12-03,10.0600,10.6000,9.9900,10.6000,24331000
2015-12-04,10.5000,10.5100,9.9800,10.3400,14512900
2015-12-07,10.4500,10.8100,10.2700,10.4600,11155800
2015-12-08,10.4000,10.6000,10.1100,10.5200,9181200
2015-12-09,10.6700,11.0400,10.6300,10.7400,14362600
2015-12-10,10.7900,10.7900,10.3700,10.4600,10756700
2015-12-11,10.3900,10.6500,10.3000,10.3900,7525900
2015-12-14,10.3100,10.4100,10.0600,10.2500,6528100
2015-12-15,10.3100,10.4300,10.1500,10.2500,4374500
2015-12-16,10.2000,10.3900,10.1200,10.3000,9499900
2015-12-17,10.5000,10.7500,10.4700,10.5900,9511900
2015-12-18,10.2600,10.3100,9.7200,9.7200,17363200
2015-12-21,9.7500,10.0600,9.6700,10.0000,17669300
2015-12-22,10.0600,10.1500,9.8300,9.9100,11484900
2015-12-23,10.0000,10.1200,9.6800,9.8200,5064500
2015-12-28,9.8800,10.0700,9.8000,9.8700,5043900
2015-12-29,9.8800,10.1000,9.8700,9.9200,3467300
2015-12-30,9.9700,9.9700,9.4000,9.5300,7418000
2016-01-04,9.5300,9.5900,9.1300,9.4200,6564200
2016-01-05,9.4500,9.6600,9.1500,9.2000,10179800
2016-01-06,9.1300,9.5400,8.7800,9.3700,41927800
2016-01-07,9.4500,9.4700,9.2000,9.2700,28553400
2016-01-08,9.2500,9.3100,8.1000,8.7500,26915100
2016-01-11,8.8000,8.8800,8.5500,8.7000,23446100
2016-01-12,8.7000,8.8400,8.2800,8.4200,10252800
2016-01-13,8.4500,8.7000,8.1700,8.1700,12202200
2016-01-14,8.2100,8.5900,8.1700,8.5900,7243300
2016-01-15,8.4000,8.5800,8.2000,8.5200,6245200
2016-01-18,8.4700,8.6000,8.2700,8.2900,4139100
2016-01-19,8.5400,8.5800,8.2800,8.3400,4377500
2016-01-20,8.2500,8.3500,7.8800,8.2000,6016600
2016-01-21,8.1300,8.2800,7.9800,8.0500,7498300
2016-01-22,8.1100,8.1500,7.6500,7.7400,15097900
2016-01-26,7.6900,8.0400,7.4300,8.0000,13161100
2016-01-27,8.0200,8.1400,7.7400,7.8500,7489800
2016-01-28,7.9000,8.0400,7.5700,7.8300,8323700
2016-01-29,7.9700,8.5400,7.8600,8.5000,10568100
2016-02-01,8.4000,8.9400,8.3200,8.9100,14245500
2016-02-02,8.7900,8.9600,8.5700,8.6300,7815500
2016-02-03,8.8000,8.8700,8.3800,8.6800,6718500
2016-02-04,9.0500,9.3900,8.9800,9.3000,15415200
2016-02-05,9.2900,9.5700,9.2300,9.4300,8673600
2016-02-10,9.3000,9.4000,9.0500,9.3100,6901700
2016-02-11,9.0500,9.1300,8.8300,9.0800,13040500
2016-02-12,9.1800,9.6500,8.9700,9.5200,9390600
2016-02-15,9.7600,9.7600,9.4900,9.6400,5177300
2016-02-16,9.6500,9.8000,9.4600,9.5500,6996100
2016-02-17,9.6000,10.0200,9.4900,9.9000,17347400
2016-02-18,9.8500,10.0000,9.6900,9.8200,7675400
2016-02-19,9.7100,9.7400,9.4600,9.5300,13974000
2016-02-22,9.9400,9.9400,9.5400,9.5400,14118200
2016-02-23,9.5700,9.6600,9.3300,9.4300,24768600
2016-02-24,9.2800,9.3300,9.0500,9.2000,9304500
2016-02-25,9.1000,9.2500,8.9700,9.1100,8107900
2016-02-26,9.2100,9.5800,9.0500,9.4600,17714800
2016-02-29,9.6100,10.1200,9.4200,9.9700,9012400
2016-03-01,10.2000,10.2600,10.0700,10.1500,9398000
2016-03-02,10.2000,10.2500,9.8400,9.9400,8118200
2016-03-03,10.0900,10.8200,10.0000,10.7300,30859800
2016-03-04,11.6000,11.6000,10.6800,11.0400,18568800
2016-03-07,11.0500,11.4300,10.7800,11.3800,15783800
2016-03-08,11.3700,11.6000,11.1200,11.2200,19057400
2016-03-09,11.3300,11.5800,11.0700,11.2900,11987900
2016-03-10,11.5000,11.9200,10.8500,11.5500,10853700
2016-03-11,11.5100,11.8900,11.1300,11.6400,19649100
2016-03-14,11.8300,11.8300,10.8000,11.1500,18055400
2016-03-15,11.0700,11.1200,10.6000,10.7900,16361500
2016-03-16,10.6000,10.6400,10.3300,10.5100,14346900
2016-03-17,11.2000,11.5000,10.8600,10.8700,29478700
2016-03-18,11.0700,11.1300,10.7800,10.8900,21723200
2016-03-21,10.9100,11.0500,10.8200,10.8200,10642300
2016-03-22,10.8700,11.6000,10.8700,11.4000,18199000
2016-03-23,11.3700,11.4600,11.1900,11.4000,6751800
2016-03-24,11.2700,11.8400,11.1100,11.7200,19953200
2016-03-28,11.9700,11.9800,11.1400,11.1900,10538900
2016-03-29,11.1900,11.6500,11.1000,11.3500,9016300
2016-03-30,11.4700,12.0500,11.4500,11.5900,13080200
2016-03-31,11.4800,11.4800,11.4800,11.4800,8900
2016-04-01,11.8200,11.8200,11.8200,11.8200,3300
2016-04-04,11.5200,11.5200,11.5200,11.5200,24100
2016-04-05,11.5900,11.5900,11.5900,11.5900,14300
2016-04-06,11.6900,11.6900,11.6900,11.6900,12500
2016-04-07,11.5800,11.5800,11.5800,11.5800,2400
2016-04-08,11.9400,12.1500,11.7500,11.9100,8497800
2016-04-11,11.4500,11.4500,11.4500,11.4500,17000
2016-04-12,11.8700,11.8700,11.8700,11.8700,22500
2016-04-13,12.0900,12.0900,12.0900,12.0900,100500
2016-04-14,12.1700,12.3200,11.8800,11.8800,6121600
2016-04-15,12.0200,12.4400,11.9400,12.1500,5840300
2016-04-18,12.1600,12.3200,12.0000,12.2400,6650800
2016-04-19,12.4400,12.4400,12.4400,12.4400,4200
2016-04-20,12.4100,12.6700,12.3200,12.4900,12877500
2016-04-22,12.2200,12.4900,11.8600,11.9000,14188500
2016-04-25,11.9400,12.0300,11.7000,11.9100,4028000
2016-04-26,12.0200,12.3900,11.9200,12.3200,5857500
2016-04-27,12.3900,12.6500,12.1900,12.6000,9444400
2016-04-28,12.7000,12.7800,12.2900,12.7100,9536100
2016-04-29,12.7200,13.0400,12.6500,12.8000,14039400
2016-05-02,12.7000,13.2000,12.5400,13.0000,5753000
2016-05-03,12.8800,13.1000,12.5500,12.5500,13142000
2016-05-04,12.5500,12.5500,12.0500,12.3800,4901000
2016-05-05,12.4100,12.4800,11.6700,11.7600,7288400
2016-05-06,11.7700,12.1400,11.4500,11.7900,6393500
2016-05-09,11.7500,12.2000,11.6100,11.9500,7322800
2016-05-10,12.0300,12.4800,12.0300,12.4700,9526200
2016-05-11,12.6200,12.7500,11.9100,12.0000,9796100
2016-05-12,12.4500,12.4600,11.9000,12.2800,9397100
2016-05-13,12.1500,12.3400,11.3200,11.6400,15220300
2016-05-16,11.3500,11.8800,11.3500,11.5700,7550600
2016-05-17,11.5700,11.7500,10.9800,11.1000,7391400
2016-05-18,10.9000,11.6500,10.7800,11.3700,7726300
2016-05-19,11.1600,11.7600,11.1400,11.6500,4577600
2016-05-20,11.5800,11.6700,11.1600,11.3700,6853500
2016-05-23,10.7000,11.1700,10.4400,10.9600,17873900
2016-05-24,11.0500,11.4200,11.0200,11.3200,5004300
2016-05-25,11.3100,11.7600,10.8500,10.8900,7477900
2016-05-27,10.9500,11.2200,10.9000,10.9600,7034600
2016-05-30,11.0000,11.0700,10.8800,10.9300,1495400
2016-05-31,10.9200,11.2800,10.8200,11.0800,17900600
2016-06-01,11.0100,11.2100,10.9700,11.2100,7468900
2016-06-02,12.3100,13.0000,12.1000,12.7300,34014800
2016-06-03,13.0000,13.0500,12.6300,12.9800,14489200
2016-06-06,13.0300,13.0300,12.2600,12.7000,15309000
2016-06-07,12.5500,12.9800,12.1500,12.8500,11297800
2016-06-08,12.9500,13.4500,12.7900,13.3500,10184000
2016-06-09,13.2700,13.6000,13.2200,13.5000,8029800
2016-06-10,13.4900,13.4900,13.0100,13.1000,11322000
2016-06-13,12.6800,13.1400,12.6700,13.1000,7203700
2016-06-14,13.0000,13.1800,12.5100,13.0800,10924400
2016-06-15,12.9900,13.0500,12.5300,12.8000,13575100
2016-06-16,12.6000,12.9700,12.1200,12.9100,16299200
2016-06-17,12.8500,13.3200,12.5900,12.7400,22596700
2016-06-20,12.9200,13.1400,12.8700,13.1300,9337200
2016-06-21,13.1600,13.7900,13.1500,13.7900,20131800
2016-06-22,13.4400,13.7600,13.2000,13.3500,16484200
2016-06-23,13.3700,13.9500,13.3600,13.8800,12455500
2016-06-24,13.5000,13.9300,13.2700,13.9200,14880600
2016-06-27,13.8000,13.9500,13.3500,13.7400,16206300
2016-06-28,13.8700,14.1000,13.3600,13.4900,6631800
2016-06-29,13.5200,13.8400,13.4600,13.6800,10154100
2016-06-30,13.6100,13.6800,13.4400,13.6000,16393800
2016-07-01,14.1300,14.3800,13.9800,14.3000,23935700
2016-07-04,14.4000,14.5000,13.9800,14.0800,4436100
2016-07-05,13.9300,14.1300,13.7600,13.8500,4578300
2016-07-06,13.9000,13.9500,13.2000,13.5700,5573700
2016-07-07,13.7000,13.8000,13.3900,13.5600,4174100
2016-07-08,13.6300,14.1800,13.6300,14.1200,7195200
2016-07-11,14.2500,14.4800,13.6800,14.1200,8820800
2016-07-12,14.1200,14.7200,13.9200,14.6300,9113200
2016-07-13,14.5200,15.0800,14.5000,15.0300,10374200
2016-07-14,15.2000,15.5900,15.0200,15.4500,8175600
2016-07-15,15.0500,16.2000,14.8100,15.6400,14296600
2016-07-18,15.3000,15.9300,15.2500,15.8000,11289700
2016-07-19,15.5500,15.9400,15.4900,15.7400,8792100
2016-07-20,15.6800,15.7000,14.6800,14.9500,8561300
2016-07-21,15.0000,15.2600,14.7900,14.8800,7425700
2016-07-22,14.9000,15.1300,14.8200,15.0800,6663100
2016-07-25,15.1000,15.1400,14.5000,14.8100,7328300
2016-07-26,14.8200,14.9800,14.5400,14.5500,8818300
2016-07-27,14.6500,14.7900,14.1900,14.2700,8816400
2016-07-28,14.1400,14.7200,14.1400,14.6700,5957400
2016-07-29,14.6700,14.7800,14.3600,14.4400,7617900
2016-08-01,14.5000,14.8100,14.4500,14.7700,7906700
2016-08-02,14.5700,14.8500,14.0300,14.5700,5308600
2016-08-03,14.6300,14.6300,14.1500,14.4500,6282600
2016-08-04,14.5300,14.5500,13.9100,14.3100,7893000
2016-08-05,14.4400,14.4500,14.0700,14.4200,5365500
2016-08-08,14.4000,14.8000,14.1000,14.7600,32447500
2016-08-09,14.9000,15.0300,14.6800,14.8800,7131200
2016-08-10,14.9700,15.2500,14.8100,15.1500,11119700
2016-08-11,14.9000,15.4100,14.8800,15.2800,8851300
2016-08-12,15.3500,15.5700,14.6100,14.8500,13259800
2016-08-15,14.8000,15.0900,14.5500,14.7800,6638300
2016-08-16,14.5500,14.8400,14.3300,14.4500,7549900
2016-08-17,14.3100,14.6700,14.1500,14.5200,5760800
2016-08-18,14.6000,14.6900,14.0100,14.3200,10088000
2016-08-19,14.3300,14.4900,14.1100,14.2600,6021100
2016-08-22,14.2800,14.7600,13.9500,14.1300,7233400
2016-08-23,14.1300,14.3800,13.9500,14.0400,4000200
2016-08-24,13.9000,14.2800,13.7600,14.0000,2833100
2016-08-25,14.0000,14.0200,13.7100,13.9000,7996900
2016-08-26,13.9700,14.3400,13.8000,14.0300,7588100
2016-08-29,14.0800,14.5000,13.9600,14.3800,4451600
2016-08-30,14.4600,14.4600,13.8300,13.8500,5799200
2016-08-31,13.9000,14.1300,13.6000,13.8000,5737600
2016-09-01,13.8900,14.2000,13.6400,14.0300,5180600
2016-09-02,14.2000,14.2000,13.7000,13.8900,7559400
2016-09-05,13.8100,14.0600,13.8000,13.9700,2684000
2016-09-06,14.0500,14.5900,13.9000,14.5400,8137500
2016-09-08,14.5600,15.3900,14.4800,15.3400,14469100
2016-09-09,15.1000,15.2500,14.8500,15.0000,9128500
2016-09-12,14.8000,15.3500,14.6600,15.2000,7211100
2016-09-13,14.9400,15.1300,14.3600,14.8500,8948100
2016-09-14,14.7000,14.8000,14.2900,14.6400,5873400
2016-09-15,14.7000,15.1200,14.6500,15.0200,5028700
2016-09-16,15.0000,15.2000,14.7300,15.2000,11437700
2016-09-19,15.2500,15.5400,14.9600,15.1000,6976600
2016-09-20,15.2700,15.3700,14.9900,15.1000,3390800
2016-09-21,15.1500,15.3700,14.9300,15.2500,5730600
2016-09-22,15.4000,15.9000,15.4000,15.6200,7009200
2016-09-23,15.7300,15.7400,14.6800,14.8600,6978300
2016-09-26,14.7800,15.0300,14.5700,15.0300,8964400
2016-09-27,15.0100,15.3900,14.9800,15.2800,5122500
2016-09-28,15.3000,15.7900,15.2100,15.4600,8100600
2016-09-29,15.3300,15.6900,15.0500,15.0600,7266600
2016-09-30,15.1300,15.1900,14.7900,14.7900,4568400
2016-10-03,14.7900,15.2800,14.6800,15.1900,4435900
2016-10-04,15.0400,15.2900,15.0000,15.2800,6861900
2016-10-05,15.2900,15.7500,15.1300,15.6500,5017500
2016-10-06,15.6500,15.8700,15.4300,15.8700,6328900
2016-10-07,15.8700,15.9000,15.4700,15.7000,9304100
2016-10-10,15.9000,16.0500,15.7400,16.0000,6983100
2016-10-11,16.0000,16.0400,15.6300,15.9500,11634600
2016-10-13,15.8900,15.9900,15.4700,15.5500,12425500
2016-10-14,15.6900,15.9000,15.6700,15.7800,8331700
2016-10-17,15.7200,15.9600,15.6100,15.9000,4867400
2016-10-18,15.9100,16.6800,15.9100,16.5800,9621900
2016-10-19,16.8200,17.0800,16.7000,16.9000,25795900
2016-10-20,16.8500,16.8500,16.3200,16.5000,9356100
2016-10-21,16.4000,16.5900,16.2400,16.5500,4791300
2016-10-24,16.5900,16.9000,16.1100,16.1600,12849600
2016-10-25,16.2500,16.3200,15.3100,15.8300,18792300
2016-10-26,16.0000,16.0000,15.6600,15.7300,7816800
2016-10-27,15.8200,15.9900,15.6500,15.7000,6885300
2016-10-28,15.7300,15.9200,15.3000,15.5800,7068500
2016-10-31,15.5800,16.0600,15.5600,15.9000,10504200
2016-11-01,16.0100,16.2000,15.3900,15.5100,16435500
2016-11-03,15.3400,15.8500,15.0300,15.0400,8832400
2016-11-04,15.2000,15.3800,14.7900,14.8100,5244600
2016-11-07,15.1000,15.6000,15.0000,15.5000,6606600
2016-11-08,15.5000,15.8300,15.2000,15.8300,5761000
2016-11-09,15.2300,15.5400,14.8500,15.1100,7611500
2016-11-10,14.8400,15.0600,13.8000,13.8000,17325900
2016-11-11,13.6500,14.3800,13.6500,13.8700,12407500
2016-11-14,13.6700,14.6700,13.6700,14.5000,10044000
2016-11-16,14.3600,14.7600,14.1600,14.7600,10501900
2016-11-17,14.8500,14.9000,14.2000,14.2300,5952200
2016-11-18,14.0700,14.4800,13.8500,13.8500,8739600
2016-11-21,13.9300,14.6200,13.8800,14.4000,5466900
2016-11-22,14.6000,15.3000,14.5300,15.2000,10748400
2016-11-23,15.3000,15.3000,14.4300,14.7200,6246700
2016-11-24,14.7200,14.7200,14.3300,14.4600,1907300
2016-11-25,14.1500,14.3300,13.9700,14.0700,6288800
2016-11-28,13.9800,14.9500,13.9700,14.8000,4217400
2016-11-29,14.7400,14.9700,13.9500,13.9500,5330200
2016-11-30,14.2500,14.5700,14.1000,14.4500,7741300
2016-12-01,13.9700,14.2000,13.5400,14.0000,14208600
2016-12-02,13.6600,14.0900,13.6600,14.0000,5100900
2016-12-05,14.0500,14.1500,13.7600,13.8100,5290100
2016-12-06,13.7000,14.3500,13.6300,14.2300,7591100
2016-12-07,14.4900,14.5700,14.0100,14.0500,11847900
2016-12-08,14.1500,14.2600,13.5200,13.6600,6192900
2016-12-09,13.7200,13.7700,12.9700,13.0400,13806200
2016-12-12,12.9000,13.1100,12.4000,12.4000,14935800
2016-12-13,12.3800,13.1700,12.3800,13.1000,14747400
2016-12-14,13.0000,13.1800,12.2000,12.2000,20408700
2016-12-15,12.2500,12.3300,11.9200,12.2000,20793900
2016-12-16,12.3100,12.4300,12.1200,12.1200,15591100
2016-12-19,12.1200,12.3900,12.1200,12.2200,30203200
2016-12-20,12.4000,12.5500,12.1700,12.2800,6856300
2016-12-21,12.3500,12.3500,12.3500,12.3500,5736800
2016-12-22,12.3000,12.9000,12.2100,12.9000,12677800
2016-12-23,12.9000,13.1200,12.8000,13.0300,5100100
2016-12-26,13.0300,13.2600,13.0000,13.2300,1256800
2016-12-27,13.2700,13.3100,12.9600,13.1500,3545400
2016-12-28,13.1400,13.2700,12.9400,13.2700,3622100
2016-12-29,13.3000,13.3300,12.9500,13.3300,4741200
2017-01-02,13.2000,13.3000,13.0800,13.3000,2251300
2017-01-03,13.3300,13.9600,13.2500,13.9600,7067800
2017-01-04,13.7900,14.0900,13.6000,13.8800,5852700
2017-01-05,13.8300,13.9600,13.5600,13.7000,3851600
2017-01-06,13.7000,13.7000,13.3400,13.6000,6398600
2017-01-09,13.6500,13.6800,13.3100,13.5100,4209300
2017-01-10,13.6000,13.6500,13.3600,13.3900,11614500
2017-01-11,13.4300,13.5400,12.9300,13.1800,6977500
2017-01-12,13.3900,14.2100,13.3900,13.7300,16629100
2017-01-13,13.9400,14.0600,13.7100,14.0300,5223700
2017-01-16,14.0400,14.2100,13.9100,14.1000,3812600
2017-01-17,14.1300,14.9600,13.9800,14.6700,9168700
2017-01-18,14.5700,14.6100,13.9800,14.2900,6281200
2017-01-19,14.2700,14.4600,14.0000,14.0500,8230200
2017-01-20,14.0700,14.2500,13.9400,14.1800,6448400
2017-01-23,13.8500,13.9500,13.4600,13.5500,14176700
2017-01-24,13.5800,14.0500,13.4700,13.9300,6866300
2017-01-26,14.0200,14.3400,13.9300,14.0000,11756400
2017-01-27,14.0000,14.4000,13.8000,14.2900,22646800
2017-01-30,14.1500,14.2000,13.6400,13.9000,5760500
2017-01-31,13.8600,13.9900,13.4700,13.5100,6223200
2017-02-01,13.7000,13.7000,13.0500,13.3700,13050200
2017-02-02,13.3700,13.9300,13.3000,13.7500,11552200
2017-02-03,13.6200,13.9400,13.0300,13.3700,13612000
2017-02-06,13.4000,13.4500,12.8200,13.0900,14020000
2017-02-07,12.9400,13.1400,12.8000,12.8900,14064200
2017-02-08,13.0000,13.0600,12.5000,12.5500,8411200
2017-02-09,12.6300,12.9800,12.4300,12.9000,8708600
2017-02-10,12.8100,13.2000,12.7500,13.0800,7996000
2017-02-13,13.0800,13.2400,12.9800,13.1000,9006800
2017-02-14,13.2000,13.4200,13.0300,13.3600,5983100
2017-02-15,13.4000,13.6200,13.3200,13.6000,9241100
2017-02-16,13.4800,13.8000,13.4800,13.5500,7540400
2017-02-17,13.5800,14.1000,13.4300,14.0400,13328500
2017-02-20,14.0500,14.2200,13.8300,14.0400,3412500
2017-02-21,14.0100,14.2200,13.9700,14.2000,6468800
2017-02-22,14.0600,14.1000,13.3100,13.7800,14405400
2017-02-23,13.9000,14.0400,13.6500,13.8000,9274900
2017-02-24,13.6000,13.8100,13.4600,13.6700,6374700
2017-03-01,13.6700,13.7600,13.5100,13.6500,5713500
2017-03-02,13.7100,13.8100,13.4400,13.6700,5053000
2017-03-03,13.7900,13.8300,13.4000,13.6000,4074800
2017-03-06,13.6000,13.6500,13.1600,13.4000,22501100
2017-03-07,13.5400,13.6600,13.3300,13.4800,6029000
2017-03-08,13.6100,13.6400,12.9700,13.2500,7974400
2017-03-09,13.2900,13.2900,12.8500,12.9500,6636000
2017-03-10,13.0200,13.5800,13.0100,13.4000,16535100
2017-03-13,13.4100,13.5600,13.1700,13.3500,3824800
2017-03-14,13.2600,13.3700,13.0500,13.1900,4318300
2017-03-15,13.2100,13.9500,13.1300,13.8500,9399700
2017-03-16,13.7900,14.0900,13.7900,13.9100,4053200
2017-03-17,13.6300,13.7200,13.3000,13.4000,12447400
2017-03-20,13.3500,13.7000,13.3500,13.6500,6246200
2017-03-21,13.5800,13.5900,13.1000,13.1900,11640100
2017-03-22,13.1900,13.1900,12.6800,12.9500,12416200
2017-03-23,12.8400,13.1000,12.7500,12.8200,7963700
2017-03-24,12.8200,12.9800,12.7500,12.9300,9432800
2017-03-27,12.9400,12.9700,12.7800,12.9000,7635800
2017-03-28,12.8900,13.4000,12.7900,13.2000,13765100
2017-03-29,13.2600,13.3700,13.1000,13.2200,6195400
2017-03-30,13.3000,13.3000,13.0600,13.2000,5293700
2017-03-31,13.0700,13.3500,12.9500,13.2800,5909200
2017-04-03,13.2400,13.5700,13.1800,13.2700,6810700
2017-04-04,13.2000,13.5000,13.1700,13.2000,8992800
2017-04-05,13.3400,13.7500,13.3000,13.3000,6335500
2017-04-06,13.3300,14.0700,13.2400,13.7300,8821400
2017-04-07,13.8000,13.9300,13.5700,13.6100,6064900
2017-04-10,13.6200,13.9500,13.6100,13.7800,8499000
2017-04-11,13.6800,14.0300,13.3600,13.6600,7074500
2017-04-12,13.6500,14.0000,13.5900,13.7500,16406300
2017-04-13,13.6000,14.1600,13.4900,13.5300,10234500
2017-04-17,13.5600,14.2000,13.5500,14.0600,9739800
2017-04-18,13.9300,14.1800,13.9200,14.1500,6090800
2017-04-19,14.2200,14.3000,13.9500,14.0300,4356500
2017-04-20,14.0500,14.2900,14.0500,14.2500,4351400
2017-04-24,14.3800,14.5300,14.3200,14.3200,6414000
2017-04-25,14.3900,14.8100,14.3000,14.7000,13398000
2017-04-26,14.7600,14.9700,14.6100,14.8200,9591300
2017-04-27,14.7800,14.8600,14.5600,14.7700,6777700
2017-04-28,14.6500,15.0300,14.6100,14.9500,5134900
2017-05-02,14.8000,15.4600,14.8000,15.3100,10345000
2017-05-03,15.2500,15.6800,15.2500,15.4900,11663500
2017-05-04,15.2500,15.4700,15.0700,15.3000,9781900
2017-05-05,15.2900,15.6600,15.1900,15.4800,6089300
2017-05-08,15.4500,15.6000,15.1000,15.2500,5652800
2017-05-09,15.4100,15.5800,15.2200,15.4900,5233200
2017-05-10,15.5800,16.0000,15.5100,15.9400,10795000
2017-05-11,15.8900,16.0000,15.5400,15.7000,8597500
2017-05-12,15.8000,16.0000,15.7800,15.7800,8078900
2017-05-15,15.8600,15.9900,15.7000,15.7200,6683600
2017-05-16,15.7900,15.9900,15.7000,15.9200,9263800
2017-05-17,15.8000,16.0200,15.8000,15.9000,7479800
2017-05-18,13.5200,14.9800,13.5000,14.5900,26014600
2017-05-19,14.3200,15.2400,14.2000,14.8500,17989200
2017-05-22,14.5600,14.8500,14.4300,14.7200,13075300
2017-05-23,14.7200,15.1500,14.6000,14.8100,9874500
2017-05-24,15.0300,15.1200,14.8100,14.9100,11899500
2017-05-25,14.9200,15.0000,14.7400,14.8700,7991100
2017-05-26,14.9000,15.1400,14.8100,15.0000,8022400
2017-05-29,15.0000,15.0000,15.0000,15.0000,0
2017-05-30,14.5000,14.8700,14.4800,14.7800,6753900
2017-05-31,14.7000,14.9400,14.3800,14.5000,12180000
2017-06-01,14.5000,14.6200,14.2200,14.3500,9723200
2017-06-02,14.4300,14.5300,14.1000,14.1000,6628100
2017-06-05,13.9900,14.1800,13.4400,13.6500,21812900
2017-06-06,13.7000,14.0000,13.5000,13.9800,14245200
2017-06-07,14.0000,14.5900,13.9900,14.4900,9253200
2017-06-08,14.4300,14.4700,14.1400,14.3100,5853900
2017-06-09,14.3500,14.5100,14.2300,14.4100,8342200
2017-06-12,14.4900,14.6300,14.2200,14.3900,4462300
2017-06-13,14.4900,14.5000,14.0500,14.2200,8313000
2017-06-14,14.3600,14.5500,14.0100,14.3300,10702000
2017-06-15,14.3300,14.3300,14.3300,14.3300,0
2017-06-16,14.2500,14.3000,14.1000,14.2500,6627200
2017-06-19,14.3000,14.5400,14.2000,14.4100,6972200
2017-06-20,14.3600,14.3600,13.8500,13.8500,15110800
2017-06-21,13.8500,13.9700,13.1700,13.3600,14872600
2017-06-22,13.4700,13.7900,13.3000,13.6700,8222400
2017-06-23,13.7500,14.0600,13.3200,14.0300,15514300
2017-06-26,14.0900,14.2000,13.7700,13.8300,4440100
2017-06-27,13.8100,13.8100,13.2900,13.4000,10197000
2017-06-28,13.1500,14.2400,13.1500,14.1600,17439300
2017-06-29,14.0600,14.6300,13.9300,14.5000,46301100
2017-06-30,14.4900,14.8700,14.4700,14.8700,18572900
2017-07-03,15.0000,15.0000,14.7000,14.9400,8413500
2017-07-04,14.8800,15.2800,14.8200,15.0000,3795700
2017-07-05,14.9700,15.1000,14.6400,15.0000,49523500
2017-07-06,14.9600,15.0000,14.6900,14.7500,5922900
2017-07-07,14.7900,14.9800,14.6700,14.7500,19650500
2017-07-10,14.8800,15.1100,14.8000,14.9300,5583100
2017-07-11,14.8700,14.9800,14.7000,14.8800,5217300
2017-07-12,14.8200,15.1500,14.8100,15.0200,23636000
2017-07-13,15.0300,15.3000,15.0300,15.2500,12543200
2017-07-14,15.3300,15.5700,15.3300,15.5000,10800500
2017-07-17,15.5000,15.5300,15.2000,15.3500,13277000
2017-07-18,15.2900,15.4500,15.2700,15.3900,7514700
2017-07-19,15.3700,15.5100,15.1200,15.4000,5538900
2017-07-20,15.4100,15.5900,15.3500,15.4600,5763600
2017-07-21,15.5600,15.5900,15.3000,15.4300,7088500
2017-07-24,15.5000,15.5200,15.2100,15.3600,8773800
2017-07-25,15.4000,15.4000,15.1300,15.3000,6488800
2017-07-26,15.3500,15.3600,15.1300,15.2000,7187800
2017-07-27,15.2000,15.3000,15.0300,15.1500,7531100
2017-07-28,15.2000,15.4500,14.8700,14.9800,8947300
2017-07-31,15.0900,15.2000,15.0100,15.0800,4811700
2017-08-01,15.1600,15.2100,15.0400,15.1300,5432800
2017-08-02,15.1200,15.1700,14.9600,15.1000,12204200
2017-08-03,15.0500,15.0500,14.6600,14.7500,7027800
2017-08-04,14.7500,14.8500,14.6100,14.7400,10130900
2017-08-07,14.7100,15.0400,14.6900,14.9700,9198200
2017-08-08,14.9700,15.1200,14.8700,14.9700,4270900
2017-08-09,14.8600,14.9800,14.6000,14.9700,6826700
2017-08-10,14.9500,15.2700,14.8700,15.2000,6272600
2017-08-11,15.3700,16.1000,15.2600,16.0100,18004400
2017-08-14,15.9300,16.9200,15.9200,16.6300,10875000
2017-08-15,16.6000,17.3400,16.5900,17.1800,14398200
2017-08-16,17.3500,17.7900,17.2100,17.7200,26767500
2017-08-17,17.6000,17.9300,17.3200,17.9300,13322500
2017-08-18,17.8500,17.9100,17.2200,17.5000,11839400
2017-08-21,17.5500,17.6400,17.4600,17.5800,7420900
2017-08-22,17.8300,18.0000,17.5600,17.8800,9525400
2017-08-23,17.8800,18.0000,17.7600,17.9000,10641400
2017-08-24,17.9400,18.4800,17.9100,18.2300,12513800
2017-08-25,18.3200,18.3200,17.8400,17.9000,5014700
2017-08-28,17.7500,17.9000,17.4200,17.5000,7087800
2017-08-29,17.5000,17.5500,17.2700,17.4100,8000300
2017-08-30,17.3200,17.8600,17.3200,17.7500,6304100
2017-08-31,18.0000,18.1600,17.4500,17.9700,9203100
2017-09-01,18.0200,18.0800,17.8300,17.9700,6969800
2017-09-04,17.7900,17.9200,17.6300,17.8800,2302900
2017-09-05,17.9500,18.0900,17.7300,17.8000,6069000
2017-09-06,17.9800,18.3000,17.9700,18.1600,11099000
2017-09-07,18.1600,18.1600,18.1600,18.1600,0
2017-09-08,18.3000,18.4200,17.7600,18.1800,7103100
2017-09-11,18.3500,18.4500,18.1000,18.1300,8832000
2017-09-12,18.2000,18.5700,18.1000,18.4100,12901000
2017-09-13,18.6100,19.2100,18.4400,19.0000,12042500
2017-09-14,18.9200,19.5000,18.7000,19.4500,15026200
2017-09-15,19.5500,19.6900,19.0100,19.6900,16952600
2017-09-18,19.6000,19.9500,19.4200,19.5000,6235800
2017-09-19,19.4500,19.9600,19.1000,19.2400,4982700
2017-09-20,19.4600,19.7800,19.3200,19.6700,10517800
2017-09-21,19.7900,19.8400,19.1000,19.4900,8522000
2017-09-22,19.3800,19.6000,19.2400,19.2800,4869100
2017-09-25,19.4300,19.6500,18.9100,19.0000,5786500
2017-09-26,19.0200,19.1800,18.8300,18.9000,6018600
2017-09-27,18.9000,18.9000,18.4100,18.6500,6500500
2017-09-28,18.5500,19.2000,18.5200,19.1000,6392000
2017-09-29,19.2900,20.0700,19.2900,20.0500,10191200
2017-10-02,20.0500,20.2000,19.5300,19.8200,4810300
2017-10-03,19.8900,21.1000,19.7400,21.0900,13547200
2017-10-04,21.2000,21.5000,20.6000,21.2300,7643600
2017-10-05,21.4900,21.5000,20.3700,20.3700,9099900
2017-10-06,20.2600,20.8900,20.0100,20.3300,8134100
2017-10-09,20.4900,20.4900,19.6500,20.2500,3663100
2017-10-10,20.4800,21.0500,20.1500,20.9800,7178300
2017-10-11,20.7400,20.7400,19.4300,19.7800,20208800
2017-10-12,19.7800,19.7800,19.7800,19.7800,0
2017-10-13,19.8300,20.0100,19.3400,19.4400,8641300
2017-10-16,19.4400,19.7700,19.1800,19.5800,4808800
2017-10-17,19.6500,19.7200,19.1500,19.1500,10370200
2017-10-18,19.2100,19.6800,19.2000,19.5500,5785400
2017-10-19,19.3500,19.4900,18.5600,18.9300,6835400
2017-10-20,18.9200,19.1800,18.8100,18.9300,3962000
2017-10-23,19.1000,19.1000,17.9600,18.1500,10623500
2017-10-24,19.1000,19.1000,17.9600,18.4800,7409600
2017-10-25,18.4800,18.7600,18.1300,18.4400,5180300
2017-10-26,18.5700,18.6700,18.2100,18.2800,5755100
2017-10-27,18.3500,18.7400,18.1300,18.2600,8384200
2017-10-30,18.2700,18.3900,17.7400,18.0200,5481700
2017-10-31,17.9000,18.5200,17.9000,17.9900,7824000
2017-11-01,18.2000,18.4000,17.7100,17.8500,5642700
2017-11-02,17.8500,17.8500,17.8500,17.8500,0
2017-11-03,17.8500,18.0800,17.0300,17.7200,7251800
2017-11-06,17.7200,18.1700,17.4000,17.4100,5425900
2017-11-07,17.4100,18.0200,17.2400,17.7700,13639700
2017-11-08,17.9800,18.8000,17.5900,18.8000,8545600
2017-11-09,18.9000,18.9500,17.8200,18.0300,7345400
2017-11-10,18.1800,18.1800,17.0600,17.5000,16368100
2017-11-13,17.5900,17.9200,17.4100,17.7500,7817800
2017-11-14,17.9300,18.2900,17.5500,17.5500,7660600
2017-11-15,17.5500,17.5500,17.5500,17.5500,0
2017-11-16,17.5900,18.7600,17.5900,18.4500,10614200
2017-11-17,18.3500,19.0500,18.2800,19.0100,5680700
2017-11-20,19.0100,19.0100,19.0100,19.0100,0
2017-11-21,19.0800,19.4600,18.7700,18.9600,7255100
2017-11-22,18.9400,19.1600,18.7100,18.9000,5660000
2017-11-23,18.8800,18.9900,18.5200,18.8800,1831100
2017-11-24,18.8500,19.1800,18.6300,18.7700,2482900
2017-11-27,18.6100,18.9000,18.2700,18.8200,7809400
2017-11-28,19.0000,19.2100,18.5900,18.5900,4805100
2017-11-29,18.6500,18.7800,17.9700,18.2000,6958700
2017-11-30,17.9600,18.1700,17.7400,18.1200,10155800
2017-12-01,18.0000,18.0700,17.5100,17.8300,7134100
2017-12-04,17.8000,18.1600,17.6400,17.7700,6467800
2017-12-05,17.8300,18.3300,17.5400,17.6700,3910800
2017-12-06,17.5500,18.5400,17.5500,18.4400,5494800
2017-12-07,18.0100,18.1000,17.5100,17.6900,6464400
2017-12-08,17.2300,17.5500,16.9000,16.9900,19843500
2017-12-11,17.1000,17.1800,16.4700,16.5200,7354700
2017-12-12,16.5500,17.3100,16.5500,17.2300,9997100
2017-12-13,17.4500,17.8000,17.2100,17.5000,12538000
2017-12-14,17.2500,17.5900,17.0800,17.3000,10766500
2017-12-15,17.1900,17.6500,17.1400,17.2500,10831000
2017-12-18,17.6000,17.7900,17.3600,17.5000,8578500
2017-12-19,17.3800,17.6300,17.2500,17.4600,5444600
2017-12-20,17.4900,17.6800,17.2300,17.4000,5494700
2017-12-21,17.4000,17.6900,17.2700,17.6700,6814200
2017-12-22,17.5800,18.0400,17.4600,17.8100,5072400
2017-12-25,17.8100,17.8100,17.8100,17.8100,0
2017-12-26,17.7100,18.0400,17.6600,17.8000,2589700
2017-12-27,17.8400,18.3000,17.7200,18.2100,6675600
2017-12-28,18.2500,18.4000,18.1200,18.4000,4209500
2017-12-29,18.4000,18.4000,18.4000,18.4000,0
2018-01-02,18.4000,18.5400,18.1700,18.3400,5396400
2018-01-03,18.1500,18.6000,18.0400,18.5000,10937400
2018-01-04,18.7100,19.0600,18.5500,18.7500,12239000
2018-01-05,18.7000,18.8000,18.4000,18.7100,3286000
2018-01-08,18.6200,18.6700,17.8200,17.8800,7159000
2018-01-09,17.9100,18.2700,17.7000,18.1000,17237500
2018-01-10,18.1000,18.7300,17.9300,18.4500,12678500
2018-01-11,18.1900,18.3600,17.3500,17.7800,24786600
2018-01-12,17.6000,17.7000,17.0100,17.0100,11975700
2018-01-15,17.0500,17.2200,16.6600,16.9400,10063300
2018-01-16,17.0500,17.1300,16.6600,16.7600,6766900
2018-01-17,16.8100,17.3600,16.8100,17.2400,7809600
2018-01-18,17.4000,17.5000,16.8800,17.1800,15143800
2018-01-19,17.2600,17.3700,16.9700,17.0000,4649500
2018-01-22,17.0700,17.1400,16.7200,16.9100,4992300
2018-01-23,16.8700,17.0300,16.4000,16.4300,10598100
2018-01-24,16.6000,16.7700,16.4400,16.5700,29459600
2018-01-25,16.5700,16.5700,16.5700,16.5700,0
2018-01-26,16.8500,16.8700,16.3500,16.3900,25227000
2018-01-29,16.3000,16.4000,16.0500,16.0500,10323100
2018-01-30,16.0500,16.2700,15.8900,16.1000,12857900
2018-01-31,16.2500,16.5000,16.1000,16.2500,13153600
2018-02-01,16.2500,16.6300,16.2000,16.4700,17483200
2018-02-02,16.2100,16.5700,16.2100,16.2900,6362200
2018-02-05,16.2200,16.2200,15.7500,15.7700,10704800
2018-02-06,15.6000,15.8900,15.3300,15.6800,11916100
2018-02-07,15.6800,16.0400,15.3600,15.5100,13629800
2018-02-08,15.6000,15.6800,14.9500,15.0000,14421700
2018-02-09,14.9300,15.4400,14.8100,15.0600,11976800
2018-02-14,15.2400,15.8300,15.2300,15.7100,23253700
2018-02-15,15.8300,16.0900,15.7000,16.0100,9084100
2018-02-16,16.1700,16.1900,15.6700,15.7400,8331900
2018-02-19,15.7400,15.8000,15.6100,15.7900,2553400
2018-02-20,15.7000,16.5400,15.6700,16.3300,9169700
2018-02-21,16.2600,16.6300,16.2100,16.5700,11683400
2018-02-22,16.5200,16.5200,16.0800,16.3100,6151300
2018-02-23,16.4000,16.4000,15.8600,16.0200,8135600
2018-02-26,16.1500,16.1700,15.5600,15.8000,10728400
2018-02-27,15.6500,15.8400,15.4600,15.6000,6083400
2018-02-28,15.6900,15.7400,15.2200,15.5000,11238400
2018-03-01,15.4800,15.6800,15.3500,15.5100,4295100
2018-03-02,15.3100,15.4300,15.1700,15.3200,4974400
2018-03-05,15.3000,15.7000,15.1300,15.7000,9643900
2018-03-06,15.8000,15.9300,15.1600,15.3700,6796400
2018-03-07,15.4000,15.4300,14.8900,15.1200,5949000
2018-03-08,15.1200,15.1600,14.4700,14.6200,15477500
2018-03-09,14.7200,14.9900,14.4600,14.5500,21391100
2018-03-12,14.5500,14.8000,14.5000,14.6800,11193100
2018-03-13,14.6800,14.9700,14.6800,14.9100,6288400
2018-03-14,15.1200,15.2400,14.8100,15.0800,6055900
2018-03-15,15.1400,15.1800,14.6900,14.9100,7084800
2018-03-16,15.0600,15.0900,14.5300,14.5300,9259200
2018-03-19,14.2900,14.7900,14.1600,14.5000,8362500
2018-03-20,14.6700,14.6700,14.3800,14.5800,5373800
2018-03-21,14.5800,14.6200,14.2800,14.4800,5486500
2018-03-22,14.6200,14.6500,14.2500,14.3500,3778700
2018-03-23,14.1100,14.2300,13.6100,13.7000,10325100
2018-03-26,13.8400,13.8600,13.3600,13.4600,11245400
2018-03-27,13.5000,13.5000,13.1000,13.1000,12539000
2018-03-28,13.0400,13.2400,12.9500,13.1900,10938600
2018-03-29,13.2000,13.6800,13.0500,13.6000,10886400
2018-04-02,13.5600,13.5600,13.2200,13.4900,7820400
2018-04-03,13.5500,13.6100,13.0300,13.2200,5457100
2018-04-04,13.0600,13.1400,12.3500,12.8100,14075100
2018-04-05,13.1700,13.1900,12.9200,13.1600,12446500
2018-04-06,13.1500,13.7300,13.1200,13.3400,11226600
2018-04-09,13.5000,13.5300,13.1100,13.2400,11922200
2018-04-10,13.2800,13.3400,12.8600,13.1800,12899800
2018-04-11,13.3000,13.8700,13.2700,13.7000,9438300
2018-04-12,13.8000,14.1000,13.6700,14.1000,9656500
2018-04-13,14.1700,14.3600,13.8200,14.2400,13255300
2018-04-16,14.1100,14.2200,13.7100,13.9800,7913700
2018-04-17,14.1600,14.1600,13.7200,14.0300,8198700
2018-04-18,14.1000,14.1000,13.7700,13.9500,9865500
2018-04-19,13.8100,13.8800,12.9900,13.6400,16256700
2018-04-20,13.7500,13.7500,13.2400,13.5000,9107700
2018-04-23,14.0600,14.6000,13.7000,14.2100,16723800
2018-04-24,14.4500,14.8000,14.3400,14.5000,16070800
2018-04-25,14.4700,14.4700,13.9000,14.0100,6726400
2018-04-26,14.1900,14.3100,13.5900,13.7000,9370100
2018-04-27,13.9300,14.3700,13.9100,14.2000,9558500
2018-04-30,14.3000,14.3300,13.8600,14.0100,8778300
2018-05-02,13.8600,13.8900,13.4500,13.6000,5554600
2018-05-03,13.4800,13.6000,13.2300,13.2500,4716100
2018-05-04,13.2100,13.5100,13.0000,13.2800,4144100
2018-05-07,13.3900,13.6600,13.1200,13.2400,5315300
2018-05-08,13.2000,13.4100,12.7800,13.3500,6567300
2018-05-09,13.2500,13.3400,12.8500,12.8500,6343400
2018-05-10,12.8900,13.2800,12.8900,13.1500,4565400
2018-05-11,12.9800,12.9900,10.8900,11.1500,35382900
2018-05-14,11.2500,11.3500,10.8300,11.1000,19294200
2018-05-15,10.8600,11.3000,10.5000,11.2300,8269500
2018-05-16,11.3000,11.7100,11.2600,11.5800,21971000
2018-05-17,11.5100,11.5100,10.9000,10.9400,11963000
2018-05-18,10.6100,10.8100,10.3300,10.6300,9781800
2018-05-21,10.7800,10.9000,10.6000,10.8000,7446100
2018-05-22,10.9000,11.4800,10.7800,11.4100,13469200
2018-05-23,11.2500,11.6700,11.1300,11.4500,8522300
2018-05-24,11.2900,11.8100,11.2000,11.8100,6444000
2018-05-25,11.8900,11.9600,11.4000,11.4400,6546700
2018-05-28,11.2900,11.3200,10.7500,10.7500,5421600
2018-05-29,10.9300,11.2200,10.4000,10.4000,10895700
2018-05-30,10.5500,10.8400,10.4000,10.8100,13360500
2018-06-01,10.9900,11.3800,10.8000,11.3200,6804600
2018-06-04,11.3500,11.3500,10.9700,11.1600,6953700
2018-06-05,11.0200,11.2000,11.0100,11.0500,12470500
2018-06-06,10.9000,11.0800,10.5000,10.5000,16331200
2018-06-07,10.2600,10.2600,9.2400,10.1200,18558800
2018-06-08,10.1900,10.9500,10.1200,10.8000,19863400
2018-06-11,10.8900,10.9900,10.2400,10.3000,11670600
2018-06-12,10.2300,10.4600,10.1200,10.3700,8634200
2018-06-13,10.3200,10.4500,10.0100,10.1600,9164000
2018-06-14,10.2300,10.2900,10.0200,10.1600,12383700
2018-06-15,10.0500,10.3900,10.0500,10.3200,15047700
2018-06-18,10.2400,10.4300,10.0800,10.1000,8205700
2018-06-19,10.0600,10.2900,9.9400,10.0400,9563900
2018-06-20,10.1000,10.1900,9.7700,9.7700,6926500
2018-06-21,9.8000,9.9300,9.6100,9.6400,5841300
2018-06-22,9.6900,9.7600,9.5100,9.6500,7732900
2018-06-25,9.7400,9.7700,9.4100,9.4800,7562800
2018-06-26,9.5700,9.6500,9.3000,9.4400,9535400
2018-06-27,9.4600,9.4800,9.1300,9.1600,9794900
2018-06-28,9.1800,9.4200,9.1200,9.4000,10429600
2018-06-29,9.4900,9.6000,9.3200,9.3200,8876500
2018-07-02,9.4000,9.7500,9.3000,9.7300,5147300
2018-07-03,9.8600,10.6800,9.7200,10.6600,13047100
2018-07-04,10.8700,10.8700,10.3700,10.4300,3983700
2018-07-05,10.4300,10.5400,10.3800,10.5000,3882500
2018-07-06,10.5000,11.4000,10.3800,11.2100,12544900
2018-07-10,11.2100,11.4300,11.0300,11.1900,15072000
2018-07-11,11.1500,11.1900,10.8900,11.1100,7398900
2018-07-12,11.2100,11.2700,11.0500,11.1300,6369200
2018-07-13,11.1400,11.2800,10.9900,11.2200,7503900
2018-07-16,11.2000,11.3600,11.1700,11.3000,4047600
2018-07-17,11.3500,12.0100,11.3300,11.5700,13733400
2018-07-18,11.5100,11.5700,11.1300,11.3000,10765500
2018-07-19,11.1600,12.0200,10.8200,12.0000,7353000
2018-07-20,12.4000,12.4200,11.9000,11.9700,7375300
2018-07-23,11.9500,11.9900,11.5900,11.6000,5100400
2018-07-24,11.7200,11.7800,11.4500,11.6400,7206400
2018-07-25,11.7100,11.9700,11.6700,11.8700,7723900
2018-07-26,11.9600,11.9700,11.5300,11.5300,7565600
2018-07-27,11.5800,11.8200,11.4900,11.6800,6648300
2018-07-30,11.7100,11.8000,11.3900,11.3900,4340900
2018-07-31,11.2000,11.3300,11.0800,11.3000,7789000
2018-08-01,11.2000,11.4400,11.0600,11.0900,7161800
2018-08-02,11.0300,11.5900,10.9500,11.4200,4851300
2018-08-03,11.4300,11.8200,11.3200,11.6100,5769200
2018-08-06,11.7000,11.8200,11.3700,11.6800,4166600
2018-08-07,11.7300,11.8500,11.0800,11.0800,9301500
2018-08-08,11.1300,11.3000,10.4500,10.4600,11762900
2018-08-09,10.4700,10.4800,10.0500,10.2600,10222600
2018-08-10,10.2000,10.2200,9.9100,9.9600,6856600
2018-08-13,9.9800,10.7100,9.8600,10.6600,9851000
2018-08-14,10.7800,11.1000,10.6200,10.8700,9689900
2018-08-15,10.4500,10.4500,10.1000,10.1000,12511500
2018-08-16,10.2300,10.4300,10.0700,10.1500,8664100
2018-08-17,10.1500,10.2300,9.9500,10.2100,7310000
2018-08-20,10.1000,10.1600,9.8400,10.0400,9287000
2018-08-21,9.9500,10.0800,9.6800,9.7400,6835300
2018-08-22,9.7000,10.3800,9.6400,10.3800,8840800
2018-08-23,10.3700,10.3800,9.9700,10.1700,8324600
2018-08-24,10.2600,10.6600,10.1800,10.4100,7122200
2018-08-27,10.4100,10.8400,10.4100,10.8300,5242400
2018-08-28,10.8500,10.9400,10.5800,10.8100,8503500
2018-08-29,10.8300,10.8900,10.5800,10.5800,4916200
2018-08-30,10.5000,10.5500,10.1000,10.1700,7971900
2018-08-31,10.1800,10.3600,10.0700,10.2200,11066600
2018-09-03,10.2000,10.5100,10.1200,10.3000,5547100
2018-09-04,10.3000,10.3300,9.8700,9.8900,8892000
2018-09-05,9.9200,10.0300,9.7200,9.8000,6914900
2018-09-06,9.8800,9.9700,9.6500,9.7000,7453800
2018-09-10,9.8600,10.0400,9.6700,9.7600,9166800
2018-09-11,9.6600,9.6700,9.3800,9.5000,7151200
2018-09-12,9.6600,9.6600,9.3000,9.6400,7609700
2018-09-13,9.6900,9.8600,9.5400,9.7200,10993900
2018-09-14,9.6900,9.9700,9.6600,9.8400,6730000
2018-09-17,9.8000,9.9800,9.6600,9.8800,7842400
2018-09-18,9.8900,10.3900,9.7700,10.3600,10248900
2018-09-19,10.2100,10.8900,10.1500,10.8000,10259400
2018-09-20,10.9600,11.0800,10.6700,10.8200,7041600
2018-09-21,10.8500,11.2800,10.7700,10.8700,10947200
2018-09-24,10.8500,10.8800,10.4200,10.4300,4192100
2018-09-25,10.2800,10.8500,10.1700,10.8500,6394900
2018-09-26,10.8400,11.3600,10.6400,11.2500,6720300
2018-09-27,11.2700,11.8400,11.2400,11.7100,7204800
2018-09-28,11.5000,11.6400,11.2700,11.4000,5390100
2018-10-01,11.4400,11.6000,11.0800,11.3000,3291900
2018-10-02,11.6800,11.9500,11.6000,11.6800,7915300
2018-10-03,12.2000,12.3000,11.7400,11.9000,10514800
2018-10-04,11.9000,12.2500,11.7700,12.2500,5136000
2018-10-05,12.3500,12.4800,11.8600,11.8600,8591200
2018-10-08,12.5000,12.6300,11.9100,12.2000,14710200
2018-10-09,12.3500,12.5400,11.8500,11.8600,7561100
2018-10-10,11.6700,11.8000,11.2100,11.3400,7746200
2018-10-11,11.5800,11.6300,11.1300,11.1500,6862300
2018-10-15,11.3800,11.4100,10.7000,10.7000,8071500
2018-10-16,10.8400,11.0100,10.4400,10.5600,8219000
2018-10-17,10.5500,10.9400,10.4500,10.8000,10969400
2018-10-18,10.9000,11.0800,10.6000,10.6700,8074800
2018-10-19,10.9000,11.0800,10.6000,10.8300,6196700
2018-10-22,11.0000,11.4200,10.9100,11.3500,5567900
2018-10-23,11.1300,11.7900,11.0600,11.5600,8565600
2018-10-24,11.5800,11.5800,11.0300,11.1000,6699400
2018-10-25,11.0900,11.6800,11.0400,11.4500,7188600
2018-10-26,11.5200,11.8600,11.3700,11.6400,7958600
2018-10-29,11.0900,11.3100,10.7200,10.8000,12703900
2018-10-30,10.9000,11.2200,10.8400,11.1000,12344800
2018-10-31,11.3000,11.5500,11.2000,11.4200,9841600
2018-11-01,11.5000,11.9200,11.4300,11.5200,11018300
2018-11-05,11.5500,12.5000,11.5100,12.2800,13026000
2018-11-06,12.0000,12.0800,11.5400,11.6000,10723100
2018-11-07,11.7000,11.8800,11.4700,11.4800,6132500
2018-11-08,11.5200,11.6000,10.8100,10.8500,9410400
2018-11-09,10.8000,10.9300,10.1400,10.3500,17234800
2018-11-12,10.4100,10.6900,10.2900,10.6100,6911900
2018-11-13,10.6200,10.7100,10.1500,10.2800,7173800
2018-11-14,10.4000,10.9500,10.2100,10.9500,7733900
2018-11-16,10.9700,11.4400,10.6700,11.1600,7539700
2018-11-19,10.9800,11.1400,10.6900,10.8300,5791200
2018-11-21,10.7000,11.0600,10.5000,10.7700,6222400
2018-11-22,10.8000,10.9000,10.6300,10.8600,2287500
2018-11-23,10.7800,11.0100,10.5300,10.9500,6819400
2018-11-26,10.9800,11.1000,10.3600,10.6100,14099600
2018-11-27,10.6400,10.9700,10.3600,10.9300,10312000
2018-11-28,10.8800,11.0800,10.7500,10.9600,6328700
2018-11-29,10.8600,10.9300,10.7800,10.9000,10966600
2018-11-30,10.9100,10.9100,10.4800,10.5000,47084200
2018-12-03,10.6100,10.6600,10.4300,10.5900,19386200
2018-12-04,10.5900,10.6300,10.2000,10.2000,8597400
2018-12-05,10.2600,10.3700,10.1300,10.2400,5642100
2018-12-06,10.1100,10.2600,10.0500,10.1900,7969800
2018-12-07,10.1900,10.2500,9.9500,10.1400,7995900
2018-12-10,10.0800,10.1700,9.7500,9.7500,20989100
2018-12-11,9.8500,9.9000,9.5300,9.7500,8603300
2018-12-12,9.7900,9.9400,9.7000,9.8000,16817500
2018-12-13,9.9000,9.9200,9.5000,9.5400,10103000
2018-12-14,9.5200,9.6000,9.2900,9.3600,13602000
2018-12-17,9.3800,9.4100,9.0500,9.1200,18288900
2018-12-18,9.1800,9.3200,9.0700,9.1000,23443600
2018-12-19,9.1500,9.1900,8.7600,8.7600,18795300
2018-12-20,8.8100,8.9600,8.4900,8.7100,104437000
2018-12-21,8.7900,9.0900,8.6300,9.0700,25764200
2018-12-26,9.0300,9.0400,8.5600,8.6000,12059900
2018-12-27,8.5900,8.8600,8.5700,8.7700,7207700
2018-12-28,8.8400,9.0000,8.8000,8.8700,7636300
2019-01-02,8.9400,9.4700,8.8800,9.2500,23713600
2019-01-03,9.2800,9.3800,9.1600,9.3600,14094400
2019-01-04,9.4500,9.4700,9.0900,9.3700,11828100
2019-01-07,9.4000,9.4000,9.0500,9.1300,13469400
2019-01-08,9.1500,9.2500,9.0700,9.2000,9444300
2019-01-09,9.2200,9.7700,9.2200,9.5800,17063900
2019-01-10,9.5900,9.8200,9.5400,9.6600,11141700
2019-01-11,9.6600,9.8500,9.6300,9.8500,12906600
2019-01-14,9.8500,10.2000,9.7800,10.2000,17213300
2019-01-15,10.2500,10.3200,10.0100,10.0900,9740800
2019-01-16,10.1200,10.3300,10.0900,10.2500,11665000
2019-01-17,10.2000,10.6300,10.0100,10.4700,14609700
2019-01-18,10.4500,10.5700,10.1600,10.1800,10571300
2019-01-21,10.1900,10.2200,9.8900,10.1000,8317300
2019-01-22,10.0800,10.1600,9.9200,10.1000,8648900
2019-01-23,10.1600,10.8400,10.0700,10.8400,28288500
2019-01-24,10.8000,11.5000,10.7500,11.4400,30522000
2019-01-28,11.4000,11.6500,11.2900,11.4700,18903700
2019-01-29,11.5000,11.6200,11.3300,11.3300,10102700
2019-01-30,11.3700,11.9400,11.3200,11.9400,12770400
2019-01-31,11.9200,12.0900,11.3300,11.4300,21283900
2019-02-01,11.5100,11.6100,11.2600,11.6100,8723100
2019-02-04,11.6000,11.8100,11.5400,11.7500,7433500
2019-02-05,11.7500,11.8700,11.5200,11.6600,6320400
2019-02-06,11.5900,11.5900,11.1300,11.2200,10638800
2019-02-07,11.1000,11.4400,10.9200,11.1800,9794900
2019-02-08,11.0900,11.2200,10.8000,11.1600,16771700
2019-02-11,11.2900,11.5000,11.0500,11.4000,11184800
2019-02-12,11.5900,11.6700,11.2600,11.3300,9841500
2019-02-13,11.3500,11.4700,11.1100,11.2700,8079800
2019-02-14,11.4200,11.6900,11.3000,11.6000,16685400
2019-02-15,11.5800,11.5800,10.8200,10.8800,25057400
2019-02-18,10.6000,10.9200,10.4200,10.8000,13601000
2019-02-19,10.8000,11.0600,10.7400,11.0400,12689000
2019-02-20,11.0500,11.1400,10.6000,10.6200,13275300
2019-02-21,10.6900,11.2100,10.5300,11.1800,22014300
2019-02-22,11.0700,11.5000,11.0700,11.3900,15650100
2019-02-25,11.4000,11.5600,11.1500,11.2300,14929400
2019-02-26,11.1800,11.2100,10.9600,11.0200,5338500
2019-02-27,10.9700,11.1500,10.9400,11.0900,6554700
2019-02-28,11.0400,11.1000,10.8800,10.9700,6804300
2019-03-01,11.0000,11.1200,10.7700,10.8700,6542600
2019-03-06,10.9100,11.0300,10.5200,10.5200,6834600
2019-03-07,10.5000,10.5300,10.1700,10.3700,9383100
2019-03-08,10.3000,11.3000,10.2100,11.1700,20639800
2019-03-11,11.1200,11.4800,10.9100,11.4800,12822800
2019-03-12,11.4500,11.4500,11.2200,11.2300,8471500
2019-03-13,11.2200,11.3000,10.9500,11.1000,9392500
2019-03-14,11.0700,11.2200,10.8100,11.0500,6441400
2019-03-15,11.1000,11.3600,10.7500,10.7800,14412100
2019-03-18,10.8600,11.0200,10.7700,10.9900,6376300
2019-03-19,11.0200,11.0900,10.8500,10.8900,5506300
2019-03-20,10.8700,11.2500,10.8200,11.0200,8692400
2019-03-21,10.9500,11.0200,10.4800,10.8300,10466500
2019-03-22,10.5700,11.0800,10.5100,10.8700,17911800
2019-03-25,10.8100,11.4000,10.7100,11.2100,14004200
2019-03-26,11.3100,11.4400,11.0000,11.1000,9748200
2019-03-27,10.9900,11.1200,10.3600,10.3600,13410500
2019-03-28,10.4300,11.0000,10.3000,10.9100,9899800
2019-03-29,10.6500,10.7200,10.2700,10.6000,20191000
2019-04-01,10.6500,10.7100,10.2700,10.3500,7803100
2019-04-02,10.3900,10.4700,10.0600,10.3400,8590500
2019-04-03,10.3600,10.4300,10.0800,10.2400,9111000
2019-04-04,10.2000,10.8600,9.8900,10.8600,16491900
2019-04-05,10.8000,10.8700,10.5000,10.6500,10123500
2019-04-08,10.6800,10.7800,10.4500,10.5600,8206400
2019-04-09,10.5200,10.5200,10.2100,10.2900,8170100
2019-04-10,10.3300,10.3900,10.0500,10.3700,15747300
2019-04-11,10.4500,10.5600,10.3200,10.4800,9154500
2019-04-12,10.3900,10.6700,10.2900,10.3200,7543700
2019-04-15,10.3200,10.3800,10.0300,10.1500,7807400
2019-04-16,10.1200,10.3000,9.9200,9.9500,10270400
2019-04-17,10.0100,10.2000,9.7000,9.7900,19206200
2019-04-18,9.8800,9.9800,9.6700,9.8800,8900300
2019-04-22,9.8900,10.0800,9.6700,10.0800,7227400
2019-04-23,10.1500,10.2600,9.8200,9.8500,14037000
2019-04-24,9.9000,9.9400,9.6000,9.7000,12030200
2019-04-25,9.6700,9.9600,9.6200,9.8500,7802200
2019-04-26,9.8800,9.9900,9.7600,9.8500,6890500
2019-04-29,9.9300,10.0300,9.7200,9.8100,6841500
2019-04-30,9.8800,9.8900,9.6800,9.7500,6378200
2019-05-02,9.7500,9.8500,9.5500,9.5500,7305800
2019-05-03,9.6300,9.6800,9.4400,9.4400,7784700
2019-05-06,9.4000,9.4600,9.3000,9.3500,6245500
2019-05-07,9.4000,9.5400,9.1500,9.2500,12399200
2019-05-08,9.2700,9.5500,9.2500,9.4000,15414000
2019-05-09,9.3400,9.7300,9.2800,9.6100,9565200
2019-05-10,9.6600,10.2500,9.5600,10.1000,17780900
2019-05-13,9.8900,10.0700,9.8000,10.0000,13473400
2019-05-14,10.0600,10.1200,9.8200,9.9600,7057600
2019-05-15,9.4900,9.5000,9.1000,9.4400,28103100
2019-05-16,9.2600,9.3400,9.0000,9.0500,19484300
2019-05-17,9.0000,9.1800,8.7600,8.8000,14598000
2019-05-20,8.8900,9.1500,8.8100,9.0800,14266800
2019-05-21,9.1300,9.5900,9.1300,9.5000,25611000
2019-05-22,9.4800,9.6600,9.3300,9.4700,17693900
2019-05-23,9.5000,10.0000,9.4800,9.6000,16544300
2019-05-24,9.6900,9.7200,9.3200,9.5000,9689800
2019-05-27,9.5800,10.0000,9.5000,9.9800,7769700
2019-05-28,9.9800,10.0800,9.8000,10.0300,14796700
2019-05-29,9.9400,10.1900,9.9000,10.0200,7958000
2019-05-30,10.0100,10.1300,9.9000,10.0700,8413900
2019-05-31,9.9900,10.3400,9.9100,10.3400,15273600
2019-06-03,10.2800,10.4800,10.2300,10.3900,14497200
2019-06-04,10.4000,10.7300,10.2800,10.6500,10524800
2019-06-05,10.7000,10.8000,10.3900,10.4900,10437300
2019-06-06,10.5000,10.5700,10.1600,10.2200,7849400
2019-06-07,10.2500,10.6600,10.2100,10.5000,14078700
2019-06-10,10.4300,10.4800,10.2500,10.4400,13068400
2019-06-11,10.5000,10.5500,10.3100,10.4000,7609600
2019-06-12,10.3600,10.6000,10.2200,10.3500,16749900
2019-06-13,10.3900,10.8200,10.3500,10.5500,13886500
2019-06-14,10.5000,10.6400,10.3300,10.4800,6274200
2019-06-17,10.5400,10.5400,10.1900,10.1900,6744200
2019-06-18,10.3000,10.3500,10.1000,10.2500,12849800
2019-06-19,10.2700,10.4900,10.0100,10.4900,14058400
2019-06-21,10.4900,10.9000,10.3700,10.8700,24151300
2019-06-24,10.8500,11.0900,10.7200,10.9300,13456900
2019-06-25,11.0000,11.1000,10.6100,10.6600,12675200
2019-06-26,10.7700,10.8300,10.4600,10.6100,8600900
2019-06-27,10.5100,10.9400,10.4700,10.9400,6770900
2019-06-28,11.0000,11.0000,10.8400,10.9700,7782400
2019-07-01,11.0000,11.1000,10.7400,10.8500,9198500
2019-07-02,10.8000,11.1000,10.7900,11.1000,13162300
2019-07-03,11.0400,11.4200,11.0400,11.2400,9955500
2019-07-04,11.0900,11.5700,11.0900,11.5700,11834600
2019-07-05,11.4700,11.7000,11.3300,11.7000,7062200
2019-07-08,11.7000,12.4300,11.5600,12.3800,13533300
2019-07-10,12.4000,12.4500,12.0700,12.3300,18586700
2019-07-11,12.3000,12.3100,11.7700,11.8200,15914700
2019-07-12,11.8500,11.9700,11.4500,11.4500,10912400
2019-07-15,11.5800,11.8000,11.3400,11.6600,12407800
2019-07-16,11.7400,11.7800,11.4400,11.7500,11776700
2019-07-17,11.7600,12.3900,11.7400,12.0000,19468900
2019-07-18,12.1200,12.6900,12.0000,12.6000,15608400
2019-07-19,12.5900,12.6800,12.4100,12.6000,11803200
2019-07-22,12.6200,12.6800,12.2700,12.5200,9533200
2019-07-23,12.5000,12.5500,12.2200,12.4500,8564500
2019-07-24,12.3500,12.4700,12.1800,12.3000,7407800
2019-07-25,12.3000,12.4000,12.0900,12.2400,8836500
2019-07-26,12.3500,12.6100,12.2400,12.5400,10943800
2019-07-29,12.5000,12.6500,12.2800,12.4200,6341700
2019-07-30,12.4200,12.4900,12.1300,12.2800,8966900
2019-07-31,12.3300,12.5600,12.2400,12.5600,10054400
2019-08-01,12.6300,13.1900,12.6200,13.1700,23364600
2019-08-02,13.3900,13.6600,12.9600,13.6600,22604300
2019-08-05,13.3900,13.3900,12.7500,12.9800,18363400
2019-08-06,13.2400,13.2400,12.7600,13.2100,13870600
2019-08-07,13.0900,13.1200,12.7700,12.9500,9747000
2019-08-08,13.0700,13.0800,12.8300,13.0500,14794800
2019-08-09,13.0700,13.3200,12.8900,13.3200,12696200
2019-08-12,13.0500,13.1000,12.8000,13.1000,7860000
2019-08-13,12.9300,13.2600,12.8100,12.9000,24155200
2019-08-14,12.5000,12.5000,11.4100,11.4100,54016900
2019-08-15,11.5000,11.5600,10.6800,10.7500,34773400
2019-08-16,10.9000,10.9400,10.3000,10.7200,21425400
2019-08-19,10.7200,11.0400,10.5300,10.7900,16987300
2019-08-20,10.7800,11.2400,10.4700,11.1300,23650100
2019-08-21,11.2800,11.3700,10.9500,11.1500,25021100
2019-08-22,11.1200,11.1200,10.6600,10.6600,18126600
2019-08-23,10.5400,10.6500,10.2100,10.2700,19162900
2019-08-26,10.3700,10.4100,9.8300,9.8500,13131100
2019-08-27,9.9400,10.1600,9.5500,9.7600,25784500
2019-08-28,9.7000,9.9900,9.3700,9.8600,44409400
2019-08-29,10.0000,10.3200,9.7800,10.1900,21206900
2019-08-30,10.2500,10.3200,9.9600,10.0800,18338000
2019-09-02,10.1500,10.2700,10.0300,10.0700,7315800
2019-09-03,10.0900,10.4700,9.9700,10.0500,19081800
2019-09-04,10.1800,10.3400,10.1500,10.2800,13870500
2019-09-05,10.3600,10.6800,10.3300,10.3300,15435600
2019-09-06,10.4200,10.5300,10.2100,10.4000,15169300
2019-09-09,10.4000,10.4200,10.1800,10.3500,13068200
2019-09-10,10.5600,10.9200,10.4000,10.6900,20287800
2019-09-11,10.7500,10.8700,10.5300,10.5300,14089700
2019-09-12,10.6600,11.1300,10.5100,11.1300,19396700
2019-09-13,11.1000,11.3200,10.6900,10.7200,17288400
2019-09-16,10.8000,11.2900,10.6200,11.2700,21682000
2019-09-17,11.1600,11.3900,11.0600,11.3000,10164200
2019-09-18,11.3000,11.4000,11.1500,11.2800,5780100
2019-09-19,11.3600,11.7000,11.2900,11.2900,12549300
2019-09-20,11.2000,11.4600,11.0700,11.2600,15808400
2019-09-23,11.2600,11.5600,11.1900,11.4300,11830300
2019-09-24,11.5500,11.6600,11.4500,11.6500,8560900
2019-09-25,11.6200,11.7600,11.2000,11.3000,12200500
2019-09-26,11.4100,11.4700,11.2300,11.4000,9033900
2019-09-27,11.3700,11.5000,11.2300,11.3000,11233600
2019-09-30,11.3500,11.4000,11.1100,11.1800,15970100
2019-10-01,11.2300,11.2900,10.9200,11.1100,15588800
2019-10-02,10.9600,10.9900,10.6200,10.8000,20356500
2019-10-03,10.8000,10.9100,10.5900,10.9100,13165800
2019-10-04,10.9200,11.1700,10.6300,11.1000,19911000
2019-10-07,11.0200,11.2500,10.7700,10.8000,27152500
2019-10-08,10.8600,10.8600,10.3200,10.4000,23170200
2019-10-09,10.4700,10.7100,10.3600,10.5500,11198200
2019-10-10,10.6200,10.9600,10.3800,10.3800,25711500
2019-10-11,10.5000,10.7500,10.4200,10.6500,13184700
2019-10-14,10.6500,10.6700,10.4700,10.6700,10276200
2019-10-15,10.6500,10.8200,10.3100,10.5100,11786200
2019-10-16,10.4700,10.5800,10.3500,10.4800,9257200
2019-10-17,10.4800,10.8500,10.4700,10.7800,13477500
2019-10-18,10.9000,10.9700,10.6200,10.7500,16861800
2019-10-21,10.7200,10.8000,10.6100,10.6100,7009800
2019-10-22,10.6500,10.7900,10.5200,10.7900,17196300
2019-10-23,10.7600,10.7600,10.4000,10.4400,15688300
2019-10-24,10.5000,10.5000,9.8600,9.9500,19967300
2019-10-25,9.9700,10.0900,9.7500,9.7900,12339400
2019-10-28,9.8000,9.9500,9.7300,9.7700,8795600
2019-10-29,9.7600,9.8300,9.5400,9.5400,12455100
2019-10-30,9.7900,9.7900,9.5100,9.6000,23239300
2019-10-31,9.6500,9.7700,9.5500,9.6700,10241700
2019-11-01,9.7000,9.9900,9.6500,9.8500,10080600
2019-11-04,9.8600,9.9900,9.7900,9.8900,8049500
2019-11-05,9.9300,9.9500,9.7600,9.9000,7972400
2019-11-06,9.9400,9.9800,9.7500,9.8600,7519900
2019-11-07,9.8800,10.0000,9.8300,10.0000,13906100
2019-11-08,9.9200,10.0200,9.7700,9.8200,10896800
2019-11-11,9.8000,9.9000,9.6700,9.8000,6069000
2019-11-12,9.7500,9.7900,9.4200,9.5000,15530200
2019-11-13,9.3900,9.8800,9.3600,9.6700,23815000
2019-11-14,9.6700,10.2900,9.6700,10.2900,22346300
2019-11-18,10.3800,10.4800,10.2000,10.3000,12513000
2019-11-19,10.3800,10.3800,10.1200,10.2600,7036100
2019-11-21,10.1000,10.8600,9.9600,10.5400,23763600
2019-11-22,10.5400,10.7200,10.3700,10.4500,11099600
2019-11-25,10.4400,10.5000,10.2500,10.3600,7800200
2019-11-26,10.2600,10.3200,9.9500,9.9500,20085100
2019-11-27,10.0000,10.0700,9.8200,10.0700,11723600
2019-11-28,10.1200,10.3500,9.9900,10.2700,9590400
2019-11-29,10.3200,10.4200,10.2100,10.2500,8050000
2019-12-02,10.2200,10.4800,10.2200,10.4400,14359700
2019-12-03,10.5000,10.5900,10.3600,10.4900,7763100
2019-12-04,10.4900,10.7200,10.4900,10.6200,11346400
2019-12-05,10.6000,10.8800,10.6000,10.6600,16383100
2019-12-06,10.7300,11.0400,10.5700,10.9400,11953300
2019-12-09,10.9800,11.3400,10.9000,10.9900,13422900
2019-12-10,11.0000,11.3000,10.8600,11.1600,12253300
2019-12-11,11.1600,11.9500,11.1400,11.9500,25310100
2019-12-12,11.9100,12.1000,11.6700,12.1000,16871600
2019-12-13,12.1300,12.4400,12.0400,12.2000,25135700
2019-12-16,12.2000,12.3600,12.0500,12.1000,14665200
2019-12-17,12.0000,12.2500,11.8300,12.0000,10436300
2019-12-18,11.9900,12.0000,11.5200,11.6400,23086200
2019-12-19,11.5700,11.5700,11.0200,11.2100,25314800
2019-12-20,11.2800,11.3400,10.8900,10.8900,19153700
2019-12-23,10.9900,11.2100,10.9500,11.2000,10141200
2019-12-26,11.2500,11.7200,11.2200,11.6000,11760200
2019-12-27,11.6800,11.7600,11.4200,11.6100,9230300
2019-12-30,11.6800,11.7300,11.3800,11.4300,9320800
2020-01-02,11.5500,12.2000,11.4600,12.2000,12730400
2020-01-03,11.8700,12.3700,11.8200,12.1500,12593300
2020-01-06,12.0000,12.0700,11.7000,11.9900,8944500
2020-01-07,11.9900,12.2100,11.7500,12.0800,7579200
2020-01-08,12.1800,12.2700,11.9000,12.0000,7866300
2020-01-09,12.1000,12.1900,11.9300,12.1000,6228500
2020-01-10,12.1500,12.5000,12.0700,12.2000,9522100
2020-01-13,12.2000,12.7000,12.1200,12.5500,13486000
2020-01-14,12.5900,12.7900,12.4400,12.7900,7126400
2020-01-15,12.7800,12.8000,12.3100,12.3500,8740900
2020-01-16,12.5000,12.5700,11.7800,12.0200,14105800
2020-01-17,12.0300,12.1900,11.6000,11.6700,13901400
2020-01-20,11.6900,11.6900,11.4300,11.5300,13465000
2020-01-21,11.4500,11.6500,11.1800,11.1800,10122400
2020-01-22,11.2600,11.3500,11.1200,11.3000,15397500
2020-01-23,11.4000,11.8300,11.3600,11.6900,13696700
2020-01-24,11.8000,11.8500,11.5100,11.6700,12114100
2020-01-27,11.3800,11.4700,11.0500,11.2800,9072600
2020-01-28,11.6000,11.8900,11.4300,11.7000,13958000
2020-01-29,11.8500,11.9400,11.5100,11.7000,11024400
2020-01-30,11.4900,11.5900,11.0600,11.4900,12237700
2020-01-31,11.2700,11.7300,11.2100,11.6200,13693100
2020-02-03,11.2800,11.9600,11.2000,11.6500,35889100
2020-02-04,11.8800,12.4900,11.7700,12.3000,39725200
2020-02-05,12.1800,12.6700,12.0700,12.1800,25774800
2020-02-06,12.1900,12.3400,11.7600,11.8500,13731800
2020-02-07,11.8400,11.8600,11.2300,11.2900,10549300
2020-02-10,11.3200,11.3800,10.8400,11.0900,11003100
2020-02-11,11.1400,11.4900,11.0500,11.1500,14417700
2020-02-12,11.4000,11.8600,11.2100,11.6000,53412900
2020-02-13,11.6000,12.0800,11.4300,11.8000,38232300
2020-02-14,12.0000,12.0000,11.6600,11.7100,48599200
2020-02-17,11.7900,11.9900,11.5100,11.7100,14257700
2020-02-18,11.6000,11.6500,11.1900,11.4000,18790200
2020-02-19,11.3300,11.4400,11.1100,11.1500,21297000
2020-02-20,11.1700,11.4200,11.0000,11.0500,16678700
2020-02-21,11.0000,11.0800,10.9600,11.0500,12535000
2020-02-26,10.6000,10.8500,9.9600,10.2600,35969800
2020-02-27,10.1500,10.3000,9.8700,9.9400,28371100
2020-02-28,9.9000,10.1200,9.5500,10.0900,30319900
2020-03-02,10.0900,10.4000,9.8500,10.2500,21694000
2020-03-03,10.1400,10.7800,10.1000,10.4900,19844500
2020-03-04,10.6900,10.7900,10.2900,10.4300,17004300
2020-03-05,10.2900,10.3800,9.6200,9.9800,10504800
2020-03-06,9.4600,9.6000,8.9300,9.0000,21955700
2020-03-09,8.3000,8.3800,7.4800,7.5400,39970300
2020-03-10,8.0100,8.2200,7.6200,8.1500,37310700
2020-03-11,7.7900,8.0000,6.9800,7.5500,19543600
2020-03-12,6.3000,6.5000,5.9500,5.9800,34399600
2020-03-13,7.0700,7.3700,5.9000,6.6700,41545600
2020-03-16,5.7200,6.0000,5.1900,5.2900,36608000
2020-03-17,5.4000,5.9300,5.1000,5.9100,34524900
2020-03-18,5.1800,5.6400,4.3000,4.7500,39420500
2020-03-19,4.5300,5.3800,4.0800,4.8600,52183400
2020-03-20,5.2300,5.4800,4.7800,4.9100,55651800
2020-03-23,5.0300,5.1500,4.2500,4.5300,25237700
2020-03-24,4.8900,5.0300,4.4100,4.4800,35847800
2020-03-25,4.5000,5.2800,4.4200,5.0000,40368100
2020-03-26,5.0100,5.9000,5.0100,5.8500,39077200
2020-03-27,5.4100,5.7400,5.3200,5.3200,23665500
2020-03-30,5.4400,5.5800,5.0300,5.0600,19222100
2020-03-31,4.6900,4.7700,3.9700,4.0000,95278200
2020-04-01,3.8500,4.1400,3.7500,3.8700,39683100
2020-04-02,4.0000,4.1200,3.5700,3.6600,46616300
2020-04-03,3.6800,3.9000,3.5800,3.7200,49668600
2020-04-06,3.9300,4.2000,3.8500,4.2000,52451400
2020-04-07,4.6500,4.9200,4.4000,4.4800,63028700
2020-04-08,4.4600,4.6200,4.3000,4.6000,65161900
2020-04-09,4.6500,4.8900,4.4600,4.5800,48232800
2020-04-13,4.6000,4.8800,4.5500,4.8700,40740700
2020-04-14,5.0700,5.1800,4.9000,4.9600,41188900
2020-04-15,4.8300,5.5000,4.7200,5.2500,63230200
2020-04-16,5.5400,5.6000,5.0400,5.1100,45165200
2020-04-17,5.3000,5.4100,4.9000,5.0400,45686600
2020-04-20,4.9000,5.2600,4.8300,5.0900,43993900
2020-04-22,5.0400,5.2800,5.0100,5.0800,40698400
2020-04-23,5.1700,5.2000,4.7600,4.9000,40616000
2020-04-24,4.8400,4.8900,4.2500,4.6100,55993300
2020-04-27,4.7800,4.8200,4.5500,4.6000,38809100
2020-04-28,4.7600,5.0500,4.6500,4.9800,60940400
2020-04-29,5.1400,5.6500,4.9800,5.5900,78795700
2020-04-30,5.4500,5.7300,5.2200,5.5400,105295200
2020-05-04,5.4000,5.4600,5.1400,5.2200,66908200
2020-05-05,5.3700,5.4100,4.9300,4.9600,57101000
2020-05-06,5.0100,5.1400,4.6800,4.9800,59635900
2020-05-07,5.0500,5.0800,4.7000,4.7100,60231800
2020-05-08,4.8100,4.9200,4.6400,4.7300,42424100
2020-05-11,4.6700,4.7200,4.5000,4.5200,47892700
2020-05-12,4.5800,4.8200,4.3400,4.3600,67896700
2020-05-13,4.3800,4.4500,3.9700,4.1500,67116300
2020-05-14,4.0600,4.3000,3.9500,4.2000,50183700
2020-05-15,4.1500,4.4000,4.1100,4.2100,49968600
2020-05-18,4.4400,4.6800,4.3100,4.6500,38879200
2020-05-19,4.6400,4.8700,4.6000,4.6100,44411300
2020-05-20,4.7200,4.8100,4.5300,4.5700,42927200
2020-05-21,4.6400,4.8300,4.5700,4.7000,38156400
2020-05-22,4.5000,4.5400,4.2600,4.3000,82675400
2020-05-25,4.4500,4.7500,4.4200,4.7300,62976100
2020-05-26,5.0000,5.1300,4.7500,4.8100,79464100
2020-05-27,4.8800,5.3000,4.8000,5.3000,80534900
2020-05-28,5.3200,5.5700,5.1400,5.2300,78910300
2020-05-29,5.1900,5.4100,5.1000,5.2600,70988400
2020-06-01,5.2900,5.6700,5.2500,5.6300,49317900
2020-06-02,5.8600,6.4400,5.8100,6.4000,122838200
2020-06-03,6.9600,6.9700,6.6000,6.7800,108846600
2020-06-04,6.6500,6.8500,6.5200,6.7400,49205600
2020-06-05,7.0900,7.2600,6.8500,6.9000,63907200
2020-06-08,6.9700,7.1000,6.7800,6.9000,50892200
2020-06-09,6.7100,7.0900,6.6100,6.9500,52792000
2020-06-10,7.1000,7.1700,6.6600,6.6600,47811500
2020-06-12,6.4100,6.6000,6.1600,6.3500,71840300
2020-06-15,6.0900,6.5500,5.9200,6.3900,69187800
2020-06-16,6.6600,6.7200,6.1500,6.1500,54967100
2020-06-17,6.2100,6.5200,6.0000,6.4300,46937400
2020-06-18,6.3600,6.6100,6.2500,6.3300,34150000
2020-06-19,6.4800,6.4800,6.2700,6.3100,42137400
2020-06-22,6.4400,6.9400,6.3600,6.6100,70878200
2020-06-23,6.7900,7.0700,6.5700,7.0100,82039100
2020-06-24,7.0800,7.0900,6.6100,6.7600,72462900
2020-06-25,6.7900,6.8200,6.5600,6.7100,49668900
2020-06-26,6.6600,6.7300,6.2700,6.3600,54740500
2020-06-29,6.4200,6.5700,6.0800,6.5500,61974200
2020-06-30,6.4200,6.7000,6.3600,6.6100,62049500
2020-07-01,6.6400,6.9700,6.5900,6.9700,56882300
2020-07-02,7.1100,7.4200,6.7800,6.9200,86721200
2020-07-03,6.9300,7.2000,6.8000,7.2000,34928400
2020-07-06,8.0500,8.0500,7.4300,7.6000,130989600
2020-07-07,7.5300,7.7800,7.3200,7.4500,77476000
2020-07-08,7.5900,7.6600,7.4200,7.6600,68258300
2020-07-09,7.7000,7.8500,7.5800,7.7800,48327500
2020-07-10,7.9000,8.6800,7.8500,8.6400,148316900
2020-07-13,8.9500,9.1300,8.6400,8.6800,120269900
2020-07-14,8.6200,8.8900,8.5700,8.6200,78418400
2020-07-15,8.8500,8.9900,8.6900,8.7500,56948900
2020-07-16,8.7000,9.3000,8.6500,9.1900,79720000
2020-07-17,9.3600,9.5000,9.1900,9.3500,61572400
2020-07-20,9.4200,9.9100,9.3800,9.6000,88481800
2020-07-21,9.9300,9.9600,9.2200,9.4000,85466900
2020-07-22,9.4000,9.4400,9.0800,9.3900,74794700
2020-07-23,9.7000,9.7000,8.6700,8.7500,185503100
2020-07-24,8.4000,8.5800,8.1100,8.2800,125091100
2020-07-27,8.4400,8.5300,8.0300,8.3300,77492700
2020-07-28,8.4100,9.2500,8.2700,9.0000,111773200
2020-07-29,9.2100,9.4200,8.8200,9.2400,82455200
2020-07-30,9.3000,9.6000,9.2000,9.4600,101716900
2020-07-31,9.8000,9.9400,8.1300,8.2800,273692400
2020-08-03,8.1000,8.3600,7.5000,7.8500,151285200
2020-08-04,7.6400,7.8700,7.2700,7.4000,116284100
2020-08-05,7.6100,7.7400,7.2200,7.3800,77105700
2020-08-06,7.4000,7.4600,7.1700,7.2700,72228500
2020-08-07,7.2200,7.4900,7.1500,7.2900,101518300
2020-08-10,7.3000,7.4900,7.1100,7.3900,67158300
2020-08-11,7.5200,7.5800,7.3200,7.3300,51479500
2020-08-12,7.3600,7.3800,7.0200,7.1900,62345100
2020-08-13,7.2200,7.3100,6.8900,6.9200,62533800
2020-08-14,6.9100,7.2700,6.8200,7.1900,62907700
2020-08-17,7.2000,7.3400,6.7700,6.8800,78104500
2020-08-18,7.0800,7.1300,6.9100,6.9600,49393400
2020-08-19,6.7700,6.9300,6.4400,6.5800,132220200
2020-08-20,6.3800,6.7600,6.3600,6.5700,83320600
2020-08-21,6.1900,6.6400,6.1000,6.5600,165235300
2020-08-24,6.6400,6.6800,6.3600,6.3700,61083900
2020-08-25,6.4400,6.5000,6.1800,6.2000,81302400
2020-08-26,6.2300,6.3100,5.9600,6.0600,91241700
2020-08-27,6.1000,6.1800,5.9600,6.0700,51758600
2020-08-28,6.1200,6.1800,5.9800,6.0100,56132400
2020-08-31,5.9700,6.0800,5.7000,5.7000,70141800
2020-09-01,5.7800,6.0200,5.7400,5.9500,68815100
2020-09-02,6.0400,6.0600,5.8200,5.9300,51161000
2020-09-03,5.9300,6.0700,5.7100,5.8000,64899900
2020-09-04,5.8600,6.0800,5.7300,6.0100,64297200
2020-09-08,5.9500,6.2700,5.8600,6.1500,80244100
2020-09-09,6.2100,6.2600,5.8800,5.9000,75574200
2020-09-10,5.9000,6.0400,5.8600,5.8800,50769700
2020-09-11,5.9300,5.9400,5.6500,5.7000,53721600
2020-09-14,5.8200,6.0600,5.7000,5.9800,65130500
2020-09-15,6.0500,6.0700,5.7500,5.8000,59775300
2020-09-16,5.8400,5.9600,5.8000,5.8300,38870000
2020-09-17,5.7500,5.8700,5.6500,5.7700,51672800
2020-09-18,5.7700,5.7900,5.5000,5.5300,63076400
2020-09-21,5.3400,5.5700,5.2800,5.5600,66313700
2020-09-22,5.5500,5.6800,5.4500,5.6700,45682400
2020-09-23,5.6500,5.7700,5.4900,5.5100,47593400
2020-09-24,5.5000,5.7100,5.4400,5.5000,50290900
2020-09-25,5.4600,5.6900,5.4200,5.5800,40429800
2020-09-28,5.6400,5.6600,5.2300,5.3300,57667000
2020-09-29,5.3300,5.4000,5.1800,5.2100,44256800
2020-09-30,5.2400,5.2900,5.1800,5.1800,39619200
2020-10-01,5.2000,5.5500,5.1600,5.5200,77044200
2020-10-02,5.4600,5.6100,5.3600,5.4000,38112500
2020-10-05,5.3600,5.4600,5.1700,5.3100,68627200
2020-10-06,5.3200,5.5300,5.2000,5.2400,62622500
2020-10-07,5.2500,5.3400,5.1800,5.2000,36539200
2020-10-08,5.2200,5.4400,5.1700,5.3800,56940800
2020-10-09,5.3500,5.5400,5.2200,5.2500,55471600
2020-10-13,5.2800,5.2900,5.1900,5.2100,48015500
2020-10-14,5.2200,5.3900,5.2000,5.2200,50622600
2020-10-15,5.1800,5.2200,5.0100,5.0400,79697300
2020-10-16,5.0400,5.0700,4.8100,4.8300,60622600
2020-10-19,4.8400,4.9400,4.7700,4.8100,55606700
2020-10-20,4.8500,4.9700,4.8000,4.9400,53306000
2020-10-21,4.9200,5.0900,4.7800,5.0400,66133700
2020-10-22,5.0200,5.0700,4.9000,4.9100,49622500
2020-10-23,4.9000,5.0000,4.8500,4.8500,37074900
2020-10-26,4.8400,4.9000,4.7000,4.8000,52245500
2020-10-27,4.8100,4.8200,4.6100,4.6200,40081700
2020-10-28,4.4700,4.4700,4.2500,4.2500,64442100
2020-10-29,4.2300,4.6300,4.0300,4.5400,86661200
2020-10-30,4.4900,4.5900,4.2700,4.2900,67084200
2020-11-03,4.3800,4.4900,4.1600,4.2000,57809100
2020-11-04,4.3200,4.5300,4.2100,4.4700,53840100
2020-11-05,4.5500,4.6000,4.3300,4.3900,44784400
2020-11-06,4.3200,4.5300,4.2500,4.5000,58358300
2020-11-09,4.7500,5.0100,4.5500,4.9200,104988400
2020-11-10,4.9300,5.1200,4.7700,4.9000,88782000
2020-11-11,4.8800,4.9500,4.6900,4.7100,53099400
2020-11-12,4.6600,4.8400,4.5100,4.5800,46119700
2020-11-13,4.5600,4.8300,4.5300,4.7600,68438400
2020-11-16,4.8500,4.9300,4.6900,4.7500,50436900
2020-11-17,4.7300,4.8700,4.7100,4.8700,28735500
2020-11-18,4.8800,5.2900,4.8700,5.1300,110347100
2020-11-19,5.1500,5.2100,4.9600,4.9800,58488900
2020-11-23,5.1900,5.2700,5.0000,5.0400,50199900
2020-11-24,5.0800,5.1500,5.0000,5.0200,53395900
2020-11-25,5.0200,5.0600,4.8800,4.8800,50850100
2020-11-26,4.8600,5.1400,4.8100,5.0900,55670300
2020-11-27,5.1400,5.1400,4.8900,4.8900,69726100
2020-11-30,4.9000,4.9900,4.6900,4.6900,295233200
2020-12-01,4.8300,5.0700,4.7500,5.0000,70090600
2020-12-02,5.1000,5.3100,5.0500,5.1700,73652400
2020-12-03,5.1900,5.4300,5.0700,5.2600,83352900
2020-12-04,5.3500,5.3700,5.1600,5.2000,50859100
2020-12-07,5.2200,5.3000,5.0100,5.1100,63619200
2020-12-08,5.1000,5.2500,5.0700,5.1200,56590500
2020-12-09,5.1400,5.1800,5.0200,5.0500,33260700
2020-12-10,5.0900,5.2200,4.9600,5.2200,66935300
2020-12-11,5.1500,5.3600,5.1100,5.3000,83585600
2020-12-14,5.4000,5.4500,5.0100,5.0100,107656000
2020-12-15,5.0100,5.0600,4.8200,4.8700,100015100
2020-12-16,4.8900,4.9200,4.7200,4.9200,71888900
2020-12-17,4.9300,4.9500,4.7800,4.8200,45516200
2020-12-18,4.8300,4.8500,4.7600,4.7800,37676900
2020-12-21,4.6000,4.7200,4.5200,4.6400,51869500
2020-12-22,4.6600,4.6900,4.4900,4.5000,48485700
2020-12-23,4.5200,4.6300,4.5200,4.6000,31338200
2020-12-28,4.6200,4.6500,4.5500,4.6000,45061400
2020-12-29,4.6300,4.8400,4.6200,4.6900,52931100
2020-12-30,4.7100,4.7600,4.6300,4.6300,27328600
2021-01-04,4.6800,4.8300,4.6200,4.7000,60864100
2021-01-05,4.6800,4.7900,4.5800,4.6700,53735300
2021-01-06,4.6700,4.6900,4.5000,4.5300,62974400
2021-01-07,4.6500,4.9200,4.5800,4.6200,141328200
2021-01-08,4.6600,4.8600,4.6100,4.8200,59322800
2021-01-11,4.7500,4.7900,4.5900,4.6200,51311200
2021-01-12,4.6500,4.6800,4.6000,4.6500,37303000
2021-01-13,4.6500,4.7200,4.6000,4.6300,38892200
2021-01-14,4.6600,4.8600,4.6500,4.7700,63450200
2021-01-15,4.7700,4.8700,4.6900,4.7600,49058200
2021-01-18,4.8400,4.8700,4.6500,4.6900,53800200
2021-01-19,4.7000,4.7700,4.6000,4.6300,33253500
2021-01-20,4.6500,4.7100,4.6100,4.6400,26026400
2021-01-21,4.6600,4.6700,4.5000,4.5000,44052600
2021-01-22,4.4500,4.4900,4.2800,4.4100,65436500
2021-01-26,4.4200,4.5200,4.3100,4.3300,38408400
2021-01-27,4.3400,4.4800,4.2500,4.3500,62335100
2021-01-28,4.3700,4.6800,4.3500,4.5900,76241300
2021-01-29,4.5300,4.6500,4.4700,4.5200,52441400
2021-02-01,4.6000,4.6500,4.5200,4.5400,31534300
2021-02-02,4.6000,4.7700,4.6000,4.6500,41722400
2021-02-03,4.6800,4.7600,4.6300,4.7400,30921100
2021-02-04,4.7500,4.7600,4.5800,4.6200,31580900
2021-02-05,4.6500,4.7000,4.5800,4.6300,29956200
2021-02-08,4.6400,4.6400,4.4600,4.4700,49741600
2021-02-09,4.4700,4.4700,4.3600,4.4200,36558300
2021-02-10,4.4200,4.4300,4.2400,4.2400,52695900
2021-02-11,4.2400,4.3100,4.2000,4.2300,39933900
2021-02-12,4.2000,4.2200,4.1300,4.1900,35272200
2021-02-17,4.2100,4.3000,4.1200,4.2600,39307200
2021-02-18,4.3700,4.3900,4.2000,4.2000,46707300
2021-02-19,4.1900,4.2500,4.1400,4.1800,36495600
2021-02-22,4.0600,4.1200,3.9600,3.9800,59723700
2021-02-23,4.1000,4.1100,3.9500,3.9600,46527400
2021-02-24,3.9800,3.9900,3.8500,3.9000,75620100
2021-02-25,3.9000,4.0800,3.8200,3.8400,73599000
2021-02-26,3.8700,3.9000,3.7400,3.7400,52220800
2021-03-01,3.7900,3.8100,3.6000,3.6100,57195200
2021-03-02,3.5900,3.6500,3.4200,3.6300,93228500
2021-03-03,3.5900,3.6900,3.4500,3.6700,64579100
2021-03-04,3.6500,3.8200,3.6400,3.7000,66162700
2021-03-05,3.6700,4.0900,3.6200,4.0700,97627100
2021-03-08,3.9600,4.1300,3.8000,3.8300,82068100
2021-03-09,3.8300,3.9200,3.7300,3.7500,42802700
2021-03-10,3.8000,4.0800,3.7500,4.0500,62394800
2021-03-11,4.1000,4.3300,4.0800,4.1400,65006000
2021-03-12,4.1000,4.2200,4.0900,4.1900,32455700
2021-03-15,4.2000,4.2100,4.1000,4.1200,34775100
2021-03-16,4.1000,4.1700,3.9200,3.9700,38400100
2021-03-17,3.9600,4.1600,3.9300,4.1200,39543700
2021-03-18,4.0600,4.1000,3.9200,3.9700,38453800
2021-03-19,3.9800,4.1800,3.9600,4.1600,52040100
2021-03-22,4.1100,4.2100,4.0400,4.0500,44446600
2021-03-23,4.0200,4.1200,3.9500,3.9600,43649700
2021-03-24,3.9900,4.0200,3.8700,3.8800,36325500
2021-03-25,3.8900,4.0200,3.8100,3.9900,40711800
2021-03-26,4.0000,4.0000,3.8100,3.8100,67854200
2021-03-29,3.8300,3.8500,3.7200,3.7700,42215200
2021-03-30,3.7400,3.9100,3.7100,3.8600,45805200
2021-03-31,3.8000,4.1100,3.7600,3.9800,125676300
2021-04-01,3.9900,4.0300,3.8400,3.8400,48542000
2021-04-05,3.8900,4.1400,3.8700,4.0700,59942100
2021-04-06,4.0800,4.1400,4.0300,4.0500,35684400
2021-04-07,4.0600,4.1300,3.9900,4.0000,38171200
2021-04-08,4.0200,4.1800,4.0000,4.0500,47490500
2021-04-09,4.0300,4.1300,4.0100,4.1100,44482000
2021-04-12,4.1000,4.1500,4.0500,4.0900,34658400
2021-04-13,4.0800,4.4000,4.0700,4.3300,96467800
2021-04-14,4.3600,4.3900,4.1300,4.1300,69197000
2021-04-15,4.1500,4.2700,4.0900,4.1100,44535300
2021-04-16,4.1100,4.2200,4.0900,4.1900,33273400
2021-04-19,4.2000,4.2100,4.0900,4.1000,47979200
2021-04-20,4.0900,4.1400,3.9900,3.9900,41178600
2021-04-22,4.0300,4.0600,3.9300,3.9600,43330800
2021-04-23,3.9700,4.0200,3.9400,3.9600,36363000
2021-04-26,3.9800,4.1100,3.9400,3.9900,44973600
2021-04-27,3.9900,4.0500,3.9400,3.9600,29782900
2021-04-28,3.9800,4.0100,3.8800,4.0000,31158300
2021-04-29,4.0000,4.0800,3.9100,3.9300,37677000
2021-04-30,3.9300,3.9700,3.8500,3.8700,35120100
2021-05-03,3.9000,3.9500,3.8300,3.8600,33589400
2021-05-04,3.8800,3.8900,3.7600,3.7700,32124700
2021-05-05,3.7900,3.9500,3.7800,3.8800,44703700
2021-05-06,3.8600,3.9200,3.7900,3.8500,31834500
2021-05-07,3.8500,3.9100,3.8200,3.8700,18229400
2021-05-10,3.8900,3.9900,3.8800,3.9700,33998800
2021-05-11,3.9300,3.9600,3.8900,3.9200,23182200
2021-05-12,3.9000,3.9100,3.7700,3.7800,31002900
2021-05-13,3.8100,3.9100,3.7900,3.8700,34683300
2021-05-14,3.9200,4.1000,3.9200,3.9800,78165500
2021-05-17,3.9700,4.0700,3.9400,4.0300,28318200
2021-05-18,4.0800,4.1200,3.9800,4.0200,37995700
2021-05-19,3.9800,4.0400,3.9500,4.0100,26558600
2021-05-20,3.9900,4.0200,3.9200,3.9900,23881100
2021-05-21,3.9800,4.0800,3.9200,3.9200,44760800
2021-05-24,3.9400,3.9500,3.8800,3.9100,20963100
2021-05-25,3.9500,4.1800,3.9400,4.1700,73893600
2021-05-26,4.2100,4.2500,4.0300,4.0400,48832900
2021-05-27,4.0800,4.3600,4.0600,4.2900,73342300
2021-05-28,4.3000,4.3300,4.2300,4.2600,23389400
2021-05-31,4.2700,4.2900,4.1800,4.2200,16162900
2021-06-01,4.2600,4.5000,4.2500,4.4500,66469400
2021-06-02,4.4700,4.5200,4.3500,4.4500,50029900
2021-06-04,4.4400,4.6700,4.4100,4.6300,44931700
2021-06-07,4.6300,4.7200,4.5500,4.5900,37053400
2021-06-08,4.6200,4.7000,4.5500,4.5600,33168000
2021-06-09,4.5500,4.6300,4.4600,4.5000,28903700
2021-06-10,4.5100,4.5300,4.4200,4.4600,24608500
2021-06-11,4.4800,4.5100,4.2700,4.3400,34564400
2021-06-14,4.3700,4.8000,4.3600,4.7500,106011800
2021-06-15,4.7800,4.8000,4.6200,4.6600,52840200
2021-06-16,4.6700,4.7000,4.5700,4.6400,51206300
2021-06-17,4.6500,4.8300,4.5900,4.6600,48823800
2021-06-18,4.6700,4.6900,4.5300,4.5700,73858100
2021-06-21,4.5900,4.8300,4.5800,4.8000,50631600
2021-06-22,4.7900,4.7900,4.6200,4.6900,48888400
2021-06-23,4.7000,4.7900,4.6800,4.7400,32213500
2021-06-24,4.7600,4.9000,4.7300,4.7500,43028500
2021-06-25,4.7800,4.8000,4.5400,4.5900,41589500
2021-06-28,4.5800,4.6800,4.5400,4.5700,31445800
2021-06-29,4.5800,4.6000,4.4400,4.4900,32778000
2021-06-30,4.4700,4.4800,4.3200,4.3300,48270200
2021-07-01,4.4000,4.4600,4.2600,4.2600,45753700
2021-07-02,4.3100,4.3700,4.2600,4.3400,34950400
2021-07-05,4.3500,4.3600,4.2800,4.3000,18586000
2021-07-06,4.2700,4.2700,4.1400,4.1700,36195200
2021-07-07,4.2200,4.2400,4.1300,4.1700,39253700
2021-07-08,4.1400,4.1600,4.0800,4.1400,33526700
2021-07-12,4.1900,4.3400,4.1800,4.2300,30264400
2021-07-13,4.2100,4.3100,4.1800,4.2500,28468300
2021-07-14,4.2800,4.3500,4.2500,4.2800,23998400
2021-07-15,4.2600,4.2800,4.1900,4.1900,19473500
2021-07-16,4.2100,4.2900,4.1300,4.1400,30687700
2021-07-19,4.0900,4.1300,4.0300,4.0600,29503000
2021-07-20,4.0700,4.1200,4.0400,4.0700,22119600
2021-07-21,4.0800,4.0800,3.9500,3.9700,44833900
2021-07-22,3.9600,4.0200,3.9200,3.9500,28389500
2021-07-23,3.9400,3.9700,3.8700,3.8700,25516100
2021-07-26,3.8700,3.9200,3.7800,3.7900,31638700
2021-07-27,3.7800,3.8100,3.6600,3.7300,47461100
2021-07-28,3.7500,3.8400,3.7300,3.8200,33733700
2021-07-29,3.8400,3.8700,3.6800,3.7100,35673300
2021-07-30,3.7100,3.7500,3.6400,3.6400,30725800
2021-08-02,3.7000,3.7300,3.6400,3.6400,32618000
2021-08-03,3.6500,3.6700,3.5500,3.6000,39527600
2021-08-04,3.6200,3.6400,3.5300,3.5600,28062800
2021-08-05,3.5800,3.6200,3.4700,3.4800,34410600
2021-08-06,3.5000,3.5600,3.4700,3.5100,44310300
2021-08-09,3.4900,3.5300,3.4600,3.4800,27287500
2021-08-10,3.4900,3.6000,3.4300,3.4400,56071000
2021-08-11,3.4500,3.4600,3.3300,3.3500,35152300
2021-08-12,3.3600,3.3700,3.1900,3.2700,58613200
2021-08-13,3.3500,3.4600,3.2800,3.3200,66960700
2021-08-16,3.2800,3.3000,3.1200,3.1200,43125000
2021-08-17,3.1000,3.1800,3.0400,3.1000,60604800
2021-08-18,3.1200,3.2900,3.1000,3.2400,67833600
2021-08-19,3.1700,3.2400,3.1500,3.2200,44465500
2021-08-20,3.1800,3.3700,3.1600,3.3200,39813200
2021-08-23,3.3000,3.3800,3.3000,3.3000,26002900
2021-08-24,3.3400,3.4600,3.3300,3.3900,36874600
2021-08-25,3.3600,3.4300,3.3000,3.3900,34711900
2021-08-26,3.3600,3.4500,3.3500,3.4000,29346600
2021-08-27,3.4100,3.4200,3.3300,3.3900,25098200
2021-08-30,3.3600,3.3700,3.2500,3.2600,27006700
2021-08-31,3.2600,3.3400,3.1900,3.2100,41650500
2021-09-01,3.2300,3.2500,3.1500,3.1500,27025000
2021-09-02,3.1200,3.1400,3.0300,3.0600,49841900
2021-09-03,3.0800,3.1000,3.0000,3.0400,41200100
2021-09-06,3.0200,3.0600,3.0100,3.0600,17586100
2021-09-08,3.0600,3.0600,2.8700,2.8700,51842000
2021-09-09,2.8900,2.9800,2.8100,2.9800,77003800
2021-09-10,3.0200,3.1600,2.9900,3.0100,60751200
2021-09-13,3.0600,3.2400,3.0400,3.2100,43850100
2021-09-14,3.2200,3.3300,3.1200,3.1700,34267500
2021-09-15,3.1500,3.1800,3.0200,3.0300,44249600
2021-09-16,3.0600,3.0900,3.0000,3.0400,38902800
2021-09-17,3.0300,3.0700,2.9700,2.9700,47457300
2021-09-20,2.9000,2.9600,2.8700,2.8700,30442000
2021-09-21,2.9200,3.0300,2.8900,2.9900,49975300
2021-09-22,3.0300,3.1100,2.9900,3.0400,34137900
2021-09-23,3.0800,3.1500,3.0700,3.0800,23594100
2021-09-24,3.0500,3.0900,2.9800,3.0100,32909200
2021-09-27,3.0100,3.0400,2.9400,2.9400,26034800
2021-09-28,2.9200,2.9400,2.7300,2.7300,44903700
2021-09-29,2.8000,2.8200,2.7300,2.7400,29861900
2021-09-30,2.7700,2.7800,2.6800,2.7100,39886600
2021-10-01,2.7200,2.9500,2.7000,2.9300,37711800
2021-10-04,2.9100,2.9500,2.7800,2.7900,34158900
2021-10-05,2.8100,2.8700,2.7700,2.7700,23682300
2021-10-06,2.7800,2.8000,2.6800,2.7800,31778500
2021-10-07,2.8000,2.9300,2.8000,2.9100,35054200
2021-10-08,2.9200,3.0800,2.9200,3.0100,45584100
2021-10-11,3.0100,3.0500,2.9400,2.9600,26670700
2021-10-13,2.9600,3.2000,2.9500,3.1500,53317800
2021-10-14,3.2000,3.2200,3.0500,3.0800,26762900
2021-10-15,3.0700,3.1500,3.0400,3.1100,32506800
2021-10-18,3.1100,3.1400,3.0100,3.1100,29902200
2021-10-19,3.0800,3.0900,2.8700,2.9000,60394200
2021-10-20,2.9200,2.9700,2.8800,2.9100,27613600
2021-10-21,2.8300,2.9000,2.7000,2.7200,54265900
2021-10-22,2.6900,2.7300,2.4700,2.6200,76118000
2021-10-25,2.6800,2.7500,2.6400,2.7000,38303000
2021-10-26,2.6700,2.6800,2.5100,2.5100,47049900
2021-10-27,2.5200,2.7000,2.5200,2.6500,43802100
2021-10-28,2.5800,2.6800,2.5200,2.5400,42696100
2021-10-29,2.5800,2.6000,2.4800,2.4800,37729200
2021-11-01,2.5500,2.8000,2.5400,2.8000,61381200
2021-11-03,2.7900,3.0100,2.7700,2.8900,65894700
2021-11-04,2.9000,2.9300,2.6600,2.6600,54173600
2021-11-05,2.7100,2.7700,2.6300,2.6800,35609200
2021-11-08,2.6400,2.8000,2.5900,2.8000,44395000
2021-11-09,2.8000,2.9600,2.7500,2.8000,54299600
2021-11-10,2.8200,2.8800,2.7400,2.7500,32852500
2021-11-11,2.7800,2.9200,2.7700,2.7700,41459900
2021-11-12,2.7800,2.8800,2.6900,2.7900,44192600
2021-11-16,2.7900,2.8200,2.6100,2.6100,44909100
2021-11-17,2.6200,2.6600,2.5100,2.5700,44857200
2021-11-18,2.5500,2.6600,2.5400,2.5500,28432800
2021-11-19,2.5500,2.6100,2.5100,2.5100,32935500
2021-11-22,2.5300,2.5500,2.4100,2.4100,40934800
2021-11-23,2.4400,2.4400,2.3300,2.3700,51835200
2021-11-24,2.3500,2.4600,2.3400,2.4600,29087400
2021-11-25,2.4900,2.5600,2.4700,2.5000,22622900
2021-11-26,2.3800,2.4100,2.2900,2.3500,47176600
2021-11-29,2.3900,2.4600,2.3800,2.4100,27721100
2021-11-30,2.3800,2.5000,2.3500,2.4800,42373000
2021-12-01,2.5000,2.5500,2.3500,2.3600,34321700
2021-12-02,2.3900,2.4700,2.3300,2.4600,30398400
2021-12-03,2.4500,2.6000,2.4500,2.4800,32963200
2021-12-06,2.5000,2.6200,2.4700,2.5600,28835700
2021-12-07,2.6200,2.6600,2.4900,2.4900,32340000
2021-12-08,2.5000,2.6200,2.4700,2.6200,36368500
2021-12-09,2.5700,2.6500,2.5600,2.5900,22580100
2021-12-10,2.6200,2.9000,2.6000,2.9000,44646800
2021-12-13,2.8000,2.8400,2.6300,2.6300,67625100
2021-12-14,2.6500,2.7200,2.5000,2.5000,44072700
2021-12-15,2.5200,2.5700,2.4800,2.5500,35341300
2021-12-16,2.5800,2.6600,2.5500,2.5800,29701400
2021-12-17,2.5300,2.6200,2.5000,2.5700,30532600
2021-12-20,2.5100,2.5800,2.4700,2.5200,41773800
2021-12-21,2.5400,2.5800,2.5000,2.5400,23560100
2021-12-22,2.5200,2.5700,2.4600,2.4600,32147600
2021-12-23,2.4800,2.5000,2.4100,2.4100,31076600
2021-12-27,2.4200,2.4800,2.3800,2.4000,24812300
2021-12-28,2.4100,2.4400,2.3800,2.4100,17865000
2021-12-29,2.4100,2.4900,2.3800,2.3900,29982400
2021-12-30,2.4000,2.5000,2.3700,2.4600,32499000
2022-01-03,2.4900,2.5100,2.3600,2.3900,29932000
2022-01-04,2.4000,2.4100,2.2900,2.2900,35897400
2022-01-05,2.3000,2.3100,2.1300,2.1400,45900000
2022-01-06,2.1500,2.1700,2.0800,2.0900,39746700
2022-01-07,2.0900,2.1300,2.0400,2.0700,32089200
2022-01-10,2.0600,2.0700,1.9800,2.0000,25478900
2022-01-11,1.9900,2.1000,1.9900,2.0400,22614400
2022-01-12,2.0200,2.1100,2.0200,2.0500,26445600
2022-01-13,2.0300,2.0900,2.0000,2.0800,32943900
2022-01-14,2.0600,2.1800,2.0400,2.1600,25520800
2022-01-17,2.1300,2.2100,2.1300,2.1700,12408800
2022-01-18,2.1500,2.2800,2.1500,2.2500,42277300
2022-01-19,2.2600,2.3000,2.2000,2.2000,25403800
2022-01-20,2.1900,2.3700,2.1800,2.3500,52782300
2022-01-21,2.3200,2.4100,2.3100,2.3900,31297500
2022-01-24,2.3600,2.4000,2.3200,2.3800,22337400
2022-01-25,2.3500,2.4900,2.3500,2.4700,27053700
2022-01-26,2.5200,2.6100,2.4600,2.5500,46765300
2022-01-27,2.5800,2.6100,2.5100,2.5300,32635600
2022-01-28,2.5000,2.5800,2.4800,2.5200,26431300
2022-01-31,2.5200,2.6000,2.5100,2.5800,22002600
2022-02-01,2.5800,2.7000,2.5500,2.5700,34230400
2022-02-02,2.5800,2.6200,2.4900,2.5100,28670300
2022-02-03,2.5100,2.5900,2.5000,2.5400,23410300
2022-02-04,2.5200,2.5400,2.4100,2.4900,30251500
2022-02-07,2.4600,2.4700,2.3300,2.4100,34329800
2022-02-08,2.3800,2.4300,2.3500,2.4100,18600400
2022-02-09,2.4200,2.4800,2.4000,2.4300,18120400
2022-02-10,2.4500,2.4900,2.3800,2.4200,21659000
2022-02-11,2.5000,2.5600,2.3200,2.3300,57758100
2022-02-14,2.3500,2.4400,2.3300,2.3800,24891000
2022-02-15,2.3900,2.4700,2.3900,2.4300,22172000
2022-02-16,2.4500,2.4700,2.3800,2.4400,26543100
2022-02-17,2.4500,2.4600,2.3800,2.4200,23092200
2022-02-18,2.4400,2.5000,2.4000,2.4100,29160700
2022-02-21,2.4000,2.4100,2.2700,2.2700,25041300
2022-02-22,2.3400,2.4700,2.3300,2.4300,49708800
2022-02-23,2.4200,2.5100,2.3800,2.3800,26745300
2022-02-24,2.2000,2.4200,2.1800,2.3700,64150800
2022-02-25,2.3700,2.4000,2.2500,2.2600,37774900
2022-03-02,2.2800,2.3000,2.2200,2.2300,13374700
2022-03-03,2.2300,2.2900,2.1800,2.2100,26432700
2022-03-04,2.2000,2.2100,2.1600,2.1800,21639100
2022-03-07,2.1500,2.1800,2.0500,2.0500,22635200
2022-03-08,2.1000,2.1800,2.0500,2.1300,29930400
2022-03-09,2.1500,2.2500,2.1500,2.2000,24133600
2022-03-10,2.1900,2.2500,2.1100,2.2300,37242600
2022-03-11,2.2500,2.2600,2.1100,2.1200,30291200
2022-03-14,2.1500,2.1700,2.0600,2.0800,28148800
2022-03-15,2.0900,2.1300,2.0300,2.1100,30870500
2022-03-16,2.1300,2.1600,2.0400,2.0800,36097000
2022-03-17,2.0700,2.2000,2.0400,2.1700,41315000
2022-03-18,2.1500,2.2100,2.1200,2.1700,69815900
2022-03-21,2.1800,2.2500,2.1100,2.1300,32131200
2022-03-22,2.1500,2.2500,2.1500,2.1800,28443400
2022-03-23,2.2000,2.2500,2.1400,2.2400,31757200
2022-03-24,2.2400,2.3200,2.2300,2.3100,30747300
2022-03-25,2.4400,2.8000,2.4200,2.7600,149708500
2022-03-28,2.7400,2.8400,2.6700,2.7500,45660400
2022-03-29,2.8500,3.0000,2.8100,2.8400,67795400
2022-03-30,2.8300,2.9300,2.7700,2.8900,47080400
2022-03-31,2.9000,2.9300,2.8000,2.8300,37762000
2022-04-01,2.8600,3.0700,2.8600,3.0500,87755000
2022-04-04,3.0600,3.1100,2.9900,3.0700,34499500
2022-04-05,3.0900,3.1300,2.9800,2.9800,43732300
2022-04-06,2.9400,3.0000,2.7800,2.8300,68900600
2022-04-07,2.8400,2.9300,2.7600,2.8900,46868700
2022-04-08,2.8900,2.8900,2.7700,2.8300,34461800
2022-04-11,2.7800,2.7900,2.6500,2.6700,59771800
2022-04-12,2.7300,2.8900,2.7200,2.7900,55585700
2022-04-13,2.8200,2.8300,2.6900,2.7400,46783000
2022-04-14,2.7300,2.8000,2.6500,2.7200,52894700
2022-04-18,2.7200,2.7800,2.6700,2.7200,26530300
2022-04-19,2.6900,2.9300,2.6700,2.8700,61903000
2022-04-20,2.8800,2.8900,2.6300,2.6600,48898400
2022-04-22,2.6000,2.6600,2.4900,2.5200,41750100
2022-04-25,2.4900,2.6400,2.4600,2.6100,38388800
2022-04-26,2.6000,2.6200,2.5300,2.5700,32563700
2022-04-27,2.6300,2.7100,2.6000,2.6000,29402900
2022-04-28,2.6300,2.6700,2.5500,2.5600,29437900
2022-04-29,2.6100,2.6700,2.4500,2.4500,34556600
2022-05-02,2.4500,2.5300,2.4100,2.4400,34015400
2022-05-03,2.4500,2.4700,2.4000,2.4200,17062800
2022-05-04,2.4100,2.5200,2.3200,2.4900,38950700
2022-05-05,2.4300,2.4400,2.3300,2.3500,33133800
2022-05-06,2.3600,2.5500,2.3600,2.4000,46442000
2022-05-09,2.3300,2.4200,2.3100,2.3300,39874900
2022-05-10,2.3800,2.4000,2.2500,2.3700,47081800
2022-05-11,2.3800,2.4200,2.3400,2.3800,32073300
2022-05-12,2.3900,2.6200,2.3600,2.6100,47761800
2022-05-13,2.7200,2.7500,2.5500,2.5500,72183000
2022-05-16,2.5600,2.5800,2.4800,2.5600,30269100
2022-05-17,2.6000,2.7900,2.5900,2.7100,71103600
2022-05-18,2.7000,2.7500,2.6300,2.6500,33977800
2022-05-19,2.6500,2.6900,2.5900,2.6000,26153900
2022-05-20,2.6500,2.6600,2.5800,2.6300,40002300
2022-05-23,2.6400,2.7200,2.6100,2.6800,24768700
2022-05-24,2.6500,2.6800,2.6000,2.6400,23729500
2022-05-25,2.6200,2.6900,2.6000,2.6500,16216800
2022-05-26,2.6400,2.8100,2.6300,2.7400,31839800
2022-05-27,2.7400,2.7600,2.6700,2.7100,14690000
2022-05-30,2.7200,2.7600,2.6500,2.6800,12182200
2022-05-31,2.7000,2.7600,2.6500,2.6500,27882200
2022-06-01,2.6600,2.7100,2.6200,2.6700,28441700
2022-06-02,2.6900,2.7600,2.6800,2.6900,22557900
2022-06-03,2.6800,2.6900,2.5600,2.6000,22726100
2022-06-06,2.6200,2.6400,2.4900,2.4900,22706300
2022-06-07,2.4900,2.5400,2.4400,2.4900,16194600
2022-06-08,2.4600,2.5800,2.4500,2.5500,28133400
2022-06-09,2.5300,2.6200,2.5000,2.5500,25218800
2022-06-10,2.5300,2.5700,2.4800,2.5100,29245300
2022-06-13,2.4700,2.4700,2.2800,2.3000,47172600
2022-06-14,2.3100,2.3600,2.2100,2.2500,26544400
2022-06-15,2.2700,2.3800,2.2600,2.3400,40374600
2022-06-17,2.2600,2.4200,2.2500,2.3700,32591800
2022-06-20,2.3800,2.4200,2.2900,2.3100,23238100
2022-06-21,2.3300,2.3800,2.1800,2.2000,40461400
2022-06-22,2.1600,2.3000,2.1400,2.2500,33398100
2022-06-23,2.2600,2.3200,2.2200,2.2600,27202900
2022-06-24,2.2800,2.3000,2.1800,2.2000,39525900
2022-06-27,2.2100,2.2400,2.1600,2.1800,17439300
2022-06-28,2.1900,2.2400,2.1300,2.1600,30296300
2022-06-29,2.1600,2.2000,2.1100,2.1400,37081500
2022-06-30,2.1300,2.2000,2.1000,2.1400,33316700
2022-07-01,2.1400,2.1600,2.0500,2.0600,36950000
2022-07-04,2.0500,2.0800,2.0000,2.0000,18164100
2022-07-05,2.0000,2.1100,1.9500,2.0700,38657900
2022-07-06,2.0500,2.2800,2.0400,2.2600,51737900
2022-07-07,2.2600,2.4100,2.2200,2.3700,47059200
2022-07-08,2.3500,2.4600,2.3000,2.4100,41717100
2022-07-11,2.3500,2.4200,2.3100,2.3200,26810000
2022-07-12,2.3100,2.4900,2.3100,2.4000,38062500
2022-07-13,2.3700,2.4200,2.2900,2.3300,29827300
2022-07-14,2.3000,2.4100,2.2900,2.3900,29517200
2022-07-15,2.3900,2.4500,2.3300,2.4200,35004600
2022-07-18,2.4400,2.5100,2.3800,2.4100,26943600
2022-07-19,2.4200,2.4300,2.3000,2.3300,27936200
2022-07-20,2.2800,2.3400,2.1700,2.3200,57092300
2022-07-21,2.3000,2.3400,2.2600,2.3000,22280800
2022-07-22,2.3200,2.3300,2.2000,2.2200,22603100
2022-07-25,2.2300,2.2600,2.2000,2.2200,14753900
2022-07-26,2.2200,2.2300,2.1100,2.1400,18627100
2022-07-27,2.1500,2.2800,2.1400,2.2500,30367400
2022-07-28,2.2400,2.2900,2.2000,2.2600,14126500
2022-07-29,2.2800,2.3100,2.2300,2.2600,15526000
2022-08-01,2.2500,2.3300,2.2300,2.2700,20031000
2022-08-02,2.2800,2.3000,2.2300,2.2500,20360500
2022-08-03,2.2500,2.4000,2.2400,2.3800,26122000
2022-08-04,2.3900,2.5800,2.3900,2.5000,30899900
2022-08-05,2.5100,2.5800,2.4600,2.5400,17171900
2022-08-08,2.5700,2.6200,2.5500,2.5800,14797600
2022-08-09,2.5900,2.6100,2.4800,2.5500,14021000
2022-08-10,2.5700,2.7400,2.5700,2.6400,30300100
2022-08-11,2.7000,2.7000,2.5600,2.6100,30975200
2022-08-12,2.5800,2.7700,2.5700,2.7000,53057800
2022-08-15,2.6600,2.7900,2.6400,2.7400,36561800
2022-08-16,2.7400,2.7500,2.6400,2.6700,28131100
2022-08-17,2.6500,2.7900,2.6400,2.6500,36745000
2022-08-18,2.6700,2.6800,2.5500,2.5800,19610300
2022-08-19,2.5600,2.6300,2.5400,2.5900,30420200
2022-08-22,2.5600,2.5800,2.5200,2.5600,18211400
2022-08-23,2.5700,2.6000,2.5400,2.5800,19116200
2022-08-24,2.5700,2.6400,2.5300,2.5700,22969300
2022-08-25,2.6000,2.7000,2.5900,2.6700,18636000
2022-08-26,2.6900,2.7300,2.6100,2.6400,16280000
2022-08-29,2.6400,2.6700,2.5900,2.5900,18712400
2022-08-30,2.6000,2.6200,2.5000,2.5300,20423700
2022-08-31,2.5500,2.6000,2.4700,2.4800,34724500
2022-09-01,2.4800,2.5900,2.4700,2.5800,20577700
2022-09-02,2.5900,2.6100,2.5400,2.5700,25731100
2022-09-05,2.5800,2.6300,2.5500,2.6300,14054300
2022-09-06,2.5900,2.6100,2.5000,2.5600,19882200
2022-09-08,2.5800,2.6800,2.5400,2.6700,28052100
2022-09-09,2.7000,2.7700,2.6700,2.7100,24383900
2022-09-12,2.7300,2.8100,2.7300,2.7600,23781400
2022-09-13,2.7000,2.7800,2.6700,2.7300,19866200
2022-09-14,2.7700,2.8700,2.7300,2.8400,47683300
2022-09-15,2.8400,2.8900,2.7900,2.8200,26269900
2022-09-16,2.7800,2.7900,2.5600,2.5600,81854500
2022-09-19,2.5500,2.8400,2.5000,2.8100,79910800
2022-09-20,2.8000,2.8700,2.7300,2.7500,43724600
2022-09-21,2.7700,2.8100,2.7200,2.7400,41288300
2022-09-22,2.7900,3.0200,2.7800,2.9800,79403300
2022-09-23,2.9400,3.0300,2.8800,3.0100,38228800
2022-09-26,2.9800,3.0300,2.9200,2.9400,18504400
2022-09-27,2.8400,2.8500,2.7800,2.8200,44637900
2022-09-28,2.8200,3.0000,2.7800,2.9300,53953300
2022-09-29,2.8900,2.9200,2.8200,2.8500,43027400
2022-09-30,2.8400,2.9800,2.8000,2.9400,46024700
2022-10-03,2.9700,2.9700,2.7000,2.9300,89157700
2022-10-04,2.9900,3.0300,2.8800,2.9900,73593800
2022-10-05,3.0000,3.0800,2.8900,2.9200,60284400
2022-10-06,2.9400,3.1900,2.9400,3.1200,83926600
2022-10-07,3.1100,3.1700,3.0500,3.1100,42142500
2022-10-10,3.1400,3.1400,3.0500,3.1200,26623000
2022-10-11,3.1100,3.1600,3.0500,3.0800,35443400
2022-10-13,3.0600,3.1100,3.0100,3.0300,37564600
2022-10-14,3.0200,3.0600,2.8900,2.9300,47720500
2022-10-17,2.9700,2.9900,2.9200,2.9200,28353700
2022-10-18,2.9600,2.9800,2.8700,2.9800,34858100
2022-10-19,2.9600,3.0400,2.8900,2.9000,32380300
2022-10-20,2.9000,3.0100,2.8700,2.9000,46593800
2022-10-21,2.8900,2.9500,2.7500,2.9200,68205700
2022-10-24,2.8700,2.9200,2.8500,2.8800,26475900
2022-10-25,2.8800,3.1300,2.8700,2.9600,47287200
2022-10-26,3.0000,3.0200,2.8200,2.8300,39094700
2022-10-27,2.8900,3.0900,2.8900,3.0200,53087700
2022-10-28,3.0500,3.2500,3.0000,3.1800,59040400
2022-10-31,3.2900,3.4800,3.1500,3.2900,117740100
2022-11-01,3.2900,3.3900,3.2300,3.3100,59451200
2022-11-03,3.2500,3.3300,3.2400,3.2400,42091900
2022-11-04,3.2700,3.3200,3.2000,3.2100,45738600
2022-11-07,3.1800,3.2300,2.9300,2.9300,61714900
2022-11-08,2.9100,2.9500,2.8400,2.8800,45559200
2022-11-09,2.8800,2.9000,2.7600,2.8000,49385200
2022-11-10,2.7600,2.7700,2.5400,2.6400,67512400
2022-11-11,2.6300,2.7000,2.4500,2.4900,69171800
2022-11-14,2.5100,2.5500,2.4100,2.4600,39043500
2022-11-16,2.4400,2.4600,2.3500,2.4000,49345800
2022-11-17,2.3600,2.3800,2.2500,2.3500,56506000
2022-11-18,2.4000,2.4500,2.2500,2.2600,46267800
2022-11-21,2.2700,2.3400,2.2200,2.3100,31846900
2022-11-22,2.3000,2.3500,2.2400,2.3000,28581300
2022-11-23,2.2800,2.3200,2.2200,2.3000,38817600
2022-11-24,2.3100,2.3900,2.3000,2.3700,21878700
2022-11-25,2.3600,2.3700,2.2600,2.2800,20265700
2022-11-28,2.2700,2.2900,2.1600,2.1900,21897600
2022-11-29,2.1900,2.2700,2.1600,2.2500,19713800
2022-11-30,2.2700,2.2800,2.1700,2.2400,31050600
2022-12-01,2.2300,2.2400,2.1700,2.2000,29904400
2022-12-02,2.2100,2.2800,2.1800,2.2000,39133500
2022-12-05,2.1700,2.2000,2.1100,2.1200,29960300
2022-12-06,2.1300,2.1800,2.1100,2.1800,34511100
2022-12-07,2.1600,2.2400,2.1500,2.2000,35757400
2022-12-08,2.1900,2.1900,2.0800,2.1200,33759600
2022-12-09,2.1500,2.1700,2.0900,2.1000,34050500
2022-12-12,2.1000,2.1200,1.9700,2.0000,47962600
2022-12-13,2.0100,2.0500,1.9500,1.9700,43451200
2022-12-14,1.9700,2.1000,1.9000,2.0700,44332400
2022-12-15,2.0200,2.1300,2.0200,2.0600,32297100
2022-12-16,2.0800,2.1000,1.9500,1.9700,32992700
2022-12-19,1.9900,2.0800,1.9600,2.0500,21713200
2022-12-20,2.0300,2.1400,2.0100,2.1200,30298100
2022-12-21,2.1200,2.1600,2.0400,2.1300,22464600
2022-12-22,2.1300,2.1600,2.0700,2.1200,18744700
2022-12-23,2.1200,2.2000,2.1000,2.1700,21629400
2022-12-26,2.1800,2.1900,2.1100,2.1600,5967100
2022-12-27,2.1700,2.1700,2.0600,2.0600,16932500
2022-12-28,2.0700,2.1700,2.0600,2.1600,15476500
2022-12-29,2.1700,2.2000,2.0900,2.1200,20212700
2023-01-02,2.0900,2.1200,2.0300,2.0500,12941800
2023-01-03,2.0600,2.0800,1.9400,1.9500,34649800
2023-01-04,1.9800,2.0300,1.9200,2.0300,35252600
2023-01-05,2.0400,2.1000,2.0100,2.0500,39666700
2023-01-06,2.0600,2.1100,2.0200,2.0900,44494300
2023-01-09,2.0600,2.1700,2.0300,2.1100,36044500
2023-01-10,2.0900,2.2300,2.0600,2.2100,33942900
2023-01-11,2.2100,2.2400,2.1300,2.2400,39792600
2023-01-12,2.2200,2.3000,2.1700,2.2000,39415600
2023-01-13,2.1800,2.2100,2.1300,2.1400,21475400
2023-01-16,2.1300,2.1800,2.0700,2.0800,21897000
2023-01-17,2.0900,2.1500,2.0900,2.1200,19731000
2023-01-18,2.1500,2.1800,2.1300,2.1800,30624000
2023-01-19,2.1600,2.1900,2.0900,2.1600,48151400
2023-01-20,2.1600,2.1900,2.1200,2.1700,22348500
2023-01-23,2.1700,2.2100,2.1600,2.1600,16426400
2023-01-24,2.1700,2.2400,2.1600,2.2200,20761700
2023-01-25,2.2100,2.2600,2.1700,2.2300,20203100
2023-01-26,2.2400,2.2700,2.1900,2.2000,20343000
2023-01-27,2.1900,2.2100,2.1400,2.1600,18084200
2023-01-30,2.1900,2.2100,2.1400,2.1600,37256000
2023-01-31,2.1700,2.4300,2.1700,2.3800,58587900
2023-02-01,2.3800,2.4400,2.3200,2.3500,36148600
2023-02-02,2.3500,2.4300,2.3300,2.4000,34605900
2023-02-03,2.4000,2.4100,2.2100,2.2300,35366600
2023-02-06,2.2300,2.2700,2.1600,2.2200,23726800
2023-02-07,2.2300,2.2500,2.1600,2.2000,29652300
2023-02-08,2.2200,2.2500,2.1600,2.2300,21241500
2023-02-09,2.2400,2.2600,2.1600,2.1800,32229000
2023-02-10,2.1700,2.2000,2.1200,2.1600,28558700
2023-02-13,2.1700,2.1900,2.1200,2.1700,14554100
2023-02-14,2.1700,2.2000,2.1000,2.1300,24742000
2023-02-15,2.1300,2.2700,2.0900,2.1700,38125400
2023-02-16,2.1500,2.2400,2.1100,2.2000,25379100
2023-02-17,2.1900,2.2900,2.1700,2.2000,18404300
2023-02-22,2.1900,2.2200,2.1400,2.2200,15499700
2023-02-23,2.2200,2.2400,2.1500,2.1700,23101300
2023-02-24,2.1500,2.2100,2.1100,2.1200,12747700
2023-02-27,2.1400,2.1500,2.0600,2.0900,18010100
2023-02-28,2.0900,2.1100,2.0200,2.0200,24085300
2023-03-01,2.0400,2.0600,1.9700,2.0000,24199200
2023-03-02,2.0000,2.0300,1.9600,1.9600,16405300
2023-03-03,1.9700,2.0500,1.9700,1.9800,16017000
2023-03-06,1.9900,2.0300,1.9600,2.0100,17963300
2023-03-07,2.0100,2.0500,1.9800,2.0200,19682700
2023-03-08,2.0100,2.2900,2.0100,2.2000,50974900
2023-03-09,2.2000,2.3000,2.1700,2.2200,23159900
2023-03-10,2.2000,2.2200,2.1200,2.1300,32156900
2023-03-13,2.1000,2.2100,2.0700,2.1900,24766600
2023-03-14,2.1900,2.2300,2.1500,2.1800,16080800
2023-03-15,2.1500,2.2800,2.1300,2.2800,26072400
2023-03-16,2.2800,2.3200,2.2400,2.2600,22249900
2023-03-17,2.2400,2.2600,2.1700,2.2300,22254100
2023-03-20,2.2300,2.2600,2.1500,2.1600,14162800
2023-03-21,2.1800,2.2000,2.1000,2.1400,21056500
2023-03-22,2.1300,2.2200,2.1300,2.1400,15757200
2023-03-23,2.1400,2.1600,1.9800,2.0300,35279900
2023-03-24,2.1300,2.1500,1.8200,1.8500,100075600
2023-03-27,1.8600,1.8800,1.7600,1.8100,90120900
2023-03-28,1.8000,1.8400,1.7600,1.8100,28866900
2023-03-29,1.8200,1.8200,1.7200,1.7600,38609200
2023-03-30,1.7900,1.8400,1.7600,1.8200,54084100
2023-03-31,1.8900,1.9700,1.8400,1.8700,66272400
2023-04-03,1.8600,1.8700,1.8000,1.8000,38149800
2023-04-04,1.8100,1.8300,1.7500,1.7800,30166100
2023-04-05,1.8000,1.8200,1.7500,1.7900,17129500
2023-04-06,1.8000,1.8100,1.7600,1.7800,23931100
2023-04-10,1.7900,1.8000,1.7600,1.7700,20367800
2023-04-11,1.8000,1.9700,1.8000,1.9700,52517100
2023-04-12,1.9700,2.0500,1.9700,2.0000,40264000
2023-04-13,2.0000,2.1000,1.9900,2.0300,28337400
2023-04-14,2.0200,2.0800,1.9800,2.0200,24126400
2023-04-17,2.0300,2.0600,2.0000,2.0300,19180500
2023-04-18,2.0400,2.0500,1.9500,1.9800,21987900
2023-04-19,1.9500,1.9600,1.8900,1.9000,20584000
2023-04-20,1.8900,1.9400,1.8700,1.9300,22336900
2023-04-24,1.9400,1.9600,1.9100,1.9400,11907900
2023-04-25,1.9400,1.9600,1.8900,1.9500,21270000
2023-04-26,1.9400,1.9800,1.9200,1.9600,15695800
2023-04-27,1.9500,2.0100,1.9400,2.0000,19866200
2023-04-28,2.0100,2.0600,1.9900,2.0400,19515900
2023-05-02,2.0300,2.0600,1.9600,1.9600,14464000
2023-05-03,1.9500,1.9700,1.9000,1.9100,27024300
2023-05-04,1.9400,2.0000,1.9000,1.9900,34202600
2023-05-05,2.0000,2.1300,1.9700,2.1100,30602200
2023-05-08,2.1300,2.1700,2.0800,2.0900,25824300
2023-05-09,2.0800,2.2400,2.0800,2.1500,26807300
2023-05-10,2.1700,2.3200,2.1600,2.3000,56975900
2023-05-11,2.2900,2.3700,2.2400,2.3600,30475400
2023-05-12,2.6000,2.6600,2.4100,2.4100,65382400
2023-05-15,2.4200,2.4700,2.3800,2.4300,32918500
2023-05-16,2.4200,2.4500,2.3100,2.3300,47488100
2023-05-17,2.3400,2.5100,2.3300,2.4900,39444700
2023-05-18,2.4800,2.6200,2.4600,2.5700,31867800
2023-05-19,2.5800,2.6200,2.4700,2.4900,32814300
2023-05-22,2.5000,2.7200,2.5000,2.6700,42209600
2023-05-23,2.6800,2.7200,2.6200,2.6400,29951200
2023-05-24,2.6100,2.7300,2.5800,2.6600,37700500
2023-05-25,2.7300,2.8700,2.7300,2.7300,34625500
2023-05-26,2.7500,2.8000,2.6800,2.7600,24688300
2023-05-29,2.7700,2.9400,2.7500,2.8500,26642700
2023-05-30,2.8800,2.9200,2.8300,2.8600,36084800
2023-05-31,2.8200,2.9300,2.8100,2.8900,47954700
2023-06-01,2.9000,3.0300,2.8600,3.0100,31531000
2023-06-02,3.0500,3.1100,2.8900,2.9100,55108500
2023-06-05,2.9300,2.9800,2.8700,2.9600,24060700
2023-06-06,2.9800,3.1100,2.9700,3.0700,52092800
2023-06-07,3.1100,3.2000,3.0700,3.1100,33998100
2023-06-09,3.1500,3.2300,3.1300,3.1900,34029200
2023-06-12,3.2100,3.2800,3.1600,3.2300,18973200
2023-06-13,3.2600,3.2800,3.0600,3.0800,41336100
2023-06-14,3.0900,3.2200,3.0900,3.2100,32145800
2023-06-15,3.2100,3.2700,3.1700,3.2300,18553700
2023-06-16,3.2200,3.2700,3.1900,3.2200,26871100
2023-06-19,3.2200,3.3800,3.2000,3.3400,16696900
2023-06-20,3.3300,3.4500,3.3100,3.4300,21381700
2023-06-21,3.4200,3.4700,3.3600,3.3800,28283200
2023-06-22,3.3500,3.3700,3.1500,3.2500,34206300
2023-06-23,3.2600,3.2600,3.1200,3.2100,26910700
2023-06-26,3.2100,3.2100,3.0300,3.1100,32690900
2023-06-27,3.1500,3.1700,2.9700,3.0300,33241900
2023-06-28,3.0300,3.1800,3.0100,3.0900,23260200
2023-06-29,3.1100,3.3000,3.0900,3.2500,29861500
2023-06-30,3.3100,3.3300,3.2100,3.2600,29871700
2023-07-03,3.2800,3.3800,3.2300,3.2800,21358100
2023-07-04,3.2700,3.3200,3.2100,3.3000,20276900
2023-07-05,3.2900,3.4200,3.2600,3.3300,21237500
2023-07-06,3.2800,3.3100,3.1700,3.1900,23299500
2023-07-07,3.2200,3.3600,3.2000,3.3100,19499200
2023-07-10,3.3100,3.3300,3.2600,3.2800,11654200
2023-07-11,3.2700,3.2800,3.0900,3.2400,20212400
2023-07-12,3.3000,3.3200,3.1500,3.1700,13179100
2023-07-13,3.2300,3.3300,3.2000,3.2400,19980000
2023-07-14,3.2400,3.2400,3.1400,3.1800,14300800
2023-07-17,3.1000,3.2200,3.1000,3.1900,14790500
2023-07-18,3.1900,3.4600,3.1500,3.3100,33751900
2023-07-19,3.3200,3.4200,3.3000,3.3500,23059500
2023-07-20,3.3700,3.3900,3.2900,3.3400,20560600
2023-07-21,3.3600,3.4600,3.3400,3.4300,16529000
2023-07-24,3.4500,3.5600,3.4400,3.5200,22418800
2023-07-25,3.5500,3.6800,3.4100,3.4400,26568800
2023-07-26,3.4200,3.4400,3.3200,3.3800,16858000
2023-07-27,3.4000,3.4400,3.2500,3.2700,26808900
2023-07-28,3.3000,3.3700,3.2700,3.3600,10322600
2023-07-31,3.4000,3.4400,3.3000,3.3500,22636300
2023-08-01,3.3300,3.3600,3.2300,3.3200,20875000
2023-08-02,3.3100,3.4700,3.3000,3.4300,22582900
2023-08-03,3.5100,3.5400,3.3400,3.3600,16976800
2023-08-04,3.3700,3.4200,3.3000,3.3300,13980500
2023-08-07,3.3400,3.3600,3.2600,3.3200,14257200
2023-08-08,3.2800,3.4700,3.2400,3.4200,21751500
2023-08-09,3.4200,3.4300,3.2400,3.2600,21308300
2023-08-10,3.3500,3.4000,3.0700,3.3000,51018900
2023-08-11,3.3000,3.3800,3.2300,3.2800,21536900
2023-08-14,3.2700,3.3000,3.0400,3.0800,45592800
2023-08-15,3.0800,3.0900,2.9400,3.0500,31484800
2023-08-16,3.1700,3.2400,3.0900,3.1000,26270200
2023-08-17,3.1300,3.1800,3.0400,3.1000,27868200
2023-08-18,3.1000,3.1800,3.0700,3.1200,16439300
2023-08-21,3.1200,3.1200,3.0100,3.0800,19038300
2023-08-22,3.1100,3.2000,3.0800,3.1700,16423400
2023-08-23,3.1800,3.2300,3.1300,3.1800,16795900
2023-08-24,3.1700,3.2000,3.0900,3.1100,10491900
2023-08-25,3.1100,3.1200,2.9800,2.9900,17321700
2023-08-28,3.0200,3.0300,2.9100,2.9500,24102500
2023-08-29,2.9500,2.9700,2.8800,2.9700,20358200
2023-08-30,2.9700,3.0200,2.9300,2.9500,17019200
2023-08-31,2.9500,3.0000,2.9100,2.9200,21988200
2023-09-01,2.9500,3.0400,2.9500,3.0100,15458300
2023-09-04,3.0100,3.0300,2.9300,2.9400,11550700
2023-09-05,2.9200,2.9300,2.8500,2.8600,15612500
2023-09-06,2.8700,2.9600,2.8700,2.9000,20771800
2023-09-08,2.8800,2.8900,2.8100,2.8800,12488400
2023-09-11,2.8900,2.9200,2.8500,2.9000,14262000
2023-09-12,2.8900,2.9500,2.8700,2.8900,15966600
2023-09-13,2.8900,2.9600,2.8500,2.8800,21176500
2023-09-14,2.8900,2.8900,2.8300,2.8600,13597600
2023-09-15,2.8600,2.8700,2.7600,2.7600,23012700
2023-09-18,2.7400,2.8100,2.7200,2.8100,15575900
2023-09-19,2.8000,2.8000,2.7200,2.7400,15900700
2023-09-20,2.7500,2.8000,2.7200,2.7600,20945100
2023-09-21,2.7000,2.7100,2.6300,2.6400,23658500
2023-09-22,2.6600,2.6800,2.5700,2.6400,18266200
2023-09-25,2.5800,2.6500,2.5700,2.6200,18046400
2023-09-26,2.6000,2.6500,2.5500,2.5700,26669500
2023-09-27,2.5900,2.6300,2.4900,2.5400,30940900
2023-09-28,2.5400,2.6300,2.5100,2.6300,25339000
2023-09-29,2.7000,2.7400,2.6600,2.6600,24209300
2023-10-02,2.6400,2.6900,2.5700,2.6000,24828600
2023-10-03,2.5700,2.6300,2.5300,2.5400,19416200
2023-10-04,2.5300,2.6300,2.5200,2.6000,19084100
2023-10-05,2.6000,2.6400,2.5500,2.5800,12810000
2023-10-06,2.5500,2.5500,2.4300,2.4900,24749500
2023-10-09,2.4600,2.5100,2.4000,2.5100,18257900
2023-10-10,2.5300,2.6300,2.5100,2.6200,19788600
2023-10-11,2.6300,2.6600,2.6000,2.6200,12830100
2023-10-13,2.6000,2.6000,2.4900,2.5000,24791600
2023-10-16,2.5300,2.5700,2.5000,2.5200,10215800
2023-10-17,2.5000,2.5200,2.4100,2.4200,14412000
2023-10-18,2.4200,2.4400,2.3500,2.3900,16602000
2023-10-19,2.4000,2.4800,2.3800,2.3900,18134300
2023-10-20,2.3700,2.4500,2.3600,2.3900,19087000
2023-10-23,2.3700,2.5200,2.3700,2.4900,21825500
2023-10-24,2.5300,2.5600,2.4800,2.5300,25015700
2023-10-25,2.5200,2.5500,2.4400,2.4800,20119900
2023-10-26,2.5000,2.5600,2.4800,2.5400,21351000
2023-10-27,2.5300,2.5600,2.4300,2.4500,19022400
2023-10-30,2.4700,2.4800,2.3300,2.3800,21117500
2023-10-31,2.3900,2.4200,2.3400,2.4000,18148700
2023-11-01,2.4100,2.5000,2.3900,2.4800,18759900
2023-11-03,2.5500,2.6700,2.5500,2.6300,21677700
2023-11-06,2.6400,2.6500,2.4800,2.4800,19519100
2023-11-07,2.4800,2.6500,2.4800,2.6100,29458700
2023-11-08,2.6100,2.6900,2.5700,2.6200,24014800
2023-11-09,2.7100,2.9000,2.6600,2.7200,62772700
2023-11-10,2.7300,2.9000,2.7300,2.8300,35836500
2023-11-13,2.8400,2.8600,2.7500,2.8000,19567000
2023-11-14,2.8100,2.9700,2.7900,2.9000,36259800
2023-11-16,2.8800,3.1200,2.8800,3.1100,32285100
2023-11-17,3.1100,3.1300,2.9900,3.0100,31823600
2023-11-20,3.0100,3.0600,2.9700,3.0200,16145500
2023-11-21,2.9900,3.0400,2.9500,3.0100,18738700
2023-11-22,3.0200,3.0600,2.9600,2.9800,36044000
2023-11-23,3.0000,3.0700,2.9800,3.0100,15782800
2023-11-24,2.9900,3.0200,2.9200,2.9200,12381600
2023-11-27,2.9400,3.1300,2.9400,3.1300,26700000
2023-11-28,3.1200,3.1900,3.0900,3.1800,23049700
2023-11-29,3.1800,3.2300,3.1300,3.1300,23002500
2023-11-30,3.1800,3.2600,3.1700,3.2300,25019400
2023-12-01,3.1900,3.2900,3.1500,3.2900,29232600
2023-12-04,3.2600,3.2800,3.1800,3.2000,15009000
2023-12-05,3.2400,3.3100,3.2100,3.2600,20414400
2023-12-06,3.3000,3.3000,3.2100,3.2300,20653000
2023-12-07,3.2500,3.4000,3.2200,3.3000,19098100
2023-12-08,3.3200,3.3400,3.2100,3.3300,20469500
2023-12-11,3.3100,3.3600,3.1700,3.2200,26372700
2023-12-12,3.2500,3.2700,3.1700,3.2300,28593300
2023-12-13,3.2500,3.4000,3.2400,3.3700,25751300
2023-12-14,3.3900,3.4900,3.3600,3.4300,30474100
2023-12-15,3.4300,3.4800,3.3900,3.4800,27468900
2023-12-18,3.4600,3.5000,3.4200,3.5000,21489600
2023-12-19,3.5100,3.5600,3.4300,3.4500,19612200
2023-12-20,3.4400,3.4900,3.4000,3.4300,20929300
2023-12-21,3.4600,3.4800,3.4000,3.4200,12984000
2023-12-22,3.4300,3.4800,3.3200,3.4800,21472400
2023-12-26,3.4700,3.4800,3.4000,3.4400,11772200
2023-12-27,3.4300,3.5000,3.4100,3.4800,15130300
2023-12-28,3.4500,3.5200,3.4400,3.4900,14615200
2024-01-02,3.4800,3.4800,3.3600,3.3600,24095200
2024-01-03,3.3500,3.3900,3.2900,3.3700,19101700
2024-01-04,3.3600,3.3600,3.2200,3.2500,27099300
2024-01-05,3.2600,3.4000,3.2100,3.3400,24209100
2024-01-08,3.3100,3.4200,3.3000,3.3700,15626600
2024-01-09,3.3400,3.4000,3.3200,3.3300,18562200
2024-01-10,3.3300,3.3800,3.2800,3.3200,18109500
2024-01-11,3.3200,3.3200,3.2400,3.3000,25274800
2024-01-12,3.3000,3.3900,3.2600,3.3200,12547300
2024-01-15,3.3100,3.3600,3.2900,3.3400,7501900
2024-01-16,3.3100,3.3200,3.1800,3.2000,27262200
2024-01-17,3.2000,3.2400,3.1400,3.2300,25342900
2024-01-18,3.2500,3.2700,3.1700,3.1800,20379100
2024-01-19,3.2000,3.2200,3.1100,3.1900,19602300
2024-01-22,3.2000,3.2400,3.0300,3.0600,21234200
2024-01-23,3.0900,3.1300,3.0500,3.1100,14881000
2024-01-24,3.1300,3.1600,3.0300,3.0500,15063300
2024-01-25,3.0800,3.0900,3.0200,3.0400,18441900
2024-01-26,3.0400,3.0600,2.9700,3.0300,18594700
2024-01-29,3.0100,3.0300,2.9400,2.9400,20167900
2024-01-30,2.9300,2.9400,2.8500,2.8900,21170700
2024-01-31,2.9100,3.0300,2.9000,2.9200,30685300
2024-02-01,2.9200,2.9400,2.8300,2.8800,38217400
2024-02-02,2.8600,2.8900,2.5100,2.6800,118084700
2024-02-05,2.6400,2.6500,2.4300,2.5100,80879700
2024-02-06,2.5200,2.5600,2.5000,2.5400,40890000
2024-02-07,2.5300,2.5500,2.4300,2.5000,61793500
2024-02-08,2.4900,2.5000,2.4300,2.4500,46204200
2024-02-09,2.4600,2.5300,2.4000,2.4000,36084400
2024-02-14,2.3900,2.4000,2.3300,2.3500,27888900
2024-02-15,2.3600,2.4200,2.3400,2.3700,57043500
2024-02-16,2.3900,2.5000,2.3900,2.4200,39428700
2024-02-19,2.4100,2.5100,2.4100,2.4800,27822500
2024-02-20,2.4600,2.5400,2.4600,2.5000,18098900
2024-02-21,2.5000,2.5100,2.4300,2.5000,34413800
2024-02-22,2.5200,2.5500,2.4400,2.4400,29438000
2024-02-23,2.4600,2.4600,2.3400,2.3600,28868500
2024-02-26,2.3600,2.4100,2.3600,2.3800,16307200
2024-02-27,2.4100,2.5500,2.4100,2.5500,42183400
2024-02-28,2.5200,2.5700,2.5000,2.5300,16136200
2024-02-29,2.5200,2.5800,2.4900,2.5200,22047000
2024-03-01,2.5300,2.6100,2.5300,2.6000,22479200
2024-03-04,2.6100,2.6500,2.5500,2.5800,25014800
2024-03-05,2.6800,2.7800,2.6700,2.7200,37415400
2024-03-06,2.7500,2.7700,2.7000,2.7100,26831000
2024-03-07,2.7100,2.7500,2.6900,2.7200,19321300
2024-03-08,2.6900,2.7000,2.6300,2.6700,26512400
2024-03-11,2.6500,2.7200,2.6400,2.6900,17948200
2024-03-12,2.7200,2.8100,2.6800,2.7900,23635200
2024-03-13,2.7700,2.8900,2.7500,2.8700,21046000
2024-03-14,2.8700,2.8800,2.8100,2.8100,20035800
2024-03-15,2.8000,2.8300,2.4800,2.4800,73880200
2024-03-18,2.5400,2.6700,2.5300,2.5900,32370400
2024-03-19,2.6100,2.6400,2.5500,2.6000,27057000
2024-03-20,2.5900,2.6900,2.5600,2.6900,40440900
2024-03-21,2.5900,2.6000,2.3500,2.3700,90221600
2024-03-22,2.3800,2.4800,2.3300,2.4500,77925100
2024-03-25,2.4700,2.5300,2.4200,2.4200,24736500
2024-03-26,2.4100,2.4300,2.3800,2.4000,19207000
2024-03-27,2.4000,2.4100,2.3400,2.3800,24618400
2024-03-28,2.3800,2.4400,2.3500,2.3600,24595900
2024-04-01,2.3800,2.4600,2.3600,2.3600,21089000
2024-04-02,2.3800,2.3900,2.3200,2.3500,21876700
2024-04-03,2.3500,2.3600,2.2000,2.2200,51321200
2024-04-04,2.2300,2.3200,2.2200,2.2500,29008700
2024-04-05,2.2500,2.2600,2.2100,2.2400,20346600
2024-04-08,2.2500,2.3000,2.2300,2.2900,15731600
2024-04-09,2.3200,2.3900,2.2700,2.3500,24652500
2024-04-10,2.3500,2.3700,2.3100,2.3300,27340100
2024-04-11,2.3200,2.3400,2.2600,2.2900,25538800
2024-04-12,2.2800,2.2900,2.1900,2.1900,37635000
2024-04-15,2.1900,2.1900,2.0600,2.1000,35911000
2024-04-16,2.0800,2.0900,2.0200,2.0400,40472200
2024-04-17,2.0700,2.0900,1.9700,1.9900,37859500
2024-04-18,2.0000,2.0200,1.9200,1.9400,48284700
2024-04-19,1.9600,2.0200,1.9000,1.9700,46132900
2024-04-22,1.9800,2.0000,1.9300,2.0000,40671000
2024-04-23,1.9900,2.0100,1.9300,2.0100,36565800
2024-04-24,2.0400,2.0900,1.9600,2.0000,39206700
2024-04-25,2.0700,2.2300,2.0300,2.1500,69269600
2024-04-26,2.2000,2.2200,2.1400,2.1700,25299400
2024-04-29,2.1600,2.2600,2.1500,2.2500,27519700
2024-04-30,2.2300,2.2400,2.1600,2.1700,37111600
2024-05-02,2.2100,2.2900,2.2100,2.2300,22911800
2024-05-03,2.3000,2.3800,2.3000,2.3000,39942700
2024-05-06,2.2900,2.3600,2.2800,2.3000,17838100
2024-05-07,2.2800,2.3400,2.2700,2.2900,16136400
2024-05-08,2.2700,2.3100,2.2400,2.3000,25363700
2024-05-09,2.1000,2.2200,1.9400,2.1700,139044600
2024-05-10,2.1700,2.1900,2.0400,2.0700,35940300
2024-05-13,2.0600,2.0700,1.9900,2.0300,29833600
2024-05-14,2.0500,2.1000,2.0400,2.0500,24462300
2024-05-15,2.0500,2.1100,2.0500,2.0800,20532100
2024-05-16,2.1000,2.1100,2.0400,2.0700,24276500
2024-05-17,2.0600,2.0800,2.0400,2.0400,13125800
2024-05-20,2.0400,2.0800,2.0100,2.0500,30447800
2024-05-21,2.0500,2.0900,2.0400,2.0500,24218100
2024-05-22,2.0300,2.0500,2.0100,2.0100,24238000
2024-05-23,2.0200,2.0300,1.9700,2.0000,22783200
2024-05-24,2.0000,2.0200,1.9600,1.9600,13198400
2024-05-27,1.9700,1.9800,1.9300,1.9400,18962700
2024-05-28,1.9800,1.9900,1.9000,1.9000,40017000
2024-05-29,1.9000,1.9300,1.8700,1.9000,29263000
2024-05-31,1.9100,1.9200,1.8600,1.8600,33306100
2024-06-03,1.8600,1.9300,1.8500,1.8800,23297900
2024-06-04,1.8800,1.9200,1.8500,1.8800,23025600
2024-06-05,1.8800,1.9300,1.8100,1.8100,40903700
2024-06-06,1.8400,1.9400,1.8300,1.9000,41494600
2024-06-07,1.8800,1.8900,1.8000,1.8000,34048100
2024-06-10,1.8100,1.8100,1.7500,1.7900,28341300
2024-06-11,1.7900,1.8300,1.7800,1.8200,25902300
2024-06-12,1.8400,1.8600,1.6900,1.6900,67491400
2024-06-13,1.7000,1.7100,1.6400,1.6600,57829800
2024-06-14,1.6600,1.6800,1.6300,1.6700,37032700
2024-06-17,1.6700,1.6900,1.6100,1.6200,26300400
2024-06-18,1.6100,1.6600,1.6100,1.6400,26189700
2024-06-19,1.6400,1.6500,1.6000,1.6400,20556600
2024-06-20,1.6500,1.7000,1.6100,1.6200,43821200
2024-06-21,1.6100,1.7400,1.5800,1.7400,55915600
2024-06-24,1.7500,1.7900,1.7200,1.7800,33457400
2024-06-25,1.7600,1.8400,1.7600,1.7700,40865000
2024-06-26,1.7400,1.7900,1.7100,1.7700,34934000
2024-06-27,1.7700,1.8800,1.7500,1.8800,45315700
2024-06-28,1.8600,1.8900,1.7700,1.7700,45202000
2024-07-01,1.7800,1.8400,1.7600,1.7900,37318800
2024-07-02,1.7700,1.7700,1.6500,1.6600,55554900
2024-07-03,1.6800,1.7700,1.6700,1.7600,40898300
2024-07-04,1.8000,1.8600,1.7900,1.8400,22788800
2024-07-05,1.8300,1.8700,1.8000,1.8700,30106100
2024-07-08,1.8600,1.8800,1.8300,1.8400,15206900
2024-07-09,1.8400,1.8800,1.8200,1.8800,19943900
2024-07-10,1.9000,1.9700,1.8500,1.8500,24561000
2024-07-11,1.8700,1.9200,1.8500,1.9000,22407300
2024-07-12,1.9000,1.9100,1.8700,1.8900,16091400
2024-07-15,1.8800,1.9300,1.8600,1.9300,20365400
2024-07-16,1.9200,1.9400,1.8500,1.8500,24945800
2024-07-17,1.8500,1.8600,1.8000,1.8100,18647200
2024-07-18,1.8000,1.8100,1.7100,1.7200,33771900
2024-07-19,1.7400,1.7500,1.6700,1.6700,32802900
2024-07-22,1.6800,1.7100,1.6700,1.6900,18322000
2024-07-23,1.6800,1.6900,1.6300,1.6400,27755100
2024-07-24,1.6300,1.6400,1.5500,1.5800,32887100
2024-07-25,1.5600,1.6000,1.5500,1.5700,38626500
2024-07-26,1.5800,1.6300,1.5500,1.5800,29351700
2024-07-29,1.5800,1.6100,1.5400,1.5600,17593300
2024-07-30,1.5400,1.5600,1.5000,1.5100,24438900
2024-07-31,1.5200,1.5500,1.5100,1.5200,42303900
2024-08-01,1.5300,1.5600,1.4600,1.4600,40741900
2024-08-02,1.4600,1.5100,1.4600,1.5000,33405900
2024-08-05,1.4400,1.5300,1.4200,1.5000,29992500
2024-08-06,1.5000,1.5400,1.4500,1.4600,33478000
2024-08-07,1.4800,1.5700,1.4800,1.5400,31807300
2024-08-08,1.5700,1.6200,1.5100,1.5300,57050400
2024-08-09,1.5500,1.5800,1.5100,1.5200,46924300
2024-08-12,1.5300,1.5600,1.4800,1.4800,53372000
2024-08-13,1.4800,1.5100,1.4200,1.4200,43599500
2024-08-14,1.4300,1.4500,1.3900,1.3900,64946600
2024-08-15,1.4000,1.4400,1.3800,1.3900,91635100
2024-08-16,1.4100,1.4200,1.3200,1.3300,65379900
2024-08-19,1.3400,1.5000,1.3400,1.4700,84420500
2024-08-20,1.4900,1.5000,1.4200,1.4200,41508500
2024-08-21,1.4400,1.4600,1.3600,1.3900,58362800
2024-08-22,1.3800,1.3900,1.3300,1.3300,32994300
2024-08-23,1.3400,1.4300,1.3300,1.4300,50279500
2024-08-26,1.4400,1.4500,1.4100,1.4500,30564800
2024-08-27,1.4400,1.4500,1.4100,1.4300,24817300
2024-08-28,1.4100,1.4200,1.3800,1.4000,29661300
2024-08-29,1.4100,1.4100,1.3800,1.4000,25090600
2024-08-30,1.3900,1.4300,1.3600,1.3700,45027500
2024-09-02,1.3700,1.3800,1.3400,1.3600,20676200
2024-09-03,1.3700,1.4200,1.3500,1.3500,34718000
2024-09-04,1.3700,1.4200,1.3600,1.3900,36340100
2024-09-05,1.3800,1.4200,1.3600,1.4100,32053100
2024-09-06,1.4100,1.4400,1.3900,1.3900,43765600
2024-09-09,1.3900,1.4000,1.3600,1.3700,23426800
2024-09-10,1.3600,1.3600,1.3400,1.3400,24129500
2024-09-11,1.3500,1.4400,1.3300,1.4300,50546000
2024-09-12,1.4400,1.4600,1.4000,1.4000,22254400
2024-09-13,1.4000,1.5000,1.4000,1.4700,32696500
2024-09-16,1.4700,1.4900,1.4500,1.4500,13511700
2024-09-17,1.4400,1.4900,1.4200,1.4900,18272600
2024-09-18,1.4700,1.5300,1.4400,1.4400,43373600
2024-09-19,1.4600,1.5000,1.4000,1.4100,32224600
2024-09-20,1.4200,1.4300,1.3200,1.3200,51547000
2024-09-23,1.3300,1.3400,1.2900,1.2900,55059000
2024-09-24,1.3200,1.3300,1.2900,1.3200,27833000
2024-09-25,1.3300,1.3300,1.2400,1.2500,57006700
2024-09-26,1.3200,1.4000,1.3000,1.3400,77134700
2024-09-27,1.3200,1.3700,1.3100,1.3300,29848500
2024-09-30,1.3400,1.3400,1.2700,1.2800,31670500
2024-10-01,1.2900,1.3200,1.2700,1.2800,36736200
2024-10-02,1.3000,1.3300,1.2600,1.2700,30400300
2024-10-03,1.2700,1.2800,1.2200,1.2300,35623800
2024-10-04,1.2400,1.2700,1.2300,1.2600,24755200
2024-10-07,1.2700,1.3000,1.2400,1.2600,37359800
2024-10-08,1.3700,1.4400,1.3600,1.4200,88671200
2024-10-09,1.4000,1.4000,1.3200,1.3300,52963800
2024-10-10,1.3300,1.3400,1.2900,1.3200,44435200
2024-10-11,1.3200,1.3400,1.2900,1.3300,27365000
2024-10-14,1.3200,1.3800,1.3000,1.3500,53573600
2024-10-15,1.3600,1.3800,1.3400,1.3500,23243000
2024-10-16,1.3600,1.4100,1.3400,1.3900,32526800
2024-10-17,1.3700,1.3800,1.3500,1.3700,17867000
2024-10-18,1.3800,1.3900,1.3400,1.3500,23822500
2024-10-21,1.3500,1.3900,1.3500,1.3800,23067500
2024-10-22,1.3700,1.4100,1.3600,1.3600,21054900
2024-10-23,1.3600,1.4300,1.3500,1.4200,30668500
2024-10-24,1.4100,1.5200,1.3900,1.4800,47762600
2024-10-25,1.4800,1.5100,1.4200,1.4300,32231700
2024-10-28,1.4500,1.4800,1.4400,1.4500,22978400
2024-10-29,1.4600,1.4700,1.4100,1.4200,14797300
2024-10-30,1.4200,1.5000,1.4100,1.4600,25852100
2024-10-31,1.4600,1.4800,1.4100,1.4100,25680100
2024-11-01,1.4200,1.4300,1.3500,1.3600,36029500
2024-11-04,1.4000,1.5200,1.3900,1.5100,63677300
2024-11-05,1.5000,1.5400,1.4400,1.5100,62315300
2024-11-06,1.4700,1.5400,1.4500,1.5300,52025200
2024-11-07,1.5300,1.5500,1.4200,1.4200,42946700
2024-11-08,1.4200,1.5000,1.3400,1.3600,109405800
2024-11-11,1.3600,1.4900,1.3500,1.4800,44075600
2024-11-12,1.4700,1.4900,1.4000,1.4000,32012000
2024-11-13,1.4000,1.4200,1.3600,1.4100,36191000
2024-11-14,1.4000,1.4300,1.3500,1.3500,44609900
2024-11-18,1.3500,1.3900,1.3400,1.3700,40083200
2024-11-19,1.3700,1.3900,1.3500,1.3700,28974800
2024-11-21,1.3600,1.3600,1.3100,1.3200,47190600
2024-11-22,1.3400,1.3900,1.3200,1.3900,35297800
2024-11-25,1.4000,1.4400,1.3800,1.4400,36611100
2024-11-26,1.4300,1.5100,1.4200,1.4700,57045100
2024-11-27,1.4800,1.5000,1.3900,1.3900,43100700
2024-11-28,1.3900,1.4000,1.2800,1.2900,71529600
2024-11-29,1.2900,1.3100,1.2500,1.2900,62500800
2024-12-02,1.2900,1.3100,1.2500,1.2500,46867900
2024-12-03,1.2700,1.3100,1.2600,1.2900,33550000
2024-12-04,1.2800,1.3300,1.2600,1.2600,50451100
2024-12-05,1.2900,1.3500,1.2700,1.2800,50925600
2024-12-06,1.2800,1.3000,1.2000,1.2000,57948400
2024-12-09,1.2200,1.2300,1.1200,1.1500,63669600
2024-12-10,1.1800,1.2200,1.1400,1.2000,54326200
2024-12-11,1.2000,1.3100,1.1800,1.2700,51873800
2024-12-12,1.2300,1.2500,1.1500,1.1700,39389300
2024-12-13,1.1600,1.1800,1.1200,1.1200,35845200
2024-12-16,1.1200,1.1300,1.0700,1.0700,40702200
2024-12-17,1.0800,1.1300,1.0400,1.0900,80643600
2024-12-18,1.0800,1.1000,0.9800,0.9900,72941100
2024-12-19,1.0000,1.0600,0.9800,1.0500,71825100
2024-12-20,1.0500,1.1500,1.0400,1.0900,75233200
2024-12-23,1.0800,1.0900,1.0500,1.0700,25265700
2024-12-26,1.0700,1.1000,1.0500,1.0500,26724600
2024-12-27,1.0700,1.0800,1.0300,1.0600,28205800
2024-12-30,1.0700,1.1100,1.0600,1.0900,27845600
2025-01-02,1.0900,1.1100,1.0700,1.0800,21450800
2025-01-03,1.0800,1.1100,1.0700,1.0800,24988000
2025-01-06,1.1000,1.1600,1.0900,1.1400,34459700
2025-01-07,1.1500,1.1900,1.1300,1.1600,48933100
2025-01-08,1.1400,1.1900,1.1300,1.1700,25594400
2025-01-09,1.1700,1.1800,1.1400,1.1600,15411000
2025-01-10,1.1600,1.1800,1.1300,1.1800,21397000
2025-01-13,1.1700,1.1900,1.1400,1.1400,17442600
2025-01-14,1.1500,1.1600,1.1200,1.1500,19510800
2025-01-15,1.1600,1.2500,1.1500,1.2400,44320200
2025-01-16,1.2300,1.2500,1.2200,1.2300,23403200
2025-01-17,1.2800,1.2900,1.2200,1.2500,41057900
2025-01-20,1.2300,1.3000,1.2200,1.2700,23621100
2025-01-21,1.2700,1.3000,1.2600,1.2800,18073800
2025-01-22,1.2900,1.3100,1.2700,1.2900,22332900
2025-01-23,1.3000,1.3200,1.2800,1.3200,28479700
2025-01-24,1.3200,1.4100,1.3100,1.3700,85816000
2025-01-27,1.3400,1.4100,1.2900,1.4000,61812300
2025-01-28,1.3900,1.4000,1.3200,1.3300,30181400
2025-01-29,1.3300,1.3600,1.3000,1.3400,37316400
2025-01-30,1.3500,1.4100,1.3400,1.3900,43961000
2025-01-31,1.3900,1.4200,1.3800,1.4100,39924000
2025-02-03,1.4000,1.4300,1.3700,1.4000,31884500
2025-02-04,1.3900,1.4000,1.3400,1.3800,45029300
2025-02-05,1.3800,1.4100,1.3400,1.4000,40530500
2025-02-06,1.3900,1.5300,1.3800,1.5000,62327700
2025-02-07,1.5100,1.5300,1.4700,1.5200,50253200
2025-02-10,1.5300,1.6400,1.5200,1.6100,59840500
2025-02-11,1.6200,1.6500,1.5900,1.6500,44826000
2025-02-12,1.6300,1.6800,1.6100,1.6200,77267800
2025-02-13,1.6300,1.6500,1.5400,1.6100,57930700
2025-02-14,1.6300,1.7000,1.6200,1.7000,51594000
2025-02-17,1.7100,1.8000,1.7000,1.7500,44579600
2025-02-18,1.7400,1.7900,1.6900,1.7500,67192900
2025-02-19,1.7200,1.7400,1.6700,1.6900,43702000
2025-02-20,1.7000,1.7200,1.6600,1.7000,35003800
2025-02-21,1.6900,1.7400,1.6800,1.7000,30277000
2025-02-24,1.7200,1.7300,1.6300,1.6600,37945600
2025-02-25,1.6500,1.6700,1.5700,1.5900,47453300
2025-02-26,1.6200,1.6200,1.5400,1.5600,35612300
2025-02-27,1.5600,1.5900,1.5400,1.5500,31265500
2025-02-28,1.5400,1.6200,1.5100,1.5200,104972500
2025-03-05,1.5100,1.5900,1.4900,1.5600,25554800
2025-03-06,1.5700,1.6500,1.5500,1.5700,47585600
2025-03-07,1.5600,1.6700,1.5500,1.6500,36134200
2025-03-10,1.6300,1.7100,1.6300,1.6500,50198700
2025-03-11,1.7100,1.7600,1.6100,1.6500,47997200
2025-03-12,1.6500,1.7800,1.6500,1.7200,46499100
2025-03-13,1.8400,1.8700,1.6100,1.6100,154407600
2025-03-14,1.6300,1.7600,1.6200,1.7500,102081900
2025-03-17,1.7600,1.7800,1.7100,1.7600,40162400
2025-03-18,1.7400,1.8400,1.7400,1.8300,55635800
2025-03-19,1.8300,1.9300,1.8200,1.9000,58590200
2025-03-20,1.8800,1.9300,1.8700,1.8900,34125100
2025-03-21,1.8800,1.9100,1.8400,1.8800,29981000
2025-03-24,1.8900,1.9000,1.7700,1.8400,31530700
2025-03-25,1.8500,1.9800,1.8400,1.9300,40946400
2025-03-26,1.9400,1.9800,1.9100,1.9400,32348200
2025-03-27,1.9600,2.1000,1.9400,2.0400,56716900
2025-03-28,2.0300,2.1500,2.0100,2.1200,63030500
2025-03-31,2.1100,2.1300,2.0400,2.0900,57729600
2025-04-01,2.0900,2.1800,2.0700,2.1600,51210400
2025-04-02,2.1500,2.1900,2.0400,2.0900,77246000
2025-04-03,2.0700,2.2200,2.0700,2.1800,77999600
2025-04-04,2.1100,2.1100,2.0100,2.0600,63292200
2025-04-07,1.9800,2.0900,1.9300,2.0300,95366500
2025-04-08,2.0700,2.0900,1.9900,2.0100,69049900
2025-04-09,1.9800,2.2800,1.9700,2.2500,113136000
2025-04-10,2.2400,2.2900,2.2100,2.2400,74387400
2025-04-11,2.2600,2.2900,2.2100,2.2500,57266800
2025-04-14,2.2700,2.3300,2.2600,2.2900,51628300
2025-04-15,2.3000,2.3700,2.2900,2.3500,53925300
2025-04-16,2.3300,2.4000,2.3200,2.3200,51905100
2025-04-17,2.2600,2.4800,2.1500,2.4500,111753600
2025-04-22,2.4500,2.6200,2.4000,2.6000,60059100
2025-04-23,2.6600,2.6600,2.3600,2.3900,108883400
2025-04-24,2.3800,2.5700,2.3700,2.5200,67304100
2025-04-25,2.5300,2.5600,2.4800,2.5000,37935400
2025-04-28,2.5100,2.5800,2.5100,2.5300,42015700
2025-04-29,2.4500,2.6300,2.4500,2.5600,46418000
2025-04-30,2.5500,2.6300,2.5300,2.5800,41720300
2025-05-02,2.5900,2.6200,2.5500,2.6100,41083200
2025-05-05,2.6900,2.8800,2.6900,2.8400,74423300
2025-05-06,2.8600,2.9600,2.8500,2.9000,52733100
2025-05-07,2.9200,2.9800,2.7600,2.8800,63304100
2025-05-08,2.9100,3.0800,2.8700,3.0300,45909100
2025-05-09,3.0300,3.0600,2.8500,2.9700,69490700
2025-05-12,3.0100,3.0500,2.8800,2.9900,45233800
2025-05-13,3.0100,3.0300,2.8800,2.9600,50776300
2025-05-14,2.9400,3.0800,2.9400,2.9900,57563100
2025-05-15,3.0000,3.1300,2.9900,3.1100,53091800
2025-05-16,3.0800,3.1900,3.0700,3.1500,32986200
2025-05-19,3.1100,3.1600,3.0600,3.0800,44875500
2025-05-20,3.0900,3.0900,2.7800,2.8400,92981600
2025-05-21,2.7900,2.8600,2.6600,2.7900,77085500
2025-05-22,2.7900,2.9500,2.7800,2.8600,49550900
2025-05-23,2.8300,2.9100,2.7600,2.9000,41705900
2025-05-26,2.9200,2.9400,2.8100,2.8500,33351100
2025-05-27,2.8800,2.9900,2.8400,2.8900,34979300
2025-05-28,2.8900,2.9300,2.8400,2.8900,31233600
2025-05-29,2.8800,2.9100,2.8400,2.8900,29091900
2025-05-30,2.9100,2.9700,2.8900,2.9700,100987800
2025-06-02,3.0000,3.0500,2.9200,2.9800,28917700
2025-06-03,2.9800,3.0700,2.9700,3.0100,35520900
2025-06-04,3.0400,3.1500,3.0300,3.1500,46589200
2025-06-05,3.1400,3.1600,3.0100,3.0300,38098100
2025-06-06,3.0400,3.0800,2.8300,2.9100,56057500
2025-06-09,2.9100,2.9700,2.8900,2.9700,25479900
2025-06-10,3.0000,3.0300,2.9600,3.0200,23937300
2025-06-11,3.0100,3.0200,2.8900,2.9600,42691500
2025-06-12,2.9500,2.9600,2.8500,2.8800,29559700
2025-06-13,2.8400,2.8500,2.7500,2.7900,50961200
2025-06-16,2.8600,2.9200,2.8200,2.9200,28806800
2025-06-17,2.9100,3.0100,2.8700,2.9700,38448400
2025-06-18,2.9600,2.9600,2.8700,2.8800,34115600
2025-06-20,2.8700,2.9000,2.7900,2.8200,29022100
2025-06-23,2.8000,2.8300,2.7600,2.8000,24829200
2025-06-24,2.8500,2.9200,2.7900,2.8200,30508100
2025-06-25,2.8000,2.8400,2.7700,2.8200,24297600
2025-06-26,2.8300,2.8500,2.7000,2.7800,40582800
2025-06-27,2.7900,2.8400,2.7400,2.7900,30259100
2025-06-30,2.7900,2.8100,2.7500,2.8100,20581700
2025-07-01,2.8000,2.8500,2.7900,2.8500,21941300
2025-07-02,2.8600,2.9000,2.8200,2.8500,29005000
2025-07-03,2.8500,2.9200,2.8500,2.9200,23357100
2025-07-04,2.9100,2.9700,2.8600,2.9100,23142200
2025-07-07,2.9300,2.9300,2.8200,2.8600,32477500
2025-07-08,2.8700,2.9100,2.8200,2.8400,22521200
2025-07-09,2.8300,2.9100,2.7400,2.7600,30995300
2025-07-10,2.7100,2.7800,2.6900,2.7600,21879400
2025-07-11,2.7500,2.7600,2.5900,2.6500,53264700
2025-07-14,2.6200,2.7100,2.5900,2.6800,46325900
2025-07-15,2.7000,2.7400,2.6200,2.7100,30269400
2025-07-16,2.7000,2.7200,2.6300,2.7100,21247100
2025-07-17,2.7100,2.7500,2.6800,2.7300,26769900
2025-07-18,2.7000,2.7100,2.5600,2.5900,28879200
2025-07-21,2.6000,2.6500,2.5600,2.5900,25214700
2025-07-22,2.5900,2.6200,2.4900,2.5700,35924000
2025-07-23,2.5700,2.6900,2.5600,2.6400,28410800
2025-07-24,2.6100,2.6400,2.5800,2.6300,21996400
2025-07-25,2.6300,2.7000,2.6000,2.6600,20722400
2025-07-28,2.6700,2.7300,2.6200,2.6200,21196700
2025-07-29,2.6200,2.6600,2.6000,2.6600,26891800
2025-07-30,2.6600,2.8000,2.6300,2.7700,27935100
2025-07-31,2.7300,2.8000,2.6700,2.7600,26673100
2025-08-01,2.8000,2.8000,2.7400,2.7700,19355400
2025-08-04,2.8000,2.8000,2.6900,2.7300,19808700
2025-08-05,2.7400,2.8000,2.7000,2.7700,17871500
2025-08-06,2.7300,2.8400,2.6500,2.8200,58639900
2025-08-07,2.8600,2.9900,2.8000,2.9700,92458400
2025-08-08,2.9700,3.1700,2.9500,3.0700,58599800
2025-08-11,3.1200,3.1200,2.9100,2.9600,34614500
2025-08-12,2.9800,3.0000,2.9300,2.9900,25944900
2025-08-13,2.9700,2.9800,2.8600,2.8700,40817300
2025-08-14,2.8400,2.8800,2.7900,2.8700,37953700
2025-08-15,2.8700,2.9000,2.8200,2.8300,17536000
2025-08-18,2.8300,2.9500,2.8200,2.9300,21043700
2025-08-19,2.9100,2.9100,2.7800,2.7900,29718800
2025-08-20,2.8100,2.8200,2.7700,2.7700,13344100
2025-08-21,2.7500,2.7700,2.7000,2.7200,27908700
2025-08-22,2.7400,2.9700,2.7300,2.9300,37694500
2025-08-25,2.9300,3.0100,2.9300,2.9700,19447300
2025-08-26,2.9600,2.9700,2.8900,2.9100,14956500
2025-08-27,2.9000,2.9300,2.8300,2.9100,28159500
2025-08-28,2.9400,2.9800,2.9000,2.9200,37007700
2025-08-29,2.9300,2.9300,2.8800,2.9200,27595700
2025-09-01,2.9000,2.9900,2.9000,2.9200,16292100
2025-09-02,2.8900,2.9000,2.8300,2.8500,23552400
2025-09-03,2.8500,2.8900,2.8300,2.8500,25206300
2025-09-04,2.8600,3.0500,2.8600,3.0300,37253700
2025-09-05,3.0600,3.0900,3.0300,3.0700,26837800
2025-09-08,3.0900,3.0900,2.9600,3.0400,25973500
2025-09-09,3.0300,3.0500,2.9500,2.9600,23750500
2025-09-10,2.9700,3.0500,2.9700,3.0100,15486500
2025-09-11,3.0200,3.0700,2.9800,3.0100,23166700
2025-09-12,2.9900,3.0200,2.9200,2.9200,25841700
2025-09-15,2.9500,3.0800,2.9400,3.0500,46897200
2025-09-16,3.0700,3.1000,3.0100,3.0800,43108900
2025-09-17,3.0700,3.1800,3.0500,3.1400,51129600
2025-09-18,3.1400,3.1900,3.1100,3.1200,28489700
2025-09-19,3.1200,3.1700,3.0900,3.1600,18210100
2025-09-22,3.1200,3.1900,3.0500,3.1800,30215600
2025-09-23,3.1600,3.2700,3.1300,3.2500,31450400
2025-09-24,3.2500,3.3000,3.2100,3.2600,25796200
2025-09-25,3.2300,3.2500,3.1200,3.1400,32013000
2025-09-26,3.1500,3.2200,3.1400,3.1900,14780700
2025-09-29,3.2300,3.3300,3.2200,3.2800,31249900
2025-09-30,3.3000,3.3600,3.2900,3.3400,28336300
2025-10-01,3.3700,3.3700,3.2700,3.3100,26118300
2025-10-02,3.3100,3.3300,3.1400,3.1600,32309100
2025-10-03,3.1600,3.2200,3.0800,3.2100,21087500
2025-10-06,3.2100,3.2200,3.1000,3.1700,17682400
2025-10-07,3.1400,3.1500,3.0400,3.0500,23145200
2025-10-08,3.0600,3.1400,3.0400,3.0900,13801100
2025-10-09,3.1200,3.1200,3.0200,3.0500,22099200
2025-10-10,3.0400,3.1000,2.9800,3.0200,24569100
2025-10-13,3.0500,3.0800,3.0100,3.0200,22195400
2025-10-14,2.9900,3.0000,2.9000,2.9000,39093700
2025-10-15,2.8800,3.0100,2.8800,3.0100,37821300
2025-10-16,2.9900,3.0900,2.9300,3.0600,27364100
2025-10-17,3.0400,3.2000,3.0200,3.1400,32239000
2025-10-20,3.1800,3.3300,3.1800,3.2900,30475400
2025-10-21,3.3000,3.3000,3.2000,3.2800,18173200
2025-10-22,3.3000,3.4500,3.3000,3.3600,28442700
2025-10-23,3.3800,3.4200,3.3600,3.4000,12585900
2025-10-24,3.4100,3.5100,3.4100,3.4800,18146100
2025-10-27,3.5400,3.5900,3.4400,3.4500,32155600
2025-10-28,3.4200,3.5900,3.3800,3.5800,38658700
2025-10-29,3.6100,3.6400,3.5200,3.5900,32320000
2025-10-30,3.5500,3.6500,3.4700,3.6400,18130300
2025-10-31,3.6600,3.8000,3.6600,3.7400,33102200
2025-11-03,3.7500,3.7900,3.6800,3.7200,17401200
2025-11-04,3.6800,3.7600,3.6500,3.7600,19725600
2025-11-05,3.7600,3.8500,3.6800,3.8100,31743000
2025-11-06,3.7900,3.8000,3.6200,3.7500,35509600
2025-11-07,3.7500,3.7500,3.4700,3.4900,56083900
2025-11-10,3.5200,3.5800,3.4400,3.5700,24523900
2025-11-11,3.5800,3.6900,3.5800,3.6100,27660400
2025-11-12,3.6100,3.6100,3.5000,3.5400,29316900
2025-11-13,3.5300,3.5800,3.4800,3.5800,22390600
2025-11-14,3.5700,3.5800,3.4500,3.4600,25668300
2025-11-17,3.4700,3.5100,3.3800,3.4200,30666600
2025-11-18,3.3700,3.7600,3.3600,3.7600,55252300
2025-11-19,3.7500,3.7900,3.6000,3.7100,41632100
2025-11-21,3.7100,3.7900,3.6600,3.7800,31890200
2025-11-24,3.7800,3.7900,3.6800,3.7400,24212500
2025-11-25,3.7400,3.8500,3.7100,3.8300,30561000
2025-11-26,3.8500,3.9200,3.8200,3.8800,17902000
2025-11-27,3.8700,3.9500,3.8200,3.9000,9815300
2025-11-28,3.9000,3.9400,3.8700,3.9000,19338100
2025-12-01,3.8700,3.9000,3.7900,3.8600,27171800
2025-12-02,3.8800,3.9600,3.8600,3.8700,16467400
2025-12-03,3.8800,3.9400,3.8600,3.8800,14041800
2025-12-04,3.9000,4.0300,3.9000,4.0000,34408200
2025-12-05,3.9900,4.0600,3.6500,3.6900,55407400
2025-12-08,3.7700,3.8300,3.6500,3.7100,21328900
2025-12-09,3.6800,3.7400,3.5600,3.6800,24089500
2025-12-10,3.6900,3.7500,3.6500,3.7200,14457200
2025-12-11,3.6900,3.7800,3.6700,3.7200,11969200
2025-12-12,3.7300,3.8600,3.7300,3.8000,17192200
2025-12-15,3.8500,3.8700,3.8000,3.8200,17075400
2025-12-16,3.7900,3.7900,3.6300,3.6300,35424700
2025-12-17,3.6300,3.6500,3.5100,3.5800,25915500
2025-12-18,3.5800,3.6000,3.5300,3.5400,30460800
2025-12-19,3.5900,3.6300,3.5500,3.6000,27310700
2025-12-22,3.6100,3.6200,3.4200,3.4300,23335600
2025-12-23,3.1273,3.3273,3.1182,3.2909,27875760
