date,open,high,low,close,volume
2015-01-02,2.2799,2.2799,2.1659,2.1775,676044
2015-01-05,2.2039,2.2506,2.1483,2.2185,1104046
2015-01-06,2.2302,2.2302,2.1805,2.1892,1344219
2015-01-07,2.2214,2.2652,2.1951,2.2623,690071
2015-01-08,2.2389,2.2652,2.2214,2.2448,897400
2015-01-09,2.2331,2.2682,2.1337,2.1688,1606631
2015-01-12,2.1717,2.2185,2.1600,2.1922,672623
2015-01-13,2.2009,2.2243,2.1688,2.1688,514560
2015-01-14,2.1688,2.1805,2.1249,2.1337,1140653
2015-01-15,2.1249,2.1571,2.1045,2.1279,792709
2015-01-16,2.1396,2.1746,2.1308,2.1454,1092071
2015-01-19,2.1396,2.1775,2.1045,2.1337,981906
2015-01-20,2.1600,2.1600,2.0402,2.0460,1983314
2015-01-21,2.0489,2.0986,2.0226,2.0606,2052081
2015-01-22,2.0577,2.0928,2.0314,2.0519,1266556
2015-01-23,2.0460,2.0899,2.0051,2.0606,1170418
2015-01-26,2.0636,2.0665,1.9496,2.0460,1503651
2015-01-27,2.0460,2.0548,1.9408,1.9876,1976813
2015-01-28,1.9379,1.9700,1.8794,1.9320,1882386
2015-01-29,1.9262,2.0168,1.8940,2.0022,1246028
2015-01-30,1.9554,1.9876,1.9233,1.9876,1100624
2015-02-02,1.9525,2.0109,1.9525,1.9993,843686
2015-02-03,2.0109,2.0226,1.9057,1.9174,1469096
2015-02-04,1.9408,1.9554,1.8853,1.8970,1086939
2015-02-05,1.8911,1.9086,1.8297,1.8706,1845778
2015-02-06,1.8590,1.9116,1.7567,1.7800,2173879
2015-02-09,1.7567,1.8034,1.7450,1.7625,2096900
2015-02-10,1.7771,1.8093,1.7596,1.7947,1422224
2015-02-11,1.8122,1.8151,1.6748,1.6953,3039804
2015-02-12,1.6953,1.7450,1.6719,1.7245,3281688
2015-02-13,1.7245,1.7888,1.7128,1.7800,2298413
2015-02-18,1.8005,1.8122,1.7508,1.7888,1791722
2015-02-19,1.7947,1.8706,1.7771,1.8590,1091045
2015-02-20,1.8590,1.8823,1.8443,1.8560,2066109
2015-02-23,1.8765,1.8940,1.8414,1.8765,1843726
2015-02-24,1.8765,1.9496,1.8765,1.9291,1274767
2015-02-25,1.9291,1.9291,1.8560,1.8823,2266937
2015-02-26,1.9057,2.0080,1.8443,1.9233,3170155
2015-02-27,1.9291,1.9349,1.7537,1.7683,6561324
2015-03-02,1.7683,1.8093,1.7420,1.7771,1566944
2015-03-03,1.7742,1.7976,1.7099,1.7187,1764010
2015-03-04,1.7157,1.7245,1.6222,1.6222,1901203
2015-03-05,1.6368,1.6368,1.5930,1.6047,5890754
2015-03-06,1.5842,1.6017,1.4907,1.5579,4688859
2015-03-09,1.5404,1.5404,1.4410,1.4819,4627276
2015-03-10,1.4790,1.5900,1.4761,1.5462,3472253
2015-03-11,1.5784,1.5900,1.5287,1.5345,2197486
2015-03-12,1.5374,1.6105,1.5374,1.6076,3043225
2015-03-13,1.6047,1.6047,1.5141,1.5374,2778418
2015-03-16,1.5637,1.5637,1.4673,1.4907,1464306
2015-03-17,1.4877,1.4965,1.4410,1.4731,2228961
2015-03-18,1.4644,1.4877,1.4439,1.4585,2979589
2015-03-19,1.4498,1.5141,1.4498,1.4877,3119178
2015-03-20,1.4965,1.5141,1.4761,1.4936,1815329
2015-03-23,1.4994,1.5053,1.4790,1.4936,631225
2015-03-24,1.5024,1.5053,1.4614,1.4819,1519731
2015-03-25,1.4761,1.4936,1.4527,1.4614,2886189
2015-03-26,1.4498,1.4556,1.4176,1.4556,3199578
2015-03-27,1.4585,1.4614,1.4351,1.4468,1506046
2015-03-30,1.4498,1.4877,1.4498,1.4731,3551627
2015-03-31,1.4907,1.5053,1.4410,1.4877,2018211
2015-04-01,1.4877,1.5550,1.4848,1.5316,3617658
2015-04-02,1.5228,1.6368,1.5228,1.6076,1894703
2015-04-06,1.6105,1.6631,1.5842,1.6047,1520757
2015-04-07,1.5988,1.6251,1.5608,1.5871,2797920
2015-04-08,1.5988,1.5988,1.4614,1.4790,7698556
2015-04-09,1.4731,1.5024,1.4527,1.4644,4064818
2015-04-10,1.4673,1.5024,1.4673,1.4819,2141034
2015-04-13,1.4907,1.5111,1.4731,1.4731,872083
2015-04-14,1.4819,1.4965,1.4702,1.4702,1320612
2015-04-15,1.4819,1.5053,1.4702,1.4819,2059266
2015-04-16,1.4819,1.5345,1.4819,1.5199,2051055
2015-04-17,1.5170,1.5462,1.4965,1.4994,2006920
2015-04-20,1.5170,1.5199,1.4761,1.4819,1257661
2015-04-22,1.4965,1.4994,1.4702,1.4907,1204973
2015-04-23,1.4819,1.4907,1.4731,1.4877,1374326
2015-04-24,1.4907,1.5374,1.4731,1.5082,3426750
2015-04-27,1.5170,1.5433,1.5082,1.5316,1792406
2015-04-28,1.5199,1.5228,1.4556,1.4790,1975103
2015-04-29,1.4848,1.4848,1.4410,1.4498,1667188
2015-04-30,1.4468,1.4761,1.4439,1.4702,1293926
2015-05-04,1.4819,1.5404,1.4731,1.5374,2632330
2015-05-05,1.5345,1.5988,1.5345,1.5930,2860187
2015-05-06,1.5784,1.6251,1.5404,1.6222,2218697
2015-05-07,1.6368,1.6660,1.5900,1.6047,2097926
2015-05-08,1.6134,1.6134,1.4527,1.4673,7611998
2015-05-11,1.4761,1.4877,1.4410,1.4585,2607355
2015-05-12,1.4468,1.4644,1.4410,1.4556,1566602
2015-05-13,1.4673,1.4731,1.4293,1.4498,1801302
2015-05-14,1.4527,1.4556,1.3591,1.3971,3214289
2015-05-15,1.4030,1.4410,1.3738,1.4205,2315177
2015-05-18,1.4234,1.4322,1.3796,1.4088,1075991
2015-05-19,1.4030,1.4118,1.3679,1.3825,1805065
2015-05-20,1.3971,1.3971,1.3475,1.3504,2032922
2015-05-21,1.3533,1.3650,1.3328,1.3562,679465
2015-05-22,1.3621,1.3767,1.3328,1.3358,816658
2015-05-25,1.3358,1.3650,1.3211,1.3241,627462
2015-05-26,1.3182,1.3270,1.2773,1.2802,4664910
2015-05-27,1.2831,1.2861,1.2218,1.2861,4592379
2015-05-28,1.3095,1.3475,1.2802,1.2831,4249567
2015-05-29,1.2919,1.2919,1.2364,1.2510,3090097
2015-06-01,1.2451,1.2890,1.2451,1.2627,1735613
2015-06-02,1.2685,1.2861,1.2276,1.2422,4245462
2015-06-03,1.2451,1.2510,1.1896,1.2013,4423026
2015-06-05,1.2042,1.2130,1.1750,1.1955,2275491
2015-06-08,1.2042,1.2042,1.1808,1.1867,1104388
2015-06-09,1.1838,1.2013,1.1721,1.1925,1313428
2015-06-10,1.2042,1.2101,1.1692,1.1721,1432830
2015-06-11,1.1750,1.1867,1.1516,1.1633,1865964
2015-06-12,1.1545,1.1545,1.1312,1.1428,1015434
2015-06-15,1.1428,1.1516,1.1195,1.1341,976774
2015-06-16,1.1458,1.1487,1.1195,1.1282,1100282
2015-06-17,1.1282,1.1458,1.1195,1.1428,962747
2015-06-18,1.1458,1.1487,1.1224,1.1224,1493729
2015-06-19,1.1224,1.1458,1.0990,1.1399,2425685
2015-06-22,1.1487,1.1750,1.1341,1.1545,1215237
2015-06-23,1.1662,1.1662,1.1136,1.1165,1813276
2015-06-24,1.1224,1.1312,1.0815,1.0844,1341140
2015-06-25,1.0873,1.0902,1.0464,1.0464,1171787
2015-06-26,1.0522,1.0639,1.0289,1.0464,789972
2015-06-29,1.0405,1.0815,1.0230,1.0289,1798907
2015-06-30,1.0289,1.0376,1.0201,1.0318,1868017
2015-07-01,1.0318,1.0347,0.9996,1.0084,1612789
2015-07-02,1.0055,1.0084,0.9646,0.9762,2676464
2015-07-03,0.9646,0.9646,0.9382,0.9499,2718888
2015-07-06,0.9470,0.9470,0.9061,0.9324,2355206
2015-07-07,0.9207,0.9266,0.8944,0.9090,1760246
2015-07-08,0.8973,0.9090,0.8623,0.8710,2303203
2015-07-10,0.8856,0.9032,0.8710,0.8856,2136929
2015-07-13,0.8827,0.8915,0.8623,0.8623,1815329
2015-07-14,0.8564,0.8593,0.8389,0.8535,888505
2015-07-15,0.8476,0.8506,0.8038,0.8096,3743561
2015-07-16,0.8038,0.8038,0.7629,0.7716,4304308
2015-07-17,0.7716,0.7716,0.7395,0.7453,4448686
2015-07-20,0.7483,0.7512,0.6956,0.7132,4453475
2015-07-21,0.7015,0.8447,0.6986,0.8184,13830511
2015-07-22,0.8038,0.8915,0.8038,0.8915,9165258
2015-07-23,0.9119,1.0522,0.9032,1.0464,15087488
2015-07-24,1.1107,1.1487,0.8886,0.8886,18662380
2015-07-27,0.8886,0.8915,0.7892,0.8155,6958534
2015-07-28,0.8447,0.8681,0.8126,0.8359,3756219
2015-07-29,0.8272,0.8272,0.7804,0.8038,3414776
2015-07-30,0.8009,0.8126,0.7746,0.8009,1945680
2015-07-31,0.8535,1.0522,0.8535,1.0493,13357006
2015-08-03,1.0201,1.0493,0.9324,0.9762,7543573
2015-08-04,0.9938,1.0464,0.9704,1.0055,5312558
2015-08-05,1.0230,1.0289,0.9529,0.9558,2584432
2015-08-06,0.9353,0.9441,0.8944,0.9149,3284767
2015-08-07,0.9032,0.9382,0.8652,0.8856,4152403
2015-08-10,0.8593,0.9032,0.8418,0.8886,3779826
2015-08-11,0.8915,0.9529,0.8915,0.9149,2580326
2015-08-12,0.9032,0.9236,0.8710,0.8710,1388696
2015-08-13,0.8769,0.8886,0.8359,0.8418,1699006
2015-08-14,0.8564,0.8944,0.8272,0.8330,1781800
2015-08-17,0.8389,0.8681,0.8213,0.8623,2382577
2015-08-18,0.8564,0.9499,0.8389,0.9236,3756219
2015-08-19,0.9061,0.9119,0.8564,0.8710,2065424
2015-08-20,0.8710,0.8915,0.8476,0.8769,921007
2015-08-21,0.8681,0.8681,0.8330,0.8330,1303506
2015-08-24,0.8096,0.8213,0.7804,0.7979,1822856
2015-08-25,0.8184,0.8330,0.7687,0.7775,2611802
2015-08-26,0.7950,0.8009,0.7629,0.7833,2223145
2015-08-27,0.7804,0.8009,0.7746,0.7892,3282715
2015-08-28,0.7863,0.7892,0.7687,0.7746,2913901
2015-08-31,0.7629,0.7629,0.7336,0.7453,2029843
2015-09-01,0.7483,0.7483,0.7190,0.7249,933324
2015-09-02,0.7336,0.7424,0.7190,0.7220,763286
2015-09-03,0.7278,0.7833,0.7249,0.7512,2083899
2015-09-04,0.7599,0.7775,0.7190,0.7190,1977497
2015-09-08,0.7395,0.7453,0.6956,0.6956,2950851
2015-09-09,0.7015,0.7132,0.6956,0.7103,1679162
2015-09-10,0.6869,0.7073,0.6810,0.7015,1500571
2015-09-11,0.6956,0.6956,0.6635,0.6664,2261463
2015-09-14,0.6723,0.6723,0.6343,0.6372,2364102
2015-09-15,0.6372,0.6430,0.6138,0.6138,2056529
2015-09-16,0.6226,0.6606,0.6226,0.6489,2015474
2015-09-17,0.6664,0.7190,0.6518,0.6664,4053528
2015-09-18,0.6635,0.6635,0.6021,0.6021,8104662
2015-09-21,0.6109,0.6138,0.5817,0.5846,4536612
2015-09-22,0.5758,0.5758,0.5466,0.5583,4589984
2015-09-23,0.5612,0.5641,0.5553,0.5553,2847186
2015-09-24,0.5524,0.5933,0.5466,0.5700,1470806
2015-09-25,0.5817,0.5992,0.5495,0.5495,1127652
2015-09-28,0.5641,0.5670,0.5144,0.5261,1954233
2015-09-29,0.5320,0.5407,0.5144,0.5203,1017487
2015-09-30,0.5349,0.5378,0.5144,0.5261,1367142
2015-10-01,0.5046,0.5097,0.4713,0.4804,10113294
2015-10-02,0.4859,0.4874,0.4622,0.4750,24422442
2015-10-05,0.4757,0.5279,0.4709,0.5115,18253195
2015-10-06,0.5115,0.5546,0.5115,0.5301,3569075
2015-10-07,0.5342,0.5754,0.5331,0.5685,4228698
2015-10-08,0.5623,0.5842,0.5579,0.5838,2066451
2015-10-09,0.5846,0.5941,0.5586,0.5630,2118454
2015-10-13,0.5590,0.5590,0.5089,0.5089,6311571
2015-10-14,0.5049,0.5298,0.4918,0.4951,6432000
2015-10-15,0.4994,0.5013,0.4874,0.4914,5389195
2015-10-16,0.4914,0.4914,0.4724,0.4724,5602682
2015-10-19,0.4724,0.4750,0.4655,0.4658,6295149
2015-10-20,0.4684,0.4684,0.4534,0.4567,4693991
2015-10-21,0.4567,0.4571,0.4384,0.4384,6445685
2015-10-22,0.4450,0.4530,0.4330,0.4384,5553416
2015-10-23,0.4384,0.4435,0.4300,0.4326,5687530
2015-10-26,0.4322,0.4530,0.4216,0.4530,10800286
2015-10-27,0.4563,0.4991,0.4563,0.4713,11744558
2015-10-28,0.4494,0.4520,0.4443,0.4487,1259029
2015-10-29,0.4319,0.4476,0.4271,0.4297,6133664
2015-10-30,0.4315,0.4392,0.4253,0.4311,5827118
2015-11-03,0.4351,0.4406,0.4132,0.4140,7836092
2015-11-04,0.4129,0.4530,0.4125,0.4297,8317808
2015-11-05,0.4297,0.4457,0.4176,0.4308,8098846
2015-11-06,0.4256,0.4315,0.4136,0.4136,5813433
2015-11-09,0.4158,0.4235,0.3957,0.4041,7201103
2015-11-10,0.4019,0.4092,0.3800,0.3836,12327544
2015-11-11,0.3851,0.3928,0.3760,0.3858,8473818
2015-11-12,0.3862,0.3862,0.3738,0.3763,6921927
2015-11-13,0.3756,0.3982,0.3734,0.3873,8076950
2015-11-16,0.3873,0.3909,0.3767,0.3800,6900030
2015-11-17,0.3811,0.4052,0.3803,0.4015,10080449
2015-11-18,0.4056,0.4125,0.3836,0.3836,9951809
2015-11-19,0.3858,0.3902,0.3771,0.3833,5419302
2015-11-23,0.3862,0.3876,0.3771,0.3774,3771615
2015-11-24,0.3807,0.3917,0.3734,0.3917,3952258
2015-11-25,0.3836,0.3840,0.3690,0.3734,4149324
2015-11-26,0.3738,0.3917,0.3730,0.3862,6243145
2015-11-27,0.3906,0.3906,0.3654,0.3654,5887333
2015-11-30,0.3672,0.3679,0.3226,0.3226,9524834
2015-12-01,0.3321,0.3325,0.2923,0.2923,9497464
2015-12-02,0.2974,0.3058,0.2901,0.2952,6834342
2015-12-03,0.2996,0.3219,0.2978,0.3168,7217525
2015-12-04,0.3168,0.3168,0.2927,0.2927,5186655
2015-12-07,0.2970,0.3102,0.2923,0.3065,6240408
2015-12-08,0.3062,0.3062,0.2883,0.2905,6084398
2015-12-09,0.2948,0.3106,0.2927,0.2963,11528334
2015-12-10,0.3051,0.3317,0.2923,0.3106,13685107
2015-12-11,0.3051,0.3058,0.2930,0.2934,6065239
2015-12-14,0.2941,0.2970,0.2842,0.2861,8435499
2015-12-15,0.3054,0.3654,0.3051,0.3215,33607885
2015-12-16,0.3252,0.3391,0.3160,0.3354,10904293
2015-12-17,0.3365,0.3909,0.3365,0.3873,24403282
2015-12-18,0.3891,0.4092,0.3734,0.3836,25251759
2015-12-21,0.3982,0.4004,0.3686,0.3690,6722124
2015-12-22,0.3712,0.3979,0.3690,0.3975,12899581
2015-12-23,0.3982,0.4311,0.3982,0.4311,9979180
2015-12-28,0.4311,0.5919,0.4311,0.5919,27430428
2015-12-29,0.6102,0.6576,0.5645,0.6558,46023014
2015-12-30,0.6302,0.6525,0.6072,0.6449,21132542
2016-01-04,0.6193,0.6686,0.6072,0.6558,14812759
2016-01-05,0.6690,0.6788,0.6558,0.6624,10282989
2016-01-06,0.6624,0.6686,0.6050,0.6050,12543769
2016-01-07,0.5846,0.5846,0.4786,0.5247,24236324
2016-01-08,0.5480,0.5572,0.5206,0.5268,10438999
2016-01-11,0.5294,0.5499,0.5122,0.5268,3640238
2016-01-12,0.5363,0.5363,0.4936,0.4969,2515322
2016-01-13,0.4991,0.5115,0.4677,0.4936,5471305
2016-01-14,0.4878,0.5184,0.4604,0.5184,4423026
2016-01-15,0.5119,0.5261,0.5009,0.5261,2523533
2016-01-18,0.5301,0.5634,0.5188,0.5188,3719612
2016-01-19,0.5243,0.5462,0.5079,0.5079,2099295
2016-01-20,0.5038,0.5104,0.4859,0.5042,2304572
2016-01-21,0.5024,0.5184,0.5005,0.5005,1636738
2016-01-22,0.5079,0.5119,0.4658,0.4658,1844752
2016-01-26,0.4658,0.4815,0.4651,0.4680,2887557
2016-01-27,0.4720,0.4834,0.4717,0.4742,1373984
2016-01-28,0.4742,0.4848,0.4695,0.4695,966168
2016-01-29,0.4783,0.5323,0.4717,0.5170,3993314
2016-02-01,0.5170,0.5316,0.5086,0.5316,2107506
2016-02-02,0.5279,0.5510,0.5115,0.5115,2706914
2016-02-03,0.5203,0.5298,0.5060,0.5298,1691479
2016-02-04,0.5371,0.5572,0.5261,0.5316,1896755
2016-02-05,0.5316,0.5422,0.5024,0.5049,2299097
2016-02-10,0.5042,0.5042,0.4859,0.4910,1108493
2016-02-11,0.4837,0.4856,0.4625,0.4625,1992551
2016-02-12,0.4647,0.5564,0.4647,0.5564,6664647
2016-02-15,0.5645,0.6500,0.5645,0.6339,6415578
2016-02-16,0.6460,0.6997,0.6365,0.6953,8282226
2016-02-17,0.6964,0.7190,0.6193,0.6193,9210077
2016-02-18,0.6193,0.6562,0.5959,0.6514,7042356
2016-02-19,0.6503,0.6741,0.6467,0.6576,3886570
2016-02-22,0.6723,0.6818,0.6536,0.6671,1894018
2016-02-23,0.6693,0.6938,0.6558,0.6938,3440435
2016-02-24,0.6777,0.7070,0.6686,0.6942,3404854
2016-02-25,0.6836,0.7033,0.6836,0.6840,2241620
2016-02-26,0.6949,0.7103,0.6902,0.6942,2608381
2016-02-29,0.6942,0.7815,0.6942,0.7198,5443935
2016-03-01,0.7289,0.7852,0.7099,0.7599,8003050
2016-03-02,0.7709,0.8148,0.7680,0.8078,6516847
2016-03-03,0.8202,0.9339,0.8133,0.9192,7699241
2016-03-04,0.9499,0.9887,0.8951,0.9244,5846277
2016-03-07,0.9244,0.9587,0.9236,0.9236,3330955
2016-03-08,0.9149,0.9240,0.8970,0.9130,2813658
2016-03-09,0.9149,0.9956,0.9149,0.9755,6382733
2016-03-10,0.9927,0.9996,0.9649,0.9920,2411315
2016-03-11,0.9865,1.0029,0.9850,0.9868,1921389
2016-03-14,0.9920,1.0303,0.9777,1.0230,5449409
2016-03-15,1.0066,1.0409,0.9956,1.0095,4354601
2016-03-16,1.0113,1.0563,1.0110,1.0435,4269753
2016-03-17,1.0595,1.0961,1.0413,1.0453,4964956
2016-03-18,1.0409,1.0409,0.9773,1.0047,6878134
2016-03-21,0.9978,1.0910,0.9978,1.0910,9166284
2016-03-22,1.0961,1.1319,1.0928,1.1217,8898056
2016-03-23,1.1326,1.1553,1.0990,1.1545,6711176
2016-03-24,1.1392,1.1746,1.1249,1.1545,6202090
2016-03-28,1.1673,1.1801,1.0687,1.0895,7967469
2016-03-29,1.0921,1.1282,1.0362,1.1041,4581773
2016-03-30,1.0961,1.1224,1.0869,1.1107,5840803
2016-03-31,1.1049,1.1129,1.0687,1.0687,3147574
2016-04-01,1.0840,1.0840,1.0840,1.0840,5474
2016-04-04,1.0811,1.1038,1.0270,1.0555,3719612
2016-04-05,1.0471,1.0489,1.0278,1.0343,4584510
2016-04-06,1.0234,1.0321,0.9773,1.0047,7280476
2016-04-07,1.0047,1.0307,0.9956,0.9956,2605644
2016-04-08,1.0190,1.0533,0.9821,1.0376,5178444
2016-04-11,1.0482,1.0482,1.0482,1.0482,41055
2016-04-12,1.0625,1.0625,1.0625,1.0625,30107
2016-04-13,1.0427,1.0427,1.0427,1.0427,16422
2016-04-14,1.0522,1.0595,1.0340,1.0449,3150311
2016-04-15,1.0588,1.0614,1.0413,1.0413,4773365
2016-04-18,1.0475,1.0588,1.0398,1.0486,3785300
2016-04-19,1.0486,1.0595,1.0442,1.0508,1560102
2016-04-20,1.0588,1.0632,1.0230,1.0614,6243145
2016-04-22,1.0489,1.0577,1.0446,1.0537,2460582
2016-04-25,1.0416,1.0595,1.0395,1.0460,4666621
2016-04-26,1.0563,1.0632,1.0310,1.0595,3585498
2016-04-27,1.0555,1.2627,1.0555,1.2627,8679094
2016-04-28,1.2758,1.2788,1.1834,1.1834,2381208
2016-04-29,1.1823,1.2181,1.1703,1.1703,4091847
2016-05-02,1.1838,1.2788,1.1706,1.2751,3021671
2016-05-03,1.2623,1.3409,1.2316,1.2601,5635527
2016-05-04,1.2788,1.2788,1.1710,1.1710,6716650
2016-05-05,1.1746,1.2057,1.0413,1.0413,4724098
2016-05-06,1.2057,1.3233,1.2057,1.2422,12034683
2016-05-09,1.2397,1.2890,1.2218,1.2806,3916677
2016-05-10,1.2831,1.2963,1.2641,1.2788,1740745
2016-05-11,1.2806,1.2937,1.2700,1.2897,1469780
2016-05-12,1.2912,1.2912,1.2605,1.2605,7994839
2016-05-13,1.2422,1.2623,1.2240,1.2287,2342890
2016-05-16,1.2035,1.2557,1.2035,1.2451,2206039
2016-05-17,1.2411,1.2641,1.2229,1.2499,2980616
2016-05-18,1.2514,1.2824,1.2386,1.2726,1516309
2016-05-19,1.2726,1.2817,1.2517,1.2601,1499887
2016-05-20,1.2528,1.2788,1.2492,1.2788,2868398
2016-05-23,1.2788,1.2788,1.2280,1.2331,1529994
2016-05-24,1.2459,1.2707,1.2148,1.2627,2372997
2016-05-25,1.2711,1.2861,1.2422,1.2422,1037331
2016-05-27,1.2331,1.2568,1.2276,1.2276,1924126
2016-05-30,1.2276,1.2594,1.2086,1.2594,2641225
2016-05-31,1.2477,1.2700,1.2422,1.2700,738995
2016-06-01,1.2594,1.2696,1.2353,1.2360,3659397
2016-06-02,1.2386,1.2652,1.2331,1.2652,3883833
2016-06-03,1.2594,1.2784,1.2342,1.2784,8055054
2016-06-06,1.2678,1.3639,1.2656,1.3628,6489477
2016-06-07,1.3584,1.3902,1.3471,1.3902,6139139
2016-06-08,1.4066,1.4139,1.3664,1.3902,5337191
2016-06-09,1.3898,1.3902,1.3252,1.3770,2512585
2016-06-10,1.3716,1.3716,1.3190,1.3442,4852738
2016-06-13,1.3390,1.3412,1.2802,1.2821,6607169
2016-06-14,1.2821,1.2864,1.2262,1.2726,10419840
2016-06-15,1.2755,1.2875,1.2521,1.2711,3150311
2016-06-16,1.2641,1.2693,1.2378,1.2386,1817382
2016-06-17,1.2408,1.3062,1.2408,1.3043,2271727
2016-06-20,1.3208,1.3591,1.3190,1.3445,5583523
2016-06-21,1.3449,1.3803,1.3387,1.3767,6369048
2016-06-22,1.3749,1.4012,1.3701,1.3719,5194866
2016-06-23,1.3719,1.3865,1.3551,1.3865,5578049
2016-06-24,1.3526,1.3639,1.3226,1.3518,3766141
2016-06-27,1.3518,1.3646,1.2857,1.3515,6158298
2016-06-28,1.3778,1.3891,1.3741,1.3884,8353389
2016-06-29,1.3913,1.4030,1.3836,1.3975,7521334
2016-06-30,1.3986,1.4103,1.3938,1.4066,2238883
2016-07-01,1.4114,1.4395,1.4114,1.4249,7529545
2016-07-04,1.4249,1.4340,1.3993,1.4340,3407591
2016-07-05,1.4114,1.4388,1.4114,1.4304,4075424
2016-07-06,1.4329,1.4373,1.4213,1.4249,1565576
2016-07-07,1.4249,1.4560,1.4249,1.4468,1423251
2016-07-08,1.4468,1.5521,1.4446,1.5272,4138376
2016-07-11,1.5469,1.5590,1.5027,1.5214,6218512
2016-07-12,1.5287,1.5287,1.4943,1.5272,1456095
2016-07-13,1.5309,1.5524,1.5257,1.5345,1811908
2016-07-14,1.5524,1.5652,1.5349,1.5583,4143850
2016-07-15,1.5652,1.5652,1.5418,1.5550,1516309
2016-07-18,1.5542,1.5689,1.5484,1.5539,2747969
2016-07-19,1.5637,1.5915,1.5553,1.5711,1617579
2016-07-20,1.5721,1.5853,1.5575,1.5765,2698703
2016-07-21,1.5685,1.5875,1.5674,1.5711,4505137
2016-07-22,1.5809,1.5890,1.5667,1.5721,1666846
2016-07-25,1.5721,1.6657,1.5711,1.6507,3163996
2016-07-26,1.6507,1.6628,1.6361,1.6554,3558127
2016-07-27,1.6496,1.6536,1.6295,1.6456,3741508
2016-07-28,1.6357,1.6379,1.6098,1.6098,2794498
2016-07-29,1.6076,1.6807,1.6076,1.6807,6815183
2016-08-01,1.6861,1.7048,1.6624,1.6807,3188629
2016-08-02,1.6807,1.6843,1.5711,1.6021,8993852
2016-08-03,1.6167,1.6642,1.6145,1.6222,11843091
2016-08-04,1.6807,1.8305,1.6748,1.8268,19794138
2016-08-05,1.8999,1.9514,1.8487,1.9364,6927401
2016-08-08,1.9525,1.9726,1.9200,1.9382,4762417
2016-08-09,1.9547,2.0643,1.9543,2.0643,8917215
2016-08-10,2.0617,2.1264,2.0603,2.1264,6344415
2016-08-11,2.1370,2.1556,2.0285,2.1556,6960245
2016-08-12,2.1553,2.1922,2.1370,2.1911,2400367
2016-08-15,2.1907,2.2104,2.1370,2.1721,4387445
2016-08-16,2.1721,2.2828,2.1702,2.2704,9491990
2016-08-17,2.2725,2.3138,2.2316,2.3091,3511598
2016-08-18,2.3051,2.3182,2.2579,2.2579,3207789
2016-08-19,2.2799,2.2857,2.2342,2.2397,1776326
2016-08-22,2.2397,2.2886,2.2057,2.2579,5846277
2016-08-23,2.2495,2.3069,2.2495,2.2981,4521559
2016-08-24,2.2999,2.3233,2.2711,2.2981,4724098
2016-08-25,2.2762,2.2945,2.2565,2.2565,832054
2016-08-26,2.2535,2.2981,2.2141,2.2682,4743258
2016-08-29,2.2565,2.2981,2.2287,2.2981,2720599
2016-08-30,2.2846,2.2926,2.2287,2.2305,5745007
2016-08-31,2.2360,2.2451,2.1867,2.2104,2753443
2016-09-01,2.2093,2.3295,2.1965,2.3113,9527571
2016-09-02,2.3215,2.4022,2.3029,2.4022,10406155
2016-09-05,2.4114,2.4296,2.4106,2.4106,1165971
2016-09-06,2.4103,2.4154,2.3836,2.4150,1103019
2016-09-08,2.4004,2.4333,2.3767,2.4077,2901242
2016-09-09,2.4055,2.4191,2.3639,2.4074,4964956
2016-09-12,2.3876,2.4150,2.3482,2.4004,2471530
2016-09-13,2.3946,2.4004,2.2291,2.2652,4154798
2016-09-14,2.2883,2.2886,2.2349,2.2495,3941310
2016-09-15,2.2528,2.2908,2.2433,2.2674,1863911
2016-09-16,2.2601,2.3076,2.1629,2.2835,3131152
2016-09-19,2.2963,2.3617,2.2886,2.3456,3922151
2016-09-20,2.3376,2.4022,2.3142,2.3895,3010723
2016-09-21,2.3895,2.5550,2.3895,2.5469,7584286
2016-09-22,2.5575,2.6087,2.4991,2.5732,4431237
2016-09-23,2.5893,2.6054,2.5433,2.5433,2167720
2016-09-26,2.5520,2.5988,2.5520,2.5988,2835554
2016-09-27,2.6120,2.7183,2.6006,2.7146,5583523
2016-09-28,2.7285,2.7585,2.6836,2.7402,3347377
2016-09-29,2.7088,2.7643,2.7007,2.7453,1713375
2016-09-30,2.7526,2.7950,2.7066,2.7950,6727598
2016-10-03,2.8136,2.8779,2.7862,2.8429,3128415
2016-10-04,2.8429,2.8918,2.8279,2.8863,2381208
2016-10-05,2.8834,2.9583,2.8772,2.9576,3410328
2016-10-06,2.9452,3.0234,2.9452,3.0234,1768115
2016-10-07,3.0288,3.1056,3.0288,3.1056,5380984
2016-10-10,3.1238,3.3065,3.1238,3.3065,4847264
2016-10-11,3.3723,3.4106,3.1801,3.3018,6793287
2016-10-13,3.2974,3.3167,3.1786,3.2334,4477767
2016-10-14,3.2758,3.3427,3.2327,3.3241,3303584
2016-10-17,3.3449,3.3650,3.2791,3.2882,1680531
2016-10-18,3.2791,3.3350,3.2338,3.3248,4762417
2016-10-19,3.3091,3.3610,3.2948,3.3610,1787274
2016-10-20,3.3558,3.3701,3.2828,3.3613,3046304
2016-10-21,3.3325,3.4011,3.3197,3.3986,2824606
2016-10-24,3.3986,3.6123,3.3887,3.5886,2553640
2016-10-25,3.5882,3.6609,3.0325,3.0325,8454659
2016-10-26,3.0142,3.0142,2.4523,2.5393,12546506
2016-10-27,2.7037,3.3504,2.6675,3.3244,13605733
2016-10-28,3.3230,3.4161,3.0526,3.1783,7669133
2016-10-31,3.4709,3.5367,3.2663,3.3781,8041368
2016-11-01,3.3796,3.4161,3.2956,3.3650,6812446
2016-11-03,3.3569,3.3979,3.2152,3.3613,4034369
2016-11-04,3.3467,3.3975,3.2966,3.3909,2830080
2016-11-07,3.3905,3.4636,3.3635,3.4344,2353838
2016-11-08,3.3979,3.4695,3.3248,3.4676,2312783
2016-11-09,3.2882,3.5802,3.2700,3.5802,5000538
2016-11-10,3.5798,3.6156,3.3409,3.4647,3703189
2016-11-11,3.4161,3.5385,3.3398,3.4611,2537218
2016-11-14,3.5075,3.5075,3.3631,3.3650,1540943
2016-11-16,3.3935,3.4687,3.3361,3.3471,2121191
2016-11-17,3.3613,3.4092,3.2988,3.3525,2159509
2016-11-18,3.3902,3.4165,3.3182,3.4088,2884820
2016-11-21,3.4121,3.5056,3.3979,3.5056,1319244
2016-11-22,3.5031,3.5279,3.4559,3.5265,2972405
2016-11-23,3.5254,3.5977,3.4600,3.5948,3084623
2016-11-24,3.5517,3.5805,3.5517,3.5586,276439
2016-11-25,3.5656,3.5805,3.4892,3.5586,1852963
2016-11-28,3.5553,3.6500,3.5553,3.5882,2819132
2016-11-29,3.5835,3.7628,3.5729,3.6956,2876609
2016-11-30,3.7303,3.7998,3.7186,3.7998,3569075
2016-12-01,3.7632,3.7957,3.6719,3.6719,2572800
2016-12-02,3.6631,3.6653,3.5283,3.6171,3287162
2016-12-05,3.6609,3.6679,3.5517,3.5732,1650423
2016-12-06,3.5462,3.7249,3.5294,3.7249,3492439
2016-12-07,3.7431,3.7596,3.6960,3.7395,2364786
2016-12-08,3.7347,3.9411,3.7347,3.8505,3393906
2016-12-09,3.8546,3.9185,3.7910,3.8801,1926863
2016-12-12,3.8692,3.8801,3.7782,3.7818,1946022
2016-12-13,3.7636,3.8936,3.7632,3.8472,3147574
2016-12-14,3.8407,3.9448,3.7636,3.7636,3059989
2016-12-15,3.7862,3.9057,3.7815,3.8783,3629290
2016-12-16,3.8947,3.9459,3.8235,3.9094,2203302
2016-12-19,3.8907,3.9163,3.8290,3.8290,1836541
2016-12-20,3.8725,3.8725,3.7161,3.7906,1502624
2016-12-21,3.8882,3.8882,3.8882,3.8882,2964194
2016-12-22,3.9090,3.9163,3.8472,3.8637,722573
2016-12-23,3.8403,3.8947,3.8403,3.8655,593933
2016-12-26,3.8502,3.8794,3.8498,3.8728,301072
2016-12-27,3.8728,3.8801,3.8144,3.8326,582985
2016-12-28,3.8363,3.8845,3.7998,3.8776,859424
2016-12-29,3.9090,3.9090,3.8030,3.8790,884057
2017-01-02,3.8374,3.8531,3.7161,3.7161,1713375
2017-01-03,3.7446,3.8100,3.6536,3.7048,1371247
2017-01-04,3.6901,3.7066,3.4746,3.5075,2936823
2017-01-05,3.5243,3.6280,3.5239,3.6280,2953246
2017-01-06,3.6280,3.6485,3.5805,3.6046,684255
2017-01-09,3.6050,3.6171,3.4406,3.4406,3191366
2017-01-10,3.4563,3.5805,3.4530,3.5224,2134876
2017-01-11,3.5064,3.5915,3.5064,3.5623,3073675
2017-01-12,3.6098,3.8177,3.6014,3.7998,4406604
2017-01-13,3.7994,3.9050,3.7705,3.8728,2477004
2017-01-16,3.8593,3.8593,3.7731,3.7965,2036343
2017-01-17,3.7998,3.8823,3.7723,3.8728,2036343
2017-01-18,3.8728,3.9090,3.8673,3.8929,1113967
2017-01-19,3.8929,3.9313,3.8604,3.9240,1642212
2017-01-20,3.8860,4.3843,3.8860,4.3807,7997576
2017-01-23,4.3807,4.6119,4.2459,4.5670,2961457
2017-01-24,4.5670,4.7658,4.4866,4.7658,3689504
2017-01-26,4.7822,4.8118,4.6024,4.6591,2835554
2017-01-27,4.6225,4.6876,4.4234,4.5411,1412303
2017-01-30,4.5648,4.6032,4.2459,4.2601,1048279
2017-01-31,4.3029,4.6763,4.3029,4.6763,2102032
2017-02-01,4.7132,4.7497,4.4011,4.6401,3005249
2017-02-02,4.6379,4.6558,4.5312,4.6401,3881096
2017-02-03,4.6218,4.6854,4.5761,4.6401,1149548
2017-02-06,4.6014,5.0781,4.6014,5.0781,2660384
2017-02-07,5.1154,5.1969,5.0785,5.1150,1521783
2017-02-08,5.1468,5.1881,4.9872,5.0054,2192354
2017-02-09,5.0591,5.0591,5.0054,5.0054,908691
2017-02-10,5.0168,5.0785,5.0168,5.0522,1713375
2017-02-13,5.0526,5.6266,5.0526,5.5535,2531744
2017-02-14,5.6156,5.8611,5.4439,5.4621,2581011
2017-02-15,5.5169,5.7036,5.4804,5.6266,2824606
2017-02-16,5.6667,5.7278,5.6002,5.6996,2835554
2017-02-17,5.6996,5.9835,5.6817,5.9755,4094584
2017-02-20,6.2477,6.4669,6.0873,6.4303,3016197
2017-02-21,6.5034,7.0076,6.4325,6.9967,4940323
2017-02-22,6.9985,7.1245,6.8301,7.0759,6256830
2017-02-23,7.1121,7.4928,6.9934,7.4928,6790550
2017-02-24,7.4091,7.9649,7.1304,7.6035,4253331
2017-03-01,7.7581,7.9649,7.7493,7.8553,3678556
2017-03-02,7.8666,7.9017,7.0880,7.2341,4335441
2017-03-03,7.1611,7.4534,6.8980,7.1249,2920401
2017-03-06,7.1611,7.4168,7.0588,7.1253,1450621
2017-03-07,7.1611,7.1611,6.4482,6.7628,4663884
2017-03-08,6.8396,6.8396,6.0325,6.4303,5509624
2017-03-09,6.3715,6.8494,6.0299,6.7771,4510611
2017-03-10,6.9342,6.9419,6.2433,6.2477,3161259
2017-03-13,6.3938,6.4669,6.0398,6.2133,2466056
2017-03-14,6.2049,6.3207,6.0613,6.3207,3790774
2017-03-15,6.2985,6.4190,6.1096,6.4190,1915914
2017-03-16,6.5045,7.1592,6.5045,7.1592,3870148
2017-03-17,7.1980,7.1980,6.7190,6.7190,2701440
2017-03-20,6.7190,7.2341,6.6430,7.1432,2260779
2017-03-21,7.1607,7.1607,6.6521,6.7226,2928612
2017-03-22,6.7376,6.7771,6.5882,6.6627,1702427
2017-03-23,6.6861,6.9163,6.6814,6.9053,790999
2017-03-24,6.9419,6.9419,6.6225,6.6532,1675057
2017-03-27,6.5535,6.6313,6.4577,6.6313,1902229
2017-03-28,6.6989,6.7007,6.4113,6.4541,2255305
2017-03-29,6.4760,6.6065,6.4267,6.5893,1283663
2017-03-30,6.5414,6.6463,6.4486,6.6130,804684
2017-03-31,6.6086,6.9232,6.4705,6.4705,3924888
2017-04-03,6.5221,6.8286,6.4672,6.6857,1313770
2017-04-04,6.7226,6.8688,6.5801,6.7150,1661371
2017-04-05,6.7533,6.8264,6.6492,6.8260,3998788
2017-04-06,6.7577,6.8688,6.7475,6.8688,1163234
2017-04-07,6.7910,6.9126,6.7785,6.8523,1280926
2017-04-10,6.8326,6.8330,6.6499,6.7592,1228922
2017-04-11,6.7763,6.8436,6.6028,6.8436,1874859
2017-04-12,6.7486,6.7654,6.5166,6.5571,2356575
2017-04-13,6.5571,6.6496,6.1746,6.2846,1237133
2017-04-17,6.3573,6.9327,6.2305,6.9327,2425000
2017-04-18,6.7950,7.1936,6.7774,7.1936,2860187
2017-04-19,7.1903,7.5995,7.1428,7.5264,2605644
2017-04-20,7.5261,7.8297,7.4581,7.8260,1776326
2017-04-24,7.8607,8.1837,7.5502,7.6726,3632027
2017-04-25,7.6338,7.8439,7.6338,7.6543,1540943
2017-04-26,7.6360,7.7858,7.6353,7.7142,960694
2017-04-27,7.7449,8.1103,7.7449,8.1103,6089872
2017-04-28,8.0927,8.6503,8.0014,8.1399,3968681
2017-05-02,8.3299,8.4468,8.1114,8.3660,1967918
2017-05-03,8.3850,8.5111,8.1742,8.4033,1995288
2017-05-04,8.3306,8.4618,8.2177,8.2937,3185892
2017-05-05,9.3167,9.9743,9.2071,9.4628,7302373
2017-05-08,9.2798,9.7149,8.9966,9.6090,2455108
2017-05-09,9.6455,9.9342,9.6455,9.9093,2162246
2017-05-10,9.9707,10.2301,9.9703,10.2301,2991564
2017-05-11,9.4997,9.9594,9.4997,9.6273,5452146
2017-05-12,9.6276,9.8647,9.4307,9.6821,3525283
2017-05-15,9.7540,9.9561,9.5436,9.9561,3883833
2017-05-16,9.9579,10.3196,9.9579,10.3032,2479741
2017-05-17,10.2652,10.3032,10.1205,10.2498,2734284
2017-05-18,9.0240,9.1866,8.4091,8.5860,5033382
2017-05-19,9.1340,9.4994,9.0792,9.0792,4116480
2017-05-22,8.9524,9.0244,8.0730,8.1066,2676806
2017-05-23,8.3854,8.9623,8.0931,8.8377,2912190
2017-05-24,8.9148,9.2254,8.9148,9.1223,2184143
2017-05-25,9.0975,9.3076,8.9513,9.0876,2657647
2017-05-26,9.2389,9.3167,9.1585,9.3167,1748956
2017-05-29,9.3167,9.3167,9.3167,9.3167,0
2017-05-30,9.4446,9.6086,9.4300,9.4994,1108493
2017-05-31,9.5542,9.6638,9.1442,9.1706,2876609
2017-06-01,9.2601,9.4259,8.8264,9.0471,2110243
2017-06-02,9.1706,9.2213,8.7139,8.8235,4450396
2017-06-05,8.8052,8.8604,8.6587,8.6587,2600170
2017-06-06,8.6251,8.7504,8.2572,8.6590,3571812
2017-06-07,8.7581,9.1340,8.7040,9.1154,2994301
2017-06-08,9.1154,9.5162,9.0061,9.3974,2934086
2017-06-09,9.4449,9.5670,9.1757,9.2071,1866648
2017-06-12,9.1340,9.3828,9.0273,9.0723,2310046
2017-06-13,9.1457,9.3412,8.9901,9.3412,2367523
2017-06-14,9.3693,9.4990,9.2915,9.3898,2706914
2017-06-15,9.3898,9.3898,9.3898,9.3898,0
2017-06-16,9.3898,9.4628,9.0726,9.4628,2756180
2017-06-19,9.3236,9.4957,9.3109,9.3898,1732534
2017-06-20,9.3894,9.3894,8.9831,8.9831,3541705
2017-06-21,9.1475,9.2056,8.8973,8.9513,2862924
2017-06-22,9.0248,9.0463,8.7321,8.7321,2745232
2017-06-23,8.8494,9.0427,8.6952,8.9400,4267016
2017-06-26,8.9879,9.1987,8.9239,9.1706,1729797
2017-06-27,9.1706,9.2089,8.8366,8.9879,1822856
2017-06-28,9.0606,9.0609,8.8052,8.8052,2230672
2017-06-29,8.8936,9.0975,8.8352,9.0785,2184143
2017-06-30,9.0438,9.4263,9.0438,9.3532,2854713
2017-07-03,9.3350,9.4994,9.3350,9.4994,1565576
2017-07-04,9.4990,9.5662,9.4336,9.4994,1078386
2017-07-05,9.4263,9.5176,9.4150,9.4994,2942298
2017-07-06,9.4625,9.4895,9.3898,9.4775,4674832
2017-07-07,9.4628,10.4859,9.4628,10.4307,7611656
2017-07-10,10.4307,10.8841,10.3627,10.8812,5780589
2017-07-11,10.9236,11.1720,10.8530,11.1066,3703189
2017-07-12,11.2765,11.5812,11.1954,11.5089,3670345
2017-07-13,11.5819,11.6915,10.9608,11.0339,5807959
2017-07-14,11.0156,11.5746,11.0156,11.5454,2797235
2017-07-17,11.5454,12.1190,11.5454,12.0584,3979629
2017-07-18,12.2399,12.7507,12.2399,12.5684,5468568
2017-07-19,12.8242,12.9849,12.3857,12.6086,6609906
2017-07-20,12.6086,12.8242,12.5319,12.7284,3084623
2017-07-21,12.7292,12.8684,12.2399,12.2432,4023421
2017-07-24,12.4646,12.5794,12.2144,12.2396,2301835
2017-07-25,12.4223,12.7580,12.2396,12.6565,3634764
2017-07-26,12.6780,12.7584,12.4405,12.5593,2706914
2017-07-27,12.7146,12.7328,12.4270,12.7153,2487952
2017-07-28,12.6090,13.3952,12.5684,13.3952,4516085
2017-07-31,13.7010,13.9378,13.1713,13.4044,6073450
2017-08-01,14.0660,14.0678,13.4044,13.5311,6678332
2017-08-02,13.4128,13.7551,13.2301,13.5870,6626328
2017-08-03,13.7741,13.7741,13.3905,13.6075,4839053
2017-08-04,13.6641,14.3587,13.4822,14.3587,7611656
2017-08-07,14.3952,14.8680,14.3587,14.6144,7507649
2017-08-08,14.6258,14.7233,14.0909,14.4091,9557678
2017-08-09,14.2494,15.0521,14.2129,14.8143,5684793
2017-08-10,14.8143,15.0346,14.3956,14.4891,4102795
2017-08-11,14.4683,15.1248,14.4683,15.1248,4683043
2017-08-14,15.1625,16.3499,15.0529,16.2827,6013236
2017-08-15,16.5834,16.9663,16.3872,16.5969,5282451
2017-08-16,16.8979,17.9279,16.7701,17.9027,7135414
2017-08-17,18.5603,18.5958,16.1489,16.4778,10515636
2017-08-18,15.8201,17.1350,15.5278,16.7335,7488490
2017-08-21,16.8833,17.5373,16.8833,17.2816,5441198
2017-08-22,17.4116,17.5033,16.8797,17.0978,3424013
2017-08-23,16.8066,16.9849,16.4412,16.9195,3404854
2017-08-24,16.8479,17.5738,16.7850,17.4314,4267016
2017-08-25,17.5373,17.6630,17.2268,17.4924,3971418
2017-08-28,17.5373,18.3228,17.5373,18.0485,3894781
2017-08-29,17.9392,18.2132,17.7569,18.1219,1943285
2017-08-30,18.1950,18.9984,18.0854,18.8161,4683043
2017-08-31,18.9440,20.8256,18.9440,20.7525,9303135
2017-09-01,21.1544,22.0674,20.5121,20.6115,9294924
2017-09-04,20.6794,22.7254,20.2775,22.7178,7220262
2017-09-05,23.3129,25.2537,22.9622,23.9677,10194378
2017-09-06,25.3414,25.4174,24.4061,24.9644,4947850
2017-09-07,24.9644,24.9644,24.9644,24.9644,0
2017-09-08,25.2128,25.5168,22.7985,23.0674,7609261
2017-09-11,23.8829,24.1167,22.5062,22.8862,6145297
2017-09-12,20.1679,21.1763,18.5954,20.1738,18370887
2017-09-13,20.5420,21.3224,19.2910,21.1325,9601813
2017-09-14,21.3692,24.0817,21.2494,23.9677,16020128
2017-09-15,24.6399,25.4291,24.2044,24.3155,11993969
2017-09-18,24.9498,24.9498,22.5530,23.7484,7840882
2017-09-19,23.5292,24.3359,22.9505,23.0470,6181562
2017-09-20,23.5731,23.6491,21.7960,22.0678,9644237
2017-09-21,22.0678,22.3601,21.1909,22.2519,5165785
2017-09-22,22.5354,22.7254,21.7989,21.9363,3216684
2017-09-25,21.5884,21.9801,20.8489,20.9863,5727901
2017-09-26,21.0740,22.0210,20.0276,21.6264,8992483
2017-09-27,21.5855,21.6820,19.9165,19.9662,9655185
2017-09-28,21.0448,21.3371,20.2030,20.6794,16067342
2017-09-29,20.4017,21.7755,20.3141,21.6907,17072171
2017-10-02,22.1701,22.8190,21.7550,22.7634,10925847
2017-10-03,22.9914,23.5088,22.2139,23.0879,8617169
2017-10-04,22.9388,23.2369,22.6494,23.2369,5183234
2017-10-05,23.2369,23.3831,22.5705,22.9154,7303741
2017-10-06,22.7956,23.3743,22.3951,23.2954,5386116
2017-10-09,23.5292,23.5877,22.5179,22.7371,4153087
2017-10-10,22.9008,23.2954,22.6231,23.2720,3135258
2017-10-11,23.1493,23.3831,22.5062,22.5062,4780550
2017-10-12,22.5062,22.5062,22.5062,22.5062,0
2017-10-13,20.2264,21.3809,20.1095,21.2494,18136530
2017-10-16,21.3955,21.8486,20.1474,20.2556,10946374
2017-10-17,20.4660,20.7876,17.6308,18.6480,19648392
2017-10-18,19.1887,20.6706,18.9432,20.6706,17482724
2017-10-19,20.7525,21.1821,19.6769,20.4573,7240790
2017-10-20,20.7525,21.1909,20.4836,21.1763,6937665
2017-10-23,21.1909,21.4832,20.0802,20.2264,5972522
2017-10-24,20.5128,20.7145,19.4635,20.1095,7298609
2017-10-25,20.2556,20.3871,19.6739,20.1153,3792485
2017-10-26,20.1825,20.2907,18.8789,19.1975,6941428
2017-10-27,19.2589,20.0101,18.4609,18.7065,7672897
2017-10-30,18.7503,18.7942,17.8238,18.4872,6661567
2017-10-31,18.7065,18.9403,18.0664,18.6334,5345060
2017-11-01,20.1679,20.3141,19.4752,19.5804,11146861
2017-11-02,19.5804,19.5804,19.5804,19.5804,0
2017-11-03,19.5833,19.7266,17.7127,17.9845,12707306
2017-11-06,18.2593,18.3265,16.6604,16.6604,11875935
2017-11-07,16.2659,16.2659,14.9067,15.0733,20483183
2017-11-08,15.1990,16.1314,15.1698,16.1109,11240604
2017-11-09,16.1489,16.1636,14.9476,15.1172,9387641
2017-11-10,15.1259,15.5994,13.9889,14.3397,13953677
2017-11-13,14.3368,15.2341,13.8837,14.9476,10616563
2017-11-14,15.1815,16.2191,15.0996,16.0525,12936189
2017-11-15,16.0525,16.0525,16.0525,16.0525,0
2017-11-16,16.5172,17.2421,16.2834,16.6604,12958769
2017-11-17,17.0989,17.5285,16.9849,17.3327,8419077
2017-11-20,17.3327,17.3327,17.3327,17.3327,0
2017-11-21,17.6250,17.9465,17.5373,17.7127,8367758
2017-11-22,17.6864,17.9407,16.7218,17.6338,9530992
2017-11-23,17.4759,17.4759,16.9527,17.1603,3766825
2017-11-24,17.2041,17.9611,17.0229,17.9611,4743258
2017-11-27,18.1219,18.2096,17.2450,17.4175,7918887
2017-11-28,17.5052,17.7945,17.0609,17.1778,3997761
2017-11-29,17.2421,17.4058,16.8154,17.0112,4867792
2017-11-30,17.0112,17.0200,16.0379,16.6078,9756454
2017-12-01,16.6604,17.2889,16.1460,17.0141,7231210
2017-12-04,17.2596,17.2596,16.7189,16.8650,4364180
2017-12-05,16.7774,17.0960,16.4734,16.8066,5361824
2017-12-06,16.7335,17.0930,16.5581,17.0433,4249225
2017-12-07,16.7364,18.9286,16.6604,18.8409,14404259
2017-12-08,19.4372,20.5947,19.2910,20.4485,17109120
2017-12-11,20.8752,21.3955,20.3170,20.3900,8808761
2017-12-12,19.5833,20.3784,19.4723,20.3784,7212735
2017-12-13,20.7963,21.1909,20.0510,20.1095,8258277
2017-12-14,19.8435,20.6063,19.5278,20.2264,5465147
2017-12-15,20.3287,20.4310,19.9955,20.2877,3629290
2017-12-18,20.8723,20.9016,20.0218,20.1065,4104847
2017-12-19,20.2001,20.2439,19.4138,19.5599,3908466
2017-12-20,19.7295,20.4514,19.4401,20.3491,3839356
2017-12-21,20.3491,21.4218,20.2381,21.1062,9201523
2017-12-22,20.9279,21.6820,20.6180,21.2961,4595801
2017-12-25,21.2961,21.2961,21.2961,21.2961,0
2017-12-26,21.3955,22.2022,21.2611,22.0649,6357416
2017-12-27,22.3455,22.7985,22.3455,22.5939,4396340
2017-12-28,23.0031,23.4474,22.7430,23.4474,9828301
2017-12-29,23.4474,23.4474,23.4474,23.4474,0
2018-01-02,23.6461,24.0787,22.9183,23.1785,6353653
2018-01-03,23.0908,23.7806,22.6582,22.8862,4424737
2018-01-04,23.3831,23.5351,23.1785,23.4357,5125072
2018-01-05,23.5146,23.6491,22.9008,22.9739,3280662
2018-01-08,22.9447,23.4152,22.9008,22.9768,3078806
2018-01-09,23.1639,23.2691,22.3016,22.4244,3316927
2018-01-10,22.3835,22.9447,22.1087,22.6524,3716875
2018-01-11,22.9447,23.0265,22.5822,22.6933,1899492
2018-01-12,22.4390,22.9330,22.3308,22.6699,2911848
2018-01-15,22.8570,23.1580,22.7400,23.0616,2146509
2018-01-16,23.0908,23.3977,22.8687,23.0031,2644646
2018-01-17,23.1463,23.2662,22.8453,23.0265,1659661
2018-01-18,23.0937,23.1493,22.3659,22.6494,3642291
2018-01-19,22.6991,22.9739,22.4331,22.4331,1884781
2018-01-22,22.7254,22.7400,22.1613,22.5062,2257700
2018-01-23,22.4244,22.5004,21.8076,21.8515,3257739
2018-01-24,21.9216,23.6754,21.9158,23.6724,7601050
2018-01-25,23.6724,23.6724,23.6724,23.6724,0
2018-01-26,23.9677,24.6984,23.6754,24.2015,7021828
2018-01-29,23.9677,24.7276,23.6812,24.7276,2767128
2018-01-30,24.6896,25.2771,24.3652,24.7451,3843804
2018-01-31,25.1397,25.2420,24.5844,24.7159,3536231
2018-02-01,24.6399,25.1339,24.6399,25.0959,2973089
2018-02-02,25.0491,25.0491,24.4061,24.5113,3371326
2018-02-05,24.4061,24.4061,23.5672,23.5672,3217710
2018-02-06,23.0323,23.9092,22.8423,23.8624,4743942
2018-02-07,23.8800,23.8800,23.0616,23.0908,3827724
2018-02-08,23.3860,23.5292,22.1292,22.2139,4683727
2018-02-09,22.3601,22.5354,21.1383,21.5972,5496281
2018-02-14,21.7784,21.8340,21.1062,21.8340,6316019
2018-02-15,22.0532,23.1522,22.0532,23.1522,4170878
2018-02-16,23.4123,23.7426,22.5238,22.9768,3740824
2018-02-19,23.2632,24.0437,23.1200,24.0437,3025777
2018-02-20,23.8069,24.2599,23.4211,24.2570,3236185
2018-02-21,24.2746,24.5230,23.2399,23.2486,8912425
2018-02-22,23.5585,23.9092,23.4035,23.7981,3876648
2018-02-23,25.1514,25.5577,24.9030,25.4262,20139687
2018-02-26,25.5109,27.5687,25.4320,27.5687,10291884
2018-02-27,27.4459,27.7090,26.6129,26.7444,9996970
2018-02-28,26.6012,27.1828,26.0984,26.6129,5509281
2018-03-01,26.6129,27.1244,26.2621,26.9432,5676582
2018-03-02,26.6859,27.1828,26.3761,27.1361,4413104
2018-03-05,27.0951,27.1361,26.2943,26.4229,4026842
2018-03-06,26.6947,26.8701,25.8705,26.0663,3661450
2018-03-07,26.1160,26.3147,25.6308,26.3147,2412342
2018-03-08,26.0137,26.0897,25.1953,25.7915,6057028
2018-03-09,25.7915,26.9344,25.5723,26.5106,7835065
2018-03-12,26.9490,27.3290,26.6275,27.0601,4138034
2018-03-13,27.1828,27.3874,26.3440,26.7590,5061094
2018-03-14,26.7970,26.9461,26.0429,26.2183,4686464
2018-03-15,26.1014,26.7444,25.8997,26.5983,3520835
2018-03-16,26.6859,27.1828,26.4580,27.0951,5981076
2018-03-19,26.5398,26.8613,26.1978,26.5106,3402801
2018-03-20,26.7444,26.9285,26.2767,26.3060,3031593
2018-03-21,26.4258,27.1828,26.3089,27.1828,4609828
2018-03-22,27.2179,28.0246,26.8905,27.8814,5599603
2018-03-23,27.7733,28.2731,27.6213,27.7090,4309098
2018-03-26,28.0597,29.2289,27.9516,29.2289,8345178
2018-03-27,29.4188,29.7199,28.1328,28.2643,12719622
2018-03-28,28.2029,28.7437,27.7937,28.3520,5642711
2018-03-29,28.6910,28.9161,28.3812,28.6180,3071622
2018-04-02,28.7904,29.1996,28.3345,28.6209,4356653
2018-04-03,28.8986,29.0710,28.3520,28.3520,4865397
2018-04-04,28.3520,28.3520,26.8964,28.2058,6503847
2018-04-05,29.0359,29.0535,28.5274,28.8460,3802749
2018-04-06,28.7904,28.9366,28.4689,28.6735,3381589
2018-04-09,28.6735,28.9336,27.7762,28.2438,3852699
2018-04-10,28.6443,28.6735,27.3348,27.7382,6255804
2018-04-11,27.6213,28.3140,27.3670,28.3140,3995024
2018-04-12,28.0626,29.4042,28.0626,29.0856,5634842
2018-04-13,28.8343,28.9599,28.4981,28.7173,2184827
2018-04-16,28.7144,29.0330,28.0042,28.1094,5388853
2018-04-17,28.3812,28.5244,28.0714,28.3520,2728468
2018-04-18,28.6414,28.6794,27.8639,27.9720,5196235
2018-04-19,28.1503,28.2146,27.4722,27.5862,3651186
2018-04-20,27.5160,28.5391,27.4780,28.3257,4440132
2018-04-23,28.3812,29.1996,28.1386,29.1909,4321756
2018-04-24,29.1412,29.8134,28.9512,29.5533,4124007
2018-04-25,29.2230,29.7521,28.8021,29.6497,3090097
2018-04-26,29.6351,30.6611,29.4890,30.5442,3947126
2018-04-27,30.6874,31.2164,30.2986,30.7780,7379009
2018-04-30,30.7488,31.4999,30.7224,31.1901,3209499
2018-05-02,31.2749,31.3450,29.9596,29.9596,4941692
2018-05-03,30.1993,30.3220,28.2760,28.4104,10282647
2018-05-04,28.6443,29.2259,27.9720,28.5566,6612985
2018-05-07,28.7992,29.1324,28.2497,28.3081,4225276
2018-05-08,30.5880,32.4411,29.9303,32.4411,17645919
2018-05-09,32.4440,33.4378,31.5672,32.9205,8780022
2018-05-10,32.9205,33.4670,32.0056,32.0056,6553797
2018-05-11,32.0056,32.4996,31.1872,31.7572,4957772
2018-05-14,32.0348,32.3505,30.8101,31.6110,5080938
2018-05-15,31.6110,32.3096,30.9241,31.1200,5726533
2018-05-16,30.9972,33.3881,30.9972,32.7977,7366350
2018-05-17,32.7948,33.1484,31.4006,31.9618,5726533
2018-05-18,31.5672,31.5818,29.9596,30.7166,11306293
2018-05-21,31.7718,32.4616,31.6169,32.0144,5273898
2018-05-22,32.1664,33.3238,31.9851,33.3209,6515137
2018-05-23,32.8708,33.1134,32.1576,32.7012,4841106
2018-05-24,31.8595,33.1747,31.5701,33.0257,5328980
2018-05-25,33.0929,33.2917,32.6369,32.7363,5770325
2018-05-28,32.2394,32.4820,30.3980,30.6903,8301385
2018-05-29,31.5672,32.2365,30.2986,30.5412,8754362
2018-05-30,31.0410,32.1517,30.7166,31.6899,38626556
2018-06-01,32.4090,33.8967,32.0114,33.7506,9551862
2018-06-04,34.0545,36.8284,34.0545,36.3432,11831117
2018-06-05,35.3465,35.7761,34.7823,35.3728,7601734
2018-06-06,35.2792,35.2792,33.3326,33.4174,8056080
2018-06-07,33.1426,33.1426,27.8609,31.0995,17627786
2018-06-08,31.9734,32.0641,29.0827,30.8335,12140058
2018-06-11,31.4415,32.3797,30.7224,31.0469,6295149
2018-06-12,31.4210,32.6983,31.1141,32.1517,8533006
2018-06-13,32.5376,33.1747,31.7484,32.8562,7449830
2018-06-14,33.0286,35.3669,33.0286,34.8993,11840696
2018-06-15,35.3669,35.4692,33.6278,35.0220,8031789
2018-06-18,34.6070,34.9285,33.9113,34.4257,4135981
2018-06-19,34.0253,36.4893,33.6950,36.1444,8004076
2018-06-20,36.5711,37.8484,35.5686,35.5686,8157008
2018-06-21,35.6592,36.6033,35.3874,35.5452,5743639
2018-06-22,36.2438,36.4396,35.6241,35.8960,3606709
2018-06-25,36.1006,36.3461,35.1477,35.8784,7881937
2018-06-26,36.0918,36.5858,35.7177,36.1678,5441882
2018-06-27,36.2116,36.3899,35.4283,35.5218,3503387
2018-06-28,35.5218,36.5974,35.5218,36.1122,4332704
2018-06-29,36.5361,37.5883,36.4484,37.4100,6072081
2018-07-02,37.1791,37.6760,36.5653,36.6618,3493465
2018-07-03,37.0622,37.3545,36.1824,36.3987,7217525
2018-07-04,36.7231,36.9453,36.1853,36.3461,1953549
2018-07-05,36.5361,36.5361,34.8876,35.0746,4801761
2018-07-06,35.3669,35.7177,33.8529,35.5715,5893149
2018-07-10,35.9515,36.2146,34.3848,34.5047,6753258
2018-07-11,34.2007,35.1594,33.1718,33.4700,4450396
2018-07-12,34.4900,36.0596,33.9464,36.0596,7329401
2018-07-13,36.1269,37.2697,35.9164,36.7231,5855515
2018-07-16,36.8284,37.6205,36.5711,37.3369,4028553
2018-07-17,37.2960,38.6902,37.1440,38.5821,5516808
2018-07-18,38.8071,39.4590,36.9862,37.1060,6654383
2018-07-19,37.1966,37.7023,36.2438,37.6965,5730980
2018-07-20,38.5821,38.8130,37.7637,38.2810,4374444
2018-07-23,38.0852,38.2284,37.5094,37.9449,2147193
2018-07-24,38.3483,39.1667,38.3249,39.0965,3765799
2018-07-25,39.2690,39.5963,38.4418,38.8744,3672740
2018-07-26,39.1111,39.1141,38.1729,38.4506,3572497
2018-07-27,38.5967,38.9270,37.8543,37.9391,3917361
2018-07-30,37.8514,38.5470,37.8251,37.9975,2791761
2018-07-31,37.9098,38.6581,37.7198,38.6581,2506769
2018-08-01,38.5967,39.4590,38.4359,39.2427,3280320
2018-08-02,39.3099,39.9997,39.3099,39.9997,3468490
2018-08-03,40.0435,40.3300,39.5466,40.0318,4640961
2018-08-06,40.1897,40.4673,39.5788,40.3358,4591695
2018-08-07,43.4019,43.4019,42.1597,42.6449,12362441
2018-08-08,42.3117,42.5572,40.7889,40.9292,6314650
2018-08-09,41.1513,42.9635,40.4820,42.9635,5567785
2018-08-10,42.4140,42.6420,40.5433,40.6369,6683806
2018-08-13,40.6836,41.3413,39.9471,41.2127,3622789
2018-08-14,41.6716,41.7973,41.1513,41.4582,2437317
2018-08-15,40.9204,41.0373,40.2014,40.5317,4251278
2018-08-16,41.4377,41.4377,39.8389,39.8389,4857528
2018-08-17,39.7512,40.0435,38.5821,39.0644,4795945
2018-08-20,39.0790,40.4440,38.9621,40.4440,3261161
2018-08-21,40.3358,41.0607,38.2898,38.7107,8411893
2018-08-22,39.1316,39.7016,38.0121,39.2368,3774694
2018-08-23,39.3070,40.1897,38.4067,38.8071,5554784
2018-08-24,39.4590,39.7220,38.3658,38.5821,3495518
2018-08-27,39.0497,39.3713,38.2372,38.4126,3902650
2018-08-28,38.4564,38.8744,37.0037,37.8046,6870607
2018-08-29,38.0384,39.0205,38.0384,38.6142,4979668
2018-08-30,38.4389,39.0614,37.1206,37.2960,4240330
2018-08-31,37.9946,38.1144,37.3574,38.0706,4474003
2018-09-03,37.7023,37.7052,36.7582,36.9628,2880030
2018-09-04,36.9950,37.0563,34.4024,34.4900,7213762
2018-09-05,34.4111,35.8609,34.2153,35.6095,5740902
2018-09-06,36.2467,36.7787,35.8200,36.5945,3935152
2018-09-10,36.8722,37.1966,34.7531,35.6183,6650962
2018-09-11,34.8116,35.3669,34.5660,34.8116,3429145
2018-09-12,35.3523,35.5131,34.5514,34.8993,3992972
2018-09-13,35.0922,35.0922,33.5781,33.7389,5446672
2018-09-14,33.6833,34.4024,33.4407,33.9055,4397367
2018-09-17,33.8967,34.8583,33.7243,34.7502,3088044
2018-09-18,34.6946,36.5361,34.5397,36.3695,5309137
2018-09-19,35.9486,36.0918,34.7853,34.7853,5605077
2018-09-20,35.6446,35.7177,34.2299,34.6333,4075424
2018-09-21,34.9256,36.6471,34.7297,36.2438,6453554
2018-09-24,35.9515,35.9515,35.0425,35.4809,3882464
2018-09-25,34.5777,36.5156,34.5193,35.9924,3395275
2018-09-26,35.9924,36.5361,35.6592,35.7030,4277280
2018-09-27,36.0333,36.9453,35.9661,36.2935,3865016
2018-09-28,36.0976,36.6939,35.7323,35.8024,3706611
2018-10-01,36.0830,36.4308,35.3669,35.8433,2296703
2018-10-02,36.4192,38.3336,36.4075,38.1144,5921545
2018-10-03,40.0728,41.0665,40.0435,40.7275,10307964
2018-10-04,39.8974,40.8766,38.9884,40.7743,6612985
2018-10-05,41.6803,42.1392,40.8766,41.5050,7161758
2018-10-08,43.5510,44.1940,43.0190,43.4165,5856199
2018-10-09,43.2441,44.4220,42.8466,43.9017,5154837
2018-10-10,43.4048,43.7965,41.9872,41.9872,5683767
2018-10-11,42.6741,44.3548,42.6595,44.0479,7096412
2018-10-15,44.7201,45.2960,43.5715,43.8433,4559193
2018-10-16,44.7201,46.8217,44.2934,46.5323,7320163
2018-10-17,46.0296,47.6313,45.5678,47.2777,6274621
2018-10-18,47.2631,47.2631,46.4154,47.0234,4502400
2018-10-19,47.2631,50.2298,46.4154,49.3968,6644461
2018-10-22,49.6861,50.8582,48.8122,48.8414,4949561
2018-10-23,48.4907,50.0456,48.0201,49.4143,4830158
2018-10-24,49.6657,50.0983,49.1045,49.1045,3823618
2018-10-25,49.6247,49.8790,48.2276,49.1688,5220526
2018-10-26,49.3412,49.3529,48.0230,48.7537,5272187
2018-10-29,48.4176,49.7271,47.8096,48.6514,4728546
2018-10-30,49.1337,49.5312,48.1224,49.4757,5786405
2018-10-31,49.6891,50.2181,48.4731,49.3383,3986471
2018-11-01,49.6891,49.9521,48.8151,49.6686,3774694
2018-11-05,49.7767,50.6390,49.1775,50.5542,4654989
2018-11-06,48.6660,48.8677,45.9244,46.3277,11561178
2018-11-07,47.3507,47.4501,42.6186,44.1063,16535030
2018-11-08,44.0011,45.0124,43.1126,43.1330,6285911
2018-11-09,43.2587,43.3932,41.8265,42.7910,7312636
2018-11-12,42.9664,45.4684,42.4695,44.8780,5683767
2018-11-13,45.2755,46.4008,44.5945,44.8400,5833961
2018-11-14,45.1147,45.6847,43.7001,45.4509,4972483
2018-11-16,45.8571,46.0998,45.3047,45.7432,4621460
2018-11-19,45.8893,46.1231,45.0884,45.6409,2290202
2018-11-21,45.2433,45.8455,44.4863,45.3749,3194446
2018-11-22,45.3369,46.7662,45.3076,46.7662,3855436
2018-11-23,46.8246,48.0756,46.8100,47.4530,4072345
2018-11-26,47.9353,48.4936,46.1845,46.2313,4683727
2018-11-27,46.8539,49.3442,46.5236,49.3295,4924243
2018-11-28,48.8122,50.6682,48.5287,49.7037,6672516
2018-11-29,48.6660,50.1275,47.6489,50.0515,5973207
2018-11-30,49.5400,49.9813,48.0815,48.1195,6011525
2018-12-03,49.1045,49.1980,46.9474,47.3887,3883833
2018-12-04,47.6606,49.0723,46.9649,48.1692,5701899
2018-12-05,48.1662,48.6514,47.7892,48.2013,1640502
2018-12-06,47.4969,48.5930,47.2192,48.3241,2461950
2018-12-07,48.0873,48.8706,47.6460,48.0376,2749338
2018-12-10,48.0376,48.4527,46.8831,46.9211,2371286
2018-12-11,47.6430,48.1019,47.0292,48.0493,2199880
2018-12-12,48.1692,49.1629,48.1692,49.1045,2984037
2018-12-13,49.1454,49.5780,48.8882,48.9583,2038738
2018-12-14,49.3032,50.4198,49.0314,49.8644,3763062
2018-12-17,49.8644,50.2736,49.5429,49.7095,2974800
2018-12-18,49.8937,51.4282,49.6014,51.4136,3376115
2018-12-19,51.4866,52.7873,51.4866,51.7380,3451383
2018-12-20,52.1735,52.6119,50.5688,52.0098,3488333
2018-12-21,51.7058,53.4187,51.4457,53.4187,4142824
2018-12-26,53.1965,53.2141,51.5889,51.6649,2742153
2018-12-27,51.8812,52.3781,50.7121,50.8582,2202275
2018-12-28,51.4574,52.9247,51.4574,52.9247,2837949
2019-01-02,52.7347,54.3627,52.3284,54.3627,2888583
2019-01-03,54.0705,54.2166,52.4249,53.7811,2816395
2019-01-04,53.7957,53.8834,52.1297,52.1443,2963852
2019-01-07,52.0274,53.3368,51.8140,52.9539,2263858
2019-01-08,53.0650,53.3397,52.3196,52.5272,2073977
2019-01-09,52.9042,53.1965,51.9543,52.3518,2651147
2019-01-10,52.3226,52.9335,51.9689,52.8604,2612144
2019-01-11,52.9042,53.0621,51.8841,51.9104,4007341
2019-01-14,52.0011,52.5213,51.4428,52.3196,3648791
2019-01-15,52.6119,52.8750,51.3200,51.7263,3517756
2019-01-16,51.7643,52.0274,50.6185,51.1505,3790432
2019-01-17,50.8728,51.5071,50.4928,50.9985,3071280
2019-01-18,51.2966,51.6912,50.7121,50.9167,2405157
2019-01-21,50.8553,50.9225,48.8122,48.8122,4277964
2019-01-22,47.6869,48.7976,46.9562,47.3654,6954429
2019-01-23,47.9324,49.7358,47.5875,49.5721,4089452
2019-01-24,49.8410,50.0690,48.2715,48.9525,3875280
2019-01-28,48.5170,49.2506,47.9382,48.9233,2678517
2019-01-29,49.1337,52.5243,49.1074,52.0566,5471305
2019-01-30,52.6119,53.1965,50.6039,51.4866,4701176
2019-01-31,51.8812,52.8984,50.7647,52.3401,3270056
2019-02-01,52.3196,52.7522,51.4779,52.2612,2209460
2019-02-04,51.8812,52.0712,51.0073,51.7555,1856384
2019-02-05,51.7029,51.8403,51.0920,51.2966,1545390
2019-02-06,50.9985,51.0043,49.2506,49.6014,2763365
2019-02-07,49.8673,51.2674,48.7537,48.7537,4026842
2019-02-08,49.1045,49.6891,48.0990,49.6891,2354864
2019-02-11,49.6774,49.6832,48.0844,48.3241,2321678
2019-02-12,48.8151,49.1600,47.7307,48.1692,3488333
2019-02-13,48.3942,48.5199,46.2430,47.1461,4112374
2019-02-14,47.4969,49.9784,46.7720,49.8907,3607736
2019-02-15,49.5429,49.6861,47.9266,47.9266,3361404
2019-02-18,47.9002,49.2623,47.4969,49.2623,1601841
2019-02-19,49.1045,50.2678,48.9905,49.5897,3236527
2019-02-20,50.2386,50.2386,47.4238,47.4969,5170233
2019-02-21,47.9733,48.0815,46.6405,47.0877,4344679
2019-02-22,49.6920,52.9510,48.4994,51.9981,13047723
2019-02-25,52.2495,52.5827,50.7705,50.7705,4422000
2019-02-26,50.5688,52.5739,50.0398,52.1735,3611499
2019-02-27,52.1735,52.4892,51.0950,51.4428,2726757
2019-02-28,51.4136,51.7292,49.7095,50.7004,3426066
2019-03-01,51.1183,52.3196,50.6273,51.2148,3037751
2019-03-06,51.1943,51.2528,50.0223,50.1596,1659661
2019-03-07,50.1246,52.0244,49.8352,51.7789,4242725
2019-03-08,51.4136,53.5999,50.7997,52.8516,5795642
2019-03-11,52.8312,53.7343,52.1004,53.3631,4178063
2019-03-12,52.9042,53.0533,52.0098,52.2758,2418842
2019-03-13,52.1004,52.4863,51.3259,51.8169,2455792
2019-03-14,51.7205,52.1940,51.3171,51.5889,1458148
2019-03-15,52.0274,52.1735,51.2996,51.7906,2712388
2019-03-18,51.7351,53.0387,51.4866,52.7347,4623513
2019-03-19,52.5389,53.4274,52.4103,52.8165,2315177
2019-03-20,52.8195,53.2842,52.3664,53.0884,2482136
2019-03-21,52.7727,53.2696,52.3196,53.2696,3367562
2019-03-22,52.5827,53.1644,50.4841,50.6536,4738126
2019-03-25,50.7851,51.5597,49.8557,50.5981,3537942
2019-03-26,51.1213,51.6152,50.7939,51.6152,2618303
2019-03-27,51.1505,51.1505,48.6251,49.1045,5507571
2019-03-28,49.3997,50.4022,48.2773,49.9200,4790813
2019-03-29,50.3321,50.8436,49.9813,50.5221,2454766
2019-04-01,50.8494,51.0745,50.0661,50.0661,1734929
2019-04-02,50.4110,50.4110,48.3738,48.5637,3806854
2019-04-03,49.0899,50.4958,48.7567,49.4172,4336810
2019-04-04,49.6891,50.0836,48.9671,49.3968,2435606
2019-04-05,49.4318,49.8995,48.9759,49.6861,2522507
2019-04-08,49.6014,49.7475,48.2598,48.7362,8245276
2019-04-09,48.5637,49.2097,47.7892,48.6105,3625526
2019-04-10,48.8122,49.3091,48.3796,49.3091,2177300
2019-04-11,49.2214,49.2214,47.9353,48.5199,2226909
2019-04-12,47.9587,49.2974,47.4384,48.1779,2851292
2019-04-15,48.5199,48.7771,47.4677,47.7892,4488372
2019-04-16,47.7015,48.4410,47.2338,47.5553,2558430
2019-04-17,47.8067,48.1516,46.3336,46.7136,4210907
2019-04-18,46.9942,50.0603,46.8685,49.9229,4705966
2019-04-22,49.6627,49.7300,48.5520,48.8706,1488255
2019-04-23,49.1074,50.1099,49.1045,49.9813,1783169
2019-04-24,49.8849,50.5601,49.2506,50.4081,2779787
2019-04-25,49.9872,51.1505,49.7066,51.1505,2649436
2019-04-26,51.4428,52.5973,51.2499,52.3050,3957048
2019-04-29,52.3196,52.6119,51.8169,52.1764,1758536
2019-04-30,53.6642,55.9031,53.4888,55.9031,7337954
2019-05-02,55.1753,56.2802,54.9210,55.7511,4635487
2019-05-03,55.8271,58.1654,55.8271,57.3616,4113743
2019-05-06,56.9963,58.7383,56.7127,58.5191,5263634
2019-05-07,58.8961,59.1329,55.9090,56.1632,5865094
2019-05-08,56.1486,57.1424,56.1486,56.5578,3107545
2019-05-09,56.3708,56.3708,54.3364,54.3364,3698058
2019-05-10,54.6667,55.1607,52.9218,54.5118,3025435
2019-05-13,53.9272,54.1465,52.6119,52.6178,3199578
2019-05-14,53.4917,54.0734,52.0274,52.1004,3494492
2019-05-15,51.5129,51.5129,50.1859,50.5659,5092228
2019-05-16,50.3321,50.5133,48.7450,48.8122,6084740
2019-05-17,48.2481,50.5133,48.2481,49.3442,3629290
2019-05-20,49.6832,51.2090,49.4581,50.5659,3522204
2019-05-21,51.4077,53.1059,51.3288,52.4395,3987840
2019-05-22,52.9042,53.8366,52.0274,52.6850,3810618
2019-05-23,51.9397,53.2813,51.1856,52.7435,3564286
2019-05-24,53.3397,53.6408,51.4428,51.6912,2770207
2019-05-27,52.9042,53.1965,52.0274,52.0274,1678820
2019-05-28,52.6996,55.2425,52.6499,55.2425,7070068
2019-05-29,55.6225,57.1132,54.6901,55.3215,4845554
2019-05-30,55.5348,56.8209,55.4238,56.3795,3098650
2019-05-31,56.1194,57.2886,56.0171,57.2886,2898847
2019-06-03,57.5808,58.1070,56.5608,56.9203,2854029
2019-06-04,57.8731,58.1625,56.1194,56.8560,2803394
2019-06-05,57.2886,57.6393,54.9590,55.8826,4348784
2019-06-06,56.7040,56.7040,54.9795,55.5377,2358628
2019-06-07,55.7599,58.0047,55.6897,58.0047,3369957
2019-06-10,58.0280,59.7438,57.4347,59.1884,4019315
2019-06-11,59.6269,61.2344,59.5246,60.5593,3869806
2019-06-12,60.2114,60.2524,58.7500,59.3696,4555772
2019-06-13,60.2114,61.4478,60.0624,61.2666,4409341
2019-06-14,61.0854,62.8420,60.0361,61.8395,5071700
2019-06-17,61.9944,63.1314,60.4511,60.6499,4715887
2019-06-18,61.5560,62.1376,60.5125,60.8252,3787353
2019-06-19,60.5037,61.6729,59.9455,61.3806,8899767
2019-06-21,61.6729,62.5439,61.6349,62.1552,4248541
2019-06-24,62.0119,62.5205,60.9772,61.3747,2896795
2019-06-25,61.0883,61.6700,60.3576,60.3605,3571128
2019-06-26,60.7960,61.3981,60.5037,60.9275,2442107
2019-06-27,60.8808,61.2315,60.0565,60.9860,2546456
2019-06-28,61.2052,61.7080,60.6177,61.7080,3470543
2019-07-01,61.9652,62.4328,61.1380,61.4391,2443817
2019-07-02,61.5998,62.1113,61.0883,62.0996,2432869
2019-07-03,61.9155,64.5578,61.7430,64.5519,4625908
2019-07-04,65.0693,65.4726,64.6250,64.6250,3882806
2019-07-05,64.8881,66.6915,64.4379,66.0806,3367904
2019-07-08,66.0835,67.5771,65.8234,67.0510,3225579
2019-07-10,67.5917,68.9479,67.5917,68.2494,3829092
2019-07-11,68.9216,68.9216,66.9779,67.4514,3690531
2019-07-12,68.6878,70.2545,67.8109,67.8256,6604774
2019-07-15,68.6878,68.8018,67.2351,67.4164,3203341
2019-07-16,67.7671,68.4510,67.6502,68.3955,2385656
2019-07-17,69.3016,73.3469,69.3016,71.4324,8947665
2019-07-18,72.3443,73.2037,71.6428,72.1953,4261542
2019-07-19,72.7798,72.8968,69.5793,69.5793,5179813
2019-07-22,70.4415,72.3326,69.8570,72.2976,5122677
2019-07-23,72.7857,72.9494,70.5438,70.7338,3890333
2019-07-24,71.0261,72.8091,71.0261,71.8474,2970010
2019-07-25,72.3999,72.5636,70.7718,71.4587,3841409
2019-07-26,71.9673,74.1828,71.5815,73.6567,4050449
2019-07-29,73.6567,77.2928,73.2621,77.1057,4944771
2019-07-30,77.1057,79.3388,76.8777,77.3249,6040948
2019-07-31,78.3041,78.9179,76.0944,77.0823,5390563
2019-08-01,78.7718,81.6187,78.4210,80.8178,8488529
2019-08-02,82.0162,83.2409,81.1101,82.8784,4882504
2019-08-05,82.4254,82.4254,80.4700,80.6716,6363232
2019-08-06,83.2204,86.6577,83.0801,85.5821,7465268
2019-08-07,86.2836,86.2836,82.4020,84.9040,4964229
2019-08-08,85.8159,87.3124,85.4652,86.8448,4172503
2019-08-09,86.8682,90.3990,86.8448,88.3413,5162749
2019-08-12,88.3179,88.3179,84.1089,85.1612,4141754
2019-08-13,87.9204,89.5572,87.4995,88.5050,6890066
2019-08-14,87.3826,89.4403,85.5353,86.4005,5666019
2019-08-15,87.6866,88.9259,84.4363,84.9040,4309397
2019-08-16,87.8970,88.5050,85.1144,87.8269,3831231
2019-08-19,89.0194,89.3234,87.2189,88.4582,2475935
2019-08-20,88.0373,88.1075,84.6701,85.4184,4420118
2019-08-21,85.9796,87.0318,85.4418,85.4418,2728938
2019-08-22,85.8159,86.2836,80.1572,80.5080,5647929
2019-08-23,78.6841,81.7940,77.1174,78.9881,7099063
2019-08-26,81.4900,81.8408,77.7487,78.8010,4128369
2019-08-27,80.1104,81.6771,79.0816,79.9935,5566032
2019-08-28,79.5259,81.7940,78.3333,81.6303,4725168
2019-08-29,83.2204,87.1254,82.6592,87.1254,5972907
2019-08-30,87.9204,88.6920,83.9687,84.8572,4751896
2019-09-02,85.3483,86.3771,84.3662,85.6055,2921855
2019-09-03,84.8338,87.4060,83.6647,83.8985,3163825
2019-09-04,85.7224,86.9851,84.9975,86.9851,3359779
2019-09-05,87.6866,88.3647,85.6990,85.8159,3061144
2019-09-06,86.4706,86.6577,83.8284,84.1791,3370641
2019-09-09,84.3895,84.5532,78.3567,79.9701,6139823
2019-09-10,77.1642,77.8891,73.9607,75.9950,10269218
2019-09-11,78.8010,81.0224,77.5149,80.9055,7019818
2019-09-12,81.8408,82.7527,79.2219,81.8408,5401041
2019-09-13,82.3552,82.4721,79.6194,79.7363,3326678
2019-09-16,79.0348,81.5368,76.6264,81.5368,4565351
2019-09-17,79.8298,82.2617,79.1050,81.4900,4432221
2019-09-18,80.6716,82.3085,80.5547,81.9811,2734369
2019-09-19,82.7761,84.9975,82.7761,83.7348,4950587
2019-09-20,84.0388,85.4886,82.8930,85.4886,4567233
2019-09-23,85.5353,85.5353,83.5711,84.1557,2637975
2019-09-24,84.4129,86.5174,84.1089,85.9796,4032274
2019-09-25,85.4652,86.2134,83.5945,85.8627,2422777
2019-09-26,86.0731,87.1488,85.3716,85.5119,2965862
2019-09-27,85.4886,86.1433,84.5298,86.0497,1747673
2019-09-30,85.9328,87.0318,85.4418,86.6109,2211898
2019-10-01,86.8682,87.5696,85.8393,87.5696,2764263
2019-10-02,86.8682,87.1955,84.8104,85.3483,3794067
2019-10-03,85.4886,87.2189,84.2960,87.2189,2479356
2019-10-04,87.4527,91.0070,87.2189,90.6796,6389234
2019-10-07,90.2587,92.9478,89.2298,89.7910,4237807
2019-10-08,90.3522,91.1239,88.5284,88.8557,4560262
2019-10-09,89.5572,92.7841,89.5104,92.7139,3837560
2019-10-10,92.8308,93.4856,90.7264,91.0537,3251324
2019-10-11,92.3164,95.2861,92.0358,94.7015,4697926
2019-10-14,93.5323,98.6065,93.2985,98.6065,4717598
2019-10-15,98.6766,100.0796,96.4085,97.7413,4100528
2019-10-16,97.2970,100.2667,95.8005,99.9861,4406091
2019-10-17,99.8458,103.7040,99.6119,100.9448,5710966
2019-10-18,101.5761,102.7687,99.0274,100.5473,3056098
2019-10-21,101.3657,101.8333,99.1910,100.7811,2643107
2019-10-22,100.9915,102.8388,100.9448,102.2308,2564417
2019-10-23,101.9269,102.8622,100.3602,101.6930,3460364
2019-10-24,101.6930,102.7687,100.9214,101.1318,2560013
2019-10-25,101.4358,101.7164,98.2089,98.2089,3486323
2019-10-28,98.6766,100.9682,98.3259,99.7756,4527632
2019-10-29,100.9682,101.4592,95.0055,96.2214,5338346
2019-10-30,100.2199,103.9144,98.7935,102.9323,13725007
2019-10-31,101.3657,104.3821,99.5418,104.3821,10256389
2019-11-01,105.1070,110.6020,105.0134,110.3448,9883042
2019-11-04,112.5662,114.0861,104.6861,105.1537,13404305
2019-11-05,105.9721,108.2169,101.7632,102.9791,7777930
2019-11-06,104.0547,105.9254,101.6930,105.6915,5043817
2019-11-07,106.6502,107.3284,103.2597,103.3532,4181954
2019-11-08,101.7398,104.7328,100.4303,102.4413,4550169
2019-11-11,101.7164,106.3463,101.1085,105.2706,4774348
2019-11-12,105.6915,106.2995,100.7109,101.4826,6996211
2019-11-13,100.2199,100.2667,97.5075,99.3781,9760389
2019-11-14,99.8458,103.9612,99.5418,103.4701,7726996
2019-11-18,105.2239,105.6682,102.3478,105.1771,11827054
2019-11-19,105.1771,105.8084,101.7866,104.1015,6386197
2019-11-21,104.9667,105.4343,103.4701,105.2239,4581260
2019-11-22,104.5224,106.8373,104.1950,106.3696,5130204
2019-11-25,106.3930,106.4164,103.5871,103.5871,3881866
2019-11-26,103.3532,103.5637,99.4015,100.6408,7691928
2019-11-27,101.5995,106.6269,101.0149,106.6269,6963795
2019-11-28,105.9955,107.6791,104.8264,106.6269,5152228
2019-11-29,107.0945,107.3517,105.2940,105.2940,4865739
2019-12-02,106.2761,106.7438,104.1015,105.0368,4213858
2019-12-03,105.6682,105.7149,102.8856,104.2652,3682747
2019-12-04,104.5224,106.9776,102.8856,103.0492,6239938
2019-12-05,103.5403,105.6682,103.0492,104.9667,4173786
2019-12-06,105.2706,106.6035,104.7562,106.1592,3230198
2019-12-09,106.1592,108.7313,105.9721,107.2114,5457577
2019-12-10,107.4219,108.9652,105.9254,108.9652,3608548
2019-12-11,109.6199,112.0050,109.0821,111.2567,4818825
2019-12-12,112.1453,113.1040,111.1398,111.8413,3876905
2019-12-13,112.9403,116.1204,112.2388,114.7408,5841060
2019-12-16,115.7229,116.6348,113.7821,115.2786,4570184
2019-12-17,115.4891,115.4891,110.4383,111.9582,5182934
2019-12-18,112.5895,114.5771,111.4438,113.4781,4405962
2019-12-19,113.4781,113.9458,112.0050,113.6886,3215957
2019-12-20,113.6886,114.6473,112.1453,113.6184,3928352
2019-12-23,113.6418,115.1617,113.1741,113.9691,2780770
2019-12-26,114.1094,114.8109,113.7119,114.7876,2073849
2019-12-27,114.9279,115.5358,112.5895,113.9458,2533840
2019-12-30,114.1094,114.5537,111.0930,111.5373,3458739
2020-01-02,112.9403,115.3487,111.5607,115.3487,3164766
2020-01-03,113.4080,115.3487,112.9403,114.3199,2858647
2020-01-06,113.1741,115.3020,111.7711,114.4134,2925106
2020-01-07,114.4368,115.0448,113.4080,114.0861,2867329
2020-01-08,113.6886,117.7338,113.4080,117.5935,4277365
2020-01-09,118.0846,122.1298,117.8975,121.7791,4717085
2020-01-10,121.8025,124.0473,119.3706,121.1244,4007640
2020-01-13,122.0597,126.8065,121.9428,126.8065,3667950
2020-01-14,126.2686,128.7239,125.3333,126.2686,3547521
2020-01-15,125.5204,127.1104,124.3980,125.4736,3952173
2020-01-16,126.7363,127.9522,122.2935,125.0060,3583274
2020-01-17,125.8010,127.2741,124.1642,127.0871,2585629
2020-01-20,126.5492,130.9453,126.3856,130.9453,3167204
2020-01-21,130.2905,132.6756,130.0333,130.7348,3448775
2020-01-22,132.1378,133.5174,128.2094,130.2204,3855607
2020-01-23,130.1970,132.6288,128.4433,132.3015,3500351
2020-01-24,132.7458,133.4005,130.9453,131.2960,3215444
2020-01-27,128.7239,129.3085,125.6841,125.8010,3217625
2020-01-28,126.2920,133.2602,126.2920,133.2602,4429013
2020-01-29,134.4761,135.8323,132.4652,133.9617,4254999
2020-01-30,131.8104,132.5821,128.6537,132.1144,4736714
2020-01-31,130.1035,133.6343,129.0746,130.4776,4146288
2020-02-03,132.0677,133.1667,130.1502,132.1846,2626471
2020-02-04,134.6866,137.1886,133.5876,134.8269,3514592
2020-02-05,136.7910,137.5861,133.3537,133.9851,3686896
2020-02-06,135.6219,135.9726,130.4776,130.5478,4401044
2020-02-07,130.2438,130.7816,125.0995,126.8065,4178576
2020-02-10,126.2686,129.8463,120.5164,122.4806,5487385
2020-02-11,124.3980,128.1393,120.9607,126.9000,4057933
2020-02-12,127.5080,132.2313,126.8532,130.8050,4501544
2020-02-13,128.4199,133.9851,126.5025,133.4005,5878010
2020-02-14,134.6866,135.5284,130.9453,131.7169,3921638
2020-02-17,135.6219,140.1114,133.6343,137.6095,7887668
2020-02-18,136.2065,138.1940,134.4527,136.1363,4087784
2020-02-19,136.4403,137.7264,134.7099,135.2945,3903890
2020-02-20,135.4582,135.9259,130.5478,132.2079,4763914
2020-02-21,130.1269,135.2010,129.5423,131.9975,4099331
2020-02-26,124.0706,126.3856,121.0308,123.6497,5743083
2020-02-27,121.5920,124.8657,116.9622,117.5000,6288606
2020-02-28,114.5771,118.1313,110.4149,118.1313,8424808
2020-03-02,118.5522,124.9592,116.4945,122.8781,6907942
2020-03-03,123.1821,128.1393,120.8204,123.5796,6242974
2020-03-04,127.2040,127.3443,121.2881,122.6443,4847778
2020-03-05,121.5920,121.5920,108.9652,111.7478,9064886
2020-03-06,103.1895,108.5209,100.6642,105.9955,12121070
2020-03-09,91.2408,99.0507,90.6796,94.3741,10389818
2020-03-10,105.2239,109.9239,98.8637,109.8771,8779209
2020-03-11,105.2239,109.3627,93.2985,100.7343,8588644
2020-03-12,84.1791,90.7965,71.4821,79.5025,7487977
2020-03-13,99.3781,99.9861,79.9935,98.2089,12889959
2020-03-16,81.8408,93.3219,79.6662,79.6662,9877311
2020-03-17,84.4597,88.1075,76.8134,83.1736,11570287
2020-03-18,74.8726,78.6139,61.8950,67.3667,13016717
2020-03-19,64.3035,73.3527,58.4577,71.4353,12051789
2020-03-20,76.6965,84.3428,71.6692,71.6692,12131334
2020-03-23,75.9950,77.0005,69.1204,70.6403,9176078
2020-03-24,78.8478,88.3647,78.8478,85.7691,8847122
2020-03-25,86.2836,101.3657,85.8627,93.5323,13382922
2020-03-26,95.0289,103.8209,94.1403,96.1512,9787118
2020-03-27,90.4691,95.2627,88.0373,91.1940,7301646
2020-03-30,95.8706,98.2557,93.0647,97.2736,8100813
2020-03-31,99.3313,101.0149,90.7497,91.1706,10388022
2020-04-01,87.4527,91.4980,84.3428,87.6398,7875479
2020-04-02,89.3701,90.4925,82.0980,83.9219,8798027
2020-04-03,82.6358,83.3607,77.9358,83.1035,7036112
2020-04-06,89.7910,92.0826,87.0318,89.3234,6950109
2020-04-07,96.8995,99.6119,93.7428,93.7428,8402997
2020-04-08,94.1637,98.6766,92.2229,98.1154,6766130
2020-04-09,100.1264,102.1841,96.4786,97.3905,5546702
2020-04-13,96.0811,98.4428,95.0990,97.9985,3616332
2020-04-14,100.3134,101.4826,99.0040,100.3134,4837300
2020-04-15,98.4428,103.6338,97.0398,102.5348,5786490
2020-04-16,104.4055,107.5622,103.3532,106.5567,6235661
2020-04-17,109.1522,109.6433,102.6517,104.2652,5181908
2020-04-20,102.2308,113.5249,101.1318,113.3612,8537753
2020-04-22,115.7463,122.0129,114.8109,118.2015,9568413
2020-04-23,121.2647,122.7612,113.5950,115.6761,7504313
2020-04-24,113.1507,114.9279,99.7990,110.7890,11328617
2020-04-27,115.1149,116.9154,112.2388,115.7463,7485112
2020-04-28,119.2537,121.1244,117.2662,121.1244,6195419
2020-04-29,122.9950,123.6731,117.2662,118.3652,7176170
2020-04-30,116.5881,120.5398,114.8343,116.2139,5000153
2020-05-04,112.2388,120.8438,110.6254,120.2826,5597251
2020-05-05,121.9428,123.4627,117.2662,117.3831,5511463
2020-05-06,122.1065,131.1323,121.6388,128.9577,12761961
2020-05-07,132.1144,136.0895,124.8423,132.7925,9907504
2020-05-08,135.4348,135.4348,128.0224,129.8696,5934846
2020-05-11,129.6358,132.2313,127.5781,128.4900,3614194
2020-05-12,129.7761,133.2836,126.4090,128.1393,4387701
2020-05-13,130.0099,130.8050,127.2741,128.8408,5271075
2020-05-14,128.1393,130.2672,125.8010,129.7761,5725121
2020-05-15,128.6070,131.5298,126.9701,128.9109,3752114
2020-05-18,132.0910,132.5587,128.8408,130.3607,4443126
2020-05-19,130.8050,138.5448,130.2438,136.9781,6382306
2020-05-20,137.9602,139.1293,133.0030,133.0497,5179470
2020-05-21,134.6866,138.1940,133.4706,136.3000,4544824
2020-05-22,135.3647,138.6617,133.6343,134.8035,4752067
2020-05-25,138.4279,142.6368,137.6796,141.2338,4675474
2020-05-26,147.7811,159.3089,147.6642,150.7741,10947486
2020-05-27,156.3393,158.4672,151.4055,157.5085,6068446
2020-05-28,157.2512,157.9294,150.8209,152.5746,5840376
2020-05-29,152.6915,153.6035,149.6517,150.4701,7204268
2020-06-01,149.6517,151.1950,146.7289,148.9502,3774438
2020-06-02,151.0781,151.9433,143.5955,144.5075,7988168
2020-06-03,147.0328,148.4358,140.7194,145.8637,8410481
2020-06-04,144.1099,145.3259,140.3219,141.4443,5506887
2020-06-05,144.9751,145.1856,136.8378,139.0124,8308314
2020-06-08,140.3219,147.9682,138.6617,145.8637,8861235
2020-06-09,143.0577,148.9269,142.4030,145.8637,4907864
2020-06-10,147.3134,152.1303,142.9642,151.0547,8496527
2020-06-12,146.8925,151.9900,146.1676,149.5348,7341247
2020-06-15,146.9393,153.9776,145.4895,153.9776,6296090
2020-06-16,155.7313,157.7657,151.0547,154.3284,6677263
2020-06-17,155.2871,160.5482,154.1647,157.1109,8271749
2020-06-18,157.0876,165.8328,154.1413,162.9801,8348856
2020-06-19,165.9731,167.7502,164.6637,166.9552,8583769
2020-06-22,167.4697,169.1532,164.1259,165.7861,4002637
2020-06-23,167.3293,168.5686,164.2662,164.2662,3168401
2020-06-24,164.1492,167.3761,159.4726,163.2139,4573648
2020-06-25,163.4711,165.3184,160.7353,162.9567,3390570
2020-06-26,162.4890,165.8094,160.5249,162.1617,3525155
2020-06-29,164.0791,164.6403,159.8234,164.6403,3543416
2020-06-30,163.2841,170.4627,162.8398,167.5398,5510308
2020-07-01,168.3114,169.5274,165.7861,169.0597,3790902
2020-07-02,170.1119,171.2811,163.9154,163.9154,4675345
2020-07-03,164.1492,168.4751,162.0448,168.3582,3034202
2020-07-06,170.2522,171.1174,167.4229,168.3348,3489274
2020-07-07,168.1244,174.8821,166.1836,174.7184,5316877
2020-07-08,175.9577,179.3483,174.9522,179.3483,5003104
2020-07-09,180.0497,186.0826,178.2726,185.6617,4980908
2020-07-10,185.4045,189.4030,184.6094,187.4856,5555041
2020-07-13,188.4910,192.2089,187.5557,188.2338,4759209
2020-07-14,188.8184,192.5597,185.7552,188.2338,6074220
2020-07-15,190.1045,191.5074,189.0990,190.5721,5463009
2020-07-16,189.6368,191.2736,185.0537,187.4856,4797827
2020-07-17,188.2338,192.2557,188.1871,191.7413,4708745
2020-07-20,192.5831,203.8070,191.9985,203.4328,4649172
2020-07-21,207.4313,209.2786,195.7632,197.1194,6542122
2020-07-22,196.4179,201.2348,192.1154,197.9378,4624283
2020-07-23,198.9433,199.6915,183.5572,188.0000,5444063
2020-07-24,186.7841,186.8308,180.5408,186.2930,5826306
2020-07-27,188.5846,191.6244,183.5572,185.5448,4365549
2020-07-28,185.4746,189.6368,183.6040,188.0000,3206335
2020-07-29,189.3328,190.3851,185.9423,187.5557,2715681
2020-07-30,185.1940,195.1318,184.8900,194.7577,4924329
2020-07-31,196.8856,198.1716,187.0647,188.7249,4869332
2020-08-03,189.8940,193.6119,186.5035,193.0741,4058019
2020-08-04,190.4552,194.5473,188.9821,192.9104,3370256
2020-08-05,194.7811,197.4234,193.8458,194.0796,3239949
2020-08-06,196.4179,201.5388,195.2487,200.8841,4712723
2020-08-07,199.2239,204.6020,197.2129,200.2761,4969276
2020-08-10,201.5154,201.7960,189.6836,191.5776,6551488
2020-08-11,193.3781,194.0562,187.6025,189.3796,4561973
2020-08-12,190.1279,192.0453,185.1940,187.2050,4719694
2020-08-13,188.4677,196.4179,185.8020,188.1169,6768140
2020-08-14,188.4910,192.7467,187.5323,191.1801,4558722
2020-08-17,192.9104,195.1786,185.6383,190.9229,6299511
2020-08-18,199.9254,209.9801,196.4413,209.2786,13677195
2020-08-19,208.1328,210.9856,206.2856,209.7463,5850896
2020-08-20,206.1453,206.4025,201.4453,204.2512,5854830
2020-08-21,203.3393,207.4079,202.0298,204.2512,3530372
2020-08-24,206.1920,208.2965,202.5209,203.6199,3353321
2020-08-25,205.5373,207.4313,204.3915,205.7711,3164937
2020-08-26,206.0284,213.9552,205.6776,210.7985,7405054
2020-08-27,211.4298,215.4050,211.4298,215.0776,5259571
2020-08-28,216.2935,221.1572,214.8905,221.1572,4227072
2020-08-31,220.9935,221.0169,215.9662,217.9771,4790471
2020-09-01,220.2686,225.0622,219.0293,222.9109,3766440
2020-09-02,224.2438,225.4597,217.4627,218.6552,4365420
2020-09-03,219.3567,220.5025,203.9005,206.9403,9100681
2020-09-04,209.1617,211.4766,195.1786,207.5716,9652020
2020-09-08,203.5497,209.3020,199.9254,205.0463,4842218
2020-09-09,208.1796,213.7915,208.1796,213.2537,4892725
2020-09-10,213.6746,219.0761,203.4328,206.3557,7049583
2020-09-11,208.9512,211.3831,203.7134,204.7657,5146626
2020-09-14,208.5771,214.8204,208.1094,211.1492,5333428
2020-09-15,213.7448,216.1532,208.2965,209.4657,4870743
2020-09-16,210.0269,212.5522,207.2443,208.5070,3953670
2020-09-17,207.1507,208.8109,202.6378,203.6667,5297291
2020-09-18,204.8358,209.3955,201.1880,203.8070,6464972
2020-09-21,199.2940,208.4602,197.1895,207.4079,6519584
2020-09-22,209.5124,210.8687,204.6020,209.2552,5639418
2020-09-23,209.2552,210.3776,201.5856,202.2169,4633820
2020-09-24,203.1990,209.9567,200.3930,208.8109,5180026
2020-09-25,206.7298,213.0199,204.6020,211.9209,4610084
2020-09-28,214.1890,215.7791,203.4796,204.5318,6741625
2020-09-29,204.6955,207.7587,202.4040,204.5552,4095225
2020-09-30,206.0284,210.2139,203.9940,208.5771,5022776
2020-10-01,208.9045,214.8905,208.6005,214.8905,4876730
2020-10-02,212.9030,214.6099,204.8358,205.8880,6364344
2020-10-05,208.0627,212.0846,206.3791,210.7751,5143419
2020-10-06,212.7861,213.2537,207.7821,208.8109,4573605
2020-10-07,209.7463,212.2482,207.8756,207.9691,4451252
2020-10-08,209.9801,215.1244,208.3433,214.8204,4978941
2020-10-09,214.8905,229.5050,214.1890,229.5050,9875472
2020-10-13,232.7318,244.1194,232.6617,243.1841,10126038
2020-10-14,247.8607,254.8756,234.2050,240.1910,8937882
2020-10-15,234.0179,243.8388,233.8308,238.6010,3715292
2020-10-16,240.9393,243.6517,235.3273,241.3134,3493241
2020-10-19,244.2129,245.9900,237.1045,240.2846,3895294
2020-10-20,241.3134,244.4935,239.9104,243.5582,2971026
2020-10-21,243.1841,250.6667,242.8099,245.2418,3788401
2020-10-22,246.4577,246.9254,243.1841,244.1194,2469424
2020-10-23,244.1194,245.1482,239.9104,242.4358,2559959
2020-10-26,241.3134,244.1194,234.8597,238.2269,2756415
2020-10-27,238.7881,240.8458,234.9532,238.0398,2212860
2020-10-28,231.9602,236.0756,228.2189,230.3701,3850732
2020-10-29,228.2189,239.2557,223.3552,237.1980,4047081
2020-10-30,235.2338,236.6368,225.9741,230.3701,3327009
2020-11-03,236.4497,237.4786,231.4925,233.7373,2699622
2020-11-04,237.5721,249.0766,237.2915,244.9612,5472791
2020-11-05,251.4149,259.0846,250.1055,256.7462,4959001
2020-11-06,252.5373,255.9045,247.9542,255.6239,3559678
2020-11-09,263.2935,264.7900,246.4577,247.3930,7672394
2020-11-10,243.2776,253.6597,235.5144,235.8885,8452756
2020-11-11,237.5721,245.1482,236.4497,239.2557,5470974
2020-11-12,238.7881,242.7164,232.9890,238.3204,3615754
2020-11-13,240.9393,241.1264,232.5214,234.7662,3802300
2020-11-16,236.6368,237.4786,227.0030,232.4279,4421593
2020-11-17,231.4925,236.3562,229.4348,231.3055,3411429
2020-11-18,231.0249,231.3055,225.1323,229.5284,3370289
2020-11-19,229.4348,231.2119,222.7940,230.4637,5350032
2020-11-23,227.2836,227.9383,217.1821,219.0527,6376372
2020-11-24,218.5851,224.1970,214.1890,221.6716,6143875
2020-11-25,221.3910,227.3771,219.9881,224.4776,4160571
2020-11-26,223.5423,227.2836,222.7940,226.8159,2470664
2020-11-27,227.4706,229.6219,223.7293,226.2547,3862364
2020-11-30,226.3483,230.9313,217.1821,218.6786,7175090
2020-12-01,221.2040,222.3264,211.3831,214.0020,5268787
2020-12-02,214.0020,216.7144,212.7861,215.5920,2734423
2020-12-03,215.8726,220.7363,214.4696,217.9303,3547831
2020-12-04,219.0527,223.0746,216.7144,221.2975,2431020
2020-12-07,221.2975,227.0030,219.1463,222.6069,2627059
2020-12-08,221.9522,233.3632,220.8298,233.3632,4500657
2020-12-09,233.3632,234.3920,222.7005,224.2905,4402114
2020-12-10,225.4129,225.9741,216.7144,218.8657,3600284
2020-12-11,215.9662,220.0816,212.5055,215.0308,4078204
2020-12-14,215.1244,226.5353,213.9084,224.9453,4629468
2020-12-15,224.9453,232.1472,221.1104,230.1831,4222796
2020-12-16,229.1542,233.5502,226.0677,233.4567,4416643
2020-12-17,232.5214,234.8597,227.8448,229.5284,2504716
2020-12-18,228.9671,230.3701,225.4129,229.3413,3316436
2020-12-21,223.8229,237.3851,220.8298,233.8308,5579760
2020-12-22,236.5433,237.7592,232.4279,235.3273,2698125
2020-12-23,236.1691,239.7234,233.5502,233.5502,2198020
2020-12-28,231.7731,236.9174,228.2189,236.1691,2469637
2020-12-29,235.9821,239.0686,234.0179,236.4497,1901983
2020-12-30,237.2915,240.0040,233.3632,233.3632,2051557
2021-01-04,236.2627,239.2557,232.6149,235.7015,2748365
2021-01-05,234.7662,235.5144,227.6577,231.5861,2719049
2021-01-06,230.5572,230.6507,219.0527,219.4268,5538084
2021-01-07,221.1104,223.0746,214.6567,216.6209,4506099
2021-01-08,216.9015,227.2836,215.3114,222.9811,4702983
2021-01-11,219.8010,223.0746,218.2109,219.7075,2849078
2021-01-12,220.7363,227.4706,217.4627,226.3483,3746308
2021-01-13,226.3483,226.3483,220.2686,224.6647,2738111
2021-01-14,225.8806,225.9741,219.8010,221.9522,2731504
2021-01-15,221.9522,225.5065,218.3980,224.1035,3502649
2021-01-18,224.9453,230.5572,223.6358,228.6866,2593456
2021-01-19,229.5284,233.3632,222.7940,225.2259,2247949
2021-01-20,226.1612,238.7881,225.6000,237.7592,5141462
2021-01-21,237.5721,239.9104,232.4279,238.4139,3532350
2021-01-22,235.0468,245.9900,234.7662,243.0905,4597789
2021-01-26,245.5224,253.1920,240.0975,240.8458,4754965
2021-01-27,240.5652,246.8318,237.1045,241.2199,4804969
2021-01-28,241.9681,247.8607,237.4786,244.9612,3508936
2021-01-29,240.7522,243.9323,234.1114,236.3562,3864043
2021-02-01,240.1910,240.7522,231.4925,233.1761,3129153
2021-02-02,236.6368,240.6587,235.7015,236.6368,2946916
2021-02-03,237.9463,241.0328,234.2050,239.9104,2241289
2021-02-04,239.8169,245.0547,235.3273,236.7303,2106907
2021-02-05,237.3851,244.0259,237.3851,241.7811,2664180
2021-02-08,241.7811,246.9254,238.6945,244.6806,2755549
2021-02-09,244.6806,247.3930,242.2487,245.4288,2068600
2021-02-10,244.1194,244.3065,234.8597,236.6368,4280562
2021-02-11,236.6368,242.7164,236.6368,239.9104,2199228
2021-02-12,238.6945,242.9970,237.1045,242.3423,1617879
2021-02-17,240.5652,245.1482,238.1333,238.5074,2646517
2021-02-18,238.5074,239.3492,231.9602,234.2050,2413903
2021-02-19,233.0826,237.4786,226.2547,233.2696,4134634
2021-02-22,226.6288,229.3413,221.2975,226.8159,4427602
2021-02-23,227.2836,234.5791,223.0746,232.5214,4692462
2021-02-24,233.1761,234.7662,226.3483,230.4637,3999793
2021-02-25,229.9960,234.0179,222.7005,224.9453,6197845
2021-02-26,225.2259,233.4567,224.2905,226.1612,4884952
2021-03-01,229.7154,233.8308,226.0677,229.6219,2366155
2021-03-02,227.1900,230.0895,220.6428,227.0030,3779591
2021-03-03,229.4348,236.4497,219.8010,234.9532,5045880
2021-03-04,234.8597,240.3781,232.7085,237.9463,4334148
2021-03-05,235.6079,237.0109,229.7154,235.0468,4917283
2021-03-08,230.9313,231.6796,216.0597,216.0597,8864036
2021-03-09,220.2686,224.1970,218.0239,218.7721,7892105
2021-03-10,222.1393,234.6726,219.5204,232.8955,4477040
2021-03-11,234.4856,234.5791,228.7801,231.9602,3276738
2021-03-12,230.0895,232.8955,227.0030,229.8089,2626610
2021-03-15,227.7512,231.5861,220.2686,221.8587,8244870
2021-03-16,222.7940,228.1254,220.7363,225.8806,4086041
2021-03-17,223.1682,224.9453,218.9592,223.9164,4016985
2021-03-18,222.2328,223.0746,206.4259,208.3900,5808376
2021-03-19,210.2607,211.8507,206.0517,208.4836,6818166
2021-03-22,209.5124,212.5990,200.6269,204.9293,4948395
2021-03-23,203.9005,206.0517,199.6915,201.1880,3311411
2021-03-24,200.9075,201.1880,189.0288,190.5254,6398974
2021-03-25,187.5323,196.1373,186.7841,189.8706,5247875
2021-03-26,190.8060,193.6119,184.2587,186.8776,5399715
2021-03-29,186.4099,187.5323,181.4527,183.7910,4435054
2021-03-30,182.2945,190.0577,181.6398,187.6259,3877504
2021-03-31,188.5612,191.3672,183.9781,189.3094,3889328
2021-04-01,189.6836,196.6050,187.5323,191.1801,4611913
2021-04-05,192.6766,193.8925,186.4099,190.9930,2917643
2021-04-06,190.2448,193.7990,187.6259,192.6766,2837649
2021-04-07,191.7413,192.0219,187.3453,188.7482,2711661
2021-04-08,189.2159,204.8358,189.0288,204.3681,6038767
2021-04-09,202.4975,205.9582,202.0298,202.6846,3828013
2021-04-12,203.7134,205.1164,202.1234,202.4975,2224621
2021-04-13,203.1522,208.4836,200.9075,207.6418,3100895
2021-04-14,209.0448,209.0448,204.5552,206.8935,2593445
2021-04-15,207.8288,210.6348,206.7065,207.6418,1972879
2021-04-16,207.5482,208.1094,203.5264,205.0229,2123725
2021-04-19,204.9293,207.1741,201.4686,202.4975,2363246
2021-04-20,202.4040,203.9005,200.3463,202.0298,2194663
2021-04-22,203.0587,204.3681,197.4468,197.8209,2419248
2021-04-23,198.8497,203.2458,197.6338,203.2458,2765300
2021-04-26,202.1234,203.9940,201.0945,203.0587,2098750
2021-04-27,202.0298,202.4975,195.7632,195.9502,1702181
2021-04-28,195.8567,197.3532,192.4895,193.1443,3051233
2021-04-29,192.9572,193.3313,186.2229,189.4965,3677295
2021-04-30,188.0000,190.7124,185.8487,187.3453,3146163
2021-05-03,188.0935,189.4030,186.1293,188.7482,1903202
2021-05-04,188.7482,189.2159,183.6975,184.7264,2080382
2021-05-05,185.6617,187.9065,184.0716,186.1293,1607508
2021-05-06,185.6617,186.5970,180.5174,182.0139,2893416
2021-05-07,183.1363,186.1293,180.7980,186.0358,2521758
2021-05-10,186.0358,186.8776,178.1791,179.5821,2372377
2021-05-11,177.7114,181.3592,174.5313,180.7045,2851933
2021-05-12,177.7114,179.1144,173.0348,173.8766,2341457
2021-05-13,175.9343,180.0497,175.1861,178.9274,2119245
2021-05-14,183.3234,184.6328,177.4308,179.1144,2889952
2021-05-17,178.8338,179.7691,175.1861,176.4020,1685107
2021-05-18,176.1214,181.5463,175.5602,177.4308,1936763
2021-05-19,175.4667,178.8338,173.4090,174.7184,1804370
2021-05-20,174.7184,176.5891,173.9701,175.2796,1187300
2021-05-21,175.3731,175.6537,170.6965,173.3154,2448212
2021-05-24,173.5025,187.6259,173.1283,187.0647,4701550
2021-05-25,188.9353,193.2378,187.2517,187.2517,3614012
2021-05-26,190.4318,190.7124,183.7910,183.9781,2089769
2021-05-27,184.6328,185.5681,182.1075,183.2298,2442962
2021-05-28,184.2587,190.9930,183.5104,189.4030,2078863
2021-05-31,189.4965,190.8060,186.8776,188.5612,1339878
2021-06-01,189.4965,193.1443,189.0288,190.3383,1924136
2021-06-02,190.8995,198.8497,189.4030,191.7413,2929094
2021-06-04,192.7701,196.8856,191.8348,195.0149,1914289
2021-06-07,195.8567,196.3244,192.3960,194.5473,1453561
2021-06-08,197.2597,200.4398,195.0149,196.8856,3750328
2021-06-09,196.8856,197.2597,189.1224,189.5900,2869809
2021-06-10,190.2448,190.7124,186.4099,189.6836,1673036
2021-06-11,189.6836,191.5542,186.9711,190.6189,1211303
2021-06-14,191.1801,193.8925,190.6189,192.5831,1773739
2021-06-15,192.3025,198.1015,191.5542,195.3890,2423033
2021-06-16,195.9502,196.4179,187.6259,189.9642,3119680
2021-06-17,189.8706,199.8786,187.8129,199.3174,3275605
2021-06-18,199.3174,201.1880,196.6050,197.0726,3062320
2021-06-21,198.0079,199.4109,195.2955,198.9433,1172492
2021-06-22,199.5045,199.5980,193.2378,196.1373,1753318
2021-06-23,195.9502,198.4756,191.8348,192.4895,1766501
2021-06-24,194.5473,203.2458,193.6119,202.4975,3372031
2021-06-25,203.6199,205.1164,196.9791,200.0657,3196680
2021-06-28,200.0657,204.2746,197.5403,201.3751,2232832
2021-06-29,201.3751,202.8716,196.8856,202.6846,1261435
2021-06-30,201.3751,202.0298,196.5114,197.8209,2704904
2021-07-01,198.4756,198.9433,190.9930,193.5184,1941873
2021-07-02,194.5473,202.8716,194.1731,202.4040,2592344
2021-07-05,201.0945,202.0298,197.6338,199.9721,931880
2021-07-06,197.7274,200.4398,195.9502,197.0726,2120603
2021-07-07,199.2239,207.1741,199.0368,205.8647,3295683
2021-07-08,202.7781,206.4259,200.9075,205.0229,1937297
2021-07-12,206.3323,209.5124,205.3035,206.7065,2181780
2021-07-13,205.4905,210.8219,203.6199,210.3542,2453504
2021-07-14,211.3831,214.4696,210.5413,214.4696,3182963
2021-07-15,223.5423,229.8089,221.7652,221.8587,6460632
2021-07-16,222.7940,227.6577,222.7005,223.5423,2773810
2021-07-19,221.2040,223.3552,214.7502,216.2467,2087919
2021-07-20,216.9950,218.6786,212.3184,218.5851,1947326
2021-07-21,217.6497,219.9881,214.8438,218.4915,1315213
2021-07-22,218.7721,219.9881,215.5920,217.4627,1859838
2021-07-23,213.2537,214.4696,207.7353,211.3831,3562500
2021-07-26,212.5990,212.8796,205.9582,206.1453,1895718
2021-07-27,206.5194,207.2677,197.3532,200.6269,2877913
2021-07-28,201.9363,203.7134,198.4756,201.3751,1896306
2021-07-29,201.8428,207.1741,200.1592,203.1522,1961460
2021-07-30,200.5333,202.9652,192.2089,192.6766,3256756
2021-08-02,195.5761,197.0726,192.3025,192.9572,2552582
2021-08-03,192.6766,193.1443,184.4458,191.0866,2029693
2021-08-04,189.7771,190.0577,184.4458,186.6905,2943035
2021-08-05,188.1871,194.0796,186.9711,191.3672,3798162
2021-08-06,192.0219,195.2955,188.3741,193.4249,2184004
2021-08-09,192.3960,195.2955,191.0866,191.6478,1520019
2021-08-10,192.0219,194.1731,188.2806,190.8060,2092420
2021-08-11,190.8995,196.0438,188.4677,195.5761,1987932
2021-08-12,193.9861,198.8497,192.1154,196.1373,2655071
2021-08-13,197.3532,198.0079,185.9423,189.5900,4724911
2021-08-16,189.2159,190.8060,181.4527,181.6398,3494246
2021-08-17,180.3303,183.8846,174.9990,180.6109,3223259
2021-08-18,181.6398,182.3880,174.2507,176.2149,3564275
2021-08-19,173.7831,178.4597,169.3871,177.2438,3516142
2021-08-20,174.9055,177.7114,172.0995,176.4020,2551812
2021-08-23,177.8985,178.1791,169.0129,169.5741,3154684
2021-08-24,171.5383,180.8915,169.7612,179.9562,7524649
2021-08-25,178.8338,182.9492,177.9920,182.8557,3287793
2021-08-26,182.1075,184.2587,174.8119,175.8408,3733575
2021-08-27,176.9632,179.1144,175.4667,177.9920,2443475
2021-08-30,177.1502,178.6468,172.9413,176.5891,2397940
2021-08-31,175.3731,178.2726,169.6676,170.6030,3283388
2021-09-01,171.7254,176.4020,170.9771,174.7184,2374344
2021-09-02,174.5313,174.5313,167.0488,168.4517,2792317
2021-09-03,169.2935,176.7761,167.4229,176.7761,4958520
2021-09-06,176.4020,182.3880,175.4667,182.2010,1961952
2021-09-08,180.0497,180.7980,174.4378,175.7473,3886591
2021-09-09,176.7761,181.6398,167.9841,176.3085,3760122
2021-09-10,178.2726,178.8338,160.6886,160.6886,7843063
2021-09-13,164.5234,168.7323,163.0269,163.1204,3818871
2021-09-14,164.0557,166.3005,157.6020,159.2856,5257561
2021-09-15,159.7532,160.2209,154.2348,155.4507,3300270
2021-09-16,153.8607,155.4507,150.6806,153.1124,3355427
2021-09-17,152.5512,156.8537,148.3423,154.9831,4708296
2021-09-20,151.8965,153.4866,147.6876,150.1194,2884360
2021-09-21,151.1483,155.3572,147.9682,153.2995,3191345
2021-09-22,155.2637,156.3861,151.1483,152.8318,2547161
2021-09-23,153.3930,154.5154,147.8746,148.4358,3343485
2021-09-24,146.6587,147.1264,143.6657,146.1910,3123871
2021-09-27,145.1622,147.0328,139.5502,140.3920,3532478
2021-09-28,138.5214,139.9244,131.1323,132.6288,5907422
2021-09-29,133.7512,135.7154,129.7293,130.3841,4464113
2021-09-30,130.7582,137.5861,130.1970,134.1254,5915002
2021-10-01,134.6866,137.5861,131.6000,136.0895,3466587
2021-10-04,133.2836,133.5642,126.5492,128.2328,5779979
2021-10-05,129.0746,132.1612,126.6428,127.9522,4412858
2021-10-06,126.1751,136.5572,122.9950,135.2478,7841587
2021-10-07,136.5572,138.8020,130.9453,131.2259,4230964
2021-10-08,133.3771,143.5721,133.3771,140.0179,5863191
2021-10-11,140.6726,140.8597,134.2189,134.4995,3220800
2021-10-13,134.8736,137.0249,133.6577,135.6219,3198102
2021-10-14,136.5572,136.8378,131.8806,132.5353,2783165
2021-10-15,132.9094,137.0249,131.8806,136.1831,2471669
2021-10-18,134.5930,135.0607,131.1323,133.5642,4167906
2021-10-19,131.9741,133.5642,127.1104,128.4199,3861926
2021-10-20,129.4487,129.9164,122.8080,124.1174,6520771
2021-10-21,120.5632,123.4627,114.8577,116.0736,7381917
2021-10-22,115.5124,121.1244,110.9293,116.1672,7422502
2021-10-25,116.8219,120.0020,114.7642,115.4189,3735424
2021-10-26,114.9512,115.5124,109.7134,112.0517,3969375
2021-10-27,112.8935,116.2607,107.9363,108.4975,4456533
2021-10-28,107.4687,109.9940,103.5403,104.2886,4532197
2021-10-29,105.1303,106.2527,100.3602,101.1085,4444495
2021-11-01,101.6696,106.9075,101.5761,105.6915,3347398
2021-11-03,104.6627,109.1522,102.7920,108.0298,5095606
2021-11-04,107.5622,110.5552,102.2308,103.6338,3647113
2021-11-05,104.9433,118.0378,104.3821,116.3542,7082716
2021-11-08,115.1383,118.4119,111.0229,111.5841,5044480
2021-11-09,112.7065,129.0746,112.7065,122.8080,7191769
2021-11-10,123.4627,126.6428,119.9084,121.7791,6498554
2021-11-11,124.3980,133.3771,122.7144,127.6716,7030734
2021-11-12,118.3184,119.5343,104.2886,104.2886,15259183
2021-11-16,104.6627,106.6269,91.1005,91.1005,15078261
2021-11-17,92.6905,94.8418,85.9562,86.7045,14111975
2021-11-18,87.5463,89.7910,84.0856,84.0856,8195208
2021-11-19,84.6468,92.3164,83.6179,86.7045,10025966
2021-11-22,87.9204,90.5393,82.4020,82.6826,7272992
2021-11-23,84.1791,84.6468,79.2219,80.4378,9084131
2021-11-24,79.5025,84.2726,79.0348,82.4955,8450724
2021-11-25,82.6826,84.5532,80.5313,81.3731,6283965
2021-11-26,79.3154,80.1572,75.1065,75.3871,6785268
2021-11-29,76.6030,79.2219,74.6388,75.2000,9113351
2021-11-30,74.7323,75.8547,71.0846,72.9552,10025121
2021-12-01,75.2935,75.7612,64.3502,64.3502,14993242
2021-12-02,65.0050,67.2497,60.3284,63.2279,18588277
2021-12-03,63.4149,68.0915,62.8537,65.9403,15152984
2021-12-06,66.8756,69.5881,66.4080,68.2786,9046475
2021-12-07,70.0557,72.2070,68.9333,71.2716,9115446
2021-12-08,70.7104,70.8040,62.0119,63.6955,27330537
2021-12-09,63.2279,63.2279,58.0836,58.7383,27566007
2021-12-10,60.1413,60.8895,56.2129,59.5801,22364533
2021-12-13,59.6736,62.8537,56.5871,56.5871,27322209
2021-12-14,57.5224,57.9900,53.5940,53.6876,15256349
2021-12-15,53.4070,58.3642,52.5652,57.7094,16358246
2021-12-16,58.7383,60.8895,57.3353,59.8607,16024779
2021-12-17,57.8965,62.9473,56.6806,62.2925,15670976
2021-12-20,60.0478,62.8537,58.3642,59.2060,9924054
2021-12-21,60.0478,61.8249,58.1771,60.0478,11982006
2021-12-22,60.0478,61.8249,57.4289,57.6159,9122823
2021-12-23,58.1771,59.2995,56.0259,57.9900,10382088
2021-12-27,58.2706,63.4149,58.2706,63.4149,13287362
2021-12-28,63.5085,65.0985,62.1055,63.8826,17702316
2021-12-29,63.9761,64.5373,62.6667,63.2279,8472727
2021-12-30,63.6020,69.3075,63.3214,67.5303,19279899
2022-01-03,69.3075,69.3075,62.3861,62.8537,15549916
2022-01-04,63.4149,64.9114,60.3284,61.8249,10128636
2022-01-05,60.9831,62.9473,59.5801,60.0478,9907579
2022-01-06,60.4219,61.0766,57.3353,58.4577,10315224
2022-01-07,58.6448,62.0119,57.1483,58.1771,14186420
2022-01-10,57.4289,57.5224,53.6876,53.6876,12229407
2022-01-11,53.7811,56.2129,53.5005,54.9035,15284949
2022-01-12,55.1841,59.5801,54.0617,59.0189,13614842
2022-01-13,58.4577,58.7383,55.1841,56.9612,13811074
2022-01-14,57.1483,60.0478,56.8677,59.2060,11124014
2022-01-17,58.6448,59.6736,57.2418,57.2418,6607458
2022-01-18,56.8677,58.2706,55.0905,55.0905,12510582
2022-01-19,56.2129,61.7313,56.2129,59.0189,21150311
2022-01-20,59.4866,63.6955,59.3930,62.1990,15051800
2022-01-21,61.1701,66.2209,60.4219,64.5373,16159278
2022-01-24,64.4438,65.4726,59.7672,59.7672,14230512
2022-01-25,59.4866,63.2279,57.9900,62.8537,18398129
2022-01-26,65.0050,66.2209,61.7313,63.1343,14496580
2022-01-27,64.6308,68.0915,64.3502,67.5303,17297569
2022-01-28,67.4368,67.6239,61.9184,62.7602,19853508
2022-01-31,63.6020,66.5015,62.3861,65.4726,15968670
2022-02-01,65.4726,68.5592,64.3502,65.5662,16505105
2022-02-02,66.3144,67.8109,60.2348,60.8895,22254721
2022-02-03,61.7313,64.0696,59.2995,61.0766,17656813
2022-02-04,61.2637,61.7313,57.9900,59.2060,12369316
2022-02-07,59.2060,61.7313,58.2706,59.0189,11347658
2022-02-08,59.0189,61.1701,58.3642,61.1701,9324818
2022-02-09,61.6378,64.0696,59.6736,61.7313,11615598
2022-02-10,62.3861,65.2856,60.1413,64.9114,16777984
2022-02-11,65.2856,65.6597,58.9254,59.3930,20839146
2022-02-14,59.3930,61.9184,59.1124,60.6090,12541320
2022-02-15,61.8249,63.9761,61.8249,63.9761,10149463
2022-02-16,63.8826,65.2856,62.8537,63.7891,10727680
2022-02-17,63.6955,64.8179,61.6378,62.0119,10410806
2022-02-18,62.8537,63.7891,59.4866,59.4866,12939546
2022-02-21,60.0478,60.3284,56.3065,56.3065,9255077
2022-02-22,57.7094,59.0189,56.2129,56.7741,14001425
2022-02-23,57.4289,60.7025,55.2776,55.2776,15764420
2022-02-24,51.9104,57.6159,49.8527,57.2418,17715691
2022-02-25,57.8965,58.6448,54.8099,56.2129,14294286
2022-03-02,55.6517,59.2995,55.5582,59.0189,10850793
2022-03-03,59.2060,60.6090,57.5224,59.0189,10938890
2022-03-04,58.8318,59.9542,57.1483,58.8318,9378061
2022-03-07,58.1771,59.2995,54.2488,54.7164,9305573
2022-03-08,56.5871,58.4577,53.7811,56.5871,15750243
2022-03-09,58.2706,60.9831,57.7094,58.2706,14843326
2022-03-10,57.5224,57.6159,54.4358,55.7453,15160735
2022-03-11,56.4000,58.9254,53.2199,53.2199,17528355
2022-03-14,54.8099,55.0905,49.5721,49.8527,14100107
2022-03-15,44.8955,46.9532,43.4925,45.5502,26938780
2022-03-16,47.2338,48.6368,45.9244,47.9821,17431576
2022-03-17,47.9821,51.9104,46.8597,51.8169,16948940
2022-03-18,50.6945,54.9035,50.3204,54.4358,14070674
2022-03-21,54.6229,55.7453,52.8458,53.5005,13340103
2022-03-22,54.2488,55.9323,53.4070,54.3423,12905793
2022-03-23,54.1552,56.4935,53.2199,56.1194,17724640
2022-03-24,56.5871,62.3861,55.8388,61.7313,19837182
2022-03-25,62.0119,63.6020,59.2995,61.1701,14964889
2022-03-28,61.2637,62.3861,59.7672,60.5154,8765973
2022-03-29,62.4796,66.5950,62.4796,65.4726,17928153
2022-03-30,65.5662,66.6886,62.9473,64.2567,12713015
2022-03-31,64.8179,65.3791,63.2279,63.7891,10712637
2022-04-01,64.7244,69.0269,64.3502,68.7463,15175832
2022-04-04,68.7463,68.8398,65.7532,67.2497,10618114
2022-04-05,67.0627,69.0269,64.1632,64.6308,11760499
2022-04-06,63.6955,63.8826,60.3284,61.9184,12724893
2022-04-07,61.6378,63.9761,60.5154,61.3572,13832553
2022-04-08,59.3930,59.4866,56.8677,57.3353,15296100
2022-04-11,55.6517,57.9900,54.6229,56.8677,10734683
2022-04-12,59.1124,59.8607,55.7453,55.8388,12349066
2022-04-13,56.8677,57.7094,55.4647,56.4000,10865461
2022-04-14,56.1194,56.7741,55.3711,56.2129,9344896
2022-04-18,56.0259,56.4935,54.3423,55.0905,9247219
2022-04-19,54.7164,56.3065,53.8746,55.5582,9155507
2022-04-20,55.5582,56.4935,52.1910,52.4716,12273862
2022-04-22,51.2557,52.2846,50.6945,51.9104,8666553
2022-04-25,50.8816,52.0975,50.2269,50.8816,11913046
2022-04-26,50.5075,51.1622,48.4497,48.4497,9050025
2022-04-27,50.1333,51.0687,47.5144,47.7015,11981963
2022-04-28,48.1692,49.3851,46.5791,48.4497,10832264
2022-04-29,49.1980,49.5721,45.6438,45.6438,12129270
2022-05-02,45.9244,46.4856,44.3343,44.8955,8755218
2022-05-03,44.9891,45.0826,42.7443,43.0249,10291147
2022-05-04,42.2766,46.4856,40.8736,46.2985,15132734
2022-05-05,44.0537,44.5214,40.9672,41.3413,17197475
2022-05-06,41.2478,41.8090,39.7512,40.2189,15567621
2022-05-09,39.0030,39.6577,36.5711,36.5711,16293873
2022-05-10,37.8806,38.4418,35.5423,36.9453,16979871
2022-05-11,36.2905,38.2547,36.1970,36.7582,15030770
2022-05-12,35.8229,39.3771,34.9811,39.0965,20646218
2022-05-13,39.5642,41.9025,39.4706,40.9672,14987073
2022-05-16,40.9672,40.9672,40.9672,40.9672,0
2022-05-17,39.0965,39.1900,36.7582,36.8517,28828715
2022-05-18,37.0388,37.6935,34.6070,34.7940,17872696
2022-05-19,34.7940,36.0099,34.3264,34.8876,16518287
2022-05-20,35.3552,35.6358,33.3910,34.3264,14103903
2022-05-23,34.7005,35.3552,33.7652,34.6070,11483996
2022-05-24,33.7652,34.7005,33.4846,34.7005,7762534
2022-05-25,34.6070,35.5423,34.0458,34.7005,14095521
2022-05-26,34.7940,38.5353,34.7940,38.0677,17720192
2022-05-27,38.1612,38.7224,36.6647,37.4129,8247265
2022-05-30,37.6935,38.4418,35.3552,35.9164,7316400
2022-05-31,36.2905,36.2905,34.6070,34.7940,10903576
2022-06-01,34.8876,35.5423,33.8587,34.7005,10381308
2022-06-02,34.9811,37.3194,34.8876,35.5423,15707263
2022-06-03,35.1682,35.4488,33.4846,33.5781,14972202
2022-06-06,33.9522,34.1393,31.6139,31.8010,15242931
2022-06-07,31.4269,31.6139,30.4915,30.7721,16699487
2022-06-08,30.3980,31.2398,29.9303,30.1174,16338264
2022-06-09,30.1174,30.1174,28.1532,28.1532,23124730
2022-06-10,27.8726,28.6209,26.9373,27.1244,17748343
2022-06-13,26.0020,26.0020,24.8796,24.9731,18361521
2022-06-14,25.1602,25.5343,23.6637,23.7572,17594803
2022-06-15,24.3184,24.9731,23.1025,23.8507,24893295
2022-06-17,23.0090,23.0090,22.0736,22.2607,18143212
2022-06-20,22.4478,24.5990,21.6995,24.1313,21284169
2022-06-21,24.4119,24.5990,23.1025,23.4766,14409562
2022-06-22,22.8219,23.9443,22.0736,22.8219,14329718
2022-06-23,22.9154,25.1602,22.8219,23.8507,21884432
2022-06-24,24.5990,24.7861,22.8219,23.1025,15127528
2022-06-27,23.1960,23.8507,22.4478,22.7284,11283242
2022-06-28,23.0090,23.1960,21.8866,22.2607,13925088
2022-06-29,22.4478,23.2896,22.1672,22.5413,12113372
2022-06-30,22.2607,22.6348,21.6060,21.8866,24802150
2022-07-01,21.8866,21.8866,20.5771,20.5771,12233010
2022-07-04,20.3900,20.7642,19.7353,19.9224,11053204
2022-07-05,19.6418,22.6348,18.9871,22.2607,29052669
2022-07-06,22.2607,24.4119,22.2607,23.3831,28132260
2022-07-07,23.9443,24.7861,22.7284,23.9443,20979621
2022-07-08,23.6637,24.7861,23.0090,24.5055,16268320
2022-07-11,23.8507,25.1602,23.4766,24.5990,16718485
2022-07-12,24.7861,28.3403,24.5055,27.4050,35153864
2022-07-13,26.8438,27.8726,26.2826,26.4697,30747869
2022-07-14,25.6279,28.8080,25.4408,27.2179,20163294
2022-07-15,27.7791,27.9662,25.7214,26.0020,16542952
2022-07-18,26.5632,28.7144,25.6279,25.9085,21025488
2022-07-19,26.2826,26.9373,24.6925,26.0955,19928637
2022-07-20,26.0955,28.7144,26.0020,28.7144,24053746
2022-07-21,28.7144,29.2756,27.5920,28.1532,17737748
2022-07-22,28.5274,28.9015,26.3761,26.7502,17259250
2022-07-25,27.0308,27.7791,26.0020,26.0955,13879638
2022-07-26,26.1891,26.1891,24.1313,24.4119,14951129
2022-07-27,24.5990,26.0955,24.4119,25.2537,18797937
2022-07-28,25.4408,25.9085,24.1313,25.4408,22236705
2022-07-29,25.6279,25.9085,24.0378,24.1313,17913185
2022-08-01,24.1313,26.0955,23.8507,25.4408,24867603
2022-08-02,25.1602,25.9085,24.6925,25.3473,14202863
2022-08-03,25.4408,27.5920,25.3473,27.4050,20406483
2022-08-04,28.5274,31.6139,28.5274,31.2398,25916000
2022-08-05,30.6786,31.6139,28.8080,29.5562,26056443
2022-08-08,30.2109,32.5493,30.0239,30.5851,20638584
2022-08-09,31.2398,31.7075,28.3403,28.8080,17347252
2022-08-10,30.1174,31.1463,29.4627,30.7721,19017391
2022-08-11,31.1463,31.3333,28.2468,28.4338,18786872
2022-08-12,28.1532,33.8587,27.5920,33.4846,37603284
2022-08-15,33.0169,37.8806,32.9234,37.7871,30327148
2022-08-16,38.2547,40.1254,36.8517,38.8159,24052516
2022-08-17,37.6935,40.1254,37.3194,37.6000,25394084
2022-08-18,38.1612,38.1612,35.7294,37.6935,15472724
2022-08-19,36.6647,37.3194,34.7005,35.3552,16260590
2022-08-22,34.4199,36.3841,33.7652,35.7294,17268787
2022-08-23,36.1970,39.1900,36.1035,38.8159,19963160
2022-08-24,38.7224,43.5861,38.7224,42.0896,30109309
2022-08-25,43.5861,44.8020,42.8378,43.7731,20562803
2022-08-26,44.2408,44.5214,41.6219,42.8378,16295156
2022-08-29,42.1831,43.8667,42.0896,42.2766,15017052
2022-08-30,43.3990,44.2408,40.5930,42.1831,18793618
2022-08-31,42.7443,43.2119,39.8448,39.9383,19459730
2022-09-01,40.2189,41.3413,38.4418,40.8736,18283955
2022-09-02,42.1831,42.3701,39.2836,39.8448,16465503
2022-09-05,40.3124,41.0607,39.8448,40.4060,7476911
2022-09-06,39.8448,39.8448,36.2905,37.4129,19740777
2022-09-08,37.9741,40.7801,37.7871,40.1254,19235209
2022-09-09,41.3413,41.4348,40.2189,40.9672,14426465
2022-09-12,41.5284,45.0826,41.4348,44.8020,21693086
2022-09-13,42.9313,44.3343,41.2478,43.9602,19602697
2022-09-14,43.6796,44.1473,41.3413,41.8090,21801091
2022-09-15,42.1831,42.9313,39.9383,40.5930,17557992
2022-09-16,39.7512,42.4637,38.8159,41.7154,19066882
2022-09-19,40.6866,43.4925,40.5930,42.6507,16606952
2022-09-20,42.3701,43.4925,41.2478,41.7154,14634126
2022-09-21,41.8090,45.9244,41.1542,44.4279,26956603
2022-09-22,45.4567,46.4856,42.4637,43.0249,25976471
2022-09-23,42.0896,44.0537,41.9960,43.3055,16282978
2022-09-26,42.8378,44.3343,41.5284,41.9025,11361076
2022-09-27,39.1900,39.9383,38.9095,39.0965,26579567
2022-09-28,39.2836,41.0607,38.3483,40.4995,17590216
2022-09-29,39.6577,40.1254,37.6000,37.8806,16911360
2022-09-30,38.2547,42.5572,37.2259,41.9025,26510960
2022-10-03,44.4279,46.4856,43.1184,45.9244,24212867
2022-10-04,47.6080,48.9174,46.3920,47.6080,19717288
2022-10-05,47.7950,49.2915,46.6726,47.8886,17622376
2022-10-06,48.4497,50.5075,47.7015,50.2269,18748778
2022-10-07,49.9463,50.6010,48.9174,49.6657,16276745
2022-10-10,49.9463,51.0687,48.5433,49.7592,14298456
2022-10-11,49.7592,50.8816,47.8886,48.3562,16701400
2022-10-13,48.3562,48.4497,44.9891,46.0179,19275900
2022-10-14,46.3920,46.6726,40.4995,40.8736,27398439
2022-10-17,41.8090,43.7731,40.6866,40.8736,19475628
2022-10-18,41.9960,42.3701,39.3771,40.4060,19844078
2022-10-19,40.3124,40.3124,38.0677,39.1900,19149270
2022-10-20,39.4706,39.4706,36.4776,38.2547,22863932
2022-10-21,37.6000,39.3771,36.6647,38.8159,22108504
2022-10-24,37.9741,38.6289,36.9453,38.1612,13366757
2022-10-25,38.0677,41.8090,37.7871,40.1254,22988734
2022-10-26,39.2836,39.5642,36.2905,36.5711,20018756
2022-10-27,36.8517,40.4060,36.6647,39.4706,23518626
2022-10-28,39.0030,41.5284,38.3483,40.9672,21420774
2022-10-31,40.9672,43.5861,39.8448,41.8090,28191170
2022-11-01,42.3701,43.6796,40.4995,42.6507,21742673
2022-11-03,41.7154,46.2985,41.1542,45.5502,25961385
2022-11-04,46.7662,46.8597,44.5214,45.1761,17093468
2022-11-07,44.8955,46.2050,42.0896,42.4637,18286125
2022-11-08,42.1831,44.6149,42.0896,43.3055,17880982
2022-11-09,43.3055,43.6796,41.1542,41.8090,12942144
2022-11-10,39.4706,40.6866,36.3841,37.2259,24197118
2022-11-11,38.4418,38.8159,31.6139,32.3622,41619008
2022-11-14,33.2040,34.7005,32.2687,33.8587,23044640
2022-11-16,33.8587,34.0458,30.9592,31.1463,23963691
2022-11-17,30.1174,32.3622,28.3403,31.7075,25769355
2022-11-18,32.7363,33.4846,28.9015,29.4627,28794962
2022-11-21,30.3045,32.5493,29.9303,31.6139,26862197
2022-11-22,31.7075,32.2687,29.9303,31.2398,21864406
2022-11-23,30.7721,31.6139,29.9303,31.6139,17862336
2022-11-24,32.0816,34.2328,32.0816,33.6716,17575879
2022-11-25,33.6716,33.8587,31.0527,31.9881,22460093
2022-11-28,30.3980,32.2687,30.2109,31.0527,16215665
2022-11-29,31.4269,32.4557,29.6497,31.4269,20888209
2022-11-30,31.5204,32.4557,30.4915,31.8945,22319201
2022-12-01,31.6139,31.7075,28.9950,28.9950,21787641
2022-12-02,29.1821,31.6139,28.5274,30.3045,27523198
2022-12-05,30.0239,30.3980,28.3403,28.8080,14199014
2022-12-06,29.1821,29.9303,28.5274,29.1821,14315883
2022-12-07,28.9950,29.6497,27.3114,27.4985,27619208
2022-12-08,27.6856,28.4338,26.0955,26.5632,16267219
2022-12-09,27.4985,27.4985,26.0955,26.1891,10982865
2022-12-12,26.0955,27.1244,25.3473,26.1891,13880985
2022-12-13,26.4697,27.3114,25.8149,26.1891,23052498
2022-12-14,25.9085,25.9085,24.0378,24.5990,31555600
2022-12-15,24.4119,25.6279,23.8507,24.3184,19499267
2022-12-16,24.1313,24.5990,21.9801,22.1672,22981624
2022-12-19,22.3542,25.2537,22.0736,24.4119,32024016
2022-12-20,23.9443,28.3403,23.7572,26.3761,38117663
2022-12-21,26.6567,27.0308,24.2249,24.4119,31675153
2022-12-22,24.6925,24.8796,23.4766,24.3184,19744754
2022-12-23,24.5055,26.4697,24.5055,25.0667,20866805
2022-12-26,25.3473,25.5343,23.9443,24.8796,7911595
2022-12-27,24.9731,25.3473,23.3831,23.5701,15799947
2022-12-28,23.7572,25.6279,23.4766,25.1602,20875198
2022-12-29,25.3473,26.1891,24.8796,25.6279,13903876
2023-01-02,24.7861,24.8796,23.8507,24.2249,7497888
2023-01-03,24.3184,25.8149,23.3831,23.7572,17551556
2023-01-04,24.2249,24.4119,23.3831,23.8507,15827820
2023-01-05,24.1313,25.3473,23.4766,24.8796,18612739
2023-01-06,24.9731,25.9085,24.3184,25.8149,15385492
2023-01-09,25.0667,27.1244,24.8796,26.4697,15152321
2023-01-10,26.0955,28.9015,25.8149,28.5274,20533519
2023-01-11,28.7144,29.0886,27.1244,28.3403,18214503
2023-01-12,25.2537,30.6786,25.1602,29.8368,41038332
2023-01-13,29.5562,33.8587,28.9015,32.0816,33746511
2023-01-16,31.6139,37.0388,31.5204,36.0099,23947600
2023-01-17,36.4776,37.6000,34.2328,35.4488,27052088
2023-01-18,35.9164,36.2905,32.9234,33.2975,24293363
2023-01-19,32.4557,36.6647,32.3622,35.6358,28734405
2023-01-20,36.0099,36.2905,34.8876,35.7294,16923035
2023-01-23,36.1035,38.2547,35.9164,37.7871,19292526
2023-01-24,38.1612,41.6219,37.8806,41.0607,24463091
2023-01-25,41.0607,43.6796,40.1254,40.6866,24984910
2023-01-26,40.9672,41.7154,39.2836,40.0318,19588028
2023-01-27,40.3124,42.8378,40.1254,42.3701,15800835
2023-01-30,42.9313,43.4925,40.0318,40.7801,16558808
2023-01-31,41.0607,41.9960,40.3124,41.4348,11884660
2023-02-01,41.1542,41.3413,38.9095,40.1254,15373122
2023-02-02,39.9383,42.4637,39.5642,40.5930,15768076
2023-02-03,40.8736,40.9672,39.1900,39.9383,12160158
2023-02-06,39.9383,40.8736,38.2547,38.6289,11211908
2023-02-07,39.0030,39.5642,36.2905,37.8806,17939753
2023-02-08,38.4418,39.5642,37.5065,39.4706,15408233
2023-02-09,39.4706,40.5930,37.8806,38.4418,13682786
2023-02-10,37.9741,38.7224,37.0388,37.3194,12619165
2023-02-13,37.3194,39.2836,36.5711,38.6289,12627472
2023-02-14,38.8159,39.4706,37.5065,37.9741,12322359
2023-02-15,37.7871,38.1612,35.8229,36.3841,21539128
2023-02-16,36.3841,36.8517,34.7005,35.6358,16244874
2023-02-17,35.0746,35.5423,34.0458,34.2328,9987583
2023-02-22,33.6716,33.6716,32.2687,32.9234,7802585
2023-02-23,33.0169,34.3264,32.6428,33.2975,8948456
2023-02-24,34.2328,36.1970,33.3910,33.7652,13648627
2023-02-27,34.5134,35.2617,33.5781,34.1393,10912386
2023-02-28,34.2328,34.9811,33.5781,33.5781,7643549
2023-03-01,34.0458,34.1393,30.1174,30.2109,14939699
2023-03-02,30.3045,30.7721,29.0886,29.4627,10108183
2023-03-03,29.5562,29.7433,28.0597,28.2468,12627911
2023-03-06,28.4338,30.3980,27.4985,29.8368,15056654
2023-03-07,29.8368,30.4915,29.2756,30.1174,9208826
2023-03-08,30.0239,33.1104,29.8368,32.0816,16550094
2023-03-09,31.8010,33.3910,31.4269,31.7075,11265858
2023-03-10,29.6497,31.9881,28.0597,31.8010,25857795
2023-03-13,31.4269,35.9164,31.1463,34.7940,20286727
2023-03-14,34.7940,36.2905,34.3264,34.8876,13776861
2023-03-15,34.1393,36.2905,33.3910,35.6358,14366828
2023-03-16,36.0099,37.3194,35.9164,36.3841,10636674
2023-03-17,36.2905,36.6647,35.1682,35.3552,8581845
2023-03-20,36.0099,36.2905,34.0458,34.7005,8971453
2023-03-21,34.8876,35.3552,34.3264,34.6070,6540091
2023-03-22,34.5134,35.0746,33.2975,33.5781,12728817
2023-03-23,33.6716,33.6716,28.4338,29.0886,26749070
2023-03-24,30.1174,30.8657,28.9950,30.2109,12622191
2023-03-27,30.7721,31.8010,30.4915,31.2398,8074170
2023-03-28,31.1463,31.9881,30.3045,31.6139,8690117
2023-03-29,31.9881,32.3622,30.0239,31.3333,10996742
2023-03-30,32.0816,33.4846,31.9881,32.1751,10673570
2023-03-31,32.1751,32.4557,30.2109,30.9592,8925544
2023-04-03,31.1463,31.4269,29.8368,30.9592,6946132
2023-04-04,31.1463,32.3622,30.0239,30.1174,10689725
2023-04-05,30.3045,31.0527,29.3692,30.6786,11875219
2023-04-06,30.4915,31.8945,30.3980,31.5204,7636043
2023-04-10,31.7075,32.2687,31.3333,31.3333,5992986
2023-04-11,32.3622,36.1970,32.2687,35.3552,26133518
2023-04-12,36.2905,36.7582,35.2617,36.2905,16304725
2023-04-13,36.3841,37.1323,35.3552,36.1035,10413201
2023-04-14,35.6358,36.0099,34.7940,34.9811,9559774
2023-04-17,35.2617,35.2617,34.0458,34.2328,9596788
2023-04-18,34.6070,34.8876,33.0169,33.1104,11643203
2023-04-19,32.7363,32.8298,30.2109,30.3980,16234535
2023-04-20,30.8657,31.3333,30.2109,30.8657,11975131
2023-04-24,30.8657,32.0816,30.7721,31.7075,9770118
2023-04-25,31.5204,31.7075,30.2109,30.6786,8834848
2023-04-26,30.9592,31.0527,28.9015,29.0886,12554171
2023-04-27,29.2756,29.9303,28.4338,29.9303,10044162
2023-04-28,30.1174,31.2398,29.3692,31.2398,8687434
2023-05-02,31.3333,31.3333,30.2109,30.3045,6856890
2023-05-03,30.5851,31.5204,30.2109,31.2398,9493027
2023-05-04,31.4269,34.0458,31.4269,33.3910,16148682
2023-05-05,33.3910,35.9164,33.0169,35.6358,15665149
2023-05-08,35.7294,37.4129,35.7294,36.1970,11755806
2023-05-09,35.9164,39.9383,35.7294,38.7224,17207033
2023-05-10,39.0030,40.7801,38.9095,40.1254,11994622
2023-05-11,40.5930,41.4348,39.2836,40.6866,11029896
2023-05-12,40.2189,40.7801,39.3771,40.3124,7480290
2023-05-15,40.6866,41.7154,39.9383,40.9672,9497849
2023-05-16,37.5065,38.3483,31.3333,31.6139,37179966
2023-05-17,32.7363,33.0169,30.5851,31.4269,19695189
2023-05-18,31.5204,33.5781,31.1463,33.1104,19062306
2023-05-19,33.4846,34.8876,33.0169,34.0458,15645070
2023-05-22,34.3264,36.1970,34.2328,35.5423,13558477
2023-05-23,35.8229,35.9164,34.0458,34.2328,12277134
2023-05-24,32.8298,34.7940,32.5493,33.9522,11231869
2023-05-25,34.9811,35.7294,34.7940,35.1682,12778425
2023-05-26,35.9164,36.1970,35.1682,35.7294,8153800
2023-05-29,35.9164,36.1035,34.9811,35.4488,4810186
2023-05-30,35.9164,36.4776,34.6070,34.8876,8293623
2023-05-31,34.7005,35.6358,34.2328,35.5423,8193444
2023-06-01,35.9164,37.9741,35.4488,37.9741,11366742
2023-06-02,37.9741,37.9741,37.9741,37.9741,0
2023-06-05,36.4776,37.1323,35.9164,36.3841,6420303
2023-06-06,36.7582,37.8806,36.1970,37.3194,10639229
2023-06-07,37.8806,39.0965,36.1035,36.2905,13203220
2023-06-09,37.0388,38.0677,36.7582,37.1323,12817236
2023-06-12,37.5065,38.0677,36.4776,37.0388,12648043
2023-06-13,37.5065,37.6000,35.0746,35.1682,14706379
2023-06-14,35.6358,35.9164,34.5134,35.6358,14475347
2023-06-15,35.4488,35.7294,34.8876,35.0746,12348521
2023-06-16,34.9811,35.4488,34.6070,34.7005,9356208
2023-06-19,34.7940,35.0746,34.0458,34.8876,6265790
2023-06-20,34.7940,34.8876,34.1393,34.4199,8870472
2023-06-21,34.4199,35.4488,34.1393,35.1682,9646375
2023-06-22,34.2328,34.4199,32.2687,33.3910,19724890
2023-06-23,33.4846,33.9522,32.4557,33.4846,8702530
2023-06-26,33.4846,33.6716,31.4269,31.8010,10249215
2023-06-27,32.7363,33.0169,30.9592,31.6139,14066664
2023-06-28,31.7075,32.3622,30.9592,31.3333,9432203
2023-06-29,31.4269,32.7363,31.3333,32.2687,8462453
2023-06-30,32.9234,33.1104,31.4269,31.5204,8878448
2023-07-03,31.8945,32.5493,31.4269,32.1751,7776091
2023-07-04,32.0816,32.0816,31.3333,31.5204,7033514
2023-07-05,31.3333,32.8298,31.2398,31.8945,17721818
2023-07-06,31.5204,31.6139,29.3692,29.4627,18417609
2023-07-07,30.0239,30.8657,29.4627,29.7433,11916392
2023-07-10,29.4627,29.5562,28.3403,28.5274,10054939
2023-07-11,28.4338,28.9015,27.2179,28.6209,11912244
2023-07-12,29.1821,29.4627,27.8726,27.8726,9692455
2023-07-13,28.3403,29.0886,28.1532,28.2468,9426825
2023-07-14,28.3403,28.5274,27.4050,27.5920,7412249
2023-07-17,27.6856,28.0597,27.1244,27.6856,6591667
2023-07-18,27.6856,28.0597,27.3114,27.6856,6614482
2023-07-19,27.6856,28.1532,27.2179,27.4985,8322469
2023-07-20,27.6856,27.8726,27.1244,27.1244,7593523
2023-07-21,27.0308,28.6209,27.0308,28.2468,9822239
2023-07-24,28.3403,28.5274,27.6856,28.1532,8382128
2023-07-25,29.1821,30.1174,28.6209,28.7144,12574100
2023-07-26,28.7144,29.2756,28.3403,28.9015,8353089
2023-07-27,29.0886,30.0239,28.9015,29.6497,13104131
2023-07-28,29.9303,30.2109,29.0886,29.6497,9556769
2023-07-31,29.9303,31.5204,29.9303,31.3333,11710036
2023-08-01,31.4269,32.3622,30.9592,32.0816,9055563
2023-08-02,32.0816,32.1751,30.4915,31.1463,11310933
2023-08-03,32.2687,32.5493,29.4627,29.5562,13633445
2023-08-04,29.5562,30.0239,28.5274,28.6209,11525853
2023-08-07,28.9015,28.9015,27.9662,28.1532,8827535
2023-08-08,27.7791,28.3403,27.2179,27.9662,9299393
2023-08-09,28.0597,28.2468,27.4050,27.7791,9054366
2023-08-10,27.9662,28.1532,26.5632,26.6567,10544578
2023-08-11,26.7502,27.5920,26.5632,26.9373,8748226
2023-08-14,26.9373,27.3114,26.2826,26.5632,9071568
2023-08-15,26.1891,26.1891,23.6637,25.9085,22156680
2023-08-16,26.2826,28.3403,25.6279,27.7791,25084170
2023-08-17,28.0597,28.2468,26.3761,26.3761,12271873
2023-08-18,26.1891,28.4338,25.8149,28.0597,14118315
2023-08-21,28.2468,28.7144,27.6856,28.5274,12155411
2023-08-22,28.8080,29.2756,28.4338,28.4338,10292045
2023-08-23,28.5274,28.7144,27.8726,28.6209,8212571
2023-08-24,28.6209,28.6209,27.4985,28.2468,9107962
2023-08-25,28.0597,28.2468,27.3114,27.3114,9247593
2023-08-28,27.4050,27.9662,26.7502,27.4050,8443133
2023-08-29,27.4985,27.9662,27.1244,27.4050,4530005
2023-08-30,27.5920,27.5920,26.9373,27.3114,5397919
2023-08-31,27.0308,27.2179,25.8149,25.8149,10410453
2023-09-01,26.0955,26.7502,25.7214,26.7502,7825080
2023-09-04,26.4697,26.7502,26.0020,26.0020,4106633
2023-09-05,25.8149,25.9085,24.5055,25.1602,11448960
2023-09-06,25.1602,25.8149,24.2249,24.2249,9306770
2023-09-08,23.8507,23.9443,23.3831,23.4766,7295573
2023-09-11,23.6637,24.1313,23.1025,23.8507,7102944
2023-09-12,23.8507,24.7861,23.5701,24.5055,10327081
2023-09-13,24.3184,25.4408,24.2249,24.5055,7511263
2023-09-14,24.5055,24.6925,23.0090,24.1313,12929015
2023-09-15,24.3184,24.6925,23.1960,23.1960,12717986
2023-09-18,23.1960,24.5055,22.9154,24.1313,11723143
2023-09-19,24.1313,24.4119,23.3831,23.5701,6940765
2023-09-20,23.5701,24.0378,23.4766,23.5701,6121765
2023-09-21,23.1025,23.1960,21.9801,21.9801,14504363
2023-09-22,22.3542,22.5413,20.2965,20.9512,14324265
2023-09-25,20.5771,20.5771,19.4547,20.1095,9903527
2023-09-26,19.8289,20.3900,19.3612,19.6418,6789972
2023-09-27,19.9224,20.1095,18.7065,19.0806,19106419
2023-09-28,18.8935,19.5483,18.8000,19.1741,8963991
2023-09-29,19.7353,20.2965,19.5483,19.8289,11492164
2023-10-02,19.8289,19.9224,18.6129,18.8000,9802834
2023-10-03,18.5194,18.7065,17.1164,17.2099,14480211
2023-10-04,17.6776,18.2388,17.4905,17.6776,14026272
2023-10-05,17.5841,17.7711,16.8358,16.9294,8672145
2023-10-06,16.0876,16.8358,15.7134,16.6488,13196056
2023-10-09,16.1811,17.4905,15.9940,17.3970,8637547
2023-10-10,17.4905,18.8935,17.4905,18.6129,13566281
2023-10-11,18.8935,19.4547,17.6776,17.8647,13544674
2023-10-13,17.4905,17.6776,16.8358,17.0229,7230066
2023-10-16,17.3035,17.3970,16.6488,16.7423,7428757
2023-10-17,16.3682,16.5552,15.7134,15.8070,8917429
2023-10-18,15.9005,17.0229,15.5264,16.1811,16283577
2023-10-19,16.0876,16.1811,15.0587,15.0587,14344248
2023-10-20,14.7781,15.1522,14.3104,14.4040,16934314
2023-10-23,14.3104,14.5910,14.0299,14.1234,17058475
2023-10-24,14.3104,14.4975,13.1881,13.1881,17960997
2023-10-25,13.0945,13.6557,12.1592,13.4687,26885023
2023-10-26,13.5622,14.3104,13.3751,13.7493,21818914
2023-10-27,13.6557,13.9363,13.0010,13.6557,16845500
2023-10-30,13.6557,13.7493,12.6269,12.8139,8550561
2023-10-31,12.8139,12.9075,12.4398,12.4398,15512795
2023-11-01,12.4398,12.7204,12.2527,12.4398,14853718
2023-11-03,12.8139,14.4040,12.7204,13.9363,26499680
2023-11-06,14.1234,14.6846,13.0945,13.3751,17133112
2023-11-07,13.2816,16.6488,13.1881,16.5552,31953923
2023-11-08,16.3682,18.8935,16.0876,16.6488,38035616
2023-11-09,17.1164,17.1164,15.7134,15.9940,18790667
2023-11-10,16.1811,16.9294,16.1811,16.8358,11318748
2023-11-13,16.6488,17.5841,15.1522,16.1811,23629817
2023-11-14,14.7781,16.7423,14.4975,16.3682,55673121
2023-11-16,16.4617,21.0448,16.4617,20.4836,41135175
2023-11-17,20.7642,21.7930,19.8289,20.7642,31898712
2023-11-20,21.5124,21.9801,20.8577,21.3254,15041237
2023-11-21,21.3254,21.5124,19.5483,19.9224,19985281
2023-11-22,20.2030,20.7642,19.3612,19.4547,16835023
2023-11-23,19.5483,20.4836,19.2677,20.2965,7946214
2023-11-24,20.2030,20.2965,18.5194,18.6129,19154295
2023-11-27,18.8000,19.3612,17.9582,18.3323,18770289
2023-11-28,18.2388,18.3323,17.3970,17.8647,22183922
2023-11-29,18.3323,18.9871,17.5841,17.5841,23526783
2023-11-30,18.0517,18.9871,17.8647,18.8935,30239820
2023-12-01,18.9871,20.4836,18.0517,20.2965,26040417
2023-12-04,20.0159,20.2965,18.7065,18.7065,21299254
2023-12-05,18.8935,20.3900,18.7065,20.0159,20462827
2023-12-06,20.3900,20.6706,20.0159,20.2965,14129530
2023-12-07,20.3900,21.3254,20.3900,21.1383,14215372
2023-12-08,21.3254,21.5124,19.7353,19.9224,20526270
2023-12-11,19.8289,20.8577,19.7353,20.8577,8250430
2023-12-12,20.8577,21.6060,20.5771,21.3254,12616054
2023-12-13,21.6060,23.6637,20.9512,23.6637,23371906
2023-12-14,23.7572,24.7861,22.3542,22.7284,22995288
2023-12-15,22.9154,23.1025,20.6706,20.6706,26662865
2023-12-18,20.9512,21.1383,20.2965,20.3900,13293552
2023-12-19,20.6706,21.0448,20.1095,20.2030,13856897
2023-12-20,20.2030,20.6706,19.5483,19.6418,18242151
2023-12-21,20.0159,20.1095,19.2677,19.5483,13106996
2023-12-22,19.6418,19.9224,19.2677,19.8289,8595562
2023-12-26,20.0159,20.1095,19.5483,19.7353,7100571
2023-12-27,19.8289,21.2318,19.5483,21.0448,13867300
2023-12-28,20.6706,20.8577,20.1095,20.2030,12859371
2024-01-02,20.0159,20.1095,18.9871,19.1741,12365563
2024-01-03,19.0806,19.3612,18.7065,18.7065,9247593
2024-01-04,18.8000,18.9871,17.7711,18.0517,13431857
2024-01-05,17.9582,19.4547,17.8647,18.4259,15321653
2024-01-08,18.2388,19.5483,18.2388,19.5483,14712163
2024-01-09,19.2677,20.5771,19.0806,20.0159,17690973
2024-01-10,20.2030,20.5771,19.6418,20.3900,13747331
2024-01-11,20.4836,21.4189,20.0159,20.3900,18193312
2024-01-12,20.3900,21.9801,20.3900,21.1383,24651795
2024-01-15,21.4189,21.5124,20.6706,21.3254,12061775
2024-01-16,20.8577,20.9512,19.7353,20.3900,28001803
2024-01-17,20.2965,20.6706,19.8289,20.1095,12730314
2024-01-18,20.3900,20.6706,18.6129,18.7065,26242422
2024-01-19,18.8935,19.2677,18.1453,18.9871,19991182
2024-01-22,19.1741,19.2677,18.0517,18.2388,15418603
2024-01-23,18.4259,18.8000,18.0517,18.1453,12007858
2024-01-24,18.5194,18.8935,17.7711,17.9582,14291966
2024-01-25,18.1453,19.6418,17.9582,19.3612,18522963
2024-01-26,19.5483,19.6418,18.8935,19.4547,14432645
2024-01-29,20.9512,21.3254,19.3612,19.3612,24167663
2024-01-30,19.2677,19.9224,18.5194,18.5194,15419833
2024-01-31,18.7065,20.2965,18.6129,19.6418,21118654
2024-02-01,21.1000,21.2000,20.1000,20.6000,11963470
2024-02-02,20.6000,20.9000,19.7000,19.7000,13149710
2024-02-05,19.6000,20.0000,19.0000,19.5000,12867690
2024-02-06,19.7000,20.6000,19.6000,20.5000,12277780
2024-02-07,20.3000,20.9000,20.0000,20.8000,11982750
2024-02-08,20.5000,21.0000,19.7000,20.7000,15472250
2024-02-09,20.7000,21.4000,20.5000,20.8000,16483250
2024-02-14,20.6000,20.9000,20.1000,20.2000,9487890
2024-02-15,20.2000,20.8000,19.8000,20.6000,19122440
2024-02-16,20.7000,20.9000,20.2000,20.4000,10987470
2024-02-19,20.3000,21.0000,20.2000,20.9000,7616590
2024-02-20,20.5000,21.2000,20.1000,20.2000,17117400
2024-02-21,20.2000,20.3000,19.5000,19.6000,30506560
2024-02-22,19.9000,21.1000,19.8000,21.1000,22464000
2024-02-23,21.1000,21.5000,20.5000,21.5000,10899950
2024-02-26,21.5000,22.0000,20.9000,21.1000,9543480
2024-02-27,21.3000,22.0000,21.3000,22.0000,10880600
2024-02-28,21.8000,22.2000,21.3000,21.7000,8894930
2024-02-29,21.5000,21.9000,21.3000,21.3000,7568590
2024-03-01,21.5000,22.5000,21.3000,22.2000,11242890
2024-03-04,22.1000,22.4000,21.0000,21.3000,10909650
2024-03-05,21.1000,21.8000,21.1000,21.2000,8262440
2024-03-06,21.5000,21.6000,20.3000,20.6000,12119800
2024-03-07,20.7000,20.8000,20.3000,20.4000,5428250
2024-03-08,20.2000,20.7000,20.1000,20.5000,5635940
2024-03-11,20.4000,20.6000,20.0000,20.0000,5815220
2024-03-12,20.3000,20.5000,19.8000,20.2000,8133600
2024-03-13,20.2000,20.8000,19.8000,20.3000,8056880
2024-03-14,20.5000,20.7000,19.9000,20.1000,8019010
2024-03-15,20.2000,20.2000,19.4000,19.6000,14197070
2024-03-18,19.9000,21.1000,19.8000,21.0000,21177670
2024-03-19,21.6000,22.0000,19.5000,19.7000,38788340
2024-03-20,20.0000,20.8000,19.5000,20.5000,21046950
2024-03-21,20.4000,20.5000,19.6000,19.9000,12694210
2024-03-22,19.6000,19.7000,18.1000,19.2000,21362000
2024-03-25,19.2000,19.4000,18.5000,19.1000,15524370
2024-03-26,19.0000,19.1000,17.8000,17.8000,16023140
2024-03-27,17.8000,18.3000,17.2000,18.2000,14272820
2024-03-28,18.1000,18.5000,17.9000,18.0000,10434580
2024-04-01,18.1000,18.3000,17.6000,17.8000,4753830
2024-04-02,17.7000,17.8000,17.2000,17.4000,6962710
2024-04-03,17.3000,17.4000,16.4000,16.9000,16070130
2024-04-04,17.1000,18.4000,17.0000,17.7000,15921330
2024-04-05,17.6000,17.7000,16.9000,17.1000,9252580
2024-04-08,17.1000,18.2000,17.1000,17.8000,10233010
2024-04-09,17.9000,18.3000,17.6000,18.2000,6888800
2024-04-10,17.8000,18.0000,17.4000,17.7000,8808640
2024-04-11,17.6000,18.0000,17.1000,17.3000,9889330
2024-04-12,17.3000,17.3000,16.5000,16.6000,8806720
2024-04-15,16.6000,16.6000,15.2000,15.3000,18345150
2024-04-16,14.9000,15.7000,14.5000,15.2000,23922440
2024-04-17,15.6000,15.8000,14.9000,15.2000,12675440
2024-04-18,15.2000,15.6000,15.0000,15.0000,9677420
2024-04-19,15.0000,16.0000,14.9000,15.4000,12259250
2024-04-22,15.4000,15.6000,15.0000,15.3000,11151190
2024-04-23,15.2000,15.3000,14.2000,14.4000,13743440
2024-04-24,14.3000,14.4000,13.6000,14.3000,13798150
2024-04-25,14.0000,14.0000,13.6000,13.9000,9944620
2024-04-26,14.1000,14.4000,14.0000,14.3000,8577870
2024-04-29,14.3000,15.0000,14.0000,14.5000,10336980
2024-04-30,14.3000,14.5000,13.4000,13.6000,10496620
2024-05-02,14.0000,14.8000,13.9000,14.6000,12994830
2024-05-03,15.0000,15.8000,15.0000,15.7000,17346750
2024-05-06,15.8000,16.1000,15.4000,15.7000,9716630
2024-05-07,15.8000,16.5000,15.7000,16.1000,8309740
2024-05-08,15.7000,16.7000,15.5000,16.5000,8003870
2024-05-09,16.0000,17.0000,15.6000,16.7000,16334260
2024-05-10,17.4000,17.5000,15.3000,15.4000,25349350
2024-05-13,15.5000,16.2000,15.3000,15.8000,12354930
2024-05-14,15.7000,16.4000,15.6000,15.8000,13822120
2024-05-15,15.7000,16.4000,15.6000,16.1000,12807130
2024-05-16,16.3000,16.3000,15.8000,15.9000,6777850
2024-05-17,15.9000,16.2000,15.6000,15.9000,11386760
2024-05-20,15.7000,16.2000,15.6000,15.7000,8996570
2024-05-21,15.6000,15.9000,15.0000,15.5000,9103480
2024-05-22,15.3000,15.3000,14.7000,14.7000,10439310
2024-05-23,14.7000,14.9000,14.0000,14.2000,10312140
2024-05-24,14.0000,14.1000,13.2000,13.2000,25575920
2024-05-27,12.8300,13.1900,12.3300,13.1500,27976500
2024-05-28,13.3000,13.5800,12.2800,12.2900,21354000
2024-05-29,12.2500,12.6300,12.0800,12.0800,17898100
2024-05-31,12.0800,12.3900,11.4000,12.3900,63751700
2024-06-03,12.3900,12.9500,12.1000,12.6800,18347100
2024-06-04,12.7000,12.8600,11.6300,11.6500,20924100
2024-06-05,11.6500,12.3400,11.5200,12.1900,22581900
2024-06-06,12.3200,12.8900,12.2600,12.7000,22888600
2024-06-07,12.3300,12.6000,11.7400,11.7400,20317800
2024-06-10,11.7900,11.8500,11.2500,11.5200,19940100
2024-06-11,11.4900,12.4800,11.4400,12.4400,31012700
2024-06-12,12.6000,12.9500,11.4200,11.4500,36272600
2024-06-13,11.5000,11.5800,11.0700,11.2200,22684400
2024-06-14,11.2700,11.7900,11.1200,11.4400,21160800
2024-06-17,11.2700,11.3300,10.9900,10.9900,14745400
2024-06-18,11.0100,11.1800,10.7100,10.9500,18214900
2024-06-19,10.9500,11.1300,10.7400,11.0800,13434100
2024-06-20,11.3100,11.5900,10.6200,10.6700,35327500
2024-06-21,10.7000,10.9900,10.5600,10.8300,21829300
2024-06-24,11.6100,12.3900,11.5400,12.1600,44665500
2024-06-25,12.0600,12.2700,11.6100,11.8000,30018400
2024-06-26,11.6400,11.7000,11.1700,11.4800,23803300
2024-06-27,11.4600,12.3400,11.2800,12.2100,27526700
2024-06-28,12.1400,12.2000,11.6500,12.0500,25687100
2024-07-01,12.0200,12.2900,11.8800,12.1400,16498900
2024-07-02,12.1000,12.3300,11.9500,12.1700,15119100
2024-07-03,12.2600,12.7300,12.2600,12.5800,17333200
2024-07-04,12.8500,13.4600,12.8300,13.1800,23480800
2024-07-05,13.1100,13.7300,13.0600,13.6900,27239900
2024-07-08,13.4800,13.5900,12.7700,12.8900,24871900
2024-07-09,12.9000,13.5500,12.8300,13.5100,16900000
2024-07-10,13.9000,14.1400,13.4200,13.4700,22283100
2024-07-11,13.9700,14.0400,13.6300,13.7100,13490500
2024-07-12,13.7100,13.9400,13.5400,13.8700,14197100
2024-07-15,13.8500,14.3300,13.6500,14.3300,19057800
2024-07-16,14.2900,14.4200,13.5400,13.6300,27058500
2024-07-17,13.6000,13.8700,13.3600,13.4600,18666300
2024-07-18,13.5000,13.5700,12.5700,12.6700,26549000
2024-07-19,12.6600,12.9900,12.5100,12.5700,18916700
2024-07-22,12.6600,12.8300,12.3300,12.3300,20886800
2024-07-23,12.2400,12.4700,12.1500,12.1800,18691900
2024-07-24,12.1600,12.2300,11.6000,11.6700,17578600
2024-07-25,11.6700,11.9300,11.5400,11.6000,14540200
2024-07-26,11.6500,11.9800,11.4500,11.8900,18085500
2024-07-29,11.9500,11.9800,11.0700,11.2000,26819200
2024-07-30,11.1200,11.4100,11.0400,11.0800,15764700
2024-07-31,11.2200,11.4600,11.0700,11.0700,14502800
2024-08-01,11.3000,11.5000,10.7300,10.8000,19814000
2024-08-02,10.8800,11.5900,10.8800,11.5700,25959900
2024-08-05,11.0000,11.6500,10.6200,11.5400,32001700
2024-08-06,11.5200,11.6800,10.9300,11.3000,24358400
2024-08-07,11.5100,12.2500,11.4700,12.1900,23974800
2024-08-08,12.2100,12.7000,12.2100,12.5400,20933300
2024-08-09,12.9000,13.2500,12.2100,12.9600,41144900
2024-08-12,13.0500,13.8400,12.9500,12.9500,39553100
2024-08-13,13.2000,13.4000,13.0000,13.2900,24193700
2024-08-14,13.1000,13.4500,12.6400,12.7400,25528600
2024-08-15,12.8200,13.4100,12.5600,13.2900,19604800
2024-08-16,13.3100,13.3600,12.5800,12.5800,18781300
2024-08-19,12.7300,14.0000,12.7200,13.9200,32348600
2024-08-20,13.9200,13.9300,13.5800,13.8000,16240700
2024-08-21,13.8300,14.0800,13.4200,13.8500,19832200
2024-08-22,13.7000,13.8400,13.1200,13.1800,16215500
2024-08-23,13.3500,13.7700,13.1300,13.6200,16941500
2024-08-26,13.7500,13.7800,13.0700,13.3500,16290200
2024-08-27,13.3300,13.7300,13.2800,13.4700,14667800
2024-08-28,13.3300,13.4700,13.1400,13.1800,15068200
2024-08-29,13.2000,13.2500,12.6600,12.8900,20240700
2024-08-30,12.7500,12.7800,12.1300,12.1600,25198000
2024-09-02,12.0000,12.2000,11.8300,11.9700,13191900
2024-09-03,12.1900,12.2800,11.6000,11.6800,20507800
2024-09-04,11.7900,12.3500,11.7500,12.0400,18138000
2024-09-05,12.0400,12.3600,11.6200,12.3000,24837900
2024-09-06,12.2800,12.5100,11.7600,11.8000,17764200
2024-09-09,11.8200,11.8900,11.5200,11.5200,12196100
2024-09-10,11.4000,11.5100,11.2300,11.3300,12406000
2024-09-11,11.4400,11.5200,11.1600,11.2700,15242600
2024-09-12,11.3100,11.3100,11.0700,11.1700,12538400
2024-09-13,11.2600,11.9400,11.2400,11.6000,17735800
2024-09-16,11.5600,11.8200,11.4400,11.6900,10971300
2024-09-17,11.6000,11.9000,11.4900,11.8800,13192600
2024-09-18,11.7400,12.2100,11.5200,11.5200,21568500
2024-09-19,11.6900,11.7800,11.1400,11.1600,20178600
2024-09-20,11.1400,11.1500,10.3500,10.3500,33914500
2024-09-23,10.2200,10.3700,9.9300,10.0200,21412100
2024-09-24,10.2900,10.3300,10.0200,10.1900,15415900
2024-09-25,10.2700,10.3300,9.8400,10.0000,20478600
2024-09-26,10.0800,10.3300,9.7700,9.8000,22118500
2024-09-27,9.8000,10.3800,9.8000,10.0000,22961600
2024-09-30,10.0000,10.0600,9.4700,9.7000,25238600
2024-10-01,9.7800,9.9300,9.6000,9.7200,21681100
2024-10-02,9.8300,10.1200,9.7400,9.8500,24958100
2024-10-03,9.6500,9.9100,9.4300,9.7300,24568400
2024-10-04,9.6600,9.7700,9.5100,9.6700,17795900
2024-10-07,9.8100,9.9300,9.3800,9.5100,24196000
2024-10-08,9.5300,9.6300,9.4600,9.5700,18588400
2024-10-09,9.4700,9.5200,9.2400,9.2400,17146700
2024-10-10,9.3000,9.3200,9.0700,9.2100,17494800
2024-10-11,9.2200,9.4700,8.9300,9.4500,28500100
2024-10-14,9.4100,10.0600,9.3000,9.8000,24673000
2024-10-15,9.9000,9.9700,9.6100,9.7000,16404400
2024-10-16,9.6500,9.9700,9.5800,9.8000,21435300
2024-10-17,9.7000,9.7300,9.5700,9.5700,15044300
2024-10-18,9.6400,9.7200,9.3600,9.4000,24148500
2024-10-21,9.4500,9.7900,9.4500,9.6700,23107100
2024-10-22,9.5700,9.8100,9.1500,9.3000,31399000
2024-10-23,9.1600,9.3200,9.0600,9.1500,20944700
2024-10-24,9.1800,9.5100,9.0800,9.4800,25145900
2024-10-25,9.4600,9.5200,9.1300,9.1300,20491500
2024-10-28,9.2800,9.6000,9.2700,9.4700,21592700
2024-10-29,9.4500,9.5200,9.1500,9.2300,17823100
2024-10-30,9.2500,9.6800,9.1700,9.6000,25399500
2024-10-31,9.5200,9.6700,9.4000,9.4600,13584900
2024-11-01,9.5900,9.5900,8.7800,8.8600,28708900
2024-11-04,9.1400,9.8800,9.1400,9.7800,45272300
2024-11-05,9.6500,10.0200,9.4100,9.9800,37152100
2024-11-06,9.7400,9.9200,9.5400,9.7300,29309700
2024-11-07,9.8100,10.1000,9.3600,9.3800,39611000
2024-11-08,9.7300,9.9200,9.0700,9.6000,60470900
2024-11-11,9.5000,9.5700,9.2200,9.4000,33018800
2024-11-12,9.4400,9.5900,9.2300,9.2300,29553400
2024-11-13,9.3000,9.5400,9.0300,9.2600,34834800
2024-11-14,9.2600,9.5500,8.9800,9.0000,35674600
2024-11-18,9.1000,9.4600,9.0000,9.2300,29247600
2024-11-19,9.2800,9.4100,9.1000,9.3800,21220700
2024-11-21,9.2200,9.3100,9.1100,9.1400,29383300
2024-11-22,9.2500,9.4300,9.1200,9.4200,24574400
2024-11-25,9.4300,10.0100,9.4000,10.0100,22335700
2024-11-26,9.9500,10.7400,9.9300,10.6400,36376200
2024-11-27,10.6600,10.7500,9.6400,9.6400,39522600
2024-11-28,9.6300,9.7900,8.8600,8.9900,31413600
2024-11-29,9.0000,9.2200,8.7000,9.0300,38100800
2024-12-02,9.0100,9.4000,8.8600,9.2000,24470000
2024-12-03,9.2800,9.4100,9.1600,9.3100,23690600
2024-12-04,9.3400,9.5000,9.2400,9.2400,22328400
2024-12-05,9.4000,9.6700,9.1900,9.1900,25822500
2024-12-06,9.1900,9.3400,8.4800,8.5400,33718600
2024-12-09,8.6100,8.9100,8.4200,8.4600,30593800
2024-12-10,8.6800,8.7800,8.3300,8.7200,28103000
2024-12-11,8.8000,9.5300,8.7000,9.2100,38027400
2024-12-12,8.9000,8.9400,8.3100,8.3800,38569800
2024-12-13,8.3900,8.6000,8.1900,8.2000,24255600
2024-12-16,8.2500,8.2700,7.7200,7.7600,24554300
2024-12-17,7.8500,7.8700,7.4300,7.4700,39132600
2024-12-18,7.2500,7.3500,6.6200,6.7200,38202900
2024-12-19,6.7500,7.1300,6.7200,7.1300,37886300
2024-12-20,7.1100,7.5900,6.9800,7.3000,37602000
2024-12-23,7.2000,7.2700,6.9400,6.9800,21508800
2024-12-26,7.0300,7.0800,6.5200,6.5300,28600000
2024-12-27,6.6600,6.7300,6.2800,6.5100,32270000
2024-12-30,6.5400,6.7900,6.4100,6.5000,23979900
2025-01-02,6.5000,6.5700,6.2500,6.4300,28463800
2025-01-03,6.4300,6.5600,6.1500,6.2600,20272000
2025-01-06,6.4100,6.6900,6.3700,6.6500,31326400
2025-01-07,6.7200,6.8100,6.5400,6.6000,21863100
2025-01-08,6.4600,6.4800,6.0700,6.1700,26135100
2025-01-09,6.1300,6.1700,5.9000,6.0100,23940600
2025-01-10,6.0200,6.1400,5.9000,6.0300,18164800
2025-01-13,6.0700,6.0800,5.7700,5.8100,17078200
2025-01-14,5.8600,5.9200,5.7100,5.9100,24854100
2025-01-15,6.0100,6.4300,6.0000,6.3700,32608200
2025-01-16,6.2800,6.3400,5.9200,5.9400,29222900
2025-01-17,6.0100,6.1300,5.9000,6.0600,23446400
2025-01-20,6.0100,6.2200,5.8500,6.1100,17589900
2025-01-21,6.1100,6.2500,6.0500,6.1600,17012500
2025-01-22,6.2400,6.5100,6.1100,6.3700,22735100
2025-01-23,6.3700,6.4800,6.1700,6.2900,18282500
2025-01-24,6.3300,6.5900,6.3200,6.3700,14457500
2025-01-27,6.3500,7.0400,6.3000,7.0100,27601900
2025-01-28,6.9800,7.0400,6.7600,6.7600,18431700
2025-01-29,6.8300,6.8600,6.4600,6.5900,20659600
2025-01-30,6.7100,7.4200,6.7100,7.2700,31780200
2025-01-31,7.3100,7.5600,7.2000,7.4600,25872400
2025-02-03,7.3200,7.3200,7.0800,7.2200,22910800
2025-02-04,7.1500,7.3000,6.8100,7.2400,28804500
2025-02-05,7.2100,7.2100,6.8600,6.8800,20919700
2025-02-06,6.9100,7.4200,6.9100,7.3900,27362200
2025-02-07,7.3400,7.4500,6.9600,7.0700,30605600
2025-02-10,7.1600,7.4700,7.1400,7.2600,20874300
2025-02-11,7.2500,7.4700,7.0800,7.2700,26133400
2025-02-12,7.1100,7.2000,6.9600,7.0900,23994600
2025-02-13,7.0500,7.1600,6.9800,7.0100,24475800
2025-02-14,7.1600,7.5400,7.0000,7.3800,35384600
2025-02-17,7.4200,8.0200,7.4200,7.9600,38348200
2025-02-18,7.9100,8.0700,7.6200,7.6800,39780400
2025-02-19,7.5100,7.7400,7.4500,7.4500,18937100
2025-02-20,7.5800,7.6300,7.3200,7.3700,21342100
2025-02-21,7.3700,7.4700,7.1600,7.2800,27242700
2025-02-24,7.4500,7.4600,6.7700,6.8700,30533800
2025-02-25,6.9000,7.4700,6.8700,7.3800,36948900
2025-02-26,7.5500,7.5500,7.1600,7.3600,22893400
2025-02-27,7.3600,7.5100,7.2300,7.3100,21492400
2025-02-28,7.2200,7.5100,7.0000,7.1500,29748100
2025-03-05,7.1200,7.3200,7.0300,7.2800,10895200
2025-03-06,7.0800,7.2100,6.8800,7.1100,34949600
2025-03-07,7.0700,7.8700,6.9500,7.8600,40884800
2025-03-10,7.6600,8.4900,7.6600,8.2500,39247100
2025-03-11,8.2200,8.7000,8.1300,8.3000,35459700
2025-03-12,8.3100,8.7800,8.3100,8.5800,21981200
2025-03-13,8.6500,8.8000,8.2400,8.4600,23857400
2025-03-14,8.5400,10.0500,8.4300,9.6000,65704800
2025-03-17,9.6000,10.4400,9.4800,10.1400,38124400
2025-03-18,10.1000,10.3500,10.0300,10.0300,26611300
2025-03-19,10.0300,10.6300,9.9700,10.4300,34587600
2025-03-20,10.4500,10.5800,10.2700,10.3700,17965900
2025-03-21,10.3500,10.4100,10.0800,10.1000,29562300
2025-03-24,10.1500,10.2500,9.9500,10.2100,23371500
2025-03-25,10.5800,11.2400,10.3900,10.4600,57871800
2025-03-26,10.5800,10.7400,10.3100,10.4900,27614300
2025-03-27,10.4800,11.4600,10.3000,10.8700,38424700
2025-03-28,10.7900,10.8400,10.2000,10.5600,30855200
2025-03-31,10.4400,10.6400,10.0800,10.1500,29043500
2025-04-01,10.1900,10.6100,10.1500,10.4500,25429000
2025-04-02,10.4300,11.2100,10.3700,11.1900,37759600
2025-04-03,11.1600,11.8500,11.1400,11.8000,32976900
2025-04-04,11.3400,11.4900,10.7400,10.8300,40210300
2025-04-07,10.4100,10.8800,10.0500,10.1400,53646600
2025-04-08,10.3900,10.4200,8.7300,8.7800,53611700
2025-04-09,8.6600,9.8700,8.4800,9.7700,53457200
2025-04-10,9.7000,10.4900,9.5800,10.2100,41659100
2025-04-11,10.3400,10.5400,10.0300,10.4700,27424500
2025-04-14,10.8100,11.0100,10.1600,10.4900,27159900
2025-04-15,10.5000,10.7800,10.2400,10.4500,23115000
2025-04-16,10.3600,10.6000,10.2200,10.3500,20176600
2025-04-17,10.4100,10.4800,10.1600,10.2000,26856800
2025-04-22,10.1900,10.4400,9.8000,10.1400,25816000
2025-04-23,10.3700,10.5300,9.5100,9.5400,34650500
2025-04-24,9.6100,10.5700,9.5800,10.5700,37700200
2025-04-25,10.6800,10.7000,10.3400,10.4500,19134800
2025-04-28,10.2600,10.4400,9.8800,10.0000,23133300
2025-04-29,10.0900,10.6200,9.9300,9.9800,33817500
2025-04-30,10.0400,10.0800,9.2700,9.3200,26074000
2025-05-02,9.4100,9.4800,9.1600,9.3300,15123300
2025-05-05,9.3300,9.4400,8.8300,8.8600,19918300
2025-05-06,9.0000,9.0700,8.6400,8.7400,17528800
2025-05-07,8.8300,8.8400,8.4700,8.5400,14785100
2025-05-08,8.8300,9.3600,8.7300,9.0200,23656300
2025-05-09,8.8500,8.8900,7.9100,8.3900,49150000
2025-05-12,8.5900,9.0200,8.5200,8.7800,24024500
2025-05-13,8.8200,9.4100,8.5400,9.1600,38301200
2025-05-14,9.1000,9.4700,8.9100,9.3500,29701700
2025-05-15,9.3100,9.8400,9.3100,9.7000,32111600
2025-05-16,9.5000,9.7900,9.4100,9.7800,19644700
2025-05-19,9.7100,10.1700,9.6300,9.9000,33015600
2025-05-20,9.7700,9.8600,9.4200,9.6000,20402300
2025-05-21,9.5200,9.5200,9.1200,9.2100,20267100
2025-05-22,9.2000,10.0800,9.2000,9.4700,39280700
2025-05-23,9.1300,9.2300,8.8000,9.0000,42974300
2025-05-26,9.2000,9.2700,8.9700,9.0400,16436400
2025-05-27,9.4100,9.7800,9.1900,9.3400,29610200
2025-05-28,9.2600,9.7700,9.2300,9.5500,40411800
2025-05-29,9.5600,9.6500,9.0800,9.0800,30819200
2025-05-30,9.2000,9.3300,9.0200,9.2200,27780200
2025-06-02,9.4500,9.8900,9.3700,9.5400,28230500
2025-06-03,9.5200,10.2900,9.4300,10.2500,39217800
2025-06-04,10.3400,10.4400,9.4100,10.0400,56132900
2025-06-05,10.1100,10.4300,9.9600,10.0600,47222400
2025-06-06,10.1800,10.4500,9.5000,9.5000,43426400
2025-06-09,9.4300,9.6700,9.3300,9.4800,25790300
2025-06-10,9.7300,9.9600,9.4100,9.5000,36146100
2025-06-11,9.5400,9.7500,9.3700,9.5400,27378300
2025-06-12,9.4100,9.6800,9.2600,9.6200,24099600
2025-06-13,9.3200,9.3400,8.9400,8.9400,48471100
2025-06-16,9.1500,9.6100,9.1400,9.5400,33713600
2025-06-17,9.4300,9.5000,9.1800,9.3300,22408500
2025-06-18,9.3500,9.5200,9.2600,9.3500,22900100
2025-06-20,9.1900,9.1900,8.8000,8.8500,26943000
2025-06-23,8.9000,8.9500,8.5600,8.9100,35928900
2025-06-24,9.0700,9.5200,9.0200,9.1000,29267200
2025-06-25,9.1500,9.2200,9.0000,9.1300,23624400
2025-06-26,9.3300,9.5300,9.1800,9.4200,26797000
2025-06-27,9.3300,9.4400,9.1500,9.3000,21007200
2025-06-30,9.2500,9.9600,9.2000,9.8500,35773200
2025-07-01,9.7700,9.9300,9.5700,9.7100,17581000
2025-07-02,9.7300,9.7900,9.0300,9.0700,25674900
2025-07-03,9.2900,9.3900,9.1200,9.1900,24795900
2025-07-04,9.1000,9.2600,9.1000,9.2500,15533900
2025-07-07,9.2300,9.3200,9.0000,9.1100,16463800
2025-07-08,9.1700,9.2600,8.8100,8.9000,21585100
2025-07-09,9.0000,9.0000,8.4800,8.5500,19145400
2025-07-10,8.2400,8.4100,8.1300,8.3400,26382600
2025-07-11,8.2400,8.2400,7.9200,8.0400,23898400
2025-07-14,8.0100,8.0100,7.8100,7.9500,18948700
2025-07-15,8.2000,8.2400,7.9300,8.0500,23547300
2025-07-16,8.0600,8.1700,7.8700,8.1100,20804500
2025-07-17,8.1400,8.2300,8.0200,8.2000,21128900
2025-07-18,8.0500,8.1400,7.8300,7.8800,23452700
2025-07-21,7.9400,7.9800,7.5900,7.6000,20616200
2025-07-22,7.6600,7.7200,7.4200,7.5000,21546000
2025-07-23,7.4300,7.9000,7.3900,7.8000,19534600
2025-07-24,7.7000,7.7300,7.4700,7.5400,15548500
2025-07-25,7.5400,7.5900,7.3400,7.5000,15504900
2025-07-28,7.4800,7.5500,7.1700,7.1800,16183200
2025-07-29,7.2500,7.2500,6.9500,6.9800,21144500
2025-07-30,6.9400,7.4800,6.9200,7.3400,28283200
2025-07-31,7.0800,7.1500,6.9700,7.0600,20433800
2025-08-01,7.2700,7.4000,7.1800,7.2200,25396900
2025-08-04,7.3100,7.3800,7.1300,7.1800,14381400
2025-08-05,7.1800,7.3000,7.1000,7.2000,14937100
2025-08-06,7.2600,7.4400,7.2100,7.3400,13334200
2025-08-07,7.3700,7.4800,7.2800,7.4200,17572700
2025-08-08,7.3600,7.3600,6.9500,7.0400,33124200
2025-08-11,6.9400,7.3700,6.9400,7.0200,27562400
2025-08-12,7.2000,7.3000,7.0100,7.0300,20278100
2025-08-13,7.0100,7.0500,6.7000,6.7300,20163000
2025-08-14,6.6700,6.7400,6.5300,6.6800,18772000
2025-08-15,6.6600,6.6800,6.5200,6.6200,12622900
2025-08-18,6.6200,6.9900,6.6200,6.9100,16977900
2025-08-19,6.7400,6.9400,6.7200,6.8600,16800100
2025-08-20,6.9300,6.9300,6.6300,6.6800,19276600
2025-08-21,6.6400,6.8700,6.6200,6.6800,14448600
2025-08-22,6.7600,7.0500,6.7100,6.9000,23365800
2025-08-25,6.9600,7.2400,6.9300,7.1200,15853100
2025-08-26,7.0700,7.2400,6.9800,7.0000,16124700
2025-08-27,6.9700,7.1800,6.8800,7.1800,17737000
2025-08-28,7.2000,7.9700,7.2000,7.8400,43622600
2025-08-29,7.7700,8.4000,7.6800,8.1900,29438600
2025-09-01,8.2400,8.8700,8.2000,8.2800,29384800
2025-09-02,8.1900,8.4400,8.0800,8.1500,15066300
2025-09-03,8.2000,8.4100,8.0900,8.2200,15636800
2025-09-04,8.3200,8.6900,8.1600,8.6500,25284400
2025-09-05,8.8800,9.2700,8.7400,9.2700,30757600
2025-09-08,9.3500,9.4000,8.8300,8.9100,27866600
2025-09-09,9.0000,9.1200,8.8300,8.9200,18278200
2025-09-10,9.0000,9.5100,8.9500,9.2500,30562300
2025-09-11,9.3500,10.0000,9.3000,10.0000,36366600
2025-09-12,9.8600,10.1100,9.7400,9.8500,19670500
2025-09-15,10.0200,10.8400,9.9800,10.5800,27403400
2025-09-16,10.8400,11.1100,10.3500,10.7400,34557600
2025-09-17,10.7800,12.1300,10.7400,11.3100,49535900
2025-09-18,11.3000,11.4500,11.1400,11.2300,19117600
2025-09-19,11.3000,11.3400,10.9100,11.1100,16826000
2025-09-22,10.9200,11.1400,10.7500,10.8400,14825500
2025-09-23,11.0100,11.4100,10.7500,11.0000,25710400
2025-09-24,11.0500,11.3200,10.8800,10.8800,20146400
2025-09-25,10.8800,11.6300,10.7900,11.0200,35912000
2025-09-26,11.1600,11.4300,11.0200,11.1900,23182500
2025-09-29,11.5800,12.0000,10.6200,10.6200,40084400
2025-09-30,10.8700,10.9500,9.5600,9.6000,50567000
2025-10-01,9.6600,9.6700,9.1500,9.6000,43927100
2025-10-02,9.6500,9.7400,9.1000,9.1600,21749000
2025-10-03,9.1000,9.3300,8.8700,9.1500,32721500
2025-10-06,9.1500,9.2200,8.8500,8.9600,20872000
2025-10-07,8.8100,8.9800,8.6700,8.9800,20741600
2025-10-08,9.1000,9.1800,8.7900,9.0900,26777100
2025-10-09,9.1200,9.1800,8.8600,8.9700,18705000
2025-10-10,9.0500,9.1500,8.7000,8.8100,19885300
2025-10-13,9.0000,9.0600,8.6000,8.6000,18728100
2025-10-14,8.5300,8.8000,8.4600,8.7800,14103300
2025-10-15,8.7400,9.1200,8.7200,8.9100,22084300
2025-10-16,8.8600,8.8600,8.1100,8.2000,38936700
2025-10-17,8.0900,8.4500,7.9700,8.4000,27252000
2025-10-20,8.5100,8.5600,8.3400,8.3400,12230000
2025-10-21,8.3100,8.5200,8.2700,8.3600,13146800
2025-10-22,8.4400,8.4400,8.2800,8.3400,12890800
2025-10-23,8.4800,8.5300,7.5200,7.8700,48168500
2025-10-24,8.0400,8.2200,7.9500,8.0800,22332500
2025-10-27,8.2500,8.5700,8.2500,8.5200,21484600
2025-10-28,8.5100,8.7200,8.3500,8.6600,10880200
2025-10-29,8.6700,8.8200,8.5100,8.5300,12720200
2025-10-30,8.3300,8.6400,8.2500,8.5000,14381000
2025-10-31,8.5800,8.6000,8.2800,8.4700,13695300
2025-11-03,8.4900,8.6000,8.2900,8.3400,10942200
2025-11-04,8.2500,8.4000,8.2000,8.3800,6677700
2025-11-05,8.3800,8.7400,8.2600,8.7400,14730700
2025-11-06,8.6400,8.6500,7.9700,7.9900,20715500
2025-11-07,8.0300,8.4500,7.9700,8.1400,26398500
2025-11-10,8.3000,8.4900,8.0800,8.4200,15282500
2025-11-11,8.5100,9.2200,8.5100,9.0900,27728100
2025-11-12,9.0500,9.1800,8.8400,9.1500,14315500
2025-11-13,9.1500,9.3300,8.9400,9.0600,14682100
2025-11-14,9.0000,9.7300,8.9700,9.5900,23879700
2025-11-17,9.6800,9.7300,9.1000,9.1300,16876600
2025-11-18,8.9000,9.5400,8.8700,9.4700,17494300
2025-11-19,9.4400,9.5700,9.3300,9.3300,16132300
2025-11-21,9.2800,9.6400,9.2000,9.6300,23944500
2025-11-24,9.5500,10.1800,9.5300,9.9000,26630900
2025-11-25,9.9600,10.2600,9.7500,10.2600,19037400
2025-11-26,10.2000,10.3500,9.9700,10.1100,17728300
2025-11-27,10.1700,10.2600,10.0600,10.1200,9121200
2025-11-28,10.2000,10.4300,10.0300,10.2800,14380000
2025-12-01,10.3200,10.3900,10.1500,10.3400,9749300
2025-12-02,10.4100,10.5900,10.3000,10.5900,16840900
2025-12-03,10.6100,11.2400,10.6100,11.2400,22581700
2025-12-04,11.3200,11.9500,11.1800,11.6500,54918200
2025-12-05,11.6200,11.8100,10.2800,10.5100,39318500
2025-12-08,10.7700,10.9800,10.4600,10.5400,25382400
2025-12-09,10.3500,10.4000,9.9000,10.0200,26942300
2025-12-10,10.1200,10.1600,9.8900,9.9900,17381200
2025-12-11,9.9100,10.2500,9.5600,9.5800,24620500
2025-12-12,9.6800,10.0000,9.6000,9.8700,18192100
2025-12-15,10.0500,10.1600,9.8300,9.8400,17724000
2025-12-16,9.7100,9.8200,9.3900,9.5000,14862400
2025-12-17,9.4000,9.4000,9.0800,9.2000,14898200
2025-12-18,9.1600,9.3800,9.1400,9.3500,14860300
2025-12-19,9.3200,9.4500,9.2300,9.2500,13531500
2025-12-22,9.2700,9.3000,8.9600,8.9900,14490000
2025-12-23,9.1100,9.3800,9.1000,9.3300,9333900
