date,open,high,low,close,volume
2015-01-02,11.7715,11.8360,11.5550,11.6702,5720977
2015-01-05,11.4375,11.5757,11.3477,11.3592,6493237
2015-01-06,11.3661,11.4813,11.2601,11.3753,10614564
2015-01-07,11.4605,11.8637,11.4145,11.6840,9241078
2015-01-08,11.6679,11.7854,11.4675,11.5642,3756249
2015-01-09,11.4721,11.5389,11.2670,11.4237,5796944
2015-01-12,11.2924,11.4030,11.1795,11.2048,4260671
2015-01-13,11.3154,11.4767,11.2048,11.3131,4782457
2015-01-14,11.3315,11.4905,11.2532,11.4053,3622113
2015-01-15,11.4122,11.6080,11.3868,11.4398,5643708
2015-01-16,11.4444,11.8337,11.3661,11.5988,4370064
2015-01-19,11.5780,11.6978,11.3016,11.5181,3462365
2015-01-20,11.6564,11.7301,11.5642,11.6863,4787666
2015-01-21,11.7485,12.1701,11.6679,12.0318,6891739
2015-01-22,12.1655,12.3935,11.8683,12.0871,5465727
2015-01-23,12.0940,12.2461,12.0295,12.0802,4482495
2015-01-26,12.0042,12.1839,11.9305,11.9766,3906882
2015-01-27,11.9627,12.1585,11.6679,12.0963,5964940
2015-01-28,11.9259,12.1079,11.7070,11.9927,5955824
2015-01-29,11.9904,12.2069,11.8453,12.1056,5137115
2015-01-30,11.9167,12.2852,11.9167,12.1908,7940086
2015-02-02,12.2115,12.6031,12.1217,12.5456,5486998
2015-02-03,12.6239,12.6930,12.3843,12.5663,6979427
2015-02-04,12.5479,12.7206,12.3428,12.5732,10820760
2015-02-05,12.4511,12.8773,12.4511,12.8773,6619560
2015-02-06,12.8773,12.9740,12.5778,12.9026,9496327
2015-02-09,12.9003,13.2896,12.6907,13.0063,9149483
2015-02-10,12.9280,13.0109,12.8358,12.9349,7844584
2015-02-11,12.8565,12.8934,12.5617,12.8197,5251717
2015-02-12,12.8957,13.1883,12.8450,13.1215,8457531
2015-02-13,13.1261,13.3610,13.0754,13.3380,8122407
2015-02-18,13.2804,13.5522,13.2251,13.3495,7557212
2015-02-19,13.3610,13.3818,13.1307,13.3679,5949747
2015-02-20,13.3610,13.4532,13.0616,13.1422,6791897
2015-02-23,12.9786,13.4117,12.9786,13.2205,4370932
2015-02-24,13.2781,13.4601,13.1076,13.3564,6256220
2015-02-25,13.3564,13.5914,13.1122,13.4509,6528833
2015-02-26,13.7987,13.8172,13.2482,13.6421,9286658
2015-02-27,13.6260,14.0521,13.5131,13.7043,8004333
2015-03-02,13.6098,13.6951,13.4578,13.5891,4468170
2015-03-03,13.6052,13.8609,13.5937,13.8517,6753262
2015-03-04,13.7296,13.7296,13.4186,13.5661,6323505
2015-03-05,13.5131,13.5476,13.3034,13.4716,6959459
2015-03-06,13.4716,13.5960,13.3610,13.4071,9894395
2015-03-09,13.5522,13.5522,13.1330,13.1767,7237281
2015-03-10,13.1307,13.2297,12.9809,13.0754,6909971
2015-03-11,13.0385,13.2389,13.0155,13.2389,9770243
2015-03-12,13.3610,13.5246,13.2689,13.4993,10595463
2015-03-13,13.1537,13.3864,13.1192,13.3610,7233374
2015-03-16,13.4532,13.6144,13.4232,13.6144,9344393
2015-03-17,13.5914,13.9531,13.5039,13.7895,8059897
2015-03-18,13.7273,14.2341,13.6882,14.1650,11057778
2015-03-19,14.1397,14.1742,13.9369,14.1420,14748479
2015-03-20,14.2364,14.3769,14.1466,14.2871,15134826
2015-03-23,14.3769,14.4207,14.0636,14.2825,7402239
2015-03-24,14.2894,14.4069,14.0406,14.3263,10028097
2015-03-25,14.3516,14.5082,14.2595,14.4783,14889995
2015-03-26,14.3332,14.3931,14.1765,14.2502,9250628
2015-03-27,14.2042,14.4207,14.1880,14.3516,11570882
2015-03-30,14.4645,14.9045,14.4299,14.7755,6619994
2015-03-31,14.7893,14.9713,14.6188,14.9621,10440490
2015-04-01,15.0657,15.3698,14.9759,15.3583,7848491
2015-04-02,15.3099,15.4343,14.8515,15.1348,8915504
2015-04-06,15.1602,15.3698,14.8814,15.3007,5084155
2015-04-07,15.3422,15.3537,15.0358,15.0772,6176780
2015-04-08,15.2961,15.3813,15.0634,15.2500,5350691
2015-04-09,15.1717,15.3974,15.1671,15.2661,6755867
2015-04-10,15.1924,15.2869,15.1348,15.1463,7579351
2015-04-13,15.0243,15.3376,15.0104,15.3376,5584670
2015-04-14,15.3422,15.3675,15.1487,15.3145,6433332
2015-04-15,15.4228,15.5956,15.3191,15.5126,8621186
2015-04-16,15.4642,15.5426,15.2846,15.4274,7056697
2015-04-17,15.1556,15.2730,15.0565,15.2062,8205754
2015-04-20,15.1348,15.3099,15.0104,15.1510,7299357
2015-04-22,15.2062,15.3882,15.1510,15.3698,7811159
2015-04-23,15.2938,15.6877,15.2500,15.6232,8717121
2015-04-24,15.6647,15.7453,15.4297,15.7200,4981708
2015-04-27,15.7775,15.8121,15.3997,15.3997,6295723
2015-04-28,15.5679,15.6624,15.3099,15.3721,7693518
2015-04-29,15.2408,15.6647,15.1717,15.6647,8443640
2015-04-30,15.4527,15.9757,15.4435,15.9757,11626012
2015-05-04,16.0102,16.3995,15.9388,16.1254,7236413
2015-05-05,16.0171,16.2106,15.9826,16.1715,5862927
2015-05-06,16.0517,16.4133,16.0125,16.4133,6477610
2015-05-07,16.8626,16.8948,16.1024,16.1116,7143082
2015-05-08,16.3488,16.7750,16.1646,16.4986,15680487
2015-05-11,16.5677,16.7220,16.2866,16.3558,7300660
2015-05-12,16.4249,16.5976,16.3212,16.4940,7050619
2015-05-13,16.4594,16.5976,16.2244,16.5354,6532740
2015-05-14,16.5377,16.6921,16.4456,16.6506,12341406
2015-05-15,16.5723,17.0123,16.5723,16.9547,11069933
2015-05-18,16.9593,17.1321,16.6898,16.7197,7210801
2015-05-19,16.8073,16.8073,16.4940,16.6644,5415806
2015-05-20,16.6552,16.7220,16.4249,16.6207,5394101
2015-05-21,16.5631,16.9271,16.5078,16.9178,3737149
2015-05-22,16.8349,16.8395,16.4041,16.7220,6643869
2015-05-25,16.6575,16.6575,16.3120,16.4203,3107707
2015-05-26,16.4087,16.4709,16.1968,16.3581,5799549
2015-05-27,16.3558,16.3995,15.9019,16.1484,6800579
2015-05-28,16.0332,16.1576,15.9826,16.0770,7440873
2015-05-29,16.0056,16.2267,15.8029,15.8536,10629323
2015-06-01,15.8582,16.0931,15.7591,16.0102,3755381
2015-06-02,16.0517,16.2152,15.9826,16.1899,4486836
2015-06-03,16.1047,16.2751,15.9112,16.0332,5978397
2015-06-05,15.8397,16.1300,15.7983,16.0332,4305818
2015-06-08,16.0747,16.1254,15.8374,15.9065,5941933
2015-06-09,15.8351,15.8950,15.6002,15.8259,8436694
2015-06-10,16.0056,16.1231,15.6808,15.7107,8759663
2015-06-11,15.8029,15.9204,15.6347,15.6854,4980840
2015-06-12,15.6762,15.7798,15.5103,15.7338,3252696
2015-06-15,15.6324,15.8052,15.4389,15.6647,4007592
2015-06-16,15.8029,15.9204,15.7200,15.8467,6053062
2015-06-17,15.7545,15.9342,15.6255,15.8259,5226105
2015-06-18,15.8950,15.9872,15.7407,15.8328,7559382
2015-06-19,15.7683,15.9388,15.6370,15.6370,4922237
2015-06-22,15.7845,15.8858,15.5771,15.5771,4333600
2015-06-23,15.7269,15.7752,15.5264,15.5264,3331702
2015-06-24,15.5633,15.6831,15.4021,15.4136,4666553
2015-06-25,15.4343,15.5011,15.2592,15.3859,8625527
2015-06-26,15.4274,15.5357,15.2155,15.2454,6234081
2015-06-29,15.1118,15.2961,14.9459,15.1533,3251828
2015-06-30,15.1533,15.2915,15.0450,15.1533,6763246
2015-07-01,15.1118,15.2500,14.7455,15.0081,7929234
2015-07-02,15.1026,15.1878,14.9459,15.1878,5496114
2015-07-03,15.0726,15.1717,14.9206,15.0818,2136196
2015-07-06,14.9828,15.2362,14.8930,15.2039,8345534
2015-07-07,15.0888,15.2039,14.8423,15.1993,5694931
2015-07-08,15.1440,15.2247,14.9736,14.9782,5722279
2015-07-10,15.0957,15.4228,15.0289,15.3813,6488462
2015-07-13,15.5080,15.5610,15.2730,15.4596,3947253
2015-07-14,15.3951,15.6393,15.3145,15.6163,2972703
2015-07-15,15.5311,15.7798,15.4735,15.7798,7440005
2015-07-16,15.8950,15.9227,15.5195,15.7107,4187309
2015-07-17,15.7315,15.7545,15.3974,15.5011,3375546
2015-07-20,15.4965,15.6439,15.3652,15.4343,2901511
2015-07-21,15.4619,15.6969,15.4136,15.4573,3549619
2015-07-22,15.4228,15.7798,15.3997,15.7476,5477448
2015-07-23,15.7798,15.8236,15.3606,15.4113,5757875
2015-07-24,15.6578,15.6578,15.2892,15.6025,3944214
2015-07-27,15.4343,15.5472,15.2431,15.3422,7493833
2015-07-28,15.4412,15.6048,15.2500,15.3145,7226429
2015-07-29,15.2155,15.6923,15.2155,15.6301,4524169
2015-07-30,15.6462,15.9181,15.5264,15.8996,5570345
2015-07-31,15.8467,16.3926,15.8443,16.1899,8702362
2015-08-03,16.0563,16.3627,15.9019,15.9849,4275431
2015-08-04,15.9526,16.2682,15.9457,16.2383,5335064
2015-08-05,16.4686,16.4732,16.2244,16.2244,3344725
2015-08-06,16.2152,16.4571,15.9296,16.1231,5110201
2015-08-07,15.9457,15.9618,15.0980,15.2638,7920118
2015-08-10,15.4274,15.5725,15.2500,15.3652,5928476
2015-08-11,15.3629,15.5702,15.0611,15.4919,7090556
2015-08-12,15.2155,15.6393,15.0611,15.6140,9655641
2015-08-13,15.3352,15.3974,15.1440,15.1648,5554718
2015-08-14,15.3145,15.3905,15.0450,15.0588,3878665
2015-08-17,15.0749,15.2316,14.9321,15.0012,3655539
2015-08-18,14.9505,14.9966,14.6971,14.7248,20208998
2015-08-19,14.6050,14.7202,14.4322,14.6948,5594655
2015-08-20,14.4668,14.6096,14.3954,14.5543,6000102
2015-08-21,14.5105,14.5198,14.0706,14.1466,7730417
2015-08-24,13.4762,14.1166,13.3610,13.9392,10740886
2015-08-25,14.2111,14.2111,13.7872,13.8218,6072596
2015-08-26,13.9853,14.3862,13.9231,14.3862,11707623
2015-08-27,14.5198,14.9045,14.4622,14.9045,9001890
2015-08-28,14.7202,14.7893,14.4299,14.7501,7018496
2015-08-31,14.4921,14.7432,14.1996,14.6211,11498821
2015-09-01,14.2203,14.5750,14.1765,14.4645,11142861
2015-09-02,14.4645,14.7156,14.4599,14.7156,6891305
2015-09-03,14.8123,15.0726,14.7017,14.9551,9104337
2015-09-04,14.8676,14.9667,14.6741,14.9621,8488352
2015-09-08,14.9160,15.1256,14.7639,14.9482,5556454
2015-09-09,15.0519,15.2178,14.6603,14.6741,6857880
2015-09-10,14.3977,14.7386,14.3885,14.7087,5262570
2015-09-11,14.7179,14.8745,14.5774,14.7639,6216717
2015-09-14,14.7778,15.2961,14.7432,15.2385,7018062
2015-09-15,15.1579,15.1993,14.9690,15.1671,3994135
2015-09-16,15.3122,15.4988,15.1671,15.4689,6236685
2015-09-17,15.2638,15.7660,15.1993,15.4758,6181555
2015-09-18,15.3191,15.4228,15.1118,15.1579,6554879
2015-09-21,15.0888,15.2592,15.0196,15.1648,3793148
2015-09-22,15.0127,15.2938,14.8745,15.2707,4810239
2015-09-23,15.2592,15.3191,14.8814,14.8814,5088930
2015-09-24,14.5382,14.8538,14.4898,14.7686,6771928
2015-09-25,14.9160,15.0196,14.7133,14.7662,5635460
2015-09-28,14.6326,14.8814,14.5382,14.6879,5841222
2015-09-29,14.6879,14.7893,14.5082,14.5704,10152684
2015-09-30,14.8999,15.3882,14.7432,15.3882,7841112
2015-10-01,15.5426,15.6485,15.2085,15.5380,8968030
2015-10-02,15.5449,15.9480,15.3283,15.9480,6855709
2015-10-05,16.1922,16.2060,15.7338,15.8950,7644899
2015-10-06,15.7798,16.0379,15.7084,15.8374,5995761
2015-10-07,15.9457,16.1162,15.5748,15.8605,8482709
2015-10-08,15.8881,16.1001,15.7798,15.8282,5851641
2015-10-09,16.0678,16.0678,15.7614,15.8536,5467464
2015-10-13,15.8697,15.9411,15.4919,15.6647,8111121
2015-10-14,15.5610,15.9065,15.3537,15.4942,16784399
2015-10-15,15.6370,15.6601,15.2201,15.3191,7691782
2015-10-16,15.3191,15.7591,15.2224,15.6555,5994893
2015-10-19,15.6555,15.7798,15.3813,15.7798,4061854
2015-10-20,15.7223,15.8513,15.5748,15.8374,4473813
2015-10-21,15.8236,15.8950,15.6670,15.8950,6447657
2015-10-22,15.9158,16.1254,15.8259,16.1001,5721845
2015-10-23,16.1139,16.3442,15.9641,16.0217,6679900
2015-10-26,15.9618,16.1507,15.9019,15.9411,4819790
2015-10-27,15.8766,16.0793,15.8075,16.0494,5031195
2015-10-28,15.8766,15.8904,15.8374,15.8697,423245
2015-10-29,15.3537,15.7453,15.3537,15.4458,4320577
2015-10-30,15.3698,15.6393,15.2915,15.4343,6718100
2015-11-03,15.5679,16.0425,15.5679,15.9964,11770133
2015-11-04,16.0563,16.4249,15.7960,15.9710,7051487
2015-11-05,15.9687,16.2383,15.6416,15.7453,6590475
2015-11-06,15.6716,15.7430,15.1671,15.4596,15037588
2015-11-09,15.4320,15.6693,15.3422,15.5149,4504634
2015-11-10,15.4067,15.4781,15.1809,15.4619,5343312
2015-11-11,15.4458,15.8236,15.3928,15.7338,8767477
2015-11-12,15.6900,15.8950,15.5011,15.6094,8039060
2015-11-13,15.5011,15.6301,15.3007,15.5587,6906499
2015-11-16,15.6117,15.7522,15.4919,15.6877,5549074
2015-11-17,15.8236,15.8950,15.6693,15.7269,5697536
2015-11-18,15.7798,15.9181,15.6624,15.8490,6900855
2015-11-19,15.9411,16.0171,15.7545,15.8950,5471371
2015-11-23,15.9964,16.0332,15.6439,15.6670,5900260
2015-11-24,15.5587,15.6647,15.3859,15.6370,7434362
2015-11-25,15.3882,15.4435,14.9759,15.1118,8838235
2015-11-26,15.1233,15.4804,15.0358,15.4735,4940035
2015-11-27,15.3491,15.3629,14.8676,14.9736,6610444
2015-11-30,14.7847,15.0496,14.4507,14.4507,18636695
2015-12-01,14.5774,14.7064,14.4737,14.7064,9653471
2015-12-02,14.6050,14.9137,14.5221,14.6511,9779793
2015-12-03,15.1556,15.1556,14.7755,15.0519,6994621
2015-12-04,14.9621,14.9713,14.4829,14.7524,7236413
2015-12-07,14.7524,14.8860,14.4990,14.5013,7091859
2015-12-08,14.5013,14.5958,14.3286,14.4299,5142759
2015-12-09,14.6257,15.0427,14.6050,14.9736,8983658
2015-12-10,15.0795,15.2500,14.4207,14.7662,8214870
2015-12-11,14.5612,14.9229,14.5221,14.6580,5309018
2015-12-14,14.5704,14.6142,14.3216,14.3332,4398715
2015-12-15,14.5082,14.5082,14.3124,14.3885,8759229
2015-12-16,14.2871,14.4437,14.0913,14.4322,5280368
2015-12-17,14.7133,14.9851,14.3355,14.4115,6815338
2015-12-18,14.1788,14.3977,14.0176,14.3055,7509027
2015-12-21,14.3240,14.5704,14.2249,14.2963,5876818
2015-12-22,14.3723,14.4599,14.1512,14.2364,6813602
2015-12-23,14.3447,14.5474,14.2502,14.5474,3429374
2015-12-28,14.5105,14.5704,14.3401,14.5428,2855496
2015-12-29,14.6280,14.7156,14.2318,14.2940,3882138
2015-12-30,14.2364,14.3032,13.9254,13.9254,7721301
2016-01-04,13.5545,13.7872,13.1814,13.2459,8962821
2016-01-05,13.3265,13.5914,13.2459,13.5499,5817781
2016-01-06,13.2873,13.5868,13.2620,13.4532,4350964
2016-01-07,13.2113,13.2689,12.9118,12.9118,6809261
2016-01-08,12.9648,13.2666,12.9118,13.1192,8947193
2016-01-11,13.1307,13.3703,12.7552,12.7736,6363442
2016-01-12,12.7183,13.0132,12.5985,12.8635,6214546
2016-01-13,12.9533,13.0524,12.5755,12.6723,6409456
2016-01-14,12.7851,12.9395,12.6262,12.9395,5744418
2016-01-15,12.7506,12.8542,12.4027,12.8542,9047904
2016-01-18,12.8704,12.8704,12.4373,12.5202,5346785
2016-01-19,12.8013,12.8220,12.4695,12.6008,7081440
2016-01-20,12.4465,12.6930,12.2899,12.6193,7942257
2016-01-21,12.4926,12.7920,12.4004,12.7022,6784517
2016-01-22,12.7575,13.2021,12.6446,13.1952,9270162
2016-01-26,13.0823,13.0823,12.4672,12.7529,6726348
2016-01-27,12.7736,13.1906,12.6101,13.1698,7139609
2016-01-28,13.3011,13.4785,12.9026,13.2781,5843393
2016-01-29,13.3749,13.7964,13.2274,13.6789,10459157
2016-02-01,13.5822,13.6789,13.2021,13.4716,7396161
2016-02-02,13.2597,13.3772,13.0777,13.0777,4467736
2016-02-03,13.2228,13.3564,13.0616,13.2436,6946002
2016-02-04,13.4071,13.6628,13.2965,13.4301,5994025
2016-02-05,13.4762,13.5914,13.2251,13.3150,5671056
2016-02-10,13.2735,13.3288,13.1053,13.2873,3330399
2016-02-11,13.1376,13.2459,12.8796,13.1284,4083125
2016-02-12,13.1445,13.4739,13.1445,13.4739,6287909
2016-02-15,13.5684,13.7918,13.3656,13.4417,3672469
2016-02-16,13.3772,13.6789,13.3610,13.6144,4990390
2016-02-17,13.6306,13.9945,13.6190,13.8448,7601924
2016-02-18,14.3585,14.3585,14.0567,14.2595,7855003
2016-02-19,14.2295,14.2295,13.9369,14.0153,4408699
2016-02-22,14.3263,14.4576,14.1005,14.3378,5742248
2016-02-23,14.3147,14.4437,14.1466,14.2687,6436805
2016-02-24,13.9991,14.3585,13.8448,14.3562,4676971
2016-02-25,14.1443,14.2825,13.8909,14.1903,4532417
2016-02-26,14.3078,14.4622,14.0798,14.1788,5063753
2016-02-29,14.3700,14.5382,14.2157,14.4783,8794391
2016-03-01,14.5543,14.9068,14.4668,14.7432,5536919
2016-03-02,14.7432,14.9667,14.6603,14.9137,7504252
2016-03-03,15.0519,15.0519,15.0519,15.0519,7387045
2016-03-04,15.0519,15.4550,15.0427,15.3514,14974644
2016-03-07,15.5218,15.5218,15.1003,15.3076,7994348
2016-03-08,15.3191,15.4712,15.0496,15.1740,12491604
2016-03-09,15.3260,15.3951,15.1279,15.1556,6386449
2016-03-10,15.3376,15.3859,15.0127,15.3859,9234566
2016-03-11,15.3191,15.4619,15.1164,15.3813,10179164
2016-03-14,15.3191,15.5034,14.9068,15.1832,4347925
2016-03-15,15.0519,15.2477,14.8676,15.2477,6077372
2016-03-16,15.2477,15.4021,15.0842,15.2846,5584236
2016-03-17,15.8443,16.1208,15.4827,15.9780,11918594
2016-03-18,16.1208,16.1369,15.4343,15.7107,9355245
2016-03-21,15.8190,15.9710,15.6969,15.7683,7203422
2016-03-22,15.7683,15.9112,15.6393,15.8766,5407558
2016-03-23,15.8927,16.0632,15.7752,16.0494,5410163
2016-03-24,16.0286,16.0770,15.8006,16.0609,3650330
2016-03-28,16.1323,16.1945,15.9710,16.0747,3562208
2016-03-29,16.1231,16.3696,16.0724,16.3327,5622003
2016-03-30,16.4479,16.6184,16.2843,16.3558,5500021
2016-03-31,16.0977,16.0977,16.0977,16.0977,7379
2016-04-01,15.9595,16.0609,15.8144,16.0125,4749466
2016-04-04,15.5771,15.5771,15.5771,15.5771,10852
2016-04-05,15.7660,15.7660,15.7660,15.7660,9550
2016-04-06,16.0724,16.0724,16.0724,16.0724,16061
2016-04-07,16.3005,16.3005,16.3005,16.3005,434
2016-04-08,16.3558,16.6898,16.3535,16.4940,8095493
2016-04-11,16.2866,16.2866,16.2866,16.2866,1738562
2016-04-12,16.5608,16.5608,16.5608,16.5608,16495
2016-04-13,16.4156,16.4156,16.4156,16.4156,36898
2016-04-14,16.6230,16.7796,16.5470,16.5861,4691297
2016-04-15,16.6068,16.8165,16.5861,16.7934,4976065
2016-04-18,16.5447,16.9823,16.4686,16.9800,6429859
2016-04-19,16.9040,16.9040,16.9040,16.9040,44277
2016-04-20,16.9317,16.9317,16.4502,16.6391,5982738
2016-04-22,16.5815,17.0468,16.4940,16.9777,9527148
2016-04-25,16.9247,16.9455,16.6921,16.8395,3391607
2016-04-26,16.8510,16.9201,16.5193,16.6161,5020343
2016-04-27,16.7635,16.8188,16.4709,16.7036,7624497
2016-04-28,16.7243,16.9731,16.6598,16.8372,5193982
2016-04-29,16.9547,16.9731,16.5631,16.6829,5290786
2016-05-02,16.6391,16.7658,16.3373,16.5124,5341141
2016-05-03,16.4525,16.6092,16.3120,16.4479,3261812
2016-05-04,16.4940,16.6345,16.3535,16.6345,2812520
2016-05-05,16.7589,16.7612,16.5009,16.5562,2375384
2016-05-06,16.5539,16.7428,16.4064,16.5009,2894131
2016-05-09,16.5170,16.5746,16.2083,16.5170,3255300
2016-05-10,16.6529,16.7635,16.4986,16.7635,6302668
2016-05-11,17.0468,17.0468,16.5953,16.7704,5090667
2016-05-12,16.9478,16.9478,16.3811,16.7589,5632421
2016-05-13,16.8395,16.8395,16.0586,16.3558,7238150
2016-05-16,16.3028,16.5377,16.2037,16.4825,2815559
2016-05-17,16.5170,16.6598,16.1922,16.4249,4154317
2016-05-18,16.3511,16.4133,15.9088,16.0171,6664706
2016-05-19,15.9964,16.1876,15.8213,16.1139,4199898
2016-05-20,16.2751,16.5239,16.0678,16.1945,5999234
2016-05-23,16.0885,16.2774,15.9135,16.2636,5341141
2016-05-24,16.3396,16.3442,16.1346,16.2544,4110908
2016-05-25,16.3281,16.4917,16.2037,16.2037,3026965
2016-05-27,16.3097,16.3558,16.0678,16.2567,3354709
2016-05-30,16.1991,16.2429,15.9941,16.1715,1327471
2016-05-31,16.1185,16.1185,15.7223,15.7223,7153935
2016-06-01,15.8029,15.8628,15.5771,15.7729,4711699
2016-06-02,15.7130,15.9803,15.7130,15.9526,7901451
2016-06-03,16.0747,16.1001,15.9181,15.9664,3881704
2016-06-06,16.0448,16.0977,15.8052,15.8720,2900642
2016-06-07,15.8259,15.8881,15.5610,15.6647,5344614
2016-06-08,15.7430,15.8789,15.4942,15.4942,5890275
2016-06-09,15.4781,15.5817,15.2961,15.4343,4382219
2016-06-10,15.3606,15.4159,15.1256,15.1924,4834549
2016-06-13,15.9480,16.0471,15.6739,15.9388,9508048
2016-06-14,15.9181,16.0448,15.5610,15.6877,8118934
2016-06-15,15.6485,16.1116,15.5909,16.0885,12674359
2016-06-16,16.1024,16.2129,15.7868,16.2129,7098370
2016-06-17,16.3558,16.3972,16.0724,16.3097,7272009
2016-06-20,16.5193,16.6368,16.3673,16.5470,5318134
2016-06-21,16.5861,16.9363,16.4410,16.9063,5936290
2016-06-22,16.8211,16.9040,16.3581,16.3581,5016002
2016-06-23,16.5493,16.7865,16.3419,16.7243,5702311
2016-06-24,16.5608,16.5608,16.1968,16.4479,5239562
2016-06-27,16.4940,16.4940,15.9757,16.1392,6892173
2016-06-28,16.3327,16.4249,15.9780,16.1461,5849470
2016-06-29,16.3304,16.4018,16.1922,16.3350,10299843
2016-06-30,16.2682,16.3811,16.0402,16.3811,6953815
2016-07-01,16.4894,16.5447,15.9319,16.0586,9194195
2016-07-04,16.2060,16.2060,15.8950,15.9065,4410869
2016-07-05,15.8950,16.0056,15.7338,15.9849,7397029
2016-07-06,15.9618,16.0309,15.7891,15.9319,2591130
2016-07-07,16.0056,16.2406,15.8559,16.0609,7533770
2016-07-08,16.1415,16.3327,16.0286,16.2982,3943780
2016-07-11,16.4341,16.4548,16.2659,16.4272,4063591
2016-07-12,16.5516,16.5516,16.2751,16.4594,4511146
2016-07-13,16.4433,16.4433,15.8766,16.1024,7531166
2016-07-14,16.2475,16.5262,16.1738,16.3857,7947032
2016-07-15,16.4110,16.5055,16.1853,16.4203,4793744
2016-07-18,16.4479,16.6460,16.2452,16.6437,4577563
2016-07-19,16.5861,16.7474,16.5055,16.7474,4502030
2016-07-20,16.8119,16.8579,16.5976,16.8303,4112210
2016-07-21,16.8165,16.8695,16.6552,16.7773,3391173
2016-07-22,16.7704,16.9662,16.7220,16.8626,3713274
2016-07-25,16.8257,16.8257,16.5746,16.7704,2863310
2016-07-26,16.8004,16.8096,16.5585,16.6783,7136137
2016-07-27,16.7474,16.9432,16.6161,16.8902,4001949
2016-07-28,16.8165,17.0353,16.5631,16.9939,3564378
2016-07-29,16.9040,17.0561,16.6345,17.0561,6614351
2016-08-01,17.0607,17.0607,16.6276,16.6598,3472349
2016-08-02,16.5354,16.7013,16.2567,16.5815,3939873
2016-08-03,16.5308,16.6483,16.3143,16.3442,4890113
2016-08-04,16.4318,16.7543,16.4318,16.5170,9263651
2016-08-05,16.6092,16.8165,16.5239,16.8027,5376303
2016-08-08,16.8027,17.0468,16.6299,17.0468,4133915
2016-08-09,17.1597,17.2473,16.8556,16.9132,4292795
2016-08-10,17.0445,17.0445,16.5147,16.6714,6766719
2016-08-11,17.0399,17.3440,16.9294,17.3233,8149321
2016-08-12,17.4339,17.5076,17.0791,17.3740,4770302
2016-08-15,17.4477,17.8508,17.2565,17.7264,5317266
2016-08-16,17.7425,18.0328,17.4891,18.0282,7111827
2016-08-17,18.0673,18.2102,17.7356,18.2102,6904328
2016-08-18,18.0489,18.1180,17.7149,17.7978,3875192
2016-08-19,17.8393,17.8393,17.5629,17.7633,1785445
2016-08-22,17.6435,17.6711,17.2979,17.4269,3048236
2016-08-23,17.5329,17.6665,17.4016,17.4016,3828310
2016-08-24,17.4385,17.5306,17.2265,17.2403,4753373
2016-08-25,17.2772,17.4454,17.0791,17.1206,6128161
2016-08-26,17.2288,17.3463,16.9201,17.0929,6714627
2016-08-29,17.2058,17.4753,16.9478,17.3693,7741703
2016-08-30,17.4131,17.5467,17.2127,17.2772,3395080
2016-08-31,17.3233,17.3670,17.0169,17.1459,6402511
2016-09-01,17.2173,17.2196,16.6138,16.7704,12849300
2016-09-02,16.7865,16.9386,16.6437,16.7704,7552002
2016-09-05,16.9063,16.9063,16.5354,16.7796,3303485
2016-09-06,16.8234,16.8579,16.6967,16.8441,6491501
2016-09-08,16.8971,17.0468,16.7520,17.0238,6038737
2016-09-09,16.9317,16.9340,16.2913,16.4110,5299034
2016-09-12,16.2429,16.5400,16.2429,16.5400,2744367
2016-09-13,16.3742,16.4686,16.0724,16.3558,4985615
2016-09-14,16.4502,16.4525,16.1945,16.2797,3105537
2016-09-15,16.3535,16.4617,16.2567,16.3673,2659284
2016-09-16,16.4018,16.4087,16.0908,16.0908,5847300
2016-09-19,16.1715,16.3995,16.1715,16.3097,2816427
2016-09-20,16.4364,16.6667,16.2728,16.4617,4055777
2016-09-21,16.5838,16.5861,16.0954,16.2843,6487160
2016-09-22,16.4018,16.5101,16.1484,16.1484,8236141
2016-09-23,16.2682,16.4133,16.1945,16.2889,4522867
2016-09-26,16.1968,16.2521,16.1139,16.2521,2753917
2016-09-27,16.3258,16.3258,16.0724,16.2797,3604749
2016-09-28,16.2797,16.4502,16.0793,16.3604,3550921
2016-09-29,16.3903,16.4548,16.2152,16.2797,2733081
2016-09-30,16.3396,16.6092,16.2429,16.3696,5398876
2016-10-03,16.3696,16.6092,16.3535,16.4917,3932493
2016-10-04,16.4940,16.5654,16.2682,16.5216,3764931
2016-10-05,16.6138,16.7451,16.5585,16.6068,3037383
2016-10-06,16.6621,16.7266,16.5147,16.6806,3589122
2016-10-07,16.7266,16.8257,16.5285,16.8165,4972592
2016-10-10,16.8741,16.8856,16.6967,16.8510,3696344
2016-10-11,16.8464,16.8464,16.4133,16.4709,5014700
2016-10-13,16.4479,16.6045,16.3903,16.5884,8614674
2016-10-14,16.6990,16.7589,16.3396,16.4479,16269993
2016-10-17,16.6184,16.8050,16.4525,16.8050,15769912
2016-10-18,16.8764,16.9893,16.6921,16.9086,9942146
2016-10-19,16.9201,16.9985,16.6115,16.6806,3952462
2016-10-20,16.6783,16.6967,16.2889,16.6806,3879533
2016-10-21,16.5861,16.8165,16.4986,16.7013,7444346
2016-10-24,16.7220,16.7727,16.5585,16.6552,3808341
2016-10-25,16.6898,16.7589,16.4871,16.7589,3197565
2016-10-26,16.7681,16.7865,16.4755,16.7589,4473813
2016-10-27,16.7451,16.8810,16.6667,16.7059,3718917
2016-10-28,16.7036,16.8027,16.5792,16.7243,2958377
2016-10-31,16.6921,16.7635,16.5078,16.6621,4221603
2016-11-01,16.6621,16.6621,16.1254,16.2083,5648483
2016-11-03,16.1231,16.2175,16.0309,16.1254,5207439
2016-11-04,16.1507,16.1991,15.9687,15.9872,5423186
2016-11-07,16.1599,16.1922,16.0793,16.1254,5215687
2016-11-08,16.1484,16.2337,16.0448,16.1484,3159365
2016-11-09,15.9503,15.9526,15.5403,15.6762,8625961
2016-11-10,15.7822,15.7822,15.1164,15.2961,8919845
2016-11-11,15.0427,15.6647,14.6603,15.0657,11882564
2016-11-14,15.0888,15.2316,14.7939,15.1164,9189854
2016-11-16,15.2039,15.8351,15.1625,15.7706,9782398
2016-11-17,15.9757,15.9872,15.2385,15.6647,9069609
2016-11-18,15.8213,16.1024,15.5794,15.9434,7378363
2016-11-21,16.0908,16.2751,15.9112,15.9181,8102439
2016-11-22,16.0816,16.3558,15.9342,16.1807,5986645
2016-11-23,16.2152,16.2175,15.7476,16.0862,3557433
2016-11-24,16.0862,16.3166,15.7983,16.1254,2690973
2016-11-25,16.0517,16.4341,15.9342,16.3903,4623577
2016-11-28,16.4087,16.4364,16.1277,16.3327,3317811
2016-11-29,16.2383,16.2613,15.8950,16.0217,11651190
2016-11-30,16.1254,16.1277,15.7798,15.9181,6876980
2016-12-01,15.6877,15.6877,15.6877,15.6877,9122569
2016-12-02,15.4850,15.8029,15.1463,15.7338,6379938
2016-12-05,15.5956,15.8950,15.5449,15.5840,5457480
2016-12-06,15.6163,15.6808,15.2777,15.6416,5612453
2016-12-07,15.7176,15.7729,15.4827,15.5057,4958701
2016-12-08,15.5149,15.6117,15.1579,15.2039,7264630
2016-12-09,15.2800,15.2915,14.9413,15.1579,12399575
2016-12-12,15.0220,15.1348,14.8883,15.0450,5224369
2016-12-13,14.8630,15.4343,14.7893,15.3744,6356062
2016-12-14,15.3214,15.4021,15.0726,15.1141,6487160
2016-12-15,15.0934,15.0934,14.6741,15.0173,5603771
2016-12-16,15.0657,15.4297,15.0473,15.2730,5489603
2016-12-19,15.2247,15.2846,15.0496,15.0888,3985453
2016-12-20,15.1141,15.1763,14.8653,15.1602,4404358
2016-12-21,15.1993,15.3191,14.9459,15.0703,6150734
2016-12-22,15.0611,15.3168,14.9505,15.1993,4431272
2016-12-23,15.2362,15.2800,15.0473,15.1809,3239239
2016-12-26,15.1763,15.3168,15.0565,15.2039,1215908
2016-12-27,15.3076,15.3076,15.0980,15.2869,2452653
2016-12-28,15.2707,15.5241,15.1003,15.4896,3678546
2016-12-29,15.4896,15.9641,15.3422,15.7683,4198161
2017-01-02,15.5334,15.7292,15.3606,15.6416,1666068
2017-01-03,15.6301,15.9365,15.6301,15.8950,5446193
2017-01-04,15.7868,15.9112,15.5748,15.6416,4912687
2017-01-05,15.5840,15.8213,15.5748,15.7338,5030327
2017-01-06,15.6647,15.8121,15.5080,15.6647,3342120
2017-01-09,15.5933,15.7775,15.5288,15.6071,3527480
2017-01-10,15.6946,15.7729,15.5817,15.6462,7379666
2017-01-11,15.6186,15.7015,15.3836,15.5956,3468008
2017-01-12,15.7338,15.8858,15.4067,15.5495,6923429
2017-01-13,15.4136,15.7084,15.3468,15.4642,3484938
2017-01-16,15.3721,15.4435,15.2684,15.3905,2414018
2017-01-17,15.3214,15.4320,15.1648,15.2730,4449938
2017-01-18,15.2316,15.2846,15.1164,15.1233,6853973
2017-01-19,15.1832,15.3422,15.1348,15.2385,4201200
2017-01-20,15.3007,15.5633,15.2201,15.3882,6897383
2017-01-23,15.4343,15.4735,15.2984,15.4067,2709205
2017-01-24,15.4113,15.4689,15.3030,15.3790,4234191
2017-01-26,15.5149,15.7937,15.5149,15.5195,4981708
2017-01-27,15.5288,15.5771,15.3951,15.4573,3161101
2017-01-30,15.4136,15.5080,15.0980,15.1463,2656679
2017-01-31,15.1763,15.3260,15.1049,15.2408,3006562
2017-02-01,15.3168,15.3422,14.8377,14.8699,4809371
2017-02-02,14.7939,15.1648,14.7732,14.9759,4818921
2017-02-03,15.0381,15.4251,15.0127,15.3422,4979538
2017-02-06,15.4182,15.4850,15.1118,15.1325,2582449
2017-02-07,15.2247,15.2500,15.0588,15.1579,2823807
2017-02-08,15.1440,15.4228,15.0657,15.4113,6715061
2017-02-09,15.4896,15.5472,15.3260,15.4343,2492156
2017-02-10,15.5357,15.5380,15.3214,15.4366,4081389
2017-02-13,15.5495,15.5495,15.2408,15.4343,9383028
2017-02-14,15.4550,15.5241,15.2730,15.3422,4775512
2017-02-15,15.3974,15.9549,15.3859,15.8513,14656016
2017-02-16,15.8927,16.0494,15.7361,15.8236,5241299
2017-02-17,15.7798,15.9757,15.6508,15.6531,3983717
2017-02-20,15.8006,15.8374,15.6186,15.6186,4200766
2017-02-21,15.6969,15.8098,15.6301,15.6877,5748759
2017-02-22,15.6992,15.7983,15.6301,15.6877,4379180
2017-02-23,15.8766,15.9065,15.1947,15.3836,5789565
2017-02-24,15.3560,15.4850,15.0220,15.0657,3728033
2017-03-01,15.1279,15.2062,14.8238,14.8354,5319436
2017-03-02,14.6764,14.7317,14.4898,14.6925,5520858
2017-03-03,14.7639,15.0173,14.7478,14.9206,6378636
2017-03-06,14.9943,15.0842,14.7778,15.0842,8553901
2017-03-07,15.1187,15.1187,14.9367,14.9413,8225288
2017-03-08,15.0127,15.0473,14.8538,14.9275,6125122
2017-03-09,14.9252,15.0911,14.7662,15.0542,8208359
2017-03-10,15.0726,15.6831,15.0450,15.6624,14023969
2017-03-13,15.7568,15.8236,15.5956,15.7845,6423348
2017-03-14,15.7775,15.9204,15.7038,15.7798,6066085
2017-03-15,15.7822,15.9872,15.6785,15.8490,6435936
2017-03-16,15.8536,16.0286,15.8351,15.9065,3151985
2017-03-17,16.0563,16.1024,15.7937,16.0102,8493561
2017-03-20,16.0402,16.1185,15.9411,16.0102,5269515
2017-03-21,16.0102,16.0770,15.9181,15.9480,7021101
2017-03-22,15.9480,15.9710,15.7200,15.8259,5606375
2017-03-23,15.8651,16.1830,15.7752,16.1231,5572516
2017-03-24,16.1254,16.2544,16.0402,16.2544,4670460
2017-03-27,16.2843,16.5285,16.1738,16.4318,4011499
2017-03-28,16.4249,16.6207,16.3350,16.4663,6930374
2017-03-29,16.4663,16.7428,16.4249,16.7013,5015568
2017-03-30,16.8165,16.8165,16.5608,16.6414,3538766
2017-03-31,16.7658,16.7658,16.4318,16.4986,6798842
2017-04-03,16.4871,16.6138,16.4156,16.5723,4660042
2017-04-04,16.4986,16.5861,16.4226,16.5331,3034779
2017-04-05,16.5631,16.6045,16.3488,16.4778,3707196
2017-04-06,16.3972,16.5009,16.2820,16.4686,4171247
2017-04-07,16.4917,16.6391,16.3949,16.5032,3365561
2017-04-10,16.5055,16.5539,16.3097,16.5078,5721845
2017-04-11,16.4917,16.4940,15.9250,16.1669,9096089
2017-04-12,16.2175,16.3442,16.0609,16.1415,7117036
2017-04-13,16.1254,16.2406,16.0563,16.1484,4695203
2017-04-17,16.2175,16.5032,16.1369,16.4433,5039009
2017-04-18,16.4018,16.4525,16.2452,16.3212,3536162
2017-04-19,16.4456,16.4456,16.0240,16.1599,4290190
2017-04-20,16.2406,16.3097,16.1254,16.2083,2692709
2017-04-24,16.2406,16.4364,16.1484,16.3926,4976933
2017-04-25,16.3558,16.6115,16.2959,16.5516,9936069
2017-04-26,16.5078,16.5101,16.2774,16.3604,2912363
2017-04-27,16.4825,16.4848,16.0563,16.2498,3031306
2017-04-28,16.2083,16.3903,16.1254,16.2221,5506967
2017-05-02,16.3558,16.7036,16.3442,16.5746,10685322
2017-05-03,16.6760,16.6760,16.3166,16.5861,10523403
2017-05-04,16.6207,17.0699,16.5285,17.0699,9558837
2017-05-05,17.1851,17.2588,16.9155,17.0422,5977529
2017-05-08,17.0722,17.1206,16.8833,17.0238,2454824
2017-05-09,17.1136,17.1897,16.9823,17.0284,3190620
2017-05-10,17.1367,17.4477,17.0837,17.4477,6621730
2017-05-11,17.4500,17.4500,17.1758,17.2311,7236413
2017-05-12,17.3233,17.5859,17.2542,17.4385,5394969
2017-05-15,17.5951,17.5951,17.3002,17.4937,4215959
2017-05-16,17.4615,17.7264,17.4085,17.6204,4846270
2017-05-17,17.4661,17.6919,17.2081,17.3878,6715930
2017-05-18,16.1254,17.1275,15.8006,16.5654,21168788
2017-05-19,16.4456,17.0883,16.2936,16.8833,10379717
2017-05-22,16.5585,17.0468,16.4871,16.8902,6467192
2017-05-23,16.8902,17.3670,16.7796,17.2380,6286607
2017-05-24,17.3578,17.3924,17.1689,17.2542,7093161
2017-05-25,17.2749,17.4269,17.1828,17.3809,3743661
2017-05-26,17.4200,17.5882,17.3025,17.5629,6024846
2017-05-29,17.5629,17.5629,17.5629,17.5629,0
2017-05-30,17.3048,17.4776,17.3048,17.3901,2110150
2017-05-31,17.3463,17.4799,17.1874,17.2426,6338264
2017-06-01,17.3440,17.7978,17.3440,17.6227,8525250
2017-06-02,17.6320,18.0374,17.6297,17.9453,4176022
2017-06-05,17.8439,18.0650,17.7909,17.9867,3691135
2017-06-06,17.9453,18.3415,17.8439,18.2609,5408861
2017-06-07,18.3138,18.3369,18.1042,18.2793,6024412
2017-06-08,18.2010,18.3069,18.0098,18.2447,5349823
2017-06-09,18.2977,18.3184,17.9084,18.0374,4204673
2017-06-12,18.0374,18.0904,17.7679,17.8715,4505503
2017-06-13,17.9084,18.0512,17.8163,17.9775,5199191
2017-06-14,18.0420,18.1388,17.5076,17.6942,9208086
2017-06-15,17.6942,17.6942,17.6942,17.6942,0
2017-06-16,17.6043,17.8669,17.6043,17.7379,13462681
2017-06-19,17.6873,17.9291,17.6873,17.8485,3045631
2017-06-20,17.7518,17.8761,17.5513,17.6366,4186875
2017-06-21,17.5997,17.6734,17.4362,17.5191,2733081
2017-06-22,17.5421,17.6665,17.3832,17.6112,2262952
2017-06-23,17.5283,17.6066,17.3647,17.4223,3729335
2017-06-26,17.6204,17.7610,17.5536,17.6412,2571162
2017-06-27,17.6458,17.7448,17.5767,17.6688,3482334
2017-06-28,17.7356,17.7425,17.4315,17.5030,2938843
2017-06-29,17.5536,17.5767,17.4085,17.5306,3203643
2017-06-30,17.5882,18.0374,17.5375,17.8577,3932927
2017-07-03,17.9660,18.0743,17.8070,17.8692,2134025
2017-07-04,17.8139,17.9844,17.7633,17.8278,1195071
2017-07-05,17.8808,17.9729,17.7587,17.9199,2377554
2017-07-06,17.8070,17.9591,17.5997,17.6849,3481031
2017-07-07,17.6642,17.8278,17.4039,17.6458,3621679
2017-07-10,17.6527,17.7909,17.4845,17.5421,4736009
2017-07-11,17.5099,17.7748,17.5099,17.7103,3001353
2017-07-12,17.7379,18.0075,17.6481,17.8646,7572405
2017-07-13,17.9499,18.0604,17.8600,17.9867,2983989
2017-07-14,18.0604,18.1987,17.9913,18.0950,3649461
2017-07-17,18.0812,18.0812,17.4362,17.4385,8484445
2017-07-18,17.4431,17.4891,16.9570,16.9570,9848381
2017-07-19,17.0008,17.0445,16.8626,17.0353,4589284
2017-07-20,17.1113,17.3440,17.0837,17.2703,3850015
2017-07-21,17.2496,17.3417,17.1735,17.3118,2851589
2017-07-24,17.3210,17.3394,17.1159,17.2196,2104073
2017-07-25,17.3279,17.3924,17.0192,17.1067,2789513
2017-07-26,17.1113,17.1805,16.7243,16.7474,4613159
2017-07-27,16.8487,17.0676,16.8211,17.0238,5335498
2017-07-28,16.9754,17.0607,16.9340,16.9893,2506915
2017-07-31,17.0215,17.0929,16.9478,17.0468,3576099
2017-08-01,17.0468,17.2380,16.9662,17.2380,5182696
2017-08-02,17.2196,17.8715,16.3327,16.3903,30511880
2017-08-03,16.4686,16.6598,16.3903,16.5976,14384705
2017-08-04,16.6644,16.7934,16.4502,16.4502,3905579
2017-08-07,16.5493,16.6299,16.4617,16.5700,4690862
2017-08-08,16.5838,16.6299,16.3995,16.5055,6981164
2017-08-09,16.4548,16.4663,16.3028,16.4663,3649895
2017-08-10,15.7338,16.1669,15.4182,16.0332,39891435
2017-08-11,16.0908,16.4203,15.7798,16.4110,8281287
2017-08-14,16.3051,16.7957,16.2659,16.6944,5897221
2017-08-15,16.7819,16.7819,16.4940,16.5815,4396110
2017-08-16,16.6115,16.7243,16.3765,16.5815,8204452
2017-08-17,16.4087,16.4525,16.0862,16.2244,7429587
2017-08-18,16.1968,16.3189,16.1070,16.1231,6504958
2017-08-21,16.1185,16.3074,16.1139,16.2866,3263982
2017-08-22,16.3857,16.6852,16.3258,16.4963,7871499
2017-08-23,16.5861,16.6161,16.3442,16.5400,2877201
2017-08-24,16.5423,17.0468,16.4479,16.9409,4973460
2017-08-25,17.0353,17.0584,16.7243,16.8695,3688964
2017-08-28,16.8487,17.1390,16.7911,17.0422,3300881
2017-08-29,16.6345,17.0491,16.6345,17.0491,2824675
2017-08-30,17.1367,17.1367,16.9086,16.9178,3573928
2017-08-31,16.9455,17.0630,16.8487,16.9201,11716739
2017-09-01,17.0468,17.1943,16.8856,17.0376,7020232
2017-09-04,17.2519,17.2519,16.9593,17.1643,5352428
2017-09-05,17.2749,17.3118,16.7773,16.8165,5901996
2017-09-06,16.9754,17.1044,16.8096,16.9869,8060765
2017-09-07,16.9869,16.9869,16.9869,16.9869,0
2017-09-08,17.0929,17.2588,16.9017,17.0952,4331863
2017-09-11,17.2519,17.3463,17.0699,17.2173,3823101
2017-09-12,17.2311,17.6873,17.0699,17.4753,4685653
2017-09-13,17.5030,17.8761,17.3901,17.6688,4893586
2017-09-14,17.5813,17.8854,17.5813,17.7587,4421288
2017-09-15,17.7587,17.9222,17.7011,17.9107,12465992
2017-09-18,17.8923,17.9568,17.7333,17.8255,4120024
2017-09-19,17.8531,17.9314,17.7955,17.8531,5759178
2017-09-20,17.9406,18.0650,17.8139,17.9913,4515921
2017-09-21,18.0812,18.1964,17.7886,17.9107,4001949
2017-09-22,17.9107,18.1249,17.6873,18.0075,7051922
2017-09-25,17.8439,18.0604,17.8439,17.9614,2738290
2017-09-26,17.9683,18.0835,17.9222,17.9913,2804707
2017-09-27,18.0789,18.0789,17.5099,17.5951,3744963
2017-09-28,17.5767,17.6573,17.3440,17.3901,3892556
2017-09-29,17.4592,17.4799,17.2565,17.3486,4434745
2017-10-02,17.2749,17.4845,17.2426,17.3924,2180474
2017-10-03,17.4684,17.9360,17.3394,17.9360,4591454
2017-10-04,17.9061,18.1595,17.8785,18.1088,6205430
2017-10-05,18.1526,18.3737,17.9729,18.0028,8635511
2017-10-06,17.9798,17.9798,17.6849,17.9015,3272664
2017-10-09,17.8531,17.9176,17.3763,17.5536,8667200
2017-10-10,17.7241,17.7932,17.5767,17.7932,6759339
2017-10-11,17.7103,18.0489,17.5698,17.7840,6809261
2017-10-12,17.7840,17.7840,17.7840,17.7840,0
2017-10-13,17.9453,18.2447,17.7886,17.9752,3860867
2017-10-16,17.9499,18.2655,17.8831,18.0904,4153015
2017-10-17,18.1733,18.3115,18.0028,18.1042,4528510
2017-10-18,18.0789,18.2309,18.0789,18.1710,3881270
2017-10-19,18.1733,18.1733,17.8278,18.0305,3621245
2017-10-20,18.0144,18.2585,17.9959,18.0190,1613542
2017-10-23,18.0005,18.1618,17.8831,17.9752,2578542
2017-10-24,18.0812,18.3346,17.9545,18.1940,3641648
2017-10-25,18.3046,18.3622,17.8093,18.2102,2644525
2017-10-26,18.2908,18.3806,18.1318,18.2585,3184977
2017-10-27,18.2240,18.5304,18.2079,18.3806,3076886
2017-10-30,18.3968,18.4244,17.9729,18.2056,5290352
2017-10-31,18.2125,18.3184,17.9913,17.9913,4418249
2017-11-01,18.1687,18.2125,17.4984,17.7149,7726944
2017-11-02,17.7149,17.7149,17.7149,17.7149,0
2017-11-03,17.7149,17.8715,17.3463,17.6481,6453734
2017-11-06,17.6826,18.1917,17.5168,17.9245,5704047
2017-11-07,17.8531,18.0351,17.5536,17.5951,6972916
2017-11-08,17.5675,17.8715,17.5398,17.7702,4953926
2017-11-09,17.9683,17.9683,16.7359,17.0584,11145466
2017-11-10,17.0468,17.0468,16.1369,16.1369,14226259
2017-11-13,16.5285,16.5285,16.5285,16.5285,7439571
2017-11-14,16.5285,16.7243,16.2406,16.4018,8108082
2017-11-15,16.4018,16.4018,16.4018,16.4018,0
2017-11-16,16.3696,16.7520,16.3696,16.6437,4790271
2017-11-17,16.5400,16.8441,16.4755,16.7105,3080359
2017-11-20,16.7105,16.7105,16.7105,16.7105,0
2017-11-21,16.9616,17.1943,16.6506,17.0238,6167664
2017-11-22,16.8787,17.2473,16.8004,16.8142,7160446
2017-11-23,16.7750,17.0192,16.6437,16.9247,1620921
2017-11-24,16.9086,16.9086,16.6829,16.6875,2124475
2017-11-27,16.6483,16.7750,16.3581,16.5861,3589990
2017-11-28,16.7520,16.8119,16.4272,16.4272,5923267
2017-11-29,16.5562,16.7934,16.2083,16.2083,8143244
2017-11-30,16.1945,16.3535,15.8582,16.1715,12995157
2017-12-01,16.1715,16.2774,15.8881,16.1024,6938622
2017-12-04,16.0816,16.4479,16.0125,16.3327,6408154
2017-12-05,16.3788,16.6391,16.2406,16.3166,3224045
2017-12-06,16.2083,16.4433,16.1392,16.3488,4396978
2017-12-07,16.1599,16.4272,15.8973,16.3442,5312925
2017-12-08,16.5493,16.5493,16.2383,16.2383,7787284
2017-12-11,16.2383,16.4571,16.1254,16.2613,8197940
2017-12-12,16.1715,16.7934,16.0332,16.7934,5369792
2017-12-13,16.7243,17.1090,16.6714,16.8142,9333107
2017-12-14,16.6184,16.8672,16.5032,16.7566,5694497
2017-12-15,16.6437,16.9317,16.5124,16.6667,10242108
2017-12-18,16.7934,16.9178,16.5170,16.6299,3365561
2017-12-19,16.5677,16.6667,16.4249,16.6644,2556403
2017-12-20,16.6322,16.8579,16.6253,16.7980,2779963
2017-12-21,16.8027,17.1113,16.6345,17.0330,3902975
2017-12-22,16.9547,17.1758,16.8418,17.0192,2527318
2017-12-25,17.0192,17.0192,17.0192,17.0192,0
2017-12-26,16.9985,17.1597,16.7520,16.9893,1727710
2017-12-27,17.1113,17.1989,16.9363,17.0561,2046772
2017-12-28,17.1828,17.2772,17.0952,17.2772,3602145
2017-12-29,17.2772,17.2772,17.2772,17.2772,0
2018-01-02,17.3486,17.7448,17.3486,17.7310,4767698
2018-01-03,17.5882,17.8692,17.5559,17.5559,3922075
2018-01-04,17.6412,17.9683,17.6227,17.7610,4233323
2018-01-05,17.7080,17.9545,17.6873,17.7978,6482819
2018-01-08,17.7057,17.9568,17.6435,17.9222,3236200
2018-01-09,17.8163,17.9453,17.7978,17.8531,4684785
2018-01-10,17.6849,17.9061,17.5698,17.7149,10111444
2018-01-11,17.7149,17.8209,17.6112,17.7840,4410001
2018-01-12,17.7356,17.8508,17.5790,17.8232,5758309
2018-01-15,17.8209,17.9406,17.7679,17.8738,1630906
2018-01-16,17.8761,17.9683,17.7955,17.9107,2846814
2018-01-17,17.9383,18.2240,17.8439,18.0650,3877797
2018-01-18,17.9844,18.2632,17.8692,18.1756,5166634
2018-01-19,18.1641,18.3138,18.0835,18.1318,4480325
2018-01-22,18.1964,18.2516,17.9430,18.2401,2570294
2018-01-23,18.2079,18.3576,17.8808,18.3369,2683159
2018-01-24,18.3991,18.7792,18.2171,18.6617,6975520
2018-01-25,18.6617,18.6617,18.6617,18.6617,0
2018-01-26,18.8137,18.8736,18.3760,18.5834,6231042
2018-01-29,18.5672,18.5718,18.1411,18.3000,5106294
2018-01-30,18.2862,18.5050,18.2378,18.4175,4159527
2018-01-31,18.4428,18.9358,18.4428,18.7838,5065489
2018-02-01,18.7953,19.1777,18.7285,18.8552,4691731
2018-02-02,18.5258,18.7377,18.3806,18.6456,4495084
2018-02-05,18.4382,18.6525,18.2447,18.2793,2796459
2018-02-06,18.1526,18.6225,17.8554,18.4290,5918492
2018-02-07,18.3023,18.7331,18.2701,18.4060,4679142
2018-02-08,18.4751,18.6571,17.8347,18.0144,4603175
2018-02-09,17.9038,18.0927,17.5582,17.8047,5191812
2018-02-14,18.1065,18.2678,18.0535,18.0535,6301800
2018-02-15,18.1295,18.3553,18.0973,18.1987,4362250
2018-02-16,18.2148,18.2378,17.9913,18.1411,2999183
2018-02-19,18.2378,18.2378,18.0144,18.1318,1272341
2018-02-20,18.0167,18.2724,18.0167,18.1249,3613431
2018-02-21,18.1318,18.3323,18.0328,18.0927,5040745
2018-02-22,18.0144,18.3484,17.7379,18.1157,8840839
2018-02-23,18.1733,18.3806,18.0190,18.2609,4038413
2018-02-26,18.3806,18.3806,17.7587,17.8692,6914312
2018-02-27,17.8692,17.8738,17.5421,17.6043,3836992
2018-02-28,17.5836,17.6896,17.3555,17.3555,8116330
2018-03-01,17.3786,17.4638,16.9731,17.0929,7472128
2018-03-02,16.7036,16.9478,16.5078,16.8741,6333489
2018-03-05,16.9570,16.9570,16.6414,16.7013,4640073
2018-03-06,16.7359,16.9916,16.7128,16.7197,4202068
2018-03-07,16.7082,16.8533,16.5470,16.7980,4809371
2018-03-08,16.8602,16.9086,16.6690,16.7520,5998366
2018-03-09,16.8119,17.1229,16.6737,17.1113,4967383
2018-03-12,17.1436,17.2012,16.9040,16.9271,4280640
2018-03-13,16.9777,17.0146,16.6667,16.8027,5158386
2018-03-14,16.7497,16.8372,16.6783,16.7865,2470885
2018-03-15,16.7151,16.7612,16.4801,16.5516,7055828
2018-03-16,16.5861,16.6575,16.3558,16.3558,9137328
2018-03-19,16.3051,16.4640,16.1968,16.3511,4009763
2018-03-20,16.3558,16.4525,16.1807,16.2314,5339405
2018-03-21,16.1853,16.3488,16.1300,16.3097,5362412
2018-03-22,16.3696,16.4364,16.0471,16.1300,3574362
2018-03-23,16.0217,16.2060,15.9411,15.9526,3656841
2018-03-26,16.1001,16.1001,15.8490,15.9826,3329531
2018-03-27,15.9826,16.1669,15.8789,16.0240,3990228
2018-03-28,15.8858,16.2406,15.8582,16.2406,5506099
2018-03-29,16.2613,16.5354,16.1715,16.3373,4052304
2018-04-02,16.3373,16.3834,15.9503,16.1945,3534860
2018-04-03,16.2866,16.2866,15.7983,15.8259,3910788
2018-04-04,15.6647,15.9158,15.6209,15.9158,4010631
2018-04-05,16.2613,16.2613,15.9181,15.9181,4199898
2018-04-06,15.8812,15.9572,15.7269,15.8950,4522432
2018-04-09,15.9964,15.9964,15.6578,15.7568,6199787
2018-04-10,15.8006,15.8006,15.5610,15.6647,4838022
2018-04-11,15.6647,15.7476,15.4343,15.4343,8501809
2018-04-12,15.4873,15.5195,15.1809,15.2730,7503818
2018-04-13,15.2638,15.3652,15.1118,15.1947,12647879
2018-04-16,15.1371,15.2500,14.8008,14.8008,6208469
2018-04-17,14.7501,14.8284,14.3700,14.3977,9867047
2018-04-18,14.4990,14.7432,14.4253,14.6649,10960540
2018-04-19,14.6879,14.7064,14.3862,14.4207,8161476
2018-04-20,14.3631,14.6165,14.2687,14.5935,5025552
2018-04-23,14.5935,14.6396,14.4437,14.5129,3100327
2018-04-24,14.6096,14.6096,13.9715,13.9715,6098208
2018-04-25,13.9784,14.2595,13.8218,14.0567,5158820
2018-04-26,14.1212,14.2364,14.1097,14.1811,4950019
2018-04-27,14.2756,14.3838,14.2157,14.2779,3830480
2018-04-30,14.3470,14.4115,13.9254,13.9254,5611150
2018-05-02,13.9254,14.0176,13.7342,13.8494,6478044
2018-05-03,12.8980,13.0616,12.2668,12.4419,25392562
2018-05-04,12.3244,12.4396,12.1194,12.4396,19827860
2018-05-07,12.5433,12.5548,12.2092,12.2092,7951373
2018-05-08,12.1977,12.4764,12.1033,12.1056,8282155
2018-05-09,12.1516,12.2553,11.9789,12.0042,7822011
2018-05-10,12.0111,12.3244,11.9397,12.3244,7605396
2018-05-11,12.4396,12.5571,12.1171,12.4442,5871175
2018-05-14,12.5340,12.7690,12.5340,12.6953,12004980
2018-05-15,12.6515,12.7483,12.2875,12.4350,8620752
2018-05-16,12.4626,12.5409,12.3359,12.5409,7917947
2018-05-17,12.5064,12.5340,12.1862,12.2369,9372609
2018-05-18,12.1263,12.6653,12.0940,12.5732,20163852
2018-05-21,12.5594,12.6262,11.7784,11.8268,9254101
2018-05-22,11.9627,12.2645,11.8706,12.0572,7719564
2018-05-23,11.8176,11.9766,11.5158,11.5481,7561553
2018-05-24,11.4444,11.6103,11.2647,11.6103,6419007
2018-05-25,11.7324,11.7324,11.2094,11.2094,6289211
2018-05-28,11.0574,11.0920,10.5690,10.8616,5639801
2018-05-29,10.9307,11.6540,10.8892,11.5181,17191148
2018-05-30,11.4974,11.8130,11.4191,11.5181,18739142
2018-06-01,11.4951,12.1355,11.4030,11.8429,7733889
2018-06-04,11.8406,12.0457,11.6333,11.8015,6434634
2018-06-05,11.6172,11.7301,11.3753,11.4237,6902158
2018-06-06,11.2924,11.5343,11.2256,11.3338,5506967
2018-06-07,11.1749,11.3338,10.7280,11.1311,8806980
2018-06-08,11.1058,11.2417,10.7741,11.2371,8672843
2018-06-11,11.4283,11.5550,11.2463,11.4329,6716798
2018-06-12,11.3385,11.9236,11.3385,11.7439,6830966
2018-06-13,11.8222,11.8959,10.9906,11.2532,8899443
2018-06-14,11.2878,11.3730,11.0574,11.1634,6275754
2018-06-15,11.0712,11.1565,10.6612,10.8270,13353722
2018-06-18,10.7303,10.9630,10.6865,10.9422,7111827
2018-06-19,10.9422,11.3569,10.7418,11.2187,9694276
2018-06-20,11.2924,11.3085,10.6451,10.7441,9023161
2018-06-21,10.7234,10.7234,10.2949,10.4124,7424812
2018-06-22,10.4239,10.7487,10.3433,10.5806,5865098
2018-06-25,10.5921,10.8363,10.4262,10.6934,4666987
2018-06-26,10.7648,10.7994,10.5207,10.6750,3638609
2018-06-27,10.6428,10.6865,10.0346,10.1820,7071022
2018-06-28,10.1083,10.4815,10.1060,10.4147,6417704
2018-06-29,10.7119,10.7879,10.4608,10.5852,7620156
2018-07-02,10.5506,10.6266,10.2788,10.6013,3450210
2018-07-03,10.6013,10.8247,10.5391,10.5967,6512338
2018-07-04,10.5437,10.6980,10.4677,10.5506,2299851
2018-07-05,10.6151,10.6658,10.3709,10.5437,5585538
2018-07-06,10.5483,10.8685,10.4469,10.7487,6649513
2018-07-10,10.9008,10.9422,10.4838,10.5022,6677295
2018-07-11,10.4838,10.6842,10.3732,10.4815,4271090
2018-07-12,10.4884,10.5207,10.3456,10.4446,4704754
2018-07-13,10.4792,10.4907,9.8641,9.8895,15992604
2018-07-16,9.9148,9.9309,9.5693,9.7075,15110517
2018-07-17,9.7259,9.9747,9.6844,9.8365,22683356
2018-07-18,9.8411,10.0070,9.7743,9.9425,12031026
2018-07-19,9.8411,9.8826,9.6868,9.8618,7290675
2018-07-20,10.1429,10.1429,9.8042,9.9747,7101409
2018-07-23,9.8342,9.8365,9.3527,9.6361,11577827
2018-07-24,9.7029,10.1129,9.6591,10.0853,8296046
2018-07-25,10.1314,10.5368,10.1152,10.3663,9187250
2018-07-26,10.3663,10.4078,9.9217,9.9632,6143788
2018-07-27,9.9632,10.2511,9.9632,10.0738,4706056
2018-07-30,10.0784,10.2189,10.0047,10.1866,3797489
2018-07-31,9.9931,9.9931,9.3642,9.3642,19609074
2018-08-01,9.4172,9.4172,9.0993,9.1454,15549390
2018-08-02,9.8273,10.1060,9.6591,9.8365,19477977
2018-08-03,9.8480,10.5736,9.8480,10.4078,19079475
2018-08-06,10.5967,10.6266,10.1383,10.2396,10479125
2018-08-07,10.2719,10.7695,10.2557,10.5115,14356054
2018-08-08,10.5437,10.6243,10.2742,10.3502,7927497
2018-08-09,10.2511,10.3848,9.9102,10.0622,8309503
2018-08-10,9.8365,9.8572,9.4172,9.4172,10776916
2018-08-13,9.4103,9.6384,9.3067,9.6038,6466757
2018-08-14,9.7466,10.1982,9.6914,10.0784,6534911
2018-08-15,9.9102,9.9678,9.6107,9.7789,8479236
2018-08-16,10.0576,10.3179,9.9724,10.1037,10670997
2018-08-17,9.9977,10.0277,9.7236,9.8687,7912304
2018-08-20,9.7605,9.9378,9.6614,9.9056,6919956
2018-08-21,9.7996,9.9724,9.5370,9.5969,8823041
2018-08-22,9.5946,9.9125,9.5601,9.9125,5175316
2018-08-23,9.8710,10.1936,9.8135,9.9240,7143516
2018-08-24,10.0139,10.0139,9.5025,9.7628,8981487
2018-08-27,9.7904,10.0208,9.7259,10.0162,4556726
2018-08-28,9.9770,9.9770,9.7052,9.8342,4877525
2018-08-29,9.9056,10.0530,9.7720,9.9931,6468494
2018-08-30,9.9954,9.9954,9.5140,9.5370,8316015
2018-08-31,9.6038,9.6960,9.4218,9.4840,8014317
2018-09-03,9.9056,10.0853,9.6937,9.7904,12623135
2018-09-04,9.7904,9.8158,9.1800,9.2283,10326323
2018-09-05,9.2191,9.2606,8.9865,9.0556,7983496
2018-09-06,9.2145,9.2813,8.8667,9.0256,10403592
2018-09-10,9.1800,9.1800,8.8505,8.9404,6552709
2018-09-11,8.7538,8.8528,8.5257,8.8229,9726833
2018-09-12,8.8690,9.0325,8.8459,8.8528,7568932
2018-09-13,8.8045,8.9058,8.6801,8.7630,7405711
2018-09-14,8.7999,8.9058,8.7192,8.8068,7117036
2018-09-17,8.8413,9.1201,8.7745,9.0556,5291654
2018-09-18,9.0970,9.1316,8.9496,9.0210,6658195
2018-09-19,9.0486,9.1869,8.8805,8.9841,8425842
2018-09-20,8.9911,9.0878,8.7100,8.7238,10121863
2018-09-21,8.8114,8.8436,8.4359,8.4773,27662460
2018-09-24,8.5188,8.6593,8.3576,8.5234,9291867
2018-09-25,8.4589,8.5188,8.3783,8.4543,5686683
2018-09-26,8.6386,8.9841,8.6248,8.8482,14480206
2018-09-27,8.9772,9.0694,8.8275,8.8574,8761399
2018-09-28,8.7883,8.7906,8.5695,8.5994,7277218
2018-10-01,8.6087,8.6824,8.5050,8.5925,5274724
2018-10-02,8.7952,9.0602,8.5856,9.0187,11237060
2018-10-03,9.2145,9.4426,9.1454,9.2306,17542768
2018-10-04,9.2260,9.2260,9.0095,9.1846,12099613
2018-10-05,9.2537,9.3527,9.1247,9.1569,6473703
2018-10-08,9.5716,9.9217,9.5094,9.7720,16047734
2018-10-09,9.9263,10.0599,9.7259,10.0599,10167443
2018-10-10,10.0208,10.0415,9.5186,9.5531,12877083
2018-10-11,9.6453,9.6775,9.1938,9.2652,11734537
2018-10-15,9.3458,9.3804,8.9081,8.9219,12871873
2018-10-16,9.0141,9.1777,8.9312,9.1569,11384220
2018-10-17,9.1892,9.4426,9.0625,9.3619,10328059
2018-10-18,9.4103,9.4334,9.1178,9.1178,6157680
2018-10-19,9.2237,9.2514,9.0233,9.2030,6554879
2018-10-22,9.3297,9.3550,9.0993,9.1661,6073899
2018-10-23,9.1178,9.3481,9.0003,9.2168,8113725
2018-10-24,9.2422,9.3113,9.0095,9.0256,8467949
2018-10-25,9.0993,9.6683,9.0809,9.5163,18400980
2018-10-26,9.6752,10.0162,9.5831,9.7904,19711956
2018-10-29,9.8088,10.0093,9.5140,9.6061,18245573
2018-10-30,9.7328,10.4792,9.6868,10.4400,21511292
2018-10-31,10.5736,10.7533,9.9839,10.1936,23285450
2018-11-01,10.2488,10.3018,10.0922,10.1936,10440925
2018-11-05,10.2534,10.2949,9.8158,9.8964,23902304
2018-11-06,9.7904,9.9931,9.6960,9.8365,12908772
2018-11-07,9.8158,10.1590,9.8158,10.0876,24011696
2018-11-08,10.0208,10.1037,9.5301,9.5347,28576671
2018-11-09,9.5370,9.6476,9.1270,9.3274,12373529
2018-11-12,9.4195,9.5370,9.1707,9.3090,7421339
2018-11-13,9.3527,9.4311,8.9841,9.0993,10212155
2018-11-14,9.1638,9.5347,8.9865,9.5347,11881696
2018-11-16,9.5601,10.0669,9.4264,10.0669,12117411
2018-11-19,10.0070,10.0761,9.7674,10.0438,6258824
2018-11-21,9.8826,10.4884,9.7904,10.4884,13875942
2018-11-22,10.4354,10.5161,10.2534,10.4585,5228276
2018-11-23,10.3617,10.5944,10.3110,10.5045,10898898
2018-11-26,10.5944,10.5944,10.3963,10.4239,10724391
2018-11-27,10.4239,10.7741,10.2972,10.6197,11873448
2018-11-28,10.6266,11.0182,10.4999,10.8731,14577444
2018-11-29,10.8616,11.3385,10.7902,11.1542,12623135
2018-11-30,11.1081,11.1818,10.8846,10.8846,10389701
2018-12-03,11.1311,11.1542,10.7695,10.9607,10222573
2018-12-04,11.0574,11.1035,10.7211,10.8340,9854892
2018-12-05,10.8294,10.9860,10.8201,10.8962,9309231
2018-12-06,10.7625,11.2855,10.7165,11.2855,7642729
2018-12-07,11.2417,11.3477,10.9791,11.0620,10034609
2018-12-10,11.0689,11.2118,10.9031,10.9169,7658356
2018-12-11,11.0113,11.2740,11.0113,11.1565,14527957
2018-12-12,11.2578,11.6333,11.2371,11.5181,15334511
2018-12-13,11.6218,11.6748,11.3500,11.3569,10040686
2018-12-14,11.3569,11.6656,11.2210,11.4513,9691671
2018-12-17,11.4030,11.5872,11.2509,11.4030,11216658
2018-12-18,11.4882,11.5872,11.4076,11.4721,11787497
2018-12-19,11.5757,11.5872,11.3385,11.4030,9629161
2018-12-20,11.5204,11.6425,11.2901,11.6425,8503111
2018-12-21,11.6448,11.8406,11.3569,11.4260,15374448
2018-12-26,11.3799,11.6103,11.0758,11.5619,4317972
2018-12-27,11.5297,11.9973,11.4260,11.8752,8301256
2018-12-28,11.9950,12.3198,11.9950,12.2553,7592374
2019-01-02,12.2553,12.7667,12.1171,12.5179,7539414
2019-01-03,12.5087,12.6101,12.1655,12.2852,11433273
2019-01-04,12.2461,12.2530,12.0042,12.2023,7747347
2019-01-07,12.1171,12.1724,11.6863,11.8291,13579453
2019-01-08,11.9098,11.9259,11.5227,11.6333,14219314
2019-01-09,11.6564,12.0318,11.5988,12.0065,16543040
2019-01-10,12.0065,12.3405,11.9904,12.3175,10346725
2019-01-11,12.2092,12.3613,12.1885,12.2530,6919088
2019-01-14,12.2530,12.5271,12.1470,12.3405,9836660
2019-01-15,12.3359,12.4834,12.0733,12.2323,9839265
2019-01-16,12.2622,12.3705,12.0249,12.2230,8014317
2019-01-17,12.2207,12.7621,12.2207,12.6699,9207218
2019-01-18,12.6699,13.1261,12.6699,12.9049,10331532
2019-01-21,12.9049,12.9487,12.5778,12.6792,5744418
2019-01-22,12.6699,13.1053,12.5133,12.5317,8820871
2019-01-23,12.6976,13.0086,12.6193,12.9625,8571699
2019-01-24,12.9602,13.2942,12.8565,13.2942,11365553
2019-01-28,13.1606,13.4762,13.0155,13.4048,9382594
2019-01-29,13.4785,13.5154,13.0639,13.1422,9003192
2019-01-30,13.2113,13.3150,12.7529,13.0570,12311453
2019-01-31,13.1652,13.2873,13.0639,13.1767,8848653
2019-02-01,13.1791,13.2827,12.7966,12.8957,11129404
2019-02-04,12.9049,13.1422,12.7068,13.0823,9317479
2019-02-05,13.0247,13.2689,12.9948,13.1307,7408316
2019-02-06,13.0500,13.0500,12.5778,12.5778,8496600
2019-02-07,12.5824,12.6699,12.2668,12.4235,9255403
2019-02-08,12.3359,12.5317,12.1862,12.4258,5220028
2019-02-11,12.4603,12.5571,12.2369,12.4166,5764387
2019-02-12,12.5617,12.5985,12.3590,12.3682,6645172
2019-02-13,12.3751,12.7851,12.3336,12.7160,12479449
2019-02-14,12.7160,12.9464,12.4073,12.9049,8168422
2019-02-15,12.8496,13.1491,12.7437,13.1422,8732749
2019-02-18,13.0224,13.1122,12.8105,12.8358,7329310
2019-02-19,12.8358,12.9902,12.8151,12.8773,6649513
2019-02-20,12.9671,12.9671,12.5916,12.5985,9540605
2019-02-21,12.2092,12.3060,11.6702,11.9789,27625128
2019-02-22,11.9789,12.4119,11.8015,12.3244,14875670
2019-02-25,12.2783,12.5893,12.2438,12.5479,9214598
2019-02-26,12.5479,12.6584,12.3567,12.4442,5743984
2019-02-27,12.3981,12.7874,12.3981,12.6953,13872903
2019-02-28,12.7183,12.8105,12.1701,12.3037,10762591
2019-03-01,12.1194,12.2207,11.7738,11.8406,10104065
2019-03-06,11.6771,11.9213,11.5895,11.7946,4693901
2019-03-07,11.7485,11.9558,11.6702,11.9558,7314551
2019-03-08,11.8637,12.2046,11.7278,12.0940,5249113
2019-03-11,12.1286,12.4626,12.0963,12.2922,7522484
2019-03-12,12.2922,12.4534,12.2922,12.3705,11085126
2019-03-13,12.3474,12.7160,12.1885,12.5340,13463115
2019-03-14,12.5133,12.6861,12.4465,12.5294,7854135
2019-03-15,12.4626,12.7321,12.4626,12.6746,12526331
2019-03-18,12.5479,12.7483,12.4119,12.5548,13766983
2019-03-19,12.5271,12.6492,12.1862,12.2668,9845342
2019-03-20,12.1862,12.3267,12.1125,12.1240,13924995
2019-03-21,12.0549,12.1125,11.5734,11.7831,14178508
2019-03-22,11.5227,11.6748,11.2394,11.3569,17294898
2019-03-25,11.2878,11.4283,11.1403,11.2210,44100015
2019-03-26,11.2716,11.3431,11.0182,11.1265,40757027
2019-03-27,11.0044,11.0804,10.6543,10.7119,29755681
2019-03-28,10.7326,11.0021,10.5322,10.9192,28597508
2019-03-29,11.0505,11.1449,10.7257,10.8270,11823961
2019-04-01,10.9054,10.9146,10.7833,10.8501,7696123
2019-04-02,10.8685,10.9514,10.6105,10.7096,6219756
2019-04-03,10.8731,10.8731,10.4631,10.5506,9937371
2019-04-04,10.5967,10.9123,10.5276,10.8731,11474078
2019-04-05,10.9860,10.9860,10.7602,10.8270,5137983
2019-04-08,10.8846,10.9100,10.4239,10.5045,8438431
2019-04-09,10.4884,10.5161,10.2304,10.4193,9769809
2019-04-10,10.4354,10.5944,10.3295,10.4861,5345482
2019-04-11,10.4354,10.4539,10.1912,10.2581,6814470
2019-04-12,10.2074,10.3548,10.0761,10.1360,8606426
2019-04-15,10.2235,10.3249,10.1244,10.2788,7403541
2019-04-16,10.1820,10.5368,10.1820,10.4446,9488514
2019-04-17,10.4654,10.4654,10.1129,10.2442,14826617
2019-04-18,10.4170,10.4539,10.1912,10.4262,5178789
2019-04-22,10.4308,10.4308,10.1636,10.2235,8252637
2019-04-23,10.2742,10.4400,10.2511,10.3894,23850429
2019-04-24,10.3663,10.3894,9.6706,9.8503,18074755
2019-04-25,9.8503,9.9286,9.6844,9.7904,7633830
2019-04-26,9.8135,9.8135,9.2099,9.4817,39061006
2019-04-29,9.5969,9.7029,9.4679,9.6937,34804458
2019-04-30,9.6891,9.6937,9.5416,9.6752,21280352
2019-05-02,9.6752,9.9517,9.6292,9.8918,13853803
2019-05-03,9.9839,10.1175,9.7674,9.7720,11893851
2019-05-06,9.7443,9.8733,9.5923,9.7950,11602354
2019-05-07,9.7397,9.8641,9.4541,9.8595,10185241
2019-05-08,9.8595,10.1129,9.8595,10.0116,11263540
2019-05-09,9.9517,10.0761,9.8641,10.0438,7100106
2019-05-10,9.9517,10.1083,9.9056,9.9977,7544189
2019-05-13,9.7443,9.8365,9.5969,9.6752,6595467
2019-05-14,9.7259,9.7950,9.5186,9.7904,7659008
2019-05-15,9.5370,9.8088,9.3665,9.7628,8811755
2019-05-16,9.5094,9.5278,9.3067,9.3251,24904853
2019-05-17,9.2606,9.3896,8.7999,8.9243,15666162
2019-05-20,8.9519,9.2145,8.9104,9.0993,6305273
2019-05-21,9.1316,9.5508,9.0302,9.5416,6592212
2019-05-22,9.6246,9.7213,9.3988,9.5186,9214381
2019-05-23,9.4587,9.5370,9.1592,9.1915,8489003
2019-05-24,9.2560,9.4587,8.9565,8.9611,10311129
2019-05-27,9.0302,9.1408,9.0118,9.0533,5224369
2019-05-28,9.0993,9.1777,8.9058,8.9473,18092553
2019-05-29,8.9427,9.2375,8.9150,9.2375,10974214
2019-05-30,9.2145,9.4909,9.1500,9.1730,9567302
2019-05-31,9.1777,9.5278,9.1777,9.5278,8285628
2019-06-03,9.5601,9.6891,9.3159,9.4357,7568715
2019-06-04,9.4863,9.5693,9.1961,9.3619,7907529
2019-06-05,9.4034,9.4725,9.0072,9.0947,10492148
2019-06-06,9.1270,9.2606,8.9888,9.2145,6948606
2019-06-07,9.2191,9.3758,9.1178,9.3113,3871503
2019-06-10,9.2606,9.2974,9.0855,9.2974,7012636
2019-06-11,9.2744,9.8227,9.2053,9.7213,13714458
2019-06-12,9.6292,9.8826,9.4218,9.5232,9800630
2019-06-13,9.6292,9.9839,9.5416,9.9747,12792651
2019-06-14,9.9747,10.0991,9.7351,9.9056,7240103
2019-06-17,9.9056,10.0254,9.7674,9.9517,10379934
2019-06-18,9.9517,10.0899,9.7766,9.8319,14557910
2019-06-19,9.9056,10.0023,9.5140,9.6522,9068958
2019-06-21,9.7443,10.1774,9.7443,9.8595,20748148
2019-06-24,9.9102,10.0991,9.8088,9.8918,7144601
2019-06-25,9.8826,9.9885,9.5877,9.5877,6661884
2019-06-26,9.7213,9.7628,9.5094,9.6061,5363714
2019-06-27,9.5278,9.5508,9.3113,9.4449,8612721
2019-06-28,9.5186,9.5508,9.2145,9.2606,16034277
2019-07-01,9.3988,9.4449,9.0993,9.0993,11334949
2019-07-02,9.1270,9.1961,8.8828,8.9611,13519548
2019-07-03,8.9611,9.0302,8.8966,8.9841,9808010
2019-07-04,8.9841,9.2145,8.9795,9.0533,11756676
2019-07-05,9.0579,9.1638,9.0026,9.0348,9196149
2019-07-08,9.0486,9.1546,9.0440,9.0763,6159199
2019-07-10,9.2237,9.6844,9.2237,9.6061,27206658
2019-07-11,9.6522,9.7305,9.4725,9.5278,10885007
2019-07-12,9.6292,9.6752,9.4357,9.4357,6078240
2019-07-15,9.5140,9.5647,9.3113,9.4771,6135758
2019-07-16,9.5140,9.5324,9.2468,9.3020,5829502
2019-07-17,9.3067,9.4403,9.2606,9.3481,5114325
2019-07-18,9.3205,9.5969,9.3205,9.5969,7242708
2019-07-19,9.5601,9.5601,9.2329,9.3020,15519437
2019-07-22,9.3113,9.3712,8.9150,8.9150,18894332
2019-07-23,9.2145,9.3251,8.9196,9.1454,83398907
2019-07-24,9.2191,9.6015,9.2191,9.5601,27938547
2019-07-25,9.5831,9.6246,9.2514,9.4771,15368154
2019-07-26,9.5554,9.5554,9.2744,9.2744,7984798
2019-07-29,9.2744,9.2928,9.0440,9.2099,8943504
2019-07-30,9.1961,9.4218,9.0717,9.2836,11966345
2019-07-31,9.3343,9.3389,9.0763,9.1638,12140635
2019-08-01,9.2836,9.4172,9.1270,9.1638,10750002
2019-08-02,9.2191,9.2836,9.0993,9.1638,9271899
2019-08-05,9.0348,9.0486,8.7215,8.7768,14527957
2019-08-06,8.8690,8.8920,8.6893,8.8920,12734915
2019-08-07,8.8920,8.8920,8.6386,8.7722,10100809
2019-08-08,8.8413,8.9611,8.7768,8.9289,15134175
2019-08-09,8.8644,9.0164,8.8275,8.9196,9245636
2019-08-12,8.7676,8.8690,8.6524,8.7630,8207707
2019-08-13,8.7077,8.8229,8.6524,8.6616,12316011
2019-08-14,8.6386,8.6570,8.3714,8.4912,20121310
2019-08-15,8.1594,8.2516,7.6941,7.7770,28877718
2019-08-16,7.8462,7.9475,7.5651,7.6020,11642725
2019-08-19,7.6250,7.7448,7.3025,7.3025,14004652
2019-08-20,7.3670,7.4269,7.1182,7.2979,14552484
2019-08-21,7.4591,7.7586,7.3532,7.7033,16237869
2019-08-22,7.7770,7.9337,7.7264,7.8968,16034494
2019-08-23,7.7172,7.7218,7.3025,7.3808,17316603
2019-08-26,7.3993,7.5605,7.1643,7.1873,11328004
2019-08-27,7.2795,7.3025,6.9109,7.1781,17172916
2019-08-28,7.0952,7.3900,7.0721,7.3578,8382215
2019-08-29,7.4684,7.8508,7.4407,7.7586,19150016
2019-08-30,7.8093,7.8277,7.5283,7.5651,14731549
2019-09-02,7.6066,7.7817,7.5513,7.6480,6467409
2019-09-03,7.6941,8.1548,7.6573,7.8277,19361204
2019-09-04,7.9706,8.1364,7.9383,8.1088,12567788
2019-09-05,8.2009,8.2562,8.0581,8.2424,10575712
2019-09-06,8.2838,8.3483,8.1871,8.3115,10379066
2019-09-09,8.3207,8.6248,8.2378,8.4405,13051590
2019-09-10,8.5096,8.6616,8.4405,8.4681,10534690
2019-09-11,8.5004,8.5511,8.2332,8.2470,10629757
2019-09-12,8.2931,8.3898,8.2378,8.2931,7909265
2019-09-13,8.3069,8.4036,8.0627,8.0673,8329689
2019-09-16,8.1548,8.4313,8.0673,8.3852,12602516
2019-09-17,8.2977,8.7768,8.2332,8.7630,19344709
2019-09-18,8.7307,8.8459,8.5096,8.6524,13877896
2019-09-19,8.7400,8.8183,8.3760,8.4128,11906656
2019-09-20,8.4773,8.5096,8.2562,8.4497,57379507
2019-09-23,8.4681,8.5096,8.3161,8.4082,7757982
2019-09-24,8.4313,8.4635,8.1825,8.2470,7556126
2019-09-25,8.2101,8.2885,8.0397,8.2885,13457906
2019-09-26,8.3391,8.4405,8.2286,8.4313,7858041
2019-09-27,8.4497,8.5418,8.3530,8.4912,8001077
2019-09-30,8.4912,8.5695,8.3944,8.5188,11842844
2019-10-01,8.5280,8.9012,8.5050,8.8736,13421659
2019-10-02,8.7446,9.0947,8.6939,8.9012,24478786
2019-10-03,8.8920,8.8966,8.6156,8.7538,24327068
2019-10-04,8.7999,8.8091,8.5234,8.5925,43534603
2019-10-07,8.5234,8.5925,8.3391,8.4221,10679896
2019-10-08,8.3622,8.6386,8.3437,8.4820,7398332
2019-10-09,8.5050,8.8874,8.4727,8.8690,8907908
2019-10-10,8.9150,8.9381,8.5142,8.5925,13429472
2019-10-11,8.7031,8.8690,8.6662,8.8459,8864281
2019-10-14,8.7999,8.9243,8.7860,8.8874,3941609
2019-10-15,8.9150,8.9795,8.8091,8.8920,9324859
2019-10-16,8.8690,9.0072,8.7215,8.9565,14344768
2019-10-17,8.9565,9.0118,8.7999,8.7999,11995864
2019-10-18,8.8183,8.9888,8.7722,8.9888,8963472
2019-10-21,9.0302,9.1500,8.8597,8.9795,8329689
2019-10-22,8.9427,9.0210,8.8551,8.9519,10644951
2019-10-23,8.9473,9.0394,8.9104,8.9657,9562310
2019-10-24,9.0072,9.0855,8.6847,8.8459,11230549
2019-10-25,8.7814,9.0026,8.7814,8.9749,7834817
2019-10-28,8.9888,9.0440,8.8690,8.9335,7529212
2019-10-29,8.9104,8.9289,8.6801,8.7492,9673873
2019-10-30,8.6847,8.7906,8.5557,8.7538,8867102
2019-10-31,8.6801,8.7722,8.5787,8.6939,9631766
2019-11-01,8.6939,8.9519,8.6156,8.9381,26075832
2019-11-04,8.8874,9.0763,8.8229,8.9565,13867477
2019-11-05,8.9519,8.9565,8.7538,8.8920,11909261
2019-11-06,8.8459,9.0072,8.7354,9.0072,10135971
2019-11-07,9.2836,9.6568,9.2836,9.4817,45301164
2019-11-08,9.4218,9.6292,9.2606,9.4357,19457574
2019-11-11,9.3389,9.4771,9.1823,9.4449,18818365
2019-11-12,9.3758,9.4357,9.0072,9.4126,32312084
2019-11-13,9.3067,9.3988,9.0901,9.2145,17263860
2019-11-14,9.1592,9.4218,9.1592,9.3251,8110687
2019-11-18,9.4218,9.6015,9.3573,9.3573,12327732
2019-11-19,9.3758,9.6199,9.3527,9.5186,8629434
2019-11-21,9.4633,10.2557,9.4403,10.1083,23577381
2019-11-22,10.0899,10.4493,9.9517,10.4493,20610755
2019-11-25,10.4585,10.4631,10.0807,10.2143,11989352
2019-11-26,10.1083,10.1912,9.8411,10.1037,18368856
2019-11-27,10.1360,10.1544,9.7536,10.0438,12403916
2019-11-28,9.9286,10.1728,9.9286,10.0899,7880615
2019-11-29,10.1360,10.1544,9.8088,10.0484,11567192
2019-12-02,10.0669,10.2511,9.9425,10.1820,12098528
2019-12-03,10.2742,10.3571,10.0991,10.3156,9607891
2019-12-04,10.3663,10.5230,10.1820,10.2051,12871873
2019-12-05,10.2465,10.2511,9.9286,9.9885,10737631
2019-12-06,10.0438,10.1129,9.8872,9.9056,14728511
2019-12-09,9.7674,9.8733,9.5877,9.8503,16673704
2019-12-10,9.8872,10.0346,9.7766,9.9747,14939048
2019-12-11,10.0208,10.0853,9.9148,10.0208,13705993
2019-12-12,10.0807,10.2604,9.9701,10.1682,12772465
2019-12-13,10.2051,10.2557,10.0622,10.2557,10219969
2019-12-16,10.3387,10.5276,10.2051,10.3341,12395668
2019-12-17,10.3202,10.8040,10.2742,10.5967,14271839
2019-12-18,10.6888,10.9837,10.5045,10.9146,36497657
2019-12-19,10.9100,11.2417,10.8178,11.1910,18081049
2019-12-20,11.2094,11.4905,11.1035,11.3385,16193157
2019-12-23,11.3385,11.6978,11.3292,11.6702,6985070
2019-12-26,11.6702,11.8637,11.5366,11.7946,9253232
2019-12-27,11.8729,11.9005,11.7209,11.8499,7608001
2019-12-30,11.8406,11.9190,11.6425,11.7393,5275375
2020-01-02,11.7393,11.8683,11.6195,11.7946,21022932
2020-01-03,11.7255,11.8360,11.6564,11.6564,20216812
2020-01-06,11.5734,11.5734,11.2924,11.4030,16525459
2020-01-07,11.3799,11.7347,11.3108,11.6564,15589978
2020-01-08,11.6564,11.7807,11.4536,11.5642,19797907
2020-01-09,11.5872,11.6748,11.4675,11.5872,19216867
2020-01-10,11.6287,11.6932,11.4721,11.5596,13166626
2020-01-13,11.5504,11.6656,11.4767,11.6656,13081109
2020-01-14,11.6564,11.8314,11.5227,11.7946,16531102
2020-01-15,11.9420,12.0572,11.6610,11.6886,11889293
2020-01-16,11.7531,11.8406,11.3477,11.7116,10695957
2020-01-17,11.7393,12.1033,11.6794,12.1033,8676099
2020-01-20,12.1171,12.3198,11.9973,12.3198,6021807
2020-01-21,12.2323,12.4580,12.1125,12.1401,9549504
2020-01-22,12.4626,12.6423,12.1954,12.6285,8694331
2020-01-23,12.5317,12.8542,12.2553,12.8128,8263489
2020-01-24,12.8128,12.9326,12.5087,12.6838,8031898
2020-01-27,12.4396,12.4995,12.1171,12.1862,8635294
2020-01-28,12.2369,12.4949,12.2046,12.4166,5500672
2020-01-29,12.4995,12.5409,11.8637,12.0295,12388071
2020-01-30,11.9328,11.9604,11.6011,11.9604,13363489
2020-01-31,11.8867,11.9328,11.4767,11.6379,14924723
2020-02-03,11.6702,11.9051,11.5504,11.6840,9579023
2020-02-04,11.7623,11.8406,11.3477,11.5780,13052241
2020-02-05,11.6287,11.7992,11.4122,11.7070,12209006
2020-02-06,11.7485,11.8222,11.2555,11.5596,12068141
2020-02-07,11.3661,11.4813,11.1726,11.2141,12514828
2020-02-10,11.1680,11.2002,10.9192,11.0298,8022348
2020-02-11,11.0851,11.6379,11.0804,11.5642,11984360
2020-02-12,11.5504,11.7761,11.4997,11.5550,12645491
2020-02-13,11.4721,11.4859,11.1864,11.2970,7392905
2020-02-14,11.2233,11.2878,11.0851,11.1265,4919198
2020-02-17,11.1726,11.3477,11.0851,11.3477,5149053
2020-02-18,11.3016,11.3016,10.9699,11.1035,11616462
2020-02-19,11.0804,11.1634,10.9008,10.9929,27270470
2020-02-20,10.4631,10.5138,10.0991,10.1866,51697816
2020-02-21,10.2511,10.2511,9.7720,9.9286,17389097
2020-02-26,9.3297,9.4817,8.9611,9.1178,25037036
2020-02-27,8.8828,9.1869,8.6985,8.8229,27207526
2020-02-28,8.7538,8.8045,8.1594,8.7906,37910429
2020-03-02,8.5925,9.2468,8.4451,9.0855,44812153
2020-03-03,9.1224,9.5831,8.9196,9.2053,25282084
2020-03-04,9.4403,9.4403,8.8091,9.1915,27693064
2020-03-05,9.0072,9.0717,8.1779,8.3391,24711896
2020-03-06,8.0166,8.0489,7.7678,7.9245,26295486
2020-03-09,7.5098,7.5098,6.9800,7.0998,43937446
2020-03-10,7.4315,8.4497,7.2795,8.2378,36347893
2020-03-11,7.9337,8.1180,7.1412,7.6803,27918361
2020-03-12,7.0491,7.0491,5.7591,6.0493,28486596
2020-03-13,6.7036,7.4638,5.7637,7.4638,34704832
2020-03-16,6.2520,6.6068,5.7683,5.8696,28699304
2020-03-17,5.9940,6.5930,5.6024,6.4502,42381204
2020-03-18,5.6992,5.9157,4.9897,5.5610,33836853
2020-03-19,5.3398,5.7130,4.9067,5.6209,59437349
2020-03-20,5.8097,6.0908,5.4826,5.6807,41922580
2020-03-23,5.7406,5.7406,4.6579,4.9252,38907552
2020-03-24,5.2937,5.9480,5.0956,5.5149,32819762
2020-03-25,5.3444,5.8604,5.0956,5.6715,41662989
2020-03-26,5.7314,6.5930,5.6347,6.5930,31124826
2020-03-27,6.1737,6.3258,5.9019,6.0355,30174151
2020-03-30,6.0539,6.1922,5.6669,5.8051,22124021
2020-03-31,5.8512,5.9480,5.6439,5.7729,19765350
2020-04-01,5.5610,5.5702,5.1279,5.2799,22640598
2020-04-02,5.3352,5.6577,5.2661,5.3122,21633490
2020-04-03,5.3490,5.4043,4.9205,5.1233,28936104
2020-04-06,5.3444,5.8190,5.3168,5.7268,18668167
2020-04-07,6.0171,6.3995,5.9295,5.9295,19385731
2020-04-08,5.9848,6.3903,5.9065,6.3212,14855701
2020-04-09,6.3672,6.7266,6.3258,6.5607,21475262
2020-04-13,6.5515,6.6943,6.2290,6.6943,15649666
2020-04-14,6.8003,6.9385,6.4732,6.4962,29852051
2020-04-15,6.3580,6.5976,6.2244,6.5377,25836427
2020-04-16,6.6114,6.6805,6.3350,6.5469,20582973
2020-04-17,6.6667,6.7358,6.3119,6.4732,15089680
2020-04-20,6.3073,6.6068,6.2751,6.5423,21303576
2020-04-22,6.5746,6.7450,6.4041,6.6344,22183493
2020-04-23,6.7082,7.0353,6.5285,6.6989,33508458
2020-04-24,6.5653,6.6344,5.5517,6.2152,46674868
2020-04-27,6.3534,6.6759,6.3212,6.5930,16566264
2020-04-28,6.7681,6.8602,6.6022,6.7174,15212964
2020-04-29,6.8233,7.1320,6.7496,7.0813,17482862
2020-04-30,6.9800,7.0261,6.6575,6.6805,14422037
2020-05-04,6.4686,6.7727,6.3718,6.7266,11152628
2020-05-05,6.7681,6.9477,6.5054,6.6483,12801767
2020-05-06,6.6713,6.7681,6.3995,6.4732,15816143
2020-05-07,6.5653,6.5884,6.1138,6.1276,35013693
2020-05-08,6.2428,6.5239,6.1968,6.3949,26208666
2020-05-11,6.3534,6.5147,6.1783,6.1783,13857276
2020-05-12,6.0954,6.4732,6.0908,6.3258,16789825
2020-05-13,6.2014,6.2705,5.9710,6.2106,19884944
2020-05-14,6.1875,6.9109,6.1875,6.9109,37206105
2020-05-15,6.8464,7.0353,6.4962,6.5239,17197877
2020-05-18,6.6989,6.9662,6.6437,6.9523,17735724
2020-05-19,6.9339,7.1781,6.7588,6.9754,23619055
2020-05-20,7.0952,7.3624,7.0537,7.1228,19147628
2020-05-21,7.1643,7.7724,7.0675,7.5789,29022489
2020-05-22,7.4407,7.5006,7.1412,7.4177,17319424
2020-05-25,7.6711,7.9659,7.6112,7.8323,15538103
2020-05-26,8.2009,8.2654,7.7863,7.8784,24595558
2020-05-27,7.9982,8.0627,7.7264,7.9752,21990753
2020-05-28,7.9752,8.2931,7.6987,8.0120,20459472
2020-05-29,8.0120,8.1180,7.7540,7.8876,31196886
2020-06-01,7.7724,7.9706,7.7540,7.9199,18792753
2020-06-02,8.0949,8.7999,8.0765,8.7261,27942237
2020-06-03,8.5695,8.8874,8.4681,8.6432,16833886
2020-06-04,8.7307,8.7538,8.5096,8.5833,9256922
2020-06-05,8.8828,8.9934,8.5465,8.6064,14317420
2020-06-08,8.7261,9.0717,8.6801,8.8137,14429851
2020-06-09,8.6386,8.9841,8.5004,8.8782,13000149
2020-06-10,8.9150,8.9519,8.4912,8.5787,14913870
2020-06-12,8.2931,8.3944,7.9982,8.2885,20085063
2020-06-15,7.9706,8.2838,7.8139,8.2286,20056629
2020-06-16,8.4082,8.4773,7.9521,8.0627,25368253
2020-06-17,8.1410,8.5649,8.1318,8.3391,20134767
2020-06-18,8.2931,8.7031,8.1733,8.6801,16113500
2020-06-19,8.7077,8.7722,8.4543,8.5971,25813637
2020-06-22,8.6340,8.6340,8.3944,8.4497,10939486
2020-06-23,8.6110,8.8229,8.3944,8.5050,13903941
2020-06-24,8.3898,8.5188,8.2332,8.5188,8847134
2020-06-25,8.5234,8.6156,8.3207,8.4359,15275908
2020-06-26,8.3806,8.4451,8.0258,8.1272,13232175
2020-06-29,8.2101,8.3852,8.0903,8.2931,10219535
2020-06-30,8.2470,8.5234,8.1917,8.4681,11602137
2020-07-01,8.5234,8.8644,8.4405,8.6616,13185726
2020-07-02,8.8413,8.8597,8.5280,8.5879,6947304
2020-07-03,8.5557,8.6064,8.3622,8.4912,13518462
2020-07-06,8.6432,8.7676,8.4405,8.5418,11488186
2020-07-07,8.5188,8.6294,8.3115,8.3115,12581245
2020-07-08,8.3852,8.7860,8.3622,8.6478,32586000
2020-07-09,8.6755,8.7261,8.4128,8.5649,9376950
2020-07-10,8.5465,8.5925,8.3852,8.5280,10056965
2020-07-13,8.5649,8.5695,8.1548,8.1548,16093532
2020-07-14,8.1779,8.7906,8.1456,8.6801,31200576
2020-07-15,8.7215,8.9104,8.6616,8.8828,17513249
2020-07-16,8.8321,8.9104,8.6755,8.9104,12523076
2020-07-17,8.9841,9.1592,8.8828,8.9841,17817769
2020-07-20,9.0302,9.1638,8.7999,9.0993,11848053
2020-07-21,9.1546,9.1869,8.9243,9.1224,9705780
2020-07-22,9.1224,9.2928,8.9657,9.0901,10999175
2020-07-23,9.0855,9.1085,8.7492,8.8229,10291595
2020-07-24,8.8551,8.9611,8.6662,8.8229,19166294
2020-07-27,8.7584,9.0302,8.7584,8.9335,8180359
2020-07-28,8.8229,9.0072,8.7722,8.9841,8894233
2020-07-29,9.0302,9.0993,8.9611,8.9611,8779197
2020-07-30,8.8091,9.1039,8.7768,9.0993,19283284
2020-07-31,9.0348,9.0717,8.5787,8.7261,16586450
2020-08-03,8.8091,8.8597,8.5280,8.7354,14316117
2020-08-04,8.5925,8.8091,8.4128,8.6847,12200541
2020-08-05,8.7722,8.9611,8.4912,8.7031,16684773
2020-08-06,8.6893,8.8459,8.6524,8.7814,6430293
2020-08-07,8.5511,8.8782,8.5188,8.8551,14180896
2020-08-10,8.7630,8.8644,8.5511,8.7630,9989246
2020-08-11,8.7538,8.8644,8.6202,8.6662,10585696
2020-08-12,8.6432,8.8183,8.4543,8.5971,14354535
2020-08-13,8.6156,8.8459,8.4820,8.5465,19845658
2020-08-14,8.5603,8.7123,8.4175,8.6524,10141180
2020-08-17,8.5787,8.6478,8.2239,8.4175,9841435
2020-08-18,8.5557,8.6985,8.4589,8.6662,9719454
2020-08-19,8.9427,9.3481,8.8782,9.0717,33645416
2020-08-20,8.8690,9.2099,8.7400,9.1823,14264460
2020-08-21,9.1270,9.5508,8.9473,9.5508,18283339
2020-08-24,9.6292,9.6752,9.3712,9.5140,12068358
2020-08-25,9.5140,9.5923,9.3205,9.4080,9316611
2020-08-26,9.3573,9.4172,8.9196,9.0302,15694596
2020-08-27,9.0486,9.0717,8.7814,8.9611,24292775
2020-08-28,9.0026,9.4633,8.9841,9.3435,17032486
2020-08-31,9.2145,9.3251,8.9427,8.9565,16831064
2020-09-01,9.0302,9.5739,9.0026,9.5140,22280513
2020-09-02,9.5647,9.6199,9.3804,9.5601,16547381
2020-09-03,9.5462,9.8826,9.5048,9.6660,23663767
2020-09-04,9.7167,10.0392,9.5462,9.9010,22548135
2020-09-08,9.6983,9.9977,9.6752,9.9148,14582002
2020-09-09,9.9839,10.1129,9.8733,10.0807,17780002
2020-09-10,10.0208,10.1221,9.8595,9.9056,21910445
2020-09-11,9.7904,10.0669,9.7121,9.9332,22620629
2020-09-14,10.0392,10.4631,9.9563,10.2972,24489421
2020-09-15,10.3755,10.6658,10.2097,10.6105,29869632
2020-09-16,10.6059,10.6428,10.4769,10.5736,21489370
2020-09-17,10.4400,10.7211,10.3940,10.6566,16636588
2020-09-18,10.5184,10.6842,10.4354,10.5736,24193583
2020-09-21,10.3249,10.5045,10.2235,10.3249,21154463
2020-09-22,10.3387,10.5045,10.2051,10.3433,22141168
2020-09-23,10.3986,10.4216,9.8365,9.8964,19709134
2020-09-24,9.9010,10.0530,9.7490,9.8181,14254258
2020-09-25,9.7720,9.7720,9.5370,9.7582,9195932
2020-09-28,9.7582,9.8319,9.2237,9.2698,13365009
2020-09-29,9.2237,9.3251,9.0394,9.0809,11835464
2020-09-30,9.1270,9.1638,8.8644,8.8782,17498707
2020-10-01,8.8782,9.1316,8.6985,8.9934,11952454
2020-10-02,8.9196,8.9934,8.7031,8.8137,14894553
2020-10-05,8.7261,8.9289,8.6294,8.9196,13778921
2020-10-06,9.0210,9.1178,8.7860,8.8459,18873278
2020-10-07,8.7722,8.8920,8.5695,8.5787,22438091
2020-10-08,8.6386,8.8644,8.5280,8.8413,8850824
2020-10-09,8.7538,8.9611,8.6156,8.6847,16835188
2020-10-13,8.6570,8.6893,8.3760,8.5695,20825851
2020-10-14,8.5695,8.6755,8.4313,8.4912,15435873
2020-10-15,8.3806,8.7077,8.3345,8.6709,13247802
2020-10-16,8.6432,8.8736,8.6110,8.7307,15862157
2020-10-19,8.7768,8.9519,8.7077,8.7906,9933681
2020-10-20,8.8551,8.9657,8.7722,8.8597,12753582
2020-10-21,8.8091,8.8690,8.6248,8.6939,12667630
2020-10-22,8.6893,8.7400,8.5280,8.5971,15851739
2020-10-23,8.5234,8.6017,8.5096,8.5280,6531872
2020-10-26,8.5004,8.5188,8.2193,8.2700,8977363
2020-10-27,8.2931,8.3576,8.1641,8.1687,9244768
2020-10-28,8.0166,8.0258,7.7125,7.7125,17485467
2020-10-29,7.7079,7.8093,7.4960,7.7356,12281717
2020-10-30,7.7356,7.7724,7.4960,7.5467,21014901
2020-11-03,7.6665,7.7494,7.5052,7.6434,13978172
2020-11-04,7.7356,7.9060,7.6250,7.9060,8126314
2020-11-05,8.3207,9.0993,8.2286,9.0993,78804848
2020-11-06,8.8644,9.3159,8.8137,9.1869,24482041
2020-11-09,9.4218,9.7720,9.2145,9.2191,20789604
2020-11-10,9.2283,10.1498,9.2283,9.9977,29670598
2020-11-11,9.8227,9.9747,9.2974,9.3159,28593601
2020-11-12,9.3758,9.5785,9.1592,9.2237,23829375
2020-11-13,9.3481,9.7628,9.3067,9.5140,14732200
2020-11-16,9.6706,9.8457,9.4357,9.8227,10102979
2020-11-17,9.7674,9.9609,9.6015,9.6937,17906108
2020-11-18,9.7075,9.7720,9.4633,9.5232,17081539
2020-11-19,9.6706,9.6844,9.4541,9.5324,13719016
2020-11-23,9.4771,9.6384,9.3988,9.4863,15754284
2020-11-24,9.4311,9.6199,9.3665,9.4541,16535661
2020-11-25,9.4034,9.5969,9.3297,9.5647,10285518
2020-11-26,9.5647,9.5831,9.3573,9.5739,5229144
2020-11-27,9.6430,9.6660,9.3665,9.3988,6147912
2020-11-30,9.3665,9.6015,9.2882,9.3665,25396903
2020-12-01,9.4449,9.8135,9.3619,9.8042,15483841
2020-12-02,9.7812,9.9332,9.5370,9.5877,11994995
2020-12-03,9.6522,9.9701,9.5647,9.7904,13340048
2020-12-04,9.8826,10.1498,9.7858,10.1360,13499796
2020-12-07,10.1175,10.4723,10.0116,10.0991,17853148
2020-12-08,10.1221,10.4354,10.0622,10.3018,10858744
2020-12-09,10.2650,10.4124,10.2327,10.3663,11062987
2020-12-10,10.4216,10.5921,10.0530,10.5414,14825314
2020-12-11,10.4078,10.6474,10.3433,10.5736,9005797
2020-12-14,10.6428,11.0298,10.5875,10.9100,17823195
2020-12-15,10.9100,11.0206,10.8270,10.8731,8542831
2020-12-16,10.8869,11.1035,10.5875,11.0528,20412807
2020-12-17,11.0528,11.0851,10.7211,10.7672,13005793
2020-12-18,10.7948,11.1081,10.6888,10.9330,14698558
2020-12-21,10.8132,10.8823,10.4861,10.6842,7011333
2020-12-22,10.8040,10.8593,10.6059,10.7579,5698187
2020-12-23,10.7902,11.1173,10.7764,10.9192,5697753
2020-12-28,10.9468,11.0666,10.9054,11.0113,4635949
2020-12-29,11.0298,11.1864,10.9699,11.1081,6739805
2020-12-30,11.1081,11.2371,10.9376,10.9376,7148942
2021-01-04,11.0574,11.2647,10.9192,11.1127,11878657
2021-01-05,11.0298,11.1542,10.7625,11.0206,11782070
2021-01-06,11.0344,11.0574,10.6980,10.8869,14248832
2021-01-07,10.8731,11.3246,10.7027,11.2187,12239176
2021-01-08,11.2832,11.6195,11.2740,11.5089,9657378
2021-01-11,11.3983,11.4444,10.8593,10.9699,10318292
2021-01-12,10.9975,11.0113,10.7395,10.8915,11051918
2021-01-13,10.8593,11.0712,10.5460,10.8086,14111874
2021-01-14,10.9146,10.9883,10.7257,10.7441,14223438
2021-01-15,10.5967,10.6980,10.3202,10.4493,12536967
2021-01-18,10.5276,10.6474,10.2281,10.2788,8900745
2021-01-19,10.3571,10.3663,10.0761,10.2235,13621778
2021-01-20,10.4400,10.4769,9.9609,10.3894,18944470
2021-01-21,10.5045,10.5460,10.2419,10.3617,13048334
2021-01-22,10.2051,10.2788,9.9931,10.0945,8805243
2021-01-26,10.0346,10.4493,9.9701,10.1728,14093859
2021-01-27,10.1267,10.3249,9.9839,10.1498,9231962
2021-01-28,10.1636,10.7349,10.1083,10.5829,11613423
2021-01-29,10.4677,10.5230,9.9885,10.0346,10745878
2021-02-01,10.1728,10.3617,10.0392,10.2373,11342546
2021-02-02,10.5045,10.6842,10.4262,10.5184,12130000
2021-02-03,10.5829,10.9514,10.5184,10.8040,13570337
2021-02-04,10.7349,10.9422,10.6934,10.7395,9687982
2021-02-05,10.7994,11.0528,10.7349,10.8731,9141235
2021-02-08,10.8731,11.0943,10.7718,10.9929,12370490
2021-02-09,10.8915,11.2693,10.8455,11.2371,13206997
2021-02-10,10.9468,11.1173,10.7948,10.9238,22664907
2021-02-11,10.8915,11.0528,10.6059,10.7856,12761613
2021-02-12,10.7856,10.8962,10.6658,10.7810,8975193
2021-02-17,10.6013,10.8869,10.5276,10.7395,8065757
2021-02-18,10.6566,10.6658,10.2511,10.3663,10817505
2021-02-19,10.2972,10.6013,10.2189,10.5322,10034392
2021-02-22,10.1083,10.1314,9.4679,9.7075,53466331
2021-02-23,9.7904,10.0622,9.6752,9.8503,21535167
2021-02-24,9.9010,10.0530,9.7259,9.8042,14315249
2021-02-25,9.7397,9.7674,8.9104,9.0809,50360794
2021-02-26,9.1684,9.1684,8.8091,8.9012,23274381
2021-03-01,8.9427,9.0901,8.6017,8.6386,14067379
2021-03-02,8.5234,8.7077,8.0627,8.6110,32808041
2021-03-03,8.5280,8.6294,7.9844,8.3944,33031385
2021-03-04,8.4773,9.1546,8.4267,8.9150,37524082
2021-03-05,8.6985,8.9381,8.5925,8.8597,14912785
2021-03-08,8.5234,8.7400,8.1088,8.1594,19278292
2021-03-09,8.1963,8.4543,8.1180,8.2700,13659327
2021-03-10,8.3437,8.4543,8.0351,8.4405,21268631
2021-03-11,8.4912,9.0855,8.3391,8.9795,17075027
2021-03-12,8.8828,9.0625,8.6662,8.9934,13957552
2021-03-15,8.9565,9.0118,8.8321,8.8782,9282751
2021-03-16,8.9150,9.0625,8.7999,8.8367,7193220
2021-03-17,8.7354,9.2928,8.7169,9.2606,10270541
2021-03-18,9.0348,9.2422,8.8690,8.9519,9939541
2021-03-19,8.9058,9.2836,8.8644,9.1316,15309768
2021-03-22,9.0993,9.4403,9.0348,9.1178,15539840
2021-03-23,9.0394,9.3297,8.9565,9.0164,7375542
2021-03-24,9.0302,9.2560,8.9519,8.9657,10305703
2021-03-25,8.8505,9.3712,8.7492,9.2882,11316066
2021-03-26,9.0763,9.8042,9.0440,9.6384,18998733
2021-03-29,9.4863,9.7213,9.4449,9.6798,8876652
2021-03-30,9.5140,9.9286,9.5048,9.8227,10368647
2021-03-31,9.9056,9.9885,9.6430,9.7720,9965804
2021-04-01,9.6752,9.7904,9.5048,9.5785,6655590
2021-04-05,9.6338,9.8503,9.5416,9.7213,6739805
2021-04-06,9.6752,9.8780,9.5923,9.6752,5343963
2021-04-07,9.5739,9.8088,9.5462,9.6061,8612287
2021-04-08,9.6107,9.6983,9.4172,9.6568,5781534
2021-04-09,9.4633,9.5877,9.4218,9.4218,5428178
2021-04-12,9.4679,9.5923,9.4264,9.5232,4919198
2021-04-13,9.4817,9.6660,9.3113,9.6384,9142103
2021-04-14,9.6430,9.7536,9.5601,9.6292,8733183
2021-04-15,9.6107,9.7305,9.5969,9.7305,8343797
2021-04-16,9.6153,9.9010,9.5969,9.7167,8984960
2021-04-19,9.6660,9.8687,9.6061,9.8042,10953377
2021-04-20,9.7351,9.9655,9.7305,9.7628,5638715
2021-04-22,9.8088,9.8687,9.5554,9.6752,9488297
2021-04-23,9.7305,9.8641,9.6246,9.6614,9506963
2021-04-26,9.6522,9.8319,9.5739,9.7121,6785819
2021-04-27,9.6844,10.0438,9.3251,9.3804,18137482
2021-04-28,9.3988,9.6983,9.2422,9.6384,13004707
2021-04-29,9.6107,9.9010,9.5831,9.8135,13057233
2021-04-30,9.7213,10.0208,9.6614,9.7259,13600507
2021-05-03,9.7167,9.9609,9.6107,9.9378,9540605
2021-05-04,9.9240,10.0116,9.7536,9.8135,16107206
2021-05-05,9.9332,10.1774,9.8319,10.0300,12622918
2021-05-06,9.7305,9.9194,9.2468,9.3435,30840492
2021-05-07,9.3665,9.3850,9.1131,9.3712,16073780
2021-05-10,9.2836,9.4403,9.0809,9.1500,14485199
2021-05-11,9.0763,9.0763,8.8644,8.9565,16777670
2021-05-12,8.9150,9.0717,8.7400,9.0026,17194404
2021-05-13,9.0026,9.2468,8.9934,9.1131,17793242
2021-05-14,9.2375,9.2698,9.1131,9.1961,11315849
2021-05-17,9.1638,9.4587,9.1131,9.3988,9961897
2021-05-18,9.6107,9.6107,9.2053,9.2882,12676312
2021-05-19,9.3020,9.5370,9.1684,9.3665,23757532
2021-05-20,9.3665,9.3665,8.9888,9.1039,11381615
2021-05-21,9.1131,9.1408,8.7814,8.9104,11925323
2021-05-24,8.9565,8.9703,8.7676,8.8367,9769375
2021-05-25,8.8782,8.9104,8.6847,8.7077,11544836
2021-05-26,8.8275,8.9289,8.7722,8.9058,13040086
2021-05-27,8.8920,9.0164,8.7999,8.8644,12512006
2021-05-28,8.9519,8.9519,8.7077,8.7814,12034064
2021-05-31,8.7584,8.9289,8.7307,8.8920,10588735
2021-06-01,8.9795,9.6614,8.9795,9.5370,35792682
2021-06-02,9.5601,9.7443,9.4449,9.6107,15123974
2021-06-04,9.6153,9.7674,9.4909,9.7397,15983922
2021-06-07,9.7305,9.9977,9.6568,9.8273,16569737
2021-06-08,9.7213,9.8641,9.6937,9.7490,7183236
2021-06-09,9.7029,9.8365,9.4725,9.4909,9697098
2021-06-10,9.5140,9.6430,9.3712,9.4357,14041768
2021-06-11,9.4126,9.4587,9.2191,9.3251,6183074
2021-06-14,9.3804,9.5278,9.2836,9.2974,6304839
2021-06-15,9.3159,9.5232,9.1546,9.5232,15307380
2021-06-16,9.5923,9.6522,9.2375,9.2790,24889877
2021-06-17,9.2375,9.3527,9.0533,9.1085,12204014
2021-06-18,9.1131,9.1592,8.9565,9.0302,12007367
2021-06-21,9.0579,9.1730,8.9841,9.0855,7985449
2021-06-22,9.0256,9.0763,8.8874,8.9980,8110904
2021-06-23,8.9565,9.0302,8.8137,8.8229,9331587
2021-06-24,8.9150,8.9519,8.7906,8.9104,9532792
2021-06-25,8.8920,8.9381,8.6386,8.7492,11835464
2021-06-28,19.1000,19.4000,19.0100,19.1900,10991700
2021-06-29,19.1100,19.1500,18.5100,18.5300,9735800
2021-06-30,18.5100,18.6000,18.2000,18.3900,5319900
2021-07-01,18.3900,18.4500,17.9600,18.1800,5649600
2021-07-02,18.3000,19.2000,18.2100,18.9500,8813300
2021-07-05,18.8400,18.9400,18.5800,18.7900,2156900
2021-07-06,18.5900,18.6800,18.2400,18.5000,5494700
2021-07-07,18.7000,19.4200,18.4400,19.1000,9825900
2021-07-08,18.7500,19.1000,18.5100,19.0600,9724800
2021-07-12,19.1200,19.5500,19.0900,19.3900,8681000
2021-07-13,19.2900,19.5000,19.1600,19.4000,5285700
2021-07-14,19.5500,19.9300,19.5500,19.6700,15301400
2021-07-15,19.6200,19.7200,19.2700,19.2800,6867600
2021-07-16,19.4300,19.5600,19.0100,19.0100,3786300
2021-07-19,18.8200,18.9000,18.5500,18.7600,4569600
2021-07-20,18.7000,18.8400,18.4800,18.6600,3502900
2021-07-21,18.7000,18.7900,18.4600,18.6400,6349900
2021-07-22,18.6500,18.7400,18.3600,18.6000,5741100
2021-07-23,18.6000,18.7400,18.2200,18.3600,3565600
2021-07-26,18.4100,18.4400,18.0600,18.2200,3931300
2021-07-27,18.0600,18.1700,17.8500,18.0900,6061200
2021-07-28,18.1900,18.6000,17.9800,18.4000,4807700
2021-07-29,18.3700,18.6200,18.2800,18.4500,3308400
2021-07-30,18.2500,18.4400,17.6800,17.6800,5519000
2021-08-02,18.0200,18.1100,17.4600,17.4600,8315500
2021-08-03,17.5100,17.5900,17.0200,17.4400,5213500
2021-08-04,17.3300,17.5800,16.9100,17.3100,9164900
2021-08-05,17.5300,17.7100,17.0000,17.0000,6398400
2021-08-06,17.1000,17.3500,16.9600,17.1000,5457500
2021-08-09,16.9700,17.8700,16.9600,17.7500,12278700
2021-08-10,17.7600,17.8200,17.3000,17.3900,4239800
2021-08-11,17.3700,17.5400,16.7500,17.3500,13911300
2021-08-12,16.1400,16.1400,15.1000,15.2100,36502500
2021-08-13,15.3300,15.7400,15.1700,15.5900,12483200
2021-08-16,15.6500,16.3200,15.4100,15.7600,14158000
2021-08-17,15.7300,16.1900,15.4300,16.1000,12568800
2021-08-18,16.0500,16.0500,15.3000,15.3000,10282500
2021-08-19,15.1300,15.5800,14.9200,15.3700,7067100
2021-08-20,15.0300,15.4000,14.9400,15.3700,5032300
2021-08-23,15.3900,15.4100,15.0700,15.0900,4367100
2021-08-24,15.2700,15.6400,15.1800,15.4700,5403500
2021-08-25,15.4800,15.6000,15.1700,15.4400,4910700
2021-08-26,15.4000,15.4400,14.6300,14.6300,12051800
2021-08-27,14.7400,15.0400,14.5500,14.6600,9134000
2021-08-30,14.6600,14.8200,14.5000,14.6100,7328900
2021-08-31,14.6600,15.0400,14.3000,14.4400,9127700
2021-09-01,14.4800,14.6500,14.2800,14.5000,6276900
2021-09-02,14.5400,15.0300,14.2200,14.3800,11128200
2021-09-03,14.4800,14.8300,14.3200,14.7600,11996200
2021-09-06,14.6600,14.9700,14.5900,14.9700,2161900
2021-09-08,14.9400,14.9400,14.0800,14.1300,13136600
2021-09-09,14.1000,14.8200,13.9100,14.5600,11144500
2021-09-10,14.7000,14.9300,14.2800,14.2800,10367200
2021-09-13,14.6500,14.9600,14.5100,14.8900,4612100
2021-09-14,14.8500,15.1600,14.5100,14.5100,6335000
2021-09-15,14.5600,14.7200,14.2300,14.2800,4656000
2021-09-16,14.2400,14.4900,14.1900,14.4000,5076300
2021-09-17,14.3900,14.4400,13.8200,13.8900,14767700
2021-09-20,13.7900,13.8000,13.4400,13.6700,7786600
2021-09-21,13.7000,14.3600,13.6300,14.1700,5719600
2021-09-22,14.3000,14.8300,14.2700,14.6100,8265700
2021-09-23,15.0200,16.2200,15.0100,16.0000,25287700
2021-09-24,15.6500,15.9700,15.5800,15.7700,4779400
2021-09-27,15.5600,15.8200,15.1300,15.4000,5868200
2021-09-28,15.4200,15.4800,14.8900,14.9900,8327600
2021-09-29,15.1000,15.3900,14.9400,14.9500,5595500
2021-09-30,14.9500,15.2500,14.7400,14.7400,7819700
2021-10-01,14.9100,15.2800,14.7400,15.0800,6312200
2021-10-04,14.7800,15.0100,14.5500,14.7100,9367600
2021-10-05,14.8800,15.0400,14.6300,14.7000,10963400
2021-10-06,14.3600,14.7300,13.9600,14.3200,8480300
2021-10-07,14.3400,14.4600,14.1100,14.1100,8344700
2021-10-08,14.3200,14.9500,14.2600,14.7000,13535500
2021-10-11,14.6200,15.1300,14.4500,14.8800,8254200
2021-10-13,14.9100,15.3700,14.8600,15.1700,6503000
2021-10-14,15.1700,15.1700,14.7700,14.9300,3917200
2021-10-15,14.7600,15.1800,14.4400,15.0800,8063800
2021-10-18,14.9500,15.6100,14.9300,15.4200,7572300
2021-10-19,15.2800,15.2800,14.5300,14.6100,7485900
2021-10-20,14.7000,15.1000,14.6100,14.8100,6139900
2021-10-21,14.6100,14.7300,13.6000,13.9600,12436300
2021-10-22,13.6400,13.8900,12.7000,13.5000,18831900
2021-10-25,13.6200,13.9600,13.4400,13.7200,7682700
2021-10-26,13.5800,13.6700,13.1900,13.2300,8393400
2021-10-27,13.2800,13.9900,13.2700,13.7400,6601100
2021-10-28,13.5200,13.7900,13.2700,13.3700,6419400
2021-10-29,13.4200,13.4800,13.0200,13.0500,5630700
2021-11-01,13.3500,13.3500,12.7700,13.0200,6517700
2021-11-03,13.0200,13.6600,12.8300,13.4700,7483500
2021-11-04,13.2800,13.3100,12.1400,12.3800,18307800
2021-11-05,12.5000,12.8000,12.1200,12.4600,12968200
2021-11-08,12.2400,12.6600,12.2000,12.4600,7073200
2021-11-09,12.4800,13.2500,12.4600,13.0200,5800100
2021-11-10,12.8900,13.1500,12.8700,12.9700,6079600
2021-11-11,13.1700,13.6600,13.0400,13.4300,7407400
2021-11-12,13.3400,13.5800,13.0000,13.4800,9157700
2021-11-16,13.6100,13.7100,13.0100,13.2600,8675100
2021-11-17,13.4200,13.5800,13.0200,13.3700,8205400
2021-11-18,13.4100,13.6200,13.1900,13.5200,9715400
2021-11-19,13.5000,13.9000,13.3900,13.5900,8008200
2021-11-22,13.6700,13.9900,13.2200,13.2300,9229300
2021-11-23,13.3600,13.9100,13.2100,13.8900,7031900
2021-11-24,13.7100,14.0500,13.5100,13.8400,8642900
2021-11-25,13.9200,14.4400,13.9100,14.1400,5578300
2021-11-26,13.8600,13.8600,13.4000,13.6400,5319700
2021-11-29,13.8400,14.4400,13.8100,14.1900,7656000
2021-11-30,14.2000,14.4300,13.6900,14.4300,19995600
2021-12-01,14.6000,14.7200,13.8600,13.9200,8231500
2021-12-02,14.2500,14.5200,13.8300,14.2500,14770400
2021-12-03,14.2500,15.1500,14.2500,14.7400,12469200
2021-12-06,14.8100,15.0300,14.5900,14.9700,10202500
2021-12-07,15.1400,15.1500,14.7000,14.8900,10744900
2021-12-08,15.0100,15.4700,14.7800,15.3700,9621300
2021-12-09,15.2700,15.3700,14.8500,15.0300,6533900
2021-12-10,15.2000,15.5000,15.1200,15.2800,3984100
2021-12-13,15.3200,15.7500,15.1000,15.5500,11471600
2021-12-14,15.4800,15.8000,15.1800,15.2700,7493100
2021-12-15,15.2700,15.3500,14.8500,15.2100,9363800
2021-12-16,15.2700,15.4800,15.1300,15.3400,4912700
2021-12-17,15.1400,15.3200,14.9500,15.1900,14756400
2021-12-20,15.0000,15.0300,14.1700,14.3200,8381200
2021-12-21,14.3600,14.4900,14.1500,14.2100,4513500
2021-12-22,14.2000,14.3200,14.0000,14.2700,2867900
2021-12-23,14.3200,14.4000,14.1600,14.2700,2238400
2021-12-27,14.4000,14.6000,14.2200,14.5600,5340800
2021-12-28,14.6100,14.7200,14.3500,14.6100,3777100
2021-12-29,14.7200,14.7700,14.2800,14.4000,3591300
2021-12-30,14.4300,14.8600,14.3800,14.5400,8871300
2022-01-03,14.5400,14.9200,14.0800,14.1200,7856600
2022-01-04,14.3100,14.3100,13.4800,13.5900,7254500
2022-01-05,13.4900,13.7000,13.1800,13.2300,10312000
2022-01-06,13.1900,13.3300,12.9900,13.0400,5933600
2022-01-07,12.9700,13.2100,12.7700,12.9500,5583600
2022-01-10,12.9500,12.9900,12.4600,12.7800,5035400
2022-01-11,12.6600,13.0600,12.6300,12.9900,5720200
2022-01-12,12.9200,13.5500,12.8700,13.5000,8118600
2022-01-13,13.4000,13.6200,13.3100,13.3800,4836800
2022-01-14,13.3000,13.3800,12.9100,13.1600,7014900
2022-01-17,13.0500,13.1500,12.8200,12.8600,3457000
2022-01-18,12.8000,12.9500,12.5700,12.8200,4463300
2022-01-19,12.9700,13.4000,12.8900,13.2300,5502500
2022-01-20,13.3400,13.8600,13.3000,13.6500,5942700
2022-01-21,13.5800,14.0400,13.5400,13.8500,5863800
2022-01-24,13.8900,13.9400,13.3700,13.4600,6055100
2022-01-25,13.4500,14.0700,13.4000,14.0100,8031700
2022-01-26,14.1300,14.8300,14.0200,14.3000,12434400
2022-01-27,14.4500,15.1600,14.3700,15.1200,9994800
2022-01-28,14.8500,15.2400,14.7100,15.1600,6392600
2022-01-31,15.1200,15.4000,14.9900,15.1100,4778400
2022-02-01,15.1000,15.2000,14.8100,14.8400,4031300
2022-02-02,14.8400,15.0000,14.3700,14.3900,5389400
2022-02-03,14.4400,15.0000,14.4100,14.8500,6936700
2022-02-04,14.8000,14.8600,14.3500,14.5200,5738300
2022-02-07,14.5000,14.5600,14.0100,14.0500,5707100
2022-02-08,14.0000,14.2200,13.6900,14.1600,6809800
2022-02-09,14.2200,14.4300,13.8000,14.3400,5287400
2022-02-10,14.3400,14.6300,14.0200,14.5100,5188100
2022-02-11,14.5600,14.8600,14.3500,14.5300,7125100
2022-02-14,14.5500,14.9200,14.4800,14.6200,4354600
2022-02-15,14.7000,15.1700,14.6500,15.1300,5731500
2022-02-16,15.1600,15.8000,15.1000,15.8000,8601000
2022-02-17,15.6500,15.8400,15.3800,15.5100,5515000
2022-02-18,15.5300,15.5900,14.9500,15.0400,7037700
2022-02-21,15.0500,15.2400,14.8700,15.1000,2656800
2022-02-22,15.2400,15.6200,15.1400,15.3200,9442300
2022-02-23,15.3700,15.4300,14.9200,14.9200,5762800
2022-02-24,14.7100,15.6900,14.5200,15.4600,10565500
2022-02-25,15.4400,15.7100,14.8100,14.8100,24888200
2022-03-02,14.7900,14.8500,14.3100,14.3100,9058100
2022-03-03,14.2500,14.5400,13.9400,14.1900,8731100
2022-03-04,14.0300,14.2800,13.8000,13.9400,6982200
2022-03-07,13.7700,13.7900,12.9400,13.0300,6628700
2022-03-08,12.9900,13.2500,12.7600,12.9100,6001700
2022-03-09,13.0300,13.6000,12.7600,13.5000,5177100
2022-03-10,13.0900,13.2400,12.7800,12.9900,5765800
2022-03-11,13.1400,13.1400,12.3100,12.3300,6481300
2022-03-14,12.3900,12.6600,12.1700,12.2000,4538000
2022-03-15,12.1600,12.4700,11.8600,12.3900,10230200
2022-03-16,12.5400,12.6100,11.9500,12.3100,6755200
2022-03-17,12.3000,12.8000,12.2100,12.7900,8325400
2022-03-18,12.6400,13.3900,12.5700,13.3900,9340100
2022-03-21,13.3800,13.5900,13.3000,13.5000,4614200
2022-03-22,13.6100,14.0100,13.5400,13.9500,5166800
2022-03-23,14.0000,14.1400,13.7000,14.0200,3848300
2022-03-24,14.1500,14.8300,14.0400,14.7500,5584500
2022-03-25,14.7600,15.1000,14.7100,14.8800,6677600
2022-03-28,14.9200,14.9300,14.4200,14.5600,3333400
2022-03-29,14.7500,15.1000,14.6700,14.7400,4961900
2022-03-30,14.8200,14.8200,14.4700,14.5500,2606900
2022-03-31,14.6000,14.6100,14.1400,14.1500,4878700
2022-04-01,14.3100,14.6800,14.3100,14.6300,3816000
2022-04-04,14.6400,14.6700,14.3600,14.3700,2345600
2022-04-05,14.3100,14.6700,14.1500,14.1600,4167300
2022-04-06,14.0300,14.1500,13.6700,13.9200,4266600
2022-04-07,13.7300,13.8800,13.5300,13.6600,3726100
2022-04-08,13.5600,13.9000,13.4200,13.7300,3434400
2022-04-11,13.5900,13.8400,13.5000,13.7000,2516300
2022-04-12,13.9000,14.2700,13.8200,14.1400,6932700
2022-04-13,14.3100,15.0000,14.2800,14.7100,19853900
2022-04-14,14.6400,15.0200,14.4800,15.0200,15058600
2022-04-18,15.0000,15.0600,14.6300,14.8900,5695400
2022-04-19,14.8000,14.9600,14.4400,14.5300,7113900
2022-04-20,14.6500,14.6500,14.2800,14.4500,4082100
2022-04-22,14.0900,14.6900,13.9400,14.1900,5784200
2022-04-25,14.1600,14.2900,13.8200,14.1000,11035300
2022-04-26,13.9200,14.0200,13.2200,13.3000,10000700
2022-04-27,13.4300,13.7400,13.3300,13.4600,11878100
2022-04-28,13.5000,13.9000,13.4700,13.7700,16568700
2022-04-29,13.9000,14.1300,13.0700,13.0700,14777600
2022-05-02,13.0000,13.0900,12.3500,12.5800,11564600
2022-05-03,12.5600,12.5700,12.1600,12.3600,7547100
2022-05-04,12.2800,12.9100,12.1600,12.8700,12345900
2022-05-05,12.5800,12.8800,12.3300,12.5100,6431100
2022-05-06,12.5100,12.5700,12.1300,12.2000,6451200
2022-05-09,12.0100,12.0900,11.5600,11.9900,11426200
2022-05-10,12.0300,12.3800,11.9600,12.2800,9091000
2022-05-11,12.2700,12.7300,12.0700,12.2200,10346400
2022-05-12,12.3600,13.0000,12.3000,12.8500,13978900
2022-05-13,12.9000,13.4000,12.9000,13.0800,7203800
2022-05-16,13.1200,13.9000,13.0600,13.7500,15297800
2022-05-17,13.8900,14.5800,13.6600,14.4000,10131400
2022-05-18,14.2100,14.2400,13.2100,13.2900,15126200
2022-05-19,13.3000,13.4300,13.0800,13.1800,4552400
2022-05-20,13.2900,13.6400,13.1100,13.6300,6883400
2022-05-23,13.7600,13.8000,13.3800,13.6900,5733100
2022-05-24,13.2700,13.6600,13.1000,13.5700,8864700
2022-05-25,13.4600,13.9200,13.3300,13.7900,5114000
2022-05-26,13.8100,14.5000,13.7800,14.3800,5933400
2022-05-27,14.4100,14.4800,14.2000,14.2700,3191000
2022-05-30,14.3400,14.3900,14.0600,14.2000,3797400
2022-05-31,14.2900,14.5300,14.2200,14.3700,10676400
2022-06-01,14.3300,14.5000,14.0700,14.1200,5047900
2022-06-02,14.3200,14.3200,13.9200,14.0200,9220100
2022-06-03,13.9300,13.9400,13.4800,13.6300,7344500
2022-06-06,13.7500,13.9000,13.2200,13.3200,6173700
2022-06-07,13.2800,13.3500,12.9400,13.2600,7011100
2022-06-08,13.1200,13.1900,12.8200,12.9800,7310400
2022-06-09,12.9900,13.2200,12.6900,12.9700,7104700
2022-06-10,12.7400,12.8900,12.5600,12.7500,5422800
2022-06-13,12.6200,12.6400,12.1100,12.2400,7899000
2022-06-14,12.2200,12.3600,12.0600,12.2100,4511000
2022-06-15,12.3800,12.5200,12.1800,12.5000,9387000
2022-06-17,12.2800,12.3200,11.8300,12.1900,13926900
2022-06-20,12.2200,12.2600,11.8700,12.0200,3762100
2022-06-21,12.0300,12.2800,12.0000,12.1800,5354800
2022-06-22,12.0000,12.7800,12.0000,12.5800,11795600
2022-06-23,12.6000,12.6700,11.9700,12.0700,6010800
2022-06-24,12.2000,12.4000,12.0200,12.1700,6397900
2022-06-27,12.2500,12.6700,12.2500,12.5400,5331100
2022-06-28,12.6900,12.8000,12.4700,12.7100,5759900
2022-06-29,12.8200,12.8200,12.4600,12.5600,5271000
2022-06-30,12.3000,12.5000,12.1500,12.3100,4449300
2022-07-01,12.1700,12.3100,12.0700,12.1400,3233700
2022-07-04,12.0500,12.2200,11.8100,11.8700,2892600
2022-07-05,11.7600,11.7700,11.4600,11.7400,4865300
2022-07-06,11.6500,11.9700,11.6000,11.8200,3403500
2022-07-07,11.9700,12.1400,11.8400,11.8700,4123800
2022-07-08,11.9400,12.0300,11.7000,11.9300,4508700
2022-07-11,11.7900,12.0400,11.6000,11.8500,4926600
2022-07-12,11.9300,12.1400,11.7300,12.0500,7467700
2022-07-13,11.9800,12.1700,11.8600,12.0100,7181500
2022-07-14,11.8400,12.0400,11.7100,11.9300,3101500
2022-07-15,11.9400,12.0600,11.7300,11.8700,2676800
2022-07-18,12.0000,12.2900,11.9400,12.0200,3621500
2022-07-19,12.0000,12.2400,11.9600,12.0100,3368600
2022-07-20,11.9600,12.7900,11.9000,12.7200,7678800
2022-07-21,12.6300,12.6900,12.3700,12.6800,4018200
2022-07-22,12.6100,12.6900,12.3700,12.4600,3263700
2022-07-25,12.5200,12.8200,12.4800,12.7900,5480500
2022-07-26,12.8300,12.9100,12.3900,12.4400,5655800
2022-07-27,12.4400,12.8900,12.4200,12.8900,4099600
2022-07-28,12.7900,13.0700,12.7100,12.7700,3214400
2022-07-29,12.8100,12.9800,12.6500,12.6900,6886200
2022-08-01,12.6300,12.9800,12.6000,12.9000,2710200
2022-08-02,12.9500,13.1200,12.7700,12.9900,4962600
2022-08-03,13.0500,13.4800,12.9300,13.4600,4569800
2022-08-04,14.0600,14.0900,13.1000,13.4200,14008100
2022-08-05,13.4000,13.4900,13.1300,13.3000,5008100
2022-08-08,13.3900,13.6400,13.2800,13.5000,5068000
2022-08-09,13.5100,13.6900,13.4000,13.6600,3768600
2022-08-10,13.8100,14.2300,13.7400,14.0300,7114700
2022-08-11,14.0800,14.2500,13.5400,13.6000,6433100
2022-08-12,13.7800,14.2100,13.7200,14.1600,7253800
2022-08-15,14.0500,14.1800,13.8800,13.9500,5913800
2022-08-16,13.9900,14.0400,13.5400,13.7300,7890900
2022-08-17,13.6300,13.7800,13.5500,13.7000,11705300
2022-08-18,13.8000,13.8600,13.6200,13.7300,4786000
2022-08-19,13.6000,13.7400,13.3900,13.5700,4263200
2022-08-22,13.4400,13.7500,13.3300,13.5800,6573100
2022-08-23,13.6500,13.9300,13.5900,13.7200,6472900
2022-08-24,13.6800,14.2700,13.6800,14.1900,6198400
2022-08-25,14.3000,14.4200,13.9600,14.0500,3708300
2022-08-26,14.1100,14.2000,13.9400,14.0300,2382500
2022-08-29,13.9900,14.5000,13.9100,14.1300,6350100
2022-08-30,14.1500,14.2600,13.8200,13.9000,5902900
2022-08-31,13.9600,14.1000,13.5300,13.5300,10591200
2022-09-01,13.5600,13.8500,13.3900,13.6300,5232800
2022-09-02,13.6900,13.8800,13.5500,13.7000,4718500
2022-09-05,13.6700,14.0600,13.6000,13.7600,2678900
2022-09-06,13.7000,13.7000,13.3200,13.4100,4459400
2022-09-08,13.4100,13.6400,13.1900,13.3400,5658000
2022-09-09,13.4300,13.6300,13.3000,13.5100,4735500
2022-09-12,13.6000,13.7300,13.4700,13.6100,2646100
2022-09-13,13.4700,13.5000,13.2800,13.3400,4078900
2022-09-14,13.3000,13.5100,13.2300,13.3500,3621100
2022-09-15,13.3300,13.3300,12.7900,12.8600,10563900
2022-09-16,12.8100,12.8200,12.5000,12.7400,10864400
2022-09-19,12.6200,13.0600,12.5200,13.0100,4117600
2022-09-20,13.0100,13.2200,12.8300,12.9800,8546400
2022-09-21,13.1000,13.1300,12.7900,13.0000,9134600
2022-09-22,13.3000,13.3800,12.9300,13.3600,6766400
2022-09-23,13.0900,13.1900,12.5100,12.5800,6309600
2022-09-26,12.5200,12.6400,12.0100,12.1100,4637700
2022-09-27,12.0000,12.0500,11.8700,11.9800,8380100
2022-09-28,12.0300,12.0300,11.7400,11.8500,6636500
2022-09-29,11.7000,11.7800,11.3300,11.6000,6792000
2022-09-30,11.5500,11.8000,11.3600,11.7300,7986500
2022-10-03,12.1300,12.7500,12.0600,12.6700,11405100
2022-10-04,12.9500,13.1000,12.5000,12.5600,6008400
2022-10-05,12.6200,12.6900,12.1900,12.5100,6524300
2022-10-06,12.6600,12.6700,12.4400,12.5800,6002100
2022-10-07,12.4600,12.6300,12.2900,12.3900,3505000
2022-10-10,12.5000,12.5100,12.2900,12.4300,4076600
2022-10-11,12.3900,12.6700,12.3300,12.4600,5545000
2022-10-13,12.3000,12.3500,11.9600,12.2300,9893500
2022-10-14,12.2900,12.2900,12.0400,12.0700,6388000
2022-10-17,12.2000,12.7800,12.1200,12.4300,7738600
2022-10-18,12.5900,13.1300,12.5600,13.1300,13919500
2022-10-19,13.0800,13.2900,12.9700,13.1800,12095900
2022-10-20,13.3000,13.5800,13.0700,13.1600,10654600
2022-10-21,13.1700,13.6900,13.1300,13.5800,7701500
2022-10-24,13.4200,13.6500,13.0500,13.1500,5889900
2022-10-25,13.1500,13.2400,12.6100,12.6100,5205600
2022-10-26,12.5000,12.5600,12.2100,12.2100,6947400
2022-10-27,12.3300,13.0500,12.2500,12.8900,12229800
2022-10-28,12.7300,13.2000,12.7300,12.9900,5376300
2022-10-31,12.8400,13.5100,12.6300,13.4100,5480600
2022-11-01,13.4000,14.2700,13.4000,14.0000,8861500
2022-11-03,13.8000,14.3400,13.6800,14.2500,9863400
2022-11-04,14.3900,14.5700,14.0000,14.3100,4266500
2022-11-07,14.1200,14.4900,13.4500,13.5600,7685500
2022-11-08,13.4700,13.7600,13.3900,13.5300,5204400
2022-11-09,13.4100,13.8200,13.4100,13.5600,10676700
2022-11-10,13.5000,14.2900,13.1100,13.2400,21207900
2022-11-11,13.1500,14.4200,13.0300,13.9600,19396300
2022-11-14,14.0200,14.2800,13.6900,13.7200,7045200
2022-11-16,13.6700,13.7700,12.8200,12.8800,8177500
2022-11-17,12.6500,13.1700,12.4700,13.1300,7410200
2022-11-18,13.2900,13.7100,13.0800,13.1400,6738100
2022-11-21,13.2000,13.4400,12.7300,13.2200,6094400
2022-11-22,13.3000,13.6000,13.1900,13.5500,13406500
2022-11-23,13.4100,13.5400,13.0600,13.2300,5276900
2022-11-24,13.2700,14.1400,13.2700,13.9900,3603300
2022-11-25,13.9600,14.0000,13.0600,13.2000,5804500
2022-11-28,13.3600,13.4200,13.1900,13.3300,4838200
2022-11-29,13.3700,14.0800,13.3000,13.7400,9335600
2022-11-30,13.5600,14.2000,13.5200,14.2000,10498200
2022-12-01,13.9300,14.3000,13.8700,14.0100,5884300
2022-12-02,14.0400,14.5100,13.8100,14.0100,6209900
2022-12-05,13.9600,13.9700,13.4700,13.5200,4629600
2022-12-06,13.6400,13.7400,13.2800,13.4700,7368100
2022-12-07,13.4900,13.7100,13.2600,13.4200,7803200
2022-12-08,13.3700,13.3800,12.7800,12.8300,6960300
2022-12-09,12.7900,12.9000,12.6000,12.6500,4934800
2022-12-12,12.6400,12.7200,12.0800,12.3400,7988700
2022-12-13,12.4100,12.5900,12.1000,12.1600,11550100
2022-12-14,12.2500,12.5900,12.0000,12.3800,14679100
2022-12-15,12.3000,12.3400,11.7900,11.9900,10470100
2022-12-16,11.9600,12.1200,11.6600,11.7900,9749000
2022-12-19,11.8300,12.1700,11.7700,12.1500,7112600
2022-12-20,12.1300,12.7900,11.9500,12.4800,9848900
2022-12-21,12.5400,12.7500,12.3300,12.4500,7342600
2022-12-22,12.4500,12.7500,12.4000,12.6000,3772000
2022-12-23,12.6500,12.9700,12.6400,12.8400,2182500
2022-12-26,12.6800,12.8300,12.3000,12.3500,2312500
2022-12-27,12.4200,12.4900,12.1000,12.2800,3373600
2022-12-28,12.2400,12.8800,12.1300,12.7000,3989600
2022-12-29,12.7500,12.9400,12.6000,12.6100,5230000
2023-01-02,12.4000,12.5200,11.8500,11.9500,2973300
2023-01-03,11.9100,12.2300,11.7200,11.7600,5635500
2023-01-04,11.9000,12.3100,11.6300,12.0400,8393000
2023-01-05,12.1200,12.3000,11.8000,12.2000,8176200
2023-01-06,12.2000,12.4800,12.1100,12.3400,4599500
2023-01-09,12.3300,12.4000,12.1300,12.3000,3907200
2023-01-10,12.2100,12.7800,12.1200,12.7200,4617400
2023-01-11,12.7100,13.1900,12.6100,13.1400,6669800
2023-01-12,13.1200,13.5000,13.0400,13.1200,4672600
2023-01-13,12.8900,12.9900,12.5800,12.5900,4497600
2023-01-16,12.4900,12.5600,12.1500,12.3500,3308800
2023-01-17,12.4000,12.8000,12.4000,12.7200,3021100
2023-01-18,12.8700,13.1500,12.7700,12.9200,5190000
2023-01-19,12.8000,12.9900,12.5900,12.8700,6325800
2023-01-20,12.8300,12.8700,12.4700,12.6200,3108200
2023-01-23,12.6300,12.8000,12.4400,12.4400,2723900
2023-01-24,12.5400,13.0800,12.4600,12.9700,4544100
2023-01-25,12.9300,13.3000,12.7900,13.1600,4387200
2023-01-26,13.1600,13.3400,13.0400,13.1500,3448900
2023-01-27,13.1300,13.2500,12.8500,13.1100,6015300
2023-01-30,13.1000,13.1700,12.7800,12.8500,4892800
2023-01-31,12.9500,13.2900,12.9300,13.1900,6802400
2023-02-01,13.1300,13.2300,12.8500,12.8800,9573300
2023-02-02,12.8300,13.2400,12.6700,12.7700,8768600
2023-02-03,12.6900,12.6900,12.2000,12.3300,9292800
2023-02-06,12.3200,12.9000,12.2900,12.8600,7193300
2023-02-07,12.8600,12.9500,12.4400,12.6400,6579700
2023-02-08,12.6300,13.2600,12.5800,13.2200,5478500
2023-02-09,13.1800,13.3400,12.7100,12.8100,10998400
2023-02-10,12.7100,13.1700,12.7000,12.9800,4870300
2023-02-13,12.9000,13.2600,12.8700,13.0500,3496500
2023-02-14,13.0200,13.1000,12.6200,12.6700,4618800
2023-02-15,12.6500,13.3700,12.6100,13.1100,10772100
2023-02-16,12.5200,13.1200,12.4600,12.8900,22278800
2023-02-17,12.8300,13.3900,12.8300,13.2100,17101600
2023-02-22,13.2500,13.3800,12.8600,13.3800,10808600
2023-02-23,13.4000,13.8500,13.3800,13.7100,8477300
2023-02-24,13.5200,13.8500,13.4800,13.5500,9578700
2023-02-27,13.5100,13.6300,13.1000,13.4100,9008000
2023-02-28,13.4000,13.6000,13.1800,13.1800,10669100
2023-03-01,13.1900,13.3500,12.7800,12.9900,5879800
2023-03-02,12.9900,13.1600,12.8300,12.8900,8863800
2023-03-03,12.8900,13.1200,12.8200,13.0000,7510800
2023-03-06,13.0600,13.3900,12.6700,13.3900,7658500
2023-03-07,13.3000,13.4400,13.0300,13.2000,4506300
2023-03-08,13.2000,13.7700,13.1800,13.7700,7161800
2023-03-09,13.7200,14.0200,13.6600,13.6600,5430300
2023-03-10,13.5900,13.6900,13.3100,13.4900,5938000
2023-03-13,13.3900,13.4600,13.1400,13.2300,4292100
2023-03-14,13.2000,13.5200,13.0800,13.2100,4287000
2023-03-15,13.0700,13.2400,12.7800,13.1200,6693200
2023-03-16,13.1200,13.4700,13.0100,13.3400,6543000
2023-03-17,13.2500,13.4300,12.9900,13.2900,9925000
2023-03-20,13.2000,13.4500,13.1900,13.2300,6351600
2023-03-21,13.3100,13.8200,13.2000,13.6200,7283300
2023-03-22,13.6300,14.0600,13.3500,13.5800,11501500
2023-03-23,13.6000,13.8700,13.0900,13.1600,6227500
2023-03-24,13.2200,13.2900,13.0400,13.0900,5901800
2023-03-27,13.2300,13.3800,13.0500,13.3500,4589900
2023-03-28,13.2800,13.5100,12.6700,13.4400,9235200
2023-03-29,13.5500,13.7200,13.3400,13.5900,6717500
2023-03-30,13.7600,13.9200,13.3600,13.6400,9870300
2023-03-31,13.6200,14.0400,13.6100,13.9600,8556300
2023-04-03,14.0000,14.0300,13.6600,13.9700,5180700
2023-04-04,14.0500,14.3600,14.0100,14.1900,7214200
2023-04-05,14.1900,14.4400,13.9200,14.3100,7927100
2023-04-06,14.2200,14.5800,14.1000,14.4300,8863400
2023-04-10,14.5600,14.6100,14.3900,14.4500,7898000
2023-04-11,14.6000,14.8800,14.5300,14.7300,7475100
2023-04-12,14.6900,15.0600,14.5600,14.8900,11507300
2023-04-13,14.9000,14.9900,14.7300,14.7300,6748500
2023-04-14,14.6000,14.9100,14.4900,14.8100,6957400
2023-04-17,14.6300,14.7200,14.2200,14.4600,12683100
2023-04-18,14.5000,14.6800,14.3400,14.5800,8143500
2023-04-19,14.5300,14.7400,14.4300,14.5000,12205300
2023-04-20,14.5100,14.6900,14.2600,14.3600,11202100
2023-04-24,14.3500,14.6800,14.2100,14.5900,8958400
2023-04-25,14.5800,14.6600,14.4400,14.4700,7679600
2023-04-26,14.4100,14.5000,14.1100,14.1600,6730300
2023-04-27,14.1800,14.2500,14.0100,14.1700,5598400
2023-04-28,14.2000,14.5800,14.1300,14.4400,7500100
2023-05-02,14.3200,14.5900,13.9900,14.2700,12013100
2023-05-03,14.3000,14.5900,14.1600,14.4800,8511200
2023-05-04,15.6200,16.3500,15.3100,16.1900,34257300
2023-05-05,16.2800,16.4900,15.9400,16.3700,11376100
2023-05-08,16.3100,17.0000,16.2800,16.7300,8077100
2023-05-09,16.8600,17.1400,16.6200,16.7400,7039000
2023-05-10,16.7300,16.9200,16.4700,16.5700,6818000
2023-05-11,16.5100,17.5100,16.4500,17.2100,11372400
2023-05-12,16.9000,17.0100,16.7300,16.9200,6214800
2023-05-15,16.9700,17.1000,16.8000,16.9700,6480900
2023-05-16,16.9600,17.2600,16.8500,16.9100,6752700
2023-05-17,16.9500,17.3100,16.9100,17.2000,5549800
2023-05-18,17.1900,17.7500,17.1900,17.6200,9822300
2023-05-19,17.7600,17.7800,17.3000,17.5200,9192600
2023-05-22,17.4000,17.7200,17.1500,17.4000,7025000
2023-05-23,17.4700,17.5700,17.2200,17.2500,4270300
2023-05-24,17.1000,17.6900,16.9900,17.4400,9553800
2023-05-25,17.6800,18.0200,17.0600,17.0900,9244600
2023-05-26,17.2800,17.3200,16.6100,16.8200,6415900
2023-05-29,16.8900,16.9400,16.7100,16.9300,4341800
2023-05-30,17.1100,17.2400,16.6900,16.9700,6388400
2023-05-31,16.9700,16.9900,16.7400,16.9300,12300700
2023-06-01,16.9200,17.6500,16.8800,17.6500,10998600
2023-06-02,17.8800,18.3300,17.8400,18.0000,11042800
2023-06-05,17.8500,18.1400,17.8400,17.9900,3628200
2023-06-06,18.1400,18.2300,17.7300,17.8800,8241200
2023-06-07,18.0000,18.0800,17.4800,17.7200,9787700
2023-06-09,17.8800,18.2600,17.7400,18.1000,7848200
2023-06-12,18.2200,18.2300,17.8900,17.9300,4408000
2023-06-13,17.9700,18.0100,17.7000,17.8200,6090100
2023-06-14,17.9900,18.0700,17.7100,18.0000,8333100
2023-06-15,17.9700,18.0700,17.8200,17.9100,5071400
2023-06-16,17.7500,17.9300,17.6000,17.6400,8666900
2023-06-19,17.6300,17.9500,17.5400,17.9100,2265100
2023-06-20,17.9000,18.1800,17.7400,18.1800,6481500
2023-06-21,18.0700,18.4700,18.0700,18.3300,4759300
2023-06-22,18.1100,18.2000,17.7800,18.1100,7209000
2023-06-23,18.0100,18.1400,17.7600,18.1100,5326000
2023-06-26,18.1600,18.1600,17.9500,18.0900,4876000
2023-06-27,18.1100,18.1400,17.5600,17.8300,8565300
2023-06-28,17.8100,18.0700,17.7000,17.8600,3707300
2023-06-29,17.8900,19.0100,17.8900,18.7500,11548600
2023-06-30,18.9000,19.1300,18.7600,18.8900,7545400
2023-07-03,18.9300,19.1800,18.8500,18.9100,4275400
2023-07-04,18.9400,19.0100,18.6600,18.7200,1792500
2023-07-05,18.6900,19.0300,18.5800,18.8500,5174800
2023-07-06,18.7600,18.8900,18.3400,18.4500,4366500
2023-07-07,18.6200,19.3900,18.5200,19.3000,9481100
2023-07-10,19.2000,19.5400,19.1100,19.4100,4898100
2023-07-11,19.2900,19.2900,18.6900,19.2300,7491100
2023-07-12,19.2100,19.5000,19.1400,19.2700,4319900
2023-07-13,19.3200,19.9300,19.3200,19.7900,7125100
2023-07-14,19.7000,19.8800,19.5200,19.7400,7070100
2023-07-17,19.6800,19.9300,19.5200,19.7400,6453800
2023-07-18,19.6600,19.7600,19.1600,19.3700,5519900
2023-07-19,19.2500,19.2700,18.5600,18.8800,4857600
2023-07-20,19.0600,19.0600,18.5000,18.8700,3883700
2023-07-21,18.9900,19.2700,18.8200,19.0900,3453800
2023-07-24,18.9000,19.4600,18.8300,19.4600,5489300
2023-07-25,19.8800,19.9000,19.1500,19.3200,3260000
2023-07-26,19.2400,19.3200,18.7600,18.9700,4753300
2023-07-27,19.0000,19.1700,18.6800,18.7000,4133000
2023-07-28,18.9100,18.9800,18.6500,18.8800,2599400
2023-07-31,18.9500,19.0500,18.8100,18.8900,2961600
2023-08-01,18.6300,19.0700,18.5800,18.9800,3551600
2023-08-02,18.9800,19.1500,18.7500,19.0600,2970700
2023-08-03,19.1300,19.3000,18.8800,19.0300,3492400
2023-08-04,18.9400,19.5600,18.9000,19.0500,4686500
2023-08-07,18.9400,19.4100,18.9400,19.2600,2622800
2023-08-08,19.0400,19.4900,18.8400,19.2900,3860500
2023-08-09,19.2800,19.3100,18.8100,19.1700,6825200
2023-08-10,19.1200,19.1200,17.9700,18.5000,12467300
2023-08-11,18.5200,18.9100,18.4400,18.6100,3516400
2023-08-14,18.6100,18.8600,18.4700,18.5900,3719800
2023-08-15,18.5700,19.6400,18.3300,18.7400,9066500
2023-08-16,18.5800,19.1400,18.5800,18.7300,5797600
2023-08-17,18.7700,19.0000,18.5300,18.5800,6081300
2023-08-18,18.3400,18.5200,18.1300,18.3000,4166500
2023-08-21,18.0000,18.3400,17.9300,18.2500,4039600
2023-08-22,18.2500,18.5600,18.1100,18.5200,4167800
2023-08-23,18.3500,18.6300,18.3200,18.5800,5085900
2023-08-24,18.4700,18.6500,18.3900,18.4600,2333400
2023-08-25,18.4600,18.6200,18.3600,18.5100,3152600
2023-08-28,18.6400,18.7000,18.2900,18.6100,2504000
2023-08-29,18.6900,18.8500,18.5500,18.8500,2716100
2023-08-30,18.9100,18.9400,18.7100,18.7300,1877700
2023-08-31,18.7100,18.7700,18.0900,18.1600,5659300
2023-09-01,18.2600,18.5800,18.2600,18.4100,3948800
2023-09-04,18.2700,18.5400,18.1900,18.3400,2268200
2023-09-05,18.2000,18.5000,18.1600,18.3300,3176700
2023-09-06,18.3200,18.6600,18.1900,18.3400,4069700
2023-09-08,18.3000,18.6000,18.2300,18.3800,5583700
2023-09-11,18.3800,18.9600,18.3800,18.9600,4983500
2023-09-12,19.0000,19.2000,18.8900,19.1100,5481600
2023-09-13,18.8200,18.9100,18.2900,18.3300,11648000
2023-09-14,18.3300,18.9000,18.3300,18.7500,4663800
2023-09-15,18.7600,19.2700,18.7600,19.0400,6929500
2023-09-18,19.1500,19.4700,19.0600,19.1700,5346800
2023-09-19,19.1500,19.1900,18.6100,18.7500,4355400
2023-09-20,18.8500,19.2400,18.8400,18.9600,3374200
2023-09-21,18.6500,19.0100,18.5800,18.7200,7087800
2023-09-22,18.7500,18.8400,18.5000,18.6300,7882500
2023-09-25,18.6300,18.7600,18.4200,18.6300,3029600
2023-09-26,18.5600,18.5800,18.1000,18.1000,5314000
2023-09-27,18.1700,18.4500,18.0200,18.3000,5126700
2023-09-28,18.2700,18.7200,18.1200,18.5900,5330300
2023-09-29,18.8300,18.8600,18.5600,18.7500,4941000
2023-10-02,18.6300,18.7900,18.2900,18.2900,2895300
2023-10-03,18.2400,18.8300,18.1400,18.2700,5787600
2023-10-04,18.3200,18.6400,18.1300,18.4500,7685600
2023-10-05,18.4900,18.5600,18.1100,18.3000,4458400
2023-10-06,18.1600,18.5200,17.8700,18.5100,5479600
2023-10-09,18.5200,19.0000,18.4900,18.9600,5505500
2023-10-10,19.0000,19.5300,18.9200,19.5300,5289300
2023-10-11,19.5500,19.8800,19.5500,19.7800,6943500
2023-10-13,19.8400,19.9900,19.6400,19.8500,6431500
2023-10-16,19.9600,20.2900,19.8700,20.2100,4886900
2023-10-17,20.0500,20.1700,19.6900,19.8200,4035000
2023-10-18,19.6900,19.9400,19.5100,19.7600,7584200
2023-10-19,19.8100,20.0400,19.6200,19.7400,6768600
2023-10-20,19.6700,20.0800,19.5700,19.8100,6484800
2023-10-23,19.7800,19.8200,19.6100,19.7300,6651200
2023-10-24,19.8500,19.9900,19.6700,19.9000,6695200
2023-10-25,19.9500,20.3100,19.9100,20.1700,4952600
2023-10-26,20.2000,21.2000,20.1800,21.0000,9456200
2023-10-27,20.9500,21.1400,20.2600,20.4700,4648900
2023-10-30,20.6000,20.7800,20.0900,20.3900,5004000
2023-10-31,20.4600,20.7000,20.3000,20.4500,3889500
2023-11-01,20.6200,21.2500,20.5500,21.2100,8888200
2023-11-03,21.5100,21.8000,21.2900,21.3400,8253100
2023-11-06,21.4700,21.8400,21.3700,21.8400,3902900
2023-11-07,21.8000,22.5700,21.7800,22.0000,11335700
2023-11-08,21.9700,23.6000,21.9000,23.6000,7463400
2023-11-09,23.9000,24.4400,23.0600,23.4400,19308800
2023-11-10,23.5000,23.8800,22.9700,23.4200,12855700
2023-11-13,23.3900,23.9400,23.3800,23.9400,8821300
2023-11-14,24.0000,24.8300,23.8800,24.5000,8252800
2023-11-16,24.6700,24.9100,24.3800,24.6600,13753800
2023-11-17,24.7200,24.9200,24.2800,24.6200,7402200
2023-11-20,24.6100,25.2600,24.4000,25.1600,5407200
2023-11-21,24.9500,25.0500,24.4900,24.7800,5014700
2023-11-22,24.8000,24.8800,24.2000,24.5300,9460500
2023-11-23,24.4800,24.5900,24.2300,24.4500,4276200
2023-11-24,24.4500,24.4800,24.1400,24.3400,3597100
2023-11-27,24.5200,24.8500,24.0800,24.4500,6982400
2023-11-28,24.5000,25.0500,24.2400,24.9500,9524500
2023-11-29,24.9200,25.0000,24.4500,24.7200,8436700
2023-11-30,24.9800,25.5000,24.7000,25.2500,12454500
2023-12-01,25.2100,25.7600,25.0500,25.5900,3904200
2023-12-04,25.4900,25.5900,25.2000,25.4800,4896000
2023-12-05,25.5000,25.5700,24.5200,24.9200,9847400
2023-12-06,24.9200,25.7000,24.9100,25.5500,8460200
2023-12-07,25.5400,25.7700,25.3100,25.5000,4967900
2023-12-08,25.6800,25.9300,25.4000,25.9000,5747600
2023-12-11,25.7000,26.0400,25.6900,25.9200,2339800
2023-12-12,25.7800,26.0300,25.3200,25.4400,4110400
2023-12-13,25.3600,25.8500,25.3400,25.7600,5941000
2023-12-14,26.0000,26.1900,25.8100,26.0200,6224800
2023-12-15,26.1100,26.2800,25.2700,25.4200,6630300
2023-12-18,25.4500,25.8000,25.4500,25.7000,4836700
2023-12-19,25.6900,26.0500,25.6900,26.0300,5188300
2023-12-20,26.0300,26.2600,25.7500,25.7500,5476000
2023-12-21,25.8600,26.3400,25.5900,26.2600,5556100
2023-12-22,26.3500,26.5000,26.0300,26.3000,3788600
2023-12-26,26.2900,26.4200,26.0700,26.3700,3141600
2023-12-27,26.3600,26.5300,26.0500,26.4200,3593600
2023-12-28,26.4700,26.5900,26.3200,26.5100,3931100
2024-01-02,26.2400,26.6500,26.1100,26.5800,4732900
2024-01-03,26.4900,26.9400,26.3800,26.5300,4442100
2024-01-04,26.4500,26.5800,25.7300,26.4900,4688900
2024-01-05,26.4900,27.2600,26.3300,27.1000,4852400
2024-01-08,27.1200,27.5000,26.7400,26.8000,7431300
2024-01-09,26.6600,27.1700,26.5100,27.1300,4238500
2024-01-10,27.0100,27.3500,26.9500,27.1000,3096600
2024-01-11,27.0000,27.3100,26.6400,27.3100,4782900
2024-01-12,27.1500,27.9800,27.0300,27.9100,7635000
2024-01-15,27.8500,28.0600,27.6300,28.0600,1409400
2024-01-16,27.8600,27.9700,27.0400,27.2600,7354100
2024-01-17,27.0600,27.7500,27.0600,27.7100,5159600
2024-01-18,27.7100,27.7100,26.9600,27.4000,4586400
2024-01-19,27.5000,27.8200,27.1900,27.6600,5912100
2024-01-22,27.6500,27.8000,27.3500,27.6500,3560200
2024-01-23,27.7900,27.9500,27.3600,27.9500,4045400
2024-01-24,27.9400,27.9900,27.4700,27.8200,5766400
2024-01-25,27.8200,27.9700,27.5200,27.9500,3488300
2024-01-26,27.9500,28.3900,27.8400,28.3100,3700900
2024-01-29,28.4000,28.6100,27.8000,27.9300,2873900
2024-01-30,27.8500,27.9000,27.6200,27.8200,9390100
2024-01-31,28.0100,28.4400,27.8500,28.1700,4774100
2024-02-01,28.2500,28.5300,28.1100,28.4600,4870500
2024-02-02,28.3000,28.4900,27.3000,27.6400,5734100
2024-02-05,27.6400,28.2500,27.4900,28.1800,4013500
2024-02-06,28.3000,28.4100,27.8200,28.3500,7622400
2024-02-07,28.6000,29.0000,28.3700,28.9500,6459000
2024-02-08,28.8400,29.1100,28.3800,29.1100,5468900
2024-02-09,29.0000,29.8900,29.0000,29.6300,4696800
2024-02-14,29.4900,29.5800,29.0100,29.2400,2985200
2024-02-15,29.4100,29.6200,28.8900,29.4600,3584700
2024-02-16,29.6100,30.0000,29.2200,29.8300,4431500
2024-02-19,29.9000,29.9100,29.3900,29.8200,2216300
2024-02-20,29.8200,30.5300,29.6100,30.5300,7712000
2024-02-21,30.4300,31.0900,30.2300,31.0800,8730100
2024-02-22,31.2800,31.2800,30.5000,30.9700,7038400
2024-02-23,31.1000,31.1000,30.4000,30.5100,4783300
2024-02-26,30.4000,30.8700,30.4000,30.8700,3410300
2024-02-27,30.9200,31.2400,30.7800,30.8500,5671000
2024-02-28,30.7100,31.0500,30.3600,30.5400,6569400
2024-02-29,30.6900,30.9300,28.6900,29.3600,19575300
2024-03-01,29.2800,29.5000,28.9900,29.4100,5363700
2024-03-04,29.5000,29.6700,29.1200,29.2000,4928800
2024-03-05,29.2300,29.3100,28.2600,29.0000,20222200
2024-03-06,29.0400,29.3500,28.8500,29.1200,7573400
2024-03-07,29.0800,29.3800,28.7400,29.0000,11884800
2024-03-08,28.3000,29.0500,28.3000,28.8600,3885700
2024-03-11,28.5700,28.9100,28.2800,28.4100,3694200
2024-03-12,28.6700,28.7900,28.1900,28.5000,2994700
2024-03-13,28.5600,28.8100,28.2900,28.5500,3155200
2024-03-14,28.4200,28.8900,28.3400,28.7100,3220900
2024-03-15,28.4500,28.9000,28.3800,28.5000,7292400
2024-03-18,28.5000,28.6400,27.9700,28.3900,2681100
2024-03-19,28.2800,28.6400,28.2100,28.3900,2744200
2024-03-20,28.2800,28.6800,28.1000,28.6200,3946400
2024-03-21,28.5700,28.8000,28.2600,28.2600,2548600
2024-03-22,28.1000,28.2700,27.7600,27.8000,4413300
2024-03-25,27.8000,28.0800,27.6300,27.8100,3764600
2024-03-26,27.8600,27.9400,27.4100,27.4100,2900500
2024-03-27,27.6000,28.2400,27.4000,28.1300,2863100
2024-03-28,28.1500,28.6700,28.1500,28.4700,3752700
2024-04-01,28.2100,28.6400,27.9600,28.1300,2443200
2024-04-02,27.6200,28.2900,27.0700,28.0600,9615800
2024-04-03,28.0600,28.2800,27.4600,28.2500,4790700
2024-04-04,28.2600,29.1700,28.0900,28.2500,5215500
2024-04-05,28.1700,28.3000,27.7200,27.9100,3251000
2024-04-08,27.8400,28.6200,27.6800,28.5900,2682100
2024-04-09,28.7800,28.7800,28.3300,28.5900,2285900
2024-04-10,28.3700,28.6700,27.5000,27.7000,5274500
2024-04-11,27.4500,27.9200,27.4200,27.7800,2640000
2024-04-12,27.4600,27.7400,26.7700,26.9200,4500300
2024-04-15,26.9000,27.1600,26.6500,26.9100,3511200
2024-04-16,26.4800,27.2100,26.4100,26.9400,4715800
2024-04-17,26.8700,26.9200,26.5200,26.7900,3040700
2024-04-18,26.7900,26.9400,26.3300,26.5500,3280300
2024-04-19,26.6700,26.8600,26.4600,26.5700,2560800
2024-04-22,26.6600,27.0900,26.4700,26.6100,3253600
2024-04-23,26.3400,26.5400,26.0000,26.0300,3628700
2024-04-24,25.9700,26.1000,25.6100,25.6100,3036500
2024-04-25,25.6500,26.3100,25.5700,26.3100,3895000
2024-04-26,26.4100,26.7800,26.2500,26.5000,2958400
2024-04-29,26.3700,26.6300,26.3200,26.4400,1780500
2024-04-30,26.3300,26.5100,25.8500,25.8500,2815100
2024-05-02,26.2800,26.8000,26.1900,26.3400,3293500
2024-05-03,26.9700,27.1300,26.5900,26.6300,3296500
2024-05-06,26.6400,26.9400,26.1700,26.1900,5408700
2024-05-07,26.4700,26.7200,26.3100,26.6200,2542700
2024-05-08,26.5100,26.9300,26.2300,26.8000,3743100
2024-05-09,25.1300,25.5100,24.3800,25.1000,17337700
2024-05-10,24.9000,25.0300,24.4000,24.4800,7148300
2024-05-13,24.4900,24.8400,24.2200,24.4500,3864500
2024-05-14,24.5200,25.0100,24.5200,24.7600,5563200
2024-05-15,25.0100,25.2400,24.5200,25.1300,3938000
2024-05-16,25.5600,25.6800,25.0200,25.2000,2791000
2024-05-17,25.0900,25.2700,24.6400,24.8400,3211500
2024-05-20,24.7100,24.9400,24.5600,24.6500,1753900
2024-05-21,24.6300,24.8200,24.5000,24.6200,2929700
2024-05-22,24.4500,25.0800,24.4200,24.4800,5757000
2024-05-23,24.4200,24.5900,23.8700,23.8700,6645300
2024-05-24,23.8700,24.4400,23.8300,23.8400,2729500
2024-05-27,23.8400,24.1200,23.8100,23.9700,1264600
2024-05-28,24.2500,24.2500,23.8200,23.9700,3145200
2024-05-29,23.6300,23.8800,23.5800,23.6000,2461300
2024-05-31,23.4600,23.5800,23.0700,23.1700,18564600
2024-06-03,23.2300,23.3300,22.8600,23.0200,3218900
2024-06-04,22.8900,23.0300,22.4800,22.9800,5828400
2024-06-05,22.8300,23.1800,22.7600,23.0100,5016500
2024-06-06,23.0100,23.2800,22.7800,22.9200,2913000
2024-06-07,22.7000,22.8000,22.1600,22.1600,5602200
2024-06-10,22.0800,22.6700,22.0800,22.5100,2990300
2024-06-11,22.7600,22.9500,22.3800,22.7300,4156000
2024-06-12,22.7200,22.9000,21.8300,21.8300,6189900
2024-06-13,21.8300,21.9900,21.5400,21.7100,3955500
2024-06-14,22.2100,22.4500,21.6800,21.7500,4911600
2024-06-17,21.5700,21.8300,21.4000,21.5700,3383200
2024-06-18,21.5700,21.7500,21.3000,21.4700,3012800
2024-06-19,21.2800,21.7000,21.2600,21.6700,1561900
2024-06-20,21.8300,21.9200,21.3200,21.5300,3563200
2024-06-21,21.3500,21.8700,21.3500,21.5900,6131000
2024-06-24,21.8000,22.1000,21.5100,22.0700,5043800
2024-06-25,22.0100,22.0300,21.6200,21.7100,2899900
2024-06-26,21.5300,21.7400,21.3200,21.5200,4108200
2024-06-27,21.5300,22.0600,21.4900,22.0600,4151800
2024-06-28,21.9600,21.9600,21.6000,21.6000,3528100
2024-07-01,21.5700,21.8700,21.4400,21.7400,3054000
2024-07-02,21.7400,21.7700,21.3800,21.5100,2809000
2024-07-03,21.5700,22.1600,21.5600,21.8700,2893400
2024-07-04,22.1100,22.2700,21.8600,21.8700,2138900
2024-07-05,22.0000,22.2200,21.7300,22.1000,2706700
2024-07-08,22.3000,22.5900,21.7400,22.5900,3218200
2024-07-09,22.5400,23.2200,22.3800,22.9800,4626600
2024-07-10,23.2300,23.3900,22.7000,23.0000,5481700
2024-07-11,23.0500,23.2900,22.9200,23.1500,4212600
2024-07-12,23.0900,23.1900,22.6600,22.7000,3227000
2024-07-15,22.7900,22.8800,22.3100,22.4000,2864900
2024-07-16,22.4200,22.9200,22.4200,22.5400,4107100
2024-07-17,22.6800,23.2300,22.5000,23.2100,4324100
2024-07-18,22.9800,23.1400,22.5700,22.5700,3938300
2024-07-19,22.2700,23.2400,22.2500,23.2200,4652200
2024-07-22,23.2500,23.4400,22.8800,23.0800,3950500
2024-07-23,23.2500,23.3800,22.6900,22.8300,4563900
2024-07-24,22.6100,23.0600,22.6000,22.7700,3314000
2024-07-25,22.7700,22.8000,22.2200,22.2200,4412400
2024-07-26,22.1700,22.9000,22.0000,22.9000,4217300
2024-07-29,22.7000,22.8400,22.5600,22.6700,1857400
2024-07-30,22.6400,22.9300,22.4200,22.4600,3215600
2024-07-31,22.4700,22.6600,22.0000,22.2100,4788100
2024-08-01,22.2600,22.7600,22.2600,22.5300,4588400
2024-08-02,22.7000,22.9700,22.2600,22.8400,5257200
2024-08-05,22.2600,22.5000,21.7600,22.1400,9106600
2024-08-06,22.2300,22.4900,22.1000,22.1200,8325700
2024-08-07,22.3000,23.8900,22.1900,23.8900,11822600
2024-08-08,22.5500,23.0500,22.1200,22.4700,18239500
2024-08-09,22.6000,23.5800,22.6000,23.0500,6194200
2024-08-12,23.4500,23.4500,23.0900,23.0900,3750000
2024-08-13,23.3900,23.9200,23.2800,23.9200,5848100
2024-08-14,23.7500,24.0400,23.6000,23.6000,5771200
2024-08-15,23.7200,23.9800,23.4300,23.7500,7459800
2024-08-16,23.8900,24.1100,23.6700,24.0000,9037600
2024-08-19,24.1000,24.4300,23.7100,23.9500,11137100
2024-08-20,23.9600,24.0700,23.6100,23.6100,4889300
2024-08-21,23.7000,23.9900,23.5600,23.7000,6166700
2024-08-22,23.8900,23.9300,23.5400,23.5900,5179900
2024-08-23,23.8100,24.0000,23.5900,23.6500,5148200
2024-08-26,23.8000,23.9400,23.6000,23.7400,6092000
2024-08-27,23.7600,23.8600,23.5000,23.5600,3598400
2024-08-28,23.5600,23.6400,23.3600,23.5000,2840100
2024-08-29,23.4900,23.6400,22.9100,23.1500,4797900
2024-08-30,23.0000,23.4800,22.6900,23.3600,14134300
2024-09-02,23.4100,23.4200,22.5700,22.6200,3278800
2024-09-03,22.5600,22.8500,22.4800,22.6900,4553000
2024-09-04,23.0000,23.1000,22.7100,22.9000,5070800
2024-09-05,22.8700,23.3200,22.7100,23.3200,5947500
2024-09-06,23.3000,23.4500,22.9800,23.0200,4413900
2024-09-09,23.5500,24.2700,23.4700,23.7900,7032200
2024-09-10,23.8600,23.8600,22.8400,22.8600,4941000
2024-09-11,22.8800,23.1800,22.7600,22.9500,4222100
2024-09-12,22.8600,23.1100,22.6900,22.8200,4406300
2024-09-13,23.1300,23.1700,22.8000,22.8000,4895100
2024-09-16,22.8200,23.0700,22.7400,23.0700,3242800
2024-09-17,22.8000,23.1100,22.7000,23.1000,4014300
2024-09-18,22.9600,23.0200,22.3800,22.3800,6928000
2024-09-19,22.6000,22.6400,22.0400,22.1200,5214300
2024-09-20,22.0300,22.0300,21.3500,21.3500,9572100
2024-09-23,21.3000,21.3400,21.0200,21.1100,4184500
2024-09-24,21.2400,21.5700,20.9700,21.5100,5998800
2024-09-25,21.6500,21.6500,20.8000,20.8900,7407400
2024-09-26,21.0400,21.3000,20.8700,21.2400,4219700
2024-09-27,21.2000,21.5000,21.0300,21.3400,7858900
2024-09-30,21.2100,21.4700,21.1800,21.2100,4572000
2024-10-01,21.4800,21.6200,21.2100,21.4000,4362000
2024-10-02,21.8500,21.9300,21.4900,21.4900,4650100
2024-10-03,21.1900,21.1900,20.6900,21.1100,4447100
2024-10-04,20.9600,21.1800,20.8900,21.1800,3580800
2024-10-07,21.3400,21.4400,20.9300,21.0400,3455300
2024-10-08,20.8900,21.0000,20.8000,20.9800,3565200
2024-10-09,20.8000,20.8500,20.4600,20.6900,4018100
2024-10-10,20.5700,20.9900,20.5000,20.9100,3342400
2024-10-11,20.6900,20.8800,20.6400,20.8400,2076500
2024-10-14,20.8000,20.9700,20.4900,20.9700,3832900
2024-10-15,21.0800,21.1500,20.5500,20.6400,8191500
2024-10-16,20.7800,21.3000,20.4500,21.1400,7227200
2024-10-17,20.8200,20.9500,20.5900,20.8500,3233300
2024-10-18,20.8700,21.1200,20.7000,20.8000,4833400
2024-10-21,20.7600,20.9800,20.6700,20.8800,3160400
2024-10-22,20.7600,20.8200,20.3100,20.3200,4745700
2024-10-23,20.0700,20.3200,20.0400,20.2500,4604200
2024-10-24,20.3200,20.5000,20.1300,20.4300,4726400
2024-10-25,20.4100,20.4800,20.0600,20.1000,3538100
2024-10-28,20.4900,21.1600,20.3900,20.9300,6404300
2024-10-29,21.0100,21.4200,20.8600,21.0900,6949400
2024-10-30,21.0000,21.3800,20.8000,20.8200,3597300
2024-10-31,20.7800,21.0000,20.6200,20.8900,4183400
2024-11-01,20.8900,20.9400,20.3600,20.5000,3412000
2024-11-04,20.7200,21.3000,20.6500,21.1700,3077700
2024-11-05,21.0100,21.3900,20.8300,21.1800,3565200
2024-11-06,21.0900,21.7800,20.6600,21.6100,5046900
2024-11-07,21.2100,21.5900,20.8200,20.8200,4573000
2024-11-08,20.0500,20.6600,19.9400,20.5300,6526200
2024-11-11,20.3000,20.6800,20.2800,20.5000,3996200
2024-11-12,20.6300,20.6400,20.1500,20.4300,4642300
2024-11-13,20.4300,20.8600,20.1700,20.5700,5206800
2024-11-14,20.5700,20.7500,19.2900,19.2900,9281100
2024-11-18,19.3000,19.5800,18.4600,18.4600,9901500
2024-11-19,18.4600,18.6600,18.2800,18.3600,5917300
2024-11-21,18.3300,18.3700,18.0200,18.0200,7985400
2024-11-22,18.3300,18.4000,17.9100,18.3200,6571000
2024-11-25,18.4600,18.6100,18.1400,18.6100,13034300
2024-11-26,18.7000,19.2400,18.5300,18.5800,7452200
2024-11-27,18.6900,18.8200,17.8800,18.0400,6601300
2024-11-28,17.9400,17.9800,17.0000,17.0900,8347400
2024-11-29,17.3000,18.1300,16.8500,17.9400,6794500
2024-12-02,17.6600,18.0000,17.2300,17.7600,9629700
2024-12-03,17.8000,17.9800,17.4800,17.6700,7718300
2024-12-04,17.5600,18.0400,17.4600,17.8000,7379100
2024-12-05,18.0200,18.4200,17.9500,18.2600,5993200
2024-12-06,18.1900,18.2100,17.4500,17.6700,6342100
2024-12-09,17.6400,18.0100,17.5300,17.5600,5359300
2024-12-10,18.1000,18.5200,17.8600,18.2700,7118000
2024-12-11,18.2800,18.9800,17.9200,18.5000,5685400
2024-12-12,18.3900,18.3900,17.3000,17.4900,6936900
2024-12-13,17.1400,17.3500,16.8600,16.8600,6886600
2024-12-16,16.8600,16.9900,16.3500,16.4000,6140800
2024-12-17,16.4100,16.7800,16.2700,16.7700,7104300
2024-12-18,16.6800,16.7100,15.9100,16.0400,11287800
2024-12-19,16.0900,16.3400,15.8900,16.2000,7180500
2024-12-20,16.0900,16.6200,16.0500,16.4600,13316900
2024-12-23,16.2500,16.3700,16.1000,16.2500,5068400
2024-12-26,16.1300,16.3400,15.8500,15.8900,3899200
2024-12-27,16.0800,16.1100,15.7200,15.8500,6248400
2024-12-30,15.8000,15.9800,15.6200,15.8800,5849500
2025-01-02,15.8200,16.1100,15.6900,15.8600,5286000
2025-01-03,15.8600,15.9700,15.5000,15.5500,7585400
2025-01-06,15.6800,15.9200,15.5600,15.8400,4884500
2025-01-07,16.8100,17.0400,16.2800,16.4200,9552900
2025-01-08,16.2500,16.3200,15.9300,16.1500,5575800
2025-01-09,16.0200,16.1700,15.6800,15.8200,5030600
2025-01-10,15.7200,15.8100,15.3200,15.5700,6338000
2025-01-13,15.5800,15.7900,15.4900,15.5100,3668200
2025-01-14,15.4100,15.6600,15.1900,15.6600,4115300
2025-01-15,15.9500,16.5400,15.6900,16.5300,12933700
2025-01-16,16.4500,16.4500,15.7100,15.9000,4975100
2025-01-17,16.0500,16.2800,15.7800,15.9000,4011400
2025-01-20,15.8700,16.3800,15.5800,16.1000,4847400
2025-01-21,16.2100,16.3800,15.8900,16.3200,7966700
2025-01-22,16.3300,16.6300,16.1300,16.4400,7183800
2025-01-23,16.5100,16.6400,16.1200,16.1600,4085800
2025-01-24,16.0600,16.3400,16.0200,16.0800,2779500
2025-01-27,16.0900,16.8400,15.9100,16.8400,9222100
2025-01-28,16.8200,16.8300,16.2900,16.3600,4675500
2025-01-29,16.5200,16.7400,16.3300,16.5000,5618700
2025-01-30,16.6600,17.1900,16.6100,17.0800,5727300
2025-01-31,17.2800,17.2800,16.5400,16.5400,6689600
2025-02-03,16.4900,16.8200,16.2300,16.7500,6319100
2025-02-04,16.6300,16.7000,16.2100,16.6300,5812200
2025-02-05,16.7000,16.7000,16.0300,16.0300,5159400
2025-02-06,16.0500,16.4000,15.9500,16.4000,4070200
2025-02-07,16.3100,16.3800,16.0000,16.0900,4043900
2025-02-10,16.2000,16.7800,16.1700,16.6800,5132000
2025-02-11,16.7700,17.1200,16.5900,16.8400,5681400
2025-02-12,16.6100,16.6400,16.1000,16.3200,11366700
2025-02-13,16.3000,16.7200,16.2600,16.5600,6852000
2025-02-14,16.7300,17.3900,16.6100,17.3500,6655600
2025-02-17,17.2500,17.7100,17.2100,17.5100,7547300
2025-02-18,17.5500,17.5700,17.0200,17.2200,9282400
2025-02-19,16.9500,17.2900,16.7500,16.7700,6330200
2025-02-20,16.7700,16.8600,16.4000,16.4000,8868700
2025-02-21,16.3600,16.5300,16.2800,16.4000,4900100
2025-02-24,16.4800,16.7000,16.2300,16.2800,5246800
2025-02-25,16.4300,16.8700,16.2500,16.6000,7376200
2025-02-26,16.8500,16.8500,16.2300,16.2300,5804600
2025-02-27,16.7200,17.2700,16.5600,17.1000,14111700
2025-02-28,16.8800,17.0900,16.5800,16.6300,17039400
2025-03-05,16.6300,16.8100,16.0000,16.0000,5500300
2025-03-06,16.1000,16.2000,15.7300,16.0000,7478100
2025-03-07,15.3500,16.0400,15.2600,15.9800,6803200
2025-03-10,15.7900,15.8800,15.5400,15.8000,7398200
2025-03-11,15.7400,15.8900,15.3400,15.3900,6659400
2025-03-12,15.3700,15.7900,15.3700,15.6900,5894100
2025-03-13,15.5400,16.3200,15.4800,16.1800,5236000
2025-03-14,16.3400,17.2000,16.3300,17.1200,9016300
2025-03-17,17.1200,17.6300,17.0800,17.4500,6694700
2025-03-18,17.5100,17.5100,17.2100,17.2300,5637300
2025-03-19,17.3200,17.6300,17.2200,17.3700,7131400
2025-03-20,17.3900,17.9000,17.3600,17.7100,7252700
2025-03-21,17.7900,17.9400,17.6500,17.6500,9267200
2025-03-24,17.7900,17.7900,17.3900,17.4400,6564700
2025-03-25,17.5900,18.1300,17.4400,17.6900,4955200
2025-03-26,17.8400,18.0600,17.7200,17.7200,4532800
2025-03-27,17.7500,17.9600,17.5700,17.6300,6004400
2025-03-28,17.4600,17.7800,17.3900,17.5700,3318200
2025-03-31,17.4500,17.6400,17.1100,17.1100,12290300
2025-04-01,17.0500,17.6000,17.0100,17.3700,9017700
2025-04-02,17.4200,17.6000,17.3000,17.4200,3652300
2025-04-03,17.3000,17.8900,17.2500,17.7800,5130800
2025-04-04,17.3300,17.3400,16.8000,17.0000,7236100
2025-04-07,16.9100,17.3600,16.3900,16.7300,9837200
2025-04-08,16.8300,17.1500,16.2100,16.5100,8943000
2025-04-09,16.3500,17.1300,16.2600,16.8700,8735100
2025-04-10,16.6500,16.8200,16.4100,16.7900,4473300
2025-04-11,17.0200,17.0200,16.6000,16.7800,4509000
2025-04-14,17.1600,17.1700,16.5500,16.8800,6695600
2025-04-15,16.8200,16.9600,16.5200,16.8000,6126200
2025-04-16,16.7300,16.9600,16.5600,16.7800,7531800
2025-04-17,16.6900,17.2800,16.5400,17.2500,6002400
2025-04-22,17.1100,17.1500,16.6600,16.9200,4591300
2025-04-23,17.1600,17.5100,17.0900,17.4000,4314300
2025-04-24,17.4900,17.9600,17.3200,17.8200,4345900
2025-04-25,17.8700,18.1600,17.7200,18.0100,4195700
2025-04-28,18.1000,18.3700,17.8800,17.9800,4470900
2025-04-29,17.9800,18.1400,17.7900,17.8300,5165800
2025-04-30,17.7800,18.0700,17.6500,17.8300,4537300
2025-05-02,17.7600,17.9300,17.5800,17.7300,2862200
2025-05-05,17.7900,17.7900,17.0300,17.2700,6237000
2025-05-06,17.4100,17.6900,17.2600,17.5200,3055700
2025-05-07,17.6800,17.6800,16.8200,16.8200,5516800
2025-05-08,16.8000,17.0000,16.1000,16.2000,18212900
2025-05-09,16.3000,16.4100,16.0300,16.2900,10331000
2025-05-12,16.5000,16.5000,16.0400,16.2500,3519800
2025-05-13,16.2500,17.5600,16.1500,17.1500,9978300
2025-05-14,17.1400,17.3500,17.0100,17.1700,5028200
2025-05-15,17.2600,17.5300,17.1800,17.3600,5937100
2025-05-16,17.3000,17.4800,17.0200,17.4100,4812600
2025-05-19,17.4000,17.7800,17.3400,17.6300,3979100
2025-05-20,17.6000,17.7400,17.3800,17.7000,3172100
2025-05-21,17.5900,17.5900,16.5800,16.5800,10091000
2025-05-22,16.7000,16.9600,16.5500,16.5500,5680700
2025-05-23,16.3900,16.6300,16.1600,16.6300,4874300
2025-05-26,16.5700,16.8100,16.5500,16.7900,3603500
2025-05-27,16.9100,17.3300,16.8800,16.8800,3964100
2025-05-28,16.8300,16.9000,16.5400,16.6000,4131600
2025-05-29,16.6100,16.8900,16.4900,16.7800,3762900
2025-05-30,16.8900,16.8900,16.1800,16.2900,26273300
2025-06-02,16.3200,16.5800,15.9700,16.0700,3446900
2025-06-03,16.0200,16.6000,15.9500,16.5500,4055100
2025-06-04,16.5400,16.8700,16.2600,16.3000,3546600
2025-06-05,16.2600,16.2800,16.0200,16.1000,4183300
2025-06-06,16.1100,16.2600,16.0200,16.1900,4406000
2025-06-09,16.3400,16.5200,15.9300,16.4800,6355200
2025-06-10,16.6100,16.9300,16.5400,16.5700,4149800
2025-06-11,16.4700,17.1700,16.3900,16.9800,5428900
2025-06-12,16.8200,17.2100,16.7700,17.1100,2736400
2025-06-13,16.9500,17.2900,16.9100,16.9900,4516300
2025-06-16,17.2200,17.3100,17.0200,17.1100,5874900
2025-06-17,17.2200,17.3300,17.0700,17.2400,3552600
2025-06-18,17.1200,17.4900,17.1200,17.3400,4111800
2025-06-20,17.1400,17.3600,17.0400,17.0900,8654800
2025-06-23,17.0900,17.2000,16.8100,16.9600,5664300
2025-06-24,17.0800,17.4300,16.9400,17.4000,4848000
2025-06-25,17.1300,17.3700,16.9500,16.9500,5073900
2025-06-26,16.9700,17.1300,16.6700,16.8000,4559700
2025-06-27,16.6500,17.0200,16.5100,16.8600,2886100
2025-06-30,16.9800,17.7000,16.8800,17.5400,5612300
2025-07-01,17.4900,17.8900,17.4800,17.8000,3493500
2025-07-02,17.9000,17.9400,17.4900,17.5400,3742400
2025-07-03,17.5400,18.1600,17.5400,17.8100,5377200
2025-07-04,17.8800,18.1300,17.6700,17.9900,2422000
2025-07-07,18.0200,18.1400,17.5200,17.7600,4317400
2025-07-08,17.8000,17.8800,17.6000,17.7100,4702800
2025-07-09,17.8000,17.8400,17.5200,17.6400,3138700
2025-07-10,17.5400,17.6900,17.1600,17.5100,4022800
2025-07-11,17.3300,17.5400,17.0900,17.1000,3580100
2025-07-14,17.0400,17.0900,16.5900,16.6400,6077000
2025-07-15,16.8000,17.0900,16.3600,16.6700,5238900
2025-07-16,16.7500,16.8400,16.1400,16.4600,7951900
2025-07-17,16.4100,16.5800,16.0700,16.0900,5961600
2025-07-18,15.8500,16.0800,15.5800,15.7000,5337900
2025-07-21,15.7700,16.0300,15.6900,15.7400,4130400
2025-07-22,15.7100,16.0800,15.6500,15.6500,4820900
2025-07-23,15.6800,16.3400,15.5800,16.2600,6777800
2025-07-24,16.0400,16.2600,15.8100,16.1300,5500100
2025-07-25,16.2300,16.7700,16.0700,16.5400,9388000
2025-07-28,16.8500,17.2100,16.7300,16.9000,5454300
2025-07-29,17.0200,17.2700,16.8600,17.0900,5165600
2025-07-30,16.9800,17.4400,16.7100,17.2200,4466900
2025-07-31,16.9900,17.1700,16.8400,17.1700,3923400
2025-08-01,17.4100,17.4400,16.9200,16.9200,6657900
2025-08-04,17.2300,17.3000,16.5900,16.7000,2288000
2025-08-05,16.6300,16.9800,16.5500,16.7100,2693500
2025-08-06,17.0500,17.0700,16.8100,17.0700,4398000
2025-08-07,17.1500,17.5100,17.0400,17.4400,4571400
2025-08-08,17.0200,17.0600,16.3300,16.3300,9485600
2025-08-11,16.3100,16.6600,16.2300,16.3500,2517100
2025-08-12,16.5000,17.2800,16.4600,17.1100,4672200
2025-08-13,17.1100,17.1200,16.7500,16.9600,5474200
2025-08-14,17.4100,17.8800,17.4000,17.6400,8745600
2025-08-15,17.5100,17.8000,17.2500,17.5900,7480800
2025-08-18,17.6700,17.8900,17.4000,17.8600,5116600
2025-08-19,17.7500,17.7500,17.0000,17.2600,5434100
2025-08-20,17.3000,18.0600,17.2800,18.0100,6424300
2025-08-21,17.9200,18.0000,17.6000,17.8000,4947000
2025-08-22,17.6300,18.0600,17.6100,17.9900,5573900
2025-08-25,18.0600,18.1800,17.8400,17.9100,2987300
2025-08-26,17.8600,18.1400,17.7300,18.1400,6059500
2025-08-27,18.1000,18.5900,18.0000,18.4500,5447600
2025-08-28,18.8000,20.0800,18.8000,19.9400,8959600
2025-08-29,20.0200,20.3800,19.6300,19.6600,7043300
2025-09-01,19.5400,19.8000,19.3800,19.7600,3986800
2025-09-02,19.6100,19.8600,19.3900,19.6600,6741800
2025-09-03,19.5500,19.9600,19.5500,19.6700,6046500
2025-09-04,19.7100,19.9900,19.4200,19.7400,4348000
2025-09-05,20.2800,21.1200,20.2800,21.0400,9570800
2025-09-08,21.1400,21.2700,20.6900,20.8000,6611200
2025-09-09,20.7000,20.9100,20.1800,20.3200,7314800
2025-09-10,20.3200,20.6500,20.1600,20.5300,4068600
2025-09-11,20.5400,20.8700,20.3700,20.5400,3790800
2025-09-12,20.3100,20.7100,20.3000,20.7100,4022800
2025-09-15,21.0000,21.0900,20.6000,20.8300,4110400
2025-09-16,20.9000,21.1100,20.8000,20.9300,2998300
2025-09-17,20.9300,21.3900,20.9100,20.9800,5400200
2025-09-18,21.0000,21.3200,20.9900,21.2600,9470300
2025-09-19,21.2600,21.3500,20.8000,20.8700,5120200
2025-09-22,20.6800,20.9100,20.5000,20.9100,3671000
2025-09-23,20.9200,21.6300,20.8100,21.3500,4174600
2025-09-24,21.4400,21.4700,20.9900,21.2700,4318000
2025-09-25,21.2600,21.4600,21.0200,21.4000,7209000
2025-09-26,21.6000,21.7500,21.2400,21.2400,2500900
2025-09-29,21.8200,22.0700,21.4700,21.7500,5305900
2025-09-30,22.0000,22.1800,21.7500,21.9700,7184000
2025-10-01,22.0500,22.2200,20.9700,21.2100,24597300
2025-10-02,21.2100,21.3200,20.9000,21.2000,10592000
2025-10-03,21.1300,21.2000,20.8500,20.9700,8811500
2025-10-06,20.9000,21.0300,20.6800,20.7800,9898800
2025-10-07,20.5200,20.6600,20.1500,20.5600,10157100
2025-10-08,20.5800,21.9100,20.4200,21.7000,17474000
2025-10-09,21.7000,21.9700,21.5500,21.6900,9836800
2025-10-10,21.7800,21.8100,20.9100,21.2500,8951100
2025-10-13,21.4900,21.7300,21.4100,21.4100,4590600
2025-10-14,21.4800,21.5800,21.0100,21.1000,3192600
2025-10-15,20.8300,21.3900,20.8100,21.3500,6591600
2025-10-16,20.9900,21.2100,20.7000,21.0800,6931500
2025-10-17,20.9600,21.1600,20.8100,21.0700,7467800
2025-10-20,21.0000,21.1500,20.7800,20.9000,6501500
2025-10-21,20.8400,20.9300,20.5000,20.6300,7411900
2025-10-22,20.6000,20.6200,19.9300,20.4000,9259300
2025-10-23,20.5900,20.8800,20.5700,20.7400,9602500
2025-10-24,20.8800,21.2500,20.6800,21.1800,6739700
2025-10-27,21.8200,21.8200,20.8900,21.1400,7666100
2025-10-28,21.2400,21.4200,20.9200,21.0100,4041000
2025-10-29,21.0100,21.2400,20.7500,20.7500,4018100
2025-10-30,20.6100,21.3000,20.5600,21.2500,4498200
2025-10-31,21.1600,21.4900,21.1100,21.4100,4744600
2025-11-03,21.6300,21.7300,21.2100,21.3900,3577200
2025-11-04,21.4800,21.5000,21.2500,21.4000,3277100
2025-11-05,21.4000,22.1000,21.2600,22.1000,5189400
2025-11-06,22.0800,22.6100,21.9500,22.1200,9313700
2025-11-07,22.0900,22.4100,21.9900,22.4100,6213400
2025-11-10,22.4800,22.7800,22.3400,22.5900,6125200
2025-11-11,22.8800,23.2800,22.7100,23.0500,9908200
2025-11-12,23.0300,23.0500,22.2300,22.8400,7854300
2025-11-13,23.4000,23.8200,21.3600,21.7500,16476500
2025-11-14,21.6600,22.3900,21.6600,22.3900,7118200
2025-11-17,22.2600,22.4100,21.7700,21.9700,8180000
2025-11-18,21.8000,22.6100,21.7800,22.4600,5500600
2025-11-19,22.4600,22.4800,22.0000,22.2500,9421300
2025-11-21,22.2500,22.3000,21.7300,21.8000,4935200
2025-11-24,21.8000,22.0700,21.7000,22.0100,11001300
2025-11-25,22.1900,22.2500,21.7600,22.1400,3132400
2025-11-26,22.1400,22.6800,21.7200,22.0500,12759400
2025-11-27,21.9900,22.5400,21.9300,22.3000,7437300
2025-11-28,22.2000,22.3100,21.9100,21.9900,2965200
2025-12-01,21.8400,21.8800,21.4100,21.5900,5667600
2025-12-02,22.0200,22.3800,21.9500,22.3100,15798700
2025-12-03,22.4000,22.7200,22.3800,22.5700,4317800
2025-12-04,22.7500,23.4700,22.6300,23.4700,8279800
2025-12-05,23.5400,23.6800,21.8700,21.8700,10619400
2025-12-08,20.7700,21.2000,20.2900,20.7500,8309300
2025-12-09,20.5400,20.6900,19.9800,20.5500,7070700
2025-12-10,20.7900,20.7900,20.4200,20.7600,4354000
2025-12-11,20.7600,21.3900,20.6900,21.0800,5442200
2025-12-12,21.0800,21.6100,21.0700,21.5000,8068500
2025-12-15,21.7900,21.9900,21.5300,21.7500,5562700
2025-12-16,21.3600,21.5900,20.5400,20.5600,10086800
2025-12-17,20.5200,20.6300,20.1000,20.3700,7707500
2025-12-18,20.1600,20.5700,20.1600,20.3400,3800900
2025-12-19,20.3600,20.7900,20.3200,20.5900,5581500
2025-12-22,20.4100,20.5800,20.1200,20.4400,5020300
2025-12-23,20.5100,20.9300,20.4100,20.9300,3104000
